archetype,deck_id,player,player_name,event_id,event_name,event_size,date,placing,record,cards_carried,carries_switch1_card,same_name_other_printing,n_cards_in_list,url
Butterfree Mega Sceptile ex,butterfree-b3b-mega-sceptile-ex-b3,fitypaldis,Fitypaldis,6aa17ddeab080c8c957ff0fe,Dark League Pocket Tournament | 20$USD Prize Pool,118,2026-09-12T20:30:00.000Z,10,7-3-0,Protective Poncho x1 [B2 147],False,,20,https://play.limitlesstcg.com/tournament/6aa17ddeab080c8c957ff0fe/player/fitypaldis/decklist
Butterfree Mega Sceptile ex,butterfree-b3b-mega-sceptile-ex-b3,khaeruibnum,khaeruibnum,6aaac3d9f1243e65f9802bad,🥊 20$ BEC'S KING OF THE HILL - ANY FA PRIZE!,95,2026-09-18T13:00:00.000Z,65,0-1-0,Protective Poncho x1 [B2 147],False,,20,https://play.limitlesstcg.com/tournament/6aaac3d9f1243e65f9802bad/player/khaeruibnum/decklist
Butterfree Mega Sceptile ex,butterfree-b3b-mega-sceptile-ex-b3,azin,Azin,6aa1e900a4272c53be64c5ce,THE BREAKFAST CLUB KELP CLASSIC #9 - $5,64,2026-09-10T03:20:00.000Z,,1-3-0,Protective Poncho x1 [B2 147],False,,20,https://play.limitlesstcg.com/tournament/6aa1e900a4272c53be64c5ce/player/azin/decklist
Dedenne ex Indeedee ex,dedenne-ex-b3b-indeedee-ex-b1,twidleurstixx,TwidleUrStixx,6aaad41638886b36383c1ad5,Pop Up Series 9 || FA OAK,27,2026-09-17T03:00:00.000Z,1,7-0-1,Protective Poncho x1 [B2 147],False,,20,https://play.limitlesstcg.com/tournament/6aaad41638886b36383c1ad5/player/twidleurstixx/decklist
Dedenne ex Indeedee ex,dedenne-ex-b3b-indeedee-ex-b1,golfermt,golfermt,6a8b75058302ae761e5fab7e,FAREWELL B4!|2x Hoopa ex RR Prize+More!|TH Series,81,2026-08-26T16:15:00.000Z,2,8-2-1,Protective Poncho x1 [B2 147],False,,20,https://play.limitlesstcg.com/tournament/6a8b75058302ae761e5fab7e/player/golfermt/decklist
Dedenne ex Indeedee ex,dedenne-ex-b3b-indeedee-ex-b1,hate_hardpeach,Hate_HardPeach,6a98fd1ba4272c53be6457c3,TBC The Rowdy Russell Rumble-$20-QUICK,53,2026-09-03T05:15:00.000Z,2,6-2-2,Protective Poncho x1 [B2 147],False,,20,https://play.limitlesstcg.com/tournament/6a98fd1ba4272c53be6457c3/player/hate_hardpeach/decklist
Dedenne ex Indeedee ex,dedenne-ex-b3b-indeedee-ex-b1,golfermt,golfermt,6a9718fd629039f77d8a790e,Plasma Daily #23| Team Rocket's Ambitions| FA Card,119,2026-09-02T17:00:00.000Z,4,7-2-1,Protective Poncho x1 [B2 147],False,,20,https://play.limitlesstcg.com/tournament/6a9718fd629039f77d8a790e/player/golfermt/decklist
Dedenne ex Indeedee ex,dedenne-ex-b3b-indeedee-ex-b1,rfine,Rfine,6a9e12feab080c8c957fc84e,♨️Sauna X Ev4de POG Tournament #27|10 USD+Top 4 FA,73,2026-09-11T03:10:00.000Z,5,5-2-1,Protective Poncho x1 [B2 147],False,,20,https://play.limitlesstcg.com/tournament/6a9e12feab080c8c957fc84e/player/rfine/decklist
Dedenne ex Indeedee ex,dedenne-ex-b3b-indeedee-ex-b1,acad,Acad,6a9b22fba4272c53be646f96,OTS Pokemon TCG Pocket Arena Pop Up,14,2026-09-04T22:00:00.000Z,5,2-2-1,Protective Poncho x1 [B2 147],False,,20,https://play.limitlesstcg.com/tournament/6a9b22fba4272c53be646f96/player/acad/decklist
Dedenne ex Indeedee ex,dedenne-ex-b3b-indeedee-ex-b1,aguxjuega99,Aguxjuega99,6a99bbffa4272c53be645f44,Block Dragon Pop Up (RR Team Rockets Raticate),60,2026-09-03T20:45:00.000Z,6,6-2-0,Protective Poncho x1 [B2 147],False,,20,https://play.limitlesstcg.com/tournament/6a99bbffa4272c53be645f44/player/aguxjuega99/decklist
Dedenne ex Indeedee ex,dedenne-ex-b3b-indeedee-ex-b1,tendoreezy,tendoreezy,6aa682e4f1243e65f97ffebe,The PokeBounty Showdown Sunday Pop Up,83,2026-09-13T16:30:00.000Z,8,5-3-1,Protective Poncho x1 [B2 147],False,,20,https://play.limitlesstcg.com/tournament/6aa682e4f1243e65f97ffebe/player/tendoreezy/decklist
Dedenne ex Indeedee ex,dedenne-ex-b3b-indeedee-ex-b1,pikatravai,Pikatravai,6a8f27e57a62de813013fb20,The Breakfast Club Pop Up-$5+FA,69,2026-08-26T21:00:00.000Z,9,5-2-0,Protective Poncho x1 [B2 147],False,,20,https://play.limitlesstcg.com/tournament/6a8f27e57a62de813013fb20/player/pikatravai/decklist
Dedenne ex Indeedee ex,dedenne-ex-b3b-indeedee-ex-b1,petapetachu,petapetachu,6aa6410b38886b36383be710,🏰FORT TOURNAMENTS POCKET DEBUT🏰 $20 + FA CARDS,114,2026-09-14T10:30:00.000Z,12,6-2-0,Protective Poncho x2 [B2 147]; Rocky Helmet x1 [A2 148],False,,20,https://play.limitlesstcg.com/tournament/6aa6410b38886b36383be710/player/petapetachu/decklist
Dedenne ex Indeedee ex,dedenne-ex-b3b-indeedee-ex-b1,feherlac,Feherlac,6a96b86babb948223750549c,Dark League Pop Up,46,2026-09-01T14:15:00.000Z,13,5-3-0,Protective Poncho x1 [B2 147],False,,20,https://play.limitlesstcg.com/tournament/6a96b86babb948223750549c/player/feherlac/decklist
Dedenne ex Indeedee ex,dedenne-ex-b3b-indeedee-ex-b1,mirandolla,𝗦𝗗𝗘 | Jhon Lenon,6aa5a7da38886b36383bdfcd,🇧🇷 Hit Sparrow #12 | TCG Pocket,17,2026-09-16T22:00:00.000Z,13,0-3-0,Protective Poncho x2 [B2 147],False,,20,https://play.limitlesstcg.com/tournament/6aa5a7da38886b36383bdfcd/player/mirandolla/decklist
Dedenne ex Indeedee ex,dedenne-ex-b3b-indeedee-ex-b1,ratatouillet27,𝐓𝐌 I OldCaT .,6a8ea2690580a332c8420304,Rozey Birthday Pop Up By Dark league,29,2026-08-26T10:35:00.000Z,16,2-3-0,Protective Poncho x1 [B2 147],False,,20,https://play.limitlesstcg.com/tournament/6a8ea2690580a332c8420304/player/ratatouillet27/decklist
Dedenne ex Indeedee ex,dedenne-ex-b3b-indeedee-ex-b1,bigslowpokefan,BigSlowpokeFan,6a8c5eb881741245b151d7e3,PMPT #44 - TEAM ROCKETS AMBITION!!! | $100 USD,378,2026-08-29T16:00:00.000Z,17,8-2-0,Protective Poncho x1 [B2 147],False,,20,https://play.limitlesstcg.com/tournament/6a8c5eb881741245b151d7e3/player/bigslowpokefan/decklist
Dedenne ex Indeedee ex,dedenne-ex-b3b-indeedee-ex-b1,hidalgo1,hidalgo1,6aa1e900a4272c53be64c5ce,THE BREAKFAST CLUB KELP CLASSIC #9 - $5,64,2026-09-10T03:20:00.000Z,17,4-3-0,Protective Poncho x1 [B2 147],False,,20,https://play.limitlesstcg.com/tournament/6aa1e900a4272c53be64c5ce/player/hidalgo1/decklist
Dedenne ex Indeedee ex,dedenne-ex-b3b-indeedee-ex-b1,hate_hardpeach,Hate_HardPeach,6a96069dabb9482237504f7f,Plasma Daily #22| Team Rocket's Ambitions| FA Card,113,2026-09-01T17:00:00.000Z,18,5-2-0,Protective Poncho x1 [B2 147],False,,20,https://play.limitlesstcg.com/tournament/6a96069dabb9482237504f7f/player/hate_hardpeach/decklist
Dedenne ex Indeedee ex,dedenne-ex-b3b-indeedee-ex-b1,xctloya26,PTSD | Xctloya26,6aa89ad438886b36383c071a,✧･❀🌸Flutter Festival Debut! -15$🌸❀･✧,80,2026-09-16T23:30:00.000Z,18,4-3-0,Protective Poncho x1 [B2 147],False,,20,https://play.limitlesstcg.com/tournament/6aa89ad438886b36383c071a/player/xctloya26/decklist
Dedenne ex Indeedee ex,dedenne-ex-b3b-indeedee-ex-b1,bborsx,Bborsx,6aa13feaa4272c53be64b94a,DR KELP’S CHUM BUCKET POP UP,49,2026-09-09T14:00:00.000Z,18,3-2-0,Protective Poncho x2 [B2 147],False,,20,https://play.limitlesstcg.com/tournament/6aa13feaa4272c53be64b94a/player/bborsx/decklist
Dedenne ex Indeedee ex,dedenne-ex-b3b-indeedee-ex-b1,foulzzx,foulzzx,6a9d55b3ab080c8c957fbaa6,OTS Pokemon TCG Pocket Arena Pop Up | $5 USD,65,2026-09-06T18:00:00.000Z,19,3-3-0,Protective Poncho x1 [B2 147],False,,20,https://play.limitlesstcg.com/tournament/6a9d55b3ab080c8c957fbaa6/player/foulzzx/decklist
Dedenne ex Indeedee ex,dedenne-ex-b3b-indeedee-ex-b1,kingscom,Kingscom,6a8ea2690580a332c8420304,Rozey Birthday Pop Up By Dark league,29,2026-08-26T10:35:00.000Z,21,1-4-0,Protective Poncho x1 [B2 147],False,,20,https://play.limitlesstcg.com/tournament/6a8ea2690580a332c8420304/player/kingscom/decklist
Dedenne ex Indeedee ex,dedenne-ex-b3b-indeedee-ex-b1,isez,isez,6a94b2ffabb9482237504367,♨️Sauna X Almond POG Tournament #24|10USD + FA!,110,2026-09-02T08:30:00.000Z,22,4-2-1,Protective Poncho x1 [B2 147],False,,20,https://play.limitlesstcg.com/tournament/6a94b2ffabb9482237504367/player/isez/decklist
Dedenne ex Indeedee ex,dedenne-ex-b3b-indeedee-ex-b1,shmo,shmo,6aa0471eab080c8c957fe27d,The PokeBounty Showdown $1000 Prize Pool (#2NA),142,2026-09-14T23:00:00.000Z,23,4-2-1,Protective Poncho x1 [B2 147],False,,20,https://play.limitlesstcg.com/tournament/6aa0471eab080c8c957fe27d/player/shmo/decklist
Dedenne ex Indeedee ex,dedenne-ex-b3b-indeedee-ex-b1,noobslybot_01,PLASMA| Moira,6a789b5ccdc0391d7fa61ba9,The Dark League | CELEBRATORY FANFARE 685$ Value,120,2026-09-05T20:05:00.000Z,24,4-3-1,Protective Poncho x1 [B2 147],False,,20,https://play.limitlesstcg.com/tournament/6a789b5ccdc0391d7fa61ba9/player/noobslybot_01/decklist
Dedenne ex Indeedee ex,dedenne-ex-b3b-indeedee-ex-b1,portlandpoliwags,PortlandPoliwags,6a90c1890580a332c842170e,🚀Nuggie's POG Tourney #14 $25 Winner Takes ALL🚀,106,2026-08-30T09:00:00.000Z,24,4-3-0,Protective Poncho x1 [B2 147],False,,20,https://play.limitlesstcg.com/tournament/6a90c1890580a332c842170e/player/portlandpoliwags/decklist
Dedenne ex Indeedee ex,dedenne-ex-b3b-indeedee-ex-b1,hate_hardpeach,Hate_HardPeach,6a78c5912b308b6067b4f421,Tournament Vegegras cash prize 100usd,116,2026-09-05T19:05:00.000Z,25,6-3-0,Protective Poncho x1 [B2 147],False,,20,https://play.limitlesstcg.com/tournament/6a78c5912b308b6067b4f421/player/hate_hardpeach/decklist
Dedenne ex Indeedee ex,dedenne-ex-b3b-indeedee-ex-b1,bborsx,Bborsx,6a9718fd629039f77d8a790e,Plasma Daily #23| Team Rocket's Ambitions| FA Card,119,2026-09-02T17:00:00.000Z,26,4-3-0,Protective Poncho x2 [B2 147],False,,20,https://play.limitlesstcg.com/tournament/6a9718fd629039f77d8a790e/player/bborsx/decklist
Dedenne ex Indeedee ex,dedenne-ex-b3b-indeedee-ex-b1,tendoreezy,tendoreezy,6a9e12feab080c8c957fc84e,♨️Sauna X Ev4de POG Tournament #27|10 USD+Top 4 FA,73,2026-09-11T03:10:00.000Z,28,3-3-0,Protective Poncho x1 [B2 147],False,,20,https://play.limitlesstcg.com/tournament/6a9e12feab080c8c957fc84e/player/tendoreezy/decklist
Dedenne ex Indeedee ex,dedenne-ex-b3b-indeedee-ex-b1,tendoreezy,tendoreezy,6aa0471eab080c8c957fe27d,The PokeBounty Showdown $1000 Prize Pool (#2NA),142,2026-09-14T23:00:00.000Z,30,4-3-0,Protective Poncho x1 [B2 147],False,,20,https://play.limitlesstcg.com/tournament/6aa0471eab080c8c957fe27d/player/tendoreezy/decklist
Dedenne ex Indeedee ex,dedenne-ex-b3b-indeedee-ex-b1,isanpum,𝐅𝐈𝐑𝐄 | isanpum,6aaac3d9f1243e65f9802bad,🥊 20$ BEC'S KING OF THE HILL - ANY FA PRIZE!,95,2026-09-18T13:00:00.000Z,33,1-1-0,Protective Poncho x1 [B2 147],False,,20,https://play.limitlesstcg.com/tournament/6aaac3d9f1243e65f9802bad/player/isanpum/decklist
Dedenne ex Indeedee ex,dedenne-ex-b3b-indeedee-ex-b1,chicco96,chicco96,6a99bbffa4272c53be645f44,Block Dragon Pop Up (RR Team Rockets Raticate),60,2026-09-03T20:45:00.000Z,35,2-4-0,Protective Poncho x2 [B2 147],False,,20,https://play.limitlesstcg.com/tournament/6a99bbffa4272c53be645f44/player/chicco96/decklist
Dedenne ex Indeedee ex,dedenne-ex-b3b-indeedee-ex-b1,hanzee,Hanzee,6a7e2db92b308b6067b531d2,Umbreon99's Aura Sphere #5: $5 USD + OAK,89,2026-09-18T17:35:00.000Z,38,1-5-0,Protective Poncho x1 [B2 147],False,,20,https://play.limitlesstcg.com/tournament/6a7e2db92b308b6067b531d2/player/hanzee/decklist
Dedenne ex Indeedee ex,dedenne-ex-b3b-indeedee-ex-b1,meymuus,Meymuus,6aa17ddeab080c8c957ff0fe,Dark League Pocket Tournament | 20$USD Prize Pool,118,2026-09-12T20:30:00.000Z,43,3-4-0,Protective Poncho x1 [B2 147]; Rocky Helmet x1 [A2 148],False,,20,https://play.limitlesstcg.com/tournament/6aa17ddeab080c8c957ff0fe/player/meymuus/decklist
Dedenne ex Indeedee ex,dedenne-ex-b3b-indeedee-ex-b1,aquamarinee,AquamarineE,6aa682e4f1243e65f97ffebe,The PokeBounty Showdown Sunday Pop Up,83,2026-09-13T16:30:00.000Z,43,2-4-0,Protective Poncho x1 [B2 147],False,,20,https://play.limitlesstcg.com/tournament/6aa682e4f1243e65f97ffebe/player/aquamarinee/decklist
Dedenne ex Indeedee ex,dedenne-ex-b3b-indeedee-ex-b1,acad,Acad,6aa7cd2ff1243e65f9800e0f,TBC KELP CLASSIC 10th ANNIVERSARY- $10 + FA CYRUS,78,2026-09-15T23:15:00.000Z,45,1-6-0,Protective Poncho x1 [B2 147],False,,20,https://play.limitlesstcg.com/tournament/6aa7cd2ff1243e65f9800e0f/player/acad/decklist
Dedenne ex Indeedee ex,dedenne-ex-b3b-indeedee-ex-b1,iduh,𝗠𝗲𝗴𝗮 Iduh 𝗘𝗫,6a901ac60580a332c8420eaa,‼️$20 BEC'S 📛NEW SET PARTY - FA PRIZES🔻,133,2026-08-28T13:10:00.000Z,51,1-5-0,Protective Poncho x1 [B2 147],False,,20,https://play.limitlesstcg.com/tournament/6a901ac60580a332c8420eaa/player/iduh/decklist
Dedenne ex Indeedee ex,dedenne-ex-b3b-indeedee-ex-b1,kabesu,KABESU,6a8c5eb881741245b151d7e3,PMPT #44 - TEAM ROCKETS AMBITION!!! | $100 USD,378,2026-08-29T16:00:00.000Z,62,6-3-0,Protective Poncho x1 [B2 147],False,,20,https://play.limitlesstcg.com/tournament/6a8c5eb881741245b151d7e3/player/kabesu/decklist
Dedenne ex Indeedee ex,dedenne-ex-b3b-indeedee-ex-b1,acad,Acad,6aa0471eab080c8c957fe27d,The PokeBounty Showdown $1000 Prize Pool (#2NA),142,2026-09-14T23:00:00.000Z,62,3-3-0,Protective Poncho x1 [B2 147],False,,20,https://play.limitlesstcg.com/tournament/6aa0471eab080c8c957fe27d/player/acad/decklist
Dedenne ex Indeedee ex,dedenne-ex-b3b-indeedee-ex-b1,tendoreezy,tendoreezy,6a9829c8a4272c53be644d74,The PokeBounty Showdown $1000 Prize Pool (#1),132,2026-09-07T23:00:00.000Z,64,2-4-0,Protective Poncho x1 [B2 147],False,,20,https://play.limitlesstcg.com/tournament/6a9829c8a4272c53be644d74/player/tendoreezy/decklist
Dedenne ex Indeedee ex,dedenne-ex-b3b-indeedee-ex-b1,jefe_tribal10,Jefe_tribal10,6aa22425a4272c53be64ca36,The Breakfast Club Daily #5-$5 + FA,112,2026-09-10T20:20:00.000Z,64,2-3-0,Protective Poncho x1 [B2 147],False,,20,https://play.limitlesstcg.com/tournament/6aa22425a4272c53be64ca36/player/jefe_tribal10/decklist
Dedenne ex Indeedee ex,dedenne-ex-b3b-indeedee-ex-b1,rome90,Rome90,6aa6410b38886b36383be710,🏰FORT TOURNAMENTS POCKET DEBUT🏰 $20 + FA CARDS,114,2026-09-14T10:30:00.000Z,75,1-2-0,Protective Poncho x1 [B2 147],False,,20,https://play.limitlesstcg.com/tournament/6aa6410b38886b36383be710/player/rome90/decklist
Dedenne ex Indeedee ex,dedenne-ex-b3b-indeedee-ex-b1,thefossilman,TheFossilMan,6aa22425a4272c53be64ca36,The Breakfast Club Daily #5-$5 + FA,112,2026-09-10T20:20:00.000Z,76,1-3-0,Protective Poncho x1 [B2 147],False,,20,https://play.limitlesstcg.com/tournament/6aa22425a4272c53be64ca36/player/thefossilman/decklist
Dedenne ex Indeedee ex,dedenne-ex-b3b-indeedee-ex-b1,gigagoat,GigaGoat,6a90e8157a62de8130140dee,The Breakfast Club Xastur's Showdown-$5+OAK+,97,2026-08-28T22:30:00.000Z,76,1-3-0,Protective Poncho x1 [B2 147],False,,20,https://play.limitlesstcg.com/tournament/6a90e8157a62de8130140dee/player/gigagoat/decklist
Dedenne ex Indeedee ex,dedenne-ex-b3b-indeedee-ex-b1,antimetazoo_wiki,AntiMetaZoo_Wiki,6a9dc423ab080c8c957fc250,The Breakfast Club Nightly-$20,118,2026-09-07T00:45:00.000Z,94,1-6-0,Protective Poncho x2 [B2 147],False,,20,https://play.limitlesstcg.com/tournament/6a9dc423ab080c8c957fc250/player/antimetazoo_wiki/decklist
Dedenne ex Indeedee ex,dedenne-ex-b3b-indeedee-ex-b1,jupitrar,Jupitrar,6a90e8157a62de8130140dee,The Breakfast Club Xastur's Showdown-$5+OAK+,97,2026-08-28T22:30:00.000Z,94,0-1-0,Rocky Helmet x2 [A2 148],False,,20,https://play.limitlesstcg.com/tournament/6a90e8157a62de8130140dee/player/jupitrar/decklist
Dedenne ex Indeedee ex,dedenne-ex-b3b-indeedee-ex-b1,dragby,Dragby,6a8c5eb881741245b151d7e3,PMPT #44 - TEAM ROCKETS AMBITION!!! | $100 USD,378,2026-08-29T16:00:00.000Z,109,4-3-0,Protective Poncho x1 [B2 147],False,,20,https://play.limitlesstcg.com/tournament/6a8c5eb881741245b151d7e3/player/dragby/decklist
Dedenne ex Indeedee ex,dedenne-ex-b3b-indeedee-ex-b1,hate_hardpeach,Hate_HardPeach,6a9dc423ab080c8c957fc250,The Breakfast Club Nightly-$20,118,2026-09-07T00:45:00.000Z,112,0-7-0,Protective Poncho x1 [B2 147],False,,20,https://play.limitlesstcg.com/tournament/6a9dc423ab080c8c957fc250/player/hate_hardpeach/decklist
Dedenne ex Indeedee ex,dedenne-ex-b3b-indeedee-ex-b1,ashoka,Ashoka,6a8c5eb881741245b151d7e3,PMPT #44 - TEAM ROCKETS AMBITION!!! | $100 USD,378,2026-08-29T16:00:00.000Z,132,3-3-0,Protective Poncho x1 [B2 147],False,,20,https://play.limitlesstcg.com/tournament/6a8c5eb881741245b151d7e3/player/ashoka/decklist
Dedenne ex Indeedee ex,dedenne-ex-b3b-indeedee-ex-b1,mrmal15,MrMal15,6a8c5eb881741245b151d7e3,PMPT #44 - TEAM ROCKETS AMBITION!!! | $100 USD,378,2026-08-29T16:00:00.000Z,160,2-4-0,Protective Poncho x1 [B2 147],False,,20,https://play.limitlesstcg.com/tournament/6a8c5eb881741245b151d7e3/player/mrmal15/decklist
Dedenne ex Indeedee ex,dedenne-ex-b3b-indeedee-ex-b1,travisty,Travisty,6a8c5eb881741245b151d7e3,PMPT #44 - TEAM ROCKETS AMBITION!!! | $100 USD,378,2026-08-29T16:00:00.000Z,234,1-1-0,Protective Poncho x1 [B2 147],False,,20,https://play.limitlesstcg.com/tournament/6a8c5eb881741245b151d7e3/player/travisty/decklist
Dedenne ex Indeedee ex,dedenne-ex-b3b-indeedee-ex-b1,bborsx,Bborsx,6a7e2b83cdc0391d7fa65afb,Umbreon99's Aura Sphere #4: $15 USD + Oak,219,2026-09-11T17:45:00.000Z,,0-2-0,Protective Poncho x2 [B2 147],False,,20,https://play.limitlesstcg.com/tournament/6a7e2b83cdc0391d7fa65afb/player/bborsx/decklist
Dedenne ex Indeedee ex,dedenne-ex-b3b-indeedee-ex-b1,redmaicon,𝗧𝗠𝗔 _MAICONRED,6a96069dabb9482237504f7f,Plasma Daily #22| Team Rocket's Ambitions| FA Card,113,2026-09-01T17:00:00.000Z,,0-2-0,Protective Poncho x2 [B2 147],False,,20,https://play.limitlesstcg.com/tournament/6a96069dabb9482237504f7f/player/redmaicon/decklist
Dedenne ex Indeedee ex,dedenne-ex-b3b-indeedee-ex-b1,mrmal15,MrMal15,6a90c1890580a332c842170e,🚀Nuggie's POG Tourney #14 $25 Winner Takes ALL🚀,106,2026-08-30T09:00:00.000Z,,2-3-0,Protective Poncho x1 [B2 147],False,,20,https://play.limitlesstcg.com/tournament/6a90c1890580a332c842170e/player/mrmal15/decklist
Dedenne ex Indeedee ex,dedenne-ex-b3b-indeedee-ex-b1,titsygopro,titsygopro,6a9e12feab080c8c957fc84e,♨️Sauna X Ev4de POG Tournament #27|10 USD+Top 4 FA,73,2026-09-11T03:10:00.000Z,,2-2-0,Protective Poncho x1 [B2 147],False,,20,https://play.limitlesstcg.com/tournament/6a9e12feab080c8c957fc84e/player/titsygopro/decklist
Dedenne ex Indeedee ex,dedenne-ex-b3b-indeedee-ex-b1,isanpum,𝐅𝐈𝐑𝐄 | isanpum,6ab3aa2de905c1db68748664,TH Event's Presents: When DX Pack?!|5$ + FA's!,68,2026-09-23T19:00:00.000Z,,0-1-0,Protective Poncho x1 [B2 147],False,,20,https://play.limitlesstcg.com/tournament/6ab3aa2de905c1db68748664/player/isanpum/decklist
Dedenne ex Indeedee ex,dedenne-ex-b3b-indeedee-ex-b1,ld,LuDo ,6aa1e900a4272c53be64c5ce,THE BREAKFAST CLUB KELP CLASSIC #9 - $5,64,2026-09-10T03:20:00.000Z,,4-1-0,Protective Poncho x1 [B2 147],False,,20,https://play.limitlesstcg.com/tournament/6aa1e900a4272c53be64c5ce/player/ld/decklist
Dedenne ex Indeedee ex,dedenne-ex-b3b-indeedee-ex-b1,foulzzx,foulzzx,6aa6942138886b36383be9a3,DR KELP’S CHUM BUCKET POP UP - FA COPYCAT,38,2026-09-13T14:00:00.000Z,,0-1-0,Protective Poncho x1 [B2 147],False,,20,https://play.limitlesstcg.com/tournament/6aa6942138886b36383be9a3/player/foulzzx/decklist
Dragonair Mega Rayquaza ex,dragonair-mega-rayquaza-ex-b4,thefossilman,TheFossilMan,6a7e2b83cdc0391d7fa65afb,Umbreon99's Aura Sphere #4: $15 USD + Oak,219,2026-09-11T17:45:00.000Z,1,11-2-1,Gouging Fire x2 [B3a 054],True,,20,https://play.limitlesstcg.com/tournament/6a7e2b83cdc0391d7fa65afb/player/thefossilman/decklist
Dragonair Mega Rayquaza ex,dragonair-mega-rayquaza-ex-b4,minato,minato,6aa6eed0f1243e65f9800555,🩷random r0zey pop up #3 | $25 + FA🩷,146,2026-09-13T22:50:00.000Z,1,11-1-0,Gouging Fire x2 [B3a 054],True,,20,https://play.limitlesstcg.com/tournament/6aa6eed0f1243e65f9800555/player/minato/decklist
Dragonair Mega Rayquaza ex,dragonair-mega-rayquaza-ex-b4,victorssito,PGX | victorssito,6aa22425a4272c53be64ca36,The Breakfast Club Daily #5-$5 + FA,112,2026-09-10T20:20:00.000Z,2,8-3-1,Gouging Fire x2 [B3a 054],True,,20,https://play.limitlesstcg.com/tournament/6aa22425a4272c53be64ca36/player/victorssito/decklist
Dragonair Mega Rayquaza ex,dragonair-mega-rayquaza-ex-b4,minato,minato,6aac7e78f127b1b52c27ba59,$40 USD+FA | 巫獅對戰塔盃 LeoWizard BattleTower Cup #12,112,2026-09-19T13:00:00.000Z,2,9-3-0,Gouging Fire x2 [B3a 054],True,,20,https://play.limitlesstcg.com/tournament/6aac7e78f127b1b52c27ba59/player/minato/decklist
Dragonair Mega Rayquaza ex,dragonair-mega-rayquaza-ex-b4,megaanyaex,𝗠𝗲𝗴𝗮 Anya 𝗘𝗫,6aa682e4f1243e65f97ffebe,The PokeBounty Showdown Sunday Pop Up,83,2026-09-13T16:30:00.000Z,3,7-2-1,Gouging Fire x2 [B3a 054],True,,20,https://play.limitlesstcg.com/tournament/6aa682e4f1243e65f97ffebe/player/megaanyaex/decklist
Dragonair Mega Rayquaza ex,dragonair-mega-rayquaza-ex-b4,pauk55,𝗠𝗢𝗡𝗢 . Pauk,6aa2a732a4272c53be64cdf1,DR KELP’S CHUM BUCKET POP UP,37,2026-09-10T14:15:00.000Z,3,6-2-0,Gouging Fire x2 [B3a 054]; Protective Poncho x2 [B2 147],True,,20,https://play.limitlesstcg.com/tournament/6aa2a732a4272c53be64cdf1/player/pauk55/decklist
Dragonair Mega Rayquaza ex,dragonair-mega-rayquaza-ex-b4,niev,Thiago Augusto,6aa5a7da38886b36383bdfcd,🇧🇷 Hit Sparrow #12 | TCG Pocket,17,2026-09-16T22:00:00.000Z,3,3-2-0,Gouging Fire x2 [B3a 054],True,,20,https://play.limitlesstcg.com/tournament/6aa5a7da38886b36383bdfcd/player/niev/decklist
Dragonair Mega Rayquaza ex,dragonair-mega-rayquaza-ex-b4,draxoz,DraXoZ,6a9b22fba4272c53be646f96,OTS Pokemon TCG Pocket Arena Pop Up,14,2026-09-04T22:00:00.000Z,3,3-2-1,Gouging Fire x2 [B3a 054]; Protective Poncho x1 [B2 147],True,,20,https://play.limitlesstcg.com/tournament/6a9b22fba4272c53be646f96/player/draxoz/decklist
Dragonair Mega Rayquaza ex,dragonair-mega-rayquaza-ex-b4,minato,minato,6aa0471eab080c8c957fe27d,The PokeBounty Showdown $1000 Prize Pool (#2NA),142,2026-09-14T23:00:00.000Z,4,7-1-2,Gouging Fire x2 [B3a 054],True,,20,https://play.limitlesstcg.com/tournament/6aa0471eab080c8c957fe27d/player/minato/decklist
Dragonair Mega Rayquaza ex,dragonair-mega-rayquaza-ex-b4,harian,Harian,6a7e2b83cdc0391d7fa65afb,Umbreon99's Aura Sphere #4: $15 USD + Oak,219,2026-09-11T17:45:00.000Z,5,8-2-2,Gouging Fire x2 [B3a 054],True,,20,https://play.limitlesstcg.com/tournament/6a7e2b83cdc0391d7fa65afb/player/harian/decklist
Dragonair Mega Rayquaza ex,dragonair-mega-rayquaza-ex-b4,johtopack,CIRC | Elegant,6a989e74a4272c53be6453c4,🔥 TBC × HYPE PACKS: AFTERMADS #1 — $150 🔥,134,2026-09-13T00:45:00.000Z,6,8-2-1,Gouging Fire x2 [B3a 054],True,,20,https://play.limitlesstcg.com/tournament/6a989e74a4272c53be6453c4/player/johtopack/decklist
Dragonair Mega Rayquaza ex,dragonair-mega-rayquaza-ex-b4,isez,isez,6aa89ad438886b36383c071a,✧･❀🌸Flutter Festival Debut! -15$🌸❀･✧,80,2026-09-16T23:30:00.000Z,6,6-2-1,Gouging Fire x2 [B3a 054],True,,20,https://play.limitlesstcg.com/tournament/6aa89ad438886b36383c071a/player/isez/decklist
Dragonair Mega Rayquaza ex,dragonair-mega-rayquaza-ex-b4,nuggie_d,Nuggie_D,6a98b6dfab080c8c957f8554,Block Dragon Pop Up (RR Vespiquen),48,2026-09-03T02:15:00.000Z,6,5-2-1,Gouging Fire x1 [B3a 054],True,,20,https://play.limitlesstcg.com/tournament/6a98b6dfab080c8c957f8554/player/nuggie_d/decklist
Dragonair Mega Rayquaza ex,dragonair-mega-rayquaza-ex-b4,kayjay,KayJay,6aaad41638886b36383c1ad5,Pop Up Series 9 || FA OAK,27,2026-09-17T03:00:00.000Z,6,3-2-1,Gouging Fire x2 [B3a 054],True,,20,https://play.limitlesstcg.com/tournament/6aaad41638886b36383c1ad5/player/kayjay/decklist
Dragonair Mega Rayquaza ex,dragonair-mega-rayquaza-ex-b4,njjord7,FrogEX | Njord,6aa22425a4272c53be64ca36,The Breakfast Club Daily #5-$5 + FA,112,2026-09-10T20:20:00.000Z,9,6-2-1,Gouging Fire x2 [B3a 054],True,,20,https://play.limitlesstcg.com/tournament/6aa22425a4272c53be64ca36/player/njjord7/decklist
Dragonair Mega Rayquaza ex,dragonair-mega-rayquaza-ex-b4,preluxe,𝗠𝗮𝗴𝗺𝗮 Preluxe,6aac7e78f127b1b52c27ba59,$40 USD+FA | 巫獅對戰塔盃 LeoWizard BattleTower Cup #12,112,2026-09-19T13:00:00.000Z,9,7-1-1,Gouging Fire x2 [B3a 054],True,,20,https://play.limitlesstcg.com/tournament/6aac7e78f127b1b52c27ba59/player/preluxe/decklist
Dragonair Mega Rayquaza ex,dragonair-mega-rayquaza-ex-b4,megaanyaex,𝗠𝗲𝗴𝗮 Anya 𝗘𝗫,6aa6942138886b36383be9a3,DR KELP’S CHUM BUCKET POP UP - FA COPYCAT,38,2026-09-13T14:00:00.000Z,9,4-2-0,Gouging Fire x2 [B3a 054],True,,20,https://play.limitlesstcg.com/tournament/6aa6942138886b36383be9a3/player/megaanyaex/decklist
Dragonair Mega Rayquaza ex,dragonair-mega-rayquaza-ex-b4,isez,isez,6a7e2b83cdc0391d7fa65afb,Umbreon99's Aura Sphere #4: $15 USD + Oak,219,2026-09-11T17:45:00.000Z,10,9-2-0,Gouging Fire x2 [B3a 054],True,,20,https://play.limitlesstcg.com/tournament/6a7e2b83cdc0391d7fa65afb/player/isez/decklist
Dragonair Mega Rayquaza ex,dragonair-mega-rayquaza-ex-b4,boat_sensei,𝗕𝗢𝗔𝗧 | Sensei,6aa17ddeab080c8c957ff0fe,Dark League Pocket Tournament | 20$USD Prize Pool,118,2026-09-12T20:30:00.000Z,11,6-2-2,Gouging Fire x2 [B3a 054],True,,20,https://play.limitlesstcg.com/tournament/6aa17ddeab080c8c957ff0fe/player/boat_sensei/decklist
Dragonair Mega Rayquaza ex,dragonair-mega-rayquaza-ex-b4,fitypaldis,Fitypaldis,6a8b75058302ae761e5fab7e,FAREWELL B4!|2x Hoopa ex RR Prize+More!|TH Series,81,2026-08-26T16:15:00.000Z,11,5-2-1,Gouging Fire x2 [B3a 054]; Protective Poncho x1 [B2 147],True,,20,https://play.limitlesstcg.com/tournament/6a8b75058302ae761e5fab7e/player/fitypaldis/decklist
Dragonair Mega Rayquaza ex,dragonair-mega-rayquaza-ex-b4,pylantrao,PylanTrao,6aa89ad438886b36383c071a,✧･❀🌸Flutter Festival Debut! -15$🌸❀･✧,80,2026-09-16T23:30:00.000Z,11,6-2-0,Gouging Fire x2 [B3a 054],True,,20,https://play.limitlesstcg.com/tournament/6aa89ad438886b36383c071a/player/pylantrao/decklist
Dragonair Mega Rayquaza ex,dragonair-mega-rayquaza-ex-b4,flameking3,FLAMEKING3,6aa6eed0f1243e65f9800555,🩷random r0zey pop up #3 | $25 + FA🩷,146,2026-09-13T22:50:00.000Z,12,6-3-0,Protective Poncho x1 [B2 147],False,,20,https://play.limitlesstcg.com/tournament/6aa6eed0f1243e65f9800555/player/flameking3/decklist
Dragonair Mega Rayquaza ex,dragonair-mega-rayquaza-ex-b4,pauk55,𝗠𝗢𝗡𝗢 . Pauk,6aa6942138886b36383be9a3,DR KELP’S CHUM BUCKET POP UP - FA COPYCAT,38,2026-09-13T14:00:00.000Z,12,3-3-0,Gouging Fire x2 [B3a 054],True,,20,https://play.limitlesstcg.com/tournament/6aa6942138886b36383be9a3/player/pauk55/decklist
Dragonair Mega Rayquaza ex,dragonair-mega-rayquaza-ex-b4,guunnz,𝗠𝗢𝗡⭐️ | guunnz,6ab04f7fe905c1db6874671c,Xasturpice Theater 🎭 #1 | 🏆 Full Art Oak,22,2026-09-21T00:45:00.000Z,12,3-3-0,Gouging Fire x2 [B3a 054],True,,20,https://play.limitlesstcg.com/tournament/6ab04f7fe905c1db6874671c/player/guunnz/decklist
Dragonair Mega Rayquaza ex,dragonair-mega-rayquaza-ex-b4,elatomico,PGX| El Atomico,6aa17ddeab080c8c957ff0fe,Dark League Pocket Tournament | 20$USD Prize Pool,118,2026-09-12T20:30:00.000Z,13,6-3-1,Gouging Fire x2 [B3a 054],True,,20,https://play.limitlesstcg.com/tournament/6aa17ddeab080c8c957ff0fe/player/elatomico/decklist
Dragonair Mega Rayquaza ex,dragonair-mega-rayquaza-ex-b4,jacl,JaCL,6a8b75058302ae761e5fab7e,FAREWELL B4!|2x Hoopa ex RR Prize+More!|TH Series,81,2026-08-26T16:15:00.000Z,13,5-3-0,Gouging Fire x2 [B3a 054],True,,20,https://play.limitlesstcg.com/tournament/6a8b75058302ae761e5fab7e/player/jacl/decklist
Dragonair Mega Rayquaza ex,dragonair-mega-rayquaza-ex-b4,fall88,Fall88,6a7e2b83cdc0391d7fa65afb,Umbreon99's Aura Sphere #4: $15 USD + Oak,219,2026-09-11T17:45:00.000Z,14,7-3-1,Gouging Fire x2 [B3a 054],True,,20,https://play.limitlesstcg.com/tournament/6a7e2b83cdc0391d7fa65afb/player/fall88/decklist
Dragonair Mega Rayquaza ex,dragonair-mega-rayquaza-ex-b4,minato,minato,6aa7cd2ff1243e65f9800e0f,TBC KELP CLASSIC 10th ANNIVERSARY- $10 + FA CYRUS,78,2026-09-15T23:15:00.000Z,14,5-3-1,Gouging Fire x2 [B3a 054],True,,20,https://play.limitlesstcg.com/tournament/6aa7cd2ff1243e65f9800e0f/player/minato/decklist
Dragonair Mega Rayquaza ex,dragonair-mega-rayquaza-ex-b4,rezpectore,𝗠𝗲𝗴𝗮 Rezpectore 𝗘𝗫,6aa17ddeab080c8c957ff0fe,Dark League Pocket Tournament | 20$USD Prize Pool,118,2026-09-12T20:30:00.000Z,15,6-3-1,Gouging Fire x2 [B3a 054],True,,20,https://play.limitlesstcg.com/tournament/6aa17ddeab080c8c957ff0fe/player/rezpectore/decklist
Dragonair Mega Rayquaza ex,dragonair-mega-rayquaza-ex-b4,pierfigo,PierFigo,6a96069dabb9482237504f7f,Plasma Daily #22| Team Rocket's Ambitions| FA Card,113,2026-09-01T17:00:00.000Z,15,5-3-0,Gouging Fire x2 [B3a 054],True,,20,https://play.limitlesstcg.com/tournament/6a96069dabb9482237504f7f/player/pierfigo/decklist
Dragonair Mega Rayquaza ex,dragonair-mega-rayquaza-ex-b4,hell,hell,6aa17ddeab080c8c957ff0fe,Dark League Pocket Tournament | 20$USD Prize Pool,118,2026-09-12T20:30:00.000Z,16,6-3-1,Gouging Fire x2 [B3a 054],True,,20,https://play.limitlesstcg.com/tournament/6aa17ddeab080c8c957ff0fe/player/hell/decklist
Dragonair Mega Rayquaza ex,dragonair-mega-rayquaza-ex-b4,kayjay,KayJay,6ab3aa2de905c1db68748664,TH Event's Presents: When DX Pack?!|5$ + FA's!,68,2026-09-23T19:00:00.000Z,16,3-5-0,Gouging Fire x2 [B3a 054],True,,20,https://play.limitlesstcg.com/tournament/6ab3aa2de905c1db68748664/player/kayjay/decklist
Dragonair Mega Rayquaza ex,dragonair-mega-rayquaza-ex-b4,draxoz,DraXoZ,6a9d55b3ab080c8c957fbaa6,OTS Pokemon TCG Pocket Arena Pop Up | $5 USD,65,2026-09-06T18:00:00.000Z,16,4-2-0,Gouging Fire x2 [B3a 054]; Protective Poncho x1 [B2 147],True,,20,https://play.limitlesstcg.com/tournament/6a9d55b3ab080c8c957fbaa6/player/draxoz/decklist
Dragonair Mega Rayquaza ex,dragonair-mega-rayquaza-ex-b4,pauk55,𝗠𝗢𝗡𝗢 . Pauk,6aac7e78f127b1b52c27ba59,$40 USD+FA | 巫獅對戰塔盃 LeoWizard BattleTower Cup #12,112,2026-09-19T13:00:00.000Z,17,6-1-1,Gouging Fire x2 [B3a 054],True,,20,https://play.limitlesstcg.com/tournament/6aac7e78f127b1b52c27ba59/player/pauk55/decklist
Dragonair Mega Rayquaza ex,dragonair-mega-rayquaza-ex-b4,yukiiiii,yukiiiii,6aaac3d9f1243e65f9802bad,🥊 20$ BEC'S KING OF THE HILL - ANY FA PRIZE!,95,2026-09-18T13:00:00.000Z,17,2-1-0,Gouging Fire x2 [B3a 054],True,,20,https://play.limitlesstcg.com/tournament/6aaac3d9f1243e65f9802bad/player/yukiiiii/decklist
Dragonair Mega Rayquaza ex,dragonair-mega-rayquaza-ex-b4,nicoz,Nicoz,6a918b3d629039f77d8a40ca,Pop Up Series 8 || 3 FA OAKS + DX SHINIES,66,2026-08-29T03:00:00.000Z,17,3-2-0,Gouging Fire x2 [B3a 054],True,,20,https://play.limitlesstcg.com/tournament/6a918b3d629039f77d8a40ca/player/nicoz/decklist
Dragonair Mega Rayquaza ex,dragonair-mega-rayquaza-ex-b4,shogunabs,ShogunABS,6aaad41638886b36383c1ad5,Pop Up Series 9 || FA OAK,27,2026-09-17T03:00:00.000Z,17,1-2-0,Gouging Fire x2 [B3a 054],True,,20,https://play.limitlesstcg.com/tournament/6aaad41638886b36383c1ad5/player/shogunabs/decklist
Dragonair Mega Rayquaza ex,dragonair-mega-rayquaza-ex-b4,fzin,João Santos,6a9829c8a4272c53be644d74,The PokeBounty Showdown $1000 Prize Pool (#1),132,2026-09-07T23:00:00.000Z,18,6-2-0,Protective Poncho x1 [B2 147],False,,20,https://play.limitlesstcg.com/tournament/6a9829c8a4272c53be644d74/player/fzin/decklist
Dragonair Mega Rayquaza ex,dragonair-mega-rayquaza-ex-b4,toddyfox,Toddyfox,6a7e2db92b308b6067b531d2,Umbreon99's Aura Sphere #5: $5 USD + OAK,89,2026-09-18T17:35:00.000Z,18,4-2-0,Gouging Fire x2 [B3a 054],True,,20,https://play.limitlesstcg.com/tournament/6a7e2db92b308b6067b531d2/player/toddyfox/decklist
Dragonair Mega Rayquaza ex,dragonair-mega-rayquaza-ex-b4,krutch,Krutch,6aa22425a4272c53be64ca36,The Breakfast Club Daily #5-$5 + FA,112,2026-09-10T20:20:00.000Z,19,5-1-2,Gouging Fire x2 [B3a 054],True,,20,https://play.limitlesstcg.com/tournament/6aa22425a4272c53be64ca36/player/krutch/decklist
Dragonair Mega Rayquaza ex,dragonair-mega-rayquaza-ex-b4,kayjay,KayJay,6aabc067f1243e65f98035ec,The TCGP Arena #6! Prizing: 🌟🌟 Cards,53,2026-09-21T17:00:00.000Z,19,3-3-0,Gouging Fire x2 [B3a 054],True,,20,https://play.limitlesstcg.com/tournament/6aabc067f1243e65f98035ec/player/kayjay/decklist
Dragonair Mega Rayquaza ex,dragonair-mega-rayquaza-ex-b4,ironsap,IRONSAP,6a8b75058302ae761e5fab7e,FAREWELL B4!|2x Hoopa ex RR Prize+More!|TH Series,81,2026-08-26T16:15:00.000Z,21,4-3-0,Gouging Fire x1 [B3a 054],True,,20,https://play.limitlesstcg.com/tournament/6a8b75058302ae761e5fab7e/player/ironsap/decklist
Dragonair Mega Rayquaza ex,dragonair-mega-rayquaza-ex-b4,kirteppat,Kirteppat,6a8b7ef58302ae761e5fac0a,♨️Sauna's POG Tournament #23 |SLEEP BAN| 5USD + FA,60,2026-08-28T04:00:00.000Z,21,3-3-0,Gouging Fire x2 [B3a 054]; Protective Poncho x1 [B2 147],True,,20,https://play.limitlesstcg.com/tournament/6a8b7ef58302ae761e5fac0a/player/kirteppat/decklist
Dragonair Mega Rayquaza ex,dragonair-mega-rayquaza-ex-b4,hakitcgp,hakitcgp,6aac7e78f127b1b52c27ba59,$40 USD+FA | 巫獅對戰塔盃 LeoWizard BattleTower Cup #12,112,2026-09-19T13:00:00.000Z,22,5-2-1,Protective Poncho x1 [B2 147]; Rocky Helmet x1 [A2 148],False,,20,https://play.limitlesstcg.com/tournament/6aac7e78f127b1b52c27ba59/player/hakitcgp/decklist
Dragonair Mega Rayquaza ex,dragonair-mega-rayquaza-ex-b4,abnermoyai,𝐈𝐌𝐎 Moyai,6aa682e4f1243e65f97ffebe,The PokeBounty Showdown Sunday Pop Up,83,2026-09-13T16:30:00.000Z,22,4-2-1,Gouging Fire x2 [B3a 054],True,,20,https://play.limitlesstcg.com/tournament/6aa682e4f1243e65f97ffebe/player/abnermoyai/decklist
Dragonair Mega Rayquaza ex,dragonair-mega-rayquaza-ex-b4,nunogdm,NunoGDM,6a8b75058302ae761e5fab7e,FAREWELL B4!|2x Hoopa ex RR Prize+More!|TH Series,81,2026-08-26T16:15:00.000Z,22,4-3-0,Gouging Fire x2 [B3a 054],True,,20,https://play.limitlesstcg.com/tournament/6a8b75058302ae761e5fab7e/player/nunogdm/decklist
Dragonair Mega Rayquaza ex,dragonair-mega-rayquaza-ex-b4,russ_ii,TBC || Russ,6a7e2db92b308b6067b531d2,Umbreon99's Aura Sphere #5: $5 USD + OAK,89,2026-09-18T17:35:00.000Z,24,4-2-0,Gouging Fire x2 [B3a 054],True,,20,https://play.limitlesstcg.com/tournament/6a7e2db92b308b6067b531d2/player/russ_ii/decklist
Dragonair Mega Rayquaza ex,dragonair-mega-rayquaza-ex-b4,draxoz,DraXoZ,6aa13feaa4272c53be64b94a,DR KELP’S CHUM BUCKET POP UP,49,2026-09-09T14:00:00.000Z,25,2-3-0,Gouging Fire x2 [B3a 054]; Protective Poncho x1 [B2 147],True,,20,https://play.limitlesstcg.com/tournament/6aa13feaa4272c53be64b94a/player/draxoz/decklist
Dragonair Mega Rayquaza ex,dragonair-mega-rayquaza-ex-b4,rikujibra,rikujiBRA,6aa89ad438886b36383c071a,✧･❀🌸Flutter Festival Debut! -15$🌸❀･✧,80,2026-09-16T23:30:00.000Z,26,3-3-0,Gouging Fire x2 [B3a 054],True,,20,https://play.limitlesstcg.com/tournament/6aa89ad438886b36383c071a/player/rikujibra/decklist
Dragonair Mega Rayquaza ex,dragonair-mega-rayquaza-ex-b4,alyce,alyCE ,6a989e74a4272c53be6453c4,🔥 TBC × HYPE PACKS: AFTERMADS #1 — $150 🔥,134,2026-09-13T00:45:00.000Z,27,5-3-1,Gouging Fire x2 [B3a 054],True,,20,https://play.limitlesstcg.com/tournament/6a989e74a4272c53be6453c4/player/alyce/decklist
Dragonair Mega Rayquaza ex,dragonair-mega-rayquaza-ex-b4,mimikyu1305,Leonardo Ruscio,6a99bbffa4272c53be645f44,Block Dragon Pop Up (RR Team Rockets Raticate),60,2026-09-03T20:45:00.000Z,27,3-3-0,Protective Poncho x1 [B2 147],False,,20,https://play.limitlesstcg.com/tournament/6a99bbffa4272c53be645f44/player/mimikyu1305/decklist
Dragonair Mega Rayquaza ex,dragonair-mega-rayquaza-ex-b4,packluckfc,𝗠𝗢𝗡⭐️ | PackLuck,6aa682e4f1243e65f97ffebe,The PokeBounty Showdown Sunday Pop Up,83,2026-09-13T16:30:00.000Z,28,4-3-0,Gouging Fire x2 [B3a 054],True,,20,https://play.limitlesstcg.com/tournament/6aa682e4f1243e65f97ffebe/player/packluckfc/decklist
Dragonair Mega Rayquaza ex,dragonair-mega-rayquaza-ex-b4,minato,minato,6aa89ad438886b36383c071a,✧･❀🌸Flutter Festival Debut! -15$🌸❀･✧,80,2026-09-16T23:30:00.000Z,28,3-3-0,Gouging Fire x2 [B3a 054],True,,20,https://play.limitlesstcg.com/tournament/6aa89ad438886b36383c071a/player/minato/decklist
Dragonair Mega Rayquaza ex,dragonair-mega-rayquaza-ex-b4,vegax_1,𝗠𝗮𝗴𝗺𝗮 Vega ,6a8b75058302ae761e5fab7e,FAREWELL B4!|2x Hoopa ex RR Prize+More!|TH Series,81,2026-08-26T16:15:00.000Z,29,3-2-1,Gouging Fire x2 [B3a 054],True,,20,https://play.limitlesstcg.com/tournament/6a8b75058302ae761e5fab7e/player/vegax_1/decklist
Dragonair Mega Rayquaza ex,dragonair-mega-rayquaza-ex-b4,einstun,𝙈𝙚𝙜𝙖 𝕰𝖎𝖓𝖘𝖙𝖚𝖓 𝙀𝙓,6aa7cd2ff1243e65f9800e0f,TBC KELP CLASSIC 10th ANNIVERSARY- $10 + FA CYRUS,78,2026-09-15T23:15:00.000Z,29,4-4-0,Gouging Fire x2 [B3a 054]; Protective Poncho x1 [B2 147],True,,20,https://play.limitlesstcg.com/tournament/6aa7cd2ff1243e65f9800e0f/player/einstun/decklist
Dragonair Mega Rayquaza ex,dragonair-mega-rayquaza-ex-b4,zeus5148,Zeus5148,6a989e74a4272c53be6453c4,🔥 TBC × HYPE PACKS: AFTERMADS #1 — $150 🔥,134,2026-09-13T00:45:00.000Z,32,5-3-1,Gouging Fire x2 [B3a 054],True,,20,https://play.limitlesstcg.com/tournament/6a989e74a4272c53be6453c4/player/zeus5148/decklist
Dragonair Mega Rayquaza ex,dragonair-mega-rayquaza-ex-b4,ibte_10,𝗕𝗢𝗔𝗧 | Ibte10,6aa89ad438886b36383c071a,✧･❀🌸Flutter Festival Debut! -15$🌸❀･✧,80,2026-09-16T23:30:00.000Z,32,3-3-0,Gouging Fire x2 [B3a 054],True,,20,https://play.limitlesstcg.com/tournament/6aa89ad438886b36383c071a/player/ibte_10/decklist
Dragonair Mega Rayquaza ex,dragonair-mega-rayquaza-ex-b4,draxoz,DraXoZ,6a9f6899a4272c53be64a894,Umbreon99's Team Rocket's Bash: $10 USD + 🌈,172,2026-09-08T17:45:00.000Z,33,4-1-2,Gouging Fire x2 [B3a 054]; Protective Poncho x1 [B2 147],True,,20,https://play.limitlesstcg.com/tournament/6a9f6899a4272c53be64a894/player/draxoz/decklist
Dragonair Mega Rayquaza ex,dragonair-mega-rayquaza-ex-b4,mega_rezpectore_ex,𝗠𝗲𝗴𝗮 Rezpectore 𝗘𝗫,6aa6410b38886b36383be710,🏰FORT TOURNAMENTS POCKET DEBUT🏰 $20 + FA CARDS,114,2026-09-14T10:30:00.000Z,33,4-2-0,Gouging Fire x2 [B3a 054],True,,20,https://play.limitlesstcg.com/tournament/6aa6410b38886b36383be710/player/mega_rezpectore_ex/decklist
Dragonair Mega Rayquaza ex,dragonair-mega-rayquaza-ex-b4,rezpectore011,𝗠𝗲𝗴𝗮 Rezpectore 𝗘𝗫,6aa682e4f1243e65f97ffebe,The PokeBounty Showdown Sunday Pop Up,83,2026-09-13T16:30:00.000Z,33,3-3-0,Gouging Fire x2 [B3a 054],True,,20,https://play.limitlesstcg.com/tournament/6aa682e4f1243e65f97ffebe/player/rezpectore011/decklist
Dragonair Mega Rayquaza ex,dragonair-mega-rayquaza-ex-b4,pauk55,𝗠𝗢𝗡𝗢 . Pauk,6aa0471eab080c8c957fe27d,The PokeBounty Showdown $1000 Prize Pool (#2NA),142,2026-09-14T23:00:00.000Z,34,4-2-0,Gouging Fire x2 [B3a 054],True,,20,https://play.limitlesstcg.com/tournament/6aa0471eab080c8c957fe27d/player/pauk55/decklist
Dragonair Mega Rayquaza ex,dragonair-mega-rayquaza-ex-b4,iduh,𝗠𝗲𝗴𝗮 Iduh 𝗘𝗫,6aa0471eab080c8c957fe27d,The PokeBounty Showdown $1000 Prize Pool (#2NA),142,2026-09-14T23:00:00.000Z,35,4-2-0,Gouging Fire x2 [B3a 054]; Protective Poncho x1 [B2 147],True,,20,https://play.limitlesstcg.com/tournament/6aa0471eab080c8c957fe27d/player/iduh/decklist
Dragonair Mega Rayquaza ex,dragonair-mega-rayquaza-ex-b4,ehhhzigggyyy,ehhhzigggyyy,6aa682e4f1243e65f97ffebe,The PokeBounty Showdown Sunday Pop Up,83,2026-09-13T16:30:00.000Z,37,3-3-0,Gouging Fire x2 [B3a 054],True,,20,https://play.limitlesstcg.com/tournament/6aa682e4f1243e65f97ffebe/player/ehhhzigggyyy/decklist
Dragonair Mega Rayquaza ex,dragonair-mega-rayquaza-ex-b4,draxoz,DraXoZ,6a985d35ab080c8c957f7fac,The Dark League Tournament | POP UP,77,2026-09-02T21:10:00.000Z,37,2-5-0,Gouging Fire x2 [B3a 054]; Protective Poncho x1 [B2 147],True,,20,https://play.limitlesstcg.com/tournament/6a985d35ab080c8c957f7fac/player/draxoz/decklist
Dragonair Mega Rayquaza ex,dragonair-mega-rayquaza-ex-b4,pauk55,𝗠𝗢𝗡𝗢 . Pauk,6a7e2b83cdc0391d7fa65afb,Umbreon99's Aura Sphere #4: $15 USD + Oak,219,2026-09-11T17:45:00.000Z,38,5-2-2,Gouging Fire x2 [B3a 054],True,,20,https://play.limitlesstcg.com/tournament/6a7e2b83cdc0391d7fa65afb/player/pauk55/decklist
Dragonair Mega Rayquaza ex,dragonair-mega-rayquaza-ex-b4,mrcin0091,MrCin0091,6a9718fd629039f77d8a790e,Plasma Daily #23| Team Rocket's Ambitions| FA Card,119,2026-09-02T17:00:00.000Z,38,3-3-0,Gouging Fire x2 [B3a 054]; Protective Poncho x1 [B2 147],True,,20,https://play.limitlesstcg.com/tournament/6a9718fd629039f77d8a790e/player/mrcin0091/decklist
Dragonair Mega Rayquaza ex,dragonair-mega-rayquaza-ex-b4,supreme13,𝗕𝗮𝗹𝗱 Supreme,6a8b75058302ae761e5fab7e,FAREWELL B4!|2x Hoopa ex RR Prize+More!|TH Series,81,2026-08-26T16:15:00.000Z,38,3-3-0,Gouging Fire x2 [B3a 054]; Protective Poncho x2 [B2 147],True,,20,https://play.limitlesstcg.com/tournament/6a8b75058302ae761e5fab7e/player/supreme13/decklist
Dragonair Mega Rayquaza ex,dragonair-mega-rayquaza-ex-b4,speedy_paws,Speedy_Paws,6a918b3d629039f77d8a40ca,Pop Up Series 8 || 3 FA OAKS + DX SHINIES,66,2026-08-29T03:00:00.000Z,38,2-3-0,Gouging Fire x2 [B3a 054],True,,20,https://play.limitlesstcg.com/tournament/6a918b3d629039f77d8a40ca/player/speedy_paws/decklist
Dragonair Mega Rayquaza ex,dragonair-mega-rayquaza-ex-b4,normo360,𝗠𝗮𝗴𝗺𝗮 StorM,6a8b75058302ae761e5fab7e,FAREWELL B4!|2x Hoopa ex RR Prize+More!|TH Series,81,2026-08-26T16:15:00.000Z,39,2-2-1,Gouging Fire x2 [B3a 054],True,,20,https://play.limitlesstcg.com/tournament/6a8b75058302ae761e5fab7e/player/normo360/decklist
Dragonair Mega Rayquaza ex,dragonair-mega-rayquaza-ex-b4,mo_23,墨墨 ,6aa89ad438886b36383c071a,✧･❀🌸Flutter Festival Debut! -15$🌸❀･✧,80,2026-09-16T23:30:00.000Z,39,2-4-0,Gouging Fire x2 [B3a 054],True,,20,https://play.limitlesstcg.com/tournament/6aa89ad438886b36383c071a/player/mo_23/decklist
Dragonair Mega Rayquaza ex,dragonair-mega-rayquaza-ex-b4,pylantrao,PylanTrao,6aa7cd2ff1243e65f9800e0f,TBC KELP CLASSIC 10th ANNIVERSARY- $10 + FA CYRUS,78,2026-09-15T23:15:00.000Z,39,2-5-0,Gouging Fire x2 [B3a 054],True,,20,https://play.limitlesstcg.com/tournament/6aa7cd2ff1243e65f9800e0f/player/pylantrao/decklist
Dragonair Mega Rayquaza ex,dragonair-mega-rayquaza-ex-b4,esdeath,Esdeath,6a7e2b83cdc0391d7fa65afb,Umbreon99's Aura Sphere #4: $15 USD + Oak,219,2026-09-11T17:45:00.000Z,40,5-3-1,Gouging Fire x2 [B3a 054],True,,20,https://play.limitlesstcg.com/tournament/6a7e2b83cdc0391d7fa65afb/player/esdeath/decklist
Dragonair Mega Rayquaza ex,dragonair-mega-rayquaza-ex-b4,sinorci200,𝗙𝗚𝗥 || Sinorci200,6aa22425a4272c53be64ca36,The Breakfast Club Daily #5-$5 + FA,112,2026-09-10T20:20:00.000Z,40,4-3-0,Gouging Fire x2 [B3a 054],True,,20,https://play.limitlesstcg.com/tournament/6aa22425a4272c53be64ca36/player/sinorci200/decklist
Dragonair Mega Rayquaza ex,dragonair-mega-rayquaza-ex-b4,masterbenji,Masterbenji,6aa17ddeab080c8c957ff0fe,Dark League Pocket Tournament | 20$USD Prize Pool,118,2026-09-12T20:30:00.000Z,41,3-4-0,Gouging Fire x2 [B3a 054],True,,20,https://play.limitlesstcg.com/tournament/6aa17ddeab080c8c957ff0fe/player/masterbenji/decklist
Dragonair Mega Rayquaza ex,dragonair-mega-rayquaza-ex-b4,nyrq,nyrq the rookie,6a7e2db92b308b6067b531d2,Umbreon99's Aura Sphere #5: $5 USD + OAK,89,2026-09-18T17:35:00.000Z,41,0-6-0,Gouging Fire x2 [B3a 054],True,,20,https://play.limitlesstcg.com/tournament/6a7e2db92b308b6067b531d2/player/nyrq/decklist
Dragonair Mega Rayquaza ex,dragonair-mega-rayquaza-ex-b4,iduh,𝗠𝗲𝗴𝗮 Iduh 𝗘𝗫,6a989e74a4272c53be6453c4,🔥 TBC × HYPE PACKS: AFTERMADS #1 — $150 🔥,134,2026-09-13T00:45:00.000Z,43,3-3-0,Gouging Fire x2 [B3a 054]; Protective Poncho x1 [B2 147],True,,20,https://play.limitlesstcg.com/tournament/6a989e74a4272c53be6453c4/player/iduh/decklist
Dragonair Mega Rayquaza ex,dragonair-mega-rayquaza-ex-b4,yonkodreco6th,Yonkodreco6th,6a918b3d629039f77d8a40ca,Pop Up Series 8 || 3 FA OAKS + DX SHINIES,66,2026-08-29T03:00:00.000Z,44,1-2-0,Gouging Fire x2 [B3a 054]; Protective Poncho x1 [B2 147],True,,20,https://play.limitlesstcg.com/tournament/6a918b3d629039f77d8a40ca/player/yonkodreco6th/decklist
Dragonair Mega Rayquaza ex,dragonair-mega-rayquaza-ex-b4,fitypaldis,Fitypaldis,6a98b6dfab080c8c957f8554,Block Dragon Pop Up (RR Vespiquen),48,2026-09-03T02:15:00.000Z,45,0-2-0,Gouging Fire x2 [B3a 054]; Protective Poncho x1 [B2 147],True,,20,https://play.limitlesstcg.com/tournament/6a98b6dfab080c8c957f8554/player/fitypaldis/decklist
Dragonair Mega Rayquaza ex,dragonair-mega-rayquaza-ex-b4,kayjay,KayJay,6aa89ad438886b36383c071a,✧･❀🌸Flutter Festival Debut! -15$🌸❀･✧,80,2026-09-16T23:30:00.000Z,46,2-4-0,Gouging Fire x2 [B3a 054],True,,20,https://play.limitlesstcg.com/tournament/6aa89ad438886b36383c071a/player/kayjay/decklist
Dragonair Mega Rayquaza ex,dragonair-mega-rayquaza-ex-b4,kayjay,KayJay,6aa17ddeab080c8c957ff0fe,Dark League Pocket Tournament | 20$USD Prize Pool,118,2026-09-12T20:30:00.000Z,47,1-6-0,Gouging Fire x2 [B3a 054],True,,20,https://play.limitlesstcg.com/tournament/6aa17ddeab080c8c957ff0fe/player/kayjay/decklist
Dragonair Mega Rayquaza ex,dragonair-mega-rayquaza-ex-b4,speedy_paws,Speedy_Paws,6a99bbffa4272c53be645f44,Block Dragon Pop Up (RR Team Rockets Raticate),60,2026-09-03T20:45:00.000Z,47,1-4-0,Gouging Fire x2 [B3a 054],True,,20,https://play.limitlesstcg.com/tournament/6a99bbffa4272c53be645f44/player/speedy_paws/decklist
Dragonair Mega Rayquaza ex,dragonair-mega-rayquaza-ex-b4,draxoz,DraXoZ,6a99bbffa4272c53be645f44,Block Dragon Pop Up (RR Team Rockets Raticate),60,2026-09-03T20:45:00.000Z,48,1-3-0,Gouging Fire x2 [B3a 054]; Protective Poncho x1 [B2 147],True,,20,https://play.limitlesstcg.com/tournament/6a99bbffa4272c53be645f44/player/draxoz/decklist
Dragonair Mega Rayquaza ex,dragonair-mega-rayquaza-ex-b4,zeus5148,Zeus5148,6aa0471eab080c8c957fe27d,The PokeBounty Showdown $1000 Prize Pool (#2NA),142,2026-09-14T23:00:00.000Z,49,3-3-0,Gouging Fire x2 [B3a 054],True,,20,https://play.limitlesstcg.com/tournament/6aa0471eab080c8c957fe27d/player/zeus5148/decklist
Dragonair Mega Rayquaza ex,dragonair-mega-rayquaza-ex-b4,aoisora,Sora Aoi,6aa6410b38886b36383be710,🏰FORT TOURNAMENTS POCKET DEBUT🏰 $20 + FA CARDS,114,2026-09-14T10:30:00.000Z,51,3-3-0,Gouging Fire x2 [B3a 054],True,,20,https://play.limitlesstcg.com/tournament/6aa6410b38886b36383be710/player/aoisora/decklist
Dragonair Mega Rayquaza ex,dragonair-mega-rayquaza-ex-b4,davidleon,DavidLeon,6aa89ad438886b36383c071a,✧･❀🌸Flutter Festival Debut! -15$🌸❀･✧,80,2026-09-16T23:30:00.000Z,52,1-3-0,Gouging Fire x2 [B3a 054]; Protective Poncho x1 [B2 147],True,,20,https://play.limitlesstcg.com/tournament/6aa89ad438886b36383c071a/player/davidleon/decklist
Dragonair Mega Rayquaza ex,dragonair-mega-rayquaza-ex-b4,rezpectore,𝗠𝗲𝗴𝗮 Rezpectore 𝗘𝗫,6a989e74a4272c53be6453c4,🔥 TBC × HYPE PACKS: AFTERMADS #1 — $150 🔥,134,2026-09-13T00:45:00.000Z,55,2-2-0,Gouging Fire x2 [B3a 054],True,,20,https://play.limitlesstcg.com/tournament/6a989e74a4272c53be6453c4/player/rezpectore/decklist
Dragonair Mega Rayquaza ex,dragonair-mega-rayquaza-ex-b4,minato,minato,6aa6410b38886b36383be710,🏰FORT TOURNAMENTS POCKET DEBUT🏰 $20 + FA CARDS,114,2026-09-14T10:30:00.000Z,57,2-3-0,Gouging Fire x2 [B3a 054],True,,20,https://play.limitlesstcg.com/tournament/6aa6410b38886b36383be710/player/minato/decklist
Dragonair Mega Rayquaza ex,dragonair-mega-rayquaza-ex-b4,supreme13,𝗕𝗮𝗹𝗱 Supreme,6aa6410b38886b36383be710,🏰FORT TOURNAMENTS POCKET DEBUT🏰 $20 + FA CARDS,114,2026-09-14T10:30:00.000Z,60,2-3-0,Gouging Fire x2 [B3a 054],True,,20,https://play.limitlesstcg.com/tournament/6aa6410b38886b36383be710/player/supreme13/decklist
Dragonair Mega Rayquaza ex,dragonair-mega-rayquaza-ex-b4,guunnz,𝗠𝗢𝗡⭐️ | guunnz,6aa0471eab080c8c957fe27d,The PokeBounty Showdown $1000 Prize Pool (#2NA),142,2026-09-14T23:00:00.000Z,63,3-3-0,Gouging Fire x2 [B3a 054],True,,20,https://play.limitlesstcg.com/tournament/6aa0471eab080c8c957fe27d/player/guunnz/decklist
Dragonair Mega Rayquaza ex,dragonair-mega-rayquaza-ex-b4,phob1a,Phob1a,6a9b4f52ab080c8c957fa3d7,TBC Presents: Breakfast & Breakdowns🔥,97,2026-09-06T01:45:00.000Z,64,1-1-0,Protective Poncho x2 [B2 147],False,,20,https://play.limitlesstcg.com/tournament/6a9b4f52ab080c8c957fa3d7/player/phob1a/decklist
Dragonair Mega Rayquaza ex,dragonair-mega-rayquaza-ex-b4,speedy_paws,Speedy_Paws,6a90e8157a62de8130140dee,The Breakfast Club Xastur's Showdown-$5+OAK+,97,2026-08-28T22:30:00.000Z,65,1-6-0,Gouging Fire x2 [B3a 054],True,,20,https://play.limitlesstcg.com/tournament/6a90e8157a62de8130140dee/player/speedy_paws/decklist
Dragonair Mega Rayquaza ex,dragonair-mega-rayquaza-ex-b4,danimaton,Danimaton,6aaac3d9f1243e65f9802bad,🥊 20$ BEC'S KING OF THE HILL - ANY FA PRIZE!,95,2026-09-18T13:00:00.000Z,65,0-1-0,Gouging Fire x2 [B3a 054],True,,20,https://play.limitlesstcg.com/tournament/6aaac3d9f1243e65f9802bad/player/danimaton/decklist
Dragonair Mega Rayquaza ex,dragonair-mega-rayquaza-ex-b4,kayjay,KayJay,6aaac3d9f1243e65f9802bad,🥊 20$ BEC'S KING OF THE HILL - ANY FA PRIZE!,95,2026-09-18T13:00:00.000Z,65,0-1-0,Gouging Fire x2 [B3a 054],True,,20,https://play.limitlesstcg.com/tournament/6aaac3d9f1243e65f9802bad/player/kayjay/decklist
Dragonair Mega Rayquaza ex,dragonair-mega-rayquaza-ex-b4,yonkodreco6th,Yonkodreco6th,6a8f27e57a62de813013fb20,The Breakfast Club Pop Up-$5+FA,69,2026-08-26T21:00:00.000Z,65,0-6-0,Gouging Fire x2 [B3a 054]; Protective Poncho x1 [B2 147],True,,20,https://play.limitlesstcg.com/tournament/6a8f27e57a62de813013fb20/player/yonkodreco6th/decklist
Dragonair Mega Rayquaza ex,dragonair-mega-rayquaza-ex-b4,xatitox,xatitox,6aa6410b38886b36383be710,🏰FORT TOURNAMENTS POCKET DEBUT🏰 $20 + FA CARDS,114,2026-09-14T10:30:00.000Z,67,2-4-0,Gouging Fire x2 [B3a 054],True,,20,https://play.limitlesstcg.com/tournament/6aa6410b38886b36383be710/player/xatitox/decklist
Dragonair Mega Rayquaza ex,dragonair-mega-rayquaza-ex-b4,sleepy512pete,sleepy512pete,6a8b75058302ae761e5fab7e,FAREWELL B4!|2x Hoopa ex RR Prize+More!|TH Series,81,2026-08-26T16:15:00.000Z,67,1-3-0,Gouging Fire x2 [B3a 054]; Protective Poncho x1 [B2 147],True,,20,https://play.limitlesstcg.com/tournament/6a8b75058302ae761e5fab7e/player/sleepy512pete/decklist
Dragonair Mega Rayquaza ex,dragonair-mega-rayquaza-ex-b4,vitorinsky,Vitorinsky,6aa0471eab080c8c957fe27d,The PokeBounty Showdown $1000 Prize Pool (#2NA),142,2026-09-14T23:00:00.000Z,73,2-4-0,Gouging Fire x2 [B3a 054]; Protective Poncho x1 [B2 147],True,,20,https://play.limitlesstcg.com/tournament/6aa0471eab080c8c957fe27d/player/vitorinsky/decklist
Dragonair Mega Rayquaza ex,dragonair-mega-rayquaza-ex-b4,superchocoobo,Superchocoobo,6aa0471eab080c8c957fe27d,The PokeBounty Showdown $1000 Prize Pool (#2NA),142,2026-09-14T23:00:00.000Z,74,2-4-0,Gouging Fire x2 [B3a 054],True,,20,https://play.limitlesstcg.com/tournament/6aa0471eab080c8c957fe27d/player/superchocoobo/decklist
Dragonair Mega Rayquaza ex,dragonair-mega-rayquaza-ex-b4,kayjay,KayJay,6aa6410b38886b36383be710,🏰FORT TOURNAMENTS POCKET DEBUT🏰 $20 + FA CARDS,114,2026-09-14T10:30:00.000Z,76,1-3-0,Gouging Fire x2 [B3a 054],True,,20,https://play.limitlesstcg.com/tournament/6aa6410b38886b36383be710/player/kayjay/decklist
Dragonair Mega Rayquaza ex,dragonair-mega-rayquaza-ex-b4,iluchien,iluchien,6aa0471eab080c8c957fe27d,The PokeBounty Showdown $1000 Prize Pool (#2NA),142,2026-09-14T23:00:00.000Z,77,2-4-0,Gouging Fire x2 [B3a 054],True,,20,https://play.limitlesstcg.com/tournament/6aa0471eab080c8c957fe27d/player/iluchien/decklist
Dragonair Mega Rayquaza ex,dragonair-mega-rayquaza-ex-b4,bigbagmakaveli,bigbagmakaveli,6a989e74a4272c53be6453c4,🔥 TBC × HYPE PACKS: AFTERMADS #1 — $150 🔥,134,2026-09-13T00:45:00.000Z,81,1-2-0,Gouging Fire x2 [B3a 054],True,,20,https://play.limitlesstcg.com/tournament/6a989e74a4272c53be6453c4/player/bigbagmakaveli/decklist
Dragonair Mega Rayquaza ex,dragonair-mega-rayquaza-ex-b4,breaking2mirror,Breaking2mirror,6a989e74a4272c53be6453c4,🔥 TBC × HYPE PACKS: AFTERMADS #1 — $150 🔥,134,2026-09-13T00:45:00.000Z,83,1-3-0,Gouging Fire x2 [B3a 054],True,,20,https://play.limitlesstcg.com/tournament/6a989e74a4272c53be6453c4/player/breaking2mirror/decklist
Dragonair Mega Rayquaza ex,dragonair-mega-rayquaza-ex-b4,sacherboy,Sacherboy,6aa0471eab080c8c957fe27d,The PokeBounty Showdown $1000 Prize Pool (#2NA),142,2026-09-14T23:00:00.000Z,87,0-6-0,Gouging Fire x2 [B3a 054],True,,20,https://play.limitlesstcg.com/tournament/6aa0471eab080c8c957fe27d/player/sacherboy/decklist
Dragonair Mega Rayquaza ex,dragonair-mega-rayquaza-ex-b4,thefossilman,TheFossilMan,6aa6eed0f1243e65f9800555,🩷random r0zey pop up #3 | $25 + FA🩷,146,2026-09-13T22:50:00.000Z,99,1-3-0,Gouging Fire x2 [B3a 054],True,,20,https://play.limitlesstcg.com/tournament/6aa6eed0f1243e65f9800555/player/thefossilman/decklist
Dragonair Mega Rayquaza ex,dragonair-mega-rayquaza-ex-b4,loulougame2310,Loulougame2310,6a8c5eb881741245b151d7e3,PMPT #44 - TEAM ROCKETS AMBITION!!! | $100 USD,378,2026-08-29T16:00:00.000Z,102,4-3-0,Gouging Fire x2 [B3a 054],True,,20,https://play.limitlesstcg.com/tournament/6a8c5eb881741245b151d7e3/player/loulougame2310/decklist
Dragonair Mega Rayquaza ex,dragonair-mega-rayquaza-ex-b4,juliusrock,JuliusRock,6a989e74a4272c53be6453c4,🔥 TBC × HYPE PACKS: AFTERMADS #1 — $150 🔥,134,2026-09-13T00:45:00.000Z,102,0-1-0,Gouging Fire x2 [B3a 054],True,,20,https://play.limitlesstcg.com/tournament/6a989e74a4272c53be6453c4/player/juliusrock/decklist
Dragonair Mega Rayquaza ex,dragonair-mega-rayquaza-ex-b4,banzai,𝗠𝗲𝗴𝗮 Banzai 𝗘𝗫,6aa6410b38886b36383be710,🏰FORT TOURNAMENTS POCKET DEBUT🏰 $20 + FA CARDS,114,2026-09-14T10:30:00.000Z,102,0-2-0,Gouging Fire x2 [B3a 054],True,,20,https://play.limitlesstcg.com/tournament/6aa6410b38886b36383be710/player/banzai/decklist
Dragonair Mega Rayquaza ex,dragonair-mega-rayquaza-ex-b4,zadakyel,Zadakyel,6a989e74a4272c53be6453c4,🔥 TBC × HYPE PACKS: AFTERMADS #1 — $150 🔥,134,2026-09-13T00:45:00.000Z,104,0-1-0,Gouging Fire x2 [B3a 054],True,,20,https://play.limitlesstcg.com/tournament/6a989e74a4272c53be6453c4/player/zadakyel/decklist
Dragonair Mega Rayquaza ex,dragonair-mega-rayquaza-ex-b4,ratatouillet27,Ratatouillet27,6aa6410b38886b36383be710,🏰FORT TOURNAMENTS POCKET DEBUT🏰 $20 + FA CARDS,114,2026-09-14T10:30:00.000Z,105,0-3-0,Gouging Fire x2 [B3a 054],True,,20,https://play.limitlesstcg.com/tournament/6aa6410b38886b36383be710/player/ratatouillet27/decklist
Dragonair Mega Rayquaza ex,dragonair-mega-rayquaza-ex-b4,varo0,TC | Varo0,6a989e74a4272c53be6453c4,🔥 TBC × HYPE PACKS: AFTERMADS #1 — $150 🔥,134,2026-09-13T00:45:00.000Z,108,0-2-0,Gouging Fire x2 [B3a 054],True,,20,https://play.limitlesstcg.com/tournament/6a989e74a4272c53be6453c4/player/varo0/decklist
Dragonair Mega Rayquaza ex,dragonair-mega-rayquaza-ex-b4,corndog_xx,CornDog_XX,6aa6410b38886b36383be710,🏰FORT TOURNAMENTS POCKET DEBUT🏰 $20 + FA CARDS,114,2026-09-14T10:30:00.000Z,108,0-2-0,Gouging Fire x2 [B3a 054]; Protective Poncho x1 [B2 147],True,,20,https://play.limitlesstcg.com/tournament/6aa6410b38886b36383be710/player/corndog_xx/decklist
Dragonair Mega Rayquaza ex,dragonair-mega-rayquaza-ex-b4,rezpectore011,𝗠𝗲𝗴𝗮 Rezpectore 𝗘𝗫,6aa6eed0f1243e65f9800555,🩷random r0zey pop up #3 | $25 + FA🩷,146,2026-09-13T22:50:00.000Z,131,0-4-0,Gouging Fire x2 [B3a 054],True,,20,https://play.limitlesstcg.com/tournament/6aa6eed0f1243e65f9800555/player/rezpectore011/decklist
Dragonair Mega Rayquaza ex,dragonair-mega-rayquaza-ex-b4,azin,Azin,6a7e2b83cdc0391d7fa65afb,Umbreon99's Aura Sphere #4: $15 USD + Oak,219,2026-09-11T17:45:00.000Z,,3-4-0,Gouging Fire x1 [B3a 054]; Protective Poncho x1 [B2 147],True,,20,https://play.limitlesstcg.com/tournament/6a7e2b83cdc0391d7fa65afb/player/azin/decklist
Dragonair Mega Rayquaza ex,dragonair-mega-rayquaza-ex-b4,masterbenji,Masterbenji,6a7e2b83cdc0391d7fa65afb,Umbreon99's Aura Sphere #4: $15 USD + Oak,219,2026-09-11T17:45:00.000Z,,1-3-0,Gouging Fire x2 [B3a 054],True,,20,https://play.limitlesstcg.com/tournament/6a7e2b83cdc0391d7fa65afb/player/masterbenji/decklist
Dragonair Mega Rayquaza ex,dragonair-mega-rayquaza-ex-b4,vegegras,Vegegras,6a7e2b83cdc0391d7fa65afb,Umbreon99's Aura Sphere #4: $15 USD + Oak,219,2026-09-11T17:45:00.000Z,,3-3-0,Gouging Fire x2 [B3a 054],True,,20,https://play.limitlesstcg.com/tournament/6a7e2b83cdc0391d7fa65afb/player/vegegras/decklist
Dragonair Mega Rayquaza ex,dragonair-mega-rayquaza-ex-b4,zagazaga,ZaGaZaGa,6a7e2b83cdc0391d7fa65afb,Umbreon99's Aura Sphere #4: $15 USD + Oak,219,2026-09-11T17:45:00.000Z,,0-3-0,Gouging Fire x2 [B3a 054],True,,20,https://play.limitlesstcg.com/tournament/6a7e2b83cdc0391d7fa65afb/player/zagazaga/decklist
Dragonair Mega Rayquaza ex,dragonair-mega-rayquaza-ex-b4,normo360,𝗠𝗮𝗴𝗺𝗮 StorM,6aa0471eab080c8c957fe27d,The PokeBounty Showdown $1000 Prize Pool (#2NA),142,2026-09-14T23:00:00.000Z,,1-3-0,Gouging Fire x2 [B3a 054],True,,20,https://play.limitlesstcg.com/tournament/6aa0471eab080c8c957fe27d/player/normo360/decklist
Dragonair Mega Rayquaza ex,dragonair-mega-rayquaza-ex-b4,shinra67,𝗕𝗢𝗔𝗧| Satoru Gojo,6aa0471eab080c8c957fe27d,The PokeBounty Showdown $1000 Prize Pool (#2NA),142,2026-09-14T23:00:00.000Z,,1-3-0,Gouging Fire x2 [B3a 054]; Protective Poncho x1 [B2 147],True,,20,https://play.limitlesstcg.com/tournament/6aa0471eab080c8c957fe27d/player/shinra67/decklist
Dragonair Mega Rayquaza ex,dragonair-mega-rayquaza-ex-b4,vegax_1,𝗠𝗮𝗴𝗺𝗮 Vega ,6a789b5ccdc0391d7fa61ba9,The Dark League | CELEBRATORY FANFARE 685$ Value,120,2026-09-05T20:05:00.000Z,,1-0-0,Gouging Fire x2 [B3a 054]; Protective Poncho x1 [B2 147],True,,20,https://play.limitlesstcg.com/tournament/6a789b5ccdc0391d7fa61ba9/player/vegax_1/decklist
Dragonair Mega Rayquaza ex,dragonair-mega-rayquaza-ex-b4,jlng,JLNG,6aa17ddeab080c8c957ff0fe,Dark League Pocket Tournament | 20$USD Prize Pool,118,2026-09-12T20:30:00.000Z,,2-3-0,Gouging Fire x2 [B3a 054],True,,20,https://play.limitlesstcg.com/tournament/6aa17ddeab080c8c957ff0fe/player/jlng/decklist
Dragonair Mega Rayquaza ex,dragonair-mega-rayquaza-ex-b4,mrcin0091,MrCin0091,6aa17ddeab080c8c957ff0fe,Dark League Pocket Tournament | 20$USD Prize Pool,118,2026-09-12T20:30:00.000Z,,1-2-0,Gouging Fire x2 [B3a 054]; Protective Poncho x1 [B2 147],True,,20,https://play.limitlesstcg.com/tournament/6aa17ddeab080c8c957ff0fe/player/mrcin0091/decklist
Dragonair Mega Rayquaza ex,dragonair-mega-rayquaza-ex-b4,red_d_beer,FrogEX | RedD.Beer,6aa17ddeab080c8c957ff0fe,Dark League Pocket Tournament | 20$USD Prize Pool,118,2026-09-12T20:30:00.000Z,,2-3-0,Gouging Fire x2 [B3a 054],True,,20,https://play.limitlesstcg.com/tournament/6aa17ddeab080c8c957ff0fe/player/red_d_beer/decklist
Dragonair Mega Rayquaza ex,dragonair-mega-rayquaza-ex-b4,whoisfabelaa,whoisfabelaa,6aa17ddeab080c8c957ff0fe,Dark League Pocket Tournament | 20$USD Prize Pool,118,2026-09-12T20:30:00.000Z,,3-3-0,Gouging Fire x2 [B3a 054],True,,20,https://play.limitlesstcg.com/tournament/6aa17ddeab080c8c957ff0fe/player/whoisfabelaa/decklist
Dragonair Mega Rayquaza ex,dragonair-mega-rayquaza-ex-b4,draxoz,DraXoZ,6a78c5912b308b6067b4f421,Tournament Vegegras cash prize 100usd,116,2026-09-05T19:05:00.000Z,,0-1-0,Gouging Fire x2 [B3a 054]; Protective Poncho x1 [B2 147],True,,20,https://play.limitlesstcg.com/tournament/6a78c5912b308b6067b4f421/player/draxoz/decklist
Dragonair Mega Rayquaza ex,dragonair-mega-rayquaza-ex-b4,joseph12,Joseph12,6a96069dabb9482237504f7f,Plasma Daily #22| Team Rocket's Ambitions| FA Card,113,2026-09-01T17:00:00.000Z,,0-1-0,Protective Poncho x1 [B2 147],False,,20,https://play.limitlesstcg.com/tournament/6a96069dabb9482237504f7f/player/joseph12/decklist
Dragonair Mega Rayquaza ex,dragonair-mega-rayquaza-ex-b4,danimaton,Danimaton,6aac7e78f127b1b52c27ba59,$40 USD+FA | 巫獅對戰塔盃 LeoWizard BattleTower Cup #12,112,2026-09-19T13:00:00.000Z,,1-4-0,Gouging Fire x2 [B3a 054],True,,20,https://play.limitlesstcg.com/tournament/6aac7e78f127b1b52c27ba59/player/danimaton/decklist
Dragonair Mega Rayquaza ex,dragonair-mega-rayquaza-ex-b4,kayjay,KayJay,6aac7e78f127b1b52c27ba59,$40 USD+FA | 巫獅對戰塔盃 LeoWizard BattleTower Cup #12,112,2026-09-19T13:00:00.000Z,,1-4-0,Gouging Fire x2 [B3a 054],True,,20,https://play.limitlesstcg.com/tournament/6aac7e78f127b1b52c27ba59/player/kayjay/decklist
Dragonair Mega Rayquaza ex,dragonair-mega-rayquaza-ex-b4,megaanyaex,𝗠𝗲𝗴𝗮 Anya 𝗘𝗫,6aac7e78f127b1b52c27ba59,$40 USD+FA | 巫獅對戰塔盃 LeoWizard BattleTower Cup #12,112,2026-09-19T13:00:00.000Z,,3-3-0,Gouging Fire x2 [B3a 054],True,,20,https://play.limitlesstcg.com/tournament/6aac7e78f127b1b52c27ba59/player/megaanyaex/decklist
Dragonair Mega Rayquaza ex,dragonair-mega-rayquaza-ex-b4,nyrq,nyrq the rookie,6aac7e78f127b1b52c27ba59,$40 USD+FA | 巫獅對戰塔盃 LeoWizard BattleTower Cup #12,112,2026-09-19T13:00:00.000Z,,2-3-0,Gouging Fire x2 [B3a 054],True,,20,https://play.limitlesstcg.com/tournament/6aac7e78f127b1b52c27ba59/player/nyrq/decklist
Dragonair Mega Rayquaza ex,dragonair-mega-rayquaza-ex-b4,rikujibra,rikujiBRA,6aac7e78f127b1b52c27ba59,$40 USD+FA | 巫獅對戰塔盃 LeoWizard BattleTower Cup #12,112,2026-09-19T13:00:00.000Z,,2-3-1,Gouging Fire x2 [B3a 054],True,,20,https://play.limitlesstcg.com/tournament/6aac7e78f127b1b52c27ba59/player/rikujibra/decklist
Dragonair Mega Rayquaza ex,dragonair-mega-rayquaza-ex-b4,vitorinsky,Vitorinsky,6aac7e78f127b1b52c27ba59,$40 USD+FA | 巫獅對戰塔盃 LeoWizard BattleTower Cup #12,112,2026-09-19T13:00:00.000Z,,3-1-0,Gouging Fire x2 [B3a 054]; Protective Poncho x1 [B2 147],True,,20,https://play.limitlesstcg.com/tournament/6aac7e78f127b1b52c27ba59/player/vitorinsky/decklist
Dragonair Mega Rayquaza ex,dragonair-mega-rayquaza-ex-b4,nagetto_zuki,Nagetto_Zuki,6a94b2ffabb9482237504367,♨️Sauna X Almond POG Tournament #24|10USD + FA!,110,2026-09-02T08:30:00.000Z,,2-3-0,Gouging Fire x2 [B3a 054],True,,20,https://play.limitlesstcg.com/tournament/6a94b2ffabb9482237504367/player/nagetto_zuki/decklist
Dragonair Mega Rayquaza ex,dragonair-mega-rayquaza-ex-b4,kam4l,KAM4L,6a7e2db92b308b6067b531d2,Umbreon99's Aura Sphere #5: $5 USD + OAK,89,2026-09-18T17:35:00.000Z,,2-3-0,Gouging Fire x2 [B3a 054],True,,20,https://play.limitlesstcg.com/tournament/6a7e2db92b308b6067b531d2/player/kam4l/decklist
Dragonair Mega Rayquaza ex,dragonair-mega-rayquaza-ex-b4,minato,minato,6aa682e4f1243e65f97ffebe,The PokeBounty Showdown Sunday Pop Up,83,2026-09-13T16:30:00.000Z,,2-4-0,Gouging Fire x2 [B3a 054],True,,20,https://play.limitlesstcg.com/tournament/6aa682e4f1243e65f97ffebe/player/minato/decklist
Dragonair Mega Rayquaza ex,dragonair-mega-rayquaza-ex-b4,melma,Melma,6a9e12feab080c8c957fc84e,♨️Sauna X Ev4de POG Tournament #27|10 USD+Top 4 FA,73,2026-09-11T03:10:00.000Z,,0-2-0,Gouging Fire x2 [B3a 054],True,,20,https://play.limitlesstcg.com/tournament/6a9e12feab080c8c957fc84e/player/melma/decklist
Dragonair Mega Rayquaza ex,dragonair-mega-rayquaza-ex-b4,legendixo,𝑿𝑻𝑹𝑬𝑴 | Legendixo,6ab3aa2de905c1db68748664,TH Event's Presents: When DX Pack?!|5$ + FA's!,68,2026-09-23T19:00:00.000Z,,3-3-0,Gouging Fire x2 [B3a 054],True,,20,https://play.limitlesstcg.com/tournament/6ab3aa2de905c1db68748664/player/legendixo/decklist
Dragonair Mega Rayquaza ex,dragonair-mega-rayquaza-ex-b4,redmaicon,redmaicon,6ab3aa2de905c1db68748664,TH Event's Presents: When DX Pack?!|5$ + FA's!,68,2026-09-23T19:00:00.000Z,,0-2-0,Gouging Fire x2 [B3a 054],True,,20,https://play.limitlesstcg.com/tournament/6ab3aa2de905c1db68748664/player/redmaicon/decklist
Dragonair Mega Rayquaza ex,dragonair-mega-rayquaza-ex-b4,wall456,Wall456,6ab3aa2de905c1db68748664,TH Event's Presents: When DX Pack?!|5$ + FA's!,68,2026-09-23T19:00:00.000Z,,1-2-0,Gouging Fire x2 [B3a 054],True,,20,https://play.limitlesstcg.com/tournament/6ab3aa2de905c1db68748664/player/wall456/decklist
Dragonair Mega Rayquaza ex,dragonair-mega-rayquaza-ex-b4,yonkodreco6th,Yonkodreco6th,6aa1e900a4272c53be64c5ce,THE BREAKFAST CLUB KELP CLASSIC #9 - $5,64,2026-09-10T03:20:00.000Z,,1-3-0,Gouging Fire x2 [B3a 054]; Protective Poncho x1 [B2 147],True,,20,https://play.limitlesstcg.com/tournament/6aa1e900a4272c53be64c5ce/player/yonkodreco6th/decklist
Dragonair Mega Rayquaza ex,dragonair-mega-rayquaza-ex-b4,ferrera26,Ferrera26,6aabc067f1243e65f98035ec,The TCGP Arena #6! Prizing: 🌟🌟 Cards,53,2026-09-21T17:00:00.000Z,,0-1-0,Gouging Fire x2 [B3a 054],True,,20,https://play.limitlesstcg.com/tournament/6aabc067f1243e65f98035ec/player/ferrera26/decklist
Dragonair Mega Rayquaza ex,dragonair-mega-rayquaza-ex-b4,xanypopper,²ᵀ|Xanny ,6aabc43df1243e65f9803602,DR KELP’S CHUM BUCKET POP UP,29,2026-09-17T14:15:00.000Z,,1-3-0,Gouging Fire x2 [B3a 054],True,,20,https://play.limitlesstcg.com/tournament/6aabc43df1243e65f9803602/player/xanypopper/decklist
Garchomp,garchomp-b4a,cosmooo,FrogEX | Cosmo,6a91426eabb94822375023de,Dark League Pop Up,21,2026-08-28T09:50:00.000Z,2,6-3-0,Protective Poncho x1 [B2 147],False,,20,https://play.limitlesstcg.com/tournament/6a91426eabb94822375023de/player/cosmooo/decklist
Garchomp,garchomp-b4a,scrat6962,TBC | Testi,6a947113629039f77d8a5c46,Dark League Pop Up,57,2026-08-30T22:40:00.000Z,12,5-3-0,Protective Poncho x1 [B2 147],False,,20,https://play.limitlesstcg.com/tournament/6a947113629039f77d8a5c46/player/scrat6962/decklist
Garchomp,garchomp-b4a,tetrycy,Tetrycy,6a90c1890580a332c842170e,🚀Nuggie's POG Tourney #14 $25 Winner Takes ALL🚀,106,2026-08-30T09:00:00.000Z,27,4-3-0,Rocky Helmet x1 [A2 148],False,,20,https://play.limitlesstcg.com/tournament/6a90c1890580a332c842170e/player/tetrycy/decklist
Garchomp,garchomp-b4a,lockpick04,Lockpick04,6a90e8157a62de8130140dee,The Breakfast Club Xastur's Showdown-$5+OAK+,97,2026-08-28T22:30:00.000Z,63,1-3-0,Protective Poncho x1 [B2 147],False,,20,https://play.limitlesstcg.com/tournament/6a90e8157a62de8130140dee/player/lockpick04/decklist
Garchomp,garchomp-b4a,alexapost7,Alexapost7,6a78c5912b308b6067b4f421,Tournament Vegegras cash prize 100usd,116,2026-09-05T19:05:00.000Z,68,1-6-0,Protective Poncho x1 [B2 147],False,,20,https://play.limitlesstcg.com/tournament/6a78c5912b308b6067b4f421/player/alexapost7/decklist
Garchomp,garchomp-b4a,zsway,Zsway,6a9f6899a4272c53be64a894,Umbreon99's Team Rocket's Bash: $10 USD + 🌈,172,2026-09-08T17:45:00.000Z,72,3-4-0,Protective Poncho x1 [B2 147],False,,20,https://play.limitlesstcg.com/tournament/6a9f6899a4272c53be64a894/player/zsway/decklist
Garchomp,garchomp-a2,ka1z0,Ka1z0,6a8c5eb881741245b151d7e3,PMPT #44 - TEAM ROCKETS AMBITION!!! | $100 USD,378,2026-08-29T16:00:00.000Z,292,1-2-0,Rocky Helmet x1 [A2 148],False,,20,https://play.limitlesstcg.com/tournament/6a8c5eb881741245b151d7e3/player/ka1z0/decklist
Garchomp,garchomp-b4a,ninjabunny,ninjabunny,6a8c5eb881741245b151d7e3,PMPT #44 - TEAM ROCKETS AMBITION!!! | $100 USD,378,2026-08-29T16:00:00.000Z,360,0-1-0,Protective Poncho x2 [B2 147],False,,20,https://play.limitlesstcg.com/tournament/6a8c5eb881741245b151d7e3/player/ninjabunny/decklist
Garchomp,garchomp-b4a,christia1993n,christia1993n,6a901ac60580a332c8420eaa,‼️$20 BEC'S 📛NEW SET PARTY - FA PRIZES🔻,133,2026-08-28T13:10:00.000Z,,1-2-0,Protective Poncho x1 [B2 147],False,,20,https://play.limitlesstcg.com/tournament/6a901ac60580a332c8420eaa/player/christia1993n/decklist
Garchomp,garchomp-b4a,mikamika_tti,MikaMika_tti,6a901ac60580a332c8420eaa,‼️$20 BEC'S 📛NEW SET PARTY - FA PRIZES🔻,133,2026-08-28T13:10:00.000Z,,1-1-0,Protective Poncho x1 [B2 147],False,,20,https://play.limitlesstcg.com/tournament/6a901ac60580a332c8420eaa/player/mikamika_tti/decklist
Garchomp,garchomp-b4a,nj_210zz,Nj_210zz,6a901ac60580a332c8420eaa,‼️$20 BEC'S 📛NEW SET PARTY - FA PRIZES🔻,133,2026-08-28T13:10:00.000Z,,0-1-0,Protective Poncho x1 [B2 147],False,,20,https://play.limitlesstcg.com/tournament/6a901ac60580a332c8420eaa/player/nj_210zz/decklist
Garchomp,garchomp-b4a,paabloo64,Pablo Fernández,6a9718fd629039f77d8a790e,Plasma Daily #23| Team Rocket's Ambitions| FA Card,119,2026-09-02T17:00:00.000Z,,2-3-0,Rocky Helmet x1 [A2 148],False,,20,https://play.limitlesstcg.com/tournament/6a9718fd629039f77d8a790e/player/paabloo64/decklist
Hoopa ex Greninja,hoopa-ex-b4-greninja-a1,kovacs469,kovacs469,6a78c5912b308b6067b4f421,Tournament Vegegras cash prize 100usd,116,2026-09-05T19:05:00.000Z,46,4-4-0,Mega Sableye ex x1 [B3b 041],False,,20,https://play.limitlesstcg.com/tournament/6a78c5912b308b6067b4f421/player/kovacs469/decklist
Hoopa ex Greninja,hoopa-ex-b4-greninja-a1,gst_chienpao,GST_ChienPao,6a8b75058302ae761e5fab7e,FAREWELL B4!|2x Hoopa ex RR Prize+More!|TH Series,81,2026-08-26T16:15:00.000Z,50,2-4-0,Mega Sableye ex x1 [B3b 041],False,,20,https://play.limitlesstcg.com/tournament/6a8b75058302ae761e5fab7e/player/gst_chienpao/decklist
Hoopa ex Greninja,hoopa-ex-b4-greninja-a1,dashmd,DashMD,6aa0471eab080c8c957fe27d,The PokeBounty Showdown $1000 Prize Pool (#2NA),142,2026-09-14T23:00:00.000Z,,0-3-0,Mega Sableye ex x1 [B3b 041],False,,20,https://play.limitlesstcg.com/tournament/6aa0471eab080c8c957fe27d/player/dashmd/decklist
Hoopa ex Greninja,hoopa-ex-b4-greninja-a1,newfirsniper,Newfirsniper,6aa0471eab080c8c957fe27d,The PokeBounty Showdown $1000 Prize Pool (#2NA),142,2026-09-14T23:00:00.000Z,,0-1-0,Mega Sableye ex x1 [B3b 041],False,,20,https://play.limitlesstcg.com/tournament/6aa0471eab080c8c957fe27d/player/newfirsniper/decklist
Hoopa ex Greninja,hoopa-ex-b4-greninja-a1,illus,Illus,6a9e12feab080c8c957fc84e,♨️Sauna X Ev4de POG Tournament #27|10 USD+Top 4 FA,73,2026-09-11T03:10:00.000Z,,1-3-0,Mega Sableye ex x1 [B3b 041],False,,20,https://play.limitlesstcg.com/tournament/6a9e12feab080c8c957fc84e/player/illus/decklist
Hoopa ex Greninja,hoopa-ex-b4-greninja-a1,vitorinsky,Vitorinsky,6aa2a732a4272c53be64cdf1,DR KELP’S CHUM BUCKET POP UP,37,2026-09-10T14:15:00.000Z,,1-3-0,Mega Sableye ex x1 [B3b 041],False,,20,https://play.limitlesstcg.com/tournament/6aa2a732a4272c53be64cdf1/player/vitorinsky/decklist
Hoopa ex Mega Sableye ex,hoopa-ex-b4-mega-sableye-ex-b3b,ibrakadabra,MONO . Ibrakadabra,6a8ea2690580a332c8420304,Rozey Birthday Pop Up By Dark league,29,2026-08-26T10:35:00.000Z,1,9-0-0,Mega Sableye ex x1 [B3b 041],False,,20,https://play.limitlesstcg.com/tournament/6a8ea2690580a332c8420304/player/ibrakadabra/decklist
Hoopa ex Mega Sableye ex,hoopa-ex-b4-mega-sableye-ex-b3b,iromm,Eleven Gomes,6a88ce398302ae761e5f8954,🇧🇷 Hit Pocket #3 | TCG Pocket,24,2026-08-29T00:00:00.000Z,2,5-3-0,Mega Sableye ex x1 [B3b 041],False,,20,https://play.limitlesstcg.com/tournament/6a88ce398302ae761e5f8954/player/iromm/decklist
Hoopa ex Mega Sableye ex,hoopa-ex-b4-mega-sableye-ex-b3b,akage,𝗠𝗮𝗴𝗺𝗮 Akage,6a947113629039f77d8a5c46,Dark League Pop Up,57,2026-08-30T22:40:00.000Z,6,6-2-1,Mega Sableye ex x1 [B3b 041],False,,20,https://play.limitlesstcg.com/tournament/6a947113629039f77d8a5c46/player/akage/decklist
Hoopa ex Mega Sableye ex,hoopa-ex-b4-mega-sableye-ex-b3b,merls_95,Merls_95,6aa682e4f1243e65f97ffebe,The PokeBounty Showdown Sunday Pop Up,83,2026-09-13T16:30:00.000Z,9,5-2-1,Mega Sableye ex x1 [B3b 041],False,,20,https://play.limitlesstcg.com/tournament/6aa682e4f1243e65f97ffebe/player/merls_95/decklist
Hoopa ex Mega Sableye ex,hoopa-ex-b4-mega-sableye-ex-b3b,kurage,Kurage,6aa17ddeab080c8c957ff0fe,Dark League Pocket Tournament | 20$USD Prize Pool,118,2026-09-12T20:30:00.000Z,12,6-3-1,Mega Sableye ex x1 [B3b 041],False,,20,https://play.limitlesstcg.com/tournament/6aa17ddeab080c8c957ff0fe/player/kurage/decklist
Hoopa ex Mega Sableye ex,hoopa-ex-b4-mega-sableye-ex-b3b,theviice,𝗠𝗮𝗴𝗺𝗮 TheViice,6aa0471eab080c8c957fe27d,The PokeBounty Showdown $1000 Prize Pool (#2NA),142,2026-09-14T23:00:00.000Z,15,5-3-0,Mega Sableye ex x1 [B3b 041],False,,20,https://play.limitlesstcg.com/tournament/6aa0471eab080c8c957fe27d/player/theviice/decklist
Hoopa ex Mega Sableye ex,hoopa-ex-b4-mega-sableye-ex-b3b,beachboy,Yami no Game,6aaac3d9f1243e65f9802bad,🥊 20$ BEC'S KING OF THE HILL - ANY FA PRIZE!,95,2026-09-18T13:00:00.000Z,17,2-1-0,Mega Sableye ex x1 [B3b 041],False,,20,https://play.limitlesstcg.com/tournament/6aaac3d9f1243e65f9802bad/player/beachboy/decklist
Hoopa ex Mega Sableye ex,hoopa-ex-b4-mega-sableye-ex-b3b,maskzin,João Duarte,6a9ed1b3ab080c8c957fcda5,🇧🇷 Hit Sparrow #11 | TCG Pocket,22,2026-09-09T22:00:00.000Z,17,1-3-0,Mega Sableye ex x1 [B3b 041],False,,20,https://play.limitlesstcg.com/tournament/6a9ed1b3ab080c8c957fcda5/player/maskzin/decklist
Hoopa ex Mega Sableye ex,hoopa-ex-b4-mega-sableye-ex-b3b,shinra67,𝗕𝗢𝗔𝗧| Satoru Gojo,6a9dc423ab080c8c957fc250,The Breakfast Club Nightly-$20,118,2026-09-07T00:45:00.000Z,18,5-2-1,Mega Sableye ex x1 [B3b 041],False,,20,https://play.limitlesstcg.com/tournament/6a9dc423ab080c8c957fc250/player/shinra67/decklist
Hoopa ex Mega Sableye ex,hoopa-ex-b4-mega-sableye-ex-b3b,cerci,Cerci,6a8b75058302ae761e5fab7e,FAREWELL B4!|2x Hoopa ex RR Prize+More!|TH Series,81,2026-08-26T16:15:00.000Z,19,4-3-0,Mega Sableye ex x1 [B3b 041],False,,20,https://play.limitlesstcg.com/tournament/6a8b75058302ae761e5fab7e/player/cerci/decklist
Hoopa ex Mega Sableye ex,hoopa-ex-b4-mega-sableye-ex-b3b,ibrakadabra,𝗠𝗢𝗡𝗢 . Ibrakadabra,6a9718fd629039f77d8a790e,Plasma Daily #23| Team Rocket's Ambitions| FA Card,119,2026-09-02T17:00:00.000Z,22,4-2-1,Mega Sableye ex x1 [B3b 041],False,,20,https://play.limitlesstcg.com/tournament/6a9718fd629039f77d8a790e/player/ibrakadabra/decklist
Hoopa ex Mega Sableye ex,hoopa-ex-b4-mega-sableye-ex-b3b,porygon3,Porygon3,6a9829c8a4272c53be644d74,The PokeBounty Showdown $1000 Prize Pool (#1),132,2026-09-07T23:00:00.000Z,23,5-2-1,Mega Sableye ex x1 [B3b 041],False,,20,https://play.limitlesstcg.com/tournament/6a9829c8a4272c53be644d74/player/porygon3/decklist
Hoopa ex Mega Sableye ex,hoopa-ex-b4-mega-sableye-ex-b3b,alex_tart,Alex_Tart,6a8b75058302ae761e5fab7e,FAREWELL B4!|2x Hoopa ex RR Prize+More!|TH Series,81,2026-08-26T16:15:00.000Z,23,4-3-0,Mega Sableye ex x1 [B3b 041],False,,20,https://play.limitlesstcg.com/tournament/6a8b75058302ae761e5fab7e/player/alex_tart/decklist
Hoopa ex Mega Sableye ex,hoopa-ex-b4-mega-sableye-ex-b3b,manutan,Manutan,6aa6eed0f1243e65f9800555,🩷random r0zey pop up #3 | $25 + FA🩷,146,2026-09-13T22:50:00.000Z,27,4-3-1,Mega Sableye ex x1 [B3b 041],False,,20,https://play.limitlesstcg.com/tournament/6aa6eed0f1243e65f9800555/player/manutan/decklist
Hoopa ex Mega Sableye ex,hoopa-ex-b4-mega-sableye-ex-b3b,iromm,IROMM,6a8de28f0580a332c841fd99,The TCGP Arena #5! Prizing: Full Art TRA Cards!,108,2026-08-27T17:00:00.000Z,31,4-3-0,Mega Sableye ex x1 [B3b 041],False,,20,https://play.limitlesstcg.com/tournament/6a8de28f0580a332c841fd99/player/iromm/decklist
Hoopa ex Mega Sableye ex,hoopa-ex-b4-mega-sableye-ex-b3b,kurage,Kurage,6a9d55b3ab080c8c957fbaa6,OTS Pokemon TCG Pocket Arena Pop Up | $5 USD,65,2026-09-06T18:00:00.000Z,32,2-4-0,Mega Sableye ex x1 [B3b 041],False,,20,https://play.limitlesstcg.com/tournament/6a9d55b3ab080c8c957fbaa6/player/kurage/decklist
Hoopa ex Mega Sableye ex,hoopa-ex-b4-mega-sableye-ex-b3b,iromm,Eleven Gomes,6a901ac60580a332c8420eaa,‼️$20 BEC'S 📛NEW SET PARTY - FA PRIZES🔻,133,2026-08-28T13:10:00.000Z,36,4-3-0,Mega Sableye ex x1 [B3b 041],False,,20,https://play.limitlesstcg.com/tournament/6a901ac60580a332c8420eaa/player/iromm/decklist
Hoopa ex Mega Sableye ex,hoopa-ex-b4-mega-sableye-ex-b3b,iromm,Eleven Gomes,6a90e8157a62de8130140dee,The Breakfast Club Xastur's Showdown-$5+OAK+,97,2026-08-28T22:30:00.000Z,37,3-4-0,Mega Sableye ex x1 [B3b 041],False,,20,https://play.limitlesstcg.com/tournament/6a90e8157a62de8130140dee/player/iromm/decklist
Hoopa ex Mega Sableye ex,hoopa-ex-b4-mega-sableye-ex-b3b,manutan,Manutan,6aa17ddeab080c8c957ff0fe,Dark League Pocket Tournament | 20$USD Prize Pool,118,2026-09-12T20:30:00.000Z,40,3-4-0,Mega Sableye ex x1 [B3b 041],False,,20,https://play.limitlesstcg.com/tournament/6aa17ddeab080c8c957ff0fe/player/manutan/decklist
Hoopa ex Mega Sableye ex,hoopa-ex-b4-mega-sableye-ex-b3b,porygon3,Porygon3,6a9dc423ab080c8c957fc250,The Breakfast Club Nightly-$20,118,2026-09-07T00:45:00.000Z,41,4-3-0,Mega Sableye ex x1 [B3b 041],False,,20,https://play.limitlesstcg.com/tournament/6a9dc423ab080c8c957fc250/player/porygon3/decklist
Hoopa ex Mega Sableye ex,hoopa-ex-b4-mega-sableye-ex-b3b,elluquitas96,elluquitas96,6a9d55b3ab080c8c957fbaa6,OTS Pokemon TCG Pocket Arena Pop Up | $5 USD,65,2026-09-06T18:00:00.000Z,49,1-2-0,Mega Sableye ex x1 [B3b 041],False,,20,https://play.limitlesstcg.com/tournament/6a9d55b3ab080c8c957fbaa6/player/elluquitas96/decklist
Hoopa ex Mega Sableye ex,hoopa-ex-b4-mega-sableye-ex-b3b,melma,Melma,6aa0471eab080c8c957fe27d,The PokeBounty Showdown $1000 Prize Pool (#2NA),142,2026-09-14T23:00:00.000Z,56,3-3-0,Mega Sableye ex x1 [B3b 041],False,,20,https://play.limitlesstcg.com/tournament/6aa0471eab080c8c957fe27d/player/melma/decklist
Hoopa ex Mega Sableye ex,hoopa-ex-b4-mega-sableye-ex-b3b,akage,𝗠𝗮𝗴𝗺𝗮 Akage,6a9829c8a4272c53be644d74,The PokeBounty Showdown $1000 Prize Pool (#1),132,2026-09-07T23:00:00.000Z,56,3-3-0,Mega Sableye ex x1 [B3b 041],False,,20,https://play.limitlesstcg.com/tournament/6a9829c8a4272c53be644d74/player/akage/decklist
Hoopa ex Mega Sableye ex,hoopa-ex-b4-mega-sableye-ex-b3b,r2r_k5,r2r ,6a8b75058302ae761e5fab7e,FAREWELL B4!|2x Hoopa ex RR Prize+More!|TH Series,81,2026-08-26T16:15:00.000Z,61,1-3-0,Mega Sableye ex x1 [B3b 041],False,,20,https://play.limitlesstcg.com/tournament/6a8b75058302ae761e5fab7e/player/r2r_k5/decklist
Hoopa ex Mega Sableye ex,hoopa-ex-b4-mega-sableye-ex-b3b,jenamica,Jenamica,6a7e2b83cdc0391d7fa65afb,Umbreon99's Aura Sphere #4: $15 USD + Oak,219,2026-09-11T17:45:00.000Z,70,4-4-0,Rocky Helmet x1 [A2 148]; Mega Sableye ex x1 [B3b 041],False,,20,https://play.limitlesstcg.com/tournament/6a7e2b83cdc0391d7fa65afb/player/jenamica/decklist
Hoopa ex Mega Sableye ex,hoopa-ex-b4-mega-sableye-ex-b3b,byzer09,byZer09,6a8c5eb881741245b151d7e3,PMPT #44 - TEAM ROCKETS AMBITION!!! | $100 USD,378,2026-08-29T16:00:00.000Z,130,3-3-0,Mega Sableye ex x1 [B3b 041],False,,20,https://play.limitlesstcg.com/tournament/6a8c5eb881741245b151d7e3/player/byzer09/decklist
Hoopa ex Mega Sableye ex,hoopa-ex-b4-mega-sableye-ex-b3b,fansas,FANSAS,6a9f6899a4272c53be64a894,Umbreon99's Team Rocket's Bash: $10 USD + 🌈,172,2026-09-08T17:45:00.000Z,,3-3-0,Mega Sableye ex x1 [B3b 041],False,,20,https://play.limitlesstcg.com/tournament/6a9f6899a4272c53be64a894/player/fansas/decklist
Hoopa ex Mega Sableye ex,hoopa-ex-b4-mega-sableye-ex-b3b,fabiowastaken,𝗠𝗮𝗴𝗺𝗮 Fabio,6a789b5ccdc0391d7fa61ba9,The Dark League | CELEBRATORY FANFARE 685$ Value,120,2026-09-05T20:05:00.000Z,,1-1-0,Mega Sableye ex x1 [B3b 041],False,,20,https://play.limitlesstcg.com/tournament/6a789b5ccdc0391d7fa61ba9/player/fabiowastaken/decklist
Hoopa ex Mega Sableye ex,hoopa-ex-b4-mega-sableye-ex-b3b,kurage,Kurage,6a789b5ccdc0391d7fa61ba9,The Dark League | CELEBRATORY FANFARE 685$ Value,120,2026-09-05T20:05:00.000Z,,1-6-0,Mega Sableye ex x1 [B3b 041],False,,20,https://play.limitlesstcg.com/tournament/6a789b5ccdc0391d7fa61ba9/player/kurage/decklist
Hoopa ex Mega Sableye ex,hoopa-ex-b4-mega-sableye-ex-b3b,okarun,okarun,6aa17ddeab080c8c957ff0fe,Dark League Pocket Tournament | 20$USD Prize Pool,118,2026-09-12T20:30:00.000Z,,2-3-1,Mega Sableye ex x1 [B3b 041],False,,20,https://play.limitlesstcg.com/tournament/6aa17ddeab080c8c957ff0fe/player/okarun/decklist
Hoopa ex Mega Sableye ex,hoopa-ex-b4-mega-sableye-ex-b3b,fabiowastaken,𝗠𝗮𝗴𝗺𝗮 Fabio,6a78c5912b308b6067b4f421,Tournament Vegegras cash prize 100usd,116,2026-09-05T19:05:00.000Z,,2-4-0,Mega Sableye ex x1 [B3b 041],False,,20,https://play.limitlesstcg.com/tournament/6a78c5912b308b6067b4f421/player/fabiowastaken/decklist
Hoopa ex Mega Sableye ex,hoopa-ex-b4-mega-sableye-ex-b3b,kurage,Kurage,6a78c5912b308b6067b4f421,Tournament Vegegras cash prize 100usd,116,2026-09-05T19:05:00.000Z,,0-2-0,Mega Sableye ex x1 [B3b 041],False,,20,https://play.limitlesstcg.com/tournament/6a78c5912b308b6067b4f421/player/kurage/decklist
Hoopa ex Mega Sableye ex,hoopa-ex-b4-mega-sableye-ex-b3b,sheriff_james,Sheriff_James,6a981923a4272c53be644ca8,DR. KELP’S CHUM BUCKET POP UP,31,2026-09-02T14:00:00.000Z,,2-2-0,Mega Sableye ex x1 [B3b 041],False,,20,https://play.limitlesstcg.com/tournament/6a981923a4272c53be644ca8/player/sheriff_james/decklist
Hoopa ex Mega Sableye ex,hoopa-ex-b4-mega-sableye-ex-b3b,jenamica,Jenamica,6aabc43df1243e65f9803602,DR KELP’S CHUM BUCKET POP UP,29,2026-09-17T14:15:00.000Z,,2-3-0,Mega Sableye ex x1 [B3b 041],False,,20,https://play.limitlesstcg.com/tournament/6aabc43df1243e65f9803602/player/jenamica/decklist
Hydreigon Mega Absol ex,hydreigon-mega-absol-ex-b1,paolo98,Paolo98,6a9718fd629039f77d8a790e,Plasma Daily #23| Team Rocket's Ambitions| FA Card,119,2026-09-02T17:00:00.000Z,28,4-3-0,Rocky Helmet x2 [A2 148],False,,20,https://play.limitlesstcg.com/tournament/6a9718fd629039f77d8a790e/player/paolo98/decklist
Hydreigon Mega Absol ex,hydreigon-mega-absol-ex-b1,kabesu,KABESU,6a94b2ffabb9482237504367,♨️Sauna X Almond POG Tournament #24|10USD + FA!,110,2026-09-02T08:30:00.000Z,28,4-3-0,Rocky Helmet x1 [A2 148],False,,20,https://play.limitlesstcg.com/tournament/6a94b2ffabb9482237504367/player/kabesu/decklist
Hydreigon Mega Absol ex,hydreigon-mega-absol-ex-b1,paolo98,Paolo98,6a985d35ab080c8c957f7fac,The Dark League Tournament | POP UP,77,2026-09-02T21:10:00.000Z,39,1-6-0,Rocky Helmet x2 [A2 148],False,,20,https://play.limitlesstcg.com/tournament/6a985d35ab080c8c957f7fac/player/paolo98/decklist
Hydreigon Mega Absol ex,hydreigon-mega-absol-ex-b1,eissiyal092,EISSIYAL092,6a918b3d629039f77d8a40ca,Pop Up Series 8 || 3 FA OAKS + DX SHINIES,66,2026-08-29T03:00:00.000Z,65,0-2-0,Rocky Helmet x1 [A2 148],False,,20,https://play.limitlesstcg.com/tournament/6a918b3d629039f77d8a40ca/player/eissiyal092/decklist
Hydreigon Mega Absol ex,hydreigon-mega-absol-ex-b1,lbn924,𝙄𝙈𝙋 | Lbn,6a7e2b83cdc0391d7fa65afb,Umbreon99's Aura Sphere #4: $15 USD + Oak,219,2026-09-11T17:45:00.000Z,,2-3-0,Rocky Helmet x2 [A2 148],False,,20,https://play.limitlesstcg.com/tournament/6a7e2b83cdc0391d7fa65afb/player/lbn924/decklist
Hydreigon Mega Absol ex,hydreigon-mega-absol-ex-b1,2sick,𝗕𝗔𝗗𝗗𝗜𝗘| ²ꜱɪᴄᴋ,6a9f6899a4272c53be64a894,Umbreon99's Team Rocket's Bash: $10 USD + 🌈,172,2026-09-08T17:45:00.000Z,,2-3-0,Rocky Helmet x2 [A2 148],False,,20,https://play.limitlesstcg.com/tournament/6a9f6899a4272c53be64a894/player/2sick/decklist
Hydreigon Mega Absol ex,hydreigon-mega-absol-ex-b1,eissiyal092,EISSIYAL092,6a901ac60580a332c8420eaa,‼️$20 BEC'S 📛NEW SET PARTY - FA PRIZES🔻,133,2026-08-28T13:10:00.000Z,,1-2-0,Rocky Helmet x2 [A2 148],False,,20,https://play.limitlesstcg.com/tournament/6a901ac60580a332c8420eaa/player/eissiyal092/decklist
Hydreigon Mega Absol ex,hydreigon-mega-absol-ex-b1,six420,Six420,6aa17ddeab080c8c957ff0fe,Dark League Pocket Tournament | 20$USD Prize Pool,118,2026-09-12T20:30:00.000Z,,3-4-0,Rocky Helmet x2 [A2 148],False,,20,https://play.limitlesstcg.com/tournament/6aa17ddeab080c8c957ff0fe/player/six420/decklist
Hydreigon Mega Absol ex,hydreigon-mega-absol-ex-b1,sparza,Sparza,6a7e2db92b308b6067b531d2,Umbreon99's Aura Sphere #5: $5 USD + OAK,89,2026-09-18T17:35:00.000Z,,2-3-0,Rocky Helmet x1 [A2 148],False,,20,https://play.limitlesstcg.com/tournament/6a7e2db92b308b6067b531d2/player/sparza/decklist
Hydreigon Mega Absol ex,hydreigon-mega-absol-ex-b1,six420,Six420,6a9e12feab080c8c957fc84e,♨️Sauna X Ev4de POG Tournament #27|10 USD+Top 4 FA,73,2026-09-11T03:10:00.000Z,,1-3-0,Rocky Helmet x2 [A2 148],False,,20,https://play.limitlesstcg.com/tournament/6a9e12feab080c8c957fc84e/player/six420/decklist
Jumpluff ex Team Rocket's Electrode,jumpluff-ex-a4a-team-rockets-electrode-b4a,ravenoussix,INLG | RavenousSix,6a96069dabb9482237504f7f,Plasma Daily #22| Team Rocket's Ambitions| FA Card,113,2026-09-01T17:00:00.000Z,7,6-2-1,Rocky Helmet x2 [A2 148],False,,20,https://play.limitlesstcg.com/tournament/6a96069dabb9482237504f7f/player/ravenoussix/decklist
Jumpluff ex Team Rocket's Electrode,jumpluff-ex-a4a-team-rockets-electrode-b4a,christopher_0626,Christopher_0626,6a99bbffa4272c53be645f44,Block Dragon Pop Up (RR Team Rockets Raticate),60,2026-09-03T20:45:00.000Z,9,6-1-0,Rocky Helmet x2 [A2 148],False,,20,https://play.limitlesstcg.com/tournament/6a99bbffa4272c53be645f44/player/christopher_0626/decklist
Jumpluff ex Team Rocket's Electrode,jumpluff-ex-a4a-team-rockets-electrode-b4a,castro37,𝗕𝗧𝗚 | Lucas Costa,6a92710aabb9482237502fc0,🇧🇷 Hit Sparrow #10 | TCG Pocket,20,2026-09-02T22:00:00.000Z,11,1-1-1,Rocky Helmet x2 [A2 148],False,,20,https://play.limitlesstcg.com/tournament/6a92710aabb9482237502fc0/player/castro37/decklist
Jumpluff ex Team Rocket's Electrode,jumpluff-ex-a4a-team-rockets-electrode-b4a,flipinton,Flipinton,6a9b22fba4272c53be646f96,OTS Pokemon TCG Pocket Arena Pop Up,14,2026-09-04T22:00:00.000Z,11,1-3-0,Rocky Helmet x2 [A2 148],False,,20,https://play.limitlesstcg.com/tournament/6a9b22fba4272c53be646f96/player/flipinton/decklist
Jumpluff ex Team Rocket's Electrode,jumpluff-ex-a4a-team-rockets-electrode-b4a,gavinkadink,Gavinkadink,6aaad41638886b36383c1ad5,Pop Up Series 9 || FA OAK,27,2026-09-17T03:00:00.000Z,13,2-2-1,Rocky Helmet x2 [A2 148],False,,20,https://play.limitlesstcg.com/tournament/6aaad41638886b36383c1ad5/player/gavinkadink/decklist
Jumpluff ex Team Rocket's Electrode,jumpluff-ex-a4a-team-rockets-electrode-b4a,draxoz,DraXoZ,6a981923a4272c53be644ca8,DR. KELP’S CHUM BUCKET POP UP,31,2026-09-02T14:00:00.000Z,17,2-3-1,Rocky Helmet x2 [A2 148],False,,20,https://play.limitlesstcg.com/tournament/6a981923a4272c53be644ca8/player/draxoz/decklist
Jumpluff ex Team Rocket's Electrode,jumpluff-ex-a4a-team-rockets-electrode-b4a,ravenoussix,INLG | RavenousSix,6a96b86babb948223750549c,Dark League Pop Up,46,2026-09-01T14:15:00.000Z,20,3-3-1,Rocky Helmet x2 [A2 148],False,,20,https://play.limitlesstcg.com/tournament/6a96b86babb948223750549c/player/ravenoussix/decklist
Jumpluff ex Team Rocket's Electrode,jumpluff-ex-a4a-team-rockets-electrode-b4a,zonice,𝙄𝙈𝙋 | Zonice,6a94b2ffabb9482237504367,♨️Sauna X Almond POG Tournament #24|10USD + FA!,110,2026-09-02T08:30:00.000Z,31,4-3-0,Rocky Helmet x2 [A2 148],False,,20,https://play.limitlesstcg.com/tournament/6a94b2ffabb9482237504367/player/zonice/decklist
Jumpluff ex Team Rocket's Electrode,jumpluff-ex-a4a-team-rockets-electrode-b4a,draxoz,DraXoZ,6aa682e4f1243e65f97ffebe,The PokeBounty Showdown Sunday Pop Up,83,2026-09-13T16:30:00.000Z,38,3-3-0,Rocky Helmet x2 [A2 148],False,,20,https://play.limitlesstcg.com/tournament/6aa682e4f1243e65f97ffebe/player/draxoz/decklist
Jumpluff ex Team Rocket's Electrode,jumpluff-ex-a4a-team-rockets-electrode-b4a,neophyte885,Neophyte885,6a98fd1ba4272c53be6457c3,TBC The Rowdy Russell Rumble-$20-QUICK,53,2026-09-03T05:15:00.000Z,43,1-5-0,Rocky Helmet x2 [A2 148],False,,20,https://play.limitlesstcg.com/tournament/6a98fd1ba4272c53be6457c3/player/neophyte885/decklist
Jumpluff ex Team Rocket's Electrode,jumpluff-ex-a4a-team-rockets-electrode-b4a,7earless,7earless,6a9b4f52ab080c8c957fa3d7,TBC Presents: Breakfast & Breakdowns🔥,97,2026-09-06T01:45:00.000Z,44,3-4-0,Rocky Helmet x2 [A2 148],False,,20,https://play.limitlesstcg.com/tournament/6a9b4f52ab080c8c957fa3d7/player/7earless/decklist
Jumpluff ex Team Rocket's Electrode,jumpluff-ex-a4a-team-rockets-electrode-b4a,neophyte885,Neophyte885,6a94b2ffabb9482237504367,♨️Sauna X Almond POG Tournament #24|10USD + FA!,110,2026-09-02T08:30:00.000Z,47,3-3-0,Rocky Helmet x2 [A2 148],False,,20,https://play.limitlesstcg.com/tournament/6a94b2ffabb9482237504367/player/neophyte885/decklist
Jumpluff ex Team Rocket's Electrode,jumpluff-ex-a4a-team-rockets-electrode-b4a,draxoz,DraXoZ,6a9718fd629039f77d8a790e,Plasma Daily #23| Team Rocket's Ambitions| FA Card,119,2026-09-02T17:00:00.000Z,54,2-4-0,Rocky Helmet x2 [A2 148],False,,20,https://play.limitlesstcg.com/tournament/6a9718fd629039f77d8a790e/player/draxoz/decklist
Jumpluff ex Team Rocket's Electrode,jumpluff-ex-a4a-team-rockets-electrode-b4a,breaking2mirror,Breaking2mirror,6a8c5eb881741245b151d7e3,PMPT #44 - TEAM ROCKETS AMBITION!!! | $100 USD,378,2026-08-29T16:00:00.000Z,90,4-3-0,Rocky Helmet x2 [A2 148],False,,20,https://play.limitlesstcg.com/tournament/6a8c5eb881741245b151d7e3/player/breaking2mirror/decklist
Jumpluff ex Team Rocket's Electrode,jumpluff-ex-a4a-team-rockets-electrode-b4a,fury64140,Fury64140,6a9718fd629039f77d8a790e,Plasma Daily #23| Team Rocket's Ambitions| FA Card,119,2026-09-02T17:00:00.000Z,,2-3-0,Rocky Helmet x2 [A2 148],False,,20,https://play.limitlesstcg.com/tournament/6a9718fd629039f77d8a790e/player/fury64140/decklist
Jumpluff ex Team Rocket's Electrode,jumpluff-ex-a4a-team-rockets-electrode-b4a,garoth,VIP Garoth,6a90c1890580a332c842170e,🚀Nuggie's POG Tourney #14 $25 Winner Takes ALL🚀,106,2026-08-30T09:00:00.000Z,,0-2-0,Rocky Helmet x2 [A2 148],False,,20,https://play.limitlesstcg.com/tournament/6a90c1890580a332c842170e/player/garoth/decklist
Jumpluff ex Team Rocket's Electrode,jumpluff-ex-a4a-team-rockets-electrode-b4a,tababahani,TABABAGANI TABABAGANI,6a947113629039f77d8a5c46,Dark League Pop Up,57,2026-08-30T22:40:00.000Z,,2-3-0,Rocky Helmet x2 [A2 148],False,,20,https://play.limitlesstcg.com/tournament/6a947113629039f77d8a5c46/player/tababahani/decklist
Magnezone Miraidon ex,magnezone-b1a-miraidon-ex-b3a,corndog_xx,CornDog_XX,6a901ac60580a332c8420eaa,‼️$20 BEC'S 📛NEW SET PARTY - FA PRIZES🔻,133,2026-08-28T13:10:00.000Z,19,5-1-2,Protective Poncho x1 [B2 147],False,,20,https://play.limitlesstcg.com/tournament/6a901ac60580a332c8420eaa/player/corndog_xx/decklist
Magnezone Miraidon ex,magnezone-b1a-miraidon-ex-b3a,acad,Acad,6a8b75058302ae761e5fab7e,FAREWELL B4!|2x Hoopa ex RR Prize+More!|TH Series,81,2026-08-26T16:15:00.000Z,49,2-3-0,Protective Poncho x2 [B2 147],False,,20,https://play.limitlesstcg.com/tournament/6a8b75058302ae761e5fab7e/player/acad/decklist
Magnezone Miraidon ex,magnezone-b1a-miraidon-ex-b3a,tazzi95,Tazzi95,6a901ac60580a332c8420eaa,‼️$20 BEC'S 📛NEW SET PARTY - FA PRIZES🔻,133,2026-08-28T13:10:00.000Z,,1-1-0,Rocky Helmet x2 [A2 148],False,,20,https://play.limitlesstcg.com/tournament/6a901ac60580a332c8420eaa/player/tazzi95/decklist
Magnezone ex Magnezone,magnezone-ex-b3-magnezone-b1a,warpis,𝗠𝗲𝗴𝗮 SIPRAW 𝗘𝗫,6a90e8157a62de8130140dee,The Breakfast Club Xastur's Showdown-$5+OAK+,97,2026-08-28T22:30:00.000Z,6,7-2-1,Protective Poncho x1 [B2 147],False,,20,https://play.limitlesstcg.com/tournament/6a90e8157a62de8130140dee/player/warpis/decklist
Magnezone ex Magnezone,magnezone-ex-b3-magnezone-b1a,liquidedge,LiquidEdge,6a8c5eb881741245b151d7e3,PMPT #44 - TEAM ROCKETS AMBITION!!! | $100 USD,378,2026-08-29T16:00:00.000Z,8,9-3-0,Protective Poncho x1 [B2 147],False,,20,https://play.limitlesstcg.com/tournament/6a8c5eb881741245b151d7e3/player/liquidedge/decklist
Magnezone ex Magnezone,magnezone-ex-b3-magnezone-b1a,angrypikachu,AngryPikachu,6ab3aa2de905c1db68748664,TH Event's Presents: When DX Pack?!|5$ + FA's!,68,2026-09-23T19:00:00.000Z,9,5-1-2,Protective Poncho x1 [B2 147],False,,20,https://play.limitlesstcg.com/tournament/6ab3aa2de905c1db68748664/player/angrypikachu/decklist
Magnezone ex Magnezone,magnezone-ex-b3-magnezone-b1a,angrypikachu,AngryPikachu,6a98b6dfab080c8c957f8554,Block Dragon Pop Up (RR Vespiquen),48,2026-09-03T02:15:00.000Z,9,5-2-0,Protective Poncho x1 [B2 147],False,,20,https://play.limitlesstcg.com/tournament/6a98b6dfab080c8c957f8554/player/angrypikachu/decklist
Magnezone ex Magnezone,magnezone-ex-b3-magnezone-b1a,zagazaga,ZaGaZaGa,6a8c5eb881741245b151d7e3,PMPT #44 - TEAM ROCKETS AMBITION!!! | $100 USD,378,2026-08-29T16:00:00.000Z,15,8-3-0,Protective Poncho x1 [B2 147],False,,20,https://play.limitlesstcg.com/tournament/6a8c5eb881741245b151d7e3/player/zagazaga/decklist
Magnezone ex Magnezone,magnezone-ex-b3-magnezone-b1a,njjord7,FrogEX | Njord,6a918b3d629039f77d8a40ca,Pop Up Series 8 || 3 FA OAKS + DX SHINIES,66,2026-08-29T03:00:00.000Z,20,3-2-0,Protective Poncho x1 [B2 147],False,,20,https://play.limitlesstcg.com/tournament/6a918b3d629039f77d8a40ca/player/njjord7/decklist
Magnezone ex Magnezone,magnezone-ex-b3-magnezone-b1a,juanpcv4540,DG | Juanpcv ,6a8c5eb881741245b151d7e3,PMPT #44 - TEAM ROCKETS AMBITION!!! | $100 USD,378,2026-08-29T16:00:00.000Z,23,7-2-1,Protective Poncho x1 [B2 147],False,,20,https://play.limitlesstcg.com/tournament/6a8c5eb881741245b151d7e3/player/juanpcv4540/decklist
Magnezone ex Magnezone,magnezone-ex-b3-magnezone-b1a,light_dn,Light_DN,6a8c5eb881741245b151d7e3,PMPT #44 - TEAM ROCKETS AMBITION!!! | $100 USD,378,2026-08-29T16:00:00.000Z,42,6-2-1,Protective Poncho x1 [B2 147],False,,20,https://play.limitlesstcg.com/tournament/6a8c5eb881741245b151d7e3/player/light_dn/decklist
Magnezone ex Magnezone,magnezone-ex-b3-magnezone-b1a,javiee333,𝗠𝗢𝗡⭐️ | Javiee333,6aa6eed0f1243e65f9800555,🩷random r0zey pop up #3 | $25 + FA🩷,146,2026-09-13T22:50:00.000Z,45,4-3-0,Protective Poncho x1 [B2 147],False,,20,https://play.limitlesstcg.com/tournament/6aa6eed0f1243e65f9800555/player/javiee333/decklist
Magnezone ex Magnezone,magnezone-ex-b3-magnezone-b1a,flipand11,flipand11,6a96069dabb9482237504f7f,Plasma Daily #22| Team Rocket's Ambitions| FA Card,113,2026-09-01T17:00:00.000Z,46,3-3-0,Protective Poncho x1 [B2 147],False,,20,https://play.limitlesstcg.com/tournament/6a96069dabb9482237504f7f/player/flipand11/decklist
Magnezone ex Magnezone,magnezone-ex-b3-magnezone-b1a,marckedcards,MarckedCards,6a8c5eb881741245b151d7e3,PMPT #44 - TEAM ROCKETS AMBITION!!! | $100 USD,378,2026-08-29T16:00:00.000Z,48,6-3-0,Protective Poncho x1 [B2 147],False,,20,https://play.limitlesstcg.com/tournament/6a8c5eb881741245b151d7e3/player/marckedcards/decklist
Magnezone ex Magnezone,magnezone-ex-b3-magnezone-b1a,marckedcards,MarckedCards,6a918b3d629039f77d8a40ca,Pop Up Series 8 || 3 FA OAKS + DX SHINIES,66,2026-08-29T03:00:00.000Z,50,1-4-0,Protective Poncho x1 [B2 147],False,,20,https://play.limitlesstcg.com/tournament/6a918b3d629039f77d8a40ca/player/marckedcards/decklist
Magnezone ex Magnezone,magnezone-ex-b3-magnezone-b1a,fedepoke02,Federico  Moroni ,6a96069dabb9482237504f7f,Plasma Daily #22| Team Rocket's Ambitions| FA Card,113,2026-09-01T17:00:00.000Z,53,1-5-0,Protective Poncho x1 [B2 147],False,,20,https://play.limitlesstcg.com/tournament/6a96069dabb9482237504f7f/player/fedepoke02/decklist
Magnezone ex Magnezone,magnezone-ex-b3-magnezone-b1a,iwonttry,iWontTry,6a9d55b3ab080c8c957fbaa6,OTS Pokemon TCG Pocket Arena Pop Up | $5 USD,65,2026-09-06T18:00:00.000Z,57,0-2-0,Protective Poncho x1 [B2 147],False,,20,https://play.limitlesstcg.com/tournament/6a9d55b3ab080c8c957fbaa6/player/iwonttry/decklist
Magnezone ex Magnezone,magnezone-ex-b3-magnezone-b1a,flipand11,flipand11,6a8c5eb881741245b151d7e3,PMPT #44 - TEAM ROCKETS AMBITION!!! | $100 USD,378,2026-08-29T16:00:00.000Z,70,4-2-1,Protective Poncho x1 [B2 147],False,,20,https://play.limitlesstcg.com/tournament/6a8c5eb881741245b151d7e3/player/flipand11/decklist
Magnezone ex Magnezone,magnezone-ex-b3-magnezone-b1a,smarmir,Smarmir,6a8c5eb881741245b151d7e3,PMPT #44 - TEAM ROCKETS AMBITION!!! | $100 USD,378,2026-08-29T16:00:00.000Z,75,4-3-0,Protective Poncho x1 [B2 147],False,,20,https://play.limitlesstcg.com/tournament/6a8c5eb881741245b151d7e3/player/smarmir/decklist
Magnezone ex Magnezone,magnezone-ex-b3-magnezone-b1a,nabrix,Nabrix,6a8c5eb881741245b151d7e3,PMPT #44 - TEAM ROCKETS AMBITION!!! | $100 USD,378,2026-08-29T16:00:00.000Z,133,3-4-0,Protective Poncho x1 [B2 147],False,,20,https://play.limitlesstcg.com/tournament/6a8c5eb881741245b151d7e3/player/nabrix/decklist
Magnezone ex Magnezone,magnezone-ex-b3-magnezone-b1a,okarun,okarun,6a8c5eb881741245b151d7e3,PMPT #44 - TEAM ROCKETS AMBITION!!! | $100 USD,378,2026-08-29T16:00:00.000Z,143,3-3-0,Protective Poncho x1 [B2 147],False,,20,https://play.limitlesstcg.com/tournament/6a8c5eb881741245b151d7e3/player/okarun/decklist
Magnezone ex Magnezone,magnezone-ex-b3-magnezone-b1a,beachboy,BeachBoy,6a8c5eb881741245b151d7e3,PMPT #44 - TEAM ROCKETS AMBITION!!! | $100 USD,378,2026-08-29T16:00:00.000Z,151,3-3-0,Protective Poncho x1 [B2 147],False,,20,https://play.limitlesstcg.com/tournament/6a8c5eb881741245b151d7e3/player/beachboy/decklist
Magnezone ex Magnezone,magnezone-ex-b3-magnezone-b1a,fall88,Fall88,6a8c5eb881741245b151d7e3,PMPT #44 - TEAM ROCKETS AMBITION!!! | $100 USD,378,2026-08-29T16:00:00.000Z,178,2-3-0,Protective Poncho x1 [B2 147],False,,20,https://play.limitlesstcg.com/tournament/6a8c5eb881741245b151d7e3/player/fall88/decklist
Magnezone ex Magnezone,magnezone-ex-b3-magnezone-b1a,masterlando_420,masterlando_420,6a8c5eb881741245b151d7e3,PMPT #44 - TEAM ROCKETS AMBITION!!! | $100 USD,378,2026-08-29T16:00:00.000Z,193,2-5-0,Protective Poncho x1 [B2 147],False,,20,https://play.limitlesstcg.com/tournament/6a8c5eb881741245b151d7e3/player/masterlando_420/decklist
Magnezone ex Magnezone,magnezone-ex-b3-magnezone-b1a,zartan3000,Zartan3000,6a8c5eb881741245b151d7e3,PMPT #44 - TEAM ROCKETS AMBITION!!! | $100 USD,378,2026-08-29T16:00:00.000Z,217,2-1-0,Protective Poncho x1 [B2 147],False,,20,https://play.limitlesstcg.com/tournament/6a8c5eb881741245b151d7e3/player/zartan3000/decklist
Magnezone ex Magnezone,magnezone-ex-b3-magnezone-b1a,fer7788,Fer7788,6a8c5eb881741245b151d7e3,PMPT #44 - TEAM ROCKETS AMBITION!!! | $100 USD,378,2026-08-29T16:00:00.000Z,220,1-5-1,Protective Poncho x1 [B2 147],False,,20,https://play.limitlesstcg.com/tournament/6a8c5eb881741245b151d7e3/player/fer7788/decklist
Magnezone ex Magnezone,magnezone-ex-b3-magnezone-b1a,whiterabbit,whiteRabbit,6a8c5eb881741245b151d7e3,PMPT #44 - TEAM ROCKETS AMBITION!!! | $100 USD,378,2026-08-29T16:00:00.000Z,221,1-2-0,Protective Poncho x1 [B2 147],False,,20,https://play.limitlesstcg.com/tournament/6a8c5eb881741245b151d7e3/player/whiterabbit/decklist
Magnezone ex Magnezone,magnezone-ex-b3-magnezone-b1a,sky_skywolf93,SKY_SkyWolf93,6a8c5eb881741245b151d7e3,PMPT #44 - TEAM ROCKETS AMBITION!!! | $100 USD,378,2026-08-29T16:00:00.000Z,226,1-3-0,Protective Poncho x1 [B2 147],False,,20,https://play.limitlesstcg.com/tournament/6a8c5eb881741245b151d7e3/player/sky_skywolf93/decklist
Magnezone ex Magnezone,magnezone-ex-b3-magnezone-b1a,tansama,𝗥𝗙 | Tan Sama,6a8c5eb881741245b151d7e3,PMPT #44 - TEAM ROCKETS AMBITION!!! | $100 USD,378,2026-08-29T16:00:00.000Z,241,1-2-0,Protective Poncho x1 [B2 147],False,,20,https://play.limitlesstcg.com/tournament/6a8c5eb881741245b151d7e3/player/tansama/decklist
Magnezone ex Magnezone,magnezone-ex-b3-magnezone-b1a,adk,ADK,6a8c5eb881741245b151d7e3,PMPT #44 - TEAM ROCKETS AMBITION!!! | $100 USD,378,2026-08-29T16:00:00.000Z,247,1-3-0,Protective Poncho x1 [B2 147],False,,20,https://play.limitlesstcg.com/tournament/6a8c5eb881741245b151d7e3/player/adk/decklist
Magnezone ex Magnezone,magnezone-ex-b3-magnezone-b1a,sushigabo,SushiGabo,6a8c5eb881741245b151d7e3,PMPT #44 - TEAM ROCKETS AMBITION!!! | $100 USD,378,2026-08-29T16:00:00.000Z,304,0-2-0,Protective Poncho x1 [B2 147],False,,20,https://play.limitlesstcg.com/tournament/6a8c5eb881741245b151d7e3/player/sushigabo/decklist
Magnezone ex Magnezone,magnezone-ex-b3-magnezone-b1a,dietdrkelp,𝗠𝗢𝗡⭐| Suede,6a8c5eb881741245b151d7e3,PMPT #44 - TEAM ROCKETS AMBITION!!! | $100 USD,378,2026-08-29T16:00:00.000Z,322,0-2-0,Protective Poncho x1 [B2 147],False,,20,https://play.limitlesstcg.com/tournament/6a8c5eb881741245b151d7e3/player/dietdrkelp/decklist
Magnezone ex Magnezone,magnezone-ex-b3-magnezone-b1a,hamza007,𝗠𝗮𝗴𝗺𝗮 Hamza,6a8c5eb881741245b151d7e3,PMPT #44 - TEAM ROCKETS AMBITION!!! | $100 USD,378,2026-08-29T16:00:00.000Z,335,0-2-0,Protective Poncho x1 [B2 147],False,,20,https://play.limitlesstcg.com/tournament/6a8c5eb881741245b151d7e3/player/hamza007/decklist
Magnezone ex Magnezone,magnezone-ex-b3-magnezone-b1a,gravekeeper,𝐄𝐥𝐢𝐭𝐞𝟒 Gravekeeper,6a985d35ab080c8c957f7fac,The Dark League Tournament | POP UP,77,2026-09-02T21:10:00.000Z,,3-3-0,Protective Poncho x1 [B2 147],False,,20,https://play.limitlesstcg.com/tournament/6a985d35ab080c8c957f7fac/player/gravekeeper/decklist
Mega Altaria ex,mega-altaria-ex-b1,normo360,𝗠𝗮𝗴𝗺𝗮 StorM,6a96b86babb948223750549c,Dark League Pop Up,46,2026-09-01T14:15:00.000Z,27,0-6-0,Protective Poncho x1 [B2 147],False,,20,https://play.limitlesstcg.com/tournament/6a96b86babb948223750549c/player/normo360/decklist
Mega Altaria ex,mega-altaria-ex-b1,ventrixd,VentriXD,6a8c5eb881741245b151d7e3,PMPT #44 - TEAM ROCKETS AMBITION!!! | $100 USD,378,2026-08-29T16:00:00.000Z,318,0-2-0,Rocky Helmet x2 [A2 148],False,,20,https://play.limitlesstcg.com/tournament/6a8c5eb881741245b151d7e3/player/ventrixd/decklist
Mega Altaria ex Greninja,mega-altaria-ex-b1-greninja-a1,mamas,analezelol <3,6a8f27e57a62de813013fb20,The Breakfast Club Pop Up-$5+FA,69,2026-08-26T21:00:00.000Z,26,3-3-0,Protective Poncho x1 [B2 147],False,,20,https://play.limitlesstcg.com/tournament/6a8f27e57a62de813013fb20/player/mamas/decklist
Mega Altaria ex Igglybuff,mega-altaria-ex-b1-igglybuff-a4a,khaeruibnum,khaeruibnum,6a9e12feab080c8c957fc84e,♨️Sauna X Ev4de POG Tournament #27|10 USD+Top 4 FA,73,2026-09-11T03:10:00.000Z,10,5-2-0,Protective Poncho x1 [B2 147],False,,20,https://play.limitlesstcg.com/tournament/6a9e12feab080c8c957fc84e/player/khaeruibnum/decklist
Mega Altaria ex Igglybuff,mega-altaria-ex-b1-igglybuff-a4a,khaeruibnum,khaeruibnum,6aa1e900a4272c53be64c5ce,THE BREAKFAST CLUB KELP CLASSIC #9 - $5,64,2026-09-10T03:20:00.000Z,34,1-6-0,Protective Poncho x1 [B2 147],False,,20,https://play.limitlesstcg.com/tournament/6aa1e900a4272c53be64c5ce/player/khaeruibnum/decklist
Mega Altaria ex Igglybuff,mega-altaria-ex-b1-igglybuff-a4a,pamnardo_s2,PamNardo_s2,6a8b75058302ae761e5fab7e,FAREWELL B4!|2x Hoopa ex RR Prize+More!|TH Series,81,2026-08-26T16:15:00.000Z,63,1-3-0,Protective Poncho x1 [B2 147],False,,20,https://play.limitlesstcg.com/tournament/6a8b75058302ae761e5fab7e/player/pamnardo_s2/decklist
Mega Altaria ex Igglybuff,mega-altaria-ex-b1-igglybuff-a4a,pamnardo_s2,PamNardo_s2,6a8f27e57a62de813013fb20,The Breakfast Club Pop Up-$5+FA,69,2026-08-26T21:00:00.000Z,67,0-3-0,Protective Poncho x1 [B2 147],False,,20,https://play.limitlesstcg.com/tournament/6a8f27e57a62de813013fb20/player/pamnardo_s2/decklist
Mega Altaria ex Igglybuff,mega-altaria-ex-b1-igglybuff-a4a,khaeruibnum,khaeruibnum,6a7e2b83cdc0391d7fa65afb,Umbreon99's Aura Sphere #4: $15 USD + Oak,219,2026-09-11T17:45:00.000Z,,1-3-0,Protective Poncho x1 [B2 147],False,,20,https://play.limitlesstcg.com/tournament/6a7e2b83cdc0391d7fa65afb/player/khaeruibnum/decklist
Mega Altaria ex Igglybuff,mega-altaria-ex-b1-igglybuff-a4a,khaeruibnum,khaeruibnum,6aabc067f1243e65f98035ec,The TCGP Arena #6! Prizing: 🌟🌟 Cards,53,2026-09-21T17:00:00.000Z,,1-1-0,Protective Poncho x1 [B2 147],False,,20,https://play.limitlesstcg.com/tournament/6aabc067f1243e65f98035ec/player/khaeruibnum/decklist
Mega Blaziken ex,mega-blaziken-ex-b1,marhadi,MarHaDi,6a789b5ccdc0391d7fa61ba9,The Dark League | CELEBRATORY FANFARE 685$ Value,120,2026-09-05T20:05:00.000Z,1,9-2-1,Rocky Helmet x1 [A2 148],False,,20,https://play.limitlesstcg.com/tournament/6a789b5ccdc0391d7fa61ba9/player/marhadi/decklist
Mega Blaziken ex,mega-blaziken-ex-b1,legendoery,mega blaziken because i dont like vespiqueen,6a90e8157a62de8130140dee,The Breakfast Club Xastur's Showdown-$5+OAK+,97,2026-08-28T22:30:00.000Z,1,11-1-0,Rocky Helmet x1 [A2 148],False,,20,https://play.limitlesstcg.com/tournament/6a90e8157a62de8130140dee/player/legendoery/decklist
Mega Blaziken ex,mega-blaziken-ex-b1,shinra67,𝗕𝗢𝗔𝗧| Satoru Gojo,6a918b3d629039f77d8a40ca,Pop Up Series 8 || 3 FA OAKS + DX SHINIES,66,2026-08-29T03:00:00.000Z,1,8-1-0,Rocky Helmet x1 [A2 148],False,,20,https://play.limitlesstcg.com/tournament/6a918b3d629039f77d8a40ca/player/shinra67/decklist
Mega Blaziken ex,mega-blaziken-ex-b1,minato,minato,6a98fd1ba4272c53be6457c3,TBC The Rowdy Russell Rumble-$20-QUICK,53,2026-09-03T05:15:00.000Z,3,6-3-0,Rocky Helmet x1 [A2 148],False,,20,https://play.limitlesstcg.com/tournament/6a98fd1ba4272c53be6457c3/player/minato/decklist
Mega Blaziken ex,mega-blaziken-ex-b1,fzin,João Vitor,6a92710aabb9482237502fc0,🇧🇷 Hit Sparrow #10 | TCG Pocket,20,2026-09-02T22:00:00.000Z,3,3-2-0,Rocky Helmet x1 [A2 148],False,,20,https://play.limitlesstcg.com/tournament/6a92710aabb9482237502fc0/player/fzin/decklist
Mega Blaziken ex,mega-blaziken-ex-b1,njjord7,FrogEX | Njord,6a90c1890580a332c842170e,🚀Nuggie's POG Tourney #14 $25 Winner Takes ALL🚀,106,2026-08-30T09:00:00.000Z,4,6-2-2,Rocky Helmet x1 [A2 148],False,,20,https://play.limitlesstcg.com/tournament/6a90c1890580a332c842170e/player/njjord7/decklist
Mega Blaziken ex,mega-blaziken-ex-b1,haruhi_1350,PЯ | はるひ,6a96069dabb9482237504f7f,Plasma Daily #22| Team Rocket's Ambitions| FA Card,113,2026-09-01T17:00:00.000Z,6,6-2-1,Rocky Helmet x1 [A2 148],False,,20,https://play.limitlesstcg.com/tournament/6a96069dabb9482237504f7f/player/haruhi_1350/decklist
Mega Blaziken ex,mega-blaziken-ex-b1,soap728,soap728,6aa22425a4272c53be64ca36,The Breakfast Club Daily #5-$5 + FA,112,2026-09-10T20:20:00.000Z,7,6-3-1,Rocky Helmet x1 [A2 148],False,,20,https://play.limitlesstcg.com/tournament/6aa22425a4272c53be64ca36/player/soap728/decklist
Mega Blaziken ex,mega-blaziken-ex-b1,jlng,JLNG,6a96b86babb948223750549c,Dark League Pop Up,46,2026-09-01T14:15:00.000Z,7,5-2-2,Rocky Helmet x1 [A2 148],False,,20,https://play.limitlesstcg.com/tournament/6a96b86babb948223750549c/player/jlng/decklist
Mega Blaziken ex,mega-blaziken-ex-b1,seedax,Seedax,6aa17ddeab080c8c957ff0fe,Dark League Pocket Tournament | 20$USD Prize Pool,118,2026-09-12T20:30:00.000Z,9,7-2-1,Rocky Helmet x1 [A2 148],False,,20,https://play.limitlesstcg.com/tournament/6aa17ddeab080c8c957ff0fe/player/seedax/decklist
Mega Blaziken ex,mega-blaziken-ex-b1,aghnar14,TB | Aghnar,6a96b86babb948223750549c,Dark League Pop Up,46,2026-09-01T14:15:00.000Z,9,6-2-0,Rocky Helmet x1 [A2 148],False,,20,https://play.limitlesstcg.com/tournament/6a96b86babb948223750549c/player/aghnar14/decklist
Mega Blaziken ex,mega-blaziken-ex-b1,frost22,Frost22,6a98fd1ba4272c53be6457c3,TBC The Rowdy Russell Rumble-$20-QUICK,53,2026-09-03T05:15:00.000Z,10,4-2-1,Rocky Helmet x1 [A2 148],False,,20,https://play.limitlesstcg.com/tournament/6a98fd1ba4272c53be6457c3/player/frost22/decklist
Mega Blaziken ex,mega-blaziken-ex-b1,highlight,𝐅𝐈𝐑𝐄 | Highlight,6aa6244c38886b36383be644,🔥Highlight's Pyro Pop-Up #2🔥 FA OAK!,33,2026-09-13T05:20:00.000Z,10,3-2-0,Rocky Helmet x1 [A2 148],False,,20,https://play.limitlesstcg.com/tournament/6aa6244c38886b36383be644/player/highlight/decklist
Mega Blaziken ex,mega-blaziken-ex-b1,matthewalex638,matthewalex638,6a9b22fba4272c53be646f96,OTS Pokemon TCG Pocket Arena Pop Up,14,2026-09-04T22:00:00.000Z,10,1-2-0,Rocky Helmet x1 [A2 148],False,,20,https://play.limitlesstcg.com/tournament/6a9b22fba4272c53be646f96/player/matthewalex638/decklist
Mega Blaziken ex,mega-blaziken-ex-b1,estehlegitea,𝗠𝗲𝗴𝗮 Hasan Handsome 𝗘𝗫,6a9e12feab080c8c957fc84e,♨️Sauna X Ev4de POG Tournament #27|10 USD+Top 4 FA,73,2026-09-11T03:10:00.000Z,11,4-2-1,Rocky Helmet x1 [A2 148],False,,20,https://play.limitlesstcg.com/tournament/6a9e12feab080c8c957fc84e/player/estehlegitea/decklist
Mega Blaziken ex,mega-blaziken-ex-b1,pikatravai,Pikatravai,6a918b3d629039f77d8a40ca,Pop Up Series 8 || 3 FA OAKS + DX SHINIES,66,2026-08-29T03:00:00.000Z,11,4-2-0,Rocky Helmet x1 [A2 148],False,,20,https://play.limitlesstcg.com/tournament/6a918b3d629039f77d8a40ca/player/pikatravai/decklist
Mega Blaziken ex,mega-blaziken-ex-b1,popay,TB Popay,6a8c5eb881741245b151d7e3,PMPT #44 - TEAM ROCKETS AMBITION!!! | $100 USD,378,2026-08-29T16:00:00.000Z,12,8-2-1,Rocky Helmet x1 [A2 148],False,,20,https://play.limitlesstcg.com/tournament/6a8c5eb881741245b151d7e3/player/popay/decklist
Mega Blaziken ex,mega-blaziken-ex-b1,sparadrap,Sparadrap,6a98fd1ba4272c53be6457c3,TBC The Rowdy Russell Rumble-$20-QUICK,53,2026-09-03T05:15:00.000Z,12,4-2-1,Rocky Helmet x1 [A2 148],False,,20,https://play.limitlesstcg.com/tournament/6a98fd1ba4272c53be6457c3/player/sparadrap/decklist
Mega Blaziken ex,mega-blaziken-ex-b1,xerxes03,Xerxes03,6a9dc423ab080c8c957fc250,The Breakfast Club Nightly-$20,118,2026-09-07T00:45:00.000Z,13,6-3-0,Rocky Helmet x1 [A2 148],False,,20,https://play.limitlesstcg.com/tournament/6a9dc423ab080c8c957fc250/player/xerxes03/decklist
Mega Blaziken ex,mega-blaziken-ex-b1,mambadaddy9,𝐃𝐍𝐓 | MambaD.9,6a90c1890580a332c842170e,🚀Nuggie's POG Tourney #14 $25 Winner Takes ALL🚀,106,2026-08-30T09:00:00.000Z,14,5-2-1,Rocky Helmet x1 [A2 148],False,,20,https://play.limitlesstcg.com/tournament/6a90c1890580a332c842170e/player/mambadaddy9/decklist
Mega Blaziken ex,mega-blaziken-ex-b1,shin3dd,Shin3dd,6a90c1890580a332c842170e,🚀Nuggie's POG Tourney #14 $25 Winner Takes ALL🚀,106,2026-08-30T09:00:00.000Z,15,5-3-0,Rocky Helmet x1 [A2 148],False,,20,https://play.limitlesstcg.com/tournament/6a90c1890580a332c842170e/player/shin3dd/decklist
Mega Blaziken ex,mega-blaziken-ex-b1,roky,Roky,6a985d35ab080c8c957f7fac,The Dark League Tournament | POP UP,77,2026-09-02T21:10:00.000Z,15,5-3-1,Rocky Helmet x1 [A2 148],False,,20,https://play.limitlesstcg.com/tournament/6a985d35ab080c8c957f7fac/player/roky/decklist
Mega Blaziken ex,mega-blaziken-ex-b1,lanora,𝗠𝗲𝗴𝗮 LaNora 𝗘𝗫,6a90c1890580a332c842170e,🚀Nuggie's POG Tourney #14 $25 Winner Takes ALL🚀,106,2026-08-30T09:00:00.000Z,16,5-3-0,Rocky Helmet x1 [A2 148],False,,20,https://play.limitlesstcg.com/tournament/6a90c1890580a332c842170e/player/lanora/decklist
Mega Blaziken ex,mega-blaziken-ex-b1,fall88,Fall88,6a9d5a0bab080c8c957fbb20,DR. KELP’S CHUM BUCKET POP UP,34,2026-09-06T14:50:00.000Z,16,2-3-1,Rocky Helmet x1 [A2 148],False,,20,https://play.limitlesstcg.com/tournament/6a9d5a0bab080c8c957fbb20/player/fall88/decklist
Mega Blaziken ex,mega-blaziken-ex-b1,atomiix,FrogEX | Atomiix,6a9718fd629039f77d8a790e,Plasma Daily #23| Team Rocket's Ambitions| FA Card,119,2026-09-02T17:00:00.000Z,17,5-1-1,Rocky Helmet x1 [A2 148],False,,20,https://play.limitlesstcg.com/tournament/6a9718fd629039f77d8a790e/player/atomiix/decklist
Mega Blaziken ex,mega-blaziken-ex-b1,pvblo,pvblo,6aaac3d9f1243e65f9802bad,🥊 20$ BEC'S KING OF THE HILL - ANY FA PRIZE!,95,2026-09-18T13:00:00.000Z,17,2-1-0,Rocky Helmet x1 [A2 148],False,,20,https://play.limitlesstcg.com/tournament/6aaac3d9f1243e65f9802bad/player/pvblo/decklist
Mega Blaziken ex,mega-blaziken-ex-b1,iromm,Eleven Gomes,6a9836ffa4272c53be644df4,Trinity Tournament 2,23,2026-09-05T01:00:00.000Z,17,0-1-0,Rocky Helmet x1 [A2 148],False,,20,https://play.limitlesstcg.com/tournament/6a9836ffa4272c53be644df4/player/iromm/decklist
Mega Blaziken ex,mega-blaziken-ex-b1,birdnest,BirdNest,6a9b4f52ab080c8c957fa3d7,TBC Presents: Breakfast & Breakdowns🔥,97,2026-09-06T01:45:00.000Z,22,4-3-1,Rocky Helmet x1 [A2 148],False,,20,https://play.limitlesstcg.com/tournament/6a9b4f52ab080c8c957fa3d7/player/birdnest/decklist
Mega Blaziken ex,mega-blaziken-ex-b1,sparadrap,Sparadrap,6aa7cd2ff1243e65f9800e0f,TBC KELP CLASSIC 10th ANNIVERSARY- $10 + FA CYRUS,78,2026-09-15T23:15:00.000Z,23,4-3-1,Rocky Helmet x1 [A2 148],False,,20,https://play.limitlesstcg.com/tournament/6aa7cd2ff1243e65f9800e0f/player/sparadrap/decklist
Mega Blaziken ex,mega-blaziken-ex-b1,supreme13,𝗕𝗮𝗹𝗱 Supreme,6aac7e78f127b1b52c27ba59,$40 USD+FA | 巫獅對戰塔盃 LeoWizard BattleTower Cup #12,112,2026-09-19T13:00:00.000Z,25,5-2-1,Rocky Helmet x1 [A2 148],False,,20,https://play.limitlesstcg.com/tournament/6aac7e78f127b1b52c27ba59/player/supreme13/decklist
Mega Blaziken ex,mega-blaziken-ex-b1,normo360,𝗠𝗮𝗴𝗺𝗮 StorM,6a9dc423ab080c8c957fc250,The Breakfast Club Nightly-$20,118,2026-09-07T00:45:00.000Z,27,4-3-1,Rocky Helmet x1 [A2 148],False,,20,https://play.limitlesstcg.com/tournament/6a9dc423ab080c8c957fc250/player/normo360/decklist
Mega Blaziken ex,mega-blaziken-ex-b1,sparadrap,Sparadrap,6a94b2ffabb9482237504367,♨️Sauna X Almond POG Tournament #24|10USD + FA!,110,2026-09-02T08:30:00.000Z,29,4-3-0,Rocky Helmet x1 [A2 148],False,,20,https://play.limitlesstcg.com/tournament/6a94b2ffabb9482237504367/player/sparadrap/decklist
Mega Blaziken ex,mega-blaziken-ex-b1,flashfardin,FlashFardin,6aa13feaa4272c53be64b94a,DR KELP’S CHUM BUCKET POP UP,49,2026-09-09T14:00:00.000Z,29,0-5-0,Rocky Helmet x1 [A2 148],False,,20,https://play.limitlesstcg.com/tournament/6aa13feaa4272c53be64b94a/player/flashfardin/decklist
Mega Blaziken ex,mega-blaziken-ex-b1,angrypikachu,AngryPikachu,6a9d55b3ab080c8c957fbaa6,OTS Pokemon TCG Pocket Arena Pop Up | $5 USD,65,2026-09-06T18:00:00.000Z,31,2-3-0,Rocky Helmet x1 [A2 148],False,,20,https://play.limitlesstcg.com/tournament/6a9d55b3ab080c8c957fbaa6/player/angrypikachu/decklist
Mega Blaziken ex,mega-blaziken-ex-b1,angrypikachu,AngryPikachu,6a78c5912b308b6067b4f421,Tournament Vegegras cash prize 100usd,116,2026-09-05T19:05:00.000Z,39,4-4-0,Rocky Helmet x1 [A2 148],False,,20,https://play.limitlesstcg.com/tournament/6a78c5912b308b6067b4f421/player/angrypikachu/decklist
Mega Blaziken ex,mega-blaziken-ex-b1,victorssito,PGX | victorssito,6a90c1890580a332c842170e,🚀Nuggie's POG Tourney #14 $25 Winner Takes ALL🚀,106,2026-08-30T09:00:00.000Z,40,3-3-0,Rocky Helmet x2 [A2 148],False,,20,https://play.limitlesstcg.com/tournament/6a90c1890580a332c842170e/player/victorssito/decklist
Mega Blaziken ex,mega-blaziken-ex-b1,wall456,Wall456,6a98fd1ba4272c53be6457c3,TBC The Rowdy Russell Rumble-$20-QUICK,53,2026-09-03T05:15:00.000Z,40,1-3-0,Rocky Helmet x1 [A2 148],False,,20,https://play.limitlesstcg.com/tournament/6a98fd1ba4272c53be6457c3/player/wall456/decklist
Mega Blaziken ex,mega-blaziken-ex-b1,avelino_off,AVELINO_OFF,6a9f6899a4272c53be64a894,Umbreon99's Team Rocket's Bash: $10 USD + 🌈,172,2026-09-08T17:45:00.000Z,46,4-3-0,Rocky Helmet x1 [A2 148],False,,20,https://play.limitlesstcg.com/tournament/6a9f6899a4272c53be64a894/player/avelino_off/decklist
Mega Blaziken ex,mega-blaziken-ex-b1,einstun,𝙈𝙚𝙜𝙖 Einstun 𝙀𝙭,6a90c1890580a332c842170e,🚀Nuggie's POG Tourney #14 $25 Winner Takes ALL🚀,106,2026-08-30T09:00:00.000Z,46,3-3-0,Rocky Helmet x1 [A2 148],False,,20,https://play.limitlesstcg.com/tournament/6a90c1890580a332c842170e/player/einstun/decklist
Mega Blaziken ex,mega-blaziken-ex-b1,pikamon,Pikamon,6aa17ddeab080c8c957ff0fe,Dark League Pocket Tournament | 20$USD Prize Pool,118,2026-09-12T20:30:00.000Z,48,1-6-0,Rocky Helmet x1 [A2 148],False,,20,https://play.limitlesstcg.com/tournament/6aa17ddeab080c8c957ff0fe/player/pikamon/decklist
Mega Blaziken ex,mega-blaziken-ex-b1,douka,Douka,6aa6410b38886b36383be710,🏰FORT TOURNAMENTS POCKET DEBUT🏰 $20 + FA CARDS,114,2026-09-14T10:30:00.000Z,50,3-3-0,Rocky Helmet x1 [A2 148],False,,20,https://play.limitlesstcg.com/tournament/6aa6410b38886b36383be710/player/douka/decklist
Mega Blaziken ex,mega-blaziken-ex-b1,rikujibra,rikujiBRA,6a78c5912b308b6067b4f421,Tournament Vegegras cash prize 100usd,116,2026-09-05T19:05:00.000Z,55,3-4-0,Rocky Helmet x1 [A2 148],False,,20,https://play.limitlesstcg.com/tournament/6a78c5912b308b6067b4f421/player/rikujibra/decklist
Mega Blaziken ex,mega-blaziken-ex-b1,toddyfox,Toddyfox,6a78c5912b308b6067b4f421,Tournament Vegegras cash prize 100usd,116,2026-09-05T19:05:00.000Z,58,2-5-0,Rocky Helmet x1 [A2 148],False,,20,https://play.limitlesstcg.com/tournament/6a78c5912b308b6067b4f421/player/toddyfox/decklist
Mega Blaziken ex,mega-blaziken-ex-b1,legendoery,mega blaziken because i dont like vespiqueen,6a8c5eb881741245b151d7e3,PMPT #44 - TEAM ROCKETS AMBITION!!! | $100 USD,378,2026-08-29T16:00:00.000Z,59,6-3-0,Rocky Helmet x1 [A2 148],False,,20,https://play.limitlesstcg.com/tournament/6a8c5eb881741245b151d7e3/player/legendoery/decklist
Mega Blaziken ex,mega-blaziken-ex-b1,angrypikachu,AngryPikachu,6a9829c8a4272c53be644d74,The PokeBounty Showdown $1000 Prize Pool (#1),132,2026-09-07T23:00:00.000Z,60,2-4-0,Rocky Helmet x1 [A2 148],False,,20,https://play.limitlesstcg.com/tournament/6a9829c8a4272c53be644d74/player/angrypikachu/decklist
Mega Blaziken ex,mega-blaziken-ex-b1,dyegopb,dyegopb,6a9f6899a4272c53be64a894,Umbreon99's Team Rocket's Bash: $10 USD + 🌈,172,2026-09-08T17:45:00.000Z,65,3-4-0,Rocky Helmet x1 [A2 148],False,,20,https://play.limitlesstcg.com/tournament/6a9f6899a4272c53be64a894/player/dyegopb/decklist
Mega Blaziken ex,mega-blaziken-ex-b1,sheedy,𝗕𝗢𝗔𝗧 | sheedy,6a9dc423ab080c8c957fc250,The Breakfast Club Nightly-$20,118,2026-09-07T00:45:00.000Z,65,2-4-0,Rocky Helmet x1 [A2 148],False,,20,https://play.limitlesstcg.com/tournament/6a9dc423ab080c8c957fc250/player/sheedy/decklist
Mega Blaziken ex,mega-blaziken-ex-b1,zadakyel,Zadakyel,6aaac3d9f1243e65f9802bad,🥊 20$ BEC'S KING OF THE HILL - ANY FA PRIZE!,95,2026-09-18T13:00:00.000Z,65,0-1-0,Rocky Helmet x1 [A2 148],False,,20,https://play.limitlesstcg.com/tournament/6aaac3d9f1243e65f9802bad/player/zadakyel/decklist
Mega Blaziken ex,mega-blaziken-ex-b1,highlight,𝐅𝐈𝐑𝐄 | Highlight,6a7e2b83cdc0391d7fa65afb,Umbreon99's Aura Sphere #4: $15 USD + Oak,219,2026-09-11T17:45:00.000Z,78,4-4-0,Rocky Helmet x1 [A2 148],False,,20,https://play.limitlesstcg.com/tournament/6a7e2b83cdc0391d7fa65afb/player/highlight/decklist
Mega Blaziken ex,mega-blaziken-ex-b1,doppelmimikkyu,DoppelMimikkyu,6a9dc423ab080c8c957fc250,The Breakfast Club Nightly-$20,118,2026-09-07T00:45:00.000Z,84,1-2-0,Rocky Helmet x1 [A2 148],False,,20,https://play.limitlesstcg.com/tournament/6a9dc423ab080c8c957fc250/player/doppelmimikkyu/decklist
Mega Blaziken ex,mega-blaziken-ex-b1,wall456,Wall456,6aa22425a4272c53be64ca36,The Breakfast Club Daily #5-$5 + FA,112,2026-09-10T20:20:00.000Z,96,0-1-0,Rocky Helmet x1 [A2 148],False,,20,https://play.limitlesstcg.com/tournament/6aa22425a4272c53be64ca36/player/wall456/decklist
Mega Blaziken ex,mega-blaziken-ex-b1,srafaelitocs,srafaelitocs,6a8c5eb881741245b151d7e3,PMPT #44 - TEAM ROCKETS AMBITION!!! | $100 USD,378,2026-08-29T16:00:00.000Z,98,4-3-0,Rocky Helmet x1 [A2 148],False,,20,https://play.limitlesstcg.com/tournament/6a8c5eb881741245b151d7e3/player/srafaelitocs/decklist
Mega Blaziken ex,mega-blaziken-ex-b1,marhadi,MarHaDi,6a7e2b83cdc0391d7fa65afb,Umbreon99's Aura Sphere #4: $15 USD + Oak,219,2026-09-11T17:45:00.000Z,98,1-7-0,Rocky Helmet x1 [A2 148],False,,20,https://play.limitlesstcg.com/tournament/6a7e2b83cdc0391d7fa65afb/player/marhadi/decklist
Mega Blaziken ex,mega-blaziken-ex-b1,pokefunky,PokeFunky,6a8c5eb881741245b151d7e3,PMPT #44 - TEAM ROCKETS AMBITION!!! | $100 USD,378,2026-08-29T16:00:00.000Z,99,4-3-0,Rocky Helmet x1 [A2 148],False,,20,https://play.limitlesstcg.com/tournament/6a8c5eb881741245b151d7e3/player/pokefunky/decklist
Mega Blaziken ex,mega-blaziken-ex-b1,bigbagmakaveli,bigbagmakaveli,6a9dc423ab080c8c957fc250,The Breakfast Club Nightly-$20,118,2026-09-07T00:45:00.000Z,99,1-6-0,Rocky Helmet x1 [A2 148],False,,20,https://play.limitlesstcg.com/tournament/6a9dc423ab080c8c957fc250/player/bigbagmakaveli/decklist
Mega Blaziken ex,mega-blaziken-ex-b1,azin,Azin,6aa22425a4272c53be64ca36,The Breakfast Club Daily #5-$5 + FA,112,2026-09-10T20:20:00.000Z,108,0-3-0,Rocky Helmet x1 [A2 148],False,,20,https://play.limitlesstcg.com/tournament/6aa22425a4272c53be64ca36/player/azin/decklist
Mega Blaziken ex,mega-blaziken-ex-b1,icyriaco,𝙂𝙎 | ICyriaco,6aa6eed0f1243e65f9800555,🩷random r0zey pop up #3 | $25 + FA🩷,146,2026-09-13T22:50:00.000Z,114,1-3-0,Rocky Helmet x1 [A2 148],False,,20,https://play.limitlesstcg.com/tournament/6aa6eed0f1243e65f9800555/player/icyriaco/decklist
Mega Blaziken ex,mega-blaziken-ex-b1,itachi1905,Itachi Uchiha,6aa6eed0f1243e65f9800555,🩷random r0zey pop up #3 | $25 + FA🩷,146,2026-09-13T22:50:00.000Z,137,0-1-0,Rocky Helmet x1 [A2 148],False,,20,https://play.limitlesstcg.com/tournament/6aa6eed0f1243e65f9800555/player/itachi1905/decklist
Mega Blaziken ex,mega-blaziken-ex-b1,ttv_jmpm9,TTV_jmpm9,6a8c5eb881741245b151d7e3,PMPT #44 - TEAM ROCKETS AMBITION!!! | $100 USD,378,2026-08-29T16:00:00.000Z,177,2-3-0,Rocky Helmet x1 [A2 148],False,,20,https://play.limitlesstcg.com/tournament/6a8c5eb881741245b151d7e3/player/ttv_jmpm9/decklist
Mega Blaziken ex,mega-blaziken-ex-b1,normo360,𝗠𝗮𝗴𝗺𝗮 StorM,6a8c5eb881741245b151d7e3,PMPT #44 - TEAM ROCKETS AMBITION!!! | $100 USD,378,2026-08-29T16:00:00.000Z,185,2-3-0,Rocky Helmet x1 [A2 148],False,,20,https://play.limitlesstcg.com/tournament/6a8c5eb881741245b151d7e3/player/normo360/decklist
Mega Blaziken ex,mega-blaziken-ex-b1,johtopack,CIRC | Elegant,6a8c5eb881741245b151d7e3,PMPT #44 - TEAM ROCKETS AMBITION!!! | $100 USD,378,2026-08-29T16:00:00.000Z,260,1-5-0,Rocky Helmet x1 [A2 148],False,,20,https://play.limitlesstcg.com/tournament/6a8c5eb881741245b151d7e3/player/johtopack/decklist
Mega Blaziken ex,mega-blaziken-ex-b1,nifaa,Nifaa,6a8c5eb881741245b151d7e3,PMPT #44 - TEAM ROCKETS AMBITION!!! | $100 USD,378,2026-08-29T16:00:00.000Z,286,1-2-0,Rocky Helmet x1 [A2 148],False,,20,https://play.limitlesstcg.com/tournament/6a8c5eb881741245b151d7e3/player/nifaa/decklist
Mega Blaziken ex,mega-blaziken-ex-b1,xastur,Xastur,6a8c5eb881741245b151d7e3,PMPT #44 - TEAM ROCKETS AMBITION!!! | $100 USD,378,2026-08-29T16:00:00.000Z,299,1-4-0,Rocky Helmet x1 [A2 148],False,,20,https://play.limitlesstcg.com/tournament/6a8c5eb881741245b151d7e3/player/xastur/decklist
Mega Blaziken ex,mega-blaziken-ex-b1,avelino_off,AVELINO_OFF,6a7e2b83cdc0391d7fa65afb,Umbreon99's Aura Sphere #4: $15 USD + Oak,219,2026-09-11T17:45:00.000Z,,2-3-0,Rocky Helmet x1 [A2 148],False,,20,https://play.limitlesstcg.com/tournament/6a7e2b83cdc0391d7fa65afb/player/avelino_off/decklist
Mega Blaziken ex,mega-blaziken-ex-b1,elluquitas96,elluquitas96,6a9f6899a4272c53be64a894,Umbreon99's Team Rocket's Bash: $10 USD + 🌈,172,2026-09-08T17:45:00.000Z,,2-3-0,Rocky Helmet x1 [A2 148],False,,20,https://play.limitlesstcg.com/tournament/6a9f6899a4272c53be64a894/player/elluquitas96/decklist
Mega Blaziken ex,mega-blaziken-ex-b1,gaizkita,PGX | Gaizkita,6a9f6899a4272c53be64a894,Umbreon99's Team Rocket's Bash: $10 USD + 🌈,172,2026-09-08T17:45:00.000Z,,3-3-0,Rocky Helmet x1 [A2 148],False,,20,https://play.limitlesstcg.com/tournament/6a9f6899a4272c53be64a894/player/gaizkita/decklist
Mega Blaziken ex,mega-blaziken-ex-b1,preluxe,𝗠𝗮𝗴𝗺𝗮 Preluxe,6a9f6899a4272c53be64a894,Umbreon99's Team Rocket's Bash: $10 USD + 🌈,172,2026-09-08T17:45:00.000Z,,2-3-0,Rocky Helmet x1 [A2 148],False,,20,https://play.limitlesstcg.com/tournament/6a9f6899a4272c53be64a894/player/preluxe/decklist
Mega Blaziken ex,mega-blaziken-ex-b1,sparadrap,Sparadrap,6a9f6899a4272c53be64a894,Umbreon99's Team Rocket's Bash: $10 USD + 🌈,172,2026-09-08T17:45:00.000Z,,0-1-0,Rocky Helmet x1 [A2 148],False,,20,https://play.limitlesstcg.com/tournament/6a9f6899a4272c53be64a894/player/sparadrap/decklist
Mega Blaziken ex,mega-blaziken-ex-b1,varma,varma,6a9f6899a4272c53be64a894,Umbreon99's Team Rocket's Bash: $10 USD + 🌈,172,2026-09-08T17:45:00.000Z,,3-3-0,Rocky Helmet x1 [A2 148],False,,20,https://play.limitlesstcg.com/tournament/6a9f6899a4272c53be64a894/player/varma/decklist
Mega Blaziken ex,mega-blaziken-ex-b1,bard0,Bard0,6aa0471eab080c8c957fe27d,The PokeBounty Showdown $1000 Prize Pool (#2NA),142,2026-09-14T23:00:00.000Z,,0-2-0,Rocky Helmet x1 [A2 148],False,,20,https://play.limitlesstcg.com/tournament/6aa0471eab080c8c957fe27d/player/bard0/decklist
Mega Blaziken ex,mega-blaziken-ex-b1,mo1245,Mo1245,6a9829c8a4272c53be644d74,The PokeBounty Showdown $1000 Prize Pool (#1),132,2026-09-07T23:00:00.000Z,,1-3-0,Rocky Helmet x1 [A2 148],False,,20,https://play.limitlesstcg.com/tournament/6a9829c8a4272c53be644d74/player/mo1245/decklist
Mega Blaziken ex,mega-blaziken-ex-b1,normo360,𝗠𝗮𝗴𝗺𝗮 StorM,6a9829c8a4272c53be644d74,The PokeBounty Showdown $1000 Prize Pool (#1),132,2026-09-07T23:00:00.000Z,,2-2-0,Rocky Helmet x1 [A2 148],False,,20,https://play.limitlesstcg.com/tournament/6a9829c8a4272c53be644d74/player/normo360/decklist
Mega Blaziken ex,mega-blaziken-ex-b1,atomiix,FrogEX | Atomiix,6a789b5ccdc0391d7fa61ba9,The Dark League | CELEBRATORY FANFARE 685$ Value,120,2026-09-05T20:05:00.000Z,,0-2-0,Rocky Helmet x1 [A2 148],False,,20,https://play.limitlesstcg.com/tournament/6a789b5ccdc0391d7fa61ba9/player/atomiix/decklist
Mega Blaziken ex,mega-blaziken-ex-b1,bigbagmakaveli,bigbagmakaveli,6a789b5ccdc0391d7fa61ba9,The Dark League | CELEBRATORY FANFARE 685$ Value,120,2026-09-05T20:05:00.000Z,,0-1-0,Rocky Helmet x1 [A2 148],False,,20,https://play.limitlesstcg.com/tournament/6a789b5ccdc0391d7fa61ba9/player/bigbagmakaveli/decklist
Mega Blaziken ex,mega-blaziken-ex-b1,kaizenmoon,YT: Hollowtcg7,6a789b5ccdc0391d7fa61ba9,The Dark League | CELEBRATORY FANFARE 685$ Value,120,2026-09-05T20:05:00.000Z,,1-3-0,Rocky Helmet x1 [A2 148],False,,20,https://play.limitlesstcg.com/tournament/6a789b5ccdc0391d7fa61ba9/player/kaizenmoon/decklist
Mega Blaziken ex,mega-blaziken-ex-b1,pikatravai,Pikatravai,6a789b5ccdc0391d7fa61ba9,The Dark League | CELEBRATORY FANFARE 685$ Value,120,2026-09-05T20:05:00.000Z,,0-2-0,Rocky Helmet x1 [A2 148],False,,20,https://play.limitlesstcg.com/tournament/6a789b5ccdc0391d7fa61ba9/player/pikatravai/decklist
Mega Blaziken ex,mega-blaziken-ex-b1,gaizkita,PGX | Gaizkita,6a9718fd629039f77d8a790e,Plasma Daily #23| Team Rocket's Ambitions| FA Card,119,2026-09-02T17:00:00.000Z,,0-2-0,Rocky Helmet x1 [A2 148],False,,20,https://play.limitlesstcg.com/tournament/6a9718fd629039f77d8a790e/player/gaizkita/decklist
Mega Blaziken ex,mega-blaziken-ex-b1,sparadrap,Sparadrap,6a9718fd629039f77d8a790e,Plasma Daily #23| Team Rocket's Ambitions| FA Card,119,2026-09-02T17:00:00.000Z,,0-3-0,Rocky Helmet x1 [A2 148],False,,20,https://play.limitlesstcg.com/tournament/6a9718fd629039f77d8a790e/player/sparadrap/decklist
Mega Blaziken ex,mega-blaziken-ex-b1,bigbagmakaveli,bigbagmakaveli,6a78c5912b308b6067b4f421,Tournament Vegegras cash prize 100usd,116,2026-09-05T19:05:00.000Z,,1-1-0,Rocky Helmet x1 [A2 148],False,,20,https://play.limitlesstcg.com/tournament/6a78c5912b308b6067b4f421/player/bigbagmakaveli/decklist
Mega Blaziken ex,mega-blaziken-ex-b1,azin,Azin,6a96069dabb9482237504f7f,Plasma Daily #22| Team Rocket's Ambitions| FA Card,113,2026-09-01T17:00:00.000Z,,3-3-0,Rocky Helmet x1 [A2 148],False,,20,https://play.limitlesstcg.com/tournament/6a96069dabb9482237504f7f/player/azin/decklist
Mega Blaziken ex,mega-blaziken-ex-b1,den670,den670,6a96069dabb9482237504f7f,Plasma Daily #22| Team Rocket's Ambitions| FA Card,113,2026-09-01T17:00:00.000Z,,3-3-0,Rocky Helmet x1 [A2 148],False,,20,https://play.limitlesstcg.com/tournament/6a96069dabb9482237504f7f/player/den670/decklist
Mega Blaziken ex,mega-blaziken-ex-b1,elmarcoo,eLMarcoO,6a96069dabb9482237504f7f,Plasma Daily #22| Team Rocket's Ambitions| FA Card,113,2026-09-01T17:00:00.000Z,,2-3-0,Rocky Helmet x1 [A2 148],False,,20,https://play.limitlesstcg.com/tournament/6a96069dabb9482237504f7f/player/elmarcoo/decklist
Mega Blaziken ex,mega-blaziken-ex-b1,tlyre,tlyre,6a96069dabb9482237504f7f,Plasma Daily #22| Team Rocket's Ambitions| FA Card,113,2026-09-01T17:00:00.000Z,,0-2-0,Rocky Helmet x1 [A2 148],False,,20,https://play.limitlesstcg.com/tournament/6a96069dabb9482237504f7f/player/tlyre/decklist
Mega Blaziken ex,mega-blaziken-ex-b1,aghnar14,TB | Aghnar,6a94b2ffabb9482237504367,♨️Sauna X Almond POG Tournament #24|10USD + FA!,110,2026-09-02T08:30:00.000Z,,0-1-0,Rocky Helmet x1 [A2 148],False,,20,https://play.limitlesstcg.com/tournament/6a94b2ffabb9482237504367/player/aghnar14/decklist
Mega Blaziken ex,mega-blaziken-ex-b1,haruhi_1350,PЯ | はるひ,6a94b2ffabb9482237504367,♨️Sauna X Almond POG Tournament #24|10USD + FA!,110,2026-09-02T08:30:00.000Z,,1-3-0,Rocky Helmet x1 [A2 148],False,,20,https://play.limitlesstcg.com/tournament/6a94b2ffabb9482237504367/player/haruhi_1350/decklist
Mega Blaziken ex,mega-blaziken-ex-b1,illus,Illus,6a94b2ffabb9482237504367,♨️Sauna X Almond POG Tournament #24|10USD + FA!,110,2026-09-02T08:30:00.000Z,,1-3-0,Rocky Helmet x1 [A2 148],False,,20,https://play.limitlesstcg.com/tournament/6a94b2ffabb9482237504367/player/illus/decklist
Mega Blaziken ex,mega-blaziken-ex-b1,warpis,𝗠𝗲𝗴𝗮 SIPRAW 𝗘𝗫,6a94b2ffabb9482237504367,♨️Sauna X Almond POG Tournament #24|10USD + FA!,110,2026-09-02T08:30:00.000Z,,1-3-0,Rocky Helmet x1 [A2 148],False,,20,https://play.limitlesstcg.com/tournament/6a94b2ffabb9482237504367/player/warpis/decklist
Mega Blaziken ex,mega-blaziken-ex-b1,xastur,Xastur,6a94b2ffabb9482237504367,♨️Sauna X Almond POG Tournament #24|10USD + FA!,110,2026-09-02T08:30:00.000Z,,1-4-0,Rocky Helmet x1 [A2 148],False,,20,https://play.limitlesstcg.com/tournament/6a94b2ffabb9482237504367/player/xastur/decklist
Mega Blaziken ex,mega-blaziken-ex-b1,pokefunky,PokeFunky,6a90c1890580a332c842170e,🚀Nuggie's POG Tourney #14 $25 Winner Takes ALL🚀,106,2026-08-30T09:00:00.000Z,,2-3-0,Rocky Helmet x1 [A2 148],False,,20,https://play.limitlesstcg.com/tournament/6a90c1890580a332c842170e/player/pokefunky/decklist
Mega Blaziken ex,mega-blaziken-ex-b1,supreme13,𝗕𝗮𝗹𝗱 Supreme,6a7e2db92b308b6067b531d2,Umbreon99's Aura Sphere #5: $5 USD + OAK,89,2026-09-18T17:35:00.000Z,,1-2-0,Rocky Helmet x1 [A2 148],False,,20,https://play.limitlesstcg.com/tournament/6a7e2db92b308b6067b531d2/player/supreme13/decklist
Mega Blaziken ex,mega-blaziken-ex-b1,lv80mewtwo,𝗕𝗢𝗔𝗧 | Mewtwo,6aa7cd2ff1243e65f9800e0f,TBC KELP CLASSIC 10th ANNIVERSARY- $10 + FA CYRUS,78,2026-09-15T23:15:00.000Z,,3-4-0,Rocky Helmet x1 [A2 148],False,,20,https://play.limitlesstcg.com/tournament/6aa7cd2ff1243e65f9800e0f/player/lv80mewtwo/decklist
Mega Blaziken ex,mega-blaziken-ex-b1,bigbagmakaveli,bigbagmakaveli,6a985d35ab080c8c957f7fac,The Dark League Tournament | POP UP,77,2026-09-02T21:10:00.000Z,,1-2-0,Rocky Helmet x1 [A2 148],False,,20,https://play.limitlesstcg.com/tournament/6a985d35ab080c8c957f7fac/player/bigbagmakaveli/decklist
Mega Blaziken ex,mega-blaziken-ex-b1,normo360,𝗠𝗮𝗴𝗺𝗮 StorM,6ab3aa2de905c1db68748664,TH Event's Presents: When DX Pack?!|5$ + FA's!,68,2026-09-23T19:00:00.000Z,,0-1-0,Rocky Helmet x1 [A2 148],False,,20,https://play.limitlesstcg.com/tournament/6ab3aa2de905c1db68748664/player/normo360/decklist
Mega Blaziken ex,mega-blaziken-ex-b1,ahcolvin22,Ahcolvin22,6a947113629039f77d8a5c46,Dark League Pop Up,57,2026-08-30T22:40:00.000Z,,0-2-0,Rocky Helmet x1 [A2 148],False,,20,https://play.limitlesstcg.com/tournament/6a947113629039f77d8a5c46/player/ahcolvin22/decklist
Mega Blaziken ex,mega-blaziken-ex-b1,normo360,𝗠𝗮𝗴𝗺𝗮 StorM,6a947113629039f77d8a5c46,Dark League Pop Up,57,2026-08-30T22:40:00.000Z,,2-3-0,Rocky Helmet x1 [A2 148],False,,20,https://play.limitlesstcg.com/tournament/6a947113629039f77d8a5c46/player/normo360/decklist
Mega Blaziken ex,mega-blaziken-ex-b1,allenking,賭狗的人 有運氣,6a9d5a0bab080c8c957fbb20,DR. KELP’S CHUM BUCKET POP UP,34,2026-09-06T14:50:00.000Z,,2-3-0,Rocky Helmet x1 [A2 148],False,,20,https://play.limitlesstcg.com/tournament/6a9d5a0bab080c8c957fbb20/player/allenking/decklist
Mega Blaziken ex,mega-blaziken-ex-b1,2sick,²ᵀ| ²ꜱɪᴄᴋ,6aabc43df1243e65f9803602,DR KELP’S CHUM BUCKET POP UP,29,2026-09-17T14:15:00.000Z,,2-3-0,Rocky Helmet x1 [A2 148],False,,20,https://play.limitlesstcg.com/tournament/6aabc43df1243e65f9803602/player/2sick/decklist
Mega Charizard X ex Mega Charizard Y ex,mega-charizard-x-ex-b2b-mega-charizard-y-ex-b1a,legoshi,Legoshi,6a9718fd629039f77d8a790e,Plasma Daily #23| Team Rocket's Ambitions| FA Card,119,2026-09-02T17:00:00.000Z,7,6-2-1,Rocky Helmet x1 [A2 148],False,,20,https://play.limitlesstcg.com/tournament/6a9718fd629039f77d8a790e/player/legoshi/decklist
Mega Charizard X ex Mega Charizard Y ex,mega-charizard-x-ex-b2b-mega-charizard-y-ex-b1a,reziah,Reziah,6a8c5eb881741245b151d7e3,PMPT #44 - TEAM ROCKETS AMBITION!!! | $100 USD,378,2026-08-29T16:00:00.000Z,19,8-2-0,Protective Poncho x1 [B2 147]; Rocky Helmet x1 [A2 148],False,,20,https://play.limitlesstcg.com/tournament/6a8c5eb881741245b151d7e3/player/reziah/decklist
Mega Charizard X ex Mega Charizard Y ex,mega-charizard-x-ex-b2b-mega-charizard-y-ex-b1a,leviathanko,LeviathanKO,6a96b86babb948223750549c,Dark League Pop Up,46,2026-09-01T14:15:00.000Z,22,3-3-0,Rocky Helmet x1 [A2 148],False,,20,https://play.limitlesstcg.com/tournament/6a96b86babb948223750549c/player/leviathanko/decklist
Mega Charizard X ex Mega Charizard Y ex,mega-charizard-x-ex-b2b-mega-charizard-y-ex-b1a,whiterabbit,whiteRabbit,6a90c1890580a332c842170e,🚀Nuggie's POG Tourney #14 $25 Winner Takes ALL🚀,106,2026-08-30T09:00:00.000Z,23,4-2-1,Protective Poncho x1 [B2 147]; Rocky Helmet x1 [A2 148],False,,20,https://play.limitlesstcg.com/tournament/6a90c1890580a332c842170e/player/whiterabbit/decklist
Mega Charizard X ex Mega Charizard Y ex,mega-charizard-x-ex-b2b-mega-charizard-y-ex-b1a,deister,deister,6a96069dabb9482237504f7f,Plasma Daily #22| Team Rocket's Ambitions| FA Card,113,2026-09-01T17:00:00.000Z,33,3-2-1,Rocky Helmet x1 [A2 148],False,,20,https://play.limitlesstcg.com/tournament/6a96069dabb9482237504f7f/player/deister/decklist
Mega Charizard X ex Mega Charizard Y ex,mega-charizard-x-ex-b2b-mega-charizard-y-ex-b1a,nyrq,nyrq,6a9718fd629039f77d8a790e,Plasma Daily #23| Team Rocket's Ambitions| FA Card,119,2026-09-02T17:00:00.000Z,50,3-3-0,Rocky Helmet x1 [A2 148],False,,20,https://play.limitlesstcg.com/tournament/6a9718fd629039f77d8a790e/player/nyrq/decklist
Mega Charizard X ex Mega Charizard Y ex,mega-charizard-x-ex-b2b-mega-charizard-y-ex-b1a,nyrq,nyrq,6a94b2ffabb9482237504367,♨️Sauna X Almond POG Tournament #24|10USD + FA!,110,2026-09-02T08:30:00.000Z,55,2-4-0,Rocky Helmet x1 [A2 148],False,,20,https://play.limitlesstcg.com/tournament/6a94b2ffabb9482237504367/player/nyrq/decklist
Mega Charizard X ex Mega Charizard Y ex,mega-charizard-x-ex-b2b-mega-charizard-y-ex-b1a,inu,Inu,6a8c5eb881741245b151d7e3,PMPT #44 - TEAM ROCKETS AMBITION!!! | $100 USD,378,2026-08-29T16:00:00.000Z,93,4-3-0,Rocky Helmet x1 [A2 148],False,,20,https://play.limitlesstcg.com/tournament/6a8c5eb881741245b151d7e3/player/inu/decklist
Mega Charizard X ex Mega Charizard Y ex,mega-charizard-x-ex-b2b-mega-charizard-y-ex-b1a,mrclutchalex,MrClutchALEX,6a9829c8a4272c53be644d74,The PokeBounty Showdown $1000 Prize Pool (#1),132,2026-09-07T23:00:00.000Z,,3-3-0,Rocky Helmet x1 [A2 148],False,,20,https://play.limitlesstcg.com/tournament/6a9829c8a4272c53be644d74/player/mrclutchalex/decklist
Mega Charizard X ex Mega Charizard Y ex,mega-charizard-x-ex-b2b-mega-charizard-y-ex-b1a,enash1990,enash1990,6a9718fd629039f77d8a790e,Plasma Daily #23| Team Rocket's Ambitions| FA Card,119,2026-09-02T17:00:00.000Z,,1-2-0,Rocky Helmet x1 [A2 148],False,,20,https://play.limitlesstcg.com/tournament/6a9718fd629039f77d8a790e/player/enash1990/decklist
Mega Charizard X ex Mega Charizard Y ex,mega-charizard-x-ex-b2b-mega-charizard-y-ex-b1a,whiterabbit,whiteRabbit,6a9718fd629039f77d8a790e,Plasma Daily #23| Team Rocket's Ambitions| FA Card,119,2026-09-02T17:00:00.000Z,,0-3-0,Rocky Helmet x1 [A2 148],False,,20,https://play.limitlesstcg.com/tournament/6a9718fd629039f77d8a790e/player/whiterabbit/decklist
Mega Charizard X ex Mega Charizard Y ex,mega-charizard-x-ex-b2b-mega-charizard-y-ex-b1a,enash1990,enash1990,6a96069dabb9482237504f7f,Plasma Daily #22| Team Rocket's Ambitions| FA Card,113,2026-09-01T17:00:00.000Z,,1-2-0,Rocky Helmet x1 [A2 148],False,,20,https://play.limitlesstcg.com/tournament/6a96069dabb9482237504f7f/player/enash1990/decklist
Mega Charizard X ex Mega Charizard Y ex,mega-charizard-x-ex-b2b-mega-charizard-y-ex-b1a,super_peace,Super_Peace,6a90c1890580a332c842170e,🚀Nuggie's POG Tourney #14 $25 Winner Takes ALL🚀,106,2026-08-30T09:00:00.000Z,,0-2-0,Protective Poncho x1 [B2 147],False,,20,https://play.limitlesstcg.com/tournament/6a90c1890580a332c842170e/player/super_peace/decklist
Mega Charizard X ex Mega Charizard Y ex,mega-charizard-x-ex-b2b-mega-charizard-y-ex-b1a,germanicus,Germanicus,6a981923a4272c53be644ca8,DR. KELP’S CHUM BUCKET POP UP,31,2026-09-02T14:00:00.000Z,,0-1-0,Rocky Helmet x1 [A2 148],False,,20,https://play.limitlesstcg.com/tournament/6a981923a4272c53be644ca8/player/germanicus/decklist
Mega Charizard Y ex Entei ex,mega-charizard-y-ex-b1a-entei-ex-a4a,ibfasting,𝗕𝗢𝗔𝗧 | Fasting,6a9b4f52ab080c8c957fa3d7,TBC Presents: Breakfast & Breakdowns🔥,97,2026-09-06T01:45:00.000Z,6,6-2-2,Protective Poncho x1 [B2 147],False,,20,https://play.limitlesstcg.com/tournament/6a9b4f52ab080c8c957fa3d7/player/ibfasting/decklist
Mega Charizard Y ex Entei ex,mega-charizard-y-ex-b1a-entei-ex-a4a,winsters,𝗕𝗢𝗔𝗧 | Goose,6a78c5912b308b6067b4f421,Tournament Vegegras cash prize 100usd,116,2026-09-05T19:05:00.000Z,8,7-4-0,Protective Poncho x1 [B2 147],False,,20,https://play.limitlesstcg.com/tournament/6a78c5912b308b6067b4f421/player/winsters/decklist
Mega Charizard Y ex Entei ex,mega-charizard-y-ex-b1a-entei-ex-a4a,guunnz,𝗠𝗢𝗡⭐️ | guunnz,6a9b4f52ab080c8c957fa3d7,TBC Presents: Breakfast & Breakdowns🔥,97,2026-09-06T01:45:00.000Z,8,6-4-0,Protective Poncho x1 [B2 147],False,,20,https://play.limitlesstcg.com/tournament/6a9b4f52ab080c8c957fa3d7/player/guunnz/decklist
Mega Charizard Y ex Entei ex,mega-charizard-y-ex-b1a-entei-ex-a4a,brendon68,𝙄𝙈𝙋 | Brendon .,6a9f6899a4272c53be64a894,Umbreon99's Team Rocket's Bash: $10 USD + 🌈,172,2026-09-08T17:45:00.000Z,9,7-1-1,Protective Poncho x1 [B2 147],False,,20,https://play.limitlesstcg.com/tournament/6a9f6899a4272c53be64a894/player/brendon68/decklist
Mega Charizard Y ex Entei ex,mega-charizard-y-ex-b1a-entei-ex-a4a,rubiq,Rubiq,6aa6244c38886b36383be644,🔥Highlight's Pyro Pop-Up #2🔥 FA OAK!,33,2026-09-13T05:20:00.000Z,12,3-2-0,Rocky Helmet x1 [A2 148],False,,20,https://play.limitlesstcg.com/tournament/6aa6244c38886b36383be644/player/rubiq/decklist
Mega Charizard Y ex Entei ex,mega-charizard-y-ex-b1a-entei-ex-a4a,atemus95gr,Atemus95Gr,6a8ea2690580a332c8420304,Rozey Birthday Pop Up By Dark league,29,2026-08-26T10:35:00.000Z,15,2-2-1,Protective Poncho x1 [B2 147],False,,20,https://play.limitlesstcg.com/tournament/6a8ea2690580a332c8420304/player/atemus95gr/decklist
Mega Charizard Y ex Entei ex,mega-charizard-y-ex-b1a-entei-ex-a4a,brendon68,𝙄𝙈𝙋 | Brendon .,6a9e12feab080c8c957fc84e,♨️Sauna X Ev4de POG Tournament #27|10 USD+Top 4 FA,73,2026-09-11T03:10:00.000Z,18,4-2-0,Protective Poncho x1 [B2 147],False,,20,https://play.limitlesstcg.com/tournament/6a9e12feab080c8c957fc84e/player/brendon68/decklist
Mega Charizard Y ex Entei ex,mega-charizard-y-ex-b1a-entei-ex-a4a,guunnz,𝗠𝗢𝗡⭐️ | guunnz,6a985d35ab080c8c957f7fac,The Dark League Tournament | POP UP,77,2026-09-02T21:10:00.000Z,19,4-3-1,Protective Poncho x1 [B2 147],False,,20,https://play.limitlesstcg.com/tournament/6a985d35ab080c8c957f7fac/player/guunnz/decklist
Mega Charizard Y ex Entei ex,mega-charizard-y-ex-b1a-entei-ex-a4a,mo1245,Mo1245,6a9f6899a4272c53be64a894,Umbreon99's Team Rocket's Bash: $10 USD + 🌈,172,2026-09-08T17:45:00.000Z,22,5-2-1,Protective Poncho x1 [B2 147],False,,20,https://play.limitlesstcg.com/tournament/6a9f6899a4272c53be64a894/player/mo1245/decklist
Mega Charizard Y ex Entei ex,mega-charizard-y-ex-b1a-entei-ex-a4a,n7hs4,n7hs4,6a9829c8a4272c53be644d74,The PokeBounty Showdown $1000 Prize Pool (#1),132,2026-09-07T23:00:00.000Z,29,5-3-0,Protective Poncho x1 [B2 147],False,,20,https://play.limitlesstcg.com/tournament/6a9829c8a4272c53be644d74/player/n7hs4/decklist
Mega Charizard Y ex Entei ex,mega-charizard-y-ex-b1a-entei-ex-a4a,miqueas0828,Miqueas0828,6aa22425a4272c53be64ca36,The Breakfast Club Daily #5-$5 + FA,112,2026-09-10T20:20:00.000Z,34,4-3-0,Protective Poncho x1 [B2 147],False,,20,https://play.limitlesstcg.com/tournament/6aa22425a4272c53be64ca36/player/miqueas0828/decklist
Mega Charizard Y ex Entei ex,mega-charizard-y-ex-b1a-entei-ex-a4a,winsters,𝗕𝗢𝗔𝗧 | Goose,6a9829c8a4272c53be644d74,The PokeBounty Showdown $1000 Prize Pool (#1),132,2026-09-07T23:00:00.000Z,37,4-3-0,Protective Poncho x1 [B2 147],False,,20,https://play.limitlesstcg.com/tournament/6a9829c8a4272c53be644d74/player/winsters/decklist
Mega Charizard Y ex Entei ex,mega-charizard-y-ex-b1a-entei-ex-a4a,mo1245,Mo1245,6a8de28f0580a332c841fd99,The TCGP Arena #5! Prizing: Full Art TRA Cards!,108,2026-08-27T17:00:00.000Z,38,3-4-0,Protective Poncho x1 [B2 147],False,,20,https://play.limitlesstcg.com/tournament/6a8de28f0580a332c841fd99/player/mo1245/decklist
Mega Charizard Y ex Entei ex,mega-charizard-y-ex-b1a-entei-ex-a4a,fitypaldis,Fitypaldis,6a9b4f52ab080c8c957fa3d7,TBC Presents: Breakfast & Breakdowns🔥,97,2026-09-06T01:45:00.000Z,43,3-3-0,Protective Poncho x1 [B2 147],False,,20,https://play.limitlesstcg.com/tournament/6a9b4f52ab080c8c957fa3d7/player/fitypaldis/decklist
Mega Charizard Y ex Entei ex,mega-charizard-y-ex-b1a-entei-ex-a4a,iromm,Eleven Gomes,6a9f6899a4272c53be64a894,Umbreon99's Team Rocket's Bash: $10 USD + 🌈,172,2026-09-08T17:45:00.000Z,45,4-3-0,Protective Poncho x1 [B2 147],False,,20,https://play.limitlesstcg.com/tournament/6a9f6899a4272c53be64a894/player/iromm/decklist
Mega Charizard Y ex Entei ex,mega-charizard-y-ex-b1a-entei-ex-a4a,brendon68,𝙄𝙈𝙋 | Brendon .,6a94b2ffabb9482237504367,♨️Sauna X Almond POG Tournament #24|10USD + FA!,110,2026-09-02T08:30:00.000Z,49,3-3-0,Protective Poncho x1 [B2 147],False,,20,https://play.limitlesstcg.com/tournament/6a94b2ffabb9482237504367/player/brendon68/decklist
Mega Charizard Y ex Entei ex,mega-charizard-y-ex-b1a-entei-ex-a4a,sinorci200,𝗙𝗚𝗥 || Sinorci200,6a9dc423ab080c8c957fc250,The Breakfast Club Nightly-$20,118,2026-09-07T00:45:00.000Z,64,2-3-0,Protective Poncho x1 [B2 147],False,,20,https://play.limitlesstcg.com/tournament/6a9dc423ab080c8c957fc250/player/sinorci200/decklist
Mega Charizard Y ex Entei ex,mega-charizard-y-ex-b1a-entei-ex-a4a,thanos9_9,Thanos ,6a8c5eb881741245b151d7e3,PMPT #44 - TEAM ROCKETS AMBITION!!! | $100 USD,378,2026-08-29T16:00:00.000Z,141,3-3-0,Protective Poncho x1 [B2 147],False,,20,https://play.limitlesstcg.com/tournament/6a8c5eb881741245b151d7e3/player/thanos9_9/decklist
Mega Charizard Y ex Entei ex,mega-charizard-y-ex-b1a-entei-ex-a4a,kyoffie,Kyoffie,6a7e2b83cdc0391d7fa65afb,Umbreon99's Aura Sphere #4: $15 USD + Oak,219,2026-09-11T17:45:00.000Z,,3-4-0,Protective Poncho x1 [B2 147],False,,20,https://play.limitlesstcg.com/tournament/6a7e2b83cdc0391d7fa65afb/player/kyoffie/decklist
Mega Charizard Y ex Entei ex,mega-charizard-y-ex-b1a-entei-ex-a4a,nemu,Nemu,6a7e2b83cdc0391d7fa65afb,Umbreon99's Aura Sphere #4: $15 USD + Oak,219,2026-09-11T17:45:00.000Z,,1-3-0,Protective Poncho x1 [B2 147],False,,20,https://play.limitlesstcg.com/tournament/6a7e2b83cdc0391d7fa65afb/player/nemu/decklist
Mega Charizard Y ex Entei ex,mega-charizard-y-ex-b1a-entei-ex-a4a,foodking90,foodking90,6a901ac60580a332c8420eaa,‼️$20 BEC'S 📛NEW SET PARTY - FA PRIZES🔻,133,2026-08-28T13:10:00.000Z,,0-2-0,Protective Poncho x1 [B2 147]; Rocky Helmet x1 [A2 148],False,,20,https://play.limitlesstcg.com/tournament/6a901ac60580a332c8420eaa/player/foodking90/decklist
Mega Charizard Y ex Entei ex,mega-charizard-y-ex-b1a-entei-ex-a4a,brendon68,𝙄𝙈𝙋 | Brendon .,6aac7e78f127b1b52c27ba59,$40 USD+FA | 巫獅對戰塔盃 LeoWizard BattleTower Cup #12,112,2026-09-19T13:00:00.000Z,,2-2-0,Protective Poncho x1 [B2 147],False,,20,https://play.limitlesstcg.com/tournament/6aac7e78f127b1b52c27ba59/player/brendon68/decklist
Mega Charizard Y ex Entei ex,mega-charizard-y-ex-b1a-entei-ex-a4a,djokonitin,djokonitin,6a90c1890580a332c842170e,🚀Nuggie's POG Tourney #14 $25 Winner Takes ALL🚀,106,2026-08-30T09:00:00.000Z,,1-2-0,Protective Poncho x1 [B2 147]; Rocky Helmet x1 [A2 148],False,,20,https://play.limitlesstcg.com/tournament/6a90c1890580a332c842170e/player/djokonitin/decklist
Mega Lucario ex Lucario,mega-lucario-ex-b3-lucario-a2,pikamon,Pikamon,6aa22425a4272c53be64ca36,The Breakfast Club Daily #5-$5 + FA,112,2026-09-10T20:20:00.000Z,1,10-2-0,Protective Poncho x1 [B2 147],False,,20,https://play.limitlesstcg.com/tournament/6aa22425a4272c53be64ca36/player/pikamon/decklist
Mega Lucario ex Lucario,mega-lucario-ex-b3-lucario-a2,frozen,𝐄𝐥𝐢𝐭𝐞𝟒 Frozen,6a96b86babb948223750549c,Dark League Pop Up,46,2026-09-01T14:15:00.000Z,1,8-2-1,Protective Poncho x1 [B2 147],False,,20,https://play.limitlesstcg.com/tournament/6a96b86babb948223750549c/player/frozen/decklist
Mega Lucario ex Lucario,mega-lucario-ex-b3-lucario-a2,drakioxp,Drakioxp,6a9c4f47a4272c53be647ff7,notChaser CUP#2 Equipe Rocket!,8,2026-09-05T22:00:00.000Z,1,6-2-0,Protective Poncho x1 [B2 147],False,,20,https://play.limitlesstcg.com/tournament/6a9c4f47a4272c53be647ff7/player/drakioxp/decklist
Mega Lucario ex Lucario,mega-lucario-ex-b3-lucario-a2,aldous,Aldous,6a96069dabb9482237504f7f,Plasma Daily #22| Team Rocket's Ambitions| FA Card,113,2026-09-01T17:00:00.000Z,2,8-2-1,Protective Poncho x1 [B2 147],False,,20,https://play.limitlesstcg.com/tournament/6a96069dabb9482237504f7f/player/aldous/decklist
Mega Lucario ex Lucario,mega-lucario-ex-b3-lucario-a2,lazimus,Lazimus,6a947113629039f77d8a5c46,Dark League Pop Up,57,2026-08-30T22:40:00.000Z,2,10-1-0,Protective Poncho x1 [B2 147],False,,20,https://play.limitlesstcg.com/tournament/6a947113629039f77d8a5c46/player/lazimus/decklist
Mega Lucario ex Lucario,mega-lucario-ex-b3-lucario-a2,thomasxavier21,ThomasXavier21,6a98b6dfab080c8c957f8554,Block Dragon Pop Up (RR Vespiquen),48,2026-09-03T02:15:00.000Z,2,9-1-0,Protective Poncho x1 [B2 147],False,,20,https://play.limitlesstcg.com/tournament/6a98b6dfab080c8c957f8554/player/thomasxavier21/decklist
Mega Lucario ex Lucario,mega-lucario-ex-b3-lucario-a2,dietdrkelp,𝗠𝗢𝗡⭐| Suede,6aa6942138886b36383be9a3,DR KELP’S CHUM BUCKET POP UP - FA COPYCAT,38,2026-09-13T14:00:00.000Z,2,7-2-0,Protective Poncho x1 [B2 147],False,,20,https://play.limitlesstcg.com/tournament/6aa6942138886b36383be9a3/player/dietdrkelp/decklist
Mega Lucario ex Lucario,mega-lucario-ex-b3-lucario-a2,jachuuuu,jachuuuu,6a9836ffa4272c53be644df4,Trinity Tournament 2,23,2026-09-05T01:00:00.000Z,2,4-1-0,Protective Poncho x1 [B2 147],False,,20,https://play.limitlesstcg.com/tournament/6a9836ffa4272c53be644df4/player/jachuuuu/decklist
Mega Lucario ex Lucario,mega-lucario-ex-b3-lucario-a2,sinorci200,𝗙𝗚𝗥 || Sinorci200,6a9fe0c7ab080c8c957fdde4,Meteor Cup #3 | Autumn Season 26,6,2026-09-11T01:00:00.000Z,2,2-2-0,Protective Poncho x1 [B2 147],False,,20,https://play.limitlesstcg.com/tournament/6a9fe0c7ab080c8c957fdde4/player/sinorci200/decklist
Mega Lucario ex Lucario,mega-lucario-ex-b3-lucario-a2,esteban0708,Esteban0708,6a8c5eb881741245b151d7e3,PMPT #44 - TEAM ROCKETS AMBITION!!! | $100 USD,378,2026-08-29T16:00:00.000Z,3,11-2-0,Protective Poncho x1 [B2 147],False,,20,https://play.limitlesstcg.com/tournament/6a8c5eb881741245b151d7e3/player/esteban0708/decklist
Mega Lucario ex Lucario,mega-lucario-ex-b3-lucario-a2,dietdrkelp,𝗠𝗢𝗡⭐| Suede,6a99bbffa4272c53be645f44,Block Dragon Pop Up (RR Team Rockets Raticate),60,2026-09-03T20:45:00.000Z,3,6-3-0,Protective Poncho x1 [B2 147],False,,20,https://play.limitlesstcg.com/tournament/6a99bbffa4272c53be645f44/player/dietdrkelp/decklist
Mega Lucario ex Lucario,mega-lucario-ex-b3-lucario-a2,monkeydonkey,MonkeyDonkey,6aa7cd2ff1243e65f9800e0f,TBC KELP CLASSIC 10th ANNIVERSARY- $10 + FA CYRUS,78,2026-09-15T23:15:00.000Z,4,8-2-1,Protective Poncho x1 [B2 147],False,,20,https://play.limitlesstcg.com/tournament/6aa7cd2ff1243e65f9800e0f/player/monkeydonkey/decklist
Mega Lucario ex Lucario,mega-lucario-ex-b3-lucario-a2,sparadrap,Sparadrap,6a8f27e57a62de813013fb20,The Breakfast Club Pop Up-$5+FA,69,2026-08-26T21:00:00.000Z,4,6-3-0,Protective Poncho x1 [B2 147],False,,20,https://play.limitlesstcg.com/tournament/6a8f27e57a62de813013fb20/player/sparadrap/decklist
Mega Lucario ex Lucario,mega-lucario-ex-b3-lucario-a2,dietdrkelp,𝗠𝗢𝗡⭐| Suede,6a9d55b3ab080c8c957fbaa6,OTS Pokemon TCG Pocket Arena Pop Up | $5 USD,65,2026-09-06T18:00:00.000Z,5,5-1-2,Protective Poncho x1 [B2 147],False,,20,https://play.limitlesstcg.com/tournament/6a9d55b3ab080c8c957fbaa6/player/dietdrkelp/decklist
Mega Lucario ex Lucario,mega-lucario-ex-b3-lucario-a2,sachatouille,Sachatouille,6aabc067f1243e65f98035ec,The TCGP Arena #6! Prizing: 🌟🌟 Cards,53,2026-09-21T17:00:00.000Z,5,6-2-0,Protective Poncho x1 [B2 147],False,,20,https://play.limitlesstcg.com/tournament/6aabc067f1243e65f98035ec/player/sachatouille/decklist
Mega Lucario ex Lucario,mega-lucario-ex-b3-lucario-a2,dietdrkelp,𝗠𝗢𝗡⭐| Suede,6aa13feaa4272c53be64b94a,DR KELP’S CHUM BUCKET POP UP,49,2026-09-09T14:00:00.000Z,5,5-1-1,Protective Poncho x1 [B2 147],False,,20,https://play.limitlesstcg.com/tournament/6aa13feaa4272c53be64b94a/player/dietdrkelp/decklist
Mega Lucario ex Lucario,mega-lucario-ex-b3-lucario-a2,mamish,Mamish,6a9836ffa4272c53be644df4,Trinity Tournament 2,23,2026-09-05T01:00:00.000Z,5,2-1-0,Protective Poncho x1 [B2 147],False,,20,https://play.limitlesstcg.com/tournament/6a9836ffa4272c53be644df4/player/mamish/decklist
Mega Lucario ex Lucario,mega-lucario-ex-b3-lucario-a2,manux,Manux,6a8c5eb881741245b151d7e3,PMPT #44 - TEAM ROCKETS AMBITION!!! | $100 USD,378,2026-08-29T16:00:00.000Z,6,9-3-0,Rocky Helmet x1 [A2 148],False,,20,https://play.limitlesstcg.com/tournament/6a8c5eb881741245b151d7e3/player/manux/decklist
Mega Lucario ex Lucario,mega-lucario-ex-b3-lucario-a2,khaiky,Khaiky Rodrigues,6a88ce398302ae761e5f8954,🇧🇷 Hit Pocket #3 | TCG Pocket,24,2026-08-29T00:00:00.000Z,6,4-2-0,Protective Poncho x1 [B2 147],False,,20,https://play.limitlesstcg.com/tournament/6a88ce398302ae761e5f8954/player/khaiky/decklist
Mega Lucario ex Lucario,mega-lucario-ex-b3-lucario-a2,abnermoyai,𝗜𝗠𝗢 | Theodoro Melo,6a9ed1b3ab080c8c957fcda5,🇧🇷 Hit Sparrow #11 | TCG Pocket,22,2026-09-09T22:00:00.000Z,6,3-3-0,Protective Poncho x1 [B2 147],False,,20,https://play.limitlesstcg.com/tournament/6a9ed1b3ab080c8c957fcda5/player/abnermoyai/decklist
Mega Lucario ex Lucario,mega-lucario-ex-b3-lucario-a2,semitse,Semitse,6a827b0778baaa6d1c221f3f,Meteor Cup #1 | Autumn Season 26,8,2026-08-28T01:00:00.000Z,7,0-3-1,Protective Poncho x1 [B2 147],False,,20,https://play.limitlesstcg.com/tournament/6a827b0778baaa6d1c221f3f/player/semitse/decklist
Mega Lucario ex Lucario,mega-lucario-ex-b3-lucario-a2,atemus95gr,Atemus95Gr,6a901ac60580a332c8420eaa,‼️$20 BEC'S 📛NEW SET PARTY - FA PRIZES🔻,133,2026-08-28T13:10:00.000Z,8,7-3-0,Protective Poncho x1 [B2 147]; Rocky Helmet x1 [A2 148],False,,20,https://play.limitlesstcg.com/tournament/6a901ac60580a332c8420eaa/player/atemus95gr/decklist
Mega Lucario ex Lucario,mega-lucario-ex-b3-lucario-a2,guunnz,𝗠𝗢𝗡⭐️ | guunnz,6aa2a732a4272c53be64cdf1,DR KELP’S CHUM BUCKET POP UP,37,2026-09-10T14:15:00.000Z,8,4-3-0,Protective Poncho x1 [B2 147],False,,20,https://play.limitlesstcg.com/tournament/6aa2a732a4272c53be64cdf1/player/guunnz/decklist
Mega Lucario ex Lucario,mega-lucario-ex-b3-lucario-a2,aldous,Aldous,6a8ea2690580a332c8420304,Rozey Birthday Pop Up By Dark league,29,2026-08-26T10:35:00.000Z,8,4-3-0,Protective Poncho x1 [B2 147],False,,20,https://play.limitlesstcg.com/tournament/6a8ea2690580a332c8420304/player/aldous/decklist
Mega Lucario ex Lucario,mega-lucario-ex-b3-lucario-a2,cloudchasing,CloudChasing,6aaad41638886b36383c1ad5,Pop Up Series 9 || FA OAK,27,2026-09-17T03:00:00.000Z,8,3-3-0,Protective Poncho x1 [B2 147],False,,20,https://play.limitlesstcg.com/tournament/6aaad41638886b36383c1ad5/player/cloudchasing/decklist
Mega Lucario ex Lucario,mega-lucario-ex-b3-lucario-a2,xerxes03,Xerxes03,6a9718fd629039f77d8a790e,Plasma Daily #23| Team Rocket's Ambitions| FA Card,119,2026-09-02T17:00:00.000Z,9,6-2-0,Protective Poncho x1 [B2 147],False,,20,https://play.limitlesstcg.com/tournament/6a9718fd629039f77d8a790e/player/xerxes03/decklist
Mega Lucario ex Lucario,mega-lucario-ex-b3-lucario-a2,lanora,𝗠𝗲𝗴𝗮 LaNora 𝗘𝗫,6a78c5912b308b6067b4f421,Tournament Vegegras cash prize 100usd,116,2026-09-05T19:05:00.000Z,9,6-2-2,Protective Poncho x1 [B2 147],False,,20,https://play.limitlesstcg.com/tournament/6a78c5912b308b6067b4f421/player/lanora/decklist
Mega Lucario ex Lucario,mega-lucario-ex-b3-lucario-a2,pdon,PDon,6a90c1890580a332c842170e,🚀Nuggie's POG Tourney #14 $25 Winner Takes ALL🚀,106,2026-08-30T09:00:00.000Z,9,6-2-0,Protective Poncho x1 [B2 147],False,,20,https://play.limitlesstcg.com/tournament/6a90c1890580a332c842170e/player/pdon/decklist
Mega Lucario ex Lucario,mega-lucario-ex-b3-lucario-a2,novamaygray,NovaMayGray,6a9836ffa4272c53be644df4,Trinity Tournament 2,23,2026-09-05T01:00:00.000Z,9,1-1-0,Protective Poncho x1 [B2 147],False,,20,https://play.limitlesstcg.com/tournament/6a9836ffa4272c53be644df4/player/novamaygray/decklist
Mega Lucario ex Lucario,mega-lucario-ex-b3-lucario-a2,radarada,RadaRada,6a9836ffa4272c53be644df4,Trinity Tournament 2,23,2026-09-05T01:00:00.000Z,9,1-1-0,Rocky Helmet x1 [A2 148],False,,20,https://play.limitlesstcg.com/tournament/6a9836ffa4272c53be644df4/player/radarada/decklist
Mega Lucario ex Lucario,mega-lucario-ex-b3-lucario-a2,flameking3,FLAMEKING3,6a981923a4272c53be644ca8,DR. KELP’S CHUM BUCKET POP UP,31,2026-09-02T14:00:00.000Z,10,4-1-2,Protective Poncho x1 [B2 147],False,,20,https://play.limitlesstcg.com/tournament/6a981923a4272c53be644ca8/player/flameking3/decklist
Mega Lucario ex Lucario,mega-lucario-ex-b3-lucario-a2,elatomico,PGX| El Atomico,6a9d55b3ab080c8c957fbaa6,OTS Pokemon TCG Pocket Arena Pop Up | $5 USD,65,2026-09-06T18:00:00.000Z,11,4-2-0,Protective Poncho x1 [B2 147],False,,20,https://play.limitlesstcg.com/tournament/6a9d55b3ab080c8c957fbaa6/player/elatomico/decklist
Mega Lucario ex Lucario,mega-lucario-ex-b3-lucario-a2,atemus95gr,Atemus95Gr,6a96b86babb948223750549c,Dark League Pop Up,46,2026-09-01T14:15:00.000Z,11,5-3-0,Rocky Helmet x1 [A2 148],False,,20,https://play.limitlesstcg.com/tournament/6a96b86babb948223750549c/player/atemus95gr/decklist
Mega Lucario ex Lucario,mega-lucario-ex-b3-lucario-a2,aldous,Aldous,6a8b75058302ae761e5fab7e,FAREWELL B4!|2x Hoopa ex RR Prize+More!|TH Series,81,2026-08-26T16:15:00.000Z,12,5-3-0,Protective Poncho x1 [B2 147],False,,20,https://play.limitlesstcg.com/tournament/6a8b75058302ae761e5fab7e/player/aldous/decklist
Mega Lucario ex Lucario,mega-lucario-ex-b3-lucario-a2,dietdrkelp,𝗠𝗢𝗡⭐️| Suede,6ab3aa2de905c1db68748664,TH Event's Presents: When DX Pack?!|5$ + FA's!,68,2026-09-23T19:00:00.000Z,12,5-2-1,Protective Poncho x1 [B2 147],False,,20,https://play.limitlesstcg.com/tournament/6ab3aa2de905c1db68748664/player/dietdrkelp/decklist
Mega Lucario ex Lucario,mega-lucario-ex-b3-lucario-a2,flameking3,FLAMEKING3,6a8c5eb881741245b151d7e3,PMPT #44 - TEAM ROCKETS AMBITION!!! | $100 USD,378,2026-08-29T16:00:00.000Z,13,8-3-0,Protective Poncho x1 [B2 147],False,,20,https://play.limitlesstcg.com/tournament/6a8c5eb881741245b151d7e3/player/flameking3/decklist
Mega Lucario ex Lucario,mega-lucario-ex-b3-lucario-a2,noobslybot_01,PLASMA| Moira,6a981923a4272c53be644ca8,DR. KELP’S CHUM BUCKET POP UP,31,2026-09-02T14:00:00.000Z,13,4-3-0,Protective Poncho x1 [B2 147],False,,20,https://play.limitlesstcg.com/tournament/6a981923a4272c53be644ca8/player/noobslybot_01/decklist
Mega Lucario ex Lucario,mega-lucario-ex-b3-lucario-a2,micg,micg,6aabc43df1243e65f9803602,DR KELP’S CHUM BUCKET POP UP,29,2026-09-17T14:15:00.000Z,13,3-3-0,Protective Poncho x1 [B2 147],False,,20,https://play.limitlesstcg.com/tournament/6aabc43df1243e65f9803602/player/micg/decklist
Mega Lucario ex Lucario,mega-lucario-ex-b3-lucario-a2,adi1906,Adi1906,6a96069dabb9482237504f7f,Plasma Daily #22| Team Rocket's Ambitions| FA Card,113,2026-09-01T17:00:00.000Z,14,5-3-0,Protective Poncho x1 [B2 147],False,,20,https://play.limitlesstcg.com/tournament/6a96069dabb9482237504f7f/player/adi1906/decklist
Mega Lucario ex Lucario,mega-lucario-ex-b3-lucario-a2,sparadrap,Sparadrap,6a90e8157a62de8130140dee,The Breakfast Club Xastur's Showdown-$5+OAK+,97,2026-08-28T22:30:00.000Z,14,5-3-1,Protective Poncho x1 [B2 147],False,,20,https://play.limitlesstcg.com/tournament/6a90e8157a62de8130140dee/player/sparadrap/decklist
Mega Lucario ex Lucario,mega-lucario-ex-b3-lucario-a2,shamus,Shamus,6a8f27e57a62de813013fb20,The Breakfast Club Pop Up-$5+FA,69,2026-08-26T21:00:00.000Z,14,4-3-0,Rocky Helmet x1 [A2 148],False,,20,https://play.limitlesstcg.com/tournament/6a8f27e57a62de813013fb20/player/shamus/decklist
Mega Lucario ex Lucario,mega-lucario-ex-b3-lucario-a2,g7zinn,Antônio Gleisson,6aa5a7da38886b36383bdfcd,🇧🇷 Hit Sparrow #12 | TCG Pocket,17,2026-09-16T22:00:00.000Z,14,0-3-0,Protective Poncho x1 [B2 147]; Rocky Helmet x1 [A2 148],False,,20,https://play.limitlesstcg.com/tournament/6aa5a7da38886b36383bdfcd/player/g7zinn/decklist
Mega Lucario ex Lucario,mega-lucario-ex-b3-lucario-a2,cranbreezy,CranBreezy,6a94b2ffabb9482237504367,♨️Sauna X Almond POG Tournament #24|10USD + FA!,110,2026-09-02T08:30:00.000Z,15,5-3-0,Protective Poncho x1 [B2 147],False,,20,https://play.limitlesstcg.com/tournament/6a94b2ffabb9482237504367/player/cranbreezy/decklist
Mega Lucario ex Lucario,mega-lucario-ex-b3-lucario-a2,flameking3,FLAMEKING3,6a918b3d629039f77d8a40ca,Pop Up Series 8 || 3 FA OAKS + DX SHINIES,66,2026-08-29T03:00:00.000Z,15,3-2-1,Protective Poncho x1 [B2 147],False,,20,https://play.limitlesstcg.com/tournament/6a918b3d629039f77d8a40ca/player/flameking3/decklist
Mega Lucario ex Lucario,mega-lucario-ex-b3-lucario-a2,sparadrap,Sparadrap,6a918b3d629039f77d8a40ca,Pop Up Series 8 || 3 FA OAKS + DX SHINIES,66,2026-08-29T03:00:00.000Z,16,3-2-1,Protective Poncho x1 [B2 147],False,,20,https://play.limitlesstcg.com/tournament/6a918b3d629039f77d8a40ca/player/sparadrap/decklist
Mega Lucario ex Lucario,mega-lucario-ex-b3-lucario-a2,franztcg,Francisco Araújo,6a92710aabb9482237502fc0,🇧🇷 Hit Sparrow #10 | TCG Pocket,20,2026-09-02T22:00:00.000Z,16,1-2-0,Protective Poncho x1 [B2 147],False,,20,https://play.limitlesstcg.com/tournament/6a92710aabb9482237502fc0/player/franztcg/decklist
Mega Lucario ex Lucario,mega-lucario-ex-b3-lucario-a2,thomasxavier21,ThomasXavier21,6a96069dabb9482237504f7f,Plasma Daily #22| Team Rocket's Ambitions| FA Card,113,2026-09-01T17:00:00.000Z,17,6-1-0,Protective Poncho x1 [B2 147],False,,20,https://play.limitlesstcg.com/tournament/6a96069dabb9482237504f7f/player/thomasxavier21/decklist
Mega Lucario ex Lucario,mega-lucario-ex-b3-lucario-a2,sekensirazu,sekensirazu,6a90e8157a62de8130140dee,The Breakfast Club Xastur's Showdown-$5+OAK+,97,2026-08-28T22:30:00.000Z,17,6-1-1,Rocky Helmet x1 [A2 148],False,,20,https://play.limitlesstcg.com/tournament/6a90e8157a62de8130140dee/player/sekensirazu/decklist
Mega Lucario ex Lucario,mega-lucario-ex-b3-lucario-a2,ppitopin8,ppitopin8,6aaac3d9f1243e65f9802bad,🥊 20$ BEC'S KING OF THE HILL - ANY FA PRIZE!,95,2026-09-18T13:00:00.000Z,17,2-1-0,Protective Poncho x1 [B2 147],False,,20,https://play.limitlesstcg.com/tournament/6aaac3d9f1243e65f9802bad/player/ppitopin8/decklist
Mega Lucario ex Lucario,mega-lucario-ex-b3-lucario-a2,oscarparra,Hisoka .,6aa1e900a4272c53be64c5ce,THE BREAKFAST CLUB KELP CLASSIC #9 - $5,64,2026-09-10T03:20:00.000Z,18,4-3-0,Protective Poncho x1 [B2 147],False,,20,https://play.limitlesstcg.com/tournament/6aa1e900a4272c53be64c5ce/player/oscarparra/decklist
Mega Lucario ex Lucario,mega-lucario-ex-b3-lucario-a2,dietdrkelp,𝗠𝗢𝗡⭐| Suede,6a96b86babb948223750549c,Dark League Pop Up,46,2026-09-01T14:15:00.000Z,18,3-3-1,Protective Poncho x1 [B2 147],False,,20,https://play.limitlesstcg.com/tournament/6a96b86babb948223750549c/player/dietdrkelp/decklist
Mega Lucario ex Lucario,mega-lucario-ex-b3-lucario-a2,azuran,Azuran,6a8ea2690580a332c8420304,Rozey Birthday Pop Up By Dark league,29,2026-08-26T10:35:00.000Z,18,2-3-0,Protective Poncho x1 [B2 147],False,,20,https://play.limitlesstcg.com/tournament/6a8ea2690580a332c8420304/player/azuran/decklist
Mega Lucario ex Lucario,mega-lucario-ex-b3-lucario-a2,nakopol91,nakopol91,6a98fd1ba4272c53be6457c3,TBC The Rowdy Russell Rumble-$20-QUICK,53,2026-09-03T05:15:00.000Z,19,3-3-0,Protective Poncho x1 [B2 147],False,,20,https://play.limitlesstcg.com/tournament/6a98fd1ba4272c53be6457c3/player/nakopol91/decklist
Mega Lucario ex Lucario,mega-lucario-ex-b3-lucario-a2,flameking3,FLAMEKING3,6a96b86babb948223750549c,Dark League Pop Up,46,2026-09-01T14:15:00.000Z,19,3-3-1,Protective Poncho x1 [B2 147],False,,20,https://play.limitlesstcg.com/tournament/6a96b86babb948223750549c/player/flameking3/decklist
Mega Lucario ex Lucario,mega-lucario-ex-b3-lucario-a2,avelino_off,AVELINO_OFF,6aa6942138886b36383be9a3,DR KELP’S CHUM BUCKET POP UP - FA COPYCAT,38,2026-09-13T14:00:00.000Z,19,2-3-0,Protective Poncho x1 [B2 147],False,,20,https://play.limitlesstcg.com/tournament/6aa6942138886b36383be9a3/player/avelino_off/decklist
Mega Lucario ex Lucario,mega-lucario-ex-b3-lucario-a2,radarada,RadaRada,6a9f6899a4272c53be64a894,Umbreon99's Team Rocket's Bash: $10 USD + 🌈,172,2026-09-08T17:45:00.000Z,20,5-2-1,Rocky Helmet x1 [A2 148],False,,20,https://play.limitlesstcg.com/tournament/6a9f6899a4272c53be64a894/player/radarada/decklist
Mega Lucario ex Lucario,mega-lucario-ex-b3-lucario-a2,pokeody,PokeOdy,6a96069dabb9482237504f7f,Plasma Daily #22| Team Rocket's Ambitions| FA Card,113,2026-09-01T17:00:00.000Z,20,4-2-1,Protective Poncho x1 [B2 147],False,,20,https://play.limitlesstcg.com/tournament/6a96069dabb9482237504f7f/player/pokeody/decklist
Mega Lucario ex Lucario,mega-lucario-ex-b3-lucario-a2,neophyte885,Neophyte885,6a8ea2690580a332c8420304,Rozey Birthday Pop Up By Dark league,29,2026-08-26T10:35:00.000Z,20,1-4-0,Protective Poncho x1 [B2 147],False,,20,https://play.limitlesstcg.com/tournament/6a8ea2690580a332c8420304/player/neophyte885/decklist
Mega Lucario ex Lucario,mega-lucario-ex-b3-lucario-a2,alana,𝗠𝗲𝗴𝗮 Alana 𝗘𝗫,6a90c1890580a332c842170e,🚀Nuggie's POG Tourney #14 $25 Winner Takes ALL🚀,106,2026-08-30T09:00:00.000Z,21,4-2-1,Protective Poncho x1 [B2 147]; Rocky Helmet x1 [A2 148],False,,20,https://play.limitlesstcg.com/tournament/6a90c1890580a332c842170e/player/alana/decklist
Mega Lucario ex Lucario,mega-lucario-ex-b3-lucario-a2,birdnest,BirdNest,6a918b3d629039f77d8a40ca,Pop Up Series 8 || 3 FA OAKS + DX SHINIES,66,2026-08-29T03:00:00.000Z,21,3-2-0,Protective Poncho x1 [B2 147],False,,20,https://play.limitlesstcg.com/tournament/6a918b3d629039f77d8a40ca/player/birdnest/decklist
Mega Lucario ex Lucario,mega-lucario-ex-b3-lucario-a2,rectarenanda,rectarenanda,6a8b7ef58302ae761e5fac0a,♨️Sauna's POG Tournament #23 |SLEEP BAN| 5USD + FA,60,2026-08-28T04:00:00.000Z,22,3-3-0,Protective Poncho x1 [B2 147],False,,20,https://play.limitlesstcg.com/tournament/6a8b7ef58302ae761e5fac0a/player/rectarenanda/decklist
Mega Lucario ex Lucario,mega-lucario-ex-b3-lucario-a2,lennydeski,LENNY DESKI,6a78c5912b308b6067b4f421,Tournament Vegegras cash prize 100usd,116,2026-09-05T19:05:00.000Z,23,6-3-0,Protective Poncho x1 [B2 147],False,,20,https://play.limitlesstcg.com/tournament/6a78c5912b308b6067b4f421/player/lennydeski/decklist
Mega Lucario ex Lucario,mega-lucario-ex-b3-lucario-a2,flipinton,Flipinton,6a985d35ab080c8c957f7fac,The Dark League Tournament | POP UP,77,2026-09-02T21:10:00.000Z,23,4-3-1,Protective Poncho x1 [B2 147],False,,20,https://play.limitlesstcg.com/tournament/6a985d35ab080c8c957f7fac/player/flipinton/decklist
Mega Lucario ex Lucario,mega-lucario-ex-b3-lucario-a2,normo360,𝗠𝗮𝗴𝗺𝗮 StorM,6aa13feaa4272c53be64b94a,DR KELP’S CHUM BUCKET POP UP,49,2026-09-09T14:00:00.000Z,23,3-2-0,Protective Poncho x1 [B2 147],False,,20,https://play.limitlesstcg.com/tournament/6aa13feaa4272c53be64b94a/player/normo360/decklist
Mega Lucario ex Lucario,mega-lucario-ex-b3-lucario-a2,avelino_off,AVELINO_OFF,6aa89ad438886b36383c071a,✧･❀🌸Flutter Festival Debut! -15$🌸❀･✧,80,2026-09-16T23:30:00.000Z,24,3-3-0,Protective Poncho x1 [B2 147],False,,20,https://play.limitlesstcg.com/tournament/6aa89ad438886b36383c071a/player/avelino_off/decklist
Mega Lucario ex Lucario,mega-lucario-ex-b3-lucario-a2,dietdrkelp,𝗠𝗢𝗡⭐| Suede,6a7e2b83cdc0391d7fa65afb,Umbreon99's Aura Sphere #4: $15 USD + Oak,219,2026-09-11T17:45:00.000Z,27,6-3-1,Protective Poncho x1 [B2 147],False,,20,https://play.limitlesstcg.com/tournament/6a7e2b83cdc0391d7fa65afb/player/dietdrkelp/decklist
Mega Lucario ex Lucario,mega-lucario-ex-b3-lucario-a2,mami,Mami,6aa6244c38886b36383be644,🔥Highlight's Pyro Pop-Up #2🔥 FA OAK!,33,2026-09-13T05:20:00.000Z,28,0-2-0,Protective Poncho x1 [B2 147],False,,20,https://play.limitlesstcg.com/tournament/6aa6244c38886b36383be644/player/mami/decklist
Mega Lucario ex Lucario,mega-lucario-ex-b3-lucario-a2,luckyex888,LuckyEX888,6a99bbffa4272c53be645f44,Block Dragon Pop Up (RR Team Rockets Raticate),60,2026-09-03T20:45:00.000Z,29,2-4-0,Protective Poncho x1 [B2 147],False,,20,https://play.limitlesstcg.com/tournament/6a99bbffa4272c53be645f44/player/luckyex888/decklist
Mega Lucario ex Lucario,mega-lucario-ex-b3-lucario-a2,ziquan2,ziquan2,6aac7e78f127b1b52c27ba59,$40 USD+FA | 巫獅對戰塔盃 LeoWizard BattleTower Cup #12,112,2026-09-19T13:00:00.000Z,30,5-3-0,Protective Poncho x1 [B2 147],False,,20,https://play.limitlesstcg.com/tournament/6aac7e78f127b1b52c27ba59/player/ziquan2/decklist
Mega Lucario ex Lucario,mega-lucario-ex-b3-lucario-a2,sandy_permata205,𝗠𝗲𝗴𝗮 R X Prexure,6a94b2ffabb9482237504367,♨️Sauna X Almond POG Tournament #24|10USD + FA!,110,2026-09-02T08:30:00.000Z,30,4-3-0,Protective Poncho x1 [B2 147],False,,20,https://play.limitlesstcg.com/tournament/6a94b2ffabb9482237504367/player/sandy_permata205/decklist
Mega Lucario ex Lucario,mega-lucario-ex-b3-lucario-a2,nifaa,𝙈𝙉𝙍𝘾 | Nifaa,6a989e74a4272c53be6453c4,🔥 TBC × HYPE PACKS: AFTERMADS #1 — $150 🔥,134,2026-09-13T00:45:00.000Z,31,5-3-1,Protective Poncho x1 [B2 147],False,,20,https://play.limitlesstcg.com/tournament/6a989e74a4272c53be6453c4/player/nifaa/decklist
Mega Lucario ex Lucario,mega-lucario-ex-b3-lucario-a2,wanderer02,Wanderer02,6a9e12feab080c8c957fc84e,♨️Sauna X Ev4de POG Tournament #27|10 USD+Top 4 FA,73,2026-09-11T03:10:00.000Z,31,3-3-0,Protective Poncho x1 [B2 147],False,,20,https://play.limitlesstcg.com/tournament/6a9e12feab080c8c957fc84e/player/wanderer02/decklist
Mega Lucario ex Lucario,mega-lucario-ex-b3-lucario-a2,einstun,𝙈𝙚𝙜𝙖 Einstun 𝙀𝙭,6a98fd1ba4272c53be6457c3,TBC The Rowdy Russell Rumble-$20-QUICK,53,2026-09-03T05:15:00.000Z,31,2-4-0,Protective Poncho x1 [B2 147],False,,20,https://play.limitlesstcg.com/tournament/6a98fd1ba4272c53be6457c3/player/einstun/decklist
Mega Lucario ex Lucario,mega-lucario-ex-b3-lucario-a2,tommykamikace,TommyKamikace,6a7e2b83cdc0391d7fa65afb,Umbreon99's Aura Sphere #4: $15 USD + Oak,219,2026-09-11T17:45:00.000Z,32,6-4-0,Protective Poncho x1 [B2 147],False,,20,https://play.limitlesstcg.com/tournament/6a7e2b83cdc0391d7fa65afb/player/tommykamikace/decklist
Mega Lucario ex Lucario,mega-lucario-ex-b3-lucario-a2,flameking3,FLAMEKING3,6a9718fd629039f77d8a790e,Plasma Daily #23| Team Rocket's Ambitions| FA Card,119,2026-09-02T17:00:00.000Z,32,4-3-0,Protective Poncho x1 [B2 147],False,,20,https://play.limitlesstcg.com/tournament/6a9718fd629039f77d8a790e/player/flameking3/decklist
Mega Lucario ex Lucario,mega-lucario-ex-b3-lucario-a2,sawitlovers,SawitLovers,6aa1e900a4272c53be64c5ce,THE BREAKFAST CLUB KELP CLASSIC #9 - $5,64,2026-09-10T03:20:00.000Z,32,1-6-0,Rocky Helmet x2 [A2 148],False,,20,https://play.limitlesstcg.com/tournament/6aa1e900a4272c53be64c5ce/player/sawitlovers/decklist
Mega Lucario ex Lucario,mega-lucario-ex-b3-lucario-a2,thomasxavier21,ThomasXavier21,6a98fd1ba4272c53be6457c3,TBC The Rowdy Russell Rumble-$20-QUICK,53,2026-09-03T05:15:00.000Z,32,2-3-0,Protective Poncho x1 [B2 147],False,,20,https://play.limitlesstcg.com/tournament/6a98fd1ba4272c53be6457c3/player/thomasxavier21/decklist
Mega Lucario ex Lucario,mega-lucario-ex-b3-lucario-a2,spritzol,Spritzol,6aaac3d9f1243e65f9802bad,🥊 20$ BEC'S KING OF THE HILL - ANY FA PRIZE!,95,2026-09-18T13:00:00.000Z,33,1-1-0,Protective Poncho x1 [B2 147],False,,20,https://play.limitlesstcg.com/tournament/6aaac3d9f1243e65f9802bad/player/spritzol/decklist
Mega Lucario ex Lucario,mega-lucario-ex-b3-lucario-a2,einstun,𝙈𝙚𝙜𝙖 Einstun 𝙀𝙭,6a8b75058302ae761e5fab7e,FAREWELL B4!|2x Hoopa ex RR Prize+More!|TH Series,81,2026-08-26T16:15:00.000Z,33,3-4-0,Protective Poncho x1 [B2 147],False,,20,https://play.limitlesstcg.com/tournament/6a8b75058302ae761e5fab7e/player/einstun/decklist
Mega Lucario ex Lucario,mega-lucario-ex-b3-lucario-a2,spritzol,Spritzol,6a985d35ab080c8c957f7fac,The Dark League Tournament | POP UP,77,2026-09-02T21:10:00.000Z,33,3-4-0,Protective Poncho x1 [B2 147],False,,20,https://play.limitlesstcg.com/tournament/6a985d35ab080c8c957f7fac/player/spritzol/decklist
Mega Lucario ex Lucario,mega-lucario-ex-b3-lucario-a2,luckyex888,LuckyEX888,6a8f27e57a62de813013fb20,The Breakfast Club Pop Up-$5+FA,69,2026-08-26T21:00:00.000Z,33,2-3-0,Protective Poncho x1 [B2 147],False,,20,https://play.limitlesstcg.com/tournament/6a8f27e57a62de813013fb20/player/luckyex888/decklist
Mega Lucario ex Lucario,mega-lucario-ex-b3-lucario-a2,fishdino,Fishdino,6a9b4f52ab080c8c957fa3d7,TBC Presents: Breakfast & Breakdowns🔥,97,2026-09-06T01:45:00.000Z,34,4-3-0,Protective Poncho x1 [B2 147],False,,20,https://play.limitlesstcg.com/tournament/6a9b4f52ab080c8c957fa3d7/player/fishdino/decklist
Mega Lucario ex Lucario,mega-lucario-ex-b3-lucario-a2,dhforty4,dhforty4,6a985d35ab080c8c957f7fac,The Dark League Tournament | POP UP,77,2026-09-02T21:10:00.000Z,34,3-4-0,Protective Poncho x1 [B2 147],False,,20,https://play.limitlesstcg.com/tournament/6a985d35ab080c8c957f7fac/player/dhforty4/decklist
Mega Lucario ex Lucario,mega-lucario-ex-b3-lucario-a2,omarkztv,OMarkzTV,6a8f27e57a62de813013fb20,The Breakfast Club Pop Up-$5+FA,69,2026-08-26T21:00:00.000Z,34,2-3-0,Protective Poncho x1 [B2 147],False,,20,https://play.limitlesstcg.com/tournament/6a8f27e57a62de813013fb20/player/omarkztv/decklist
Mega Lucario ex Lucario,mega-lucario-ex-b3-lucario-a2,themadhimalayan,TheMadHimalayan,6a98b6dfab080c8c957f8554,Block Dragon Pop Up (RR Vespiquen),48,2026-09-03T02:15:00.000Z,34,1-4-0,Protective Poncho x1 [B2 147],False,,20,https://play.limitlesstcg.com/tournament/6a98b6dfab080c8c957f8554/player/themadhimalayan/decklist
Mega Lucario ex Lucario,mega-lucario-ex-b3-lucario-a2,rikhardt,Rikhardt,6a8c5eb881741245b151d7e3,PMPT #44 - TEAM ROCKETS AMBITION!!! | $100 USD,378,2026-08-29T16:00:00.000Z,35,7-2-0,Protective Poncho x1 [B2 147],False,,20,https://play.limitlesstcg.com/tournament/6a8c5eb881741245b151d7e3/player/rikhardt/decklist
Mega Lucario ex Lucario,mega-lucario-ex-b3-lucario-a2,brxlyy,Brxlyy,6a9718fd629039f77d8a790e,Plasma Daily #23| Team Rocket's Ambitions| FA Card,119,2026-09-02T17:00:00.000Z,35,4-2-0,Protective Poncho x1 [B2 147],False,,20,https://play.limitlesstcg.com/tournament/6a9718fd629039f77d8a790e/player/brxlyy/decklist
Mega Lucario ex Lucario,mega-lucario-ex-b3-lucario-a2,flipand11,flipand11,6a78c5912b308b6067b4f421,Tournament Vegegras cash prize 100usd,116,2026-09-05T19:05:00.000Z,35,4-3-1,Protective Poncho x1 [B2 147],False,,20,https://play.limitlesstcg.com/tournament/6a78c5912b308b6067b4f421/player/flipand11/decklist
Mega Lucario ex Lucario,mega-lucario-ex-lucario-b3,pikamon,Pikamon,6a96069dabb9482237504f7f,Plasma Daily #22| Team Rocket's Ambitions| FA Card,113,2026-09-01T17:00:00.000Z,35,3-3-0,Protective Poncho x1 [B2 147],False,,20,https://play.limitlesstcg.com/tournament/6a96069dabb9482237504f7f/player/pikamon/decklist
Mega Lucario ex Lucario,mega-lucario-ex-b3-lucario-a2,ravenoussix,INLG | RavenousSix,6a9b4f52ab080c8c957fa3d7,TBC Presents: Breakfast & Breakdowns🔥,97,2026-09-06T01:45:00.000Z,35,3-3-0,Protective Poncho x1 [B2 147],False,,20,https://play.limitlesstcg.com/tournament/6a9b4f52ab080c8c957fa3d7/player/ravenoussix/decklist
Mega Lucario ex Lucario,mega-lucario-ex-b3-lucario-a2,nyrq,nyrq the rookie,6aa89ad438886b36383c071a,✧･❀🌸Flutter Festival Debut! -15$🌸❀･✧,80,2026-09-16T23:30:00.000Z,35,3-3-0,Protective Poncho x1 [B2 147],False,,20,https://play.limitlesstcg.com/tournament/6aa89ad438886b36383c071a/player/nyrq/decklist
Mega Lucario ex Lucario,mega-lucario-ex-b3-lucario-a2,thomasxavier21,ThomasXavier21,6aa1e900a4272c53be64c5ce,THE BREAKFAST CLUB KELP CLASSIC #9 - $5,64,2026-09-10T03:20:00.000Z,35,1-6-0,Protective Poncho x1 [B2 147],False,,20,https://play.limitlesstcg.com/tournament/6aa1e900a4272c53be64c5ce/player/thomasxavier21/decklist
Mega Lucario ex Lucario,mega-lucario-ex-b3-lucario-a2,rectarenanda,rectarenanda,6a8b75058302ae761e5fab7e,FAREWELL B4!|2x Hoopa ex RR Prize+More!|TH Series,81,2026-08-26T16:15:00.000Z,36,3-4-0,Protective Poncho x1 [B2 147],False,,20,https://play.limitlesstcg.com/tournament/6a8b75058302ae761e5fab7e/player/rectarenanda/decklist
Mega Lucario ex Lucario,mega-lucario-ex-b3-lucario-a2,thomasxavier21,ThomasXavier21,6a94b2ffabb9482237504367,♨️Sauna X Almond POG Tournament #24|10USD + FA!,110,2026-09-02T08:30:00.000Z,38,3-3-0,Protective Poncho x1 [B2 147],False,,20,https://play.limitlesstcg.com/tournament/6a94b2ffabb9482237504367/player/thomasxavier21/decklist
Mega Lucario ex Lucario,mega-lucario-ex-b3-lucario-a2,masterbenji,Masterbenji,6a985d35ab080c8c957f7fac,The Dark League Tournament | POP UP,77,2026-09-02T21:10:00.000Z,38,1-6-0,Protective Poncho x1 [B2 147],False,,20,https://play.limitlesstcg.com/tournament/6a985d35ab080c8c957f7fac/player/masterbenji/decklist
Mega Lucario ex Lucario,mega-lucario-ex-b3-lucario-a2,brendon68,𝙄𝙈𝙋 | Brendon .,6a989e74a4272c53be6453c4,🔥 TBC × HYPE PACKS: AFTERMADS #1 — $150 🔥,134,2026-09-13T00:45:00.000Z,39,3-2-0,Protective Poncho x1 [B2 147],False,,20,https://play.limitlesstcg.com/tournament/6a989e74a4272c53be6453c4/player/brendon68/decklist
Mega Lucario ex Lucario,mega-lucario-ex-b3-lucario-a2,liamkrew,Liamkrew,6a8c5eb881741245b151d7e3,PMPT #44 - TEAM ROCKETS AMBITION!!! | $100 USD,378,2026-08-29T16:00:00.000Z,41,6-2-1,Protective Poncho x1 [B2 147],False,,20,https://play.limitlesstcg.com/tournament/6a8c5eb881741245b151d7e3/player/liamkrew/decklist
Mega Lucario ex Lucario,mega-lucario-ex-b3-lucario-a2,avelino_off,AVELINO_OFF,6a989e74a4272c53be6453c4,🔥 TBC × HYPE PACKS: AFTERMADS #1 — $150 🔥,134,2026-09-13T00:45:00.000Z,41,3-4-0,Protective Poncho x1 [B2 147],False,,20,https://play.limitlesstcg.com/tournament/6a989e74a4272c53be6453c4/player/avelino_off/decklist
Mega Lucario ex Lucario,mega-lucario-ex-b3-lucario-a2,banzai,𝗠𝗲𝗴𝗮 Banzai 𝗘𝗫,6a918b3d629039f77d8a40ca,Pop Up Series 8 || 3 FA OAKS + DX SHINIES,66,2026-08-29T03:00:00.000Z,42,1-2-0,Protective Poncho x1 [B2 147],False,,20,https://play.limitlesstcg.com/tournament/6a918b3d629039f77d8a40ca/player/banzai/decklist
Mega Lucario ex Lucario,mega-lucario-ex-b3-lucario-a2,dietdrkelp,𝗠𝗢𝗡⭐| Suede,6aa89ad438886b36383c071a,✧･❀🌸Flutter Festival Debut! -15$🌸❀･✧,80,2026-09-16T23:30:00.000Z,43,2-3-0,Protective Poncho x1 [B2 147],False,,20,https://play.limitlesstcg.com/tournament/6aa89ad438886b36383c071a/player/dietdrkelp/decklist
Mega Lucario ex Lucario,mega-lucario-ex-b3-lucario-a2,pikamon,Pikamon,6a9f6899a4272c53be64a894,Umbreon99's Team Rocket's Bash: $10 USD + 🌈,172,2026-09-08T17:45:00.000Z,44,4-3-0,Protective Poncho x1 [B2 147],False,,20,https://play.limitlesstcg.com/tournament/6a9f6899a4272c53be64a894/player/pikamon/decklist
Mega Lucario ex Lucario,mega-lucario-ex-b3-lucario-a2,sinorci200,𝗙𝗚𝗥 || Sinorci200,6a9829c8a4272c53be644d74,The PokeBounty Showdown $1000 Prize Pool (#1),132,2026-09-07T23:00:00.000Z,45,3-3-0,Protective Poncho x1 [B2 147],False,,20,https://play.limitlesstcg.com/tournament/6a9829c8a4272c53be644d74/player/sinorci200/decklist
Mega Lucario ex Lucario,mega-lucario-ex-b3-lucario-a2,red_d_beer,FrogEX | RedD.Beer,6a9718fd629039f77d8a790e,Plasma Daily #23| Team Rocket's Ambitions| FA Card,119,2026-09-02T17:00:00.000Z,45,3-3-0,Protective Poncho x1 [B2 147],False,,20,https://play.limitlesstcg.com/tournament/6a9718fd629039f77d8a790e/player/red_d_beer/decklist
Mega Lucario ex Lucario,mega-lucario-ex-b3-lucario-a2,estehlegitea,𝗠𝗲𝗴𝗮 Hasan 𝗘𝗫,6a90e8157a62de8130140dee,The Breakfast Club Xastur's Showdown-$5+OAK+,97,2026-08-28T22:30:00.000Z,45,2-4-0,Protective Poncho x1 [B2 147],False,,20,https://play.limitlesstcg.com/tournament/6a90e8157a62de8130140dee/player/estehlegitea/decklist
Mega Lucario ex Lucario,mega-lucario-ex-b3-lucario-a2,sparadrap,Sparadrap,6a8c5eb881741245b151d7e3,PMPT #44 - TEAM ROCKETS AMBITION!!! | $100 USD,378,2026-08-29T16:00:00.000Z,46,6-3-0,Protective Poncho x1 [B2 147],False,,20,https://play.limitlesstcg.com/tournament/6a8c5eb881741245b151d7e3/player/sparadrap/decklist
Mega Lucario ex Lucario,mega-lucario-ex-b3-lucario-a2,yuta_06,yuta_06,6aa7cd2ff1243e65f9800e0f,TBC KELP CLASSIC 10th ANNIVERSARY- $10 + FA CYRUS,78,2026-09-15T23:15:00.000Z,46,1-6-0,Protective Poncho x1 [B2 147],False,,20,https://play.limitlesstcg.com/tournament/6aa7cd2ff1243e65f9800e0f/player/yuta_06/decklist
Mega Lucario ex Lucario,mega-lucario-ex-b3-lucario-a2,flipinton,Flipinton,6a98b6dfab080c8c957f8554,Block Dragon Pop Up (RR Vespiquen),48,2026-09-03T02:15:00.000Z,46,0-5-0,Protective Poncho x1 [B2 147],False,,20,https://play.limitlesstcg.com/tournament/6a98b6dfab080c8c957f8554/player/flipinton/decklist
Mega Lucario ex Lucario,mega-lucario-ex-b3-lucario-a2,garoth,VIP Garoth,6a8b75058302ae761e5fab7e,FAREWELL B4!|2x Hoopa ex RR Prize+More!|TH Series,81,2026-08-26T16:15:00.000Z,48,2-3-0,Protective Poncho x1 [B2 147],False,,20,https://play.limitlesstcg.com/tournament/6a8b75058302ae761e5fab7e/player/garoth/decklist
Mega Lucario ex Lucario,mega-lucario-ex-b3-lucario-a2,themadhimalayan,TheMadHimalayan,6a9829c8a4272c53be644d74,The PokeBounty Showdown $1000 Prize Pool (#1),132,2026-09-07T23:00:00.000Z,49,3-3-0,Protective Poncho x1 [B2 147]; Rocky Helmet x1 [A2 148],False,,20,https://play.limitlesstcg.com/tournament/6a9829c8a4272c53be644d74/player/themadhimalayan/decklist
Mega Lucario ex Lucario,mega-lucario-ex-b3-lucario-a2,flipinton,Flipinton,6a99bbffa4272c53be645f44,Block Dragon Pop Up (RR Team Rockets Raticate),60,2026-09-03T20:45:00.000Z,50,1-5-0,Protective Poncho x1 [B2 147],False,,20,https://play.limitlesstcg.com/tournament/6a99bbffa4272c53be645f44/player/flipinton/decklist
Mega Lucario ex Lucario,mega-lucario-ex-b3-lucario-a2,spritzol,Spritzol,6aac7e78f127b1b52c27ba59,$40 USD+FA | 巫獅對戰塔盃 LeoWizard BattleTower Cup #12,112,2026-09-19T13:00:00.000Z,51,3-3-0,Protective Poncho x1 [B2 147],False,,20,https://play.limitlesstcg.com/tournament/6aac7e78f127b1b52c27ba59/player/spritzol/decklist
Mega Lucario ex Lucario,mega-lucario-ex-b3-lucario-a2,raizima,Raizima,6a78c5912b308b6067b4f421,Tournament Vegegras cash prize 100usd,116,2026-09-05T19:05:00.000Z,52,3-4-0,Protective Poncho x1 [B2 147],False,,20,https://play.limitlesstcg.com/tournament/6a78c5912b308b6067b4f421/player/raizima/decklist
Mega Lucario ex Lucario,mega-lucario-ex-b3-lucario-a2,haryanto,𝗠𝗲𝗴𝗮 Haryanto 𝗘𝗫,6a90c1890580a332c842170e,🚀Nuggie's POG Tourney #14 $25 Winner Takes ALL🚀,106,2026-08-30T09:00:00.000Z,52,1-5-0,Protective Poncho x1 [B2 147],False,,20,https://play.limitlesstcg.com/tournament/6a90c1890580a332c842170e/player/haryanto/decklist
Mega Lucario ex Lucario,mega-lucario-ex-b3-lucario-a2,ravenoussix,𝙄𝙉𝙇𝙂 | RavenousSix,6a7e2b83cdc0391d7fa65afb,Umbreon99's Aura Sphere #4: $15 USD + Oak,219,2026-09-11T17:45:00.000Z,53,5-4-0,Protective Poncho x1 [B2 147],False,,20,https://play.limitlesstcg.com/tournament/6a7e2b83cdc0391d7fa65afb/player/ravenoussix/decklist
Mega Lucario ex Lucario,mega-lucario-ex-b3-lucario-a2,lanora,𝗠𝗲𝗴𝗮 LaNora 𝗘𝗫,6a9829c8a4272c53be644d74,The PokeBounty Showdown $1000 Prize Pool (#1),132,2026-09-07T23:00:00.000Z,54,3-3-0,Protective Poncho x1 [B2 147],False,,20,https://play.limitlesstcg.com/tournament/6a9829c8a4272c53be644d74/player/lanora/decklist
Mega Lucario ex Lucario,mega-lucario-ex-b3-lucario-a2,dyja1,Dyja1,6a9b4f52ab080c8c957fa3d7,TBC Presents: Breakfast & Breakdowns🔥,97,2026-09-06T01:45:00.000Z,54,2-4-0,Protective Poncho x1 [B2 147],False,,20,https://play.limitlesstcg.com/tournament/6a9b4f52ab080c8c957fa3d7/player/dyja1/decklist
Mega Lucario ex Lucario,mega-lucario-ex-b3-lucario-a2,omarkztv,OMarkzTV,6aa22425a4272c53be64ca36,The Breakfast Club Daily #5-$5 + FA,112,2026-09-10T20:20:00.000Z,56,2-3-0,Protective Poncho x1 [B2 147],False,,20,https://play.limitlesstcg.com/tournament/6aa22425a4272c53be64ca36/player/omarkztv/decklist
Mega Lucario ex Lucario,mega-lucario-ex-b3-lucario-a2,prototcg,ProtoTCG,6a8b75058302ae761e5fab7e,FAREWELL B4!|2x Hoopa ex RR Prize+More!|TH Series,81,2026-08-26T16:15:00.000Z,56,1-3-0,Protective Poncho x1 [B2 147]; Rocky Helmet x1 [A2 148],False,,20,https://play.limitlesstcg.com/tournament/6a8b75058302ae761e5fab7e/player/prototcg/decklist
Mega Lucario ex Lucario,mega-lucario-ex-b3-lucario-a2,dietdrkelp,𝗠𝗢𝗡⭐| Suede,6aa22425a4272c53be64ca36,The Breakfast Club Daily #5-$5 + FA,112,2026-09-10T20:20:00.000Z,58,2-2-0,Protective Poncho x1 [B2 147],False,,20,https://play.limitlesstcg.com/tournament/6aa22425a4272c53be64ca36/player/dietdrkelp/decklist
Mega Lucario ex Lucario,mega-lucario-ex-b3-lucario-a2,lanora,𝗠𝗲𝗴𝗮 LaNora 𝗘𝗫,6a9b4f52ab080c8c957fa3d7,TBC Presents: Breakfast & Breakdowns🔥,97,2026-09-06T01:45:00.000Z,59,2-1-0,Protective Poncho x1 [B2 147],False,,20,https://play.limitlesstcg.com/tournament/6a9b4f52ab080c8c957fa3d7/player/lanora/decklist
Mega Lucario ex Lucario,mega-lucario-ex-b3-lucario-a2,iono_ce,Iono_Ce,6a7e2b83cdc0391d7fa65afb,Umbreon99's Aura Sphere #4: $15 USD + Oak,219,2026-09-11T17:45:00.000Z,60,5-4-0,Protective Poncho x1 [B2 147],False,,20,https://play.limitlesstcg.com/tournament/6a7e2b83cdc0391d7fa65afb/player/iono_ce/decklist
Mega Lucario ex Lucario,mega-lucario-ex-b3-lucario-a2,sky_skywolf93,SKY_SkyWolf93,6aa0471eab080c8c957fe27d,The PokeBounty Showdown $1000 Prize Pool (#2NA),142,2026-09-14T23:00:00.000Z,61,3-3-0,Protective Poncho x1 [B2 147],False,,20,https://play.limitlesstcg.com/tournament/6aa0471eab080c8c957fe27d/player/sky_skywolf93/decklist
Mega Lucario ex Lucario,mega-lucario-ex-b3-lucario-a2,oscarparra,Hisoka .,6a7e2b83cdc0391d7fa65afb,Umbreon99's Aura Sphere #4: $15 USD + Oak,219,2026-09-11T17:45:00.000Z,64,5-4-0,Protective Poncho x1 [B2 147],False,,20,https://play.limitlesstcg.com/tournament/6a7e2b83cdc0391d7fa65afb/player/oscarparra/decklist
Mega Lucario ex Lucario,mega-lucario-ex-b3-lucario-a2,yuta_06,yuta_06,6aaac3d9f1243e65f9802bad,🥊 20$ BEC'S KING OF THE HILL - ANY FA PRIZE!,95,2026-09-18T13:00:00.000Z,65,0-1-0,Protective Poncho x1 [B2 147],False,,20,https://play.limitlesstcg.com/tournament/6aaac3d9f1243e65f9802bad/player/yuta_06/decklist
Mega Lucario ex Lucario,mega-lucario-ex-b3-lucario-a2,peaceful,peaceful,6a7e2b83cdc0391d7fa65afb,Umbreon99's Aura Sphere #4: $15 USD + Oak,219,2026-09-11T17:45:00.000Z,75,4-4-0,Protective Poncho x1 [B2 147],False,,20,https://play.limitlesstcg.com/tournament/6a7e2b83cdc0391d7fa65afb/player/peaceful/decklist
Mega Lucario ex Lucario,mega-lucario-ex-b3-lucario-a2,avelino_off,AVELINO_OFF,6aa0471eab080c8c957fe27d,The PokeBounty Showdown $1000 Prize Pool (#2NA),142,2026-09-14T23:00:00.000Z,76,2-4-0,Protective Poncho x1 [B2 147],False,,20,https://play.limitlesstcg.com/tournament/6aa0471eab080c8c957fe27d/player/avelino_off/decklist
Mega Lucario ex Lucario,mega-lucario-ex-b3-lucario-a2,whiterabbit,whiteRabbit,6a9f6899a4272c53be64a894,Umbreon99's Team Rocket's Bash: $10 USD + 🌈,172,2026-09-08T17:45:00.000Z,78,1-6-0,Protective Poncho x1 [B2 147],False,,20,https://play.limitlesstcg.com/tournament/6a9f6899a4272c53be64a894/player/whiterabbit/decklist
Mega Lucario ex Lucario,mega-lucario-ex-b3-lucario-a2,thomasxavier21,ThomasXavier21,6aa6410b38886b36383be710,🏰FORT TOURNAMENTS POCKET DEBUT🏰 $20 + FA CARDS,114,2026-09-14T10:30:00.000Z,78,1-3-0,Protective Poncho x1 [B2 147],False,,20,https://play.limitlesstcg.com/tournament/6aa6410b38886b36383be710/player/thomasxavier21/decklist
Mega Lucario ex Lucario,mega-lucario-ex-b3-lucario-a2,calderon,Calderon,6a90e8157a62de8130140dee,The Breakfast Club Xastur's Showdown-$5+OAK+,97,2026-08-28T22:30:00.000Z,79,1-6-0,Protective Poncho x1 [B2 147]; Rocky Helmet x1 [A2 148],False,,20,https://play.limitlesstcg.com/tournament/6a90e8157a62de8130140dee/player/calderon/decklist
Mega Lucario ex Lucario,mega-lucario-ex-b3-lucario-a2,ktech3224,Ktech3224,6a9f6899a4272c53be64a894,Umbreon99's Team Rocket's Bash: $10 USD + 🌈,172,2026-09-08T17:45:00.000Z,83,0-7-0,Protective Poncho x1 [B2 147],False,,20,https://play.limitlesstcg.com/tournament/6a9f6899a4272c53be64a894/player/ktech3224/decklist
Mega Lucario ex Lucario,mega-lucario-ex-b3-lucario-a2,flameking3,FLAMEKING3,6aa22425a4272c53be64ca36,The Breakfast Club Daily #5-$5 + FA,112,2026-09-10T20:20:00.000Z,85,1-2-0,Protective Poncho x1 [B2 147],False,,20,https://play.limitlesstcg.com/tournament/6aa22425a4272c53be64ca36/player/flameking3/decklist
Mega Lucario ex Lucario,mega-lucario-ex-b3-lucario-a2,einstun,𝙈𝙚𝙜𝙖 Einstun 𝙀𝙭,6a9b4f52ab080c8c957fa3d7,TBC Presents: Breakfast & Breakdowns🔥,97,2026-09-06T01:45:00.000Z,86,0-3-0,Protective Poncho x1 [B2 147],False,,20,https://play.limitlesstcg.com/tournament/6a9b4f52ab080c8c957fa3d7/player/einstun/decklist
Mega Lucario ex Lucario,mega-lucario-ex-b3-lucario-a2,umbreon92,Umbreon92,6aa6eed0f1243e65f9800555,🩷random r0zey pop up #3 | $25 + FA🩷,146,2026-09-13T22:50:00.000Z,88,2-4-0,Rocky Helmet x1 [A2 148],False,,20,https://play.limitlesstcg.com/tournament/6aa6eed0f1243e65f9800555/player/umbreon92/decklist
Mega Lucario ex Lucario,mega-lucario-ex-b3-lucario-a2,thomasxavier21,ThomasXavier21,6aa22425a4272c53be64ca36,The Breakfast Club Daily #5-$5 + FA,112,2026-09-10T20:20:00.000Z,88,1-4-0,Protective Poncho x1 [B2 147],False,,20,https://play.limitlesstcg.com/tournament/6aa22425a4272c53be64ca36/player/thomasxavier21/decklist
Mega Lucario ex Lucario,mega-lucario-ex-b3-lucario-a2,avelino_off,AVELINO_OFF,6aa6eed0f1243e65f9800555,🩷random r0zey pop up #3 | $25 + FA🩷,146,2026-09-13T22:50:00.000Z,89,2-4-0,Protective Poncho x1 [B2 147],False,,20,https://play.limitlesstcg.com/tournament/6aa6eed0f1243e65f9800555/player/avelino_off/decklist
Mega Lucario ex Lucario,mega-lucario-ex-b3-lucario-a2,thomasxavier21,ThomasXavier21,6a7e2b83cdc0391d7fa65afb,Umbreon99's Aura Sphere #4: $15 USD + Oak,219,2026-09-11T17:45:00.000Z,90,2-6-0,Protective Poncho x1 [B2 147],False,,20,https://play.limitlesstcg.com/tournament/6a7e2b83cdc0391d7fa65afb/player/thomasxavier21/decklist
Mega Lucario ex Lucario,mega-lucario-ex-b3-lucario-a2,dietdrkelp,𝗠𝗢𝗡⭐| Suede,6a989e74a4272c53be6453c4,🔥 TBC × HYPE PACKS: AFTERMADS #1 — $150 🔥,134,2026-09-13T00:45:00.000Z,94,1-6-0,Protective Poncho x1 [B2 147],False,,20,https://play.limitlesstcg.com/tournament/6a989e74a4272c53be6453c4/player/dietdrkelp/decklist
Mega Lucario ex Lucario,mega-lucario-ex-b3-lucario-a2,thomasxavier21,ThomasXavier21,6aa6eed0f1243e65f9800555,🩷random r0zey pop up #3 | $25 + FA🩷,146,2026-09-13T22:50:00.000Z,98,1-2-0,Protective Poncho x1 [B2 147],False,,20,https://play.limitlesstcg.com/tournament/6aa6eed0f1243e65f9800555/player/thomasxavier21/decklist
Mega Lucario ex Lucario,mega-lucario-ex-b3-lucario-a2,xxemmabooxx,xXEmmaBooXx,6a989e74a4272c53be6453c4,🔥 TBC × HYPE PACKS: AFTERMADS #1 — $150 🔥,134,2026-09-13T00:45:00.000Z,99,1-0-0,Protective Poncho x1 [B2 147],False,,20,https://play.limitlesstcg.com/tournament/6a989e74a4272c53be6453c4/player/xxemmabooxx/decklist
Mega Lucario ex Lucario,mega-lucario-ex-b3-lucario-a2,thelivin,thelivin,6aa22425a4272c53be64ca36,The Breakfast Club Daily #5-$5 + FA,112,2026-09-10T20:20:00.000Z,103,0-7-0,Protective Poncho x1 [B2 147],False,,20,https://play.limitlesstcg.com/tournament/6aa22425a4272c53be64ca36/player/thelivin/decklist
Mega Lucario ex Lucario,mega-lucario-ex-b3-lucario-a2,iitzjonny95,iiTzJonny95,6a989e74a4272c53be6453c4,🔥 TBC × HYPE PACKS: AFTERMADS #1 — $150 🔥,134,2026-09-13T00:45:00.000Z,107,0-1-0,Protective Poncho x1 [B2 147],False,,20,https://play.limitlesstcg.com/tournament/6a989e74a4272c53be6453c4/player/iitzjonny95/decklist
Mega Lucario ex Lucario,mega-lucario-ex-b3-lucario-a2,sawitlovers,SawitLovers,6a9dc423ab080c8c957fc250,The Breakfast Club Nightly-$20,118,2026-09-07T00:45:00.000Z,114,0-6-0,Rocky Helmet x2 [A2 148],False,,20,https://play.limitlesstcg.com/tournament/6a9dc423ab080c8c957fc250/player/sawitlovers/decklist
Mega Lucario ex Lucario,mega-lucario-ex-b3-lucario-a2,ur_ciao,𝙈𝙉𝙍𝘾 | Fring B,6a8c5eb881741245b151d7e3,PMPT #44 - TEAM ROCKETS AMBITION!!! | $100 USD,378,2026-08-29T16:00:00.000Z,115,3-3-0,Rocky Helmet x1 [A2 148],False,,20,https://play.limitlesstcg.com/tournament/6a8c5eb881741245b151d7e3/player/ur_ciao/decklist
Mega Lucario ex Lucario,mega-lucario-ex-b3-lucario-a2,xxemmabooxx,xXEmmaBooXx,6aa6eed0f1243e65f9800555,🩷random r0zey pop up #3 | $25 + FA🩷,146,2026-09-13T22:50:00.000Z,120,1-2-0,Protective Poncho x1 [B2 147],False,,20,https://play.limitlesstcg.com/tournament/6aa6eed0f1243e65f9800555/player/xxemmabooxx/decklist
Mega Lucario ex Lucario,mega-lucario-ex-b3-lucario-a2,iitzjonny95,iiTzJonny95,6aa6eed0f1243e65f9800555,🩷random r0zey pop up #3 | $25 + FA🩷,146,2026-09-13T22:50:00.000Z,126,0-3-0,Protective Poncho x1 [B2 147],False,,20,https://play.limitlesstcg.com/tournament/6aa6eed0f1243e65f9800555/player/iitzjonny95/decklist
Mega Lucario ex Lucario,mega-lucario-ex-b3-lucario-a2,thomasxavier21,ThomasXavier21,6a989e74a4272c53be6453c4,🔥 TBC × HYPE PACKS: AFTERMADS #1 — $150 🔥,134,2026-09-13T00:45:00.000Z,126,0-4-0,Protective Poncho x1 [B2 147],False,,20,https://play.limitlesstcg.com/tournament/6a989e74a4272c53be6453c4/player/thomasxavier21/decklist
Mega Lucario ex Lucario,mega-lucario-ex-b3-lucario-a2,einstun,𝙈𝙚𝙜𝙖 Einstun 𝙀𝙭,6a989e74a4272c53be6453c4,🔥 TBC × HYPE PACKS: AFTERMADS #1 — $150 🔥,134,2026-09-13T00:45:00.000Z,128,0-3-0,Protective Poncho x1 [B2 147],False,,20,https://play.limitlesstcg.com/tournament/6a989e74a4272c53be6453c4/player/einstun/decklist
Mega Lucario ex Lucario,mega-lucario-ex-b3-lucario-a2,elyeyo,elyeyo,6a8c5eb881741245b151d7e3,PMPT #44 - TEAM ROCKETS AMBITION!!! | $100 USD,378,2026-08-29T16:00:00.000Z,131,3-3-0,Protective Poncho x1 [B2 147]; Rocky Helmet x1 [A2 148],False,,20,https://play.limitlesstcg.com/tournament/6a8c5eb881741245b151d7e3/player/elyeyo/decklist
Mega Lucario ex Lucario,mega-lucario-ex-b3-lucario-a2,nivek,𝑿𝑻𝑹𝑬𝑴 | Nivèk,6a8c5eb881741245b151d7e3,PMPT #44 - TEAM ROCKETS AMBITION!!! | $100 USD,378,2026-08-29T16:00:00.000Z,148,3-3-0,Protective Poncho x1 [B2 147],False,,20,https://play.limitlesstcg.com/tournament/6a8c5eb881741245b151d7e3/player/nivek/decklist
Mega Lucario ex Lucario,mega-lucario-ex-b3-lucario-a2,justclark,justclark,6a8c5eb881741245b151d7e3,PMPT #44 - TEAM ROCKETS AMBITION!!! | $100 USD,378,2026-08-29T16:00:00.000Z,172,2-2-0,Protective Poncho x1 [B2 147],False,,20,https://play.limitlesstcg.com/tournament/6a8c5eb881741245b151d7e3/player/justclark/decklist
Mega Lucario ex Lucario,mega-lucario-ex-lucario-b3,andres941cs,andres941cs,6a8c5eb881741245b151d7e3,PMPT #44 - TEAM ROCKETS AMBITION!!! | $100 USD,378,2026-08-29T16:00:00.000Z,182,2-4-0,Protective Poncho x1 [B2 147],False,,20,https://play.limitlesstcg.com/tournament/6a8c5eb881741245b151d7e3/player/andres941cs/decklist
Mega Lucario ex Lucario,mega-lucario-ex-b3-lucario-a2,einstun,𝙈𝙚𝙜𝙖 Einstun 𝙀𝙭,6a8c5eb881741245b151d7e3,PMPT #44 - TEAM ROCKETS AMBITION!!! | $100 USD,378,2026-08-29T16:00:00.000Z,186,2-4-0,Protective Poncho x1 [B2 147],False,,20,https://play.limitlesstcg.com/tournament/6a8c5eb881741245b151d7e3/player/einstun/decklist
Mega Lucario ex Lucario,mega-lucario-ex-b3-lucario-a2,omarkztv,OMarkzTV,6a8c5eb881741245b151d7e3,PMPT #44 - TEAM ROCKETS AMBITION!!! | $100 USD,378,2026-08-29T16:00:00.000Z,232,1-1-0,Protective Poncho x1 [B2 147],False,,20,https://play.limitlesstcg.com/tournament/6a8c5eb881741245b151d7e3/player/omarkztv/decklist
Mega Lucario ex Lucario,mega-lucario-ex-b3-lucario-a2,abnermoyai,AbnerMoyai,6a8c5eb881741245b151d7e3,PMPT #44 - TEAM ROCKETS AMBITION!!! | $100 USD,378,2026-08-29T16:00:00.000Z,354,0-2-0,Protective Poncho x1 [B2 147],False,,20,https://play.limitlesstcg.com/tournament/6a8c5eb881741245b151d7e3/player/abnermoyai/decklist
Mega Lucario ex Lucario,mega-lucario-ex-b3-lucario-a2,kayoby,kayoby,6a7e2b83cdc0391d7fa65afb,Umbreon99's Aura Sphere #4: $15 USD + Oak,219,2026-09-11T17:45:00.000Z,,2-2-0,Protective Poncho x1 [B2 147],False,,20,https://play.limitlesstcg.com/tournament/6a7e2b83cdc0391d7fa65afb/player/kayoby/decklist
Mega Lucario ex Lucario,mega-lucario-ex-b3-lucario-a2,pikamon,Pikamon,6a7e2b83cdc0391d7fa65afb,Umbreon99's Aura Sphere #4: $15 USD + Oak,219,2026-09-11T17:45:00.000Z,,2-3-0,Protective Poncho x1 [B2 147],False,,20,https://play.limitlesstcg.com/tournament/6a7e2b83cdc0391d7fa65afb/player/pikamon/decklist
Mega Lucario ex Lucario,mega-lucario-ex-b3-lucario-a2,tavi2k,𝐑𝐅 | Tavi,6a7e2b83cdc0391d7fa65afb,Umbreon99's Aura Sphere #4: $15 USD + Oak,219,2026-09-11T17:45:00.000Z,,1-3-0,Protective Poncho x1 [B2 147],False,,20,https://play.limitlesstcg.com/tournament/6a7e2b83cdc0391d7fa65afb/player/tavi2k/decklist
Mega Lucario ex Lucario,mega-lucario-ex-b3-lucario-a2,dietdrkelp,𝗠𝗢𝗡⭐| Suede,6a9f6899a4272c53be64a894,Umbreon99's Team Rocket's Bash: $10 USD + 🌈,172,2026-09-08T17:45:00.000Z,,3-3-0,Protective Poncho x1 [B2 147],False,,20,https://play.limitlesstcg.com/tournament/6a9f6899a4272c53be64a894/player/dietdrkelp/decklist
Mega Lucario ex Lucario,mega-lucario-ex-b3-lucario-a2,moserk,moserk,6a9f6899a4272c53be64a894,Umbreon99's Team Rocket's Bash: $10 USD + 🌈,172,2026-09-08T17:45:00.000Z,,1-2-0,Protective Poncho x1 [B2 147],False,,20,https://play.limitlesstcg.com/tournament/6a9f6899a4272c53be64a894/player/moserk/decklist
Mega Lucario ex Lucario,mega-lucario-ex-b3-lucario-a2,normo360,𝗠𝗮𝗴𝗺𝗮 StorM,6a9f6899a4272c53be64a894,Umbreon99's Team Rocket's Bash: $10 USD + 🌈,172,2026-09-08T17:45:00.000Z,,1-3-0,Protective Poncho x1 [B2 147],False,,20,https://play.limitlesstcg.com/tournament/6a9f6899a4272c53be64a894/player/normo360/decklist
Mega Lucario ex Lucario,mega-lucario-ex-b3-lucario-a2,russ_ii,TBC || Russ,6a9f6899a4272c53be64a894,Umbreon99's Team Rocket's Bash: $10 USD + 🌈,172,2026-09-08T17:45:00.000Z,,0-2-0,Protective Poncho x1 [B2 147],False,,20,https://play.limitlesstcg.com/tournament/6a9f6899a4272c53be64a894/player/russ_ii/decklist
Mega Lucario ex Lucario,mega-lucario-ex-b3-lucario-a2,saitake,Saitake,6a9f6899a4272c53be64a894,Umbreon99's Team Rocket's Bash: $10 USD + 🌈,172,2026-09-08T17:45:00.000Z,,3-3-0,Protective Poncho x1 [B2 147],False,,20,https://play.limitlesstcg.com/tournament/6a9f6899a4272c53be64a894/player/saitake/decklist
Mega Lucario ex Lucario,mega-lucario-ex-b3-lucario-a2,kayoby,kayoby,6aa0471eab080c8c957fe27d,The PokeBounty Showdown $1000 Prize Pool (#2NA),142,2026-09-14T23:00:00.000Z,,1-3-0,Protective Poncho x1 [B2 147],False,,20,https://play.limitlesstcg.com/tournament/6aa0471eab080c8c957fe27d/player/kayoby/decklist
Mega Lucario ex Lucario,mega-lucario-ex-b3-lucario-a2,aldous,Aldous,6a901ac60580a332c8420eaa,‼️$20 BEC'S 📛NEW SET PARTY - FA PRIZES🔻,133,2026-08-28T13:10:00.000Z,,0-3-0,Protective Poncho x1 [B2 147],False,,20,https://play.limitlesstcg.com/tournament/6a901ac60580a332c8420eaa/player/aldous/decklist
Mega Lucario ex Lucario,mega-lucario-ex-b3-lucario-a2,quackquack,quackquack,6a901ac60580a332c8420eaa,‼️$20 BEC'S 📛NEW SET PARTY - FA PRIZES🔻,133,2026-08-28T13:10:00.000Z,,2-2-0,Protective Poncho x1 [B2 147],False,,20,https://play.limitlesstcg.com/tournament/6a901ac60580a332c8420eaa/player/quackquack/decklist
Mega Lucario ex Lucario,mega-lucario-ex-b3-lucario-a2,sparadrap,Sparadrap,6a901ac60580a332c8420eaa,‼️$20 BEC'S 📛NEW SET PARTY - FA PRIZES🔻,133,2026-08-28T13:10:00.000Z,,1-3-0,Protective Poncho x1 [B2 147],False,,20,https://play.limitlesstcg.com/tournament/6a901ac60580a332c8420eaa/player/sparadrap/decklist
Mega Lucario ex Lucario,mega-lucario-ex-b3-lucario-a2,ppitopin8,ppitopin8,6a9829c8a4272c53be644d74,The PokeBounty Showdown $1000 Prize Pool (#1),132,2026-09-07T23:00:00.000Z,,1-1-0,Protective Poncho x1 [B2 147],False,,20,https://play.limitlesstcg.com/tournament/6a9829c8a4272c53be644d74/player/ppitopin8/decklist
Mega Lucario ex Lucario,mega-lucario-ex-b3-lucario-a2,sparadrap,Sparadrap,6a9829c8a4272c53be644d74,The PokeBounty Showdown $1000 Prize Pool (#1),132,2026-09-07T23:00:00.000Z,,0-3-0,Protective Poncho x1 [B2 147],False,,20,https://play.limitlesstcg.com/tournament/6a9829c8a4272c53be644d74/player/sparadrap/decklist
Mega Lucario ex Lucario,mega-lucario-ex-b3-lucario-a2,dyja1,Diky J,6a789b5ccdc0391d7fa61ba9,The Dark League | CELEBRATORY FANFARE 685$ Value,120,2026-09-05T20:05:00.000Z,,2-5-0,Protective Poncho x1 [B2 147],False,,20,https://play.limitlesstcg.com/tournament/6a789b5ccdc0391d7fa61ba9/player/dyja1/decklist
Mega Lucario ex Lucario,mega-lucario-ex-b3-lucario-a2,guunnz,𝗠𝗢𝗡⭐️ | guunnz,6a789b5ccdc0391d7fa61ba9,The Dark League | CELEBRATORY FANFARE 685$ Value,120,2026-09-05T20:05:00.000Z,,2-4-0,Protective Poncho x1 [B2 147],False,,20,https://play.limitlesstcg.com/tournament/6a789b5ccdc0391d7fa61ba9/player/guunnz/decklist
Mega Lucario ex Lucario,mega-lucario-ex-b3-lucario-a2,johtopack,CIRC | Elegant,6a789b5ccdc0391d7fa61ba9,The Dark League | CELEBRATORY FANFARE 685$ Value,120,2026-09-05T20:05:00.000Z,,0-7-0,Protective Poncho x1 [B2 147],False,,20,https://play.limitlesstcg.com/tournament/6a789b5ccdc0391d7fa61ba9/player/johtopack/decklist
Mega Lucario ex Lucario,mega-lucario-ex-b3-lucario-a2,justclark,justclark,6a789b5ccdc0391d7fa61ba9,The Dark League | CELEBRATORY FANFARE 685$ Value,120,2026-09-05T20:05:00.000Z,,2-3-0,Protective Poncho x1 [B2 147],False,,20,https://play.limitlesstcg.com/tournament/6a789b5ccdc0391d7fa61ba9/player/justclark/decklist
Mega Lucario ex Lucario,mega-lucario-ex-b3-lucario-a2,lanora,𝗠𝗲𝗴𝗮 LaNora 𝗘𝗫,6a789b5ccdc0391d7fa61ba9,The Dark League | CELEBRATORY FANFARE 685$ Value,120,2026-09-05T20:05:00.000Z,,1-2-0,Protective Poncho x1 [B2 147],False,,20,https://play.limitlesstcg.com/tournament/6a789b5ccdc0391d7fa61ba9/player/lanora/decklist
Mega Lucario ex Lucario,mega-lucario-ex-b3-lucario-a2,nunogdm,NunoGDM,6a789b5ccdc0391d7fa61ba9,The Dark League | CELEBRATORY FANFARE 685$ Value,120,2026-09-05T20:05:00.000Z,,0-2-0,Protective Poncho x1 [B2 147],False,,20,https://play.limitlesstcg.com/tournament/6a789b5ccdc0391d7fa61ba9/player/nunogdm/decklist
Mega Lucario ex Lucario,mega-lucario-ex-b3-lucario-a2,ppitopin8,ppitopin8,6a789b5ccdc0391d7fa61ba9,The Dark League | CELEBRATORY FANFARE 685$ Value,120,2026-09-05T20:05:00.000Z,,0-2-0,Protective Poncho x1 [B2 147],False,,20,https://play.limitlesstcg.com/tournament/6a789b5ccdc0391d7fa61ba9/player/ppitopin8/decklist
Mega Lucario ex Lucario,mega-lucario-ex-b3-lucario-a2,rayblu,DNT | Raybu,6a789b5ccdc0391d7fa61ba9,The Dark League | CELEBRATORY FANFARE 685$ Value,120,2026-09-05T20:05:00.000Z,,2-2-0,Protective Poncho x1 [B2 147],False,,20,https://play.limitlesstcg.com/tournament/6a789b5ccdc0391d7fa61ba9/player/rayblu/decklist
Mega Lucario ex Lucario,mega-lucario-ex-b3-lucario-a2,spritzol,Spritzol,6a789b5ccdc0391d7fa61ba9,The Dark League | CELEBRATORY FANFARE 685$ Value,120,2026-09-05T20:05:00.000Z,,1-3-0,Protective Poncho x1 [B2 147],False,,20,https://play.limitlesstcg.com/tournament/6a789b5ccdc0391d7fa61ba9/player/spritzol/decklist
Mega Lucario ex Lucario,mega-lucario-ex-b3-lucario-a2,aldous,Aldous,6a9718fd629039f77d8a790e,Plasma Daily #23| Team Rocket's Ambitions| FA Card,119,2026-09-02T17:00:00.000Z,,1-3-0,Protective Poncho x1 [B2 147],False,,20,https://play.limitlesstcg.com/tournament/6a9718fd629039f77d8a790e/player/aldous/decklist
Mega Lucario ex Lucario,mega-lucario-ex-b3-lucario-a2,frozen,𝐄𝐥𝐢𝐭𝐞𝟒 Frozen,6a9718fd629039f77d8a790e,Plasma Daily #23| Team Rocket's Ambitions| FA Card,119,2026-09-02T17:00:00.000Z,,0-1-0,Protective Poncho x1 [B2 147],False,,20,https://play.limitlesstcg.com/tournament/6a9718fd629039f77d8a790e/player/frozen/decklist
Mega Lucario ex Lucario,mega-lucario-ex-b3-lucario-a2,liamkrew,Liamkrew,6a9718fd629039f77d8a790e,Plasma Daily #23| Team Rocket's Ambitions| FA Card,119,2026-09-02T17:00:00.000Z,,0-2-0,Protective Poncho x1 [B2 147],False,,20,https://play.limitlesstcg.com/tournament/6a9718fd629039f77d8a790e/player/liamkrew/decklist
Mega Lucario ex Lucario,mega-lucario-ex-b3-lucario-a2,supreme13,𝗕𝗮𝗹𝗱 Supreme,6a9718fd629039f77d8a790e,Plasma Daily #23| Team Rocket's Ambitions| FA Card,119,2026-09-02T17:00:00.000Z,,2-3-0,Protective Poncho x1 [B2 147],False,,20,https://play.limitlesstcg.com/tournament/6a9718fd629039f77d8a790e/player/supreme13/decklist
Mega Lucario ex Lucario,mega-lucario-ex-b3-lucario-a2,tommykamikace,TommyKamikace,6a9718fd629039f77d8a790e,Plasma Daily #23| Team Rocket's Ambitions| FA Card,119,2026-09-02T17:00:00.000Z,,1-2-0,Protective Poncho x1 [B2 147],False,,20,https://play.limitlesstcg.com/tournament/6a9718fd629039f77d8a790e/player/tommykamikace/decklist
Mega Lucario ex Lucario,mega-lucario-ex-b3-lucario-a2,acad,Acad,6aa17ddeab080c8c957ff0fe,Dark League Pocket Tournament | 20$USD Prize Pool,118,2026-09-12T20:30:00.000Z,,0-3-0,Protective Poncho x1 [B2 147],False,,20,https://play.limitlesstcg.com/tournament/6aa17ddeab080c8c957ff0fe/player/acad/decklist
Mega Lucario ex Lucario,mega-lucario-ex-b3-lucario-a2,almezda,Almezda,6aa17ddeab080c8c957ff0fe,Dark League Pocket Tournament | 20$USD Prize Pool,118,2026-09-12T20:30:00.000Z,,2-4-1,Protective Poncho x1 [B2 147],False,,20,https://play.limitlesstcg.com/tournament/6aa17ddeab080c8c957ff0fe/player/almezda/decklist
Mega Lucario ex Lucario,mega-lucario-ex-b3-lucario-a2,thomasxavier21,ThomasXavier21,6aa17ddeab080c8c957ff0fe,Dark League Pocket Tournament | 20$USD Prize Pool,118,2026-09-12T20:30:00.000Z,,1-3-0,Protective Poncho x1 [B2 147],False,,20,https://play.limitlesstcg.com/tournament/6aa17ddeab080c8c957ff0fe/player/thomasxavier21/decklist
Mega Lucario ex Lucario,mega-lucario-ex-b3-lucario-a2,tk37z,TK37Z,6aa17ddeab080c8c957ff0fe,Dark League Pocket Tournament | 20$USD Prize Pool,118,2026-09-12T20:30:00.000Z,,1-5-0,Protective Poncho x1 [B2 147],False,,20,https://play.limitlesstcg.com/tournament/6aa17ddeab080c8c957ff0fe/player/tk37z/decklist
Mega Lucario ex Lucario,mega-lucario-ex-b3-lucario-a2,dyja1,Diky Jayakusuma,6a78c5912b308b6067b4f421,Tournament Vegegras cash prize 100usd,116,2026-09-05T19:05:00.000Z,,0-7-0,Protective Poncho x1 [B2 147],False,,20,https://play.limitlesstcg.com/tournament/6a78c5912b308b6067b4f421/player/dyja1/decklist
Mega Lucario ex Lucario,mega-lucario-ex-b3-lucario-a2,rayblu,Rayblu,6a78c5912b308b6067b4f421,Tournament Vegegras cash prize 100usd,116,2026-09-05T19:05:00.000Z,,1-1-0,Protective Poncho x1 [B2 147],False,,20,https://play.limitlesstcg.com/tournament/6a78c5912b308b6067b4f421/player/rayblu/decklist
Mega Lucario ex Lucario,mega-lucario-ex-b3-lucario-a2,esteban0708,Esteban0708,6a96069dabb9482237504f7f,Plasma Daily #22| Team Rocket's Ambitions| FA Card,113,2026-09-01T17:00:00.000Z,,0-1-0,Protective Poncho x1 [B2 147],False,,20,https://play.limitlesstcg.com/tournament/6a96069dabb9482237504f7f/player/esteban0708/decklist
Mega Lucario ex Lucario,mega-lucario-ex-b3-lucario-a2,flameking3,FLAMEKING3,6a96069dabb9482237504f7f,Plasma Daily #22| Team Rocket's Ambitions| FA Card,113,2026-09-01T17:00:00.000Z,,2-3-0,Protective Poncho x1 [B2 147],False,,20,https://play.limitlesstcg.com/tournament/6a96069dabb9482237504f7f/player/flameking3/decklist
Mega Lucario ex Lucario,mega-lucario-ex-b3-lucario-a2,liamkrew,Liamkrew,6a96069dabb9482237504f7f,Plasma Daily #22| Team Rocket's Ambitions| FA Card,113,2026-09-01T17:00:00.000Z,,1-2-0,Protective Poncho x1 [B2 147],False,,20,https://play.limitlesstcg.com/tournament/6a96069dabb9482237504f7f/player/liamkrew/decklist
Mega Lucario ex Lucario,mega-lucario-ex-b3-lucario-a2,sparadrap,Sparadrap,6a96069dabb9482237504f7f,Plasma Daily #22| Team Rocket's Ambitions| FA Card,113,2026-09-01T17:00:00.000Z,,1-3-0,Protective Poncho x1 [B2 147],False,,20,https://play.limitlesstcg.com/tournament/6a96069dabb9482237504f7f/player/sparadrap/decklist
Mega Lucario ex Lucario,mega-lucario-ex-b3-lucario-a2,ppitopin8,ppitopin8,6aac7e78f127b1b52c27ba59,$40 USD+FA | 巫獅對戰塔盃 LeoWizard BattleTower Cup #12,112,2026-09-19T13:00:00.000Z,,1-2-0,Protective Poncho x1 [B2 147],False,,20,https://play.limitlesstcg.com/tournament/6aac7e78f127b1b52c27ba59/player/ppitopin8/decklist
Mega Lucario ex Lucario,mega-lucario-ex-b3-lucario-a2,wongtw,SBS| wongtw,6aac7e78f127b1b52c27ba59,$40 USD+FA | 巫獅對戰塔盃 LeoWizard BattleTower Cup #12,112,2026-09-19T13:00:00.000Z,,0-2-0,Protective Poncho x1 [B2 147],False,,20,https://play.limitlesstcg.com/tournament/6aac7e78f127b1b52c27ba59/player/wongtw/decklist
Mega Lucario ex Lucario,mega-lucario-ex-b3-lucario-a2,elatomico,PGX| El Atomico,6a94b2ffabb9482237504367,♨️Sauna X Almond POG Tournament #24|10USD + FA!,110,2026-09-02T08:30:00.000Z,,0-2-0,Protective Poncho x1 [B2 147],False,,20,https://play.limitlesstcg.com/tournament/6a94b2ffabb9482237504367/player/elatomico/decklist
Mega Lucario ex Lucario,mega-lucario-ex-b3-lucario-a2,mambadaddy9,𝐃𝐍𝐓 | MambaD.9,6a94b2ffabb9482237504367,♨️Sauna X Almond POG Tournament #24|10USD + FA!,110,2026-09-02T08:30:00.000Z,,3-1-0,Protective Poncho x1 [B2 147],False,,20,https://play.limitlesstcg.com/tournament/6a94b2ffabb9482237504367/player/mambadaddy9/decklist
Mega Lucario ex Lucario,mega-lucario-ex-b3-lucario-a2,axelniraj,Void ,6a90c1890580a332c842170e,🚀Nuggie's POG Tourney #14 $25 Winner Takes ALL🚀,106,2026-08-30T09:00:00.000Z,,2-2-0,Protective Poncho x1 [B2 147],False,,20,https://play.limitlesstcg.com/tournament/6a90c1890580a332c842170e/player/axelniraj/decklist
Mega Lucario ex Lucario,mega-lucario-ex-b3-lucario-a2,brendon68,𝙄𝙈𝙋 | Brendon .,6a90c1890580a332c842170e,🚀Nuggie's POG Tourney #14 $25 Winner Takes ALL🚀,106,2026-08-30T09:00:00.000Z,,1-3-0,Protective Poncho x1 [B2 147],False,,20,https://play.limitlesstcg.com/tournament/6a90c1890580a332c842170e/player/brendon68/decklist
Mega Lucario ex Lucario,mega-lucario-ex-b3-lucario-a2,godi,Godi,6a90c1890580a332c842170e,🚀Nuggie's POG Tourney #14 $25 Winner Takes ALL🚀,106,2026-08-30T09:00:00.000Z,,0-2-0,Protective Poncho x1 [B2 147],False,,20,https://play.limitlesstcg.com/tournament/6a90c1890580a332c842170e/player/godi/decklist
Mega Lucario ex Lucario,mega-lucario-ex-b3-lucario-a2,grotolo,𝐃𝐍𝐓 | Grotolo,6a90c1890580a332c842170e,🚀Nuggie's POG Tourney #14 $25 Winner Takes ALL🚀,106,2026-08-30T09:00:00.000Z,,1-2-0,Protective Poncho x1 [B2 147],False,,20,https://play.limitlesstcg.com/tournament/6a90c1890580a332c842170e/player/grotolo/decklist
Mega Lucario ex Lucario,mega-lucario-ex-b3-lucario-a2,avelino_off,AVELINO_OFF,6a7e2db92b308b6067b531d2,Umbreon99's Aura Sphere #5: $5 USD + OAK,89,2026-09-18T17:35:00.000Z,,1-2-0,Protective Poncho x1 [B2 147],False,,20,https://play.limitlesstcg.com/tournament/6a7e2db92b308b6067b531d2/player/avelino_off/decklist
Mega Lucario ex Lucario,mega-lucario-ex-b3-lucario-a2,iono_ce,Iono_Ce,6a7e2db92b308b6067b531d2,Umbreon99's Aura Sphere #5: $5 USD + OAK,89,2026-09-18T17:35:00.000Z,,0-2-0,Protective Poncho x1 [B2 147],False,,20,https://play.limitlesstcg.com/tournament/6a7e2db92b308b6067b531d2/player/iono_ce/decklist
Mega Lucario ex Lucario,mega-lucario-ex-b3-lucario-a2,sky_skywolf93,SKY_SkyWolf93,6a7e2db92b308b6067b531d2,Umbreon99's Aura Sphere #5: $5 USD + OAK,89,2026-09-18T17:35:00.000Z,,2-3-0,Protective Poncho x1 [B2 147],False,,20,https://play.limitlesstcg.com/tournament/6a7e2db92b308b6067b531d2/player/sky_skywolf93/decklist
Mega Lucario ex Lucario,mega-lucario-ex-b3-lucario-a2,dietdrkelp,𝗠𝗢𝗡⭐| Suede,6aa682e4f1243e65f97ffebe,The PokeBounty Showdown Sunday Pop Up,83,2026-09-13T16:30:00.000Z,,0-3-0,Protective Poncho x1 [B2 147],False,,20,https://play.limitlesstcg.com/tournament/6aa682e4f1243e65f97ffebe/player/dietdrkelp/decklist
Mega Lucario ex Lucario,mega-lucario-ex-b3-lucario-a2,avelino_off,AVELINO_OFF,6aa7cd2ff1243e65f9800e0f,TBC KELP CLASSIC 10th ANNIVERSARY- $10 + FA CYRUS,78,2026-09-15T23:15:00.000Z,,0-2-0,Protective Poncho x1 [B2 147],False,,20,https://play.limitlesstcg.com/tournament/6aa7cd2ff1243e65f9800e0f/player/avelino_off/decklist
Mega Lucario ex Lucario,mega-lucario-ex-b3-lucario-a2,aldous,Aldous,6a985d35ab080c8c957f7fac,The Dark League Tournament | POP UP,77,2026-09-02T21:10:00.000Z,,1-3-0,Protective Poncho x1 [B2 147],False,,20,https://play.limitlesstcg.com/tournament/6a985d35ab080c8c957f7fac/player/aldous/decklist
Mega Lucario ex Lucario,mega-lucario-ex-b3-lucario-a2,andregoat,𝐃𝐍𝐓 | Andre,6a985d35ab080c8c957f7fac,The Dark League Tournament | POP UP,77,2026-09-02T21:10:00.000Z,,2-3-0,Protective Poncho x1 [B2 147],False,,20,https://play.limitlesstcg.com/tournament/6a985d35ab080c8c957f7fac/player/andregoat/decklist
Mega Lucario ex Lucario,mega-lucario-ex-b3-lucario-a2,cadu_f,𝗖𝗔𝗢𝗦 | Centaurus,6a985d35ab080c8c957f7fac,The Dark League Tournament | POP UP,77,2026-09-02T21:10:00.000Z,,1-3-0,Protective Poncho x1 [B2 147],False,,20,https://play.limitlesstcg.com/tournament/6a985d35ab080c8c957f7fac/player/cadu_f/decklist
Mega Lucario ex Lucario,mega-lucario-ex-b3-lucario-a2,radarada,RadaRada,6a985d35ab080c8c957f7fac,The Dark League Tournament | POP UP,77,2026-09-02T21:10:00.000Z,,1-3-0,Rocky Helmet x1 [A2 148],False,,20,https://play.limitlesstcg.com/tournament/6a985d35ab080c8c957f7fac/player/radarada/decklist
Mega Lucario ex Lucario,mega-lucario-ex-b3-lucario-a2,eeveeon,eeveeon,6a9e12feab080c8c957fc84e,♨️Sauna X Ev4de POG Tournament #27|10 USD+Top 4 FA,73,2026-09-11T03:10:00.000Z,,0-3-0,Protective Poncho x1 [B2 147],False,,20,https://play.limitlesstcg.com/tournament/6a9e12feab080c8c957fc84e/player/eeveeon/decklist
Mega Lucario ex Lucario,mega-lucario-ex-b3-lucario-a2,esteban0708,Esteban0708,6a9e12feab080c8c957fc84e,♨️Sauna X Ev4de POG Tournament #27|10 USD+Top 4 FA,73,2026-09-11T03:10:00.000Z,,0-2-0,Protective Poncho x1 [B2 147],False,,20,https://play.limitlesstcg.com/tournament/6a9e12feab080c8c957fc84e/player/esteban0708/decklist
Mega Lucario ex Lucario,mega-lucario-ex-b3-lucario-a2,iono_ce,Iono_Ce,6a9e12feab080c8c957fc84e,♨️Sauna X Ev4de POG Tournament #27|10 USD+Top 4 FA,73,2026-09-11T03:10:00.000Z,,1-4-0,Protective Poncho x1 [B2 147],False,,20,https://play.limitlesstcg.com/tournament/6a9e12feab080c8c957fc84e/player/iono_ce/decklist
Mega Lucario ex Lucario,mega-lucario-ex-b3-lucario-a2,pikamon,Pikamon,6a9e12feab080c8c957fc84e,♨️Sauna X Ev4de POG Tournament #27|10 USD+Top 4 FA,73,2026-09-11T03:10:00.000Z,,2-3-0,Protective Poncho x1 [B2 147],False,,20,https://play.limitlesstcg.com/tournament/6a9e12feab080c8c957fc84e/player/pikamon/decklist
Mega Lucario ex Lucario,mega-lucario-ex-b3-lucario-a2,r0zey,r0zey,6ab3aa2de905c1db68748664,TH Event's Presents: When DX Pack?!|5$ + FA's!,68,2026-09-23T19:00:00.000Z,,1-3-0,Protective Poncho x1 [B2 147],False,,20,https://play.limitlesstcg.com/tournament/6ab3aa2de905c1db68748664/player/r0zey/decklist
Mega Lucario ex Lucario,mega-lucario-ex-b3-lucario-a2,sparadrap,Sparadrap,6ab3aa2de905c1db68748664,TH Event's Presents: When DX Pack?!|5$ + FA's!,68,2026-09-23T19:00:00.000Z,,1-3-0,Protective Poncho x1 [B2 147],False,,20,https://play.limitlesstcg.com/tournament/6ab3aa2de905c1db68748664/player/sparadrap/decklist
Mega Lucario ex Lucario,mega-lucario-ex-b3-lucario-a2,dietdrkelp,𝗠𝗢𝗡⭐| Suede,6aa1e900a4272c53be64c5ce,THE BREAKFAST CLUB KELP CLASSIC #9 - $5,64,2026-09-10T03:20:00.000Z,,3-3-0,Protective Poncho x1 [B2 147],False,,20,https://play.limitlesstcg.com/tournament/6aa1e900a4272c53be64c5ce/player/dietdrkelp/decklist
Mega Lucario ex Lucario,mega-lucario-ex-b3-lucario-a2,r0zey,r0zey,6aa1e900a4272c53be64c5ce,THE BREAKFAST CLUB KELP CLASSIC #9 - $5,64,2026-09-10T03:20:00.000Z,,0-3-0,Protective Poncho x1 [B2 147],False,,20,https://play.limitlesstcg.com/tournament/6aa1e900a4272c53be64c5ce/player/r0zey/decklist
Mega Lucario ex Lucario,mega-lucario-ex-b3-lucario-a2,manatee,Manatee,6a8b7ef58302ae761e5fac0a,♨️Sauna's POG Tournament #23 |SLEEP BAN| 5USD + FA,60,2026-08-28T04:00:00.000Z,,1-3-0,Protective Poncho x1 [B2 147],False,,20,https://play.limitlesstcg.com/tournament/6a8b7ef58302ae761e5fac0a/player/manatee/decklist
Mega Lucario ex Lucario,mega-lucario-ex-b3-lucario-a2,aluchitcg,AluchiTCG,6aa13feaa4272c53be64b94a,DR KELP’S CHUM BUCKET POP UP,49,2026-09-09T14:00:00.000Z,,2-3-0,Protective Poncho x1 [B2 147],False,,20,https://play.limitlesstcg.com/tournament/6aa13feaa4272c53be64b94a/player/aluchitcg/decklist
Mega Lucario ex Lucario,mega-lucario-ex-b3-lucario-a2,russ_ii,TBC || Russ,6aa13feaa4272c53be64b94a,DR KELP’S CHUM BUCKET POP UP,49,2026-09-09T14:00:00.000Z,,0-2-0,Protective Poncho x1 [B2 147],False,,20,https://play.limitlesstcg.com/tournament/6aa13feaa4272c53be64b94a/player/russ_ii/decklist
Mega Lucario ex Lucario,mega-lucario-ex-b3-lucario-a2,vitorinsky,Vitorinsky,6aa6942138886b36383be9a3,DR KELP’S CHUM BUCKET POP UP - FA COPYCAT,38,2026-09-13T14:00:00.000Z,,2-3-0,Protective Poncho x1 [B2 147],False,,20,https://play.limitlesstcg.com/tournament/6aa6942138886b36383be9a3/player/vitorinsky/decklist
Mega Lucario ex Lucario,mega-lucario-ex-b3-lucario-a2,pedropato,𝗨𝗡𝗟 | Pedro Paulo,6a9ed1b3ab080c8c957fcda5,🇧🇷 Hit Sparrow #11 | TCG Pocket,22,2026-09-09T22:00:00.000Z,,1-2-0,Protective Poncho x1 [B2 147],False,,20,https://play.limitlesstcg.com/tournament/6a9ed1b3ab080c8c957fcda5/player/pedropato/decklist
Mega Manectric ex Heliolisk,mega-manectric-ex-b2b-heliolisk-b4,2sick,𝗕𝗔𝗗𝗗𝗜𝗘| ²ꜱɪᴄᴋ,6a9d5a0bab080c8c957fbb20,DR. KELP’S CHUM BUCKET POP UP,34,2026-09-06T14:50:00.000Z,11,4-2-0,Rocky Helmet x2 [A2 148],False,,20,https://play.limitlesstcg.com/tournament/6a9d5a0bab080c8c957fbb20/player/2sick/decklist
Mega Manectric ex Heliolisk,mega-manectric-ex-b2b-heliolisk-b4,r0zey,r0zey,6a8b75058302ae761e5fab7e,FAREWELL B4!|2x Hoopa ex RR Prize+More!|TH Series,81,2026-08-26T16:15:00.000Z,60,1-4-0,Protective Poncho x1 [B2 147],False,,20,https://play.limitlesstcg.com/tournament/6a8b75058302ae761e5fab7e/player/r0zey/decklist
Mega Manectric ex Team Rocket's Electrode,mega-manectric-ex-b2b-team-rockets-electrode-b4a,chaserz,ChaserZ,6a9c4f47a4272c53be647ff7,notChaser CUP#2 Equipe Rocket!,8,2026-09-05T22:00:00.000Z,4,3-3-0,Rocky Helmet x2 [A2 148],False,,20,https://play.limitlesstcg.com/tournament/6a9c4f47a4272c53be647ff7/player/chaserz/decklist
Mega Manectric ex Team Rocket's Electrode,mega-manectric-ex-b2b-team-rockets-electrode-b4a,roderick,Roderick,6a9c4f47a4272c53be647ff7,notChaser CUP#2 Equipe Rocket!,8,2026-09-05T22:00:00.000Z,6,3-3-0,Rocky Helmet x1 [A2 148],False,,20,https://play.limitlesstcg.com/tournament/6a9c4f47a4272c53be647ff7/player/roderick/decklist
Mega Manectric ex Team Rocket's Electrode,mega-manectric-ex-b2b-team-rockets-electrode-b4a,nyrq,nyrq,6a9b22fba4272c53be646f96,OTS Pokemon TCG Pocket Arena Pop Up,14,2026-09-04T22:00:00.000Z,7,2-2-0,Protective Poncho x1 [B2 147],False,,20,https://play.limitlesstcg.com/tournament/6a9b22fba4272c53be646f96/player/nyrq/decklist
Mega Manectric ex Team Rocket's Electrode,mega-manectric-ex-b2b-team-rockets-electrode-b4a,hakitcgp,hakitcgp,6a947113629039f77d8a5c46,Dark League Pop Up,57,2026-08-30T22:40:00.000Z,10,5-2-1,Rocky Helmet x2 [A2 148],False,,20,https://play.limitlesstcg.com/tournament/6a947113629039f77d8a5c46/player/hakitcgp/decklist
Mega Manectric ex Team Rocket's Electrode,mega-manectric-ex-b2b-team-rockets-electrode-b4a,tiopatinhas,Maurício Wendell,6a9ed1b3ab080c8c957fcda5,🇧🇷 Hit Sparrow #11 | TCG Pocket,22,2026-09-09T22:00:00.000Z,14,2-3-0,Rocky Helmet x2 [A2 148],False,,20,https://play.limitlesstcg.com/tournament/6a9ed1b3ab080c8c957fcda5/player/tiopatinhas/decklist
Mega Manectric ex Team Rocket's Electrode,mega-manectric-ex-b2b-team-rockets-electrode-b4a,gariva,Gariva,6a789b5ccdc0391d7fa61ba9,The Dark League | CELEBRATORY FANFARE 685$ Value,120,2026-09-05T20:05:00.000Z,17,5-3-0,Protective Poncho x1 [B2 147],False,,20,https://play.limitlesstcg.com/tournament/6a789b5ccdc0391d7fa61ba9/player/gariva/decklist
Mega Manectric ex Team Rocket's Electrode,mega-manectric-ex-b2b-team-rockets-electrode-b4a,tiopatinhas,Maurício Wendell,6a92710aabb9482237502fc0,🇧🇷 Hit Sparrow #10 | TCG Pocket,20,2026-09-02T22:00:00.000Z,19,0-3-0,Rocky Helmet x2 [A2 148],False,,20,https://play.limitlesstcg.com/tournament/6a92710aabb9482237502fc0/player/tiopatinhas/decklist
Mega Manectric ex Team Rocket's Electrode,mega-manectric-ex-b2b-team-rockets-electrode-b4a,esteban0708,Esteban0708,6a985d35ab080c8c957f7fac,The Dark League Tournament | POP UP,77,2026-09-02T21:10:00.000Z,21,4-3-1,Protective Poncho x1 [B2 147]; Rocky Helmet x1 [A2 148],False,,20,https://play.limitlesstcg.com/tournament/6a985d35ab080c8c957f7fac/player/esteban0708/decklist
Mega Manectric ex Team Rocket's Electrode,mega-manectric-ex-b2b-team-rockets-electrode-b4a,animeking601,AnimeKing601,6a918b3d629039f77d8a40ca,Pop Up Series 8 || 3 FA OAKS + DX SHINIES,66,2026-08-29T03:00:00.000Z,23,3-2-0,Protective Poncho x1 [B2 147],False,,20,https://play.limitlesstcg.com/tournament/6a918b3d629039f77d8a40ca/player/animeking601/decklist
Mega Manectric ex Team Rocket's Electrode,mega-manectric-ex-b2b-team-rockets-electrode-b4a,alana,𝗠𝗲𝗴𝗮 Oricorio 𝗘𝗫,6a9b4f52ab080c8c957fa3d7,TBC Presents: Breakfast & Breakdowns🔥,97,2026-09-06T01:45:00.000Z,27,4-3-1,Rocky Helmet x2 [A2 148],False,,20,https://play.limitlesstcg.com/tournament/6a9b4f52ab080c8c957fa3d7/player/alana/decklist
Mega Manectric ex Team Rocket's Electrode,mega-manectric-ex-b2b-team-rockets-electrode-b4a,flipinton,Flipinton,6a9718fd629039f77d8a790e,Plasma Daily #23| Team Rocket's Ambitions| FA Card,119,2026-09-02T17:00:00.000Z,47,3-3-0,Rocky Helmet x2 [A2 148],False,,20,https://play.limitlesstcg.com/tournament/6a9718fd629039f77d8a790e/player/flipinton/decklist
Mega Manectric ex Team Rocket's Electrode,mega-manectric-ex-b2b-team-rockets-electrode-b4a,flipinton,Flipinton,6a96069dabb9482237504f7f,Plasma Daily #22| Team Rocket's Ambitions| FA Card,113,2026-09-01T17:00:00.000Z,52,2-4-0,Rocky Helmet x2 [A2 148],False,,20,https://play.limitlesstcg.com/tournament/6a96069dabb9482237504f7f/player/flipinton/decklist
Mega Manectric ex Team Rocket's Electrode,mega-manectric-ex-b2b-team-rockets-electrode-b4a,esteban0708,Esteban0708,6a9718fd629039f77d8a790e,Plasma Daily #23| Team Rocket's Ambitions| FA Card,119,2026-09-02T17:00:00.000Z,,1-3-0,Protective Poncho x1 [B2 147]; Rocky Helmet x1 [A2 148],False,,20,https://play.limitlesstcg.com/tournament/6a9718fd629039f77d8a790e/player/esteban0708/decklist
Mega Manectric ex Team Rocket's Electrode,mega-manectric-ex-b2b-team-rockets-electrode-b4a,steadydevotee,Steadydevotee,6a9718fd629039f77d8a790e,Plasma Daily #23| Team Rocket's Ambitions| FA Card,119,2026-09-02T17:00:00.000Z,,2-2-0,Protective Poncho x1 [B2 147]; Rocky Helmet x2 [A2 148],False,,20,https://play.limitlesstcg.com/tournament/6a9718fd629039f77d8a790e/player/steadydevotee/decklist
Suicune ex Baxcalibur,suicune-ex-a4a-baxcalibur-b2a,danico,Danico,6aa22425a4272c53be64ca36,The Breakfast Club Daily #5-$5 + FA,112,2026-09-10T20:20:00.000Z,11,6-3-0,Frigibax x2 [P-B 037],True,,20,https://play.limitlesstcg.com/tournament/6aa22425a4272c53be64ca36/player/danico/decklist
Suicune ex Baxcalibur,suicune-ex-a4a-baxcalibur-b2a,bigdev,BigDev,6a8c5eb881741245b151d7e3,PMPT #44 - TEAM ROCKETS AMBITION!!! | $100 USD,378,2026-08-29T16:00:00.000Z,14,8-3-0,Frigibax x1 [P-B 037],True,Frigibax x1 [B2a 034],20,https://play.limitlesstcg.com/tournament/6a8c5eb881741245b151d7e3/player/bigdev/decklist
Suicune ex Baxcalibur,suicune-ex-a4a-baxcalibur-b2a,nj_210zz,Nj_210zz,6a90e8157a62de8130140dee,The Breakfast Club Xastur's Showdown-$5+OAK+,97,2026-08-28T22:30:00.000Z,20,5-2-1,Frigibax x2 [P-B 037],True,,20,https://play.limitlesstcg.com/tournament/6a90e8157a62de8130140dee/player/nj_210zz/decklist
Suicune ex Baxcalibur,suicune-ex-a4a-baxcalibur-b2a,nyrq,nyrq the rookie,6ab3aa2de905c1db68748664,TH Event's Presents: When DX Pack?!|5$ + FA's!,68,2026-09-23T19:00:00.000Z,23,3-3-1,Frigibax x2 [P-B 037],True,,20,https://play.limitlesstcg.com/tournament/6ab3aa2de905c1db68748664/player/nyrq/decklist
Suicune ex Baxcalibur,suicune-ex-a4a-baxcalibur-b2a,koehearts,𝗕𝗢𝗔𝗧 | Koe,6a918b3d629039f77d8a40ca,Pop Up Series 8 || 3 FA OAKS + DX SHINIES,66,2026-08-29T03:00:00.000Z,25,3-2-0,Frigibax x1 [P-B 037],True,Frigibax x1 [B2a 034],20,https://play.limitlesstcg.com/tournament/6a918b3d629039f77d8a40ca/player/koehearts/decklist
Suicune ex Baxcalibur,suicune-ex-a4a-baxcalibur-b2a,cosmooo,FrogEX | Cosmo,6a99bbffa4272c53be645f44,Block Dragon Pop Up (RR Team Rockets Raticate),60,2026-09-03T20:45:00.000Z,28,2-2-0,Frigibax x1 [P-B 037],True,Frigibax x1 [B2a 034],20,https://play.limitlesstcg.com/tournament/6a99bbffa4272c53be645f44/player/cosmooo/decklist
Suicune ex Baxcalibur,suicune-ex-a4a-baxcalibur-b2a,joset305,JoseT305,6a947113629039f77d8a5c46,Dark League Pop Up,57,2026-08-30T22:40:00.000Z,28,1-5-0,Frigibax x1 [P-B 037],True,Frigibax x1 [B2a 034],20,https://play.limitlesstcg.com/tournament/6a947113629039f77d8a5c46/player/joset305/decklist
Suicune ex Baxcalibur,suicune-ex-a4a-baxcalibur-b2a,leviedelman,SHARPSH00TER85 ,6a918b3d629039f77d8a40ca,Pop Up Series 8 || 3 FA OAKS + DX SHINIES,66,2026-08-29T03:00:00.000Z,30,2-2-0,Frigibax x1 [P-B 037],True,Frigibax x1 [B2a 034],20,https://play.limitlesstcg.com/tournament/6a918b3d629039f77d8a40ca/player/leviedelman/decklist
Suicune ex Baxcalibur,suicune-ex-a4a-baxcalibur-b2a,gigagoat,GigaGoat,6a99bbffa4272c53be645f44,Block Dragon Pop Up (RR Team Rockets Raticate),60,2026-09-03T20:45:00.000Z,43,1-3-0,Frigibax x1 [P-B 037],True,Frigibax x1 [B2a 034],20,https://play.limitlesstcg.com/tournament/6a99bbffa4272c53be645f44/player/gigagoat/decklist
Suicune ex Baxcalibur,suicune-ex-a4a-baxcalibur-b2a,diegolq,diegolq,6a9718fd629039f77d8a790e,Plasma Daily #23| Team Rocket's Ambitions| FA Card,119,2026-09-02T17:00:00.000Z,53,2-4-0,Frigibax x1 [P-B 037],True,Frigibax x1 [B2a 034],20,https://play.limitlesstcg.com/tournament/6a9718fd629039f77d8a790e/player/diegolq/decklist
Suicune ex Baxcalibur,suicune-ex-a4a-baxcalibur-b2a,knowticetko,𝗠𝗢𝗡⭐️ | KnowticeTkO,6a918b3d629039f77d8a40ca,Pop Up Series 8 || 3 FA OAKS + DX SHINIES,66,2026-08-29T03:00:00.000Z,55,0-2-0,Frigibax x1 [P-B 037],True,Frigibax x1 [B2a 034],20,https://play.limitlesstcg.com/tournament/6a918b3d629039f77d8a40ca/player/knowticetko/decklist
Suicune ex Baxcalibur,suicune-ex-a4a-baxcalibur-b2a,diegolq,diegolq,6a8c5eb881741245b151d7e3,PMPT #44 - TEAM ROCKETS AMBITION!!! | $100 USD,378,2026-08-29T16:00:00.000Z,57,6-3-0,Frigibax x1 [P-B 037],True,Frigibax x1 [B2a 034],20,https://play.limitlesstcg.com/tournament/6a8c5eb881741245b151d7e3/player/diegolq/decklist
Suicune ex Baxcalibur,suicune-ex-a4a-baxcalibur-b2a,marckedcards,MarckedCards,6a9718fd629039f77d8a790e,Plasma Daily #23| Team Rocket's Ambitions| FA Card,119,2026-09-02T17:00:00.000Z,61,0-6-0,Frigibax x1 [P-B 037],True,Frigibax x1 [B2a 034],20,https://play.limitlesstcg.com/tournament/6a9718fd629039f77d8a790e/player/marckedcards/decklist
Suicune ex Baxcalibur,suicune-ex-a4a-baxcalibur-b2a,dietdrkelp,𝗠𝗢𝗡⭐| Suede,6a90e8157a62de8130140dee,The Breakfast Club Xastur's Showdown-$5+OAK+,97,2026-08-28T22:30:00.000Z,68,1-2-0,Frigibax x1 [P-B 037],True,Frigibax x1 [B2a 034],20,https://play.limitlesstcg.com/tournament/6a90e8157a62de8130140dee/player/dietdrkelp/decklist
Suicune ex Baxcalibur,suicune-ex-a4a-baxcalibur-b2a,porkyra,Porkyra,6a8c5eb881741245b151d7e3,PMPT #44 - TEAM ROCKETS AMBITION!!! | $100 USD,378,2026-08-29T16:00:00.000Z,107,4-3-0,Frigibax x1 [P-B 037],True,Frigibax x1 [B2a 034],20,https://play.limitlesstcg.com/tournament/6a8c5eb881741245b151d7e3/player/porkyra/decklist
Suicune ex Baxcalibur,suicune-ex-a4a-baxcalibur-b2a,tree121,Tree121,6a8c5eb881741245b151d7e3,PMPT #44 - TEAM ROCKETS AMBITION!!! | $100 USD,378,2026-08-29T16:00:00.000Z,156,2-4-1,Frigibax x2 [P-B 037],True,,20,https://play.limitlesstcg.com/tournament/6a8c5eb881741245b151d7e3/player/tree121/decklist
Suicune ex Baxcalibur,suicune-ex-a4a-baxcalibur-b2a,gin1234,Gin1234,6a8c5eb881741245b151d7e3,PMPT #44 - TEAM ROCKETS AMBITION!!! | $100 USD,378,2026-08-29T16:00:00.000Z,187,2-3-0,Frigibax x1 [P-B 037],True,Frigibax x1 [B2a 034],20,https://play.limitlesstcg.com/tournament/6a8c5eb881741245b151d7e3/player/gin1234/decklist
Suicune ex Baxcalibur,suicune-ex-a4a-baxcalibur-b2a,javiercazorla,Javiercazorla,6a8c5eb881741245b151d7e3,PMPT #44 - TEAM ROCKETS AMBITION!!! | $100 USD,378,2026-08-29T16:00:00.000Z,189,2-3-0,Frigibax x1 [P-B 037],True,Frigibax x1 [B2a 034],20,https://play.limitlesstcg.com/tournament/6a8c5eb881741245b151d7e3/player/javiercazorla/decklist
Suicune ex Baxcalibur,suicune-ex-a4a-baxcalibur-b2a,danico,Danico,6a8c5eb881741245b151d7e3,PMPT #44 - TEAM ROCKETS AMBITION!!! | $100 USD,378,2026-08-29T16:00:00.000Z,259,1-4-0,Frigibax x2 [P-B 037],True,,20,https://play.limitlesstcg.com/tournament/6a8c5eb881741245b151d7e3/player/danico/decklist
Suicune ex Baxcalibur,suicune-ex-a4a-baxcalibur-b2a,waterbetter,Waterbetter,6a8c5eb881741245b151d7e3,PMPT #44 - TEAM ROCKETS AMBITION!!! | $100 USD,378,2026-08-29T16:00:00.000Z,325,0-1-0,Frigibax x1 [P-B 037],True,Frigibax x1 [B2a 034],20,https://play.limitlesstcg.com/tournament/6a8c5eb881741245b151d7e3/player/waterbetter/decklist
Suicune ex Baxcalibur,suicune-ex-a4a-baxcalibur-b2a,bruhs,Cheese awww,6a94b2ffabb9482237504367,♨️Sauna X Almond POG Tournament #24|10USD + FA!,110,2026-09-02T08:30:00.000Z,,0-3-0,Frigibax x2 [P-B 037],True,,20,https://play.limitlesstcg.com/tournament/6a94b2ffabb9482237504367/player/bruhs/decklist
Suicune ex Baxcalibur,suicune-ex-a4a-baxcalibur-b2a,diegolq,diegolq,6a985d35ab080c8c957f7fac,The Dark League Tournament | POP UP,77,2026-09-02T21:10:00.000Z,,1-3-0,Frigibax x1 [P-B 037],True,Frigibax x1 [B2a 034],20,https://play.limitlesstcg.com/tournament/6a985d35ab080c8c957f7fac/player/diegolq/decklist
Team Rocket's Weezing ex Hoopa ex,team-rockets-weezing-ex-b4a-hoopa-ex-b4,frappesdrinker,sZero | frappesdrinker,6a96b86babb948223750549c,Dark League Pop Up,46,2026-09-01T14:15:00.000Z,2,7-2-2,Mega Sableye ex x1 [B3b 041],False,,20,https://play.limitlesstcg.com/tournament/6a96b86babb948223750549c/player/frappesdrinker/decklist
Team Rocket's Weezing ex Hoopa ex,team-rockets-weezing-ex-b4a-hoopa-ex-b4,guunnz,𝗠𝗢𝗡⭐️ | guunnz,6a981923a4272c53be644ca8,DR. KELP’S CHUM BUCKET POP UP,31,2026-09-02T14:00:00.000Z,2,6-3-1,Mega Sableye ex x1 [B3b 041],False,,20,https://play.limitlesstcg.com/tournament/6a981923a4272c53be644ca8/player/guunnz/decklist
Team Rocket's Weezing ex Hoopa ex,team-rockets-weezing-ex-b4a-hoopa-ex-b4,jestre,Jestre,6ab04f7fe905c1db6874671c,Xasturpice Theater 🎭 #1 | 🏆 Full Art Oak,22,2026-09-21T00:45:00.000Z,2,6-3-0,Mega Sableye ex x1 [B3b 041],False,,20,https://play.limitlesstcg.com/tournament/6ab04f7fe905c1db6874671c/player/jestre/decklist
Team Rocket's Weezing ex Hoopa ex,team-rockets-weezing-ex-b4a-hoopa-ex-b4,kto206,kto206,6a9836ffa4272c53be644df4,Trinity Tournament 2,23,2026-09-05T01:00:00.000Z,3,3-1-0,Mega Sableye ex x1 [B3b 041],False,,20,https://play.limitlesstcg.com/tournament/6a9836ffa4272c53be644df4/player/kto206/decklist
Team Rocket's Weezing ex Hoopa ex,team-rockets-weezing-ex-b4a-hoopa-ex-b4,adi1906,Adi1906,6a9718fd629039f77d8a790e,Plasma Daily #23| Team Rocket's Ambitions| FA Card,119,2026-09-02T17:00:00.000Z,6,6-1-2,Mega Sableye ex x1 [B3b 041],False,,20,https://play.limitlesstcg.com/tournament/6a9718fd629039f77d8a790e/player/adi1906/decklist
Team Rocket's Weezing ex Hoopa ex,team-rockets-weezing-ex-b4a-hoopa-ex-b4,jestre,Jestre,6a9829c8a4272c53be644d74,The PokeBounty Showdown $1000 Prize Pool (#1),132,2026-09-07T23:00:00.000Z,8,7-3-0,Mega Sableye ex x1 [B3b 041],False,,20,https://play.limitlesstcg.com/tournament/6a9829c8a4272c53be644d74/player/jestre/decklist
Team Rocket's Weezing ex Hoopa ex,team-rockets-weezing-ex-b4a-hoopa-ex-b4,frappesdrinker,sZero | frappesdrinker,6a981923a4272c53be644ca8,DR. KELP’S CHUM BUCKET POP UP,31,2026-09-02T14:00:00.000Z,11,4-2-1,Mega Sableye ex x1 [B3b 041],False,,20,https://play.limitlesstcg.com/tournament/6a981923a4272c53be644ca8/player/frappesdrinker/decklist
Team Rocket's Weezing ex Hoopa ex,team-rockets-weezing-ex-b4a-hoopa-ex-b4,falk47,Falk47,6ab04f7fe905c1db6874671c,Xasturpice Theater 🎭 #1 | 🏆 Full Art Oak,22,2026-09-21T00:45:00.000Z,14,2-4-0,Mega Sableye ex x1 [B3b 041],False,,20,https://play.limitlesstcg.com/tournament/6ab04f7fe905c1db6874671c/player/falk47/decklist
Team Rocket's Weezing ex Hoopa ex,team-rockets-weezing-ex-b4a-hoopa-ex-b4,ibfasting,𝗕𝗢𝗔𝗧 | Fasting,6a789b5ccdc0391d7fa61ba9,The Dark League | CELEBRATORY FANFARE 685$ Value,120,2026-09-05T20:05:00.000Z,15,5-3-1,Mega Sableye ex x1 [B3b 041],False,,20,https://play.limitlesstcg.com/tournament/6a789b5ccdc0391d7fa61ba9/player/ibfasting/decklist
Team Rocket's Weezing ex Hoopa ex,team-rockets-weezing-ex-b4a-hoopa-ex-b4,nyrq,nyrq,6a99bbffa4272c53be645f44,Block Dragon Pop Up (RR Team Rockets Raticate),60,2026-09-03T20:45:00.000Z,24,3-3-0,Mega Sableye ex x1 [B3b 041],False,,20,https://play.limitlesstcg.com/tournament/6a99bbffa4272c53be645f44/player/nyrq/decklist
Team Rocket's Weezing ex Hoopa ex,team-rockets-weezing-ex-b4a-hoopa-ex-b4,jestre,Jestre,6aa89ad438886b36383c071a,✧･❀🌸Flutter Festival Debut! -15$🌸❀･✧,80,2026-09-16T23:30:00.000Z,25,3-3-0,Mega Sableye ex x1 [B3b 041],False,,20,https://play.limitlesstcg.com/tournament/6aa89ad438886b36383c071a/player/jestre/decklist
Team Rocket's Weezing ex Hoopa ex,team-rockets-weezing-ex-b4a-hoopa-ex-b4,supreme13,𝗕𝗮𝗹𝗱 Supreme,6a99bbffa4272c53be645f44,Block Dragon Pop Up (RR Team Rockets Raticate),60,2026-09-03T20:45:00.000Z,26,3-3-0,Mega Sableye ex x1 [B3b 041],False,,20,https://play.limitlesstcg.com/tournament/6a99bbffa4272c53be645f44/player/supreme13/decklist
Team Rocket's Weezing ex Hoopa ex,team-rockets-weezing-ex-b4a-hoopa-ex-b4,frappesdrinker,sZero | frappesdrinker,6a985d35ab080c8c957f7fac,The Dark League Tournament | POP UP,77,2026-09-02T21:10:00.000Z,27,4-3-0,Mega Sableye ex x1 [B3b 041],False,,20,https://play.limitlesstcg.com/tournament/6a985d35ab080c8c957f7fac/player/frappesdrinker/decklist
Team Rocket's Weezing ex Hoopa ex,team-rockets-weezing-ex-b4a-hoopa-ex-b4,frappesdrinker,sZero | frappesdrinker,6a9718fd629039f77d8a790e,Plasma Daily #23| Team Rocket's Ambitions| FA Card,119,2026-09-02T17:00:00.000Z,31,4-3-0,Mega Sableye ex x1 [B3b 041],False,,20,https://play.limitlesstcg.com/tournament/6a9718fd629039f77d8a790e/player/frappesdrinker/decklist
Team Rocket's Weezing ex Hoopa ex,team-rockets-weezing-ex-b4a-hoopa-ex-b4,jestre,Jestre,6aa6eed0f1243e65f9800555,🩷random r0zey pop up #3 | $25 + FA🩷,146,2026-09-13T22:50:00.000Z,36,4-3-0,Mega Sableye ex x1 [B3b 041],False,,20,https://play.limitlesstcg.com/tournament/6aa6eed0f1243e65f9800555/player/jestre/decklist
Team Rocket's Weezing ex Hoopa ex,team-rockets-weezing-ex-b4a-hoopa-ex-b4,guiz3r,Guiz3r,6a96069dabb9482237504f7f,Plasma Daily #22| Team Rocket's Ambitions| FA Card,113,2026-09-01T17:00:00.000Z,40,3-3-0,Mega Sableye ex x1 [B3b 041],False,,20,https://play.limitlesstcg.com/tournament/6a96069dabb9482237504f7f/player/guiz3r/decklist
Team Rocket's Weezing ex Hoopa ex,team-rockets-weezing-ex-b4a-hoopa-ex-b4,victorssito,PGX | victorssito,6a78c5912b308b6067b4f421,Tournament Vegegras cash prize 100usd,116,2026-09-05T19:05:00.000Z,48,3-4-0,Mega Sableye ex x1 [B3b 041],False,,20,https://play.limitlesstcg.com/tournament/6a78c5912b308b6067b4f421/player/victorssito/decklist
Team Rocket's Weezing ex Hoopa ex,team-rockets-weezing-ex-b4a-hoopa-ex-b4,ibfasting,𝗕𝗢𝗔𝗧 | Fasting,6a78c5912b308b6067b4f421,Tournament Vegegras cash prize 100usd,116,2026-09-05T19:05:00.000Z,49,3-4-0,Mega Sableye ex x1 [B3b 041],False,,20,https://play.limitlesstcg.com/tournament/6a78c5912b308b6067b4f421/player/ibfasting/decklist
Team Rocket's Weezing ex Hoopa ex,team-rockets-weezing-ex-b4a-hoopa-ex-b4,faficha,Faficha,6a96069dabb9482237504f7f,Plasma Daily #22| Team Rocket's Ambitions| FA Card,113,2026-09-01T17:00:00.000Z,56,1-5-0,Mega Sableye ex x1 [B3b 041],False,,20,https://play.limitlesstcg.com/tournament/6a96069dabb9482237504f7f/player/faficha/decklist
Team Rocket's Weezing ex Hoopa ex,team-rockets-weezing-ex-b4a-hoopa-ex-b4,jestre,Jestre,6a9dc423ab080c8c957fc250,The Breakfast Club Nightly-$20,118,2026-09-07T00:45:00.000Z,63,2-2-0,Mega Sableye ex x1 [B3b 041],False,,20,https://play.limitlesstcg.com/tournament/6a9dc423ab080c8c957fc250/player/jestre/decklist
Team Rocket's Weezing ex Hoopa ex,team-rockets-weezing-ex-b4a-hoopa-ex-b4,kto206,kto206,6a9b4f52ab080c8c957fa3d7,TBC Presents: Breakfast & Breakdowns🔥,97,2026-09-06T01:45:00.000Z,78,1-6-0,Mega Sableye ex x1 [B3b 041],False,,20,https://play.limitlesstcg.com/tournament/6a9b4f52ab080c8c957fa3d7/player/kto206/decklist
Team Rocket's Weezing ex Hoopa ex,team-rockets-weezing-ex-b4a-hoopa-ex-b4,alana,𝗠𝗲𝗴𝗮 Sarimi Isi 2 𝗘𝗫,6aa22425a4272c53be64ca36,The Breakfast Club Daily #5-$5 + FA,112,2026-09-10T20:20:00.000Z,87,1-6-0,Mega Sableye ex x1 [B3b 041],False,,20,https://play.limitlesstcg.com/tournament/6aa22425a4272c53be64ca36/player/alana/decklist
Team Rocket's Weezing ex Hoopa ex,team-rockets-weezing-ex-b4a-hoopa-ex-b4,nandosgude,PGX | Nandosgude,6a9f6899a4272c53be64a894,Umbreon99's Team Rocket's Bash: $10 USD + 🌈,172,2026-09-08T17:45:00.000Z,,2-3-0,Mega Sableye ex x1 [B3b 041],False,,20,https://play.limitlesstcg.com/tournament/6a9f6899a4272c53be64a894/player/nandosgude/decklist
Team Rocket's Weezing ex Hoopa ex,team-rockets-weezing-ex-b4a-hoopa-ex-b4,jrab,jrab,6a9829c8a4272c53be644d74,The PokeBounty Showdown $1000 Prize Pool (#1),132,2026-09-07T23:00:00.000Z,,1-2-0,Mega Sableye ex x1 [B3b 041],False,,20,https://play.limitlesstcg.com/tournament/6a9829c8a4272c53be644d74/player/jrab/decklist
Team Rocket's Weezing ex Hoopa ex,team-rockets-weezing-ex-b4a-hoopa-ex-b4,kto206,kto206,6a789b5ccdc0391d7fa61ba9,The Dark League | CELEBRATORY FANFARE 685$ Value,120,2026-09-05T20:05:00.000Z,,2-3-0,Mega Sableye ex x1 [B3b 041],False,,20,https://play.limitlesstcg.com/tournament/6a789b5ccdc0391d7fa61ba9/player/kto206/decklist
Team Rocket's Weezing ex Hoopa ex,team-rockets-weezing-ex-b4a-hoopa-ex-b4,dyegopb,dyegopb,6a9718fd629039f77d8a790e,Plasma Daily #23| Team Rocket's Ambitions| FA Card,119,2026-09-02T17:00:00.000Z,,1-2-0,Mega Sableye ex x1 [B3b 041],False,,20,https://play.limitlesstcg.com/tournament/6a9718fd629039f77d8a790e/player/dyegopb/decklist
Team Rocket's Weezing ex Hoopa ex,team-rockets-weezing-ex-b4a-hoopa-ex-b4,faficha,Faficha,6a9718fd629039f77d8a790e,Plasma Daily #23| Team Rocket's Ambitions| FA Card,119,2026-09-02T17:00:00.000Z,,2-3-0,Mega Sableye ex x1 [B3b 041],False,,20,https://play.limitlesstcg.com/tournament/6a9718fd629039f77d8a790e/player/faficha/decklist
Team Rocket's Weezing ex Hoopa ex,team-rockets-weezing-ex-b4a-hoopa-ex-b4,kto206,kto206,6a78c5912b308b6067b4f421,Tournament Vegegras cash prize 100usd,116,2026-09-05T19:05:00.000Z,,0-2-0,Mega Sableye ex x1 [B3b 041],False,,20,https://play.limitlesstcg.com/tournament/6a78c5912b308b6067b4f421/player/kto206/decklist
Team Rocket's Weezing ex Hoopa ex,team-rockets-weezing-ex-b4a-hoopa-ex-b4,frappesdrinker,sZero | frappesdrinker,6a96069dabb9482237504f7f,Plasma Daily #22| Team Rocket's Ambitions| FA Card,113,2026-09-01T17:00:00.000Z,,0-2-0,Mega Sableye ex x1 [B3b 041],False,,20,https://play.limitlesstcg.com/tournament/6a96069dabb9482237504f7f/player/frappesdrinker/decklist
Team Rocket's Weezing ex Hoopa ex,team-rockets-weezing-ex-b4a-hoopa-ex-b4,leviathanko,LeviathanKO,6a96069dabb9482237504f7f,Plasma Daily #22| Team Rocket's Ambitions| FA Card,113,2026-09-01T17:00:00.000Z,,1-3-0,Mega Sableye ex x1 [B3b 041],False,,20,https://play.limitlesstcg.com/tournament/6a96069dabb9482237504f7f/player/leviathanko/decklist
Team Rocket's Weezing ex Hoopa ex,team-rockets-weezing-ex-b4a-hoopa-ex-b4,sheedy,𝗕𝗢𝗔𝗧 | sheedy,6a94b2ffabb9482237504367,♨️Sauna X Almond POG Tournament #24|10USD + FA!,110,2026-09-02T08:30:00.000Z,,2-3-0,Mega Sableye ex x1 [B3b 041],False,,20,https://play.limitlesstcg.com/tournament/6a94b2ffabb9482237504367/player/sheedy/decklist
Team Rocket's Weezing ex Hoopa ex,team-rockets-weezing-ex-b4a-hoopa-ex-b4,ibfasting,𝗕𝗢𝗔𝗧 | Fasting,6a985d35ab080c8c957f7fac,The Dark League Tournament | POP UP,77,2026-09-02T21:10:00.000Z,,2-3-0,Mega Sableye ex x1 [B3b 041],False,,20,https://play.limitlesstcg.com/tournament/6a985d35ab080c8c957f7fac/player/ibfasting/decklist
Team Rocket's Weezing ex Hoopa ex,team-rockets-weezing-ex-b4a-hoopa-ex-b4,kto206,kto206,6a985d35ab080c8c957f7fac,The Dark League Tournament | POP UP,77,2026-09-02T21:10:00.000Z,,1-3-0,Mega Sableye ex x1 [B3b 041],False,,20,https://play.limitlesstcg.com/tournament/6a985d35ab080c8c957f7fac/player/kto206/decklist
Team Rocket's Weezing ex Hoopa ex,team-rockets-weezing-ex-b4a-hoopa-ex-b4,rmgzane,PGX | RMGZANE,6a947113629039f77d8a5c46,Dark League Pop Up,57,2026-08-30T22:40:00.000Z,,3-3-0,Mega Sableye ex x1 [B3b 041],False,,20,https://play.limitlesstcg.com/tournament/6a947113629039f77d8a5c46/player/rmgzane/decklist
Team Rocket's Weezing ex Hoopa ex,team-rockets-weezing-ex-b4a-hoopa-ex-b4,mosokaku,Mosokaku,6a981923a4272c53be644ca8,DR. KELP’S CHUM BUCKET POP UP,31,2026-09-02T14:00:00.000Z,,0-3-0,Mega Sableye ex x1 [B3b 041],False,,20,https://play.limitlesstcg.com/tournament/6a981923a4272c53be644ca8/player/mosokaku/decklist
Vespiquen ex Shuckle ex,vespiquen-ex-b4-shuckle-ex-a4,xanypopper,²ᵀ|Xanny ,6ab04f7fe905c1db6874671c,Xasturpice Theater 🎭 #1 | 🏆 Full Art Oak,22,2026-09-21T00:45:00.000Z,5,4-1-2,Blue x1 [A1a 067],True,,20,https://play.limitlesstcg.com/tournament/6ab04f7fe905c1db6874671c/player/xanypopper/decklist
Vespiquen ex Shuckle ex,vespiquen-ex-b4-shuckle-ex-a4,xastur,Xastur,6ab04f7fe905c1db6874671c,Xasturpice Theater 🎭 #1 | 🏆 Full Art Oak,22,2026-09-21T00:45:00.000Z,8,4-3-0,Blue x1 [A1a 067],True,,20,https://play.limitlesstcg.com/tournament/6ab04f7fe905c1db6874671c/player/xastur/decklist
Vespiquen ex Shuckle ex,vespiquen-ex-b4-shuckle-ex-a4,2sick,²ᵀ| ²ꜱɪᴄᴋ,6ab04f7fe905c1db6874671c,Xasturpice Theater 🎭 #1 | 🏆 Full Art Oak,22,2026-09-21T00:45:00.000Z,11,3-3-0,Blue x1 [A1a 067],True,,20,https://play.limitlesstcg.com/tournament/6ab04f7fe905c1db6874671c/player/2sick/decklist
Vespiquen ex Shuckle ex,vespiquen-ex-b4-shuckle-ex-a4,2sick,²ᵀ| ²ꜱɪᴄᴋ,6aabc067f1243e65f98035ec,The TCGP Arena #6! Prizing: 🌟🌟 Cards,53,2026-09-21T17:00:00.000Z,,1-3-0,Blue x1 [A1a 067],True,,20,https://play.limitlesstcg.com/tournament/6aabc067f1243e65f98035ec/player/2sick/decklist
Zoroark ex Mega Absol ex,zoroark-ex-b3-mega-absol-ex-b1,dashmd,DashMD,6a9d5a0bab080c8c957fbb20,DR. KELP’S CHUM BUCKET POP UP,34,2026-09-06T14:50:00.000Z,14,3-3-0,Protective Poncho x1 [B2 147],False,,20,https://play.limitlesstcg.com/tournament/6a9d5a0bab080c8c957fbb20/player/dashmd/decklist
Zoroark ex Mega Absol ex,zoroark-ex-b3-mega-absol-ex-b1,dashmd,DashMD,6a7e2b83cdc0391d7fa65afb,Umbreon99's Aura Sphere #4: $15 USD + Oak,219,2026-09-11T17:45:00.000Z,,0-4-0,Protective Poncho x1 [B2 147],False,,20,https://play.limitlesstcg.com/tournament/6a7e2b83cdc0391d7fa65afb/player/dashmd/decklist
Zoroark ex Mega Absol ex,zoroark-ex-b3-mega-absol-ex-b1,dashmd,DashMD,6a9f6899a4272c53be64a894,Umbreon99's Team Rocket's Bash: $10 USD + 🌈,172,2026-09-08T17:45:00.000Z,,0-2-0,Protective Poncho x1 [B2 147],False,,20,https://play.limitlesstcg.com/tournament/6a9f6899a4272c53be64a894/player/dashmd/decklist
Zoroark ex Mega Absol ex,zoroark-ex-b3-mega-absol-ex-b1,gigamauro,João Pedro,6a88ce398302ae761e5f8954,🇧🇷 Hit Pocket #3 | TCG Pocket,24,2026-08-29T00:00:00.000Z,,2-3-0,Rocky Helmet x2 [A2 148],False,,20,https://play.limitlesstcg.com/tournament/6a88ce398302ae761e5f8954/player/gigamauro/decklist
