archetype,in_sept10_top30,rank_sept10,sept10_players,rank_window,window_dev_matches,dustin,dustin_level,dustin_reason,n_entries,n_lists_with_decklist,n_events_with_decklist,card,card_ids,card_kind,switch1_relevant,n_lists_carrying,n_copies_total,n_lists_same_name_other_printing,same_name_other_printing_ids
Mega Lucario ex Lucario,True,1,485,1,2044,False,none,"no Pokemon in the archetype name (Mega Lucario ex, Lucario) appears in any decks/dustin or decks/brews file or B2e archetype",398,398,58,Jasmine,A4 160 / A4 200,trainer_turn_effect,True,0,0,0,
Mega Lucario ex Lucario,True,1,485,1,2044,False,none,"no Pokemon in the archetype name (Mega Lucario ex, Lucario) appears in any decks/dustin or decks/brews file or B2e archetype",398,398,58,Cheren,B3 151 / B3 192,trainer_turn_effect,True,0,0,0,
Mega Lucario ex Lucario,True,1,485,1,2044,False,none,"no Pokemon in the archetype name (Mega Lucario ex, Lucario) appears in any decks/dustin or decks/brews file or B2e archetype",398,398,58,Blue,A1a 067 / A1a 081,trainer_turn_effect,True,0,0,0,
Mega Lucario ex Lucario,True,1,485,1,2044,False,none,"no Pokemon in the archetype name (Mega Lucario ex, Lucario) appears in any decks/dustin or decks/brews file or B2e archetype",398,398,58,Beast Wall,A3a 063,trainer_turn_effect,True,0,0,0,
Mega Lucario ex Lucario,True,1,485,1,2044,False,none,"no Pokemon in the archetype name (Mega Lucario ex, Lucario) appears in any decks/dustin or decks/brews file or B2e archetype",398,398,58,Adaman,A2a 075 / A2a 090,trainer_turn_effect,True,0,0,0,
Mega Lucario ex Lucario,True,1,485,1,2044,False,none,"no Pokemon in the archetype name (Mega Lucario ex, Lucario) appears in any decks/dustin or decks/brews file or B2e archetype",398,398,58,Heavy Helmet,B1 219,tool_reduction,True,0,0,0,
Mega Lucario ex Lucario,True,1,485,1,2044,False,none,"no Pokemon in the archetype name (Mega Lucario ex, Lucario) appears in any decks/dustin or decks/brews file or B2e archetype",398,398,58,Steel Apron,A4 153,tool_reduction,True,0,0,0,
Mega Lucario ex Lucario,True,1,485,1,2044,False,none,"no Pokemon in the archetype name (Mega Lucario ex, Lucario) appears in any decks/dustin or decks/brews file or B2e archetype",398,398,58,Metal Core Barrier,B2 148 / B2b 117,tool_reduction,True,0,0,0,
Mega Lucario ex Lucario,True,1,485,1,2044,False,none,"no Pokemon in the archetype name (Mega Lucario ex, Lucario) appears in any decks/dustin or decks/brews file or B2e archetype",398,398,58,Mr. Mime,A1 126,attack_self_reduction,True,0,0,0,
Mega Lucario ex Lucario,True,1,485,1,2044,False,none,"no Pokemon in the archetype name (Mega Lucario ex, Lucario) appears in any decks/dustin or decks/brews file or B2e archetype",398,398,58,Drifloon,A2 073 / A2 165,attack_self_reduction,True,0,0,0,
Mega Lucario ex Lucario,True,1,485,1,2044,False,none,"no Pokemon in the archetype name (Mega Lucario ex, Lucario) appears in any decks/dustin or decks/brews file or B2e archetype",398,398,58,Bronzong,A2 117,attack_self_reduction,True,0,0,0,
Mega Lucario ex Lucario,True,1,485,1,2044,False,none,"no Pokemon in the archetype name (Mega Lucario ex, Lucario) appears in any decks/dustin or decks/brews file or B2e archetype",398,398,58,Probopass ex,A2a 057 / A2a 085 / A2a 094 / A4b 253,attack_self_reduction,True,0,0,0,
Mega Lucario ex Lucario,True,1,485,1,2044,False,none,"no Pokemon in the archetype name (Mega Lucario ex, Lucario) appears in any decks/dustin or decks/brews file or B2e archetype",398,398,58,Cloyster,A3 043 / B1a 093,attack_self_reduction,True,0,0,0,
Mega Lucario ex Lucario,True,1,485,1,2044,False,none,"no Pokemon in the archetype name (Mega Lucario ex, Lucario) appears in any decks/dustin or decks/brews file or B2e archetype",398,398,58,Stakataka,A3a 053 / P-A 080,attack_self_reduction,True,0,0,0,
Mega Lucario ex Lucario,True,1,485,1,2044,False,none,"no Pokemon in the archetype name (Mega Lucario ex, Lucario) appears in any decks/dustin or decks/brews file or B2e archetype",398,398,58,Skarmory ex,A4 124 / A4 194 / A4 209 / A4b 252,attack_self_reduction,True,0,0,0,
Mega Lucario ex Lucario,True,1,485,1,2044,False,none,"no Pokemon in the archetype name (Mega Lucario ex, Lucario) appears in any decks/dustin or decks/brews file or B2e archetype",398,398,58,Avalugg,B1 075,attack_self_reduction,True,0,0,0,
Mega Lucario ex Lucario,True,1,485,1,2044,False,none,"no Pokemon in the archetype name (Mega Lucario ex, Lucario) appears in any decks/dustin or decks/brews file or B2e archetype",398,398,58,Swirlix,B1 117,attack_self_reduction,True,0,0,0,
Mega Lucario ex Lucario,True,1,485,1,2044,False,none,"no Pokemon in the archetype name (Mega Lucario ex, Lucario) appears in any decks/dustin or decks/brews file or B2e archetype",398,398,58,Ferrothorn (A3a 052 Steel Spikes),A3a 052,other,False,0,0,0,
Mega Lucario ex Lucario,True,1,485,1,2044,False,none,"no Pokemon in the archetype name (Mega Lucario ex, Lucario) appears in any decks/dustin or decks/brews file or B2e archetype",398,398,58,Ferrothorn (B1 167 Guard Press),B1 167,attack_self_reduction,True,0,0,0,
Mega Lucario ex Lucario,True,1,485,1,2044,False,none,"no Pokemon in the archetype name (Mega Lucario ex, Lucario) appears in any decks/dustin or decks/brews file or B2e archetype",398,398,58,Porygon,B1a 056 / B3 222,attack_self_reduction,True,0,0,0,
Mega Lucario ex Lucario,True,1,485,1,2044,False,none,"no Pokemon in the archetype name (Mega Lucario ex, Lucario) appears in any decks/dustin or decks/brews file or B2e archetype",398,398,58,Shuckle,B2 003,attack_self_reduction,True,0,0,0,
Mega Lucario ex Lucario,True,1,485,1,2044,False,none,"no Pokemon in the archetype name (Mega Lucario ex, Lucario) appears in any decks/dustin or decks/brews file or B2e archetype",398,398,58,Wigglytuff,B3b 052,attack_self_reduction,True,0,0,0,
Mega Lucario ex Lucario,True,1,485,1,2044,False,none,"no Pokemon in the archetype name (Mega Lucario ex, Lucario) appears in any decks/dustin or decks/brews file or B2e archetype",398,398,58,Frigibax,P-B 037,attack_self_reduction,True,0,0,0,
Mega Lucario ex Lucario,True,1,485,1,2044,False,none,"no Pokemon in the archetype name (Mega Lucario ex, Lucario) appears in any decks/dustin or decks/brews file or B2e archetype",398,398,58,Golem,A1a 045 / B1 309,attack_self_reduction,True,0,0,0,
Mega Lucario ex Lucario,True,1,485,1,2044,False,none,"no Pokemon in the archetype name (Mega Lucario ex, Lucario) appears in any decks/dustin or decks/brews file or B2e archetype",398,398,58,Pupitar,A4 104,attack_self_reduction,True,0,0,0,
Mega Lucario ex Lucario,True,1,485,1,2044,False,none,"no Pokemon in the archetype name (Mega Lucario ex, Lucario) appears in any decks/dustin or decks/brews file or B2e archetype",398,398,58,Carbink,B1 119,attack_self_reduction,True,0,0,0,
Mega Lucario ex Lucario,True,1,485,1,2044,False,none,"no Pokemon in the archetype name (Mega Lucario ex, Lucario) appears in any decks/dustin or decks/brews file or B2e archetype",398,398,58,Registeel,B3 116,attack_self_reduction,True,0,0,0,
Mega Lucario ex Lucario,True,1,485,1,2044,False,none,"no Pokemon in the archetype name (Mega Lucario ex, Lucario) appears in any decks/dustin or decks/brews file or B2e archetype",398,398,58,Archaludon,B4a 056,attack_self_reduction,True,0,0,0,
Mega Lucario ex Lucario,True,1,485,1,2044,False,none,"no Pokemon in the archetype name (Mega Lucario ex, Lucario) appears in any decks/dustin or decks/brews file or B2e archetype",398,398,58,Cosmoem,A3 086 / A4b 182 / A4b 183,attack_self_reduction,True,0,0,0,
Mega Lucario ex Lucario,True,1,485,1,2044,False,none,"no Pokemon in the archetype name (Mega Lucario ex, Lucario) appears in any decks/dustin or decks/brews file or B2e archetype",398,398,58,Corviknight,B1 175 / B1 246,attack_self_reduction,True,0,0,0,
Mega Lucario ex Lucario,True,1,485,1,2044,False,none,"no Pokemon in the archetype name (Mega Lucario ex, Lucario) appears in any decks/dustin or decks/brews file or B2e archetype",398,398,58,Gouging Fire,B3a 054,attack_self_reduction,True,0,0,0,
Mega Lucario ex Lucario,True,1,485,1,2044,False,none,"no Pokemon in the archetype name (Mega Lucario ex, Lucario) appears in any decks/dustin or decks/brews file or B2e archetype",398,398,58,Mega Steelix ex,B1a 052 / B1a 080 / B1a 086 / B3 232,attack_self_reduction,True,0,0,0,
Mega Lucario ex Lucario,True,1,485,1,2044,False,none,"no Pokemon in the archetype name (Mega Lucario ex, Lucario) appears in any decks/dustin or decks/brews file or B2e archetype",398,398,58,Aegislash,B2 120,attack_self_reduction,True,0,0,0,
Mega Lucario ex Lucario,True,1,485,1,2044,False,none,"no Pokemon in the archetype name (Mega Lucario ex, Lucario) appears in any decks/dustin or decks/brews file or B2e archetype",398,398,58,Cornerstone Mask Ogerpon,B2 093,attack_self_reduction,True,0,0,0,
Mega Lucario ex Lucario,True,1,485,1,2044,False,none,"no Pokemon in the archetype name (Mega Lucario ex, Lucario) appears in any decks/dustin or decks/brews file or B2e archetype",398,398,58,Protective Poncho,B2 147 / B2 234,other,False,211,211,0,
Mega Lucario ex Lucario,True,1,485,1,2044,False,none,"no Pokemon in the archetype name (Mega Lucario ex, Lucario) appears in any decks/dustin or decks/brews file or B2e archetype",398,398,58,Rocky Helmet,A2 148 / A4b 322 / A4b 323,other,False,18,20,0,
Mega Lucario ex Lucario,True,1,485,1,2044,False,none,"no Pokemon in the archetype name (Mega Lucario ex, Lucario) appears in any decks/dustin or decks/brews file or B2e archetype",398,398,58,Turtonator,B1 047,other,False,0,0,0,
Mega Lucario ex Lucario,True,1,485,1,2044,False,none,"no Pokemon in the archetype name (Mega Lucario ex, Lucario) appears in any decks/dustin or decks/brews file or B2e archetype",398,398,58,Togedemaru,A3b 048 / P-A 090,other,False,0,0,0,
Mega Lucario ex Lucario,True,1,485,1,2044,False,none,"no Pokemon in the archetype name (Mega Lucario ex, Lucario) appears in any decks/dustin or decks/brews file or B2e archetype",398,398,58,Alolan Sandslash,A3 039,other,False,0,0,0,
Mega Lucario ex Lucario,True,1,485,1,2044,False,none,"no Pokemon in the archetype name (Mega Lucario ex, Lucario) appears in any decks/dustin or decks/brews file or B2e archetype",398,398,58,Mega Sableye ex,B3b 041 / B3b 081 / B3b 088,other,False,0,0,0,
Mega Lucario ex Lucario,True,1,485,1,2044,False,none,"no Pokemon in the archetype name (Mega Lucario ex, Lucario) appears in any decks/dustin or decks/brews file or B2e archetype",398,398,58,Chesnaught,B2 010,other,False,0,0,0,
Mega Lucario ex Lucario,True,1,485,1,2044,False,none,"no Pokemon in the archetype name (Mega Lucario ex, Lucario) appears in any decks/dustin or decks/brews file or B2e archetype",398,398,58,Poliwrath,A1 061 / B1 297,other,False,0,0,0,
Mega Lucario ex Lucario,True,1,485,1,2044,False,none,"no Pokemon in the archetype name (Mega Lucario ex, Lucario) appears in any decks/dustin or decks/brews file or B2e archetype",398,398,58,Druddigon,A1a 056,other,False,0,0,0,
Mega Lucario ex Lucario,True,1,485,1,2044,False,none,"no Pokemon in the archetype name (Mega Lucario ex, Lucario) appears in any decks/dustin or decks/brews file or B2e archetype",398,398,58,Pawmot,A2b 028 / P-A 054,other,False,0,0,0,
Mega Lucario ex Lucario,True,1,485,1,2044,False,none,"no Pokemon in the archetype name (Mega Lucario ex, Lucario) appears in any decks/dustin or decks/brews file or B2e archetype",398,398,58,Zangoose,A4a 065,other,False,0,0,0,
Mega Lucario ex Lucario,True,1,485,1,2044,False,none,"no Pokemon in the archetype name (Mega Lucario ex, Lucario) appears in any decks/dustin or decks/brews file or B2e archetype",398,398,58,Iron Jugulis,B3a 046,other,False,0,0,0,
Mega Lucario ex Lucario,True,1,485,1,2044,False,none,"no Pokemon in the archetype name (Mega Lucario ex, Lucario) appears in any decks/dustin or decks/brews file or B2e archetype",398,398,58,ANY (at least one card of the set),,,,222,,,
Mega Lucario ex Lucario,True,1,485,1,2044,False,none,"no Pokemon in the archetype name (Mega Lucario ex, Lucario) appears in any decks/dustin or decks/brews file or B2e archetype",398,398,58,ANY switch-1 card (groups 1-3),,,,0,,,
Mega Altaria ex Espeon,True,2,289,2,1879,False,none,"no Pokemon in the archetype name (Mega Altaria ex, Espeon) appears in any decks/dustin or decks/brews file or B2e archetype",336,336,52,Jasmine,A4 160 / A4 200,trainer_turn_effect,True,0,0,0,
Mega Altaria ex Espeon,True,2,289,2,1879,False,none,"no Pokemon in the archetype name (Mega Altaria ex, Espeon) appears in any decks/dustin or decks/brews file or B2e archetype",336,336,52,Cheren,B3 151 / B3 192,trainer_turn_effect,True,0,0,0,
Mega Altaria ex Espeon,True,2,289,2,1879,False,none,"no Pokemon in the archetype name (Mega Altaria ex, Espeon) appears in any decks/dustin or decks/brews file or B2e archetype",336,336,52,Blue,A1a 067 / A1a 081,trainer_turn_effect,True,0,0,0,
Mega Altaria ex Espeon,True,2,289,2,1879,False,none,"no Pokemon in the archetype name (Mega Altaria ex, Espeon) appears in any decks/dustin or decks/brews file or B2e archetype",336,336,52,Beast Wall,A3a 063,trainer_turn_effect,True,0,0,0,
Mega Altaria ex Espeon,True,2,289,2,1879,False,none,"no Pokemon in the archetype name (Mega Altaria ex, Espeon) appears in any decks/dustin or decks/brews file or B2e archetype",336,336,52,Adaman,A2a 075 / A2a 090,trainer_turn_effect,True,0,0,0,
Mega Altaria ex Espeon,True,2,289,2,1879,False,none,"no Pokemon in the archetype name (Mega Altaria ex, Espeon) appears in any decks/dustin or decks/brews file or B2e archetype",336,336,52,Heavy Helmet,B1 219,tool_reduction,True,0,0,0,
Mega Altaria ex Espeon,True,2,289,2,1879,False,none,"no Pokemon in the archetype name (Mega Altaria ex, Espeon) appears in any decks/dustin or decks/brews file or B2e archetype",336,336,52,Steel Apron,A4 153,tool_reduction,True,0,0,0,
Mega Altaria ex Espeon,True,2,289,2,1879,False,none,"no Pokemon in the archetype name (Mega Altaria ex, Espeon) appears in any decks/dustin or decks/brews file or B2e archetype",336,336,52,Metal Core Barrier,B2 148 / B2b 117,tool_reduction,True,0,0,0,
Mega Altaria ex Espeon,True,2,289,2,1879,False,none,"no Pokemon in the archetype name (Mega Altaria ex, Espeon) appears in any decks/dustin or decks/brews file or B2e archetype",336,336,52,Mr. Mime,A1 126,attack_self_reduction,True,0,0,0,
Mega Altaria ex Espeon,True,2,289,2,1879,False,none,"no Pokemon in the archetype name (Mega Altaria ex, Espeon) appears in any decks/dustin or decks/brews file or B2e archetype",336,336,52,Drifloon,A2 073 / A2 165,attack_self_reduction,True,0,0,0,
Mega Altaria ex Espeon,True,2,289,2,1879,False,none,"no Pokemon in the archetype name (Mega Altaria ex, Espeon) appears in any decks/dustin or decks/brews file or B2e archetype",336,336,52,Bronzong,A2 117,attack_self_reduction,True,0,0,0,
Mega Altaria ex Espeon,True,2,289,2,1879,False,none,"no Pokemon in the archetype name (Mega Altaria ex, Espeon) appears in any decks/dustin or decks/brews file or B2e archetype",336,336,52,Probopass ex,A2a 057 / A2a 085 / A2a 094 / A4b 253,attack_self_reduction,True,0,0,0,
Mega Altaria ex Espeon,True,2,289,2,1879,False,none,"no Pokemon in the archetype name (Mega Altaria ex, Espeon) appears in any decks/dustin or decks/brews file or B2e archetype",336,336,52,Cloyster,A3 043 / B1a 093,attack_self_reduction,True,0,0,0,
Mega Altaria ex Espeon,True,2,289,2,1879,False,none,"no Pokemon in the archetype name (Mega Altaria ex, Espeon) appears in any decks/dustin or decks/brews file or B2e archetype",336,336,52,Stakataka,A3a 053 / P-A 080,attack_self_reduction,True,0,0,0,
Mega Altaria ex Espeon,True,2,289,2,1879,False,none,"no Pokemon in the archetype name (Mega Altaria ex, Espeon) appears in any decks/dustin or decks/brews file or B2e archetype",336,336,52,Skarmory ex,A4 124 / A4 194 / A4 209 / A4b 252,attack_self_reduction,True,0,0,0,
Mega Altaria ex Espeon,True,2,289,2,1879,False,none,"no Pokemon in the archetype name (Mega Altaria ex, Espeon) appears in any decks/dustin or decks/brews file or B2e archetype",336,336,52,Avalugg,B1 075,attack_self_reduction,True,0,0,0,
Mega Altaria ex Espeon,True,2,289,2,1879,False,none,"no Pokemon in the archetype name (Mega Altaria ex, Espeon) appears in any decks/dustin or decks/brews file or B2e archetype",336,336,52,Swirlix,B1 117,attack_self_reduction,True,0,0,0,
Mega Altaria ex Espeon,True,2,289,2,1879,False,none,"no Pokemon in the archetype name (Mega Altaria ex, Espeon) appears in any decks/dustin or decks/brews file or B2e archetype",336,336,52,Ferrothorn (A3a 052 Steel Spikes),A3a 052,other,False,0,0,0,
Mega Altaria ex Espeon,True,2,289,2,1879,False,none,"no Pokemon in the archetype name (Mega Altaria ex, Espeon) appears in any decks/dustin or decks/brews file or B2e archetype",336,336,52,Ferrothorn (B1 167 Guard Press),B1 167,attack_self_reduction,True,0,0,0,
Mega Altaria ex Espeon,True,2,289,2,1879,False,none,"no Pokemon in the archetype name (Mega Altaria ex, Espeon) appears in any decks/dustin or decks/brews file or B2e archetype",336,336,52,Porygon,B1a 056 / B3 222,attack_self_reduction,True,0,0,0,
Mega Altaria ex Espeon,True,2,289,2,1879,False,none,"no Pokemon in the archetype name (Mega Altaria ex, Espeon) appears in any decks/dustin or decks/brews file or B2e archetype",336,336,52,Shuckle,B2 003,attack_self_reduction,True,0,0,0,
Mega Altaria ex Espeon,True,2,289,2,1879,False,none,"no Pokemon in the archetype name (Mega Altaria ex, Espeon) appears in any decks/dustin or decks/brews file or B2e archetype",336,336,52,Wigglytuff,B3b 052,attack_self_reduction,True,0,0,0,
Mega Altaria ex Espeon,True,2,289,2,1879,False,none,"no Pokemon in the archetype name (Mega Altaria ex, Espeon) appears in any decks/dustin or decks/brews file or B2e archetype",336,336,52,Frigibax,P-B 037,attack_self_reduction,True,0,0,0,
Mega Altaria ex Espeon,True,2,289,2,1879,False,none,"no Pokemon in the archetype name (Mega Altaria ex, Espeon) appears in any decks/dustin or decks/brews file or B2e archetype",336,336,52,Golem,A1a 045 / B1 309,attack_self_reduction,True,0,0,0,
Mega Altaria ex Espeon,True,2,289,2,1879,False,none,"no Pokemon in the archetype name (Mega Altaria ex, Espeon) appears in any decks/dustin or decks/brews file or B2e archetype",336,336,52,Pupitar,A4 104,attack_self_reduction,True,0,0,0,
Mega Altaria ex Espeon,True,2,289,2,1879,False,none,"no Pokemon in the archetype name (Mega Altaria ex, Espeon) appears in any decks/dustin or decks/brews file or B2e archetype",336,336,52,Carbink,B1 119,attack_self_reduction,True,0,0,0,
Mega Altaria ex Espeon,True,2,289,2,1879,False,none,"no Pokemon in the archetype name (Mega Altaria ex, Espeon) appears in any decks/dustin or decks/brews file or B2e archetype",336,336,52,Registeel,B3 116,attack_self_reduction,True,0,0,0,
Mega Altaria ex Espeon,True,2,289,2,1879,False,none,"no Pokemon in the archetype name (Mega Altaria ex, Espeon) appears in any decks/dustin or decks/brews file or B2e archetype",336,336,52,Archaludon,B4a 056,attack_self_reduction,True,0,0,0,
Mega Altaria ex Espeon,True,2,289,2,1879,False,none,"no Pokemon in the archetype name (Mega Altaria ex, Espeon) appears in any decks/dustin or decks/brews file or B2e archetype",336,336,52,Cosmoem,A3 086 / A4b 182 / A4b 183,attack_self_reduction,True,0,0,0,
Mega Altaria ex Espeon,True,2,289,2,1879,False,none,"no Pokemon in the archetype name (Mega Altaria ex, Espeon) appears in any decks/dustin or decks/brews file or B2e archetype",336,336,52,Corviknight,B1 175 / B1 246,attack_self_reduction,True,0,0,0,
Mega Altaria ex Espeon,True,2,289,2,1879,False,none,"no Pokemon in the archetype name (Mega Altaria ex, Espeon) appears in any decks/dustin or decks/brews file or B2e archetype",336,336,52,Gouging Fire,B3a 054,attack_self_reduction,True,0,0,0,
Mega Altaria ex Espeon,True,2,289,2,1879,False,none,"no Pokemon in the archetype name (Mega Altaria ex, Espeon) appears in any decks/dustin or decks/brews file or B2e archetype",336,336,52,Mega Steelix ex,B1a 052 / B1a 080 / B1a 086 / B3 232,attack_self_reduction,True,0,0,0,
Mega Altaria ex Espeon,True,2,289,2,1879,False,none,"no Pokemon in the archetype name (Mega Altaria ex, Espeon) appears in any decks/dustin or decks/brews file or B2e archetype",336,336,52,Aegislash,B2 120,attack_self_reduction,True,0,0,0,
Mega Altaria ex Espeon,True,2,289,2,1879,False,none,"no Pokemon in the archetype name (Mega Altaria ex, Espeon) appears in any decks/dustin or decks/brews file or B2e archetype",336,336,52,Cornerstone Mask Ogerpon,B2 093,attack_self_reduction,True,0,0,0,
Mega Altaria ex Espeon,True,2,289,2,1879,False,none,"no Pokemon in the archetype name (Mega Altaria ex, Espeon) appears in any decks/dustin or decks/brews file or B2e archetype",336,336,52,Protective Poncho,B2 147 / B2 234,other,False,0,0,0,
Mega Altaria ex Espeon,True,2,289,2,1879,False,none,"no Pokemon in the archetype name (Mega Altaria ex, Espeon) appears in any decks/dustin or decks/brews file or B2e archetype",336,336,52,Rocky Helmet,A2 148 / A4b 322 / A4b 323,other,False,0,0,0,
Mega Altaria ex Espeon,True,2,289,2,1879,False,none,"no Pokemon in the archetype name (Mega Altaria ex, Espeon) appears in any decks/dustin or decks/brews file or B2e archetype",336,336,52,Turtonator,B1 047,other,False,0,0,0,
Mega Altaria ex Espeon,True,2,289,2,1879,False,none,"no Pokemon in the archetype name (Mega Altaria ex, Espeon) appears in any decks/dustin or decks/brews file or B2e archetype",336,336,52,Togedemaru,A3b 048 / P-A 090,other,False,0,0,0,
Mega Altaria ex Espeon,True,2,289,2,1879,False,none,"no Pokemon in the archetype name (Mega Altaria ex, Espeon) appears in any decks/dustin or decks/brews file or B2e archetype",336,336,52,Alolan Sandslash,A3 039,other,False,0,0,0,
Mega Altaria ex Espeon,True,2,289,2,1879,False,none,"no Pokemon in the archetype name (Mega Altaria ex, Espeon) appears in any decks/dustin or decks/brews file or B2e archetype",336,336,52,Mega Sableye ex,B3b 041 / B3b 081 / B3b 088,other,False,0,0,0,
Mega Altaria ex Espeon,True,2,289,2,1879,False,none,"no Pokemon in the archetype name (Mega Altaria ex, Espeon) appears in any decks/dustin or decks/brews file or B2e archetype",336,336,52,Chesnaught,B2 010,other,False,0,0,0,
Mega Altaria ex Espeon,True,2,289,2,1879,False,none,"no Pokemon in the archetype name (Mega Altaria ex, Espeon) appears in any decks/dustin or decks/brews file or B2e archetype",336,336,52,Poliwrath,A1 061 / B1 297,other,False,0,0,0,
Mega Altaria ex Espeon,True,2,289,2,1879,False,none,"no Pokemon in the archetype name (Mega Altaria ex, Espeon) appears in any decks/dustin or decks/brews file or B2e archetype",336,336,52,Druddigon,A1a 056,other,False,0,0,0,
Mega Altaria ex Espeon,True,2,289,2,1879,False,none,"no Pokemon in the archetype name (Mega Altaria ex, Espeon) appears in any decks/dustin or decks/brews file or B2e archetype",336,336,52,Pawmot,A2b 028 / P-A 054,other,False,0,0,0,
Mega Altaria ex Espeon,True,2,289,2,1879,False,none,"no Pokemon in the archetype name (Mega Altaria ex, Espeon) appears in any decks/dustin or decks/brews file or B2e archetype",336,336,52,Zangoose,A4a 065,other,False,0,0,0,
Mega Altaria ex Espeon,True,2,289,2,1879,False,none,"no Pokemon in the archetype name (Mega Altaria ex, Espeon) appears in any decks/dustin or decks/brews file or B2e archetype",336,336,52,Iron Jugulis,B3a 046,other,False,0,0,0,
Mega Altaria ex Espeon,True,2,289,2,1879,False,none,"no Pokemon in the archetype name (Mega Altaria ex, Espeon) appears in any decks/dustin or decks/brews file or B2e archetype",336,336,52,ANY (at least one card of the set),,,,0,,,
Mega Altaria ex Espeon,True,2,289,2,1879,False,none,"no Pokemon in the archetype name (Mega Altaria ex, Espeon) appears in any decks/dustin or decks/brews file or B2e archetype",336,336,52,ANY switch-1 card (groups 1-3),,,,0,,,
Butterfree Mega Sceptile ex,True,3,280,3,1320,False,none,"no Pokemon in the archetype name (Butterfree, Mega Sceptile ex) appears in any decks/dustin or decks/brews file or B2e archetype",244,244,50,Jasmine,A4 160 / A4 200,trainer_turn_effect,True,0,0,0,
Butterfree Mega Sceptile ex,True,3,280,3,1320,False,none,"no Pokemon in the archetype name (Butterfree, Mega Sceptile ex) appears in any decks/dustin or decks/brews file or B2e archetype",244,244,50,Cheren,B3 151 / B3 192,trainer_turn_effect,True,0,0,0,
Butterfree Mega Sceptile ex,True,3,280,3,1320,False,none,"no Pokemon in the archetype name (Butterfree, Mega Sceptile ex) appears in any decks/dustin or decks/brews file or B2e archetype",244,244,50,Blue,A1a 067 / A1a 081,trainer_turn_effect,True,0,0,0,
Butterfree Mega Sceptile ex,True,3,280,3,1320,False,none,"no Pokemon in the archetype name (Butterfree, Mega Sceptile ex) appears in any decks/dustin or decks/brews file or B2e archetype",244,244,50,Beast Wall,A3a 063,trainer_turn_effect,True,0,0,0,
Butterfree Mega Sceptile ex,True,3,280,3,1320,False,none,"no Pokemon in the archetype name (Butterfree, Mega Sceptile ex) appears in any decks/dustin or decks/brews file or B2e archetype",244,244,50,Adaman,A2a 075 / A2a 090,trainer_turn_effect,True,0,0,0,
Butterfree Mega Sceptile ex,True,3,280,3,1320,False,none,"no Pokemon in the archetype name (Butterfree, Mega Sceptile ex) appears in any decks/dustin or decks/brews file or B2e archetype",244,244,50,Heavy Helmet,B1 219,tool_reduction,True,0,0,0,
Butterfree Mega Sceptile ex,True,3,280,3,1320,False,none,"no Pokemon in the archetype name (Butterfree, Mega Sceptile ex) appears in any decks/dustin or decks/brews file or B2e archetype",244,244,50,Steel Apron,A4 153,tool_reduction,True,0,0,0,
Butterfree Mega Sceptile ex,True,3,280,3,1320,False,none,"no Pokemon in the archetype name (Butterfree, Mega Sceptile ex) appears in any decks/dustin or decks/brews file or B2e archetype",244,244,50,Metal Core Barrier,B2 148 / B2b 117,tool_reduction,True,0,0,0,
Butterfree Mega Sceptile ex,True,3,280,3,1320,False,none,"no Pokemon in the archetype name (Butterfree, Mega Sceptile ex) appears in any decks/dustin or decks/brews file or B2e archetype",244,244,50,Mr. Mime,A1 126,attack_self_reduction,True,0,0,0,
Butterfree Mega Sceptile ex,True,3,280,3,1320,False,none,"no Pokemon in the archetype name (Butterfree, Mega Sceptile ex) appears in any decks/dustin or decks/brews file or B2e archetype",244,244,50,Drifloon,A2 073 / A2 165,attack_self_reduction,True,0,0,0,
Butterfree Mega Sceptile ex,True,3,280,3,1320,False,none,"no Pokemon in the archetype name (Butterfree, Mega Sceptile ex) appears in any decks/dustin or decks/brews file or B2e archetype",244,244,50,Bronzong,A2 117,attack_self_reduction,True,0,0,0,
Butterfree Mega Sceptile ex,True,3,280,3,1320,False,none,"no Pokemon in the archetype name (Butterfree, Mega Sceptile ex) appears in any decks/dustin or decks/brews file or B2e archetype",244,244,50,Probopass ex,A2a 057 / A2a 085 / A2a 094 / A4b 253,attack_self_reduction,True,0,0,0,
Butterfree Mega Sceptile ex,True,3,280,3,1320,False,none,"no Pokemon in the archetype name (Butterfree, Mega Sceptile ex) appears in any decks/dustin or decks/brews file or B2e archetype",244,244,50,Cloyster,A3 043 / B1a 093,attack_self_reduction,True,0,0,0,
Butterfree Mega Sceptile ex,True,3,280,3,1320,False,none,"no Pokemon in the archetype name (Butterfree, Mega Sceptile ex) appears in any decks/dustin or decks/brews file or B2e archetype",244,244,50,Stakataka,A3a 053 / P-A 080,attack_self_reduction,True,0,0,0,
Butterfree Mega Sceptile ex,True,3,280,3,1320,False,none,"no Pokemon in the archetype name (Butterfree, Mega Sceptile ex) appears in any decks/dustin or decks/brews file or B2e archetype",244,244,50,Skarmory ex,A4 124 / A4 194 / A4 209 / A4b 252,attack_self_reduction,True,0,0,0,
Butterfree Mega Sceptile ex,True,3,280,3,1320,False,none,"no Pokemon in the archetype name (Butterfree, Mega Sceptile ex) appears in any decks/dustin or decks/brews file or B2e archetype",244,244,50,Avalugg,B1 075,attack_self_reduction,True,0,0,0,
Butterfree Mega Sceptile ex,True,3,280,3,1320,False,none,"no Pokemon in the archetype name (Butterfree, Mega Sceptile ex) appears in any decks/dustin or decks/brews file or B2e archetype",244,244,50,Swirlix,B1 117,attack_self_reduction,True,0,0,0,
Butterfree Mega Sceptile ex,True,3,280,3,1320,False,none,"no Pokemon in the archetype name (Butterfree, Mega Sceptile ex) appears in any decks/dustin or decks/brews file or B2e archetype",244,244,50,Ferrothorn (A3a 052 Steel Spikes),A3a 052,other,False,0,0,0,
Butterfree Mega Sceptile ex,True,3,280,3,1320,False,none,"no Pokemon in the archetype name (Butterfree, Mega Sceptile ex) appears in any decks/dustin or decks/brews file or B2e archetype",244,244,50,Ferrothorn (B1 167 Guard Press),B1 167,attack_self_reduction,True,0,0,0,
Butterfree Mega Sceptile ex,True,3,280,3,1320,False,none,"no Pokemon in the archetype name (Butterfree, Mega Sceptile ex) appears in any decks/dustin or decks/brews file or B2e archetype",244,244,50,Porygon,B1a 056 / B3 222,attack_self_reduction,True,0,0,0,
Butterfree Mega Sceptile ex,True,3,280,3,1320,False,none,"no Pokemon in the archetype name (Butterfree, Mega Sceptile ex) appears in any decks/dustin or decks/brews file or B2e archetype",244,244,50,Shuckle,B2 003,attack_self_reduction,True,0,0,0,
Butterfree Mega Sceptile ex,True,3,280,3,1320,False,none,"no Pokemon in the archetype name (Butterfree, Mega Sceptile ex) appears in any decks/dustin or decks/brews file or B2e archetype",244,244,50,Wigglytuff,B3b 052,attack_self_reduction,True,0,0,0,
Butterfree Mega Sceptile ex,True,3,280,3,1320,False,none,"no Pokemon in the archetype name (Butterfree, Mega Sceptile ex) appears in any decks/dustin or decks/brews file or B2e archetype",244,244,50,Frigibax,P-B 037,attack_self_reduction,True,0,0,0,
Butterfree Mega Sceptile ex,True,3,280,3,1320,False,none,"no Pokemon in the archetype name (Butterfree, Mega Sceptile ex) appears in any decks/dustin or decks/brews file or B2e archetype",244,244,50,Golem,A1a 045 / B1 309,attack_self_reduction,True,0,0,0,
Butterfree Mega Sceptile ex,True,3,280,3,1320,False,none,"no Pokemon in the archetype name (Butterfree, Mega Sceptile ex) appears in any decks/dustin or decks/brews file or B2e archetype",244,244,50,Pupitar,A4 104,attack_self_reduction,True,0,0,0,
Butterfree Mega Sceptile ex,True,3,280,3,1320,False,none,"no Pokemon in the archetype name (Butterfree, Mega Sceptile ex) appears in any decks/dustin or decks/brews file or B2e archetype",244,244,50,Carbink,B1 119,attack_self_reduction,True,0,0,0,
Butterfree Mega Sceptile ex,True,3,280,3,1320,False,none,"no Pokemon in the archetype name (Butterfree, Mega Sceptile ex) appears in any decks/dustin or decks/brews file or B2e archetype",244,244,50,Registeel,B3 116,attack_self_reduction,True,0,0,0,
Butterfree Mega Sceptile ex,True,3,280,3,1320,False,none,"no Pokemon in the archetype name (Butterfree, Mega Sceptile ex) appears in any decks/dustin or decks/brews file or B2e archetype",244,244,50,Archaludon,B4a 056,attack_self_reduction,True,0,0,0,
Butterfree Mega Sceptile ex,True,3,280,3,1320,False,none,"no Pokemon in the archetype name (Butterfree, Mega Sceptile ex) appears in any decks/dustin or decks/brews file or B2e archetype",244,244,50,Cosmoem,A3 086 / A4b 182 / A4b 183,attack_self_reduction,True,0,0,0,
Butterfree Mega Sceptile ex,True,3,280,3,1320,False,none,"no Pokemon in the archetype name (Butterfree, Mega Sceptile ex) appears in any decks/dustin or decks/brews file or B2e archetype",244,244,50,Corviknight,B1 175 / B1 246,attack_self_reduction,True,0,0,0,
Butterfree Mega Sceptile ex,True,3,280,3,1320,False,none,"no Pokemon in the archetype name (Butterfree, Mega Sceptile ex) appears in any decks/dustin or decks/brews file or B2e archetype",244,244,50,Gouging Fire,B3a 054,attack_self_reduction,True,0,0,0,
Butterfree Mega Sceptile ex,True,3,280,3,1320,False,none,"no Pokemon in the archetype name (Butterfree, Mega Sceptile ex) appears in any decks/dustin or decks/brews file or B2e archetype",244,244,50,Mega Steelix ex,B1a 052 / B1a 080 / B1a 086 / B3 232,attack_self_reduction,True,0,0,0,
Butterfree Mega Sceptile ex,True,3,280,3,1320,False,none,"no Pokemon in the archetype name (Butterfree, Mega Sceptile ex) appears in any decks/dustin or decks/brews file or B2e archetype",244,244,50,Aegislash,B2 120,attack_self_reduction,True,0,0,0,
Butterfree Mega Sceptile ex,True,3,280,3,1320,False,none,"no Pokemon in the archetype name (Butterfree, Mega Sceptile ex) appears in any decks/dustin or decks/brews file or B2e archetype",244,244,50,Cornerstone Mask Ogerpon,B2 093,attack_self_reduction,True,0,0,0,
Butterfree Mega Sceptile ex,True,3,280,3,1320,False,none,"no Pokemon in the archetype name (Butterfree, Mega Sceptile ex) appears in any decks/dustin or decks/brews file or B2e archetype",244,244,50,Protective Poncho,B2 147 / B2 234,other,False,3,3,0,
Butterfree Mega Sceptile ex,True,3,280,3,1320,False,none,"no Pokemon in the archetype name (Butterfree, Mega Sceptile ex) appears in any decks/dustin or decks/brews file or B2e archetype",244,244,50,Rocky Helmet,A2 148 / A4b 322 / A4b 323,other,False,0,0,0,
Butterfree Mega Sceptile ex,True,3,280,3,1320,False,none,"no Pokemon in the archetype name (Butterfree, Mega Sceptile ex) appears in any decks/dustin or decks/brews file or B2e archetype",244,244,50,Turtonator,B1 047,other,False,0,0,0,
Butterfree Mega Sceptile ex,True,3,280,3,1320,False,none,"no Pokemon in the archetype name (Butterfree, Mega Sceptile ex) appears in any decks/dustin or decks/brews file or B2e archetype",244,244,50,Togedemaru,A3b 048 / P-A 090,other,False,0,0,0,
Butterfree Mega Sceptile ex,True,3,280,3,1320,False,none,"no Pokemon in the archetype name (Butterfree, Mega Sceptile ex) appears in any decks/dustin or decks/brews file or B2e archetype",244,244,50,Alolan Sandslash,A3 039,other,False,0,0,0,
Butterfree Mega Sceptile ex,True,3,280,3,1320,False,none,"no Pokemon in the archetype name (Butterfree, Mega Sceptile ex) appears in any decks/dustin or decks/brews file or B2e archetype",244,244,50,Mega Sableye ex,B3b 041 / B3b 081 / B3b 088,other,False,0,0,0,
Butterfree Mega Sceptile ex,True,3,280,3,1320,False,none,"no Pokemon in the archetype name (Butterfree, Mega Sceptile ex) appears in any decks/dustin or decks/brews file or B2e archetype",244,244,50,Chesnaught,B2 010,other,False,0,0,0,
Butterfree Mega Sceptile ex,True,3,280,3,1320,False,none,"no Pokemon in the archetype name (Butterfree, Mega Sceptile ex) appears in any decks/dustin or decks/brews file or B2e archetype",244,244,50,Poliwrath,A1 061 / B1 297,other,False,0,0,0,
Butterfree Mega Sceptile ex,True,3,280,3,1320,False,none,"no Pokemon in the archetype name (Butterfree, Mega Sceptile ex) appears in any decks/dustin or decks/brews file or B2e archetype",244,244,50,Druddigon,A1a 056,other,False,0,0,0,
Butterfree Mega Sceptile ex,True,3,280,3,1320,False,none,"no Pokemon in the archetype name (Butterfree, Mega Sceptile ex) appears in any decks/dustin or decks/brews file or B2e archetype",244,244,50,Pawmot,A2b 028 / P-A 054,other,False,0,0,0,
Butterfree Mega Sceptile ex,True,3,280,3,1320,False,none,"no Pokemon in the archetype name (Butterfree, Mega Sceptile ex) appears in any decks/dustin or decks/brews file or B2e archetype",244,244,50,Zangoose,A4a 065,other,False,0,0,0,
Butterfree Mega Sceptile ex,True,3,280,3,1320,False,none,"no Pokemon in the archetype name (Butterfree, Mega Sceptile ex) appears in any decks/dustin or decks/brews file or B2e archetype",244,244,50,Iron Jugulis,B3a 046,other,False,0,0,0,
Butterfree Mega Sceptile ex,True,3,280,3,1320,False,none,"no Pokemon in the archetype name (Butterfree, Mega Sceptile ex) appears in any decks/dustin or decks/brews file or B2e archetype",244,244,50,ANY (at least one card of the set),,,,3,,,
Butterfree Mega Sceptile ex,True,3,280,3,1320,False,none,"no Pokemon in the archetype name (Butterfree, Mega Sceptile ex) appears in any decks/dustin or decks/brews file or B2e archetype",244,244,50,ANY switch-1 card (groups 1-3),,,,0,,,
Vespiquen ex Shuckle ex,True,4,274,4,1259,False,none,"no Pokemon in the archetype name (Vespiquen ex, Shuckle ex) appears in any decks/dustin or decks/brews file or B2e archetype",233,233,52,Jasmine,A4 160 / A4 200,trainer_turn_effect,True,0,0,0,
Vespiquen ex Shuckle ex,True,4,274,4,1259,False,none,"no Pokemon in the archetype name (Vespiquen ex, Shuckle ex) appears in any decks/dustin or decks/brews file or B2e archetype",233,233,52,Cheren,B3 151 / B3 192,trainer_turn_effect,True,0,0,0,
Vespiquen ex Shuckle ex,True,4,274,4,1259,False,none,"no Pokemon in the archetype name (Vespiquen ex, Shuckle ex) appears in any decks/dustin or decks/brews file or B2e archetype",233,233,52,Blue,A1a 067 / A1a 081,trainer_turn_effect,True,4,4,0,
Vespiquen ex Shuckle ex,True,4,274,4,1259,False,none,"no Pokemon in the archetype name (Vespiquen ex, Shuckle ex) appears in any decks/dustin or decks/brews file or B2e archetype",233,233,52,Beast Wall,A3a 063,trainer_turn_effect,True,0,0,0,
Vespiquen ex Shuckle ex,True,4,274,4,1259,False,none,"no Pokemon in the archetype name (Vespiquen ex, Shuckle ex) appears in any decks/dustin or decks/brews file or B2e archetype",233,233,52,Adaman,A2a 075 / A2a 090,trainer_turn_effect,True,0,0,0,
Vespiquen ex Shuckle ex,True,4,274,4,1259,False,none,"no Pokemon in the archetype name (Vespiquen ex, Shuckle ex) appears in any decks/dustin or decks/brews file or B2e archetype",233,233,52,Heavy Helmet,B1 219,tool_reduction,True,0,0,0,
Vespiquen ex Shuckle ex,True,4,274,4,1259,False,none,"no Pokemon in the archetype name (Vespiquen ex, Shuckle ex) appears in any decks/dustin or decks/brews file or B2e archetype",233,233,52,Steel Apron,A4 153,tool_reduction,True,0,0,0,
Vespiquen ex Shuckle ex,True,4,274,4,1259,False,none,"no Pokemon in the archetype name (Vespiquen ex, Shuckle ex) appears in any decks/dustin or decks/brews file or B2e archetype",233,233,52,Metal Core Barrier,B2 148 / B2b 117,tool_reduction,True,0,0,0,
Vespiquen ex Shuckle ex,True,4,274,4,1259,False,none,"no Pokemon in the archetype name (Vespiquen ex, Shuckle ex) appears in any decks/dustin or decks/brews file or B2e archetype",233,233,52,Mr. Mime,A1 126,attack_self_reduction,True,0,0,0,
Vespiquen ex Shuckle ex,True,4,274,4,1259,False,none,"no Pokemon in the archetype name (Vespiquen ex, Shuckle ex) appears in any decks/dustin or decks/brews file or B2e archetype",233,233,52,Drifloon,A2 073 / A2 165,attack_self_reduction,True,0,0,0,
Vespiquen ex Shuckle ex,True,4,274,4,1259,False,none,"no Pokemon in the archetype name (Vespiquen ex, Shuckle ex) appears in any decks/dustin or decks/brews file or B2e archetype",233,233,52,Bronzong,A2 117,attack_self_reduction,True,0,0,0,
Vespiquen ex Shuckle ex,True,4,274,4,1259,False,none,"no Pokemon in the archetype name (Vespiquen ex, Shuckle ex) appears in any decks/dustin or decks/brews file or B2e archetype",233,233,52,Probopass ex,A2a 057 / A2a 085 / A2a 094 / A4b 253,attack_self_reduction,True,0,0,0,
Vespiquen ex Shuckle ex,True,4,274,4,1259,False,none,"no Pokemon in the archetype name (Vespiquen ex, Shuckle ex) appears in any decks/dustin or decks/brews file or B2e archetype",233,233,52,Cloyster,A3 043 / B1a 093,attack_self_reduction,True,0,0,0,
Vespiquen ex Shuckle ex,True,4,274,4,1259,False,none,"no Pokemon in the archetype name (Vespiquen ex, Shuckle ex) appears in any decks/dustin or decks/brews file or B2e archetype",233,233,52,Stakataka,A3a 053 / P-A 080,attack_self_reduction,True,0,0,0,
Vespiquen ex Shuckle ex,True,4,274,4,1259,False,none,"no Pokemon in the archetype name (Vespiquen ex, Shuckle ex) appears in any decks/dustin or decks/brews file or B2e archetype",233,233,52,Skarmory ex,A4 124 / A4 194 / A4 209 / A4b 252,attack_self_reduction,True,0,0,0,
Vespiquen ex Shuckle ex,True,4,274,4,1259,False,none,"no Pokemon in the archetype name (Vespiquen ex, Shuckle ex) appears in any decks/dustin or decks/brews file or B2e archetype",233,233,52,Avalugg,B1 075,attack_self_reduction,True,0,0,0,
Vespiquen ex Shuckle ex,True,4,274,4,1259,False,none,"no Pokemon in the archetype name (Vespiquen ex, Shuckle ex) appears in any decks/dustin or decks/brews file or B2e archetype",233,233,52,Swirlix,B1 117,attack_self_reduction,True,0,0,0,
Vespiquen ex Shuckle ex,True,4,274,4,1259,False,none,"no Pokemon in the archetype name (Vespiquen ex, Shuckle ex) appears in any decks/dustin or decks/brews file or B2e archetype",233,233,52,Ferrothorn (A3a 052 Steel Spikes),A3a 052,other,False,0,0,0,
Vespiquen ex Shuckle ex,True,4,274,4,1259,False,none,"no Pokemon in the archetype name (Vespiquen ex, Shuckle ex) appears in any decks/dustin or decks/brews file or B2e archetype",233,233,52,Ferrothorn (B1 167 Guard Press),B1 167,attack_self_reduction,True,0,0,0,
Vespiquen ex Shuckle ex,True,4,274,4,1259,False,none,"no Pokemon in the archetype name (Vespiquen ex, Shuckle ex) appears in any decks/dustin or decks/brews file or B2e archetype",233,233,52,Porygon,B1a 056 / B3 222,attack_self_reduction,True,0,0,0,
Vespiquen ex Shuckle ex,True,4,274,4,1259,False,none,"no Pokemon in the archetype name (Vespiquen ex, Shuckle ex) appears in any decks/dustin or decks/brews file or B2e archetype",233,233,52,Shuckle,B2 003,attack_self_reduction,True,0,0,0,
Vespiquen ex Shuckle ex,True,4,274,4,1259,False,none,"no Pokemon in the archetype name (Vespiquen ex, Shuckle ex) appears in any decks/dustin or decks/brews file or B2e archetype",233,233,52,Wigglytuff,B3b 052,attack_self_reduction,True,0,0,0,
Vespiquen ex Shuckle ex,True,4,274,4,1259,False,none,"no Pokemon in the archetype name (Vespiquen ex, Shuckle ex) appears in any decks/dustin or decks/brews file or B2e archetype",233,233,52,Frigibax,P-B 037,attack_self_reduction,True,0,0,0,
Vespiquen ex Shuckle ex,True,4,274,4,1259,False,none,"no Pokemon in the archetype name (Vespiquen ex, Shuckle ex) appears in any decks/dustin or decks/brews file or B2e archetype",233,233,52,Golem,A1a 045 / B1 309,attack_self_reduction,True,0,0,0,
Vespiquen ex Shuckle ex,True,4,274,4,1259,False,none,"no Pokemon in the archetype name (Vespiquen ex, Shuckle ex) appears in any decks/dustin or decks/brews file or B2e archetype",233,233,52,Pupitar,A4 104,attack_self_reduction,True,0,0,0,
Vespiquen ex Shuckle ex,True,4,274,4,1259,False,none,"no Pokemon in the archetype name (Vespiquen ex, Shuckle ex) appears in any decks/dustin or decks/brews file or B2e archetype",233,233,52,Carbink,B1 119,attack_self_reduction,True,0,0,0,
Vespiquen ex Shuckle ex,True,4,274,4,1259,False,none,"no Pokemon in the archetype name (Vespiquen ex, Shuckle ex) appears in any decks/dustin or decks/brews file or B2e archetype",233,233,52,Registeel,B3 116,attack_self_reduction,True,0,0,0,
Vespiquen ex Shuckle ex,True,4,274,4,1259,False,none,"no Pokemon in the archetype name (Vespiquen ex, Shuckle ex) appears in any decks/dustin or decks/brews file or B2e archetype",233,233,52,Archaludon,B4a 056,attack_self_reduction,True,0,0,0,
Vespiquen ex Shuckle ex,True,4,274,4,1259,False,none,"no Pokemon in the archetype name (Vespiquen ex, Shuckle ex) appears in any decks/dustin or decks/brews file or B2e archetype",233,233,52,Cosmoem,A3 086 / A4b 182 / A4b 183,attack_self_reduction,True,0,0,0,
Vespiquen ex Shuckle ex,True,4,274,4,1259,False,none,"no Pokemon in the archetype name (Vespiquen ex, Shuckle ex) appears in any decks/dustin or decks/brews file or B2e archetype",233,233,52,Corviknight,B1 175 / B1 246,attack_self_reduction,True,0,0,0,
Vespiquen ex Shuckle ex,True,4,274,4,1259,False,none,"no Pokemon in the archetype name (Vespiquen ex, Shuckle ex) appears in any decks/dustin or decks/brews file or B2e archetype",233,233,52,Gouging Fire,B3a 054,attack_self_reduction,True,0,0,0,
Vespiquen ex Shuckle ex,True,4,274,4,1259,False,none,"no Pokemon in the archetype name (Vespiquen ex, Shuckle ex) appears in any decks/dustin or decks/brews file or B2e archetype",233,233,52,Mega Steelix ex,B1a 052 / B1a 080 / B1a 086 / B3 232,attack_self_reduction,True,0,0,0,
Vespiquen ex Shuckle ex,True,4,274,4,1259,False,none,"no Pokemon in the archetype name (Vespiquen ex, Shuckle ex) appears in any decks/dustin or decks/brews file or B2e archetype",233,233,52,Aegislash,B2 120,attack_self_reduction,True,0,0,0,
Vespiquen ex Shuckle ex,True,4,274,4,1259,False,none,"no Pokemon in the archetype name (Vespiquen ex, Shuckle ex) appears in any decks/dustin or decks/brews file or B2e archetype",233,233,52,Cornerstone Mask Ogerpon,B2 093,attack_self_reduction,True,0,0,0,
Vespiquen ex Shuckle ex,True,4,274,4,1259,False,none,"no Pokemon in the archetype name (Vespiquen ex, Shuckle ex) appears in any decks/dustin or decks/brews file or B2e archetype",233,233,52,Protective Poncho,B2 147 / B2 234,other,False,0,0,0,
Vespiquen ex Shuckle ex,True,4,274,4,1259,False,none,"no Pokemon in the archetype name (Vespiquen ex, Shuckle ex) appears in any decks/dustin or decks/brews file or B2e archetype",233,233,52,Rocky Helmet,A2 148 / A4b 322 / A4b 323,other,False,0,0,0,
Vespiquen ex Shuckle ex,True,4,274,4,1259,False,none,"no Pokemon in the archetype name (Vespiquen ex, Shuckle ex) appears in any decks/dustin or decks/brews file or B2e archetype",233,233,52,Turtonator,B1 047,other,False,0,0,0,
Vespiquen ex Shuckle ex,True,4,274,4,1259,False,none,"no Pokemon in the archetype name (Vespiquen ex, Shuckle ex) appears in any decks/dustin or decks/brews file or B2e archetype",233,233,52,Togedemaru,A3b 048 / P-A 090,other,False,0,0,0,
Vespiquen ex Shuckle ex,True,4,274,4,1259,False,none,"no Pokemon in the archetype name (Vespiquen ex, Shuckle ex) appears in any decks/dustin or decks/brews file or B2e archetype",233,233,52,Alolan Sandslash,A3 039,other,False,0,0,0,
Vespiquen ex Shuckle ex,True,4,274,4,1259,False,none,"no Pokemon in the archetype name (Vespiquen ex, Shuckle ex) appears in any decks/dustin or decks/brews file or B2e archetype",233,233,52,Mega Sableye ex,B3b 041 / B3b 081 / B3b 088,other,False,0,0,0,
Vespiquen ex Shuckle ex,True,4,274,4,1259,False,none,"no Pokemon in the archetype name (Vespiquen ex, Shuckle ex) appears in any decks/dustin or decks/brews file or B2e archetype",233,233,52,Chesnaught,B2 010,other,False,0,0,0,
Vespiquen ex Shuckle ex,True,4,274,4,1259,False,none,"no Pokemon in the archetype name (Vespiquen ex, Shuckle ex) appears in any decks/dustin or decks/brews file or B2e archetype",233,233,52,Poliwrath,A1 061 / B1 297,other,False,0,0,0,
Vespiquen ex Shuckle ex,True,4,274,4,1259,False,none,"no Pokemon in the archetype name (Vespiquen ex, Shuckle ex) appears in any decks/dustin or decks/brews file or B2e archetype",233,233,52,Druddigon,A1a 056,other,False,0,0,0,
Vespiquen ex Shuckle ex,True,4,274,4,1259,False,none,"no Pokemon in the archetype name (Vespiquen ex, Shuckle ex) appears in any decks/dustin or decks/brews file or B2e archetype",233,233,52,Pawmot,A2b 028 / P-A 054,other,False,0,0,0,
Vespiquen ex Shuckle ex,True,4,274,4,1259,False,none,"no Pokemon in the archetype name (Vespiquen ex, Shuckle ex) appears in any decks/dustin or decks/brews file or B2e archetype",233,233,52,Zangoose,A4a 065,other,False,0,0,0,
Vespiquen ex Shuckle ex,True,4,274,4,1259,False,none,"no Pokemon in the archetype name (Vespiquen ex, Shuckle ex) appears in any decks/dustin or decks/brews file or B2e archetype",233,233,52,Iron Jugulis,B3a 046,other,False,0,0,0,
Vespiquen ex Shuckle ex,True,4,274,4,1259,False,none,"no Pokemon in the archetype name (Vespiquen ex, Shuckle ex) appears in any decks/dustin or decks/brews file or B2e archetype",233,233,52,ANY (at least one card of the set),,,,4,,,
Vespiquen ex Shuckle ex,True,4,274,4,1259,False,none,"no Pokemon in the archetype name (Vespiquen ex, Shuckle ex) appears in any decks/dustin or decks/brews file or B2e archetype",233,233,52,ANY switch-1 card (groups 1-3),,,,4,,,
Suicune ex Baxcalibur,True,5,269,5,1036,False,none,"no Pokemon in the archetype name (Suicune ex, Baxcalibur) appears in any decks/dustin or decks/brews file or B2e archetype",200,200,47,Jasmine,A4 160 / A4 200,trainer_turn_effect,True,0,0,0,
Suicune ex Baxcalibur,True,5,269,5,1036,False,none,"no Pokemon in the archetype name (Suicune ex, Baxcalibur) appears in any decks/dustin or decks/brews file or B2e archetype",200,200,47,Cheren,B3 151 / B3 192,trainer_turn_effect,True,0,0,0,
Suicune ex Baxcalibur,True,5,269,5,1036,False,none,"no Pokemon in the archetype name (Suicune ex, Baxcalibur) appears in any decks/dustin or decks/brews file or B2e archetype",200,200,47,Blue,A1a 067 / A1a 081,trainer_turn_effect,True,0,0,0,
Suicune ex Baxcalibur,True,5,269,5,1036,False,none,"no Pokemon in the archetype name (Suicune ex, Baxcalibur) appears in any decks/dustin or decks/brews file or B2e archetype",200,200,47,Beast Wall,A3a 063,trainer_turn_effect,True,0,0,0,
Suicune ex Baxcalibur,True,5,269,5,1036,False,none,"no Pokemon in the archetype name (Suicune ex, Baxcalibur) appears in any decks/dustin or decks/brews file or B2e archetype",200,200,47,Adaman,A2a 075 / A2a 090,trainer_turn_effect,True,0,0,0,
Suicune ex Baxcalibur,True,5,269,5,1036,False,none,"no Pokemon in the archetype name (Suicune ex, Baxcalibur) appears in any decks/dustin or decks/brews file or B2e archetype",200,200,47,Heavy Helmet,B1 219,tool_reduction,True,0,0,0,
Suicune ex Baxcalibur,True,5,269,5,1036,False,none,"no Pokemon in the archetype name (Suicune ex, Baxcalibur) appears in any decks/dustin or decks/brews file or B2e archetype",200,200,47,Steel Apron,A4 153,tool_reduction,True,0,0,0,
Suicune ex Baxcalibur,True,5,269,5,1036,False,none,"no Pokemon in the archetype name (Suicune ex, Baxcalibur) appears in any decks/dustin or decks/brews file or B2e archetype",200,200,47,Metal Core Barrier,B2 148 / B2b 117,tool_reduction,True,0,0,0,
Suicune ex Baxcalibur,True,5,269,5,1036,False,none,"no Pokemon in the archetype name (Suicune ex, Baxcalibur) appears in any decks/dustin or decks/brews file or B2e archetype",200,200,47,Mr. Mime,A1 126,attack_self_reduction,True,0,0,0,
Suicune ex Baxcalibur,True,5,269,5,1036,False,none,"no Pokemon in the archetype name (Suicune ex, Baxcalibur) appears in any decks/dustin or decks/brews file or B2e archetype",200,200,47,Drifloon,A2 073 / A2 165,attack_self_reduction,True,0,0,0,
Suicune ex Baxcalibur,True,5,269,5,1036,False,none,"no Pokemon in the archetype name (Suicune ex, Baxcalibur) appears in any decks/dustin or decks/brews file or B2e archetype",200,200,47,Bronzong,A2 117,attack_self_reduction,True,0,0,0,
Suicune ex Baxcalibur,True,5,269,5,1036,False,none,"no Pokemon in the archetype name (Suicune ex, Baxcalibur) appears in any decks/dustin or decks/brews file or B2e archetype",200,200,47,Probopass ex,A2a 057 / A2a 085 / A2a 094 / A4b 253,attack_self_reduction,True,0,0,0,
Suicune ex Baxcalibur,True,5,269,5,1036,False,none,"no Pokemon in the archetype name (Suicune ex, Baxcalibur) appears in any decks/dustin or decks/brews file or B2e archetype",200,200,47,Cloyster,A3 043 / B1a 093,attack_self_reduction,True,0,0,0,
Suicune ex Baxcalibur,True,5,269,5,1036,False,none,"no Pokemon in the archetype name (Suicune ex, Baxcalibur) appears in any decks/dustin or decks/brews file or B2e archetype",200,200,47,Stakataka,A3a 053 / P-A 080,attack_self_reduction,True,0,0,0,
Suicune ex Baxcalibur,True,5,269,5,1036,False,none,"no Pokemon in the archetype name (Suicune ex, Baxcalibur) appears in any decks/dustin or decks/brews file or B2e archetype",200,200,47,Skarmory ex,A4 124 / A4 194 / A4 209 / A4b 252,attack_self_reduction,True,0,0,0,
Suicune ex Baxcalibur,True,5,269,5,1036,False,none,"no Pokemon in the archetype name (Suicune ex, Baxcalibur) appears in any decks/dustin or decks/brews file or B2e archetype",200,200,47,Avalugg,B1 075,attack_self_reduction,True,0,0,0,
Suicune ex Baxcalibur,True,5,269,5,1036,False,none,"no Pokemon in the archetype name (Suicune ex, Baxcalibur) appears in any decks/dustin or decks/brews file or B2e archetype",200,200,47,Swirlix,B1 117,attack_self_reduction,True,0,0,0,
Suicune ex Baxcalibur,True,5,269,5,1036,False,none,"no Pokemon in the archetype name (Suicune ex, Baxcalibur) appears in any decks/dustin or decks/brews file or B2e archetype",200,200,47,Ferrothorn (A3a 052 Steel Spikes),A3a 052,other,False,0,0,0,
Suicune ex Baxcalibur,True,5,269,5,1036,False,none,"no Pokemon in the archetype name (Suicune ex, Baxcalibur) appears in any decks/dustin or decks/brews file or B2e archetype",200,200,47,Ferrothorn (B1 167 Guard Press),B1 167,attack_self_reduction,True,0,0,0,
Suicune ex Baxcalibur,True,5,269,5,1036,False,none,"no Pokemon in the archetype name (Suicune ex, Baxcalibur) appears in any decks/dustin or decks/brews file or B2e archetype",200,200,47,Porygon,B1a 056 / B3 222,attack_self_reduction,True,0,0,0,
Suicune ex Baxcalibur,True,5,269,5,1036,False,none,"no Pokemon in the archetype name (Suicune ex, Baxcalibur) appears in any decks/dustin or decks/brews file or B2e archetype",200,200,47,Shuckle,B2 003,attack_self_reduction,True,0,0,0,
Suicune ex Baxcalibur,True,5,269,5,1036,False,none,"no Pokemon in the archetype name (Suicune ex, Baxcalibur) appears in any decks/dustin or decks/brews file or B2e archetype",200,200,47,Wigglytuff,B3b 052,attack_self_reduction,True,0,0,0,
Suicune ex Baxcalibur,True,5,269,5,1036,False,none,"no Pokemon in the archetype name (Suicune ex, Baxcalibur) appears in any decks/dustin or decks/brews file or B2e archetype",200,200,47,Frigibax,P-B 037,attack_self_reduction,True,22,28,194,B2a 034:194
Suicune ex Baxcalibur,True,5,269,5,1036,False,none,"no Pokemon in the archetype name (Suicune ex, Baxcalibur) appears in any decks/dustin or decks/brews file or B2e archetype",200,200,47,Golem,A1a 045 / B1 309,attack_self_reduction,True,0,0,0,
Suicune ex Baxcalibur,True,5,269,5,1036,False,none,"no Pokemon in the archetype name (Suicune ex, Baxcalibur) appears in any decks/dustin or decks/brews file or B2e archetype",200,200,47,Pupitar,A4 104,attack_self_reduction,True,0,0,0,
Suicune ex Baxcalibur,True,5,269,5,1036,False,none,"no Pokemon in the archetype name (Suicune ex, Baxcalibur) appears in any decks/dustin or decks/brews file or B2e archetype",200,200,47,Carbink,B1 119,attack_self_reduction,True,0,0,0,
Suicune ex Baxcalibur,True,5,269,5,1036,False,none,"no Pokemon in the archetype name (Suicune ex, Baxcalibur) appears in any decks/dustin or decks/brews file or B2e archetype",200,200,47,Registeel,B3 116,attack_self_reduction,True,0,0,0,
Suicune ex Baxcalibur,True,5,269,5,1036,False,none,"no Pokemon in the archetype name (Suicune ex, Baxcalibur) appears in any decks/dustin or decks/brews file or B2e archetype",200,200,47,Archaludon,B4a 056,attack_self_reduction,True,0,0,0,
Suicune ex Baxcalibur,True,5,269,5,1036,False,none,"no Pokemon in the archetype name (Suicune ex, Baxcalibur) appears in any decks/dustin or decks/brews file or B2e archetype",200,200,47,Cosmoem,A3 086 / A4b 182 / A4b 183,attack_self_reduction,True,0,0,0,
Suicune ex Baxcalibur,True,5,269,5,1036,False,none,"no Pokemon in the archetype name (Suicune ex, Baxcalibur) appears in any decks/dustin or decks/brews file or B2e archetype",200,200,47,Corviknight,B1 175 / B1 246,attack_self_reduction,True,0,0,0,
Suicune ex Baxcalibur,True,5,269,5,1036,False,none,"no Pokemon in the archetype name (Suicune ex, Baxcalibur) appears in any decks/dustin or decks/brews file or B2e archetype",200,200,47,Gouging Fire,B3a 054,attack_self_reduction,True,0,0,0,
Suicune ex Baxcalibur,True,5,269,5,1036,False,none,"no Pokemon in the archetype name (Suicune ex, Baxcalibur) appears in any decks/dustin or decks/brews file or B2e archetype",200,200,47,Mega Steelix ex,B1a 052 / B1a 080 / B1a 086 / B3 232,attack_self_reduction,True,0,0,0,
Suicune ex Baxcalibur,True,5,269,5,1036,False,none,"no Pokemon in the archetype name (Suicune ex, Baxcalibur) appears in any decks/dustin or decks/brews file or B2e archetype",200,200,47,Aegislash,B2 120,attack_self_reduction,True,0,0,0,
Suicune ex Baxcalibur,True,5,269,5,1036,False,none,"no Pokemon in the archetype name (Suicune ex, Baxcalibur) appears in any decks/dustin or decks/brews file or B2e archetype",200,200,47,Cornerstone Mask Ogerpon,B2 093,attack_self_reduction,True,0,0,0,
Suicune ex Baxcalibur,True,5,269,5,1036,False,none,"no Pokemon in the archetype name (Suicune ex, Baxcalibur) appears in any decks/dustin or decks/brews file or B2e archetype",200,200,47,Protective Poncho,B2 147 / B2 234,other,False,0,0,0,
Suicune ex Baxcalibur,True,5,269,5,1036,False,none,"no Pokemon in the archetype name (Suicune ex, Baxcalibur) appears in any decks/dustin or decks/brews file or B2e archetype",200,200,47,Rocky Helmet,A2 148 / A4b 322 / A4b 323,other,False,0,0,0,
Suicune ex Baxcalibur,True,5,269,5,1036,False,none,"no Pokemon in the archetype name (Suicune ex, Baxcalibur) appears in any decks/dustin or decks/brews file or B2e archetype",200,200,47,Turtonator,B1 047,other,False,0,0,0,
Suicune ex Baxcalibur,True,5,269,5,1036,False,none,"no Pokemon in the archetype name (Suicune ex, Baxcalibur) appears in any decks/dustin or decks/brews file or B2e archetype",200,200,47,Togedemaru,A3b 048 / P-A 090,other,False,0,0,0,
Suicune ex Baxcalibur,True,5,269,5,1036,False,none,"no Pokemon in the archetype name (Suicune ex, Baxcalibur) appears in any decks/dustin or decks/brews file or B2e archetype",200,200,47,Alolan Sandslash,A3 039,other,False,0,0,0,
Suicune ex Baxcalibur,True,5,269,5,1036,False,none,"no Pokemon in the archetype name (Suicune ex, Baxcalibur) appears in any decks/dustin or decks/brews file or B2e archetype",200,200,47,Mega Sableye ex,B3b 041 / B3b 081 / B3b 088,other,False,0,0,0,
Suicune ex Baxcalibur,True,5,269,5,1036,False,none,"no Pokemon in the archetype name (Suicune ex, Baxcalibur) appears in any decks/dustin or decks/brews file or B2e archetype",200,200,47,Chesnaught,B2 010,other,False,0,0,0,
Suicune ex Baxcalibur,True,5,269,5,1036,False,none,"no Pokemon in the archetype name (Suicune ex, Baxcalibur) appears in any decks/dustin or decks/brews file or B2e archetype",200,200,47,Poliwrath,A1 061 / B1 297,other,False,0,0,0,
Suicune ex Baxcalibur,True,5,269,5,1036,False,none,"no Pokemon in the archetype name (Suicune ex, Baxcalibur) appears in any decks/dustin or decks/brews file or B2e archetype",200,200,47,Druddigon,A1a 056,other,False,0,0,0,
Suicune ex Baxcalibur,True,5,269,5,1036,False,none,"no Pokemon in the archetype name (Suicune ex, Baxcalibur) appears in any decks/dustin or decks/brews file or B2e archetype",200,200,47,Pawmot,A2b 028 / P-A 054,other,False,0,0,0,
Suicune ex Baxcalibur,True,5,269,5,1036,False,none,"no Pokemon in the archetype name (Suicune ex, Baxcalibur) appears in any decks/dustin or decks/brews file or B2e archetype",200,200,47,Zangoose,A4a 065,other,False,0,0,0,
Suicune ex Baxcalibur,True,5,269,5,1036,False,none,"no Pokemon in the archetype name (Suicune ex, Baxcalibur) appears in any decks/dustin or decks/brews file or B2e archetype",200,200,47,Iron Jugulis,B3a 046,other,False,0,0,0,
Suicune ex Baxcalibur,True,5,269,5,1036,False,none,"no Pokemon in the archetype name (Suicune ex, Baxcalibur) appears in any decks/dustin or decks/brews file or B2e archetype",200,200,47,ANY (at least one card of the set),,,,22,,,
Suicune ex Baxcalibur,True,5,269,5,1036,False,none,"no Pokemon in the archetype name (Suicune ex, Baxcalibur) appears in any decks/dustin or decks/brews file or B2e archetype",200,200,47,ANY switch-1 card (groups 1-3),,,,22,,,
Team Rocket's Weezing ex Hoopa ex,True,6,236,7,767,True,shares_pokemon,conservative: shares a Pokemon with a Dustin file or a B2e archetype: Hoopa ex in decks/dustin/04-absol-hoopa-darkrai.txt (named in the file name); Team Rocket's Weezing ex in decks/dustin/10-xatu-oricorio-tr-weezing.txt (named in the file name); Team Rocket's Weezing ex in decks/brews/brew-04-xatu-slowking.txt; Hoopa ex in decks/brews/brew-07-hoopa-darkrai-sableye.txt (named in the file name); Hoopa ex is in the B2e archetype Hoopa ex Mega Absol ex,152,152,43,Jasmine,A4 160 / A4 200,trainer_turn_effect,True,0,0,0,
Team Rocket's Weezing ex Hoopa ex,True,6,236,7,767,True,shares_pokemon,conservative: shares a Pokemon with a Dustin file or a B2e archetype: Hoopa ex in decks/dustin/04-absol-hoopa-darkrai.txt (named in the file name); Team Rocket's Weezing ex in decks/dustin/10-xatu-oricorio-tr-weezing.txt (named in the file name); Team Rocket's Weezing ex in decks/brews/brew-04-xatu-slowking.txt; Hoopa ex in decks/brews/brew-07-hoopa-darkrai-sableye.txt (named in the file name); Hoopa ex is in the B2e archetype Hoopa ex Mega Absol ex,152,152,43,Cheren,B3 151 / B3 192,trainer_turn_effect,True,0,0,0,
Team Rocket's Weezing ex Hoopa ex,True,6,236,7,767,True,shares_pokemon,conservative: shares a Pokemon with a Dustin file or a B2e archetype: Hoopa ex in decks/dustin/04-absol-hoopa-darkrai.txt (named in the file name); Team Rocket's Weezing ex in decks/dustin/10-xatu-oricorio-tr-weezing.txt (named in the file name); Team Rocket's Weezing ex in decks/brews/brew-04-xatu-slowking.txt; Hoopa ex in decks/brews/brew-07-hoopa-darkrai-sableye.txt (named in the file name); Hoopa ex is in the B2e archetype Hoopa ex Mega Absol ex,152,152,43,Blue,A1a 067 / A1a 081,trainer_turn_effect,True,0,0,0,
Team Rocket's Weezing ex Hoopa ex,True,6,236,7,767,True,shares_pokemon,conservative: shares a Pokemon with a Dustin file or a B2e archetype: Hoopa ex in decks/dustin/04-absol-hoopa-darkrai.txt (named in the file name); Team Rocket's Weezing ex in decks/dustin/10-xatu-oricorio-tr-weezing.txt (named in the file name); Team Rocket's Weezing ex in decks/brews/brew-04-xatu-slowking.txt; Hoopa ex in decks/brews/brew-07-hoopa-darkrai-sableye.txt (named in the file name); Hoopa ex is in the B2e archetype Hoopa ex Mega Absol ex,152,152,43,Beast Wall,A3a 063,trainer_turn_effect,True,0,0,0,
Team Rocket's Weezing ex Hoopa ex,True,6,236,7,767,True,shares_pokemon,conservative: shares a Pokemon with a Dustin file or a B2e archetype: Hoopa ex in decks/dustin/04-absol-hoopa-darkrai.txt (named in the file name); Team Rocket's Weezing ex in decks/dustin/10-xatu-oricorio-tr-weezing.txt (named in the file name); Team Rocket's Weezing ex in decks/brews/brew-04-xatu-slowking.txt; Hoopa ex in decks/brews/brew-07-hoopa-darkrai-sableye.txt (named in the file name); Hoopa ex is in the B2e archetype Hoopa ex Mega Absol ex,152,152,43,Adaman,A2a 075 / A2a 090,trainer_turn_effect,True,0,0,0,
Team Rocket's Weezing ex Hoopa ex,True,6,236,7,767,True,shares_pokemon,conservative: shares a Pokemon with a Dustin file or a B2e archetype: Hoopa ex in decks/dustin/04-absol-hoopa-darkrai.txt (named in the file name); Team Rocket's Weezing ex in decks/dustin/10-xatu-oricorio-tr-weezing.txt (named in the file name); Team Rocket's Weezing ex in decks/brews/brew-04-xatu-slowking.txt; Hoopa ex in decks/brews/brew-07-hoopa-darkrai-sableye.txt (named in the file name); Hoopa ex is in the B2e archetype Hoopa ex Mega Absol ex,152,152,43,Heavy Helmet,B1 219,tool_reduction,True,0,0,0,
Team Rocket's Weezing ex Hoopa ex,True,6,236,7,767,True,shares_pokemon,conservative: shares a Pokemon with a Dustin file or a B2e archetype: Hoopa ex in decks/dustin/04-absol-hoopa-darkrai.txt (named in the file name); Team Rocket's Weezing ex in decks/dustin/10-xatu-oricorio-tr-weezing.txt (named in the file name); Team Rocket's Weezing ex in decks/brews/brew-04-xatu-slowking.txt; Hoopa ex in decks/brews/brew-07-hoopa-darkrai-sableye.txt (named in the file name); Hoopa ex is in the B2e archetype Hoopa ex Mega Absol ex,152,152,43,Steel Apron,A4 153,tool_reduction,True,0,0,0,
Team Rocket's Weezing ex Hoopa ex,True,6,236,7,767,True,shares_pokemon,conservative: shares a Pokemon with a Dustin file or a B2e archetype: Hoopa ex in decks/dustin/04-absol-hoopa-darkrai.txt (named in the file name); Team Rocket's Weezing ex in decks/dustin/10-xatu-oricorio-tr-weezing.txt (named in the file name); Team Rocket's Weezing ex in decks/brews/brew-04-xatu-slowking.txt; Hoopa ex in decks/brews/brew-07-hoopa-darkrai-sableye.txt (named in the file name); Hoopa ex is in the B2e archetype Hoopa ex Mega Absol ex,152,152,43,Metal Core Barrier,B2 148 / B2b 117,tool_reduction,True,0,0,0,
Team Rocket's Weezing ex Hoopa ex,True,6,236,7,767,True,shares_pokemon,conservative: shares a Pokemon with a Dustin file or a B2e archetype: Hoopa ex in decks/dustin/04-absol-hoopa-darkrai.txt (named in the file name); Team Rocket's Weezing ex in decks/dustin/10-xatu-oricorio-tr-weezing.txt (named in the file name); Team Rocket's Weezing ex in decks/brews/brew-04-xatu-slowking.txt; Hoopa ex in decks/brews/brew-07-hoopa-darkrai-sableye.txt (named in the file name); Hoopa ex is in the B2e archetype Hoopa ex Mega Absol ex,152,152,43,Mr. Mime,A1 126,attack_self_reduction,True,0,0,0,
Team Rocket's Weezing ex Hoopa ex,True,6,236,7,767,True,shares_pokemon,conservative: shares a Pokemon with a Dustin file or a B2e archetype: Hoopa ex in decks/dustin/04-absol-hoopa-darkrai.txt (named in the file name); Team Rocket's Weezing ex in decks/dustin/10-xatu-oricorio-tr-weezing.txt (named in the file name); Team Rocket's Weezing ex in decks/brews/brew-04-xatu-slowking.txt; Hoopa ex in decks/brews/brew-07-hoopa-darkrai-sableye.txt (named in the file name); Hoopa ex is in the B2e archetype Hoopa ex Mega Absol ex,152,152,43,Drifloon,A2 073 / A2 165,attack_self_reduction,True,0,0,0,
Team Rocket's Weezing ex Hoopa ex,True,6,236,7,767,True,shares_pokemon,conservative: shares a Pokemon with a Dustin file or a B2e archetype: Hoopa ex in decks/dustin/04-absol-hoopa-darkrai.txt (named in the file name); Team Rocket's Weezing ex in decks/dustin/10-xatu-oricorio-tr-weezing.txt (named in the file name); Team Rocket's Weezing ex in decks/brews/brew-04-xatu-slowking.txt; Hoopa ex in decks/brews/brew-07-hoopa-darkrai-sableye.txt (named in the file name); Hoopa ex is in the B2e archetype Hoopa ex Mega Absol ex,152,152,43,Bronzong,A2 117,attack_self_reduction,True,0,0,0,
Team Rocket's Weezing ex Hoopa ex,True,6,236,7,767,True,shares_pokemon,conservative: shares a Pokemon with a Dustin file or a B2e archetype: Hoopa ex in decks/dustin/04-absol-hoopa-darkrai.txt (named in the file name); Team Rocket's Weezing ex in decks/dustin/10-xatu-oricorio-tr-weezing.txt (named in the file name); Team Rocket's Weezing ex in decks/brews/brew-04-xatu-slowking.txt; Hoopa ex in decks/brews/brew-07-hoopa-darkrai-sableye.txt (named in the file name); Hoopa ex is in the B2e archetype Hoopa ex Mega Absol ex,152,152,43,Probopass ex,A2a 057 / A2a 085 / A2a 094 / A4b 253,attack_self_reduction,True,0,0,0,
Team Rocket's Weezing ex Hoopa ex,True,6,236,7,767,True,shares_pokemon,conservative: shares a Pokemon with a Dustin file or a B2e archetype: Hoopa ex in decks/dustin/04-absol-hoopa-darkrai.txt (named in the file name); Team Rocket's Weezing ex in decks/dustin/10-xatu-oricorio-tr-weezing.txt (named in the file name); Team Rocket's Weezing ex in decks/brews/brew-04-xatu-slowking.txt; Hoopa ex in decks/brews/brew-07-hoopa-darkrai-sableye.txt (named in the file name); Hoopa ex is in the B2e archetype Hoopa ex Mega Absol ex,152,152,43,Cloyster,A3 043 / B1a 093,attack_self_reduction,True,0,0,0,
Team Rocket's Weezing ex Hoopa ex,True,6,236,7,767,True,shares_pokemon,conservative: shares a Pokemon with a Dustin file or a B2e archetype: Hoopa ex in decks/dustin/04-absol-hoopa-darkrai.txt (named in the file name); Team Rocket's Weezing ex in decks/dustin/10-xatu-oricorio-tr-weezing.txt (named in the file name); Team Rocket's Weezing ex in decks/brews/brew-04-xatu-slowking.txt; Hoopa ex in decks/brews/brew-07-hoopa-darkrai-sableye.txt (named in the file name); Hoopa ex is in the B2e archetype Hoopa ex Mega Absol ex,152,152,43,Stakataka,A3a 053 / P-A 080,attack_self_reduction,True,0,0,0,
Team Rocket's Weezing ex Hoopa ex,True,6,236,7,767,True,shares_pokemon,conservative: shares a Pokemon with a Dustin file or a B2e archetype: Hoopa ex in decks/dustin/04-absol-hoopa-darkrai.txt (named in the file name); Team Rocket's Weezing ex in decks/dustin/10-xatu-oricorio-tr-weezing.txt (named in the file name); Team Rocket's Weezing ex in decks/brews/brew-04-xatu-slowking.txt; Hoopa ex in decks/brews/brew-07-hoopa-darkrai-sableye.txt (named in the file name); Hoopa ex is in the B2e archetype Hoopa ex Mega Absol ex,152,152,43,Skarmory ex,A4 124 / A4 194 / A4 209 / A4b 252,attack_self_reduction,True,0,0,0,
Team Rocket's Weezing ex Hoopa ex,True,6,236,7,767,True,shares_pokemon,conservative: shares a Pokemon with a Dustin file or a B2e archetype: Hoopa ex in decks/dustin/04-absol-hoopa-darkrai.txt (named in the file name); Team Rocket's Weezing ex in decks/dustin/10-xatu-oricorio-tr-weezing.txt (named in the file name); Team Rocket's Weezing ex in decks/brews/brew-04-xatu-slowking.txt; Hoopa ex in decks/brews/brew-07-hoopa-darkrai-sableye.txt (named in the file name); Hoopa ex is in the B2e archetype Hoopa ex Mega Absol ex,152,152,43,Avalugg,B1 075,attack_self_reduction,True,0,0,0,
Team Rocket's Weezing ex Hoopa ex,True,6,236,7,767,True,shares_pokemon,conservative: shares a Pokemon with a Dustin file or a B2e archetype: Hoopa ex in decks/dustin/04-absol-hoopa-darkrai.txt (named in the file name); Team Rocket's Weezing ex in decks/dustin/10-xatu-oricorio-tr-weezing.txt (named in the file name); Team Rocket's Weezing ex in decks/brews/brew-04-xatu-slowking.txt; Hoopa ex in decks/brews/brew-07-hoopa-darkrai-sableye.txt (named in the file name); Hoopa ex is in the B2e archetype Hoopa ex Mega Absol ex,152,152,43,Swirlix,B1 117,attack_self_reduction,True,0,0,0,
Team Rocket's Weezing ex Hoopa ex,True,6,236,7,767,True,shares_pokemon,conservative: shares a Pokemon with a Dustin file or a B2e archetype: Hoopa ex in decks/dustin/04-absol-hoopa-darkrai.txt (named in the file name); Team Rocket's Weezing ex in decks/dustin/10-xatu-oricorio-tr-weezing.txt (named in the file name); Team Rocket's Weezing ex in decks/brews/brew-04-xatu-slowking.txt; Hoopa ex in decks/brews/brew-07-hoopa-darkrai-sableye.txt (named in the file name); Hoopa ex is in the B2e archetype Hoopa ex Mega Absol ex,152,152,43,Ferrothorn (A3a 052 Steel Spikes),A3a 052,other,False,0,0,0,
Team Rocket's Weezing ex Hoopa ex,True,6,236,7,767,True,shares_pokemon,conservative: shares a Pokemon with a Dustin file or a B2e archetype: Hoopa ex in decks/dustin/04-absol-hoopa-darkrai.txt (named in the file name); Team Rocket's Weezing ex in decks/dustin/10-xatu-oricorio-tr-weezing.txt (named in the file name); Team Rocket's Weezing ex in decks/brews/brew-04-xatu-slowking.txt; Hoopa ex in decks/brews/brew-07-hoopa-darkrai-sableye.txt (named in the file name); Hoopa ex is in the B2e archetype Hoopa ex Mega Absol ex,152,152,43,Ferrothorn (B1 167 Guard Press),B1 167,attack_self_reduction,True,0,0,0,
Team Rocket's Weezing ex Hoopa ex,True,6,236,7,767,True,shares_pokemon,conservative: shares a Pokemon with a Dustin file or a B2e archetype: Hoopa ex in decks/dustin/04-absol-hoopa-darkrai.txt (named in the file name); Team Rocket's Weezing ex in decks/dustin/10-xatu-oricorio-tr-weezing.txt (named in the file name); Team Rocket's Weezing ex in decks/brews/brew-04-xatu-slowking.txt; Hoopa ex in decks/brews/brew-07-hoopa-darkrai-sableye.txt (named in the file name); Hoopa ex is in the B2e archetype Hoopa ex Mega Absol ex,152,152,43,Porygon,B1a 056 / B3 222,attack_self_reduction,True,0,0,0,
Team Rocket's Weezing ex Hoopa ex,True,6,236,7,767,True,shares_pokemon,conservative: shares a Pokemon with a Dustin file or a B2e archetype: Hoopa ex in decks/dustin/04-absol-hoopa-darkrai.txt (named in the file name); Team Rocket's Weezing ex in decks/dustin/10-xatu-oricorio-tr-weezing.txt (named in the file name); Team Rocket's Weezing ex in decks/brews/brew-04-xatu-slowking.txt; Hoopa ex in decks/brews/brew-07-hoopa-darkrai-sableye.txt (named in the file name); Hoopa ex is in the B2e archetype Hoopa ex Mega Absol ex,152,152,43,Shuckle,B2 003,attack_self_reduction,True,0,0,0,
Team Rocket's Weezing ex Hoopa ex,True,6,236,7,767,True,shares_pokemon,conservative: shares a Pokemon with a Dustin file or a B2e archetype: Hoopa ex in decks/dustin/04-absol-hoopa-darkrai.txt (named in the file name); Team Rocket's Weezing ex in decks/dustin/10-xatu-oricorio-tr-weezing.txt (named in the file name); Team Rocket's Weezing ex in decks/brews/brew-04-xatu-slowking.txt; Hoopa ex in decks/brews/brew-07-hoopa-darkrai-sableye.txt (named in the file name); Hoopa ex is in the B2e archetype Hoopa ex Mega Absol ex,152,152,43,Wigglytuff,B3b 052,attack_self_reduction,True,0,0,0,
Team Rocket's Weezing ex Hoopa ex,True,6,236,7,767,True,shares_pokemon,conservative: shares a Pokemon with a Dustin file or a B2e archetype: Hoopa ex in decks/dustin/04-absol-hoopa-darkrai.txt (named in the file name); Team Rocket's Weezing ex in decks/dustin/10-xatu-oricorio-tr-weezing.txt (named in the file name); Team Rocket's Weezing ex in decks/brews/brew-04-xatu-slowking.txt; Hoopa ex in decks/brews/brew-07-hoopa-darkrai-sableye.txt (named in the file name); Hoopa ex is in the B2e archetype Hoopa ex Mega Absol ex,152,152,43,Frigibax,P-B 037,attack_self_reduction,True,0,0,0,
Team Rocket's Weezing ex Hoopa ex,True,6,236,7,767,True,shares_pokemon,conservative: shares a Pokemon with a Dustin file or a B2e archetype: Hoopa ex in decks/dustin/04-absol-hoopa-darkrai.txt (named in the file name); Team Rocket's Weezing ex in decks/dustin/10-xatu-oricorio-tr-weezing.txt (named in the file name); Team Rocket's Weezing ex in decks/brews/brew-04-xatu-slowking.txt; Hoopa ex in decks/brews/brew-07-hoopa-darkrai-sableye.txt (named in the file name); Hoopa ex is in the B2e archetype Hoopa ex Mega Absol ex,152,152,43,Golem,A1a 045 / B1 309,attack_self_reduction,True,0,0,0,
Team Rocket's Weezing ex Hoopa ex,True,6,236,7,767,True,shares_pokemon,conservative: shares a Pokemon with a Dustin file or a B2e archetype: Hoopa ex in decks/dustin/04-absol-hoopa-darkrai.txt (named in the file name); Team Rocket's Weezing ex in decks/dustin/10-xatu-oricorio-tr-weezing.txt (named in the file name); Team Rocket's Weezing ex in decks/brews/brew-04-xatu-slowking.txt; Hoopa ex in decks/brews/brew-07-hoopa-darkrai-sableye.txt (named in the file name); Hoopa ex is in the B2e archetype Hoopa ex Mega Absol ex,152,152,43,Pupitar,A4 104,attack_self_reduction,True,0,0,0,
Team Rocket's Weezing ex Hoopa ex,True,6,236,7,767,True,shares_pokemon,conservative: shares a Pokemon with a Dustin file or a B2e archetype: Hoopa ex in decks/dustin/04-absol-hoopa-darkrai.txt (named in the file name); Team Rocket's Weezing ex in decks/dustin/10-xatu-oricorio-tr-weezing.txt (named in the file name); Team Rocket's Weezing ex in decks/brews/brew-04-xatu-slowking.txt; Hoopa ex in decks/brews/brew-07-hoopa-darkrai-sableye.txt (named in the file name); Hoopa ex is in the B2e archetype Hoopa ex Mega Absol ex,152,152,43,Carbink,B1 119,attack_self_reduction,True,0,0,0,
Team Rocket's Weezing ex Hoopa ex,True,6,236,7,767,True,shares_pokemon,conservative: shares a Pokemon with a Dustin file or a B2e archetype: Hoopa ex in decks/dustin/04-absol-hoopa-darkrai.txt (named in the file name); Team Rocket's Weezing ex in decks/dustin/10-xatu-oricorio-tr-weezing.txt (named in the file name); Team Rocket's Weezing ex in decks/brews/brew-04-xatu-slowking.txt; Hoopa ex in decks/brews/brew-07-hoopa-darkrai-sableye.txt (named in the file name); Hoopa ex is in the B2e archetype Hoopa ex Mega Absol ex,152,152,43,Registeel,B3 116,attack_self_reduction,True,0,0,0,
Team Rocket's Weezing ex Hoopa ex,True,6,236,7,767,True,shares_pokemon,conservative: shares a Pokemon with a Dustin file or a B2e archetype: Hoopa ex in decks/dustin/04-absol-hoopa-darkrai.txt (named in the file name); Team Rocket's Weezing ex in decks/dustin/10-xatu-oricorio-tr-weezing.txt (named in the file name); Team Rocket's Weezing ex in decks/brews/brew-04-xatu-slowking.txt; Hoopa ex in decks/brews/brew-07-hoopa-darkrai-sableye.txt (named in the file name); Hoopa ex is in the B2e archetype Hoopa ex Mega Absol ex,152,152,43,Archaludon,B4a 056,attack_self_reduction,True,0,0,0,
Team Rocket's Weezing ex Hoopa ex,True,6,236,7,767,True,shares_pokemon,conservative: shares a Pokemon with a Dustin file or a B2e archetype: Hoopa ex in decks/dustin/04-absol-hoopa-darkrai.txt (named in the file name); Team Rocket's Weezing ex in decks/dustin/10-xatu-oricorio-tr-weezing.txt (named in the file name); Team Rocket's Weezing ex in decks/brews/brew-04-xatu-slowking.txt; Hoopa ex in decks/brews/brew-07-hoopa-darkrai-sableye.txt (named in the file name); Hoopa ex is in the B2e archetype Hoopa ex Mega Absol ex,152,152,43,Cosmoem,A3 086 / A4b 182 / A4b 183,attack_self_reduction,True,0,0,0,
Team Rocket's Weezing ex Hoopa ex,True,6,236,7,767,True,shares_pokemon,conservative: shares a Pokemon with a Dustin file or a B2e archetype: Hoopa ex in decks/dustin/04-absol-hoopa-darkrai.txt (named in the file name); Team Rocket's Weezing ex in decks/dustin/10-xatu-oricorio-tr-weezing.txt (named in the file name); Team Rocket's Weezing ex in decks/brews/brew-04-xatu-slowking.txt; Hoopa ex in decks/brews/brew-07-hoopa-darkrai-sableye.txt (named in the file name); Hoopa ex is in the B2e archetype Hoopa ex Mega Absol ex,152,152,43,Corviknight,B1 175 / B1 246,attack_self_reduction,True,0,0,0,
Team Rocket's Weezing ex Hoopa ex,True,6,236,7,767,True,shares_pokemon,conservative: shares a Pokemon with a Dustin file or a B2e archetype: Hoopa ex in decks/dustin/04-absol-hoopa-darkrai.txt (named in the file name); Team Rocket's Weezing ex in decks/dustin/10-xatu-oricorio-tr-weezing.txt (named in the file name); Team Rocket's Weezing ex in decks/brews/brew-04-xatu-slowking.txt; Hoopa ex in decks/brews/brew-07-hoopa-darkrai-sableye.txt (named in the file name); Hoopa ex is in the B2e archetype Hoopa ex Mega Absol ex,152,152,43,Gouging Fire,B3a 054,attack_self_reduction,True,0,0,0,
Team Rocket's Weezing ex Hoopa ex,True,6,236,7,767,True,shares_pokemon,conservative: shares a Pokemon with a Dustin file or a B2e archetype: Hoopa ex in decks/dustin/04-absol-hoopa-darkrai.txt (named in the file name); Team Rocket's Weezing ex in decks/dustin/10-xatu-oricorio-tr-weezing.txt (named in the file name); Team Rocket's Weezing ex in decks/brews/brew-04-xatu-slowking.txt; Hoopa ex in decks/brews/brew-07-hoopa-darkrai-sableye.txt (named in the file name); Hoopa ex is in the B2e archetype Hoopa ex Mega Absol ex,152,152,43,Mega Steelix ex,B1a 052 / B1a 080 / B1a 086 / B3 232,attack_self_reduction,True,0,0,0,
Team Rocket's Weezing ex Hoopa ex,True,6,236,7,767,True,shares_pokemon,conservative: shares a Pokemon with a Dustin file or a B2e archetype: Hoopa ex in decks/dustin/04-absol-hoopa-darkrai.txt (named in the file name); Team Rocket's Weezing ex in decks/dustin/10-xatu-oricorio-tr-weezing.txt (named in the file name); Team Rocket's Weezing ex in decks/brews/brew-04-xatu-slowking.txt; Hoopa ex in decks/brews/brew-07-hoopa-darkrai-sableye.txt (named in the file name); Hoopa ex is in the B2e archetype Hoopa ex Mega Absol ex,152,152,43,Aegislash,B2 120,attack_self_reduction,True,0,0,0,
Team Rocket's Weezing ex Hoopa ex,True,6,236,7,767,True,shares_pokemon,conservative: shares a Pokemon with a Dustin file or a B2e archetype: Hoopa ex in decks/dustin/04-absol-hoopa-darkrai.txt (named in the file name); Team Rocket's Weezing ex in decks/dustin/10-xatu-oricorio-tr-weezing.txt (named in the file name); Team Rocket's Weezing ex in decks/brews/brew-04-xatu-slowking.txt; Hoopa ex in decks/brews/brew-07-hoopa-darkrai-sableye.txt (named in the file name); Hoopa ex is in the B2e archetype Hoopa ex Mega Absol ex,152,152,43,Cornerstone Mask Ogerpon,B2 093,attack_self_reduction,True,0,0,0,
Team Rocket's Weezing ex Hoopa ex,True,6,236,7,767,True,shares_pokemon,conservative: shares a Pokemon with a Dustin file or a B2e archetype: Hoopa ex in decks/dustin/04-absol-hoopa-darkrai.txt (named in the file name); Team Rocket's Weezing ex in decks/dustin/10-xatu-oricorio-tr-weezing.txt (named in the file name); Team Rocket's Weezing ex in decks/brews/brew-04-xatu-slowking.txt; Hoopa ex in decks/brews/brew-07-hoopa-darkrai-sableye.txt (named in the file name); Hoopa ex is in the B2e archetype Hoopa ex Mega Absol ex,152,152,43,Protective Poncho,B2 147 / B2 234,other,False,0,0,0,
Team Rocket's Weezing ex Hoopa ex,True,6,236,7,767,True,shares_pokemon,conservative: shares a Pokemon with a Dustin file or a B2e archetype: Hoopa ex in decks/dustin/04-absol-hoopa-darkrai.txt (named in the file name); Team Rocket's Weezing ex in decks/dustin/10-xatu-oricorio-tr-weezing.txt (named in the file name); Team Rocket's Weezing ex in decks/brews/brew-04-xatu-slowking.txt; Hoopa ex in decks/brews/brew-07-hoopa-darkrai-sableye.txt (named in the file name); Hoopa ex is in the B2e archetype Hoopa ex Mega Absol ex,152,152,43,Rocky Helmet,A2 148 / A4b 322 / A4b 323,other,False,0,0,0,
Team Rocket's Weezing ex Hoopa ex,True,6,236,7,767,True,shares_pokemon,conservative: shares a Pokemon with a Dustin file or a B2e archetype: Hoopa ex in decks/dustin/04-absol-hoopa-darkrai.txt (named in the file name); Team Rocket's Weezing ex in decks/dustin/10-xatu-oricorio-tr-weezing.txt (named in the file name); Team Rocket's Weezing ex in decks/brews/brew-04-xatu-slowking.txt; Hoopa ex in decks/brews/brew-07-hoopa-darkrai-sableye.txt (named in the file name); Hoopa ex is in the B2e archetype Hoopa ex Mega Absol ex,152,152,43,Turtonator,B1 047,other,False,0,0,0,
Team Rocket's Weezing ex Hoopa ex,True,6,236,7,767,True,shares_pokemon,conservative: shares a Pokemon with a Dustin file or a B2e archetype: Hoopa ex in decks/dustin/04-absol-hoopa-darkrai.txt (named in the file name); Team Rocket's Weezing ex in decks/dustin/10-xatu-oricorio-tr-weezing.txt (named in the file name); Team Rocket's Weezing ex in decks/brews/brew-04-xatu-slowking.txt; Hoopa ex in decks/brews/brew-07-hoopa-darkrai-sableye.txt (named in the file name); Hoopa ex is in the B2e archetype Hoopa ex Mega Absol ex,152,152,43,Togedemaru,A3b 048 / P-A 090,other,False,0,0,0,
Team Rocket's Weezing ex Hoopa ex,True,6,236,7,767,True,shares_pokemon,conservative: shares a Pokemon with a Dustin file or a B2e archetype: Hoopa ex in decks/dustin/04-absol-hoopa-darkrai.txt (named in the file name); Team Rocket's Weezing ex in decks/dustin/10-xatu-oricorio-tr-weezing.txt (named in the file name); Team Rocket's Weezing ex in decks/brews/brew-04-xatu-slowking.txt; Hoopa ex in decks/brews/brew-07-hoopa-darkrai-sableye.txt (named in the file name); Hoopa ex is in the B2e archetype Hoopa ex Mega Absol ex,152,152,43,Alolan Sandslash,A3 039,other,False,0,0,0,
Team Rocket's Weezing ex Hoopa ex,True,6,236,7,767,True,shares_pokemon,conservative: shares a Pokemon with a Dustin file or a B2e archetype: Hoopa ex in decks/dustin/04-absol-hoopa-darkrai.txt (named in the file name); Team Rocket's Weezing ex in decks/dustin/10-xatu-oricorio-tr-weezing.txt (named in the file name); Team Rocket's Weezing ex in decks/brews/brew-04-xatu-slowking.txt; Hoopa ex in decks/brews/brew-07-hoopa-darkrai-sableye.txt (named in the file name); Hoopa ex is in the B2e archetype Hoopa ex Mega Absol ex,152,152,43,Mega Sableye ex,B3b 041 / B3b 081 / B3b 088,other,False,35,35,0,
Team Rocket's Weezing ex Hoopa ex,True,6,236,7,767,True,shares_pokemon,conservative: shares a Pokemon with a Dustin file or a B2e archetype: Hoopa ex in decks/dustin/04-absol-hoopa-darkrai.txt (named in the file name); Team Rocket's Weezing ex in decks/dustin/10-xatu-oricorio-tr-weezing.txt (named in the file name); Team Rocket's Weezing ex in decks/brews/brew-04-xatu-slowking.txt; Hoopa ex in decks/brews/brew-07-hoopa-darkrai-sableye.txt (named in the file name); Hoopa ex is in the B2e archetype Hoopa ex Mega Absol ex,152,152,43,Chesnaught,B2 010,other,False,0,0,0,
Team Rocket's Weezing ex Hoopa ex,True,6,236,7,767,True,shares_pokemon,conservative: shares a Pokemon with a Dustin file or a B2e archetype: Hoopa ex in decks/dustin/04-absol-hoopa-darkrai.txt (named in the file name); Team Rocket's Weezing ex in decks/dustin/10-xatu-oricorio-tr-weezing.txt (named in the file name); Team Rocket's Weezing ex in decks/brews/brew-04-xatu-slowking.txt; Hoopa ex in decks/brews/brew-07-hoopa-darkrai-sableye.txt (named in the file name); Hoopa ex is in the B2e archetype Hoopa ex Mega Absol ex,152,152,43,Poliwrath,A1 061 / B1 297,other,False,0,0,0,
Team Rocket's Weezing ex Hoopa ex,True,6,236,7,767,True,shares_pokemon,conservative: shares a Pokemon with a Dustin file or a B2e archetype: Hoopa ex in decks/dustin/04-absol-hoopa-darkrai.txt (named in the file name); Team Rocket's Weezing ex in decks/dustin/10-xatu-oricorio-tr-weezing.txt (named in the file name); Team Rocket's Weezing ex in decks/brews/brew-04-xatu-slowking.txt; Hoopa ex in decks/brews/brew-07-hoopa-darkrai-sableye.txt (named in the file name); Hoopa ex is in the B2e archetype Hoopa ex Mega Absol ex,152,152,43,Druddigon,A1a 056,other,False,0,0,0,
Team Rocket's Weezing ex Hoopa ex,True,6,236,7,767,True,shares_pokemon,conservative: shares a Pokemon with a Dustin file or a B2e archetype: Hoopa ex in decks/dustin/04-absol-hoopa-darkrai.txt (named in the file name); Team Rocket's Weezing ex in decks/dustin/10-xatu-oricorio-tr-weezing.txt (named in the file name); Team Rocket's Weezing ex in decks/brews/brew-04-xatu-slowking.txt; Hoopa ex in decks/brews/brew-07-hoopa-darkrai-sableye.txt (named in the file name); Hoopa ex is in the B2e archetype Hoopa ex Mega Absol ex,152,152,43,Pawmot,A2b 028 / P-A 054,other,False,0,0,0,
Team Rocket's Weezing ex Hoopa ex,True,6,236,7,767,True,shares_pokemon,conservative: shares a Pokemon with a Dustin file or a B2e archetype: Hoopa ex in decks/dustin/04-absol-hoopa-darkrai.txt (named in the file name); Team Rocket's Weezing ex in decks/dustin/10-xatu-oricorio-tr-weezing.txt (named in the file name); Team Rocket's Weezing ex in decks/brews/brew-04-xatu-slowking.txt; Hoopa ex in decks/brews/brew-07-hoopa-darkrai-sableye.txt (named in the file name); Hoopa ex is in the B2e archetype Hoopa ex Mega Absol ex,152,152,43,Zangoose,A4a 065,other,False,0,0,0,
Team Rocket's Weezing ex Hoopa ex,True,6,236,7,767,True,shares_pokemon,conservative: shares a Pokemon with a Dustin file or a B2e archetype: Hoopa ex in decks/dustin/04-absol-hoopa-darkrai.txt (named in the file name); Team Rocket's Weezing ex in decks/dustin/10-xatu-oricorio-tr-weezing.txt (named in the file name); Team Rocket's Weezing ex in decks/brews/brew-04-xatu-slowking.txt; Hoopa ex in decks/brews/brew-07-hoopa-darkrai-sableye.txt (named in the file name); Hoopa ex is in the B2e archetype Hoopa ex Mega Absol ex,152,152,43,Iron Jugulis,B3a 046,other,False,0,0,0,
Team Rocket's Weezing ex Hoopa ex,True,6,236,7,767,True,shares_pokemon,conservative: shares a Pokemon with a Dustin file or a B2e archetype: Hoopa ex in decks/dustin/04-absol-hoopa-darkrai.txt (named in the file name); Team Rocket's Weezing ex in decks/dustin/10-xatu-oricorio-tr-weezing.txt (named in the file name); Team Rocket's Weezing ex in decks/brews/brew-04-xatu-slowking.txt; Hoopa ex in decks/brews/brew-07-hoopa-darkrai-sableye.txt (named in the file name); Hoopa ex is in the B2e archetype Hoopa ex Mega Absol ex,152,152,43,ANY (at least one card of the set),,,,35,,,
Team Rocket's Weezing ex Hoopa ex,True,6,236,7,767,True,shares_pokemon,conservative: shares a Pokemon with a Dustin file or a B2e archetype: Hoopa ex in decks/dustin/04-absol-hoopa-darkrai.txt (named in the file name); Team Rocket's Weezing ex in decks/dustin/10-xatu-oricorio-tr-weezing.txt (named in the file name); Team Rocket's Weezing ex in decks/brews/brew-04-xatu-slowking.txt; Hoopa ex in decks/brews/brew-07-hoopa-darkrai-sableye.txt (named in the file name); Hoopa ex is in the B2e archetype Hoopa ex Mega Absol ex,152,152,43,ANY switch-1 card (groups 1-3),,,,0,,,
Mega Blaziken ex,True,7,208,14,557,True,all_in_one_file,every Pokemon in the archetype name (Mega Blaziken ex) is in decks/dustin/06-mega-blaziken-tournament-list.txt,108,108,38,Jasmine,A4 160 / A4 200,trainer_turn_effect,True,0,0,0,
Mega Blaziken ex,True,7,208,14,557,True,all_in_one_file,every Pokemon in the archetype name (Mega Blaziken ex) is in decks/dustin/06-mega-blaziken-tournament-list.txt,108,108,38,Cheren,B3 151 / B3 192,trainer_turn_effect,True,0,0,0,
Mega Blaziken ex,True,7,208,14,557,True,all_in_one_file,every Pokemon in the archetype name (Mega Blaziken ex) is in decks/dustin/06-mega-blaziken-tournament-list.txt,108,108,38,Blue,A1a 067 / A1a 081,trainer_turn_effect,True,0,0,0,
Mega Blaziken ex,True,7,208,14,557,True,all_in_one_file,every Pokemon in the archetype name (Mega Blaziken ex) is in decks/dustin/06-mega-blaziken-tournament-list.txt,108,108,38,Beast Wall,A3a 063,trainer_turn_effect,True,0,0,0,
Mega Blaziken ex,True,7,208,14,557,True,all_in_one_file,every Pokemon in the archetype name (Mega Blaziken ex) is in decks/dustin/06-mega-blaziken-tournament-list.txt,108,108,38,Adaman,A2a 075 / A2a 090,trainer_turn_effect,True,0,0,0,
Mega Blaziken ex,True,7,208,14,557,True,all_in_one_file,every Pokemon in the archetype name (Mega Blaziken ex) is in decks/dustin/06-mega-blaziken-tournament-list.txt,108,108,38,Heavy Helmet,B1 219,tool_reduction,True,0,0,0,
Mega Blaziken ex,True,7,208,14,557,True,all_in_one_file,every Pokemon in the archetype name (Mega Blaziken ex) is in decks/dustin/06-mega-blaziken-tournament-list.txt,108,108,38,Steel Apron,A4 153,tool_reduction,True,0,0,0,
Mega Blaziken ex,True,7,208,14,557,True,all_in_one_file,every Pokemon in the archetype name (Mega Blaziken ex) is in decks/dustin/06-mega-blaziken-tournament-list.txt,108,108,38,Metal Core Barrier,B2 148 / B2b 117,tool_reduction,True,0,0,0,
Mega Blaziken ex,True,7,208,14,557,True,all_in_one_file,every Pokemon in the archetype name (Mega Blaziken ex) is in decks/dustin/06-mega-blaziken-tournament-list.txt,108,108,38,Mr. Mime,A1 126,attack_self_reduction,True,0,0,0,
Mega Blaziken ex,True,7,208,14,557,True,all_in_one_file,every Pokemon in the archetype name (Mega Blaziken ex) is in decks/dustin/06-mega-blaziken-tournament-list.txt,108,108,38,Drifloon,A2 073 / A2 165,attack_self_reduction,True,0,0,0,
Mega Blaziken ex,True,7,208,14,557,True,all_in_one_file,every Pokemon in the archetype name (Mega Blaziken ex) is in decks/dustin/06-mega-blaziken-tournament-list.txt,108,108,38,Bronzong,A2 117,attack_self_reduction,True,0,0,0,
Mega Blaziken ex,True,7,208,14,557,True,all_in_one_file,every Pokemon in the archetype name (Mega Blaziken ex) is in decks/dustin/06-mega-blaziken-tournament-list.txt,108,108,38,Probopass ex,A2a 057 / A2a 085 / A2a 094 / A4b 253,attack_self_reduction,True,0,0,0,
Mega Blaziken ex,True,7,208,14,557,True,all_in_one_file,every Pokemon in the archetype name (Mega Blaziken ex) is in decks/dustin/06-mega-blaziken-tournament-list.txt,108,108,38,Cloyster,A3 043 / B1a 093,attack_self_reduction,True,0,0,0,
Mega Blaziken ex,True,7,208,14,557,True,all_in_one_file,every Pokemon in the archetype name (Mega Blaziken ex) is in decks/dustin/06-mega-blaziken-tournament-list.txt,108,108,38,Stakataka,A3a 053 / P-A 080,attack_self_reduction,True,0,0,0,
Mega Blaziken ex,True,7,208,14,557,True,all_in_one_file,every Pokemon in the archetype name (Mega Blaziken ex) is in decks/dustin/06-mega-blaziken-tournament-list.txt,108,108,38,Skarmory ex,A4 124 / A4 194 / A4 209 / A4b 252,attack_self_reduction,True,0,0,0,
Mega Blaziken ex,True,7,208,14,557,True,all_in_one_file,every Pokemon in the archetype name (Mega Blaziken ex) is in decks/dustin/06-mega-blaziken-tournament-list.txt,108,108,38,Avalugg,B1 075,attack_self_reduction,True,0,0,0,
Mega Blaziken ex,True,7,208,14,557,True,all_in_one_file,every Pokemon in the archetype name (Mega Blaziken ex) is in decks/dustin/06-mega-blaziken-tournament-list.txt,108,108,38,Swirlix,B1 117,attack_self_reduction,True,0,0,0,
Mega Blaziken ex,True,7,208,14,557,True,all_in_one_file,every Pokemon in the archetype name (Mega Blaziken ex) is in decks/dustin/06-mega-blaziken-tournament-list.txt,108,108,38,Ferrothorn (A3a 052 Steel Spikes),A3a 052,other,False,0,0,0,
Mega Blaziken ex,True,7,208,14,557,True,all_in_one_file,every Pokemon in the archetype name (Mega Blaziken ex) is in decks/dustin/06-mega-blaziken-tournament-list.txt,108,108,38,Ferrothorn (B1 167 Guard Press),B1 167,attack_self_reduction,True,0,0,0,
Mega Blaziken ex,True,7,208,14,557,True,all_in_one_file,every Pokemon in the archetype name (Mega Blaziken ex) is in decks/dustin/06-mega-blaziken-tournament-list.txt,108,108,38,Porygon,B1a 056 / B3 222,attack_self_reduction,True,0,0,0,
Mega Blaziken ex,True,7,208,14,557,True,all_in_one_file,every Pokemon in the archetype name (Mega Blaziken ex) is in decks/dustin/06-mega-blaziken-tournament-list.txt,108,108,38,Shuckle,B2 003,attack_self_reduction,True,0,0,0,
Mega Blaziken ex,True,7,208,14,557,True,all_in_one_file,every Pokemon in the archetype name (Mega Blaziken ex) is in decks/dustin/06-mega-blaziken-tournament-list.txt,108,108,38,Wigglytuff,B3b 052,attack_self_reduction,True,0,0,0,
Mega Blaziken ex,True,7,208,14,557,True,all_in_one_file,every Pokemon in the archetype name (Mega Blaziken ex) is in decks/dustin/06-mega-blaziken-tournament-list.txt,108,108,38,Frigibax,P-B 037,attack_self_reduction,True,0,0,0,
Mega Blaziken ex,True,7,208,14,557,True,all_in_one_file,every Pokemon in the archetype name (Mega Blaziken ex) is in decks/dustin/06-mega-blaziken-tournament-list.txt,108,108,38,Golem,A1a 045 / B1 309,attack_self_reduction,True,0,0,0,
Mega Blaziken ex,True,7,208,14,557,True,all_in_one_file,every Pokemon in the archetype name (Mega Blaziken ex) is in decks/dustin/06-mega-blaziken-tournament-list.txt,108,108,38,Pupitar,A4 104,attack_self_reduction,True,0,0,0,
Mega Blaziken ex,True,7,208,14,557,True,all_in_one_file,every Pokemon in the archetype name (Mega Blaziken ex) is in decks/dustin/06-mega-blaziken-tournament-list.txt,108,108,38,Carbink,B1 119,attack_self_reduction,True,0,0,0,
Mega Blaziken ex,True,7,208,14,557,True,all_in_one_file,every Pokemon in the archetype name (Mega Blaziken ex) is in decks/dustin/06-mega-blaziken-tournament-list.txt,108,108,38,Registeel,B3 116,attack_self_reduction,True,0,0,0,
Mega Blaziken ex,True,7,208,14,557,True,all_in_one_file,every Pokemon in the archetype name (Mega Blaziken ex) is in decks/dustin/06-mega-blaziken-tournament-list.txt,108,108,38,Archaludon,B4a 056,attack_self_reduction,True,0,0,0,
Mega Blaziken ex,True,7,208,14,557,True,all_in_one_file,every Pokemon in the archetype name (Mega Blaziken ex) is in decks/dustin/06-mega-blaziken-tournament-list.txt,108,108,38,Cosmoem,A3 086 / A4b 182 / A4b 183,attack_self_reduction,True,0,0,0,
Mega Blaziken ex,True,7,208,14,557,True,all_in_one_file,every Pokemon in the archetype name (Mega Blaziken ex) is in decks/dustin/06-mega-blaziken-tournament-list.txt,108,108,38,Corviknight,B1 175 / B1 246,attack_self_reduction,True,0,0,0,
Mega Blaziken ex,True,7,208,14,557,True,all_in_one_file,every Pokemon in the archetype name (Mega Blaziken ex) is in decks/dustin/06-mega-blaziken-tournament-list.txt,108,108,38,Gouging Fire,B3a 054,attack_self_reduction,True,0,0,0,
Mega Blaziken ex,True,7,208,14,557,True,all_in_one_file,every Pokemon in the archetype name (Mega Blaziken ex) is in decks/dustin/06-mega-blaziken-tournament-list.txt,108,108,38,Mega Steelix ex,B1a 052 / B1a 080 / B1a 086 / B3 232,attack_self_reduction,True,0,0,0,
Mega Blaziken ex,True,7,208,14,557,True,all_in_one_file,every Pokemon in the archetype name (Mega Blaziken ex) is in decks/dustin/06-mega-blaziken-tournament-list.txt,108,108,38,Aegislash,B2 120,attack_self_reduction,True,0,0,0,
Mega Blaziken ex,True,7,208,14,557,True,all_in_one_file,every Pokemon in the archetype name (Mega Blaziken ex) is in decks/dustin/06-mega-blaziken-tournament-list.txt,108,108,38,Cornerstone Mask Ogerpon,B2 093,attack_self_reduction,True,0,0,0,
Mega Blaziken ex,True,7,208,14,557,True,all_in_one_file,every Pokemon in the archetype name (Mega Blaziken ex) is in decks/dustin/06-mega-blaziken-tournament-list.txt,108,108,38,Protective Poncho,B2 147 / B2 234,other,False,0,0,0,
Mega Blaziken ex,True,7,208,14,557,True,all_in_one_file,every Pokemon in the archetype name (Mega Blaziken ex) is in decks/dustin/06-mega-blaziken-tournament-list.txt,108,108,38,Rocky Helmet,A2 148 / A4b 322 / A4b 323,other,False,97,98,0,
Mega Blaziken ex,True,7,208,14,557,True,all_in_one_file,every Pokemon in the archetype name (Mega Blaziken ex) is in decks/dustin/06-mega-blaziken-tournament-list.txt,108,108,38,Turtonator,B1 047,other,False,0,0,0,
Mega Blaziken ex,True,7,208,14,557,True,all_in_one_file,every Pokemon in the archetype name (Mega Blaziken ex) is in decks/dustin/06-mega-blaziken-tournament-list.txt,108,108,38,Togedemaru,A3b 048 / P-A 090,other,False,0,0,0,
Mega Blaziken ex,True,7,208,14,557,True,all_in_one_file,every Pokemon in the archetype name (Mega Blaziken ex) is in decks/dustin/06-mega-blaziken-tournament-list.txt,108,108,38,Alolan Sandslash,A3 039,other,False,0,0,0,
Mega Blaziken ex,True,7,208,14,557,True,all_in_one_file,every Pokemon in the archetype name (Mega Blaziken ex) is in decks/dustin/06-mega-blaziken-tournament-list.txt,108,108,38,Mega Sableye ex,B3b 041 / B3b 081 / B3b 088,other,False,0,0,0,
Mega Blaziken ex,True,7,208,14,557,True,all_in_one_file,every Pokemon in the archetype name (Mega Blaziken ex) is in decks/dustin/06-mega-blaziken-tournament-list.txt,108,108,38,Chesnaught,B2 010,other,False,0,0,0,
Mega Blaziken ex,True,7,208,14,557,True,all_in_one_file,every Pokemon in the archetype name (Mega Blaziken ex) is in decks/dustin/06-mega-blaziken-tournament-list.txt,108,108,38,Poliwrath,A1 061 / B1 297,other,False,0,0,0,
Mega Blaziken ex,True,7,208,14,557,True,all_in_one_file,every Pokemon in the archetype name (Mega Blaziken ex) is in decks/dustin/06-mega-blaziken-tournament-list.txt,108,108,38,Druddigon,A1a 056,other,False,0,0,0,
Mega Blaziken ex,True,7,208,14,557,True,all_in_one_file,every Pokemon in the archetype name (Mega Blaziken ex) is in decks/dustin/06-mega-blaziken-tournament-list.txt,108,108,38,Pawmot,A2b 028 / P-A 054,other,False,0,0,0,
Mega Blaziken ex,True,7,208,14,557,True,all_in_one_file,every Pokemon in the archetype name (Mega Blaziken ex) is in decks/dustin/06-mega-blaziken-tournament-list.txt,108,108,38,Zangoose,A4a 065,other,False,0,0,0,
Mega Blaziken ex,True,7,208,14,557,True,all_in_one_file,every Pokemon in the archetype name (Mega Blaziken ex) is in decks/dustin/06-mega-blaziken-tournament-list.txt,108,108,38,Iron Jugulis,B3a 046,other,False,0,0,0,
Mega Blaziken ex,True,7,208,14,557,True,all_in_one_file,every Pokemon in the archetype name (Mega Blaziken ex) is in decks/dustin/06-mega-blaziken-tournament-list.txt,108,108,38,ANY (at least one card of the set),,,,97,,,
Mega Blaziken ex,True,7,208,14,557,True,all_in_one_file,every Pokemon in the archetype name (Mega Blaziken ex) is in decks/dustin/06-mega-blaziken-tournament-list.txt,108,108,38,ANY switch-1 card (groups 1-3),,,,0,,,
Hydreigon Mega Absol ex,True,8,197,8,733,True,shares_pokemon,conservative: shares a Pokemon with a Dustin file or a B2e archetype: Absol in decks/dustin/02-arceus-crobat.txt; Absol in decks/dustin/04-absol-hoopa-darkrai.txt (named in the file name); Mega Absol ex is in the B2e archetype Hoopa ex Mega Absol ex,139,139,49,Jasmine,A4 160 / A4 200,trainer_turn_effect,True,0,0,0,
Hydreigon Mega Absol ex,True,8,197,8,733,True,shares_pokemon,conservative: shares a Pokemon with a Dustin file or a B2e archetype: Absol in decks/dustin/02-arceus-crobat.txt; Absol in decks/dustin/04-absol-hoopa-darkrai.txt (named in the file name); Mega Absol ex is in the B2e archetype Hoopa ex Mega Absol ex,139,139,49,Cheren,B3 151 / B3 192,trainer_turn_effect,True,0,0,0,
Hydreigon Mega Absol ex,True,8,197,8,733,True,shares_pokemon,conservative: shares a Pokemon with a Dustin file or a B2e archetype: Absol in decks/dustin/02-arceus-crobat.txt; Absol in decks/dustin/04-absol-hoopa-darkrai.txt (named in the file name); Mega Absol ex is in the B2e archetype Hoopa ex Mega Absol ex,139,139,49,Blue,A1a 067 / A1a 081,trainer_turn_effect,True,0,0,0,
Hydreigon Mega Absol ex,True,8,197,8,733,True,shares_pokemon,conservative: shares a Pokemon with a Dustin file or a B2e archetype: Absol in decks/dustin/02-arceus-crobat.txt; Absol in decks/dustin/04-absol-hoopa-darkrai.txt (named in the file name); Mega Absol ex is in the B2e archetype Hoopa ex Mega Absol ex,139,139,49,Beast Wall,A3a 063,trainer_turn_effect,True,0,0,0,
Hydreigon Mega Absol ex,True,8,197,8,733,True,shares_pokemon,conservative: shares a Pokemon with a Dustin file or a B2e archetype: Absol in decks/dustin/02-arceus-crobat.txt; Absol in decks/dustin/04-absol-hoopa-darkrai.txt (named in the file name); Mega Absol ex is in the B2e archetype Hoopa ex Mega Absol ex,139,139,49,Adaman,A2a 075 / A2a 090,trainer_turn_effect,True,0,0,0,
Hydreigon Mega Absol ex,True,8,197,8,733,True,shares_pokemon,conservative: shares a Pokemon with a Dustin file or a B2e archetype: Absol in decks/dustin/02-arceus-crobat.txt; Absol in decks/dustin/04-absol-hoopa-darkrai.txt (named in the file name); Mega Absol ex is in the B2e archetype Hoopa ex Mega Absol ex,139,139,49,Heavy Helmet,B1 219,tool_reduction,True,0,0,0,
Hydreigon Mega Absol ex,True,8,197,8,733,True,shares_pokemon,conservative: shares a Pokemon with a Dustin file or a B2e archetype: Absol in decks/dustin/02-arceus-crobat.txt; Absol in decks/dustin/04-absol-hoopa-darkrai.txt (named in the file name); Mega Absol ex is in the B2e archetype Hoopa ex Mega Absol ex,139,139,49,Steel Apron,A4 153,tool_reduction,True,0,0,0,
Hydreigon Mega Absol ex,True,8,197,8,733,True,shares_pokemon,conservative: shares a Pokemon with a Dustin file or a B2e archetype: Absol in decks/dustin/02-arceus-crobat.txt; Absol in decks/dustin/04-absol-hoopa-darkrai.txt (named in the file name); Mega Absol ex is in the B2e archetype Hoopa ex Mega Absol ex,139,139,49,Metal Core Barrier,B2 148 / B2b 117,tool_reduction,True,0,0,0,
Hydreigon Mega Absol ex,True,8,197,8,733,True,shares_pokemon,conservative: shares a Pokemon with a Dustin file or a B2e archetype: Absol in decks/dustin/02-arceus-crobat.txt; Absol in decks/dustin/04-absol-hoopa-darkrai.txt (named in the file name); Mega Absol ex is in the B2e archetype Hoopa ex Mega Absol ex,139,139,49,Mr. Mime,A1 126,attack_self_reduction,True,0,0,0,
Hydreigon Mega Absol ex,True,8,197,8,733,True,shares_pokemon,conservative: shares a Pokemon with a Dustin file or a B2e archetype: Absol in decks/dustin/02-arceus-crobat.txt; Absol in decks/dustin/04-absol-hoopa-darkrai.txt (named in the file name); Mega Absol ex is in the B2e archetype Hoopa ex Mega Absol ex,139,139,49,Drifloon,A2 073 / A2 165,attack_self_reduction,True,0,0,0,
Hydreigon Mega Absol ex,True,8,197,8,733,True,shares_pokemon,conservative: shares a Pokemon with a Dustin file or a B2e archetype: Absol in decks/dustin/02-arceus-crobat.txt; Absol in decks/dustin/04-absol-hoopa-darkrai.txt (named in the file name); Mega Absol ex is in the B2e archetype Hoopa ex Mega Absol ex,139,139,49,Bronzong,A2 117,attack_self_reduction,True,0,0,0,
Hydreigon Mega Absol ex,True,8,197,8,733,True,shares_pokemon,conservative: shares a Pokemon with a Dustin file or a B2e archetype: Absol in decks/dustin/02-arceus-crobat.txt; Absol in decks/dustin/04-absol-hoopa-darkrai.txt (named in the file name); Mega Absol ex is in the B2e archetype Hoopa ex Mega Absol ex,139,139,49,Probopass ex,A2a 057 / A2a 085 / A2a 094 / A4b 253,attack_self_reduction,True,0,0,0,
Hydreigon Mega Absol ex,True,8,197,8,733,True,shares_pokemon,conservative: shares a Pokemon with a Dustin file or a B2e archetype: Absol in decks/dustin/02-arceus-crobat.txt; Absol in decks/dustin/04-absol-hoopa-darkrai.txt (named in the file name); Mega Absol ex is in the B2e archetype Hoopa ex Mega Absol ex,139,139,49,Cloyster,A3 043 / B1a 093,attack_self_reduction,True,0,0,0,
Hydreigon Mega Absol ex,True,8,197,8,733,True,shares_pokemon,conservative: shares a Pokemon with a Dustin file or a B2e archetype: Absol in decks/dustin/02-arceus-crobat.txt; Absol in decks/dustin/04-absol-hoopa-darkrai.txt (named in the file name); Mega Absol ex is in the B2e archetype Hoopa ex Mega Absol ex,139,139,49,Stakataka,A3a 053 / P-A 080,attack_self_reduction,True,0,0,0,
Hydreigon Mega Absol ex,True,8,197,8,733,True,shares_pokemon,conservative: shares a Pokemon with a Dustin file or a B2e archetype: Absol in decks/dustin/02-arceus-crobat.txt; Absol in decks/dustin/04-absol-hoopa-darkrai.txt (named in the file name); Mega Absol ex is in the B2e archetype Hoopa ex Mega Absol ex,139,139,49,Skarmory ex,A4 124 / A4 194 / A4 209 / A4b 252,attack_self_reduction,True,0,0,0,
Hydreigon Mega Absol ex,True,8,197,8,733,True,shares_pokemon,conservative: shares a Pokemon with a Dustin file or a B2e archetype: Absol in decks/dustin/02-arceus-crobat.txt; Absol in decks/dustin/04-absol-hoopa-darkrai.txt (named in the file name); Mega Absol ex is in the B2e archetype Hoopa ex Mega Absol ex,139,139,49,Avalugg,B1 075,attack_self_reduction,True,0,0,0,
Hydreigon Mega Absol ex,True,8,197,8,733,True,shares_pokemon,conservative: shares a Pokemon with a Dustin file or a B2e archetype: Absol in decks/dustin/02-arceus-crobat.txt; Absol in decks/dustin/04-absol-hoopa-darkrai.txt (named in the file name); Mega Absol ex is in the B2e archetype Hoopa ex Mega Absol ex,139,139,49,Swirlix,B1 117,attack_self_reduction,True,0,0,0,
Hydreigon Mega Absol ex,True,8,197,8,733,True,shares_pokemon,conservative: shares a Pokemon with a Dustin file or a B2e archetype: Absol in decks/dustin/02-arceus-crobat.txt; Absol in decks/dustin/04-absol-hoopa-darkrai.txt (named in the file name); Mega Absol ex is in the B2e archetype Hoopa ex Mega Absol ex,139,139,49,Ferrothorn (A3a 052 Steel Spikes),A3a 052,other,False,0,0,0,
Hydreigon Mega Absol ex,True,8,197,8,733,True,shares_pokemon,conservative: shares a Pokemon with a Dustin file or a B2e archetype: Absol in decks/dustin/02-arceus-crobat.txt; Absol in decks/dustin/04-absol-hoopa-darkrai.txt (named in the file name); Mega Absol ex is in the B2e archetype Hoopa ex Mega Absol ex,139,139,49,Ferrothorn (B1 167 Guard Press),B1 167,attack_self_reduction,True,0,0,0,
Hydreigon Mega Absol ex,True,8,197,8,733,True,shares_pokemon,conservative: shares a Pokemon with a Dustin file or a B2e archetype: Absol in decks/dustin/02-arceus-crobat.txt; Absol in decks/dustin/04-absol-hoopa-darkrai.txt (named in the file name); Mega Absol ex is in the B2e archetype Hoopa ex Mega Absol ex,139,139,49,Porygon,B1a 056 / B3 222,attack_self_reduction,True,0,0,0,
Hydreigon Mega Absol ex,True,8,197,8,733,True,shares_pokemon,conservative: shares a Pokemon with a Dustin file or a B2e archetype: Absol in decks/dustin/02-arceus-crobat.txt; Absol in decks/dustin/04-absol-hoopa-darkrai.txt (named in the file name); Mega Absol ex is in the B2e archetype Hoopa ex Mega Absol ex,139,139,49,Shuckle,B2 003,attack_self_reduction,True,0,0,0,
Hydreigon Mega Absol ex,True,8,197,8,733,True,shares_pokemon,conservative: shares a Pokemon with a Dustin file or a B2e archetype: Absol in decks/dustin/02-arceus-crobat.txt; Absol in decks/dustin/04-absol-hoopa-darkrai.txt (named in the file name); Mega Absol ex is in the B2e archetype Hoopa ex Mega Absol ex,139,139,49,Wigglytuff,B3b 052,attack_self_reduction,True,0,0,0,
Hydreigon Mega Absol ex,True,8,197,8,733,True,shares_pokemon,conservative: shares a Pokemon with a Dustin file or a B2e archetype: Absol in decks/dustin/02-arceus-crobat.txt; Absol in decks/dustin/04-absol-hoopa-darkrai.txt (named in the file name); Mega Absol ex is in the B2e archetype Hoopa ex Mega Absol ex,139,139,49,Frigibax,P-B 037,attack_self_reduction,True,0,0,0,
Hydreigon Mega Absol ex,True,8,197,8,733,True,shares_pokemon,conservative: shares a Pokemon with a Dustin file or a B2e archetype: Absol in decks/dustin/02-arceus-crobat.txt; Absol in decks/dustin/04-absol-hoopa-darkrai.txt (named in the file name); Mega Absol ex is in the B2e archetype Hoopa ex Mega Absol ex,139,139,49,Golem,A1a 045 / B1 309,attack_self_reduction,True,0,0,0,
Hydreigon Mega Absol ex,True,8,197,8,733,True,shares_pokemon,conservative: shares a Pokemon with a Dustin file or a B2e archetype: Absol in decks/dustin/02-arceus-crobat.txt; Absol in decks/dustin/04-absol-hoopa-darkrai.txt (named in the file name); Mega Absol ex is in the B2e archetype Hoopa ex Mega Absol ex,139,139,49,Pupitar,A4 104,attack_self_reduction,True,0,0,0,
Hydreigon Mega Absol ex,True,8,197,8,733,True,shares_pokemon,conservative: shares a Pokemon with a Dustin file or a B2e archetype: Absol in decks/dustin/02-arceus-crobat.txt; Absol in decks/dustin/04-absol-hoopa-darkrai.txt (named in the file name); Mega Absol ex is in the B2e archetype Hoopa ex Mega Absol ex,139,139,49,Carbink,B1 119,attack_self_reduction,True,0,0,0,
Hydreigon Mega Absol ex,True,8,197,8,733,True,shares_pokemon,conservative: shares a Pokemon with a Dustin file or a B2e archetype: Absol in decks/dustin/02-arceus-crobat.txt; Absol in decks/dustin/04-absol-hoopa-darkrai.txt (named in the file name); Mega Absol ex is in the B2e archetype Hoopa ex Mega Absol ex,139,139,49,Registeel,B3 116,attack_self_reduction,True,0,0,0,
Hydreigon Mega Absol ex,True,8,197,8,733,True,shares_pokemon,conservative: shares a Pokemon with a Dustin file or a B2e archetype: Absol in decks/dustin/02-arceus-crobat.txt; Absol in decks/dustin/04-absol-hoopa-darkrai.txt (named in the file name); Mega Absol ex is in the B2e archetype Hoopa ex Mega Absol ex,139,139,49,Archaludon,B4a 056,attack_self_reduction,True,0,0,0,
Hydreigon Mega Absol ex,True,8,197,8,733,True,shares_pokemon,conservative: shares a Pokemon with a Dustin file or a B2e archetype: Absol in decks/dustin/02-arceus-crobat.txt; Absol in decks/dustin/04-absol-hoopa-darkrai.txt (named in the file name); Mega Absol ex is in the B2e archetype Hoopa ex Mega Absol ex,139,139,49,Cosmoem,A3 086 / A4b 182 / A4b 183,attack_self_reduction,True,0,0,0,
Hydreigon Mega Absol ex,True,8,197,8,733,True,shares_pokemon,conservative: shares a Pokemon with a Dustin file or a B2e archetype: Absol in decks/dustin/02-arceus-crobat.txt; Absol in decks/dustin/04-absol-hoopa-darkrai.txt (named in the file name); Mega Absol ex is in the B2e archetype Hoopa ex Mega Absol ex,139,139,49,Corviknight,B1 175 / B1 246,attack_self_reduction,True,0,0,0,
Hydreigon Mega Absol ex,True,8,197,8,733,True,shares_pokemon,conservative: shares a Pokemon with a Dustin file or a B2e archetype: Absol in decks/dustin/02-arceus-crobat.txt; Absol in decks/dustin/04-absol-hoopa-darkrai.txt (named in the file name); Mega Absol ex is in the B2e archetype Hoopa ex Mega Absol ex,139,139,49,Gouging Fire,B3a 054,attack_self_reduction,True,0,0,0,
Hydreigon Mega Absol ex,True,8,197,8,733,True,shares_pokemon,conservative: shares a Pokemon with a Dustin file or a B2e archetype: Absol in decks/dustin/02-arceus-crobat.txt; Absol in decks/dustin/04-absol-hoopa-darkrai.txt (named in the file name); Mega Absol ex is in the B2e archetype Hoopa ex Mega Absol ex,139,139,49,Mega Steelix ex,B1a 052 / B1a 080 / B1a 086 / B3 232,attack_self_reduction,True,0,0,0,
Hydreigon Mega Absol ex,True,8,197,8,733,True,shares_pokemon,conservative: shares a Pokemon with a Dustin file or a B2e archetype: Absol in decks/dustin/02-arceus-crobat.txt; Absol in decks/dustin/04-absol-hoopa-darkrai.txt (named in the file name); Mega Absol ex is in the B2e archetype Hoopa ex Mega Absol ex,139,139,49,Aegislash,B2 120,attack_self_reduction,True,0,0,0,
Hydreigon Mega Absol ex,True,8,197,8,733,True,shares_pokemon,conservative: shares a Pokemon with a Dustin file or a B2e archetype: Absol in decks/dustin/02-arceus-crobat.txt; Absol in decks/dustin/04-absol-hoopa-darkrai.txt (named in the file name); Mega Absol ex is in the B2e archetype Hoopa ex Mega Absol ex,139,139,49,Cornerstone Mask Ogerpon,B2 093,attack_self_reduction,True,0,0,0,
Hydreigon Mega Absol ex,True,8,197,8,733,True,shares_pokemon,conservative: shares a Pokemon with a Dustin file or a B2e archetype: Absol in decks/dustin/02-arceus-crobat.txt; Absol in decks/dustin/04-absol-hoopa-darkrai.txt (named in the file name); Mega Absol ex is in the B2e archetype Hoopa ex Mega Absol ex,139,139,49,Protective Poncho,B2 147 / B2 234,other,False,0,0,0,
Hydreigon Mega Absol ex,True,8,197,8,733,True,shares_pokemon,conservative: shares a Pokemon with a Dustin file or a B2e archetype: Absol in decks/dustin/02-arceus-crobat.txt; Absol in decks/dustin/04-absol-hoopa-darkrai.txt (named in the file name); Mega Absol ex is in the B2e archetype Hoopa ex Mega Absol ex,139,139,49,Rocky Helmet,A2 148 / A4b 322 / A4b 323,other,False,10,17,0,
Hydreigon Mega Absol ex,True,8,197,8,733,True,shares_pokemon,conservative: shares a Pokemon with a Dustin file or a B2e archetype: Absol in decks/dustin/02-arceus-crobat.txt; Absol in decks/dustin/04-absol-hoopa-darkrai.txt (named in the file name); Mega Absol ex is in the B2e archetype Hoopa ex Mega Absol ex,139,139,49,Turtonator,B1 047,other,False,0,0,0,
Hydreigon Mega Absol ex,True,8,197,8,733,True,shares_pokemon,conservative: shares a Pokemon with a Dustin file or a B2e archetype: Absol in decks/dustin/02-arceus-crobat.txt; Absol in decks/dustin/04-absol-hoopa-darkrai.txt (named in the file name); Mega Absol ex is in the B2e archetype Hoopa ex Mega Absol ex,139,139,49,Togedemaru,A3b 048 / P-A 090,other,False,0,0,0,
Hydreigon Mega Absol ex,True,8,197,8,733,True,shares_pokemon,conservative: shares a Pokemon with a Dustin file or a B2e archetype: Absol in decks/dustin/02-arceus-crobat.txt; Absol in decks/dustin/04-absol-hoopa-darkrai.txt (named in the file name); Mega Absol ex is in the B2e archetype Hoopa ex Mega Absol ex,139,139,49,Alolan Sandslash,A3 039,other,False,0,0,0,
Hydreigon Mega Absol ex,True,8,197,8,733,True,shares_pokemon,conservative: shares a Pokemon with a Dustin file or a B2e archetype: Absol in decks/dustin/02-arceus-crobat.txt; Absol in decks/dustin/04-absol-hoopa-darkrai.txt (named in the file name); Mega Absol ex is in the B2e archetype Hoopa ex Mega Absol ex,139,139,49,Mega Sableye ex,B3b 041 / B3b 081 / B3b 088,other,False,0,0,0,
Hydreigon Mega Absol ex,True,8,197,8,733,True,shares_pokemon,conservative: shares a Pokemon with a Dustin file or a B2e archetype: Absol in decks/dustin/02-arceus-crobat.txt; Absol in decks/dustin/04-absol-hoopa-darkrai.txt (named in the file name); Mega Absol ex is in the B2e archetype Hoopa ex Mega Absol ex,139,139,49,Chesnaught,B2 010,other,False,0,0,0,
Hydreigon Mega Absol ex,True,8,197,8,733,True,shares_pokemon,conservative: shares a Pokemon with a Dustin file or a B2e archetype: Absol in decks/dustin/02-arceus-crobat.txt; Absol in decks/dustin/04-absol-hoopa-darkrai.txt (named in the file name); Mega Absol ex is in the B2e archetype Hoopa ex Mega Absol ex,139,139,49,Poliwrath,A1 061 / B1 297,other,False,0,0,0,
Hydreigon Mega Absol ex,True,8,197,8,733,True,shares_pokemon,conservative: shares a Pokemon with a Dustin file or a B2e archetype: Absol in decks/dustin/02-arceus-crobat.txt; Absol in decks/dustin/04-absol-hoopa-darkrai.txt (named in the file name); Mega Absol ex is in the B2e archetype Hoopa ex Mega Absol ex,139,139,49,Druddigon,A1a 056,other,False,0,0,0,
Hydreigon Mega Absol ex,True,8,197,8,733,True,shares_pokemon,conservative: shares a Pokemon with a Dustin file or a B2e archetype: Absol in decks/dustin/02-arceus-crobat.txt; Absol in decks/dustin/04-absol-hoopa-darkrai.txt (named in the file name); Mega Absol ex is in the B2e archetype Hoopa ex Mega Absol ex,139,139,49,Pawmot,A2b 028 / P-A 054,other,False,0,0,0,
Hydreigon Mega Absol ex,True,8,197,8,733,True,shares_pokemon,conservative: shares a Pokemon with a Dustin file or a B2e archetype: Absol in decks/dustin/02-arceus-crobat.txt; Absol in decks/dustin/04-absol-hoopa-darkrai.txt (named in the file name); Mega Absol ex is in the B2e archetype Hoopa ex Mega Absol ex,139,139,49,Zangoose,A4a 065,other,False,0,0,0,
Hydreigon Mega Absol ex,True,8,197,8,733,True,shares_pokemon,conservative: shares a Pokemon with a Dustin file or a B2e archetype: Absol in decks/dustin/02-arceus-crobat.txt; Absol in decks/dustin/04-absol-hoopa-darkrai.txt (named in the file name); Mega Absol ex is in the B2e archetype Hoopa ex Mega Absol ex,139,139,49,Iron Jugulis,B3a 046,other,False,0,0,0,
Hydreigon Mega Absol ex,True,8,197,8,733,True,shares_pokemon,conservative: shares a Pokemon with a Dustin file or a B2e archetype: Absol in decks/dustin/02-arceus-crobat.txt; Absol in decks/dustin/04-absol-hoopa-darkrai.txt (named in the file name); Mega Absol ex is in the B2e archetype Hoopa ex Mega Absol ex,139,139,49,ANY (at least one card of the set),,,,10,,,
Hydreigon Mega Absol ex,True,8,197,8,733,True,shares_pokemon,conservative: shares a Pokemon with a Dustin file or a B2e archetype: Absol in decks/dustin/02-arceus-crobat.txt; Absol in decks/dustin/04-absol-hoopa-darkrai.txt (named in the file name); Mega Absol ex is in the B2e archetype Hoopa ex Mega Absol ex,139,139,49,ANY switch-1 card (groups 1-3),,,,0,,,
Mega Sceptile ex Greninja,True,9,139,15,548,False,none,"no Pokemon in the archetype name (Mega Sceptile ex, Greninja) appears in any decks/dustin or decks/brews file or B2e archetype",98,98,39,Jasmine,A4 160 / A4 200,trainer_turn_effect,True,0,0,0,
Mega Sceptile ex Greninja,True,9,139,15,548,False,none,"no Pokemon in the archetype name (Mega Sceptile ex, Greninja) appears in any decks/dustin or decks/brews file or B2e archetype",98,98,39,Cheren,B3 151 / B3 192,trainer_turn_effect,True,0,0,0,
Mega Sceptile ex Greninja,True,9,139,15,548,False,none,"no Pokemon in the archetype name (Mega Sceptile ex, Greninja) appears in any decks/dustin or decks/brews file or B2e archetype",98,98,39,Blue,A1a 067 / A1a 081,trainer_turn_effect,True,0,0,0,
Mega Sceptile ex Greninja,True,9,139,15,548,False,none,"no Pokemon in the archetype name (Mega Sceptile ex, Greninja) appears in any decks/dustin or decks/brews file or B2e archetype",98,98,39,Beast Wall,A3a 063,trainer_turn_effect,True,0,0,0,
Mega Sceptile ex Greninja,True,9,139,15,548,False,none,"no Pokemon in the archetype name (Mega Sceptile ex, Greninja) appears in any decks/dustin or decks/brews file or B2e archetype",98,98,39,Adaman,A2a 075 / A2a 090,trainer_turn_effect,True,0,0,0,
Mega Sceptile ex Greninja,True,9,139,15,548,False,none,"no Pokemon in the archetype name (Mega Sceptile ex, Greninja) appears in any decks/dustin or decks/brews file or B2e archetype",98,98,39,Heavy Helmet,B1 219,tool_reduction,True,0,0,0,
Mega Sceptile ex Greninja,True,9,139,15,548,False,none,"no Pokemon in the archetype name (Mega Sceptile ex, Greninja) appears in any decks/dustin or decks/brews file or B2e archetype",98,98,39,Steel Apron,A4 153,tool_reduction,True,0,0,0,
Mega Sceptile ex Greninja,True,9,139,15,548,False,none,"no Pokemon in the archetype name (Mega Sceptile ex, Greninja) appears in any decks/dustin or decks/brews file or B2e archetype",98,98,39,Metal Core Barrier,B2 148 / B2b 117,tool_reduction,True,0,0,0,
Mega Sceptile ex Greninja,True,9,139,15,548,False,none,"no Pokemon in the archetype name (Mega Sceptile ex, Greninja) appears in any decks/dustin or decks/brews file or B2e archetype",98,98,39,Mr. Mime,A1 126,attack_self_reduction,True,0,0,0,
Mega Sceptile ex Greninja,True,9,139,15,548,False,none,"no Pokemon in the archetype name (Mega Sceptile ex, Greninja) appears in any decks/dustin or decks/brews file or B2e archetype",98,98,39,Drifloon,A2 073 / A2 165,attack_self_reduction,True,0,0,0,
Mega Sceptile ex Greninja,True,9,139,15,548,False,none,"no Pokemon in the archetype name (Mega Sceptile ex, Greninja) appears in any decks/dustin or decks/brews file or B2e archetype",98,98,39,Bronzong,A2 117,attack_self_reduction,True,0,0,0,
Mega Sceptile ex Greninja,True,9,139,15,548,False,none,"no Pokemon in the archetype name (Mega Sceptile ex, Greninja) appears in any decks/dustin or decks/brews file or B2e archetype",98,98,39,Probopass ex,A2a 057 / A2a 085 / A2a 094 / A4b 253,attack_self_reduction,True,0,0,0,
Mega Sceptile ex Greninja,True,9,139,15,548,False,none,"no Pokemon in the archetype name (Mega Sceptile ex, Greninja) appears in any decks/dustin or decks/brews file or B2e archetype",98,98,39,Cloyster,A3 043 / B1a 093,attack_self_reduction,True,0,0,0,
Mega Sceptile ex Greninja,True,9,139,15,548,False,none,"no Pokemon in the archetype name (Mega Sceptile ex, Greninja) appears in any decks/dustin or decks/brews file or B2e archetype",98,98,39,Stakataka,A3a 053 / P-A 080,attack_self_reduction,True,0,0,0,
Mega Sceptile ex Greninja,True,9,139,15,548,False,none,"no Pokemon in the archetype name (Mega Sceptile ex, Greninja) appears in any decks/dustin or decks/brews file or B2e archetype",98,98,39,Skarmory ex,A4 124 / A4 194 / A4 209 / A4b 252,attack_self_reduction,True,0,0,0,
Mega Sceptile ex Greninja,True,9,139,15,548,False,none,"no Pokemon in the archetype name (Mega Sceptile ex, Greninja) appears in any decks/dustin or decks/brews file or B2e archetype",98,98,39,Avalugg,B1 075,attack_self_reduction,True,0,0,0,
Mega Sceptile ex Greninja,True,9,139,15,548,False,none,"no Pokemon in the archetype name (Mega Sceptile ex, Greninja) appears in any decks/dustin or decks/brews file or B2e archetype",98,98,39,Swirlix,B1 117,attack_self_reduction,True,0,0,0,
Mega Sceptile ex Greninja,True,9,139,15,548,False,none,"no Pokemon in the archetype name (Mega Sceptile ex, Greninja) appears in any decks/dustin or decks/brews file or B2e archetype",98,98,39,Ferrothorn (A3a 052 Steel Spikes),A3a 052,other,False,0,0,0,
Mega Sceptile ex Greninja,True,9,139,15,548,False,none,"no Pokemon in the archetype name (Mega Sceptile ex, Greninja) appears in any decks/dustin or decks/brews file or B2e archetype",98,98,39,Ferrothorn (B1 167 Guard Press),B1 167,attack_self_reduction,True,0,0,0,
Mega Sceptile ex Greninja,True,9,139,15,548,False,none,"no Pokemon in the archetype name (Mega Sceptile ex, Greninja) appears in any decks/dustin or decks/brews file or B2e archetype",98,98,39,Porygon,B1a 056 / B3 222,attack_self_reduction,True,0,0,0,
Mega Sceptile ex Greninja,True,9,139,15,548,False,none,"no Pokemon in the archetype name (Mega Sceptile ex, Greninja) appears in any decks/dustin or decks/brews file or B2e archetype",98,98,39,Shuckle,B2 003,attack_self_reduction,True,0,0,0,
Mega Sceptile ex Greninja,True,9,139,15,548,False,none,"no Pokemon in the archetype name (Mega Sceptile ex, Greninja) appears in any decks/dustin or decks/brews file or B2e archetype",98,98,39,Wigglytuff,B3b 052,attack_self_reduction,True,0,0,0,
Mega Sceptile ex Greninja,True,9,139,15,548,False,none,"no Pokemon in the archetype name (Mega Sceptile ex, Greninja) appears in any decks/dustin or decks/brews file or B2e archetype",98,98,39,Frigibax,P-B 037,attack_self_reduction,True,0,0,0,
Mega Sceptile ex Greninja,True,9,139,15,548,False,none,"no Pokemon in the archetype name (Mega Sceptile ex, Greninja) appears in any decks/dustin or decks/brews file or B2e archetype",98,98,39,Golem,A1a 045 / B1 309,attack_self_reduction,True,0,0,0,
Mega Sceptile ex Greninja,True,9,139,15,548,False,none,"no Pokemon in the archetype name (Mega Sceptile ex, Greninja) appears in any decks/dustin or decks/brews file or B2e archetype",98,98,39,Pupitar,A4 104,attack_self_reduction,True,0,0,0,
Mega Sceptile ex Greninja,True,9,139,15,548,False,none,"no Pokemon in the archetype name (Mega Sceptile ex, Greninja) appears in any decks/dustin or decks/brews file or B2e archetype",98,98,39,Carbink,B1 119,attack_self_reduction,True,0,0,0,
Mega Sceptile ex Greninja,True,9,139,15,548,False,none,"no Pokemon in the archetype name (Mega Sceptile ex, Greninja) appears in any decks/dustin or decks/brews file or B2e archetype",98,98,39,Registeel,B3 116,attack_self_reduction,True,0,0,0,
Mega Sceptile ex Greninja,True,9,139,15,548,False,none,"no Pokemon in the archetype name (Mega Sceptile ex, Greninja) appears in any decks/dustin or decks/brews file or B2e archetype",98,98,39,Archaludon,B4a 056,attack_self_reduction,True,0,0,0,
Mega Sceptile ex Greninja,True,9,139,15,548,False,none,"no Pokemon in the archetype name (Mega Sceptile ex, Greninja) appears in any decks/dustin or decks/brews file or B2e archetype",98,98,39,Cosmoem,A3 086 / A4b 182 / A4b 183,attack_self_reduction,True,0,0,0,
Mega Sceptile ex Greninja,True,9,139,15,548,False,none,"no Pokemon in the archetype name (Mega Sceptile ex, Greninja) appears in any decks/dustin or decks/brews file or B2e archetype",98,98,39,Corviknight,B1 175 / B1 246,attack_self_reduction,True,0,0,0,
Mega Sceptile ex Greninja,True,9,139,15,548,False,none,"no Pokemon in the archetype name (Mega Sceptile ex, Greninja) appears in any decks/dustin or decks/brews file or B2e archetype",98,98,39,Gouging Fire,B3a 054,attack_self_reduction,True,0,0,0,
Mega Sceptile ex Greninja,True,9,139,15,548,False,none,"no Pokemon in the archetype name (Mega Sceptile ex, Greninja) appears in any decks/dustin or decks/brews file or B2e archetype",98,98,39,Mega Steelix ex,B1a 052 / B1a 080 / B1a 086 / B3 232,attack_self_reduction,True,0,0,0,
Mega Sceptile ex Greninja,True,9,139,15,548,False,none,"no Pokemon in the archetype name (Mega Sceptile ex, Greninja) appears in any decks/dustin or decks/brews file or B2e archetype",98,98,39,Aegislash,B2 120,attack_self_reduction,True,0,0,0,
Mega Sceptile ex Greninja,True,9,139,15,548,False,none,"no Pokemon in the archetype name (Mega Sceptile ex, Greninja) appears in any decks/dustin or decks/brews file or B2e archetype",98,98,39,Cornerstone Mask Ogerpon,B2 093,attack_self_reduction,True,0,0,0,
Mega Sceptile ex Greninja,True,9,139,15,548,False,none,"no Pokemon in the archetype name (Mega Sceptile ex, Greninja) appears in any decks/dustin or decks/brews file or B2e archetype",98,98,39,Protective Poncho,B2 147 / B2 234,other,False,0,0,0,
Mega Sceptile ex Greninja,True,9,139,15,548,False,none,"no Pokemon in the archetype name (Mega Sceptile ex, Greninja) appears in any decks/dustin or decks/brews file or B2e archetype",98,98,39,Rocky Helmet,A2 148 / A4b 322 / A4b 323,other,False,0,0,0,
Mega Sceptile ex Greninja,True,9,139,15,548,False,none,"no Pokemon in the archetype name (Mega Sceptile ex, Greninja) appears in any decks/dustin or decks/brews file or B2e archetype",98,98,39,Turtonator,B1 047,other,False,0,0,0,
Mega Sceptile ex Greninja,True,9,139,15,548,False,none,"no Pokemon in the archetype name (Mega Sceptile ex, Greninja) appears in any decks/dustin or decks/brews file or B2e archetype",98,98,39,Togedemaru,A3b 048 / P-A 090,other,False,0,0,0,
Mega Sceptile ex Greninja,True,9,139,15,548,False,none,"no Pokemon in the archetype name (Mega Sceptile ex, Greninja) appears in any decks/dustin or decks/brews file or B2e archetype",98,98,39,Alolan Sandslash,A3 039,other,False,0,0,0,
Mega Sceptile ex Greninja,True,9,139,15,548,False,none,"no Pokemon in the archetype name (Mega Sceptile ex, Greninja) appears in any decks/dustin or decks/brews file or B2e archetype",98,98,39,Mega Sableye ex,B3b 041 / B3b 081 / B3b 088,other,False,0,0,0,
Mega Sceptile ex Greninja,True,9,139,15,548,False,none,"no Pokemon in the archetype name (Mega Sceptile ex, Greninja) appears in any decks/dustin or decks/brews file or B2e archetype",98,98,39,Chesnaught,B2 010,other,False,0,0,0,
Mega Sceptile ex Greninja,True,9,139,15,548,False,none,"no Pokemon in the archetype name (Mega Sceptile ex, Greninja) appears in any decks/dustin or decks/brews file or B2e archetype",98,98,39,Poliwrath,A1 061 / B1 297,other,False,0,0,0,
Mega Sceptile ex Greninja,True,9,139,15,548,False,none,"no Pokemon in the archetype name (Mega Sceptile ex, Greninja) appears in any decks/dustin or decks/brews file or B2e archetype",98,98,39,Druddigon,A1a 056,other,False,0,0,0,
Mega Sceptile ex Greninja,True,9,139,15,548,False,none,"no Pokemon in the archetype name (Mega Sceptile ex, Greninja) appears in any decks/dustin or decks/brews file or B2e archetype",98,98,39,Pawmot,A2b 028 / P-A 054,other,False,0,0,0,
Mega Sceptile ex Greninja,True,9,139,15,548,False,none,"no Pokemon in the archetype name (Mega Sceptile ex, Greninja) appears in any decks/dustin or decks/brews file or B2e archetype",98,98,39,Zangoose,A4a 065,other,False,0,0,0,
Mega Sceptile ex Greninja,True,9,139,15,548,False,none,"no Pokemon in the archetype name (Mega Sceptile ex, Greninja) appears in any decks/dustin or decks/brews file or B2e archetype",98,98,39,Iron Jugulis,B3a 046,other,False,0,0,0,
Mega Sceptile ex Greninja,True,9,139,15,548,False,none,"no Pokemon in the archetype name (Mega Sceptile ex, Greninja) appears in any decks/dustin or decks/brews file or B2e archetype",98,98,39,ANY (at least one card of the set),,,,0,,,
Mega Sceptile ex Greninja,True,9,139,15,548,False,none,"no Pokemon in the archetype name (Mega Sceptile ex, Greninja) appears in any decks/dustin or decks/brews file or B2e archetype",98,98,39,ANY switch-1 card (groups 1-3),,,,0,,,
Team Rocket's Raticate ex Alolan Ninetales ex,True,10,108,22,258,True,b2e,one of the six B2e archetypes the task names as certainly Dustin's,55,55,28,Jasmine,A4 160 / A4 200,trainer_turn_effect,True,0,0,0,
Team Rocket's Raticate ex Alolan Ninetales ex,True,10,108,22,258,True,b2e,one of the six B2e archetypes the task names as certainly Dustin's,55,55,28,Cheren,B3 151 / B3 192,trainer_turn_effect,True,0,0,0,
Team Rocket's Raticate ex Alolan Ninetales ex,True,10,108,22,258,True,b2e,one of the six B2e archetypes the task names as certainly Dustin's,55,55,28,Blue,A1a 067 / A1a 081,trainer_turn_effect,True,0,0,0,
Team Rocket's Raticate ex Alolan Ninetales ex,True,10,108,22,258,True,b2e,one of the six B2e archetypes the task names as certainly Dustin's,55,55,28,Beast Wall,A3a 063,trainer_turn_effect,True,0,0,0,
Team Rocket's Raticate ex Alolan Ninetales ex,True,10,108,22,258,True,b2e,one of the six B2e archetypes the task names as certainly Dustin's,55,55,28,Adaman,A2a 075 / A2a 090,trainer_turn_effect,True,0,0,0,
Team Rocket's Raticate ex Alolan Ninetales ex,True,10,108,22,258,True,b2e,one of the six B2e archetypes the task names as certainly Dustin's,55,55,28,Heavy Helmet,B1 219,tool_reduction,True,0,0,0,
Team Rocket's Raticate ex Alolan Ninetales ex,True,10,108,22,258,True,b2e,one of the six B2e archetypes the task names as certainly Dustin's,55,55,28,Steel Apron,A4 153,tool_reduction,True,0,0,0,
Team Rocket's Raticate ex Alolan Ninetales ex,True,10,108,22,258,True,b2e,one of the six B2e archetypes the task names as certainly Dustin's,55,55,28,Metal Core Barrier,B2 148 / B2b 117,tool_reduction,True,0,0,0,
Team Rocket's Raticate ex Alolan Ninetales ex,True,10,108,22,258,True,b2e,one of the six B2e archetypes the task names as certainly Dustin's,55,55,28,Mr. Mime,A1 126,attack_self_reduction,True,0,0,0,
Team Rocket's Raticate ex Alolan Ninetales ex,True,10,108,22,258,True,b2e,one of the six B2e archetypes the task names as certainly Dustin's,55,55,28,Drifloon,A2 073 / A2 165,attack_self_reduction,True,0,0,0,
Team Rocket's Raticate ex Alolan Ninetales ex,True,10,108,22,258,True,b2e,one of the six B2e archetypes the task names as certainly Dustin's,55,55,28,Bronzong,A2 117,attack_self_reduction,True,0,0,0,
Team Rocket's Raticate ex Alolan Ninetales ex,True,10,108,22,258,True,b2e,one of the six B2e archetypes the task names as certainly Dustin's,55,55,28,Probopass ex,A2a 057 / A2a 085 / A2a 094 / A4b 253,attack_self_reduction,True,0,0,0,
Team Rocket's Raticate ex Alolan Ninetales ex,True,10,108,22,258,True,b2e,one of the six B2e archetypes the task names as certainly Dustin's,55,55,28,Cloyster,A3 043 / B1a 093,attack_self_reduction,True,0,0,0,
Team Rocket's Raticate ex Alolan Ninetales ex,True,10,108,22,258,True,b2e,one of the six B2e archetypes the task names as certainly Dustin's,55,55,28,Stakataka,A3a 053 / P-A 080,attack_self_reduction,True,0,0,0,
Team Rocket's Raticate ex Alolan Ninetales ex,True,10,108,22,258,True,b2e,one of the six B2e archetypes the task names as certainly Dustin's,55,55,28,Skarmory ex,A4 124 / A4 194 / A4 209 / A4b 252,attack_self_reduction,True,0,0,0,
Team Rocket's Raticate ex Alolan Ninetales ex,True,10,108,22,258,True,b2e,one of the six B2e archetypes the task names as certainly Dustin's,55,55,28,Avalugg,B1 075,attack_self_reduction,True,0,0,0,
Team Rocket's Raticate ex Alolan Ninetales ex,True,10,108,22,258,True,b2e,one of the six B2e archetypes the task names as certainly Dustin's,55,55,28,Swirlix,B1 117,attack_self_reduction,True,0,0,0,
Team Rocket's Raticate ex Alolan Ninetales ex,True,10,108,22,258,True,b2e,one of the six B2e archetypes the task names as certainly Dustin's,55,55,28,Ferrothorn (A3a 052 Steel Spikes),A3a 052,other,False,0,0,0,
Team Rocket's Raticate ex Alolan Ninetales ex,True,10,108,22,258,True,b2e,one of the six B2e archetypes the task names as certainly Dustin's,55,55,28,Ferrothorn (B1 167 Guard Press),B1 167,attack_self_reduction,True,0,0,0,
Team Rocket's Raticate ex Alolan Ninetales ex,True,10,108,22,258,True,b2e,one of the six B2e archetypes the task names as certainly Dustin's,55,55,28,Porygon,B1a 056 / B3 222,attack_self_reduction,True,0,0,0,
Team Rocket's Raticate ex Alolan Ninetales ex,True,10,108,22,258,True,b2e,one of the six B2e archetypes the task names as certainly Dustin's,55,55,28,Shuckle,B2 003,attack_self_reduction,True,0,0,0,
Team Rocket's Raticate ex Alolan Ninetales ex,True,10,108,22,258,True,b2e,one of the six B2e archetypes the task names as certainly Dustin's,55,55,28,Wigglytuff,B3b 052,attack_self_reduction,True,0,0,0,
Team Rocket's Raticate ex Alolan Ninetales ex,True,10,108,22,258,True,b2e,one of the six B2e archetypes the task names as certainly Dustin's,55,55,28,Frigibax,P-B 037,attack_self_reduction,True,0,0,0,
Team Rocket's Raticate ex Alolan Ninetales ex,True,10,108,22,258,True,b2e,one of the six B2e archetypes the task names as certainly Dustin's,55,55,28,Golem,A1a 045 / B1 309,attack_self_reduction,True,0,0,0,
Team Rocket's Raticate ex Alolan Ninetales ex,True,10,108,22,258,True,b2e,one of the six B2e archetypes the task names as certainly Dustin's,55,55,28,Pupitar,A4 104,attack_self_reduction,True,0,0,0,
Team Rocket's Raticate ex Alolan Ninetales ex,True,10,108,22,258,True,b2e,one of the six B2e archetypes the task names as certainly Dustin's,55,55,28,Carbink,B1 119,attack_self_reduction,True,0,0,0,
Team Rocket's Raticate ex Alolan Ninetales ex,True,10,108,22,258,True,b2e,one of the six B2e archetypes the task names as certainly Dustin's,55,55,28,Registeel,B3 116,attack_self_reduction,True,0,0,0,
Team Rocket's Raticate ex Alolan Ninetales ex,True,10,108,22,258,True,b2e,one of the six B2e archetypes the task names as certainly Dustin's,55,55,28,Archaludon,B4a 056,attack_self_reduction,True,0,0,0,
Team Rocket's Raticate ex Alolan Ninetales ex,True,10,108,22,258,True,b2e,one of the six B2e archetypes the task names as certainly Dustin's,55,55,28,Cosmoem,A3 086 / A4b 182 / A4b 183,attack_self_reduction,True,0,0,0,
Team Rocket's Raticate ex Alolan Ninetales ex,True,10,108,22,258,True,b2e,one of the six B2e archetypes the task names as certainly Dustin's,55,55,28,Corviknight,B1 175 / B1 246,attack_self_reduction,True,0,0,0,
Team Rocket's Raticate ex Alolan Ninetales ex,True,10,108,22,258,True,b2e,one of the six B2e archetypes the task names as certainly Dustin's,55,55,28,Gouging Fire,B3a 054,attack_self_reduction,True,0,0,0,
Team Rocket's Raticate ex Alolan Ninetales ex,True,10,108,22,258,True,b2e,one of the six B2e archetypes the task names as certainly Dustin's,55,55,28,Mega Steelix ex,B1a 052 / B1a 080 / B1a 086 / B3 232,attack_self_reduction,True,0,0,0,
Team Rocket's Raticate ex Alolan Ninetales ex,True,10,108,22,258,True,b2e,one of the six B2e archetypes the task names as certainly Dustin's,55,55,28,Aegislash,B2 120,attack_self_reduction,True,0,0,0,
Team Rocket's Raticate ex Alolan Ninetales ex,True,10,108,22,258,True,b2e,one of the six B2e archetypes the task names as certainly Dustin's,55,55,28,Cornerstone Mask Ogerpon,B2 093,attack_self_reduction,True,0,0,0,
Team Rocket's Raticate ex Alolan Ninetales ex,True,10,108,22,258,True,b2e,one of the six B2e archetypes the task names as certainly Dustin's,55,55,28,Protective Poncho,B2 147 / B2 234,other,False,0,0,0,
Team Rocket's Raticate ex Alolan Ninetales ex,True,10,108,22,258,True,b2e,one of the six B2e archetypes the task names as certainly Dustin's,55,55,28,Rocky Helmet,A2 148 / A4b 322 / A4b 323,other,False,0,0,0,
Team Rocket's Raticate ex Alolan Ninetales ex,True,10,108,22,258,True,b2e,one of the six B2e archetypes the task names as certainly Dustin's,55,55,28,Turtonator,B1 047,other,False,0,0,0,
Team Rocket's Raticate ex Alolan Ninetales ex,True,10,108,22,258,True,b2e,one of the six B2e archetypes the task names as certainly Dustin's,55,55,28,Togedemaru,A3b 048 / P-A 090,other,False,0,0,0,
Team Rocket's Raticate ex Alolan Ninetales ex,True,10,108,22,258,True,b2e,one of the six B2e archetypes the task names as certainly Dustin's,55,55,28,Alolan Sandslash,A3 039,other,False,0,0,0,
Team Rocket's Raticate ex Alolan Ninetales ex,True,10,108,22,258,True,b2e,one of the six B2e archetypes the task names as certainly Dustin's,55,55,28,Mega Sableye ex,B3b 041 / B3b 081 / B3b 088,other,False,0,0,0,
Team Rocket's Raticate ex Alolan Ninetales ex,True,10,108,22,258,True,b2e,one of the six B2e archetypes the task names as certainly Dustin's,55,55,28,Chesnaught,B2 010,other,False,0,0,0,
Team Rocket's Raticate ex Alolan Ninetales ex,True,10,108,22,258,True,b2e,one of the six B2e archetypes the task names as certainly Dustin's,55,55,28,Poliwrath,A1 061 / B1 297,other,False,0,0,0,
Team Rocket's Raticate ex Alolan Ninetales ex,True,10,108,22,258,True,b2e,one of the six B2e archetypes the task names as certainly Dustin's,55,55,28,Druddigon,A1a 056,other,False,0,0,0,
Team Rocket's Raticate ex Alolan Ninetales ex,True,10,108,22,258,True,b2e,one of the six B2e archetypes the task names as certainly Dustin's,55,55,28,Pawmot,A2b 028 / P-A 054,other,False,0,0,0,
Team Rocket's Raticate ex Alolan Ninetales ex,True,10,108,22,258,True,b2e,one of the six B2e archetypes the task names as certainly Dustin's,55,55,28,Zangoose,A4a 065,other,False,0,0,0,
Team Rocket's Raticate ex Alolan Ninetales ex,True,10,108,22,258,True,b2e,one of the six B2e archetypes the task names as certainly Dustin's,55,55,28,Iron Jugulis,B3a 046,other,False,0,0,0,
Team Rocket's Raticate ex Alolan Ninetales ex,True,10,108,22,258,True,b2e,one of the six B2e archetypes the task names as certainly Dustin's,55,55,28,ANY (at least one card of the set),,,,0,,,
Team Rocket's Raticate ex Alolan Ninetales ex,True,10,108,22,258,True,b2e,one of the six B2e archetypes the task names as certainly Dustin's,55,55,28,ANY switch-1 card (groups 1-3),,,,0,,,
Mega Manectric ex Heliolisk,True,11,104,12,602,True,b2e,one of the six B2e archetypes the task names as certainly Dustin's,111,111,40,Jasmine,A4 160 / A4 200,trainer_turn_effect,True,0,0,0,
Mega Manectric ex Heliolisk,True,11,104,12,602,True,b2e,one of the six B2e archetypes the task names as certainly Dustin's,111,111,40,Cheren,B3 151 / B3 192,trainer_turn_effect,True,0,0,0,
Mega Manectric ex Heliolisk,True,11,104,12,602,True,b2e,one of the six B2e archetypes the task names as certainly Dustin's,111,111,40,Blue,A1a 067 / A1a 081,trainer_turn_effect,True,0,0,0,
Mega Manectric ex Heliolisk,True,11,104,12,602,True,b2e,one of the six B2e archetypes the task names as certainly Dustin's,111,111,40,Beast Wall,A3a 063,trainer_turn_effect,True,0,0,0,
Mega Manectric ex Heliolisk,True,11,104,12,602,True,b2e,one of the six B2e archetypes the task names as certainly Dustin's,111,111,40,Adaman,A2a 075 / A2a 090,trainer_turn_effect,True,0,0,0,
Mega Manectric ex Heliolisk,True,11,104,12,602,True,b2e,one of the six B2e archetypes the task names as certainly Dustin's,111,111,40,Heavy Helmet,B1 219,tool_reduction,True,0,0,0,
Mega Manectric ex Heliolisk,True,11,104,12,602,True,b2e,one of the six B2e archetypes the task names as certainly Dustin's,111,111,40,Steel Apron,A4 153,tool_reduction,True,0,0,0,
Mega Manectric ex Heliolisk,True,11,104,12,602,True,b2e,one of the six B2e archetypes the task names as certainly Dustin's,111,111,40,Metal Core Barrier,B2 148 / B2b 117,tool_reduction,True,0,0,0,
Mega Manectric ex Heliolisk,True,11,104,12,602,True,b2e,one of the six B2e archetypes the task names as certainly Dustin's,111,111,40,Mr. Mime,A1 126,attack_self_reduction,True,0,0,0,
Mega Manectric ex Heliolisk,True,11,104,12,602,True,b2e,one of the six B2e archetypes the task names as certainly Dustin's,111,111,40,Drifloon,A2 073 / A2 165,attack_self_reduction,True,0,0,0,
Mega Manectric ex Heliolisk,True,11,104,12,602,True,b2e,one of the six B2e archetypes the task names as certainly Dustin's,111,111,40,Bronzong,A2 117,attack_self_reduction,True,0,0,0,
Mega Manectric ex Heliolisk,True,11,104,12,602,True,b2e,one of the six B2e archetypes the task names as certainly Dustin's,111,111,40,Probopass ex,A2a 057 / A2a 085 / A2a 094 / A4b 253,attack_self_reduction,True,0,0,0,
Mega Manectric ex Heliolisk,True,11,104,12,602,True,b2e,one of the six B2e archetypes the task names as certainly Dustin's,111,111,40,Cloyster,A3 043 / B1a 093,attack_self_reduction,True,0,0,0,
Mega Manectric ex Heliolisk,True,11,104,12,602,True,b2e,one of the six B2e archetypes the task names as certainly Dustin's,111,111,40,Stakataka,A3a 053 / P-A 080,attack_self_reduction,True,0,0,0,
Mega Manectric ex Heliolisk,True,11,104,12,602,True,b2e,one of the six B2e archetypes the task names as certainly Dustin's,111,111,40,Skarmory ex,A4 124 / A4 194 / A4 209 / A4b 252,attack_self_reduction,True,0,0,0,
Mega Manectric ex Heliolisk,True,11,104,12,602,True,b2e,one of the six B2e archetypes the task names as certainly Dustin's,111,111,40,Avalugg,B1 075,attack_self_reduction,True,0,0,0,
Mega Manectric ex Heliolisk,True,11,104,12,602,True,b2e,one of the six B2e archetypes the task names as certainly Dustin's,111,111,40,Swirlix,B1 117,attack_self_reduction,True,0,0,0,
Mega Manectric ex Heliolisk,True,11,104,12,602,True,b2e,one of the six B2e archetypes the task names as certainly Dustin's,111,111,40,Ferrothorn (A3a 052 Steel Spikes),A3a 052,other,False,0,0,0,
Mega Manectric ex Heliolisk,True,11,104,12,602,True,b2e,one of the six B2e archetypes the task names as certainly Dustin's,111,111,40,Ferrothorn (B1 167 Guard Press),B1 167,attack_self_reduction,True,0,0,0,
Mega Manectric ex Heliolisk,True,11,104,12,602,True,b2e,one of the six B2e archetypes the task names as certainly Dustin's,111,111,40,Porygon,B1a 056 / B3 222,attack_self_reduction,True,0,0,0,
Mega Manectric ex Heliolisk,True,11,104,12,602,True,b2e,one of the six B2e archetypes the task names as certainly Dustin's,111,111,40,Shuckle,B2 003,attack_self_reduction,True,0,0,0,
Mega Manectric ex Heliolisk,True,11,104,12,602,True,b2e,one of the six B2e archetypes the task names as certainly Dustin's,111,111,40,Wigglytuff,B3b 052,attack_self_reduction,True,0,0,0,
Mega Manectric ex Heliolisk,True,11,104,12,602,True,b2e,one of the six B2e archetypes the task names as certainly Dustin's,111,111,40,Frigibax,P-B 037,attack_self_reduction,True,0,0,0,
Mega Manectric ex Heliolisk,True,11,104,12,602,True,b2e,one of the six B2e archetypes the task names as certainly Dustin's,111,111,40,Golem,A1a 045 / B1 309,attack_self_reduction,True,0,0,0,
Mega Manectric ex Heliolisk,True,11,104,12,602,True,b2e,one of the six B2e archetypes the task names as certainly Dustin's,111,111,40,Pupitar,A4 104,attack_self_reduction,True,0,0,0,
Mega Manectric ex Heliolisk,True,11,104,12,602,True,b2e,one of the six B2e archetypes the task names as certainly Dustin's,111,111,40,Carbink,B1 119,attack_self_reduction,True,0,0,0,
Mega Manectric ex Heliolisk,True,11,104,12,602,True,b2e,one of the six B2e archetypes the task names as certainly Dustin's,111,111,40,Registeel,B3 116,attack_self_reduction,True,0,0,0,
Mega Manectric ex Heliolisk,True,11,104,12,602,True,b2e,one of the six B2e archetypes the task names as certainly Dustin's,111,111,40,Archaludon,B4a 056,attack_self_reduction,True,0,0,0,
Mega Manectric ex Heliolisk,True,11,104,12,602,True,b2e,one of the six B2e archetypes the task names as certainly Dustin's,111,111,40,Cosmoem,A3 086 / A4b 182 / A4b 183,attack_self_reduction,True,0,0,0,
Mega Manectric ex Heliolisk,True,11,104,12,602,True,b2e,one of the six B2e archetypes the task names as certainly Dustin's,111,111,40,Corviknight,B1 175 / B1 246,attack_self_reduction,True,0,0,0,
Mega Manectric ex Heliolisk,True,11,104,12,602,True,b2e,one of the six B2e archetypes the task names as certainly Dustin's,111,111,40,Gouging Fire,B3a 054,attack_self_reduction,True,0,0,0,
Mega Manectric ex Heliolisk,True,11,104,12,602,True,b2e,one of the six B2e archetypes the task names as certainly Dustin's,111,111,40,Mega Steelix ex,B1a 052 / B1a 080 / B1a 086 / B3 232,attack_self_reduction,True,0,0,0,
Mega Manectric ex Heliolisk,True,11,104,12,602,True,b2e,one of the six B2e archetypes the task names as certainly Dustin's,111,111,40,Aegislash,B2 120,attack_self_reduction,True,0,0,0,
Mega Manectric ex Heliolisk,True,11,104,12,602,True,b2e,one of the six B2e archetypes the task names as certainly Dustin's,111,111,40,Cornerstone Mask Ogerpon,B2 093,attack_self_reduction,True,0,0,0,
Mega Manectric ex Heliolisk,True,11,104,12,602,True,b2e,one of the six B2e archetypes the task names as certainly Dustin's,111,111,40,Protective Poncho,B2 147 / B2 234,other,False,1,1,0,
Mega Manectric ex Heliolisk,True,11,104,12,602,True,b2e,one of the six B2e archetypes the task names as certainly Dustin's,111,111,40,Rocky Helmet,A2 148 / A4b 322 / A4b 323,other,False,1,2,0,
Mega Manectric ex Heliolisk,True,11,104,12,602,True,b2e,one of the six B2e archetypes the task names as certainly Dustin's,111,111,40,Turtonator,B1 047,other,False,0,0,0,
Mega Manectric ex Heliolisk,True,11,104,12,602,True,b2e,one of the six B2e archetypes the task names as certainly Dustin's,111,111,40,Togedemaru,A3b 048 / P-A 090,other,False,0,0,0,
Mega Manectric ex Heliolisk,True,11,104,12,602,True,b2e,one of the six B2e archetypes the task names as certainly Dustin's,111,111,40,Alolan Sandslash,A3 039,other,False,0,0,0,
Mega Manectric ex Heliolisk,True,11,104,12,602,True,b2e,one of the six B2e archetypes the task names as certainly Dustin's,111,111,40,Mega Sableye ex,B3b 041 / B3b 081 / B3b 088,other,False,0,0,0,
Mega Manectric ex Heliolisk,True,11,104,12,602,True,b2e,one of the six B2e archetypes the task names as certainly Dustin's,111,111,40,Chesnaught,B2 010,other,False,0,0,0,
Mega Manectric ex Heliolisk,True,11,104,12,602,True,b2e,one of the six B2e archetypes the task names as certainly Dustin's,111,111,40,Poliwrath,A1 061 / B1 297,other,False,0,0,0,
Mega Manectric ex Heliolisk,True,11,104,12,602,True,b2e,one of the six B2e archetypes the task names as certainly Dustin's,111,111,40,Druddigon,A1a 056,other,False,0,0,0,
Mega Manectric ex Heliolisk,True,11,104,12,602,True,b2e,one of the six B2e archetypes the task names as certainly Dustin's,111,111,40,Pawmot,A2b 028 / P-A 054,other,False,0,0,0,
Mega Manectric ex Heliolisk,True,11,104,12,602,True,b2e,one of the six B2e archetypes the task names as certainly Dustin's,111,111,40,Zangoose,A4a 065,other,False,0,0,0,
Mega Manectric ex Heliolisk,True,11,104,12,602,True,b2e,one of the six B2e archetypes the task names as certainly Dustin's,111,111,40,Iron Jugulis,B3a 046,other,False,0,0,0,
Mega Manectric ex Heliolisk,True,11,104,12,602,True,b2e,one of the six B2e archetypes the task names as certainly Dustin's,111,111,40,ANY (at least one card of the set),,,,2,,,
Mega Manectric ex Heliolisk,True,11,104,12,602,True,b2e,one of the six B2e archetypes the task names as certainly Dustin's,111,111,40,ANY switch-1 card (groups 1-3),,,,0,,,
Mega Charizard Y ex Entei ex,True,12,100,11,612,True,b2e,one of the six B2e archetypes the task names as certainly Dustin's,106,106,43,Jasmine,A4 160 / A4 200,trainer_turn_effect,True,0,0,0,
Mega Charizard Y ex Entei ex,True,12,100,11,612,True,b2e,one of the six B2e archetypes the task names as certainly Dustin's,106,106,43,Cheren,B3 151 / B3 192,trainer_turn_effect,True,0,0,0,
Mega Charizard Y ex Entei ex,True,12,100,11,612,True,b2e,one of the six B2e archetypes the task names as certainly Dustin's,106,106,43,Blue,A1a 067 / A1a 081,trainer_turn_effect,True,0,0,0,
Mega Charizard Y ex Entei ex,True,12,100,11,612,True,b2e,one of the six B2e archetypes the task names as certainly Dustin's,106,106,43,Beast Wall,A3a 063,trainer_turn_effect,True,0,0,0,
Mega Charizard Y ex Entei ex,True,12,100,11,612,True,b2e,one of the six B2e archetypes the task names as certainly Dustin's,106,106,43,Adaman,A2a 075 / A2a 090,trainer_turn_effect,True,0,0,0,
Mega Charizard Y ex Entei ex,True,12,100,11,612,True,b2e,one of the six B2e archetypes the task names as certainly Dustin's,106,106,43,Heavy Helmet,B1 219,tool_reduction,True,0,0,0,
Mega Charizard Y ex Entei ex,True,12,100,11,612,True,b2e,one of the six B2e archetypes the task names as certainly Dustin's,106,106,43,Steel Apron,A4 153,tool_reduction,True,0,0,0,
Mega Charizard Y ex Entei ex,True,12,100,11,612,True,b2e,one of the six B2e archetypes the task names as certainly Dustin's,106,106,43,Metal Core Barrier,B2 148 / B2b 117,tool_reduction,True,0,0,0,
Mega Charizard Y ex Entei ex,True,12,100,11,612,True,b2e,one of the six B2e archetypes the task names as certainly Dustin's,106,106,43,Mr. Mime,A1 126,attack_self_reduction,True,0,0,0,
Mega Charizard Y ex Entei ex,True,12,100,11,612,True,b2e,one of the six B2e archetypes the task names as certainly Dustin's,106,106,43,Drifloon,A2 073 / A2 165,attack_self_reduction,True,0,0,0,
Mega Charizard Y ex Entei ex,True,12,100,11,612,True,b2e,one of the six B2e archetypes the task names as certainly Dustin's,106,106,43,Bronzong,A2 117,attack_self_reduction,True,0,0,0,
Mega Charizard Y ex Entei ex,True,12,100,11,612,True,b2e,one of the six B2e archetypes the task names as certainly Dustin's,106,106,43,Probopass ex,A2a 057 / A2a 085 / A2a 094 / A4b 253,attack_self_reduction,True,0,0,0,
Mega Charizard Y ex Entei ex,True,12,100,11,612,True,b2e,one of the six B2e archetypes the task names as certainly Dustin's,106,106,43,Cloyster,A3 043 / B1a 093,attack_self_reduction,True,0,0,0,
Mega Charizard Y ex Entei ex,True,12,100,11,612,True,b2e,one of the six B2e archetypes the task names as certainly Dustin's,106,106,43,Stakataka,A3a 053 / P-A 080,attack_self_reduction,True,0,0,0,
Mega Charizard Y ex Entei ex,True,12,100,11,612,True,b2e,one of the six B2e archetypes the task names as certainly Dustin's,106,106,43,Skarmory ex,A4 124 / A4 194 / A4 209 / A4b 252,attack_self_reduction,True,0,0,0,
Mega Charizard Y ex Entei ex,True,12,100,11,612,True,b2e,one of the six B2e archetypes the task names as certainly Dustin's,106,106,43,Avalugg,B1 075,attack_self_reduction,True,0,0,0,
Mega Charizard Y ex Entei ex,True,12,100,11,612,True,b2e,one of the six B2e archetypes the task names as certainly Dustin's,106,106,43,Swirlix,B1 117,attack_self_reduction,True,0,0,0,
Mega Charizard Y ex Entei ex,True,12,100,11,612,True,b2e,one of the six B2e archetypes the task names as certainly Dustin's,106,106,43,Ferrothorn (A3a 052 Steel Spikes),A3a 052,other,False,0,0,0,
Mega Charizard Y ex Entei ex,True,12,100,11,612,True,b2e,one of the six B2e archetypes the task names as certainly Dustin's,106,106,43,Ferrothorn (B1 167 Guard Press),B1 167,attack_self_reduction,True,0,0,0,
Mega Charizard Y ex Entei ex,True,12,100,11,612,True,b2e,one of the six B2e archetypes the task names as certainly Dustin's,106,106,43,Porygon,B1a 056 / B3 222,attack_self_reduction,True,0,0,0,
Mega Charizard Y ex Entei ex,True,12,100,11,612,True,b2e,one of the six B2e archetypes the task names as certainly Dustin's,106,106,43,Shuckle,B2 003,attack_self_reduction,True,0,0,0,
Mega Charizard Y ex Entei ex,True,12,100,11,612,True,b2e,one of the six B2e archetypes the task names as certainly Dustin's,106,106,43,Wigglytuff,B3b 052,attack_self_reduction,True,0,0,0,
Mega Charizard Y ex Entei ex,True,12,100,11,612,True,b2e,one of the six B2e archetypes the task names as certainly Dustin's,106,106,43,Frigibax,P-B 037,attack_self_reduction,True,0,0,0,
Mega Charizard Y ex Entei ex,True,12,100,11,612,True,b2e,one of the six B2e archetypes the task names as certainly Dustin's,106,106,43,Golem,A1a 045 / B1 309,attack_self_reduction,True,0,0,0,
Mega Charizard Y ex Entei ex,True,12,100,11,612,True,b2e,one of the six B2e archetypes the task names as certainly Dustin's,106,106,43,Pupitar,A4 104,attack_self_reduction,True,0,0,0,
Mega Charizard Y ex Entei ex,True,12,100,11,612,True,b2e,one of the six B2e archetypes the task names as certainly Dustin's,106,106,43,Carbink,B1 119,attack_self_reduction,True,0,0,0,
Mega Charizard Y ex Entei ex,True,12,100,11,612,True,b2e,one of the six B2e archetypes the task names as certainly Dustin's,106,106,43,Registeel,B3 116,attack_self_reduction,True,0,0,0,
Mega Charizard Y ex Entei ex,True,12,100,11,612,True,b2e,one of the six B2e archetypes the task names as certainly Dustin's,106,106,43,Archaludon,B4a 056,attack_self_reduction,True,0,0,0,
Mega Charizard Y ex Entei ex,True,12,100,11,612,True,b2e,one of the six B2e archetypes the task names as certainly Dustin's,106,106,43,Cosmoem,A3 086 / A4b 182 / A4b 183,attack_self_reduction,True,0,0,0,
Mega Charizard Y ex Entei ex,True,12,100,11,612,True,b2e,one of the six B2e archetypes the task names as certainly Dustin's,106,106,43,Corviknight,B1 175 / B1 246,attack_self_reduction,True,0,0,0,
Mega Charizard Y ex Entei ex,True,12,100,11,612,True,b2e,one of the six B2e archetypes the task names as certainly Dustin's,106,106,43,Gouging Fire,B3a 054,attack_self_reduction,True,0,0,0,
Mega Charizard Y ex Entei ex,True,12,100,11,612,True,b2e,one of the six B2e archetypes the task names as certainly Dustin's,106,106,43,Mega Steelix ex,B1a 052 / B1a 080 / B1a 086 / B3 232,attack_self_reduction,True,0,0,0,
Mega Charizard Y ex Entei ex,True,12,100,11,612,True,b2e,one of the six B2e archetypes the task names as certainly Dustin's,106,106,43,Aegislash,B2 120,attack_self_reduction,True,0,0,0,
Mega Charizard Y ex Entei ex,True,12,100,11,612,True,b2e,one of the six B2e archetypes the task names as certainly Dustin's,106,106,43,Cornerstone Mask Ogerpon,B2 093,attack_self_reduction,True,0,0,0,
Mega Charizard Y ex Entei ex,True,12,100,11,612,True,b2e,one of the six B2e archetypes the task names as certainly Dustin's,106,106,43,Protective Poncho,B2 147 / B2 234,other,False,22,22,0,
Mega Charizard Y ex Entei ex,True,12,100,11,612,True,b2e,one of the six B2e archetypes the task names as certainly Dustin's,106,106,43,Rocky Helmet,A2 148 / A4b 322 / A4b 323,other,False,3,3,0,
Mega Charizard Y ex Entei ex,True,12,100,11,612,True,b2e,one of the six B2e archetypes the task names as certainly Dustin's,106,106,43,Turtonator,B1 047,other,False,0,0,0,
Mega Charizard Y ex Entei ex,True,12,100,11,612,True,b2e,one of the six B2e archetypes the task names as certainly Dustin's,106,106,43,Togedemaru,A3b 048 / P-A 090,other,False,0,0,0,
Mega Charizard Y ex Entei ex,True,12,100,11,612,True,b2e,one of the six B2e archetypes the task names as certainly Dustin's,106,106,43,Alolan Sandslash,A3 039,other,False,0,0,0,
Mega Charizard Y ex Entei ex,True,12,100,11,612,True,b2e,one of the six B2e archetypes the task names as certainly Dustin's,106,106,43,Mega Sableye ex,B3b 041 / B3b 081 / B3b 088,other,False,0,0,0,
Mega Charizard Y ex Entei ex,True,12,100,11,612,True,b2e,one of the six B2e archetypes the task names as certainly Dustin's,106,106,43,Chesnaught,B2 010,other,False,0,0,0,
Mega Charizard Y ex Entei ex,True,12,100,11,612,True,b2e,one of the six B2e archetypes the task names as certainly Dustin's,106,106,43,Poliwrath,A1 061 / B1 297,other,False,0,0,0,
Mega Charizard Y ex Entei ex,True,12,100,11,612,True,b2e,one of the six B2e archetypes the task names as certainly Dustin's,106,106,43,Druddigon,A1a 056,other,False,0,0,0,
Mega Charizard Y ex Entei ex,True,12,100,11,612,True,b2e,one of the six B2e archetypes the task names as certainly Dustin's,106,106,43,Pawmot,A2b 028 / P-A 054,other,False,0,0,0,
Mega Charizard Y ex Entei ex,True,12,100,11,612,True,b2e,one of the six B2e archetypes the task names as certainly Dustin's,106,106,43,Zangoose,A4a 065,other,False,0,0,0,
Mega Charizard Y ex Entei ex,True,12,100,11,612,True,b2e,one of the six B2e archetypes the task names as certainly Dustin's,106,106,43,Iron Jugulis,B3a 046,other,False,0,0,0,
Mega Charizard Y ex Entei ex,True,12,100,11,612,True,b2e,one of the six B2e archetypes the task names as certainly Dustin's,106,106,43,ANY (at least one card of the set),,,,23,,,
Mega Charizard Y ex Entei ex,True,12,100,11,612,True,b2e,one of the six B2e archetypes the task names as certainly Dustin's,106,106,43,ANY switch-1 card (groups 1-3),,,,0,,,
Magnezone Miraidon ex,True,13,96,13,568,False,none,"no Pokemon in the archetype name (Magnezone, Miraidon ex) appears in any decks/dustin or decks/brews file or B2e archetype",90,90,35,Jasmine,A4 160 / A4 200,trainer_turn_effect,True,0,0,0,
Magnezone Miraidon ex,True,13,96,13,568,False,none,"no Pokemon in the archetype name (Magnezone, Miraidon ex) appears in any decks/dustin or decks/brews file or B2e archetype",90,90,35,Cheren,B3 151 / B3 192,trainer_turn_effect,True,0,0,0,
Magnezone Miraidon ex,True,13,96,13,568,False,none,"no Pokemon in the archetype name (Magnezone, Miraidon ex) appears in any decks/dustin or decks/brews file or B2e archetype",90,90,35,Blue,A1a 067 / A1a 081,trainer_turn_effect,True,0,0,0,
Magnezone Miraidon ex,True,13,96,13,568,False,none,"no Pokemon in the archetype name (Magnezone, Miraidon ex) appears in any decks/dustin or decks/brews file or B2e archetype",90,90,35,Beast Wall,A3a 063,trainer_turn_effect,True,0,0,0,
Magnezone Miraidon ex,True,13,96,13,568,False,none,"no Pokemon in the archetype name (Magnezone, Miraidon ex) appears in any decks/dustin or decks/brews file or B2e archetype",90,90,35,Adaman,A2a 075 / A2a 090,trainer_turn_effect,True,0,0,0,
Magnezone Miraidon ex,True,13,96,13,568,False,none,"no Pokemon in the archetype name (Magnezone, Miraidon ex) appears in any decks/dustin or decks/brews file or B2e archetype",90,90,35,Heavy Helmet,B1 219,tool_reduction,True,0,0,0,
Magnezone Miraidon ex,True,13,96,13,568,False,none,"no Pokemon in the archetype name (Magnezone, Miraidon ex) appears in any decks/dustin or decks/brews file or B2e archetype",90,90,35,Steel Apron,A4 153,tool_reduction,True,0,0,0,
Magnezone Miraidon ex,True,13,96,13,568,False,none,"no Pokemon in the archetype name (Magnezone, Miraidon ex) appears in any decks/dustin or decks/brews file or B2e archetype",90,90,35,Metal Core Barrier,B2 148 / B2b 117,tool_reduction,True,0,0,0,
Magnezone Miraidon ex,True,13,96,13,568,False,none,"no Pokemon in the archetype name (Magnezone, Miraidon ex) appears in any decks/dustin or decks/brews file or B2e archetype",90,90,35,Mr. Mime,A1 126,attack_self_reduction,True,0,0,0,
Magnezone Miraidon ex,True,13,96,13,568,False,none,"no Pokemon in the archetype name (Magnezone, Miraidon ex) appears in any decks/dustin or decks/brews file or B2e archetype",90,90,35,Drifloon,A2 073 / A2 165,attack_self_reduction,True,0,0,0,
Magnezone Miraidon ex,True,13,96,13,568,False,none,"no Pokemon in the archetype name (Magnezone, Miraidon ex) appears in any decks/dustin or decks/brews file or B2e archetype",90,90,35,Bronzong,A2 117,attack_self_reduction,True,0,0,0,
Magnezone Miraidon ex,True,13,96,13,568,False,none,"no Pokemon in the archetype name (Magnezone, Miraidon ex) appears in any decks/dustin or decks/brews file or B2e archetype",90,90,35,Probopass ex,A2a 057 / A2a 085 / A2a 094 / A4b 253,attack_self_reduction,True,0,0,0,
Magnezone Miraidon ex,True,13,96,13,568,False,none,"no Pokemon in the archetype name (Magnezone, Miraidon ex) appears in any decks/dustin or decks/brews file or B2e archetype",90,90,35,Cloyster,A3 043 / B1a 093,attack_self_reduction,True,0,0,0,
Magnezone Miraidon ex,True,13,96,13,568,False,none,"no Pokemon in the archetype name (Magnezone, Miraidon ex) appears in any decks/dustin or decks/brews file or B2e archetype",90,90,35,Stakataka,A3a 053 / P-A 080,attack_self_reduction,True,0,0,0,
Magnezone Miraidon ex,True,13,96,13,568,False,none,"no Pokemon in the archetype name (Magnezone, Miraidon ex) appears in any decks/dustin or decks/brews file or B2e archetype",90,90,35,Skarmory ex,A4 124 / A4 194 / A4 209 / A4b 252,attack_self_reduction,True,0,0,0,
Magnezone Miraidon ex,True,13,96,13,568,False,none,"no Pokemon in the archetype name (Magnezone, Miraidon ex) appears in any decks/dustin or decks/brews file or B2e archetype",90,90,35,Avalugg,B1 075,attack_self_reduction,True,0,0,0,
Magnezone Miraidon ex,True,13,96,13,568,False,none,"no Pokemon in the archetype name (Magnezone, Miraidon ex) appears in any decks/dustin or decks/brews file or B2e archetype",90,90,35,Swirlix,B1 117,attack_self_reduction,True,0,0,0,
Magnezone Miraidon ex,True,13,96,13,568,False,none,"no Pokemon in the archetype name (Magnezone, Miraidon ex) appears in any decks/dustin or decks/brews file or B2e archetype",90,90,35,Ferrothorn (A3a 052 Steel Spikes),A3a 052,other,False,0,0,0,
Magnezone Miraidon ex,True,13,96,13,568,False,none,"no Pokemon in the archetype name (Magnezone, Miraidon ex) appears in any decks/dustin or decks/brews file or B2e archetype",90,90,35,Ferrothorn (B1 167 Guard Press),B1 167,attack_self_reduction,True,0,0,0,
Magnezone Miraidon ex,True,13,96,13,568,False,none,"no Pokemon in the archetype name (Magnezone, Miraidon ex) appears in any decks/dustin or decks/brews file or B2e archetype",90,90,35,Porygon,B1a 056 / B3 222,attack_self_reduction,True,0,0,0,
Magnezone Miraidon ex,True,13,96,13,568,False,none,"no Pokemon in the archetype name (Magnezone, Miraidon ex) appears in any decks/dustin or decks/brews file or B2e archetype",90,90,35,Shuckle,B2 003,attack_self_reduction,True,0,0,0,
Magnezone Miraidon ex,True,13,96,13,568,False,none,"no Pokemon in the archetype name (Magnezone, Miraidon ex) appears in any decks/dustin or decks/brews file or B2e archetype",90,90,35,Wigglytuff,B3b 052,attack_self_reduction,True,0,0,0,
Magnezone Miraidon ex,True,13,96,13,568,False,none,"no Pokemon in the archetype name (Magnezone, Miraidon ex) appears in any decks/dustin or decks/brews file or B2e archetype",90,90,35,Frigibax,P-B 037,attack_self_reduction,True,0,0,0,
Magnezone Miraidon ex,True,13,96,13,568,False,none,"no Pokemon in the archetype name (Magnezone, Miraidon ex) appears in any decks/dustin or decks/brews file or B2e archetype",90,90,35,Golem,A1a 045 / B1 309,attack_self_reduction,True,0,0,0,
Magnezone Miraidon ex,True,13,96,13,568,False,none,"no Pokemon in the archetype name (Magnezone, Miraidon ex) appears in any decks/dustin or decks/brews file or B2e archetype",90,90,35,Pupitar,A4 104,attack_self_reduction,True,0,0,0,
Magnezone Miraidon ex,True,13,96,13,568,False,none,"no Pokemon in the archetype name (Magnezone, Miraidon ex) appears in any decks/dustin or decks/brews file or B2e archetype",90,90,35,Carbink,B1 119,attack_self_reduction,True,0,0,0,
Magnezone Miraidon ex,True,13,96,13,568,False,none,"no Pokemon in the archetype name (Magnezone, Miraidon ex) appears in any decks/dustin or decks/brews file or B2e archetype",90,90,35,Registeel,B3 116,attack_self_reduction,True,0,0,0,
Magnezone Miraidon ex,True,13,96,13,568,False,none,"no Pokemon in the archetype name (Magnezone, Miraidon ex) appears in any decks/dustin or decks/brews file or B2e archetype",90,90,35,Archaludon,B4a 056,attack_self_reduction,True,0,0,0,
Magnezone Miraidon ex,True,13,96,13,568,False,none,"no Pokemon in the archetype name (Magnezone, Miraidon ex) appears in any decks/dustin or decks/brews file or B2e archetype",90,90,35,Cosmoem,A3 086 / A4b 182 / A4b 183,attack_self_reduction,True,0,0,0,
Magnezone Miraidon ex,True,13,96,13,568,False,none,"no Pokemon in the archetype name (Magnezone, Miraidon ex) appears in any decks/dustin or decks/brews file or B2e archetype",90,90,35,Corviknight,B1 175 / B1 246,attack_self_reduction,True,0,0,0,
Magnezone Miraidon ex,True,13,96,13,568,False,none,"no Pokemon in the archetype name (Magnezone, Miraidon ex) appears in any decks/dustin or decks/brews file or B2e archetype",90,90,35,Gouging Fire,B3a 054,attack_self_reduction,True,0,0,0,
Magnezone Miraidon ex,True,13,96,13,568,False,none,"no Pokemon in the archetype name (Magnezone, Miraidon ex) appears in any decks/dustin or decks/brews file or B2e archetype",90,90,35,Mega Steelix ex,B1a 052 / B1a 080 / B1a 086 / B3 232,attack_self_reduction,True,0,0,0,
Magnezone Miraidon ex,True,13,96,13,568,False,none,"no Pokemon in the archetype name (Magnezone, Miraidon ex) appears in any decks/dustin or decks/brews file or B2e archetype",90,90,35,Aegislash,B2 120,attack_self_reduction,True,0,0,0,
Magnezone Miraidon ex,True,13,96,13,568,False,none,"no Pokemon in the archetype name (Magnezone, Miraidon ex) appears in any decks/dustin or decks/brews file or B2e archetype",90,90,35,Cornerstone Mask Ogerpon,B2 093,attack_self_reduction,True,0,0,0,
Magnezone Miraidon ex,True,13,96,13,568,False,none,"no Pokemon in the archetype name (Magnezone, Miraidon ex) appears in any decks/dustin or decks/brews file or B2e archetype",90,90,35,Protective Poncho,B2 147 / B2 234,other,False,2,3,0,
Magnezone Miraidon ex,True,13,96,13,568,False,none,"no Pokemon in the archetype name (Magnezone, Miraidon ex) appears in any decks/dustin or decks/brews file or B2e archetype",90,90,35,Rocky Helmet,A2 148 / A4b 322 / A4b 323,other,False,1,2,0,
Magnezone Miraidon ex,True,13,96,13,568,False,none,"no Pokemon in the archetype name (Magnezone, Miraidon ex) appears in any decks/dustin or decks/brews file or B2e archetype",90,90,35,Turtonator,B1 047,other,False,0,0,0,
Magnezone Miraidon ex,True,13,96,13,568,False,none,"no Pokemon in the archetype name (Magnezone, Miraidon ex) appears in any decks/dustin or decks/brews file or B2e archetype",90,90,35,Togedemaru,A3b 048 / P-A 090,other,False,0,0,0,
Magnezone Miraidon ex,True,13,96,13,568,False,none,"no Pokemon in the archetype name (Magnezone, Miraidon ex) appears in any decks/dustin or decks/brews file or B2e archetype",90,90,35,Alolan Sandslash,A3 039,other,False,0,0,0,
Magnezone Miraidon ex,True,13,96,13,568,False,none,"no Pokemon in the archetype name (Magnezone, Miraidon ex) appears in any decks/dustin or decks/brews file or B2e archetype",90,90,35,Mega Sableye ex,B3b 041 / B3b 081 / B3b 088,other,False,0,0,0,
Magnezone Miraidon ex,True,13,96,13,568,False,none,"no Pokemon in the archetype name (Magnezone, Miraidon ex) appears in any decks/dustin or decks/brews file or B2e archetype",90,90,35,Chesnaught,B2 010,other,False,0,0,0,
Magnezone Miraidon ex,True,13,96,13,568,False,none,"no Pokemon in the archetype name (Magnezone, Miraidon ex) appears in any decks/dustin or decks/brews file or B2e archetype",90,90,35,Poliwrath,A1 061 / B1 297,other,False,0,0,0,
Magnezone Miraidon ex,True,13,96,13,568,False,none,"no Pokemon in the archetype name (Magnezone, Miraidon ex) appears in any decks/dustin or decks/brews file or B2e archetype",90,90,35,Druddigon,A1a 056,other,False,0,0,0,
Magnezone Miraidon ex,True,13,96,13,568,False,none,"no Pokemon in the archetype name (Magnezone, Miraidon ex) appears in any decks/dustin or decks/brews file or B2e archetype",90,90,35,Pawmot,A2b 028 / P-A 054,other,False,0,0,0,
Magnezone Miraidon ex,True,13,96,13,568,False,none,"no Pokemon in the archetype name (Magnezone, Miraidon ex) appears in any decks/dustin or decks/brews file or B2e archetype",90,90,35,Zangoose,A4a 065,other,False,0,0,0,
Magnezone Miraidon ex,True,13,96,13,568,False,none,"no Pokemon in the archetype name (Magnezone, Miraidon ex) appears in any decks/dustin or decks/brews file or B2e archetype",90,90,35,Iron Jugulis,B3a 046,other,False,0,0,0,
Magnezone Miraidon ex,True,13,96,13,568,False,none,"no Pokemon in the archetype name (Magnezone, Miraidon ex) appears in any decks/dustin or decks/brews file or B2e archetype",90,90,35,ANY (at least one card of the set),,,,3,,,
Magnezone Miraidon ex,True,13,96,13,568,False,none,"no Pokemon in the archetype name (Magnezone, Miraidon ex) appears in any decks/dustin or decks/brews file or B2e archetype",90,90,35,ANY switch-1 card (groups 1-3),,,,0,,,
Hoopa ex Mega Absol ex,True,14,95,9,716,True,b2e,one of the six B2e archetypes the task names as certainly Dustin's,128,128,46,Jasmine,A4 160 / A4 200,trainer_turn_effect,True,0,0,0,
Hoopa ex Mega Absol ex,True,14,95,9,716,True,b2e,one of the six B2e archetypes the task names as certainly Dustin's,128,128,46,Cheren,B3 151 / B3 192,trainer_turn_effect,True,0,0,0,
Hoopa ex Mega Absol ex,True,14,95,9,716,True,b2e,one of the six B2e archetypes the task names as certainly Dustin's,128,128,46,Blue,A1a 067 / A1a 081,trainer_turn_effect,True,0,0,0,
Hoopa ex Mega Absol ex,True,14,95,9,716,True,b2e,one of the six B2e archetypes the task names as certainly Dustin's,128,128,46,Beast Wall,A3a 063,trainer_turn_effect,True,0,0,0,
Hoopa ex Mega Absol ex,True,14,95,9,716,True,b2e,one of the six B2e archetypes the task names as certainly Dustin's,128,128,46,Adaman,A2a 075 / A2a 090,trainer_turn_effect,True,0,0,0,
Hoopa ex Mega Absol ex,True,14,95,9,716,True,b2e,one of the six B2e archetypes the task names as certainly Dustin's,128,128,46,Heavy Helmet,B1 219,tool_reduction,True,0,0,0,
Hoopa ex Mega Absol ex,True,14,95,9,716,True,b2e,one of the six B2e archetypes the task names as certainly Dustin's,128,128,46,Steel Apron,A4 153,tool_reduction,True,0,0,0,
Hoopa ex Mega Absol ex,True,14,95,9,716,True,b2e,one of the six B2e archetypes the task names as certainly Dustin's,128,128,46,Metal Core Barrier,B2 148 / B2b 117,tool_reduction,True,0,0,0,
Hoopa ex Mega Absol ex,True,14,95,9,716,True,b2e,one of the six B2e archetypes the task names as certainly Dustin's,128,128,46,Mr. Mime,A1 126,attack_self_reduction,True,0,0,0,
Hoopa ex Mega Absol ex,True,14,95,9,716,True,b2e,one of the six B2e archetypes the task names as certainly Dustin's,128,128,46,Drifloon,A2 073 / A2 165,attack_self_reduction,True,0,0,0,
Hoopa ex Mega Absol ex,True,14,95,9,716,True,b2e,one of the six B2e archetypes the task names as certainly Dustin's,128,128,46,Bronzong,A2 117,attack_self_reduction,True,0,0,0,
Hoopa ex Mega Absol ex,True,14,95,9,716,True,b2e,one of the six B2e archetypes the task names as certainly Dustin's,128,128,46,Probopass ex,A2a 057 / A2a 085 / A2a 094 / A4b 253,attack_self_reduction,True,0,0,0,
Hoopa ex Mega Absol ex,True,14,95,9,716,True,b2e,one of the six B2e archetypes the task names as certainly Dustin's,128,128,46,Cloyster,A3 043 / B1a 093,attack_self_reduction,True,0,0,0,
Hoopa ex Mega Absol ex,True,14,95,9,716,True,b2e,one of the six B2e archetypes the task names as certainly Dustin's,128,128,46,Stakataka,A3a 053 / P-A 080,attack_self_reduction,True,0,0,0,
Hoopa ex Mega Absol ex,True,14,95,9,716,True,b2e,one of the six B2e archetypes the task names as certainly Dustin's,128,128,46,Skarmory ex,A4 124 / A4 194 / A4 209 / A4b 252,attack_self_reduction,True,0,0,0,
Hoopa ex Mega Absol ex,True,14,95,9,716,True,b2e,one of the six B2e archetypes the task names as certainly Dustin's,128,128,46,Avalugg,B1 075,attack_self_reduction,True,0,0,0,
Hoopa ex Mega Absol ex,True,14,95,9,716,True,b2e,one of the six B2e archetypes the task names as certainly Dustin's,128,128,46,Swirlix,B1 117,attack_self_reduction,True,0,0,0,
Hoopa ex Mega Absol ex,True,14,95,9,716,True,b2e,one of the six B2e archetypes the task names as certainly Dustin's,128,128,46,Ferrothorn (A3a 052 Steel Spikes),A3a 052,other,False,0,0,0,
Hoopa ex Mega Absol ex,True,14,95,9,716,True,b2e,one of the six B2e archetypes the task names as certainly Dustin's,128,128,46,Ferrothorn (B1 167 Guard Press),B1 167,attack_self_reduction,True,0,0,0,
Hoopa ex Mega Absol ex,True,14,95,9,716,True,b2e,one of the six B2e archetypes the task names as certainly Dustin's,128,128,46,Porygon,B1a 056 / B3 222,attack_self_reduction,True,0,0,0,
Hoopa ex Mega Absol ex,True,14,95,9,716,True,b2e,one of the six B2e archetypes the task names as certainly Dustin's,128,128,46,Shuckle,B2 003,attack_self_reduction,True,0,0,0,
Hoopa ex Mega Absol ex,True,14,95,9,716,True,b2e,one of the six B2e archetypes the task names as certainly Dustin's,128,128,46,Wigglytuff,B3b 052,attack_self_reduction,True,0,0,0,
Hoopa ex Mega Absol ex,True,14,95,9,716,True,b2e,one of the six B2e archetypes the task names as certainly Dustin's,128,128,46,Frigibax,P-B 037,attack_self_reduction,True,0,0,0,
Hoopa ex Mega Absol ex,True,14,95,9,716,True,b2e,one of the six B2e archetypes the task names as certainly Dustin's,128,128,46,Golem,A1a 045 / B1 309,attack_self_reduction,True,0,0,0,
Hoopa ex Mega Absol ex,True,14,95,9,716,True,b2e,one of the six B2e archetypes the task names as certainly Dustin's,128,128,46,Pupitar,A4 104,attack_self_reduction,True,0,0,0,
Hoopa ex Mega Absol ex,True,14,95,9,716,True,b2e,one of the six B2e archetypes the task names as certainly Dustin's,128,128,46,Carbink,B1 119,attack_self_reduction,True,0,0,0,
Hoopa ex Mega Absol ex,True,14,95,9,716,True,b2e,one of the six B2e archetypes the task names as certainly Dustin's,128,128,46,Registeel,B3 116,attack_self_reduction,True,0,0,0,
Hoopa ex Mega Absol ex,True,14,95,9,716,True,b2e,one of the six B2e archetypes the task names as certainly Dustin's,128,128,46,Archaludon,B4a 056,attack_self_reduction,True,0,0,0,
Hoopa ex Mega Absol ex,True,14,95,9,716,True,b2e,one of the six B2e archetypes the task names as certainly Dustin's,128,128,46,Cosmoem,A3 086 / A4b 182 / A4b 183,attack_self_reduction,True,0,0,0,
Hoopa ex Mega Absol ex,True,14,95,9,716,True,b2e,one of the six B2e archetypes the task names as certainly Dustin's,128,128,46,Corviknight,B1 175 / B1 246,attack_self_reduction,True,0,0,0,
Hoopa ex Mega Absol ex,True,14,95,9,716,True,b2e,one of the six B2e archetypes the task names as certainly Dustin's,128,128,46,Gouging Fire,B3a 054,attack_self_reduction,True,0,0,0,
Hoopa ex Mega Absol ex,True,14,95,9,716,True,b2e,one of the six B2e archetypes the task names as certainly Dustin's,128,128,46,Mega Steelix ex,B1a 052 / B1a 080 / B1a 086 / B3 232,attack_self_reduction,True,0,0,0,
Hoopa ex Mega Absol ex,True,14,95,9,716,True,b2e,one of the six B2e archetypes the task names as certainly Dustin's,128,128,46,Aegislash,B2 120,attack_self_reduction,True,0,0,0,
Hoopa ex Mega Absol ex,True,14,95,9,716,True,b2e,one of the six B2e archetypes the task names as certainly Dustin's,128,128,46,Cornerstone Mask Ogerpon,B2 093,attack_self_reduction,True,0,0,0,
Hoopa ex Mega Absol ex,True,14,95,9,716,True,b2e,one of the six B2e archetypes the task names as certainly Dustin's,128,128,46,Protective Poncho,B2 147 / B2 234,other,False,0,0,0,
Hoopa ex Mega Absol ex,True,14,95,9,716,True,b2e,one of the six B2e archetypes the task names as certainly Dustin's,128,128,46,Rocky Helmet,A2 148 / A4b 322 / A4b 323,other,False,0,0,0,
Hoopa ex Mega Absol ex,True,14,95,9,716,True,b2e,one of the six B2e archetypes the task names as certainly Dustin's,128,128,46,Turtonator,B1 047,other,False,0,0,0,
Hoopa ex Mega Absol ex,True,14,95,9,716,True,b2e,one of the six B2e archetypes the task names as certainly Dustin's,128,128,46,Togedemaru,A3b 048 / P-A 090,other,False,0,0,0,
Hoopa ex Mega Absol ex,True,14,95,9,716,True,b2e,one of the six B2e archetypes the task names as certainly Dustin's,128,128,46,Alolan Sandslash,A3 039,other,False,0,0,0,
Hoopa ex Mega Absol ex,True,14,95,9,716,True,b2e,one of the six B2e archetypes the task names as certainly Dustin's,128,128,46,Mega Sableye ex,B3b 041 / B3b 081 / B3b 088,other,False,0,0,0,
Hoopa ex Mega Absol ex,True,14,95,9,716,True,b2e,one of the six B2e archetypes the task names as certainly Dustin's,128,128,46,Chesnaught,B2 010,other,False,0,0,0,
Hoopa ex Mega Absol ex,True,14,95,9,716,True,b2e,one of the six B2e archetypes the task names as certainly Dustin's,128,128,46,Poliwrath,A1 061 / B1 297,other,False,0,0,0,
Hoopa ex Mega Absol ex,True,14,95,9,716,True,b2e,one of the six B2e archetypes the task names as certainly Dustin's,128,128,46,Druddigon,A1a 056,other,False,0,0,0,
Hoopa ex Mega Absol ex,True,14,95,9,716,True,b2e,one of the six B2e archetypes the task names as certainly Dustin's,128,128,46,Pawmot,A2b 028 / P-A 054,other,False,0,0,0,
Hoopa ex Mega Absol ex,True,14,95,9,716,True,b2e,one of the six B2e archetypes the task names as certainly Dustin's,128,128,46,Zangoose,A4a 065,other,False,0,0,0,
Hoopa ex Mega Absol ex,True,14,95,9,716,True,b2e,one of the six B2e archetypes the task names as certainly Dustin's,128,128,46,Iron Jugulis,B3a 046,other,False,0,0,0,
Hoopa ex Mega Absol ex,True,14,95,9,716,True,b2e,one of the six B2e archetypes the task names as certainly Dustin's,128,128,46,ANY (at least one card of the set),,,,0,,,
Hoopa ex Mega Absol ex,True,14,95,9,716,True,b2e,one of the six B2e archetypes the task names as certainly Dustin's,128,128,46,ANY switch-1 card (groups 1-3),,,,0,,,
Magnezone ex Magnezone,True,15,92,18,345,False,none,"no Pokemon in the archetype name (Magnezone ex, Magnezone) appears in any decks/dustin or decks/brews file or B2e archetype",65,65,28,Jasmine,A4 160 / A4 200,trainer_turn_effect,True,0,0,0,
Magnezone ex Magnezone,True,15,92,18,345,False,none,"no Pokemon in the archetype name (Magnezone ex, Magnezone) appears in any decks/dustin or decks/brews file or B2e archetype",65,65,28,Cheren,B3 151 / B3 192,trainer_turn_effect,True,0,0,0,
Magnezone ex Magnezone,True,15,92,18,345,False,none,"no Pokemon in the archetype name (Magnezone ex, Magnezone) appears in any decks/dustin or decks/brews file or B2e archetype",65,65,28,Blue,A1a 067 / A1a 081,trainer_turn_effect,True,0,0,0,
Magnezone ex Magnezone,True,15,92,18,345,False,none,"no Pokemon in the archetype name (Magnezone ex, Magnezone) appears in any decks/dustin or decks/brews file or B2e archetype",65,65,28,Beast Wall,A3a 063,trainer_turn_effect,True,0,0,0,
Magnezone ex Magnezone,True,15,92,18,345,False,none,"no Pokemon in the archetype name (Magnezone ex, Magnezone) appears in any decks/dustin or decks/brews file or B2e archetype",65,65,28,Adaman,A2a 075 / A2a 090,trainer_turn_effect,True,0,0,0,
Magnezone ex Magnezone,True,15,92,18,345,False,none,"no Pokemon in the archetype name (Magnezone ex, Magnezone) appears in any decks/dustin or decks/brews file or B2e archetype",65,65,28,Heavy Helmet,B1 219,tool_reduction,True,0,0,0,
Magnezone ex Magnezone,True,15,92,18,345,False,none,"no Pokemon in the archetype name (Magnezone ex, Magnezone) appears in any decks/dustin or decks/brews file or B2e archetype",65,65,28,Steel Apron,A4 153,tool_reduction,True,0,0,0,
Magnezone ex Magnezone,True,15,92,18,345,False,none,"no Pokemon in the archetype name (Magnezone ex, Magnezone) appears in any decks/dustin or decks/brews file or B2e archetype",65,65,28,Metal Core Barrier,B2 148 / B2b 117,tool_reduction,True,0,0,0,
Magnezone ex Magnezone,True,15,92,18,345,False,none,"no Pokemon in the archetype name (Magnezone ex, Magnezone) appears in any decks/dustin or decks/brews file or B2e archetype",65,65,28,Mr. Mime,A1 126,attack_self_reduction,True,0,0,0,
Magnezone ex Magnezone,True,15,92,18,345,False,none,"no Pokemon in the archetype name (Magnezone ex, Magnezone) appears in any decks/dustin or decks/brews file or B2e archetype",65,65,28,Drifloon,A2 073 / A2 165,attack_self_reduction,True,0,0,0,
Magnezone ex Magnezone,True,15,92,18,345,False,none,"no Pokemon in the archetype name (Magnezone ex, Magnezone) appears in any decks/dustin or decks/brews file or B2e archetype",65,65,28,Bronzong,A2 117,attack_self_reduction,True,0,0,0,
Magnezone ex Magnezone,True,15,92,18,345,False,none,"no Pokemon in the archetype name (Magnezone ex, Magnezone) appears in any decks/dustin or decks/brews file or B2e archetype",65,65,28,Probopass ex,A2a 057 / A2a 085 / A2a 094 / A4b 253,attack_self_reduction,True,0,0,0,
Magnezone ex Magnezone,True,15,92,18,345,False,none,"no Pokemon in the archetype name (Magnezone ex, Magnezone) appears in any decks/dustin or decks/brews file or B2e archetype",65,65,28,Cloyster,A3 043 / B1a 093,attack_self_reduction,True,0,0,0,
Magnezone ex Magnezone,True,15,92,18,345,False,none,"no Pokemon in the archetype name (Magnezone ex, Magnezone) appears in any decks/dustin or decks/brews file or B2e archetype",65,65,28,Stakataka,A3a 053 / P-A 080,attack_self_reduction,True,0,0,0,
Magnezone ex Magnezone,True,15,92,18,345,False,none,"no Pokemon in the archetype name (Magnezone ex, Magnezone) appears in any decks/dustin or decks/brews file or B2e archetype",65,65,28,Skarmory ex,A4 124 / A4 194 / A4 209 / A4b 252,attack_self_reduction,True,0,0,0,
Magnezone ex Magnezone,True,15,92,18,345,False,none,"no Pokemon in the archetype name (Magnezone ex, Magnezone) appears in any decks/dustin or decks/brews file or B2e archetype",65,65,28,Avalugg,B1 075,attack_self_reduction,True,0,0,0,
Magnezone ex Magnezone,True,15,92,18,345,False,none,"no Pokemon in the archetype name (Magnezone ex, Magnezone) appears in any decks/dustin or decks/brews file or B2e archetype",65,65,28,Swirlix,B1 117,attack_self_reduction,True,0,0,0,
Magnezone ex Magnezone,True,15,92,18,345,False,none,"no Pokemon in the archetype name (Magnezone ex, Magnezone) appears in any decks/dustin or decks/brews file or B2e archetype",65,65,28,Ferrothorn (A3a 052 Steel Spikes),A3a 052,other,False,0,0,0,
Magnezone ex Magnezone,True,15,92,18,345,False,none,"no Pokemon in the archetype name (Magnezone ex, Magnezone) appears in any decks/dustin or decks/brews file or B2e archetype",65,65,28,Ferrothorn (B1 167 Guard Press),B1 167,attack_self_reduction,True,0,0,0,
Magnezone ex Magnezone,True,15,92,18,345,False,none,"no Pokemon in the archetype name (Magnezone ex, Magnezone) appears in any decks/dustin or decks/brews file or B2e archetype",65,65,28,Porygon,B1a 056 / B3 222,attack_self_reduction,True,0,0,0,
Magnezone ex Magnezone,True,15,92,18,345,False,none,"no Pokemon in the archetype name (Magnezone ex, Magnezone) appears in any decks/dustin or decks/brews file or B2e archetype",65,65,28,Shuckle,B2 003,attack_self_reduction,True,0,0,0,
Magnezone ex Magnezone,True,15,92,18,345,False,none,"no Pokemon in the archetype name (Magnezone ex, Magnezone) appears in any decks/dustin or decks/brews file or B2e archetype",65,65,28,Wigglytuff,B3b 052,attack_self_reduction,True,0,0,0,
Magnezone ex Magnezone,True,15,92,18,345,False,none,"no Pokemon in the archetype name (Magnezone ex, Magnezone) appears in any decks/dustin or decks/brews file or B2e archetype",65,65,28,Frigibax,P-B 037,attack_self_reduction,True,0,0,0,
Magnezone ex Magnezone,True,15,92,18,345,False,none,"no Pokemon in the archetype name (Magnezone ex, Magnezone) appears in any decks/dustin or decks/brews file or B2e archetype",65,65,28,Golem,A1a 045 / B1 309,attack_self_reduction,True,0,0,0,
Magnezone ex Magnezone,True,15,92,18,345,False,none,"no Pokemon in the archetype name (Magnezone ex, Magnezone) appears in any decks/dustin or decks/brews file or B2e archetype",65,65,28,Pupitar,A4 104,attack_self_reduction,True,0,0,0,
Magnezone ex Magnezone,True,15,92,18,345,False,none,"no Pokemon in the archetype name (Magnezone ex, Magnezone) appears in any decks/dustin or decks/brews file or B2e archetype",65,65,28,Carbink,B1 119,attack_self_reduction,True,0,0,0,
Magnezone ex Magnezone,True,15,92,18,345,False,none,"no Pokemon in the archetype name (Magnezone ex, Magnezone) appears in any decks/dustin or decks/brews file or B2e archetype",65,65,28,Registeel,B3 116,attack_self_reduction,True,0,0,0,
Magnezone ex Magnezone,True,15,92,18,345,False,none,"no Pokemon in the archetype name (Magnezone ex, Magnezone) appears in any decks/dustin or decks/brews file or B2e archetype",65,65,28,Archaludon,B4a 056,attack_self_reduction,True,0,0,0,
Magnezone ex Magnezone,True,15,92,18,345,False,none,"no Pokemon in the archetype name (Magnezone ex, Magnezone) appears in any decks/dustin or decks/brews file or B2e archetype",65,65,28,Cosmoem,A3 086 / A4b 182 / A4b 183,attack_self_reduction,True,0,0,0,
Magnezone ex Magnezone,True,15,92,18,345,False,none,"no Pokemon in the archetype name (Magnezone ex, Magnezone) appears in any decks/dustin or decks/brews file or B2e archetype",65,65,28,Corviknight,B1 175 / B1 246,attack_self_reduction,True,0,0,0,
Magnezone ex Magnezone,True,15,92,18,345,False,none,"no Pokemon in the archetype name (Magnezone ex, Magnezone) appears in any decks/dustin or decks/brews file or B2e archetype",65,65,28,Gouging Fire,B3a 054,attack_self_reduction,True,0,0,0,
Magnezone ex Magnezone,True,15,92,18,345,False,none,"no Pokemon in the archetype name (Magnezone ex, Magnezone) appears in any decks/dustin or decks/brews file or B2e archetype",65,65,28,Mega Steelix ex,B1a 052 / B1a 080 / B1a 086 / B3 232,attack_self_reduction,True,0,0,0,
Magnezone ex Magnezone,True,15,92,18,345,False,none,"no Pokemon in the archetype name (Magnezone ex, Magnezone) appears in any decks/dustin or decks/brews file or B2e archetype",65,65,28,Aegislash,B2 120,attack_self_reduction,True,0,0,0,
Magnezone ex Magnezone,True,15,92,18,345,False,none,"no Pokemon in the archetype name (Magnezone ex, Magnezone) appears in any decks/dustin or decks/brews file or B2e archetype",65,65,28,Cornerstone Mask Ogerpon,B2 093,attack_self_reduction,True,0,0,0,
Magnezone ex Magnezone,True,15,92,18,345,False,none,"no Pokemon in the archetype name (Magnezone ex, Magnezone) appears in any decks/dustin or decks/brews file or B2e archetype",65,65,28,Protective Poncho,B2 147 / B2 234,other,False,31,31,0,
Magnezone ex Magnezone,True,15,92,18,345,False,none,"no Pokemon in the archetype name (Magnezone ex, Magnezone) appears in any decks/dustin or decks/brews file or B2e archetype",65,65,28,Rocky Helmet,A2 148 / A4b 322 / A4b 323,other,False,0,0,0,
Magnezone ex Magnezone,True,15,92,18,345,False,none,"no Pokemon in the archetype name (Magnezone ex, Magnezone) appears in any decks/dustin or decks/brews file or B2e archetype",65,65,28,Turtonator,B1 047,other,False,0,0,0,
Magnezone ex Magnezone,True,15,92,18,345,False,none,"no Pokemon in the archetype name (Magnezone ex, Magnezone) appears in any decks/dustin or decks/brews file or B2e archetype",65,65,28,Togedemaru,A3b 048 / P-A 090,other,False,0,0,0,
Magnezone ex Magnezone,True,15,92,18,345,False,none,"no Pokemon in the archetype name (Magnezone ex, Magnezone) appears in any decks/dustin or decks/brews file or B2e archetype",65,65,28,Alolan Sandslash,A3 039,other,False,0,0,0,
Magnezone ex Magnezone,True,15,92,18,345,False,none,"no Pokemon in the archetype name (Magnezone ex, Magnezone) appears in any decks/dustin or decks/brews file or B2e archetype",65,65,28,Mega Sableye ex,B3b 041 / B3b 081 / B3b 088,other,False,0,0,0,
Magnezone ex Magnezone,True,15,92,18,345,False,none,"no Pokemon in the archetype name (Magnezone ex, Magnezone) appears in any decks/dustin or decks/brews file or B2e archetype",65,65,28,Chesnaught,B2 010,other,False,0,0,0,
Magnezone ex Magnezone,True,15,92,18,345,False,none,"no Pokemon in the archetype name (Magnezone ex, Magnezone) appears in any decks/dustin or decks/brews file or B2e archetype",65,65,28,Poliwrath,A1 061 / B1 297,other,False,0,0,0,
Magnezone ex Magnezone,True,15,92,18,345,False,none,"no Pokemon in the archetype name (Magnezone ex, Magnezone) appears in any decks/dustin or decks/brews file or B2e archetype",65,65,28,Druddigon,A1a 056,other,False,0,0,0,
Magnezone ex Magnezone,True,15,92,18,345,False,none,"no Pokemon in the archetype name (Magnezone ex, Magnezone) appears in any decks/dustin or decks/brews file or B2e archetype",65,65,28,Pawmot,A2b 028 / P-A 054,other,False,0,0,0,
Magnezone ex Magnezone,True,15,92,18,345,False,none,"no Pokemon in the archetype name (Magnezone ex, Magnezone) appears in any decks/dustin or decks/brews file or B2e archetype",65,65,28,Zangoose,A4a 065,other,False,0,0,0,
Magnezone ex Magnezone,True,15,92,18,345,False,none,"no Pokemon in the archetype name (Magnezone ex, Magnezone) appears in any decks/dustin or decks/brews file or B2e archetype",65,65,28,Iron Jugulis,B3a 046,other,False,0,0,0,
Magnezone ex Magnezone,True,15,92,18,345,False,none,"no Pokemon in the archetype name (Magnezone ex, Magnezone) appears in any decks/dustin or decks/brews file or B2e archetype",65,65,28,ANY (at least one card of the set),,,,31,,,
Magnezone ex Magnezone,True,15,92,18,345,False,none,"no Pokemon in the archetype name (Magnezone ex, Magnezone) appears in any decks/dustin or decks/brews file or B2e archetype",65,65,28,ANY switch-1 card (groups 1-3),,,,0,,,
Mega Altaria ex Greninja,True,16,79,10,680,False,none,"no Pokemon in the archetype name (Mega Altaria ex, Greninja) appears in any decks/dustin or decks/brews file or B2e archetype",125,125,42,Jasmine,A4 160 / A4 200,trainer_turn_effect,True,0,0,0,
Mega Altaria ex Greninja,True,16,79,10,680,False,none,"no Pokemon in the archetype name (Mega Altaria ex, Greninja) appears in any decks/dustin or decks/brews file or B2e archetype",125,125,42,Cheren,B3 151 / B3 192,trainer_turn_effect,True,0,0,0,
Mega Altaria ex Greninja,True,16,79,10,680,False,none,"no Pokemon in the archetype name (Mega Altaria ex, Greninja) appears in any decks/dustin or decks/brews file or B2e archetype",125,125,42,Blue,A1a 067 / A1a 081,trainer_turn_effect,True,0,0,0,
Mega Altaria ex Greninja,True,16,79,10,680,False,none,"no Pokemon in the archetype name (Mega Altaria ex, Greninja) appears in any decks/dustin or decks/brews file or B2e archetype",125,125,42,Beast Wall,A3a 063,trainer_turn_effect,True,0,0,0,
Mega Altaria ex Greninja,True,16,79,10,680,False,none,"no Pokemon in the archetype name (Mega Altaria ex, Greninja) appears in any decks/dustin or decks/brews file or B2e archetype",125,125,42,Adaman,A2a 075 / A2a 090,trainer_turn_effect,True,0,0,0,
Mega Altaria ex Greninja,True,16,79,10,680,False,none,"no Pokemon in the archetype name (Mega Altaria ex, Greninja) appears in any decks/dustin or decks/brews file or B2e archetype",125,125,42,Heavy Helmet,B1 219,tool_reduction,True,0,0,0,
Mega Altaria ex Greninja,True,16,79,10,680,False,none,"no Pokemon in the archetype name (Mega Altaria ex, Greninja) appears in any decks/dustin or decks/brews file or B2e archetype",125,125,42,Steel Apron,A4 153,tool_reduction,True,0,0,0,
Mega Altaria ex Greninja,True,16,79,10,680,False,none,"no Pokemon in the archetype name (Mega Altaria ex, Greninja) appears in any decks/dustin or decks/brews file or B2e archetype",125,125,42,Metal Core Barrier,B2 148 / B2b 117,tool_reduction,True,0,0,0,
Mega Altaria ex Greninja,True,16,79,10,680,False,none,"no Pokemon in the archetype name (Mega Altaria ex, Greninja) appears in any decks/dustin or decks/brews file or B2e archetype",125,125,42,Mr. Mime,A1 126,attack_self_reduction,True,0,0,0,
Mega Altaria ex Greninja,True,16,79,10,680,False,none,"no Pokemon in the archetype name (Mega Altaria ex, Greninja) appears in any decks/dustin or decks/brews file or B2e archetype",125,125,42,Drifloon,A2 073 / A2 165,attack_self_reduction,True,0,0,0,
Mega Altaria ex Greninja,True,16,79,10,680,False,none,"no Pokemon in the archetype name (Mega Altaria ex, Greninja) appears in any decks/dustin or decks/brews file or B2e archetype",125,125,42,Bronzong,A2 117,attack_self_reduction,True,0,0,0,
Mega Altaria ex Greninja,True,16,79,10,680,False,none,"no Pokemon in the archetype name (Mega Altaria ex, Greninja) appears in any decks/dustin or decks/brews file or B2e archetype",125,125,42,Probopass ex,A2a 057 / A2a 085 / A2a 094 / A4b 253,attack_self_reduction,True,0,0,0,
Mega Altaria ex Greninja,True,16,79,10,680,False,none,"no Pokemon in the archetype name (Mega Altaria ex, Greninja) appears in any decks/dustin or decks/brews file or B2e archetype",125,125,42,Cloyster,A3 043 / B1a 093,attack_self_reduction,True,0,0,0,
Mega Altaria ex Greninja,True,16,79,10,680,False,none,"no Pokemon in the archetype name (Mega Altaria ex, Greninja) appears in any decks/dustin or decks/brews file or B2e archetype",125,125,42,Stakataka,A3a 053 / P-A 080,attack_self_reduction,True,0,0,0,
Mega Altaria ex Greninja,True,16,79,10,680,False,none,"no Pokemon in the archetype name (Mega Altaria ex, Greninja) appears in any decks/dustin or decks/brews file or B2e archetype",125,125,42,Skarmory ex,A4 124 / A4 194 / A4 209 / A4b 252,attack_self_reduction,True,0,0,0,
Mega Altaria ex Greninja,True,16,79,10,680,False,none,"no Pokemon in the archetype name (Mega Altaria ex, Greninja) appears in any decks/dustin or decks/brews file or B2e archetype",125,125,42,Avalugg,B1 075,attack_self_reduction,True,0,0,0,
Mega Altaria ex Greninja,True,16,79,10,680,False,none,"no Pokemon in the archetype name (Mega Altaria ex, Greninja) appears in any decks/dustin or decks/brews file or B2e archetype",125,125,42,Swirlix,B1 117,attack_self_reduction,True,0,0,0,
Mega Altaria ex Greninja,True,16,79,10,680,False,none,"no Pokemon in the archetype name (Mega Altaria ex, Greninja) appears in any decks/dustin or decks/brews file or B2e archetype",125,125,42,Ferrothorn (A3a 052 Steel Spikes),A3a 052,other,False,0,0,0,
Mega Altaria ex Greninja,True,16,79,10,680,False,none,"no Pokemon in the archetype name (Mega Altaria ex, Greninja) appears in any decks/dustin or decks/brews file or B2e archetype",125,125,42,Ferrothorn (B1 167 Guard Press),B1 167,attack_self_reduction,True,0,0,0,
Mega Altaria ex Greninja,True,16,79,10,680,False,none,"no Pokemon in the archetype name (Mega Altaria ex, Greninja) appears in any decks/dustin or decks/brews file or B2e archetype",125,125,42,Porygon,B1a 056 / B3 222,attack_self_reduction,True,0,0,0,
Mega Altaria ex Greninja,True,16,79,10,680,False,none,"no Pokemon in the archetype name (Mega Altaria ex, Greninja) appears in any decks/dustin or decks/brews file or B2e archetype",125,125,42,Shuckle,B2 003,attack_self_reduction,True,0,0,0,
Mega Altaria ex Greninja,True,16,79,10,680,False,none,"no Pokemon in the archetype name (Mega Altaria ex, Greninja) appears in any decks/dustin or decks/brews file or B2e archetype",125,125,42,Wigglytuff,B3b 052,attack_self_reduction,True,0,0,0,
Mega Altaria ex Greninja,True,16,79,10,680,False,none,"no Pokemon in the archetype name (Mega Altaria ex, Greninja) appears in any decks/dustin or decks/brews file or B2e archetype",125,125,42,Frigibax,P-B 037,attack_self_reduction,True,0,0,0,
Mega Altaria ex Greninja,True,16,79,10,680,False,none,"no Pokemon in the archetype name (Mega Altaria ex, Greninja) appears in any decks/dustin or decks/brews file or B2e archetype",125,125,42,Golem,A1a 045 / B1 309,attack_self_reduction,True,0,0,0,
Mega Altaria ex Greninja,True,16,79,10,680,False,none,"no Pokemon in the archetype name (Mega Altaria ex, Greninja) appears in any decks/dustin or decks/brews file or B2e archetype",125,125,42,Pupitar,A4 104,attack_self_reduction,True,0,0,0,
Mega Altaria ex Greninja,True,16,79,10,680,False,none,"no Pokemon in the archetype name (Mega Altaria ex, Greninja) appears in any decks/dustin or decks/brews file or B2e archetype",125,125,42,Carbink,B1 119,attack_self_reduction,True,0,0,0,
Mega Altaria ex Greninja,True,16,79,10,680,False,none,"no Pokemon in the archetype name (Mega Altaria ex, Greninja) appears in any decks/dustin or decks/brews file or B2e archetype",125,125,42,Registeel,B3 116,attack_self_reduction,True,0,0,0,
Mega Altaria ex Greninja,True,16,79,10,680,False,none,"no Pokemon in the archetype name (Mega Altaria ex, Greninja) appears in any decks/dustin or decks/brews file or B2e archetype",125,125,42,Archaludon,B4a 056,attack_self_reduction,True,0,0,0,
Mega Altaria ex Greninja,True,16,79,10,680,False,none,"no Pokemon in the archetype name (Mega Altaria ex, Greninja) appears in any decks/dustin or decks/brews file or B2e archetype",125,125,42,Cosmoem,A3 086 / A4b 182 / A4b 183,attack_self_reduction,True,0,0,0,
Mega Altaria ex Greninja,True,16,79,10,680,False,none,"no Pokemon in the archetype name (Mega Altaria ex, Greninja) appears in any decks/dustin or decks/brews file or B2e archetype",125,125,42,Corviknight,B1 175 / B1 246,attack_self_reduction,True,0,0,0,
Mega Altaria ex Greninja,True,16,79,10,680,False,none,"no Pokemon in the archetype name (Mega Altaria ex, Greninja) appears in any decks/dustin or decks/brews file or B2e archetype",125,125,42,Gouging Fire,B3a 054,attack_self_reduction,True,0,0,0,
Mega Altaria ex Greninja,True,16,79,10,680,False,none,"no Pokemon in the archetype name (Mega Altaria ex, Greninja) appears in any decks/dustin or decks/brews file or B2e archetype",125,125,42,Mega Steelix ex,B1a 052 / B1a 080 / B1a 086 / B3 232,attack_self_reduction,True,0,0,0,
Mega Altaria ex Greninja,True,16,79,10,680,False,none,"no Pokemon in the archetype name (Mega Altaria ex, Greninja) appears in any decks/dustin or decks/brews file or B2e archetype",125,125,42,Aegislash,B2 120,attack_self_reduction,True,0,0,0,
Mega Altaria ex Greninja,True,16,79,10,680,False,none,"no Pokemon in the archetype name (Mega Altaria ex, Greninja) appears in any decks/dustin or decks/brews file or B2e archetype",125,125,42,Cornerstone Mask Ogerpon,B2 093,attack_self_reduction,True,0,0,0,
Mega Altaria ex Greninja,True,16,79,10,680,False,none,"no Pokemon in the archetype name (Mega Altaria ex, Greninja) appears in any decks/dustin or decks/brews file or B2e archetype",125,125,42,Protective Poncho,B2 147 / B2 234,other,False,1,1,0,
Mega Altaria ex Greninja,True,16,79,10,680,False,none,"no Pokemon in the archetype name (Mega Altaria ex, Greninja) appears in any decks/dustin or decks/brews file or B2e archetype",125,125,42,Rocky Helmet,A2 148 / A4b 322 / A4b 323,other,False,0,0,0,
Mega Altaria ex Greninja,True,16,79,10,680,False,none,"no Pokemon in the archetype name (Mega Altaria ex, Greninja) appears in any decks/dustin or decks/brews file or B2e archetype",125,125,42,Turtonator,B1 047,other,False,0,0,0,
Mega Altaria ex Greninja,True,16,79,10,680,False,none,"no Pokemon in the archetype name (Mega Altaria ex, Greninja) appears in any decks/dustin or decks/brews file or B2e archetype",125,125,42,Togedemaru,A3b 048 / P-A 090,other,False,0,0,0,
Mega Altaria ex Greninja,True,16,79,10,680,False,none,"no Pokemon in the archetype name (Mega Altaria ex, Greninja) appears in any decks/dustin or decks/brews file or B2e archetype",125,125,42,Alolan Sandslash,A3 039,other,False,0,0,0,
Mega Altaria ex Greninja,True,16,79,10,680,False,none,"no Pokemon in the archetype name (Mega Altaria ex, Greninja) appears in any decks/dustin or decks/brews file or B2e archetype",125,125,42,Mega Sableye ex,B3b 041 / B3b 081 / B3b 088,other,False,0,0,0,
Mega Altaria ex Greninja,True,16,79,10,680,False,none,"no Pokemon in the archetype name (Mega Altaria ex, Greninja) appears in any decks/dustin or decks/brews file or B2e archetype",125,125,42,Chesnaught,B2 010,other,False,0,0,0,
Mega Altaria ex Greninja,True,16,79,10,680,False,none,"no Pokemon in the archetype name (Mega Altaria ex, Greninja) appears in any decks/dustin or decks/brews file or B2e archetype",125,125,42,Poliwrath,A1 061 / B1 297,other,False,0,0,0,
Mega Altaria ex Greninja,True,16,79,10,680,False,none,"no Pokemon in the archetype name (Mega Altaria ex, Greninja) appears in any decks/dustin or decks/brews file or B2e archetype",125,125,42,Druddigon,A1a 056,other,False,0,0,0,
Mega Altaria ex Greninja,True,16,79,10,680,False,none,"no Pokemon in the archetype name (Mega Altaria ex, Greninja) appears in any decks/dustin or decks/brews file or B2e archetype",125,125,42,Pawmot,A2b 028 / P-A 054,other,False,0,0,0,
Mega Altaria ex Greninja,True,16,79,10,680,False,none,"no Pokemon in the archetype name (Mega Altaria ex, Greninja) appears in any decks/dustin or decks/brews file or B2e archetype",125,125,42,Zangoose,A4a 065,other,False,0,0,0,
Mega Altaria ex Greninja,True,16,79,10,680,False,none,"no Pokemon in the archetype name (Mega Altaria ex, Greninja) appears in any decks/dustin or decks/brews file or B2e archetype",125,125,42,Iron Jugulis,B3a 046,other,False,0,0,0,
Mega Altaria ex Greninja,True,16,79,10,680,False,none,"no Pokemon in the archetype name (Mega Altaria ex, Greninja) appears in any decks/dustin or decks/brews file or B2e archetype",125,125,42,ANY (at least one card of the set),,,,1,,,
Mega Altaria ex Greninja,True,16,79,10,680,False,none,"no Pokemon in the archetype name (Mega Altaria ex, Greninja) appears in any decks/dustin or decks/brews file or B2e archetype",125,125,42,ANY switch-1 card (groups 1-3),,,,0,,,
Dedenne ex Indeedee ex,True,17,77,16,513,True,shares_pokemon,conservative: shares a Pokemon with a Dustin file or a B2e archetype: Indeedee ex in decks/dustin/03-wailord-indeedee-wall.txt (named in the file name); Indeedee ex in decks/dustin/05-indeedee-stoutland.txt (named in the file name); Indeedee ex in decks/dustin/07-skarmory-stall.txt,95,95,40,Jasmine,A4 160 / A4 200,trainer_turn_effect,True,0,0,0,
Dedenne ex Indeedee ex,True,17,77,16,513,True,shares_pokemon,conservative: shares a Pokemon with a Dustin file or a B2e archetype: Indeedee ex in decks/dustin/03-wailord-indeedee-wall.txt (named in the file name); Indeedee ex in decks/dustin/05-indeedee-stoutland.txt (named in the file name); Indeedee ex in decks/dustin/07-skarmory-stall.txt,95,95,40,Cheren,B3 151 / B3 192,trainer_turn_effect,True,0,0,0,
Dedenne ex Indeedee ex,True,17,77,16,513,True,shares_pokemon,conservative: shares a Pokemon with a Dustin file or a B2e archetype: Indeedee ex in decks/dustin/03-wailord-indeedee-wall.txt (named in the file name); Indeedee ex in decks/dustin/05-indeedee-stoutland.txt (named in the file name); Indeedee ex in decks/dustin/07-skarmory-stall.txt,95,95,40,Blue,A1a 067 / A1a 081,trainer_turn_effect,True,0,0,0,
Dedenne ex Indeedee ex,True,17,77,16,513,True,shares_pokemon,conservative: shares a Pokemon with a Dustin file or a B2e archetype: Indeedee ex in decks/dustin/03-wailord-indeedee-wall.txt (named in the file name); Indeedee ex in decks/dustin/05-indeedee-stoutland.txt (named in the file name); Indeedee ex in decks/dustin/07-skarmory-stall.txt,95,95,40,Beast Wall,A3a 063,trainer_turn_effect,True,0,0,0,
Dedenne ex Indeedee ex,True,17,77,16,513,True,shares_pokemon,conservative: shares a Pokemon with a Dustin file or a B2e archetype: Indeedee ex in decks/dustin/03-wailord-indeedee-wall.txt (named in the file name); Indeedee ex in decks/dustin/05-indeedee-stoutland.txt (named in the file name); Indeedee ex in decks/dustin/07-skarmory-stall.txt,95,95,40,Adaman,A2a 075 / A2a 090,trainer_turn_effect,True,0,0,0,
Dedenne ex Indeedee ex,True,17,77,16,513,True,shares_pokemon,conservative: shares a Pokemon with a Dustin file or a B2e archetype: Indeedee ex in decks/dustin/03-wailord-indeedee-wall.txt (named in the file name); Indeedee ex in decks/dustin/05-indeedee-stoutland.txt (named in the file name); Indeedee ex in decks/dustin/07-skarmory-stall.txt,95,95,40,Heavy Helmet,B1 219,tool_reduction,True,0,0,0,
Dedenne ex Indeedee ex,True,17,77,16,513,True,shares_pokemon,conservative: shares a Pokemon with a Dustin file or a B2e archetype: Indeedee ex in decks/dustin/03-wailord-indeedee-wall.txt (named in the file name); Indeedee ex in decks/dustin/05-indeedee-stoutland.txt (named in the file name); Indeedee ex in decks/dustin/07-skarmory-stall.txt,95,95,40,Steel Apron,A4 153,tool_reduction,True,0,0,0,
Dedenne ex Indeedee ex,True,17,77,16,513,True,shares_pokemon,conservative: shares a Pokemon with a Dustin file or a B2e archetype: Indeedee ex in decks/dustin/03-wailord-indeedee-wall.txt (named in the file name); Indeedee ex in decks/dustin/05-indeedee-stoutland.txt (named in the file name); Indeedee ex in decks/dustin/07-skarmory-stall.txt,95,95,40,Metal Core Barrier,B2 148 / B2b 117,tool_reduction,True,0,0,0,
Dedenne ex Indeedee ex,True,17,77,16,513,True,shares_pokemon,conservative: shares a Pokemon with a Dustin file or a B2e archetype: Indeedee ex in decks/dustin/03-wailord-indeedee-wall.txt (named in the file name); Indeedee ex in decks/dustin/05-indeedee-stoutland.txt (named in the file name); Indeedee ex in decks/dustin/07-skarmory-stall.txt,95,95,40,Mr. Mime,A1 126,attack_self_reduction,True,0,0,0,
Dedenne ex Indeedee ex,True,17,77,16,513,True,shares_pokemon,conservative: shares a Pokemon with a Dustin file or a B2e archetype: Indeedee ex in decks/dustin/03-wailord-indeedee-wall.txt (named in the file name); Indeedee ex in decks/dustin/05-indeedee-stoutland.txt (named in the file name); Indeedee ex in decks/dustin/07-skarmory-stall.txt,95,95,40,Drifloon,A2 073 / A2 165,attack_self_reduction,True,0,0,0,
Dedenne ex Indeedee ex,True,17,77,16,513,True,shares_pokemon,conservative: shares a Pokemon with a Dustin file or a B2e archetype: Indeedee ex in decks/dustin/03-wailord-indeedee-wall.txt (named in the file name); Indeedee ex in decks/dustin/05-indeedee-stoutland.txt (named in the file name); Indeedee ex in decks/dustin/07-skarmory-stall.txt,95,95,40,Bronzong,A2 117,attack_self_reduction,True,0,0,0,
Dedenne ex Indeedee ex,True,17,77,16,513,True,shares_pokemon,conservative: shares a Pokemon with a Dustin file or a B2e archetype: Indeedee ex in decks/dustin/03-wailord-indeedee-wall.txt (named in the file name); Indeedee ex in decks/dustin/05-indeedee-stoutland.txt (named in the file name); Indeedee ex in decks/dustin/07-skarmory-stall.txt,95,95,40,Probopass ex,A2a 057 / A2a 085 / A2a 094 / A4b 253,attack_self_reduction,True,0,0,0,
Dedenne ex Indeedee ex,True,17,77,16,513,True,shares_pokemon,conservative: shares a Pokemon with a Dustin file or a B2e archetype: Indeedee ex in decks/dustin/03-wailord-indeedee-wall.txt (named in the file name); Indeedee ex in decks/dustin/05-indeedee-stoutland.txt (named in the file name); Indeedee ex in decks/dustin/07-skarmory-stall.txt,95,95,40,Cloyster,A3 043 / B1a 093,attack_self_reduction,True,0,0,0,
Dedenne ex Indeedee ex,True,17,77,16,513,True,shares_pokemon,conservative: shares a Pokemon with a Dustin file or a B2e archetype: Indeedee ex in decks/dustin/03-wailord-indeedee-wall.txt (named in the file name); Indeedee ex in decks/dustin/05-indeedee-stoutland.txt (named in the file name); Indeedee ex in decks/dustin/07-skarmory-stall.txt,95,95,40,Stakataka,A3a 053 / P-A 080,attack_self_reduction,True,0,0,0,
Dedenne ex Indeedee ex,True,17,77,16,513,True,shares_pokemon,conservative: shares a Pokemon with a Dustin file or a B2e archetype: Indeedee ex in decks/dustin/03-wailord-indeedee-wall.txt (named in the file name); Indeedee ex in decks/dustin/05-indeedee-stoutland.txt (named in the file name); Indeedee ex in decks/dustin/07-skarmory-stall.txt,95,95,40,Skarmory ex,A4 124 / A4 194 / A4 209 / A4b 252,attack_self_reduction,True,0,0,0,
Dedenne ex Indeedee ex,True,17,77,16,513,True,shares_pokemon,conservative: shares a Pokemon with a Dustin file or a B2e archetype: Indeedee ex in decks/dustin/03-wailord-indeedee-wall.txt (named in the file name); Indeedee ex in decks/dustin/05-indeedee-stoutland.txt (named in the file name); Indeedee ex in decks/dustin/07-skarmory-stall.txt,95,95,40,Avalugg,B1 075,attack_self_reduction,True,0,0,0,
Dedenne ex Indeedee ex,True,17,77,16,513,True,shares_pokemon,conservative: shares a Pokemon with a Dustin file or a B2e archetype: Indeedee ex in decks/dustin/03-wailord-indeedee-wall.txt (named in the file name); Indeedee ex in decks/dustin/05-indeedee-stoutland.txt (named in the file name); Indeedee ex in decks/dustin/07-skarmory-stall.txt,95,95,40,Swirlix,B1 117,attack_self_reduction,True,0,0,0,
Dedenne ex Indeedee ex,True,17,77,16,513,True,shares_pokemon,conservative: shares a Pokemon with a Dustin file or a B2e archetype: Indeedee ex in decks/dustin/03-wailord-indeedee-wall.txt (named in the file name); Indeedee ex in decks/dustin/05-indeedee-stoutland.txt (named in the file name); Indeedee ex in decks/dustin/07-skarmory-stall.txt,95,95,40,Ferrothorn (A3a 052 Steel Spikes),A3a 052,other,False,0,0,0,
Dedenne ex Indeedee ex,True,17,77,16,513,True,shares_pokemon,conservative: shares a Pokemon with a Dustin file or a B2e archetype: Indeedee ex in decks/dustin/03-wailord-indeedee-wall.txt (named in the file name); Indeedee ex in decks/dustin/05-indeedee-stoutland.txt (named in the file name); Indeedee ex in decks/dustin/07-skarmory-stall.txt,95,95,40,Ferrothorn (B1 167 Guard Press),B1 167,attack_self_reduction,True,0,0,0,
Dedenne ex Indeedee ex,True,17,77,16,513,True,shares_pokemon,conservative: shares a Pokemon with a Dustin file or a B2e archetype: Indeedee ex in decks/dustin/03-wailord-indeedee-wall.txt (named in the file name); Indeedee ex in decks/dustin/05-indeedee-stoutland.txt (named in the file name); Indeedee ex in decks/dustin/07-skarmory-stall.txt,95,95,40,Porygon,B1a 056 / B3 222,attack_self_reduction,True,0,0,0,
Dedenne ex Indeedee ex,True,17,77,16,513,True,shares_pokemon,conservative: shares a Pokemon with a Dustin file or a B2e archetype: Indeedee ex in decks/dustin/03-wailord-indeedee-wall.txt (named in the file name); Indeedee ex in decks/dustin/05-indeedee-stoutland.txt (named in the file name); Indeedee ex in decks/dustin/07-skarmory-stall.txt,95,95,40,Shuckle,B2 003,attack_self_reduction,True,0,0,0,
Dedenne ex Indeedee ex,True,17,77,16,513,True,shares_pokemon,conservative: shares a Pokemon with a Dustin file or a B2e archetype: Indeedee ex in decks/dustin/03-wailord-indeedee-wall.txt (named in the file name); Indeedee ex in decks/dustin/05-indeedee-stoutland.txt (named in the file name); Indeedee ex in decks/dustin/07-skarmory-stall.txt,95,95,40,Wigglytuff,B3b 052,attack_self_reduction,True,0,0,0,
Dedenne ex Indeedee ex,True,17,77,16,513,True,shares_pokemon,conservative: shares a Pokemon with a Dustin file or a B2e archetype: Indeedee ex in decks/dustin/03-wailord-indeedee-wall.txt (named in the file name); Indeedee ex in decks/dustin/05-indeedee-stoutland.txt (named in the file name); Indeedee ex in decks/dustin/07-skarmory-stall.txt,95,95,40,Frigibax,P-B 037,attack_self_reduction,True,0,0,0,
Dedenne ex Indeedee ex,True,17,77,16,513,True,shares_pokemon,conservative: shares a Pokemon with a Dustin file or a B2e archetype: Indeedee ex in decks/dustin/03-wailord-indeedee-wall.txt (named in the file name); Indeedee ex in decks/dustin/05-indeedee-stoutland.txt (named in the file name); Indeedee ex in decks/dustin/07-skarmory-stall.txt,95,95,40,Golem,A1a 045 / B1 309,attack_self_reduction,True,0,0,0,
Dedenne ex Indeedee ex,True,17,77,16,513,True,shares_pokemon,conservative: shares a Pokemon with a Dustin file or a B2e archetype: Indeedee ex in decks/dustin/03-wailord-indeedee-wall.txt (named in the file name); Indeedee ex in decks/dustin/05-indeedee-stoutland.txt (named in the file name); Indeedee ex in decks/dustin/07-skarmory-stall.txt,95,95,40,Pupitar,A4 104,attack_self_reduction,True,0,0,0,
Dedenne ex Indeedee ex,True,17,77,16,513,True,shares_pokemon,conservative: shares a Pokemon with a Dustin file or a B2e archetype: Indeedee ex in decks/dustin/03-wailord-indeedee-wall.txt (named in the file name); Indeedee ex in decks/dustin/05-indeedee-stoutland.txt (named in the file name); Indeedee ex in decks/dustin/07-skarmory-stall.txt,95,95,40,Carbink,B1 119,attack_self_reduction,True,0,0,0,
Dedenne ex Indeedee ex,True,17,77,16,513,True,shares_pokemon,conservative: shares a Pokemon with a Dustin file or a B2e archetype: Indeedee ex in decks/dustin/03-wailord-indeedee-wall.txt (named in the file name); Indeedee ex in decks/dustin/05-indeedee-stoutland.txt (named in the file name); Indeedee ex in decks/dustin/07-skarmory-stall.txt,95,95,40,Registeel,B3 116,attack_self_reduction,True,0,0,0,
Dedenne ex Indeedee ex,True,17,77,16,513,True,shares_pokemon,conservative: shares a Pokemon with a Dustin file or a B2e archetype: Indeedee ex in decks/dustin/03-wailord-indeedee-wall.txt (named in the file name); Indeedee ex in decks/dustin/05-indeedee-stoutland.txt (named in the file name); Indeedee ex in decks/dustin/07-skarmory-stall.txt,95,95,40,Archaludon,B4a 056,attack_self_reduction,True,0,0,0,
Dedenne ex Indeedee ex,True,17,77,16,513,True,shares_pokemon,conservative: shares a Pokemon with a Dustin file or a B2e archetype: Indeedee ex in decks/dustin/03-wailord-indeedee-wall.txt (named in the file name); Indeedee ex in decks/dustin/05-indeedee-stoutland.txt (named in the file name); Indeedee ex in decks/dustin/07-skarmory-stall.txt,95,95,40,Cosmoem,A3 086 / A4b 182 / A4b 183,attack_self_reduction,True,0,0,0,
Dedenne ex Indeedee ex,True,17,77,16,513,True,shares_pokemon,conservative: shares a Pokemon with a Dustin file or a B2e archetype: Indeedee ex in decks/dustin/03-wailord-indeedee-wall.txt (named in the file name); Indeedee ex in decks/dustin/05-indeedee-stoutland.txt (named in the file name); Indeedee ex in decks/dustin/07-skarmory-stall.txt,95,95,40,Corviknight,B1 175 / B1 246,attack_self_reduction,True,0,0,0,
Dedenne ex Indeedee ex,True,17,77,16,513,True,shares_pokemon,conservative: shares a Pokemon with a Dustin file or a B2e archetype: Indeedee ex in decks/dustin/03-wailord-indeedee-wall.txt (named in the file name); Indeedee ex in decks/dustin/05-indeedee-stoutland.txt (named in the file name); Indeedee ex in decks/dustin/07-skarmory-stall.txt,95,95,40,Gouging Fire,B3a 054,attack_self_reduction,True,0,0,0,
Dedenne ex Indeedee ex,True,17,77,16,513,True,shares_pokemon,conservative: shares a Pokemon with a Dustin file or a B2e archetype: Indeedee ex in decks/dustin/03-wailord-indeedee-wall.txt (named in the file name); Indeedee ex in decks/dustin/05-indeedee-stoutland.txt (named in the file name); Indeedee ex in decks/dustin/07-skarmory-stall.txt,95,95,40,Mega Steelix ex,B1a 052 / B1a 080 / B1a 086 / B3 232,attack_self_reduction,True,0,0,0,
Dedenne ex Indeedee ex,True,17,77,16,513,True,shares_pokemon,conservative: shares a Pokemon with a Dustin file or a B2e archetype: Indeedee ex in decks/dustin/03-wailord-indeedee-wall.txt (named in the file name); Indeedee ex in decks/dustin/05-indeedee-stoutland.txt (named in the file name); Indeedee ex in decks/dustin/07-skarmory-stall.txt,95,95,40,Aegislash,B2 120,attack_self_reduction,True,0,0,0,
Dedenne ex Indeedee ex,True,17,77,16,513,True,shares_pokemon,conservative: shares a Pokemon with a Dustin file or a B2e archetype: Indeedee ex in decks/dustin/03-wailord-indeedee-wall.txt (named in the file name); Indeedee ex in decks/dustin/05-indeedee-stoutland.txt (named in the file name); Indeedee ex in decks/dustin/07-skarmory-stall.txt,95,95,40,Cornerstone Mask Ogerpon,B2 093,attack_self_reduction,True,0,0,0,
Dedenne ex Indeedee ex,True,17,77,16,513,True,shares_pokemon,conservative: shares a Pokemon with a Dustin file or a B2e archetype: Indeedee ex in decks/dustin/03-wailord-indeedee-wall.txt (named in the file name); Indeedee ex in decks/dustin/05-indeedee-stoutland.txt (named in the file name); Indeedee ex in decks/dustin/07-skarmory-stall.txt,95,95,40,Protective Poncho,B2 147 / B2 234,other,False,55,63,0,
Dedenne ex Indeedee ex,True,17,77,16,513,True,shares_pokemon,conservative: shares a Pokemon with a Dustin file or a B2e archetype: Indeedee ex in decks/dustin/03-wailord-indeedee-wall.txt (named in the file name); Indeedee ex in decks/dustin/05-indeedee-stoutland.txt (named in the file name); Indeedee ex in decks/dustin/07-skarmory-stall.txt,95,95,40,Rocky Helmet,A2 148 / A4b 322 / A4b 323,other,False,3,4,0,
Dedenne ex Indeedee ex,True,17,77,16,513,True,shares_pokemon,conservative: shares a Pokemon with a Dustin file or a B2e archetype: Indeedee ex in decks/dustin/03-wailord-indeedee-wall.txt (named in the file name); Indeedee ex in decks/dustin/05-indeedee-stoutland.txt (named in the file name); Indeedee ex in decks/dustin/07-skarmory-stall.txt,95,95,40,Turtonator,B1 047,other,False,0,0,0,
Dedenne ex Indeedee ex,True,17,77,16,513,True,shares_pokemon,conservative: shares a Pokemon with a Dustin file or a B2e archetype: Indeedee ex in decks/dustin/03-wailord-indeedee-wall.txt (named in the file name); Indeedee ex in decks/dustin/05-indeedee-stoutland.txt (named in the file name); Indeedee ex in decks/dustin/07-skarmory-stall.txt,95,95,40,Togedemaru,A3b 048 / P-A 090,other,False,0,0,0,
Dedenne ex Indeedee ex,True,17,77,16,513,True,shares_pokemon,conservative: shares a Pokemon with a Dustin file or a B2e archetype: Indeedee ex in decks/dustin/03-wailord-indeedee-wall.txt (named in the file name); Indeedee ex in decks/dustin/05-indeedee-stoutland.txt (named in the file name); Indeedee ex in decks/dustin/07-skarmory-stall.txt,95,95,40,Alolan Sandslash,A3 039,other,False,0,0,0,
Dedenne ex Indeedee ex,True,17,77,16,513,True,shares_pokemon,conservative: shares a Pokemon with a Dustin file or a B2e archetype: Indeedee ex in decks/dustin/03-wailord-indeedee-wall.txt (named in the file name); Indeedee ex in decks/dustin/05-indeedee-stoutland.txt (named in the file name); Indeedee ex in decks/dustin/07-skarmory-stall.txt,95,95,40,Mega Sableye ex,B3b 041 / B3b 081 / B3b 088,other,False,0,0,0,
Dedenne ex Indeedee ex,True,17,77,16,513,True,shares_pokemon,conservative: shares a Pokemon with a Dustin file or a B2e archetype: Indeedee ex in decks/dustin/03-wailord-indeedee-wall.txt (named in the file name); Indeedee ex in decks/dustin/05-indeedee-stoutland.txt (named in the file name); Indeedee ex in decks/dustin/07-skarmory-stall.txt,95,95,40,Chesnaught,B2 010,other,False,0,0,0,
Dedenne ex Indeedee ex,True,17,77,16,513,True,shares_pokemon,conservative: shares a Pokemon with a Dustin file or a B2e archetype: Indeedee ex in decks/dustin/03-wailord-indeedee-wall.txt (named in the file name); Indeedee ex in decks/dustin/05-indeedee-stoutland.txt (named in the file name); Indeedee ex in decks/dustin/07-skarmory-stall.txt,95,95,40,Poliwrath,A1 061 / B1 297,other,False,0,0,0,
Dedenne ex Indeedee ex,True,17,77,16,513,True,shares_pokemon,conservative: shares a Pokemon with a Dustin file or a B2e archetype: Indeedee ex in decks/dustin/03-wailord-indeedee-wall.txt (named in the file name); Indeedee ex in decks/dustin/05-indeedee-stoutland.txt (named in the file name); Indeedee ex in decks/dustin/07-skarmory-stall.txt,95,95,40,Druddigon,A1a 056,other,False,0,0,0,
Dedenne ex Indeedee ex,True,17,77,16,513,True,shares_pokemon,conservative: shares a Pokemon with a Dustin file or a B2e archetype: Indeedee ex in decks/dustin/03-wailord-indeedee-wall.txt (named in the file name); Indeedee ex in decks/dustin/05-indeedee-stoutland.txt (named in the file name); Indeedee ex in decks/dustin/07-skarmory-stall.txt,95,95,40,Pawmot,A2b 028 / P-A 054,other,False,0,0,0,
Dedenne ex Indeedee ex,True,17,77,16,513,True,shares_pokemon,conservative: shares a Pokemon with a Dustin file or a B2e archetype: Indeedee ex in decks/dustin/03-wailord-indeedee-wall.txt (named in the file name); Indeedee ex in decks/dustin/05-indeedee-stoutland.txt (named in the file name); Indeedee ex in decks/dustin/07-skarmory-stall.txt,95,95,40,Zangoose,A4a 065,other,False,0,0,0,
Dedenne ex Indeedee ex,True,17,77,16,513,True,shares_pokemon,conservative: shares a Pokemon with a Dustin file or a B2e archetype: Indeedee ex in decks/dustin/03-wailord-indeedee-wall.txt (named in the file name); Indeedee ex in decks/dustin/05-indeedee-stoutland.txt (named in the file name); Indeedee ex in decks/dustin/07-skarmory-stall.txt,95,95,40,Iron Jugulis,B3a 046,other,False,0,0,0,
Dedenne ex Indeedee ex,True,17,77,16,513,True,shares_pokemon,conservative: shares a Pokemon with a Dustin file or a B2e archetype: Indeedee ex in decks/dustin/03-wailord-indeedee-wall.txt (named in the file name); Indeedee ex in decks/dustin/05-indeedee-stoutland.txt (named in the file name); Indeedee ex in decks/dustin/07-skarmory-stall.txt,95,95,40,ANY (at least one card of the set),,,,56,,,
Dedenne ex Indeedee ex,True,17,77,16,513,True,shares_pokemon,conservative: shares a Pokemon with a Dustin file or a B2e archetype: Indeedee ex in decks/dustin/03-wailord-indeedee-wall.txt (named in the file name); Indeedee ex in decks/dustin/05-indeedee-stoutland.txt (named in the file name); Indeedee ex in decks/dustin/07-skarmory-stall.txt,95,95,40,ANY switch-1 card (groups 1-3),,,,0,,,
Milotic ex Eevee ex,True,18,71,20,285,True,shares_pokemon,conservative: shares a Pokemon with a Dustin file or a B2e archetype: Eevee in decks/dustin/15-jolteon-oricorio-raticate.txt,51,51,28,Jasmine,A4 160 / A4 200,trainer_turn_effect,True,0,0,0,
Milotic ex Eevee ex,True,18,71,20,285,True,shares_pokemon,conservative: shares a Pokemon with a Dustin file or a B2e archetype: Eevee in decks/dustin/15-jolteon-oricorio-raticate.txt,51,51,28,Cheren,B3 151 / B3 192,trainer_turn_effect,True,0,0,0,
Milotic ex Eevee ex,True,18,71,20,285,True,shares_pokemon,conservative: shares a Pokemon with a Dustin file or a B2e archetype: Eevee in decks/dustin/15-jolteon-oricorio-raticate.txt,51,51,28,Blue,A1a 067 / A1a 081,trainer_turn_effect,True,0,0,0,
Milotic ex Eevee ex,True,18,71,20,285,True,shares_pokemon,conservative: shares a Pokemon with a Dustin file or a B2e archetype: Eevee in decks/dustin/15-jolteon-oricorio-raticate.txt,51,51,28,Beast Wall,A3a 063,trainer_turn_effect,True,0,0,0,
Milotic ex Eevee ex,True,18,71,20,285,True,shares_pokemon,conservative: shares a Pokemon with a Dustin file or a B2e archetype: Eevee in decks/dustin/15-jolteon-oricorio-raticate.txt,51,51,28,Adaman,A2a 075 / A2a 090,trainer_turn_effect,True,0,0,0,
Milotic ex Eevee ex,True,18,71,20,285,True,shares_pokemon,conservative: shares a Pokemon with a Dustin file or a B2e archetype: Eevee in decks/dustin/15-jolteon-oricorio-raticate.txt,51,51,28,Heavy Helmet,B1 219,tool_reduction,True,0,0,0,
Milotic ex Eevee ex,True,18,71,20,285,True,shares_pokemon,conservative: shares a Pokemon with a Dustin file or a B2e archetype: Eevee in decks/dustin/15-jolteon-oricorio-raticate.txt,51,51,28,Steel Apron,A4 153,tool_reduction,True,0,0,0,
Milotic ex Eevee ex,True,18,71,20,285,True,shares_pokemon,conservative: shares a Pokemon with a Dustin file or a B2e archetype: Eevee in decks/dustin/15-jolteon-oricorio-raticate.txt,51,51,28,Metal Core Barrier,B2 148 / B2b 117,tool_reduction,True,0,0,0,
Milotic ex Eevee ex,True,18,71,20,285,True,shares_pokemon,conservative: shares a Pokemon with a Dustin file or a B2e archetype: Eevee in decks/dustin/15-jolteon-oricorio-raticate.txt,51,51,28,Mr. Mime,A1 126,attack_self_reduction,True,0,0,0,
Milotic ex Eevee ex,True,18,71,20,285,True,shares_pokemon,conservative: shares a Pokemon with a Dustin file or a B2e archetype: Eevee in decks/dustin/15-jolteon-oricorio-raticate.txt,51,51,28,Drifloon,A2 073 / A2 165,attack_self_reduction,True,0,0,0,
Milotic ex Eevee ex,True,18,71,20,285,True,shares_pokemon,conservative: shares a Pokemon with a Dustin file or a B2e archetype: Eevee in decks/dustin/15-jolteon-oricorio-raticate.txt,51,51,28,Bronzong,A2 117,attack_self_reduction,True,0,0,0,
Milotic ex Eevee ex,True,18,71,20,285,True,shares_pokemon,conservative: shares a Pokemon with a Dustin file or a B2e archetype: Eevee in decks/dustin/15-jolteon-oricorio-raticate.txt,51,51,28,Probopass ex,A2a 057 / A2a 085 / A2a 094 / A4b 253,attack_self_reduction,True,0,0,0,
Milotic ex Eevee ex,True,18,71,20,285,True,shares_pokemon,conservative: shares a Pokemon with a Dustin file or a B2e archetype: Eevee in decks/dustin/15-jolteon-oricorio-raticate.txt,51,51,28,Cloyster,A3 043 / B1a 093,attack_self_reduction,True,0,0,0,
Milotic ex Eevee ex,True,18,71,20,285,True,shares_pokemon,conservative: shares a Pokemon with a Dustin file or a B2e archetype: Eevee in decks/dustin/15-jolteon-oricorio-raticate.txt,51,51,28,Stakataka,A3a 053 / P-A 080,attack_self_reduction,True,0,0,0,
Milotic ex Eevee ex,True,18,71,20,285,True,shares_pokemon,conservative: shares a Pokemon with a Dustin file or a B2e archetype: Eevee in decks/dustin/15-jolteon-oricorio-raticate.txt,51,51,28,Skarmory ex,A4 124 / A4 194 / A4 209 / A4b 252,attack_self_reduction,True,0,0,0,
Milotic ex Eevee ex,True,18,71,20,285,True,shares_pokemon,conservative: shares a Pokemon with a Dustin file or a B2e archetype: Eevee in decks/dustin/15-jolteon-oricorio-raticate.txt,51,51,28,Avalugg,B1 075,attack_self_reduction,True,0,0,0,
Milotic ex Eevee ex,True,18,71,20,285,True,shares_pokemon,conservative: shares a Pokemon with a Dustin file or a B2e archetype: Eevee in decks/dustin/15-jolteon-oricorio-raticate.txt,51,51,28,Swirlix,B1 117,attack_self_reduction,True,0,0,0,
Milotic ex Eevee ex,True,18,71,20,285,True,shares_pokemon,conservative: shares a Pokemon with a Dustin file or a B2e archetype: Eevee in decks/dustin/15-jolteon-oricorio-raticate.txt,51,51,28,Ferrothorn (A3a 052 Steel Spikes),A3a 052,other,False,0,0,0,
Milotic ex Eevee ex,True,18,71,20,285,True,shares_pokemon,conservative: shares a Pokemon with a Dustin file or a B2e archetype: Eevee in decks/dustin/15-jolteon-oricorio-raticate.txt,51,51,28,Ferrothorn (B1 167 Guard Press),B1 167,attack_self_reduction,True,0,0,0,
Milotic ex Eevee ex,True,18,71,20,285,True,shares_pokemon,conservative: shares a Pokemon with a Dustin file or a B2e archetype: Eevee in decks/dustin/15-jolteon-oricorio-raticate.txt,51,51,28,Porygon,B1a 056 / B3 222,attack_self_reduction,True,0,0,0,
Milotic ex Eevee ex,True,18,71,20,285,True,shares_pokemon,conservative: shares a Pokemon with a Dustin file or a B2e archetype: Eevee in decks/dustin/15-jolteon-oricorio-raticate.txt,51,51,28,Shuckle,B2 003,attack_self_reduction,True,0,0,0,
Milotic ex Eevee ex,True,18,71,20,285,True,shares_pokemon,conservative: shares a Pokemon with a Dustin file or a B2e archetype: Eevee in decks/dustin/15-jolteon-oricorio-raticate.txt,51,51,28,Wigglytuff,B3b 052,attack_self_reduction,True,0,0,0,
Milotic ex Eevee ex,True,18,71,20,285,True,shares_pokemon,conservative: shares a Pokemon with a Dustin file or a B2e archetype: Eevee in decks/dustin/15-jolteon-oricorio-raticate.txt,51,51,28,Frigibax,P-B 037,attack_self_reduction,True,0,0,0,
Milotic ex Eevee ex,True,18,71,20,285,True,shares_pokemon,conservative: shares a Pokemon with a Dustin file or a B2e archetype: Eevee in decks/dustin/15-jolteon-oricorio-raticate.txt,51,51,28,Golem,A1a 045 / B1 309,attack_self_reduction,True,0,0,0,
Milotic ex Eevee ex,True,18,71,20,285,True,shares_pokemon,conservative: shares a Pokemon with a Dustin file or a B2e archetype: Eevee in decks/dustin/15-jolteon-oricorio-raticate.txt,51,51,28,Pupitar,A4 104,attack_self_reduction,True,0,0,0,
Milotic ex Eevee ex,True,18,71,20,285,True,shares_pokemon,conservative: shares a Pokemon with a Dustin file or a B2e archetype: Eevee in decks/dustin/15-jolteon-oricorio-raticate.txt,51,51,28,Carbink,B1 119,attack_self_reduction,True,0,0,0,
Milotic ex Eevee ex,True,18,71,20,285,True,shares_pokemon,conservative: shares a Pokemon with a Dustin file or a B2e archetype: Eevee in decks/dustin/15-jolteon-oricorio-raticate.txt,51,51,28,Registeel,B3 116,attack_self_reduction,True,0,0,0,
Milotic ex Eevee ex,True,18,71,20,285,True,shares_pokemon,conservative: shares a Pokemon with a Dustin file or a B2e archetype: Eevee in decks/dustin/15-jolteon-oricorio-raticate.txt,51,51,28,Archaludon,B4a 056,attack_self_reduction,True,0,0,0,
Milotic ex Eevee ex,True,18,71,20,285,True,shares_pokemon,conservative: shares a Pokemon with a Dustin file or a B2e archetype: Eevee in decks/dustin/15-jolteon-oricorio-raticate.txt,51,51,28,Cosmoem,A3 086 / A4b 182 / A4b 183,attack_self_reduction,True,0,0,0,
Milotic ex Eevee ex,True,18,71,20,285,True,shares_pokemon,conservative: shares a Pokemon with a Dustin file or a B2e archetype: Eevee in decks/dustin/15-jolteon-oricorio-raticate.txt,51,51,28,Corviknight,B1 175 / B1 246,attack_self_reduction,True,0,0,0,
Milotic ex Eevee ex,True,18,71,20,285,True,shares_pokemon,conservative: shares a Pokemon with a Dustin file or a B2e archetype: Eevee in decks/dustin/15-jolteon-oricorio-raticate.txt,51,51,28,Gouging Fire,B3a 054,attack_self_reduction,True,0,0,0,
Milotic ex Eevee ex,True,18,71,20,285,True,shares_pokemon,conservative: shares a Pokemon with a Dustin file or a B2e archetype: Eevee in decks/dustin/15-jolteon-oricorio-raticate.txt,51,51,28,Mega Steelix ex,B1a 052 / B1a 080 / B1a 086 / B3 232,attack_self_reduction,True,0,0,0,
Milotic ex Eevee ex,True,18,71,20,285,True,shares_pokemon,conservative: shares a Pokemon with a Dustin file or a B2e archetype: Eevee in decks/dustin/15-jolteon-oricorio-raticate.txt,51,51,28,Aegislash,B2 120,attack_self_reduction,True,0,0,0,
Milotic ex Eevee ex,True,18,71,20,285,True,shares_pokemon,conservative: shares a Pokemon with a Dustin file or a B2e archetype: Eevee in decks/dustin/15-jolteon-oricorio-raticate.txt,51,51,28,Cornerstone Mask Ogerpon,B2 093,attack_self_reduction,True,0,0,0,
Milotic ex Eevee ex,True,18,71,20,285,True,shares_pokemon,conservative: shares a Pokemon with a Dustin file or a B2e archetype: Eevee in decks/dustin/15-jolteon-oricorio-raticate.txt,51,51,28,Protective Poncho,B2 147 / B2 234,other,False,0,0,0,
Milotic ex Eevee ex,True,18,71,20,285,True,shares_pokemon,conservative: shares a Pokemon with a Dustin file or a B2e archetype: Eevee in decks/dustin/15-jolteon-oricorio-raticate.txt,51,51,28,Rocky Helmet,A2 148 / A4b 322 / A4b 323,other,False,0,0,0,
Milotic ex Eevee ex,True,18,71,20,285,True,shares_pokemon,conservative: shares a Pokemon with a Dustin file or a B2e archetype: Eevee in decks/dustin/15-jolteon-oricorio-raticate.txt,51,51,28,Turtonator,B1 047,other,False,0,0,0,
Milotic ex Eevee ex,True,18,71,20,285,True,shares_pokemon,conservative: shares a Pokemon with a Dustin file or a B2e archetype: Eevee in decks/dustin/15-jolteon-oricorio-raticate.txt,51,51,28,Togedemaru,A3b 048 / P-A 090,other,False,0,0,0,
Milotic ex Eevee ex,True,18,71,20,285,True,shares_pokemon,conservative: shares a Pokemon with a Dustin file or a B2e archetype: Eevee in decks/dustin/15-jolteon-oricorio-raticate.txt,51,51,28,Alolan Sandslash,A3 039,other,False,0,0,0,
Milotic ex Eevee ex,True,18,71,20,285,True,shares_pokemon,conservative: shares a Pokemon with a Dustin file or a B2e archetype: Eevee in decks/dustin/15-jolteon-oricorio-raticate.txt,51,51,28,Mega Sableye ex,B3b 041 / B3b 081 / B3b 088,other,False,0,0,0,
Milotic ex Eevee ex,True,18,71,20,285,True,shares_pokemon,conservative: shares a Pokemon with a Dustin file or a B2e archetype: Eevee in decks/dustin/15-jolteon-oricorio-raticate.txt,51,51,28,Chesnaught,B2 010,other,False,0,0,0,
Milotic ex Eevee ex,True,18,71,20,285,True,shares_pokemon,conservative: shares a Pokemon with a Dustin file or a B2e archetype: Eevee in decks/dustin/15-jolteon-oricorio-raticate.txt,51,51,28,Poliwrath,A1 061 / B1 297,other,False,0,0,0,
Milotic ex Eevee ex,True,18,71,20,285,True,shares_pokemon,conservative: shares a Pokemon with a Dustin file or a B2e archetype: Eevee in decks/dustin/15-jolteon-oricorio-raticate.txt,51,51,28,Druddigon,A1a 056,other,False,0,0,0,
Milotic ex Eevee ex,True,18,71,20,285,True,shares_pokemon,conservative: shares a Pokemon with a Dustin file or a B2e archetype: Eevee in decks/dustin/15-jolteon-oricorio-raticate.txt,51,51,28,Pawmot,A2b 028 / P-A 054,other,False,0,0,0,
Milotic ex Eevee ex,True,18,71,20,285,True,shares_pokemon,conservative: shares a Pokemon with a Dustin file or a B2e archetype: Eevee in decks/dustin/15-jolteon-oricorio-raticate.txt,51,51,28,Zangoose,A4a 065,other,False,0,0,0,
Milotic ex Eevee ex,True,18,71,20,285,True,shares_pokemon,conservative: shares a Pokemon with a Dustin file or a B2e archetype: Eevee in decks/dustin/15-jolteon-oricorio-raticate.txt,51,51,28,Iron Jugulis,B3a 046,other,False,0,0,0,
Milotic ex Eevee ex,True,18,71,20,285,True,shares_pokemon,conservative: shares a Pokemon with a Dustin file or a B2e archetype: Eevee in decks/dustin/15-jolteon-oricorio-raticate.txt,51,51,28,ANY (at least one card of the set),,,,0,,,
Milotic ex Eevee ex,True,18,71,20,285,True,shares_pokemon,conservative: shares a Pokemon with a Dustin file or a B2e archetype: Eevee in decks/dustin/15-jolteon-oricorio-raticate.txt,51,51,28,ANY switch-1 card (groups 1-3),,,,0,,,
Mega Altaria ex,True,19,71,21,260,False,none,no Pokemon in the archetype name (Mega Altaria ex) appears in any decks/dustin or decks/brews file or B2e archetype,44,44,28,Jasmine,A4 160 / A4 200,trainer_turn_effect,True,0,0,0,
Mega Altaria ex,True,19,71,21,260,False,none,no Pokemon in the archetype name (Mega Altaria ex) appears in any decks/dustin or decks/brews file or B2e archetype,44,44,28,Cheren,B3 151 / B3 192,trainer_turn_effect,True,0,0,0,
Mega Altaria ex,True,19,71,21,260,False,none,no Pokemon in the archetype name (Mega Altaria ex) appears in any decks/dustin or decks/brews file or B2e archetype,44,44,28,Blue,A1a 067 / A1a 081,trainer_turn_effect,True,0,0,0,
Mega Altaria ex,True,19,71,21,260,False,none,no Pokemon in the archetype name (Mega Altaria ex) appears in any decks/dustin or decks/brews file or B2e archetype,44,44,28,Beast Wall,A3a 063,trainer_turn_effect,True,0,0,0,
Mega Altaria ex,True,19,71,21,260,False,none,no Pokemon in the archetype name (Mega Altaria ex) appears in any decks/dustin or decks/brews file or B2e archetype,44,44,28,Adaman,A2a 075 / A2a 090,trainer_turn_effect,True,0,0,0,
Mega Altaria ex,True,19,71,21,260,False,none,no Pokemon in the archetype name (Mega Altaria ex) appears in any decks/dustin or decks/brews file or B2e archetype,44,44,28,Heavy Helmet,B1 219,tool_reduction,True,0,0,0,
Mega Altaria ex,True,19,71,21,260,False,none,no Pokemon in the archetype name (Mega Altaria ex) appears in any decks/dustin or decks/brews file or B2e archetype,44,44,28,Steel Apron,A4 153,tool_reduction,True,0,0,0,
Mega Altaria ex,True,19,71,21,260,False,none,no Pokemon in the archetype name (Mega Altaria ex) appears in any decks/dustin or decks/brews file or B2e archetype,44,44,28,Metal Core Barrier,B2 148 / B2b 117,tool_reduction,True,0,0,0,
Mega Altaria ex,True,19,71,21,260,False,none,no Pokemon in the archetype name (Mega Altaria ex) appears in any decks/dustin or decks/brews file or B2e archetype,44,44,28,Mr. Mime,A1 126,attack_self_reduction,True,0,0,0,
Mega Altaria ex,True,19,71,21,260,False,none,no Pokemon in the archetype name (Mega Altaria ex) appears in any decks/dustin or decks/brews file or B2e archetype,44,44,28,Drifloon,A2 073 / A2 165,attack_self_reduction,True,0,0,0,
Mega Altaria ex,True,19,71,21,260,False,none,no Pokemon in the archetype name (Mega Altaria ex) appears in any decks/dustin or decks/brews file or B2e archetype,44,44,28,Bronzong,A2 117,attack_self_reduction,True,0,0,0,
Mega Altaria ex,True,19,71,21,260,False,none,no Pokemon in the archetype name (Mega Altaria ex) appears in any decks/dustin or decks/brews file or B2e archetype,44,44,28,Probopass ex,A2a 057 / A2a 085 / A2a 094 / A4b 253,attack_self_reduction,True,0,0,0,
Mega Altaria ex,True,19,71,21,260,False,none,no Pokemon in the archetype name (Mega Altaria ex) appears in any decks/dustin or decks/brews file or B2e archetype,44,44,28,Cloyster,A3 043 / B1a 093,attack_self_reduction,True,0,0,0,
Mega Altaria ex,True,19,71,21,260,False,none,no Pokemon in the archetype name (Mega Altaria ex) appears in any decks/dustin or decks/brews file or B2e archetype,44,44,28,Stakataka,A3a 053 / P-A 080,attack_self_reduction,True,0,0,0,
Mega Altaria ex,True,19,71,21,260,False,none,no Pokemon in the archetype name (Mega Altaria ex) appears in any decks/dustin or decks/brews file or B2e archetype,44,44,28,Skarmory ex,A4 124 / A4 194 / A4 209 / A4b 252,attack_self_reduction,True,0,0,0,
Mega Altaria ex,True,19,71,21,260,False,none,no Pokemon in the archetype name (Mega Altaria ex) appears in any decks/dustin or decks/brews file or B2e archetype,44,44,28,Avalugg,B1 075,attack_self_reduction,True,0,0,0,
Mega Altaria ex,True,19,71,21,260,False,none,no Pokemon in the archetype name (Mega Altaria ex) appears in any decks/dustin or decks/brews file or B2e archetype,44,44,28,Swirlix,B1 117,attack_self_reduction,True,0,0,0,
Mega Altaria ex,True,19,71,21,260,False,none,no Pokemon in the archetype name (Mega Altaria ex) appears in any decks/dustin or decks/brews file or B2e archetype,44,44,28,Ferrothorn (A3a 052 Steel Spikes),A3a 052,other,False,0,0,0,
Mega Altaria ex,True,19,71,21,260,False,none,no Pokemon in the archetype name (Mega Altaria ex) appears in any decks/dustin or decks/brews file or B2e archetype,44,44,28,Ferrothorn (B1 167 Guard Press),B1 167,attack_self_reduction,True,0,0,0,
Mega Altaria ex,True,19,71,21,260,False,none,no Pokemon in the archetype name (Mega Altaria ex) appears in any decks/dustin or decks/brews file or B2e archetype,44,44,28,Porygon,B1a 056 / B3 222,attack_self_reduction,True,0,0,0,
Mega Altaria ex,True,19,71,21,260,False,none,no Pokemon in the archetype name (Mega Altaria ex) appears in any decks/dustin or decks/brews file or B2e archetype,44,44,28,Shuckle,B2 003,attack_self_reduction,True,0,0,0,
Mega Altaria ex,True,19,71,21,260,False,none,no Pokemon in the archetype name (Mega Altaria ex) appears in any decks/dustin or decks/brews file or B2e archetype,44,44,28,Wigglytuff,B3b 052,attack_self_reduction,True,0,0,0,
Mega Altaria ex,True,19,71,21,260,False,none,no Pokemon in the archetype name (Mega Altaria ex) appears in any decks/dustin or decks/brews file or B2e archetype,44,44,28,Frigibax,P-B 037,attack_self_reduction,True,0,0,0,
Mega Altaria ex,True,19,71,21,260,False,none,no Pokemon in the archetype name (Mega Altaria ex) appears in any decks/dustin or decks/brews file or B2e archetype,44,44,28,Golem,A1a 045 / B1 309,attack_self_reduction,True,0,0,0,
Mega Altaria ex,True,19,71,21,260,False,none,no Pokemon in the archetype name (Mega Altaria ex) appears in any decks/dustin or decks/brews file or B2e archetype,44,44,28,Pupitar,A4 104,attack_self_reduction,True,0,0,0,
Mega Altaria ex,True,19,71,21,260,False,none,no Pokemon in the archetype name (Mega Altaria ex) appears in any decks/dustin or decks/brews file or B2e archetype,44,44,28,Carbink,B1 119,attack_self_reduction,True,0,0,0,
Mega Altaria ex,True,19,71,21,260,False,none,no Pokemon in the archetype name (Mega Altaria ex) appears in any decks/dustin or decks/brews file or B2e archetype,44,44,28,Registeel,B3 116,attack_self_reduction,True,0,0,0,
Mega Altaria ex,True,19,71,21,260,False,none,no Pokemon in the archetype name (Mega Altaria ex) appears in any decks/dustin or decks/brews file or B2e archetype,44,44,28,Archaludon,B4a 056,attack_self_reduction,True,0,0,0,
Mega Altaria ex,True,19,71,21,260,False,none,no Pokemon in the archetype name (Mega Altaria ex) appears in any decks/dustin or decks/brews file or B2e archetype,44,44,28,Cosmoem,A3 086 / A4b 182 / A4b 183,attack_self_reduction,True,0,0,0,
Mega Altaria ex,True,19,71,21,260,False,none,no Pokemon in the archetype name (Mega Altaria ex) appears in any decks/dustin or decks/brews file or B2e archetype,44,44,28,Corviknight,B1 175 / B1 246,attack_self_reduction,True,0,0,0,
Mega Altaria ex,True,19,71,21,260,False,none,no Pokemon in the archetype name (Mega Altaria ex) appears in any decks/dustin or decks/brews file or B2e archetype,44,44,28,Gouging Fire,B3a 054,attack_self_reduction,True,0,0,0,
Mega Altaria ex,True,19,71,21,260,False,none,no Pokemon in the archetype name (Mega Altaria ex) appears in any decks/dustin or decks/brews file or B2e archetype,44,44,28,Mega Steelix ex,B1a 052 / B1a 080 / B1a 086 / B3 232,attack_self_reduction,True,0,0,0,
Mega Altaria ex,True,19,71,21,260,False,none,no Pokemon in the archetype name (Mega Altaria ex) appears in any decks/dustin or decks/brews file or B2e archetype,44,44,28,Aegislash,B2 120,attack_self_reduction,True,0,0,0,
Mega Altaria ex,True,19,71,21,260,False,none,no Pokemon in the archetype name (Mega Altaria ex) appears in any decks/dustin or decks/brews file or B2e archetype,44,44,28,Cornerstone Mask Ogerpon,B2 093,attack_self_reduction,True,0,0,0,
Mega Altaria ex,True,19,71,21,260,False,none,no Pokemon in the archetype name (Mega Altaria ex) appears in any decks/dustin or decks/brews file or B2e archetype,44,44,28,Protective Poncho,B2 147 / B2 234,other,False,1,1,0,
Mega Altaria ex,True,19,71,21,260,False,none,no Pokemon in the archetype name (Mega Altaria ex) appears in any decks/dustin or decks/brews file or B2e archetype,44,44,28,Rocky Helmet,A2 148 / A4b 322 / A4b 323,other,False,1,2,0,
Mega Altaria ex,True,19,71,21,260,False,none,no Pokemon in the archetype name (Mega Altaria ex) appears in any decks/dustin or decks/brews file or B2e archetype,44,44,28,Turtonator,B1 047,other,False,0,0,0,
Mega Altaria ex,True,19,71,21,260,False,none,no Pokemon in the archetype name (Mega Altaria ex) appears in any decks/dustin or decks/brews file or B2e archetype,44,44,28,Togedemaru,A3b 048 / P-A 090,other,False,0,0,0,
Mega Altaria ex,True,19,71,21,260,False,none,no Pokemon in the archetype name (Mega Altaria ex) appears in any decks/dustin or decks/brews file or B2e archetype,44,44,28,Alolan Sandslash,A3 039,other,False,0,0,0,
Mega Altaria ex,True,19,71,21,260,False,none,no Pokemon in the archetype name (Mega Altaria ex) appears in any decks/dustin or decks/brews file or B2e archetype,44,44,28,Mega Sableye ex,B3b 041 / B3b 081 / B3b 088,other,False,0,0,0,
Mega Altaria ex,True,19,71,21,260,False,none,no Pokemon in the archetype name (Mega Altaria ex) appears in any decks/dustin or decks/brews file or B2e archetype,44,44,28,Chesnaught,B2 010,other,False,0,0,0,
Mega Altaria ex,True,19,71,21,260,False,none,no Pokemon in the archetype name (Mega Altaria ex) appears in any decks/dustin or decks/brews file or B2e archetype,44,44,28,Poliwrath,A1 061 / B1 297,other,False,0,0,0,
Mega Altaria ex,True,19,71,21,260,False,none,no Pokemon in the archetype name (Mega Altaria ex) appears in any decks/dustin or decks/brews file or B2e archetype,44,44,28,Druddigon,A1a 056,other,False,0,0,0,
Mega Altaria ex,True,19,71,21,260,False,none,no Pokemon in the archetype name (Mega Altaria ex) appears in any decks/dustin or decks/brews file or B2e archetype,44,44,28,Pawmot,A2b 028 / P-A 054,other,False,0,0,0,
Mega Altaria ex,True,19,71,21,260,False,none,no Pokemon in the archetype name (Mega Altaria ex) appears in any decks/dustin or decks/brews file or B2e archetype,44,44,28,Zangoose,A4a 065,other,False,0,0,0,
Mega Altaria ex,True,19,71,21,260,False,none,no Pokemon in the archetype name (Mega Altaria ex) appears in any decks/dustin or decks/brews file or B2e archetype,44,44,28,Iron Jugulis,B3a 046,other,False,0,0,0,
Mega Altaria ex,True,19,71,21,260,False,none,no Pokemon in the archetype name (Mega Altaria ex) appears in any decks/dustin or decks/brews file or B2e archetype,44,44,28,ANY (at least one card of the set),,,,2,,,
Mega Altaria ex,True,19,71,21,260,False,none,no Pokemon in the archetype name (Mega Altaria ex) appears in any decks/dustin or decks/brews file or B2e archetype,44,44,28,ANY switch-1 card (groups 1-3),,,,0,,,
Mega Blaziken ex Greninja,True,20,66,17,358,True,shares_pokemon,conservative: shares a Pokemon with a Dustin file or a B2e archetype: Mega Blaziken ex in decks/dustin/06-mega-blaziken-tournament-list.txt (named in the file name),63,63,33,Jasmine,A4 160 / A4 200,trainer_turn_effect,True,0,0,0,
Mega Blaziken ex Greninja,True,20,66,17,358,True,shares_pokemon,conservative: shares a Pokemon with a Dustin file or a B2e archetype: Mega Blaziken ex in decks/dustin/06-mega-blaziken-tournament-list.txt (named in the file name),63,63,33,Cheren,B3 151 / B3 192,trainer_turn_effect,True,0,0,0,
Mega Blaziken ex Greninja,True,20,66,17,358,True,shares_pokemon,conservative: shares a Pokemon with a Dustin file or a B2e archetype: Mega Blaziken ex in decks/dustin/06-mega-blaziken-tournament-list.txt (named in the file name),63,63,33,Blue,A1a 067 / A1a 081,trainer_turn_effect,True,0,0,0,
Mega Blaziken ex Greninja,True,20,66,17,358,True,shares_pokemon,conservative: shares a Pokemon with a Dustin file or a B2e archetype: Mega Blaziken ex in decks/dustin/06-mega-blaziken-tournament-list.txt (named in the file name),63,63,33,Beast Wall,A3a 063,trainer_turn_effect,True,0,0,0,
Mega Blaziken ex Greninja,True,20,66,17,358,True,shares_pokemon,conservative: shares a Pokemon with a Dustin file or a B2e archetype: Mega Blaziken ex in decks/dustin/06-mega-blaziken-tournament-list.txt (named in the file name),63,63,33,Adaman,A2a 075 / A2a 090,trainer_turn_effect,True,0,0,0,
Mega Blaziken ex Greninja,True,20,66,17,358,True,shares_pokemon,conservative: shares a Pokemon with a Dustin file or a B2e archetype: Mega Blaziken ex in decks/dustin/06-mega-blaziken-tournament-list.txt (named in the file name),63,63,33,Heavy Helmet,B1 219,tool_reduction,True,0,0,0,
Mega Blaziken ex Greninja,True,20,66,17,358,True,shares_pokemon,conservative: shares a Pokemon with a Dustin file or a B2e archetype: Mega Blaziken ex in decks/dustin/06-mega-blaziken-tournament-list.txt (named in the file name),63,63,33,Steel Apron,A4 153,tool_reduction,True,0,0,0,
Mega Blaziken ex Greninja,True,20,66,17,358,True,shares_pokemon,conservative: shares a Pokemon with a Dustin file or a B2e archetype: Mega Blaziken ex in decks/dustin/06-mega-blaziken-tournament-list.txt (named in the file name),63,63,33,Metal Core Barrier,B2 148 / B2b 117,tool_reduction,True,0,0,0,
Mega Blaziken ex Greninja,True,20,66,17,358,True,shares_pokemon,conservative: shares a Pokemon with a Dustin file or a B2e archetype: Mega Blaziken ex in decks/dustin/06-mega-blaziken-tournament-list.txt (named in the file name),63,63,33,Mr. Mime,A1 126,attack_self_reduction,True,0,0,0,
Mega Blaziken ex Greninja,True,20,66,17,358,True,shares_pokemon,conservative: shares a Pokemon with a Dustin file or a B2e archetype: Mega Blaziken ex in decks/dustin/06-mega-blaziken-tournament-list.txt (named in the file name),63,63,33,Drifloon,A2 073 / A2 165,attack_self_reduction,True,0,0,0,
Mega Blaziken ex Greninja,True,20,66,17,358,True,shares_pokemon,conservative: shares a Pokemon with a Dustin file or a B2e archetype: Mega Blaziken ex in decks/dustin/06-mega-blaziken-tournament-list.txt (named in the file name),63,63,33,Bronzong,A2 117,attack_self_reduction,True,0,0,0,
Mega Blaziken ex Greninja,True,20,66,17,358,True,shares_pokemon,conservative: shares a Pokemon with a Dustin file or a B2e archetype: Mega Blaziken ex in decks/dustin/06-mega-blaziken-tournament-list.txt (named in the file name),63,63,33,Probopass ex,A2a 057 / A2a 085 / A2a 094 / A4b 253,attack_self_reduction,True,0,0,0,
Mega Blaziken ex Greninja,True,20,66,17,358,True,shares_pokemon,conservative: shares a Pokemon with a Dustin file or a B2e archetype: Mega Blaziken ex in decks/dustin/06-mega-blaziken-tournament-list.txt (named in the file name),63,63,33,Cloyster,A3 043 / B1a 093,attack_self_reduction,True,0,0,0,
Mega Blaziken ex Greninja,True,20,66,17,358,True,shares_pokemon,conservative: shares a Pokemon with a Dustin file or a B2e archetype: Mega Blaziken ex in decks/dustin/06-mega-blaziken-tournament-list.txt (named in the file name),63,63,33,Stakataka,A3a 053 / P-A 080,attack_self_reduction,True,0,0,0,
Mega Blaziken ex Greninja,True,20,66,17,358,True,shares_pokemon,conservative: shares a Pokemon with a Dustin file or a B2e archetype: Mega Blaziken ex in decks/dustin/06-mega-blaziken-tournament-list.txt (named in the file name),63,63,33,Skarmory ex,A4 124 / A4 194 / A4 209 / A4b 252,attack_self_reduction,True,0,0,0,
Mega Blaziken ex Greninja,True,20,66,17,358,True,shares_pokemon,conservative: shares a Pokemon with a Dustin file or a B2e archetype: Mega Blaziken ex in decks/dustin/06-mega-blaziken-tournament-list.txt (named in the file name),63,63,33,Avalugg,B1 075,attack_self_reduction,True,0,0,0,
Mega Blaziken ex Greninja,True,20,66,17,358,True,shares_pokemon,conservative: shares a Pokemon with a Dustin file or a B2e archetype: Mega Blaziken ex in decks/dustin/06-mega-blaziken-tournament-list.txt (named in the file name),63,63,33,Swirlix,B1 117,attack_self_reduction,True,0,0,0,
Mega Blaziken ex Greninja,True,20,66,17,358,True,shares_pokemon,conservative: shares a Pokemon with a Dustin file or a B2e archetype: Mega Blaziken ex in decks/dustin/06-mega-blaziken-tournament-list.txt (named in the file name),63,63,33,Ferrothorn (A3a 052 Steel Spikes),A3a 052,other,False,0,0,0,
Mega Blaziken ex Greninja,True,20,66,17,358,True,shares_pokemon,conservative: shares a Pokemon with a Dustin file or a B2e archetype: Mega Blaziken ex in decks/dustin/06-mega-blaziken-tournament-list.txt (named in the file name),63,63,33,Ferrothorn (B1 167 Guard Press),B1 167,attack_self_reduction,True,0,0,0,
Mega Blaziken ex Greninja,True,20,66,17,358,True,shares_pokemon,conservative: shares a Pokemon with a Dustin file or a B2e archetype: Mega Blaziken ex in decks/dustin/06-mega-blaziken-tournament-list.txt (named in the file name),63,63,33,Porygon,B1a 056 / B3 222,attack_self_reduction,True,0,0,0,
Mega Blaziken ex Greninja,True,20,66,17,358,True,shares_pokemon,conservative: shares a Pokemon with a Dustin file or a B2e archetype: Mega Blaziken ex in decks/dustin/06-mega-blaziken-tournament-list.txt (named in the file name),63,63,33,Shuckle,B2 003,attack_self_reduction,True,0,0,0,
Mega Blaziken ex Greninja,True,20,66,17,358,True,shares_pokemon,conservative: shares a Pokemon with a Dustin file or a B2e archetype: Mega Blaziken ex in decks/dustin/06-mega-blaziken-tournament-list.txt (named in the file name),63,63,33,Wigglytuff,B3b 052,attack_self_reduction,True,0,0,0,
Mega Blaziken ex Greninja,True,20,66,17,358,True,shares_pokemon,conservative: shares a Pokemon with a Dustin file or a B2e archetype: Mega Blaziken ex in decks/dustin/06-mega-blaziken-tournament-list.txt (named in the file name),63,63,33,Frigibax,P-B 037,attack_self_reduction,True,0,0,0,
Mega Blaziken ex Greninja,True,20,66,17,358,True,shares_pokemon,conservative: shares a Pokemon with a Dustin file or a B2e archetype: Mega Blaziken ex in decks/dustin/06-mega-blaziken-tournament-list.txt (named in the file name),63,63,33,Golem,A1a 045 / B1 309,attack_self_reduction,True,0,0,0,
Mega Blaziken ex Greninja,True,20,66,17,358,True,shares_pokemon,conservative: shares a Pokemon with a Dustin file or a B2e archetype: Mega Blaziken ex in decks/dustin/06-mega-blaziken-tournament-list.txt (named in the file name),63,63,33,Pupitar,A4 104,attack_self_reduction,True,0,0,0,
Mega Blaziken ex Greninja,True,20,66,17,358,True,shares_pokemon,conservative: shares a Pokemon with a Dustin file or a B2e archetype: Mega Blaziken ex in decks/dustin/06-mega-blaziken-tournament-list.txt (named in the file name),63,63,33,Carbink,B1 119,attack_self_reduction,True,0,0,0,
Mega Blaziken ex Greninja,True,20,66,17,358,True,shares_pokemon,conservative: shares a Pokemon with a Dustin file or a B2e archetype: Mega Blaziken ex in decks/dustin/06-mega-blaziken-tournament-list.txt (named in the file name),63,63,33,Registeel,B3 116,attack_self_reduction,True,0,0,0,
Mega Blaziken ex Greninja,True,20,66,17,358,True,shares_pokemon,conservative: shares a Pokemon with a Dustin file or a B2e archetype: Mega Blaziken ex in decks/dustin/06-mega-blaziken-tournament-list.txt (named in the file name),63,63,33,Archaludon,B4a 056,attack_self_reduction,True,0,0,0,
Mega Blaziken ex Greninja,True,20,66,17,358,True,shares_pokemon,conservative: shares a Pokemon with a Dustin file or a B2e archetype: Mega Blaziken ex in decks/dustin/06-mega-blaziken-tournament-list.txt (named in the file name),63,63,33,Cosmoem,A3 086 / A4b 182 / A4b 183,attack_self_reduction,True,0,0,0,
Mega Blaziken ex Greninja,True,20,66,17,358,True,shares_pokemon,conservative: shares a Pokemon with a Dustin file or a B2e archetype: Mega Blaziken ex in decks/dustin/06-mega-blaziken-tournament-list.txt (named in the file name),63,63,33,Corviknight,B1 175 / B1 246,attack_self_reduction,True,0,0,0,
Mega Blaziken ex Greninja,True,20,66,17,358,True,shares_pokemon,conservative: shares a Pokemon with a Dustin file or a B2e archetype: Mega Blaziken ex in decks/dustin/06-mega-blaziken-tournament-list.txt (named in the file name),63,63,33,Gouging Fire,B3a 054,attack_self_reduction,True,0,0,0,
Mega Blaziken ex Greninja,True,20,66,17,358,True,shares_pokemon,conservative: shares a Pokemon with a Dustin file or a B2e archetype: Mega Blaziken ex in decks/dustin/06-mega-blaziken-tournament-list.txt (named in the file name),63,63,33,Mega Steelix ex,B1a 052 / B1a 080 / B1a 086 / B3 232,attack_self_reduction,True,0,0,0,
Mega Blaziken ex Greninja,True,20,66,17,358,True,shares_pokemon,conservative: shares a Pokemon with a Dustin file or a B2e archetype: Mega Blaziken ex in decks/dustin/06-mega-blaziken-tournament-list.txt (named in the file name),63,63,33,Aegislash,B2 120,attack_self_reduction,True,0,0,0,
Mega Blaziken ex Greninja,True,20,66,17,358,True,shares_pokemon,conservative: shares a Pokemon with a Dustin file or a B2e archetype: Mega Blaziken ex in decks/dustin/06-mega-blaziken-tournament-list.txt (named in the file name),63,63,33,Cornerstone Mask Ogerpon,B2 093,attack_self_reduction,True,0,0,0,
Mega Blaziken ex Greninja,True,20,66,17,358,True,shares_pokemon,conservative: shares a Pokemon with a Dustin file or a B2e archetype: Mega Blaziken ex in decks/dustin/06-mega-blaziken-tournament-list.txt (named in the file name),63,63,33,Protective Poncho,B2 147 / B2 234,other,False,0,0,0,
Mega Blaziken ex Greninja,True,20,66,17,358,True,shares_pokemon,conservative: shares a Pokemon with a Dustin file or a B2e archetype: Mega Blaziken ex in decks/dustin/06-mega-blaziken-tournament-list.txt (named in the file name),63,63,33,Rocky Helmet,A2 148 / A4b 322 / A4b 323,other,False,0,0,0,
Mega Blaziken ex Greninja,True,20,66,17,358,True,shares_pokemon,conservative: shares a Pokemon with a Dustin file or a B2e archetype: Mega Blaziken ex in decks/dustin/06-mega-blaziken-tournament-list.txt (named in the file name),63,63,33,Turtonator,B1 047,other,False,0,0,0,
Mega Blaziken ex Greninja,True,20,66,17,358,True,shares_pokemon,conservative: shares a Pokemon with a Dustin file or a B2e archetype: Mega Blaziken ex in decks/dustin/06-mega-blaziken-tournament-list.txt (named in the file name),63,63,33,Togedemaru,A3b 048 / P-A 090,other,False,0,0,0,
Mega Blaziken ex Greninja,True,20,66,17,358,True,shares_pokemon,conservative: shares a Pokemon with a Dustin file or a B2e archetype: Mega Blaziken ex in decks/dustin/06-mega-blaziken-tournament-list.txt (named in the file name),63,63,33,Alolan Sandslash,A3 039,other,False,0,0,0,
Mega Blaziken ex Greninja,True,20,66,17,358,True,shares_pokemon,conservative: shares a Pokemon with a Dustin file or a B2e archetype: Mega Blaziken ex in decks/dustin/06-mega-blaziken-tournament-list.txt (named in the file name),63,63,33,Mega Sableye ex,B3b 041 / B3b 081 / B3b 088,other,False,0,0,0,
Mega Blaziken ex Greninja,True,20,66,17,358,True,shares_pokemon,conservative: shares a Pokemon with a Dustin file or a B2e archetype: Mega Blaziken ex in decks/dustin/06-mega-blaziken-tournament-list.txt (named in the file name),63,63,33,Chesnaught,B2 010,other,False,0,0,0,
Mega Blaziken ex Greninja,True,20,66,17,358,True,shares_pokemon,conservative: shares a Pokemon with a Dustin file or a B2e archetype: Mega Blaziken ex in decks/dustin/06-mega-blaziken-tournament-list.txt (named in the file name),63,63,33,Poliwrath,A1 061 / B1 297,other,False,0,0,0,
Mega Blaziken ex Greninja,True,20,66,17,358,True,shares_pokemon,conservative: shares a Pokemon with a Dustin file or a B2e archetype: Mega Blaziken ex in decks/dustin/06-mega-blaziken-tournament-list.txt (named in the file name),63,63,33,Druddigon,A1a 056,other,False,0,0,0,
Mega Blaziken ex Greninja,True,20,66,17,358,True,shares_pokemon,conservative: shares a Pokemon with a Dustin file or a B2e archetype: Mega Blaziken ex in decks/dustin/06-mega-blaziken-tournament-list.txt (named in the file name),63,63,33,Pawmot,A2b 028 / P-A 054,other,False,0,0,0,
Mega Blaziken ex Greninja,True,20,66,17,358,True,shares_pokemon,conservative: shares a Pokemon with a Dustin file or a B2e archetype: Mega Blaziken ex in decks/dustin/06-mega-blaziken-tournament-list.txt (named in the file name),63,63,33,Zangoose,A4a 065,other,False,0,0,0,
Mega Blaziken ex Greninja,True,20,66,17,358,True,shares_pokemon,conservative: shares a Pokemon with a Dustin file or a B2e archetype: Mega Blaziken ex in decks/dustin/06-mega-blaziken-tournament-list.txt (named in the file name),63,63,33,Iron Jugulis,B3a 046,other,False,0,0,0,
Mega Blaziken ex Greninja,True,20,66,17,358,True,shares_pokemon,conservative: shares a Pokemon with a Dustin file or a B2e archetype: Mega Blaziken ex in decks/dustin/06-mega-blaziken-tournament-list.txt (named in the file name),63,63,33,ANY (at least one card of the set),,,,0,,,
Mega Blaziken ex Greninja,True,20,66,17,358,True,shares_pokemon,conservative: shares a Pokemon with a Dustin file or a B2e archetype: Mega Blaziken ex in decks/dustin/06-mega-blaziken-tournament-list.txt (named in the file name),63,63,33,ANY switch-1 card (groups 1-3),,,,0,,,
Garchomp,True,21,60,29,162,True,b2e,one of the six B2e archetypes the task names as certainly Dustin's,36,36,19,Jasmine,A4 160 / A4 200,trainer_turn_effect,True,0,0,0,
Garchomp,True,21,60,29,162,True,b2e,one of the six B2e archetypes the task names as certainly Dustin's,36,36,19,Cheren,B3 151 / B3 192,trainer_turn_effect,True,0,0,0,
Garchomp,True,21,60,29,162,True,b2e,one of the six B2e archetypes the task names as certainly Dustin's,36,36,19,Blue,A1a 067 / A1a 081,trainer_turn_effect,True,0,0,0,
Garchomp,True,21,60,29,162,True,b2e,one of the six B2e archetypes the task names as certainly Dustin's,36,36,19,Beast Wall,A3a 063,trainer_turn_effect,True,0,0,0,
Garchomp,True,21,60,29,162,True,b2e,one of the six B2e archetypes the task names as certainly Dustin's,36,36,19,Adaman,A2a 075 / A2a 090,trainer_turn_effect,True,0,0,0,
Garchomp,True,21,60,29,162,True,b2e,one of the six B2e archetypes the task names as certainly Dustin's,36,36,19,Heavy Helmet,B1 219,tool_reduction,True,0,0,0,
Garchomp,True,21,60,29,162,True,b2e,one of the six B2e archetypes the task names as certainly Dustin's,36,36,19,Steel Apron,A4 153,tool_reduction,True,0,0,0,
Garchomp,True,21,60,29,162,True,b2e,one of the six B2e archetypes the task names as certainly Dustin's,36,36,19,Metal Core Barrier,B2 148 / B2b 117,tool_reduction,True,0,0,0,
Garchomp,True,21,60,29,162,True,b2e,one of the six B2e archetypes the task names as certainly Dustin's,36,36,19,Mr. Mime,A1 126,attack_self_reduction,True,0,0,0,
Garchomp,True,21,60,29,162,True,b2e,one of the six B2e archetypes the task names as certainly Dustin's,36,36,19,Drifloon,A2 073 / A2 165,attack_self_reduction,True,0,0,0,
Garchomp,True,21,60,29,162,True,b2e,one of the six B2e archetypes the task names as certainly Dustin's,36,36,19,Bronzong,A2 117,attack_self_reduction,True,0,0,0,
Garchomp,True,21,60,29,162,True,b2e,one of the six B2e archetypes the task names as certainly Dustin's,36,36,19,Probopass ex,A2a 057 / A2a 085 / A2a 094 / A4b 253,attack_self_reduction,True,0,0,0,
Garchomp,True,21,60,29,162,True,b2e,one of the six B2e archetypes the task names as certainly Dustin's,36,36,19,Cloyster,A3 043 / B1a 093,attack_self_reduction,True,0,0,0,
Garchomp,True,21,60,29,162,True,b2e,one of the six B2e archetypes the task names as certainly Dustin's,36,36,19,Stakataka,A3a 053 / P-A 080,attack_self_reduction,True,0,0,0,
Garchomp,True,21,60,29,162,True,b2e,one of the six B2e archetypes the task names as certainly Dustin's,36,36,19,Skarmory ex,A4 124 / A4 194 / A4 209 / A4b 252,attack_self_reduction,True,0,0,0,
Garchomp,True,21,60,29,162,True,b2e,one of the six B2e archetypes the task names as certainly Dustin's,36,36,19,Avalugg,B1 075,attack_self_reduction,True,0,0,0,
Garchomp,True,21,60,29,162,True,b2e,one of the six B2e archetypes the task names as certainly Dustin's,36,36,19,Swirlix,B1 117,attack_self_reduction,True,0,0,0,
Garchomp,True,21,60,29,162,True,b2e,one of the six B2e archetypes the task names as certainly Dustin's,36,36,19,Ferrothorn (A3a 052 Steel Spikes),A3a 052,other,False,0,0,0,
Garchomp,True,21,60,29,162,True,b2e,one of the six B2e archetypes the task names as certainly Dustin's,36,36,19,Ferrothorn (B1 167 Guard Press),B1 167,attack_self_reduction,True,0,0,0,
Garchomp,True,21,60,29,162,True,b2e,one of the six B2e archetypes the task names as certainly Dustin's,36,36,19,Porygon,B1a 056 / B3 222,attack_self_reduction,True,0,0,0,
Garchomp,True,21,60,29,162,True,b2e,one of the six B2e archetypes the task names as certainly Dustin's,36,36,19,Shuckle,B2 003,attack_self_reduction,True,0,0,0,
Garchomp,True,21,60,29,162,True,b2e,one of the six B2e archetypes the task names as certainly Dustin's,36,36,19,Wigglytuff,B3b 052,attack_self_reduction,True,0,0,0,
Garchomp,True,21,60,29,162,True,b2e,one of the six B2e archetypes the task names as certainly Dustin's,36,36,19,Frigibax,P-B 037,attack_self_reduction,True,0,0,0,
Garchomp,True,21,60,29,162,True,b2e,one of the six B2e archetypes the task names as certainly Dustin's,36,36,19,Golem,A1a 045 / B1 309,attack_self_reduction,True,0,0,0,
Garchomp,True,21,60,29,162,True,b2e,one of the six B2e archetypes the task names as certainly Dustin's,36,36,19,Pupitar,A4 104,attack_self_reduction,True,0,0,0,
Garchomp,True,21,60,29,162,True,b2e,one of the six B2e archetypes the task names as certainly Dustin's,36,36,19,Carbink,B1 119,attack_self_reduction,True,0,0,0,
Garchomp,True,21,60,29,162,True,b2e,one of the six B2e archetypes the task names as certainly Dustin's,36,36,19,Registeel,B3 116,attack_self_reduction,True,0,0,0,
Garchomp,True,21,60,29,162,True,b2e,one of the six B2e archetypes the task names as certainly Dustin's,36,36,19,Archaludon,B4a 056,attack_self_reduction,True,0,0,0,
Garchomp,True,21,60,29,162,True,b2e,one of the six B2e archetypes the task names as certainly Dustin's,36,36,19,Cosmoem,A3 086 / A4b 182 / A4b 183,attack_self_reduction,True,0,0,0,
Garchomp,True,21,60,29,162,True,b2e,one of the six B2e archetypes the task names as certainly Dustin's,36,36,19,Corviknight,B1 175 / B1 246,attack_self_reduction,True,0,0,0,
Garchomp,True,21,60,29,162,True,b2e,one of the six B2e archetypes the task names as certainly Dustin's,36,36,19,Gouging Fire,B3a 054,attack_self_reduction,True,0,0,0,
Garchomp,True,21,60,29,162,True,b2e,one of the six B2e archetypes the task names as certainly Dustin's,36,36,19,Mega Steelix ex,B1a 052 / B1a 080 / B1a 086 / B3 232,attack_self_reduction,True,0,0,0,
Garchomp,True,21,60,29,162,True,b2e,one of the six B2e archetypes the task names as certainly Dustin's,36,36,19,Aegislash,B2 120,attack_self_reduction,True,0,0,0,
Garchomp,True,21,60,29,162,True,b2e,one of the six B2e archetypes the task names as certainly Dustin's,36,36,19,Cornerstone Mask Ogerpon,B2 093,attack_self_reduction,True,0,0,0,
Garchomp,True,21,60,29,162,True,b2e,one of the six B2e archetypes the task names as certainly Dustin's,36,36,19,Protective Poncho,B2 147 / B2 234,other,False,9,10,0,
Garchomp,True,21,60,29,162,True,b2e,one of the six B2e archetypes the task names as certainly Dustin's,36,36,19,Rocky Helmet,A2 148 / A4b 322 / A4b 323,other,False,3,3,0,
Garchomp,True,21,60,29,162,True,b2e,one of the six B2e archetypes the task names as certainly Dustin's,36,36,19,Turtonator,B1 047,other,False,0,0,0,
Garchomp,True,21,60,29,162,True,b2e,one of the six B2e archetypes the task names as certainly Dustin's,36,36,19,Togedemaru,A3b 048 / P-A 090,other,False,0,0,0,
Garchomp,True,21,60,29,162,True,b2e,one of the six B2e archetypes the task names as certainly Dustin's,36,36,19,Alolan Sandslash,A3 039,other,False,0,0,0,
Garchomp,True,21,60,29,162,True,b2e,one of the six B2e archetypes the task names as certainly Dustin's,36,36,19,Mega Sableye ex,B3b 041 / B3b 081 / B3b 088,other,False,0,0,0,
Garchomp,True,21,60,29,162,True,b2e,one of the six B2e archetypes the task names as certainly Dustin's,36,36,19,Chesnaught,B2 010,other,False,0,0,0,
Garchomp,True,21,60,29,162,True,b2e,one of the six B2e archetypes the task names as certainly Dustin's,36,36,19,Poliwrath,A1 061 / B1 297,other,False,0,0,0,
Garchomp,True,21,60,29,162,True,b2e,one of the six B2e archetypes the task names as certainly Dustin's,36,36,19,Druddigon,A1a 056,other,False,0,0,0,
Garchomp,True,21,60,29,162,True,b2e,one of the six B2e archetypes the task names as certainly Dustin's,36,36,19,Pawmot,A2b 028 / P-A 054,other,False,0,0,0,
Garchomp,True,21,60,29,162,True,b2e,one of the six B2e archetypes the task names as certainly Dustin's,36,36,19,Zangoose,A4a 065,other,False,0,0,0,
Garchomp,True,21,60,29,162,True,b2e,one of the six B2e archetypes the task names as certainly Dustin's,36,36,19,Iron Jugulis,B3a 046,other,False,0,0,0,
Garchomp,True,21,60,29,162,True,b2e,one of the six B2e archetypes the task names as certainly Dustin's,36,36,19,ANY (at least one card of the set),,,,12,,,
Garchomp,True,21,60,29,162,True,b2e,one of the six B2e archetypes the task names as certainly Dustin's,36,36,19,ANY switch-1 card (groups 1-3),,,,0,,,
Dragonair Mega Rayquaza ex,True,22,56,6,818,True,shares_pokemon,conservative: shares a Pokemon with a Dustin file or a B2e archetype: Dragonair in decks/dustin/11-archaludon-haxorus-dragonair.txt (named in the file name),143,143,44,Jasmine,A4 160 / A4 200,trainer_turn_effect,True,0,0,0,
Dragonair Mega Rayquaza ex,True,22,56,6,818,True,shares_pokemon,conservative: shares a Pokemon with a Dustin file or a B2e archetype: Dragonair in decks/dustin/11-archaludon-haxorus-dragonair.txt (named in the file name),143,143,44,Cheren,B3 151 / B3 192,trainer_turn_effect,True,0,0,0,
Dragonair Mega Rayquaza ex,True,22,56,6,818,True,shares_pokemon,conservative: shares a Pokemon with a Dustin file or a B2e archetype: Dragonair in decks/dustin/11-archaludon-haxorus-dragonair.txt (named in the file name),143,143,44,Blue,A1a 067 / A1a 081,trainer_turn_effect,True,0,0,0,
Dragonair Mega Rayquaza ex,True,22,56,6,818,True,shares_pokemon,conservative: shares a Pokemon with a Dustin file or a B2e archetype: Dragonair in decks/dustin/11-archaludon-haxorus-dragonair.txt (named in the file name),143,143,44,Beast Wall,A3a 063,trainer_turn_effect,True,0,0,0,
Dragonair Mega Rayquaza ex,True,22,56,6,818,True,shares_pokemon,conservative: shares a Pokemon with a Dustin file or a B2e archetype: Dragonair in decks/dustin/11-archaludon-haxorus-dragonair.txt (named in the file name),143,143,44,Adaman,A2a 075 / A2a 090,trainer_turn_effect,True,0,0,0,
Dragonair Mega Rayquaza ex,True,22,56,6,818,True,shares_pokemon,conservative: shares a Pokemon with a Dustin file or a B2e archetype: Dragonair in decks/dustin/11-archaludon-haxorus-dragonair.txt (named in the file name),143,143,44,Heavy Helmet,B1 219,tool_reduction,True,0,0,0,
Dragonair Mega Rayquaza ex,True,22,56,6,818,True,shares_pokemon,conservative: shares a Pokemon with a Dustin file or a B2e archetype: Dragonair in decks/dustin/11-archaludon-haxorus-dragonair.txt (named in the file name),143,143,44,Steel Apron,A4 153,tool_reduction,True,0,0,0,
Dragonair Mega Rayquaza ex,True,22,56,6,818,True,shares_pokemon,conservative: shares a Pokemon with a Dustin file or a B2e archetype: Dragonair in decks/dustin/11-archaludon-haxorus-dragonair.txt (named in the file name),143,143,44,Metal Core Barrier,B2 148 / B2b 117,tool_reduction,True,0,0,0,
Dragonair Mega Rayquaza ex,True,22,56,6,818,True,shares_pokemon,conservative: shares a Pokemon with a Dustin file or a B2e archetype: Dragonair in decks/dustin/11-archaludon-haxorus-dragonair.txt (named in the file name),143,143,44,Mr. Mime,A1 126,attack_self_reduction,True,0,0,0,
Dragonair Mega Rayquaza ex,True,22,56,6,818,True,shares_pokemon,conservative: shares a Pokemon with a Dustin file or a B2e archetype: Dragonair in decks/dustin/11-archaludon-haxorus-dragonair.txt (named in the file name),143,143,44,Drifloon,A2 073 / A2 165,attack_self_reduction,True,0,0,0,
Dragonair Mega Rayquaza ex,True,22,56,6,818,True,shares_pokemon,conservative: shares a Pokemon with a Dustin file or a B2e archetype: Dragonair in decks/dustin/11-archaludon-haxorus-dragonair.txt (named in the file name),143,143,44,Bronzong,A2 117,attack_self_reduction,True,0,0,0,
Dragonair Mega Rayquaza ex,True,22,56,6,818,True,shares_pokemon,conservative: shares a Pokemon with a Dustin file or a B2e archetype: Dragonair in decks/dustin/11-archaludon-haxorus-dragonair.txt (named in the file name),143,143,44,Probopass ex,A2a 057 / A2a 085 / A2a 094 / A4b 253,attack_self_reduction,True,0,0,0,
Dragonair Mega Rayquaza ex,True,22,56,6,818,True,shares_pokemon,conservative: shares a Pokemon with a Dustin file or a B2e archetype: Dragonair in decks/dustin/11-archaludon-haxorus-dragonair.txt (named in the file name),143,143,44,Cloyster,A3 043 / B1a 093,attack_self_reduction,True,0,0,0,
Dragonair Mega Rayquaza ex,True,22,56,6,818,True,shares_pokemon,conservative: shares a Pokemon with a Dustin file or a B2e archetype: Dragonair in decks/dustin/11-archaludon-haxorus-dragonair.txt (named in the file name),143,143,44,Stakataka,A3a 053 / P-A 080,attack_self_reduction,True,0,0,0,
Dragonair Mega Rayquaza ex,True,22,56,6,818,True,shares_pokemon,conservative: shares a Pokemon with a Dustin file or a B2e archetype: Dragonair in decks/dustin/11-archaludon-haxorus-dragonair.txt (named in the file name),143,143,44,Skarmory ex,A4 124 / A4 194 / A4 209 / A4b 252,attack_self_reduction,True,0,0,0,
Dragonair Mega Rayquaza ex,True,22,56,6,818,True,shares_pokemon,conservative: shares a Pokemon with a Dustin file or a B2e archetype: Dragonair in decks/dustin/11-archaludon-haxorus-dragonair.txt (named in the file name),143,143,44,Avalugg,B1 075,attack_self_reduction,True,0,0,0,
Dragonair Mega Rayquaza ex,True,22,56,6,818,True,shares_pokemon,conservative: shares a Pokemon with a Dustin file or a B2e archetype: Dragonair in decks/dustin/11-archaludon-haxorus-dragonair.txt (named in the file name),143,143,44,Swirlix,B1 117,attack_self_reduction,True,0,0,0,
Dragonair Mega Rayquaza ex,True,22,56,6,818,True,shares_pokemon,conservative: shares a Pokemon with a Dustin file or a B2e archetype: Dragonair in decks/dustin/11-archaludon-haxorus-dragonair.txt (named in the file name),143,143,44,Ferrothorn (A3a 052 Steel Spikes),A3a 052,other,False,0,0,0,
Dragonair Mega Rayquaza ex,True,22,56,6,818,True,shares_pokemon,conservative: shares a Pokemon with a Dustin file or a B2e archetype: Dragonair in decks/dustin/11-archaludon-haxorus-dragonair.txt (named in the file name),143,143,44,Ferrothorn (B1 167 Guard Press),B1 167,attack_self_reduction,True,0,0,0,
Dragonair Mega Rayquaza ex,True,22,56,6,818,True,shares_pokemon,conservative: shares a Pokemon with a Dustin file or a B2e archetype: Dragonair in decks/dustin/11-archaludon-haxorus-dragonair.txt (named in the file name),143,143,44,Porygon,B1a 056 / B3 222,attack_self_reduction,True,0,0,0,
Dragonair Mega Rayquaza ex,True,22,56,6,818,True,shares_pokemon,conservative: shares a Pokemon with a Dustin file or a B2e archetype: Dragonair in decks/dustin/11-archaludon-haxorus-dragonair.txt (named in the file name),143,143,44,Shuckle,B2 003,attack_self_reduction,True,0,0,0,
Dragonair Mega Rayquaza ex,True,22,56,6,818,True,shares_pokemon,conservative: shares a Pokemon with a Dustin file or a B2e archetype: Dragonair in decks/dustin/11-archaludon-haxorus-dragonair.txt (named in the file name),143,143,44,Wigglytuff,B3b 052,attack_self_reduction,True,0,0,0,
Dragonair Mega Rayquaza ex,True,22,56,6,818,True,shares_pokemon,conservative: shares a Pokemon with a Dustin file or a B2e archetype: Dragonair in decks/dustin/11-archaludon-haxorus-dragonair.txt (named in the file name),143,143,44,Frigibax,P-B 037,attack_self_reduction,True,0,0,0,
Dragonair Mega Rayquaza ex,True,22,56,6,818,True,shares_pokemon,conservative: shares a Pokemon with a Dustin file or a B2e archetype: Dragonair in decks/dustin/11-archaludon-haxorus-dragonair.txt (named in the file name),143,143,44,Golem,A1a 045 / B1 309,attack_self_reduction,True,0,0,0,
Dragonair Mega Rayquaza ex,True,22,56,6,818,True,shares_pokemon,conservative: shares a Pokemon with a Dustin file or a B2e archetype: Dragonair in decks/dustin/11-archaludon-haxorus-dragonair.txt (named in the file name),143,143,44,Pupitar,A4 104,attack_self_reduction,True,0,0,0,
Dragonair Mega Rayquaza ex,True,22,56,6,818,True,shares_pokemon,conservative: shares a Pokemon with a Dustin file or a B2e archetype: Dragonair in decks/dustin/11-archaludon-haxorus-dragonair.txt (named in the file name),143,143,44,Carbink,B1 119,attack_self_reduction,True,0,0,0,
Dragonair Mega Rayquaza ex,True,22,56,6,818,True,shares_pokemon,conservative: shares a Pokemon with a Dustin file or a B2e archetype: Dragonair in decks/dustin/11-archaludon-haxorus-dragonair.txt (named in the file name),143,143,44,Registeel,B3 116,attack_self_reduction,True,0,0,0,
Dragonair Mega Rayquaza ex,True,22,56,6,818,True,shares_pokemon,conservative: shares a Pokemon with a Dustin file or a B2e archetype: Dragonair in decks/dustin/11-archaludon-haxorus-dragonair.txt (named in the file name),143,143,44,Archaludon,B4a 056,attack_self_reduction,True,0,0,0,
Dragonair Mega Rayquaza ex,True,22,56,6,818,True,shares_pokemon,conservative: shares a Pokemon with a Dustin file or a B2e archetype: Dragonair in decks/dustin/11-archaludon-haxorus-dragonair.txt (named in the file name),143,143,44,Cosmoem,A3 086 / A4b 182 / A4b 183,attack_self_reduction,True,0,0,0,
Dragonair Mega Rayquaza ex,True,22,56,6,818,True,shares_pokemon,conservative: shares a Pokemon with a Dustin file or a B2e archetype: Dragonair in decks/dustin/11-archaludon-haxorus-dragonair.txt (named in the file name),143,143,44,Corviknight,B1 175 / B1 246,attack_self_reduction,True,0,0,0,
Dragonair Mega Rayquaza ex,True,22,56,6,818,True,shares_pokemon,conservative: shares a Pokemon with a Dustin file or a B2e archetype: Dragonair in decks/dustin/11-archaludon-haxorus-dragonair.txt (named in the file name),143,143,44,Gouging Fire,B3a 054,attack_self_reduction,True,135,267,0,
Dragonair Mega Rayquaza ex,True,22,56,6,818,True,shares_pokemon,conservative: shares a Pokemon with a Dustin file or a B2e archetype: Dragonair in decks/dustin/11-archaludon-haxorus-dragonair.txt (named in the file name),143,143,44,Mega Steelix ex,B1a 052 / B1a 080 / B1a 086 / B3 232,attack_self_reduction,True,0,0,0,
Dragonair Mega Rayquaza ex,True,22,56,6,818,True,shares_pokemon,conservative: shares a Pokemon with a Dustin file or a B2e archetype: Dragonair in decks/dustin/11-archaludon-haxorus-dragonair.txt (named in the file name),143,143,44,Aegislash,B2 120,attack_self_reduction,True,0,0,0,
Dragonair Mega Rayquaza ex,True,22,56,6,818,True,shares_pokemon,conservative: shares a Pokemon with a Dustin file or a B2e archetype: Dragonair in decks/dustin/11-archaludon-haxorus-dragonair.txt (named in the file name),143,143,44,Cornerstone Mask Ogerpon,B2 093,attack_self_reduction,True,0,0,0,
Dragonair Mega Rayquaza ex,True,22,56,6,818,True,shares_pokemon,conservative: shares a Pokemon with a Dustin file or a B2e archetype: Dragonair in decks/dustin/11-archaludon-haxorus-dragonair.txt (named in the file name),143,143,44,Protective Poncho,B2 147 / B2 234,other,False,34,37,0,
Dragonair Mega Rayquaza ex,True,22,56,6,818,True,shares_pokemon,conservative: shares a Pokemon with a Dustin file or a B2e archetype: Dragonair in decks/dustin/11-archaludon-haxorus-dragonair.txt (named in the file name),143,143,44,Rocky Helmet,A2 148 / A4b 322 / A4b 323,other,False,1,1,0,
Dragonair Mega Rayquaza ex,True,22,56,6,818,True,shares_pokemon,conservative: shares a Pokemon with a Dustin file or a B2e archetype: Dragonair in decks/dustin/11-archaludon-haxorus-dragonair.txt (named in the file name),143,143,44,Turtonator,B1 047,other,False,0,0,0,
Dragonair Mega Rayquaza ex,True,22,56,6,818,True,shares_pokemon,conservative: shares a Pokemon with a Dustin file or a B2e archetype: Dragonair in decks/dustin/11-archaludon-haxorus-dragonair.txt (named in the file name),143,143,44,Togedemaru,A3b 048 / P-A 090,other,False,0,0,0,
Dragonair Mega Rayquaza ex,True,22,56,6,818,True,shares_pokemon,conservative: shares a Pokemon with a Dustin file or a B2e archetype: Dragonair in decks/dustin/11-archaludon-haxorus-dragonair.txt (named in the file name),143,143,44,Alolan Sandslash,A3 039,other,False,0,0,0,
Dragonair Mega Rayquaza ex,True,22,56,6,818,True,shares_pokemon,conservative: shares a Pokemon with a Dustin file or a B2e archetype: Dragonair in decks/dustin/11-archaludon-haxorus-dragonair.txt (named in the file name),143,143,44,Mega Sableye ex,B3b 041 / B3b 081 / B3b 088,other,False,0,0,0,
Dragonair Mega Rayquaza ex,True,22,56,6,818,True,shares_pokemon,conservative: shares a Pokemon with a Dustin file or a B2e archetype: Dragonair in decks/dustin/11-archaludon-haxorus-dragonair.txt (named in the file name),143,143,44,Chesnaught,B2 010,other,False,0,0,0,
Dragonair Mega Rayquaza ex,True,22,56,6,818,True,shares_pokemon,conservative: shares a Pokemon with a Dustin file or a B2e archetype: Dragonair in decks/dustin/11-archaludon-haxorus-dragonair.txt (named in the file name),143,143,44,Poliwrath,A1 061 / B1 297,other,False,0,0,0,
Dragonair Mega Rayquaza ex,True,22,56,6,818,True,shares_pokemon,conservative: shares a Pokemon with a Dustin file or a B2e archetype: Dragonair in decks/dustin/11-archaludon-haxorus-dragonair.txt (named in the file name),143,143,44,Druddigon,A1a 056,other,False,0,0,0,
Dragonair Mega Rayquaza ex,True,22,56,6,818,True,shares_pokemon,conservative: shares a Pokemon with a Dustin file or a B2e archetype: Dragonair in decks/dustin/11-archaludon-haxorus-dragonair.txt (named in the file name),143,143,44,Pawmot,A2b 028 / P-A 054,other,False,0,0,0,
Dragonair Mega Rayquaza ex,True,22,56,6,818,True,shares_pokemon,conservative: shares a Pokemon with a Dustin file or a B2e archetype: Dragonair in decks/dustin/11-archaludon-haxorus-dragonair.txt (named in the file name),143,143,44,Zangoose,A4a 065,other,False,0,0,0,
Dragonair Mega Rayquaza ex,True,22,56,6,818,True,shares_pokemon,conservative: shares a Pokemon with a Dustin file or a B2e archetype: Dragonair in decks/dustin/11-archaludon-haxorus-dragonair.txt (named in the file name),143,143,44,Iron Jugulis,B3a 046,other,False,0,0,0,
Dragonair Mega Rayquaza ex,True,22,56,6,818,True,shares_pokemon,conservative: shares a Pokemon with a Dustin file or a B2e archetype: Dragonair in decks/dustin/11-archaludon-haxorus-dragonair.txt (named in the file name),143,143,44,ANY (at least one card of the set),,,,141,,,
Dragonair Mega Rayquaza ex,True,22,56,6,818,True,shares_pokemon,conservative: shares a Pokemon with a Dustin file or a B2e archetype: Dragonair in decks/dustin/11-archaludon-haxorus-dragonair.txt (named in the file name),143,143,44,ANY switch-1 card (groups 1-3),,,,135,,,
Mega Charizard X ex Mega Charizard Y ex,True,23,48,32,147,True,shares_pokemon,conservative: shares a Pokemon with a Dustin file or a B2e archetype: Mega Charizard Y ex is in the B2e archetype Mega Charizard Y ex Entei ex,30,30,18,Jasmine,A4 160 / A4 200,trainer_turn_effect,True,0,0,0,
Mega Charizard X ex Mega Charizard Y ex,True,23,48,32,147,True,shares_pokemon,conservative: shares a Pokemon with a Dustin file or a B2e archetype: Mega Charizard Y ex is in the B2e archetype Mega Charizard Y ex Entei ex,30,30,18,Cheren,B3 151 / B3 192,trainer_turn_effect,True,0,0,0,
Mega Charizard X ex Mega Charizard Y ex,True,23,48,32,147,True,shares_pokemon,conservative: shares a Pokemon with a Dustin file or a B2e archetype: Mega Charizard Y ex is in the B2e archetype Mega Charizard Y ex Entei ex,30,30,18,Blue,A1a 067 / A1a 081,trainer_turn_effect,True,0,0,0,
Mega Charizard X ex Mega Charizard Y ex,True,23,48,32,147,True,shares_pokemon,conservative: shares a Pokemon with a Dustin file or a B2e archetype: Mega Charizard Y ex is in the B2e archetype Mega Charizard Y ex Entei ex,30,30,18,Beast Wall,A3a 063,trainer_turn_effect,True,0,0,0,
Mega Charizard X ex Mega Charizard Y ex,True,23,48,32,147,True,shares_pokemon,conservative: shares a Pokemon with a Dustin file or a B2e archetype: Mega Charizard Y ex is in the B2e archetype Mega Charizard Y ex Entei ex,30,30,18,Adaman,A2a 075 / A2a 090,trainer_turn_effect,True,0,0,0,
Mega Charizard X ex Mega Charizard Y ex,True,23,48,32,147,True,shares_pokemon,conservative: shares a Pokemon with a Dustin file or a B2e archetype: Mega Charizard Y ex is in the B2e archetype Mega Charizard Y ex Entei ex,30,30,18,Heavy Helmet,B1 219,tool_reduction,True,0,0,0,
Mega Charizard X ex Mega Charizard Y ex,True,23,48,32,147,True,shares_pokemon,conservative: shares a Pokemon with a Dustin file or a B2e archetype: Mega Charizard Y ex is in the B2e archetype Mega Charizard Y ex Entei ex,30,30,18,Steel Apron,A4 153,tool_reduction,True,0,0,0,
Mega Charizard X ex Mega Charizard Y ex,True,23,48,32,147,True,shares_pokemon,conservative: shares a Pokemon with a Dustin file or a B2e archetype: Mega Charizard Y ex is in the B2e archetype Mega Charizard Y ex Entei ex,30,30,18,Metal Core Barrier,B2 148 / B2b 117,tool_reduction,True,0,0,0,
Mega Charizard X ex Mega Charizard Y ex,True,23,48,32,147,True,shares_pokemon,conservative: shares a Pokemon with a Dustin file or a B2e archetype: Mega Charizard Y ex is in the B2e archetype Mega Charizard Y ex Entei ex,30,30,18,Mr. Mime,A1 126,attack_self_reduction,True,0,0,0,
Mega Charizard X ex Mega Charizard Y ex,True,23,48,32,147,True,shares_pokemon,conservative: shares a Pokemon with a Dustin file or a B2e archetype: Mega Charizard Y ex is in the B2e archetype Mega Charizard Y ex Entei ex,30,30,18,Drifloon,A2 073 / A2 165,attack_self_reduction,True,0,0,0,
Mega Charizard X ex Mega Charizard Y ex,True,23,48,32,147,True,shares_pokemon,conservative: shares a Pokemon with a Dustin file or a B2e archetype: Mega Charizard Y ex is in the B2e archetype Mega Charizard Y ex Entei ex,30,30,18,Bronzong,A2 117,attack_self_reduction,True,0,0,0,
Mega Charizard X ex Mega Charizard Y ex,True,23,48,32,147,True,shares_pokemon,conservative: shares a Pokemon with a Dustin file or a B2e archetype: Mega Charizard Y ex is in the B2e archetype Mega Charizard Y ex Entei ex,30,30,18,Probopass ex,A2a 057 / A2a 085 / A2a 094 / A4b 253,attack_self_reduction,True,0,0,0,
Mega Charizard X ex Mega Charizard Y ex,True,23,48,32,147,True,shares_pokemon,conservative: shares a Pokemon with a Dustin file or a B2e archetype: Mega Charizard Y ex is in the B2e archetype Mega Charizard Y ex Entei ex,30,30,18,Cloyster,A3 043 / B1a 093,attack_self_reduction,True,0,0,0,
Mega Charizard X ex Mega Charizard Y ex,True,23,48,32,147,True,shares_pokemon,conservative: shares a Pokemon with a Dustin file or a B2e archetype: Mega Charizard Y ex is in the B2e archetype Mega Charizard Y ex Entei ex,30,30,18,Stakataka,A3a 053 / P-A 080,attack_self_reduction,True,0,0,0,
Mega Charizard X ex Mega Charizard Y ex,True,23,48,32,147,True,shares_pokemon,conservative: shares a Pokemon with a Dustin file or a B2e archetype: Mega Charizard Y ex is in the B2e archetype Mega Charizard Y ex Entei ex,30,30,18,Skarmory ex,A4 124 / A4 194 / A4 209 / A4b 252,attack_self_reduction,True,0,0,0,
Mega Charizard X ex Mega Charizard Y ex,True,23,48,32,147,True,shares_pokemon,conservative: shares a Pokemon with a Dustin file or a B2e archetype: Mega Charizard Y ex is in the B2e archetype Mega Charizard Y ex Entei ex,30,30,18,Avalugg,B1 075,attack_self_reduction,True,0,0,0,
Mega Charizard X ex Mega Charizard Y ex,True,23,48,32,147,True,shares_pokemon,conservative: shares a Pokemon with a Dustin file or a B2e archetype: Mega Charizard Y ex is in the B2e archetype Mega Charizard Y ex Entei ex,30,30,18,Swirlix,B1 117,attack_self_reduction,True,0,0,0,
Mega Charizard X ex Mega Charizard Y ex,True,23,48,32,147,True,shares_pokemon,conservative: shares a Pokemon with a Dustin file or a B2e archetype: Mega Charizard Y ex is in the B2e archetype Mega Charizard Y ex Entei ex,30,30,18,Ferrothorn (A3a 052 Steel Spikes),A3a 052,other,False,0,0,0,
Mega Charizard X ex Mega Charizard Y ex,True,23,48,32,147,True,shares_pokemon,conservative: shares a Pokemon with a Dustin file or a B2e archetype: Mega Charizard Y ex is in the B2e archetype Mega Charizard Y ex Entei ex,30,30,18,Ferrothorn (B1 167 Guard Press),B1 167,attack_self_reduction,True,0,0,0,
Mega Charizard X ex Mega Charizard Y ex,True,23,48,32,147,True,shares_pokemon,conservative: shares a Pokemon with a Dustin file or a B2e archetype: Mega Charizard Y ex is in the B2e archetype Mega Charizard Y ex Entei ex,30,30,18,Porygon,B1a 056 / B3 222,attack_self_reduction,True,0,0,0,
Mega Charizard X ex Mega Charizard Y ex,True,23,48,32,147,True,shares_pokemon,conservative: shares a Pokemon with a Dustin file or a B2e archetype: Mega Charizard Y ex is in the B2e archetype Mega Charizard Y ex Entei ex,30,30,18,Shuckle,B2 003,attack_self_reduction,True,0,0,0,
Mega Charizard X ex Mega Charizard Y ex,True,23,48,32,147,True,shares_pokemon,conservative: shares a Pokemon with a Dustin file or a B2e archetype: Mega Charizard Y ex is in the B2e archetype Mega Charizard Y ex Entei ex,30,30,18,Wigglytuff,B3b 052,attack_self_reduction,True,0,0,0,
Mega Charizard X ex Mega Charizard Y ex,True,23,48,32,147,True,shares_pokemon,conservative: shares a Pokemon with a Dustin file or a B2e archetype: Mega Charizard Y ex is in the B2e archetype Mega Charizard Y ex Entei ex,30,30,18,Frigibax,P-B 037,attack_self_reduction,True,0,0,0,
Mega Charizard X ex Mega Charizard Y ex,True,23,48,32,147,True,shares_pokemon,conservative: shares a Pokemon with a Dustin file or a B2e archetype: Mega Charizard Y ex is in the B2e archetype Mega Charizard Y ex Entei ex,30,30,18,Golem,A1a 045 / B1 309,attack_self_reduction,True,0,0,0,
Mega Charizard X ex Mega Charizard Y ex,True,23,48,32,147,True,shares_pokemon,conservative: shares a Pokemon with a Dustin file or a B2e archetype: Mega Charizard Y ex is in the B2e archetype Mega Charizard Y ex Entei ex,30,30,18,Pupitar,A4 104,attack_self_reduction,True,0,0,0,
Mega Charizard X ex Mega Charizard Y ex,True,23,48,32,147,True,shares_pokemon,conservative: shares a Pokemon with a Dustin file or a B2e archetype: Mega Charizard Y ex is in the B2e archetype Mega Charizard Y ex Entei ex,30,30,18,Carbink,B1 119,attack_self_reduction,True,0,0,0,
Mega Charizard X ex Mega Charizard Y ex,True,23,48,32,147,True,shares_pokemon,conservative: shares a Pokemon with a Dustin file or a B2e archetype: Mega Charizard Y ex is in the B2e archetype Mega Charizard Y ex Entei ex,30,30,18,Registeel,B3 116,attack_self_reduction,True,0,0,0,
Mega Charizard X ex Mega Charizard Y ex,True,23,48,32,147,True,shares_pokemon,conservative: shares a Pokemon with a Dustin file or a B2e archetype: Mega Charizard Y ex is in the B2e archetype Mega Charizard Y ex Entei ex,30,30,18,Archaludon,B4a 056,attack_self_reduction,True,0,0,0,
Mega Charizard X ex Mega Charizard Y ex,True,23,48,32,147,True,shares_pokemon,conservative: shares a Pokemon with a Dustin file or a B2e archetype: Mega Charizard Y ex is in the B2e archetype Mega Charizard Y ex Entei ex,30,30,18,Cosmoem,A3 086 / A4b 182 / A4b 183,attack_self_reduction,True,0,0,0,
Mega Charizard X ex Mega Charizard Y ex,True,23,48,32,147,True,shares_pokemon,conservative: shares a Pokemon with a Dustin file or a B2e archetype: Mega Charizard Y ex is in the B2e archetype Mega Charizard Y ex Entei ex,30,30,18,Corviknight,B1 175 / B1 246,attack_self_reduction,True,0,0,0,
Mega Charizard X ex Mega Charizard Y ex,True,23,48,32,147,True,shares_pokemon,conservative: shares a Pokemon with a Dustin file or a B2e archetype: Mega Charizard Y ex is in the B2e archetype Mega Charizard Y ex Entei ex,30,30,18,Gouging Fire,B3a 054,attack_self_reduction,True,0,0,0,
Mega Charizard X ex Mega Charizard Y ex,True,23,48,32,147,True,shares_pokemon,conservative: shares a Pokemon with a Dustin file or a B2e archetype: Mega Charizard Y ex is in the B2e archetype Mega Charizard Y ex Entei ex,30,30,18,Mega Steelix ex,B1a 052 / B1a 080 / B1a 086 / B3 232,attack_self_reduction,True,0,0,0,
Mega Charizard X ex Mega Charizard Y ex,True,23,48,32,147,True,shares_pokemon,conservative: shares a Pokemon with a Dustin file or a B2e archetype: Mega Charizard Y ex is in the B2e archetype Mega Charizard Y ex Entei ex,30,30,18,Aegislash,B2 120,attack_self_reduction,True,0,0,0,
Mega Charizard X ex Mega Charizard Y ex,True,23,48,32,147,True,shares_pokemon,conservative: shares a Pokemon with a Dustin file or a B2e archetype: Mega Charizard Y ex is in the B2e archetype Mega Charizard Y ex Entei ex,30,30,18,Cornerstone Mask Ogerpon,B2 093,attack_self_reduction,True,0,0,0,
Mega Charizard X ex Mega Charizard Y ex,True,23,48,32,147,True,shares_pokemon,conservative: shares a Pokemon with a Dustin file or a B2e archetype: Mega Charizard Y ex is in the B2e archetype Mega Charizard Y ex Entei ex,30,30,18,Protective Poncho,B2 147 / B2 234,other,False,3,3,0,
Mega Charizard X ex Mega Charizard Y ex,True,23,48,32,147,True,shares_pokemon,conservative: shares a Pokemon with a Dustin file or a B2e archetype: Mega Charizard Y ex is in the B2e archetype Mega Charizard Y ex Entei ex,30,30,18,Rocky Helmet,A2 148 / A4b 322 / A4b 323,other,False,13,13,0,
Mega Charizard X ex Mega Charizard Y ex,True,23,48,32,147,True,shares_pokemon,conservative: shares a Pokemon with a Dustin file or a B2e archetype: Mega Charizard Y ex is in the B2e archetype Mega Charizard Y ex Entei ex,30,30,18,Turtonator,B1 047,other,False,0,0,0,
Mega Charizard X ex Mega Charizard Y ex,True,23,48,32,147,True,shares_pokemon,conservative: shares a Pokemon with a Dustin file or a B2e archetype: Mega Charizard Y ex is in the B2e archetype Mega Charizard Y ex Entei ex,30,30,18,Togedemaru,A3b 048 / P-A 090,other,False,0,0,0,
Mega Charizard X ex Mega Charizard Y ex,True,23,48,32,147,True,shares_pokemon,conservative: shares a Pokemon with a Dustin file or a B2e archetype: Mega Charizard Y ex is in the B2e archetype Mega Charizard Y ex Entei ex,30,30,18,Alolan Sandslash,A3 039,other,False,0,0,0,
Mega Charizard X ex Mega Charizard Y ex,True,23,48,32,147,True,shares_pokemon,conservative: shares a Pokemon with a Dustin file or a B2e archetype: Mega Charizard Y ex is in the B2e archetype Mega Charizard Y ex Entei ex,30,30,18,Mega Sableye ex,B3b 041 / B3b 081 / B3b 088,other,False,0,0,0,
Mega Charizard X ex Mega Charizard Y ex,True,23,48,32,147,True,shares_pokemon,conservative: shares a Pokemon with a Dustin file or a B2e archetype: Mega Charizard Y ex is in the B2e archetype Mega Charizard Y ex Entei ex,30,30,18,Chesnaught,B2 010,other,False,0,0,0,
Mega Charizard X ex Mega Charizard Y ex,True,23,48,32,147,True,shares_pokemon,conservative: shares a Pokemon with a Dustin file or a B2e archetype: Mega Charizard Y ex is in the B2e archetype Mega Charizard Y ex Entei ex,30,30,18,Poliwrath,A1 061 / B1 297,other,False,0,0,0,
Mega Charizard X ex Mega Charizard Y ex,True,23,48,32,147,True,shares_pokemon,conservative: shares a Pokemon with a Dustin file or a B2e archetype: Mega Charizard Y ex is in the B2e archetype Mega Charizard Y ex Entei ex,30,30,18,Druddigon,A1a 056,other,False,0,0,0,
Mega Charizard X ex Mega Charizard Y ex,True,23,48,32,147,True,shares_pokemon,conservative: shares a Pokemon with a Dustin file or a B2e archetype: Mega Charizard Y ex is in the B2e archetype Mega Charizard Y ex Entei ex,30,30,18,Pawmot,A2b 028 / P-A 054,other,False,0,0,0,
Mega Charizard X ex Mega Charizard Y ex,True,23,48,32,147,True,shares_pokemon,conservative: shares a Pokemon with a Dustin file or a B2e archetype: Mega Charizard Y ex is in the B2e archetype Mega Charizard Y ex Entei ex,30,30,18,Zangoose,A4a 065,other,False,0,0,0,
Mega Charizard X ex Mega Charizard Y ex,True,23,48,32,147,True,shares_pokemon,conservative: shares a Pokemon with a Dustin file or a B2e archetype: Mega Charizard Y ex is in the B2e archetype Mega Charizard Y ex Entei ex,30,30,18,Iron Jugulis,B3a 046,other,False,0,0,0,
Mega Charizard X ex Mega Charizard Y ex,True,23,48,32,147,True,shares_pokemon,conservative: shares a Pokemon with a Dustin file or a B2e archetype: Mega Charizard Y ex is in the B2e archetype Mega Charizard Y ex Entei ex,30,30,18,ANY (at least one card of the set),,,,14,,,
Mega Charizard X ex Mega Charizard Y ex,True,23,48,32,147,True,shares_pokemon,conservative: shares a Pokemon with a Dustin file or a B2e archetype: Mega Charizard Y ex is in the B2e archetype Mega Charizard Y ex Entei ex,30,30,18,ANY switch-1 card (groups 1-3),,,,0,,,
Mega Sharpedo ex Gyarados,True,24,42,26,191,False,none,"no Pokemon in the archetype name (Mega Sharpedo ex, Gyarados) appears in any decks/dustin or decks/brews file or B2e archetype",35,35,20,Jasmine,A4 160 / A4 200,trainer_turn_effect,True,0,0,0,
Mega Sharpedo ex Gyarados,True,24,42,26,191,False,none,"no Pokemon in the archetype name (Mega Sharpedo ex, Gyarados) appears in any decks/dustin or decks/brews file or B2e archetype",35,35,20,Cheren,B3 151 / B3 192,trainer_turn_effect,True,0,0,0,
Mega Sharpedo ex Gyarados,True,24,42,26,191,False,none,"no Pokemon in the archetype name (Mega Sharpedo ex, Gyarados) appears in any decks/dustin or decks/brews file or B2e archetype",35,35,20,Blue,A1a 067 / A1a 081,trainer_turn_effect,True,0,0,0,
Mega Sharpedo ex Gyarados,True,24,42,26,191,False,none,"no Pokemon in the archetype name (Mega Sharpedo ex, Gyarados) appears in any decks/dustin or decks/brews file or B2e archetype",35,35,20,Beast Wall,A3a 063,trainer_turn_effect,True,0,0,0,
Mega Sharpedo ex Gyarados,True,24,42,26,191,False,none,"no Pokemon in the archetype name (Mega Sharpedo ex, Gyarados) appears in any decks/dustin or decks/brews file or B2e archetype",35,35,20,Adaman,A2a 075 / A2a 090,trainer_turn_effect,True,0,0,0,
Mega Sharpedo ex Gyarados,True,24,42,26,191,False,none,"no Pokemon in the archetype name (Mega Sharpedo ex, Gyarados) appears in any decks/dustin or decks/brews file or B2e archetype",35,35,20,Heavy Helmet,B1 219,tool_reduction,True,0,0,0,
Mega Sharpedo ex Gyarados,True,24,42,26,191,False,none,"no Pokemon in the archetype name (Mega Sharpedo ex, Gyarados) appears in any decks/dustin or decks/brews file or B2e archetype",35,35,20,Steel Apron,A4 153,tool_reduction,True,0,0,0,
Mega Sharpedo ex Gyarados,True,24,42,26,191,False,none,"no Pokemon in the archetype name (Mega Sharpedo ex, Gyarados) appears in any decks/dustin or decks/brews file or B2e archetype",35,35,20,Metal Core Barrier,B2 148 / B2b 117,tool_reduction,True,0,0,0,
Mega Sharpedo ex Gyarados,True,24,42,26,191,False,none,"no Pokemon in the archetype name (Mega Sharpedo ex, Gyarados) appears in any decks/dustin or decks/brews file or B2e archetype",35,35,20,Mr. Mime,A1 126,attack_self_reduction,True,0,0,0,
Mega Sharpedo ex Gyarados,True,24,42,26,191,False,none,"no Pokemon in the archetype name (Mega Sharpedo ex, Gyarados) appears in any decks/dustin or decks/brews file or B2e archetype",35,35,20,Drifloon,A2 073 / A2 165,attack_self_reduction,True,0,0,0,
Mega Sharpedo ex Gyarados,True,24,42,26,191,False,none,"no Pokemon in the archetype name (Mega Sharpedo ex, Gyarados) appears in any decks/dustin or decks/brews file or B2e archetype",35,35,20,Bronzong,A2 117,attack_self_reduction,True,0,0,0,
Mega Sharpedo ex Gyarados,True,24,42,26,191,False,none,"no Pokemon in the archetype name (Mega Sharpedo ex, Gyarados) appears in any decks/dustin or decks/brews file or B2e archetype",35,35,20,Probopass ex,A2a 057 / A2a 085 / A2a 094 / A4b 253,attack_self_reduction,True,0,0,0,
Mega Sharpedo ex Gyarados,True,24,42,26,191,False,none,"no Pokemon in the archetype name (Mega Sharpedo ex, Gyarados) appears in any decks/dustin or decks/brews file or B2e archetype",35,35,20,Cloyster,A3 043 / B1a 093,attack_self_reduction,True,0,0,0,
Mega Sharpedo ex Gyarados,True,24,42,26,191,False,none,"no Pokemon in the archetype name (Mega Sharpedo ex, Gyarados) appears in any decks/dustin or decks/brews file or B2e archetype",35,35,20,Stakataka,A3a 053 / P-A 080,attack_self_reduction,True,0,0,0,
Mega Sharpedo ex Gyarados,True,24,42,26,191,False,none,"no Pokemon in the archetype name (Mega Sharpedo ex, Gyarados) appears in any decks/dustin or decks/brews file or B2e archetype",35,35,20,Skarmory ex,A4 124 / A4 194 / A4 209 / A4b 252,attack_self_reduction,True,0,0,0,
Mega Sharpedo ex Gyarados,True,24,42,26,191,False,none,"no Pokemon in the archetype name (Mega Sharpedo ex, Gyarados) appears in any decks/dustin or decks/brews file or B2e archetype",35,35,20,Avalugg,B1 075,attack_self_reduction,True,0,0,0,
Mega Sharpedo ex Gyarados,True,24,42,26,191,False,none,"no Pokemon in the archetype name (Mega Sharpedo ex, Gyarados) appears in any decks/dustin or decks/brews file or B2e archetype",35,35,20,Swirlix,B1 117,attack_self_reduction,True,0,0,0,
Mega Sharpedo ex Gyarados,True,24,42,26,191,False,none,"no Pokemon in the archetype name (Mega Sharpedo ex, Gyarados) appears in any decks/dustin or decks/brews file or B2e archetype",35,35,20,Ferrothorn (A3a 052 Steel Spikes),A3a 052,other,False,0,0,0,
Mega Sharpedo ex Gyarados,True,24,42,26,191,False,none,"no Pokemon in the archetype name (Mega Sharpedo ex, Gyarados) appears in any decks/dustin or decks/brews file or B2e archetype",35,35,20,Ferrothorn (B1 167 Guard Press),B1 167,attack_self_reduction,True,0,0,0,
Mega Sharpedo ex Gyarados,True,24,42,26,191,False,none,"no Pokemon in the archetype name (Mega Sharpedo ex, Gyarados) appears in any decks/dustin or decks/brews file or B2e archetype",35,35,20,Porygon,B1a 056 / B3 222,attack_self_reduction,True,0,0,0,
Mega Sharpedo ex Gyarados,True,24,42,26,191,False,none,"no Pokemon in the archetype name (Mega Sharpedo ex, Gyarados) appears in any decks/dustin or decks/brews file or B2e archetype",35,35,20,Shuckle,B2 003,attack_self_reduction,True,0,0,0,
Mega Sharpedo ex Gyarados,True,24,42,26,191,False,none,"no Pokemon in the archetype name (Mega Sharpedo ex, Gyarados) appears in any decks/dustin or decks/brews file or B2e archetype",35,35,20,Wigglytuff,B3b 052,attack_self_reduction,True,0,0,0,
Mega Sharpedo ex Gyarados,True,24,42,26,191,False,none,"no Pokemon in the archetype name (Mega Sharpedo ex, Gyarados) appears in any decks/dustin or decks/brews file or B2e archetype",35,35,20,Frigibax,P-B 037,attack_self_reduction,True,0,0,0,
Mega Sharpedo ex Gyarados,True,24,42,26,191,False,none,"no Pokemon in the archetype name (Mega Sharpedo ex, Gyarados) appears in any decks/dustin or decks/brews file or B2e archetype",35,35,20,Golem,A1a 045 / B1 309,attack_self_reduction,True,0,0,0,
Mega Sharpedo ex Gyarados,True,24,42,26,191,False,none,"no Pokemon in the archetype name (Mega Sharpedo ex, Gyarados) appears in any decks/dustin or decks/brews file or B2e archetype",35,35,20,Pupitar,A4 104,attack_self_reduction,True,0,0,0,
Mega Sharpedo ex Gyarados,True,24,42,26,191,False,none,"no Pokemon in the archetype name (Mega Sharpedo ex, Gyarados) appears in any decks/dustin or decks/brews file or B2e archetype",35,35,20,Carbink,B1 119,attack_self_reduction,True,0,0,0,
Mega Sharpedo ex Gyarados,True,24,42,26,191,False,none,"no Pokemon in the archetype name (Mega Sharpedo ex, Gyarados) appears in any decks/dustin or decks/brews file or B2e archetype",35,35,20,Registeel,B3 116,attack_self_reduction,True,0,0,0,
Mega Sharpedo ex Gyarados,True,24,42,26,191,False,none,"no Pokemon in the archetype name (Mega Sharpedo ex, Gyarados) appears in any decks/dustin or decks/brews file or B2e archetype",35,35,20,Archaludon,B4a 056,attack_self_reduction,True,0,0,0,
Mega Sharpedo ex Gyarados,True,24,42,26,191,False,none,"no Pokemon in the archetype name (Mega Sharpedo ex, Gyarados) appears in any decks/dustin or decks/brews file or B2e archetype",35,35,20,Cosmoem,A3 086 / A4b 182 / A4b 183,attack_self_reduction,True,0,0,0,
Mega Sharpedo ex Gyarados,True,24,42,26,191,False,none,"no Pokemon in the archetype name (Mega Sharpedo ex, Gyarados) appears in any decks/dustin or decks/brews file or B2e archetype",35,35,20,Corviknight,B1 175 / B1 246,attack_self_reduction,True,0,0,0,
Mega Sharpedo ex Gyarados,True,24,42,26,191,False,none,"no Pokemon in the archetype name (Mega Sharpedo ex, Gyarados) appears in any decks/dustin or decks/brews file or B2e archetype",35,35,20,Gouging Fire,B3a 054,attack_self_reduction,True,0,0,0,
Mega Sharpedo ex Gyarados,True,24,42,26,191,False,none,"no Pokemon in the archetype name (Mega Sharpedo ex, Gyarados) appears in any decks/dustin or decks/brews file or B2e archetype",35,35,20,Mega Steelix ex,B1a 052 / B1a 080 / B1a 086 / B3 232,attack_self_reduction,True,0,0,0,
Mega Sharpedo ex Gyarados,True,24,42,26,191,False,none,"no Pokemon in the archetype name (Mega Sharpedo ex, Gyarados) appears in any decks/dustin or decks/brews file or B2e archetype",35,35,20,Aegislash,B2 120,attack_self_reduction,True,0,0,0,
Mega Sharpedo ex Gyarados,True,24,42,26,191,False,none,"no Pokemon in the archetype name (Mega Sharpedo ex, Gyarados) appears in any decks/dustin or decks/brews file or B2e archetype",35,35,20,Cornerstone Mask Ogerpon,B2 093,attack_self_reduction,True,0,0,0,
Mega Sharpedo ex Gyarados,True,24,42,26,191,False,none,"no Pokemon in the archetype name (Mega Sharpedo ex, Gyarados) appears in any decks/dustin or decks/brews file or B2e archetype",35,35,20,Protective Poncho,B2 147 / B2 234,other,False,0,0,0,
Mega Sharpedo ex Gyarados,True,24,42,26,191,False,none,"no Pokemon in the archetype name (Mega Sharpedo ex, Gyarados) appears in any decks/dustin or decks/brews file or B2e archetype",35,35,20,Rocky Helmet,A2 148 / A4b 322 / A4b 323,other,False,0,0,0,
Mega Sharpedo ex Gyarados,True,24,42,26,191,False,none,"no Pokemon in the archetype name (Mega Sharpedo ex, Gyarados) appears in any decks/dustin or decks/brews file or B2e archetype",35,35,20,Turtonator,B1 047,other,False,0,0,0,
Mega Sharpedo ex Gyarados,True,24,42,26,191,False,none,"no Pokemon in the archetype name (Mega Sharpedo ex, Gyarados) appears in any decks/dustin or decks/brews file or B2e archetype",35,35,20,Togedemaru,A3b 048 / P-A 090,other,False,0,0,0,
Mega Sharpedo ex Gyarados,True,24,42,26,191,False,none,"no Pokemon in the archetype name (Mega Sharpedo ex, Gyarados) appears in any decks/dustin or decks/brews file or B2e archetype",35,35,20,Alolan Sandslash,A3 039,other,False,0,0,0,
Mega Sharpedo ex Gyarados,True,24,42,26,191,False,none,"no Pokemon in the archetype name (Mega Sharpedo ex, Gyarados) appears in any decks/dustin or decks/brews file or B2e archetype",35,35,20,Mega Sableye ex,B3b 041 / B3b 081 / B3b 088,other,False,0,0,0,
Mega Sharpedo ex Gyarados,True,24,42,26,191,False,none,"no Pokemon in the archetype name (Mega Sharpedo ex, Gyarados) appears in any decks/dustin or decks/brews file or B2e archetype",35,35,20,Chesnaught,B2 010,other,False,0,0,0,
Mega Sharpedo ex Gyarados,True,24,42,26,191,False,none,"no Pokemon in the archetype name (Mega Sharpedo ex, Gyarados) appears in any decks/dustin or decks/brews file or B2e archetype",35,35,20,Poliwrath,A1 061 / B1 297,other,False,0,0,0,
Mega Sharpedo ex Gyarados,True,24,42,26,191,False,none,"no Pokemon in the archetype name (Mega Sharpedo ex, Gyarados) appears in any decks/dustin or decks/brews file or B2e archetype",35,35,20,Druddigon,A1a 056,other,False,0,0,0,
Mega Sharpedo ex Gyarados,True,24,42,26,191,False,none,"no Pokemon in the archetype name (Mega Sharpedo ex, Gyarados) appears in any decks/dustin or decks/brews file or B2e archetype",35,35,20,Pawmot,A2b 028 / P-A 054,other,False,0,0,0,
Mega Sharpedo ex Gyarados,True,24,42,26,191,False,none,"no Pokemon in the archetype name (Mega Sharpedo ex, Gyarados) appears in any decks/dustin or decks/brews file or B2e archetype",35,35,20,Zangoose,A4a 065,other,False,0,0,0,
Mega Sharpedo ex Gyarados,True,24,42,26,191,False,none,"no Pokemon in the archetype name (Mega Sharpedo ex, Gyarados) appears in any decks/dustin or decks/brews file or B2e archetype",35,35,20,Iron Jugulis,B3a 046,other,False,0,0,0,
Mega Sharpedo ex Gyarados,True,24,42,26,191,False,none,"no Pokemon in the archetype name (Mega Sharpedo ex, Gyarados) appears in any decks/dustin or decks/brews file or B2e archetype",35,35,20,ANY (at least one card of the set),,,,0,,,
Mega Sharpedo ex Gyarados,True,24,42,26,191,False,none,"no Pokemon in the archetype name (Mega Sharpedo ex, Gyarados) appears in any decks/dustin or decks/brews file or B2e archetype",35,35,20,ANY switch-1 card (groups 1-3),,,,0,,,
Mega Manectric ex Team Rocket's Electrode,True,25,41,37,109,True,shares_pokemon,conservative: shares a Pokemon with a Dustin file or a B2e archetype: Mega Manectric ex in decks/dustin/09-mega-manectric-heliolisk.txt (named in the file name); Mega Manectric ex is in the B2e archetype Mega Manectric ex Heliolisk,22,22,19,Jasmine,A4 160 / A4 200,trainer_turn_effect,True,0,0,0,
Mega Manectric ex Team Rocket's Electrode,True,25,41,37,109,True,shares_pokemon,conservative: shares a Pokemon with a Dustin file or a B2e archetype: Mega Manectric ex in decks/dustin/09-mega-manectric-heliolisk.txt (named in the file name); Mega Manectric ex is in the B2e archetype Mega Manectric ex Heliolisk,22,22,19,Cheren,B3 151 / B3 192,trainer_turn_effect,True,0,0,0,
Mega Manectric ex Team Rocket's Electrode,True,25,41,37,109,True,shares_pokemon,conservative: shares a Pokemon with a Dustin file or a B2e archetype: Mega Manectric ex in decks/dustin/09-mega-manectric-heliolisk.txt (named in the file name); Mega Manectric ex is in the B2e archetype Mega Manectric ex Heliolisk,22,22,19,Blue,A1a 067 / A1a 081,trainer_turn_effect,True,0,0,0,
Mega Manectric ex Team Rocket's Electrode,True,25,41,37,109,True,shares_pokemon,conservative: shares a Pokemon with a Dustin file or a B2e archetype: Mega Manectric ex in decks/dustin/09-mega-manectric-heliolisk.txt (named in the file name); Mega Manectric ex is in the B2e archetype Mega Manectric ex Heliolisk,22,22,19,Beast Wall,A3a 063,trainer_turn_effect,True,0,0,0,
Mega Manectric ex Team Rocket's Electrode,True,25,41,37,109,True,shares_pokemon,conservative: shares a Pokemon with a Dustin file or a B2e archetype: Mega Manectric ex in decks/dustin/09-mega-manectric-heliolisk.txt (named in the file name); Mega Manectric ex is in the B2e archetype Mega Manectric ex Heliolisk,22,22,19,Adaman,A2a 075 / A2a 090,trainer_turn_effect,True,0,0,0,
Mega Manectric ex Team Rocket's Electrode,True,25,41,37,109,True,shares_pokemon,conservative: shares a Pokemon with a Dustin file or a B2e archetype: Mega Manectric ex in decks/dustin/09-mega-manectric-heliolisk.txt (named in the file name); Mega Manectric ex is in the B2e archetype Mega Manectric ex Heliolisk,22,22,19,Heavy Helmet,B1 219,tool_reduction,True,0,0,0,
Mega Manectric ex Team Rocket's Electrode,True,25,41,37,109,True,shares_pokemon,conservative: shares a Pokemon with a Dustin file or a B2e archetype: Mega Manectric ex in decks/dustin/09-mega-manectric-heliolisk.txt (named in the file name); Mega Manectric ex is in the B2e archetype Mega Manectric ex Heliolisk,22,22,19,Steel Apron,A4 153,tool_reduction,True,0,0,0,
Mega Manectric ex Team Rocket's Electrode,True,25,41,37,109,True,shares_pokemon,conservative: shares a Pokemon with a Dustin file or a B2e archetype: Mega Manectric ex in decks/dustin/09-mega-manectric-heliolisk.txt (named in the file name); Mega Manectric ex is in the B2e archetype Mega Manectric ex Heliolisk,22,22,19,Metal Core Barrier,B2 148 / B2b 117,tool_reduction,True,0,0,0,
Mega Manectric ex Team Rocket's Electrode,True,25,41,37,109,True,shares_pokemon,conservative: shares a Pokemon with a Dustin file or a B2e archetype: Mega Manectric ex in decks/dustin/09-mega-manectric-heliolisk.txt (named in the file name); Mega Manectric ex is in the B2e archetype Mega Manectric ex Heliolisk,22,22,19,Mr. Mime,A1 126,attack_self_reduction,True,0,0,0,
Mega Manectric ex Team Rocket's Electrode,True,25,41,37,109,True,shares_pokemon,conservative: shares a Pokemon with a Dustin file or a B2e archetype: Mega Manectric ex in decks/dustin/09-mega-manectric-heliolisk.txt (named in the file name); Mega Manectric ex is in the B2e archetype Mega Manectric ex Heliolisk,22,22,19,Drifloon,A2 073 / A2 165,attack_self_reduction,True,0,0,0,
Mega Manectric ex Team Rocket's Electrode,True,25,41,37,109,True,shares_pokemon,conservative: shares a Pokemon with a Dustin file or a B2e archetype: Mega Manectric ex in decks/dustin/09-mega-manectric-heliolisk.txt (named in the file name); Mega Manectric ex is in the B2e archetype Mega Manectric ex Heliolisk,22,22,19,Bronzong,A2 117,attack_self_reduction,True,0,0,0,
Mega Manectric ex Team Rocket's Electrode,True,25,41,37,109,True,shares_pokemon,conservative: shares a Pokemon with a Dustin file or a B2e archetype: Mega Manectric ex in decks/dustin/09-mega-manectric-heliolisk.txt (named in the file name); Mega Manectric ex is in the B2e archetype Mega Manectric ex Heliolisk,22,22,19,Probopass ex,A2a 057 / A2a 085 / A2a 094 / A4b 253,attack_self_reduction,True,0,0,0,
Mega Manectric ex Team Rocket's Electrode,True,25,41,37,109,True,shares_pokemon,conservative: shares a Pokemon with a Dustin file or a B2e archetype: Mega Manectric ex in decks/dustin/09-mega-manectric-heliolisk.txt (named in the file name); Mega Manectric ex is in the B2e archetype Mega Manectric ex Heliolisk,22,22,19,Cloyster,A3 043 / B1a 093,attack_self_reduction,True,0,0,0,
Mega Manectric ex Team Rocket's Electrode,True,25,41,37,109,True,shares_pokemon,conservative: shares a Pokemon with a Dustin file or a B2e archetype: Mega Manectric ex in decks/dustin/09-mega-manectric-heliolisk.txt (named in the file name); Mega Manectric ex is in the B2e archetype Mega Manectric ex Heliolisk,22,22,19,Stakataka,A3a 053 / P-A 080,attack_self_reduction,True,0,0,0,
Mega Manectric ex Team Rocket's Electrode,True,25,41,37,109,True,shares_pokemon,conservative: shares a Pokemon with a Dustin file or a B2e archetype: Mega Manectric ex in decks/dustin/09-mega-manectric-heliolisk.txt (named in the file name); Mega Manectric ex is in the B2e archetype Mega Manectric ex Heliolisk,22,22,19,Skarmory ex,A4 124 / A4 194 / A4 209 / A4b 252,attack_self_reduction,True,0,0,0,
Mega Manectric ex Team Rocket's Electrode,True,25,41,37,109,True,shares_pokemon,conservative: shares a Pokemon with a Dustin file or a B2e archetype: Mega Manectric ex in decks/dustin/09-mega-manectric-heliolisk.txt (named in the file name); Mega Manectric ex is in the B2e archetype Mega Manectric ex Heliolisk,22,22,19,Avalugg,B1 075,attack_self_reduction,True,0,0,0,
Mega Manectric ex Team Rocket's Electrode,True,25,41,37,109,True,shares_pokemon,conservative: shares a Pokemon with a Dustin file or a B2e archetype: Mega Manectric ex in decks/dustin/09-mega-manectric-heliolisk.txt (named in the file name); Mega Manectric ex is in the B2e archetype Mega Manectric ex Heliolisk,22,22,19,Swirlix,B1 117,attack_self_reduction,True,0,0,0,
Mega Manectric ex Team Rocket's Electrode,True,25,41,37,109,True,shares_pokemon,conservative: shares a Pokemon with a Dustin file or a B2e archetype: Mega Manectric ex in decks/dustin/09-mega-manectric-heliolisk.txt (named in the file name); Mega Manectric ex is in the B2e archetype Mega Manectric ex Heliolisk,22,22,19,Ferrothorn (A3a 052 Steel Spikes),A3a 052,other,False,0,0,0,
Mega Manectric ex Team Rocket's Electrode,True,25,41,37,109,True,shares_pokemon,conservative: shares a Pokemon with a Dustin file or a B2e archetype: Mega Manectric ex in decks/dustin/09-mega-manectric-heliolisk.txt (named in the file name); Mega Manectric ex is in the B2e archetype Mega Manectric ex Heliolisk,22,22,19,Ferrothorn (B1 167 Guard Press),B1 167,attack_self_reduction,True,0,0,0,
Mega Manectric ex Team Rocket's Electrode,True,25,41,37,109,True,shares_pokemon,conservative: shares a Pokemon with a Dustin file or a B2e archetype: Mega Manectric ex in decks/dustin/09-mega-manectric-heliolisk.txt (named in the file name); Mega Manectric ex is in the B2e archetype Mega Manectric ex Heliolisk,22,22,19,Porygon,B1a 056 / B3 222,attack_self_reduction,True,0,0,0,
Mega Manectric ex Team Rocket's Electrode,True,25,41,37,109,True,shares_pokemon,conservative: shares a Pokemon with a Dustin file or a B2e archetype: Mega Manectric ex in decks/dustin/09-mega-manectric-heliolisk.txt (named in the file name); Mega Manectric ex is in the B2e archetype Mega Manectric ex Heliolisk,22,22,19,Shuckle,B2 003,attack_self_reduction,True,0,0,0,
Mega Manectric ex Team Rocket's Electrode,True,25,41,37,109,True,shares_pokemon,conservative: shares a Pokemon with a Dustin file or a B2e archetype: Mega Manectric ex in decks/dustin/09-mega-manectric-heliolisk.txt (named in the file name); Mega Manectric ex is in the B2e archetype Mega Manectric ex Heliolisk,22,22,19,Wigglytuff,B3b 052,attack_self_reduction,True,0,0,0,
Mega Manectric ex Team Rocket's Electrode,True,25,41,37,109,True,shares_pokemon,conservative: shares a Pokemon with a Dustin file or a B2e archetype: Mega Manectric ex in decks/dustin/09-mega-manectric-heliolisk.txt (named in the file name); Mega Manectric ex is in the B2e archetype Mega Manectric ex Heliolisk,22,22,19,Frigibax,P-B 037,attack_self_reduction,True,0,0,0,
Mega Manectric ex Team Rocket's Electrode,True,25,41,37,109,True,shares_pokemon,conservative: shares a Pokemon with a Dustin file or a B2e archetype: Mega Manectric ex in decks/dustin/09-mega-manectric-heliolisk.txt (named in the file name); Mega Manectric ex is in the B2e archetype Mega Manectric ex Heliolisk,22,22,19,Golem,A1a 045 / B1 309,attack_self_reduction,True,0,0,0,
Mega Manectric ex Team Rocket's Electrode,True,25,41,37,109,True,shares_pokemon,conservative: shares a Pokemon with a Dustin file or a B2e archetype: Mega Manectric ex in decks/dustin/09-mega-manectric-heliolisk.txt (named in the file name); Mega Manectric ex is in the B2e archetype Mega Manectric ex Heliolisk,22,22,19,Pupitar,A4 104,attack_self_reduction,True,0,0,0,
Mega Manectric ex Team Rocket's Electrode,True,25,41,37,109,True,shares_pokemon,conservative: shares a Pokemon with a Dustin file or a B2e archetype: Mega Manectric ex in decks/dustin/09-mega-manectric-heliolisk.txt (named in the file name); Mega Manectric ex is in the B2e archetype Mega Manectric ex Heliolisk,22,22,19,Carbink,B1 119,attack_self_reduction,True,0,0,0,
Mega Manectric ex Team Rocket's Electrode,True,25,41,37,109,True,shares_pokemon,conservative: shares a Pokemon with a Dustin file or a B2e archetype: Mega Manectric ex in decks/dustin/09-mega-manectric-heliolisk.txt (named in the file name); Mega Manectric ex is in the B2e archetype Mega Manectric ex Heliolisk,22,22,19,Registeel,B3 116,attack_self_reduction,True,0,0,0,
Mega Manectric ex Team Rocket's Electrode,True,25,41,37,109,True,shares_pokemon,conservative: shares a Pokemon with a Dustin file or a B2e archetype: Mega Manectric ex in decks/dustin/09-mega-manectric-heliolisk.txt (named in the file name); Mega Manectric ex is in the B2e archetype Mega Manectric ex Heliolisk,22,22,19,Archaludon,B4a 056,attack_self_reduction,True,0,0,0,
Mega Manectric ex Team Rocket's Electrode,True,25,41,37,109,True,shares_pokemon,conservative: shares a Pokemon with a Dustin file or a B2e archetype: Mega Manectric ex in decks/dustin/09-mega-manectric-heliolisk.txt (named in the file name); Mega Manectric ex is in the B2e archetype Mega Manectric ex Heliolisk,22,22,19,Cosmoem,A3 086 / A4b 182 / A4b 183,attack_self_reduction,True,0,0,0,
Mega Manectric ex Team Rocket's Electrode,True,25,41,37,109,True,shares_pokemon,conservative: shares a Pokemon with a Dustin file or a B2e archetype: Mega Manectric ex in decks/dustin/09-mega-manectric-heliolisk.txt (named in the file name); Mega Manectric ex is in the B2e archetype Mega Manectric ex Heliolisk,22,22,19,Corviknight,B1 175 / B1 246,attack_self_reduction,True,0,0,0,
Mega Manectric ex Team Rocket's Electrode,True,25,41,37,109,True,shares_pokemon,conservative: shares a Pokemon with a Dustin file or a B2e archetype: Mega Manectric ex in decks/dustin/09-mega-manectric-heliolisk.txt (named in the file name); Mega Manectric ex is in the B2e archetype Mega Manectric ex Heliolisk,22,22,19,Gouging Fire,B3a 054,attack_self_reduction,True,0,0,0,
Mega Manectric ex Team Rocket's Electrode,True,25,41,37,109,True,shares_pokemon,conservative: shares a Pokemon with a Dustin file or a B2e archetype: Mega Manectric ex in decks/dustin/09-mega-manectric-heliolisk.txt (named in the file name); Mega Manectric ex is in the B2e archetype Mega Manectric ex Heliolisk,22,22,19,Mega Steelix ex,B1a 052 / B1a 080 / B1a 086 / B3 232,attack_self_reduction,True,0,0,0,
Mega Manectric ex Team Rocket's Electrode,True,25,41,37,109,True,shares_pokemon,conservative: shares a Pokemon with a Dustin file or a B2e archetype: Mega Manectric ex in decks/dustin/09-mega-manectric-heliolisk.txt (named in the file name); Mega Manectric ex is in the B2e archetype Mega Manectric ex Heliolisk,22,22,19,Aegislash,B2 120,attack_self_reduction,True,0,0,0,
Mega Manectric ex Team Rocket's Electrode,True,25,41,37,109,True,shares_pokemon,conservative: shares a Pokemon with a Dustin file or a B2e archetype: Mega Manectric ex in decks/dustin/09-mega-manectric-heliolisk.txt (named in the file name); Mega Manectric ex is in the B2e archetype Mega Manectric ex Heliolisk,22,22,19,Cornerstone Mask Ogerpon,B2 093,attack_self_reduction,True,0,0,0,
Mega Manectric ex Team Rocket's Electrode,True,25,41,37,109,True,shares_pokemon,conservative: shares a Pokemon with a Dustin file or a B2e archetype: Mega Manectric ex in decks/dustin/09-mega-manectric-heliolisk.txt (named in the file name); Mega Manectric ex is in the B2e archetype Mega Manectric ex Heliolisk,22,22,19,Protective Poncho,B2 147 / B2 234,other,False,6,6,0,
Mega Manectric ex Team Rocket's Electrode,True,25,41,37,109,True,shares_pokemon,conservative: shares a Pokemon with a Dustin file or a B2e archetype: Mega Manectric ex in decks/dustin/09-mega-manectric-heliolisk.txt (named in the file name); Mega Manectric ex is in the B2e archetype Mega Manectric ex Heliolisk,22,22,19,Rocky Helmet,A2 148 / A4b 322 / A4b 323,other,False,11,19,0,
Mega Manectric ex Team Rocket's Electrode,True,25,41,37,109,True,shares_pokemon,conservative: shares a Pokemon with a Dustin file or a B2e archetype: Mega Manectric ex in decks/dustin/09-mega-manectric-heliolisk.txt (named in the file name); Mega Manectric ex is in the B2e archetype Mega Manectric ex Heliolisk,22,22,19,Turtonator,B1 047,other,False,0,0,0,
Mega Manectric ex Team Rocket's Electrode,True,25,41,37,109,True,shares_pokemon,conservative: shares a Pokemon with a Dustin file or a B2e archetype: Mega Manectric ex in decks/dustin/09-mega-manectric-heliolisk.txt (named in the file name); Mega Manectric ex is in the B2e archetype Mega Manectric ex Heliolisk,22,22,19,Togedemaru,A3b 048 / P-A 090,other,False,0,0,0,
Mega Manectric ex Team Rocket's Electrode,True,25,41,37,109,True,shares_pokemon,conservative: shares a Pokemon with a Dustin file or a B2e archetype: Mega Manectric ex in decks/dustin/09-mega-manectric-heliolisk.txt (named in the file name); Mega Manectric ex is in the B2e archetype Mega Manectric ex Heliolisk,22,22,19,Alolan Sandslash,A3 039,other,False,0,0,0,
Mega Manectric ex Team Rocket's Electrode,True,25,41,37,109,True,shares_pokemon,conservative: shares a Pokemon with a Dustin file or a B2e archetype: Mega Manectric ex in decks/dustin/09-mega-manectric-heliolisk.txt (named in the file name); Mega Manectric ex is in the B2e archetype Mega Manectric ex Heliolisk,22,22,19,Mega Sableye ex,B3b 041 / B3b 081 / B3b 088,other,False,0,0,0,
Mega Manectric ex Team Rocket's Electrode,True,25,41,37,109,True,shares_pokemon,conservative: shares a Pokemon with a Dustin file or a B2e archetype: Mega Manectric ex in decks/dustin/09-mega-manectric-heliolisk.txt (named in the file name); Mega Manectric ex is in the B2e archetype Mega Manectric ex Heliolisk,22,22,19,Chesnaught,B2 010,other,False,0,0,0,
Mega Manectric ex Team Rocket's Electrode,True,25,41,37,109,True,shares_pokemon,conservative: shares a Pokemon with a Dustin file or a B2e archetype: Mega Manectric ex in decks/dustin/09-mega-manectric-heliolisk.txt (named in the file name); Mega Manectric ex is in the B2e archetype Mega Manectric ex Heliolisk,22,22,19,Poliwrath,A1 061 / B1 297,other,False,0,0,0,
Mega Manectric ex Team Rocket's Electrode,True,25,41,37,109,True,shares_pokemon,conservative: shares a Pokemon with a Dustin file or a B2e archetype: Mega Manectric ex in decks/dustin/09-mega-manectric-heliolisk.txt (named in the file name); Mega Manectric ex is in the B2e archetype Mega Manectric ex Heliolisk,22,22,19,Druddigon,A1a 056,other,False,0,0,0,
Mega Manectric ex Team Rocket's Electrode,True,25,41,37,109,True,shares_pokemon,conservative: shares a Pokemon with a Dustin file or a B2e archetype: Mega Manectric ex in decks/dustin/09-mega-manectric-heliolisk.txt (named in the file name); Mega Manectric ex is in the B2e archetype Mega Manectric ex Heliolisk,22,22,19,Pawmot,A2b 028 / P-A 054,other,False,0,0,0,
Mega Manectric ex Team Rocket's Electrode,True,25,41,37,109,True,shares_pokemon,conservative: shares a Pokemon with a Dustin file or a B2e archetype: Mega Manectric ex in decks/dustin/09-mega-manectric-heliolisk.txt (named in the file name); Mega Manectric ex is in the B2e archetype Mega Manectric ex Heliolisk,22,22,19,Zangoose,A4a 065,other,False,0,0,0,
Mega Manectric ex Team Rocket's Electrode,True,25,41,37,109,True,shares_pokemon,conservative: shares a Pokemon with a Dustin file or a B2e archetype: Mega Manectric ex in decks/dustin/09-mega-manectric-heliolisk.txt (named in the file name); Mega Manectric ex is in the B2e archetype Mega Manectric ex Heliolisk,22,22,19,Iron Jugulis,B3a 046,other,False,0,0,0,
Mega Manectric ex Team Rocket's Electrode,True,25,41,37,109,True,shares_pokemon,conservative: shares a Pokemon with a Dustin file or a B2e archetype: Mega Manectric ex in decks/dustin/09-mega-manectric-heliolisk.txt (named in the file name); Mega Manectric ex is in the B2e archetype Mega Manectric ex Heliolisk,22,22,19,ANY (at least one card of the set),,,,14,,,
Mega Manectric ex Team Rocket's Electrode,True,25,41,37,109,True,shares_pokemon,conservative: shares a Pokemon with a Dustin file or a B2e archetype: Mega Manectric ex in decks/dustin/09-mega-manectric-heliolisk.txt (named in the file name); Mega Manectric ex is in the B2e archetype Mega Manectric ex Heliolisk,22,22,19,ANY switch-1 card (groups 1-3),,,,0,,,
Whimsicott ex Ariados,True,26,41,44,87,True,b2e,one of the six B2e archetypes the task names as certainly Dustin's,21,21,13,Jasmine,A4 160 / A4 200,trainer_turn_effect,True,0,0,0,
Whimsicott ex Ariados,True,26,41,44,87,True,b2e,one of the six B2e archetypes the task names as certainly Dustin's,21,21,13,Cheren,B3 151 / B3 192,trainer_turn_effect,True,0,0,0,
Whimsicott ex Ariados,True,26,41,44,87,True,b2e,one of the six B2e archetypes the task names as certainly Dustin's,21,21,13,Blue,A1a 067 / A1a 081,trainer_turn_effect,True,0,0,0,
Whimsicott ex Ariados,True,26,41,44,87,True,b2e,one of the six B2e archetypes the task names as certainly Dustin's,21,21,13,Beast Wall,A3a 063,trainer_turn_effect,True,0,0,0,
Whimsicott ex Ariados,True,26,41,44,87,True,b2e,one of the six B2e archetypes the task names as certainly Dustin's,21,21,13,Adaman,A2a 075 / A2a 090,trainer_turn_effect,True,0,0,0,
Whimsicott ex Ariados,True,26,41,44,87,True,b2e,one of the six B2e archetypes the task names as certainly Dustin's,21,21,13,Heavy Helmet,B1 219,tool_reduction,True,0,0,0,
Whimsicott ex Ariados,True,26,41,44,87,True,b2e,one of the six B2e archetypes the task names as certainly Dustin's,21,21,13,Steel Apron,A4 153,tool_reduction,True,0,0,0,
Whimsicott ex Ariados,True,26,41,44,87,True,b2e,one of the six B2e archetypes the task names as certainly Dustin's,21,21,13,Metal Core Barrier,B2 148 / B2b 117,tool_reduction,True,0,0,0,
Whimsicott ex Ariados,True,26,41,44,87,True,b2e,one of the six B2e archetypes the task names as certainly Dustin's,21,21,13,Mr. Mime,A1 126,attack_self_reduction,True,0,0,0,
Whimsicott ex Ariados,True,26,41,44,87,True,b2e,one of the six B2e archetypes the task names as certainly Dustin's,21,21,13,Drifloon,A2 073 / A2 165,attack_self_reduction,True,0,0,0,
Whimsicott ex Ariados,True,26,41,44,87,True,b2e,one of the six B2e archetypes the task names as certainly Dustin's,21,21,13,Bronzong,A2 117,attack_self_reduction,True,0,0,0,
Whimsicott ex Ariados,True,26,41,44,87,True,b2e,one of the six B2e archetypes the task names as certainly Dustin's,21,21,13,Probopass ex,A2a 057 / A2a 085 / A2a 094 / A4b 253,attack_self_reduction,True,0,0,0,
Whimsicott ex Ariados,True,26,41,44,87,True,b2e,one of the six B2e archetypes the task names as certainly Dustin's,21,21,13,Cloyster,A3 043 / B1a 093,attack_self_reduction,True,0,0,0,
Whimsicott ex Ariados,True,26,41,44,87,True,b2e,one of the six B2e archetypes the task names as certainly Dustin's,21,21,13,Stakataka,A3a 053 / P-A 080,attack_self_reduction,True,0,0,0,
Whimsicott ex Ariados,True,26,41,44,87,True,b2e,one of the six B2e archetypes the task names as certainly Dustin's,21,21,13,Skarmory ex,A4 124 / A4 194 / A4 209 / A4b 252,attack_self_reduction,True,0,0,0,
Whimsicott ex Ariados,True,26,41,44,87,True,b2e,one of the six B2e archetypes the task names as certainly Dustin's,21,21,13,Avalugg,B1 075,attack_self_reduction,True,0,0,0,
Whimsicott ex Ariados,True,26,41,44,87,True,b2e,one of the six B2e archetypes the task names as certainly Dustin's,21,21,13,Swirlix,B1 117,attack_self_reduction,True,0,0,0,
Whimsicott ex Ariados,True,26,41,44,87,True,b2e,one of the six B2e archetypes the task names as certainly Dustin's,21,21,13,Ferrothorn (A3a 052 Steel Spikes),A3a 052,other,False,0,0,0,
Whimsicott ex Ariados,True,26,41,44,87,True,b2e,one of the six B2e archetypes the task names as certainly Dustin's,21,21,13,Ferrothorn (B1 167 Guard Press),B1 167,attack_self_reduction,True,0,0,0,
Whimsicott ex Ariados,True,26,41,44,87,True,b2e,one of the six B2e archetypes the task names as certainly Dustin's,21,21,13,Porygon,B1a 056 / B3 222,attack_self_reduction,True,0,0,0,
Whimsicott ex Ariados,True,26,41,44,87,True,b2e,one of the six B2e archetypes the task names as certainly Dustin's,21,21,13,Shuckle,B2 003,attack_self_reduction,True,0,0,0,
Whimsicott ex Ariados,True,26,41,44,87,True,b2e,one of the six B2e archetypes the task names as certainly Dustin's,21,21,13,Wigglytuff,B3b 052,attack_self_reduction,True,0,0,0,
Whimsicott ex Ariados,True,26,41,44,87,True,b2e,one of the six B2e archetypes the task names as certainly Dustin's,21,21,13,Frigibax,P-B 037,attack_self_reduction,True,0,0,0,
Whimsicott ex Ariados,True,26,41,44,87,True,b2e,one of the six B2e archetypes the task names as certainly Dustin's,21,21,13,Golem,A1a 045 / B1 309,attack_self_reduction,True,0,0,0,
Whimsicott ex Ariados,True,26,41,44,87,True,b2e,one of the six B2e archetypes the task names as certainly Dustin's,21,21,13,Pupitar,A4 104,attack_self_reduction,True,0,0,0,
Whimsicott ex Ariados,True,26,41,44,87,True,b2e,one of the six B2e archetypes the task names as certainly Dustin's,21,21,13,Carbink,B1 119,attack_self_reduction,True,0,0,0,
Whimsicott ex Ariados,True,26,41,44,87,True,b2e,one of the six B2e archetypes the task names as certainly Dustin's,21,21,13,Registeel,B3 116,attack_self_reduction,True,0,0,0,
Whimsicott ex Ariados,True,26,41,44,87,True,b2e,one of the six B2e archetypes the task names as certainly Dustin's,21,21,13,Archaludon,B4a 056,attack_self_reduction,True,0,0,0,
Whimsicott ex Ariados,True,26,41,44,87,True,b2e,one of the six B2e archetypes the task names as certainly Dustin's,21,21,13,Cosmoem,A3 086 / A4b 182 / A4b 183,attack_self_reduction,True,0,0,0,
Whimsicott ex Ariados,True,26,41,44,87,True,b2e,one of the six B2e archetypes the task names as certainly Dustin's,21,21,13,Corviknight,B1 175 / B1 246,attack_self_reduction,True,0,0,0,
Whimsicott ex Ariados,True,26,41,44,87,True,b2e,one of the six B2e archetypes the task names as certainly Dustin's,21,21,13,Gouging Fire,B3a 054,attack_self_reduction,True,0,0,0,
Whimsicott ex Ariados,True,26,41,44,87,True,b2e,one of the six B2e archetypes the task names as certainly Dustin's,21,21,13,Mega Steelix ex,B1a 052 / B1a 080 / B1a 086 / B3 232,attack_self_reduction,True,0,0,0,
Whimsicott ex Ariados,True,26,41,44,87,True,b2e,one of the six B2e archetypes the task names as certainly Dustin's,21,21,13,Aegislash,B2 120,attack_self_reduction,True,0,0,0,
Whimsicott ex Ariados,True,26,41,44,87,True,b2e,one of the six B2e archetypes the task names as certainly Dustin's,21,21,13,Cornerstone Mask Ogerpon,B2 093,attack_self_reduction,True,0,0,0,
Whimsicott ex Ariados,True,26,41,44,87,True,b2e,one of the six B2e archetypes the task names as certainly Dustin's,21,21,13,Protective Poncho,B2 147 / B2 234,other,False,0,0,0,
Whimsicott ex Ariados,True,26,41,44,87,True,b2e,one of the six B2e archetypes the task names as certainly Dustin's,21,21,13,Rocky Helmet,A2 148 / A4b 322 / A4b 323,other,False,0,0,0,
Whimsicott ex Ariados,True,26,41,44,87,True,b2e,one of the six B2e archetypes the task names as certainly Dustin's,21,21,13,Turtonator,B1 047,other,False,0,0,0,
Whimsicott ex Ariados,True,26,41,44,87,True,b2e,one of the six B2e archetypes the task names as certainly Dustin's,21,21,13,Togedemaru,A3b 048 / P-A 090,other,False,0,0,0,
Whimsicott ex Ariados,True,26,41,44,87,True,b2e,one of the six B2e archetypes the task names as certainly Dustin's,21,21,13,Alolan Sandslash,A3 039,other,False,0,0,0,
Whimsicott ex Ariados,True,26,41,44,87,True,b2e,one of the six B2e archetypes the task names as certainly Dustin's,21,21,13,Mega Sableye ex,B3b 041 / B3b 081 / B3b 088,other,False,0,0,0,
Whimsicott ex Ariados,True,26,41,44,87,True,b2e,one of the six B2e archetypes the task names as certainly Dustin's,21,21,13,Chesnaught,B2 010,other,False,0,0,0,
Whimsicott ex Ariados,True,26,41,44,87,True,b2e,one of the six B2e archetypes the task names as certainly Dustin's,21,21,13,Poliwrath,A1 061 / B1 297,other,False,0,0,0,
Whimsicott ex Ariados,True,26,41,44,87,True,b2e,one of the six B2e archetypes the task names as certainly Dustin's,21,21,13,Druddigon,A1a 056,other,False,0,0,0,
Whimsicott ex Ariados,True,26,41,44,87,True,b2e,one of the six B2e archetypes the task names as certainly Dustin's,21,21,13,Pawmot,A2b 028 / P-A 054,other,False,0,0,0,
Whimsicott ex Ariados,True,26,41,44,87,True,b2e,one of the six B2e archetypes the task names as certainly Dustin's,21,21,13,Zangoose,A4a 065,other,False,0,0,0,
Whimsicott ex Ariados,True,26,41,44,87,True,b2e,one of the six B2e archetypes the task names as certainly Dustin's,21,21,13,Iron Jugulis,B3a 046,other,False,0,0,0,
Whimsicott ex Ariados,True,26,41,44,87,True,b2e,one of the six B2e archetypes the task names as certainly Dustin's,21,21,13,ANY (at least one card of the set),,,,0,,,
Whimsicott ex Ariados,True,26,41,44,87,True,b2e,one of the six B2e archetypes the task names as certainly Dustin's,21,21,13,ANY switch-1 card (groups 1-3),,,,0,,,
Mega Altaria ex Chingling,True,27,37,27,186,False,none,"no Pokemon in the archetype name (Mega Altaria ex, Chingling) appears in any decks/dustin or decks/brews file or B2e archetype",38,38,17,Jasmine,A4 160 / A4 200,trainer_turn_effect,True,0,0,0,
Mega Altaria ex Chingling,True,27,37,27,186,False,none,"no Pokemon in the archetype name (Mega Altaria ex, Chingling) appears in any decks/dustin or decks/brews file or B2e archetype",38,38,17,Cheren,B3 151 / B3 192,trainer_turn_effect,True,0,0,0,
Mega Altaria ex Chingling,True,27,37,27,186,False,none,"no Pokemon in the archetype name (Mega Altaria ex, Chingling) appears in any decks/dustin or decks/brews file or B2e archetype",38,38,17,Blue,A1a 067 / A1a 081,trainer_turn_effect,True,0,0,0,
Mega Altaria ex Chingling,True,27,37,27,186,False,none,"no Pokemon in the archetype name (Mega Altaria ex, Chingling) appears in any decks/dustin or decks/brews file or B2e archetype",38,38,17,Beast Wall,A3a 063,trainer_turn_effect,True,0,0,0,
Mega Altaria ex Chingling,True,27,37,27,186,False,none,"no Pokemon in the archetype name (Mega Altaria ex, Chingling) appears in any decks/dustin or decks/brews file or B2e archetype",38,38,17,Adaman,A2a 075 / A2a 090,trainer_turn_effect,True,0,0,0,
Mega Altaria ex Chingling,True,27,37,27,186,False,none,"no Pokemon in the archetype name (Mega Altaria ex, Chingling) appears in any decks/dustin or decks/brews file or B2e archetype",38,38,17,Heavy Helmet,B1 219,tool_reduction,True,0,0,0,
Mega Altaria ex Chingling,True,27,37,27,186,False,none,"no Pokemon in the archetype name (Mega Altaria ex, Chingling) appears in any decks/dustin or decks/brews file or B2e archetype",38,38,17,Steel Apron,A4 153,tool_reduction,True,0,0,0,
Mega Altaria ex Chingling,True,27,37,27,186,False,none,"no Pokemon in the archetype name (Mega Altaria ex, Chingling) appears in any decks/dustin or decks/brews file or B2e archetype",38,38,17,Metal Core Barrier,B2 148 / B2b 117,tool_reduction,True,0,0,0,
Mega Altaria ex Chingling,True,27,37,27,186,False,none,"no Pokemon in the archetype name (Mega Altaria ex, Chingling) appears in any decks/dustin or decks/brews file or B2e archetype",38,38,17,Mr. Mime,A1 126,attack_self_reduction,True,0,0,0,
Mega Altaria ex Chingling,True,27,37,27,186,False,none,"no Pokemon in the archetype name (Mega Altaria ex, Chingling) appears in any decks/dustin or decks/brews file or B2e archetype",38,38,17,Drifloon,A2 073 / A2 165,attack_self_reduction,True,0,0,0,
Mega Altaria ex Chingling,True,27,37,27,186,False,none,"no Pokemon in the archetype name (Mega Altaria ex, Chingling) appears in any decks/dustin or decks/brews file or B2e archetype",38,38,17,Bronzong,A2 117,attack_self_reduction,True,0,0,0,
Mega Altaria ex Chingling,True,27,37,27,186,False,none,"no Pokemon in the archetype name (Mega Altaria ex, Chingling) appears in any decks/dustin or decks/brews file or B2e archetype",38,38,17,Probopass ex,A2a 057 / A2a 085 / A2a 094 / A4b 253,attack_self_reduction,True,0,0,0,
Mega Altaria ex Chingling,True,27,37,27,186,False,none,"no Pokemon in the archetype name (Mega Altaria ex, Chingling) appears in any decks/dustin or decks/brews file or B2e archetype",38,38,17,Cloyster,A3 043 / B1a 093,attack_self_reduction,True,0,0,0,
Mega Altaria ex Chingling,True,27,37,27,186,False,none,"no Pokemon in the archetype name (Mega Altaria ex, Chingling) appears in any decks/dustin or decks/brews file or B2e archetype",38,38,17,Stakataka,A3a 053 / P-A 080,attack_self_reduction,True,0,0,0,
Mega Altaria ex Chingling,True,27,37,27,186,False,none,"no Pokemon in the archetype name (Mega Altaria ex, Chingling) appears in any decks/dustin or decks/brews file or B2e archetype",38,38,17,Skarmory ex,A4 124 / A4 194 / A4 209 / A4b 252,attack_self_reduction,True,0,0,0,
Mega Altaria ex Chingling,True,27,37,27,186,False,none,"no Pokemon in the archetype name (Mega Altaria ex, Chingling) appears in any decks/dustin or decks/brews file or B2e archetype",38,38,17,Avalugg,B1 075,attack_self_reduction,True,0,0,0,
Mega Altaria ex Chingling,True,27,37,27,186,False,none,"no Pokemon in the archetype name (Mega Altaria ex, Chingling) appears in any decks/dustin or decks/brews file or B2e archetype",38,38,17,Swirlix,B1 117,attack_self_reduction,True,0,0,0,
Mega Altaria ex Chingling,True,27,37,27,186,False,none,"no Pokemon in the archetype name (Mega Altaria ex, Chingling) appears in any decks/dustin or decks/brews file or B2e archetype",38,38,17,Ferrothorn (A3a 052 Steel Spikes),A3a 052,other,False,0,0,0,
Mega Altaria ex Chingling,True,27,37,27,186,False,none,"no Pokemon in the archetype name (Mega Altaria ex, Chingling) appears in any decks/dustin or decks/brews file or B2e archetype",38,38,17,Ferrothorn (B1 167 Guard Press),B1 167,attack_self_reduction,True,0,0,0,
Mega Altaria ex Chingling,True,27,37,27,186,False,none,"no Pokemon in the archetype name (Mega Altaria ex, Chingling) appears in any decks/dustin or decks/brews file or B2e archetype",38,38,17,Porygon,B1a 056 / B3 222,attack_self_reduction,True,0,0,0,
Mega Altaria ex Chingling,True,27,37,27,186,False,none,"no Pokemon in the archetype name (Mega Altaria ex, Chingling) appears in any decks/dustin or decks/brews file or B2e archetype",38,38,17,Shuckle,B2 003,attack_self_reduction,True,0,0,0,
Mega Altaria ex Chingling,True,27,37,27,186,False,none,"no Pokemon in the archetype name (Mega Altaria ex, Chingling) appears in any decks/dustin or decks/brews file or B2e archetype",38,38,17,Wigglytuff,B3b 052,attack_self_reduction,True,0,0,0,
Mega Altaria ex Chingling,True,27,37,27,186,False,none,"no Pokemon in the archetype name (Mega Altaria ex, Chingling) appears in any decks/dustin or decks/brews file or B2e archetype",38,38,17,Frigibax,P-B 037,attack_self_reduction,True,0,0,0,
Mega Altaria ex Chingling,True,27,37,27,186,False,none,"no Pokemon in the archetype name (Mega Altaria ex, Chingling) appears in any decks/dustin or decks/brews file or B2e archetype",38,38,17,Golem,A1a 045 / B1 309,attack_self_reduction,True,0,0,0,
Mega Altaria ex Chingling,True,27,37,27,186,False,none,"no Pokemon in the archetype name (Mega Altaria ex, Chingling) appears in any decks/dustin or decks/brews file or B2e archetype",38,38,17,Pupitar,A4 104,attack_self_reduction,True,0,0,0,
Mega Altaria ex Chingling,True,27,37,27,186,False,none,"no Pokemon in the archetype name (Mega Altaria ex, Chingling) appears in any decks/dustin or decks/brews file or B2e archetype",38,38,17,Carbink,B1 119,attack_self_reduction,True,0,0,0,
Mega Altaria ex Chingling,True,27,37,27,186,False,none,"no Pokemon in the archetype name (Mega Altaria ex, Chingling) appears in any decks/dustin or decks/brews file or B2e archetype",38,38,17,Registeel,B3 116,attack_self_reduction,True,0,0,0,
Mega Altaria ex Chingling,True,27,37,27,186,False,none,"no Pokemon in the archetype name (Mega Altaria ex, Chingling) appears in any decks/dustin or decks/brews file or B2e archetype",38,38,17,Archaludon,B4a 056,attack_self_reduction,True,0,0,0,
Mega Altaria ex Chingling,True,27,37,27,186,False,none,"no Pokemon in the archetype name (Mega Altaria ex, Chingling) appears in any decks/dustin or decks/brews file or B2e archetype",38,38,17,Cosmoem,A3 086 / A4b 182 / A4b 183,attack_self_reduction,True,0,0,0,
Mega Altaria ex Chingling,True,27,37,27,186,False,none,"no Pokemon in the archetype name (Mega Altaria ex, Chingling) appears in any decks/dustin or decks/brews file or B2e archetype",38,38,17,Corviknight,B1 175 / B1 246,attack_self_reduction,True,0,0,0,
Mega Altaria ex Chingling,True,27,37,27,186,False,none,"no Pokemon in the archetype name (Mega Altaria ex, Chingling) appears in any decks/dustin or decks/brews file or B2e archetype",38,38,17,Gouging Fire,B3a 054,attack_self_reduction,True,0,0,0,
Mega Altaria ex Chingling,True,27,37,27,186,False,none,"no Pokemon in the archetype name (Mega Altaria ex, Chingling) appears in any decks/dustin or decks/brews file or B2e archetype",38,38,17,Mega Steelix ex,B1a 052 / B1a 080 / B1a 086 / B3 232,attack_self_reduction,True,0,0,0,
Mega Altaria ex Chingling,True,27,37,27,186,False,none,"no Pokemon in the archetype name (Mega Altaria ex, Chingling) appears in any decks/dustin or decks/brews file or B2e archetype",38,38,17,Aegislash,B2 120,attack_self_reduction,True,0,0,0,
Mega Altaria ex Chingling,True,27,37,27,186,False,none,"no Pokemon in the archetype name (Mega Altaria ex, Chingling) appears in any decks/dustin or decks/brews file or B2e archetype",38,38,17,Cornerstone Mask Ogerpon,B2 093,attack_self_reduction,True,0,0,0,
Mega Altaria ex Chingling,True,27,37,27,186,False,none,"no Pokemon in the archetype name (Mega Altaria ex, Chingling) appears in any decks/dustin or decks/brews file or B2e archetype",38,38,17,Protective Poncho,B2 147 / B2 234,other,False,0,0,0,
Mega Altaria ex Chingling,True,27,37,27,186,False,none,"no Pokemon in the archetype name (Mega Altaria ex, Chingling) appears in any decks/dustin or decks/brews file or B2e archetype",38,38,17,Rocky Helmet,A2 148 / A4b 322 / A4b 323,other,False,0,0,0,
Mega Altaria ex Chingling,True,27,37,27,186,False,none,"no Pokemon in the archetype name (Mega Altaria ex, Chingling) appears in any decks/dustin or decks/brews file or B2e archetype",38,38,17,Turtonator,B1 047,other,False,0,0,0,
Mega Altaria ex Chingling,True,27,37,27,186,False,none,"no Pokemon in the archetype name (Mega Altaria ex, Chingling) appears in any decks/dustin or decks/brews file or B2e archetype",38,38,17,Togedemaru,A3b 048 / P-A 090,other,False,0,0,0,
Mega Altaria ex Chingling,True,27,37,27,186,False,none,"no Pokemon in the archetype name (Mega Altaria ex, Chingling) appears in any decks/dustin or decks/brews file or B2e archetype",38,38,17,Alolan Sandslash,A3 039,other,False,0,0,0,
Mega Altaria ex Chingling,True,27,37,27,186,False,none,"no Pokemon in the archetype name (Mega Altaria ex, Chingling) appears in any decks/dustin or decks/brews file or B2e archetype",38,38,17,Mega Sableye ex,B3b 041 / B3b 081 / B3b 088,other,False,0,0,0,
Mega Altaria ex Chingling,True,27,37,27,186,False,none,"no Pokemon in the archetype name (Mega Altaria ex, Chingling) appears in any decks/dustin or decks/brews file or B2e archetype",38,38,17,Chesnaught,B2 010,other,False,0,0,0,
Mega Altaria ex Chingling,True,27,37,27,186,False,none,"no Pokemon in the archetype name (Mega Altaria ex, Chingling) appears in any decks/dustin or decks/brews file or B2e archetype",38,38,17,Poliwrath,A1 061 / B1 297,other,False,0,0,0,
Mega Altaria ex Chingling,True,27,37,27,186,False,none,"no Pokemon in the archetype name (Mega Altaria ex, Chingling) appears in any decks/dustin or decks/brews file or B2e archetype",38,38,17,Druddigon,A1a 056,other,False,0,0,0,
Mega Altaria ex Chingling,True,27,37,27,186,False,none,"no Pokemon in the archetype name (Mega Altaria ex, Chingling) appears in any decks/dustin or decks/brews file or B2e archetype",38,38,17,Pawmot,A2b 028 / P-A 054,other,False,0,0,0,
Mega Altaria ex Chingling,True,27,37,27,186,False,none,"no Pokemon in the archetype name (Mega Altaria ex, Chingling) appears in any decks/dustin or decks/brews file or B2e archetype",38,38,17,Zangoose,A4a 065,other,False,0,0,0,
Mega Altaria ex Chingling,True,27,37,27,186,False,none,"no Pokemon in the archetype name (Mega Altaria ex, Chingling) appears in any decks/dustin or decks/brews file or B2e archetype",38,38,17,Iron Jugulis,B3a 046,other,False,0,0,0,
Mega Altaria ex Chingling,True,27,37,27,186,False,none,"no Pokemon in the archetype name (Mega Altaria ex, Chingling) appears in any decks/dustin or decks/brews file or B2e archetype",38,38,17,ANY (at least one card of the set),,,,0,,,
Mega Altaria ex Chingling,True,27,37,27,186,False,none,"no Pokemon in the archetype name (Mega Altaria ex, Chingling) appears in any decks/dustin or decks/brews file or B2e archetype",38,38,17,ANY switch-1 card (groups 1-3),,,,0,,,
Jumpluff ex Team Rocket's Electrode,True,28,35,39,101,False,none,"no Pokemon in the archetype name (Jumpluff ex, Team Rocket's Electrode) appears in any decks/dustin or decks/brews file or B2e archetype",18,18,15,Jasmine,A4 160 / A4 200,trainer_turn_effect,True,0,0,0,
Jumpluff ex Team Rocket's Electrode,True,28,35,39,101,False,none,"no Pokemon in the archetype name (Jumpluff ex, Team Rocket's Electrode) appears in any decks/dustin or decks/brews file or B2e archetype",18,18,15,Cheren,B3 151 / B3 192,trainer_turn_effect,True,0,0,0,
Jumpluff ex Team Rocket's Electrode,True,28,35,39,101,False,none,"no Pokemon in the archetype name (Jumpluff ex, Team Rocket's Electrode) appears in any decks/dustin or decks/brews file or B2e archetype",18,18,15,Blue,A1a 067 / A1a 081,trainer_turn_effect,True,0,0,0,
Jumpluff ex Team Rocket's Electrode,True,28,35,39,101,False,none,"no Pokemon in the archetype name (Jumpluff ex, Team Rocket's Electrode) appears in any decks/dustin or decks/brews file or B2e archetype",18,18,15,Beast Wall,A3a 063,trainer_turn_effect,True,0,0,0,
Jumpluff ex Team Rocket's Electrode,True,28,35,39,101,False,none,"no Pokemon in the archetype name (Jumpluff ex, Team Rocket's Electrode) appears in any decks/dustin or decks/brews file or B2e archetype",18,18,15,Adaman,A2a 075 / A2a 090,trainer_turn_effect,True,0,0,0,
Jumpluff ex Team Rocket's Electrode,True,28,35,39,101,False,none,"no Pokemon in the archetype name (Jumpluff ex, Team Rocket's Electrode) appears in any decks/dustin or decks/brews file or B2e archetype",18,18,15,Heavy Helmet,B1 219,tool_reduction,True,0,0,0,
Jumpluff ex Team Rocket's Electrode,True,28,35,39,101,False,none,"no Pokemon in the archetype name (Jumpluff ex, Team Rocket's Electrode) appears in any decks/dustin or decks/brews file or B2e archetype",18,18,15,Steel Apron,A4 153,tool_reduction,True,0,0,0,
Jumpluff ex Team Rocket's Electrode,True,28,35,39,101,False,none,"no Pokemon in the archetype name (Jumpluff ex, Team Rocket's Electrode) appears in any decks/dustin or decks/brews file or B2e archetype",18,18,15,Metal Core Barrier,B2 148 / B2b 117,tool_reduction,True,0,0,0,
Jumpluff ex Team Rocket's Electrode,True,28,35,39,101,False,none,"no Pokemon in the archetype name (Jumpluff ex, Team Rocket's Electrode) appears in any decks/dustin or decks/brews file or B2e archetype",18,18,15,Mr. Mime,A1 126,attack_self_reduction,True,0,0,0,
Jumpluff ex Team Rocket's Electrode,True,28,35,39,101,False,none,"no Pokemon in the archetype name (Jumpluff ex, Team Rocket's Electrode) appears in any decks/dustin or decks/brews file or B2e archetype",18,18,15,Drifloon,A2 073 / A2 165,attack_self_reduction,True,0,0,0,
Jumpluff ex Team Rocket's Electrode,True,28,35,39,101,False,none,"no Pokemon in the archetype name (Jumpluff ex, Team Rocket's Electrode) appears in any decks/dustin or decks/brews file or B2e archetype",18,18,15,Bronzong,A2 117,attack_self_reduction,True,0,0,0,
Jumpluff ex Team Rocket's Electrode,True,28,35,39,101,False,none,"no Pokemon in the archetype name (Jumpluff ex, Team Rocket's Electrode) appears in any decks/dustin or decks/brews file or B2e archetype",18,18,15,Probopass ex,A2a 057 / A2a 085 / A2a 094 / A4b 253,attack_self_reduction,True,0,0,0,
Jumpluff ex Team Rocket's Electrode,True,28,35,39,101,False,none,"no Pokemon in the archetype name (Jumpluff ex, Team Rocket's Electrode) appears in any decks/dustin or decks/brews file or B2e archetype",18,18,15,Cloyster,A3 043 / B1a 093,attack_self_reduction,True,0,0,0,
Jumpluff ex Team Rocket's Electrode,True,28,35,39,101,False,none,"no Pokemon in the archetype name (Jumpluff ex, Team Rocket's Electrode) appears in any decks/dustin or decks/brews file or B2e archetype",18,18,15,Stakataka,A3a 053 / P-A 080,attack_self_reduction,True,0,0,0,
Jumpluff ex Team Rocket's Electrode,True,28,35,39,101,False,none,"no Pokemon in the archetype name (Jumpluff ex, Team Rocket's Electrode) appears in any decks/dustin or decks/brews file or B2e archetype",18,18,15,Skarmory ex,A4 124 / A4 194 / A4 209 / A4b 252,attack_self_reduction,True,0,0,0,
Jumpluff ex Team Rocket's Electrode,True,28,35,39,101,False,none,"no Pokemon in the archetype name (Jumpluff ex, Team Rocket's Electrode) appears in any decks/dustin or decks/brews file or B2e archetype",18,18,15,Avalugg,B1 075,attack_self_reduction,True,0,0,0,
Jumpluff ex Team Rocket's Electrode,True,28,35,39,101,False,none,"no Pokemon in the archetype name (Jumpluff ex, Team Rocket's Electrode) appears in any decks/dustin or decks/brews file or B2e archetype",18,18,15,Swirlix,B1 117,attack_self_reduction,True,0,0,0,
Jumpluff ex Team Rocket's Electrode,True,28,35,39,101,False,none,"no Pokemon in the archetype name (Jumpluff ex, Team Rocket's Electrode) appears in any decks/dustin or decks/brews file or B2e archetype",18,18,15,Ferrothorn (A3a 052 Steel Spikes),A3a 052,other,False,0,0,0,
Jumpluff ex Team Rocket's Electrode,True,28,35,39,101,False,none,"no Pokemon in the archetype name (Jumpluff ex, Team Rocket's Electrode) appears in any decks/dustin or decks/brews file or B2e archetype",18,18,15,Ferrothorn (B1 167 Guard Press),B1 167,attack_self_reduction,True,0,0,0,
Jumpluff ex Team Rocket's Electrode,True,28,35,39,101,False,none,"no Pokemon in the archetype name (Jumpluff ex, Team Rocket's Electrode) appears in any decks/dustin or decks/brews file or B2e archetype",18,18,15,Porygon,B1a 056 / B3 222,attack_self_reduction,True,0,0,0,
Jumpluff ex Team Rocket's Electrode,True,28,35,39,101,False,none,"no Pokemon in the archetype name (Jumpluff ex, Team Rocket's Electrode) appears in any decks/dustin or decks/brews file or B2e archetype",18,18,15,Shuckle,B2 003,attack_self_reduction,True,0,0,0,
Jumpluff ex Team Rocket's Electrode,True,28,35,39,101,False,none,"no Pokemon in the archetype name (Jumpluff ex, Team Rocket's Electrode) appears in any decks/dustin or decks/brews file or B2e archetype",18,18,15,Wigglytuff,B3b 052,attack_self_reduction,True,0,0,0,
Jumpluff ex Team Rocket's Electrode,True,28,35,39,101,False,none,"no Pokemon in the archetype name (Jumpluff ex, Team Rocket's Electrode) appears in any decks/dustin or decks/brews file or B2e archetype",18,18,15,Frigibax,P-B 037,attack_self_reduction,True,0,0,0,
Jumpluff ex Team Rocket's Electrode,True,28,35,39,101,False,none,"no Pokemon in the archetype name (Jumpluff ex, Team Rocket's Electrode) appears in any decks/dustin or decks/brews file or B2e archetype",18,18,15,Golem,A1a 045 / B1 309,attack_self_reduction,True,0,0,0,
Jumpluff ex Team Rocket's Electrode,True,28,35,39,101,False,none,"no Pokemon in the archetype name (Jumpluff ex, Team Rocket's Electrode) appears in any decks/dustin or decks/brews file or B2e archetype",18,18,15,Pupitar,A4 104,attack_self_reduction,True,0,0,0,
Jumpluff ex Team Rocket's Electrode,True,28,35,39,101,False,none,"no Pokemon in the archetype name (Jumpluff ex, Team Rocket's Electrode) appears in any decks/dustin or decks/brews file or B2e archetype",18,18,15,Carbink,B1 119,attack_self_reduction,True,0,0,0,
Jumpluff ex Team Rocket's Electrode,True,28,35,39,101,False,none,"no Pokemon in the archetype name (Jumpluff ex, Team Rocket's Electrode) appears in any decks/dustin or decks/brews file or B2e archetype",18,18,15,Registeel,B3 116,attack_self_reduction,True,0,0,0,
Jumpluff ex Team Rocket's Electrode,True,28,35,39,101,False,none,"no Pokemon in the archetype name (Jumpluff ex, Team Rocket's Electrode) appears in any decks/dustin or decks/brews file or B2e archetype",18,18,15,Archaludon,B4a 056,attack_self_reduction,True,0,0,0,
Jumpluff ex Team Rocket's Electrode,True,28,35,39,101,False,none,"no Pokemon in the archetype name (Jumpluff ex, Team Rocket's Electrode) appears in any decks/dustin or decks/brews file or B2e archetype",18,18,15,Cosmoem,A3 086 / A4b 182 / A4b 183,attack_self_reduction,True,0,0,0,
Jumpluff ex Team Rocket's Electrode,True,28,35,39,101,False,none,"no Pokemon in the archetype name (Jumpluff ex, Team Rocket's Electrode) appears in any decks/dustin or decks/brews file or B2e archetype",18,18,15,Corviknight,B1 175 / B1 246,attack_self_reduction,True,0,0,0,
Jumpluff ex Team Rocket's Electrode,True,28,35,39,101,False,none,"no Pokemon in the archetype name (Jumpluff ex, Team Rocket's Electrode) appears in any decks/dustin or decks/brews file or B2e archetype",18,18,15,Gouging Fire,B3a 054,attack_self_reduction,True,0,0,0,
Jumpluff ex Team Rocket's Electrode,True,28,35,39,101,False,none,"no Pokemon in the archetype name (Jumpluff ex, Team Rocket's Electrode) appears in any decks/dustin or decks/brews file or B2e archetype",18,18,15,Mega Steelix ex,B1a 052 / B1a 080 / B1a 086 / B3 232,attack_self_reduction,True,0,0,0,
Jumpluff ex Team Rocket's Electrode,True,28,35,39,101,False,none,"no Pokemon in the archetype name (Jumpluff ex, Team Rocket's Electrode) appears in any decks/dustin or decks/brews file or B2e archetype",18,18,15,Aegislash,B2 120,attack_self_reduction,True,0,0,0,
Jumpluff ex Team Rocket's Electrode,True,28,35,39,101,False,none,"no Pokemon in the archetype name (Jumpluff ex, Team Rocket's Electrode) appears in any decks/dustin or decks/brews file or B2e archetype",18,18,15,Cornerstone Mask Ogerpon,B2 093,attack_self_reduction,True,0,0,0,
Jumpluff ex Team Rocket's Electrode,True,28,35,39,101,False,none,"no Pokemon in the archetype name (Jumpluff ex, Team Rocket's Electrode) appears in any decks/dustin or decks/brews file or B2e archetype",18,18,15,Protective Poncho,B2 147 / B2 234,other,False,0,0,0,
Jumpluff ex Team Rocket's Electrode,True,28,35,39,101,False,none,"no Pokemon in the archetype name (Jumpluff ex, Team Rocket's Electrode) appears in any decks/dustin or decks/brews file or B2e archetype",18,18,15,Rocky Helmet,A2 148 / A4b 322 / A4b 323,other,False,17,34,0,
Jumpluff ex Team Rocket's Electrode,True,28,35,39,101,False,none,"no Pokemon in the archetype name (Jumpluff ex, Team Rocket's Electrode) appears in any decks/dustin or decks/brews file or B2e archetype",18,18,15,Turtonator,B1 047,other,False,0,0,0,
Jumpluff ex Team Rocket's Electrode,True,28,35,39,101,False,none,"no Pokemon in the archetype name (Jumpluff ex, Team Rocket's Electrode) appears in any decks/dustin or decks/brews file or B2e archetype",18,18,15,Togedemaru,A3b 048 / P-A 090,other,False,0,0,0,
Jumpluff ex Team Rocket's Electrode,True,28,35,39,101,False,none,"no Pokemon in the archetype name (Jumpluff ex, Team Rocket's Electrode) appears in any decks/dustin or decks/brews file or B2e archetype",18,18,15,Alolan Sandslash,A3 039,other,False,0,0,0,
Jumpluff ex Team Rocket's Electrode,True,28,35,39,101,False,none,"no Pokemon in the archetype name (Jumpluff ex, Team Rocket's Electrode) appears in any decks/dustin or decks/brews file or B2e archetype",18,18,15,Mega Sableye ex,B3b 041 / B3b 081 / B3b 088,other,False,0,0,0,
Jumpluff ex Team Rocket's Electrode,True,28,35,39,101,False,none,"no Pokemon in the archetype name (Jumpluff ex, Team Rocket's Electrode) appears in any decks/dustin or decks/brews file or B2e archetype",18,18,15,Chesnaught,B2 010,other,False,0,0,0,
Jumpluff ex Team Rocket's Electrode,True,28,35,39,101,False,none,"no Pokemon in the archetype name (Jumpluff ex, Team Rocket's Electrode) appears in any decks/dustin or decks/brews file or B2e archetype",18,18,15,Poliwrath,A1 061 / B1 297,other,False,0,0,0,
Jumpluff ex Team Rocket's Electrode,True,28,35,39,101,False,none,"no Pokemon in the archetype name (Jumpluff ex, Team Rocket's Electrode) appears in any decks/dustin or decks/brews file or B2e archetype",18,18,15,Druddigon,A1a 056,other,False,0,0,0,
Jumpluff ex Team Rocket's Electrode,True,28,35,39,101,False,none,"no Pokemon in the archetype name (Jumpluff ex, Team Rocket's Electrode) appears in any decks/dustin or decks/brews file or B2e archetype",18,18,15,Pawmot,A2b 028 / P-A 054,other,False,0,0,0,
Jumpluff ex Team Rocket's Electrode,True,28,35,39,101,False,none,"no Pokemon in the archetype name (Jumpluff ex, Team Rocket's Electrode) appears in any decks/dustin or decks/brews file or B2e archetype",18,18,15,Zangoose,A4a 065,other,False,0,0,0,
Jumpluff ex Team Rocket's Electrode,True,28,35,39,101,False,none,"no Pokemon in the archetype name (Jumpluff ex, Team Rocket's Electrode) appears in any decks/dustin or decks/brews file or B2e archetype",18,18,15,Iron Jugulis,B3a 046,other,False,0,0,0,
Jumpluff ex Team Rocket's Electrode,True,28,35,39,101,False,none,"no Pokemon in the archetype name (Jumpluff ex, Team Rocket's Electrode) appears in any decks/dustin or decks/brews file or B2e archetype",18,18,15,ANY (at least one card of the set),,,,17,,,
Jumpluff ex Team Rocket's Electrode,True,28,35,39,101,False,none,"no Pokemon in the archetype name (Jumpluff ex, Team Rocket's Electrode) appears in any decks/dustin or decks/brews file or B2e archetype",18,18,15,ANY switch-1 card (groups 1-3),,,,0,,,
Mega Altaria ex Igglybuff,True,29,34,34,120,False,none,"no Pokemon in the archetype name (Mega Altaria ex, Igglybuff) appears in any decks/dustin or decks/brews file or B2e archetype",25,25,20,Jasmine,A4 160 / A4 200,trainer_turn_effect,True,0,0,0,
Mega Altaria ex Igglybuff,True,29,34,34,120,False,none,"no Pokemon in the archetype name (Mega Altaria ex, Igglybuff) appears in any decks/dustin or decks/brews file or B2e archetype",25,25,20,Cheren,B3 151 / B3 192,trainer_turn_effect,True,0,0,0,
Mega Altaria ex Igglybuff,True,29,34,34,120,False,none,"no Pokemon in the archetype name (Mega Altaria ex, Igglybuff) appears in any decks/dustin or decks/brews file or B2e archetype",25,25,20,Blue,A1a 067 / A1a 081,trainer_turn_effect,True,0,0,0,
Mega Altaria ex Igglybuff,True,29,34,34,120,False,none,"no Pokemon in the archetype name (Mega Altaria ex, Igglybuff) appears in any decks/dustin or decks/brews file or B2e archetype",25,25,20,Beast Wall,A3a 063,trainer_turn_effect,True,0,0,0,
Mega Altaria ex Igglybuff,True,29,34,34,120,False,none,"no Pokemon in the archetype name (Mega Altaria ex, Igglybuff) appears in any decks/dustin or decks/brews file or B2e archetype",25,25,20,Adaman,A2a 075 / A2a 090,trainer_turn_effect,True,0,0,0,
Mega Altaria ex Igglybuff,True,29,34,34,120,False,none,"no Pokemon in the archetype name (Mega Altaria ex, Igglybuff) appears in any decks/dustin or decks/brews file or B2e archetype",25,25,20,Heavy Helmet,B1 219,tool_reduction,True,0,0,0,
Mega Altaria ex Igglybuff,True,29,34,34,120,False,none,"no Pokemon in the archetype name (Mega Altaria ex, Igglybuff) appears in any decks/dustin or decks/brews file or B2e archetype",25,25,20,Steel Apron,A4 153,tool_reduction,True,0,0,0,
Mega Altaria ex Igglybuff,True,29,34,34,120,False,none,"no Pokemon in the archetype name (Mega Altaria ex, Igglybuff) appears in any decks/dustin or decks/brews file or B2e archetype",25,25,20,Metal Core Barrier,B2 148 / B2b 117,tool_reduction,True,0,0,0,
Mega Altaria ex Igglybuff,True,29,34,34,120,False,none,"no Pokemon in the archetype name (Mega Altaria ex, Igglybuff) appears in any decks/dustin or decks/brews file or B2e archetype",25,25,20,Mr. Mime,A1 126,attack_self_reduction,True,0,0,0,
Mega Altaria ex Igglybuff,True,29,34,34,120,False,none,"no Pokemon in the archetype name (Mega Altaria ex, Igglybuff) appears in any decks/dustin or decks/brews file or B2e archetype",25,25,20,Drifloon,A2 073 / A2 165,attack_self_reduction,True,0,0,0,
Mega Altaria ex Igglybuff,True,29,34,34,120,False,none,"no Pokemon in the archetype name (Mega Altaria ex, Igglybuff) appears in any decks/dustin or decks/brews file or B2e archetype",25,25,20,Bronzong,A2 117,attack_self_reduction,True,0,0,0,
Mega Altaria ex Igglybuff,True,29,34,34,120,False,none,"no Pokemon in the archetype name (Mega Altaria ex, Igglybuff) appears in any decks/dustin or decks/brews file or B2e archetype",25,25,20,Probopass ex,A2a 057 / A2a 085 / A2a 094 / A4b 253,attack_self_reduction,True,0,0,0,
Mega Altaria ex Igglybuff,True,29,34,34,120,False,none,"no Pokemon in the archetype name (Mega Altaria ex, Igglybuff) appears in any decks/dustin or decks/brews file or B2e archetype",25,25,20,Cloyster,A3 043 / B1a 093,attack_self_reduction,True,0,0,0,
Mega Altaria ex Igglybuff,True,29,34,34,120,False,none,"no Pokemon in the archetype name (Mega Altaria ex, Igglybuff) appears in any decks/dustin or decks/brews file or B2e archetype",25,25,20,Stakataka,A3a 053 / P-A 080,attack_self_reduction,True,0,0,0,
Mega Altaria ex Igglybuff,True,29,34,34,120,False,none,"no Pokemon in the archetype name (Mega Altaria ex, Igglybuff) appears in any decks/dustin or decks/brews file or B2e archetype",25,25,20,Skarmory ex,A4 124 / A4 194 / A4 209 / A4b 252,attack_self_reduction,True,0,0,0,
Mega Altaria ex Igglybuff,True,29,34,34,120,False,none,"no Pokemon in the archetype name (Mega Altaria ex, Igglybuff) appears in any decks/dustin or decks/brews file or B2e archetype",25,25,20,Avalugg,B1 075,attack_self_reduction,True,0,0,0,
Mega Altaria ex Igglybuff,True,29,34,34,120,False,none,"no Pokemon in the archetype name (Mega Altaria ex, Igglybuff) appears in any decks/dustin or decks/brews file or B2e archetype",25,25,20,Swirlix,B1 117,attack_self_reduction,True,0,0,0,
Mega Altaria ex Igglybuff,True,29,34,34,120,False,none,"no Pokemon in the archetype name (Mega Altaria ex, Igglybuff) appears in any decks/dustin or decks/brews file or B2e archetype",25,25,20,Ferrothorn (A3a 052 Steel Spikes),A3a 052,other,False,0,0,0,
Mega Altaria ex Igglybuff,True,29,34,34,120,False,none,"no Pokemon in the archetype name (Mega Altaria ex, Igglybuff) appears in any decks/dustin or decks/brews file or B2e archetype",25,25,20,Ferrothorn (B1 167 Guard Press),B1 167,attack_self_reduction,True,0,0,0,
Mega Altaria ex Igglybuff,True,29,34,34,120,False,none,"no Pokemon in the archetype name (Mega Altaria ex, Igglybuff) appears in any decks/dustin or decks/brews file or B2e archetype",25,25,20,Porygon,B1a 056 / B3 222,attack_self_reduction,True,0,0,0,
Mega Altaria ex Igglybuff,True,29,34,34,120,False,none,"no Pokemon in the archetype name (Mega Altaria ex, Igglybuff) appears in any decks/dustin or decks/brews file or B2e archetype",25,25,20,Shuckle,B2 003,attack_self_reduction,True,0,0,0,
Mega Altaria ex Igglybuff,True,29,34,34,120,False,none,"no Pokemon in the archetype name (Mega Altaria ex, Igglybuff) appears in any decks/dustin or decks/brews file or B2e archetype",25,25,20,Wigglytuff,B3b 052,attack_self_reduction,True,0,0,0,
Mega Altaria ex Igglybuff,True,29,34,34,120,False,none,"no Pokemon in the archetype name (Mega Altaria ex, Igglybuff) appears in any decks/dustin or decks/brews file or B2e archetype",25,25,20,Frigibax,P-B 037,attack_self_reduction,True,0,0,0,
Mega Altaria ex Igglybuff,True,29,34,34,120,False,none,"no Pokemon in the archetype name (Mega Altaria ex, Igglybuff) appears in any decks/dustin or decks/brews file or B2e archetype",25,25,20,Golem,A1a 045 / B1 309,attack_self_reduction,True,0,0,0,
Mega Altaria ex Igglybuff,True,29,34,34,120,False,none,"no Pokemon in the archetype name (Mega Altaria ex, Igglybuff) appears in any decks/dustin or decks/brews file or B2e archetype",25,25,20,Pupitar,A4 104,attack_self_reduction,True,0,0,0,
Mega Altaria ex Igglybuff,True,29,34,34,120,False,none,"no Pokemon in the archetype name (Mega Altaria ex, Igglybuff) appears in any decks/dustin or decks/brews file or B2e archetype",25,25,20,Carbink,B1 119,attack_self_reduction,True,0,0,0,
Mega Altaria ex Igglybuff,True,29,34,34,120,False,none,"no Pokemon in the archetype name (Mega Altaria ex, Igglybuff) appears in any decks/dustin or decks/brews file or B2e archetype",25,25,20,Registeel,B3 116,attack_self_reduction,True,0,0,0,
Mega Altaria ex Igglybuff,True,29,34,34,120,False,none,"no Pokemon in the archetype name (Mega Altaria ex, Igglybuff) appears in any decks/dustin or decks/brews file or B2e archetype",25,25,20,Archaludon,B4a 056,attack_self_reduction,True,0,0,0,
Mega Altaria ex Igglybuff,True,29,34,34,120,False,none,"no Pokemon in the archetype name (Mega Altaria ex, Igglybuff) appears in any decks/dustin or decks/brews file or B2e archetype",25,25,20,Cosmoem,A3 086 / A4b 182 / A4b 183,attack_self_reduction,True,0,0,0,
Mega Altaria ex Igglybuff,True,29,34,34,120,False,none,"no Pokemon in the archetype name (Mega Altaria ex, Igglybuff) appears in any decks/dustin or decks/brews file or B2e archetype",25,25,20,Corviknight,B1 175 / B1 246,attack_self_reduction,True,0,0,0,
Mega Altaria ex Igglybuff,True,29,34,34,120,False,none,"no Pokemon in the archetype name (Mega Altaria ex, Igglybuff) appears in any decks/dustin or decks/brews file or B2e archetype",25,25,20,Gouging Fire,B3a 054,attack_self_reduction,True,0,0,0,
Mega Altaria ex Igglybuff,True,29,34,34,120,False,none,"no Pokemon in the archetype name (Mega Altaria ex, Igglybuff) appears in any decks/dustin or decks/brews file or B2e archetype",25,25,20,Mega Steelix ex,B1a 052 / B1a 080 / B1a 086 / B3 232,attack_self_reduction,True,0,0,0,
Mega Altaria ex Igglybuff,True,29,34,34,120,False,none,"no Pokemon in the archetype name (Mega Altaria ex, Igglybuff) appears in any decks/dustin or decks/brews file or B2e archetype",25,25,20,Aegislash,B2 120,attack_self_reduction,True,0,0,0,
Mega Altaria ex Igglybuff,True,29,34,34,120,False,none,"no Pokemon in the archetype name (Mega Altaria ex, Igglybuff) appears in any decks/dustin or decks/brews file or B2e archetype",25,25,20,Cornerstone Mask Ogerpon,B2 093,attack_self_reduction,True,0,0,0,
Mega Altaria ex Igglybuff,True,29,34,34,120,False,none,"no Pokemon in the archetype name (Mega Altaria ex, Igglybuff) appears in any decks/dustin or decks/brews file or B2e archetype",25,25,20,Protective Poncho,B2 147 / B2 234,other,False,6,6,0,
Mega Altaria ex Igglybuff,True,29,34,34,120,False,none,"no Pokemon in the archetype name (Mega Altaria ex, Igglybuff) appears in any decks/dustin or decks/brews file or B2e archetype",25,25,20,Rocky Helmet,A2 148 / A4b 322 / A4b 323,other,False,0,0,0,
Mega Altaria ex Igglybuff,True,29,34,34,120,False,none,"no Pokemon in the archetype name (Mega Altaria ex, Igglybuff) appears in any decks/dustin or decks/brews file or B2e archetype",25,25,20,Turtonator,B1 047,other,False,0,0,0,
Mega Altaria ex Igglybuff,True,29,34,34,120,False,none,"no Pokemon in the archetype name (Mega Altaria ex, Igglybuff) appears in any decks/dustin or decks/brews file or B2e archetype",25,25,20,Togedemaru,A3b 048 / P-A 090,other,False,0,0,0,
Mega Altaria ex Igglybuff,True,29,34,34,120,False,none,"no Pokemon in the archetype name (Mega Altaria ex, Igglybuff) appears in any decks/dustin or decks/brews file or B2e archetype",25,25,20,Alolan Sandslash,A3 039,other,False,0,0,0,
Mega Altaria ex Igglybuff,True,29,34,34,120,False,none,"no Pokemon in the archetype name (Mega Altaria ex, Igglybuff) appears in any decks/dustin or decks/brews file or B2e archetype",25,25,20,Mega Sableye ex,B3b 041 / B3b 081 / B3b 088,other,False,0,0,0,
Mega Altaria ex Igglybuff,True,29,34,34,120,False,none,"no Pokemon in the archetype name (Mega Altaria ex, Igglybuff) appears in any decks/dustin or decks/brews file or B2e archetype",25,25,20,Chesnaught,B2 010,other,False,0,0,0,
Mega Altaria ex Igglybuff,True,29,34,34,120,False,none,"no Pokemon in the archetype name (Mega Altaria ex, Igglybuff) appears in any decks/dustin or decks/brews file or B2e archetype",25,25,20,Poliwrath,A1 061 / B1 297,other,False,0,0,0,
Mega Altaria ex Igglybuff,True,29,34,34,120,False,none,"no Pokemon in the archetype name (Mega Altaria ex, Igglybuff) appears in any decks/dustin or decks/brews file or B2e archetype",25,25,20,Druddigon,A1a 056,other,False,0,0,0,
Mega Altaria ex Igglybuff,True,29,34,34,120,False,none,"no Pokemon in the archetype name (Mega Altaria ex, Igglybuff) appears in any decks/dustin or decks/brews file or B2e archetype",25,25,20,Pawmot,A2b 028 / P-A 054,other,False,0,0,0,
Mega Altaria ex Igglybuff,True,29,34,34,120,False,none,"no Pokemon in the archetype name (Mega Altaria ex, Igglybuff) appears in any decks/dustin or decks/brews file or B2e archetype",25,25,20,Zangoose,A4a 065,other,False,0,0,0,
Mega Altaria ex Igglybuff,True,29,34,34,120,False,none,"no Pokemon in the archetype name (Mega Altaria ex, Igglybuff) appears in any decks/dustin or decks/brews file or B2e archetype",25,25,20,Iron Jugulis,B3a 046,other,False,0,0,0,
Mega Altaria ex Igglybuff,True,29,34,34,120,False,none,"no Pokemon in the archetype name (Mega Altaria ex, Igglybuff) appears in any decks/dustin or decks/brews file or B2e archetype",25,25,20,ANY (at least one card of the set),,,,6,,,
Mega Altaria ex Igglybuff,True,29,34,34,120,False,none,"no Pokemon in the archetype name (Mega Altaria ex, Igglybuff) appears in any decks/dustin or decks/brews file or B2e archetype",25,25,20,ANY switch-1 card (groups 1-3),,,,0,,,
Meowscarada ex Meowscarada,True,30,33,28,173,False,none,"no Pokemon in the archetype name (Meowscarada ex, Meowscarada) appears in any decks/dustin or decks/brews file or B2e archetype",29,29,22,Jasmine,A4 160 / A4 200,trainer_turn_effect,True,0,0,0,
Meowscarada ex Meowscarada,True,30,33,28,173,False,none,"no Pokemon in the archetype name (Meowscarada ex, Meowscarada) appears in any decks/dustin or decks/brews file or B2e archetype",29,29,22,Cheren,B3 151 / B3 192,trainer_turn_effect,True,0,0,0,
Meowscarada ex Meowscarada,True,30,33,28,173,False,none,"no Pokemon in the archetype name (Meowscarada ex, Meowscarada) appears in any decks/dustin or decks/brews file or B2e archetype",29,29,22,Blue,A1a 067 / A1a 081,trainer_turn_effect,True,0,0,0,
Meowscarada ex Meowscarada,True,30,33,28,173,False,none,"no Pokemon in the archetype name (Meowscarada ex, Meowscarada) appears in any decks/dustin or decks/brews file or B2e archetype",29,29,22,Beast Wall,A3a 063,trainer_turn_effect,True,0,0,0,
Meowscarada ex Meowscarada,True,30,33,28,173,False,none,"no Pokemon in the archetype name (Meowscarada ex, Meowscarada) appears in any decks/dustin or decks/brews file or B2e archetype",29,29,22,Adaman,A2a 075 / A2a 090,trainer_turn_effect,True,0,0,0,
Meowscarada ex Meowscarada,True,30,33,28,173,False,none,"no Pokemon in the archetype name (Meowscarada ex, Meowscarada) appears in any decks/dustin or decks/brews file or B2e archetype",29,29,22,Heavy Helmet,B1 219,tool_reduction,True,0,0,0,
Meowscarada ex Meowscarada,True,30,33,28,173,False,none,"no Pokemon in the archetype name (Meowscarada ex, Meowscarada) appears in any decks/dustin or decks/brews file or B2e archetype",29,29,22,Steel Apron,A4 153,tool_reduction,True,0,0,0,
Meowscarada ex Meowscarada,True,30,33,28,173,False,none,"no Pokemon in the archetype name (Meowscarada ex, Meowscarada) appears in any decks/dustin or decks/brews file or B2e archetype",29,29,22,Metal Core Barrier,B2 148 / B2b 117,tool_reduction,True,0,0,0,
Meowscarada ex Meowscarada,True,30,33,28,173,False,none,"no Pokemon in the archetype name (Meowscarada ex, Meowscarada) appears in any decks/dustin or decks/brews file or B2e archetype",29,29,22,Mr. Mime,A1 126,attack_self_reduction,True,0,0,0,
Meowscarada ex Meowscarada,True,30,33,28,173,False,none,"no Pokemon in the archetype name (Meowscarada ex, Meowscarada) appears in any decks/dustin or decks/brews file or B2e archetype",29,29,22,Drifloon,A2 073 / A2 165,attack_self_reduction,True,0,0,0,
Meowscarada ex Meowscarada,True,30,33,28,173,False,none,"no Pokemon in the archetype name (Meowscarada ex, Meowscarada) appears in any decks/dustin or decks/brews file or B2e archetype",29,29,22,Bronzong,A2 117,attack_self_reduction,True,0,0,0,
Meowscarada ex Meowscarada,True,30,33,28,173,False,none,"no Pokemon in the archetype name (Meowscarada ex, Meowscarada) appears in any decks/dustin or decks/brews file or B2e archetype",29,29,22,Probopass ex,A2a 057 / A2a 085 / A2a 094 / A4b 253,attack_self_reduction,True,0,0,0,
Meowscarada ex Meowscarada,True,30,33,28,173,False,none,"no Pokemon in the archetype name (Meowscarada ex, Meowscarada) appears in any decks/dustin or decks/brews file or B2e archetype",29,29,22,Cloyster,A3 043 / B1a 093,attack_self_reduction,True,0,0,0,
Meowscarada ex Meowscarada,True,30,33,28,173,False,none,"no Pokemon in the archetype name (Meowscarada ex, Meowscarada) appears in any decks/dustin or decks/brews file or B2e archetype",29,29,22,Stakataka,A3a 053 / P-A 080,attack_self_reduction,True,0,0,0,
Meowscarada ex Meowscarada,True,30,33,28,173,False,none,"no Pokemon in the archetype name (Meowscarada ex, Meowscarada) appears in any decks/dustin or decks/brews file or B2e archetype",29,29,22,Skarmory ex,A4 124 / A4 194 / A4 209 / A4b 252,attack_self_reduction,True,0,0,0,
Meowscarada ex Meowscarada,True,30,33,28,173,False,none,"no Pokemon in the archetype name (Meowscarada ex, Meowscarada) appears in any decks/dustin or decks/brews file or B2e archetype",29,29,22,Avalugg,B1 075,attack_self_reduction,True,0,0,0,
Meowscarada ex Meowscarada,True,30,33,28,173,False,none,"no Pokemon in the archetype name (Meowscarada ex, Meowscarada) appears in any decks/dustin or decks/brews file or B2e archetype",29,29,22,Swirlix,B1 117,attack_self_reduction,True,0,0,0,
Meowscarada ex Meowscarada,True,30,33,28,173,False,none,"no Pokemon in the archetype name (Meowscarada ex, Meowscarada) appears in any decks/dustin or decks/brews file or B2e archetype",29,29,22,Ferrothorn (A3a 052 Steel Spikes),A3a 052,other,False,0,0,0,
Meowscarada ex Meowscarada,True,30,33,28,173,False,none,"no Pokemon in the archetype name (Meowscarada ex, Meowscarada) appears in any decks/dustin or decks/brews file or B2e archetype",29,29,22,Ferrothorn (B1 167 Guard Press),B1 167,attack_self_reduction,True,0,0,0,
Meowscarada ex Meowscarada,True,30,33,28,173,False,none,"no Pokemon in the archetype name (Meowscarada ex, Meowscarada) appears in any decks/dustin or decks/brews file or B2e archetype",29,29,22,Porygon,B1a 056 / B3 222,attack_self_reduction,True,0,0,0,
Meowscarada ex Meowscarada,True,30,33,28,173,False,none,"no Pokemon in the archetype name (Meowscarada ex, Meowscarada) appears in any decks/dustin or decks/brews file or B2e archetype",29,29,22,Shuckle,B2 003,attack_self_reduction,True,0,0,0,
Meowscarada ex Meowscarada,True,30,33,28,173,False,none,"no Pokemon in the archetype name (Meowscarada ex, Meowscarada) appears in any decks/dustin or decks/brews file or B2e archetype",29,29,22,Wigglytuff,B3b 052,attack_self_reduction,True,0,0,0,
Meowscarada ex Meowscarada,True,30,33,28,173,False,none,"no Pokemon in the archetype name (Meowscarada ex, Meowscarada) appears in any decks/dustin or decks/brews file or B2e archetype",29,29,22,Frigibax,P-B 037,attack_self_reduction,True,0,0,0,
Meowscarada ex Meowscarada,True,30,33,28,173,False,none,"no Pokemon in the archetype name (Meowscarada ex, Meowscarada) appears in any decks/dustin or decks/brews file or B2e archetype",29,29,22,Golem,A1a 045 / B1 309,attack_self_reduction,True,0,0,0,
Meowscarada ex Meowscarada,True,30,33,28,173,False,none,"no Pokemon in the archetype name (Meowscarada ex, Meowscarada) appears in any decks/dustin or decks/brews file or B2e archetype",29,29,22,Pupitar,A4 104,attack_self_reduction,True,0,0,0,
Meowscarada ex Meowscarada,True,30,33,28,173,False,none,"no Pokemon in the archetype name (Meowscarada ex, Meowscarada) appears in any decks/dustin or decks/brews file or B2e archetype",29,29,22,Carbink,B1 119,attack_self_reduction,True,0,0,0,
Meowscarada ex Meowscarada,True,30,33,28,173,False,none,"no Pokemon in the archetype name (Meowscarada ex, Meowscarada) appears in any decks/dustin or decks/brews file or B2e archetype",29,29,22,Registeel,B3 116,attack_self_reduction,True,0,0,0,
Meowscarada ex Meowscarada,True,30,33,28,173,False,none,"no Pokemon in the archetype name (Meowscarada ex, Meowscarada) appears in any decks/dustin or decks/brews file or B2e archetype",29,29,22,Archaludon,B4a 056,attack_self_reduction,True,0,0,0,
Meowscarada ex Meowscarada,True,30,33,28,173,False,none,"no Pokemon in the archetype name (Meowscarada ex, Meowscarada) appears in any decks/dustin or decks/brews file or B2e archetype",29,29,22,Cosmoem,A3 086 / A4b 182 / A4b 183,attack_self_reduction,True,0,0,0,
Meowscarada ex Meowscarada,True,30,33,28,173,False,none,"no Pokemon in the archetype name (Meowscarada ex, Meowscarada) appears in any decks/dustin or decks/brews file or B2e archetype",29,29,22,Corviknight,B1 175 / B1 246,attack_self_reduction,True,0,0,0,
Meowscarada ex Meowscarada,True,30,33,28,173,False,none,"no Pokemon in the archetype name (Meowscarada ex, Meowscarada) appears in any decks/dustin or decks/brews file or B2e archetype",29,29,22,Gouging Fire,B3a 054,attack_self_reduction,True,0,0,0,
Meowscarada ex Meowscarada,True,30,33,28,173,False,none,"no Pokemon in the archetype name (Meowscarada ex, Meowscarada) appears in any decks/dustin or decks/brews file or B2e archetype",29,29,22,Mega Steelix ex,B1a 052 / B1a 080 / B1a 086 / B3 232,attack_self_reduction,True,0,0,0,
Meowscarada ex Meowscarada,True,30,33,28,173,False,none,"no Pokemon in the archetype name (Meowscarada ex, Meowscarada) appears in any decks/dustin or decks/brews file or B2e archetype",29,29,22,Aegislash,B2 120,attack_self_reduction,True,0,0,0,
Meowscarada ex Meowscarada,True,30,33,28,173,False,none,"no Pokemon in the archetype name (Meowscarada ex, Meowscarada) appears in any decks/dustin or decks/brews file or B2e archetype",29,29,22,Cornerstone Mask Ogerpon,B2 093,attack_self_reduction,True,0,0,0,
Meowscarada ex Meowscarada,True,30,33,28,173,False,none,"no Pokemon in the archetype name (Meowscarada ex, Meowscarada) appears in any decks/dustin or decks/brews file or B2e archetype",29,29,22,Protective Poncho,B2 147 / B2 234,other,False,0,0,0,
Meowscarada ex Meowscarada,True,30,33,28,173,False,none,"no Pokemon in the archetype name (Meowscarada ex, Meowscarada) appears in any decks/dustin or decks/brews file or B2e archetype",29,29,22,Rocky Helmet,A2 148 / A4b 322 / A4b 323,other,False,0,0,0,
Meowscarada ex Meowscarada,True,30,33,28,173,False,none,"no Pokemon in the archetype name (Meowscarada ex, Meowscarada) appears in any decks/dustin or decks/brews file or B2e archetype",29,29,22,Turtonator,B1 047,other,False,0,0,0,
Meowscarada ex Meowscarada,True,30,33,28,173,False,none,"no Pokemon in the archetype name (Meowscarada ex, Meowscarada) appears in any decks/dustin or decks/brews file or B2e archetype",29,29,22,Togedemaru,A3b 048 / P-A 090,other,False,0,0,0,
Meowscarada ex Meowscarada,True,30,33,28,173,False,none,"no Pokemon in the archetype name (Meowscarada ex, Meowscarada) appears in any decks/dustin or decks/brews file or B2e archetype",29,29,22,Alolan Sandslash,A3 039,other,False,0,0,0,
Meowscarada ex Meowscarada,True,30,33,28,173,False,none,"no Pokemon in the archetype name (Meowscarada ex, Meowscarada) appears in any decks/dustin or decks/brews file or B2e archetype",29,29,22,Mega Sableye ex,B3b 041 / B3b 081 / B3b 088,other,False,0,0,0,
Meowscarada ex Meowscarada,True,30,33,28,173,False,none,"no Pokemon in the archetype name (Meowscarada ex, Meowscarada) appears in any decks/dustin or decks/brews file or B2e archetype",29,29,22,Chesnaught,B2 010,other,False,0,0,0,
Meowscarada ex Meowscarada,True,30,33,28,173,False,none,"no Pokemon in the archetype name (Meowscarada ex, Meowscarada) appears in any decks/dustin or decks/brews file or B2e archetype",29,29,22,Poliwrath,A1 061 / B1 297,other,False,0,0,0,
Meowscarada ex Meowscarada,True,30,33,28,173,False,none,"no Pokemon in the archetype name (Meowscarada ex, Meowscarada) appears in any decks/dustin or decks/brews file or B2e archetype",29,29,22,Druddigon,A1a 056,other,False,0,0,0,
Meowscarada ex Meowscarada,True,30,33,28,173,False,none,"no Pokemon in the archetype name (Meowscarada ex, Meowscarada) appears in any decks/dustin or decks/brews file or B2e archetype",29,29,22,Pawmot,A2b 028 / P-A 054,other,False,0,0,0,
Meowscarada ex Meowscarada,True,30,33,28,173,False,none,"no Pokemon in the archetype name (Meowscarada ex, Meowscarada) appears in any decks/dustin or decks/brews file or B2e archetype",29,29,22,Zangoose,A4a 065,other,False,0,0,0,
Meowscarada ex Meowscarada,True,30,33,28,173,False,none,"no Pokemon in the archetype name (Meowscarada ex, Meowscarada) appears in any decks/dustin or decks/brews file or B2e archetype",29,29,22,Iron Jugulis,B3a 046,other,False,0,0,0,
Meowscarada ex Meowscarada,True,30,33,28,173,False,none,"no Pokemon in the archetype name (Meowscarada ex, Meowscarada) appears in any decks/dustin or decks/brews file or B2e archetype",29,29,22,ANY (at least one card of the set),,,,0,,,
Meowscarada ex Meowscarada,True,30,33,28,173,False,none,"no Pokemon in the archetype name (Meowscarada ex, Meowscarada) appears in any decks/dustin or decks/brews file or B2e archetype",29,29,22,ANY switch-1 card (groups 1-3),,,,0,,,
Zoroark ex Mega Absol ex,False,,,19,304,True,shares_pokemon,conservative: shares a Pokemon with a Dustin file or a B2e archetype: Absol in decks/dustin/02-arceus-crobat.txt; Absol in decks/dustin/04-absol-hoopa-darkrai.txt (named in the file name); Mega Absol ex is in the B2e archetype Hoopa ex Mega Absol ex,54,54,29,Jasmine,A4 160 / A4 200,trainer_turn_effect,True,0,0,0,
Zoroark ex Mega Absol ex,False,,,19,304,True,shares_pokemon,conservative: shares a Pokemon with a Dustin file or a B2e archetype: Absol in decks/dustin/02-arceus-crobat.txt; Absol in decks/dustin/04-absol-hoopa-darkrai.txt (named in the file name); Mega Absol ex is in the B2e archetype Hoopa ex Mega Absol ex,54,54,29,Cheren,B3 151 / B3 192,trainer_turn_effect,True,0,0,0,
Zoroark ex Mega Absol ex,False,,,19,304,True,shares_pokemon,conservative: shares a Pokemon with a Dustin file or a B2e archetype: Absol in decks/dustin/02-arceus-crobat.txt; Absol in decks/dustin/04-absol-hoopa-darkrai.txt (named in the file name); Mega Absol ex is in the B2e archetype Hoopa ex Mega Absol ex,54,54,29,Blue,A1a 067 / A1a 081,trainer_turn_effect,True,0,0,0,
Zoroark ex Mega Absol ex,False,,,19,304,True,shares_pokemon,conservative: shares a Pokemon with a Dustin file or a B2e archetype: Absol in decks/dustin/02-arceus-crobat.txt; Absol in decks/dustin/04-absol-hoopa-darkrai.txt (named in the file name); Mega Absol ex is in the B2e archetype Hoopa ex Mega Absol ex,54,54,29,Beast Wall,A3a 063,trainer_turn_effect,True,0,0,0,
Zoroark ex Mega Absol ex,False,,,19,304,True,shares_pokemon,conservative: shares a Pokemon with a Dustin file or a B2e archetype: Absol in decks/dustin/02-arceus-crobat.txt; Absol in decks/dustin/04-absol-hoopa-darkrai.txt (named in the file name); Mega Absol ex is in the B2e archetype Hoopa ex Mega Absol ex,54,54,29,Adaman,A2a 075 / A2a 090,trainer_turn_effect,True,0,0,0,
Zoroark ex Mega Absol ex,False,,,19,304,True,shares_pokemon,conservative: shares a Pokemon with a Dustin file or a B2e archetype: Absol in decks/dustin/02-arceus-crobat.txt; Absol in decks/dustin/04-absol-hoopa-darkrai.txt (named in the file name); Mega Absol ex is in the B2e archetype Hoopa ex Mega Absol ex,54,54,29,Heavy Helmet,B1 219,tool_reduction,True,0,0,0,
Zoroark ex Mega Absol ex,False,,,19,304,True,shares_pokemon,conservative: shares a Pokemon with a Dustin file or a B2e archetype: Absol in decks/dustin/02-arceus-crobat.txt; Absol in decks/dustin/04-absol-hoopa-darkrai.txt (named in the file name); Mega Absol ex is in the B2e archetype Hoopa ex Mega Absol ex,54,54,29,Steel Apron,A4 153,tool_reduction,True,0,0,0,
Zoroark ex Mega Absol ex,False,,,19,304,True,shares_pokemon,conservative: shares a Pokemon with a Dustin file or a B2e archetype: Absol in decks/dustin/02-arceus-crobat.txt; Absol in decks/dustin/04-absol-hoopa-darkrai.txt (named in the file name); Mega Absol ex is in the B2e archetype Hoopa ex Mega Absol ex,54,54,29,Metal Core Barrier,B2 148 / B2b 117,tool_reduction,True,0,0,0,
Zoroark ex Mega Absol ex,False,,,19,304,True,shares_pokemon,conservative: shares a Pokemon with a Dustin file or a B2e archetype: Absol in decks/dustin/02-arceus-crobat.txt; Absol in decks/dustin/04-absol-hoopa-darkrai.txt (named in the file name); Mega Absol ex is in the B2e archetype Hoopa ex Mega Absol ex,54,54,29,Mr. Mime,A1 126,attack_self_reduction,True,0,0,0,
Zoroark ex Mega Absol ex,False,,,19,304,True,shares_pokemon,conservative: shares a Pokemon with a Dustin file or a B2e archetype: Absol in decks/dustin/02-arceus-crobat.txt; Absol in decks/dustin/04-absol-hoopa-darkrai.txt (named in the file name); Mega Absol ex is in the B2e archetype Hoopa ex Mega Absol ex,54,54,29,Drifloon,A2 073 / A2 165,attack_self_reduction,True,0,0,0,
Zoroark ex Mega Absol ex,False,,,19,304,True,shares_pokemon,conservative: shares a Pokemon with a Dustin file or a B2e archetype: Absol in decks/dustin/02-arceus-crobat.txt; Absol in decks/dustin/04-absol-hoopa-darkrai.txt (named in the file name); Mega Absol ex is in the B2e archetype Hoopa ex Mega Absol ex,54,54,29,Bronzong,A2 117,attack_self_reduction,True,0,0,0,
Zoroark ex Mega Absol ex,False,,,19,304,True,shares_pokemon,conservative: shares a Pokemon with a Dustin file or a B2e archetype: Absol in decks/dustin/02-arceus-crobat.txt; Absol in decks/dustin/04-absol-hoopa-darkrai.txt (named in the file name); Mega Absol ex is in the B2e archetype Hoopa ex Mega Absol ex,54,54,29,Probopass ex,A2a 057 / A2a 085 / A2a 094 / A4b 253,attack_self_reduction,True,0,0,0,
Zoroark ex Mega Absol ex,False,,,19,304,True,shares_pokemon,conservative: shares a Pokemon with a Dustin file or a B2e archetype: Absol in decks/dustin/02-arceus-crobat.txt; Absol in decks/dustin/04-absol-hoopa-darkrai.txt (named in the file name); Mega Absol ex is in the B2e archetype Hoopa ex Mega Absol ex,54,54,29,Cloyster,A3 043 / B1a 093,attack_self_reduction,True,0,0,0,
Zoroark ex Mega Absol ex,False,,,19,304,True,shares_pokemon,conservative: shares a Pokemon with a Dustin file or a B2e archetype: Absol in decks/dustin/02-arceus-crobat.txt; Absol in decks/dustin/04-absol-hoopa-darkrai.txt (named in the file name); Mega Absol ex is in the B2e archetype Hoopa ex Mega Absol ex,54,54,29,Stakataka,A3a 053 / P-A 080,attack_self_reduction,True,0,0,0,
Zoroark ex Mega Absol ex,False,,,19,304,True,shares_pokemon,conservative: shares a Pokemon with a Dustin file or a B2e archetype: Absol in decks/dustin/02-arceus-crobat.txt; Absol in decks/dustin/04-absol-hoopa-darkrai.txt (named in the file name); Mega Absol ex is in the B2e archetype Hoopa ex Mega Absol ex,54,54,29,Skarmory ex,A4 124 / A4 194 / A4 209 / A4b 252,attack_self_reduction,True,0,0,0,
Zoroark ex Mega Absol ex,False,,,19,304,True,shares_pokemon,conservative: shares a Pokemon with a Dustin file or a B2e archetype: Absol in decks/dustin/02-arceus-crobat.txt; Absol in decks/dustin/04-absol-hoopa-darkrai.txt (named in the file name); Mega Absol ex is in the B2e archetype Hoopa ex Mega Absol ex,54,54,29,Avalugg,B1 075,attack_self_reduction,True,0,0,0,
Zoroark ex Mega Absol ex,False,,,19,304,True,shares_pokemon,conservative: shares a Pokemon with a Dustin file or a B2e archetype: Absol in decks/dustin/02-arceus-crobat.txt; Absol in decks/dustin/04-absol-hoopa-darkrai.txt (named in the file name); Mega Absol ex is in the B2e archetype Hoopa ex Mega Absol ex,54,54,29,Swirlix,B1 117,attack_self_reduction,True,0,0,0,
Zoroark ex Mega Absol ex,False,,,19,304,True,shares_pokemon,conservative: shares a Pokemon with a Dustin file or a B2e archetype: Absol in decks/dustin/02-arceus-crobat.txt; Absol in decks/dustin/04-absol-hoopa-darkrai.txt (named in the file name); Mega Absol ex is in the B2e archetype Hoopa ex Mega Absol ex,54,54,29,Ferrothorn (A3a 052 Steel Spikes),A3a 052,other,False,0,0,0,
Zoroark ex Mega Absol ex,False,,,19,304,True,shares_pokemon,conservative: shares a Pokemon with a Dustin file or a B2e archetype: Absol in decks/dustin/02-arceus-crobat.txt; Absol in decks/dustin/04-absol-hoopa-darkrai.txt (named in the file name); Mega Absol ex is in the B2e archetype Hoopa ex Mega Absol ex,54,54,29,Ferrothorn (B1 167 Guard Press),B1 167,attack_self_reduction,True,0,0,0,
Zoroark ex Mega Absol ex,False,,,19,304,True,shares_pokemon,conservative: shares a Pokemon with a Dustin file or a B2e archetype: Absol in decks/dustin/02-arceus-crobat.txt; Absol in decks/dustin/04-absol-hoopa-darkrai.txt (named in the file name); Mega Absol ex is in the B2e archetype Hoopa ex Mega Absol ex,54,54,29,Porygon,B1a 056 / B3 222,attack_self_reduction,True,0,0,0,
Zoroark ex Mega Absol ex,False,,,19,304,True,shares_pokemon,conservative: shares a Pokemon with a Dustin file or a B2e archetype: Absol in decks/dustin/02-arceus-crobat.txt; Absol in decks/dustin/04-absol-hoopa-darkrai.txt (named in the file name); Mega Absol ex is in the B2e archetype Hoopa ex Mega Absol ex,54,54,29,Shuckle,B2 003,attack_self_reduction,True,0,0,0,
Zoroark ex Mega Absol ex,False,,,19,304,True,shares_pokemon,conservative: shares a Pokemon with a Dustin file or a B2e archetype: Absol in decks/dustin/02-arceus-crobat.txt; Absol in decks/dustin/04-absol-hoopa-darkrai.txt (named in the file name); Mega Absol ex is in the B2e archetype Hoopa ex Mega Absol ex,54,54,29,Wigglytuff,B3b 052,attack_self_reduction,True,0,0,0,
Zoroark ex Mega Absol ex,False,,,19,304,True,shares_pokemon,conservative: shares a Pokemon with a Dustin file or a B2e archetype: Absol in decks/dustin/02-arceus-crobat.txt; Absol in decks/dustin/04-absol-hoopa-darkrai.txt (named in the file name); Mega Absol ex is in the B2e archetype Hoopa ex Mega Absol ex,54,54,29,Frigibax,P-B 037,attack_self_reduction,True,0,0,0,
Zoroark ex Mega Absol ex,False,,,19,304,True,shares_pokemon,conservative: shares a Pokemon with a Dustin file or a B2e archetype: Absol in decks/dustin/02-arceus-crobat.txt; Absol in decks/dustin/04-absol-hoopa-darkrai.txt (named in the file name); Mega Absol ex is in the B2e archetype Hoopa ex Mega Absol ex,54,54,29,Golem,A1a 045 / B1 309,attack_self_reduction,True,0,0,0,
Zoroark ex Mega Absol ex,False,,,19,304,True,shares_pokemon,conservative: shares a Pokemon with a Dustin file or a B2e archetype: Absol in decks/dustin/02-arceus-crobat.txt; Absol in decks/dustin/04-absol-hoopa-darkrai.txt (named in the file name); Mega Absol ex is in the B2e archetype Hoopa ex Mega Absol ex,54,54,29,Pupitar,A4 104,attack_self_reduction,True,0,0,0,
Zoroark ex Mega Absol ex,False,,,19,304,True,shares_pokemon,conservative: shares a Pokemon with a Dustin file or a B2e archetype: Absol in decks/dustin/02-arceus-crobat.txt; Absol in decks/dustin/04-absol-hoopa-darkrai.txt (named in the file name); Mega Absol ex is in the B2e archetype Hoopa ex Mega Absol ex,54,54,29,Carbink,B1 119,attack_self_reduction,True,0,0,0,
Zoroark ex Mega Absol ex,False,,,19,304,True,shares_pokemon,conservative: shares a Pokemon with a Dustin file or a B2e archetype: Absol in decks/dustin/02-arceus-crobat.txt; Absol in decks/dustin/04-absol-hoopa-darkrai.txt (named in the file name); Mega Absol ex is in the B2e archetype Hoopa ex Mega Absol ex,54,54,29,Registeel,B3 116,attack_self_reduction,True,0,0,0,
Zoroark ex Mega Absol ex,False,,,19,304,True,shares_pokemon,conservative: shares a Pokemon with a Dustin file or a B2e archetype: Absol in decks/dustin/02-arceus-crobat.txt; Absol in decks/dustin/04-absol-hoopa-darkrai.txt (named in the file name); Mega Absol ex is in the B2e archetype Hoopa ex Mega Absol ex,54,54,29,Archaludon,B4a 056,attack_self_reduction,True,0,0,0,
Zoroark ex Mega Absol ex,False,,,19,304,True,shares_pokemon,conservative: shares a Pokemon with a Dustin file or a B2e archetype: Absol in decks/dustin/02-arceus-crobat.txt; Absol in decks/dustin/04-absol-hoopa-darkrai.txt (named in the file name); Mega Absol ex is in the B2e archetype Hoopa ex Mega Absol ex,54,54,29,Cosmoem,A3 086 / A4b 182 / A4b 183,attack_self_reduction,True,0,0,0,
Zoroark ex Mega Absol ex,False,,,19,304,True,shares_pokemon,conservative: shares a Pokemon with a Dustin file or a B2e archetype: Absol in decks/dustin/02-arceus-crobat.txt; Absol in decks/dustin/04-absol-hoopa-darkrai.txt (named in the file name); Mega Absol ex is in the B2e archetype Hoopa ex Mega Absol ex,54,54,29,Corviknight,B1 175 / B1 246,attack_self_reduction,True,0,0,0,
Zoroark ex Mega Absol ex,False,,,19,304,True,shares_pokemon,conservative: shares a Pokemon with a Dustin file or a B2e archetype: Absol in decks/dustin/02-arceus-crobat.txt; Absol in decks/dustin/04-absol-hoopa-darkrai.txt (named in the file name); Mega Absol ex is in the B2e archetype Hoopa ex Mega Absol ex,54,54,29,Gouging Fire,B3a 054,attack_self_reduction,True,0,0,0,
Zoroark ex Mega Absol ex,False,,,19,304,True,shares_pokemon,conservative: shares a Pokemon with a Dustin file or a B2e archetype: Absol in decks/dustin/02-arceus-crobat.txt; Absol in decks/dustin/04-absol-hoopa-darkrai.txt (named in the file name); Mega Absol ex is in the B2e archetype Hoopa ex Mega Absol ex,54,54,29,Mega Steelix ex,B1a 052 / B1a 080 / B1a 086 / B3 232,attack_self_reduction,True,0,0,0,
Zoroark ex Mega Absol ex,False,,,19,304,True,shares_pokemon,conservative: shares a Pokemon with a Dustin file or a B2e archetype: Absol in decks/dustin/02-arceus-crobat.txt; Absol in decks/dustin/04-absol-hoopa-darkrai.txt (named in the file name); Mega Absol ex is in the B2e archetype Hoopa ex Mega Absol ex,54,54,29,Aegislash,B2 120,attack_self_reduction,True,0,0,0,
Zoroark ex Mega Absol ex,False,,,19,304,True,shares_pokemon,conservative: shares a Pokemon with a Dustin file or a B2e archetype: Absol in decks/dustin/02-arceus-crobat.txt; Absol in decks/dustin/04-absol-hoopa-darkrai.txt (named in the file name); Mega Absol ex is in the B2e archetype Hoopa ex Mega Absol ex,54,54,29,Cornerstone Mask Ogerpon,B2 093,attack_self_reduction,True,0,0,0,
Zoroark ex Mega Absol ex,False,,,19,304,True,shares_pokemon,conservative: shares a Pokemon with a Dustin file or a B2e archetype: Absol in decks/dustin/02-arceus-crobat.txt; Absol in decks/dustin/04-absol-hoopa-darkrai.txt (named in the file name); Mega Absol ex is in the B2e archetype Hoopa ex Mega Absol ex,54,54,29,Protective Poncho,B2 147 / B2 234,other,False,3,3,0,
Zoroark ex Mega Absol ex,False,,,19,304,True,shares_pokemon,conservative: shares a Pokemon with a Dustin file or a B2e archetype: Absol in decks/dustin/02-arceus-crobat.txt; Absol in decks/dustin/04-absol-hoopa-darkrai.txt (named in the file name); Mega Absol ex is in the B2e archetype Hoopa ex Mega Absol ex,54,54,29,Rocky Helmet,A2 148 / A4b 322 / A4b 323,other,False,1,2,0,
Zoroark ex Mega Absol ex,False,,,19,304,True,shares_pokemon,conservative: shares a Pokemon with a Dustin file or a B2e archetype: Absol in decks/dustin/02-arceus-crobat.txt; Absol in decks/dustin/04-absol-hoopa-darkrai.txt (named in the file name); Mega Absol ex is in the B2e archetype Hoopa ex Mega Absol ex,54,54,29,Turtonator,B1 047,other,False,0,0,0,
Zoroark ex Mega Absol ex,False,,,19,304,True,shares_pokemon,conservative: shares a Pokemon with a Dustin file or a B2e archetype: Absol in decks/dustin/02-arceus-crobat.txt; Absol in decks/dustin/04-absol-hoopa-darkrai.txt (named in the file name); Mega Absol ex is in the B2e archetype Hoopa ex Mega Absol ex,54,54,29,Togedemaru,A3b 048 / P-A 090,other,False,0,0,0,
Zoroark ex Mega Absol ex,False,,,19,304,True,shares_pokemon,conservative: shares a Pokemon with a Dustin file or a B2e archetype: Absol in decks/dustin/02-arceus-crobat.txt; Absol in decks/dustin/04-absol-hoopa-darkrai.txt (named in the file name); Mega Absol ex is in the B2e archetype Hoopa ex Mega Absol ex,54,54,29,Alolan Sandslash,A3 039,other,False,0,0,0,
Zoroark ex Mega Absol ex,False,,,19,304,True,shares_pokemon,conservative: shares a Pokemon with a Dustin file or a B2e archetype: Absol in decks/dustin/02-arceus-crobat.txt; Absol in decks/dustin/04-absol-hoopa-darkrai.txt (named in the file name); Mega Absol ex is in the B2e archetype Hoopa ex Mega Absol ex,54,54,29,Mega Sableye ex,B3b 041 / B3b 081 / B3b 088,other,False,0,0,0,
Zoroark ex Mega Absol ex,False,,,19,304,True,shares_pokemon,conservative: shares a Pokemon with a Dustin file or a B2e archetype: Absol in decks/dustin/02-arceus-crobat.txt; Absol in decks/dustin/04-absol-hoopa-darkrai.txt (named in the file name); Mega Absol ex is in the B2e archetype Hoopa ex Mega Absol ex,54,54,29,Chesnaught,B2 010,other,False,0,0,0,
Zoroark ex Mega Absol ex,False,,,19,304,True,shares_pokemon,conservative: shares a Pokemon with a Dustin file or a B2e archetype: Absol in decks/dustin/02-arceus-crobat.txt; Absol in decks/dustin/04-absol-hoopa-darkrai.txt (named in the file name); Mega Absol ex is in the B2e archetype Hoopa ex Mega Absol ex,54,54,29,Poliwrath,A1 061 / B1 297,other,False,0,0,0,
Zoroark ex Mega Absol ex,False,,,19,304,True,shares_pokemon,conservative: shares a Pokemon with a Dustin file or a B2e archetype: Absol in decks/dustin/02-arceus-crobat.txt; Absol in decks/dustin/04-absol-hoopa-darkrai.txt (named in the file name); Mega Absol ex is in the B2e archetype Hoopa ex Mega Absol ex,54,54,29,Druddigon,A1a 056,other,False,0,0,0,
Zoroark ex Mega Absol ex,False,,,19,304,True,shares_pokemon,conservative: shares a Pokemon with a Dustin file or a B2e archetype: Absol in decks/dustin/02-arceus-crobat.txt; Absol in decks/dustin/04-absol-hoopa-darkrai.txt (named in the file name); Mega Absol ex is in the B2e archetype Hoopa ex Mega Absol ex,54,54,29,Pawmot,A2b 028 / P-A 054,other,False,0,0,0,
Zoroark ex Mega Absol ex,False,,,19,304,True,shares_pokemon,conservative: shares a Pokemon with a Dustin file or a B2e archetype: Absol in decks/dustin/02-arceus-crobat.txt; Absol in decks/dustin/04-absol-hoopa-darkrai.txt (named in the file name); Mega Absol ex is in the B2e archetype Hoopa ex Mega Absol ex,54,54,29,Zangoose,A4a 065,other,False,0,0,0,
Zoroark ex Mega Absol ex,False,,,19,304,True,shares_pokemon,conservative: shares a Pokemon with a Dustin file or a B2e archetype: Absol in decks/dustin/02-arceus-crobat.txt; Absol in decks/dustin/04-absol-hoopa-darkrai.txt (named in the file name); Mega Absol ex is in the B2e archetype Hoopa ex Mega Absol ex,54,54,29,Iron Jugulis,B3a 046,other,False,0,0,0,
Zoroark ex Mega Absol ex,False,,,19,304,True,shares_pokemon,conservative: shares a Pokemon with a Dustin file or a B2e archetype: Absol in decks/dustin/02-arceus-crobat.txt; Absol in decks/dustin/04-absol-hoopa-darkrai.txt (named in the file name); Mega Absol ex is in the B2e archetype Hoopa ex Mega Absol ex,54,54,29,ANY (at least one card of the set),,,,4,,,
Zoroark ex Mega Absol ex,False,,,19,304,True,shares_pokemon,conservative: shares a Pokemon with a Dustin file or a B2e archetype: Absol in decks/dustin/02-arceus-crobat.txt; Absol in decks/dustin/04-absol-hoopa-darkrai.txt (named in the file name); Mega Absol ex is in the B2e archetype Hoopa ex Mega Absol ex,54,54,29,ANY switch-1 card (groups 1-3),,,,0,,,
Beautifly Dustox,False,,,23,232,False,none,"no Pokemon in the archetype name (Beautifly, Dustox) appears in any decks/dustin or decks/brews file or B2e archetype",47,47,24,Jasmine,A4 160 / A4 200,trainer_turn_effect,True,0,0,0,
Beautifly Dustox,False,,,23,232,False,none,"no Pokemon in the archetype name (Beautifly, Dustox) appears in any decks/dustin or decks/brews file or B2e archetype",47,47,24,Cheren,B3 151 / B3 192,trainer_turn_effect,True,0,0,0,
Beautifly Dustox,False,,,23,232,False,none,"no Pokemon in the archetype name (Beautifly, Dustox) appears in any decks/dustin or decks/brews file or B2e archetype",47,47,24,Blue,A1a 067 / A1a 081,trainer_turn_effect,True,0,0,0,
Beautifly Dustox,False,,,23,232,False,none,"no Pokemon in the archetype name (Beautifly, Dustox) appears in any decks/dustin or decks/brews file or B2e archetype",47,47,24,Beast Wall,A3a 063,trainer_turn_effect,True,0,0,0,
Beautifly Dustox,False,,,23,232,False,none,"no Pokemon in the archetype name (Beautifly, Dustox) appears in any decks/dustin or decks/brews file or B2e archetype",47,47,24,Adaman,A2a 075 / A2a 090,trainer_turn_effect,True,0,0,0,
Beautifly Dustox,False,,,23,232,False,none,"no Pokemon in the archetype name (Beautifly, Dustox) appears in any decks/dustin or decks/brews file or B2e archetype",47,47,24,Heavy Helmet,B1 219,tool_reduction,True,0,0,0,
Beautifly Dustox,False,,,23,232,False,none,"no Pokemon in the archetype name (Beautifly, Dustox) appears in any decks/dustin or decks/brews file or B2e archetype",47,47,24,Steel Apron,A4 153,tool_reduction,True,0,0,0,
Beautifly Dustox,False,,,23,232,False,none,"no Pokemon in the archetype name (Beautifly, Dustox) appears in any decks/dustin or decks/brews file or B2e archetype",47,47,24,Metal Core Barrier,B2 148 / B2b 117,tool_reduction,True,0,0,0,
Beautifly Dustox,False,,,23,232,False,none,"no Pokemon in the archetype name (Beautifly, Dustox) appears in any decks/dustin or decks/brews file or B2e archetype",47,47,24,Mr. Mime,A1 126,attack_self_reduction,True,0,0,0,
Beautifly Dustox,False,,,23,232,False,none,"no Pokemon in the archetype name (Beautifly, Dustox) appears in any decks/dustin or decks/brews file or B2e archetype",47,47,24,Drifloon,A2 073 / A2 165,attack_self_reduction,True,0,0,0,
Beautifly Dustox,False,,,23,232,False,none,"no Pokemon in the archetype name (Beautifly, Dustox) appears in any decks/dustin or decks/brews file or B2e archetype",47,47,24,Bronzong,A2 117,attack_self_reduction,True,0,0,0,
Beautifly Dustox,False,,,23,232,False,none,"no Pokemon in the archetype name (Beautifly, Dustox) appears in any decks/dustin or decks/brews file or B2e archetype",47,47,24,Probopass ex,A2a 057 / A2a 085 / A2a 094 / A4b 253,attack_self_reduction,True,0,0,0,
Beautifly Dustox,False,,,23,232,False,none,"no Pokemon in the archetype name (Beautifly, Dustox) appears in any decks/dustin or decks/brews file or B2e archetype",47,47,24,Cloyster,A3 043 / B1a 093,attack_self_reduction,True,0,0,0,
Beautifly Dustox,False,,,23,232,False,none,"no Pokemon in the archetype name (Beautifly, Dustox) appears in any decks/dustin or decks/brews file or B2e archetype",47,47,24,Stakataka,A3a 053 / P-A 080,attack_self_reduction,True,0,0,0,
Beautifly Dustox,False,,,23,232,False,none,"no Pokemon in the archetype name (Beautifly, Dustox) appears in any decks/dustin or decks/brews file or B2e archetype",47,47,24,Skarmory ex,A4 124 / A4 194 / A4 209 / A4b 252,attack_self_reduction,True,0,0,0,
Beautifly Dustox,False,,,23,232,False,none,"no Pokemon in the archetype name (Beautifly, Dustox) appears in any decks/dustin or decks/brews file or B2e archetype",47,47,24,Avalugg,B1 075,attack_self_reduction,True,0,0,0,
Beautifly Dustox,False,,,23,232,False,none,"no Pokemon in the archetype name (Beautifly, Dustox) appears in any decks/dustin or decks/brews file or B2e archetype",47,47,24,Swirlix,B1 117,attack_self_reduction,True,0,0,0,
Beautifly Dustox,False,,,23,232,False,none,"no Pokemon in the archetype name (Beautifly, Dustox) appears in any decks/dustin or decks/brews file or B2e archetype",47,47,24,Ferrothorn (A3a 052 Steel Spikes),A3a 052,other,False,0,0,0,
Beautifly Dustox,False,,,23,232,False,none,"no Pokemon in the archetype name (Beautifly, Dustox) appears in any decks/dustin or decks/brews file or B2e archetype",47,47,24,Ferrothorn (B1 167 Guard Press),B1 167,attack_self_reduction,True,0,0,0,
Beautifly Dustox,False,,,23,232,False,none,"no Pokemon in the archetype name (Beautifly, Dustox) appears in any decks/dustin or decks/brews file or B2e archetype",47,47,24,Porygon,B1a 056 / B3 222,attack_self_reduction,True,0,0,0,
Beautifly Dustox,False,,,23,232,False,none,"no Pokemon in the archetype name (Beautifly, Dustox) appears in any decks/dustin or decks/brews file or B2e archetype",47,47,24,Shuckle,B2 003,attack_self_reduction,True,0,0,0,
Beautifly Dustox,False,,,23,232,False,none,"no Pokemon in the archetype name (Beautifly, Dustox) appears in any decks/dustin or decks/brews file or B2e archetype",47,47,24,Wigglytuff,B3b 052,attack_self_reduction,True,0,0,0,
Beautifly Dustox,False,,,23,232,False,none,"no Pokemon in the archetype name (Beautifly, Dustox) appears in any decks/dustin or decks/brews file or B2e archetype",47,47,24,Frigibax,P-B 037,attack_self_reduction,True,0,0,0,
Beautifly Dustox,False,,,23,232,False,none,"no Pokemon in the archetype name (Beautifly, Dustox) appears in any decks/dustin or decks/brews file or B2e archetype",47,47,24,Golem,A1a 045 / B1 309,attack_self_reduction,True,0,0,0,
Beautifly Dustox,False,,,23,232,False,none,"no Pokemon in the archetype name (Beautifly, Dustox) appears in any decks/dustin or decks/brews file or B2e archetype",47,47,24,Pupitar,A4 104,attack_self_reduction,True,0,0,0,
Beautifly Dustox,False,,,23,232,False,none,"no Pokemon in the archetype name (Beautifly, Dustox) appears in any decks/dustin or decks/brews file or B2e archetype",47,47,24,Carbink,B1 119,attack_self_reduction,True,0,0,0,
Beautifly Dustox,False,,,23,232,False,none,"no Pokemon in the archetype name (Beautifly, Dustox) appears in any decks/dustin or decks/brews file or B2e archetype",47,47,24,Registeel,B3 116,attack_self_reduction,True,0,0,0,
Beautifly Dustox,False,,,23,232,False,none,"no Pokemon in the archetype name (Beautifly, Dustox) appears in any decks/dustin or decks/brews file or B2e archetype",47,47,24,Archaludon,B4a 056,attack_self_reduction,True,0,0,0,
Beautifly Dustox,False,,,23,232,False,none,"no Pokemon in the archetype name (Beautifly, Dustox) appears in any decks/dustin or decks/brews file or B2e archetype",47,47,24,Cosmoem,A3 086 / A4b 182 / A4b 183,attack_self_reduction,True,0,0,0,
Beautifly Dustox,False,,,23,232,False,none,"no Pokemon in the archetype name (Beautifly, Dustox) appears in any decks/dustin or decks/brews file or B2e archetype",47,47,24,Corviknight,B1 175 / B1 246,attack_self_reduction,True,0,0,0,
Beautifly Dustox,False,,,23,232,False,none,"no Pokemon in the archetype name (Beautifly, Dustox) appears in any decks/dustin or decks/brews file or B2e archetype",47,47,24,Gouging Fire,B3a 054,attack_self_reduction,True,0,0,0,
Beautifly Dustox,False,,,23,232,False,none,"no Pokemon in the archetype name (Beautifly, Dustox) appears in any decks/dustin or decks/brews file or B2e archetype",47,47,24,Mega Steelix ex,B1a 052 / B1a 080 / B1a 086 / B3 232,attack_self_reduction,True,0,0,0,
Beautifly Dustox,False,,,23,232,False,none,"no Pokemon in the archetype name (Beautifly, Dustox) appears in any decks/dustin or decks/brews file or B2e archetype",47,47,24,Aegislash,B2 120,attack_self_reduction,True,0,0,0,
Beautifly Dustox,False,,,23,232,False,none,"no Pokemon in the archetype name (Beautifly, Dustox) appears in any decks/dustin or decks/brews file or B2e archetype",47,47,24,Cornerstone Mask Ogerpon,B2 093,attack_self_reduction,True,0,0,0,
Beautifly Dustox,False,,,23,232,False,none,"no Pokemon in the archetype name (Beautifly, Dustox) appears in any decks/dustin or decks/brews file or B2e archetype",47,47,24,Protective Poncho,B2 147 / B2 234,other,False,0,0,0,
Beautifly Dustox,False,,,23,232,False,none,"no Pokemon in the archetype name (Beautifly, Dustox) appears in any decks/dustin or decks/brews file or B2e archetype",47,47,24,Rocky Helmet,A2 148 / A4b 322 / A4b 323,other,False,0,0,0,
Beautifly Dustox,False,,,23,232,False,none,"no Pokemon in the archetype name (Beautifly, Dustox) appears in any decks/dustin or decks/brews file or B2e archetype",47,47,24,Turtonator,B1 047,other,False,0,0,0,
Beautifly Dustox,False,,,23,232,False,none,"no Pokemon in the archetype name (Beautifly, Dustox) appears in any decks/dustin or decks/brews file or B2e archetype",47,47,24,Togedemaru,A3b 048 / P-A 090,other,False,0,0,0,
Beautifly Dustox,False,,,23,232,False,none,"no Pokemon in the archetype name (Beautifly, Dustox) appears in any decks/dustin or decks/brews file or B2e archetype",47,47,24,Alolan Sandslash,A3 039,other,False,0,0,0,
Beautifly Dustox,False,,,23,232,False,none,"no Pokemon in the archetype name (Beautifly, Dustox) appears in any decks/dustin or decks/brews file or B2e archetype",47,47,24,Mega Sableye ex,B3b 041 / B3b 081 / B3b 088,other,False,0,0,0,
Beautifly Dustox,False,,,23,232,False,none,"no Pokemon in the archetype name (Beautifly, Dustox) appears in any decks/dustin or decks/brews file or B2e archetype",47,47,24,Chesnaught,B2 010,other,False,0,0,0,
Beautifly Dustox,False,,,23,232,False,none,"no Pokemon in the archetype name (Beautifly, Dustox) appears in any decks/dustin or decks/brews file or B2e archetype",47,47,24,Poliwrath,A1 061 / B1 297,other,False,0,0,0,
Beautifly Dustox,False,,,23,232,False,none,"no Pokemon in the archetype name (Beautifly, Dustox) appears in any decks/dustin or decks/brews file or B2e archetype",47,47,24,Druddigon,A1a 056,other,False,0,0,0,
Beautifly Dustox,False,,,23,232,False,none,"no Pokemon in the archetype name (Beautifly, Dustox) appears in any decks/dustin or decks/brews file or B2e archetype",47,47,24,Pawmot,A2b 028 / P-A 054,other,False,0,0,0,
Beautifly Dustox,False,,,23,232,False,none,"no Pokemon in the archetype name (Beautifly, Dustox) appears in any decks/dustin or decks/brews file or B2e archetype",47,47,24,Zangoose,A4a 065,other,False,0,0,0,
Beautifly Dustox,False,,,23,232,False,none,"no Pokemon in the archetype name (Beautifly, Dustox) appears in any decks/dustin or decks/brews file or B2e archetype",47,47,24,Iron Jugulis,B3a 046,other,False,0,0,0,
Beautifly Dustox,False,,,23,232,False,none,"no Pokemon in the archetype name (Beautifly, Dustox) appears in any decks/dustin or decks/brews file or B2e archetype",47,47,24,ANY (at least one card of the set),,,,0,,,
Beautifly Dustox,False,,,23,232,False,none,"no Pokemon in the archetype name (Beautifly, Dustox) appears in any decks/dustin or decks/brews file or B2e archetype",47,47,24,ANY switch-1 card (groups 1-3),,,,0,,,
Hoopa ex Mega Sableye ex,False,,,24,208,True,all_in_one_file,"every Pokemon in the archetype name (Hoopa ex, Mega Sableye ex) is in decks/brews/brew-07-hoopa-darkrai-sableye.txt",34,34,24,Jasmine,A4 160 / A4 200,trainer_turn_effect,True,0,0,0,
Hoopa ex Mega Sableye ex,False,,,24,208,True,all_in_one_file,"every Pokemon in the archetype name (Hoopa ex, Mega Sableye ex) is in decks/brews/brew-07-hoopa-darkrai-sableye.txt",34,34,24,Cheren,B3 151 / B3 192,trainer_turn_effect,True,0,0,0,
Hoopa ex Mega Sableye ex,False,,,24,208,True,all_in_one_file,"every Pokemon in the archetype name (Hoopa ex, Mega Sableye ex) is in decks/brews/brew-07-hoopa-darkrai-sableye.txt",34,34,24,Blue,A1a 067 / A1a 081,trainer_turn_effect,True,0,0,0,
Hoopa ex Mega Sableye ex,False,,,24,208,True,all_in_one_file,"every Pokemon in the archetype name (Hoopa ex, Mega Sableye ex) is in decks/brews/brew-07-hoopa-darkrai-sableye.txt",34,34,24,Beast Wall,A3a 063,trainer_turn_effect,True,0,0,0,
Hoopa ex Mega Sableye ex,False,,,24,208,True,all_in_one_file,"every Pokemon in the archetype name (Hoopa ex, Mega Sableye ex) is in decks/brews/brew-07-hoopa-darkrai-sableye.txt",34,34,24,Adaman,A2a 075 / A2a 090,trainer_turn_effect,True,0,0,0,
Hoopa ex Mega Sableye ex,False,,,24,208,True,all_in_one_file,"every Pokemon in the archetype name (Hoopa ex, Mega Sableye ex) is in decks/brews/brew-07-hoopa-darkrai-sableye.txt",34,34,24,Heavy Helmet,B1 219,tool_reduction,True,0,0,0,
Hoopa ex Mega Sableye ex,False,,,24,208,True,all_in_one_file,"every Pokemon in the archetype name (Hoopa ex, Mega Sableye ex) is in decks/brews/brew-07-hoopa-darkrai-sableye.txt",34,34,24,Steel Apron,A4 153,tool_reduction,True,0,0,0,
Hoopa ex Mega Sableye ex,False,,,24,208,True,all_in_one_file,"every Pokemon in the archetype name (Hoopa ex, Mega Sableye ex) is in decks/brews/brew-07-hoopa-darkrai-sableye.txt",34,34,24,Metal Core Barrier,B2 148 / B2b 117,tool_reduction,True,0,0,0,
Hoopa ex Mega Sableye ex,False,,,24,208,True,all_in_one_file,"every Pokemon in the archetype name (Hoopa ex, Mega Sableye ex) is in decks/brews/brew-07-hoopa-darkrai-sableye.txt",34,34,24,Mr. Mime,A1 126,attack_self_reduction,True,0,0,0,
Hoopa ex Mega Sableye ex,False,,,24,208,True,all_in_one_file,"every Pokemon in the archetype name (Hoopa ex, Mega Sableye ex) is in decks/brews/brew-07-hoopa-darkrai-sableye.txt",34,34,24,Drifloon,A2 073 / A2 165,attack_self_reduction,True,0,0,0,
Hoopa ex Mega Sableye ex,False,,,24,208,True,all_in_one_file,"every Pokemon in the archetype name (Hoopa ex, Mega Sableye ex) is in decks/brews/brew-07-hoopa-darkrai-sableye.txt",34,34,24,Bronzong,A2 117,attack_self_reduction,True,0,0,0,
Hoopa ex Mega Sableye ex,False,,,24,208,True,all_in_one_file,"every Pokemon in the archetype name (Hoopa ex, Mega Sableye ex) is in decks/brews/brew-07-hoopa-darkrai-sableye.txt",34,34,24,Probopass ex,A2a 057 / A2a 085 / A2a 094 / A4b 253,attack_self_reduction,True,0,0,0,
Hoopa ex Mega Sableye ex,False,,,24,208,True,all_in_one_file,"every Pokemon in the archetype name (Hoopa ex, Mega Sableye ex) is in decks/brews/brew-07-hoopa-darkrai-sableye.txt",34,34,24,Cloyster,A3 043 / B1a 093,attack_self_reduction,True,0,0,0,
Hoopa ex Mega Sableye ex,False,,,24,208,True,all_in_one_file,"every Pokemon in the archetype name (Hoopa ex, Mega Sableye ex) is in decks/brews/brew-07-hoopa-darkrai-sableye.txt",34,34,24,Stakataka,A3a 053 / P-A 080,attack_self_reduction,True,0,0,0,
Hoopa ex Mega Sableye ex,False,,,24,208,True,all_in_one_file,"every Pokemon in the archetype name (Hoopa ex, Mega Sableye ex) is in decks/brews/brew-07-hoopa-darkrai-sableye.txt",34,34,24,Skarmory ex,A4 124 / A4 194 / A4 209 / A4b 252,attack_self_reduction,True,0,0,0,
Hoopa ex Mega Sableye ex,False,,,24,208,True,all_in_one_file,"every Pokemon in the archetype name (Hoopa ex, Mega Sableye ex) is in decks/brews/brew-07-hoopa-darkrai-sableye.txt",34,34,24,Avalugg,B1 075,attack_self_reduction,True,0,0,0,
Hoopa ex Mega Sableye ex,False,,,24,208,True,all_in_one_file,"every Pokemon in the archetype name (Hoopa ex, Mega Sableye ex) is in decks/brews/brew-07-hoopa-darkrai-sableye.txt",34,34,24,Swirlix,B1 117,attack_self_reduction,True,0,0,0,
Hoopa ex Mega Sableye ex,False,,,24,208,True,all_in_one_file,"every Pokemon in the archetype name (Hoopa ex, Mega Sableye ex) is in decks/brews/brew-07-hoopa-darkrai-sableye.txt",34,34,24,Ferrothorn (A3a 052 Steel Spikes),A3a 052,other,False,0,0,0,
Hoopa ex Mega Sableye ex,False,,,24,208,True,all_in_one_file,"every Pokemon in the archetype name (Hoopa ex, Mega Sableye ex) is in decks/brews/brew-07-hoopa-darkrai-sableye.txt",34,34,24,Ferrothorn (B1 167 Guard Press),B1 167,attack_self_reduction,True,0,0,0,
Hoopa ex Mega Sableye ex,False,,,24,208,True,all_in_one_file,"every Pokemon in the archetype name (Hoopa ex, Mega Sableye ex) is in decks/brews/brew-07-hoopa-darkrai-sableye.txt",34,34,24,Porygon,B1a 056 / B3 222,attack_self_reduction,True,0,0,0,
Hoopa ex Mega Sableye ex,False,,,24,208,True,all_in_one_file,"every Pokemon in the archetype name (Hoopa ex, Mega Sableye ex) is in decks/brews/brew-07-hoopa-darkrai-sableye.txt",34,34,24,Shuckle,B2 003,attack_self_reduction,True,0,0,0,
Hoopa ex Mega Sableye ex,False,,,24,208,True,all_in_one_file,"every Pokemon in the archetype name (Hoopa ex, Mega Sableye ex) is in decks/brews/brew-07-hoopa-darkrai-sableye.txt",34,34,24,Wigglytuff,B3b 052,attack_self_reduction,True,0,0,0,
Hoopa ex Mega Sableye ex,False,,,24,208,True,all_in_one_file,"every Pokemon in the archetype name (Hoopa ex, Mega Sableye ex) is in decks/brews/brew-07-hoopa-darkrai-sableye.txt",34,34,24,Frigibax,P-B 037,attack_self_reduction,True,0,0,0,
Hoopa ex Mega Sableye ex,False,,,24,208,True,all_in_one_file,"every Pokemon in the archetype name (Hoopa ex, Mega Sableye ex) is in decks/brews/brew-07-hoopa-darkrai-sableye.txt",34,34,24,Golem,A1a 045 / B1 309,attack_self_reduction,True,0,0,0,
Hoopa ex Mega Sableye ex,False,,,24,208,True,all_in_one_file,"every Pokemon in the archetype name (Hoopa ex, Mega Sableye ex) is in decks/brews/brew-07-hoopa-darkrai-sableye.txt",34,34,24,Pupitar,A4 104,attack_self_reduction,True,0,0,0,
Hoopa ex Mega Sableye ex,False,,,24,208,True,all_in_one_file,"every Pokemon in the archetype name (Hoopa ex, Mega Sableye ex) is in decks/brews/brew-07-hoopa-darkrai-sableye.txt",34,34,24,Carbink,B1 119,attack_self_reduction,True,0,0,0,
Hoopa ex Mega Sableye ex,False,,,24,208,True,all_in_one_file,"every Pokemon in the archetype name (Hoopa ex, Mega Sableye ex) is in decks/brews/brew-07-hoopa-darkrai-sableye.txt",34,34,24,Registeel,B3 116,attack_self_reduction,True,0,0,0,
Hoopa ex Mega Sableye ex,False,,,24,208,True,all_in_one_file,"every Pokemon in the archetype name (Hoopa ex, Mega Sableye ex) is in decks/brews/brew-07-hoopa-darkrai-sableye.txt",34,34,24,Archaludon,B4a 056,attack_self_reduction,True,0,0,0,
Hoopa ex Mega Sableye ex,False,,,24,208,True,all_in_one_file,"every Pokemon in the archetype name (Hoopa ex, Mega Sableye ex) is in decks/brews/brew-07-hoopa-darkrai-sableye.txt",34,34,24,Cosmoem,A3 086 / A4b 182 / A4b 183,attack_self_reduction,True,0,0,0,
Hoopa ex Mega Sableye ex,False,,,24,208,True,all_in_one_file,"every Pokemon in the archetype name (Hoopa ex, Mega Sableye ex) is in decks/brews/brew-07-hoopa-darkrai-sableye.txt",34,34,24,Corviknight,B1 175 / B1 246,attack_self_reduction,True,0,0,0,
Hoopa ex Mega Sableye ex,False,,,24,208,True,all_in_one_file,"every Pokemon in the archetype name (Hoopa ex, Mega Sableye ex) is in decks/brews/brew-07-hoopa-darkrai-sableye.txt",34,34,24,Gouging Fire,B3a 054,attack_self_reduction,True,0,0,0,
Hoopa ex Mega Sableye ex,False,,,24,208,True,all_in_one_file,"every Pokemon in the archetype name (Hoopa ex, Mega Sableye ex) is in decks/brews/brew-07-hoopa-darkrai-sableye.txt",34,34,24,Mega Steelix ex,B1a 052 / B1a 080 / B1a 086 / B3 232,attack_self_reduction,True,0,0,0,
Hoopa ex Mega Sableye ex,False,,,24,208,True,all_in_one_file,"every Pokemon in the archetype name (Hoopa ex, Mega Sableye ex) is in decks/brews/brew-07-hoopa-darkrai-sableye.txt",34,34,24,Aegislash,B2 120,attack_self_reduction,True,0,0,0,
Hoopa ex Mega Sableye ex,False,,,24,208,True,all_in_one_file,"every Pokemon in the archetype name (Hoopa ex, Mega Sableye ex) is in decks/brews/brew-07-hoopa-darkrai-sableye.txt",34,34,24,Cornerstone Mask Ogerpon,B2 093,attack_self_reduction,True,0,0,0,
Hoopa ex Mega Sableye ex,False,,,24,208,True,all_in_one_file,"every Pokemon in the archetype name (Hoopa ex, Mega Sableye ex) is in decks/brews/brew-07-hoopa-darkrai-sableye.txt",34,34,24,Protective Poncho,B2 147 / B2 234,other,False,0,0,0,
Hoopa ex Mega Sableye ex,False,,,24,208,True,all_in_one_file,"every Pokemon in the archetype name (Hoopa ex, Mega Sableye ex) is in decks/brews/brew-07-hoopa-darkrai-sableye.txt",34,34,24,Rocky Helmet,A2 148 / A4b 322 / A4b 323,other,False,1,1,0,
Hoopa ex Mega Sableye ex,False,,,24,208,True,all_in_one_file,"every Pokemon in the archetype name (Hoopa ex, Mega Sableye ex) is in decks/brews/brew-07-hoopa-darkrai-sableye.txt",34,34,24,Turtonator,B1 047,other,False,0,0,0,
Hoopa ex Mega Sableye ex,False,,,24,208,True,all_in_one_file,"every Pokemon in the archetype name (Hoopa ex, Mega Sableye ex) is in decks/brews/brew-07-hoopa-darkrai-sableye.txt",34,34,24,Togedemaru,A3b 048 / P-A 090,other,False,0,0,0,
Hoopa ex Mega Sableye ex,False,,,24,208,True,all_in_one_file,"every Pokemon in the archetype name (Hoopa ex, Mega Sableye ex) is in decks/brews/brew-07-hoopa-darkrai-sableye.txt",34,34,24,Alolan Sandslash,A3 039,other,False,0,0,0,
Hoopa ex Mega Sableye ex,False,,,24,208,True,all_in_one_file,"every Pokemon in the archetype name (Hoopa ex, Mega Sableye ex) is in decks/brews/brew-07-hoopa-darkrai-sableye.txt",34,34,24,Mega Sableye ex,B3b 041 / B3b 081 / B3b 088,other,False,34,34,0,
Hoopa ex Mega Sableye ex,False,,,24,208,True,all_in_one_file,"every Pokemon in the archetype name (Hoopa ex, Mega Sableye ex) is in decks/brews/brew-07-hoopa-darkrai-sableye.txt",34,34,24,Chesnaught,B2 010,other,False,0,0,0,
Hoopa ex Mega Sableye ex,False,,,24,208,True,all_in_one_file,"every Pokemon in the archetype name (Hoopa ex, Mega Sableye ex) is in decks/brews/brew-07-hoopa-darkrai-sableye.txt",34,34,24,Poliwrath,A1 061 / B1 297,other,False,0,0,0,
Hoopa ex Mega Sableye ex,False,,,24,208,True,all_in_one_file,"every Pokemon in the archetype name (Hoopa ex, Mega Sableye ex) is in decks/brews/brew-07-hoopa-darkrai-sableye.txt",34,34,24,Druddigon,A1a 056,other,False,0,0,0,
Hoopa ex Mega Sableye ex,False,,,24,208,True,all_in_one_file,"every Pokemon in the archetype name (Hoopa ex, Mega Sableye ex) is in decks/brews/brew-07-hoopa-darkrai-sableye.txt",34,34,24,Pawmot,A2b 028 / P-A 054,other,False,0,0,0,
Hoopa ex Mega Sableye ex,False,,,24,208,True,all_in_one_file,"every Pokemon in the archetype name (Hoopa ex, Mega Sableye ex) is in decks/brews/brew-07-hoopa-darkrai-sableye.txt",34,34,24,Zangoose,A4a 065,other,False,0,0,0,
Hoopa ex Mega Sableye ex,False,,,24,208,True,all_in_one_file,"every Pokemon in the archetype name (Hoopa ex, Mega Sableye ex) is in decks/brews/brew-07-hoopa-darkrai-sableye.txt",34,34,24,Iron Jugulis,B3a 046,other,False,0,0,0,
Hoopa ex Mega Sableye ex,False,,,24,208,True,all_in_one_file,"every Pokemon in the archetype name (Hoopa ex, Mega Sableye ex) is in decks/brews/brew-07-hoopa-darkrai-sableye.txt",34,34,24,ANY (at least one card of the set),,,,34,,,
Hoopa ex Mega Sableye ex,False,,,24,208,True,all_in_one_file,"every Pokemon in the archetype name (Hoopa ex, Mega Sableye ex) is in decks/brews/brew-07-hoopa-darkrai-sableye.txt",34,34,24,ANY switch-1 card (groups 1-3),,,,0,,,
Miraidon ex Magnezone,False,,,25,206,False,none,"no Pokemon in the archetype name (Miraidon ex, Magnezone) appears in any decks/dustin or decks/brews file or B2e archetype",33,33,19,Jasmine,A4 160 / A4 200,trainer_turn_effect,True,0,0,0,
Miraidon ex Magnezone,False,,,25,206,False,none,"no Pokemon in the archetype name (Miraidon ex, Magnezone) appears in any decks/dustin or decks/brews file or B2e archetype",33,33,19,Cheren,B3 151 / B3 192,trainer_turn_effect,True,0,0,0,
Miraidon ex Magnezone,False,,,25,206,False,none,"no Pokemon in the archetype name (Miraidon ex, Magnezone) appears in any decks/dustin or decks/brews file or B2e archetype",33,33,19,Blue,A1a 067 / A1a 081,trainer_turn_effect,True,0,0,0,
Miraidon ex Magnezone,False,,,25,206,False,none,"no Pokemon in the archetype name (Miraidon ex, Magnezone) appears in any decks/dustin or decks/brews file or B2e archetype",33,33,19,Beast Wall,A3a 063,trainer_turn_effect,True,0,0,0,
Miraidon ex Magnezone,False,,,25,206,False,none,"no Pokemon in the archetype name (Miraidon ex, Magnezone) appears in any decks/dustin or decks/brews file or B2e archetype",33,33,19,Adaman,A2a 075 / A2a 090,trainer_turn_effect,True,0,0,0,
Miraidon ex Magnezone,False,,,25,206,False,none,"no Pokemon in the archetype name (Miraidon ex, Magnezone) appears in any decks/dustin or decks/brews file or B2e archetype",33,33,19,Heavy Helmet,B1 219,tool_reduction,True,0,0,0,
Miraidon ex Magnezone,False,,,25,206,False,none,"no Pokemon in the archetype name (Miraidon ex, Magnezone) appears in any decks/dustin or decks/brews file or B2e archetype",33,33,19,Steel Apron,A4 153,tool_reduction,True,0,0,0,
Miraidon ex Magnezone,False,,,25,206,False,none,"no Pokemon in the archetype name (Miraidon ex, Magnezone) appears in any decks/dustin or decks/brews file or B2e archetype",33,33,19,Metal Core Barrier,B2 148 / B2b 117,tool_reduction,True,0,0,0,
Miraidon ex Magnezone,False,,,25,206,False,none,"no Pokemon in the archetype name (Miraidon ex, Magnezone) appears in any decks/dustin or decks/brews file or B2e archetype",33,33,19,Mr. Mime,A1 126,attack_self_reduction,True,0,0,0,
Miraidon ex Magnezone,False,,,25,206,False,none,"no Pokemon in the archetype name (Miraidon ex, Magnezone) appears in any decks/dustin or decks/brews file or B2e archetype",33,33,19,Drifloon,A2 073 / A2 165,attack_self_reduction,True,0,0,0,
Miraidon ex Magnezone,False,,,25,206,False,none,"no Pokemon in the archetype name (Miraidon ex, Magnezone) appears in any decks/dustin or decks/brews file or B2e archetype",33,33,19,Bronzong,A2 117,attack_self_reduction,True,0,0,0,
Miraidon ex Magnezone,False,,,25,206,False,none,"no Pokemon in the archetype name (Miraidon ex, Magnezone) appears in any decks/dustin or decks/brews file or B2e archetype",33,33,19,Probopass ex,A2a 057 / A2a 085 / A2a 094 / A4b 253,attack_self_reduction,True,0,0,0,
Miraidon ex Magnezone,False,,,25,206,False,none,"no Pokemon in the archetype name (Miraidon ex, Magnezone) appears in any decks/dustin or decks/brews file or B2e archetype",33,33,19,Cloyster,A3 043 / B1a 093,attack_self_reduction,True,0,0,0,
Miraidon ex Magnezone,False,,,25,206,False,none,"no Pokemon in the archetype name (Miraidon ex, Magnezone) appears in any decks/dustin or decks/brews file or B2e archetype",33,33,19,Stakataka,A3a 053 / P-A 080,attack_self_reduction,True,0,0,0,
Miraidon ex Magnezone,False,,,25,206,False,none,"no Pokemon in the archetype name (Miraidon ex, Magnezone) appears in any decks/dustin or decks/brews file or B2e archetype",33,33,19,Skarmory ex,A4 124 / A4 194 / A4 209 / A4b 252,attack_self_reduction,True,0,0,0,
Miraidon ex Magnezone,False,,,25,206,False,none,"no Pokemon in the archetype name (Miraidon ex, Magnezone) appears in any decks/dustin or decks/brews file or B2e archetype",33,33,19,Avalugg,B1 075,attack_self_reduction,True,0,0,0,
Miraidon ex Magnezone,False,,,25,206,False,none,"no Pokemon in the archetype name (Miraidon ex, Magnezone) appears in any decks/dustin or decks/brews file or B2e archetype",33,33,19,Swirlix,B1 117,attack_self_reduction,True,0,0,0,
Miraidon ex Magnezone,False,,,25,206,False,none,"no Pokemon in the archetype name (Miraidon ex, Magnezone) appears in any decks/dustin or decks/brews file or B2e archetype",33,33,19,Ferrothorn (A3a 052 Steel Spikes),A3a 052,other,False,0,0,0,
Miraidon ex Magnezone,False,,,25,206,False,none,"no Pokemon in the archetype name (Miraidon ex, Magnezone) appears in any decks/dustin or decks/brews file or B2e archetype",33,33,19,Ferrothorn (B1 167 Guard Press),B1 167,attack_self_reduction,True,0,0,0,
Miraidon ex Magnezone,False,,,25,206,False,none,"no Pokemon in the archetype name (Miraidon ex, Magnezone) appears in any decks/dustin or decks/brews file or B2e archetype",33,33,19,Porygon,B1a 056 / B3 222,attack_self_reduction,True,0,0,0,
Miraidon ex Magnezone,False,,,25,206,False,none,"no Pokemon in the archetype name (Miraidon ex, Magnezone) appears in any decks/dustin or decks/brews file or B2e archetype",33,33,19,Shuckle,B2 003,attack_self_reduction,True,0,0,0,
Miraidon ex Magnezone,False,,,25,206,False,none,"no Pokemon in the archetype name (Miraidon ex, Magnezone) appears in any decks/dustin or decks/brews file or B2e archetype",33,33,19,Wigglytuff,B3b 052,attack_self_reduction,True,0,0,0,
Miraidon ex Magnezone,False,,,25,206,False,none,"no Pokemon in the archetype name (Miraidon ex, Magnezone) appears in any decks/dustin or decks/brews file or B2e archetype",33,33,19,Frigibax,P-B 037,attack_self_reduction,True,0,0,0,
Miraidon ex Magnezone,False,,,25,206,False,none,"no Pokemon in the archetype name (Miraidon ex, Magnezone) appears in any decks/dustin or decks/brews file or B2e archetype",33,33,19,Golem,A1a 045 / B1 309,attack_self_reduction,True,0,0,0,
Miraidon ex Magnezone,False,,,25,206,False,none,"no Pokemon in the archetype name (Miraidon ex, Magnezone) appears in any decks/dustin or decks/brews file or B2e archetype",33,33,19,Pupitar,A4 104,attack_self_reduction,True,0,0,0,
Miraidon ex Magnezone,False,,,25,206,False,none,"no Pokemon in the archetype name (Miraidon ex, Magnezone) appears in any decks/dustin or decks/brews file or B2e archetype",33,33,19,Carbink,B1 119,attack_self_reduction,True,0,0,0,
Miraidon ex Magnezone,False,,,25,206,False,none,"no Pokemon in the archetype name (Miraidon ex, Magnezone) appears in any decks/dustin or decks/brews file or B2e archetype",33,33,19,Registeel,B3 116,attack_self_reduction,True,0,0,0,
Miraidon ex Magnezone,False,,,25,206,False,none,"no Pokemon in the archetype name (Miraidon ex, Magnezone) appears in any decks/dustin or decks/brews file or B2e archetype",33,33,19,Archaludon,B4a 056,attack_self_reduction,True,0,0,0,
Miraidon ex Magnezone,False,,,25,206,False,none,"no Pokemon in the archetype name (Miraidon ex, Magnezone) appears in any decks/dustin or decks/brews file or B2e archetype",33,33,19,Cosmoem,A3 086 / A4b 182 / A4b 183,attack_self_reduction,True,0,0,0,
Miraidon ex Magnezone,False,,,25,206,False,none,"no Pokemon in the archetype name (Miraidon ex, Magnezone) appears in any decks/dustin or decks/brews file or B2e archetype",33,33,19,Corviknight,B1 175 / B1 246,attack_self_reduction,True,0,0,0,
Miraidon ex Magnezone,False,,,25,206,False,none,"no Pokemon in the archetype name (Miraidon ex, Magnezone) appears in any decks/dustin or decks/brews file or B2e archetype",33,33,19,Gouging Fire,B3a 054,attack_self_reduction,True,0,0,0,
Miraidon ex Magnezone,False,,,25,206,False,none,"no Pokemon in the archetype name (Miraidon ex, Magnezone) appears in any decks/dustin or decks/brews file or B2e archetype",33,33,19,Mega Steelix ex,B1a 052 / B1a 080 / B1a 086 / B3 232,attack_self_reduction,True,0,0,0,
Miraidon ex Magnezone,False,,,25,206,False,none,"no Pokemon in the archetype name (Miraidon ex, Magnezone) appears in any decks/dustin or decks/brews file or B2e archetype",33,33,19,Aegislash,B2 120,attack_self_reduction,True,0,0,0,
Miraidon ex Magnezone,False,,,25,206,False,none,"no Pokemon in the archetype name (Miraidon ex, Magnezone) appears in any decks/dustin or decks/brews file or B2e archetype",33,33,19,Cornerstone Mask Ogerpon,B2 093,attack_self_reduction,True,0,0,0,
Miraidon ex Magnezone,False,,,25,206,False,none,"no Pokemon in the archetype name (Miraidon ex, Magnezone) appears in any decks/dustin or decks/brews file or B2e archetype",33,33,19,Protective Poncho,B2 147 / B2 234,other,False,0,0,0,
Miraidon ex Magnezone,False,,,25,206,False,none,"no Pokemon in the archetype name (Miraidon ex, Magnezone) appears in any decks/dustin or decks/brews file or B2e archetype",33,33,19,Rocky Helmet,A2 148 / A4b 322 / A4b 323,other,False,0,0,0,
Miraidon ex Magnezone,False,,,25,206,False,none,"no Pokemon in the archetype name (Miraidon ex, Magnezone) appears in any decks/dustin or decks/brews file or B2e archetype",33,33,19,Turtonator,B1 047,other,False,0,0,0,
Miraidon ex Magnezone,False,,,25,206,False,none,"no Pokemon in the archetype name (Miraidon ex, Magnezone) appears in any decks/dustin or decks/brews file or B2e archetype",33,33,19,Togedemaru,A3b 048 / P-A 090,other,False,0,0,0,
Miraidon ex Magnezone,False,,,25,206,False,none,"no Pokemon in the archetype name (Miraidon ex, Magnezone) appears in any decks/dustin or decks/brews file or B2e archetype",33,33,19,Alolan Sandslash,A3 039,other,False,0,0,0,
Miraidon ex Magnezone,False,,,25,206,False,none,"no Pokemon in the archetype name (Miraidon ex, Magnezone) appears in any decks/dustin or decks/brews file or B2e archetype",33,33,19,Mega Sableye ex,B3b 041 / B3b 081 / B3b 088,other,False,0,0,0,
Miraidon ex Magnezone,False,,,25,206,False,none,"no Pokemon in the archetype name (Miraidon ex, Magnezone) appears in any decks/dustin or decks/brews file or B2e archetype",33,33,19,Chesnaught,B2 010,other,False,0,0,0,
Miraidon ex Magnezone,False,,,25,206,False,none,"no Pokemon in the archetype name (Miraidon ex, Magnezone) appears in any decks/dustin or decks/brews file or B2e archetype",33,33,19,Poliwrath,A1 061 / B1 297,other,False,0,0,0,
Miraidon ex Magnezone,False,,,25,206,False,none,"no Pokemon in the archetype name (Miraidon ex, Magnezone) appears in any decks/dustin or decks/brews file or B2e archetype",33,33,19,Druddigon,A1a 056,other,False,0,0,0,
Miraidon ex Magnezone,False,,,25,206,False,none,"no Pokemon in the archetype name (Miraidon ex, Magnezone) appears in any decks/dustin or decks/brews file or B2e archetype",33,33,19,Pawmot,A2b 028 / P-A 054,other,False,0,0,0,
Miraidon ex Magnezone,False,,,25,206,False,none,"no Pokemon in the archetype name (Miraidon ex, Magnezone) appears in any decks/dustin or decks/brews file or B2e archetype",33,33,19,Zangoose,A4a 065,other,False,0,0,0,
Miraidon ex Magnezone,False,,,25,206,False,none,"no Pokemon in the archetype name (Miraidon ex, Magnezone) appears in any decks/dustin or decks/brews file or B2e archetype",33,33,19,Iron Jugulis,B3a 046,other,False,0,0,0,
Miraidon ex Magnezone,False,,,25,206,False,none,"no Pokemon in the archetype name (Miraidon ex, Magnezone) appears in any decks/dustin or decks/brews file or B2e archetype",33,33,19,ANY (at least one card of the set),,,,0,,,
Miraidon ex Magnezone,False,,,25,206,False,none,"no Pokemon in the archetype name (Miraidon ex, Magnezone) appears in any decks/dustin or decks/brews file or B2e archetype",33,33,19,ANY switch-1 card (groups 1-3),,,,0,,,
Hoopa ex Greninja,False,,,30,160,True,shares_pokemon,conservative: shares a Pokemon with a Dustin file or a B2e archetype: Hoopa ex in decks/dustin/04-absol-hoopa-darkrai.txt (named in the file name); Hoopa ex in decks/brews/brew-07-hoopa-darkrai-sableye.txt (named in the file name); Hoopa ex is in the B2e archetype Hoopa ex Mega Absol ex,31,31,22,Jasmine,A4 160 / A4 200,trainer_turn_effect,True,0,0,0,
Hoopa ex Greninja,False,,,30,160,True,shares_pokemon,conservative: shares a Pokemon with a Dustin file or a B2e archetype: Hoopa ex in decks/dustin/04-absol-hoopa-darkrai.txt (named in the file name); Hoopa ex in decks/brews/brew-07-hoopa-darkrai-sableye.txt (named in the file name); Hoopa ex is in the B2e archetype Hoopa ex Mega Absol ex,31,31,22,Cheren,B3 151 / B3 192,trainer_turn_effect,True,0,0,0,
Hoopa ex Greninja,False,,,30,160,True,shares_pokemon,conservative: shares a Pokemon with a Dustin file or a B2e archetype: Hoopa ex in decks/dustin/04-absol-hoopa-darkrai.txt (named in the file name); Hoopa ex in decks/brews/brew-07-hoopa-darkrai-sableye.txt (named in the file name); Hoopa ex is in the B2e archetype Hoopa ex Mega Absol ex,31,31,22,Blue,A1a 067 / A1a 081,trainer_turn_effect,True,0,0,0,
Hoopa ex Greninja,False,,,30,160,True,shares_pokemon,conservative: shares a Pokemon with a Dustin file or a B2e archetype: Hoopa ex in decks/dustin/04-absol-hoopa-darkrai.txt (named in the file name); Hoopa ex in decks/brews/brew-07-hoopa-darkrai-sableye.txt (named in the file name); Hoopa ex is in the B2e archetype Hoopa ex Mega Absol ex,31,31,22,Beast Wall,A3a 063,trainer_turn_effect,True,0,0,0,
Hoopa ex Greninja,False,,,30,160,True,shares_pokemon,conservative: shares a Pokemon with a Dustin file or a B2e archetype: Hoopa ex in decks/dustin/04-absol-hoopa-darkrai.txt (named in the file name); Hoopa ex in decks/brews/brew-07-hoopa-darkrai-sableye.txt (named in the file name); Hoopa ex is in the B2e archetype Hoopa ex Mega Absol ex,31,31,22,Adaman,A2a 075 / A2a 090,trainer_turn_effect,True,0,0,0,
Hoopa ex Greninja,False,,,30,160,True,shares_pokemon,conservative: shares a Pokemon with a Dustin file or a B2e archetype: Hoopa ex in decks/dustin/04-absol-hoopa-darkrai.txt (named in the file name); Hoopa ex in decks/brews/brew-07-hoopa-darkrai-sableye.txt (named in the file name); Hoopa ex is in the B2e archetype Hoopa ex Mega Absol ex,31,31,22,Heavy Helmet,B1 219,tool_reduction,True,0,0,0,
Hoopa ex Greninja,False,,,30,160,True,shares_pokemon,conservative: shares a Pokemon with a Dustin file or a B2e archetype: Hoopa ex in decks/dustin/04-absol-hoopa-darkrai.txt (named in the file name); Hoopa ex in decks/brews/brew-07-hoopa-darkrai-sableye.txt (named in the file name); Hoopa ex is in the B2e archetype Hoopa ex Mega Absol ex,31,31,22,Steel Apron,A4 153,tool_reduction,True,0,0,0,
Hoopa ex Greninja,False,,,30,160,True,shares_pokemon,conservative: shares a Pokemon with a Dustin file or a B2e archetype: Hoopa ex in decks/dustin/04-absol-hoopa-darkrai.txt (named in the file name); Hoopa ex in decks/brews/brew-07-hoopa-darkrai-sableye.txt (named in the file name); Hoopa ex is in the B2e archetype Hoopa ex Mega Absol ex,31,31,22,Metal Core Barrier,B2 148 / B2b 117,tool_reduction,True,0,0,0,
Hoopa ex Greninja,False,,,30,160,True,shares_pokemon,conservative: shares a Pokemon with a Dustin file or a B2e archetype: Hoopa ex in decks/dustin/04-absol-hoopa-darkrai.txt (named in the file name); Hoopa ex in decks/brews/brew-07-hoopa-darkrai-sableye.txt (named in the file name); Hoopa ex is in the B2e archetype Hoopa ex Mega Absol ex,31,31,22,Mr. Mime,A1 126,attack_self_reduction,True,0,0,0,
Hoopa ex Greninja,False,,,30,160,True,shares_pokemon,conservative: shares a Pokemon with a Dustin file or a B2e archetype: Hoopa ex in decks/dustin/04-absol-hoopa-darkrai.txt (named in the file name); Hoopa ex in decks/brews/brew-07-hoopa-darkrai-sableye.txt (named in the file name); Hoopa ex is in the B2e archetype Hoopa ex Mega Absol ex,31,31,22,Drifloon,A2 073 / A2 165,attack_self_reduction,True,0,0,0,
Hoopa ex Greninja,False,,,30,160,True,shares_pokemon,conservative: shares a Pokemon with a Dustin file or a B2e archetype: Hoopa ex in decks/dustin/04-absol-hoopa-darkrai.txt (named in the file name); Hoopa ex in decks/brews/brew-07-hoopa-darkrai-sableye.txt (named in the file name); Hoopa ex is in the B2e archetype Hoopa ex Mega Absol ex,31,31,22,Bronzong,A2 117,attack_self_reduction,True,0,0,0,
Hoopa ex Greninja,False,,,30,160,True,shares_pokemon,conservative: shares a Pokemon with a Dustin file or a B2e archetype: Hoopa ex in decks/dustin/04-absol-hoopa-darkrai.txt (named in the file name); Hoopa ex in decks/brews/brew-07-hoopa-darkrai-sableye.txt (named in the file name); Hoopa ex is in the B2e archetype Hoopa ex Mega Absol ex,31,31,22,Probopass ex,A2a 057 / A2a 085 / A2a 094 / A4b 253,attack_self_reduction,True,0,0,0,
Hoopa ex Greninja,False,,,30,160,True,shares_pokemon,conservative: shares a Pokemon with a Dustin file or a B2e archetype: Hoopa ex in decks/dustin/04-absol-hoopa-darkrai.txt (named in the file name); Hoopa ex in decks/brews/brew-07-hoopa-darkrai-sableye.txt (named in the file name); Hoopa ex is in the B2e archetype Hoopa ex Mega Absol ex,31,31,22,Cloyster,A3 043 / B1a 093,attack_self_reduction,True,0,0,0,
Hoopa ex Greninja,False,,,30,160,True,shares_pokemon,conservative: shares a Pokemon with a Dustin file or a B2e archetype: Hoopa ex in decks/dustin/04-absol-hoopa-darkrai.txt (named in the file name); Hoopa ex in decks/brews/brew-07-hoopa-darkrai-sableye.txt (named in the file name); Hoopa ex is in the B2e archetype Hoopa ex Mega Absol ex,31,31,22,Stakataka,A3a 053 / P-A 080,attack_self_reduction,True,0,0,0,
Hoopa ex Greninja,False,,,30,160,True,shares_pokemon,conservative: shares a Pokemon with a Dustin file or a B2e archetype: Hoopa ex in decks/dustin/04-absol-hoopa-darkrai.txt (named in the file name); Hoopa ex in decks/brews/brew-07-hoopa-darkrai-sableye.txt (named in the file name); Hoopa ex is in the B2e archetype Hoopa ex Mega Absol ex,31,31,22,Skarmory ex,A4 124 / A4 194 / A4 209 / A4b 252,attack_self_reduction,True,0,0,0,
Hoopa ex Greninja,False,,,30,160,True,shares_pokemon,conservative: shares a Pokemon with a Dustin file or a B2e archetype: Hoopa ex in decks/dustin/04-absol-hoopa-darkrai.txt (named in the file name); Hoopa ex in decks/brews/brew-07-hoopa-darkrai-sableye.txt (named in the file name); Hoopa ex is in the B2e archetype Hoopa ex Mega Absol ex,31,31,22,Avalugg,B1 075,attack_self_reduction,True,0,0,0,
Hoopa ex Greninja,False,,,30,160,True,shares_pokemon,conservative: shares a Pokemon with a Dustin file or a B2e archetype: Hoopa ex in decks/dustin/04-absol-hoopa-darkrai.txt (named in the file name); Hoopa ex in decks/brews/brew-07-hoopa-darkrai-sableye.txt (named in the file name); Hoopa ex is in the B2e archetype Hoopa ex Mega Absol ex,31,31,22,Swirlix,B1 117,attack_self_reduction,True,0,0,0,
Hoopa ex Greninja,False,,,30,160,True,shares_pokemon,conservative: shares a Pokemon with a Dustin file or a B2e archetype: Hoopa ex in decks/dustin/04-absol-hoopa-darkrai.txt (named in the file name); Hoopa ex in decks/brews/brew-07-hoopa-darkrai-sableye.txt (named in the file name); Hoopa ex is in the B2e archetype Hoopa ex Mega Absol ex,31,31,22,Ferrothorn (A3a 052 Steel Spikes),A3a 052,other,False,0,0,0,
Hoopa ex Greninja,False,,,30,160,True,shares_pokemon,conservative: shares a Pokemon with a Dustin file or a B2e archetype: Hoopa ex in decks/dustin/04-absol-hoopa-darkrai.txt (named in the file name); Hoopa ex in decks/brews/brew-07-hoopa-darkrai-sableye.txt (named in the file name); Hoopa ex is in the B2e archetype Hoopa ex Mega Absol ex,31,31,22,Ferrothorn (B1 167 Guard Press),B1 167,attack_self_reduction,True,0,0,0,
Hoopa ex Greninja,False,,,30,160,True,shares_pokemon,conservative: shares a Pokemon with a Dustin file or a B2e archetype: Hoopa ex in decks/dustin/04-absol-hoopa-darkrai.txt (named in the file name); Hoopa ex in decks/brews/brew-07-hoopa-darkrai-sableye.txt (named in the file name); Hoopa ex is in the B2e archetype Hoopa ex Mega Absol ex,31,31,22,Porygon,B1a 056 / B3 222,attack_self_reduction,True,0,0,0,
Hoopa ex Greninja,False,,,30,160,True,shares_pokemon,conservative: shares a Pokemon with a Dustin file or a B2e archetype: Hoopa ex in decks/dustin/04-absol-hoopa-darkrai.txt (named in the file name); Hoopa ex in decks/brews/brew-07-hoopa-darkrai-sableye.txt (named in the file name); Hoopa ex is in the B2e archetype Hoopa ex Mega Absol ex,31,31,22,Shuckle,B2 003,attack_self_reduction,True,0,0,0,
Hoopa ex Greninja,False,,,30,160,True,shares_pokemon,conservative: shares a Pokemon with a Dustin file or a B2e archetype: Hoopa ex in decks/dustin/04-absol-hoopa-darkrai.txt (named in the file name); Hoopa ex in decks/brews/brew-07-hoopa-darkrai-sableye.txt (named in the file name); Hoopa ex is in the B2e archetype Hoopa ex Mega Absol ex,31,31,22,Wigglytuff,B3b 052,attack_self_reduction,True,0,0,0,
Hoopa ex Greninja,False,,,30,160,True,shares_pokemon,conservative: shares a Pokemon with a Dustin file or a B2e archetype: Hoopa ex in decks/dustin/04-absol-hoopa-darkrai.txt (named in the file name); Hoopa ex in decks/brews/brew-07-hoopa-darkrai-sableye.txt (named in the file name); Hoopa ex is in the B2e archetype Hoopa ex Mega Absol ex,31,31,22,Frigibax,P-B 037,attack_self_reduction,True,0,0,0,
Hoopa ex Greninja,False,,,30,160,True,shares_pokemon,conservative: shares a Pokemon with a Dustin file or a B2e archetype: Hoopa ex in decks/dustin/04-absol-hoopa-darkrai.txt (named in the file name); Hoopa ex in decks/brews/brew-07-hoopa-darkrai-sableye.txt (named in the file name); Hoopa ex is in the B2e archetype Hoopa ex Mega Absol ex,31,31,22,Golem,A1a 045 / B1 309,attack_self_reduction,True,0,0,0,
Hoopa ex Greninja,False,,,30,160,True,shares_pokemon,conservative: shares a Pokemon with a Dustin file or a B2e archetype: Hoopa ex in decks/dustin/04-absol-hoopa-darkrai.txt (named in the file name); Hoopa ex in decks/brews/brew-07-hoopa-darkrai-sableye.txt (named in the file name); Hoopa ex is in the B2e archetype Hoopa ex Mega Absol ex,31,31,22,Pupitar,A4 104,attack_self_reduction,True,0,0,0,
Hoopa ex Greninja,False,,,30,160,True,shares_pokemon,conservative: shares a Pokemon with a Dustin file or a B2e archetype: Hoopa ex in decks/dustin/04-absol-hoopa-darkrai.txt (named in the file name); Hoopa ex in decks/brews/brew-07-hoopa-darkrai-sableye.txt (named in the file name); Hoopa ex is in the B2e archetype Hoopa ex Mega Absol ex,31,31,22,Carbink,B1 119,attack_self_reduction,True,0,0,0,
Hoopa ex Greninja,False,,,30,160,True,shares_pokemon,conservative: shares a Pokemon with a Dustin file or a B2e archetype: Hoopa ex in decks/dustin/04-absol-hoopa-darkrai.txt (named in the file name); Hoopa ex in decks/brews/brew-07-hoopa-darkrai-sableye.txt (named in the file name); Hoopa ex is in the B2e archetype Hoopa ex Mega Absol ex,31,31,22,Registeel,B3 116,attack_self_reduction,True,0,0,0,
Hoopa ex Greninja,False,,,30,160,True,shares_pokemon,conservative: shares a Pokemon with a Dustin file or a B2e archetype: Hoopa ex in decks/dustin/04-absol-hoopa-darkrai.txt (named in the file name); Hoopa ex in decks/brews/brew-07-hoopa-darkrai-sableye.txt (named in the file name); Hoopa ex is in the B2e archetype Hoopa ex Mega Absol ex,31,31,22,Archaludon,B4a 056,attack_self_reduction,True,0,0,0,
Hoopa ex Greninja,False,,,30,160,True,shares_pokemon,conservative: shares a Pokemon with a Dustin file or a B2e archetype: Hoopa ex in decks/dustin/04-absol-hoopa-darkrai.txt (named in the file name); Hoopa ex in decks/brews/brew-07-hoopa-darkrai-sableye.txt (named in the file name); Hoopa ex is in the B2e archetype Hoopa ex Mega Absol ex,31,31,22,Cosmoem,A3 086 / A4b 182 / A4b 183,attack_self_reduction,True,0,0,0,
Hoopa ex Greninja,False,,,30,160,True,shares_pokemon,conservative: shares a Pokemon with a Dustin file or a B2e archetype: Hoopa ex in decks/dustin/04-absol-hoopa-darkrai.txt (named in the file name); Hoopa ex in decks/brews/brew-07-hoopa-darkrai-sableye.txt (named in the file name); Hoopa ex is in the B2e archetype Hoopa ex Mega Absol ex,31,31,22,Corviknight,B1 175 / B1 246,attack_self_reduction,True,0,0,0,
Hoopa ex Greninja,False,,,30,160,True,shares_pokemon,conservative: shares a Pokemon with a Dustin file or a B2e archetype: Hoopa ex in decks/dustin/04-absol-hoopa-darkrai.txt (named in the file name); Hoopa ex in decks/brews/brew-07-hoopa-darkrai-sableye.txt (named in the file name); Hoopa ex is in the B2e archetype Hoopa ex Mega Absol ex,31,31,22,Gouging Fire,B3a 054,attack_self_reduction,True,0,0,0,
Hoopa ex Greninja,False,,,30,160,True,shares_pokemon,conservative: shares a Pokemon with a Dustin file or a B2e archetype: Hoopa ex in decks/dustin/04-absol-hoopa-darkrai.txt (named in the file name); Hoopa ex in decks/brews/brew-07-hoopa-darkrai-sableye.txt (named in the file name); Hoopa ex is in the B2e archetype Hoopa ex Mega Absol ex,31,31,22,Mega Steelix ex,B1a 052 / B1a 080 / B1a 086 / B3 232,attack_self_reduction,True,0,0,0,
Hoopa ex Greninja,False,,,30,160,True,shares_pokemon,conservative: shares a Pokemon with a Dustin file or a B2e archetype: Hoopa ex in decks/dustin/04-absol-hoopa-darkrai.txt (named in the file name); Hoopa ex in decks/brews/brew-07-hoopa-darkrai-sableye.txt (named in the file name); Hoopa ex is in the B2e archetype Hoopa ex Mega Absol ex,31,31,22,Aegislash,B2 120,attack_self_reduction,True,0,0,0,
Hoopa ex Greninja,False,,,30,160,True,shares_pokemon,conservative: shares a Pokemon with a Dustin file or a B2e archetype: Hoopa ex in decks/dustin/04-absol-hoopa-darkrai.txt (named in the file name); Hoopa ex in decks/brews/brew-07-hoopa-darkrai-sableye.txt (named in the file name); Hoopa ex is in the B2e archetype Hoopa ex Mega Absol ex,31,31,22,Cornerstone Mask Ogerpon,B2 093,attack_self_reduction,True,0,0,0,
Hoopa ex Greninja,False,,,30,160,True,shares_pokemon,conservative: shares a Pokemon with a Dustin file or a B2e archetype: Hoopa ex in decks/dustin/04-absol-hoopa-darkrai.txt (named in the file name); Hoopa ex in decks/brews/brew-07-hoopa-darkrai-sableye.txt (named in the file name); Hoopa ex is in the B2e archetype Hoopa ex Mega Absol ex,31,31,22,Protective Poncho,B2 147 / B2 234,other,False,0,0,0,
Hoopa ex Greninja,False,,,30,160,True,shares_pokemon,conservative: shares a Pokemon with a Dustin file or a B2e archetype: Hoopa ex in decks/dustin/04-absol-hoopa-darkrai.txt (named in the file name); Hoopa ex in decks/brews/brew-07-hoopa-darkrai-sableye.txt (named in the file name); Hoopa ex is in the B2e archetype Hoopa ex Mega Absol ex,31,31,22,Rocky Helmet,A2 148 / A4b 322 / A4b 323,other,False,0,0,0,
Hoopa ex Greninja,False,,,30,160,True,shares_pokemon,conservative: shares a Pokemon with a Dustin file or a B2e archetype: Hoopa ex in decks/dustin/04-absol-hoopa-darkrai.txt (named in the file name); Hoopa ex in decks/brews/brew-07-hoopa-darkrai-sableye.txt (named in the file name); Hoopa ex is in the B2e archetype Hoopa ex Mega Absol ex,31,31,22,Turtonator,B1 047,other,False,0,0,0,
Hoopa ex Greninja,False,,,30,160,True,shares_pokemon,conservative: shares a Pokemon with a Dustin file or a B2e archetype: Hoopa ex in decks/dustin/04-absol-hoopa-darkrai.txt (named in the file name); Hoopa ex in decks/brews/brew-07-hoopa-darkrai-sableye.txt (named in the file name); Hoopa ex is in the B2e archetype Hoopa ex Mega Absol ex,31,31,22,Togedemaru,A3b 048 / P-A 090,other,False,0,0,0,
Hoopa ex Greninja,False,,,30,160,True,shares_pokemon,conservative: shares a Pokemon with a Dustin file or a B2e archetype: Hoopa ex in decks/dustin/04-absol-hoopa-darkrai.txt (named in the file name); Hoopa ex in decks/brews/brew-07-hoopa-darkrai-sableye.txt (named in the file name); Hoopa ex is in the B2e archetype Hoopa ex Mega Absol ex,31,31,22,Alolan Sandslash,A3 039,other,False,0,0,0,
Hoopa ex Greninja,False,,,30,160,True,shares_pokemon,conservative: shares a Pokemon with a Dustin file or a B2e archetype: Hoopa ex in decks/dustin/04-absol-hoopa-darkrai.txt (named in the file name); Hoopa ex in decks/brews/brew-07-hoopa-darkrai-sableye.txt (named in the file name); Hoopa ex is in the B2e archetype Hoopa ex Mega Absol ex,31,31,22,Mega Sableye ex,B3b 041 / B3b 081 / B3b 088,other,False,6,6,0,
Hoopa ex Greninja,False,,,30,160,True,shares_pokemon,conservative: shares a Pokemon with a Dustin file or a B2e archetype: Hoopa ex in decks/dustin/04-absol-hoopa-darkrai.txt (named in the file name); Hoopa ex in decks/brews/brew-07-hoopa-darkrai-sableye.txt (named in the file name); Hoopa ex is in the B2e archetype Hoopa ex Mega Absol ex,31,31,22,Chesnaught,B2 010,other,False,0,0,0,
Hoopa ex Greninja,False,,,30,160,True,shares_pokemon,conservative: shares a Pokemon with a Dustin file or a B2e archetype: Hoopa ex in decks/dustin/04-absol-hoopa-darkrai.txt (named in the file name); Hoopa ex in decks/brews/brew-07-hoopa-darkrai-sableye.txt (named in the file name); Hoopa ex is in the B2e archetype Hoopa ex Mega Absol ex,31,31,22,Poliwrath,A1 061 / B1 297,other,False,0,0,0,
Hoopa ex Greninja,False,,,30,160,True,shares_pokemon,conservative: shares a Pokemon with a Dustin file or a B2e archetype: Hoopa ex in decks/dustin/04-absol-hoopa-darkrai.txt (named in the file name); Hoopa ex in decks/brews/brew-07-hoopa-darkrai-sableye.txt (named in the file name); Hoopa ex is in the B2e archetype Hoopa ex Mega Absol ex,31,31,22,Druddigon,A1a 056,other,False,0,0,0,
Hoopa ex Greninja,False,,,30,160,True,shares_pokemon,conservative: shares a Pokemon with a Dustin file or a B2e archetype: Hoopa ex in decks/dustin/04-absol-hoopa-darkrai.txt (named in the file name); Hoopa ex in decks/brews/brew-07-hoopa-darkrai-sableye.txt (named in the file name); Hoopa ex is in the B2e archetype Hoopa ex Mega Absol ex,31,31,22,Pawmot,A2b 028 / P-A 054,other,False,0,0,0,
Hoopa ex Greninja,False,,,30,160,True,shares_pokemon,conservative: shares a Pokemon with a Dustin file or a B2e archetype: Hoopa ex in decks/dustin/04-absol-hoopa-darkrai.txt (named in the file name); Hoopa ex in decks/brews/brew-07-hoopa-darkrai-sableye.txt (named in the file name); Hoopa ex is in the B2e archetype Hoopa ex Mega Absol ex,31,31,22,Zangoose,A4a 065,other,False,0,0,0,
Hoopa ex Greninja,False,,,30,160,True,shares_pokemon,conservative: shares a Pokemon with a Dustin file or a B2e archetype: Hoopa ex in decks/dustin/04-absol-hoopa-darkrai.txt (named in the file name); Hoopa ex in decks/brews/brew-07-hoopa-darkrai-sableye.txt (named in the file name); Hoopa ex is in the B2e archetype Hoopa ex Mega Absol ex,31,31,22,Iron Jugulis,B3a 046,other,False,0,0,0,
Hoopa ex Greninja,False,,,30,160,True,shares_pokemon,conservative: shares a Pokemon with a Dustin file or a B2e archetype: Hoopa ex in decks/dustin/04-absol-hoopa-darkrai.txt (named in the file name); Hoopa ex in decks/brews/brew-07-hoopa-darkrai-sableye.txt (named in the file name); Hoopa ex is in the B2e archetype Hoopa ex Mega Absol ex,31,31,22,ANY (at least one card of the set),,,,6,,,
Hoopa ex Greninja,False,,,30,160,True,shares_pokemon,conservative: shares a Pokemon with a Dustin file or a B2e archetype: Hoopa ex in decks/dustin/04-absol-hoopa-darkrai.txt (named in the file name); Hoopa ex in decks/brews/brew-07-hoopa-darkrai-sableye.txt (named in the file name); Hoopa ex is in the B2e archetype Hoopa ex Mega Absol ex,31,31,22,ANY switch-1 card (groups 1-3),,,,0,,,
