archetype,rank_sept10,rank_window,dustin,player,display_name,event_id,event_name,event_size,date,placing,drop,record,deck_id,cards_carried,url
Mega Lucario ex Lucario,1,1,False,pikamon,Pikamon,6aa22425a4272c53be64ca36,The Breakfast Club Daily #5-$5 + FA,112,2026-09-10,1,,10-2-0,mega-lucario-ex-b3-lucario-a2,Protective Poncho x1,https://play.limitlesstcg.com/tournament/6aa22425a4272c53be64ca36/player/pikamon/decklist
Mega Lucario ex Lucario,1,1,False,frozen,𝐄𝐥𝐢𝐭𝐞𝟒 Frozen,6a96b86babb948223750549c,Dark League Pop Up,46,2026-09-01,1,,8-2-1,mega-lucario-ex-b3-lucario-a2,Protective Poncho x1,https://play.limitlesstcg.com/tournament/6a96b86babb948223750549c/player/frozen/decklist
Mega Lucario ex Lucario,1,1,False,drakioxp,Drakioxp,6a9c4f47a4272c53be647ff7,notChaser CUP#2 Equipe Rocket!,8,2026-09-05,1,,6-2-0,mega-lucario-ex-b3-lucario-a2,Protective Poncho x1,https://play.limitlesstcg.com/tournament/6a9c4f47a4272c53be647ff7/player/drakioxp/decklist
Mega Lucario ex Lucario,1,1,False,aldous,Aldous,6a96069dabb9482237504f7f,Plasma Daily #22| Team Rocket's Ambitions| FA Card,113,2026-09-01,2,,8-2-1,mega-lucario-ex-b3-lucario-a2,Protective Poncho x1,https://play.limitlesstcg.com/tournament/6a96069dabb9482237504f7f/player/aldous/decklist
Mega Lucario ex Lucario,1,1,False,lazimus,Lazimus,6a947113629039f77d8a5c46,Dark League Pop Up,57,2026-08-30,2,,10-1-0,mega-lucario-ex-b3-lucario-a2,Protective Poncho x1,https://play.limitlesstcg.com/tournament/6a947113629039f77d8a5c46/player/lazimus/decklist
Mega Lucario ex Lucario,1,1,False,thomasxavier21,ThomasXavier21,6a98b6dfab080c8c957f8554,Block Dragon Pop Up (RR Vespiquen),48,2026-09-03,2,,9-1-0,mega-lucario-ex-b3-lucario-a2,Protective Poncho x1,https://play.limitlesstcg.com/tournament/6a98b6dfab080c8c957f8554/player/thomasxavier21/decklist
Mega Lucario ex Lucario,1,1,False,dietdrkelp,𝗠𝗢𝗡⭐| Suede,6aa6942138886b36383be9a3,DR KELP’S CHUM BUCKET POP UP - FA COPYCAT,38,2026-09-13,2,,7-2-0,mega-lucario-ex-b3-lucario-a2,Protective Poncho x1,https://play.limitlesstcg.com/tournament/6aa6942138886b36383be9a3/player/dietdrkelp/decklist
Mega Lucario ex Lucario,1,1,False,jachuuuu,jachuuuu,6a9836ffa4272c53be644df4,Trinity Tournament 2,23,2026-09-05,2,,4-1-0,mega-lucario-ex-b3-lucario-a2,Protective Poncho x1,https://play.limitlesstcg.com/tournament/6a9836ffa4272c53be644df4/player/jachuuuu/decklist
Mega Lucario ex Lucario,1,1,False,sinorci200,𝗙𝗚𝗥 || Sinorci200,6a9fe0c7ab080c8c957fdde4,Meteor Cup #3 | Autumn Season 26,6,2026-09-11,2,,2-2-0,mega-lucario-ex-b3-lucario-a2,Protective Poncho x1,https://play.limitlesstcg.com/tournament/6a9fe0c7ab080c8c957fdde4/player/sinorci200/decklist
Mega Lucario ex Lucario,1,1,False,esteban0708,Esteban0708,6a8c5eb881741245b151d7e3,PMPT #44 - TEAM ROCKETS AMBITION!!! | $100 USD,378,2026-08-29,3,,11-2-0,mega-lucario-ex-b3-lucario-a2,Protective Poncho x1,https://play.limitlesstcg.com/tournament/6a8c5eb881741245b151d7e3/player/esteban0708/decklist
Mega Lucario ex Lucario,1,1,False,dietdrkelp,𝗠𝗢𝗡⭐| Suede,6a99bbffa4272c53be645f44,Block Dragon Pop Up (RR Team Rockets Raticate),60,2026-09-03,3,,6-3-0,mega-lucario-ex-b3-lucario-a2,Protective Poncho x1,https://play.limitlesstcg.com/tournament/6a99bbffa4272c53be645f44/player/dietdrkelp/decklist
Mega Lucario ex Lucario,1,1,False,monkeydonkey,MonkeyDonkey,6aa7cd2ff1243e65f9800e0f,TBC KELP CLASSIC 10th ANNIVERSARY- $10 + FA CYRUS,78,2026-09-15,4,,8-2-1,mega-lucario-ex-b3-lucario-a2,Protective Poncho x1,https://play.limitlesstcg.com/tournament/6aa7cd2ff1243e65f9800e0f/player/monkeydonkey/decklist
Mega Lucario ex Lucario,1,1,False,sparadrap,Sparadrap,6a8f27e57a62de813013fb20,The Breakfast Club Pop Up-$5+FA,69,2026-08-26,4,,6-3-0,mega-lucario-ex-b3-lucario-a2,Protective Poncho x1,https://play.limitlesstcg.com/tournament/6a8f27e57a62de813013fb20/player/sparadrap/decklist
Mega Lucario ex Lucario,1,1,False,dietdrkelp,𝗠𝗢𝗡⭐| Suede,6a9d55b3ab080c8c957fbaa6,OTS Pokemon TCG Pocket Arena Pop Up | $5 USD,65,2026-09-06,5,,5-1-2,mega-lucario-ex-b3-lucario-a2,Protective Poncho x1,https://play.limitlesstcg.com/tournament/6a9d55b3ab080c8c957fbaa6/player/dietdrkelp/decklist
Mega Lucario ex Lucario,1,1,False,sachatouille,Sachatouille,6aabc067f1243e65f98035ec,The TCGP Arena #6! Prizing: 🌟🌟 Cards,53,2026-09-21,5,,6-2-0,mega-lucario-ex-b3-lucario-a2,Protective Poncho x1,https://play.limitlesstcg.com/tournament/6aabc067f1243e65f98035ec/player/sachatouille/decklist
Mega Lucario ex Lucario,1,1,False,dietdrkelp,𝗠𝗢𝗡⭐| Suede,6aa13feaa4272c53be64b94a,DR KELP’S CHUM BUCKET POP UP,49,2026-09-09,5,,5-1-1,mega-lucario-ex-b3-lucario-a2,Protective Poncho x1,https://play.limitlesstcg.com/tournament/6aa13feaa4272c53be64b94a/player/dietdrkelp/decklist
Mega Lucario ex Lucario,1,1,False,mamish,Mamish,6a9836ffa4272c53be644df4,Trinity Tournament 2,23,2026-09-05,5,,2-1-0,mega-lucario-ex-b3-lucario-a2,Protective Poncho x1,https://play.limitlesstcg.com/tournament/6a9836ffa4272c53be644df4/player/mamish/decklist
Mega Lucario ex Lucario,1,1,False,manux,Manux,6a8c5eb881741245b151d7e3,PMPT #44 - TEAM ROCKETS AMBITION!!! | $100 USD,378,2026-08-29,6,,9-3-0,mega-lucario-ex-b3-lucario-a2,Rocky Helmet x1,https://play.limitlesstcg.com/tournament/6a8c5eb881741245b151d7e3/player/manux/decklist
Mega Lucario ex Lucario,1,1,False,khaiky,Khaiky Rodrigues,6a88ce398302ae761e5f8954,🇧🇷 Hit Pocket #3 | TCG Pocket,24,2026-08-29,6,,4-2-0,mega-lucario-ex-b3-lucario-a2,Protective Poncho x1,https://play.limitlesstcg.com/tournament/6a88ce398302ae761e5f8954/player/khaiky/decklist
Mega Lucario ex Lucario,1,1,False,abnermoyai,𝗜𝗠𝗢 | Theodoro Melo,6a9ed1b3ab080c8c957fcda5,🇧🇷 Hit Sparrow #11 | TCG Pocket,22,2026-09-09,6,,3-3-0,mega-lucario-ex-b3-lucario-a2,Protective Poncho x1,https://play.limitlesstcg.com/tournament/6a9ed1b3ab080c8c957fcda5/player/abnermoyai/decklist
Mega Lucario ex Lucario,1,1,False,semitse,Semitse,6a827b0778baaa6d1c221f3f,Meteor Cup #1 | Autumn Season 26,8,2026-08-28,7,,0-3-1,mega-lucario-ex-b3-lucario-a2,Protective Poncho x1,https://play.limitlesstcg.com/tournament/6a827b0778baaa6d1c221f3f/player/semitse/decklist
Mega Lucario ex Lucario,1,1,False,atemus95gr,Atemus95Gr,6a901ac60580a332c8420eaa,‼️$20 BEC'S 📛NEW SET PARTY - FA PRIZES🔻,133,2026-08-28,8,,7-3-0,mega-lucario-ex-b3-lucario-a2,Protective Poncho x1; Rocky Helmet x1,https://play.limitlesstcg.com/tournament/6a901ac60580a332c8420eaa/player/atemus95gr/decklist
Mega Lucario ex Lucario,1,1,False,guunnz,𝗠𝗢𝗡⭐️ | guunnz,6aa2a732a4272c53be64cdf1,DR KELP’S CHUM BUCKET POP UP,37,2026-09-10,8,,4-3-0,mega-lucario-ex-b3-lucario-a2,Protective Poncho x1,https://play.limitlesstcg.com/tournament/6aa2a732a4272c53be64cdf1/player/guunnz/decklist
Mega Lucario ex Lucario,1,1,False,aldous,Aldous,6a8ea2690580a332c8420304,Rozey Birthday Pop Up By Dark league,29,2026-08-26,8,,4-3-0,mega-lucario-ex-b3-lucario-a2,Protective Poncho x1,https://play.limitlesstcg.com/tournament/6a8ea2690580a332c8420304/player/aldous/decklist
Mega Lucario ex Lucario,1,1,False,cloudchasing,CloudChasing,6aaad41638886b36383c1ad5,Pop Up Series 9 || FA OAK,27,2026-09-17,8,,3-3-0,mega-lucario-ex-b3-lucario-a2,Protective Poncho x1,https://play.limitlesstcg.com/tournament/6aaad41638886b36383c1ad5/player/cloudchasing/decklist
Mega Lucario ex Lucario,1,1,False,xerxes03,Xerxes03,6a9718fd629039f77d8a790e,Plasma Daily #23| Team Rocket's Ambitions| FA Card,119,2026-09-02,9,,6-2-0,mega-lucario-ex-b3-lucario-a2,Protective Poncho x1,https://play.limitlesstcg.com/tournament/6a9718fd629039f77d8a790e/player/xerxes03/decklist
Mega Lucario ex Lucario,1,1,False,lanora,𝗠𝗲𝗴𝗮 LaNora 𝗘𝗫,6a78c5912b308b6067b4f421,Tournament Vegegras cash prize 100usd,116,2026-09-05,9,,6-2-2,mega-lucario-ex-b3-lucario-a2,Protective Poncho x1,https://play.limitlesstcg.com/tournament/6a78c5912b308b6067b4f421/player/lanora/decklist
Mega Lucario ex Lucario,1,1,False,pdon,PDon,6a90c1890580a332c842170e,🚀Nuggie's POG Tourney #14 $25 Winner Takes ALL🚀,106,2026-08-30,9,,6-2-0,mega-lucario-ex-b3-lucario-a2,Protective Poncho x1,https://play.limitlesstcg.com/tournament/6a90c1890580a332c842170e/player/pdon/decklist
Mega Lucario ex Lucario,1,1,False,novamaygray,NovaMayGray,6a9836ffa4272c53be644df4,Trinity Tournament 2,23,2026-09-05,9,,1-1-0,mega-lucario-ex-b3-lucario-a2,Protective Poncho x1,https://play.limitlesstcg.com/tournament/6a9836ffa4272c53be644df4/player/novamaygray/decklist
Mega Lucario ex Lucario,1,1,False,radarada,RadaRada,6a9836ffa4272c53be644df4,Trinity Tournament 2,23,2026-09-05,9,,1-1-0,mega-lucario-ex-b3-lucario-a2,Rocky Helmet x1,https://play.limitlesstcg.com/tournament/6a9836ffa4272c53be644df4/player/radarada/decklist
Mega Lucario ex Lucario,1,1,False,flameking3,FLAMEKING3,6a981923a4272c53be644ca8,DR. KELP’S CHUM BUCKET POP UP,31,2026-09-02,10,,4-1-2,mega-lucario-ex-b3-lucario-a2,Protective Poncho x1,https://play.limitlesstcg.com/tournament/6a981923a4272c53be644ca8/player/flameking3/decklist
Mega Lucario ex Lucario,1,1,False,elatomico,PGX| El Atomico,6a9d55b3ab080c8c957fbaa6,OTS Pokemon TCG Pocket Arena Pop Up | $5 USD,65,2026-09-06,11,,4-2-0,mega-lucario-ex-b3-lucario-a2,Protective Poncho x1,https://play.limitlesstcg.com/tournament/6a9d55b3ab080c8c957fbaa6/player/elatomico/decklist
Mega Lucario ex Lucario,1,1,False,atemus95gr,Atemus95Gr,6a96b86babb948223750549c,Dark League Pop Up,46,2026-09-01,11,,5-3-0,mega-lucario-ex-b3-lucario-a2,Rocky Helmet x1,https://play.limitlesstcg.com/tournament/6a96b86babb948223750549c/player/atemus95gr/decklist
Mega Lucario ex Lucario,1,1,False,aldous,Aldous,6a8b75058302ae761e5fab7e,FAREWELL B4!|2x Hoopa ex RR Prize+More!|TH Series,81,2026-08-26,12,,5-3-0,mega-lucario-ex-b3-lucario-a2,Protective Poncho x1,https://play.limitlesstcg.com/tournament/6a8b75058302ae761e5fab7e/player/aldous/decklist
Mega Lucario ex Lucario,1,1,False,dietdrkelp,𝗠𝗢𝗡⭐️| Suede,6ab3aa2de905c1db68748664,TH Event's Presents: When DX Pack?!|5$ + FA's!,68,2026-09-23,12,,5-2-1,mega-lucario-ex-b3-lucario-a2,Protective Poncho x1,https://play.limitlesstcg.com/tournament/6ab3aa2de905c1db68748664/player/dietdrkelp/decklist
Mega Lucario ex Lucario,1,1,False,flameking3,FLAMEKING3,6a8c5eb881741245b151d7e3,PMPT #44 - TEAM ROCKETS AMBITION!!! | $100 USD,378,2026-08-29,13,,8-3-0,mega-lucario-ex-b3-lucario-a2,Protective Poncho x1,https://play.limitlesstcg.com/tournament/6a8c5eb881741245b151d7e3/player/flameking3/decklist
Mega Lucario ex Lucario,1,1,False,noobslybot_01,PLASMA| Moira,6a981923a4272c53be644ca8,DR. KELP’S CHUM BUCKET POP UP,31,2026-09-02,13,,4-3-0,mega-lucario-ex-b3-lucario-a2,Protective Poncho x1,https://play.limitlesstcg.com/tournament/6a981923a4272c53be644ca8/player/noobslybot_01/decklist
Mega Lucario ex Lucario,1,1,False,micg,micg,6aabc43df1243e65f9803602,DR KELP’S CHUM BUCKET POP UP,29,2026-09-17,13,,3-3-0,mega-lucario-ex-b3-lucario-a2,Protective Poncho x1,https://play.limitlesstcg.com/tournament/6aabc43df1243e65f9803602/player/micg/decklist
Mega Lucario ex Lucario,1,1,False,adi1906,Adi1906,6a96069dabb9482237504f7f,Plasma Daily #22| Team Rocket's Ambitions| FA Card,113,2026-09-01,14,,5-3-0,mega-lucario-ex-b3-lucario-a2,Protective Poncho x1,https://play.limitlesstcg.com/tournament/6a96069dabb9482237504f7f/player/adi1906/decklist
Mega Lucario ex Lucario,1,1,False,sparadrap,Sparadrap,6a90e8157a62de8130140dee,The Breakfast Club Xastur's Showdown-$5+OAK+,97,2026-08-28,14,,5-3-1,mega-lucario-ex-b3-lucario-a2,Protective Poncho x1,https://play.limitlesstcg.com/tournament/6a90e8157a62de8130140dee/player/sparadrap/decklist
Mega Lucario ex Lucario,1,1,False,shamus,Shamus,6a8f27e57a62de813013fb20,The Breakfast Club Pop Up-$5+FA,69,2026-08-26,14,,4-3-0,mega-lucario-ex-b3-lucario-a2,Rocky Helmet x1,https://play.limitlesstcg.com/tournament/6a8f27e57a62de813013fb20/player/shamus/decklist
Mega Lucario ex Lucario,1,1,False,g7zinn,Antônio Gleisson,6aa5a7da38886b36383bdfcd,🇧🇷 Hit Sparrow #12 | TCG Pocket,17,2026-09-16,14,,0-3-0,mega-lucario-ex-b3-lucario-a2,Protective Poncho x1; Rocky Helmet x1,https://play.limitlesstcg.com/tournament/6aa5a7da38886b36383bdfcd/player/g7zinn/decklist
Mega Lucario ex Lucario,1,1,False,cranbreezy,CranBreezy,6a94b2ffabb9482237504367,♨️Sauna X Almond POG Tournament #24|10USD + FA!,110,2026-09-02,15,,5-3-0,mega-lucario-ex-b3-lucario-a2,Protective Poncho x1,https://play.limitlesstcg.com/tournament/6a94b2ffabb9482237504367/player/cranbreezy/decklist
Mega Lucario ex Lucario,1,1,False,flameking3,FLAMEKING3,6a918b3d629039f77d8a40ca,Pop Up Series 8 || 3 FA OAKS + DX SHINIES,66,2026-08-29,15,,3-2-1,mega-lucario-ex-b3-lucario-a2,Protective Poncho x1,https://play.limitlesstcg.com/tournament/6a918b3d629039f77d8a40ca/player/flameking3/decklist
Mega Lucario ex Lucario,1,1,False,sparadrap,Sparadrap,6a918b3d629039f77d8a40ca,Pop Up Series 8 || 3 FA OAKS + DX SHINIES,66,2026-08-29,16,,3-2-1,mega-lucario-ex-b3-lucario-a2,Protective Poncho x1,https://play.limitlesstcg.com/tournament/6a918b3d629039f77d8a40ca/player/sparadrap/decklist
Mega Lucario ex Lucario,1,1,False,franztcg,Francisco Araújo,6a92710aabb9482237502fc0,🇧🇷 Hit Sparrow #10 | TCG Pocket,20,2026-09-02,16,,1-2-0,mega-lucario-ex-b3-lucario-a2,Protective Poncho x1,https://play.limitlesstcg.com/tournament/6a92710aabb9482237502fc0/player/franztcg/decklist
Mega Lucario ex Lucario,1,1,False,thomasxavier21,ThomasXavier21,6a96069dabb9482237504f7f,Plasma Daily #22| Team Rocket's Ambitions| FA Card,113,2026-09-01,17,,6-1-0,mega-lucario-ex-b3-lucario-a2,Protective Poncho x1,https://play.limitlesstcg.com/tournament/6a96069dabb9482237504f7f/player/thomasxavier21/decklist
Mega Lucario ex Lucario,1,1,False,sekensirazu,sekensirazu,6a90e8157a62de8130140dee,The Breakfast Club Xastur's Showdown-$5+OAK+,97,2026-08-28,17,,6-1-1,mega-lucario-ex-b3-lucario-a2,Rocky Helmet x1,https://play.limitlesstcg.com/tournament/6a90e8157a62de8130140dee/player/sekensirazu/decklist
Mega Lucario ex Lucario,1,1,False,ppitopin8,ppitopin8,6aaac3d9f1243e65f9802bad,🥊 20$ BEC'S KING OF THE HILL - ANY FA PRIZE!,95,2026-09-18,17,,2-1-0,mega-lucario-ex-b3-lucario-a2,Protective Poncho x1,https://play.limitlesstcg.com/tournament/6aaac3d9f1243e65f9802bad/player/ppitopin8/decklist
Mega Lucario ex Lucario,1,1,False,oscarparra,Hisoka .,6aa1e900a4272c53be64c5ce,THE BREAKFAST CLUB KELP CLASSIC #9 - $5,64,2026-09-10,18,,4-3-0,mega-lucario-ex-b3-lucario-a2,Protective Poncho x1,https://play.limitlesstcg.com/tournament/6aa1e900a4272c53be64c5ce/player/oscarparra/decklist
Mega Lucario ex Lucario,1,1,False,dietdrkelp,𝗠𝗢𝗡⭐| Suede,6a96b86babb948223750549c,Dark League Pop Up,46,2026-09-01,18,,3-3-1,mega-lucario-ex-b3-lucario-a2,Protective Poncho x1,https://play.limitlesstcg.com/tournament/6a96b86babb948223750549c/player/dietdrkelp/decklist
Mega Lucario ex Lucario,1,1,False,azuran,Azuran,6a8ea2690580a332c8420304,Rozey Birthday Pop Up By Dark league,29,2026-08-26,18,,2-3-0,mega-lucario-ex-b3-lucario-a2,Protective Poncho x1,https://play.limitlesstcg.com/tournament/6a8ea2690580a332c8420304/player/azuran/decklist
Mega Lucario ex Lucario,1,1,False,nakopol91,nakopol91,6a98fd1ba4272c53be6457c3,TBC The Rowdy Russell Rumble-$20-QUICK,53,2026-09-03,19,6,3-3-0,mega-lucario-ex-b3-lucario-a2,Protective Poncho x1,https://play.limitlesstcg.com/tournament/6a98fd1ba4272c53be6457c3/player/nakopol91/decklist
Mega Lucario ex Lucario,1,1,False,flameking3,FLAMEKING3,6a96b86babb948223750549c,Dark League Pop Up,46,2026-09-01,19,,3-3-1,mega-lucario-ex-b3-lucario-a2,Protective Poncho x1,https://play.limitlesstcg.com/tournament/6a96b86babb948223750549c/player/flameking3/decklist
Mega Lucario ex Lucario,1,1,False,avelino_off,AVELINO_OFF,6aa6942138886b36383be9a3,DR KELP’S CHUM BUCKET POP UP - FA COPYCAT,38,2026-09-13,19,,2-3-0,mega-lucario-ex-b3-lucario-a2,Protective Poncho x1,https://play.limitlesstcg.com/tournament/6aa6942138886b36383be9a3/player/avelino_off/decklist
Mega Lucario ex Lucario,1,1,False,radarada,RadaRada,6a9f6899a4272c53be64a894,Umbreon99's Team Rocket's Bash: $10 USD + 🌈,172,2026-09-08,20,,5-2-1,mega-lucario-ex-b3-lucario-a2,Rocky Helmet x1,https://play.limitlesstcg.com/tournament/6a9f6899a4272c53be64a894/player/radarada/decklist
Mega Lucario ex Lucario,1,1,False,pokeody,PokeOdy,6a96069dabb9482237504f7f,Plasma Daily #22| Team Rocket's Ambitions| FA Card,113,2026-09-01,20,,4-2-1,mega-lucario-ex-b3-lucario-a2,Protective Poncho x1,https://play.limitlesstcg.com/tournament/6a96069dabb9482237504f7f/player/pokeody/decklist
Mega Lucario ex Lucario,1,1,False,neophyte885,Neophyte885,6a8ea2690580a332c8420304,Rozey Birthday Pop Up By Dark league,29,2026-08-26,20,,1-4-0,mega-lucario-ex-b3-lucario-a2,Protective Poncho x1,https://play.limitlesstcg.com/tournament/6a8ea2690580a332c8420304/player/neophyte885/decklist
Mega Lucario ex Lucario,1,1,False,alana,𝗠𝗲𝗴𝗮 Alana 𝗘𝗫,6a90c1890580a332c842170e,🚀Nuggie's POG Tourney #14 $25 Winner Takes ALL🚀,106,2026-08-30,21,,4-2-1,mega-lucario-ex-b3-lucario-a2,Protective Poncho x1; Rocky Helmet x1,https://play.limitlesstcg.com/tournament/6a90c1890580a332c842170e/player/alana/decklist
Mega Lucario ex Lucario,1,1,False,birdnest,BirdNest,6a918b3d629039f77d8a40ca,Pop Up Series 8 || 3 FA OAKS + DX SHINIES,66,2026-08-29,21,,3-2-0,mega-lucario-ex-b3-lucario-a2,Protective Poncho x1,https://play.limitlesstcg.com/tournament/6a918b3d629039f77d8a40ca/player/birdnest/decklist
Mega Lucario ex Lucario,1,1,False,rectarenanda,rectarenanda,6a8b7ef58302ae761e5fac0a,♨️Sauna's POG Tournament #23 |SLEEP BAN| 5USD + FA,60,2026-08-28,22,,3-3-0,mega-lucario-ex-b3-lucario-a2,Protective Poncho x1,https://play.limitlesstcg.com/tournament/6a8b7ef58302ae761e5fac0a/player/rectarenanda/decklist
Mega Lucario ex Lucario,1,1,False,lennydeski,LENNY DESKI,6a78c5912b308b6067b4f421,Tournament Vegegras cash prize 100usd,116,2026-09-05,23,,6-3-0,mega-lucario-ex-b3-lucario-a2,Protective Poncho x1,https://play.limitlesstcg.com/tournament/6a78c5912b308b6067b4f421/player/lennydeski/decklist
Mega Lucario ex Lucario,1,1,False,flipinton,Flipinton,6a985d35ab080c8c957f7fac,The Dark League Tournament | POP UP,77,2026-09-02,23,,4-3-1,mega-lucario-ex-b3-lucario-a2,Protective Poncho x1,https://play.limitlesstcg.com/tournament/6a985d35ab080c8c957f7fac/player/flipinton/decklist
Mega Lucario ex Lucario,1,1,False,normo360,𝗠𝗮𝗴𝗺𝗮 StorM,6aa13feaa4272c53be64b94a,DR KELP’S CHUM BUCKET POP UP,49,2026-09-09,23,,3-2-0,mega-lucario-ex-b3-lucario-a2,Protective Poncho x1,https://play.limitlesstcg.com/tournament/6aa13feaa4272c53be64b94a/player/normo360/decklist
Mega Lucario ex Lucario,1,1,False,avelino_off,AVELINO_OFF,6aa89ad438886b36383c071a,✧･❀🌸Flutter Festival Debut! -15$🌸❀･✧,80,2026-09-16,24,,3-3-0,mega-lucario-ex-b3-lucario-a2,Protective Poncho x1,https://play.limitlesstcg.com/tournament/6aa89ad438886b36383c071a/player/avelino_off/decklist
Mega Lucario ex Lucario,1,1,False,dietdrkelp,𝗠𝗢𝗡⭐| Suede,6a7e2b83cdc0391d7fa65afb,Umbreon99's Aura Sphere #4: $15 USD + Oak,219,2026-09-11,27,,6-3-1,mega-lucario-ex-b3-lucario-a2,Protective Poncho x1,https://play.limitlesstcg.com/tournament/6a7e2b83cdc0391d7fa65afb/player/dietdrkelp/decklist
Mega Lucario ex Lucario,1,1,False,mami,Mami,6aa6244c38886b36383be644,🔥Highlight's Pyro Pop-Up #2🔥 FA OAK!,33,2026-09-13,28,2,0-2-0,mega-lucario-ex-b3-lucario-a2,Protective Poncho x1,https://play.limitlesstcg.com/tournament/6aa6244c38886b36383be644/player/mami/decklist
Mega Lucario ex Lucario,1,1,False,luckyex888,LuckyEX888,6a99bbffa4272c53be645f44,Block Dragon Pop Up (RR Team Rockets Raticate),60,2026-09-03,29,6,2-4-0,mega-lucario-ex-b3-lucario-a2,Protective Poncho x1,https://play.limitlesstcg.com/tournament/6a99bbffa4272c53be645f44/player/luckyex888/decklist
Mega Lucario ex Lucario,1,1,False,ziquan2,ziquan2,6aac7e78f127b1b52c27ba59,$40 USD+FA | 巫獅對戰塔盃 LeoWizard BattleTower Cup #12,112,2026-09-19,30,,5-3-0,mega-lucario-ex-b3-lucario-a2,Protective Poncho x1,https://play.limitlesstcg.com/tournament/6aac7e78f127b1b52c27ba59/player/ziquan2/decklist
Mega Lucario ex Lucario,1,1,False,sandy_permata205,𝗠𝗲𝗴𝗮 R X Prexure,6a94b2ffabb9482237504367,♨️Sauna X Almond POG Tournament #24|10USD + FA!,110,2026-09-02,30,,4-3-0,mega-lucario-ex-b3-lucario-a2,Protective Poncho x1,https://play.limitlesstcg.com/tournament/6a94b2ffabb9482237504367/player/sandy_permata205/decklist
Mega Lucario ex Lucario,1,1,False,nifaa,𝙈𝙉𝙍𝘾 | Nifaa,6a989e74a4272c53be6453c4,🔥 TBC × HYPE PACKS: AFTERMADS #1 — $150 🔥,134,2026-09-13,31,,5-3-1,mega-lucario-ex-b3-lucario-a2,Protective Poncho x1,https://play.limitlesstcg.com/tournament/6a989e74a4272c53be6453c4/player/nifaa/decklist
Mega Lucario ex Lucario,1,1,False,wanderer02,Wanderer02,6a9e12feab080c8c957fc84e,♨️Sauna X Ev4de POG Tournament #27|10 USD+Top 4 FA,73,2026-09-11,31,,3-3-0,mega-lucario-ex-b3-lucario-a2,Protective Poncho x1,https://play.limitlesstcg.com/tournament/6a9e12feab080c8c957fc84e/player/wanderer02/decklist
Mega Lucario ex Lucario,1,1,False,einstun,𝙈𝙚𝙜𝙖 Einstun 𝙀𝙭,6a98fd1ba4272c53be6457c3,TBC The Rowdy Russell Rumble-$20-QUICK,53,2026-09-03,31,,2-4-0,mega-lucario-ex-b3-lucario-a2,Protective Poncho x1,https://play.limitlesstcg.com/tournament/6a98fd1ba4272c53be6457c3/player/einstun/decklist
Mega Lucario ex Lucario,1,1,False,tommykamikace,TommyKamikace,6a7e2b83cdc0391d7fa65afb,Umbreon99's Aura Sphere #4: $15 USD + Oak,219,2026-09-11,32,,6-4-0,mega-lucario-ex-b3-lucario-a2,Protective Poncho x1,https://play.limitlesstcg.com/tournament/6a7e2b83cdc0391d7fa65afb/player/tommykamikace/decklist
Mega Lucario ex Lucario,1,1,False,flameking3,FLAMEKING3,6a9718fd629039f77d8a790e,Plasma Daily #23| Team Rocket's Ambitions| FA Card,119,2026-09-02,32,,4-3-0,mega-lucario-ex-b3-lucario-a2,Protective Poncho x1,https://play.limitlesstcg.com/tournament/6a9718fd629039f77d8a790e/player/flameking3/decklist
Mega Lucario ex Lucario,1,1,False,sawitlovers,SawitLovers,6aa1e900a4272c53be64c5ce,THE BREAKFAST CLUB KELP CLASSIC #9 - $5,64,2026-09-10,32,,1-6-0,mega-lucario-ex-b3-lucario-a2,Rocky Helmet x2,https://play.limitlesstcg.com/tournament/6aa1e900a4272c53be64c5ce/player/sawitlovers/decklist
Mega Lucario ex Lucario,1,1,False,thomasxavier21,ThomasXavier21,6a98fd1ba4272c53be6457c3,TBC The Rowdy Russell Rumble-$20-QUICK,53,2026-09-03,32,5,2-3-0,mega-lucario-ex-b3-lucario-a2,Protective Poncho x1,https://play.limitlesstcg.com/tournament/6a98fd1ba4272c53be6457c3/player/thomasxavier21/decklist
Mega Lucario ex Lucario,1,1,False,spritzol,Spritzol,6aaac3d9f1243e65f9802bad,🥊 20$ BEC'S KING OF THE HILL - ANY FA PRIZE!,95,2026-09-18,33,,1-1-0,mega-lucario-ex-b3-lucario-a2,Protective Poncho x1,https://play.limitlesstcg.com/tournament/6aaac3d9f1243e65f9802bad/player/spritzol/decklist
Mega Lucario ex Lucario,1,1,False,einstun,𝙈𝙚𝙜𝙖 Einstun 𝙀𝙭,6a8b75058302ae761e5fab7e,FAREWELL B4!|2x Hoopa ex RR Prize+More!|TH Series,81,2026-08-26,33,,3-4-0,mega-lucario-ex-b3-lucario-a2,Protective Poncho x1,https://play.limitlesstcg.com/tournament/6a8b75058302ae761e5fab7e/player/einstun/decklist
Mega Lucario ex Lucario,1,1,False,spritzol,Spritzol,6a985d35ab080c8c957f7fac,The Dark League Tournament | POP UP,77,2026-09-02,33,,3-4-0,mega-lucario-ex-b3-lucario-a2,Protective Poncho x1,https://play.limitlesstcg.com/tournament/6a985d35ab080c8c957f7fac/player/spritzol/decklist
Mega Lucario ex Lucario,1,1,False,luckyex888,LuckyEX888,6a8f27e57a62de813013fb20,The Breakfast Club Pop Up-$5+FA,69,2026-08-26,33,5,2-3-0,mega-lucario-ex-b3-lucario-a2,Protective Poncho x1,https://play.limitlesstcg.com/tournament/6a8f27e57a62de813013fb20/player/luckyex888/decklist
Mega Lucario ex Lucario,1,1,False,fishdino,Fishdino,6a9b4f52ab080c8c957fa3d7,TBC Presents: Breakfast & Breakdowns🔥,97,2026-09-06,34,,4-3-0,mega-lucario-ex-b3-lucario-a2,Protective Poncho x1,https://play.limitlesstcg.com/tournament/6a9b4f52ab080c8c957fa3d7/player/fishdino/decklist
Mega Lucario ex Lucario,1,1,False,dhforty4,dhforty4,6a985d35ab080c8c957f7fac,The Dark League Tournament | POP UP,77,2026-09-02,34,,3-4-0,mega-lucario-ex-b3-lucario-a2,Protective Poncho x1,https://play.limitlesstcg.com/tournament/6a985d35ab080c8c957f7fac/player/dhforty4/decklist
Mega Lucario ex Lucario,1,1,False,omarkztv,OMarkzTV,6a8f27e57a62de813013fb20,The Breakfast Club Pop Up-$5+FA,69,2026-08-26,34,5,2-3-0,mega-lucario-ex-b3-lucario-a2,Protective Poncho x1,https://play.limitlesstcg.com/tournament/6a8f27e57a62de813013fb20/player/omarkztv/decklist
Mega Lucario ex Lucario,1,1,False,themadhimalayan,TheMadHimalayan,6a98b6dfab080c8c957f8554,Block Dragon Pop Up (RR Vespiquen),48,2026-09-03,34,,1-4-0,mega-lucario-ex-b3-lucario-a2,Protective Poncho x1,https://play.limitlesstcg.com/tournament/6a98b6dfab080c8c957f8554/player/themadhimalayan/decklist
Mega Lucario ex Lucario,1,1,False,rikhardt,Rikhardt,6a8c5eb881741245b151d7e3,PMPT #44 - TEAM ROCKETS AMBITION!!! | $100 USD,378,2026-08-29,35,,7-2-0,mega-lucario-ex-b3-lucario-a2,Protective Poncho x1,https://play.limitlesstcg.com/tournament/6a8c5eb881741245b151d7e3/player/rikhardt/decklist
Mega Lucario ex Lucario,1,1,False,brxlyy,Brxlyy,6a9718fd629039f77d8a790e,Plasma Daily #23| Team Rocket's Ambitions| FA Card,119,2026-09-02,35,,4-2-0,mega-lucario-ex-b3-lucario-a2,Protective Poncho x1,https://play.limitlesstcg.com/tournament/6a9718fd629039f77d8a790e/player/brxlyy/decklist
Mega Lucario ex Lucario,1,1,False,flipand11,flipand11,6a78c5912b308b6067b4f421,Tournament Vegegras cash prize 100usd,116,2026-09-05,35,,4-3-1,mega-lucario-ex-b3-lucario-a2,Protective Poncho x1,https://play.limitlesstcg.com/tournament/6a78c5912b308b6067b4f421/player/flipand11/decklist
Mega Lucario ex Lucario,1,1,False,pikamon,Pikamon,6a96069dabb9482237504f7f,Plasma Daily #22| Team Rocket's Ambitions| FA Card,113,2026-09-01,35,,3-3-0,mega-lucario-ex-lucario-b3,Protective Poncho x1,https://play.limitlesstcg.com/tournament/6a96069dabb9482237504f7f/player/pikamon/decklist
Mega Lucario ex Lucario,1,1,False,ravenoussix,INLG | RavenousSix,6a9b4f52ab080c8c957fa3d7,TBC Presents: Breakfast & Breakdowns🔥,97,2026-09-06,35,6,3-3-0,mega-lucario-ex-b3-lucario-a2,Protective Poncho x1,https://play.limitlesstcg.com/tournament/6a9b4f52ab080c8c957fa3d7/player/ravenoussix/decklist
Mega Lucario ex Lucario,1,1,False,nyrq,nyrq the rookie,6aa89ad438886b36383c071a,✧･❀🌸Flutter Festival Debut! -15$🌸❀･✧,80,2026-09-16,35,,3-3-0,mega-lucario-ex-b3-lucario-a2,Protective Poncho x1,https://play.limitlesstcg.com/tournament/6aa89ad438886b36383c071a/player/nyrq/decklist
Mega Lucario ex Lucario,1,1,False,thomasxavier21,ThomasXavier21,6aa1e900a4272c53be64c5ce,THE BREAKFAST CLUB KELP CLASSIC #9 - $5,64,2026-09-10,35,,1-6-0,mega-lucario-ex-b3-lucario-a2,Protective Poncho x1,https://play.limitlesstcg.com/tournament/6aa1e900a4272c53be64c5ce/player/thomasxavier21/decklist
Mega Lucario ex Lucario,1,1,False,rectarenanda,rectarenanda,6a8b75058302ae761e5fab7e,FAREWELL B4!|2x Hoopa ex RR Prize+More!|TH Series,81,2026-08-26,36,,3-4-0,mega-lucario-ex-b3-lucario-a2,Protective Poncho x1,https://play.limitlesstcg.com/tournament/6a8b75058302ae761e5fab7e/player/rectarenanda/decklist
Mega Lucario ex Lucario,1,1,False,thomasxavier21,ThomasXavier21,6a94b2ffabb9482237504367,♨️Sauna X Almond POG Tournament #24|10USD + FA!,110,2026-09-02,38,,3-3-0,mega-lucario-ex-b3-lucario-a2,Protective Poncho x1,https://play.limitlesstcg.com/tournament/6a94b2ffabb9482237504367/player/thomasxavier21/decklist
Mega Lucario ex Lucario,1,1,False,masterbenji,Masterbenji,6a985d35ab080c8c957f7fac,The Dark League Tournament | POP UP,77,2026-09-02,38,,1-6-0,mega-lucario-ex-b3-lucario-a2,Protective Poncho x1,https://play.limitlesstcg.com/tournament/6a985d35ab080c8c957f7fac/player/masterbenji/decklist
Mega Lucario ex Lucario,1,1,False,brendon68,𝙄𝙈𝙋 | Brendon .,6a989e74a4272c53be6453c4,🔥 TBC × HYPE PACKS: AFTERMADS #1 — $150 🔥,134,2026-09-13,39,5,3-2-0,mega-lucario-ex-b3-lucario-a2,Protective Poncho x1,https://play.limitlesstcg.com/tournament/6a989e74a4272c53be6453c4/player/brendon68/decklist
Mega Lucario ex Lucario,1,1,False,liamkrew,Liamkrew,6a8c5eb881741245b151d7e3,PMPT #44 - TEAM ROCKETS AMBITION!!! | $100 USD,378,2026-08-29,41,,6-2-1,mega-lucario-ex-b3-lucario-a2,Protective Poncho x1,https://play.limitlesstcg.com/tournament/6a8c5eb881741245b151d7e3/player/liamkrew/decklist
Mega Lucario ex Lucario,1,1,False,avelino_off,AVELINO_OFF,6a989e74a4272c53be6453c4,🔥 TBC × HYPE PACKS: AFTERMADS #1 — $150 🔥,134,2026-09-13,41,,3-4-0,mega-lucario-ex-b3-lucario-a2,Protective Poncho x1,https://play.limitlesstcg.com/tournament/6a989e74a4272c53be6453c4/player/avelino_off/decklist
Mega Lucario ex Lucario,1,1,False,banzai,𝗠𝗲𝗴𝗮 Banzai 𝗘𝗫,6a918b3d629039f77d8a40ca,Pop Up Series 8 || 3 FA OAKS + DX SHINIES,66,2026-08-29,42,3,1-2-0,mega-lucario-ex-b3-lucario-a2,Protective Poncho x1,https://play.limitlesstcg.com/tournament/6a918b3d629039f77d8a40ca/player/banzai/decklist
Mega Lucario ex Lucario,1,1,False,dietdrkelp,𝗠𝗢𝗡⭐| Suede,6aa89ad438886b36383c071a,✧･❀🌸Flutter Festival Debut! -15$🌸❀･✧,80,2026-09-16,43,5,2-3-0,mega-lucario-ex-b3-lucario-a2,Protective Poncho x1,https://play.limitlesstcg.com/tournament/6aa89ad438886b36383c071a/player/dietdrkelp/decklist
Mega Lucario ex Lucario,1,1,False,pikamon,Pikamon,6a9f6899a4272c53be64a894,Umbreon99's Team Rocket's Bash: $10 USD + 🌈,172,2026-09-08,44,,4-3-0,mega-lucario-ex-b3-lucario-a2,Protective Poncho x1,https://play.limitlesstcg.com/tournament/6a9f6899a4272c53be64a894/player/pikamon/decklist
Mega Lucario ex Lucario,1,1,False,sinorci200,𝗙𝗚𝗥 || Sinorci200,6a9829c8a4272c53be644d74,The PokeBounty Showdown $1000 Prize Pool (#1),132,2026-09-07,45,,3-3-0,mega-lucario-ex-b3-lucario-a2,Protective Poncho x1,https://play.limitlesstcg.com/tournament/6a9829c8a4272c53be644d74/player/sinorci200/decklist
Mega Lucario ex Lucario,1,1,False,red_d_beer,FrogEX | RedD.Beer,6a9718fd629039f77d8a790e,Plasma Daily #23| Team Rocket's Ambitions| FA Card,119,2026-09-02,45,,3-3-0,mega-lucario-ex-b3-lucario-a2,Protective Poncho x1,https://play.limitlesstcg.com/tournament/6a9718fd629039f77d8a790e/player/red_d_beer/decklist
Mega Lucario ex Lucario,1,1,False,estehlegitea,𝗠𝗲𝗴𝗮 Hasan 𝗘𝗫,6a90e8157a62de8130140dee,The Breakfast Club Xastur's Showdown-$5+OAK+,97,2026-08-28,45,6,2-4-0,mega-lucario-ex-b3-lucario-a2,Protective Poncho x1,https://play.limitlesstcg.com/tournament/6a90e8157a62de8130140dee/player/estehlegitea/decklist
Mega Lucario ex Lucario,1,1,False,sparadrap,Sparadrap,6a8c5eb881741245b151d7e3,PMPT #44 - TEAM ROCKETS AMBITION!!! | $100 USD,378,2026-08-29,46,,6-3-0,mega-lucario-ex-b3-lucario-a2,Protective Poncho x1,https://play.limitlesstcg.com/tournament/6a8c5eb881741245b151d7e3/player/sparadrap/decklist
Mega Lucario ex Lucario,1,1,False,yuta_06,yuta_06,6aa7cd2ff1243e65f9800e0f,TBC KELP CLASSIC 10th ANNIVERSARY- $10 + FA CYRUS,78,2026-09-15,46,,1-6-0,mega-lucario-ex-b3-lucario-a2,Protective Poncho x1,https://play.limitlesstcg.com/tournament/6aa7cd2ff1243e65f9800e0f/player/yuta_06/decklist
Mega Lucario ex Lucario,1,1,False,flipinton,Flipinton,6a98b6dfab080c8c957f8554,Block Dragon Pop Up (RR Vespiquen),48,2026-09-03,46,,0-5-0,mega-lucario-ex-b3-lucario-a2,Protective Poncho x1,https://play.limitlesstcg.com/tournament/6a98b6dfab080c8c957f8554/player/flipinton/decklist
Mega Lucario ex Lucario,1,1,False,garoth,VIP Garoth,6a8b75058302ae761e5fab7e,FAREWELL B4!|2x Hoopa ex RR Prize+More!|TH Series,81,2026-08-26,48,5,2-3-0,mega-lucario-ex-b3-lucario-a2,Protective Poncho x1,https://play.limitlesstcg.com/tournament/6a8b75058302ae761e5fab7e/player/garoth/decklist
Mega Lucario ex Lucario,1,1,False,themadhimalayan,TheMadHimalayan,6a9829c8a4272c53be644d74,The PokeBounty Showdown $1000 Prize Pool (#1),132,2026-09-07,49,,3-3-0,mega-lucario-ex-b3-lucario-a2,Protective Poncho x1; Rocky Helmet x1,https://play.limitlesstcg.com/tournament/6a9829c8a4272c53be644d74/player/themadhimalayan/decklist
Mega Lucario ex Lucario,1,1,False,flipinton,Flipinton,6a99bbffa4272c53be645f44,Block Dragon Pop Up (RR Team Rockets Raticate),60,2026-09-03,50,,1-5-0,mega-lucario-ex-b3-lucario-a2,Protective Poncho x1,https://play.limitlesstcg.com/tournament/6a99bbffa4272c53be645f44/player/flipinton/decklist
Mega Lucario ex Lucario,1,1,False,spritzol,Spritzol,6aac7e78f127b1b52c27ba59,$40 USD+FA | 巫獅對戰塔盃 LeoWizard BattleTower Cup #12,112,2026-09-19,51,,3-3-0,mega-lucario-ex-b3-lucario-a2,Protective Poncho x1,https://play.limitlesstcg.com/tournament/6aac7e78f127b1b52c27ba59/player/spritzol/decklist
Mega Lucario ex Lucario,1,1,False,raizima,Raizima,6a78c5912b308b6067b4f421,Tournament Vegegras cash prize 100usd,116,2026-09-05,52,,3-4-0,mega-lucario-ex-b3-lucario-a2,Protective Poncho x1,https://play.limitlesstcg.com/tournament/6a78c5912b308b6067b4f421/player/raizima/decklist
Mega Lucario ex Lucario,1,1,False,haryanto,𝗠𝗲𝗴𝗮 Haryanto 𝗘𝗫,6a90c1890580a332c842170e,🚀Nuggie's POG Tourney #14 $25 Winner Takes ALL🚀,106,2026-08-30,52,,1-5-0,mega-lucario-ex-b3-lucario-a2,Protective Poncho x1,https://play.limitlesstcg.com/tournament/6a90c1890580a332c842170e/player/haryanto/decklist
Mega Lucario ex Lucario,1,1,False,ravenoussix,𝙄𝙉𝙇𝙂 | RavenousSix,6a7e2b83cdc0391d7fa65afb,Umbreon99's Aura Sphere #4: $15 USD + Oak,219,2026-09-11,53,,5-4-0,mega-lucario-ex-b3-lucario-a2,Protective Poncho x1,https://play.limitlesstcg.com/tournament/6a7e2b83cdc0391d7fa65afb/player/ravenoussix/decklist
Mega Lucario ex Lucario,1,1,False,lanora,𝗠𝗲𝗴𝗮 LaNora 𝗘𝗫,6a9829c8a4272c53be644d74,The PokeBounty Showdown $1000 Prize Pool (#1),132,2026-09-07,54,,3-3-0,mega-lucario-ex-b3-lucario-a2,Protective Poncho x1,https://play.limitlesstcg.com/tournament/6a9829c8a4272c53be644d74/player/lanora/decklist
Mega Lucario ex Lucario,1,1,False,dyja1,Dyja1,6a9b4f52ab080c8c957fa3d7,TBC Presents: Breakfast & Breakdowns🔥,97,2026-09-06,54,6,2-4-0,mega-lucario-ex-b3-lucario-a2,Protective Poncho x1,https://play.limitlesstcg.com/tournament/6a9b4f52ab080c8c957fa3d7/player/dyja1/decklist
Mega Lucario ex Lucario,1,1,False,omarkztv,OMarkzTV,6aa22425a4272c53be64ca36,The Breakfast Club Daily #5-$5 + FA,112,2026-09-10,56,5,2-3-0,mega-lucario-ex-b3-lucario-a2,Protective Poncho x1,https://play.limitlesstcg.com/tournament/6aa22425a4272c53be64ca36/player/omarkztv/decklist
Mega Lucario ex Lucario,1,1,False,prototcg,ProtoTCG,6a8b75058302ae761e5fab7e,FAREWELL B4!|2x Hoopa ex RR Prize+More!|TH Series,81,2026-08-26,56,4,1-3-0,mega-lucario-ex-b3-lucario-a2,Protective Poncho x1; Rocky Helmet x1,https://play.limitlesstcg.com/tournament/6a8b75058302ae761e5fab7e/player/prototcg/decklist
Mega Lucario ex Lucario,1,1,False,dietdrkelp,𝗠𝗢𝗡⭐| Suede,6aa22425a4272c53be64ca36,The Breakfast Club Daily #5-$5 + FA,112,2026-09-10,58,4,2-2-0,mega-lucario-ex-b3-lucario-a2,Protective Poncho x1,https://play.limitlesstcg.com/tournament/6aa22425a4272c53be64ca36/player/dietdrkelp/decklist
Mega Lucario ex Lucario,1,1,False,lanora,𝗠𝗲𝗴𝗮 LaNora 𝗘𝗫,6a9b4f52ab080c8c957fa3d7,TBC Presents: Breakfast & Breakdowns🔥,97,2026-09-06,59,3,2-1-0,mega-lucario-ex-b3-lucario-a2,Protective Poncho x1,https://play.limitlesstcg.com/tournament/6a9b4f52ab080c8c957fa3d7/player/lanora/decklist
Mega Lucario ex Lucario,1,1,False,iono_ce,Iono_Ce,6a7e2b83cdc0391d7fa65afb,Umbreon99's Aura Sphere #4: $15 USD + Oak,219,2026-09-11,60,,5-4-0,mega-lucario-ex-b3-lucario-a2,Protective Poncho x1,https://play.limitlesstcg.com/tournament/6a7e2b83cdc0391d7fa65afb/player/iono_ce/decklist
Mega Lucario ex Lucario,1,1,False,sky_skywolf93,SKY_SkyWolf93,6aa0471eab080c8c957fe27d,The PokeBounty Showdown $1000 Prize Pool (#2NA),142,2026-09-14,61,,3-3-0,mega-lucario-ex-b3-lucario-a2,Protective Poncho x1,https://play.limitlesstcg.com/tournament/6aa0471eab080c8c957fe27d/player/sky_skywolf93/decklist
Mega Lucario ex Lucario,1,1,False,oscarparra,Hisoka .,6a7e2b83cdc0391d7fa65afb,Umbreon99's Aura Sphere #4: $15 USD + Oak,219,2026-09-11,64,,5-4-0,mega-lucario-ex-b3-lucario-a2,Protective Poncho x1,https://play.limitlesstcg.com/tournament/6a7e2b83cdc0391d7fa65afb/player/oscarparra/decklist
Mega Lucario ex Lucario,1,1,False,yuta_06,yuta_06,6aaac3d9f1243e65f9802bad,🥊 20$ BEC'S KING OF THE HILL - ANY FA PRIZE!,95,2026-09-18,65,,0-1-0,mega-lucario-ex-b3-lucario-a2,Protective Poncho x1,https://play.limitlesstcg.com/tournament/6aaac3d9f1243e65f9802bad/player/yuta_06/decklist
Mega Lucario ex Lucario,1,1,False,peaceful,peaceful,6a7e2b83cdc0391d7fa65afb,Umbreon99's Aura Sphere #4: $15 USD + Oak,219,2026-09-11,75,,4-4-0,mega-lucario-ex-b3-lucario-a2,Protective Poncho x1,https://play.limitlesstcg.com/tournament/6a7e2b83cdc0391d7fa65afb/player/peaceful/decklist
Mega Lucario ex Lucario,1,1,False,avelino_off,AVELINO_OFF,6aa0471eab080c8c957fe27d,The PokeBounty Showdown $1000 Prize Pool (#2NA),142,2026-09-14,76,,2-4-0,mega-lucario-ex-b3-lucario-a2,Protective Poncho x1,https://play.limitlesstcg.com/tournament/6aa0471eab080c8c957fe27d/player/avelino_off/decklist
Mega Lucario ex Lucario,1,1,False,whiterabbit,whiteRabbit,6a9f6899a4272c53be64a894,Umbreon99's Team Rocket's Bash: $10 USD + 🌈,172,2026-09-08,78,,1-6-0,mega-lucario-ex-b3-lucario-a2,Protective Poncho x1,https://play.limitlesstcg.com/tournament/6a9f6899a4272c53be64a894/player/whiterabbit/decklist
Mega Lucario ex Lucario,1,1,False,thomasxavier21,ThomasXavier21,6aa6410b38886b36383be710,🏰FORT TOURNAMENTS POCKET DEBUT🏰 $20 + FA CARDS,114,2026-09-14,78,4,1-3-0,mega-lucario-ex-b3-lucario-a2,Protective Poncho x1,https://play.limitlesstcg.com/tournament/6aa6410b38886b36383be710/player/thomasxavier21/decklist
Mega Lucario ex Lucario,1,1,False,calderon,Calderon,6a90e8157a62de8130140dee,The Breakfast Club Xastur's Showdown-$5+OAK+,97,2026-08-28,79,,1-6-0,mega-lucario-ex-b3-lucario-a2,Protective Poncho x1; Rocky Helmet x1,https://play.limitlesstcg.com/tournament/6a90e8157a62de8130140dee/player/calderon/decklist
Mega Lucario ex Lucario,1,1,False,ktech3224,Ktech3224,6a9f6899a4272c53be64a894,Umbreon99's Team Rocket's Bash: $10 USD + 🌈,172,2026-09-08,83,,0-7-0,mega-lucario-ex-b3-lucario-a2,Protective Poncho x1,https://play.limitlesstcg.com/tournament/6a9f6899a4272c53be64a894/player/ktech3224/decklist
Mega Lucario ex Lucario,1,1,False,flameking3,FLAMEKING3,6aa22425a4272c53be64ca36,The Breakfast Club Daily #5-$5 + FA,112,2026-09-10,85,3,1-2-0,mega-lucario-ex-b3-lucario-a2,Protective Poncho x1,https://play.limitlesstcg.com/tournament/6aa22425a4272c53be64ca36/player/flameking3/decklist
Mega Lucario ex Lucario,1,1,False,einstun,𝙈𝙚𝙜𝙖 Einstun 𝙀𝙭,6a9b4f52ab080c8c957fa3d7,TBC Presents: Breakfast & Breakdowns🔥,97,2026-09-06,86,3,0-3-0,mega-lucario-ex-b3-lucario-a2,Protective Poncho x1,https://play.limitlesstcg.com/tournament/6a9b4f52ab080c8c957fa3d7/player/einstun/decklist
Mega Lucario ex Lucario,1,1,False,umbreon92,Umbreon92,6aa6eed0f1243e65f9800555,🩷random r0zey pop up #3 | $25 + FA🩷,146,2026-09-13,88,6,2-4-0,mega-lucario-ex-b3-lucario-a2,Rocky Helmet x1,https://play.limitlesstcg.com/tournament/6aa6eed0f1243e65f9800555/player/umbreon92/decklist
Mega Lucario ex Lucario,1,1,False,thomasxavier21,ThomasXavier21,6aa22425a4272c53be64ca36,The Breakfast Club Daily #5-$5 + FA,112,2026-09-10,88,5,1-4-0,mega-lucario-ex-b3-lucario-a2,Protective Poncho x1,https://play.limitlesstcg.com/tournament/6aa22425a4272c53be64ca36/player/thomasxavier21/decklist
Mega Lucario ex Lucario,1,1,False,avelino_off,AVELINO_OFF,6aa6eed0f1243e65f9800555,🩷random r0zey pop up #3 | $25 + FA🩷,146,2026-09-13,89,6,2-4-0,mega-lucario-ex-b3-lucario-a2,Protective Poncho x1,https://play.limitlesstcg.com/tournament/6aa6eed0f1243e65f9800555/player/avelino_off/decklist
Mega Lucario ex Lucario,1,1,False,thomasxavier21,ThomasXavier21,6a7e2b83cdc0391d7fa65afb,Umbreon99's Aura Sphere #4: $15 USD + Oak,219,2026-09-11,90,,2-6-0,mega-lucario-ex-b3-lucario-a2,Protective Poncho x1,https://play.limitlesstcg.com/tournament/6a7e2b83cdc0391d7fa65afb/player/thomasxavier21/decklist
Mega Lucario ex Lucario,1,1,False,dietdrkelp,𝗠𝗢𝗡⭐| Suede,6a989e74a4272c53be6453c4,🔥 TBC × HYPE PACKS: AFTERMADS #1 — $150 🔥,134,2026-09-13,94,7,1-6-0,mega-lucario-ex-b3-lucario-a2,Protective Poncho x1,https://play.limitlesstcg.com/tournament/6a989e74a4272c53be6453c4/player/dietdrkelp/decklist
Mega Lucario ex Lucario,1,1,False,thomasxavier21,ThomasXavier21,6aa6eed0f1243e65f9800555,🩷random r0zey pop up #3 | $25 + FA🩷,146,2026-09-13,98,3,1-2-0,mega-lucario-ex-b3-lucario-a2,Protective Poncho x1,https://play.limitlesstcg.com/tournament/6aa6eed0f1243e65f9800555/player/thomasxavier21/decklist
Mega Lucario ex Lucario,1,1,False,xxemmabooxx,xXEmmaBooXx,6a989e74a4272c53be6453c4,🔥 TBC × HYPE PACKS: AFTERMADS #1 — $150 🔥,134,2026-09-13,99,1,1-0-0,mega-lucario-ex-b3-lucario-a2,Protective Poncho x1,https://play.limitlesstcg.com/tournament/6a989e74a4272c53be6453c4/player/xxemmabooxx/decklist
Mega Lucario ex Lucario,1,1,False,thelivin,thelivin,6aa22425a4272c53be64ca36,The Breakfast Club Daily #5-$5 + FA,112,2026-09-10,103,,0-7-0,mega-lucario-ex-b3-lucario-a2,Protective Poncho x1,https://play.limitlesstcg.com/tournament/6aa22425a4272c53be64ca36/player/thelivin/decklist
Mega Lucario ex Lucario,1,1,False,iitzjonny95,iiTzJonny95,6a989e74a4272c53be6453c4,🔥 TBC × HYPE PACKS: AFTERMADS #1 — $150 🔥,134,2026-09-13,107,1,0-1-0,mega-lucario-ex-b3-lucario-a2,Protective Poncho x1,https://play.limitlesstcg.com/tournament/6a989e74a4272c53be6453c4/player/iitzjonny95/decklist
Mega Lucario ex Lucario,1,1,False,sawitlovers,SawitLovers,6a9dc423ab080c8c957fc250,The Breakfast Club Nightly-$20,118,2026-09-07,114,6,0-6-0,mega-lucario-ex-b3-lucario-a2,Rocky Helmet x2,https://play.limitlesstcg.com/tournament/6a9dc423ab080c8c957fc250/player/sawitlovers/decklist
Mega Lucario ex Lucario,1,1,False,ur_ciao,𝙈𝙉𝙍𝘾 | Fring B,6a8c5eb881741245b151d7e3,PMPT #44 - TEAM ROCKETS AMBITION!!! | $100 USD,378,2026-08-29,115,6,3-3-0,mega-lucario-ex-b3-lucario-a2,Rocky Helmet x1,https://play.limitlesstcg.com/tournament/6a8c5eb881741245b151d7e3/player/ur_ciao/decklist
Mega Lucario ex Lucario,1,1,False,xxemmabooxx,xXEmmaBooXx,6aa6eed0f1243e65f9800555,🩷random r0zey pop up #3 | $25 + FA🩷,146,2026-09-13,120,3,1-2-0,mega-lucario-ex-b3-lucario-a2,Protective Poncho x1,https://play.limitlesstcg.com/tournament/6aa6eed0f1243e65f9800555/player/xxemmabooxx/decklist
Mega Lucario ex Lucario,1,1,False,iitzjonny95,iiTzJonny95,6aa6eed0f1243e65f9800555,🩷random r0zey pop up #3 | $25 + FA🩷,146,2026-09-13,126,3,0-3-0,mega-lucario-ex-b3-lucario-a2,Protective Poncho x1,https://play.limitlesstcg.com/tournament/6aa6eed0f1243e65f9800555/player/iitzjonny95/decklist
Mega Lucario ex Lucario,1,1,False,thomasxavier21,ThomasXavier21,6a989e74a4272c53be6453c4,🔥 TBC × HYPE PACKS: AFTERMADS #1 — $150 🔥,134,2026-09-13,126,4,0-4-0,mega-lucario-ex-b3-lucario-a2,Protective Poncho x1,https://play.limitlesstcg.com/tournament/6a989e74a4272c53be6453c4/player/thomasxavier21/decklist
Mega Lucario ex Lucario,1,1,False,einstun,𝙈𝙚𝙜𝙖 Einstun 𝙀𝙭,6a989e74a4272c53be6453c4,🔥 TBC × HYPE PACKS: AFTERMADS #1 — $150 🔥,134,2026-09-13,128,3,0-3-0,mega-lucario-ex-b3-lucario-a2,Protective Poncho x1,https://play.limitlesstcg.com/tournament/6a989e74a4272c53be6453c4/player/einstun/decklist
Mega Lucario ex Lucario,1,1,False,elyeyo,elyeyo,6a8c5eb881741245b151d7e3,PMPT #44 - TEAM ROCKETS AMBITION!!! | $100 USD,378,2026-08-29,131,6,3-3-0,mega-lucario-ex-b3-lucario-a2,Protective Poncho x1; Rocky Helmet x1,https://play.limitlesstcg.com/tournament/6a8c5eb881741245b151d7e3/player/elyeyo/decklist
Mega Lucario ex Lucario,1,1,False,nivek,𝑿𝑻𝑹𝑬𝑴 | Nivèk,6a8c5eb881741245b151d7e3,PMPT #44 - TEAM ROCKETS AMBITION!!! | $100 USD,378,2026-08-29,148,6,3-3-0,mega-lucario-ex-b3-lucario-a2,Protective Poncho x1,https://play.limitlesstcg.com/tournament/6a8c5eb881741245b151d7e3/player/nivek/decklist
Mega Lucario ex Lucario,1,1,False,justclark,justclark,6a8c5eb881741245b151d7e3,PMPT #44 - TEAM ROCKETS AMBITION!!! | $100 USD,378,2026-08-29,172,4,2-2-0,mega-lucario-ex-b3-lucario-a2,Protective Poncho x1,https://play.limitlesstcg.com/tournament/6a8c5eb881741245b151d7e3/player/justclark/decklist
Mega Lucario ex Lucario,1,1,False,andres941cs,andres941cs,6a8c5eb881741245b151d7e3,PMPT #44 - TEAM ROCKETS AMBITION!!! | $100 USD,378,2026-08-29,182,6,2-4-0,mega-lucario-ex-lucario-b3,Protective Poncho x1,https://play.limitlesstcg.com/tournament/6a8c5eb881741245b151d7e3/player/andres941cs/decklist
Mega Lucario ex Lucario,1,1,False,einstun,𝙈𝙚𝙜𝙖 Einstun 𝙀𝙭,6a8c5eb881741245b151d7e3,PMPT #44 - TEAM ROCKETS AMBITION!!! | $100 USD,378,2026-08-29,186,6,2-4-0,mega-lucario-ex-b3-lucario-a2,Protective Poncho x1,https://play.limitlesstcg.com/tournament/6a8c5eb881741245b151d7e3/player/einstun/decklist
Mega Lucario ex Lucario,1,1,False,omarkztv,OMarkzTV,6a8c5eb881741245b151d7e3,PMPT #44 - TEAM ROCKETS AMBITION!!! | $100 USD,378,2026-08-29,232,2,1-1-0,mega-lucario-ex-b3-lucario-a2,Protective Poncho x1,https://play.limitlesstcg.com/tournament/6a8c5eb881741245b151d7e3/player/omarkztv/decklist
Mega Lucario ex Lucario,1,1,False,abnermoyai,AbnerMoyai,6a8c5eb881741245b151d7e3,PMPT #44 - TEAM ROCKETS AMBITION!!! | $100 USD,378,2026-08-29,354,2,0-2-0,mega-lucario-ex-b3-lucario-a2,Protective Poncho x1,https://play.limitlesstcg.com/tournament/6a8c5eb881741245b151d7e3/player/abnermoyai/decklist
Mega Lucario ex Lucario,1,1,False,kayoby,kayoby,6a7e2b83cdc0391d7fa65afb,Umbreon99's Aura Sphere #4: $15 USD + Oak,219,2026-09-11,,4,2-2-0,mega-lucario-ex-b3-lucario-a2,Protective Poncho x1,https://play.limitlesstcg.com/tournament/6a7e2b83cdc0391d7fa65afb/player/kayoby/decklist
Mega Lucario ex Lucario,1,1,False,pikamon,Pikamon,6a7e2b83cdc0391d7fa65afb,Umbreon99's Aura Sphere #4: $15 USD + Oak,219,2026-09-11,,5,2-3-0,mega-lucario-ex-b3-lucario-a2,Protective Poncho x1,https://play.limitlesstcg.com/tournament/6a7e2b83cdc0391d7fa65afb/player/pikamon/decklist
Mega Lucario ex Lucario,1,1,False,tavi2k,𝐑𝐅 | Tavi,6a7e2b83cdc0391d7fa65afb,Umbreon99's Aura Sphere #4: $15 USD + Oak,219,2026-09-11,,4,1-3-0,mega-lucario-ex-b3-lucario-a2,Protective Poncho x1,https://play.limitlesstcg.com/tournament/6a7e2b83cdc0391d7fa65afb/player/tavi2k/decklist
Mega Lucario ex Lucario,1,1,False,dietdrkelp,𝗠𝗢𝗡⭐| Suede,6a9f6899a4272c53be64a894,Umbreon99's Team Rocket's Bash: $10 USD + 🌈,172,2026-09-08,,6,3-3-0,mega-lucario-ex-b3-lucario-a2,Protective Poncho x1,https://play.limitlesstcg.com/tournament/6a9f6899a4272c53be64a894/player/dietdrkelp/decklist
Mega Lucario ex Lucario,1,1,False,moserk,moserk,6a9f6899a4272c53be64a894,Umbreon99's Team Rocket's Bash: $10 USD + 🌈,172,2026-09-08,,3,1-2-0,mega-lucario-ex-b3-lucario-a2,Protective Poncho x1,https://play.limitlesstcg.com/tournament/6a9f6899a4272c53be64a894/player/moserk/decklist
Mega Lucario ex Lucario,1,1,False,normo360,𝗠𝗮𝗴𝗺𝗮 StorM,6a9f6899a4272c53be64a894,Umbreon99's Team Rocket's Bash: $10 USD + 🌈,172,2026-09-08,,4,1-3-0,mega-lucario-ex-b3-lucario-a2,Protective Poncho x1,https://play.limitlesstcg.com/tournament/6a9f6899a4272c53be64a894/player/normo360/decklist
Mega Lucario ex Lucario,1,1,False,russ_ii,TBC || Russ,6a9f6899a4272c53be64a894,Umbreon99's Team Rocket's Bash: $10 USD + 🌈,172,2026-09-08,,2,0-2-0,mega-lucario-ex-b3-lucario-a2,Protective Poncho x1,https://play.limitlesstcg.com/tournament/6a9f6899a4272c53be64a894/player/russ_ii/decklist
Mega Lucario ex Lucario,1,1,False,saitake,Saitake,6a9f6899a4272c53be64a894,Umbreon99's Team Rocket's Bash: $10 USD + 🌈,172,2026-09-08,,6,3-3-0,mega-lucario-ex-b3-lucario-a2,Protective Poncho x1,https://play.limitlesstcg.com/tournament/6a9f6899a4272c53be64a894/player/saitake/decklist
Mega Lucario ex Lucario,1,1,False,kayoby,kayoby,6aa0471eab080c8c957fe27d,The PokeBounty Showdown $1000 Prize Pool (#2NA),142,2026-09-14,,4,1-3-0,mega-lucario-ex-b3-lucario-a2,Protective Poncho x1,https://play.limitlesstcg.com/tournament/6aa0471eab080c8c957fe27d/player/kayoby/decklist
Mega Lucario ex Lucario,1,1,False,aldous,Aldous,6a901ac60580a332c8420eaa,‼️$20 BEC'S 📛NEW SET PARTY - FA PRIZES🔻,133,2026-08-28,,3,0-3-0,mega-lucario-ex-b3-lucario-a2,Protective Poncho x1,https://play.limitlesstcg.com/tournament/6a901ac60580a332c8420eaa/player/aldous/decklist
Mega Lucario ex Lucario,1,1,False,quackquack,quackquack,6a901ac60580a332c8420eaa,‼️$20 BEC'S 📛NEW SET PARTY - FA PRIZES🔻,133,2026-08-28,,4,2-2-0,mega-lucario-ex-b3-lucario-a2,Protective Poncho x1,https://play.limitlesstcg.com/tournament/6a901ac60580a332c8420eaa/player/quackquack/decklist
Mega Lucario ex Lucario,1,1,False,sparadrap,Sparadrap,6a901ac60580a332c8420eaa,‼️$20 BEC'S 📛NEW SET PARTY - FA PRIZES🔻,133,2026-08-28,,4,1-3-0,mega-lucario-ex-b3-lucario-a2,Protective Poncho x1,https://play.limitlesstcg.com/tournament/6a901ac60580a332c8420eaa/player/sparadrap/decklist
Mega Lucario ex Lucario,1,1,False,ppitopin8,ppitopin8,6a9829c8a4272c53be644d74,The PokeBounty Showdown $1000 Prize Pool (#1),132,2026-09-07,,2,1-1-0,mega-lucario-ex-b3-lucario-a2,Protective Poncho x1,https://play.limitlesstcg.com/tournament/6a9829c8a4272c53be644d74/player/ppitopin8/decklist
Mega Lucario ex Lucario,1,1,False,sparadrap,Sparadrap,6a9829c8a4272c53be644d74,The PokeBounty Showdown $1000 Prize Pool (#1),132,2026-09-07,,3,0-3-0,mega-lucario-ex-b3-lucario-a2,Protective Poncho x1,https://play.limitlesstcg.com/tournament/6a9829c8a4272c53be644d74/player/sparadrap/decklist
Mega Lucario ex Lucario,1,1,False,dyja1,Diky J,6a789b5ccdc0391d7fa61ba9,The Dark League | CELEBRATORY FANFARE 685$ Value,120,2026-09-05,,7,2-5-0,mega-lucario-ex-b3-lucario-a2,Protective Poncho x1,https://play.limitlesstcg.com/tournament/6a789b5ccdc0391d7fa61ba9/player/dyja1/decklist
Mega Lucario ex Lucario,1,1,False,guunnz,𝗠𝗢𝗡⭐️ | guunnz,6a789b5ccdc0391d7fa61ba9,The Dark League | CELEBRATORY FANFARE 685$ Value,120,2026-09-05,,6,2-4-0,mega-lucario-ex-b3-lucario-a2,Protective Poncho x1,https://play.limitlesstcg.com/tournament/6a789b5ccdc0391d7fa61ba9/player/guunnz/decklist
Mega Lucario ex Lucario,1,1,False,johtopack,CIRC | Elegant,6a789b5ccdc0391d7fa61ba9,The Dark League | CELEBRATORY FANFARE 685$ Value,120,2026-09-05,,7,0-7-0,mega-lucario-ex-b3-lucario-a2,Protective Poncho x1,https://play.limitlesstcg.com/tournament/6a789b5ccdc0391d7fa61ba9/player/johtopack/decklist
Mega Lucario ex Lucario,1,1,False,justclark,justclark,6a789b5ccdc0391d7fa61ba9,The Dark League | CELEBRATORY FANFARE 685$ Value,120,2026-09-05,,5,2-3-0,mega-lucario-ex-b3-lucario-a2,Protective Poncho x1,https://play.limitlesstcg.com/tournament/6a789b5ccdc0391d7fa61ba9/player/justclark/decklist
Mega Lucario ex Lucario,1,1,False,lanora,𝗠𝗲𝗴𝗮 LaNora 𝗘𝗫,6a789b5ccdc0391d7fa61ba9,The Dark League | CELEBRATORY FANFARE 685$ Value,120,2026-09-05,,3,1-2-0,mega-lucario-ex-b3-lucario-a2,Protective Poncho x1,https://play.limitlesstcg.com/tournament/6a789b5ccdc0391d7fa61ba9/player/lanora/decklist
Mega Lucario ex Lucario,1,1,False,nunogdm,NunoGDM,6a789b5ccdc0391d7fa61ba9,The Dark League | CELEBRATORY FANFARE 685$ Value,120,2026-09-05,,2,0-2-0,mega-lucario-ex-b3-lucario-a2,Protective Poncho x1,https://play.limitlesstcg.com/tournament/6a789b5ccdc0391d7fa61ba9/player/nunogdm/decklist
Mega Lucario ex Lucario,1,1,False,ppitopin8,ppitopin8,6a789b5ccdc0391d7fa61ba9,The Dark League | CELEBRATORY FANFARE 685$ Value,120,2026-09-05,,2,0-2-0,mega-lucario-ex-b3-lucario-a2,Protective Poncho x1,https://play.limitlesstcg.com/tournament/6a789b5ccdc0391d7fa61ba9/player/ppitopin8/decklist
Mega Lucario ex Lucario,1,1,False,rayblu,DNT | Raybu,6a789b5ccdc0391d7fa61ba9,The Dark League | CELEBRATORY FANFARE 685$ Value,120,2026-09-05,,4,2-2-0,mega-lucario-ex-b3-lucario-a2,Protective Poncho x1,https://play.limitlesstcg.com/tournament/6a789b5ccdc0391d7fa61ba9/player/rayblu/decklist
Mega Lucario ex Lucario,1,1,False,spritzol,Spritzol,6a789b5ccdc0391d7fa61ba9,The Dark League | CELEBRATORY FANFARE 685$ Value,120,2026-09-05,,4,1-3-0,mega-lucario-ex-b3-lucario-a2,Protective Poncho x1,https://play.limitlesstcg.com/tournament/6a789b5ccdc0391d7fa61ba9/player/spritzol/decklist
Mega Lucario ex Lucario,1,1,False,aldous,Aldous,6a9718fd629039f77d8a790e,Plasma Daily #23| Team Rocket's Ambitions| FA Card,119,2026-09-02,,4,1-3-0,mega-lucario-ex-b3-lucario-a2,Protective Poncho x1,https://play.limitlesstcg.com/tournament/6a9718fd629039f77d8a790e/player/aldous/decklist
Mega Lucario ex Lucario,1,1,False,frozen,𝐄𝐥𝐢𝐭𝐞𝟒 Frozen,6a9718fd629039f77d8a790e,Plasma Daily #23| Team Rocket's Ambitions| FA Card,119,2026-09-02,,1,0-1-0,mega-lucario-ex-b3-lucario-a2,Protective Poncho x1,https://play.limitlesstcg.com/tournament/6a9718fd629039f77d8a790e/player/frozen/decklist
Mega Lucario ex Lucario,1,1,False,liamkrew,Liamkrew,6a9718fd629039f77d8a790e,Plasma Daily #23| Team Rocket's Ambitions| FA Card,119,2026-09-02,,2,0-2-0,mega-lucario-ex-b3-lucario-a2,Protective Poncho x1,https://play.limitlesstcg.com/tournament/6a9718fd629039f77d8a790e/player/liamkrew/decklist
Mega Lucario ex Lucario,1,1,False,supreme13,𝗕𝗮𝗹𝗱 Supreme,6a9718fd629039f77d8a790e,Plasma Daily #23| Team Rocket's Ambitions| FA Card,119,2026-09-02,,5,2-3-0,mega-lucario-ex-b3-lucario-a2,Protective Poncho x1,https://play.limitlesstcg.com/tournament/6a9718fd629039f77d8a790e/player/supreme13/decklist
Mega Lucario ex Lucario,1,1,False,tommykamikace,TommyKamikace,6a9718fd629039f77d8a790e,Plasma Daily #23| Team Rocket's Ambitions| FA Card,119,2026-09-02,,3,1-2-0,mega-lucario-ex-b3-lucario-a2,Protective Poncho x1,https://play.limitlesstcg.com/tournament/6a9718fd629039f77d8a790e/player/tommykamikace/decklist
Mega Lucario ex Lucario,1,1,False,acad,Acad,6aa17ddeab080c8c957ff0fe,Dark League Pocket Tournament | 20$USD Prize Pool,118,2026-09-12,,3,0-3-0,mega-lucario-ex-b3-lucario-a2,Protective Poncho x1,https://play.limitlesstcg.com/tournament/6aa17ddeab080c8c957ff0fe/player/acad/decklist
Mega Lucario ex Lucario,1,1,False,almezda,Almezda,6aa17ddeab080c8c957ff0fe,Dark League Pocket Tournament | 20$USD Prize Pool,118,2026-09-12,,7,2-4-1,mega-lucario-ex-b3-lucario-a2,Protective Poncho x1,https://play.limitlesstcg.com/tournament/6aa17ddeab080c8c957ff0fe/player/almezda/decklist
Mega Lucario ex Lucario,1,1,False,thomasxavier21,ThomasXavier21,6aa17ddeab080c8c957ff0fe,Dark League Pocket Tournament | 20$USD Prize Pool,118,2026-09-12,,4,1-3-0,mega-lucario-ex-b3-lucario-a2,Protective Poncho x1,https://play.limitlesstcg.com/tournament/6aa17ddeab080c8c957ff0fe/player/thomasxavier21/decklist
Mega Lucario ex Lucario,1,1,False,tk37z,TK37Z,6aa17ddeab080c8c957ff0fe,Dark League Pocket Tournament | 20$USD Prize Pool,118,2026-09-12,,6,1-5-0,mega-lucario-ex-b3-lucario-a2,Protective Poncho x1,https://play.limitlesstcg.com/tournament/6aa17ddeab080c8c957ff0fe/player/tk37z/decklist
Mega Lucario ex Lucario,1,1,False,dyja1,Diky Jayakusuma,6a78c5912b308b6067b4f421,Tournament Vegegras cash prize 100usd,116,2026-09-05,,7,0-7-0,mega-lucario-ex-b3-lucario-a2,Protective Poncho x1,https://play.limitlesstcg.com/tournament/6a78c5912b308b6067b4f421/player/dyja1/decklist
Mega Lucario ex Lucario,1,1,False,rayblu,Rayblu,6a78c5912b308b6067b4f421,Tournament Vegegras cash prize 100usd,116,2026-09-05,,2,1-1-0,mega-lucario-ex-b3-lucario-a2,Protective Poncho x1,https://play.limitlesstcg.com/tournament/6a78c5912b308b6067b4f421/player/rayblu/decklist
Mega Lucario ex Lucario,1,1,False,esteban0708,Esteban0708,6a96069dabb9482237504f7f,Plasma Daily #22| Team Rocket's Ambitions| FA Card,113,2026-09-01,,1,0-1-0,mega-lucario-ex-b3-lucario-a2,Protective Poncho x1,https://play.limitlesstcg.com/tournament/6a96069dabb9482237504f7f/player/esteban0708/decklist
Mega Lucario ex Lucario,1,1,False,flameking3,FLAMEKING3,6a96069dabb9482237504f7f,Plasma Daily #22| Team Rocket's Ambitions| FA Card,113,2026-09-01,,5,2-3-0,mega-lucario-ex-b3-lucario-a2,Protective Poncho x1,https://play.limitlesstcg.com/tournament/6a96069dabb9482237504f7f/player/flameking3/decklist
Mega Lucario ex Lucario,1,1,False,liamkrew,Liamkrew,6a96069dabb9482237504f7f,Plasma Daily #22| Team Rocket's Ambitions| FA Card,113,2026-09-01,,3,1-2-0,mega-lucario-ex-b3-lucario-a2,Protective Poncho x1,https://play.limitlesstcg.com/tournament/6a96069dabb9482237504f7f/player/liamkrew/decklist
Mega Lucario ex Lucario,1,1,False,sparadrap,Sparadrap,6a96069dabb9482237504f7f,Plasma Daily #22| Team Rocket's Ambitions| FA Card,113,2026-09-01,,4,1-3-0,mega-lucario-ex-b3-lucario-a2,Protective Poncho x1,https://play.limitlesstcg.com/tournament/6a96069dabb9482237504f7f/player/sparadrap/decklist
Mega Lucario ex Lucario,1,1,False,ppitopin8,ppitopin8,6aac7e78f127b1b52c27ba59,$40 USD+FA | 巫獅對戰塔盃 LeoWizard BattleTower Cup #12,112,2026-09-19,,3,1-2-0,mega-lucario-ex-b3-lucario-a2,Protective Poncho x1,https://play.limitlesstcg.com/tournament/6aac7e78f127b1b52c27ba59/player/ppitopin8/decklist
Mega Lucario ex Lucario,1,1,False,wongtw,SBS| wongtw,6aac7e78f127b1b52c27ba59,$40 USD+FA | 巫獅對戰塔盃 LeoWizard BattleTower Cup #12,112,2026-09-19,,2,0-2-0,mega-lucario-ex-b3-lucario-a2,Protective Poncho x1,https://play.limitlesstcg.com/tournament/6aac7e78f127b1b52c27ba59/player/wongtw/decklist
Mega Lucario ex Lucario,1,1,False,elatomico,PGX| El Atomico,6a94b2ffabb9482237504367,♨️Sauna X Almond POG Tournament #24|10USD + FA!,110,2026-09-02,,2,0-2-0,mega-lucario-ex-b3-lucario-a2,Protective Poncho x1,https://play.limitlesstcg.com/tournament/6a94b2ffabb9482237504367/player/elatomico/decklist
Mega Lucario ex Lucario,1,1,False,mambadaddy9,𝐃𝐍𝐓 | MambaD.9,6a94b2ffabb9482237504367,♨️Sauna X Almond POG Tournament #24|10USD + FA!,110,2026-09-02,,4,3-1-0,mega-lucario-ex-b3-lucario-a2,Protective Poncho x1,https://play.limitlesstcg.com/tournament/6a94b2ffabb9482237504367/player/mambadaddy9/decklist
Mega Lucario ex Lucario,1,1,False,axelniraj,Void ,6a90c1890580a332c842170e,🚀Nuggie's POG Tourney #14 $25 Winner Takes ALL🚀,106,2026-08-30,,4,2-2-0,mega-lucario-ex-b3-lucario-a2,Protective Poncho x1,https://play.limitlesstcg.com/tournament/6a90c1890580a332c842170e/player/axelniraj/decklist
Mega Lucario ex Lucario,1,1,False,brendon68,𝙄𝙈𝙋 | Brendon .,6a90c1890580a332c842170e,🚀Nuggie's POG Tourney #14 $25 Winner Takes ALL🚀,106,2026-08-30,,4,1-3-0,mega-lucario-ex-b3-lucario-a2,Protective Poncho x1,https://play.limitlesstcg.com/tournament/6a90c1890580a332c842170e/player/brendon68/decklist
Mega Lucario ex Lucario,1,1,False,godi,Godi,6a90c1890580a332c842170e,🚀Nuggie's POG Tourney #14 $25 Winner Takes ALL🚀,106,2026-08-30,,2,0-2-0,mega-lucario-ex-b3-lucario-a2,Protective Poncho x1,https://play.limitlesstcg.com/tournament/6a90c1890580a332c842170e/player/godi/decklist
Mega Lucario ex Lucario,1,1,False,grotolo,𝐃𝐍𝐓 | Grotolo,6a90c1890580a332c842170e,🚀Nuggie's POG Tourney #14 $25 Winner Takes ALL🚀,106,2026-08-30,,3,1-2-0,mega-lucario-ex-b3-lucario-a2,Protective Poncho x1,https://play.limitlesstcg.com/tournament/6a90c1890580a332c842170e/player/grotolo/decklist
Mega Lucario ex Lucario,1,1,False,avelino_off,AVELINO_OFF,6a7e2db92b308b6067b531d2,Umbreon99's Aura Sphere #5: $5 USD + OAK,89,2026-09-18,,3,1-2-0,mega-lucario-ex-b3-lucario-a2,Protective Poncho x1,https://play.limitlesstcg.com/tournament/6a7e2db92b308b6067b531d2/player/avelino_off/decklist
Mega Lucario ex Lucario,1,1,False,iono_ce,Iono_Ce,6a7e2db92b308b6067b531d2,Umbreon99's Aura Sphere #5: $5 USD + OAK,89,2026-09-18,,2,0-2-0,mega-lucario-ex-b3-lucario-a2,Protective Poncho x1,https://play.limitlesstcg.com/tournament/6a7e2db92b308b6067b531d2/player/iono_ce/decklist
Mega Lucario ex Lucario,1,1,False,sky_skywolf93,SKY_SkyWolf93,6a7e2db92b308b6067b531d2,Umbreon99's Aura Sphere #5: $5 USD + OAK,89,2026-09-18,,5,2-3-0,mega-lucario-ex-b3-lucario-a2,Protective Poncho x1,https://play.limitlesstcg.com/tournament/6a7e2db92b308b6067b531d2/player/sky_skywolf93/decklist
Mega Lucario ex Lucario,1,1,False,dietdrkelp,𝗠𝗢𝗡⭐| Suede,6aa682e4f1243e65f97ffebe,The PokeBounty Showdown Sunday Pop Up,83,2026-09-13,,3,0-3-0,mega-lucario-ex-b3-lucario-a2,Protective Poncho x1,https://play.limitlesstcg.com/tournament/6aa682e4f1243e65f97ffebe/player/dietdrkelp/decklist
Mega Lucario ex Lucario,1,1,False,avelino_off,AVELINO_OFF,6aa7cd2ff1243e65f9800e0f,TBC KELP CLASSIC 10th ANNIVERSARY- $10 + FA CYRUS,78,2026-09-15,,2,0-2-0,mega-lucario-ex-b3-lucario-a2,Protective Poncho x1,https://play.limitlesstcg.com/tournament/6aa7cd2ff1243e65f9800e0f/player/avelino_off/decklist
Mega Lucario ex Lucario,1,1,False,aldous,Aldous,6a985d35ab080c8c957f7fac,The Dark League Tournament | POP UP,77,2026-09-02,,4,1-3-0,mega-lucario-ex-b3-lucario-a2,Protective Poncho x1,https://play.limitlesstcg.com/tournament/6a985d35ab080c8c957f7fac/player/aldous/decklist
Mega Lucario ex Lucario,1,1,False,andregoat,𝐃𝐍𝐓 | Andre,6a985d35ab080c8c957f7fac,The Dark League Tournament | POP UP,77,2026-09-02,,5,2-3-0,mega-lucario-ex-b3-lucario-a2,Protective Poncho x1,https://play.limitlesstcg.com/tournament/6a985d35ab080c8c957f7fac/player/andregoat/decklist
Mega Lucario ex Lucario,1,1,False,cadu_f,𝗖𝗔𝗢𝗦 | Centaurus,6a985d35ab080c8c957f7fac,The Dark League Tournament | POP UP,77,2026-09-02,,4,1-3-0,mega-lucario-ex-b3-lucario-a2,Protective Poncho x1,https://play.limitlesstcg.com/tournament/6a985d35ab080c8c957f7fac/player/cadu_f/decklist
Mega Lucario ex Lucario,1,1,False,radarada,RadaRada,6a985d35ab080c8c957f7fac,The Dark League Tournament | POP UP,77,2026-09-02,,4,1-3-0,mega-lucario-ex-b3-lucario-a2,Rocky Helmet x1,https://play.limitlesstcg.com/tournament/6a985d35ab080c8c957f7fac/player/radarada/decklist
Mega Lucario ex Lucario,1,1,False,eeveeon,eeveeon,6a9e12feab080c8c957fc84e,♨️Sauna X Ev4de POG Tournament #27|10 USD+Top 4 FA,73,2026-09-11,,3,0-3-0,mega-lucario-ex-b3-lucario-a2,Protective Poncho x1,https://play.limitlesstcg.com/tournament/6a9e12feab080c8c957fc84e/player/eeveeon/decklist
Mega Lucario ex Lucario,1,1,False,esteban0708,Esteban0708,6a9e12feab080c8c957fc84e,♨️Sauna X Ev4de POG Tournament #27|10 USD+Top 4 FA,73,2026-09-11,,2,0-2-0,mega-lucario-ex-b3-lucario-a2,Protective Poncho x1,https://play.limitlesstcg.com/tournament/6a9e12feab080c8c957fc84e/player/esteban0708/decklist
Mega Lucario ex Lucario,1,1,False,iono_ce,Iono_Ce,6a9e12feab080c8c957fc84e,♨️Sauna X Ev4de POG Tournament #27|10 USD+Top 4 FA,73,2026-09-11,,5,1-4-0,mega-lucario-ex-b3-lucario-a2,Protective Poncho x1,https://play.limitlesstcg.com/tournament/6a9e12feab080c8c957fc84e/player/iono_ce/decklist
Mega Lucario ex Lucario,1,1,False,pikamon,Pikamon,6a9e12feab080c8c957fc84e,♨️Sauna X Ev4de POG Tournament #27|10 USD+Top 4 FA,73,2026-09-11,,5,2-3-0,mega-lucario-ex-b3-lucario-a2,Protective Poncho x1,https://play.limitlesstcg.com/tournament/6a9e12feab080c8c957fc84e/player/pikamon/decklist
Mega Lucario ex Lucario,1,1,False,r0zey,r0zey,6ab3aa2de905c1db68748664,TH Event's Presents: When DX Pack?!|5$ + FA's!,68,2026-09-23,,4,1-3-0,mega-lucario-ex-b3-lucario-a2,Protective Poncho x1,https://play.limitlesstcg.com/tournament/6ab3aa2de905c1db68748664/player/r0zey/decklist
Mega Lucario ex Lucario,1,1,False,sparadrap,Sparadrap,6ab3aa2de905c1db68748664,TH Event's Presents: When DX Pack?!|5$ + FA's!,68,2026-09-23,,4,1-3-0,mega-lucario-ex-b3-lucario-a2,Protective Poncho x1,https://play.limitlesstcg.com/tournament/6ab3aa2de905c1db68748664/player/sparadrap/decklist
Mega Lucario ex Lucario,1,1,False,dietdrkelp,𝗠𝗢𝗡⭐| Suede,6aa1e900a4272c53be64c5ce,THE BREAKFAST CLUB KELP CLASSIC #9 - $5,64,2026-09-10,,6,3-3-0,mega-lucario-ex-b3-lucario-a2,Protective Poncho x1,https://play.limitlesstcg.com/tournament/6aa1e900a4272c53be64c5ce/player/dietdrkelp/decklist
Mega Lucario ex Lucario,1,1,False,r0zey,r0zey,6aa1e900a4272c53be64c5ce,THE BREAKFAST CLUB KELP CLASSIC #9 - $5,64,2026-09-10,,3,0-3-0,mega-lucario-ex-b3-lucario-a2,Protective Poncho x1,https://play.limitlesstcg.com/tournament/6aa1e900a4272c53be64c5ce/player/r0zey/decklist
Mega Lucario ex Lucario,1,1,False,manatee,Manatee,6a8b7ef58302ae761e5fac0a,♨️Sauna's POG Tournament #23 |SLEEP BAN| 5USD + FA,60,2026-08-28,,4,1-3-0,mega-lucario-ex-b3-lucario-a2,Protective Poncho x1,https://play.limitlesstcg.com/tournament/6a8b7ef58302ae761e5fac0a/player/manatee/decklist
Mega Lucario ex Lucario,1,1,False,aluchitcg,AluchiTCG,6aa13feaa4272c53be64b94a,DR KELP’S CHUM BUCKET POP UP,49,2026-09-09,,5,2-3-0,mega-lucario-ex-b3-lucario-a2,Protective Poncho x1,https://play.limitlesstcg.com/tournament/6aa13feaa4272c53be64b94a/player/aluchitcg/decklist
Mega Lucario ex Lucario,1,1,False,russ_ii,TBC || Russ,6aa13feaa4272c53be64b94a,DR KELP’S CHUM BUCKET POP UP,49,2026-09-09,,2,0-2-0,mega-lucario-ex-b3-lucario-a2,Protective Poncho x1,https://play.limitlesstcg.com/tournament/6aa13feaa4272c53be64b94a/player/russ_ii/decklist
Mega Lucario ex Lucario,1,1,False,vitorinsky,Vitorinsky,6aa6942138886b36383be9a3,DR KELP’S CHUM BUCKET POP UP - FA COPYCAT,38,2026-09-13,,5,2-3-0,mega-lucario-ex-b3-lucario-a2,Protective Poncho x1,https://play.limitlesstcg.com/tournament/6aa6942138886b36383be9a3/player/vitorinsky/decklist
Mega Lucario ex Lucario,1,1,False,pedropato,𝗨𝗡𝗟 | Pedro Paulo,6a9ed1b3ab080c8c957fcda5,🇧🇷 Hit Sparrow #11 | TCG Pocket,22,2026-09-09,,3,1-2-0,mega-lucario-ex-b3-lucario-a2,Protective Poncho x1,https://play.limitlesstcg.com/tournament/6a9ed1b3ab080c8c957fcda5/player/pedropato/decklist
Butterfree Mega Sceptile ex,3,3,False,fitypaldis,Fitypaldis,6aa17ddeab080c8c957ff0fe,Dark League Pocket Tournament | 20$USD Prize Pool,118,2026-09-12,10,,7-3-0,butterfree-b3b-mega-sceptile-ex-b3,Protective Poncho x1,https://play.limitlesstcg.com/tournament/6aa17ddeab080c8c957ff0fe/player/fitypaldis/decklist
Butterfree Mega Sceptile ex,3,3,False,khaeruibnum,khaeruibnum,6aaac3d9f1243e65f9802bad,🥊 20$ BEC'S KING OF THE HILL - ANY FA PRIZE!,95,2026-09-18,65,,0-1-0,butterfree-b3b-mega-sceptile-ex-b3,Protective Poncho x1,https://play.limitlesstcg.com/tournament/6aaac3d9f1243e65f9802bad/player/khaeruibnum/decklist
Butterfree Mega Sceptile ex,3,3,False,azin,Azin,6aa1e900a4272c53be64c5ce,THE BREAKFAST CLUB KELP CLASSIC #9 - $5,64,2026-09-10,,4,1-3-0,butterfree-b3b-mega-sceptile-ex-b3,Protective Poncho x1,https://play.limitlesstcg.com/tournament/6aa1e900a4272c53be64c5ce/player/azin/decklist
Vespiquen ex Shuckle ex,4,4,False,xanypopper,²ᵀ|Xanny ,6ab04f7fe905c1db6874671c,Xasturpice Theater 🎭 #1 | 🏆 Full Art Oak,22,2026-09-21,5,,4-1-2,vespiquen-ex-b4-shuckle-ex-a4,Blue x1,https://play.limitlesstcg.com/tournament/6ab04f7fe905c1db6874671c/player/xanypopper/decklist
Vespiquen ex Shuckle ex,4,4,False,xastur,Xastur,6ab04f7fe905c1db6874671c,Xasturpice Theater 🎭 #1 | 🏆 Full Art Oak,22,2026-09-21,8,,4-3-0,vespiquen-ex-b4-shuckle-ex-a4,Blue x1,https://play.limitlesstcg.com/tournament/6ab04f7fe905c1db6874671c/player/xastur/decklist
Vespiquen ex Shuckle ex,4,4,False,2sick,²ᵀ| ²ꜱɪᴄᴋ,6ab04f7fe905c1db6874671c,Xasturpice Theater 🎭 #1 | 🏆 Full Art Oak,22,2026-09-21,11,,3-3-0,vespiquen-ex-b4-shuckle-ex-a4,Blue x1,https://play.limitlesstcg.com/tournament/6ab04f7fe905c1db6874671c/player/2sick/decklist
Vespiquen ex Shuckle ex,4,4,False,2sick,²ᵀ| ²ꜱɪᴄᴋ,6aabc067f1243e65f98035ec,The TCGP Arena #6! Prizing: 🌟🌟 Cards,53,2026-09-21,,4,1-3-0,vespiquen-ex-b4-shuckle-ex-a4,Blue x1,https://play.limitlesstcg.com/tournament/6aabc067f1243e65f98035ec/player/2sick/decklist
Suicune ex Baxcalibur,5,5,False,danico,Danico,6aa22425a4272c53be64ca36,The Breakfast Club Daily #5-$5 + FA,112,2026-09-10,11,,6-3-0,suicune-ex-a4a-baxcalibur-b2a,Frigibax x2,https://play.limitlesstcg.com/tournament/6aa22425a4272c53be64ca36/player/danico/decklist
Suicune ex Baxcalibur,5,5,False,bigdev,BigDev,6a8c5eb881741245b151d7e3,PMPT #44 - TEAM ROCKETS AMBITION!!! | $100 USD,378,2026-08-29,14,,8-3-0,suicune-ex-a4a-baxcalibur-b2a,Frigibax x1,https://play.limitlesstcg.com/tournament/6a8c5eb881741245b151d7e3/player/bigdev/decklist
Suicune ex Baxcalibur,5,5,False,nj_210zz,Nj_210zz,6a90e8157a62de8130140dee,The Breakfast Club Xastur's Showdown-$5+OAK+,97,2026-08-28,20,,5-2-1,suicune-ex-a4a-baxcalibur-b2a,Frigibax x2,https://play.limitlesstcg.com/tournament/6a90e8157a62de8130140dee/player/nj_210zz/decklist
Suicune ex Baxcalibur,5,5,False,nyrq,nyrq the rookie,6ab3aa2de905c1db68748664,TH Event's Presents: When DX Pack?!|5$ + FA's!,68,2026-09-23,23,,3-3-1,suicune-ex-a4a-baxcalibur-b2a,Frigibax x2,https://play.limitlesstcg.com/tournament/6ab3aa2de905c1db68748664/player/nyrq/decklist
Suicune ex Baxcalibur,5,5,False,koehearts,𝗕𝗢𝗔𝗧 | Koe,6a918b3d629039f77d8a40ca,Pop Up Series 8 || 3 FA OAKS + DX SHINIES,66,2026-08-29,25,,3-2-0,suicune-ex-a4a-baxcalibur-b2a,Frigibax x1,https://play.limitlesstcg.com/tournament/6a918b3d629039f77d8a40ca/player/koehearts/decklist
Suicune ex Baxcalibur,5,5,False,cosmooo,FrogEX | Cosmo,6a99bbffa4272c53be645f44,Block Dragon Pop Up (RR Team Rockets Raticate),60,2026-09-03,28,4,2-2-0,suicune-ex-a4a-baxcalibur-b2a,Frigibax x1,https://play.limitlesstcg.com/tournament/6a99bbffa4272c53be645f44/player/cosmooo/decklist
Suicune ex Baxcalibur,5,5,False,joset305,JoseT305,6a947113629039f77d8a5c46,Dark League Pop Up,57,2026-08-30,28,,1-5-0,suicune-ex-a4a-baxcalibur-b2a,Frigibax x1,https://play.limitlesstcg.com/tournament/6a947113629039f77d8a5c46/player/joset305/decklist
Suicune ex Baxcalibur,5,5,False,leviedelman,SHARPSH00TER85 ,6a918b3d629039f77d8a40ca,Pop Up Series 8 || 3 FA OAKS + DX SHINIES,66,2026-08-29,30,4,2-2-0,suicune-ex-a4a-baxcalibur-b2a,Frigibax x1,https://play.limitlesstcg.com/tournament/6a918b3d629039f77d8a40ca/player/leviedelman/decklist
Suicune ex Baxcalibur,5,5,False,gigagoat,GigaGoat,6a99bbffa4272c53be645f44,Block Dragon Pop Up (RR Team Rockets Raticate),60,2026-09-03,43,4,1-3-0,suicune-ex-a4a-baxcalibur-b2a,Frigibax x1,https://play.limitlesstcg.com/tournament/6a99bbffa4272c53be645f44/player/gigagoat/decklist
Suicune ex Baxcalibur,5,5,False,diegolq,diegolq,6a9718fd629039f77d8a790e,Plasma Daily #23| Team Rocket's Ambitions| FA Card,119,2026-09-02,53,,2-4-0,suicune-ex-a4a-baxcalibur-b2a,Frigibax x1,https://play.limitlesstcg.com/tournament/6a9718fd629039f77d8a790e/player/diegolq/decklist
Suicune ex Baxcalibur,5,5,False,knowticetko,𝗠𝗢𝗡⭐️ | KnowticeTkO,6a918b3d629039f77d8a40ca,Pop Up Series 8 || 3 FA OAKS + DX SHINIES,66,2026-08-29,55,2,0-2-0,suicune-ex-a4a-baxcalibur-b2a,Frigibax x1,https://play.limitlesstcg.com/tournament/6a918b3d629039f77d8a40ca/player/knowticetko/decklist
Suicune ex Baxcalibur,5,5,False,diegolq,diegolq,6a8c5eb881741245b151d7e3,PMPT #44 - TEAM ROCKETS AMBITION!!! | $100 USD,378,2026-08-29,57,,6-3-0,suicune-ex-a4a-baxcalibur-b2a,Frigibax x1,https://play.limitlesstcg.com/tournament/6a8c5eb881741245b151d7e3/player/diegolq/decklist
Suicune ex Baxcalibur,5,5,False,marckedcards,MarckedCards,6a9718fd629039f77d8a790e,Plasma Daily #23| Team Rocket's Ambitions| FA Card,119,2026-09-02,61,,0-6-0,suicune-ex-a4a-baxcalibur-b2a,Frigibax x1,https://play.limitlesstcg.com/tournament/6a9718fd629039f77d8a790e/player/marckedcards/decklist
Suicune ex Baxcalibur,5,5,False,dietdrkelp,𝗠𝗢𝗡⭐| Suede,6a90e8157a62de8130140dee,The Breakfast Club Xastur's Showdown-$5+OAK+,97,2026-08-28,68,3,1-2-0,suicune-ex-a4a-baxcalibur-b2a,Frigibax x1,https://play.limitlesstcg.com/tournament/6a90e8157a62de8130140dee/player/dietdrkelp/decklist
Suicune ex Baxcalibur,5,5,False,porkyra,Porkyra,6a8c5eb881741245b151d7e3,PMPT #44 - TEAM ROCKETS AMBITION!!! | $100 USD,378,2026-08-29,107,7,4-3-0,suicune-ex-a4a-baxcalibur-b2a,Frigibax x1,https://play.limitlesstcg.com/tournament/6a8c5eb881741245b151d7e3/player/porkyra/decklist
Suicune ex Baxcalibur,5,5,False,tree121,Tree121,6a8c5eb881741245b151d7e3,PMPT #44 - TEAM ROCKETS AMBITION!!! | $100 USD,378,2026-08-29,156,7,2-4-1,suicune-ex-a4a-baxcalibur-b2a,Frigibax x2,https://play.limitlesstcg.com/tournament/6a8c5eb881741245b151d7e3/player/tree121/decklist
Suicune ex Baxcalibur,5,5,False,gin1234,Gin1234,6a8c5eb881741245b151d7e3,PMPT #44 - TEAM ROCKETS AMBITION!!! | $100 USD,378,2026-08-29,187,5,2-3-0,suicune-ex-a4a-baxcalibur-b2a,Frigibax x1,https://play.limitlesstcg.com/tournament/6a8c5eb881741245b151d7e3/player/gin1234/decklist
Suicune ex Baxcalibur,5,5,False,javiercazorla,Javiercazorla,6a8c5eb881741245b151d7e3,PMPT #44 - TEAM ROCKETS AMBITION!!! | $100 USD,378,2026-08-29,189,5,2-3-0,suicune-ex-a4a-baxcalibur-b2a,Frigibax x1,https://play.limitlesstcg.com/tournament/6a8c5eb881741245b151d7e3/player/javiercazorla/decklist
Suicune ex Baxcalibur,5,5,False,danico,Danico,6a8c5eb881741245b151d7e3,PMPT #44 - TEAM ROCKETS AMBITION!!! | $100 USD,378,2026-08-29,259,5,1-4-0,suicune-ex-a4a-baxcalibur-b2a,Frigibax x2,https://play.limitlesstcg.com/tournament/6a8c5eb881741245b151d7e3/player/danico/decklist
Suicune ex Baxcalibur,5,5,False,waterbetter,Waterbetter,6a8c5eb881741245b151d7e3,PMPT #44 - TEAM ROCKETS AMBITION!!! | $100 USD,378,2026-08-29,325,1,0-1-0,suicune-ex-a4a-baxcalibur-b2a,Frigibax x1,https://play.limitlesstcg.com/tournament/6a8c5eb881741245b151d7e3/player/waterbetter/decklist
Suicune ex Baxcalibur,5,5,False,bruhs,Cheese awww,6a94b2ffabb9482237504367,♨️Sauna X Almond POG Tournament #24|10USD + FA!,110,2026-09-02,,3,0-3-0,suicune-ex-a4a-baxcalibur-b2a,Frigibax x2,https://play.limitlesstcg.com/tournament/6a94b2ffabb9482237504367/player/bruhs/decklist
Suicune ex Baxcalibur,5,5,False,diegolq,diegolq,6a985d35ab080c8c957f7fac,The Dark League Tournament | POP UP,77,2026-09-02,,4,1-3-0,suicune-ex-a4a-baxcalibur-b2a,Frigibax x1,https://play.limitlesstcg.com/tournament/6a985d35ab080c8c957f7fac/player/diegolq/decklist
Team Rocket's Weezing ex Hoopa ex,6,7,True,frappesdrinker,sZero | frappesdrinker,6a96b86babb948223750549c,Dark League Pop Up,46,2026-09-01,2,,7-2-2,team-rockets-weezing-ex-b4a-hoopa-ex-b4,Mega Sableye ex x1,https://play.limitlesstcg.com/tournament/6a96b86babb948223750549c/player/frappesdrinker/decklist
Team Rocket's Weezing ex Hoopa ex,6,7,True,guunnz,𝗠𝗢𝗡⭐️ | guunnz,6a981923a4272c53be644ca8,DR. KELP’S CHUM BUCKET POP UP,31,2026-09-02,2,,6-3-1,team-rockets-weezing-ex-b4a-hoopa-ex-b4,Mega Sableye ex x1,https://play.limitlesstcg.com/tournament/6a981923a4272c53be644ca8/player/guunnz/decklist
Team Rocket's Weezing ex Hoopa ex,6,7,True,jestre,Jestre,6ab04f7fe905c1db6874671c,Xasturpice Theater 🎭 #1 | 🏆 Full Art Oak,22,2026-09-21,2,,6-3-0,team-rockets-weezing-ex-b4a-hoopa-ex-b4,Mega Sableye ex x1,https://play.limitlesstcg.com/tournament/6ab04f7fe905c1db6874671c/player/jestre/decklist
Team Rocket's Weezing ex Hoopa ex,6,7,True,kto206,kto206,6a9836ffa4272c53be644df4,Trinity Tournament 2,23,2026-09-05,3,,3-1-0,team-rockets-weezing-ex-b4a-hoopa-ex-b4,Mega Sableye ex x1,https://play.limitlesstcg.com/tournament/6a9836ffa4272c53be644df4/player/kto206/decklist
Team Rocket's Weezing ex Hoopa ex,6,7,True,adi1906,Adi1906,6a9718fd629039f77d8a790e,Plasma Daily #23| Team Rocket's Ambitions| FA Card,119,2026-09-02,6,,6-1-2,team-rockets-weezing-ex-b4a-hoopa-ex-b4,Mega Sableye ex x1,https://play.limitlesstcg.com/tournament/6a9718fd629039f77d8a790e/player/adi1906/decklist
Team Rocket's Weezing ex Hoopa ex,6,7,True,jestre,Jestre,6a9829c8a4272c53be644d74,The PokeBounty Showdown $1000 Prize Pool (#1),132,2026-09-07,8,,7-3-0,team-rockets-weezing-ex-b4a-hoopa-ex-b4,Mega Sableye ex x1,https://play.limitlesstcg.com/tournament/6a9829c8a4272c53be644d74/player/jestre/decklist
Team Rocket's Weezing ex Hoopa ex,6,7,True,frappesdrinker,sZero | frappesdrinker,6a981923a4272c53be644ca8,DR. KELP’S CHUM BUCKET POP UP,31,2026-09-02,11,,4-2-1,team-rockets-weezing-ex-b4a-hoopa-ex-b4,Mega Sableye ex x1,https://play.limitlesstcg.com/tournament/6a981923a4272c53be644ca8/player/frappesdrinker/decklist
Team Rocket's Weezing ex Hoopa ex,6,7,True,falk47,Falk47,6ab04f7fe905c1db6874671c,Xasturpice Theater 🎭 #1 | 🏆 Full Art Oak,22,2026-09-21,14,,2-4-0,team-rockets-weezing-ex-b4a-hoopa-ex-b4,Mega Sableye ex x1,https://play.limitlesstcg.com/tournament/6ab04f7fe905c1db6874671c/player/falk47/decklist
Team Rocket's Weezing ex Hoopa ex,6,7,True,ibfasting,𝗕𝗢𝗔𝗧 | Fasting,6a789b5ccdc0391d7fa61ba9,The Dark League | CELEBRATORY FANFARE 685$ Value,120,2026-09-05,15,,5-3-1,team-rockets-weezing-ex-b4a-hoopa-ex-b4,Mega Sableye ex x1,https://play.limitlesstcg.com/tournament/6a789b5ccdc0391d7fa61ba9/player/ibfasting/decklist
Team Rocket's Weezing ex Hoopa ex,6,7,True,nyrq,nyrq,6a99bbffa4272c53be645f44,Block Dragon Pop Up (RR Team Rockets Raticate),60,2026-09-03,24,,3-3-0,team-rockets-weezing-ex-b4a-hoopa-ex-b4,Mega Sableye ex x1,https://play.limitlesstcg.com/tournament/6a99bbffa4272c53be645f44/player/nyrq/decklist
Team Rocket's Weezing ex Hoopa ex,6,7,True,jestre,Jestre,6aa89ad438886b36383c071a,✧･❀🌸Flutter Festival Debut! -15$🌸❀･✧,80,2026-09-16,25,,3-3-0,team-rockets-weezing-ex-b4a-hoopa-ex-b4,Mega Sableye ex x1,https://play.limitlesstcg.com/tournament/6aa89ad438886b36383c071a/player/jestre/decklist
Team Rocket's Weezing ex Hoopa ex,6,7,True,supreme13,𝗕𝗮𝗹𝗱 Supreme,6a99bbffa4272c53be645f44,Block Dragon Pop Up (RR Team Rockets Raticate),60,2026-09-03,26,,3-3-0,team-rockets-weezing-ex-b4a-hoopa-ex-b4,Mega Sableye ex x1,https://play.limitlesstcg.com/tournament/6a99bbffa4272c53be645f44/player/supreme13/decklist
Team Rocket's Weezing ex Hoopa ex,6,7,True,frappesdrinker,sZero | frappesdrinker,6a985d35ab080c8c957f7fac,The Dark League Tournament | POP UP,77,2026-09-02,27,,4-3-0,team-rockets-weezing-ex-b4a-hoopa-ex-b4,Mega Sableye ex x1,https://play.limitlesstcg.com/tournament/6a985d35ab080c8c957f7fac/player/frappesdrinker/decklist
Team Rocket's Weezing ex Hoopa ex,6,7,True,frappesdrinker,sZero | frappesdrinker,6a9718fd629039f77d8a790e,Plasma Daily #23| Team Rocket's Ambitions| FA Card,119,2026-09-02,31,,4-3-0,team-rockets-weezing-ex-b4a-hoopa-ex-b4,Mega Sableye ex x1,https://play.limitlesstcg.com/tournament/6a9718fd629039f77d8a790e/player/frappesdrinker/decklist
Team Rocket's Weezing ex Hoopa ex,6,7,True,jestre,Jestre,6aa6eed0f1243e65f9800555,🩷random r0zey pop up #3 | $25 + FA🩷,146,2026-09-13,36,,4-3-0,team-rockets-weezing-ex-b4a-hoopa-ex-b4,Mega Sableye ex x1,https://play.limitlesstcg.com/tournament/6aa6eed0f1243e65f9800555/player/jestre/decklist
Team Rocket's Weezing ex Hoopa ex,6,7,True,guiz3r,Guiz3r,6a96069dabb9482237504f7f,Plasma Daily #22| Team Rocket's Ambitions| FA Card,113,2026-09-01,40,,3-3-0,team-rockets-weezing-ex-b4a-hoopa-ex-b4,Mega Sableye ex x1,https://play.limitlesstcg.com/tournament/6a96069dabb9482237504f7f/player/guiz3r/decklist
Team Rocket's Weezing ex Hoopa ex,6,7,True,victorssito,PGX | victorssito,6a78c5912b308b6067b4f421,Tournament Vegegras cash prize 100usd,116,2026-09-05,48,,3-4-0,team-rockets-weezing-ex-b4a-hoopa-ex-b4,Mega Sableye ex x1,https://play.limitlesstcg.com/tournament/6a78c5912b308b6067b4f421/player/victorssito/decklist
Team Rocket's Weezing ex Hoopa ex,6,7,True,ibfasting,𝗕𝗢𝗔𝗧 | Fasting,6a78c5912b308b6067b4f421,Tournament Vegegras cash prize 100usd,116,2026-09-05,49,,3-4-0,team-rockets-weezing-ex-b4a-hoopa-ex-b4,Mega Sableye ex x1,https://play.limitlesstcg.com/tournament/6a78c5912b308b6067b4f421/player/ibfasting/decklist
Team Rocket's Weezing ex Hoopa ex,6,7,True,faficha,Faficha,6a96069dabb9482237504f7f,Plasma Daily #22| Team Rocket's Ambitions| FA Card,113,2026-09-01,56,,1-5-0,team-rockets-weezing-ex-b4a-hoopa-ex-b4,Mega Sableye ex x1,https://play.limitlesstcg.com/tournament/6a96069dabb9482237504f7f/player/faficha/decklist
Team Rocket's Weezing ex Hoopa ex,6,7,True,jestre,Jestre,6a9dc423ab080c8c957fc250,The Breakfast Club Nightly-$20,118,2026-09-07,63,4,2-2-0,team-rockets-weezing-ex-b4a-hoopa-ex-b4,Mega Sableye ex x1,https://play.limitlesstcg.com/tournament/6a9dc423ab080c8c957fc250/player/jestre/decklist
Team Rocket's Weezing ex Hoopa ex,6,7,True,kto206,kto206,6a9b4f52ab080c8c957fa3d7,TBC Presents: Breakfast & Breakdowns🔥,97,2026-09-06,78,,1-6-0,team-rockets-weezing-ex-b4a-hoopa-ex-b4,Mega Sableye ex x1,https://play.limitlesstcg.com/tournament/6a9b4f52ab080c8c957fa3d7/player/kto206/decklist
Team Rocket's Weezing ex Hoopa ex,6,7,True,alana,𝗠𝗲𝗴𝗮 Sarimi Isi 2 𝗘𝗫,6aa22425a4272c53be64ca36,The Breakfast Club Daily #5-$5 + FA,112,2026-09-10,87,,1-6-0,team-rockets-weezing-ex-b4a-hoopa-ex-b4,Mega Sableye ex x1,https://play.limitlesstcg.com/tournament/6aa22425a4272c53be64ca36/player/alana/decklist
Team Rocket's Weezing ex Hoopa ex,6,7,True,nandosgude,PGX | Nandosgude,6a9f6899a4272c53be64a894,Umbreon99's Team Rocket's Bash: $10 USD + 🌈,172,2026-09-08,,5,2-3-0,team-rockets-weezing-ex-b4a-hoopa-ex-b4,Mega Sableye ex x1,https://play.limitlesstcg.com/tournament/6a9f6899a4272c53be64a894/player/nandosgude/decklist
Team Rocket's Weezing ex Hoopa ex,6,7,True,jrab,jrab,6a9829c8a4272c53be644d74,The PokeBounty Showdown $1000 Prize Pool (#1),132,2026-09-07,,3,1-2-0,team-rockets-weezing-ex-b4a-hoopa-ex-b4,Mega Sableye ex x1,https://play.limitlesstcg.com/tournament/6a9829c8a4272c53be644d74/player/jrab/decklist
Team Rocket's Weezing ex Hoopa ex,6,7,True,kto206,kto206,6a789b5ccdc0391d7fa61ba9,The Dark League | CELEBRATORY FANFARE 685$ Value,120,2026-09-05,,5,2-3-0,team-rockets-weezing-ex-b4a-hoopa-ex-b4,Mega Sableye ex x1,https://play.limitlesstcg.com/tournament/6a789b5ccdc0391d7fa61ba9/player/kto206/decklist
Team Rocket's Weezing ex Hoopa ex,6,7,True,dyegopb,dyegopb,6a9718fd629039f77d8a790e,Plasma Daily #23| Team Rocket's Ambitions| FA Card,119,2026-09-02,,3,1-2-0,team-rockets-weezing-ex-b4a-hoopa-ex-b4,Mega Sableye ex x1,https://play.limitlesstcg.com/tournament/6a9718fd629039f77d8a790e/player/dyegopb/decklist
Team Rocket's Weezing ex Hoopa ex,6,7,True,faficha,Faficha,6a9718fd629039f77d8a790e,Plasma Daily #23| Team Rocket's Ambitions| FA Card,119,2026-09-02,,5,2-3-0,team-rockets-weezing-ex-b4a-hoopa-ex-b4,Mega Sableye ex x1,https://play.limitlesstcg.com/tournament/6a9718fd629039f77d8a790e/player/faficha/decklist
Team Rocket's Weezing ex Hoopa ex,6,7,True,kto206,kto206,6a78c5912b308b6067b4f421,Tournament Vegegras cash prize 100usd,116,2026-09-05,,2,0-2-0,team-rockets-weezing-ex-b4a-hoopa-ex-b4,Mega Sableye ex x1,https://play.limitlesstcg.com/tournament/6a78c5912b308b6067b4f421/player/kto206/decklist
Team Rocket's Weezing ex Hoopa ex,6,7,True,frappesdrinker,sZero | frappesdrinker,6a96069dabb9482237504f7f,Plasma Daily #22| Team Rocket's Ambitions| FA Card,113,2026-09-01,,2,0-2-0,team-rockets-weezing-ex-b4a-hoopa-ex-b4,Mega Sableye ex x1,https://play.limitlesstcg.com/tournament/6a96069dabb9482237504f7f/player/frappesdrinker/decklist
Team Rocket's Weezing ex Hoopa ex,6,7,True,leviathanko,LeviathanKO,6a96069dabb9482237504f7f,Plasma Daily #22| Team Rocket's Ambitions| FA Card,113,2026-09-01,,4,1-3-0,team-rockets-weezing-ex-b4a-hoopa-ex-b4,Mega Sableye ex x1,https://play.limitlesstcg.com/tournament/6a96069dabb9482237504f7f/player/leviathanko/decklist
Team Rocket's Weezing ex Hoopa ex,6,7,True,sheedy,𝗕𝗢𝗔𝗧 | sheedy,6a94b2ffabb9482237504367,♨️Sauna X Almond POG Tournament #24|10USD + FA!,110,2026-09-02,,5,2-3-0,team-rockets-weezing-ex-b4a-hoopa-ex-b4,Mega Sableye ex x1,https://play.limitlesstcg.com/tournament/6a94b2ffabb9482237504367/player/sheedy/decklist
Team Rocket's Weezing ex Hoopa ex,6,7,True,ibfasting,𝗕𝗢𝗔𝗧 | Fasting,6a985d35ab080c8c957f7fac,The Dark League Tournament | POP UP,77,2026-09-02,,5,2-3-0,team-rockets-weezing-ex-b4a-hoopa-ex-b4,Mega Sableye ex x1,https://play.limitlesstcg.com/tournament/6a985d35ab080c8c957f7fac/player/ibfasting/decklist
Team Rocket's Weezing ex Hoopa ex,6,7,True,kto206,kto206,6a985d35ab080c8c957f7fac,The Dark League Tournament | POP UP,77,2026-09-02,,4,1-3-0,team-rockets-weezing-ex-b4a-hoopa-ex-b4,Mega Sableye ex x1,https://play.limitlesstcg.com/tournament/6a985d35ab080c8c957f7fac/player/kto206/decklist
Team Rocket's Weezing ex Hoopa ex,6,7,True,rmgzane,PGX | RMGZANE,6a947113629039f77d8a5c46,Dark League Pop Up,57,2026-08-30,,6,3-3-0,team-rockets-weezing-ex-b4a-hoopa-ex-b4,Mega Sableye ex x1,https://play.limitlesstcg.com/tournament/6a947113629039f77d8a5c46/player/rmgzane/decklist
Team Rocket's Weezing ex Hoopa ex,6,7,True,mosokaku,Mosokaku,6a981923a4272c53be644ca8,DR. KELP’S CHUM BUCKET POP UP,31,2026-09-02,,3,0-3-0,team-rockets-weezing-ex-b4a-hoopa-ex-b4,Mega Sableye ex x1,https://play.limitlesstcg.com/tournament/6a981923a4272c53be644ca8/player/mosokaku/decklist
Mega Blaziken ex,7,13,True,marhadi,MarHaDi,6a789b5ccdc0391d7fa61ba9,The Dark League | CELEBRATORY FANFARE 685$ Value,120,2026-09-05,1,,9-2-1,mega-blaziken-ex-b1,Rocky Helmet x1,https://play.limitlesstcg.com/tournament/6a789b5ccdc0391d7fa61ba9/player/marhadi/decklist
Mega Blaziken ex,7,13,True,legendoery,mega blaziken because i dont like vespiqueen,6a90e8157a62de8130140dee,The Breakfast Club Xastur's Showdown-$5+OAK+,97,2026-08-28,1,,11-1-0,mega-blaziken-ex-b1,Rocky Helmet x1,https://play.limitlesstcg.com/tournament/6a90e8157a62de8130140dee/player/legendoery/decklist
Mega Blaziken ex,7,13,True,shinra67,𝗕𝗢𝗔𝗧| Satoru Gojo,6a918b3d629039f77d8a40ca,Pop Up Series 8 || 3 FA OAKS + DX SHINIES,66,2026-08-29,1,,8-1-0,mega-blaziken-ex-b1,Rocky Helmet x1,https://play.limitlesstcg.com/tournament/6a918b3d629039f77d8a40ca/player/shinra67/decklist
Mega Blaziken ex,7,13,True,minato,minato,6a98fd1ba4272c53be6457c3,TBC The Rowdy Russell Rumble-$20-QUICK,53,2026-09-03,3,,6-3-0,mega-blaziken-ex-b1,Rocky Helmet x1,https://play.limitlesstcg.com/tournament/6a98fd1ba4272c53be6457c3/player/minato/decklist
Mega Blaziken ex,7,13,True,fzin,João Vitor,6a92710aabb9482237502fc0,🇧🇷 Hit Sparrow #10 | TCG Pocket,20,2026-09-02,3,,3-2-0,mega-blaziken-ex-b1,Rocky Helmet x1,https://play.limitlesstcg.com/tournament/6a92710aabb9482237502fc0/player/fzin/decklist
Mega Blaziken ex,7,13,True,njjord7,FrogEX | Njord,6a90c1890580a332c842170e,🚀Nuggie's POG Tourney #14 $25 Winner Takes ALL🚀,106,2026-08-30,4,,6-2-2,mega-blaziken-ex-b1,Rocky Helmet x1,https://play.limitlesstcg.com/tournament/6a90c1890580a332c842170e/player/njjord7/decklist
Mega Blaziken ex,7,13,True,haruhi_1350,PЯ | はるひ,6a96069dabb9482237504f7f,Plasma Daily #22| Team Rocket's Ambitions| FA Card,113,2026-09-01,6,,6-2-1,mega-blaziken-ex-b1,Rocky Helmet x1,https://play.limitlesstcg.com/tournament/6a96069dabb9482237504f7f/player/haruhi_1350/decklist
Mega Blaziken ex,7,13,True,soap728,soap728,6aa22425a4272c53be64ca36,The Breakfast Club Daily #5-$5 + FA,112,2026-09-10,7,,6-3-1,mega-blaziken-ex-b1,Rocky Helmet x1,https://play.limitlesstcg.com/tournament/6aa22425a4272c53be64ca36/player/soap728/decklist
Mega Blaziken ex,7,13,True,jlng,JLNG,6a96b86babb948223750549c,Dark League Pop Up,46,2026-09-01,7,,5-2-2,mega-blaziken-ex-b1,Rocky Helmet x1,https://play.limitlesstcg.com/tournament/6a96b86babb948223750549c/player/jlng/decklist
Mega Blaziken ex,7,13,True,seedax,Seedax,6aa17ddeab080c8c957ff0fe,Dark League Pocket Tournament | 20$USD Prize Pool,118,2026-09-12,9,,7-2-1,mega-blaziken-ex-b1,Rocky Helmet x1,https://play.limitlesstcg.com/tournament/6aa17ddeab080c8c957ff0fe/player/seedax/decklist
Mega Blaziken ex,7,13,True,aghnar14,TB | Aghnar,6a96b86babb948223750549c,Dark League Pop Up,46,2026-09-01,9,,6-2-0,mega-blaziken-ex-b1,Rocky Helmet x1,https://play.limitlesstcg.com/tournament/6a96b86babb948223750549c/player/aghnar14/decklist
Mega Blaziken ex,7,13,True,frost22,Frost22,6a98fd1ba4272c53be6457c3,TBC The Rowdy Russell Rumble-$20-QUICK,53,2026-09-03,10,,4-2-1,mega-blaziken-ex-b1,Rocky Helmet x1,https://play.limitlesstcg.com/tournament/6a98fd1ba4272c53be6457c3/player/frost22/decklist
Mega Blaziken ex,7,13,True,highlight,𝐅𝐈𝐑𝐄 | Highlight,6aa6244c38886b36383be644,🔥Highlight's Pyro Pop-Up #2🔥 FA OAK!,33,2026-09-13,10,,3-2-0,mega-blaziken-ex-b1,Rocky Helmet x1,https://play.limitlesstcg.com/tournament/6aa6244c38886b36383be644/player/highlight/decklist
Mega Blaziken ex,7,13,True,matthewalex638,matthewalex638,6a9b22fba4272c53be646f96,OTS Pokemon TCG Pocket Arena Pop Up,14,2026-09-04,10,3,1-2-0,mega-blaziken-ex-b1,Rocky Helmet x1,https://play.limitlesstcg.com/tournament/6a9b22fba4272c53be646f96/player/matthewalex638/decklist
Mega Blaziken ex,7,13,True,estehlegitea,𝗠𝗲𝗴𝗮 Hasan Handsome 𝗘𝗫,6a9e12feab080c8c957fc84e,♨️Sauna X Ev4de POG Tournament #27|10 USD+Top 4 FA,73,2026-09-11,11,,4-2-1,mega-blaziken-ex-b1,Rocky Helmet x1,https://play.limitlesstcg.com/tournament/6a9e12feab080c8c957fc84e/player/estehlegitea/decklist
Mega Blaziken ex,7,13,True,pikatravai,Pikatravai,6a918b3d629039f77d8a40ca,Pop Up Series 8 || 3 FA OAKS + DX SHINIES,66,2026-08-29,11,,4-2-0,mega-blaziken-ex-b1,Rocky Helmet x1,https://play.limitlesstcg.com/tournament/6a918b3d629039f77d8a40ca/player/pikatravai/decklist
Mega Blaziken ex,7,13,True,popay,TB Popay,6a8c5eb881741245b151d7e3,PMPT #44 - TEAM ROCKETS AMBITION!!! | $100 USD,378,2026-08-29,12,,8-2-1,mega-blaziken-ex-b1,Rocky Helmet x1,https://play.limitlesstcg.com/tournament/6a8c5eb881741245b151d7e3/player/popay/decklist
Mega Blaziken ex,7,13,True,sparadrap,Sparadrap,6a98fd1ba4272c53be6457c3,TBC The Rowdy Russell Rumble-$20-QUICK,53,2026-09-03,12,,4-2-1,mega-blaziken-ex-b1,Rocky Helmet x1,https://play.limitlesstcg.com/tournament/6a98fd1ba4272c53be6457c3/player/sparadrap/decklist
Mega Blaziken ex,7,13,True,xerxes03,Xerxes03,6a9dc423ab080c8c957fc250,The Breakfast Club Nightly-$20,118,2026-09-07,13,,6-3-0,mega-blaziken-ex-b1,Rocky Helmet x1,https://play.limitlesstcg.com/tournament/6a9dc423ab080c8c957fc250/player/xerxes03/decklist
Mega Blaziken ex,7,13,True,mambadaddy9,𝐃𝐍𝐓 | MambaD.9,6a90c1890580a332c842170e,🚀Nuggie's POG Tourney #14 $25 Winner Takes ALL🚀,106,2026-08-30,14,,5-2-1,mega-blaziken-ex-b1,Rocky Helmet x1,https://play.limitlesstcg.com/tournament/6a90c1890580a332c842170e/player/mambadaddy9/decklist
Mega Blaziken ex,7,13,True,shin3dd,Shin3dd,6a90c1890580a332c842170e,🚀Nuggie's POG Tourney #14 $25 Winner Takes ALL🚀,106,2026-08-30,15,,5-3-0,mega-blaziken-ex-b1,Rocky Helmet x1,https://play.limitlesstcg.com/tournament/6a90c1890580a332c842170e/player/shin3dd/decklist
Mega Blaziken ex,7,13,True,roky,Roky,6a985d35ab080c8c957f7fac,The Dark League Tournament | POP UP,77,2026-09-02,15,,5-3-1,mega-blaziken-ex-b1,Rocky Helmet x1,https://play.limitlesstcg.com/tournament/6a985d35ab080c8c957f7fac/player/roky/decklist
Mega Blaziken ex,7,13,True,lanora,𝗠𝗲𝗴𝗮 LaNora 𝗘𝗫,6a90c1890580a332c842170e,🚀Nuggie's POG Tourney #14 $25 Winner Takes ALL🚀,106,2026-08-30,16,,5-3-0,mega-blaziken-ex-b1,Rocky Helmet x1,https://play.limitlesstcg.com/tournament/6a90c1890580a332c842170e/player/lanora/decklist
Mega Blaziken ex,7,13,True,fall88,Fall88,6a9d5a0bab080c8c957fbb20,DR. KELP’S CHUM BUCKET POP UP,34,2026-09-06,16,,2-3-1,mega-blaziken-ex-b1,Rocky Helmet x1,https://play.limitlesstcg.com/tournament/6a9d5a0bab080c8c957fbb20/player/fall88/decklist
Mega Blaziken ex,7,13,True,atomiix,FrogEX | Atomiix,6a9718fd629039f77d8a790e,Plasma Daily #23| Team Rocket's Ambitions| FA Card,119,2026-09-02,17,,5-1-1,mega-blaziken-ex-b1,Rocky Helmet x1,https://play.limitlesstcg.com/tournament/6a9718fd629039f77d8a790e/player/atomiix/decklist
Mega Blaziken ex,7,13,True,pvblo,pvblo,6aaac3d9f1243e65f9802bad,🥊 20$ BEC'S KING OF THE HILL - ANY FA PRIZE!,95,2026-09-18,17,,2-1-0,mega-blaziken-ex-b1,Rocky Helmet x1,https://play.limitlesstcg.com/tournament/6aaac3d9f1243e65f9802bad/player/pvblo/decklist
Mega Blaziken ex,7,13,True,iromm,Eleven Gomes,6a9836ffa4272c53be644df4,Trinity Tournament 2,23,2026-09-05,17,,0-1-0,mega-blaziken-ex-b1,Rocky Helmet x1,https://play.limitlesstcg.com/tournament/6a9836ffa4272c53be644df4/player/iromm/decklist
Mega Blaziken ex,7,13,True,birdnest,BirdNest,6a9b4f52ab080c8c957fa3d7,TBC Presents: Breakfast & Breakdowns🔥,97,2026-09-06,22,,4-3-1,mega-blaziken-ex-b1,Rocky Helmet x1,https://play.limitlesstcg.com/tournament/6a9b4f52ab080c8c957fa3d7/player/birdnest/decklist
Mega Blaziken ex,7,13,True,sparadrap,Sparadrap,6aa7cd2ff1243e65f9800e0f,TBC KELP CLASSIC 10th ANNIVERSARY- $10 + FA CYRUS,78,2026-09-15,23,,4-3-1,mega-blaziken-ex-b1,Rocky Helmet x1,https://play.limitlesstcg.com/tournament/6aa7cd2ff1243e65f9800e0f/player/sparadrap/decklist
Mega Blaziken ex,7,13,True,supreme13,𝗕𝗮𝗹𝗱 Supreme,6aac7e78f127b1b52c27ba59,$40 USD+FA | 巫獅對戰塔盃 LeoWizard BattleTower Cup #12,112,2026-09-19,25,,5-2-1,mega-blaziken-ex-b1,Rocky Helmet x1,https://play.limitlesstcg.com/tournament/6aac7e78f127b1b52c27ba59/player/supreme13/decklist
Mega Blaziken ex,7,13,True,normo360,𝗠𝗮𝗴𝗺𝗮 StorM,6a9dc423ab080c8c957fc250,The Breakfast Club Nightly-$20,118,2026-09-07,27,,4-3-1,mega-blaziken-ex-b1,Rocky Helmet x1,https://play.limitlesstcg.com/tournament/6a9dc423ab080c8c957fc250/player/normo360/decklist
Mega Blaziken ex,7,13,True,sparadrap,Sparadrap,6a94b2ffabb9482237504367,♨️Sauna X Almond POG Tournament #24|10USD + FA!,110,2026-09-02,29,,4-3-0,mega-blaziken-ex-b1,Rocky Helmet x1,https://play.limitlesstcg.com/tournament/6a94b2ffabb9482237504367/player/sparadrap/decklist
Mega Blaziken ex,7,13,True,flashfardin,FlashFardin,6aa13feaa4272c53be64b94a,DR KELP’S CHUM BUCKET POP UP,49,2026-09-09,29,,0-5-0,mega-blaziken-ex-b1,Rocky Helmet x1,https://play.limitlesstcg.com/tournament/6aa13feaa4272c53be64b94a/player/flashfardin/decklist
Mega Blaziken ex,7,13,True,angrypikachu,AngryPikachu,6a9d55b3ab080c8c957fbaa6,OTS Pokemon TCG Pocket Arena Pop Up | $5 USD,65,2026-09-06,31,5,2-3-0,mega-blaziken-ex-b1,Rocky Helmet x1,https://play.limitlesstcg.com/tournament/6a9d55b3ab080c8c957fbaa6/player/angrypikachu/decklist
Mega Blaziken ex,7,13,True,angrypikachu,AngryPikachu,6a78c5912b308b6067b4f421,Tournament Vegegras cash prize 100usd,116,2026-09-05,39,,4-4-0,mega-blaziken-ex-b1,Rocky Helmet x1,https://play.limitlesstcg.com/tournament/6a78c5912b308b6067b4f421/player/angrypikachu/decklist
Mega Blaziken ex,7,13,True,victorssito,PGX | victorssito,6a90c1890580a332c842170e,🚀Nuggie's POG Tourney #14 $25 Winner Takes ALL🚀,106,2026-08-30,40,,3-3-0,mega-blaziken-ex-b1,Rocky Helmet x2,https://play.limitlesstcg.com/tournament/6a90c1890580a332c842170e/player/victorssito/decklist
Mega Blaziken ex,7,13,True,wall456,Wall456,6a98fd1ba4272c53be6457c3,TBC The Rowdy Russell Rumble-$20-QUICK,53,2026-09-03,40,4,1-3-0,mega-blaziken-ex-b1,Rocky Helmet x1,https://play.limitlesstcg.com/tournament/6a98fd1ba4272c53be6457c3/player/wall456/decklist
Mega Blaziken ex,7,13,True,avelino_off,AVELINO_OFF,6a9f6899a4272c53be64a894,Umbreon99's Team Rocket's Bash: $10 USD + 🌈,172,2026-09-08,46,,4-3-0,mega-blaziken-ex-b1,Rocky Helmet x1,https://play.limitlesstcg.com/tournament/6a9f6899a4272c53be64a894/player/avelino_off/decklist
Mega Blaziken ex,7,13,True,einstun,𝙈𝙚𝙜𝙖 Einstun 𝙀𝙭,6a90c1890580a332c842170e,🚀Nuggie's POG Tourney #14 $25 Winner Takes ALL🚀,106,2026-08-30,46,,3-3-0,mega-blaziken-ex-b1,Rocky Helmet x1,https://play.limitlesstcg.com/tournament/6a90c1890580a332c842170e/player/einstun/decklist
Mega Blaziken ex,7,13,True,pikamon,Pikamon,6aa17ddeab080c8c957ff0fe,Dark League Pocket Tournament | 20$USD Prize Pool,118,2026-09-12,48,,1-6-0,mega-blaziken-ex-b1,Rocky Helmet x1,https://play.limitlesstcg.com/tournament/6aa17ddeab080c8c957ff0fe/player/pikamon/decklist
Mega Blaziken ex,7,13,True,douka,Douka,6aa6410b38886b36383be710,🏰FORT TOURNAMENTS POCKET DEBUT🏰 $20 + FA CARDS,114,2026-09-14,50,,3-3-0,mega-blaziken-ex-b1,Rocky Helmet x1,https://play.limitlesstcg.com/tournament/6aa6410b38886b36383be710/player/douka/decklist
Mega Blaziken ex,7,13,True,rikujibra,rikujiBRA,6a78c5912b308b6067b4f421,Tournament Vegegras cash prize 100usd,116,2026-09-05,55,,3-4-0,mega-blaziken-ex-b1,Rocky Helmet x1,https://play.limitlesstcg.com/tournament/6a78c5912b308b6067b4f421/player/rikujibra/decklist
Mega Blaziken ex,7,13,True,toddyfox,Toddyfox,6a78c5912b308b6067b4f421,Tournament Vegegras cash prize 100usd,116,2026-09-05,58,,2-5-0,mega-blaziken-ex-b1,Rocky Helmet x1,https://play.limitlesstcg.com/tournament/6a78c5912b308b6067b4f421/player/toddyfox/decklist
Mega Blaziken ex,7,13,True,legendoery,mega blaziken because i dont like vespiqueen,6a8c5eb881741245b151d7e3,PMPT #44 - TEAM ROCKETS AMBITION!!! | $100 USD,378,2026-08-29,59,,6-3-0,mega-blaziken-ex-b1,Rocky Helmet x1,https://play.limitlesstcg.com/tournament/6a8c5eb881741245b151d7e3/player/legendoery/decklist
Mega Blaziken ex,7,13,True,angrypikachu,AngryPikachu,6a9829c8a4272c53be644d74,The PokeBounty Showdown $1000 Prize Pool (#1),132,2026-09-07,60,,2-4-0,mega-blaziken-ex-b1,Rocky Helmet x1,https://play.limitlesstcg.com/tournament/6a9829c8a4272c53be644d74/player/angrypikachu/decklist
Mega Blaziken ex,7,13,True,dyegopb,dyegopb,6a9f6899a4272c53be64a894,Umbreon99's Team Rocket's Bash: $10 USD + 🌈,172,2026-09-08,65,,3-4-0,mega-blaziken-ex-b1,Rocky Helmet x1,https://play.limitlesstcg.com/tournament/6a9f6899a4272c53be64a894/player/dyegopb/decklist
Mega Blaziken ex,7,13,True,sheedy,𝗕𝗢𝗔𝗧 | sheedy,6a9dc423ab080c8c957fc250,The Breakfast Club Nightly-$20,118,2026-09-07,65,6,2-4-0,mega-blaziken-ex-b1,Rocky Helmet x1,https://play.limitlesstcg.com/tournament/6a9dc423ab080c8c957fc250/player/sheedy/decklist
Mega Blaziken ex,7,13,True,zadakyel,Zadakyel,6aaac3d9f1243e65f9802bad,🥊 20$ BEC'S KING OF THE HILL - ANY FA PRIZE!,95,2026-09-18,65,,0-1-0,mega-blaziken-ex-b1,Rocky Helmet x1,https://play.limitlesstcg.com/tournament/6aaac3d9f1243e65f9802bad/player/zadakyel/decklist
Mega Blaziken ex,7,13,True,highlight,𝐅𝐈𝐑𝐄 | Highlight,6a7e2b83cdc0391d7fa65afb,Umbreon99's Aura Sphere #4: $15 USD + Oak,219,2026-09-11,78,,4-4-0,mega-blaziken-ex-b1,Rocky Helmet x1,https://play.limitlesstcg.com/tournament/6a7e2b83cdc0391d7fa65afb/player/highlight/decklist
Mega Blaziken ex,7,13,True,doppelmimikkyu,DoppelMimikkyu,6a9dc423ab080c8c957fc250,The Breakfast Club Nightly-$20,118,2026-09-07,84,3,1-2-0,mega-blaziken-ex-b1,Rocky Helmet x1,https://play.limitlesstcg.com/tournament/6a9dc423ab080c8c957fc250/player/doppelmimikkyu/decklist
Mega Blaziken ex,7,13,True,wall456,Wall456,6aa22425a4272c53be64ca36,The Breakfast Club Daily #5-$5 + FA,112,2026-09-10,96,1,0-1-0,mega-blaziken-ex-b1,Rocky Helmet x1,https://play.limitlesstcg.com/tournament/6aa22425a4272c53be64ca36/player/wall456/decklist
Mega Blaziken ex,7,13,True,srafaelitocs,srafaelitocs,6a8c5eb881741245b151d7e3,PMPT #44 - TEAM ROCKETS AMBITION!!! | $100 USD,378,2026-08-29,98,,4-3-0,mega-blaziken-ex-b1,Rocky Helmet x1,https://play.limitlesstcg.com/tournament/6a8c5eb881741245b151d7e3/player/srafaelitocs/decklist
Mega Blaziken ex,7,13,True,marhadi,MarHaDi,6a7e2b83cdc0391d7fa65afb,Umbreon99's Aura Sphere #4: $15 USD + Oak,219,2026-09-11,98,,1-7-0,mega-blaziken-ex-b1,Rocky Helmet x1,https://play.limitlesstcg.com/tournament/6a7e2b83cdc0391d7fa65afb/player/marhadi/decklist
Mega Blaziken ex,7,13,True,pokefunky,PokeFunky,6a8c5eb881741245b151d7e3,PMPT #44 - TEAM ROCKETS AMBITION!!! | $100 USD,378,2026-08-29,99,,4-3-0,mega-blaziken-ex-b1,Rocky Helmet x1,https://play.limitlesstcg.com/tournament/6a8c5eb881741245b151d7e3/player/pokefunky/decklist
Mega Blaziken ex,7,13,True,bigbagmakaveli,bigbagmakaveli,6a9dc423ab080c8c957fc250,The Breakfast Club Nightly-$20,118,2026-09-07,99,,1-6-0,mega-blaziken-ex-b1,Rocky Helmet x1,https://play.limitlesstcg.com/tournament/6a9dc423ab080c8c957fc250/player/bigbagmakaveli/decklist
Mega Blaziken ex,7,13,True,azin,Azin,6aa22425a4272c53be64ca36,The Breakfast Club Daily #5-$5 + FA,112,2026-09-10,108,3,0-3-0,mega-blaziken-ex-b1,Rocky Helmet x1,https://play.limitlesstcg.com/tournament/6aa22425a4272c53be64ca36/player/azin/decklist
Mega Blaziken ex,7,13,True,icyriaco,𝙂𝙎 | ICyriaco,6aa6eed0f1243e65f9800555,🩷random r0zey pop up #3 | $25 + FA🩷,146,2026-09-13,114,4,1-3-0,mega-blaziken-ex-b1,Rocky Helmet x1,https://play.limitlesstcg.com/tournament/6aa6eed0f1243e65f9800555/player/icyriaco/decklist
Mega Blaziken ex,7,13,True,itachi1905,Itachi Uchiha,6aa6eed0f1243e65f9800555,🩷random r0zey pop up #3 | $25 + FA🩷,146,2026-09-13,137,1,0-1-0,mega-blaziken-ex-b1,Rocky Helmet x1,https://play.limitlesstcg.com/tournament/6aa6eed0f1243e65f9800555/player/itachi1905/decklist
Mega Blaziken ex,7,13,True,ttv_jmpm9,TTV_jmpm9,6a8c5eb881741245b151d7e3,PMPT #44 - TEAM ROCKETS AMBITION!!! | $100 USD,378,2026-08-29,177,5,2-3-0,mega-blaziken-ex-b1,Rocky Helmet x1,https://play.limitlesstcg.com/tournament/6a8c5eb881741245b151d7e3/player/ttv_jmpm9/decklist
Mega Blaziken ex,7,13,True,normo360,𝗠𝗮𝗴𝗺𝗮 StorM,6a8c5eb881741245b151d7e3,PMPT #44 - TEAM ROCKETS AMBITION!!! | $100 USD,378,2026-08-29,185,5,2-3-0,mega-blaziken-ex-b1,Rocky Helmet x1,https://play.limitlesstcg.com/tournament/6a8c5eb881741245b151d7e3/player/normo360/decklist
Mega Blaziken ex,7,13,True,johtopack,CIRC | Elegant,6a8c5eb881741245b151d7e3,PMPT #44 - TEAM ROCKETS AMBITION!!! | $100 USD,378,2026-08-29,260,6,1-5-0,mega-blaziken-ex-b1,Rocky Helmet x1,https://play.limitlesstcg.com/tournament/6a8c5eb881741245b151d7e3/player/johtopack/decklist
Mega Blaziken ex,7,13,True,nifaa,Nifaa,6a8c5eb881741245b151d7e3,PMPT #44 - TEAM ROCKETS AMBITION!!! | $100 USD,378,2026-08-29,286,3,1-2-0,mega-blaziken-ex-b1,Rocky Helmet x1,https://play.limitlesstcg.com/tournament/6a8c5eb881741245b151d7e3/player/nifaa/decklist
Mega Blaziken ex,7,13,True,xastur,Xastur,6a8c5eb881741245b151d7e3,PMPT #44 - TEAM ROCKETS AMBITION!!! | $100 USD,378,2026-08-29,299,5,1-4-0,mega-blaziken-ex-b1,Rocky Helmet x1,https://play.limitlesstcg.com/tournament/6a8c5eb881741245b151d7e3/player/xastur/decklist
Mega Blaziken ex,7,13,True,avelino_off,AVELINO_OFF,6a7e2b83cdc0391d7fa65afb,Umbreon99's Aura Sphere #4: $15 USD + Oak,219,2026-09-11,,5,2-3-0,mega-blaziken-ex-b1,Rocky Helmet x1,https://play.limitlesstcg.com/tournament/6a7e2b83cdc0391d7fa65afb/player/avelino_off/decklist
Mega Blaziken ex,7,13,True,elluquitas96,elluquitas96,6a9f6899a4272c53be64a894,Umbreon99's Team Rocket's Bash: $10 USD + 🌈,172,2026-09-08,,5,2-3-0,mega-blaziken-ex-b1,Rocky Helmet x1,https://play.limitlesstcg.com/tournament/6a9f6899a4272c53be64a894/player/elluquitas96/decklist
Mega Blaziken ex,7,13,True,gaizkita,PGX | Gaizkita,6a9f6899a4272c53be64a894,Umbreon99's Team Rocket's Bash: $10 USD + 🌈,172,2026-09-08,,6,3-3-0,mega-blaziken-ex-b1,Rocky Helmet x1,https://play.limitlesstcg.com/tournament/6a9f6899a4272c53be64a894/player/gaizkita/decklist
Mega Blaziken ex,7,13,True,preluxe,𝗠𝗮𝗴𝗺𝗮 Preluxe,6a9f6899a4272c53be64a894,Umbreon99's Team Rocket's Bash: $10 USD + 🌈,172,2026-09-08,,5,2-3-0,mega-blaziken-ex-b1,Rocky Helmet x1,https://play.limitlesstcg.com/tournament/6a9f6899a4272c53be64a894/player/preluxe/decklist
Mega Blaziken ex,7,13,True,sparadrap,Sparadrap,6a9f6899a4272c53be64a894,Umbreon99's Team Rocket's Bash: $10 USD + 🌈,172,2026-09-08,,1,0-1-0,mega-blaziken-ex-b1,Rocky Helmet x1,https://play.limitlesstcg.com/tournament/6a9f6899a4272c53be64a894/player/sparadrap/decklist
Mega Blaziken ex,7,13,True,varma,varma,6a9f6899a4272c53be64a894,Umbreon99's Team Rocket's Bash: $10 USD + 🌈,172,2026-09-08,,6,3-3-0,mega-blaziken-ex-b1,Rocky Helmet x1,https://play.limitlesstcg.com/tournament/6a9f6899a4272c53be64a894/player/varma/decklist
Mega Blaziken ex,7,13,True,bard0,Bard0,6aa0471eab080c8c957fe27d,The PokeBounty Showdown $1000 Prize Pool (#2NA),142,2026-09-14,,2,0-2-0,mega-blaziken-ex-b1,Rocky Helmet x1,https://play.limitlesstcg.com/tournament/6aa0471eab080c8c957fe27d/player/bard0/decklist
Mega Blaziken ex,7,13,True,mo1245,Mo1245,6a9829c8a4272c53be644d74,The PokeBounty Showdown $1000 Prize Pool (#1),132,2026-09-07,,4,1-3-0,mega-blaziken-ex-b1,Rocky Helmet x1,https://play.limitlesstcg.com/tournament/6a9829c8a4272c53be644d74/player/mo1245/decklist
Mega Blaziken ex,7,13,True,normo360,𝗠𝗮𝗴𝗺𝗮 StorM,6a9829c8a4272c53be644d74,The PokeBounty Showdown $1000 Prize Pool (#1),132,2026-09-07,,4,2-2-0,mega-blaziken-ex-b1,Rocky Helmet x1,https://play.limitlesstcg.com/tournament/6a9829c8a4272c53be644d74/player/normo360/decklist
Mega Blaziken ex,7,13,True,atomiix,FrogEX | Atomiix,6a789b5ccdc0391d7fa61ba9,The Dark League | CELEBRATORY FANFARE 685$ Value,120,2026-09-05,,2,0-2-0,mega-blaziken-ex-b1,Rocky Helmet x1,https://play.limitlesstcg.com/tournament/6a789b5ccdc0391d7fa61ba9/player/atomiix/decklist
Mega Blaziken ex,7,13,True,bigbagmakaveli,bigbagmakaveli,6a789b5ccdc0391d7fa61ba9,The Dark League | CELEBRATORY FANFARE 685$ Value,120,2026-09-05,,1,0-1-0,mega-blaziken-ex-b1,Rocky Helmet x1,https://play.limitlesstcg.com/tournament/6a789b5ccdc0391d7fa61ba9/player/bigbagmakaveli/decklist
Mega Blaziken ex,7,13,True,kaizenmoon,YT: Hollowtcg7,6a789b5ccdc0391d7fa61ba9,The Dark League | CELEBRATORY FANFARE 685$ Value,120,2026-09-05,,4,1-3-0,mega-blaziken-ex-b1,Rocky Helmet x1,https://play.limitlesstcg.com/tournament/6a789b5ccdc0391d7fa61ba9/player/kaizenmoon/decklist
Mega Blaziken ex,7,13,True,pikatravai,Pikatravai,6a789b5ccdc0391d7fa61ba9,The Dark League | CELEBRATORY FANFARE 685$ Value,120,2026-09-05,,2,0-2-0,mega-blaziken-ex-b1,Rocky Helmet x1,https://play.limitlesstcg.com/tournament/6a789b5ccdc0391d7fa61ba9/player/pikatravai/decklist
Mega Blaziken ex,7,13,True,gaizkita,PGX | Gaizkita,6a9718fd629039f77d8a790e,Plasma Daily #23| Team Rocket's Ambitions| FA Card,119,2026-09-02,,2,0-2-0,mega-blaziken-ex-b1,Rocky Helmet x1,https://play.limitlesstcg.com/tournament/6a9718fd629039f77d8a790e/player/gaizkita/decklist
Mega Blaziken ex,7,13,True,sparadrap,Sparadrap,6a9718fd629039f77d8a790e,Plasma Daily #23| Team Rocket's Ambitions| FA Card,119,2026-09-02,,3,0-3-0,mega-blaziken-ex-b1,Rocky Helmet x1,https://play.limitlesstcg.com/tournament/6a9718fd629039f77d8a790e/player/sparadrap/decklist
Mega Blaziken ex,7,13,True,bigbagmakaveli,bigbagmakaveli,6a78c5912b308b6067b4f421,Tournament Vegegras cash prize 100usd,116,2026-09-05,,2,1-1-0,mega-blaziken-ex-b1,Rocky Helmet x1,https://play.limitlesstcg.com/tournament/6a78c5912b308b6067b4f421/player/bigbagmakaveli/decklist
Mega Blaziken ex,7,13,True,azin,Azin,6a96069dabb9482237504f7f,Plasma Daily #22| Team Rocket's Ambitions| FA Card,113,2026-09-01,,6,3-3-0,mega-blaziken-ex-b1,Rocky Helmet x1,https://play.limitlesstcg.com/tournament/6a96069dabb9482237504f7f/player/azin/decklist
Mega Blaziken ex,7,13,True,den670,den670,6a96069dabb9482237504f7f,Plasma Daily #22| Team Rocket's Ambitions| FA Card,113,2026-09-01,,6,3-3-0,mega-blaziken-ex-b1,Rocky Helmet x1,https://play.limitlesstcg.com/tournament/6a96069dabb9482237504f7f/player/den670/decklist
Mega Blaziken ex,7,13,True,elmarcoo,eLMarcoO,6a96069dabb9482237504f7f,Plasma Daily #22| Team Rocket's Ambitions| FA Card,113,2026-09-01,,5,2-3-0,mega-blaziken-ex-b1,Rocky Helmet x1,https://play.limitlesstcg.com/tournament/6a96069dabb9482237504f7f/player/elmarcoo/decklist
Mega Blaziken ex,7,13,True,tlyre,tlyre,6a96069dabb9482237504f7f,Plasma Daily #22| Team Rocket's Ambitions| FA Card,113,2026-09-01,,2,0-2-0,mega-blaziken-ex-b1,Rocky Helmet x1,https://play.limitlesstcg.com/tournament/6a96069dabb9482237504f7f/player/tlyre/decklist
Mega Blaziken ex,7,13,True,aghnar14,TB | Aghnar,6a94b2ffabb9482237504367,♨️Sauna X Almond POG Tournament #24|10USD + FA!,110,2026-09-02,,1,0-1-0,mega-blaziken-ex-b1,Rocky Helmet x1,https://play.limitlesstcg.com/tournament/6a94b2ffabb9482237504367/player/aghnar14/decklist
Mega Blaziken ex,7,13,True,haruhi_1350,PЯ | はるひ,6a94b2ffabb9482237504367,♨️Sauna X Almond POG Tournament #24|10USD + FA!,110,2026-09-02,,4,1-3-0,mega-blaziken-ex-b1,Rocky Helmet x1,https://play.limitlesstcg.com/tournament/6a94b2ffabb9482237504367/player/haruhi_1350/decklist
Mega Blaziken ex,7,13,True,illus,Illus,6a94b2ffabb9482237504367,♨️Sauna X Almond POG Tournament #24|10USD + FA!,110,2026-09-02,,4,1-3-0,mega-blaziken-ex-b1,Rocky Helmet x1,https://play.limitlesstcg.com/tournament/6a94b2ffabb9482237504367/player/illus/decklist
Mega Blaziken ex,7,13,True,warpis,𝗠𝗲𝗴𝗮 SIPRAW 𝗘𝗫,6a94b2ffabb9482237504367,♨️Sauna X Almond POG Tournament #24|10USD + FA!,110,2026-09-02,,4,1-3-0,mega-blaziken-ex-b1,Rocky Helmet x1,https://play.limitlesstcg.com/tournament/6a94b2ffabb9482237504367/player/warpis/decklist
Mega Blaziken ex,7,13,True,xastur,Xastur,6a94b2ffabb9482237504367,♨️Sauna X Almond POG Tournament #24|10USD + FA!,110,2026-09-02,,5,1-4-0,mega-blaziken-ex-b1,Rocky Helmet x1,https://play.limitlesstcg.com/tournament/6a94b2ffabb9482237504367/player/xastur/decklist
Mega Blaziken ex,7,13,True,pokefunky,PokeFunky,6a90c1890580a332c842170e,🚀Nuggie's POG Tourney #14 $25 Winner Takes ALL🚀,106,2026-08-30,,5,2-3-0,mega-blaziken-ex-b1,Rocky Helmet x1,https://play.limitlesstcg.com/tournament/6a90c1890580a332c842170e/player/pokefunky/decklist
Mega Blaziken ex,7,13,True,supreme13,𝗕𝗮𝗹𝗱 Supreme,6a7e2db92b308b6067b531d2,Umbreon99's Aura Sphere #5: $5 USD + OAK,89,2026-09-18,,3,1-2-0,mega-blaziken-ex-b1,Rocky Helmet x1,https://play.limitlesstcg.com/tournament/6a7e2db92b308b6067b531d2/player/supreme13/decklist
Mega Blaziken ex,7,13,True,lv80mewtwo,𝗕𝗢𝗔𝗧 | Mewtwo,6aa7cd2ff1243e65f9800e0f,TBC KELP CLASSIC 10th ANNIVERSARY- $10 + FA CYRUS,78,2026-09-15,,7,3-4-0,mega-blaziken-ex-b1,Rocky Helmet x1,https://play.limitlesstcg.com/tournament/6aa7cd2ff1243e65f9800e0f/player/lv80mewtwo/decklist
Mega Blaziken ex,7,13,True,bigbagmakaveli,bigbagmakaveli,6a985d35ab080c8c957f7fac,The Dark League Tournament | POP UP,77,2026-09-02,,3,1-2-0,mega-blaziken-ex-b1,Rocky Helmet x1,https://play.limitlesstcg.com/tournament/6a985d35ab080c8c957f7fac/player/bigbagmakaveli/decklist
Mega Blaziken ex,7,13,True,normo360,𝗠𝗮𝗴𝗺𝗮 StorM,6ab3aa2de905c1db68748664,TH Event's Presents: When DX Pack?!|5$ + FA's!,68,2026-09-23,,1,0-1-0,mega-blaziken-ex-b1,Rocky Helmet x1,https://play.limitlesstcg.com/tournament/6ab3aa2de905c1db68748664/player/normo360/decklist
Mega Blaziken ex,7,13,True,ahcolvin22,Ahcolvin22,6a947113629039f77d8a5c46,Dark League Pop Up,57,2026-08-30,,2,0-2-0,mega-blaziken-ex-b1,Rocky Helmet x1,https://play.limitlesstcg.com/tournament/6a947113629039f77d8a5c46/player/ahcolvin22/decklist
Mega Blaziken ex,7,13,True,normo360,𝗠𝗮𝗴𝗺𝗮 StorM,6a947113629039f77d8a5c46,Dark League Pop Up,57,2026-08-30,,5,2-3-0,mega-blaziken-ex-b1,Rocky Helmet x1,https://play.limitlesstcg.com/tournament/6a947113629039f77d8a5c46/player/normo360/decklist
Mega Blaziken ex,7,13,True,allenking,賭狗的人 有運氣,6a9d5a0bab080c8c957fbb20,DR. KELP’S CHUM BUCKET POP UP,34,2026-09-06,,5,2-3-0,mega-blaziken-ex-b1,Rocky Helmet x1,https://play.limitlesstcg.com/tournament/6a9d5a0bab080c8c957fbb20/player/allenking/decklist
Mega Blaziken ex,7,13,True,2sick,²ᵀ| ²ꜱɪᴄᴋ,6aabc43df1243e65f9803602,DR KELP’S CHUM BUCKET POP UP,29,2026-09-17,,5,2-3-0,mega-blaziken-ex-b1,Rocky Helmet x1,https://play.limitlesstcg.com/tournament/6aabc43df1243e65f9803602/player/2sick/decklist
Hydreigon Mega Absol ex,8,8,True,paolo98,Paolo98,6a9718fd629039f77d8a790e,Plasma Daily #23| Team Rocket's Ambitions| FA Card,119,2026-09-02,28,,4-3-0,hydreigon-mega-absol-ex-b1,Rocky Helmet x2,https://play.limitlesstcg.com/tournament/6a9718fd629039f77d8a790e/player/paolo98/decklist
Hydreigon Mega Absol ex,8,8,True,kabesu,KABESU,6a94b2ffabb9482237504367,♨️Sauna X Almond POG Tournament #24|10USD + FA!,110,2026-09-02,28,,4-3-0,hydreigon-mega-absol-ex-b1,Rocky Helmet x1,https://play.limitlesstcg.com/tournament/6a94b2ffabb9482237504367/player/kabesu/decklist
Hydreigon Mega Absol ex,8,8,True,paolo98,Paolo98,6a985d35ab080c8c957f7fac,The Dark League Tournament | POP UP,77,2026-09-02,39,,1-6-0,hydreigon-mega-absol-ex-b1,Rocky Helmet x2,https://play.limitlesstcg.com/tournament/6a985d35ab080c8c957f7fac/player/paolo98/decklist
Hydreigon Mega Absol ex,8,8,True,eissiyal092,EISSIYAL092,6a918b3d629039f77d8a40ca,Pop Up Series 8 || 3 FA OAKS + DX SHINIES,66,2026-08-29,65,2,0-2-0,hydreigon-mega-absol-ex-b1,Rocky Helmet x1,https://play.limitlesstcg.com/tournament/6a918b3d629039f77d8a40ca/player/eissiyal092/decklist
Hydreigon Mega Absol ex,8,8,True,lbn924,𝙄𝙈𝙋 | Lbn,6a7e2b83cdc0391d7fa65afb,Umbreon99's Aura Sphere #4: $15 USD + Oak,219,2026-09-11,,5,2-3-0,hydreigon-mega-absol-ex-b1,Rocky Helmet x2,https://play.limitlesstcg.com/tournament/6a7e2b83cdc0391d7fa65afb/player/lbn924/decklist
Hydreigon Mega Absol ex,8,8,True,2sick,𝗕𝗔𝗗𝗗𝗜𝗘| ²ꜱɪᴄᴋ,6a9f6899a4272c53be64a894,Umbreon99's Team Rocket's Bash: $10 USD + 🌈,172,2026-09-08,,5,2-3-0,hydreigon-mega-absol-ex-b1,Rocky Helmet x2,https://play.limitlesstcg.com/tournament/6a9f6899a4272c53be64a894/player/2sick/decklist
Hydreigon Mega Absol ex,8,8,True,eissiyal092,EISSIYAL092,6a901ac60580a332c8420eaa,‼️$20 BEC'S 📛NEW SET PARTY - FA PRIZES🔻,133,2026-08-28,,3,1-2-0,hydreigon-mega-absol-ex-b1,Rocky Helmet x2,https://play.limitlesstcg.com/tournament/6a901ac60580a332c8420eaa/player/eissiyal092/decklist
Hydreigon Mega Absol ex,8,8,True,six420,Six420,6aa17ddeab080c8c957ff0fe,Dark League Pocket Tournament | 20$USD Prize Pool,118,2026-09-12,,7,3-4-0,hydreigon-mega-absol-ex-b1,Rocky Helmet x2,https://play.limitlesstcg.com/tournament/6aa17ddeab080c8c957ff0fe/player/six420/decklist
Hydreigon Mega Absol ex,8,8,True,sparza,Sparza,6a7e2db92b308b6067b531d2,Umbreon99's Aura Sphere #5: $5 USD + OAK,89,2026-09-18,,5,2-3-0,hydreigon-mega-absol-ex-b1,Rocky Helmet x1,https://play.limitlesstcg.com/tournament/6a7e2db92b308b6067b531d2/player/sparza/decklist
Hydreigon Mega Absol ex,8,8,True,six420,Six420,6a9e12feab080c8c957fc84e,♨️Sauna X Ev4de POG Tournament #27|10 USD+Top 4 FA,73,2026-09-11,,4,1-3-0,hydreigon-mega-absol-ex-b1,Rocky Helmet x2,https://play.limitlesstcg.com/tournament/6a9e12feab080c8c957fc84e/player/six420/decklist
Mega Manectric ex Heliolisk,11,11,True,2sick,𝗕𝗔𝗗𝗗𝗜𝗘| ²ꜱɪᴄᴋ,6a9d5a0bab080c8c957fbb20,DR. KELP’S CHUM BUCKET POP UP,34,2026-09-06,11,,4-2-0,mega-manectric-ex-b2b-heliolisk-b4,Rocky Helmet x2,https://play.limitlesstcg.com/tournament/6a9d5a0bab080c8c957fbb20/player/2sick/decklist
Mega Manectric ex Heliolisk,11,11,True,r0zey,r0zey,6a8b75058302ae761e5fab7e,FAREWELL B4!|2x Hoopa ex RR Prize+More!|TH Series,81,2026-08-26,60,5,1-4-0,mega-manectric-ex-b2b-heliolisk-b4,Protective Poncho x1,https://play.limitlesstcg.com/tournament/6a8b75058302ae761e5fab7e/player/r0zey/decklist
Mega Charizard Y ex Entei ex,12,12,True,ibfasting,𝗕𝗢𝗔𝗧 | Fasting,6a9b4f52ab080c8c957fa3d7,TBC Presents: Breakfast & Breakdowns🔥,97,2026-09-06,6,,6-2-2,mega-charizard-y-ex-b1a-entei-ex-a4a,Protective Poncho x1,https://play.limitlesstcg.com/tournament/6a9b4f52ab080c8c957fa3d7/player/ibfasting/decklist
Mega Charizard Y ex Entei ex,12,12,True,winsters,𝗕𝗢𝗔𝗧 | Goose,6a78c5912b308b6067b4f421,Tournament Vegegras cash prize 100usd,116,2026-09-05,8,,7-4-0,mega-charizard-y-ex-b1a-entei-ex-a4a,Protective Poncho x1,https://play.limitlesstcg.com/tournament/6a78c5912b308b6067b4f421/player/winsters/decklist
Mega Charizard Y ex Entei ex,12,12,True,guunnz,𝗠𝗢𝗡⭐️ | guunnz,6a9b4f52ab080c8c957fa3d7,TBC Presents: Breakfast & Breakdowns🔥,97,2026-09-06,8,,6-4-0,mega-charizard-y-ex-b1a-entei-ex-a4a,Protective Poncho x1,https://play.limitlesstcg.com/tournament/6a9b4f52ab080c8c957fa3d7/player/guunnz/decklist
Mega Charizard Y ex Entei ex,12,12,True,brendon68,𝙄𝙈𝙋 | Brendon .,6a9f6899a4272c53be64a894,Umbreon99's Team Rocket's Bash: $10 USD + 🌈,172,2026-09-08,9,,7-1-1,mega-charizard-y-ex-b1a-entei-ex-a4a,Protective Poncho x1,https://play.limitlesstcg.com/tournament/6a9f6899a4272c53be64a894/player/brendon68/decklist
Mega Charizard Y ex Entei ex,12,12,True,rubiq,Rubiq,6aa6244c38886b36383be644,🔥Highlight's Pyro Pop-Up #2🔥 FA OAK!,33,2026-09-13,12,,3-2-0,mega-charizard-y-ex-b1a-entei-ex-a4a,Rocky Helmet x1,https://play.limitlesstcg.com/tournament/6aa6244c38886b36383be644/player/rubiq/decklist
Mega Charizard Y ex Entei ex,12,12,True,atemus95gr,Atemus95Gr,6a8ea2690580a332c8420304,Rozey Birthday Pop Up By Dark league,29,2026-08-26,15,,2-2-1,mega-charizard-y-ex-b1a-entei-ex-a4a,Protective Poncho x1,https://play.limitlesstcg.com/tournament/6a8ea2690580a332c8420304/player/atemus95gr/decklist
Mega Charizard Y ex Entei ex,12,12,True,brendon68,𝙄𝙈𝙋 | Brendon .,6a9e12feab080c8c957fc84e,♨️Sauna X Ev4de POG Tournament #27|10 USD+Top 4 FA,73,2026-09-11,18,,4-2-0,mega-charizard-y-ex-b1a-entei-ex-a4a,Protective Poncho x1,https://play.limitlesstcg.com/tournament/6a9e12feab080c8c957fc84e/player/brendon68/decklist
Mega Charizard Y ex Entei ex,12,12,True,guunnz,𝗠𝗢𝗡⭐️ | guunnz,6a985d35ab080c8c957f7fac,The Dark League Tournament | POP UP,77,2026-09-02,19,,4-3-1,mega-charizard-y-ex-b1a-entei-ex-a4a,Protective Poncho x1,https://play.limitlesstcg.com/tournament/6a985d35ab080c8c957f7fac/player/guunnz/decklist
Mega Charizard Y ex Entei ex,12,12,True,mo1245,Mo1245,6a9f6899a4272c53be64a894,Umbreon99's Team Rocket's Bash: $10 USD + 🌈,172,2026-09-08,22,,5-2-1,mega-charizard-y-ex-b1a-entei-ex-a4a,Protective Poncho x1,https://play.limitlesstcg.com/tournament/6a9f6899a4272c53be64a894/player/mo1245/decklist
Mega Charizard Y ex Entei ex,12,12,True,n7hs4,n7hs4,6a9829c8a4272c53be644d74,The PokeBounty Showdown $1000 Prize Pool (#1),132,2026-09-07,29,,5-3-0,mega-charizard-y-ex-b1a-entei-ex-a4a,Protective Poncho x1,https://play.limitlesstcg.com/tournament/6a9829c8a4272c53be644d74/player/n7hs4/decklist
Mega Charizard Y ex Entei ex,12,12,True,miqueas0828,Miqueas0828,6aa22425a4272c53be64ca36,The Breakfast Club Daily #5-$5 + FA,112,2026-09-10,34,,4-3-0,mega-charizard-y-ex-b1a-entei-ex-a4a,Protective Poncho x1,https://play.limitlesstcg.com/tournament/6aa22425a4272c53be64ca36/player/miqueas0828/decklist
Mega Charizard Y ex Entei ex,12,12,True,winsters,𝗕𝗢𝗔𝗧 | Goose,6a9829c8a4272c53be644d74,The PokeBounty Showdown $1000 Prize Pool (#1),132,2026-09-07,37,,4-3-0,mega-charizard-y-ex-b1a-entei-ex-a4a,Protective Poncho x1,https://play.limitlesstcg.com/tournament/6a9829c8a4272c53be644d74/player/winsters/decklist
Mega Charizard Y ex Entei ex,12,12,True,mo1245,Mo1245,6a8de28f0580a332c841fd99,The TCGP Arena #5! Prizing: Full Art TRA Cards!,108,2026-08-27,38,,3-4-0,mega-charizard-y-ex-b1a-entei-ex-a4a,Protective Poncho x1,https://play.limitlesstcg.com/tournament/6a8de28f0580a332c841fd99/player/mo1245/decklist
Mega Charizard Y ex Entei ex,12,12,True,fitypaldis,Fitypaldis,6a9b4f52ab080c8c957fa3d7,TBC Presents: Breakfast & Breakdowns🔥,97,2026-09-06,43,6,3-3-0,mega-charizard-y-ex-b1a-entei-ex-a4a,Protective Poncho x1,https://play.limitlesstcg.com/tournament/6a9b4f52ab080c8c957fa3d7/player/fitypaldis/decklist
Mega Charizard Y ex Entei ex,12,12,True,iromm,Eleven Gomes,6a9f6899a4272c53be64a894,Umbreon99's Team Rocket's Bash: $10 USD + 🌈,172,2026-09-08,45,,4-3-0,mega-charizard-y-ex-b1a-entei-ex-a4a,Protective Poncho x1,https://play.limitlesstcg.com/tournament/6a9f6899a4272c53be64a894/player/iromm/decklist
Mega Charizard Y ex Entei ex,12,12,True,brendon68,𝙄𝙈𝙋 | Brendon .,6a94b2ffabb9482237504367,♨️Sauna X Almond POG Tournament #24|10USD + FA!,110,2026-09-02,49,,3-3-0,mega-charizard-y-ex-b1a-entei-ex-a4a,Protective Poncho x1,https://play.limitlesstcg.com/tournament/6a94b2ffabb9482237504367/player/brendon68/decklist
Mega Charizard Y ex Entei ex,12,12,True,sinorci200,𝗙𝗚𝗥 || Sinorci200,6a9dc423ab080c8c957fc250,The Breakfast Club Nightly-$20,118,2026-09-07,64,5,2-3-0,mega-charizard-y-ex-b1a-entei-ex-a4a,Protective Poncho x1,https://play.limitlesstcg.com/tournament/6a9dc423ab080c8c957fc250/player/sinorci200/decklist
Mega Charizard Y ex Entei ex,12,12,True,thanos9_9,Thanos ,6a8c5eb881741245b151d7e3,PMPT #44 - TEAM ROCKETS AMBITION!!! | $100 USD,378,2026-08-29,141,6,3-3-0,mega-charizard-y-ex-b1a-entei-ex-a4a,Protective Poncho x1,https://play.limitlesstcg.com/tournament/6a8c5eb881741245b151d7e3/player/thanos9_9/decklist
Mega Charizard Y ex Entei ex,12,12,True,kyoffie,Kyoffie,6a7e2b83cdc0391d7fa65afb,Umbreon99's Aura Sphere #4: $15 USD + Oak,219,2026-09-11,,7,3-4-0,mega-charizard-y-ex-b1a-entei-ex-a4a,Protective Poncho x1,https://play.limitlesstcg.com/tournament/6a7e2b83cdc0391d7fa65afb/player/kyoffie/decklist
Mega Charizard Y ex Entei ex,12,12,True,nemu,Nemu,6a7e2b83cdc0391d7fa65afb,Umbreon99's Aura Sphere #4: $15 USD + Oak,219,2026-09-11,,4,1-3-0,mega-charizard-y-ex-b1a-entei-ex-a4a,Protective Poncho x1,https://play.limitlesstcg.com/tournament/6a7e2b83cdc0391d7fa65afb/player/nemu/decklist
Mega Charizard Y ex Entei ex,12,12,True,foodking90,foodking90,6a901ac60580a332c8420eaa,‼️$20 BEC'S 📛NEW SET PARTY - FA PRIZES🔻,133,2026-08-28,,2,0-2-0,mega-charizard-y-ex-b1a-entei-ex-a4a,Protective Poncho x1; Rocky Helmet x1,https://play.limitlesstcg.com/tournament/6a901ac60580a332c8420eaa/player/foodking90/decklist
Mega Charizard Y ex Entei ex,12,12,True,brendon68,𝙄𝙈𝙋 | Brendon .,6aac7e78f127b1b52c27ba59,$40 USD+FA | 巫獅對戰塔盃 LeoWizard BattleTower Cup #12,112,2026-09-19,,4,2-2-0,mega-charizard-y-ex-b1a-entei-ex-a4a,Protective Poncho x1,https://play.limitlesstcg.com/tournament/6aac7e78f127b1b52c27ba59/player/brendon68/decklist
Mega Charizard Y ex Entei ex,12,12,True,djokonitin,djokonitin,6a90c1890580a332c842170e,🚀Nuggie's POG Tourney #14 $25 Winner Takes ALL🚀,106,2026-08-30,,3,1-2-0,mega-charizard-y-ex-b1a-entei-ex-a4a,Protective Poncho x1; Rocky Helmet x1,https://play.limitlesstcg.com/tournament/6a90c1890580a332c842170e/player/djokonitin/decklist
Magnezone Miraidon ex,13,14,False,corndog_xx,CornDog_XX,6a901ac60580a332c8420eaa,‼️$20 BEC'S 📛NEW SET PARTY - FA PRIZES🔻,133,2026-08-28,19,,5-1-2,magnezone-b1a-miraidon-ex-b3a,Protective Poncho x1,https://play.limitlesstcg.com/tournament/6a901ac60580a332c8420eaa/player/corndog_xx/decklist
Magnezone Miraidon ex,13,14,False,acad,Acad,6a8b75058302ae761e5fab7e,FAREWELL B4!|2x Hoopa ex RR Prize+More!|TH Series,81,2026-08-26,49,5,2-3-0,magnezone-b1a-miraidon-ex-b3a,Protective Poncho x2,https://play.limitlesstcg.com/tournament/6a8b75058302ae761e5fab7e/player/acad/decklist
Magnezone Miraidon ex,13,14,False,tazzi95,Tazzi95,6a901ac60580a332c8420eaa,‼️$20 BEC'S 📛NEW SET PARTY - FA PRIZES🔻,133,2026-08-28,,2,1-1-0,magnezone-b1a-miraidon-ex-b3a,Rocky Helmet x2,https://play.limitlesstcg.com/tournament/6a901ac60580a332c8420eaa/player/tazzi95/decklist
Magnezone ex Magnezone,15,18,False,warpis,𝗠𝗲𝗴𝗮 SIPRAW 𝗘𝗫,6a90e8157a62de8130140dee,The Breakfast Club Xastur's Showdown-$5+OAK+,97,2026-08-28,6,,7-2-1,magnezone-ex-b3-magnezone-b1a,Protective Poncho x1,https://play.limitlesstcg.com/tournament/6a90e8157a62de8130140dee/player/warpis/decklist
Magnezone ex Magnezone,15,18,False,liquidedge,LiquidEdge,6a8c5eb881741245b151d7e3,PMPT #44 - TEAM ROCKETS AMBITION!!! | $100 USD,378,2026-08-29,8,,9-3-0,magnezone-ex-b3-magnezone-b1a,Protective Poncho x1,https://play.limitlesstcg.com/tournament/6a8c5eb881741245b151d7e3/player/liquidedge/decklist
Magnezone ex Magnezone,15,18,False,angrypikachu,AngryPikachu,6ab3aa2de905c1db68748664,TH Event's Presents: When DX Pack?!|5$ + FA's!,68,2026-09-23,9,,5-1-2,magnezone-ex-b3-magnezone-b1a,Protective Poncho x1,https://play.limitlesstcg.com/tournament/6ab3aa2de905c1db68748664/player/angrypikachu/decklist
Magnezone ex Magnezone,15,18,False,angrypikachu,AngryPikachu,6a98b6dfab080c8c957f8554,Block Dragon Pop Up (RR Vespiquen),48,2026-09-03,9,,5-2-0,magnezone-ex-b3-magnezone-b1a,Protective Poncho x1,https://play.limitlesstcg.com/tournament/6a98b6dfab080c8c957f8554/player/angrypikachu/decklist
Magnezone ex Magnezone,15,18,False,zagazaga,ZaGaZaGa,6a8c5eb881741245b151d7e3,PMPT #44 - TEAM ROCKETS AMBITION!!! | $100 USD,378,2026-08-29,15,,8-3-0,magnezone-ex-b3-magnezone-b1a,Protective Poncho x1,https://play.limitlesstcg.com/tournament/6a8c5eb881741245b151d7e3/player/zagazaga/decklist
Magnezone ex Magnezone,15,18,False,njjord7,FrogEX | Njord,6a918b3d629039f77d8a40ca,Pop Up Series 8 || 3 FA OAKS + DX SHINIES,66,2026-08-29,20,,3-2-0,magnezone-ex-b3-magnezone-b1a,Protective Poncho x1,https://play.limitlesstcg.com/tournament/6a918b3d629039f77d8a40ca/player/njjord7/decklist
Magnezone ex Magnezone,15,18,False,juanpcv4540,DG | Juanpcv ,6a8c5eb881741245b151d7e3,PMPT #44 - TEAM ROCKETS AMBITION!!! | $100 USD,378,2026-08-29,23,,7-2-1,magnezone-ex-b3-magnezone-b1a,Protective Poncho x1,https://play.limitlesstcg.com/tournament/6a8c5eb881741245b151d7e3/player/juanpcv4540/decklist
Magnezone ex Magnezone,15,18,False,light_dn,Light_DN,6a8c5eb881741245b151d7e3,PMPT #44 - TEAM ROCKETS AMBITION!!! | $100 USD,378,2026-08-29,42,,6-2-1,magnezone-ex-b3-magnezone-b1a,Protective Poncho x1,https://play.limitlesstcg.com/tournament/6a8c5eb881741245b151d7e3/player/light_dn/decklist
Magnezone ex Magnezone,15,18,False,javiee333,𝗠𝗢𝗡⭐️ | Javiee333,6aa6eed0f1243e65f9800555,🩷random r0zey pop up #3 | $25 + FA🩷,146,2026-09-13,45,,4-3-0,magnezone-ex-b3-magnezone-b1a,Protective Poncho x1,https://play.limitlesstcg.com/tournament/6aa6eed0f1243e65f9800555/player/javiee333/decklist
Magnezone ex Magnezone,15,18,False,flipand11,flipand11,6a96069dabb9482237504f7f,Plasma Daily #22| Team Rocket's Ambitions| FA Card,113,2026-09-01,46,,3-3-0,magnezone-ex-b3-magnezone-b1a,Protective Poncho x1,https://play.limitlesstcg.com/tournament/6a96069dabb9482237504f7f/player/flipand11/decklist
Magnezone ex Magnezone,15,18,False,marckedcards,MarckedCards,6a8c5eb881741245b151d7e3,PMPT #44 - TEAM ROCKETS AMBITION!!! | $100 USD,378,2026-08-29,48,,6-3-0,magnezone-ex-b3-magnezone-b1a,Protective Poncho x1,https://play.limitlesstcg.com/tournament/6a8c5eb881741245b151d7e3/player/marckedcards/decklist
Magnezone ex Magnezone,15,18,False,marckedcards,MarckedCards,6a918b3d629039f77d8a40ca,Pop Up Series 8 || 3 FA OAKS + DX SHINIES,66,2026-08-29,50,,1-4-0,magnezone-ex-b3-magnezone-b1a,Protective Poncho x1,https://play.limitlesstcg.com/tournament/6a918b3d629039f77d8a40ca/player/marckedcards/decklist
Magnezone ex Magnezone,15,18,False,fedepoke02,Federico  Moroni ,6a96069dabb9482237504f7f,Plasma Daily #22| Team Rocket's Ambitions| FA Card,113,2026-09-01,53,,1-5-0,magnezone-ex-b3-magnezone-b1a,Protective Poncho x1,https://play.limitlesstcg.com/tournament/6a96069dabb9482237504f7f/player/fedepoke02/decklist
Magnezone ex Magnezone,15,18,False,iwonttry,iWontTry,6a9d55b3ab080c8c957fbaa6,OTS Pokemon TCG Pocket Arena Pop Up | $5 USD,65,2026-09-06,57,2,0-2-0,magnezone-ex-b3-magnezone-b1a,Protective Poncho x1,https://play.limitlesstcg.com/tournament/6a9d55b3ab080c8c957fbaa6/player/iwonttry/decklist
Magnezone ex Magnezone,15,18,False,flipand11,flipand11,6a8c5eb881741245b151d7e3,PMPT #44 - TEAM ROCKETS AMBITION!!! | $100 USD,378,2026-08-29,70,,4-2-1,magnezone-ex-b3-magnezone-b1a,Protective Poncho x1,https://play.limitlesstcg.com/tournament/6a8c5eb881741245b151d7e3/player/flipand11/decklist
Magnezone ex Magnezone,15,18,False,smarmir,Smarmir,6a8c5eb881741245b151d7e3,PMPT #44 - TEAM ROCKETS AMBITION!!! | $100 USD,378,2026-08-29,75,,4-3-0,magnezone-ex-b3-magnezone-b1a,Protective Poncho x1,https://play.limitlesstcg.com/tournament/6a8c5eb881741245b151d7e3/player/smarmir/decklist
Magnezone ex Magnezone,15,18,False,nabrix,Nabrix,6a8c5eb881741245b151d7e3,PMPT #44 - TEAM ROCKETS AMBITION!!! | $100 USD,378,2026-08-29,133,7,3-4-0,magnezone-ex-b3-magnezone-b1a,Protective Poncho x1,https://play.limitlesstcg.com/tournament/6a8c5eb881741245b151d7e3/player/nabrix/decklist
Magnezone ex Magnezone,15,18,False,okarun,okarun,6a8c5eb881741245b151d7e3,PMPT #44 - TEAM ROCKETS AMBITION!!! | $100 USD,378,2026-08-29,143,6,3-3-0,magnezone-ex-b3-magnezone-b1a,Protective Poncho x1,https://play.limitlesstcg.com/tournament/6a8c5eb881741245b151d7e3/player/okarun/decklist
Magnezone ex Magnezone,15,18,False,beachboy,BeachBoy,6a8c5eb881741245b151d7e3,PMPT #44 - TEAM ROCKETS AMBITION!!! | $100 USD,378,2026-08-29,151,6,3-3-0,magnezone-ex-b3-magnezone-b1a,Protective Poncho x1,https://play.limitlesstcg.com/tournament/6a8c5eb881741245b151d7e3/player/beachboy/decklist
Magnezone ex Magnezone,15,18,False,fall88,Fall88,6a8c5eb881741245b151d7e3,PMPT #44 - TEAM ROCKETS AMBITION!!! | $100 USD,378,2026-08-29,178,5,2-3-0,magnezone-ex-b3-magnezone-b1a,Protective Poncho x1,https://play.limitlesstcg.com/tournament/6a8c5eb881741245b151d7e3/player/fall88/decklist
Magnezone ex Magnezone,15,18,False,masterlando_420,masterlando_420,6a8c5eb881741245b151d7e3,PMPT #44 - TEAM ROCKETS AMBITION!!! | $100 USD,378,2026-08-29,193,7,2-5-0,magnezone-ex-b3-magnezone-b1a,Protective Poncho x1,https://play.limitlesstcg.com/tournament/6a8c5eb881741245b151d7e3/player/masterlando_420/decklist
Magnezone ex Magnezone,15,18,False,zartan3000,Zartan3000,6a8c5eb881741245b151d7e3,PMPT #44 - TEAM ROCKETS AMBITION!!! | $100 USD,378,2026-08-29,217,3,2-1-0,magnezone-ex-b3-magnezone-b1a,Protective Poncho x1,https://play.limitlesstcg.com/tournament/6a8c5eb881741245b151d7e3/player/zartan3000/decklist
Magnezone ex Magnezone,15,18,False,fer7788,Fer7788,6a8c5eb881741245b151d7e3,PMPT #44 - TEAM ROCKETS AMBITION!!! | $100 USD,378,2026-08-29,220,7,1-5-1,magnezone-ex-b3-magnezone-b1a,Protective Poncho x1,https://play.limitlesstcg.com/tournament/6a8c5eb881741245b151d7e3/player/fer7788/decklist
Magnezone ex Magnezone,15,18,False,whiterabbit,whiteRabbit,6a8c5eb881741245b151d7e3,PMPT #44 - TEAM ROCKETS AMBITION!!! | $100 USD,378,2026-08-29,221,3,1-2-0,magnezone-ex-b3-magnezone-b1a,Protective Poncho x1,https://play.limitlesstcg.com/tournament/6a8c5eb881741245b151d7e3/player/whiterabbit/decklist
Magnezone ex Magnezone,15,18,False,sky_skywolf93,SKY_SkyWolf93,6a8c5eb881741245b151d7e3,PMPT #44 - TEAM ROCKETS AMBITION!!! | $100 USD,378,2026-08-29,226,4,1-3-0,magnezone-ex-b3-magnezone-b1a,Protective Poncho x1,https://play.limitlesstcg.com/tournament/6a8c5eb881741245b151d7e3/player/sky_skywolf93/decklist
Magnezone ex Magnezone,15,18,False,tansama,𝗥𝗙 | Tan Sama,6a8c5eb881741245b151d7e3,PMPT #44 - TEAM ROCKETS AMBITION!!! | $100 USD,378,2026-08-29,241,3,1-2-0,magnezone-ex-b3-magnezone-b1a,Protective Poncho x1,https://play.limitlesstcg.com/tournament/6a8c5eb881741245b151d7e3/player/tansama/decklist
Magnezone ex Magnezone,15,18,False,adk,ADK,6a8c5eb881741245b151d7e3,PMPT #44 - TEAM ROCKETS AMBITION!!! | $100 USD,378,2026-08-29,247,4,1-3-0,magnezone-ex-b3-magnezone-b1a,Protective Poncho x1,https://play.limitlesstcg.com/tournament/6a8c5eb881741245b151d7e3/player/adk/decklist
Magnezone ex Magnezone,15,18,False,sushigabo,SushiGabo,6a8c5eb881741245b151d7e3,PMPT #44 - TEAM ROCKETS AMBITION!!! | $100 USD,378,2026-08-29,304,2,0-2-0,magnezone-ex-b3-magnezone-b1a,Protective Poncho x1,https://play.limitlesstcg.com/tournament/6a8c5eb881741245b151d7e3/player/sushigabo/decklist
Magnezone ex Magnezone,15,18,False,dietdrkelp,𝗠𝗢𝗡⭐| Suede,6a8c5eb881741245b151d7e3,PMPT #44 - TEAM ROCKETS AMBITION!!! | $100 USD,378,2026-08-29,322,2,0-2-0,magnezone-ex-b3-magnezone-b1a,Protective Poncho x1,https://play.limitlesstcg.com/tournament/6a8c5eb881741245b151d7e3/player/dietdrkelp/decklist
Magnezone ex Magnezone,15,18,False,hamza007,𝗠𝗮𝗴𝗺𝗮 Hamza,6a8c5eb881741245b151d7e3,PMPT #44 - TEAM ROCKETS AMBITION!!! | $100 USD,378,2026-08-29,335,2,0-2-0,magnezone-ex-b3-magnezone-b1a,Protective Poncho x1,https://play.limitlesstcg.com/tournament/6a8c5eb881741245b151d7e3/player/hamza007/decklist
Magnezone ex Magnezone,15,18,False,gravekeeper,𝐄𝐥𝐢𝐭𝐞𝟒 Gravekeeper,6a985d35ab080c8c957f7fac,The Dark League Tournament | POP UP,77,2026-09-02,,6,3-3-0,magnezone-ex-b3-magnezone-b1a,Protective Poncho x1,https://play.limitlesstcg.com/tournament/6a985d35ab080c8c957f7fac/player/gravekeeper/decklist
Mega Altaria ex Greninja,16,10,False,mamas,analezelol <3,6a8f27e57a62de813013fb20,The Breakfast Club Pop Up-$5+FA,69,2026-08-26,26,,3-3-0,mega-altaria-ex-b1-greninja-a1,Protective Poncho x1,https://play.limitlesstcg.com/tournament/6a8f27e57a62de813013fb20/player/mamas/decklist
Dedenne ex Indeedee ex,17,16,True,twidleurstixx,TwidleUrStixx,6aaad41638886b36383c1ad5,Pop Up Series 9 || FA OAK,27,2026-09-17,1,,7-0-1,dedenne-ex-b3b-indeedee-ex-b1,Protective Poncho x1,https://play.limitlesstcg.com/tournament/6aaad41638886b36383c1ad5/player/twidleurstixx/decklist
Dedenne ex Indeedee ex,17,16,True,golfermt,golfermt,6a8b75058302ae761e5fab7e,FAREWELL B4!|2x Hoopa ex RR Prize+More!|TH Series,81,2026-08-26,2,,8-2-1,dedenne-ex-b3b-indeedee-ex-b1,Protective Poncho x1,https://play.limitlesstcg.com/tournament/6a8b75058302ae761e5fab7e/player/golfermt/decklist
Dedenne ex Indeedee ex,17,16,True,hate_hardpeach,Hate_HardPeach,6a98fd1ba4272c53be6457c3,TBC The Rowdy Russell Rumble-$20-QUICK,53,2026-09-03,2,,6-2-2,dedenne-ex-b3b-indeedee-ex-b1,Protective Poncho x1,https://play.limitlesstcg.com/tournament/6a98fd1ba4272c53be6457c3/player/hate_hardpeach/decklist
Dedenne ex Indeedee ex,17,16,True,golfermt,golfermt,6a9718fd629039f77d8a790e,Plasma Daily #23| Team Rocket's Ambitions| FA Card,119,2026-09-02,4,,7-2-1,dedenne-ex-b3b-indeedee-ex-b1,Protective Poncho x1,https://play.limitlesstcg.com/tournament/6a9718fd629039f77d8a790e/player/golfermt/decklist
Dedenne ex Indeedee ex,17,16,True,rfine,Rfine,6a9e12feab080c8c957fc84e,♨️Sauna X Ev4de POG Tournament #27|10 USD+Top 4 FA,73,2026-09-11,5,,5-2-1,dedenne-ex-b3b-indeedee-ex-b1,Protective Poncho x1,https://play.limitlesstcg.com/tournament/6a9e12feab080c8c957fc84e/player/rfine/decklist
Dedenne ex Indeedee ex,17,16,True,acad,Acad,6a9b22fba4272c53be646f96,OTS Pokemon TCG Pocket Arena Pop Up,14,2026-09-04,5,,2-2-1,dedenne-ex-b3b-indeedee-ex-b1,Protective Poncho x1,https://play.limitlesstcg.com/tournament/6a9b22fba4272c53be646f96/player/acad/decklist
Dedenne ex Indeedee ex,17,16,True,aguxjuega99,Aguxjuega99,6a99bbffa4272c53be645f44,Block Dragon Pop Up (RR Team Rockets Raticate),60,2026-09-03,6,,6-2-0,dedenne-ex-b3b-indeedee-ex-b1,Protective Poncho x1,https://play.limitlesstcg.com/tournament/6a99bbffa4272c53be645f44/player/aguxjuega99/decklist
Dedenne ex Indeedee ex,17,16,True,tendoreezy,tendoreezy,6aa682e4f1243e65f97ffebe,The PokeBounty Showdown Sunday Pop Up,83,2026-09-13,8,,5-3-1,dedenne-ex-b3b-indeedee-ex-b1,Protective Poncho x1,https://play.limitlesstcg.com/tournament/6aa682e4f1243e65f97ffebe/player/tendoreezy/decklist
Dedenne ex Indeedee ex,17,16,True,pikatravai,Pikatravai,6a8f27e57a62de813013fb20,The Breakfast Club Pop Up-$5+FA,69,2026-08-26,9,,5-2-0,dedenne-ex-b3b-indeedee-ex-b1,Protective Poncho x1,https://play.limitlesstcg.com/tournament/6a8f27e57a62de813013fb20/player/pikatravai/decklist
Dedenne ex Indeedee ex,17,16,True,petapetachu,petapetachu,6aa6410b38886b36383be710,🏰FORT TOURNAMENTS POCKET DEBUT🏰 $20 + FA CARDS,114,2026-09-14,12,,6-2-0,dedenne-ex-b3b-indeedee-ex-b1,Protective Poncho x2; Rocky Helmet x1,https://play.limitlesstcg.com/tournament/6aa6410b38886b36383be710/player/petapetachu/decklist
Dedenne ex Indeedee ex,17,16,True,feherlac,Feherlac,6a96b86babb948223750549c,Dark League Pop Up,46,2026-09-01,13,,5-3-0,dedenne-ex-b3b-indeedee-ex-b1,Protective Poncho x1,https://play.limitlesstcg.com/tournament/6a96b86babb948223750549c/player/feherlac/decklist
Dedenne ex Indeedee ex,17,16,True,mirandolla,𝗦𝗗𝗘 | Jhon Lenon,6aa5a7da38886b36383bdfcd,🇧🇷 Hit Sparrow #12 | TCG Pocket,17,2026-09-16,13,,0-3-0,dedenne-ex-b3b-indeedee-ex-b1,Protective Poncho x2,https://play.limitlesstcg.com/tournament/6aa5a7da38886b36383bdfcd/player/mirandolla/decklist
Dedenne ex Indeedee ex,17,16,True,ratatouillet27,𝐓𝐌 I OldCaT .,6a8ea2690580a332c8420304,Rozey Birthday Pop Up By Dark league,29,2026-08-26,16,,2-3-0,dedenne-ex-b3b-indeedee-ex-b1,Protective Poncho x1,https://play.limitlesstcg.com/tournament/6a8ea2690580a332c8420304/player/ratatouillet27/decklist
Dedenne ex Indeedee ex,17,16,True,bigslowpokefan,BigSlowpokeFan,6a8c5eb881741245b151d7e3,PMPT #44 - TEAM ROCKETS AMBITION!!! | $100 USD,378,2026-08-29,17,,8-2-0,dedenne-ex-b3b-indeedee-ex-b1,Protective Poncho x1,https://play.limitlesstcg.com/tournament/6a8c5eb881741245b151d7e3/player/bigslowpokefan/decklist
Dedenne ex Indeedee ex,17,16,True,hidalgo1,hidalgo1,6aa1e900a4272c53be64c5ce,THE BREAKFAST CLUB KELP CLASSIC #9 - $5,64,2026-09-10,17,,4-3-0,dedenne-ex-b3b-indeedee-ex-b1,Protective Poncho x1,https://play.limitlesstcg.com/tournament/6aa1e900a4272c53be64c5ce/player/hidalgo1/decklist
Dedenne ex Indeedee ex,17,16,True,hate_hardpeach,Hate_HardPeach,6a96069dabb9482237504f7f,Plasma Daily #22| Team Rocket's Ambitions| FA Card,113,2026-09-01,18,,5-2-0,dedenne-ex-b3b-indeedee-ex-b1,Protective Poncho x1,https://play.limitlesstcg.com/tournament/6a96069dabb9482237504f7f/player/hate_hardpeach/decklist
Dedenne ex Indeedee ex,17,16,True,xctloya26,PTSD | Xctloya26,6aa89ad438886b36383c071a,✧･❀🌸Flutter Festival Debut! -15$🌸❀･✧,80,2026-09-16,18,,4-3-0,dedenne-ex-b3b-indeedee-ex-b1,Protective Poncho x1,https://play.limitlesstcg.com/tournament/6aa89ad438886b36383c071a/player/xctloya26/decklist
Dedenne ex Indeedee ex,17,16,True,bborsx,Bborsx,6aa13feaa4272c53be64b94a,DR KELP’S CHUM BUCKET POP UP,49,2026-09-09,18,,3-2-0,dedenne-ex-b3b-indeedee-ex-b1,Protective Poncho x2,https://play.limitlesstcg.com/tournament/6aa13feaa4272c53be64b94a/player/bborsx/decklist
Dedenne ex Indeedee ex,17,16,True,foulzzx,foulzzx,6a9d55b3ab080c8c957fbaa6,OTS Pokemon TCG Pocket Arena Pop Up | $5 USD,65,2026-09-06,19,,3-3-0,dedenne-ex-b3b-indeedee-ex-b1,Protective Poncho x1,https://play.limitlesstcg.com/tournament/6a9d55b3ab080c8c957fbaa6/player/foulzzx/decklist
Dedenne ex Indeedee ex,17,16,True,kingscom,Kingscom,6a8ea2690580a332c8420304,Rozey Birthday Pop Up By Dark league,29,2026-08-26,21,,1-4-0,dedenne-ex-b3b-indeedee-ex-b1,Protective Poncho x1,https://play.limitlesstcg.com/tournament/6a8ea2690580a332c8420304/player/kingscom/decklist
Dedenne ex Indeedee ex,17,16,True,isez,isez,6a94b2ffabb9482237504367,♨️Sauna X Almond POG Tournament #24|10USD + FA!,110,2026-09-02,22,,4-2-1,dedenne-ex-b3b-indeedee-ex-b1,Protective Poncho x1,https://play.limitlesstcg.com/tournament/6a94b2ffabb9482237504367/player/isez/decklist
Dedenne ex Indeedee ex,17,16,True,shmo,shmo,6aa0471eab080c8c957fe27d,The PokeBounty Showdown $1000 Prize Pool (#2NA),142,2026-09-14,23,,4-2-1,dedenne-ex-b3b-indeedee-ex-b1,Protective Poncho x1,https://play.limitlesstcg.com/tournament/6aa0471eab080c8c957fe27d/player/shmo/decklist
Dedenne ex Indeedee ex,17,16,True,noobslybot_01,PLASMA| Moira,6a789b5ccdc0391d7fa61ba9,The Dark League | CELEBRATORY FANFARE 685$ Value,120,2026-09-05,24,,4-3-1,dedenne-ex-b3b-indeedee-ex-b1,Protective Poncho x1,https://play.limitlesstcg.com/tournament/6a789b5ccdc0391d7fa61ba9/player/noobslybot_01/decklist
Dedenne ex Indeedee ex,17,16,True,portlandpoliwags,PortlandPoliwags,6a90c1890580a332c842170e,🚀Nuggie's POG Tourney #14 $25 Winner Takes ALL🚀,106,2026-08-30,24,,4-3-0,dedenne-ex-b3b-indeedee-ex-b1,Protective Poncho x1,https://play.limitlesstcg.com/tournament/6a90c1890580a332c842170e/player/portlandpoliwags/decklist
Dedenne ex Indeedee ex,17,16,True,hate_hardpeach,Hate_HardPeach,6a78c5912b308b6067b4f421,Tournament Vegegras cash prize 100usd,116,2026-09-05,25,,6-3-0,dedenne-ex-b3b-indeedee-ex-b1,Protective Poncho x1,https://play.limitlesstcg.com/tournament/6a78c5912b308b6067b4f421/player/hate_hardpeach/decklist
Dedenne ex Indeedee ex,17,16,True,bborsx,Bborsx,6a9718fd629039f77d8a790e,Plasma Daily #23| Team Rocket's Ambitions| FA Card,119,2026-09-02,26,,4-3-0,dedenne-ex-b3b-indeedee-ex-b1,Protective Poncho x2,https://play.limitlesstcg.com/tournament/6a9718fd629039f77d8a790e/player/bborsx/decklist
Dedenne ex Indeedee ex,17,16,True,tendoreezy,tendoreezy,6a9e12feab080c8c957fc84e,♨️Sauna X Ev4de POG Tournament #27|10 USD+Top 4 FA,73,2026-09-11,28,,3-3-0,dedenne-ex-b3b-indeedee-ex-b1,Protective Poncho x1,https://play.limitlesstcg.com/tournament/6a9e12feab080c8c957fc84e/player/tendoreezy/decklist
Dedenne ex Indeedee ex,17,16,True,tendoreezy,tendoreezy,6aa0471eab080c8c957fe27d,The PokeBounty Showdown $1000 Prize Pool (#2NA),142,2026-09-14,30,,4-3-0,dedenne-ex-b3b-indeedee-ex-b1,Protective Poncho x1,https://play.limitlesstcg.com/tournament/6aa0471eab080c8c957fe27d/player/tendoreezy/decklist
Dedenne ex Indeedee ex,17,16,True,isanpum,𝐅𝐈𝐑𝐄 | isanpum,6aaac3d9f1243e65f9802bad,🥊 20$ BEC'S KING OF THE HILL - ANY FA PRIZE!,95,2026-09-18,33,,1-1-0,dedenne-ex-b3b-indeedee-ex-b1,Protective Poncho x1,https://play.limitlesstcg.com/tournament/6aaac3d9f1243e65f9802bad/player/isanpum/decklist
Dedenne ex Indeedee ex,17,16,True,chicco96,chicco96,6a99bbffa4272c53be645f44,Block Dragon Pop Up (RR Team Rockets Raticate),60,2026-09-03,35,,2-4-0,dedenne-ex-b3b-indeedee-ex-b1,Protective Poncho x2,https://play.limitlesstcg.com/tournament/6a99bbffa4272c53be645f44/player/chicco96/decklist
Dedenne ex Indeedee ex,17,16,True,hanzee,Hanzee,6a7e2db92b308b6067b531d2,Umbreon99's Aura Sphere #5: $5 USD + OAK,89,2026-09-18,38,,1-5-0,dedenne-ex-b3b-indeedee-ex-b1,Protective Poncho x1,https://play.limitlesstcg.com/tournament/6a7e2db92b308b6067b531d2/player/hanzee/decklist
Dedenne ex Indeedee ex,17,16,True,meymuus,Meymuus,6aa17ddeab080c8c957ff0fe,Dark League Pocket Tournament | 20$USD Prize Pool,118,2026-09-12,43,,3-4-0,dedenne-ex-b3b-indeedee-ex-b1,Protective Poncho x1; Rocky Helmet x1,https://play.limitlesstcg.com/tournament/6aa17ddeab080c8c957ff0fe/player/meymuus/decklist
Dedenne ex Indeedee ex,17,16,True,aquamarinee,AquamarineE,6aa682e4f1243e65f97ffebe,The PokeBounty Showdown Sunday Pop Up,83,2026-09-13,43,,2-4-0,dedenne-ex-b3b-indeedee-ex-b1,Protective Poncho x1,https://play.limitlesstcg.com/tournament/6aa682e4f1243e65f97ffebe/player/aquamarinee/decklist
Dedenne ex Indeedee ex,17,16,True,acad,Acad,6aa7cd2ff1243e65f9800e0f,TBC KELP CLASSIC 10th ANNIVERSARY- $10 + FA CYRUS,78,2026-09-15,45,,1-6-0,dedenne-ex-b3b-indeedee-ex-b1,Protective Poncho x1,https://play.limitlesstcg.com/tournament/6aa7cd2ff1243e65f9800e0f/player/acad/decklist
Dedenne ex Indeedee ex,17,16,True,iduh,𝗠𝗲𝗴𝗮 Iduh 𝗘𝗫,6a901ac60580a332c8420eaa,‼️$20 BEC'S 📛NEW SET PARTY - FA PRIZES🔻,133,2026-08-28,51,,1-5-0,dedenne-ex-b3b-indeedee-ex-b1,Protective Poncho x1,https://play.limitlesstcg.com/tournament/6a901ac60580a332c8420eaa/player/iduh/decklist
Dedenne ex Indeedee ex,17,16,True,kabesu,KABESU,6a8c5eb881741245b151d7e3,PMPT #44 - TEAM ROCKETS AMBITION!!! | $100 USD,378,2026-08-29,62,,6-3-0,dedenne-ex-b3b-indeedee-ex-b1,Protective Poncho x1,https://play.limitlesstcg.com/tournament/6a8c5eb881741245b151d7e3/player/kabesu/decklist
Dedenne ex Indeedee ex,17,16,True,acad,Acad,6aa0471eab080c8c957fe27d,The PokeBounty Showdown $1000 Prize Pool (#2NA),142,2026-09-14,62,,3-3-0,dedenne-ex-b3b-indeedee-ex-b1,Protective Poncho x1,https://play.limitlesstcg.com/tournament/6aa0471eab080c8c957fe27d/player/acad/decklist
Dedenne ex Indeedee ex,17,16,True,tendoreezy,tendoreezy,6a9829c8a4272c53be644d74,The PokeBounty Showdown $1000 Prize Pool (#1),132,2026-09-07,64,,2-4-0,dedenne-ex-b3b-indeedee-ex-b1,Protective Poncho x1,https://play.limitlesstcg.com/tournament/6a9829c8a4272c53be644d74/player/tendoreezy/decklist
Dedenne ex Indeedee ex,17,16,True,jefe_tribal10,Jefe_tribal10,6aa22425a4272c53be64ca36,The Breakfast Club Daily #5-$5 + FA,112,2026-09-10,64,5,2-3-0,dedenne-ex-b3b-indeedee-ex-b1,Protective Poncho x1,https://play.limitlesstcg.com/tournament/6aa22425a4272c53be64ca36/player/jefe_tribal10/decklist
Dedenne ex Indeedee ex,17,16,True,rome90,Rome90,6aa6410b38886b36383be710,🏰FORT TOURNAMENTS POCKET DEBUT🏰 $20 + FA CARDS,114,2026-09-14,75,3,1-2-0,dedenne-ex-b3b-indeedee-ex-b1,Protective Poncho x1,https://play.limitlesstcg.com/tournament/6aa6410b38886b36383be710/player/rome90/decklist
Dedenne ex Indeedee ex,17,16,True,thefossilman,TheFossilMan,6aa22425a4272c53be64ca36,The Breakfast Club Daily #5-$5 + FA,112,2026-09-10,76,4,1-3-0,dedenne-ex-b3b-indeedee-ex-b1,Protective Poncho x1,https://play.limitlesstcg.com/tournament/6aa22425a4272c53be64ca36/player/thefossilman/decklist
Dedenne ex Indeedee ex,17,16,True,gigagoat,GigaGoat,6a90e8157a62de8130140dee,The Breakfast Club Xastur's Showdown-$5+OAK+,97,2026-08-28,76,4,1-3-0,dedenne-ex-b3b-indeedee-ex-b1,Protective Poncho x1,https://play.limitlesstcg.com/tournament/6a90e8157a62de8130140dee/player/gigagoat/decklist
Dedenne ex Indeedee ex,17,16,True,antimetazoo_wiki,AntiMetaZoo_Wiki,6a9dc423ab080c8c957fc250,The Breakfast Club Nightly-$20,118,2026-09-07,94,,1-6-0,dedenne-ex-b3b-indeedee-ex-b1,Protective Poncho x2,https://play.limitlesstcg.com/tournament/6a9dc423ab080c8c957fc250/player/antimetazoo_wiki/decklist
Dedenne ex Indeedee ex,17,16,True,jupitrar,Jupitrar,6a90e8157a62de8130140dee,The Breakfast Club Xastur's Showdown-$5+OAK+,97,2026-08-28,94,1,0-1-0,dedenne-ex-b3b-indeedee-ex-b1,Rocky Helmet x2,https://play.limitlesstcg.com/tournament/6a90e8157a62de8130140dee/player/jupitrar/decklist
Dedenne ex Indeedee ex,17,16,True,dragby,Dragby,6a8c5eb881741245b151d7e3,PMPT #44 - TEAM ROCKETS AMBITION!!! | $100 USD,378,2026-08-29,109,,4-3-0,dedenne-ex-b3b-indeedee-ex-b1,Protective Poncho x1,https://play.limitlesstcg.com/tournament/6a8c5eb881741245b151d7e3/player/dragby/decklist
Dedenne ex Indeedee ex,17,16,True,hate_hardpeach,Hate_HardPeach,6a9dc423ab080c8c957fc250,The Breakfast Club Nightly-$20,118,2026-09-07,112,,0-7-0,dedenne-ex-b3b-indeedee-ex-b1,Protective Poncho x1,https://play.limitlesstcg.com/tournament/6a9dc423ab080c8c957fc250/player/hate_hardpeach/decklist
Dedenne ex Indeedee ex,17,16,True,ashoka,Ashoka,6a8c5eb881741245b151d7e3,PMPT #44 - TEAM ROCKETS AMBITION!!! | $100 USD,378,2026-08-29,132,6,3-3-0,dedenne-ex-b3b-indeedee-ex-b1,Protective Poncho x1,https://play.limitlesstcg.com/tournament/6a8c5eb881741245b151d7e3/player/ashoka/decklist
Dedenne ex Indeedee ex,17,16,True,mrmal15,MrMal15,6a8c5eb881741245b151d7e3,PMPT #44 - TEAM ROCKETS AMBITION!!! | $100 USD,378,2026-08-29,160,6,2-4-0,dedenne-ex-b3b-indeedee-ex-b1,Protective Poncho x1,https://play.limitlesstcg.com/tournament/6a8c5eb881741245b151d7e3/player/mrmal15/decklist
Dedenne ex Indeedee ex,17,16,True,travisty,Travisty,6a8c5eb881741245b151d7e3,PMPT #44 - TEAM ROCKETS AMBITION!!! | $100 USD,378,2026-08-29,234,2,1-1-0,dedenne-ex-b3b-indeedee-ex-b1,Protective Poncho x1,https://play.limitlesstcg.com/tournament/6a8c5eb881741245b151d7e3/player/travisty/decklist
Dedenne ex Indeedee ex,17,16,True,bborsx,Bborsx,6a7e2b83cdc0391d7fa65afb,Umbreon99's Aura Sphere #4: $15 USD + Oak,219,2026-09-11,,2,0-2-0,dedenne-ex-b3b-indeedee-ex-b1,Protective Poncho x2,https://play.limitlesstcg.com/tournament/6a7e2b83cdc0391d7fa65afb/player/bborsx/decklist
Dedenne ex Indeedee ex,17,16,True,redmaicon,𝗧𝗠𝗔 _MAICONRED,6a96069dabb9482237504f7f,Plasma Daily #22| Team Rocket's Ambitions| FA Card,113,2026-09-01,,2,0-2-0,dedenne-ex-b3b-indeedee-ex-b1,Protective Poncho x2,https://play.limitlesstcg.com/tournament/6a96069dabb9482237504f7f/player/redmaicon/decklist
Dedenne ex Indeedee ex,17,16,True,mrmal15,MrMal15,6a90c1890580a332c842170e,🚀Nuggie's POG Tourney #14 $25 Winner Takes ALL🚀,106,2026-08-30,,5,2-3-0,dedenne-ex-b3b-indeedee-ex-b1,Protective Poncho x1,https://play.limitlesstcg.com/tournament/6a90c1890580a332c842170e/player/mrmal15/decklist
Dedenne ex Indeedee ex,17,16,True,titsygopro,titsygopro,6a9e12feab080c8c957fc84e,♨️Sauna X Ev4de POG Tournament #27|10 USD+Top 4 FA,73,2026-09-11,,4,2-2-0,dedenne-ex-b3b-indeedee-ex-b1,Protective Poncho x1,https://play.limitlesstcg.com/tournament/6a9e12feab080c8c957fc84e/player/titsygopro/decklist
Dedenne ex Indeedee ex,17,16,True,isanpum,𝐅𝐈𝐑𝐄 | isanpum,6ab3aa2de905c1db68748664,TH Event's Presents: When DX Pack?!|5$ + FA's!,68,2026-09-23,,1,0-1-0,dedenne-ex-b3b-indeedee-ex-b1,Protective Poncho x1,https://play.limitlesstcg.com/tournament/6ab3aa2de905c1db68748664/player/isanpum/decklist
Dedenne ex Indeedee ex,17,16,True,ld,LuDo ,6aa1e900a4272c53be64c5ce,THE BREAKFAST CLUB KELP CLASSIC #9 - $5,64,2026-09-10,,5,4-1-0,dedenne-ex-b3b-indeedee-ex-b1,Protective Poncho x1,https://play.limitlesstcg.com/tournament/6aa1e900a4272c53be64c5ce/player/ld/decklist
Dedenne ex Indeedee ex,17,16,True,foulzzx,foulzzx,6aa6942138886b36383be9a3,DR KELP’S CHUM BUCKET POP UP - FA COPYCAT,38,2026-09-13,,1,0-1-0,dedenne-ex-b3b-indeedee-ex-b1,Protective Poncho x1,https://play.limitlesstcg.com/tournament/6aa6942138886b36383be9a3/player/foulzzx/decklist
Mega Altaria ex,19,21,False,normo360,𝗠𝗮𝗴𝗺𝗮 StorM,6a96b86babb948223750549c,Dark League Pop Up,46,2026-09-01,27,,0-6-0,mega-altaria-ex-b1,Protective Poncho x1,https://play.limitlesstcg.com/tournament/6a96b86babb948223750549c/player/normo360/decklist
Mega Altaria ex,19,21,False,ventrixd,VentriXD,6a8c5eb881741245b151d7e3,PMPT #44 - TEAM ROCKETS AMBITION!!! | $100 USD,378,2026-08-29,318,2,0-2-0,mega-altaria-ex-b1,Rocky Helmet x2,https://play.limitlesstcg.com/tournament/6a8c5eb881741245b151d7e3/player/ventrixd/decklist
Garchomp,21,29,True,cosmooo,FrogEX | Cosmo,6a91426eabb94822375023de,Dark League Pop Up,21,2026-08-28,2,,6-3-0,garchomp-b4a,Protective Poncho x1,https://play.limitlesstcg.com/tournament/6a91426eabb94822375023de/player/cosmooo/decklist
Garchomp,21,29,True,scrat6962,TBC | Testi,6a947113629039f77d8a5c46,Dark League Pop Up,57,2026-08-30,12,,5-3-0,garchomp-b4a,Protective Poncho x1,https://play.limitlesstcg.com/tournament/6a947113629039f77d8a5c46/player/scrat6962/decklist
Garchomp,21,29,True,tetrycy,Tetrycy,6a90c1890580a332c842170e,🚀Nuggie's POG Tourney #14 $25 Winner Takes ALL🚀,106,2026-08-30,27,,4-3-0,garchomp-b4a,Rocky Helmet x1,https://play.limitlesstcg.com/tournament/6a90c1890580a332c842170e/player/tetrycy/decklist
Garchomp,21,29,True,lockpick04,Lockpick04,6a90e8157a62de8130140dee,The Breakfast Club Xastur's Showdown-$5+OAK+,97,2026-08-28,63,4,1-3-0,garchomp-b4a,Protective Poncho x1,https://play.limitlesstcg.com/tournament/6a90e8157a62de8130140dee/player/lockpick04/decklist
Garchomp,21,29,True,alexapost7,Alexapost7,6a78c5912b308b6067b4f421,Tournament Vegegras cash prize 100usd,116,2026-09-05,68,,1-6-0,garchomp-b4a,Protective Poncho x1,https://play.limitlesstcg.com/tournament/6a78c5912b308b6067b4f421/player/alexapost7/decklist
Garchomp,21,29,True,zsway,Zsway,6a9f6899a4272c53be64a894,Umbreon99's Team Rocket's Bash: $10 USD + 🌈,172,2026-09-08,72,,3-4-0,garchomp-b4a,Protective Poncho x1,https://play.limitlesstcg.com/tournament/6a9f6899a4272c53be64a894/player/zsway/decklist
Garchomp,21,29,True,ka1z0,Ka1z0,6a8c5eb881741245b151d7e3,PMPT #44 - TEAM ROCKETS AMBITION!!! | $100 USD,378,2026-08-29,292,3,1-2-0,garchomp-a2,Rocky Helmet x1,https://play.limitlesstcg.com/tournament/6a8c5eb881741245b151d7e3/player/ka1z0/decklist
Garchomp,21,29,True,ninjabunny,ninjabunny,6a8c5eb881741245b151d7e3,PMPT #44 - TEAM ROCKETS AMBITION!!! | $100 USD,378,2026-08-29,360,1,0-1-0,garchomp-b4a,Protective Poncho x2,https://play.limitlesstcg.com/tournament/6a8c5eb881741245b151d7e3/player/ninjabunny/decklist
Garchomp,21,29,True,christia1993n,christia1993n,6a901ac60580a332c8420eaa,‼️$20 BEC'S 📛NEW SET PARTY - FA PRIZES🔻,133,2026-08-28,,3,1-2-0,garchomp-b4a,Protective Poncho x1,https://play.limitlesstcg.com/tournament/6a901ac60580a332c8420eaa/player/christia1993n/decklist
Garchomp,21,29,True,mikamika_tti,MikaMika_tti,6a901ac60580a332c8420eaa,‼️$20 BEC'S 📛NEW SET PARTY - FA PRIZES🔻,133,2026-08-28,,2,1-1-0,garchomp-b4a,Protective Poncho x1,https://play.limitlesstcg.com/tournament/6a901ac60580a332c8420eaa/player/mikamika_tti/decklist
Garchomp,21,29,True,nj_210zz,Nj_210zz,6a901ac60580a332c8420eaa,‼️$20 BEC'S 📛NEW SET PARTY - FA PRIZES🔻,133,2026-08-28,,1,0-1-0,garchomp-b4a,Protective Poncho x1,https://play.limitlesstcg.com/tournament/6a901ac60580a332c8420eaa/player/nj_210zz/decklist
Garchomp,21,29,True,paabloo64,Pablo Fernández,6a9718fd629039f77d8a790e,Plasma Daily #23| Team Rocket's Ambitions| FA Card,119,2026-09-02,,5,2-3-0,garchomp-b4a,Rocky Helmet x1,https://play.limitlesstcg.com/tournament/6a9718fd629039f77d8a790e/player/paabloo64/decklist
Dragonair Mega Rayquaza ex,22,6,True,thefossilman,TheFossilMan,6a7e2b83cdc0391d7fa65afb,Umbreon99's Aura Sphere #4: $15 USD + Oak,219,2026-09-11,1,,11-2-1,dragonair-mega-rayquaza-ex-b4,Gouging Fire x2,https://play.limitlesstcg.com/tournament/6a7e2b83cdc0391d7fa65afb/player/thefossilman/decklist
Dragonair Mega Rayquaza ex,22,6,True,minato,minato,6aa6eed0f1243e65f9800555,🩷random r0zey pop up #3 | $25 + FA🩷,146,2026-09-13,1,,11-1-0,dragonair-mega-rayquaza-ex-b4,Gouging Fire x2,https://play.limitlesstcg.com/tournament/6aa6eed0f1243e65f9800555/player/minato/decklist
Dragonair Mega Rayquaza ex,22,6,True,victorssito,PGX | victorssito,6aa22425a4272c53be64ca36,The Breakfast Club Daily #5-$5 + FA,112,2026-09-10,2,,8-3-1,dragonair-mega-rayquaza-ex-b4,Gouging Fire x2,https://play.limitlesstcg.com/tournament/6aa22425a4272c53be64ca36/player/victorssito/decklist
Dragonair Mega Rayquaza ex,22,6,True,minato,minato,6aac7e78f127b1b52c27ba59,$40 USD+FA | 巫獅對戰塔盃 LeoWizard BattleTower Cup #12,112,2026-09-19,2,,9-3-0,dragonair-mega-rayquaza-ex-b4,Gouging Fire x2,https://play.limitlesstcg.com/tournament/6aac7e78f127b1b52c27ba59/player/minato/decklist
Dragonair Mega Rayquaza ex,22,6,True,megaanyaex,𝗠𝗲𝗴𝗮 Anya 𝗘𝗫,6aa682e4f1243e65f97ffebe,The PokeBounty Showdown Sunday Pop Up,83,2026-09-13,3,,7-2-1,dragonair-mega-rayquaza-ex-b4,Gouging Fire x2,https://play.limitlesstcg.com/tournament/6aa682e4f1243e65f97ffebe/player/megaanyaex/decklist
Dragonair Mega Rayquaza ex,22,6,True,pauk55,𝗠𝗢𝗡𝗢 . Pauk,6aa2a732a4272c53be64cdf1,DR KELP’S CHUM BUCKET POP UP,37,2026-09-10,3,,6-2-0,dragonair-mega-rayquaza-ex-b4,Gouging Fire x2; Protective Poncho x2,https://play.limitlesstcg.com/tournament/6aa2a732a4272c53be64cdf1/player/pauk55/decklist
Dragonair Mega Rayquaza ex,22,6,True,niev,Thiago Augusto,6aa5a7da38886b36383bdfcd,🇧🇷 Hit Sparrow #12 | TCG Pocket,17,2026-09-16,3,,3-2-0,dragonair-mega-rayquaza-ex-b4,Gouging Fire x2,https://play.limitlesstcg.com/tournament/6aa5a7da38886b36383bdfcd/player/niev/decklist
Dragonair Mega Rayquaza ex,22,6,True,draxoz,DraXoZ,6a9b22fba4272c53be646f96,OTS Pokemon TCG Pocket Arena Pop Up,14,2026-09-04,3,,3-2-1,dragonair-mega-rayquaza-ex-b4,Gouging Fire x2; Protective Poncho x1,https://play.limitlesstcg.com/tournament/6a9b22fba4272c53be646f96/player/draxoz/decklist
Dragonair Mega Rayquaza ex,22,6,True,minato,minato,6aa0471eab080c8c957fe27d,The PokeBounty Showdown $1000 Prize Pool (#2NA),142,2026-09-14,4,,7-1-2,dragonair-mega-rayquaza-ex-b4,Gouging Fire x2,https://play.limitlesstcg.com/tournament/6aa0471eab080c8c957fe27d/player/minato/decklist
Dragonair Mega Rayquaza ex,22,6,True,harian,Harian,6a7e2b83cdc0391d7fa65afb,Umbreon99's Aura Sphere #4: $15 USD + Oak,219,2026-09-11,5,,8-2-2,dragonair-mega-rayquaza-ex-b4,Gouging Fire x2,https://play.limitlesstcg.com/tournament/6a7e2b83cdc0391d7fa65afb/player/harian/decklist
Dragonair Mega Rayquaza ex,22,6,True,johtopack,CIRC | Elegant,6a989e74a4272c53be6453c4,🔥 TBC × HYPE PACKS: AFTERMADS #1 — $150 🔥,134,2026-09-13,6,,8-2-1,dragonair-mega-rayquaza-ex-b4,Gouging Fire x2,https://play.limitlesstcg.com/tournament/6a989e74a4272c53be6453c4/player/johtopack/decklist
Dragonair Mega Rayquaza ex,22,6,True,isez,isez,6aa89ad438886b36383c071a,✧･❀🌸Flutter Festival Debut! -15$🌸❀･✧,80,2026-09-16,6,,6-2-1,dragonair-mega-rayquaza-ex-b4,Gouging Fire x2,https://play.limitlesstcg.com/tournament/6aa89ad438886b36383c071a/player/isez/decklist
Dragonair Mega Rayquaza ex,22,6,True,nuggie_d,Nuggie_D,6a98b6dfab080c8c957f8554,Block Dragon Pop Up (RR Vespiquen),48,2026-09-03,6,,5-2-1,dragonair-mega-rayquaza-ex-b4,Gouging Fire x1,https://play.limitlesstcg.com/tournament/6a98b6dfab080c8c957f8554/player/nuggie_d/decklist
Dragonair Mega Rayquaza ex,22,6,True,kayjay,KayJay,6aaad41638886b36383c1ad5,Pop Up Series 9 || FA OAK,27,2026-09-17,6,,3-2-1,dragonair-mega-rayquaza-ex-b4,Gouging Fire x2,https://play.limitlesstcg.com/tournament/6aaad41638886b36383c1ad5/player/kayjay/decklist
Dragonair Mega Rayquaza ex,22,6,True,njjord7,FrogEX | Njord,6aa22425a4272c53be64ca36,The Breakfast Club Daily #5-$5 + FA,112,2026-09-10,9,,6-2-1,dragonair-mega-rayquaza-ex-b4,Gouging Fire x2,https://play.limitlesstcg.com/tournament/6aa22425a4272c53be64ca36/player/njjord7/decklist
Dragonair Mega Rayquaza ex,22,6,True,preluxe,𝗠𝗮𝗴𝗺𝗮 Preluxe,6aac7e78f127b1b52c27ba59,$40 USD+FA | 巫獅對戰塔盃 LeoWizard BattleTower Cup #12,112,2026-09-19,9,,7-1-1,dragonair-mega-rayquaza-ex-b4,Gouging Fire x2,https://play.limitlesstcg.com/tournament/6aac7e78f127b1b52c27ba59/player/preluxe/decklist
Dragonair Mega Rayquaza ex,22,6,True,megaanyaex,𝗠𝗲𝗴𝗮 Anya 𝗘𝗫,6aa6942138886b36383be9a3,DR KELP’S CHUM BUCKET POP UP - FA COPYCAT,38,2026-09-13,9,,4-2-0,dragonair-mega-rayquaza-ex-b4,Gouging Fire x2,https://play.limitlesstcg.com/tournament/6aa6942138886b36383be9a3/player/megaanyaex/decklist
Dragonair Mega Rayquaza ex,22,6,True,isez,isez,6a7e2b83cdc0391d7fa65afb,Umbreon99's Aura Sphere #4: $15 USD + Oak,219,2026-09-11,10,,9-2-0,dragonair-mega-rayquaza-ex-b4,Gouging Fire x2,https://play.limitlesstcg.com/tournament/6a7e2b83cdc0391d7fa65afb/player/isez/decklist
Dragonair Mega Rayquaza ex,22,6,True,boat_sensei,𝗕𝗢𝗔𝗧 | Sensei,6aa17ddeab080c8c957ff0fe,Dark League Pocket Tournament | 20$USD Prize Pool,118,2026-09-12,11,,6-2-2,dragonair-mega-rayquaza-ex-b4,Gouging Fire x2,https://play.limitlesstcg.com/tournament/6aa17ddeab080c8c957ff0fe/player/boat_sensei/decklist
Dragonair Mega Rayquaza ex,22,6,True,fitypaldis,Fitypaldis,6a8b75058302ae761e5fab7e,FAREWELL B4!|2x Hoopa ex RR Prize+More!|TH Series,81,2026-08-26,11,,5-2-1,dragonair-mega-rayquaza-ex-b4,Gouging Fire x2; Protective Poncho x1,https://play.limitlesstcg.com/tournament/6a8b75058302ae761e5fab7e/player/fitypaldis/decklist
Dragonair Mega Rayquaza ex,22,6,True,pylantrao,PylanTrao,6aa89ad438886b36383c071a,✧･❀🌸Flutter Festival Debut! -15$🌸❀･✧,80,2026-09-16,11,,6-2-0,dragonair-mega-rayquaza-ex-b4,Gouging Fire x2,https://play.limitlesstcg.com/tournament/6aa89ad438886b36383c071a/player/pylantrao/decklist
Dragonair Mega Rayquaza ex,22,6,True,flameking3,FLAMEKING3,6aa6eed0f1243e65f9800555,🩷random r0zey pop up #3 | $25 + FA🩷,146,2026-09-13,12,,6-3-0,dragonair-mega-rayquaza-ex-b4,Protective Poncho x1,https://play.limitlesstcg.com/tournament/6aa6eed0f1243e65f9800555/player/flameking3/decklist
Dragonair Mega Rayquaza ex,22,6,True,pauk55,𝗠𝗢𝗡𝗢 . Pauk,6aa6942138886b36383be9a3,DR KELP’S CHUM BUCKET POP UP - FA COPYCAT,38,2026-09-13,12,,3-3-0,dragonair-mega-rayquaza-ex-b4,Gouging Fire x2,https://play.limitlesstcg.com/tournament/6aa6942138886b36383be9a3/player/pauk55/decklist
Dragonair Mega Rayquaza ex,22,6,True,guunnz,𝗠𝗢𝗡⭐️ | guunnz,6ab04f7fe905c1db6874671c,Xasturpice Theater 🎭 #1 | 🏆 Full Art Oak,22,2026-09-21,12,,3-3-0,dragonair-mega-rayquaza-ex-b4,Gouging Fire x2,https://play.limitlesstcg.com/tournament/6ab04f7fe905c1db6874671c/player/guunnz/decklist
Dragonair Mega Rayquaza ex,22,6,True,elatomico,PGX| El Atomico,6aa17ddeab080c8c957ff0fe,Dark League Pocket Tournament | 20$USD Prize Pool,118,2026-09-12,13,,6-3-1,dragonair-mega-rayquaza-ex-b4,Gouging Fire x2,https://play.limitlesstcg.com/tournament/6aa17ddeab080c8c957ff0fe/player/elatomico/decklist
Dragonair Mega Rayquaza ex,22,6,True,jacl,JaCL,6a8b75058302ae761e5fab7e,FAREWELL B4!|2x Hoopa ex RR Prize+More!|TH Series,81,2026-08-26,13,,5-3-0,dragonair-mega-rayquaza-ex-b4,Gouging Fire x2,https://play.limitlesstcg.com/tournament/6a8b75058302ae761e5fab7e/player/jacl/decklist
Dragonair Mega Rayquaza ex,22,6,True,fall88,Fall88,6a7e2b83cdc0391d7fa65afb,Umbreon99's Aura Sphere #4: $15 USD + Oak,219,2026-09-11,14,,7-3-1,dragonair-mega-rayquaza-ex-b4,Gouging Fire x2,https://play.limitlesstcg.com/tournament/6a7e2b83cdc0391d7fa65afb/player/fall88/decklist
Dragonair Mega Rayquaza ex,22,6,True,minato,minato,6aa7cd2ff1243e65f9800e0f,TBC KELP CLASSIC 10th ANNIVERSARY- $10 + FA CYRUS,78,2026-09-15,14,,5-3-1,dragonair-mega-rayquaza-ex-b4,Gouging Fire x2,https://play.limitlesstcg.com/tournament/6aa7cd2ff1243e65f9800e0f/player/minato/decklist
Dragonair Mega Rayquaza ex,22,6,True,rezpectore,𝗠𝗲𝗴𝗮 Rezpectore 𝗘𝗫,6aa17ddeab080c8c957ff0fe,Dark League Pocket Tournament | 20$USD Prize Pool,118,2026-09-12,15,,6-3-1,dragonair-mega-rayquaza-ex-b4,Gouging Fire x2,https://play.limitlesstcg.com/tournament/6aa17ddeab080c8c957ff0fe/player/rezpectore/decklist
Dragonair Mega Rayquaza ex,22,6,True,pierfigo,PierFigo,6a96069dabb9482237504f7f,Plasma Daily #22| Team Rocket's Ambitions| FA Card,113,2026-09-01,15,,5-3-0,dragonair-mega-rayquaza-ex-b4,Gouging Fire x2,https://play.limitlesstcg.com/tournament/6a96069dabb9482237504f7f/player/pierfigo/decklist
Dragonair Mega Rayquaza ex,22,6,True,hell,hell,6aa17ddeab080c8c957ff0fe,Dark League Pocket Tournament | 20$USD Prize Pool,118,2026-09-12,16,,6-3-1,dragonair-mega-rayquaza-ex-b4,Gouging Fire x2,https://play.limitlesstcg.com/tournament/6aa17ddeab080c8c957ff0fe/player/hell/decklist
Dragonair Mega Rayquaza ex,22,6,True,kayjay,KayJay,6ab3aa2de905c1db68748664,TH Event's Presents: When DX Pack?!|5$ + FA's!,68,2026-09-23,16,,3-5-0,dragonair-mega-rayquaza-ex-b4,Gouging Fire x2,https://play.limitlesstcg.com/tournament/6ab3aa2de905c1db68748664/player/kayjay/decklist
Dragonair Mega Rayquaza ex,22,6,True,draxoz,DraXoZ,6a9d55b3ab080c8c957fbaa6,OTS Pokemon TCG Pocket Arena Pop Up | $5 USD,65,2026-09-06,16,,4-2-0,dragonair-mega-rayquaza-ex-b4,Gouging Fire x2; Protective Poncho x1,https://play.limitlesstcg.com/tournament/6a9d55b3ab080c8c957fbaa6/player/draxoz/decklist
Dragonair Mega Rayquaza ex,22,6,True,pauk55,𝗠𝗢𝗡𝗢 . Pauk,6aac7e78f127b1b52c27ba59,$40 USD+FA | 巫獅對戰塔盃 LeoWizard BattleTower Cup #12,112,2026-09-19,17,,6-1-1,dragonair-mega-rayquaza-ex-b4,Gouging Fire x2,https://play.limitlesstcg.com/tournament/6aac7e78f127b1b52c27ba59/player/pauk55/decklist
Dragonair Mega Rayquaza ex,22,6,True,yukiiiii,yukiiiii,6aaac3d9f1243e65f9802bad,🥊 20$ BEC'S KING OF THE HILL - ANY FA PRIZE!,95,2026-09-18,17,,2-1-0,dragonair-mega-rayquaza-ex-b4,Gouging Fire x2,https://play.limitlesstcg.com/tournament/6aaac3d9f1243e65f9802bad/player/yukiiiii/decklist
Dragonair Mega Rayquaza ex,22,6,True,nicoz,Nicoz,6a918b3d629039f77d8a40ca,Pop Up Series 8 || 3 FA OAKS + DX SHINIES,66,2026-08-29,17,,3-2-0,dragonair-mega-rayquaza-ex-b4,Gouging Fire x2,https://play.limitlesstcg.com/tournament/6a918b3d629039f77d8a40ca/player/nicoz/decklist
Dragonair Mega Rayquaza ex,22,6,True,shogunabs,ShogunABS,6aaad41638886b36383c1ad5,Pop Up Series 9 || FA OAK,27,2026-09-17,17,3,1-2-0,dragonair-mega-rayquaza-ex-b4,Gouging Fire x2,https://play.limitlesstcg.com/tournament/6aaad41638886b36383c1ad5/player/shogunabs/decklist
Dragonair Mega Rayquaza ex,22,6,True,fzin,João Santos,6a9829c8a4272c53be644d74,The PokeBounty Showdown $1000 Prize Pool (#1),132,2026-09-07,18,,6-2-0,dragonair-mega-rayquaza-ex-b4,Protective Poncho x1,https://play.limitlesstcg.com/tournament/6a9829c8a4272c53be644d74/player/fzin/decklist
Dragonair Mega Rayquaza ex,22,6,True,toddyfox,Toddyfox,6a7e2db92b308b6067b531d2,Umbreon99's Aura Sphere #5: $5 USD + OAK,89,2026-09-18,18,,4-2-0,dragonair-mega-rayquaza-ex-b4,Gouging Fire x2,https://play.limitlesstcg.com/tournament/6a7e2db92b308b6067b531d2/player/toddyfox/decklist
Dragonair Mega Rayquaza ex,22,6,True,krutch,Krutch,6aa22425a4272c53be64ca36,The Breakfast Club Daily #5-$5 + FA,112,2026-09-10,19,,5-1-2,dragonair-mega-rayquaza-ex-b4,Gouging Fire x2,https://play.limitlesstcg.com/tournament/6aa22425a4272c53be64ca36/player/krutch/decklist
Dragonair Mega Rayquaza ex,22,6,True,kayjay,KayJay,6aabc067f1243e65f98035ec,The TCGP Arena #6! Prizing: 🌟🌟 Cards,53,2026-09-21,19,,3-3-0,dragonair-mega-rayquaza-ex-b4,Gouging Fire x2,https://play.limitlesstcg.com/tournament/6aabc067f1243e65f98035ec/player/kayjay/decklist
Dragonair Mega Rayquaza ex,22,6,True,ironsap,IRONSAP,6a8b75058302ae761e5fab7e,FAREWELL B4!|2x Hoopa ex RR Prize+More!|TH Series,81,2026-08-26,21,,4-3-0,dragonair-mega-rayquaza-ex-b4,Gouging Fire x1,https://play.limitlesstcg.com/tournament/6a8b75058302ae761e5fab7e/player/ironsap/decklist
Dragonair Mega Rayquaza ex,22,6,True,kirteppat,Kirteppat,6a8b7ef58302ae761e5fac0a,♨️Sauna's POG Tournament #23 |SLEEP BAN| 5USD + FA,60,2026-08-28,21,,3-3-0,dragonair-mega-rayquaza-ex-b4,Gouging Fire x2; Protective Poncho x1,https://play.limitlesstcg.com/tournament/6a8b7ef58302ae761e5fac0a/player/kirteppat/decklist
Dragonair Mega Rayquaza ex,22,6,True,hakitcgp,hakitcgp,6aac7e78f127b1b52c27ba59,$40 USD+FA | 巫獅對戰塔盃 LeoWizard BattleTower Cup #12,112,2026-09-19,22,,5-2-1,dragonair-mega-rayquaza-ex-b4,Protective Poncho x1; Rocky Helmet x1,https://play.limitlesstcg.com/tournament/6aac7e78f127b1b52c27ba59/player/hakitcgp/decklist
Dragonair Mega Rayquaza ex,22,6,True,abnermoyai,𝐈𝐌𝐎 Moyai,6aa682e4f1243e65f97ffebe,The PokeBounty Showdown Sunday Pop Up,83,2026-09-13,22,,4-2-1,dragonair-mega-rayquaza-ex-b4,Gouging Fire x2,https://play.limitlesstcg.com/tournament/6aa682e4f1243e65f97ffebe/player/abnermoyai/decklist
Dragonair Mega Rayquaza ex,22,6,True,nunogdm,NunoGDM,6a8b75058302ae761e5fab7e,FAREWELL B4!|2x Hoopa ex RR Prize+More!|TH Series,81,2026-08-26,22,,4-3-0,dragonair-mega-rayquaza-ex-b4,Gouging Fire x2,https://play.limitlesstcg.com/tournament/6a8b75058302ae761e5fab7e/player/nunogdm/decklist
Dragonair Mega Rayquaza ex,22,6,True,russ_ii,TBC || Russ,6a7e2db92b308b6067b531d2,Umbreon99's Aura Sphere #5: $5 USD + OAK,89,2026-09-18,24,,4-2-0,dragonair-mega-rayquaza-ex-b4,Gouging Fire x2,https://play.limitlesstcg.com/tournament/6a7e2db92b308b6067b531d2/player/russ_ii/decklist
Dragonair Mega Rayquaza ex,22,6,True,draxoz,DraXoZ,6aa13feaa4272c53be64b94a,DR KELP’S CHUM BUCKET POP UP,49,2026-09-09,25,,2-3-0,dragonair-mega-rayquaza-ex-b4,Gouging Fire x2; Protective Poncho x1,https://play.limitlesstcg.com/tournament/6aa13feaa4272c53be64b94a/player/draxoz/decklist
Dragonair Mega Rayquaza ex,22,6,True,rikujibra,rikujiBRA,6aa89ad438886b36383c071a,✧･❀🌸Flutter Festival Debut! -15$🌸❀･✧,80,2026-09-16,26,6,3-3-0,dragonair-mega-rayquaza-ex-b4,Gouging Fire x2,https://play.limitlesstcg.com/tournament/6aa89ad438886b36383c071a/player/rikujibra/decklist
Dragonair Mega Rayquaza ex,22,6,True,alyce,alyCE ,6a989e74a4272c53be6453c4,🔥 TBC × HYPE PACKS: AFTERMADS #1 — $150 🔥,134,2026-09-13,27,,5-3-1,dragonair-mega-rayquaza-ex-b4,Gouging Fire x2,https://play.limitlesstcg.com/tournament/6a989e74a4272c53be6453c4/player/alyce/decklist
Dragonair Mega Rayquaza ex,22,6,True,mimikyu1305,Leonardo Ruscio,6a99bbffa4272c53be645f44,Block Dragon Pop Up (RR Team Rockets Raticate),60,2026-09-03,27,6,3-3-0,dragonair-mega-rayquaza-ex-b4,Protective Poncho x1,https://play.limitlesstcg.com/tournament/6a99bbffa4272c53be645f44/player/mimikyu1305/decklist
Dragonair Mega Rayquaza ex,22,6,True,packluckfc,𝗠𝗢𝗡⭐️ | PackLuck,6aa682e4f1243e65f97ffebe,The PokeBounty Showdown Sunday Pop Up,83,2026-09-13,28,,4-3-0,dragonair-mega-rayquaza-ex-b4,Gouging Fire x2,https://play.limitlesstcg.com/tournament/6aa682e4f1243e65f97ffebe/player/packluckfc/decklist
Dragonair Mega Rayquaza ex,22,6,True,minato,minato,6aa89ad438886b36383c071a,✧･❀🌸Flutter Festival Debut! -15$🌸❀･✧,80,2026-09-16,28,,3-3-0,dragonair-mega-rayquaza-ex-b4,Gouging Fire x2,https://play.limitlesstcg.com/tournament/6aa89ad438886b36383c071a/player/minato/decklist
Dragonair Mega Rayquaza ex,22,6,True,vegax_1,𝗠𝗮𝗴𝗺𝗮 Vega ,6a8b75058302ae761e5fab7e,FAREWELL B4!|2x Hoopa ex RR Prize+More!|TH Series,81,2026-08-26,29,6,3-2-1,dragonair-mega-rayquaza-ex-b4,Gouging Fire x2,https://play.limitlesstcg.com/tournament/6a8b75058302ae761e5fab7e/player/vegax_1/decklist
Dragonair Mega Rayquaza ex,22,6,True,einstun,𝙈𝙚𝙜𝙖 𝕰𝖎𝖓𝖘𝖙𝖚𝖓 𝙀𝙓,6aa7cd2ff1243e65f9800e0f,TBC KELP CLASSIC 10th ANNIVERSARY- $10 + FA CYRUS,78,2026-09-15,29,,4-4-0,dragonair-mega-rayquaza-ex-b4,Gouging Fire x2; Protective Poncho x1,https://play.limitlesstcg.com/tournament/6aa7cd2ff1243e65f9800e0f/player/einstun/decklist
Dragonair Mega Rayquaza ex,22,6,True,zeus5148,Zeus5148,6a989e74a4272c53be6453c4,🔥 TBC × HYPE PACKS: AFTERMADS #1 — $150 🔥,134,2026-09-13,32,,5-3-1,dragonair-mega-rayquaza-ex-b4,Gouging Fire x2,https://play.limitlesstcg.com/tournament/6a989e74a4272c53be6453c4/player/zeus5148/decklist
Dragonair Mega Rayquaza ex,22,6,True,ibte_10,𝗕𝗢𝗔𝗧 | Ibte10,6aa89ad438886b36383c071a,✧･❀🌸Flutter Festival Debut! -15$🌸❀･✧,80,2026-09-16,32,,3-3-0,dragonair-mega-rayquaza-ex-b4,Gouging Fire x2,https://play.limitlesstcg.com/tournament/6aa89ad438886b36383c071a/player/ibte_10/decklist
Dragonair Mega Rayquaza ex,22,6,True,draxoz,DraXoZ,6a9f6899a4272c53be64a894,Umbreon99's Team Rocket's Bash: $10 USD + 🌈,172,2026-09-08,33,,4-1-2,dragonair-mega-rayquaza-ex-b4,Gouging Fire x2; Protective Poncho x1,https://play.limitlesstcg.com/tournament/6a9f6899a4272c53be64a894/player/draxoz/decklist
Dragonair Mega Rayquaza ex,22,6,True,mega_rezpectore_ex,𝗠𝗲𝗴𝗮 Rezpectore 𝗘𝗫,6aa6410b38886b36383be710,🏰FORT TOURNAMENTS POCKET DEBUT🏰 $20 + FA CARDS,114,2026-09-14,33,,4-2-0,dragonair-mega-rayquaza-ex-b4,Gouging Fire x2,https://play.limitlesstcg.com/tournament/6aa6410b38886b36383be710/player/mega_rezpectore_ex/decklist
Dragonair Mega Rayquaza ex,22,6,True,rezpectore011,𝗠𝗲𝗴𝗮 Rezpectore 𝗘𝗫,6aa682e4f1243e65f97ffebe,The PokeBounty Showdown Sunday Pop Up,83,2026-09-13,33,,3-3-0,dragonair-mega-rayquaza-ex-b4,Gouging Fire x2,https://play.limitlesstcg.com/tournament/6aa682e4f1243e65f97ffebe/player/rezpectore011/decklist
Dragonair Mega Rayquaza ex,22,6,True,pauk55,𝗠𝗢𝗡𝗢 . Pauk,6aa0471eab080c8c957fe27d,The PokeBounty Showdown $1000 Prize Pool (#2NA),142,2026-09-14,34,,4-2-0,dragonair-mega-rayquaza-ex-b4,Gouging Fire x2,https://play.limitlesstcg.com/tournament/6aa0471eab080c8c957fe27d/player/pauk55/decklist
Dragonair Mega Rayquaza ex,22,6,True,iduh,𝗠𝗲𝗴𝗮 Iduh 𝗘𝗫,6aa0471eab080c8c957fe27d,The PokeBounty Showdown $1000 Prize Pool (#2NA),142,2026-09-14,35,,4-2-0,dragonair-mega-rayquaza-ex-b4,Gouging Fire x2; Protective Poncho x1,https://play.limitlesstcg.com/tournament/6aa0471eab080c8c957fe27d/player/iduh/decklist
Dragonair Mega Rayquaza ex,22,6,True,ehhhzigggyyy,ehhhzigggyyy,6aa682e4f1243e65f97ffebe,The PokeBounty Showdown Sunday Pop Up,83,2026-09-13,37,,3-3-0,dragonair-mega-rayquaza-ex-b4,Gouging Fire x2,https://play.limitlesstcg.com/tournament/6aa682e4f1243e65f97ffebe/player/ehhhzigggyyy/decklist
Dragonair Mega Rayquaza ex,22,6,True,draxoz,DraXoZ,6a985d35ab080c8c957f7fac,The Dark League Tournament | POP UP,77,2026-09-02,37,,2-5-0,dragonair-mega-rayquaza-ex-b4,Gouging Fire x2; Protective Poncho x1,https://play.limitlesstcg.com/tournament/6a985d35ab080c8c957f7fac/player/draxoz/decklist
Dragonair Mega Rayquaza ex,22,6,True,pauk55,𝗠𝗢𝗡𝗢 . Pauk,6a7e2b83cdc0391d7fa65afb,Umbreon99's Aura Sphere #4: $15 USD + Oak,219,2026-09-11,38,,5-2-2,dragonair-mega-rayquaza-ex-b4,Gouging Fire x2,https://play.limitlesstcg.com/tournament/6a7e2b83cdc0391d7fa65afb/player/pauk55/decklist
Dragonair Mega Rayquaza ex,22,6,True,mrcin0091,MrCin0091,6a9718fd629039f77d8a790e,Plasma Daily #23| Team Rocket's Ambitions| FA Card,119,2026-09-02,38,,3-3-0,dragonair-mega-rayquaza-ex-b4,Gouging Fire x2; Protective Poncho x1,https://play.limitlesstcg.com/tournament/6a9718fd629039f77d8a790e/player/mrcin0091/decklist
Dragonair Mega Rayquaza ex,22,6,True,supreme13,𝗕𝗮𝗹𝗱 Supreme,6a8b75058302ae761e5fab7e,FAREWELL B4!|2x Hoopa ex RR Prize+More!|TH Series,81,2026-08-26,38,6,3-3-0,dragonair-mega-rayquaza-ex-b4,Gouging Fire x2; Protective Poncho x2,https://play.limitlesstcg.com/tournament/6a8b75058302ae761e5fab7e/player/supreme13/decklist
Dragonair Mega Rayquaza ex,22,6,True,speedy_paws,Speedy_Paws,6a918b3d629039f77d8a40ca,Pop Up Series 8 || 3 FA OAKS + DX SHINIES,66,2026-08-29,38,,2-3-0,dragonair-mega-rayquaza-ex-b4,Gouging Fire x2,https://play.limitlesstcg.com/tournament/6a918b3d629039f77d8a40ca/player/speedy_paws/decklist
Dragonair Mega Rayquaza ex,22,6,True,normo360,𝗠𝗮𝗴𝗺𝗮 StorM,6a8b75058302ae761e5fab7e,FAREWELL B4!|2x Hoopa ex RR Prize+More!|TH Series,81,2026-08-26,39,5,2-2-1,dragonair-mega-rayquaza-ex-b4,Gouging Fire x2,https://play.limitlesstcg.com/tournament/6a8b75058302ae761e5fab7e/player/normo360/decklist
Dragonair Mega Rayquaza ex,22,6,True,mo_23,墨墨 ,6aa89ad438886b36383c071a,✧･❀🌸Flutter Festival Debut! -15$🌸❀･✧,80,2026-09-16,39,,2-4-0,dragonair-mega-rayquaza-ex-b4,Gouging Fire x2,https://play.limitlesstcg.com/tournament/6aa89ad438886b36383c071a/player/mo_23/decklist
Dragonair Mega Rayquaza ex,22,6,True,pylantrao,PylanTrao,6aa7cd2ff1243e65f9800e0f,TBC KELP CLASSIC 10th ANNIVERSARY- $10 + FA CYRUS,78,2026-09-15,39,,2-5-0,dragonair-mega-rayquaza-ex-b4,Gouging Fire x2,https://play.limitlesstcg.com/tournament/6aa7cd2ff1243e65f9800e0f/player/pylantrao/decklist
Dragonair Mega Rayquaza ex,22,6,True,esdeath,Esdeath,6a7e2b83cdc0391d7fa65afb,Umbreon99's Aura Sphere #4: $15 USD + Oak,219,2026-09-11,40,,5-3-1,dragonair-mega-rayquaza-ex-b4,Gouging Fire x2,https://play.limitlesstcg.com/tournament/6a7e2b83cdc0391d7fa65afb/player/esdeath/decklist
Dragonair Mega Rayquaza ex,22,6,True,sinorci200,𝗙𝗚𝗥 || Sinorci200,6aa22425a4272c53be64ca36,The Breakfast Club Daily #5-$5 + FA,112,2026-09-10,40,,4-3-0,dragonair-mega-rayquaza-ex-b4,Gouging Fire x2,https://play.limitlesstcg.com/tournament/6aa22425a4272c53be64ca36/player/sinorci200/decklist
Dragonair Mega Rayquaza ex,22,6,True,masterbenji,Masterbenji,6aa17ddeab080c8c957ff0fe,Dark League Pocket Tournament | 20$USD Prize Pool,118,2026-09-12,41,,3-4-0,dragonair-mega-rayquaza-ex-b4,Gouging Fire x2,https://play.limitlesstcg.com/tournament/6aa17ddeab080c8c957ff0fe/player/masterbenji/decklist
Dragonair Mega Rayquaza ex,22,6,True,nyrq,nyrq the rookie,6a7e2db92b308b6067b531d2,Umbreon99's Aura Sphere #5: $5 USD + OAK,89,2026-09-18,41,,0-6-0,dragonair-mega-rayquaza-ex-b4,Gouging Fire x2,https://play.limitlesstcg.com/tournament/6a7e2db92b308b6067b531d2/player/nyrq/decklist
Dragonair Mega Rayquaza ex,22,6,True,iduh,𝗠𝗲𝗴𝗮 Iduh 𝗘𝗫,6a989e74a4272c53be6453c4,🔥 TBC × HYPE PACKS: AFTERMADS #1 — $150 🔥,134,2026-09-13,43,6,3-3-0,dragonair-mega-rayquaza-ex-b4,Gouging Fire x2; Protective Poncho x1,https://play.limitlesstcg.com/tournament/6a989e74a4272c53be6453c4/player/iduh/decklist
Dragonair Mega Rayquaza ex,22,6,True,yonkodreco6th,Yonkodreco6th,6a918b3d629039f77d8a40ca,Pop Up Series 8 || 3 FA OAKS + DX SHINIES,66,2026-08-29,44,3,1-2-0,dragonair-mega-rayquaza-ex-b4,Gouging Fire x2; Protective Poncho x1,https://play.limitlesstcg.com/tournament/6a918b3d629039f77d8a40ca/player/yonkodreco6th/decklist
Dragonair Mega Rayquaza ex,22,6,True,fitypaldis,Fitypaldis,6a98b6dfab080c8c957f8554,Block Dragon Pop Up (RR Vespiquen),48,2026-09-03,45,2,0-2-0,dragonair-mega-rayquaza-ex-b4,Gouging Fire x2; Protective Poncho x1,https://play.limitlesstcg.com/tournament/6a98b6dfab080c8c957f8554/player/fitypaldis/decklist
Dragonair Mega Rayquaza ex,22,6,True,kayjay,KayJay,6aa89ad438886b36383c071a,✧･❀🌸Flutter Festival Debut! -15$🌸❀･✧,80,2026-09-16,46,6,2-4-0,dragonair-mega-rayquaza-ex-b4,Gouging Fire x2,https://play.limitlesstcg.com/tournament/6aa89ad438886b36383c071a/player/kayjay/decklist
Dragonair Mega Rayquaza ex,22,6,True,kayjay,KayJay,6aa17ddeab080c8c957ff0fe,Dark League Pocket Tournament | 20$USD Prize Pool,118,2026-09-12,47,,1-6-0,dragonair-mega-rayquaza-ex-b4,Gouging Fire x2,https://play.limitlesstcg.com/tournament/6aa17ddeab080c8c957ff0fe/player/kayjay/decklist
Dragonair Mega Rayquaza ex,22,6,True,speedy_paws,Speedy_Paws,6a99bbffa4272c53be645f44,Block Dragon Pop Up (RR Team Rockets Raticate),60,2026-09-03,47,5,1-4-0,dragonair-mega-rayquaza-ex-b4,Gouging Fire x2,https://play.limitlesstcg.com/tournament/6a99bbffa4272c53be645f44/player/speedy_paws/decklist
Dragonair Mega Rayquaza ex,22,6,True,draxoz,DraXoZ,6a99bbffa4272c53be645f44,Block Dragon Pop Up (RR Team Rockets Raticate),60,2026-09-03,48,4,1-3-0,dragonair-mega-rayquaza-ex-b4,Gouging Fire x2; Protective Poncho x1,https://play.limitlesstcg.com/tournament/6a99bbffa4272c53be645f44/player/draxoz/decklist
Dragonair Mega Rayquaza ex,22,6,True,zeus5148,Zeus5148,6aa0471eab080c8c957fe27d,The PokeBounty Showdown $1000 Prize Pool (#2NA),142,2026-09-14,49,,3-3-0,dragonair-mega-rayquaza-ex-b4,Gouging Fire x2,https://play.limitlesstcg.com/tournament/6aa0471eab080c8c957fe27d/player/zeus5148/decklist
Dragonair Mega Rayquaza ex,22,6,True,aoisora,Sora Aoi,6aa6410b38886b36383be710,🏰FORT TOURNAMENTS POCKET DEBUT🏰 $20 + FA CARDS,114,2026-09-14,51,,3-3-0,dragonair-mega-rayquaza-ex-b4,Gouging Fire x2,https://play.limitlesstcg.com/tournament/6aa6410b38886b36383be710/player/aoisora/decklist
Dragonair Mega Rayquaza ex,22,6,True,davidleon,DavidLeon,6aa89ad438886b36383c071a,✧･❀🌸Flutter Festival Debut! -15$🌸❀･✧,80,2026-09-16,52,4,1-3-0,dragonair-mega-rayquaza-ex-b4,Gouging Fire x2; Protective Poncho x1,https://play.limitlesstcg.com/tournament/6aa89ad438886b36383c071a/player/davidleon/decklist
Dragonair Mega Rayquaza ex,22,6,True,rezpectore,𝗠𝗲𝗴𝗮 Rezpectore 𝗘𝗫,6a989e74a4272c53be6453c4,🔥 TBC × HYPE PACKS: AFTERMADS #1 — $150 🔥,134,2026-09-13,55,4,2-2-0,dragonair-mega-rayquaza-ex-b4,Gouging Fire x2,https://play.limitlesstcg.com/tournament/6a989e74a4272c53be6453c4/player/rezpectore/decklist
Dragonair Mega Rayquaza ex,22,6,True,minato,minato,6aa6410b38886b36383be710,🏰FORT TOURNAMENTS POCKET DEBUT🏰 $20 + FA CARDS,114,2026-09-14,57,5,2-3-0,dragonair-mega-rayquaza-ex-b4,Gouging Fire x2,https://play.limitlesstcg.com/tournament/6aa6410b38886b36383be710/player/minato/decklist
Dragonair Mega Rayquaza ex,22,6,True,supreme13,𝗕𝗮𝗹𝗱 Supreme,6aa6410b38886b36383be710,🏰FORT TOURNAMENTS POCKET DEBUT🏰 $20 + FA CARDS,114,2026-09-14,60,5,2-3-0,dragonair-mega-rayquaza-ex-b4,Gouging Fire x2,https://play.limitlesstcg.com/tournament/6aa6410b38886b36383be710/player/supreme13/decklist
Dragonair Mega Rayquaza ex,22,6,True,guunnz,𝗠𝗢𝗡⭐️ | guunnz,6aa0471eab080c8c957fe27d,The PokeBounty Showdown $1000 Prize Pool (#2NA),142,2026-09-14,63,,3-3-0,dragonair-mega-rayquaza-ex-b4,Gouging Fire x2,https://play.limitlesstcg.com/tournament/6aa0471eab080c8c957fe27d/player/guunnz/decklist
Dragonair Mega Rayquaza ex,22,6,True,phob1a,Phob1a,6a9b4f52ab080c8c957fa3d7,TBC Presents: Breakfast & Breakdowns🔥,97,2026-09-06,64,2,1-1-0,dragonair-mega-rayquaza-ex-b4,Protective Poncho x2,https://play.limitlesstcg.com/tournament/6a9b4f52ab080c8c957fa3d7/player/phob1a/decklist
Dragonair Mega Rayquaza ex,22,6,True,speedy_paws,Speedy_Paws,6a90e8157a62de8130140dee,The Breakfast Club Xastur's Showdown-$5+OAK+,97,2026-08-28,65,,1-6-0,dragonair-mega-rayquaza-ex-b4,Gouging Fire x2,https://play.limitlesstcg.com/tournament/6a90e8157a62de8130140dee/player/speedy_paws/decklist
Dragonair Mega Rayquaza ex,22,6,True,danimaton,Danimaton,6aaac3d9f1243e65f9802bad,🥊 20$ BEC'S KING OF THE HILL - ANY FA PRIZE!,95,2026-09-18,65,,0-1-0,dragonair-mega-rayquaza-ex-b4,Gouging Fire x2,https://play.limitlesstcg.com/tournament/6aaac3d9f1243e65f9802bad/player/danimaton/decklist
Dragonair Mega Rayquaza ex,22,6,True,kayjay,KayJay,6aaac3d9f1243e65f9802bad,🥊 20$ BEC'S KING OF THE HILL - ANY FA PRIZE!,95,2026-09-18,65,,0-1-0,dragonair-mega-rayquaza-ex-b4,Gouging Fire x2,https://play.limitlesstcg.com/tournament/6aaac3d9f1243e65f9802bad/player/kayjay/decklist
Dragonair Mega Rayquaza ex,22,6,True,yonkodreco6th,Yonkodreco6th,6a8f27e57a62de813013fb20,The Breakfast Club Pop Up-$5+FA,69,2026-08-26,65,,0-6-0,dragonair-mega-rayquaza-ex-b4,Gouging Fire x2; Protective Poncho x1,https://play.limitlesstcg.com/tournament/6a8f27e57a62de813013fb20/player/yonkodreco6th/decklist
Dragonair Mega Rayquaza ex,22,6,True,xatitox,xatitox,6aa6410b38886b36383be710,🏰FORT TOURNAMENTS POCKET DEBUT🏰 $20 + FA CARDS,114,2026-09-14,67,,2-4-0,dragonair-mega-rayquaza-ex-b4,Gouging Fire x2,https://play.limitlesstcg.com/tournament/6aa6410b38886b36383be710/player/xatitox/decklist
Dragonair Mega Rayquaza ex,22,6,True,sleepy512pete,sleepy512pete,6a8b75058302ae761e5fab7e,FAREWELL B4!|2x Hoopa ex RR Prize+More!|TH Series,81,2026-08-26,67,4,1-3-0,dragonair-mega-rayquaza-ex-b4,Gouging Fire x2; Protective Poncho x1,https://play.limitlesstcg.com/tournament/6a8b75058302ae761e5fab7e/player/sleepy512pete/decklist
Dragonair Mega Rayquaza ex,22,6,True,vitorinsky,Vitorinsky,6aa0471eab080c8c957fe27d,The PokeBounty Showdown $1000 Prize Pool (#2NA),142,2026-09-14,73,,2-4-0,dragonair-mega-rayquaza-ex-b4,Gouging Fire x2; Protective Poncho x1,https://play.limitlesstcg.com/tournament/6aa0471eab080c8c957fe27d/player/vitorinsky/decklist
Dragonair Mega Rayquaza ex,22,6,True,superchocoobo,Superchocoobo,6aa0471eab080c8c957fe27d,The PokeBounty Showdown $1000 Prize Pool (#2NA),142,2026-09-14,74,,2-4-0,dragonair-mega-rayquaza-ex-b4,Gouging Fire x2,https://play.limitlesstcg.com/tournament/6aa0471eab080c8c957fe27d/player/superchocoobo/decklist
Dragonair Mega Rayquaza ex,22,6,True,kayjay,KayJay,6aa6410b38886b36383be710,🏰FORT TOURNAMENTS POCKET DEBUT🏰 $20 + FA CARDS,114,2026-09-14,76,4,1-3-0,dragonair-mega-rayquaza-ex-b4,Gouging Fire x2,https://play.limitlesstcg.com/tournament/6aa6410b38886b36383be710/player/kayjay/decklist
Dragonair Mega Rayquaza ex,22,6,True,iluchien,iluchien,6aa0471eab080c8c957fe27d,The PokeBounty Showdown $1000 Prize Pool (#2NA),142,2026-09-14,77,,2-4-0,dragonair-mega-rayquaza-ex-b4,Gouging Fire x2,https://play.limitlesstcg.com/tournament/6aa0471eab080c8c957fe27d/player/iluchien/decklist
Dragonair Mega Rayquaza ex,22,6,True,bigbagmakaveli,bigbagmakaveli,6a989e74a4272c53be6453c4,🔥 TBC × HYPE PACKS: AFTERMADS #1 — $150 🔥,134,2026-09-13,81,3,1-2-0,dragonair-mega-rayquaza-ex-b4,Gouging Fire x2,https://play.limitlesstcg.com/tournament/6a989e74a4272c53be6453c4/player/bigbagmakaveli/decklist
Dragonair Mega Rayquaza ex,22,6,True,breaking2mirror,Breaking2mirror,6a989e74a4272c53be6453c4,🔥 TBC × HYPE PACKS: AFTERMADS #1 — $150 🔥,134,2026-09-13,83,4,1-3-0,dragonair-mega-rayquaza-ex-b4,Gouging Fire x2,https://play.limitlesstcg.com/tournament/6a989e74a4272c53be6453c4/player/breaking2mirror/decklist
Dragonair Mega Rayquaza ex,22,6,True,sacherboy,Sacherboy,6aa0471eab080c8c957fe27d,The PokeBounty Showdown $1000 Prize Pool (#2NA),142,2026-09-14,87,,0-6-0,dragonair-mega-rayquaza-ex-b4,Gouging Fire x2,https://play.limitlesstcg.com/tournament/6aa0471eab080c8c957fe27d/player/sacherboy/decklist
Dragonair Mega Rayquaza ex,22,6,True,thefossilman,TheFossilMan,6aa6eed0f1243e65f9800555,🩷random r0zey pop up #3 | $25 + FA🩷,146,2026-09-13,99,4,1-3-0,dragonair-mega-rayquaza-ex-b4,Gouging Fire x2,https://play.limitlesstcg.com/tournament/6aa6eed0f1243e65f9800555/player/thefossilman/decklist
Dragonair Mega Rayquaza ex,22,6,True,loulougame2310,Loulougame2310,6a8c5eb881741245b151d7e3,PMPT #44 - TEAM ROCKETS AMBITION!!! | $100 USD,378,2026-08-29,102,,4-3-0,dragonair-mega-rayquaza-ex-b4,Gouging Fire x2,https://play.limitlesstcg.com/tournament/6a8c5eb881741245b151d7e3/player/loulougame2310/decklist
Dragonair Mega Rayquaza ex,22,6,True,juliusrock,JuliusRock,6a989e74a4272c53be6453c4,🔥 TBC × HYPE PACKS: AFTERMADS #1 — $150 🔥,134,2026-09-13,102,1,0-1-0,dragonair-mega-rayquaza-ex-b4,Gouging Fire x2,https://play.limitlesstcg.com/tournament/6a989e74a4272c53be6453c4/player/juliusrock/decklist
Dragonair Mega Rayquaza ex,22,6,True,banzai,𝗠𝗲𝗴𝗮 Banzai 𝗘𝗫,6aa6410b38886b36383be710,🏰FORT TOURNAMENTS POCKET DEBUT🏰 $20 + FA CARDS,114,2026-09-14,102,2,0-2-0,dragonair-mega-rayquaza-ex-b4,Gouging Fire x2,https://play.limitlesstcg.com/tournament/6aa6410b38886b36383be710/player/banzai/decklist
Dragonair Mega Rayquaza ex,22,6,True,zadakyel,Zadakyel,6a989e74a4272c53be6453c4,🔥 TBC × HYPE PACKS: AFTERMADS #1 — $150 🔥,134,2026-09-13,104,1,0-1-0,dragonair-mega-rayquaza-ex-b4,Gouging Fire x2,https://play.limitlesstcg.com/tournament/6a989e74a4272c53be6453c4/player/zadakyel/decklist
Dragonair Mega Rayquaza ex,22,6,True,ratatouillet27,Ratatouillet27,6aa6410b38886b36383be710,🏰FORT TOURNAMENTS POCKET DEBUT🏰 $20 + FA CARDS,114,2026-09-14,105,3,0-3-0,dragonair-mega-rayquaza-ex-b4,Gouging Fire x2,https://play.limitlesstcg.com/tournament/6aa6410b38886b36383be710/player/ratatouillet27/decklist
Dragonair Mega Rayquaza ex,22,6,True,varo0,TC | Varo0,6a989e74a4272c53be6453c4,🔥 TBC × HYPE PACKS: AFTERMADS #1 — $150 🔥,134,2026-09-13,108,2,0-2-0,dragonair-mega-rayquaza-ex-b4,Gouging Fire x2,https://play.limitlesstcg.com/tournament/6a989e74a4272c53be6453c4/player/varo0/decklist
Dragonair Mega Rayquaza ex,22,6,True,corndog_xx,CornDog_XX,6aa6410b38886b36383be710,🏰FORT TOURNAMENTS POCKET DEBUT🏰 $20 + FA CARDS,114,2026-09-14,108,2,0-2-0,dragonair-mega-rayquaza-ex-b4,Gouging Fire x2; Protective Poncho x1,https://play.limitlesstcg.com/tournament/6aa6410b38886b36383be710/player/corndog_xx/decklist
Dragonair Mega Rayquaza ex,22,6,True,rezpectore011,𝗠𝗲𝗴𝗮 Rezpectore 𝗘𝗫,6aa6eed0f1243e65f9800555,🩷random r0zey pop up #3 | $25 + FA🩷,146,2026-09-13,131,4,0-4-0,dragonair-mega-rayquaza-ex-b4,Gouging Fire x2,https://play.limitlesstcg.com/tournament/6aa6eed0f1243e65f9800555/player/rezpectore011/decklist
Dragonair Mega Rayquaza ex,22,6,True,azin,Azin,6a7e2b83cdc0391d7fa65afb,Umbreon99's Aura Sphere #4: $15 USD + Oak,219,2026-09-11,,7,3-4-0,dragonair-mega-rayquaza-ex-b4,Gouging Fire x1; Protective Poncho x1,https://play.limitlesstcg.com/tournament/6a7e2b83cdc0391d7fa65afb/player/azin/decklist
Dragonair Mega Rayquaza ex,22,6,True,masterbenji,Masterbenji,6a7e2b83cdc0391d7fa65afb,Umbreon99's Aura Sphere #4: $15 USD + Oak,219,2026-09-11,,4,1-3-0,dragonair-mega-rayquaza-ex-b4,Gouging Fire x2,https://play.limitlesstcg.com/tournament/6a7e2b83cdc0391d7fa65afb/player/masterbenji/decklist
Dragonair Mega Rayquaza ex,22,6,True,vegegras,Vegegras,6a7e2b83cdc0391d7fa65afb,Umbreon99's Aura Sphere #4: $15 USD + Oak,219,2026-09-11,,6,3-3-0,dragonair-mega-rayquaza-ex-b4,Gouging Fire x2,https://play.limitlesstcg.com/tournament/6a7e2b83cdc0391d7fa65afb/player/vegegras/decklist
Dragonair Mega Rayquaza ex,22,6,True,zagazaga,ZaGaZaGa,6a7e2b83cdc0391d7fa65afb,Umbreon99's Aura Sphere #4: $15 USD + Oak,219,2026-09-11,,3,0-3-0,dragonair-mega-rayquaza-ex-b4,Gouging Fire x2,https://play.limitlesstcg.com/tournament/6a7e2b83cdc0391d7fa65afb/player/zagazaga/decklist
Dragonair Mega Rayquaza ex,22,6,True,normo360,𝗠𝗮𝗴𝗺𝗮 StorM,6aa0471eab080c8c957fe27d,The PokeBounty Showdown $1000 Prize Pool (#2NA),142,2026-09-14,,4,1-3-0,dragonair-mega-rayquaza-ex-b4,Gouging Fire x2,https://play.limitlesstcg.com/tournament/6aa0471eab080c8c957fe27d/player/normo360/decklist
Dragonair Mega Rayquaza ex,22,6,True,shinra67,𝗕𝗢𝗔𝗧| Satoru Gojo,6aa0471eab080c8c957fe27d,The PokeBounty Showdown $1000 Prize Pool (#2NA),142,2026-09-14,,4,1-3-0,dragonair-mega-rayquaza-ex-b4,Gouging Fire x2; Protective Poncho x1,https://play.limitlesstcg.com/tournament/6aa0471eab080c8c957fe27d/player/shinra67/decklist
Dragonair Mega Rayquaza ex,22,6,True,vegax_1,𝗠𝗮𝗴𝗺𝗮 Vega ,6a789b5ccdc0391d7fa61ba9,The Dark League | CELEBRATORY FANFARE 685$ Value,120,2026-09-05,,1,1-0-0,dragonair-mega-rayquaza-ex-b4,Gouging Fire x2; Protective Poncho x1,https://play.limitlesstcg.com/tournament/6a789b5ccdc0391d7fa61ba9/player/vegax_1/decklist
Dragonair Mega Rayquaza ex,22,6,True,jlng,JLNG,6aa17ddeab080c8c957ff0fe,Dark League Pocket Tournament | 20$USD Prize Pool,118,2026-09-12,,5,2-3-0,dragonair-mega-rayquaza-ex-b4,Gouging Fire x2,https://play.limitlesstcg.com/tournament/6aa17ddeab080c8c957ff0fe/player/jlng/decklist
Dragonair Mega Rayquaza ex,22,6,True,mrcin0091,MrCin0091,6aa17ddeab080c8c957ff0fe,Dark League Pocket Tournament | 20$USD Prize Pool,118,2026-09-12,,3,1-2-0,dragonair-mega-rayquaza-ex-b4,Gouging Fire x2; Protective Poncho x1,https://play.limitlesstcg.com/tournament/6aa17ddeab080c8c957ff0fe/player/mrcin0091/decklist
Dragonair Mega Rayquaza ex,22,6,True,red_d_beer,FrogEX | RedD.Beer,6aa17ddeab080c8c957ff0fe,Dark League Pocket Tournament | 20$USD Prize Pool,118,2026-09-12,,5,2-3-0,dragonair-mega-rayquaza-ex-b4,Gouging Fire x2,https://play.limitlesstcg.com/tournament/6aa17ddeab080c8c957ff0fe/player/red_d_beer/decklist
Dragonair Mega Rayquaza ex,22,6,True,whoisfabelaa,whoisfabelaa,6aa17ddeab080c8c957ff0fe,Dark League Pocket Tournament | 20$USD Prize Pool,118,2026-09-12,,6,3-3-0,dragonair-mega-rayquaza-ex-b4,Gouging Fire x2,https://play.limitlesstcg.com/tournament/6aa17ddeab080c8c957ff0fe/player/whoisfabelaa/decklist
Dragonair Mega Rayquaza ex,22,6,True,draxoz,DraXoZ,6a78c5912b308b6067b4f421,Tournament Vegegras cash prize 100usd,116,2026-09-05,,1,0-1-0,dragonair-mega-rayquaza-ex-b4,Gouging Fire x2; Protective Poncho x1,https://play.limitlesstcg.com/tournament/6a78c5912b308b6067b4f421/player/draxoz/decklist
Dragonair Mega Rayquaza ex,22,6,True,joseph12,Joseph12,6a96069dabb9482237504f7f,Plasma Daily #22| Team Rocket's Ambitions| FA Card,113,2026-09-01,,1,0-1-0,dragonair-mega-rayquaza-ex-b4,Protective Poncho x1,https://play.limitlesstcg.com/tournament/6a96069dabb9482237504f7f/player/joseph12/decklist
Dragonair Mega Rayquaza ex,22,6,True,danimaton,Danimaton,6aac7e78f127b1b52c27ba59,$40 USD+FA | 巫獅對戰塔盃 LeoWizard BattleTower Cup #12,112,2026-09-19,,5,1-4-0,dragonair-mega-rayquaza-ex-b4,Gouging Fire x2,https://play.limitlesstcg.com/tournament/6aac7e78f127b1b52c27ba59/player/danimaton/decklist
Dragonair Mega Rayquaza ex,22,6,True,kayjay,KayJay,6aac7e78f127b1b52c27ba59,$40 USD+FA | 巫獅對戰塔盃 LeoWizard BattleTower Cup #12,112,2026-09-19,,5,1-4-0,dragonair-mega-rayquaza-ex-b4,Gouging Fire x2,https://play.limitlesstcg.com/tournament/6aac7e78f127b1b52c27ba59/player/kayjay/decklist
Dragonair Mega Rayquaza ex,22,6,True,megaanyaex,𝗠𝗲𝗴𝗮 Anya 𝗘𝗫,6aac7e78f127b1b52c27ba59,$40 USD+FA | 巫獅對戰塔盃 LeoWizard BattleTower Cup #12,112,2026-09-19,,6,3-3-0,dragonair-mega-rayquaza-ex-b4,Gouging Fire x2,https://play.limitlesstcg.com/tournament/6aac7e78f127b1b52c27ba59/player/megaanyaex/decklist
Dragonair Mega Rayquaza ex,22,6,True,nyrq,nyrq the rookie,6aac7e78f127b1b52c27ba59,$40 USD+FA | 巫獅對戰塔盃 LeoWizard BattleTower Cup #12,112,2026-09-19,,5,2-3-0,dragonair-mega-rayquaza-ex-b4,Gouging Fire x2,https://play.limitlesstcg.com/tournament/6aac7e78f127b1b52c27ba59/player/nyrq/decklist
Dragonair Mega Rayquaza ex,22,6,True,rikujibra,rikujiBRA,6aac7e78f127b1b52c27ba59,$40 USD+FA | 巫獅對戰塔盃 LeoWizard BattleTower Cup #12,112,2026-09-19,,6,2-3-1,dragonair-mega-rayquaza-ex-b4,Gouging Fire x2,https://play.limitlesstcg.com/tournament/6aac7e78f127b1b52c27ba59/player/rikujibra/decklist
Dragonair Mega Rayquaza ex,22,6,True,vitorinsky,Vitorinsky,6aac7e78f127b1b52c27ba59,$40 USD+FA | 巫獅對戰塔盃 LeoWizard BattleTower Cup #12,112,2026-09-19,,4,3-1-0,dragonair-mega-rayquaza-ex-b4,Gouging Fire x2; Protective Poncho x1,https://play.limitlesstcg.com/tournament/6aac7e78f127b1b52c27ba59/player/vitorinsky/decklist
Dragonair Mega Rayquaza ex,22,6,True,nagetto_zuki,Nagetto_Zuki,6a94b2ffabb9482237504367,♨️Sauna X Almond POG Tournament #24|10USD + FA!,110,2026-09-02,,5,2-3-0,dragonair-mega-rayquaza-ex-b4,Gouging Fire x2,https://play.limitlesstcg.com/tournament/6a94b2ffabb9482237504367/player/nagetto_zuki/decklist
Dragonair Mega Rayquaza ex,22,6,True,kam4l,KAM4L,6a7e2db92b308b6067b531d2,Umbreon99's Aura Sphere #5: $5 USD + OAK,89,2026-09-18,,5,2-3-0,dragonair-mega-rayquaza-ex-b4,Gouging Fire x2,https://play.limitlesstcg.com/tournament/6a7e2db92b308b6067b531d2/player/kam4l/decklist
Dragonair Mega Rayquaza ex,22,6,True,minato,minato,6aa682e4f1243e65f97ffebe,The PokeBounty Showdown Sunday Pop Up,83,2026-09-13,,6,2-4-0,dragonair-mega-rayquaza-ex-b4,Gouging Fire x2,https://play.limitlesstcg.com/tournament/6aa682e4f1243e65f97ffebe/player/minato/decklist
Dragonair Mega Rayquaza ex,22,6,True,melma,Melma,6a9e12feab080c8c957fc84e,♨️Sauna X Ev4de POG Tournament #27|10 USD+Top 4 FA,73,2026-09-11,,2,0-2-0,dragonair-mega-rayquaza-ex-b4,Gouging Fire x2,https://play.limitlesstcg.com/tournament/6a9e12feab080c8c957fc84e/player/melma/decklist
Dragonair Mega Rayquaza ex,22,6,True,legendixo,𝑿𝑻𝑹𝑬𝑴 | Legendixo,6ab3aa2de905c1db68748664,TH Event's Presents: When DX Pack?!|5$ + FA's!,68,2026-09-23,,6,3-3-0,dragonair-mega-rayquaza-ex-b4,Gouging Fire x2,https://play.limitlesstcg.com/tournament/6ab3aa2de905c1db68748664/player/legendixo/decklist
Dragonair Mega Rayquaza ex,22,6,True,redmaicon,redmaicon,6ab3aa2de905c1db68748664,TH Event's Presents: When DX Pack?!|5$ + FA's!,68,2026-09-23,,2,0-2-0,dragonair-mega-rayquaza-ex-b4,Gouging Fire x2,https://play.limitlesstcg.com/tournament/6ab3aa2de905c1db68748664/player/redmaicon/decklist
Dragonair Mega Rayquaza ex,22,6,True,wall456,Wall456,6ab3aa2de905c1db68748664,TH Event's Presents: When DX Pack?!|5$ + FA's!,68,2026-09-23,,3,1-2-0,dragonair-mega-rayquaza-ex-b4,Gouging Fire x2,https://play.limitlesstcg.com/tournament/6ab3aa2de905c1db68748664/player/wall456/decklist
Dragonair Mega Rayquaza ex,22,6,True,yonkodreco6th,Yonkodreco6th,6aa1e900a4272c53be64c5ce,THE BREAKFAST CLUB KELP CLASSIC #9 - $5,64,2026-09-10,,4,1-3-0,dragonair-mega-rayquaza-ex-b4,Gouging Fire x2; Protective Poncho x1,https://play.limitlesstcg.com/tournament/6aa1e900a4272c53be64c5ce/player/yonkodreco6th/decklist
Dragonair Mega Rayquaza ex,22,6,True,ferrera26,Ferrera26,6aabc067f1243e65f98035ec,The TCGP Arena #6! Prizing: 🌟🌟 Cards,53,2026-09-21,,1,0-1-0,dragonair-mega-rayquaza-ex-b4,Gouging Fire x2,https://play.limitlesstcg.com/tournament/6aabc067f1243e65f98035ec/player/ferrera26/decklist
Dragonair Mega Rayquaza ex,22,6,True,xanypopper,²ᵀ|Xanny ,6aabc43df1243e65f9803602,DR KELP’S CHUM BUCKET POP UP,29,2026-09-17,,4,1-3-0,dragonair-mega-rayquaza-ex-b4,Gouging Fire x2,https://play.limitlesstcg.com/tournament/6aabc43df1243e65f9803602/player/xanypopper/decklist
Mega Charizard X ex Mega Charizard Y ex,23,32,True,legoshi,Legoshi,6a9718fd629039f77d8a790e,Plasma Daily #23| Team Rocket's Ambitions| FA Card,119,2026-09-02,7,,6-2-1,mega-charizard-x-ex-b2b-mega-charizard-y-ex-b1a,Rocky Helmet x1,https://play.limitlesstcg.com/tournament/6a9718fd629039f77d8a790e/player/legoshi/decklist
Mega Charizard X ex Mega Charizard Y ex,23,32,True,reziah,Reziah,6a8c5eb881741245b151d7e3,PMPT #44 - TEAM ROCKETS AMBITION!!! | $100 USD,378,2026-08-29,19,,8-2-0,mega-charizard-x-ex-b2b-mega-charizard-y-ex-b1a,Protective Poncho x1; Rocky Helmet x1,https://play.limitlesstcg.com/tournament/6a8c5eb881741245b151d7e3/player/reziah/decklist
Mega Charizard X ex Mega Charizard Y ex,23,32,True,leviathanko,LeviathanKO,6a96b86babb948223750549c,Dark League Pop Up,46,2026-09-01,22,,3-3-0,mega-charizard-x-ex-b2b-mega-charizard-y-ex-b1a,Rocky Helmet x1,https://play.limitlesstcg.com/tournament/6a96b86babb948223750549c/player/leviathanko/decklist
Mega Charizard X ex Mega Charizard Y ex,23,32,True,whiterabbit,whiteRabbit,6a90c1890580a332c842170e,🚀Nuggie's POG Tourney #14 $25 Winner Takes ALL🚀,106,2026-08-30,23,,4-2-1,mega-charizard-x-ex-b2b-mega-charizard-y-ex-b1a,Protective Poncho x1; Rocky Helmet x1,https://play.limitlesstcg.com/tournament/6a90c1890580a332c842170e/player/whiterabbit/decklist
Mega Charizard X ex Mega Charizard Y ex,23,32,True,deister,deister,6a96069dabb9482237504f7f,Plasma Daily #22| Team Rocket's Ambitions| FA Card,113,2026-09-01,33,,3-2-1,mega-charizard-x-ex-b2b-mega-charizard-y-ex-b1a,Rocky Helmet x1,https://play.limitlesstcg.com/tournament/6a96069dabb9482237504f7f/player/deister/decklist
Mega Charizard X ex Mega Charizard Y ex,23,32,True,nyrq,nyrq,6a9718fd629039f77d8a790e,Plasma Daily #23| Team Rocket's Ambitions| FA Card,119,2026-09-02,50,,3-3-0,mega-charizard-x-ex-b2b-mega-charizard-y-ex-b1a,Rocky Helmet x1,https://play.limitlesstcg.com/tournament/6a9718fd629039f77d8a790e/player/nyrq/decklist
Mega Charizard X ex Mega Charizard Y ex,23,32,True,nyrq,nyrq,6a94b2ffabb9482237504367,♨️Sauna X Almond POG Tournament #24|10USD + FA!,110,2026-09-02,55,,2-4-0,mega-charizard-x-ex-b2b-mega-charizard-y-ex-b1a,Rocky Helmet x1,https://play.limitlesstcg.com/tournament/6a94b2ffabb9482237504367/player/nyrq/decklist
Mega Charizard X ex Mega Charizard Y ex,23,32,True,inu,Inu,6a8c5eb881741245b151d7e3,PMPT #44 - TEAM ROCKETS AMBITION!!! | $100 USD,378,2026-08-29,93,,4-3-0,mega-charizard-x-ex-b2b-mega-charizard-y-ex-b1a,Rocky Helmet x1,https://play.limitlesstcg.com/tournament/6a8c5eb881741245b151d7e3/player/inu/decklist
Mega Charizard X ex Mega Charizard Y ex,23,32,True,mrclutchalex,MrClutchALEX,6a9829c8a4272c53be644d74,The PokeBounty Showdown $1000 Prize Pool (#1),132,2026-09-07,,6,3-3-0,mega-charizard-x-ex-b2b-mega-charizard-y-ex-b1a,Rocky Helmet x1,https://play.limitlesstcg.com/tournament/6a9829c8a4272c53be644d74/player/mrclutchalex/decklist
Mega Charizard X ex Mega Charizard Y ex,23,32,True,enash1990,enash1990,6a9718fd629039f77d8a790e,Plasma Daily #23| Team Rocket's Ambitions| FA Card,119,2026-09-02,,3,1-2-0,mega-charizard-x-ex-b2b-mega-charizard-y-ex-b1a,Rocky Helmet x1,https://play.limitlesstcg.com/tournament/6a9718fd629039f77d8a790e/player/enash1990/decklist
Mega Charizard X ex Mega Charizard Y ex,23,32,True,whiterabbit,whiteRabbit,6a9718fd629039f77d8a790e,Plasma Daily #23| Team Rocket's Ambitions| FA Card,119,2026-09-02,,3,0-3-0,mega-charizard-x-ex-b2b-mega-charizard-y-ex-b1a,Rocky Helmet x1,https://play.limitlesstcg.com/tournament/6a9718fd629039f77d8a790e/player/whiterabbit/decklist
Mega Charizard X ex Mega Charizard Y ex,23,32,True,enash1990,enash1990,6a96069dabb9482237504f7f,Plasma Daily #22| Team Rocket's Ambitions| FA Card,113,2026-09-01,,3,1-2-0,mega-charizard-x-ex-b2b-mega-charizard-y-ex-b1a,Rocky Helmet x1,https://play.limitlesstcg.com/tournament/6a96069dabb9482237504f7f/player/enash1990/decklist
Mega Charizard X ex Mega Charizard Y ex,23,32,True,super_peace,Super_Peace,6a90c1890580a332c842170e,🚀Nuggie's POG Tourney #14 $25 Winner Takes ALL🚀,106,2026-08-30,,2,0-2-0,mega-charizard-x-ex-b2b-mega-charizard-y-ex-b1a,Protective Poncho x1,https://play.limitlesstcg.com/tournament/6a90c1890580a332c842170e/player/super_peace/decklist
Mega Charizard X ex Mega Charizard Y ex,23,32,True,germanicus,Germanicus,6a981923a4272c53be644ca8,DR. KELP’S CHUM BUCKET POP UP,31,2026-09-02,,1,0-1-0,mega-charizard-x-ex-b2b-mega-charizard-y-ex-b1a,Rocky Helmet x1,https://play.limitlesstcg.com/tournament/6a981923a4272c53be644ca8/player/germanicus/decklist
Mega Manectric ex Team Rocket's Electrode,25,36,True,chaserz,ChaserZ,6a9c4f47a4272c53be647ff7,notChaser CUP#2 Equipe Rocket!,8,2026-09-05,4,,3-3-0,mega-manectric-ex-b2b-team-rockets-electrode-b4a,Rocky Helmet x2,https://play.limitlesstcg.com/tournament/6a9c4f47a4272c53be647ff7/player/chaserz/decklist
Mega Manectric ex Team Rocket's Electrode,25,36,True,roderick,Roderick,6a9c4f47a4272c53be647ff7,notChaser CUP#2 Equipe Rocket!,8,2026-09-05,6,,3-3-0,mega-manectric-ex-b2b-team-rockets-electrode-b4a,Rocky Helmet x1,https://play.limitlesstcg.com/tournament/6a9c4f47a4272c53be647ff7/player/roderick/decklist
Mega Manectric ex Team Rocket's Electrode,25,36,True,nyrq,nyrq,6a9b22fba4272c53be646f96,OTS Pokemon TCG Pocket Arena Pop Up,14,2026-09-04,7,,2-2-0,mega-manectric-ex-b2b-team-rockets-electrode-b4a,Protective Poncho x1,https://play.limitlesstcg.com/tournament/6a9b22fba4272c53be646f96/player/nyrq/decklist
Mega Manectric ex Team Rocket's Electrode,25,36,True,hakitcgp,hakitcgp,6a947113629039f77d8a5c46,Dark League Pop Up,57,2026-08-30,10,,5-2-1,mega-manectric-ex-b2b-team-rockets-electrode-b4a,Rocky Helmet x2,https://play.limitlesstcg.com/tournament/6a947113629039f77d8a5c46/player/hakitcgp/decklist
Mega Manectric ex Team Rocket's Electrode,25,36,True,tiopatinhas,Maurício Wendell,6a9ed1b3ab080c8c957fcda5,🇧🇷 Hit Sparrow #11 | TCG Pocket,22,2026-09-09,14,,2-3-0,mega-manectric-ex-b2b-team-rockets-electrode-b4a,Rocky Helmet x2,https://play.limitlesstcg.com/tournament/6a9ed1b3ab080c8c957fcda5/player/tiopatinhas/decklist
Mega Manectric ex Team Rocket's Electrode,25,36,True,gariva,Gariva,6a789b5ccdc0391d7fa61ba9,The Dark League | CELEBRATORY FANFARE 685$ Value,120,2026-09-05,17,,5-3-0,mega-manectric-ex-b2b-team-rockets-electrode-b4a,Protective Poncho x1,https://play.limitlesstcg.com/tournament/6a789b5ccdc0391d7fa61ba9/player/gariva/decklist
Mega Manectric ex Team Rocket's Electrode,25,36,True,tiopatinhas,Maurício Wendell,6a92710aabb9482237502fc0,🇧🇷 Hit Sparrow #10 | TCG Pocket,20,2026-09-02,19,,0-3-0,mega-manectric-ex-b2b-team-rockets-electrode-b4a,Rocky Helmet x2,https://play.limitlesstcg.com/tournament/6a92710aabb9482237502fc0/player/tiopatinhas/decklist
Mega Manectric ex Team Rocket's Electrode,25,36,True,esteban0708,Esteban0708,6a985d35ab080c8c957f7fac,The Dark League Tournament | POP UP,77,2026-09-02,21,,4-3-1,mega-manectric-ex-b2b-team-rockets-electrode-b4a,Protective Poncho x1; Rocky Helmet x1,https://play.limitlesstcg.com/tournament/6a985d35ab080c8c957f7fac/player/esteban0708/decklist
Mega Manectric ex Team Rocket's Electrode,25,36,True,animeking601,AnimeKing601,6a918b3d629039f77d8a40ca,Pop Up Series 8 || 3 FA OAKS + DX SHINIES,66,2026-08-29,23,,3-2-0,mega-manectric-ex-b2b-team-rockets-electrode-b4a,Protective Poncho x1,https://play.limitlesstcg.com/tournament/6a918b3d629039f77d8a40ca/player/animeking601/decklist
Mega Manectric ex Team Rocket's Electrode,25,36,True,alana,𝗠𝗲𝗴𝗮 Oricorio 𝗘𝗫,6a9b4f52ab080c8c957fa3d7,TBC Presents: Breakfast & Breakdowns🔥,97,2026-09-06,27,,4-3-1,mega-manectric-ex-b2b-team-rockets-electrode-b4a,Rocky Helmet x2,https://play.limitlesstcg.com/tournament/6a9b4f52ab080c8c957fa3d7/player/alana/decklist
Mega Manectric ex Team Rocket's Electrode,25,36,True,flipinton,Flipinton,6a9718fd629039f77d8a790e,Plasma Daily #23| Team Rocket's Ambitions| FA Card,119,2026-09-02,47,,3-3-0,mega-manectric-ex-b2b-team-rockets-electrode-b4a,Rocky Helmet x2,https://play.limitlesstcg.com/tournament/6a9718fd629039f77d8a790e/player/flipinton/decklist
Mega Manectric ex Team Rocket's Electrode,25,36,True,flipinton,Flipinton,6a96069dabb9482237504f7f,Plasma Daily #22| Team Rocket's Ambitions| FA Card,113,2026-09-01,52,,2-4-0,mega-manectric-ex-b2b-team-rockets-electrode-b4a,Rocky Helmet x2,https://play.limitlesstcg.com/tournament/6a96069dabb9482237504f7f/player/flipinton/decklist
Mega Manectric ex Team Rocket's Electrode,25,36,True,esteban0708,Esteban0708,6a9718fd629039f77d8a790e,Plasma Daily #23| Team Rocket's Ambitions| FA Card,119,2026-09-02,,4,1-3-0,mega-manectric-ex-b2b-team-rockets-electrode-b4a,Protective Poncho x1; Rocky Helmet x1,https://play.limitlesstcg.com/tournament/6a9718fd629039f77d8a790e/player/esteban0708/decklist
Mega Manectric ex Team Rocket's Electrode,25,36,True,steadydevotee,Steadydevotee,6a9718fd629039f77d8a790e,Plasma Daily #23| Team Rocket's Ambitions| FA Card,119,2026-09-02,,4,2-2-0,mega-manectric-ex-b2b-team-rockets-electrode-b4a,Protective Poncho x1; Rocky Helmet x2,https://play.limitlesstcg.com/tournament/6a9718fd629039f77d8a790e/player/steadydevotee/decklist
Jumpluff ex Team Rocket's Electrode,28,40,False,ravenoussix,INLG | RavenousSix,6a96069dabb9482237504f7f,Plasma Daily #22| Team Rocket's Ambitions| FA Card,113,2026-09-01,7,,6-2-1,jumpluff-ex-a4a-team-rockets-electrode-b4a,Rocky Helmet x2,https://play.limitlesstcg.com/tournament/6a96069dabb9482237504f7f/player/ravenoussix/decklist
Jumpluff ex Team Rocket's Electrode,28,40,False,christopher_0626,Christopher_0626,6a99bbffa4272c53be645f44,Block Dragon Pop Up (RR Team Rockets Raticate),60,2026-09-03,9,,6-1-0,jumpluff-ex-a4a-team-rockets-electrode-b4a,Rocky Helmet x2,https://play.limitlesstcg.com/tournament/6a99bbffa4272c53be645f44/player/christopher_0626/decklist
Jumpluff ex Team Rocket's Electrode,28,40,False,castro37,𝗕𝗧𝗚 | Lucas Costa,6a92710aabb9482237502fc0,🇧🇷 Hit Sparrow #10 | TCG Pocket,20,2026-09-02,11,,1-1-1,jumpluff-ex-a4a-team-rockets-electrode-b4a,Rocky Helmet x2,https://play.limitlesstcg.com/tournament/6a92710aabb9482237502fc0/player/castro37/decklist
Jumpluff ex Team Rocket's Electrode,28,40,False,flipinton,Flipinton,6a9b22fba4272c53be646f96,OTS Pokemon TCG Pocket Arena Pop Up,14,2026-09-04,11,,1-3-0,jumpluff-ex-a4a-team-rockets-electrode-b4a,Rocky Helmet x2,https://play.limitlesstcg.com/tournament/6a9b22fba4272c53be646f96/player/flipinton/decklist
Jumpluff ex Team Rocket's Electrode,28,40,False,gavinkadink,Gavinkadink,6aaad41638886b36383c1ad5,Pop Up Series 9 || FA OAK,27,2026-09-17,13,,2-2-1,jumpluff-ex-a4a-team-rockets-electrode-b4a,Rocky Helmet x2,https://play.limitlesstcg.com/tournament/6aaad41638886b36383c1ad5/player/gavinkadink/decklist
Jumpluff ex Team Rocket's Electrode,28,40,False,draxoz,DraXoZ,6a981923a4272c53be644ca8,DR. KELP’S CHUM BUCKET POP UP,31,2026-09-02,17,,2-3-1,jumpluff-ex-a4a-team-rockets-electrode-b4a,Rocky Helmet x2,https://play.limitlesstcg.com/tournament/6a981923a4272c53be644ca8/player/draxoz/decklist
Jumpluff ex Team Rocket's Electrode,28,40,False,ravenoussix,INLG | RavenousSix,6a96b86babb948223750549c,Dark League Pop Up,46,2026-09-01,20,,3-3-1,jumpluff-ex-a4a-team-rockets-electrode-b4a,Rocky Helmet x2,https://play.limitlesstcg.com/tournament/6a96b86babb948223750549c/player/ravenoussix/decklist
Jumpluff ex Team Rocket's Electrode,28,40,False,zonice,𝙄𝙈𝙋 | Zonice,6a94b2ffabb9482237504367,♨️Sauna X Almond POG Tournament #24|10USD + FA!,110,2026-09-02,31,,4-3-0,jumpluff-ex-a4a-team-rockets-electrode-b4a,Rocky Helmet x2,https://play.limitlesstcg.com/tournament/6a94b2ffabb9482237504367/player/zonice/decklist
Jumpluff ex Team Rocket's Electrode,28,40,False,draxoz,DraXoZ,6aa682e4f1243e65f97ffebe,The PokeBounty Showdown Sunday Pop Up,83,2026-09-13,38,,3-3-0,jumpluff-ex-a4a-team-rockets-electrode-b4a,Rocky Helmet x2,https://play.limitlesstcg.com/tournament/6aa682e4f1243e65f97ffebe/player/draxoz/decklist
Jumpluff ex Team Rocket's Electrode,28,40,False,neophyte885,Neophyte885,6a98fd1ba4272c53be6457c3,TBC The Rowdy Russell Rumble-$20-QUICK,53,2026-09-03,43,,1-5-0,jumpluff-ex-a4a-team-rockets-electrode-b4a,Rocky Helmet x2,https://play.limitlesstcg.com/tournament/6a98fd1ba4272c53be6457c3/player/neophyte885/decklist
Jumpluff ex Team Rocket's Electrode,28,40,False,7earless,7earless,6a9b4f52ab080c8c957fa3d7,TBC Presents: Breakfast & Breakdowns🔥,97,2026-09-06,44,,3-4-0,jumpluff-ex-a4a-team-rockets-electrode-b4a,Rocky Helmet x2,https://play.limitlesstcg.com/tournament/6a9b4f52ab080c8c957fa3d7/player/7earless/decklist
Jumpluff ex Team Rocket's Electrode,28,40,False,neophyte885,Neophyte885,6a94b2ffabb9482237504367,♨️Sauna X Almond POG Tournament #24|10USD + FA!,110,2026-09-02,47,,3-3-0,jumpluff-ex-a4a-team-rockets-electrode-b4a,Rocky Helmet x2,https://play.limitlesstcg.com/tournament/6a94b2ffabb9482237504367/player/neophyte885/decklist
Jumpluff ex Team Rocket's Electrode,28,40,False,draxoz,DraXoZ,6a9718fd629039f77d8a790e,Plasma Daily #23| Team Rocket's Ambitions| FA Card,119,2026-09-02,54,,2-4-0,jumpluff-ex-a4a-team-rockets-electrode-b4a,Rocky Helmet x2,https://play.limitlesstcg.com/tournament/6a9718fd629039f77d8a790e/player/draxoz/decklist
Jumpluff ex Team Rocket's Electrode,28,40,False,breaking2mirror,Breaking2mirror,6a8c5eb881741245b151d7e3,PMPT #44 - TEAM ROCKETS AMBITION!!! | $100 USD,378,2026-08-29,90,,4-3-0,jumpluff-ex-a4a-team-rockets-electrode-b4a,Rocky Helmet x2,https://play.limitlesstcg.com/tournament/6a8c5eb881741245b151d7e3/player/breaking2mirror/decklist
Jumpluff ex Team Rocket's Electrode,28,40,False,fury64140,Fury64140,6a9718fd629039f77d8a790e,Plasma Daily #23| Team Rocket's Ambitions| FA Card,119,2026-09-02,,5,2-3-0,jumpluff-ex-a4a-team-rockets-electrode-b4a,Rocky Helmet x2,https://play.limitlesstcg.com/tournament/6a9718fd629039f77d8a790e/player/fury64140/decklist
Jumpluff ex Team Rocket's Electrode,28,40,False,garoth,VIP Garoth,6a90c1890580a332c842170e,🚀Nuggie's POG Tourney #14 $25 Winner Takes ALL🚀,106,2026-08-30,,2,0-2-0,jumpluff-ex-a4a-team-rockets-electrode-b4a,Rocky Helmet x2,https://play.limitlesstcg.com/tournament/6a90c1890580a332c842170e/player/garoth/decklist
Jumpluff ex Team Rocket's Electrode,28,40,False,tababahani,TABABAGANI TABABAGANI,6a947113629039f77d8a5c46,Dark League Pop Up,57,2026-08-30,,5,2-3-0,jumpluff-ex-a4a-team-rockets-electrode-b4a,Rocky Helmet x2,https://play.limitlesstcg.com/tournament/6a947113629039f77d8a5c46/player/tababahani/decklist
Mega Altaria ex Igglybuff,29,34,False,khaeruibnum,khaeruibnum,6a9e12feab080c8c957fc84e,♨️Sauna X Ev4de POG Tournament #27|10 USD+Top 4 FA,73,2026-09-11,10,,5-2-0,mega-altaria-ex-b1-igglybuff-a4a,Protective Poncho x1,https://play.limitlesstcg.com/tournament/6a9e12feab080c8c957fc84e/player/khaeruibnum/decklist
Mega Altaria ex Igglybuff,29,34,False,khaeruibnum,khaeruibnum,6aa1e900a4272c53be64c5ce,THE BREAKFAST CLUB KELP CLASSIC #9 - $5,64,2026-09-10,34,,1-6-0,mega-altaria-ex-b1-igglybuff-a4a,Protective Poncho x1,https://play.limitlesstcg.com/tournament/6aa1e900a4272c53be64c5ce/player/khaeruibnum/decklist
Mega Altaria ex Igglybuff,29,34,False,pamnardo_s2,PamNardo_s2,6a8b75058302ae761e5fab7e,FAREWELL B4!|2x Hoopa ex RR Prize+More!|TH Series,81,2026-08-26,63,4,1-3-0,mega-altaria-ex-b1-igglybuff-a4a,Protective Poncho x1,https://play.limitlesstcg.com/tournament/6a8b75058302ae761e5fab7e/player/pamnardo_s2/decklist
Mega Altaria ex Igglybuff,29,34,False,pamnardo_s2,PamNardo_s2,6a8f27e57a62de813013fb20,The Breakfast Club Pop Up-$5+FA,69,2026-08-26,67,3,0-3-0,mega-altaria-ex-b1-igglybuff-a4a,Protective Poncho x1,https://play.limitlesstcg.com/tournament/6a8f27e57a62de813013fb20/player/pamnardo_s2/decklist
Mega Altaria ex Igglybuff,29,34,False,khaeruibnum,khaeruibnum,6a7e2b83cdc0391d7fa65afb,Umbreon99's Aura Sphere #4: $15 USD + Oak,219,2026-09-11,,4,1-3-0,mega-altaria-ex-b1-igglybuff-a4a,Protective Poncho x1,https://play.limitlesstcg.com/tournament/6a7e2b83cdc0391d7fa65afb/player/khaeruibnum/decklist
Mega Altaria ex Igglybuff,29,34,False,khaeruibnum,khaeruibnum,6aabc067f1243e65f98035ec,The TCGP Arena #6! Prizing: 🌟🌟 Cards,53,2026-09-21,,2,1-1-0,mega-altaria-ex-b1-igglybuff-a4a,Protective Poncho x1,https://play.limitlesstcg.com/tournament/6aabc067f1243e65f98035ec/player/khaeruibnum/decklist
Zoroark ex Mega Absol ex,,19,True,dashmd,DashMD,6a9d5a0bab080c8c957fbb20,DR. KELP’S CHUM BUCKET POP UP,34,2026-09-06,14,,3-3-0,zoroark-ex-b3-mega-absol-ex-b1,Protective Poncho x1,https://play.limitlesstcg.com/tournament/6a9d5a0bab080c8c957fbb20/player/dashmd/decklist
Zoroark ex Mega Absol ex,,19,True,dashmd,DashMD,6a7e2b83cdc0391d7fa65afb,Umbreon99's Aura Sphere #4: $15 USD + Oak,219,2026-09-11,,4,0-4-0,zoroark-ex-b3-mega-absol-ex-b1,Protective Poncho x1,https://play.limitlesstcg.com/tournament/6a7e2b83cdc0391d7fa65afb/player/dashmd/decklist
Zoroark ex Mega Absol ex,,19,True,dashmd,DashMD,6a9f6899a4272c53be64a894,Umbreon99's Team Rocket's Bash: $10 USD + 🌈,172,2026-09-08,,2,0-2-0,zoroark-ex-b3-mega-absol-ex-b1,Protective Poncho x1,https://play.limitlesstcg.com/tournament/6a9f6899a4272c53be64a894/player/dashmd/decklist
Zoroark ex Mega Absol ex,,19,True,gigamauro,João Pedro,6a88ce398302ae761e5f8954,🇧🇷 Hit Pocket #3 | TCG Pocket,24,2026-08-29,,5,2-3-0,zoroark-ex-b3-mega-absol-ex-b1,Rocky Helmet x2,https://play.limitlesstcg.com/tournament/6a88ce398302ae761e5f8954/player/gigamauro/decklist
Hoopa ex Mega Sableye ex,,25,True,ibrakadabra,MONO . Ibrakadabra,6a8ea2690580a332c8420304,Rozey Birthday Pop Up By Dark league,29,2026-08-26,1,,9-0-0,hoopa-ex-b4-mega-sableye-ex-b3b,Mega Sableye ex x1,https://play.limitlesstcg.com/tournament/6a8ea2690580a332c8420304/player/ibrakadabra/decklist
Hoopa ex Mega Sableye ex,,25,True,iromm,Eleven Gomes,6a88ce398302ae761e5f8954,🇧🇷 Hit Pocket #3 | TCG Pocket,24,2026-08-29,2,,5-3-0,hoopa-ex-b4-mega-sableye-ex-b3b,Mega Sableye ex x1,https://play.limitlesstcg.com/tournament/6a88ce398302ae761e5f8954/player/iromm/decklist
Hoopa ex Mega Sableye ex,,25,True,akage,𝗠𝗮𝗴𝗺𝗮 Akage,6a947113629039f77d8a5c46,Dark League Pop Up,57,2026-08-30,6,,6-2-1,hoopa-ex-b4-mega-sableye-ex-b3b,Mega Sableye ex x1,https://play.limitlesstcg.com/tournament/6a947113629039f77d8a5c46/player/akage/decklist
Hoopa ex Mega Sableye ex,,25,True,merls_95,Merls_95,6aa682e4f1243e65f97ffebe,The PokeBounty Showdown Sunday Pop Up,83,2026-09-13,9,,5-2-1,hoopa-ex-b4-mega-sableye-ex-b3b,Mega Sableye ex x1,https://play.limitlesstcg.com/tournament/6aa682e4f1243e65f97ffebe/player/merls_95/decklist
Hoopa ex Mega Sableye ex,,25,True,kurage,Kurage,6aa17ddeab080c8c957ff0fe,Dark League Pocket Tournament | 20$USD Prize Pool,118,2026-09-12,12,,6-3-1,hoopa-ex-b4-mega-sableye-ex-b3b,Mega Sableye ex x1,https://play.limitlesstcg.com/tournament/6aa17ddeab080c8c957ff0fe/player/kurage/decklist
Hoopa ex Mega Sableye ex,,25,True,theviice,𝗠𝗮𝗴𝗺𝗮 TheViice,6aa0471eab080c8c957fe27d,The PokeBounty Showdown $1000 Prize Pool (#2NA),142,2026-09-14,15,,5-3-0,hoopa-ex-b4-mega-sableye-ex-b3b,Mega Sableye ex x1,https://play.limitlesstcg.com/tournament/6aa0471eab080c8c957fe27d/player/theviice/decklist
Hoopa ex Mega Sableye ex,,25,True,beachboy,Yami no Game,6aaac3d9f1243e65f9802bad,🥊 20$ BEC'S KING OF THE HILL - ANY FA PRIZE!,95,2026-09-18,17,,2-1-0,hoopa-ex-b4-mega-sableye-ex-b3b,Mega Sableye ex x1,https://play.limitlesstcg.com/tournament/6aaac3d9f1243e65f9802bad/player/beachboy/decklist
Hoopa ex Mega Sableye ex,,25,True,maskzin,João Duarte,6a9ed1b3ab080c8c957fcda5,🇧🇷 Hit Sparrow #11 | TCG Pocket,22,2026-09-09,17,,1-3-0,hoopa-ex-b4-mega-sableye-ex-b3b,Mega Sableye ex x1,https://play.limitlesstcg.com/tournament/6a9ed1b3ab080c8c957fcda5/player/maskzin/decklist
Hoopa ex Mega Sableye ex,,25,True,shinra67,𝗕𝗢𝗔𝗧| Satoru Gojo,6a9dc423ab080c8c957fc250,The Breakfast Club Nightly-$20,118,2026-09-07,18,,5-2-1,hoopa-ex-b4-mega-sableye-ex-b3b,Mega Sableye ex x1,https://play.limitlesstcg.com/tournament/6a9dc423ab080c8c957fc250/player/shinra67/decklist
Hoopa ex Mega Sableye ex,,25,True,cerci,Cerci,6a8b75058302ae761e5fab7e,FAREWELL B4!|2x Hoopa ex RR Prize+More!|TH Series,81,2026-08-26,19,,4-3-0,hoopa-ex-b4-mega-sableye-ex-b3b,Mega Sableye ex x1,https://play.limitlesstcg.com/tournament/6a8b75058302ae761e5fab7e/player/cerci/decklist
Hoopa ex Mega Sableye ex,,25,True,ibrakadabra,𝗠𝗢𝗡𝗢 . Ibrakadabra,6a9718fd629039f77d8a790e,Plasma Daily #23| Team Rocket's Ambitions| FA Card,119,2026-09-02,22,,4-2-1,hoopa-ex-b4-mega-sableye-ex-b3b,Mega Sableye ex x1,https://play.limitlesstcg.com/tournament/6a9718fd629039f77d8a790e/player/ibrakadabra/decklist
Hoopa ex Mega Sableye ex,,25,True,porygon3,Porygon3,6a9829c8a4272c53be644d74,The PokeBounty Showdown $1000 Prize Pool (#1),132,2026-09-07,23,,5-2-1,hoopa-ex-b4-mega-sableye-ex-b3b,Mega Sableye ex x1,https://play.limitlesstcg.com/tournament/6a9829c8a4272c53be644d74/player/porygon3/decklist
Hoopa ex Mega Sableye ex,,25,True,alex_tart,Alex_Tart,6a8b75058302ae761e5fab7e,FAREWELL B4!|2x Hoopa ex RR Prize+More!|TH Series,81,2026-08-26,23,,4-3-0,hoopa-ex-b4-mega-sableye-ex-b3b,Mega Sableye ex x1,https://play.limitlesstcg.com/tournament/6a8b75058302ae761e5fab7e/player/alex_tart/decklist
Hoopa ex Mega Sableye ex,,25,True,manutan,Manutan,6aa6eed0f1243e65f9800555,🩷random r0zey pop up #3 | $25 + FA🩷,146,2026-09-13,27,,4-3-1,hoopa-ex-b4-mega-sableye-ex-b3b,Mega Sableye ex x1,https://play.limitlesstcg.com/tournament/6aa6eed0f1243e65f9800555/player/manutan/decklist
Hoopa ex Mega Sableye ex,,25,True,iromm,IROMM,6a8de28f0580a332c841fd99,The TCGP Arena #5! Prizing: Full Art TRA Cards!,108,2026-08-27,31,,4-3-0,hoopa-ex-b4-mega-sableye-ex-b3b,Mega Sableye ex x1,https://play.limitlesstcg.com/tournament/6a8de28f0580a332c841fd99/player/iromm/decklist
Hoopa ex Mega Sableye ex,,25,True,kurage,Kurage,6a9d55b3ab080c8c957fbaa6,OTS Pokemon TCG Pocket Arena Pop Up | $5 USD,65,2026-09-06,32,,2-4-0,hoopa-ex-b4-mega-sableye-ex-b3b,Mega Sableye ex x1,https://play.limitlesstcg.com/tournament/6a9d55b3ab080c8c957fbaa6/player/kurage/decklist
Hoopa ex Mega Sableye ex,,25,True,iromm,Eleven Gomes,6a901ac60580a332c8420eaa,‼️$20 BEC'S 📛NEW SET PARTY - FA PRIZES🔻,133,2026-08-28,36,,4-3-0,hoopa-ex-b4-mega-sableye-ex-b3b,Mega Sableye ex x1,https://play.limitlesstcg.com/tournament/6a901ac60580a332c8420eaa/player/iromm/decklist
Hoopa ex Mega Sableye ex,,25,True,iromm,Eleven Gomes,6a90e8157a62de8130140dee,The Breakfast Club Xastur's Showdown-$5+OAK+,97,2026-08-28,37,,3-4-0,hoopa-ex-b4-mega-sableye-ex-b3b,Mega Sableye ex x1,https://play.limitlesstcg.com/tournament/6a90e8157a62de8130140dee/player/iromm/decklist
Hoopa ex Mega Sableye ex,,25,True,manutan,Manutan,6aa17ddeab080c8c957ff0fe,Dark League Pocket Tournament | 20$USD Prize Pool,118,2026-09-12,40,,3-4-0,hoopa-ex-b4-mega-sableye-ex-b3b,Mega Sableye ex x1,https://play.limitlesstcg.com/tournament/6aa17ddeab080c8c957ff0fe/player/manutan/decklist
Hoopa ex Mega Sableye ex,,25,True,porygon3,Porygon3,6a9dc423ab080c8c957fc250,The Breakfast Club Nightly-$20,118,2026-09-07,41,,4-3-0,hoopa-ex-b4-mega-sableye-ex-b3b,Mega Sableye ex x1,https://play.limitlesstcg.com/tournament/6a9dc423ab080c8c957fc250/player/porygon3/decklist
Hoopa ex Mega Sableye ex,,25,True,elluquitas96,elluquitas96,6a9d55b3ab080c8c957fbaa6,OTS Pokemon TCG Pocket Arena Pop Up | $5 USD,65,2026-09-06,49,3,1-2-0,hoopa-ex-b4-mega-sableye-ex-b3b,Mega Sableye ex x1,https://play.limitlesstcg.com/tournament/6a9d55b3ab080c8c957fbaa6/player/elluquitas96/decklist
Hoopa ex Mega Sableye ex,,25,True,melma,Melma,6aa0471eab080c8c957fe27d,The PokeBounty Showdown $1000 Prize Pool (#2NA),142,2026-09-14,56,,3-3-0,hoopa-ex-b4-mega-sableye-ex-b3b,Mega Sableye ex x1,https://play.limitlesstcg.com/tournament/6aa0471eab080c8c957fe27d/player/melma/decklist
Hoopa ex Mega Sableye ex,,25,True,akage,𝗠𝗮𝗴𝗺𝗮 Akage,6a9829c8a4272c53be644d74,The PokeBounty Showdown $1000 Prize Pool (#1),132,2026-09-07,56,,3-3-0,hoopa-ex-b4-mega-sableye-ex-b3b,Mega Sableye ex x1,https://play.limitlesstcg.com/tournament/6a9829c8a4272c53be644d74/player/akage/decklist
Hoopa ex Mega Sableye ex,,25,True,r2r_k5,r2r ,6a8b75058302ae761e5fab7e,FAREWELL B4!|2x Hoopa ex RR Prize+More!|TH Series,81,2026-08-26,61,4,1-3-0,hoopa-ex-b4-mega-sableye-ex-b3b,Mega Sableye ex x1,https://play.limitlesstcg.com/tournament/6a8b75058302ae761e5fab7e/player/r2r_k5/decklist
Hoopa ex Mega Sableye ex,,25,True,jenamica,Jenamica,6a7e2b83cdc0391d7fa65afb,Umbreon99's Aura Sphere #4: $15 USD + Oak,219,2026-09-11,70,,4-4-0,hoopa-ex-b4-mega-sableye-ex-b3b,Mega Sableye ex x1; Rocky Helmet x1,https://play.limitlesstcg.com/tournament/6a7e2b83cdc0391d7fa65afb/player/jenamica/decklist
Hoopa ex Mega Sableye ex,,25,True,byzer09,byZer09,6a8c5eb881741245b151d7e3,PMPT #44 - TEAM ROCKETS AMBITION!!! | $100 USD,378,2026-08-29,130,6,3-3-0,hoopa-ex-b4-mega-sableye-ex-b3b,Mega Sableye ex x1,https://play.limitlesstcg.com/tournament/6a8c5eb881741245b151d7e3/player/byzer09/decklist
Hoopa ex Mega Sableye ex,,25,True,fansas,FANSAS,6a9f6899a4272c53be64a894,Umbreon99's Team Rocket's Bash: $10 USD + 🌈,172,2026-09-08,,6,3-3-0,hoopa-ex-b4-mega-sableye-ex-b3b,Mega Sableye ex x1,https://play.limitlesstcg.com/tournament/6a9f6899a4272c53be64a894/player/fansas/decklist
Hoopa ex Mega Sableye ex,,25,True,fabiowastaken,𝗠𝗮𝗴𝗺𝗮 Fabio,6a789b5ccdc0391d7fa61ba9,The Dark League | CELEBRATORY FANFARE 685$ Value,120,2026-09-05,,2,1-1-0,hoopa-ex-b4-mega-sableye-ex-b3b,Mega Sableye ex x1,https://play.limitlesstcg.com/tournament/6a789b5ccdc0391d7fa61ba9/player/fabiowastaken/decklist
Hoopa ex Mega Sableye ex,,25,True,kurage,Kurage,6a789b5ccdc0391d7fa61ba9,The Dark League | CELEBRATORY FANFARE 685$ Value,120,2026-09-05,,7,1-6-0,hoopa-ex-b4-mega-sableye-ex-b3b,Mega Sableye ex x1,https://play.limitlesstcg.com/tournament/6a789b5ccdc0391d7fa61ba9/player/kurage/decklist
Hoopa ex Mega Sableye ex,,25,True,okarun,okarun,6aa17ddeab080c8c957ff0fe,Dark League Pocket Tournament | 20$USD Prize Pool,118,2026-09-12,,6,2-3-1,hoopa-ex-b4-mega-sableye-ex-b3b,Mega Sableye ex x1,https://play.limitlesstcg.com/tournament/6aa17ddeab080c8c957ff0fe/player/okarun/decklist
Hoopa ex Mega Sableye ex,,25,True,fabiowastaken,𝗠𝗮𝗴𝗺𝗮 Fabio,6a78c5912b308b6067b4f421,Tournament Vegegras cash prize 100usd,116,2026-09-05,,6,2-4-0,hoopa-ex-b4-mega-sableye-ex-b3b,Mega Sableye ex x1,https://play.limitlesstcg.com/tournament/6a78c5912b308b6067b4f421/player/fabiowastaken/decklist
Hoopa ex Mega Sableye ex,,25,True,kurage,Kurage,6a78c5912b308b6067b4f421,Tournament Vegegras cash prize 100usd,116,2026-09-05,,2,0-2-0,hoopa-ex-b4-mega-sableye-ex-b3b,Mega Sableye ex x1,https://play.limitlesstcg.com/tournament/6a78c5912b308b6067b4f421/player/kurage/decklist
Hoopa ex Mega Sableye ex,,25,True,sheriff_james,Sheriff_James,6a981923a4272c53be644ca8,DR. KELP’S CHUM BUCKET POP UP,31,2026-09-02,,4,2-2-0,hoopa-ex-b4-mega-sableye-ex-b3b,Mega Sableye ex x1,https://play.limitlesstcg.com/tournament/6a981923a4272c53be644ca8/player/sheriff_james/decklist
Hoopa ex Mega Sableye ex,,25,True,jenamica,Jenamica,6aabc43df1243e65f9803602,DR KELP’S CHUM BUCKET POP UP,29,2026-09-17,,5,2-3-0,hoopa-ex-b4-mega-sableye-ex-b3b,Mega Sableye ex x1,https://play.limitlesstcg.com/tournament/6aabc43df1243e65f9803602/player/jenamica/decklist
Hoopa ex Greninja,,30,True,kovacs469,kovacs469,6a78c5912b308b6067b4f421,Tournament Vegegras cash prize 100usd,116,2026-09-05,46,,4-4-0,hoopa-ex-b4-greninja-a1,Mega Sableye ex x1,https://play.limitlesstcg.com/tournament/6a78c5912b308b6067b4f421/player/kovacs469/decklist
Hoopa ex Greninja,,30,True,gst_chienpao,GST_ChienPao,6a8b75058302ae761e5fab7e,FAREWELL B4!|2x Hoopa ex RR Prize+More!|TH Series,81,2026-08-26,50,6,2-4-0,hoopa-ex-b4-greninja-a1,Mega Sableye ex x1,https://play.limitlesstcg.com/tournament/6a8b75058302ae761e5fab7e/player/gst_chienpao/decklist
Hoopa ex Greninja,,30,True,dashmd,DashMD,6aa0471eab080c8c957fe27d,The PokeBounty Showdown $1000 Prize Pool (#2NA),142,2026-09-14,,3,0-3-0,hoopa-ex-b4-greninja-a1,Mega Sableye ex x1,https://play.limitlesstcg.com/tournament/6aa0471eab080c8c957fe27d/player/dashmd/decklist
Hoopa ex Greninja,,30,True,newfirsniper,Newfirsniper,6aa0471eab080c8c957fe27d,The PokeBounty Showdown $1000 Prize Pool (#2NA),142,2026-09-14,,1,0-1-0,hoopa-ex-b4-greninja-a1,Mega Sableye ex x1,https://play.limitlesstcg.com/tournament/6aa0471eab080c8c957fe27d/player/newfirsniper/decklist
Hoopa ex Greninja,,30,True,illus,Illus,6a9e12feab080c8c957fc84e,♨️Sauna X Ev4de POG Tournament #27|10 USD+Top 4 FA,73,2026-09-11,,4,1-3-0,hoopa-ex-b4-greninja-a1,Mega Sableye ex x1,https://play.limitlesstcg.com/tournament/6a9e12feab080c8c957fc84e/player/illus/decklist
Hoopa ex Greninja,,30,True,vitorinsky,Vitorinsky,6aa2a732a4272c53be64cdf1,DR KELP’S CHUM BUCKET POP UP,37,2026-09-10,,4,1-3-0,hoopa-ex-b4-greninja-a1,Mega Sableye ex x1,https://play.limitlesstcg.com/tournament/6aa2a732a4272c53be64cdf1/player/vitorinsky/decklist
