step	bot	pairing	lists	i	seed	verdict	kind	k	turn	cause	counters_explaining	counters_after	probe_coin	probe_vs	golden_ok	no_reach_counter	condition3	old_ticks	new_ticks
8	km3	1	garchomp_meowth v t-blaziken	0	23100010000	ON THE BOARD	state	17	2	16	{"coin_queued_offered":[17],"coin_queued_offered_any":[17]}				yes	no	no	93	113
8	km3	1	garchomp_meowth v t-blaziken	3	23100010003	LOOKAHEAD ONLY, both halves hold	lookahead	26	4	26			queued=1 cut=None free=true	built=None		yes	yes	116	107
8	km3	1	garchomp_meowth v t-blaziken	4	23100010004	LOOKAHEAD ONLY, both halves hold	lookahead	53	7	53			queued=2 cut=None free=false	built=None		no	no	114	113
8	km3	1	garchomp_meowth v t-blaziken	10	23100010010	LOOKAHEAD ONLY, both halves hold	lookahead	43	6	43			queued=2 cut=None free=false	built=None		no	no	76	67
8	km3	1	garchomp_meowth v t-blaziken	13	23100010013	LOOKAHEAD ONLY, both halves hold	lookahead	48	6	48			queued=2 cut=None free=true	built=None		no	no	96	111
8	km3	1	garchomp_meowth v t-blaziken	29	23100010029	ON THE BOARD	state	14	2	13	{"coin_queued_offered":[14],"coin_queued_offered_any":[14]}				yes	no	no	86	107
8	km3	1	garchomp_meowth v t-blaziken	30	23100010030	LOOKAHEAD ONLY, both halves hold	lookahead	49	7	49			queued=2 cut=None free=false	built=None		no	no	81	116
8	km3	1	garchomp_meowth v t-blaziken	32	23100010032	ON THE BOARD	state	32	4	31	{"coin_queued_offered":[32],"coin_queued_offered_any":[32]}				yes	no	no	110	87
8	km3	1	garchomp_meowth v t-blaziken	35	23100010035	LOOKAHEAD ONLY, both halves hold	lookahead	13	2	13			queued=1 cut=None free=true	built=None		no	no	62	64
8	km3	1	garchomp_meowth v t-blaziken	36	23100010036	ON THE BOARD	state	15	2	14	{"coin_queued_offered":[15],"coin_queued_offered_any":[15]}				yes	no	no	88	107
8	km3	1	garchomp_meowth v t-blaziken	47	23100010047	LOOKAHEAD ONLY, both halves hold	lookahead	13	2	13		{"coin_queued_offered":[19],"coin_queued_offered_any":[19]}	queued=2 cut=None free=true	built=None		no	no	80	75
8	km3	1	garchomp_meowth v t-blaziken	50	23100010050	LOOKAHEAD ONLY, both halves hold	lookahead	41	6	41			queued=2 cut=None free=false	built=None		yes	yes	93	97
8	km3	1	garchomp_meowth v t-blaziken	55	23100010055	ON THE BOARD	state	22	3	21	{"coin_queued_offered":[22],"coin_queued_offered_any":[22]}				yes	no	no	88	88
8	km3	1	garchomp_meowth v t-blaziken	57	23100010057	ON THE BOARD	state	28	3	27	{"coin_queued_offered":[28],"coin_queued_offered_any":[28]}				yes	no	no	75	77
8	km3	1	garchomp_meowth v t-blaziken	59	23100010059	ON THE BOARD	state	29	3	28	{"coin_queued_offered":[29],"coin_queued_offered_any":[29]}				yes	no	no	91	77
8	km3	1	garchomp_meowth v t-blaziken	60	23100010060	ON THE BOARD	state	64	9	63	{"coin_queued_offered":[64],"coin_queued_offered_any":[64]}				yes	no	no	107	114
8	km3	1	garchomp_meowth v t-blaziken	61	23100010061	LOOKAHEAD ONLY, both halves hold	lookahead	71	9	71		{"coin_queued_offered":[76],"coin_queued_offered_any":[76]}	queued=3 cut=None free=true	built=None		no	no	119	108
8	km3	1	garchomp_meowth v t-blaziken	66	23100010066	LOOKAHEAD ONLY, both halves hold	lookahead	41	6	41		{"coin_queued_offered":[44],"coin_queued_offered_any":[44]}	queued=3 cut=None free=true	built=None		no	no	116	117
8	km3	1	garchomp_meowth v t-blaziken	74	23100010074	LOOKAHEAD ONLY, both halves hold	lookahead	18	3	18			queued=2 cut=None free=true	built=None		yes	no	79	79
8	km3	1	garchomp_meowth v t-blaziken	75	23100010075	ON THE BOARD	state	14	2	13	{"coin_queued_offered":[14],"coin_queued_offered_any":[14]}				yes	no	no	96	96
8	km3	1	garchomp_meowth v t-blaziken	76	23100010076	ON THE BOARD	state	59	8	58	{"coin_queued_offered":[59],"coin_queued_offered_any":[59]}				yes	no	no	91	91
8	km3	1	garchomp_meowth v t-blaziken	79	23100010079	LOOKAHEAD ONLY, both halves hold	lookahead	38	5	38			queued=1 cut=None free=true	built=None		yes	yes	112	103
8	km3	1	garchomp_meowth v t-blaziken	87	23100010087	ON THE BOARD	state	41	5	40	{"coin_queued_offered":[41],"coin_queued_offered_any":[41]}				yes	no	no	98	113
8	km3	1	garchomp_meowth v t-blaziken	96	23100010096	LOOKAHEAD ONLY, both halves hold	lookahead	68	10	68			queued=2 cut=None free=false	built=None		yes	yes	105	99
8	km3	1	garchomp_meowth v t-blaziken	101	23100010101	ON THE BOARD	state	29	4	28	{"coin_queued_offered":[29],"coin_queued_offered_any":[29]}				yes	no	no	67	67
8	km3	1	garchomp_meowth v t-blaziken	115	23100010115	LOOKAHEAD ONLY, both halves hold	lookahead	71	10	71		{"coin_queued_offered":[74],"coin_queued_offered_any":[74]}	queued=1 cut=None free=true	built=None		no	no	129	95
8	km3	1	garchomp_meowth v t-blaziken	116	23100010116	ON THE BOARD	state	41	5	40	{"coin_queued_offered":[41],"coin_queued_offered_any":[41]}				yes	no	no	106	108
8	km3	1	garchomp_meowth v t-blaziken	121	23100010121	ON THE BOARD	state	26	3	25	{"coin_queued_offered":[26],"coin_queued_offered_any":[26]}				yes	no	no	90	94
8	km3	1	garchomp_meowth v t-blaziken	124	23100010124	ON THE BOARD	state	76	11	75	{"coin_queued_offered":[76],"coin_queued_offered_any":[76]}				yes	no	no	100	100
8	km3	1	garchomp_meowth v t-blaziken	127	23100010127	LOOKAHEAD ONLY, both halves hold	lookahead	59	9	59			queued=2 cut=None free=false	built=None		yes	yes	87	86
8	km3	1	garchomp_meowth v t-blaziken	131	23100010131	LOOKAHEAD ONLY, both halves hold	lookahead	83	12	83		{"coin_queued_offered":[86],"coin_queued_offered_any":[86]}	queued=3 cut=None free=true	built=None		no	no	87	88
8	km3	1	garchomp_meowth v t-blaziken	133	23100010133	ON THE BOARD	state	48	7	47	{"coin_queued_offered":[48],"coin_queued_offered_any":[48]}				yes	no	no	74	73
8	km3	1	garchomp_meowth v t-blaziken	134	23100010134	LOOKAHEAD ONLY, both halves hold	lookahead	69	10	69		{"coin_queued_offered":[73],"coin_queued_offered_any":[73]}	queued=2 cut=None free=false	built=None		no	no	114	122
8	km3	1	garchomp_meowth v t-blaziken	135	23100010135	ON THE BOARD	state	24	3	23	{"coin_queued_offered":[24],"coin_queued_offered_any":[24]}				yes	no	no	94	113
8	km3	1	garchomp_meowth v t-blaziken	136	23100010136	LOOKAHEAD ONLY, both halves hold	lookahead	67	10	67		{"coin_queued_offered":[70],"coin_queued_offered_any":[70]}	queued=1 cut=None free=false	built=None		no	no	70	72
8	km3	1	garchomp_meowth v t-blaziken	139	23100010139	LOOKAHEAD ONLY, both halves hold	lookahead	10	2	10		{"coin_queued_offered":[15],"coin_queued_offered_any":[15]}	queued=2 cut=None free=true	built=None		no	no	96	108
8	km3	1	garchomp_meowth v t-blaziken	140	23100010140	ON THE BOARD	state	22	3	21	{"coin_queued_offered":[22],"coin_queued_offered_any":[22]}				yes	no	no	106	106
8	km3	1	garchomp_meowth v t-blaziken	141	23100010141	ON THE BOARD	state	94	12	93	{"coin_queued_offered":[94],"coin_queued_offered_any":[94]}				yes	no	no	96	109
8	km3	1	garchomp_meowth v t-blaziken	144	23100010144	LOOKAHEAD ONLY, both halves hold	lookahead	38	5	38			queued=2 cut=None free=true	built=None		yes	no	113	74
8	km3	1	garchomp_meowth v t-blaziken	146	23100010146	LOOKAHEAD ONLY, both halves hold	lookahead	15	3	15			queued=2 cut=None free=true	built=None		yes	yes	74	42
8	km3	1	garchomp_meowth v t-blaziken	151	23100010151	ON THE BOARD	state	24	4	23	{"coin_queued_offered":[24],"coin_queued_offered_any":[24]}				yes	no	no	96	124
8	km3	1	garchomp_meowth v t-blaziken	152	23100010152	ON THE BOARD	state	23	3	22	{"coin_queued_offered":[23],"coin_queued_offered_any":[23]}				yes	no	no	117	119
8	km3	1	garchomp_meowth v t-blaziken	154	23100010154	ON THE BOARD	state	69	9	68	{"coin_queued_offered":[69],"coin_queued_offered_any":[69]}				yes	no	no	94	94
8	km3	1	garchomp_meowth v t-blaziken	160	23100010160	ON THE BOARD	state	15	2	14	{"coin_queued_offered":[15],"coin_queued_offered_any":[15]}				yes	no	no	85	84
8	km3	1	garchomp_meowth v t-blaziken	165	23100010165	ON THE BOARD	state	63	8	62	{"coin_queued_offered":[63],"coin_queued_offered_any":[63]}				yes	no	no	82	82
8	km3	1	garchomp_meowth v t-blaziken	166	23100010166	ON THE BOARD	state	19	2	18	{"coin_queued_offered":[19],"coin_queued_offered_any":[19]}				yes	no	no	105	86
8	km3	1	garchomp_meowth v t-blaziken	173	23100010173	LOOKAHEAD ONLY, both halves hold	lookahead	109	15	109		{"coin_queued_offered":[112],"coin_queued_offered_any":[112]}	queued=2 cut=None free=false	built=None		no	no	113	133
8	km3	1	garchomp_meowth v t-blaziken	179	23100010179	ON THE BOARD	state	73	9	72	{"coin_queued_offered":[73],"coin_queued_offered_any":[73]}				yes	no	no	90	90
8	km3	1	garchomp_meowth v t-blaziken	181	23100010181	ON THE BOARD	state	59	8	58	{"coin_queued_offered":[59],"coin_queued_offered_any":[59]}				yes	no	no	90	93
8	km3	1	garchomp_meowth v t-blaziken	184	23100010184	ON THE BOARD	state	22	3	21	{"coin_queued_offered":[22],"coin_queued_offered_any":[22]}				yes	no	no	64	63
8	km3	1	garchomp_meowth v t-blaziken	187	23100010187	LOOKAHEAD ONLY, both halves hold	lookahead	114	14	114			queued=1 cut=None free=false	built=None		yes	yes	117	117
8	km3	1	garchomp_meowth v t-blaziken	189	23100010189	ON THE BOARD	state	33	4	32	{"coin_queued_offered":[33],"coin_queued_offered_any":[33]}				yes	no	no	91	86
8	km3	1	garchomp_meowth v t-blaziken	191	23100010191	ON THE BOARD	state	20	3	19	{"coin_queued_offered":[20],"coin_queued_offered_any":[20]}				yes	no	no	59	68
8	km3	1	garchomp_meowth v t-blaziken	192	23100010192	LOOKAHEAD ONLY, both halves hold	lookahead	107	14	107		{"coin_queued_offered":[109],"coin_queued_offered_any":[109]}	queued=1 cut=None free=false	built=None		no	no	110	111
8	km3	1	garchomp_meowth v t-blaziken	197	23100010197	LOOKAHEAD ONLY, both halves hold	lookahead	93	12	93			queued=2 cut=None free=false	built=None		no	no	97	109
8	km3	1	garchomp_meowth v t-blaziken	201	23100010201	LOOKAHEAD ONLY, both halves hold	lookahead	9	2	9			queued=2 cut=None free=true	built=None		yes	yes	64	64
8	km3	1	garchomp_meowth v t-blaziken	202	23100010202	ON THE BOARD	state	28	4	27	{"coin_queued_offered":[28],"coin_queued_offered_any":[28]}				yes	no	no	75	78
8	km3	1	garchomp_meowth v t-blaziken	206	23100010206	ON THE BOARD	state	62	9	61	{"coin_queued_offered":[62],"coin_queued_offered_any":[62]}				yes	no	no	91	91
8	km3	1	garchomp_meowth v t-blaziken	208	23100010208	ON THE BOARD	state	17	2	16	{"coin_queued_offered":[17],"coin_queued_offered_any":[17]}				yes	no	no	75	109
8	km3	1	garchomp_meowth v t-blaziken	210	23100010210	ON THE BOARD	state	16	2	15	{"coin_queued_offered":[16],"coin_queued_offered_any":[16]}				yes	no	no	74	99
8	km3	1	garchomp_meowth v t-blaziken	212	23100010212	ON THE BOARD	state	55	8	54	{"coin_queued_offered":[55],"coin_queued_offered_any":[55]}				yes	no	no	88	91
8	km3	1	garchomp_meowth v t-blaziken	213	23100010213	ON THE BOARD	state	52	8	51	{"coin_queued_offered":[52],"coin_queued_offered_any":[52]}				yes	no	no	113	115
8	km3	1	garchomp_meowth v t-blaziken	215	23100010215	ON THE BOARD	state	16	2	15	{"coin_queued_offered":[16],"coin_queued_offered_any":[16]}				yes	no	no	97	99
8	km3	1	garchomp_meowth v t-blaziken	217	23100010217	LOOKAHEAD ONLY, both halves hold	lookahead	106	13	106			queued=2 cut=None free=false	built=None		yes	yes	110	111
8	km3	1	garchomp_meowth v t-blaziken	219	23100010219	LOOKAHEAD ONLY, both halves hold	lookahead	92	11	92		{"coin_queued_offered":[96],"coin_queued_offered_any":[96]}	queued=1 cut=None free=true	built=None		no	no	95	98
8	km3	1	garchomp_meowth v t-blaziken	222	23100010222	LOOKAHEAD ONLY, both halves hold	lookahead	22	3	22		{"coin_queued_offered":[25],"coin_queued_offered_any":[25]}	queued=2 cut=None free=true	built=None		no	no	106	94
8	km3	1	garchomp_meowth v t-blaziken	223	23100010223	LOOKAHEAD ONLY, both halves hold	lookahead	11	2	11		{"coin_queued_offered":[14],"coin_queued_offered_any":[14]}	queued=1 cut=None free=true	built=None		no	no	103	67
8	km3	1	garchomp_meowth v t-blaziken	224	23100010224	ON THE BOARD	state	17	2	16	{"coin_queued_offered":[17],"coin_queued_offered_any":[17]}				yes	no	no	90	78
8	km3	1	garchomp_meowth v t-blaziken	228	23100010228	ON THE BOARD	state	23	3	22	{"coin_queued_offered":[23],"coin_queued_offered_any":[23]}				yes	no	no	84	103
8	km3	1	garchomp_meowth v t-blaziken	229	23100010229	ON THE BOARD	state	70	8	69	{"coin_queued_offered":[70],"coin_queued_offered_any":[70]}				yes	no	no	83	82
8	km3	1	garchomp_meowth v t-blaziken	230	23100010230	ON THE BOARD	state	19	2	18	{"coin_queued_offered":[19],"coin_queued_offered_any":[19]}				yes	no	no	105	127
8	km3	1	garchomp_meowth v t-blaziken	232	23100010232	LOOKAHEAD ONLY, both halves hold	lookahead	85	11	85		{"coin_queued_offered":[89],"coin_queued_offered_any":[89]}	queued=3 cut=None free=true	built=None		no	no	91	119
8	km3	1	garchomp_meowth v t-blaziken	241	23100010241	ON THE BOARD	state	34	5	33	{"coin_queued_offered":[34],"coin_queued_offered_any":[34]}				yes	no	no	48	48
8	km3	1	garchomp_meowth v t-blaziken	250	23100010250	LOOKAHEAD ONLY, both halves hold	lookahead	62	9	62			queued=3 cut=None free=true	built=None		yes	yes	102	94
8	km3	1	garchomp_meowth v t-blaziken	256	23100010256	ON THE BOARD	state	84	11	83	{"coin_queued_offered":[84],"coin_queued_offered_any":[84]}				yes	no	no	107	107
8	km3	1	garchomp_meowth v t-blaziken	257	23100010257	LOOKAHEAD ONLY, both halves hold	lookahead	11	2	11			queued=2 cut=None free=true	built=None		yes	yes	65	65
8	km3	1	garchomp_meowth v t-blaziken	263	23100010263	ON THE BOARD	state	18	2	17	{"coin_queued_offered":[18],"coin_queued_offered_any":[18]}				yes	no	no	91	101
8	km3	1	garchomp_meowth v t-blaziken	269	23100010269	ON THE BOARD	state	37	6	36	{"coin_queued_offered":[37],"coin_queued_offered_any":[37]}				yes	no	no	79	78
8	km3	1	garchomp_meowth v t-blaziken	271	23100010271	ON THE BOARD	state	17	2	16	{"coin_queued_offered":[17],"coin_queued_offered_any":[17]}				yes	no	no	92	76
8	km3	1	garchomp_meowth v t-blaziken	277	23100010277	LOOKAHEAD ONLY, both halves hold	lookahead	74	10	74			queued=2 cut=None free=false	built=None		yes	yes	102	87
8	km3	1	garchomp_meowth v t-blaziken	279	23100010279	LOOKAHEAD ONLY, both halves hold	lookahead	92	12	92		{"coin_queued_offered":[96],"coin_queued_offered_any":[96]}	queued=3 cut=None free=true	built=None		no	no	102	115
8	km3	1	garchomp_meowth v t-blaziken	282	23100010282	ON THE BOARD	state	20	2	19	{"coin_queued_offered":[20],"coin_queued_offered_any":[20]}				yes	no	no	80	80
8	km3	1	garchomp_meowth v t-blaziken	283	23100010283	ON THE BOARD	state	18	3	17	{"coin_queued_offered":[18],"coin_queued_offered_any":[18]}				yes	no	no	63	112
8	km3	1	garchomp_meowth v t-blaziken	287	23100010287	LOOKAHEAD ONLY, both halves hold	lookahead	56	8	56			queued=2 cut=None free=false	built=None		no	no	99	127
8	km3	1	garchomp_meowth v t-blaziken	291	23100010291	LOOKAHEAD ONLY, both halves hold	lookahead	45	6	45			queued=2 cut=None free=false	built=None		yes	yes	90	75
8	km3	1	garchomp_meowth v t-blaziken	295	23100010295	LOOKAHEAD ONLY, both halves hold	lookahead	77	10	77		{"coin_queued_offered":[81],"coin_queued_offered_any":[81]}	queued=2 cut=None free=true	built=None		no	no	81	94
8	km3	1	garchomp_meowth v t-blaziken	302	23100010302	ON THE BOARD	state	16	2	15	{"coin_queued_offered":[16],"coin_queued_offered_any":[16]}				yes	no	no	90	100
8	km3	1	garchomp_meowth v t-blaziken	304	23100010304	ON THE BOARD	state	14	2	13	{"coin_queued_offered":[14],"coin_queued_offered_any":[14]}				yes	no	no	97	95
8	km3	1	garchomp_meowth v t-blaziken	307	23100010307	ON THE BOARD	state	44	6	43	{"coin_queued_offered":[44],"coin_queued_offered_any":[44]}				yes	no	no	92	96
8	km3	1	garchomp_meowth v t-blaziken	309	23100010309	ON THE BOARD	state	44	6	43	{"coin_queued_offered":[44],"coin_queued_offered_any":[44]}				yes	no	no	63	64
8	km3	1	garchomp_meowth v t-blaziken	311	23100010311	ON THE BOARD	state	30	4	29	{"coin_queued_offered":[30],"coin_queued_offered_any":[30]}				yes	no	no	109	109
8	km3	1	garchomp_meowth v t-blaziken	319	23100010319	ON THE BOARD	state	106	14	105	{"coin_queued_offered":[106],"coin_queued_offered_any":[106]}				yes	no	no	108	118
8	km3	1	garchomp_meowth v t-blaziken	321	23100010321	LOOKAHEAD ONLY, both halves hold	lookahead	57	7	57		{"coin_queued_offered":[61],"coin_queued_offered_any":[61]}	queued=1 cut=None free=true	built=None		no	no	97	97
8	km3	1	garchomp_meowth v t-blaziken	322	23100010322	ON THE BOARD	state	19	2	18	{"coin_queued_offered":[19],"coin_queued_offered_any":[19]}				yes	no	no	101	101
8	km3	1	garchomp_meowth v t-blaziken	328	23100010328	ON THE BOARD	state	16	2	15	{"coin_queued_offered":[16],"coin_queued_offered_any":[16]}				yes	no	no	72	75
8	km3	1	garchomp_meowth v t-blaziken	333	23100010333	LOOKAHEAD ONLY, both halves hold	lookahead	17	3	17		{"coin_queued_offered":[21],"coin_queued_offered_any":[21]}	queued=2 cut=None free=true	built=None		no	no	74	84
8	km3	1	garchomp_meowth v t-blaziken	335	23100010335	ON THE BOARD	state	29	3	28	{"coin_queued_offered":[29],"coin_queued_offered_any":[29]}				yes	no	no	79	91
8	km3	1	garchomp_meowth v t-blaziken	336	23100010336	LOOKAHEAD ONLY, both halves hold	lookahead	11	2	11		{"coin_queued_offered":[17],"coin_queued_offered_any":[17]}	queued=2 cut=None free=true	built=None		no	no	74	65
8	km3	1	garchomp_meowth v t-blaziken	337	23100010337	ON THE BOARD	state	17	2	16	{"coin_queued_offered":[17],"coin_queued_offered_any":[17]}				yes	no	no	84	72
8	km3	1	garchomp_meowth v t-blaziken	338	23100010338	ON THE BOARD	state	11	2	10	{"coin_queued_offered":[11],"coin_queued_offered_any":[11]}				yes	no	no	93	120
8	km3	1	garchomp_meowth v t-blaziken	341	23100010341	LOOKAHEAD ONLY, both halves hold	lookahead	85	13	85		{"coin_queued_offered":[90],"coin_queued_offered_any":[90]}	queued=3 cut=None free=true	built=None		no	no	91	92
8	km3	1	garchomp_meowth v t-blaziken	343	23100010343	ON THE BOARD	state	60	9	59	{"coin_queued_offered":[60],"coin_queued_offered_any":[60]}				yes	no	no	82	82
8	km3	1	garchomp_meowth v t-blaziken	344	23100010344	ON THE BOARD	state	15	2	14	{"coin_queued_offered":[15],"coin_queued_offered_any":[15]}				yes	no	no	74	93
8	km3	1	garchomp_meowth v t-blaziken	345	23100010345	ON THE BOARD	state	62	9	61	{"coin_queued_offered":[62],"coin_queued_offered_any":[62]}				yes	no	no	77	77
8	km3	1	garchomp_meowth v t-blaziken	350	23100010350	ON THE BOARD	state	14	2	13	{"coin_queued_offered":[14],"coin_queued_offered_any":[14]}				yes	no	no	59	59
8	km3	1	garchomp_meowth v t-blaziken	355	23100010355	ON THE BOARD	state	14	2	13	{"coin_queued_offered":[14],"coin_queued_offered_any":[14]}				yes	no	no	86	77
8	km3	1	garchomp_meowth v t-blaziken	363	23100010363	ON THE BOARD	state	16	2	15	{"coin_queued_offered":[16],"coin_queued_offered_any":[16]}				yes	no	no	82	82
8	km3	1	garchomp_meowth v t-blaziken	364	23100010364	ON THE BOARD	state	32	4	31	{"coin_queued_offered":[32],"coin_queued_offered_any":[32]}				yes	no	no	76	97
8	km3	1	garchomp_meowth v t-blaziken	371	23100010371	LOOKAHEAD ONLY, both halves hold	lookahead	15	2	15		{"coin_queued_offered":[18],"coin_queued_offered_any":[18]}	queued=3 cut=None free=true	built=None		no	no	79	99
8	km3	1	garchomp_meowth v t-blaziken	372	23100010372	ON THE BOARD	state	62	8	61	{"coin_queued_offered":[62],"coin_queued_offered_any":[62]}				yes	no	no	88	104
8	km3	1	garchomp_meowth v t-blaziken	376	23100010376	LOOKAHEAD ONLY, both halves hold	lookahead	100	13	100		{"coin_queued_offered":[103],"coin_queued_offered_any":[103]}	queued=3 cut=None free=true	built=None		no	no	110	118
8	km3	1	garchomp_meowth v t-blaziken	377	23100010377	ON THE BOARD	state	19	2	18	{"coin_queued_offered":[19],"coin_queued_offered_any":[19]}				yes	no	no	97	92
8	km3	1	garchomp_meowth v t-blaziken	378	23100010378	LOOKAHEAD ONLY, both halves hold	lookahead	59	8	59			queued=2 cut=None free=false	built=None		yes	yes	91	78
8	km3	1	garchomp_meowth v t-blaziken	381	23100010381	LOOKAHEAD ONLY, both halves hold	lookahead	18	3	18		{"coin_queued_offered":[23],"coin_queued_offered_any":[23]}	queued=2 cut=None free=true	built=None		no	no	91	121
8	km3	1	garchomp_meowth v t-blaziken	382	23100010382	ON THE BOARD	state	13	2	12	{"coin_queued_offered":[13],"coin_queued_offered_any":[13]}				yes	no	no	74	81
8	km3	1	garchomp_meowth v t-blaziken	387	23100010387	LOOKAHEAD ONLY, both halves hold	lookahead	56	8	56			queued=2 cut=None free=false	built=None		no	no	103	127
8	km3	1	garchomp_meowth v t-blaziken	389	23100010389	ON THE BOARD	state	39	5	38	{"coin_queued_offered":[39],"coin_queued_offered_any":[39]}				yes	no	no	109	115
8	km3	1	garchomp_meowth v t-blaziken	393	23100010393	ON THE BOARD	state	38	4	37	{"coin_queued_offered":[38],"coin_queued_offered_any":[38]}				yes	no	no	119	134
8	km3	1	garchomp_meowth v t-blaziken	395	23100010395	ON THE BOARD	state	59	8	58	{"coin_queued_offered":[59],"coin_queued_offered_any":[59]}				yes	no	no	98	111
8	km3	1	garchomp_meowth v t-blaziken	399	23100010399	UNEXPLAINED	lookahead	81	13	81			queued=None cut=None free=false	built=None		no	no	102	108
8	km3	1	garchomp_meowth v t-blaziken	404	23100010404	LOOKAHEAD ONLY, both halves hold	lookahead	107	15	107		{"coin_queued_offered":[109],"coin_queued_offered_any":[109]}	queued=1 cut=None free=false	built=None		no	no	110	143
8	km3	1	garchomp_meowth v t-blaziken	407	23100010407	LOOKAHEAD ONLY, both halves hold	lookahead	104	14	104		{"coin_queued_offered":[106],"coin_queued_offered_any":[106]}	queued=2 cut=None free=false	built=None		no	no	108	126
8	km3	1	garchomp_meowth v t-blaziken	408	23100010408	ON THE BOARD	state	17	2	16	{"coin_queued_offered":[17],"coin_queued_offered_any":[17]}				yes	no	no	86	86
8	km3	1	garchomp_meowth v t-blaziken	409	23100010409	ON THE BOARD	state	67	9	66	{"coin_queued_offered":[67],"coin_queued_offered_any":[67]}				yes	no	no	130	114
8	km3	1	garchomp_meowth v t-blaziken	416	23100010416	ON THE BOARD	state	59	9	58	{"coin_queued_offered":[59],"coin_queued_offered_any":[59]}				yes	no	no	85	131
8	km3	1	garchomp_meowth v t-blaziken	420	23100010420	LOOKAHEAD ONLY, both halves hold	lookahead	104	15	104		{"coin_queued_offered":[108],"coin_queued_offered_any":[108]}	queued=3 cut=None free=true	built=None		no	no	109	110
8	km3	1	garchomp_meowth v t-blaziken	421	23100010421	ON THE BOARD	state	24	3	23	{"coin_queued_offered":[24],"coin_queued_offered_any":[24]}				yes	no	no	106	103
8	km3	1	garchomp_meowth v t-blaziken	424	23100010424	ON THE BOARD	state	37	4	36	{"coin_queued_offered":[37],"coin_queued_offered_any":[37]}				yes	no	no	129	133
8	km3	1	garchomp_meowth v t-blaziken	428	23100010428	ON THE BOARD	state	68	9	67	{"coin_queued_offered":[68],"coin_queued_offered_any":[68]}				yes	no	no	102	102
8	km3	1	garchomp_meowth v t-blaziken	431	23100010431	LOOKAHEAD ONLY, both halves hold	lookahead	18	3	18		{"coin_queued_offered":[25],"coin_queued_offered_any":[25]}	queued=2 cut=None free=true	built=None		no	no	87	79
8	km3	1	garchomp_meowth v t-blaziken	436	23100010436	ON THE BOARD	state	97	13	96	{"coin_queued_offered":[97],"coin_queued_offered_any":[97]}				yes	no	no	121	121
8	km3	1	garchomp_meowth v t-blaziken	437	23100010437	ON THE BOARD	state	22	3	21	{"coin_queued_offered":[22],"coin_queued_offered_any":[22]}				yes	no	no	76	74
8	km3	1	garchomp_meowth v t-blaziken	439	23100010439	ON THE BOARD	state	29	3	28	{"coin_queued_offered":[29],"coin_queued_offered_any":[29]}				yes	no	no	91	91
8	km3	1	garchomp_meowth v t-blaziken	444	23100010444	LOOKAHEAD ONLY, both halves hold	lookahead	87	11	87		{"coin_queued_offered":[91],"coin_queued_offered_any":[91]}	queued=3 cut=None free=true	built=None		no	no	116	111
8	km3	1	garchomp_meowth v t-blaziken	450	23100010450	ON THE BOARD	state	22	3	21	{"coin_queued_offered":[22],"coin_queued_offered_any":[22]}				yes	no	no	84	97
8	km3	1	garchomp_meowth v t-blaziken	451	23100010451	LOOKAHEAD ONLY, both halves hold	lookahead	17	2	17		{"coin_queued_offered":[20],"coin_queued_offered_any":[20]}	queued=1 cut=None free=true	built=None		no	no	86	97
8	km3	1	garchomp_meowth v t-blaziken	454	23100010454	LOOKAHEAD ONLY, both halves hold	lookahead	92	13	92			queued=2 cut=None free=false	built=None		no	no	106	139
8	km3	1	garchomp_meowth v t-blaziken	455	23100010455	ON THE BOARD	state	25	3	24	{"coin_queued_offered":[25],"coin_queued_offered_any":[25]}				yes	no	no	77	105
8	km3	1	garchomp_meowth v t-blaziken	456	23100010456	LOOKAHEAD ONLY, both halves hold	lookahead	14	2	14		{"coin_queued_offered":[22],"coin_queued_offered_any":[22]}	queued=2 cut=None free=true	built=None		no	no	70	69
8	km3	1	garchomp_meowth v t-blaziken	460	23100010460	LOOKAHEAD ONLY, both halves hold	lookahead	74	10	74		{"coin_queued_offered":[79],"coin_queued_offered_any":[79]}	queued=3 cut=None free=true	built=None		no	no	94	96
8	km3	1	garchomp_meowth v t-blaziken	470	23100010470	LOOKAHEAD ONLY, both halves hold	lookahead	92	13	92		{"coin_queued_offered":[95],"coin_queued_offered_any":[95]}	queued=3 cut=None free=true	built=None		no	no	121	120
8	km3	1	garchomp_meowth v t-blaziken	471	23100010471	ON THE BOARD	state	13	2	12	{"coin_queued_offered":[13],"coin_queued_offered_any":[13]}				yes	no	no	101	102
8	km3	1	garchomp_meowth v t-blaziken	472	23100010472	ON THE BOARD	state	22	3	21	{"coin_queued_offered":[22],"coin_queued_offered_any":[22]}				yes	no	no	93	127
8	km3	1	garchomp_meowth v t-blaziken	473	23100010473	ON THE BOARD	state	13	2	12	{"coin_queued_offered":[13],"coin_queued_offered_any":[13]}				yes	no	no	138	109
8	km3	1	garchomp_meowth v t-blaziken	478	23100010478	LOOKAHEAD ONLY, both halves hold	lookahead	19	3	19		{"coin_queued_offered":[25],"coin_queued_offered_any":[25]}	queued=2 cut=None free=true	built=None		no	no	104	76
8	km3	1	garchomp_meowth v t-blaziken	482	23100010482	ON THE BOARD	state	27	3	26	{"coin_queued_offered":[27],"coin_queued_offered_any":[27]}				yes	no	no	85	85
8	km3	1	garchomp_meowth v t-blaziken	485	23100010485	ON THE BOARD	state	42	5	41	{"coin_queued_offered":[42],"coin_queued_offered_any":[42]}				yes	no	no	90	77
8	km3	1	garchomp_meowth v t-blaziken	487	23100010487	LOOKAHEAD ONLY, both halves hold	lookahead	19	3	19			queued=2 cut=None free=true	built=None		yes	yes	70	70
8	km3	1	garchomp_meowth v t-blaziken	488	23100010488	ON THE BOARD	state	20	2	19	{"coin_queued_offered":[20],"coin_queued_offered_any":[20]}				yes	no	no	72	80
8	km3	1	garchomp_meowth v t-blaziken	491	23100010491	LOOKAHEAD ONLY, both halves hold	lookahead	8	2	8		{"coin_queued_offered":[15],"coin_queued_offered_any":[15]}	queued=2 cut=None free=true	built=None		no	no	78	89
8	k3	1	garchomp_meowth v t-blaziken	0	23100010000	ON THE BOARD	state	16	2	15	{"coin_queued_offered":[16],"coin_queued_offered_any":[16]}				yes	no	no	81	91
8	k3	1	garchomp_meowth v t-blaziken	3	23100010003	LOOKAHEAD ONLY, both halves hold	lookahead	26	4	26			queued=1 cut=None free=true	built=None		no	no	108	105
8	k3	1	garchomp_meowth v t-blaziken	4	23100010004	LOOKAHEAD ONLY, both halves hold	lookahead	103	15	103		{"coin_queued_offered":[107],"coin_queued_offered_any":[107]}	queued=3 cut=None free=true	built=None		no	no	132	109
8	k3	1	garchomp_meowth v t-blaziken	9	23100010009	ON THE BOARD	state	67	8	66	{"coin_queued_offered":[67],"coin_queued_offered_any":[67]}				yes	no	no	82	79
8	k3	1	garchomp_meowth v t-blaziken	13	23100010013	ON THE BOARD	state	74	10	73	{"coin_queued_offered":[74],"coin_queued_offered_any":[74]}				yes	no	no	95	95
8	k3	1	garchomp_meowth v t-blaziken	18	23100010018	ON THE BOARD	state	15	2	14	{"coin_queued_offered":[15],"coin_queued_offered_any":[15]}				yes	no	no	87	98
8	k3	1	garchomp_meowth v t-blaziken	29	23100010029	ON THE BOARD	state	14	2	13	{"coin_queued_offered":[14],"coin_queued_offered_any":[14]}				yes	no	no	67	124
8	k3	1	garchomp_meowth v t-blaziken	32	23100010032	ON THE BOARD	state	32	4	31	{"coin_queued_offered":[32],"coin_queued_offered_any":[32]}				yes	no	no	81	94
8	k3	1	garchomp_meowth v t-blaziken	35	23100010035	ON THE BOARD	state	12	2	11	{"coin_queued_offered":[12],"coin_queued_offered_any":[12]}				yes	no	no	62	101
8	k3	1	garchomp_meowth v t-blaziken	40	23100010040	ON THE BOARD	state	83	11	82	{"coin_queued_offered":[83],"coin_queued_offered_any":[83]}				yes	no	no	107	107
8	k3	1	garchomp_meowth v t-blaziken	42	23100010042	LOOKAHEAD ONLY, both halves hold	lookahead	30	4	30		{"coin_queued_offered":[33],"coin_queued_offered_any":[33]}	queued=3 cut=None free=true	built=None		no	no	96	130
8	k3	1	garchomp_meowth v t-blaziken	47	23100010047	LOOKAHEAD ONLY, both halves hold	lookahead	13	2	13		{"coin_queued_offered":[19],"coin_queued_offered_any":[19]}	queued=2 cut=None free=true	built=None		no	no	98	103
8	k3	1	garchomp_meowth v t-blaziken	50	23100010050	LOOKAHEAD ONLY, both halves hold	lookahead	41	6	41			queued=2 cut=None free=false	built=None		yes	yes	72	75
8	k3	1	garchomp_meowth v t-blaziken	54	23100010054	ON THE BOARD	state	38	5	37	{"coin_queued_offered":[38],"coin_queued_offered_any":[38]}				yes	no	no	136	130
8	k3	1	garchomp_meowth v t-blaziken	56	23100010056	ON THE BOARD	state	49	7	48	{"coin_queued_offered":[49],"coin_queued_offered_any":[49]}				yes	no	no	104	114
8	k3	1	garchomp_meowth v t-blaziken	57	23100010057	ON THE BOARD	state	28	3	27	{"coin_queued_offered":[28],"coin_queued_offered_any":[28]}				yes	no	no	117	113
8	k3	1	garchomp_meowth v t-blaziken	59	23100010059	ON THE BOARD	state	29	3	28	{"coin_queued_offered":[29],"coin_queued_offered_any":[29]}				yes	no	no	97	76
8	k3	1	garchomp_meowth v t-blaziken	61	23100010061	LOOKAHEAD ONLY, both halves hold	lookahead	90	13	90		{"coin_queued_offered":[94],"coin_queued_offered_any":[94]}	queued=1 cut=None free=true	built=None		no	no	93	96
8	k3	1	garchomp_meowth v t-blaziken	66	23100010066	ON THE BOARD	state	47	8	46	{"coin_queued_offered":[47],"coin_queued_offered_any":[47]}				yes	no	no	123	123
8	k3	1	garchomp_meowth v t-blaziken	67	23100010067	ON THE BOARD	state	26	3	25	{"coin_queued_offered":[26],"coin_queued_offered_any":[26]}				yes	no	no	99	120
8	k3	1	garchomp_meowth v t-blaziken	73	23100010073	ON THE BOARD	state	79	11	78	{"coin_queued_offered":[79],"coin_queued_offered_any":[79]}				yes	no	no	81	81
8	k3	1	garchomp_meowth v t-blaziken	74	23100010074	ON THE BOARD	state	20	3	19	{"coin_queued_offered":[20],"coin_queued_offered_any":[20]}				yes	no	no	76	76
8	k3	1	garchomp_meowth v t-blaziken	75	23100010075	ON THE BOARD	state	14	2	13	{"coin_queued_offered":[14],"coin_queued_offered_any":[14]}				yes	no	no	75	88
8	k3	1	garchomp_meowth v t-blaziken	76	23100010076	ON THE BOARD	state	57	8	56	{"coin_queued_offered":[57],"coin_queued_offered_any":[57]}				yes	no	no	93	91
8	k3	1	garchomp_meowth v t-blaziken	80	23100010080	LOOKAHEAD ONLY, both halves hold	lookahead	97	14	97		{"coin_queued_offered":[100],"coin_queued_offered_any":[100]}	queued=1 cut=None free=false	built=None		no	no	100	114
8	k3	1	garchomp_meowth v t-blaziken	87	23100010087	ON THE BOARD	state	41	5	40	{"coin_queued_offered":[41],"coin_queued_offered_any":[41]}				yes	no	no	75	75
8	k3	1	garchomp_meowth v t-blaziken	88	23100010088	LOOKAHEAD ONLY, both halves hold	lookahead	21	3	21		{"coin_queued_offered":[25],"coin_queued_offered_any":[25]}	queued=2 cut=None free=true	built=None		no	no	81	86
8	k3	1	garchomp_meowth v t-blaziken	90	23100010090	LOOKAHEAD ONLY, both halves hold	lookahead	61	10	61		{"coin_queued_offered":[66],"coin_queued_offered_any":[66]}	queued=2 cut=None free=false	built=None		no	no	99	92
8	k3	1	garchomp_meowth v t-blaziken	92	23100010092	ON THE BOARD	state	44	7	43	{"coin_queued_offered":[44],"coin_queued_offered_any":[44]}				yes	no	no	76	89
8	k3	1	garchomp_meowth v t-blaziken	96	23100010096	LOOKAHEAD ONLY, both halves hold	lookahead	68	10	68			queued=2 cut=None free=false	built=None		yes	yes	111	96
8	k3	1	garchomp_meowth v t-blaziken	99	23100010099	ON THE BOARD	state	98	13	97	{"coin_queued_offered":[98],"coin_queued_offered_any":[98]}				yes	no	no	126	126
8	k3	1	garchomp_meowth v t-blaziken	101	23100010101	ON THE BOARD	state	29	4	28	{"coin_queued_offered":[29],"coin_queued_offered_any":[29]}				yes	no	no	67	67
8	k3	1	garchomp_meowth v t-blaziken	106	23100010106	ON THE BOARD	state	35	5	34	{"coin_queued_offered":[35],"coin_queued_offered_any":[35]}				yes	no	no	89	110
8	k3	1	garchomp_meowth v t-blaziken	108	23100010108	ON THE BOARD	state	79	9	78	{"coin_queued_offered":[79],"coin_queued_offered_any":[79]}				yes	no	no	133	118
8	k3	1	garchomp_meowth v t-blaziken	109	23100010109	ON THE BOARD	state	12	2	11	{"coin_queued_offered":[12],"coin_queued_offered_any":[12]}				yes	no	no	57	78
8	k3	1	garchomp_meowth v t-blaziken	115	23100010115	ON THE BOARD	state	70	10	69	{"coin_queued_offered":[70],"coin_queued_offered_any":[70]}				yes	no	no	89	89
8	k3	1	garchomp_meowth v t-blaziken	116	23100010116	ON THE BOARD	state	50	7	49	{"coin_queued_offered":[50],"coin_queued_offered_any":[50]}				yes	no	no	96	111
8	k3	1	garchomp_meowth v t-blaziken	121	23100010121	ON THE BOARD	state	26	3	25	{"coin_queued_offered":[26],"coin_queued_offered_any":[26]}				yes	no	no	68	68
8	k3	1	garchomp_meowth v t-blaziken	124	23100010124	ON THE BOARD	state	44	7	43	{"coin_queued_offered":[44],"coin_queued_offered_any":[44]}				yes	no	no	105	109
8	k3	1	garchomp_meowth v t-blaziken	130	23100010130	ON THE BOARD	state	29	4	28	{"coin_queued_offered":[29],"coin_queued_offered_any":[29]}				yes	no	no	105	164
8	k3	1	garchomp_meowth v t-blaziken	132	23100010132	ON THE BOARD	state	72	10	71	{"coin_queued_offered":[72],"coin_queued_offered_any":[72]}				yes	no	no	91	91
8	k3	1	garchomp_meowth v t-blaziken	134	23100010134	ON THE BOARD	state	69	10	68	{"coin_queued_offered":[69],"coin_queued_offered_any":[69]}				yes	no	no	92	92
8	k3	1	garchomp_meowth v t-blaziken	135	23100010135	ON THE BOARD	state	25	3	24	{"coin_queued_offered":[25],"coin_queued_offered_any":[25]}				yes	no	no	108	84
8	k3	1	garchomp_meowth v t-blaziken	139	23100010139	LOOKAHEAD ONLY, both halves hold	lookahead	10	2	10		{"coin_queued_offered":[15],"coin_queued_offered_any":[15]}	queued=2 cut=None free=true	built=None		no	no	121	86
8	k3	1	garchomp_meowth v t-blaziken	140	23100010140	ON THE BOARD	state	22	3	21	{"coin_queued_offered":[22],"coin_queued_offered_any":[22]}				yes	no	no	99	84
8	k3	1	garchomp_meowth v t-blaziken	146	23100010146	LOOKAHEAD ONLY, both halves hold	lookahead	22	3	22		{"coin_queued_offered":[27],"coin_queued_offered_any":[27]}	queued=2 cut=None free=true	built=None		no	no	98	116
8	k3	1	garchomp_meowth v t-blaziken	150	23100010150	LOOKAHEAD ONLY, both halves hold	lookahead	70	11	70			queued=1 cut=None free=false	built=None		yes	yes	83	87
8	k3	1	garchomp_meowth v t-blaziken	160	23100010160	ON THE BOARD	state	15	2	14	{"coin_queued_offered":[15],"coin_queued_offered_any":[15]}				yes	no	no	85	84
8	k3	1	garchomp_meowth v t-blaziken	161	23100010161	ON THE BOARD	state	86	13	85	{"coin_queued_offered":[86],"coin_queued_offered_any":[86]}				yes	no	no	119	121
8	k3	1	garchomp_meowth v t-blaziken	164	23100010164	LOOKAHEAD ONLY, both halves hold	lookahead	74	9	74			queued=1 cut=None free=false	built=None		no	no	109	95
8	k3	1	garchomp_meowth v t-blaziken	165	23100010165	LOOKAHEAD ONLY, both halves hold	lookahead	17	2	17		{"coin_queued_offered":[20],"coin_queued_offered_any":[20]}	queued=1 cut=None free=true	built=None		no	no	105	122
8	k3	1	garchomp_meowth v t-blaziken	168	23100010168	ON THE BOARD	state	24	3	23	{"coin_queued_offered":[24],"coin_queued_offered_any":[24]}				yes	no	no	106	78
8	k3	1	garchomp_meowth v t-blaziken	169	23100010169	LOOKAHEAD ONLY, both halves hold	lookahead	79	10	79			queued=2 cut=None free=false	built=None		yes	yes	83	82
8	k3	1	garchomp_meowth v t-blaziken	173	23100010173	LOOKAHEAD ONLY, both halves hold	lookahead	40	7	40			queued=2 cut=None free=true	built=None		yes	yes	95	74
8	k3	1	garchomp_meowth v t-blaziken	177	23100010177	LOOKAHEAD ONLY, both halves hold	lookahead	32	5	32		{"coin_queued_offered":[35],"coin_queued_offered_any":[35]}	queued=2 cut=None free=false	built=None		no	no	131	107
8	k3	1	garchomp_meowth v t-blaziken	180	23100010180	ON THE BOARD	state	41	5	40	{"coin_queued_offered":[41],"coin_queued_offered_any":[41]}				yes	no	no	95	98
8	k3	1	garchomp_meowth v t-blaziken	184	23100010184	ON THE BOARD	state	24	3	23	{"coin_queued_offered":[24],"coin_queued_offered_any":[24]}				yes	no	no	74	99
8	k3	1	garchomp_meowth v t-blaziken	187	23100010187	ON THE BOARD	state	29	4	28	{"coin_queued_offered":[29],"coin_queued_offered_any":[29]}				yes	no	no	57	57
8	k3	1	garchomp_meowth v t-blaziken	189	23100010189	ON THE BOARD	state	33	4	32	{"coin_queued_offered":[33],"coin_queued_offered_any":[33]}				yes	no	no	92	77
8	k3	1	garchomp_meowth v t-blaziken	191	23100010191	ON THE BOARD	state	20	3	19	{"coin_queued_offered":[20],"coin_queued_offered_any":[20]}				yes	no	no	59	68
8	k3	1	garchomp_meowth v t-blaziken	192	23100010192	LOOKAHEAD ONLY, both halves hold	lookahead	26	4	26		{"coin_queued_offered":[29],"coin_queued_offered_any":[29]}	queued=1 cut=None free=true	built=None		no	no	104	105
8	k3	1	garchomp_meowth v t-blaziken	195	23100010195	ON THE BOARD	state	69	9	68	{"coin_queued_offered":[69],"coin_queued_offered_any":[69]}				yes	no	no	92	92
8	k3	1	garchomp_meowth v t-blaziken	196	23100010196	ON THE BOARD	state	82	11	81	{"coin_queued_offered":[82],"coin_queued_offered_any":[82]}				yes	no	no	84	84
8	k3	1	garchomp_meowth v t-blaziken	197	23100010197	ON THE BOARD	state	73	10	72	{"coin_queued_offered":[73],"coin_queued_offered_any":[73]}				yes	no	no	106	107
8	k3	1	garchomp_meowth v t-blaziken	199	23100010199	LOOKAHEAD ONLY, both halves hold	lookahead	61	12	61		{"coin_queued_offered":[65],"coin_queued_offered_any":[65]}	queued=1 cut=None free=true	built=None		no	no	64	67
8	k3	1	garchomp_meowth v t-blaziken	201	23100010201	LOOKAHEAD ONLY, both halves hold	lookahead	9	2	9			queued=2 cut=None free=true	built=None		yes	yes	87	87
8	k3	1	garchomp_meowth v t-blaziken	203	23100010203	ON THE BOARD	state	15	2	14	{"coin_queued_offered":[15],"coin_queued_offered_any":[15]}				yes	no	no	47	49
8	k3	1	garchomp_meowth v t-blaziken	205	23100010205	ON THE BOARD	state	15	2	14	{"coin_queued_offered":[15],"coin_queued_offered_any":[15]}				yes	no	no	68	70
8	k3	1	garchomp_meowth v t-blaziken	206	23100010206	ON THE BOARD	state	61	9	60	{"coin_queued_offered":[61],"coin_queued_offered_any":[61]}				yes	no	no	89	89
8	k3	1	garchomp_meowth v t-blaziken	208	23100010208	ON THE BOARD	state	17	2	16	{"coin_queued_offered":[17],"coin_queued_offered_any":[17]}				yes	no	no	92	93
8	k3	1	garchomp_meowth v t-blaziken	212	23100010212	ON THE BOARD	state	57	8	56	{"coin_queued_offered":[57],"coin_queued_offered_any":[57]}				yes	no	no	100	111
8	k3	1	garchomp_meowth v t-blaziken	216	23100010216	ON THE BOARD	state	25	3	24	{"coin_queued_offered":[25],"coin_queued_offered_any":[25]}				yes	no	no	77	77
8	k3	1	garchomp_meowth v t-blaziken	219	23100010219	LOOKAHEAD ONLY, both halves hold	lookahead	77	9	77			queued=1 cut=None free=false	built=None		no	no	117	96
8	k3	1	garchomp_meowth v t-blaziken	222	23100010222	ON THE BOARD	state	24	3	23	{"coin_queued_offered":[24],"coin_queued_offered_any":[24]}				yes	no	no	95	82
8	k3	1	garchomp_meowth v t-blaziken	223	23100010223	ON THE BOARD	state	13	2	12	{"coin_queued_offered":[13],"coin_queued_offered_any":[13]}				yes	no	no	62	64
8	k3	1	garchomp_meowth v t-blaziken	224	23100010224	ON THE BOARD	state	17	2	16	{"coin_queued_offered":[17],"coin_queued_offered_any":[17]}				yes	no	no	90	78
8	k3	1	garchomp_meowth v t-blaziken	226	23100010226	ON THE BOARD	state	65	9	64	{"coin_queued_offered":[65],"coin_queued_offered_any":[65]}				yes	no	no	98	98
8	k3	1	garchomp_meowth v t-blaziken	230	23100010230	LOOKAHEAD ONLY, both halves hold	lookahead	64	10	64		{"coin_queued_offered":[68],"coin_queued_offered_any":[68]}	queued=3 cut=None free=true	built=None		no	no	80	79
8	k3	1	garchomp_meowth v t-blaziken	232	23100010232	LOOKAHEAD ONLY, both halves hold	lookahead	85	11	85		{"coin_queued_offered":[89],"coin_queued_offered_any":[89]}	queued=3 cut=None free=true	built=None		no	no	91	120
8	k3	1	garchomp_meowth v t-blaziken	234	23100010234	LOOKAHEAD ONLY, both halves hold	lookahead	87	11	87			queued=1 cut=None free=false	built=None		yes	yes	104	100
8	k3	1	garchomp_meowth v t-blaziken	237	23100010237	LOOKAHEAD ONLY, both halves hold	lookahead	64	9	64			queued=1 cut=None free=false	built=None		yes	yes	101	128
8	k3	1	garchomp_meowth v t-blaziken	239	23100010239	LOOKAHEAD ONLY, both halves hold	lookahead	74	12	74		{"coin_queued_offered":[79],"coin_queued_offered_any":[79]}	queued=3 cut=None free=true	built=None		no	no	79	92
8	k3	1	garchomp_meowth v t-blaziken	245	23100010245	ON THE BOARD	state	71	11	70	{"coin_queued_offered":[71],"coin_queued_offered_any":[71]}				yes	no	no	83	83
8	km3	3	garchomp_meowth v t-lucario	5	23100030005	ON THE BOARD	state	27	4	26	{"coin_queued_offered":[27],"coin_queued_offered_any":[27]}				yes	no	no	90	90
8	km3	3	garchomp_meowth v t-lucario	6	23100030006	ON THE BOARD	state	91	12	90	{"coin_queued_offered":[91],"coin_queued_offered_any":[91]}				yes	no	no	122	108
8	km3	3	garchomp_meowth v t-lucario	9	23100030009	ON THE BOARD	state	14	2	13	{"coin_queued_offered":[14],"coin_queued_offered_any":[14]}				yes	no	no	81	79
8	km3	3	garchomp_meowth v t-lucario	14	23100030014	LOOKAHEAD ONLY, both halves hold	lookahead	18	3	18		{"coin_queued_offered":[24],"coin_queued_offered_any":[24]}	queued=2 cut=None free=true	built=None		no	no	95	143
8	km3	3	garchomp_meowth v t-lucario	15	23100030015	ON THE BOARD	state	22	3	21	{"coin_queued_offered":[22],"coin_queued_offered_any":[22]}				yes	no	no	101	138
8	km3	3	garchomp_meowth v t-lucario	21	23100030021	LOOKAHEAD ONLY, both halves hold	lookahead	9	2	9		{"coin_queued_offered":[18],"coin_queued_offered_any":[18]}	queued=2 cut=None free=true	built=None		no	no	60	86
8	km3	3	garchomp_meowth v t-lucario	22	23100030022	LOOKAHEAD ONLY, both halves hold	lookahead	11	2	11		{"coin_queued_offered":[17],"coin_queued_offered_any":[17]}	queued=3 cut=None free=true	built=None		no	no	61	63
8	km3	3	garchomp_meowth v t-lucario	25	23100030025	LOOKAHEAD ONLY, both halves hold	lookahead	92	13	92			queued=2 cut=None free=false	built=None		no	no	123	121
8	km3	3	garchomp_meowth v t-lucario	27	23100030027	LOOKAHEAD ONLY, both halves hold	lookahead	19	2	19		{"coin_queued_offered":[22],"coin_queued_offered_any":[22]}	queued=1 cut=None free=true	built=None		no	no	62	91
8	km3	3	garchomp_meowth v t-lucario	29	23100030029	LOOKAHEAD ONLY, both halves hold	lookahead	19	3	19		{"coin_queued_offered":[25],"coin_queued_offered_any":[25]}	queued=2 cut=None free=true	built=None		no	no	106	100
8	km3	3	garchomp_meowth v t-lucario	30	23100030030	ON THE BOARD	state	22	3	21	{"coin_queued_offered":[22],"coin_queued_offered_any":[22]}				yes	no	no	85	83
8	km3	3	garchomp_meowth v t-lucario	31	23100030031	LOOKAHEAD ONLY, both halves hold	lookahead	10	2	10		{"coin_queued_offered":[15],"coin_queued_offered_any":[15]}	queued=2 cut=None free=true	built=None		no	no	59	111
8	km3	3	garchomp_meowth v t-lucario	33	23100030033	LOOKAHEAD ONLY, both halves hold	lookahead	11	2	11		{"coin_queued_offered":[16],"coin_queued_offered_any":[16]}	queued=2 cut=None free=true	built=None		no	no	61	84
8	km3	3	garchomp_meowth v t-lucario	34	23100030034	ON THE BOARD	state	20	2	19	{"coin_queued_offered":[20],"coin_queued_offered_any":[20]}				yes	no	no	85	84
8	km3	3	garchomp_meowth v t-lucario	35	23100030035	LOOKAHEAD ONLY, both halves hold	lookahead	45	6	45			queued=2 cut=None free=false	built=None		no	no	98	117
8	km3	3	garchomp_meowth v t-lucario	37	23100030037	ON THE BOARD	state	16	2	15	{"coin_queued_offered":[16],"coin_queued_offered_any":[16]}				yes	no	no	52	60
8	km3	3	garchomp_meowth v t-lucario	39	23100030039	ON THE BOARD	state	39	5	38	{"coin_queued_offered":[39],"coin_queued_offered_any":[39]}				yes	no	no	124	124
8	km3	3	garchomp_meowth v t-lucario	43	23100030043	ON THE BOARD	state	27	3	26	{"coin_queued_offered":[27],"coin_queued_offered_any":[27]}				yes	no	no	97	97
8	km3	3	garchomp_meowth v t-lucario	45	23100030045	ON THE BOARD	state	56	7	55	{"coin_queued_offered":[56],"coin_queued_offered_any":[56]}				yes	no	no	92	88
8	km3	3	garchomp_meowth v t-lucario	46	23100030046	ON THE BOARD	state	45	6	44	{"coin_queued_offered":[45],"coin_queued_offered_any":[45]}				yes	no	no	94	112
8	km3	3	garchomp_meowth v t-lucario	49	23100030049	LOOKAHEAD ONLY, both halves hold	lookahead	9	2	9		{"coin_queued_offered":[14],"coin_queued_offered_any":[14]}	queued=2 cut=None free=true	built=None		no	no	37	124
8	km3	3	garchomp_meowth v t-lucario	51	23100030051	LOOKAHEAD ONLY, both halves hold	lookahead	14	2	14		{"coin_queued_offered":[17],"coin_queued_offered_any":[17]}	queued=2 cut=None free=true	built=None		no	no	45	109
8	km3	3	garchomp_meowth v t-lucario	54	23100030054	LOOKAHEAD ONLY, both halves hold	lookahead	14	2	14			queued=2 cut=None free=true	built=None		yes	yes	63	79
8	km3	3	garchomp_meowth v t-lucario	55	23100030055	LOOKAHEAD ONLY, both halves hold	lookahead	46	7	46		{"coin_queued_offered":[51],"coin_queued_offered_any":[51]}	queued=1 cut=None free=true	built=None		no	no	82	77
8	km3	3	garchomp_meowth v t-lucario	56	23100030056	ON THE BOARD	state	31	4	30	{"coin_queued_offered":[31],"coin_queued_offered_any":[31]}				yes	no	no	97	97
8	km3	3	garchomp_meowth v t-lucario	58	23100030058	ON THE BOARD	state	28	4	27	{"coin_queued_offered":[28],"coin_queued_offered_any":[28]}				yes	no	no	69	67
8	km3	3	garchomp_meowth v t-lucario	62	23100030062	LOOKAHEAD ONLY, both halves hold	lookahead	13	2	13		{"coin_queued_offered":[18],"coin_queued_offered_any":[18]}	queued=2 cut=None free=true	built=None		no	no	60	94
8	km3	3	garchomp_meowth v t-lucario	65	23100030065	ON THE BOARD	state	18	2	17	{"coin_queued_offered":[18],"coin_queued_offered_any":[18]}				yes	no	no	70	95
8	km3	3	garchomp_meowth v t-lucario	66	23100030066	ON THE BOARD	state	30	3	29	{"coin_queued_offered":[30],"coin_queued_offered_any":[30]}				yes	no	no	71	121
8	km3	3	garchomp_meowth v t-lucario	69	23100030069	LOOKAHEAD ONLY, both halves hold	lookahead	17	3	17		{"coin_queued_offered":[23],"coin_queued_offered_any":[23]}	queued=2 cut=None free=true	built=None		no	no	80	79
8	km3	3	garchomp_meowth v t-lucario	82	23100030082	ON THE BOARD	state	25	3	24	{"coin_queued_offered":[25],"coin_queued_offered_any":[25]}				yes	no	no	61	61
8	km3	3	garchomp_meowth v t-lucario	83	23100030083	ON THE BOARD	state	34	3	33	{"coin_queued_offered":[34],"coin_queued_offered_any":[34]}				yes	no	no	105	102
8	km3	3	garchomp_meowth v t-lucario	87	23100030087	ON THE BOARD	state	22	2	21	{"coin_queued_offered":[22],"coin_queued_offered_any":[22]}				yes	no	no	63	78
8	km3	3	garchomp_meowth v t-lucario	88	23100030088	LOOKAHEAD ONLY, both halves hold	lookahead	35	5	35			queued=2 cut=None free=true	built=None		no	no	69	72
8	km3	3	garchomp_meowth v t-lucario	92	23100030092	ON THE BOARD	state	15	2	14	{"coin_queued_offered":[15],"coin_queued_offered_any":[15]}				yes	no	no	57	91
8	km3	3	garchomp_meowth v t-lucario	97	23100030097	LOOKAHEAD ONLY, both halves hold	lookahead	13	2	13		{"coin_queued_offered":[21],"coin_queued_offered_any":[21]}	queued=2 cut=None free=true	built=None		no	no	68	93
8	km3	3	garchomp_meowth v t-lucario	99	23100030099	LOOKAHEAD ONLY, both halves hold	lookahead	15	2	15		{"coin_queued_offered":[18],"coin_queued_offered_any":[18]}	queued=1 cut=None free=true	built=None		no	no	96	82
8	km3	3	garchomp_meowth v t-lucario	101	23100030101	ON THE BOARD	state	14	2	13	{"coin_queued_offered":[14],"coin_queued_offered_any":[14]}				yes	no	no	54	72
8	km3	3	garchomp_meowth v t-lucario	102	23100030102	LOOKAHEAD ONLY, both halves hold	lookahead	14	2	14		{"coin_queued_offered":[17],"coin_queued_offered_any":[17]}	queued=1 cut=None free=true	built=None		no	no	74	83
8	km3	3	garchomp_meowth v t-lucario	105	23100030105	ON THE BOARD	state	31	4	30	{"coin_queued_offered":[31],"coin_queued_offered_any":[31]}				yes	no	no	75	111
8	km3	3	garchomp_meowth v t-lucario	109	23100030109	ON THE BOARD	state	22	4	21	{"coin_queued_offered":[22],"coin_queued_offered_any":[22]}				yes	no	no	62	91
8	km3	3	garchomp_meowth v t-lucario	113	23100030113	ON THE BOARD	state	23	3	22	{"coin_queued_offered":[23],"coin_queued_offered_any":[23]}				yes	no	no	73	95
8	km3	3	garchomp_meowth v t-lucario	114	23100030114	ON THE BOARD	state	16	2	15	{"coin_queued_offered":[16],"coin_queued_offered_any":[16]}				yes	no	no	113	118
8	km3	3	garchomp_meowth v t-lucario	116	23100030116	LOOKAHEAD ONLY, both halves hold	lookahead	14	2	14		{"coin_queued_offered":[17],"coin_queued_offered_any":[17]}	queued=1 cut=None free=true	built=None		no	no	68	112
8	km3	3	garchomp_meowth v t-lucario	117	23100030117	LOOKAHEAD ONLY, both halves hold	lookahead	19	3	19		{"coin_queued_offered":[22],"coin_queued_offered_any":[22]}	queued=1 cut=None free=true	built=None		no	no	57	56
8	km3	3	garchomp_meowth v t-lucario	118	23100030118	ON THE BOARD	state	53	7	52	{"coin_queued_offered":[53],"coin_queued_offered_any":[53]}				yes	no	no	104	104
8	km3	3	garchomp_meowth v t-lucario	119	23100030119	ON THE BOARD	state	56	7	55	{"coin_queued_offered":[56],"coin_queued_offered_any":[56]}				yes	no	no	73	73
8	km3	3	garchomp_meowth v t-lucario	120	23100030120	ON THE BOARD	state	17	2	16	{"coin_queued_offered":[17],"coin_queued_offered_any":[17]}				yes	no	no	69	69
8	km3	3	garchomp_meowth v t-lucario	122	23100030122	LOOKAHEAD ONLY, both halves hold	lookahead	14	2	14		{"coin_queued_offered":[19],"coin_queued_offered_any":[19]}	queued=2 cut=None free=true	built=None		no	no	83	85
8	km3	3	garchomp_meowth v t-lucario	123	23100030123	LOOKAHEAD ONLY, both halves hold	lookahead	12	2	12		{"coin_queued_offered":[15],"coin_queued_offered_any":[15]}	queued=2 cut=None free=true	built=None		no	no	67	96
8	km3	3	garchomp_meowth v t-lucario	129	23100030129	ON THE BOARD	state	23	3	22	{"coin_queued_offered":[23],"coin_queued_offered_any":[23]}				yes	no	no	63	83
8	km3	3	garchomp_meowth v t-lucario	131	23100030131	ON THE BOARD	state	37	5	36	{"coin_queued_offered":[37],"coin_queued_offered_any":[37]}				yes	no	no	62	62
8	km3	3	garchomp_meowth v t-lucario	133	23100030133	ON THE BOARD	state	15	2	14	{"coin_queued_offered":[15],"coin_queued_offered_any":[15]}				yes	no	no	102	92
8	km3	3	garchomp_meowth v t-lucario	136	23100030136	ON THE BOARD	state	20	3	19	{"coin_queued_offered":[20],"coin_queued_offered_any":[20]}				yes	no	no	50	48
8	km3	3	garchomp_meowth v t-lucario	138	23100030138	ON THE BOARD	state	24	4	23	{"coin_queued_offered":[24],"coin_queued_offered_any":[24]}				yes	no	no	64	89
8	km3	3	garchomp_meowth v t-lucario	139	23100030139	ON THE BOARD	state	43	7	42	{"coin_queued_offered":[43],"coin_queued_offered_any":[43]}				yes	no	no	77	103
8	km3	3	garchomp_meowth v t-lucario	140	23100030140	ON THE BOARD	state	32	4	31	{"coin_queued_offered":[32],"coin_queued_offered_any":[32]}				yes	no	no	94	94
8	km3	3	garchomp_meowth v t-lucario	145	23100030145	ON THE BOARD	state	38	5	37	{"coin_queued_offered":[38],"coin_queued_offered_any":[38]}				yes	no	no	89	105
8	km3	3	garchomp_meowth v t-lucario	150	23100030150	LOOKAHEAD ONLY, both halves hold	lookahead	9	2	9		{"coin_queued_offered":[14],"coin_queued_offered_any":[14]}	queued=2 cut=None free=true	built=None		no	no	72	99
8	km3	3	garchomp_meowth v t-lucario	151	23100030151	ON THE BOARD	state	68	10	67	{"coin_queued_offered":[68],"coin_queued_offered_any":[68]}				yes	no	no	95	133
8	km3	3	garchomp_meowth v t-lucario	160	23100030160	LOOKAHEAD ONLY, both halves hold	lookahead	35	5	35			queued=2 cut=None free=true	built=None		yes	yes	88	90
8	km3	3	garchomp_meowth v t-lucario	162	23100030162	ON THE BOARD	state	48	6	47	{"coin_queued_offered":[48],"coin_queued_offered_any":[48]}				yes	no	no	74	87
8	km3	3	garchomp_meowth v t-lucario	168	23100030168	ON THE BOARD	state	16	2	15	{"coin_queued_offered":[16],"coin_queued_offered_any":[16]}				yes	no	no	66	120
8	km3	3	garchomp_meowth v t-lucario	172	23100030172	ON THE BOARD	state	39	5	38	{"coin_queued_offered":[39],"coin_queued_offered_any":[39]}				yes	no	no	75	75
8	km3	3	garchomp_meowth v t-lucario	174	23100030174	ON THE BOARD	state	19	3	18	{"coin_queued_offered":[19],"coin_queued_offered_any":[19]}				yes	no	no	86	84
8	km3	3	garchomp_meowth v t-lucario	175	23100030175	ON THE BOARD	state	25	3	24	{"coin_queued_offered":[25],"coin_queued_offered_any":[25]}				yes	no	no	78	90
8	km3	3	garchomp_meowth v t-lucario	176	23100030176	ON THE BOARD	state	82	11	81	{"coin_queued_offered":[82],"coin_queued_offered_any":[82]}				yes	no	no	114	113
8	km3	3	garchomp_meowth v t-lucario	181	23100030181	ON THE BOARD	state	26	3	25	{"coin_queued_offered":[26],"coin_queued_offered_any":[26]}				yes	no	no	71	103
8	km3	3	garchomp_meowth v t-lucario	183	23100030183	LOOKAHEAD ONLY, both halves hold	lookahead	13	2	13		{"coin_queued_offered":[16],"coin_queued_offered_any":[16]}	queued=1 cut=None free=true	built=None		no	no	117	55
8	km3	3	garchomp_meowth v t-lucario	185	23100030185	LOOKAHEAD ONLY, both halves hold	lookahead	10	2	10		{"coin_queued_offered":[15],"coin_queued_offered_any":[15]}	queued=2 cut=None free=true	built=None		no	no	56	111
8	km3	3	garchomp_meowth v t-lucario	194	23100030194	LOOKAHEAD ONLY, both halves hold	lookahead	12	2	12		{"coin_queued_offered":[15],"coin_queued_offered_any":[15]}	queued=2 cut=None free=true	built=None		no	no	64	97
8	km3	3	garchomp_meowth v t-lucario	196	23100030196	ON THE BOARD	state	44	5	43	{"coin_queued_offered":[44],"coin_queued_offered_any":[44]}				yes	no	no	114	93
8	km3	3	garchomp_meowth v t-lucario	198	23100030198	LOOKAHEAD ONLY, both halves hold	lookahead	19	3	19		{"coin_queued_offered":[25],"coin_queued_offered_any":[25]}	queued=2 cut=None free=true	built=None		no	no	96	82
8	km3	3	garchomp_meowth v t-lucario	199	23100030199	ON THE BOARD	state	19	2	18	{"coin_queued_offered":[19],"coin_queued_offered_any":[19]}				yes	no	no	92	76
8	km3	3	garchomp_meowth v t-lucario	202	23100030202	ON THE BOARD	state	18	2	17	{"coin_queued_offered":[18],"coin_queued_offered_any":[18]}				yes	no	no	60	75
8	km3	3	garchomp_meowth v t-lucario	204	23100030204	LOOKAHEAD ONLY, both halves hold	lookahead	22	3	22		{"coin_queued_offered":[27],"coin_queued_offered_any":[27]}	queued=2 cut=None free=true	built=None		no	no	119	97
8	km3	3	garchomp_meowth v t-lucario	210	23100030210	LOOKAHEAD ONLY, both halves hold	lookahead	10	2	10		{"coin_queued_offered":[14],"coin_queued_offered_any":[14]}	queued=2 cut=None free=true	built=None		no	no	74	118
8	km3	3	garchomp_meowth v t-lucario	213	23100030213	ON THE BOARD	state	17	2	16	{"coin_queued_offered":[17],"coin_queued_offered_any":[17]}				yes	no	no	80	97
8	km3	3	garchomp_meowth v t-lucario	214	23100030214	LOOKAHEAD ONLY, both halves hold	lookahead	14	3	14		{"coin_queued_offered":[19],"coin_queued_offered_any":[19]}	queued=2 cut=None free=true	built=None		no	no	68	76
8	km3	3	garchomp_meowth v t-lucario	215	23100030215	LOOKAHEAD ONLY, both halves hold	lookahead	15	2	15		{"coin_queued_offered":[18],"coin_queued_offered_any":[18]}	queued=1 cut=None free=true	built=None		no	no	78	77
8	km3	3	garchomp_meowth v t-lucario	216	23100030216	ON THE BOARD	state	63	9	62	{"coin_queued_offered":[63],"coin_queued_offered_any":[63]}				yes	no	no	100	117
8	km3	3	garchomp_meowth v t-lucario	217	23100030217	LOOKAHEAD ONLY, both halves hold	lookahead	12	2	12		{"coin_queued_offered":[16],"coin_queued_offered_any":[16]}	queued=3 cut=None free=true	built=None		no	no	69	71
8	km3	3	garchomp_meowth v t-lucario	226	23100030226	ON THE BOARD	state	96	16	95	{"coin_queued_offered":[96],"coin_queued_offered_any":[96]}				yes	no	no	108	115
8	km3	3	garchomp_meowth v t-lucario	230	23100030230	ON THE BOARD	state	47	7	46	{"coin_queued_offered":[47],"coin_queued_offered_any":[47]}				yes	no	no	52	52
8	km3	3	garchomp_meowth v t-lucario	231	23100030231	LOOKAHEAD ONLY, both halves hold	lookahead	16	3	16		{"coin_queued_offered":[23],"coin_queued_offered_any":[23]}	queued=2 cut=None free=true	built=None		no	no	77	87
8	km3	3	garchomp_meowth v t-lucario	238	23100030238	ON THE BOARD	state	15	2	14	{"coin_queued_offered":[15],"coin_queued_offered_any":[15]}				yes	no	no	97	95
8	km3	3	garchomp_meowth v t-lucario	240	23100030240	ON THE BOARD	state	61	8	60	{"coin_queued_offered":[61],"coin_queued_offered_any":[61]}				yes	no	no	100	100
8	km3	3	garchomp_meowth v t-lucario	243	23100030243	ON THE BOARD	state	23	4	22	{"coin_queued_offered":[23],"coin_queued_offered_any":[23]}				yes	no	no	61	115
8	km3	3	garchomp_meowth v t-lucario	249	23100030249	ON THE BOARD	state	17	2	16	{"coin_queued_offered":[17],"coin_queued_offered_any":[17]}				yes	no	no	68	94
8	km3	3	garchomp_meowth v t-lucario	251	23100030251	ON THE BOARD	state	17	2	16	{"coin_queued_offered":[17],"coin_queued_offered_any":[17]}				yes	no	no	86	83
8	km3	3	garchomp_meowth v t-lucario	252	23100030252	ON THE BOARD	state	65	9	64	{"coin_queued_offered":[65],"coin_queued_offered_any":[65]}				yes	no	no	100	95
8	km3	3	garchomp_meowth v t-lucario	257	23100030257	ON THE BOARD	state	56	7	55	{"coin_queued_offered":[56],"coin_queued_offered_any":[56]}				yes	no	no	102	103
8	km3	3	garchomp_meowth v t-lucario	258	23100030258	LOOKAHEAD ONLY, both halves hold	lookahead	12	2	12		{"coin_queued_offered":[16],"coin_queued_offered_any":[16]}	queued=3 cut=None free=true	built=None		no	no	61	95
8	km3	3	garchomp_meowth v t-lucario	264	23100030264	ON THE BOARD	state	52	7	51	{"coin_queued_offered":[52],"coin_queued_offered_any":[52]}				yes	no	no	75	75
8	km3	3	garchomp_meowth v t-lucario	272	23100030272	LOOKAHEAD ONLY, both halves hold	lookahead	13	2	13		{"coin_queued_offered":[16],"coin_queued_offered_any":[16]}	queued=1 cut=None free=true	built=None		no	no	82	103
8	km3	3	garchomp_meowth v t-lucario	274	23100030274	LOOKAHEAD ONLY, both halves hold	lookahead	29	5	29		{"coin_queued_offered":[32],"coin_queued_offered_any":[32]}	queued=2 cut=None free=true	built=None		no	no	104	94
8	km3	3	garchomp_meowth v t-lucario	276	23100030276	LOOKAHEAD ONLY, both halves hold	lookahead	13	2	13		{"coin_queued_offered":[18],"coin_queued_offered_any":[18]}	queued=1 cut=None free=true	built=None		no	no	73	88
8	km3	3	garchomp_meowth v t-lucario	280	23100030280	LOOKAHEAD ONLY, both halves hold	lookahead	17	2	17		{"coin_queued_offered":[20],"coin_queued_offered_any":[20]}	queued=1 cut=None free=true	built=None		no	no	74	88
8	km3	3	garchomp_meowth v t-lucario	282	23100030282	ON THE BOARD	state	15	2	14	{"coin_queued_offered":[15],"coin_queued_offered_any":[15]}				yes	no	no	117	105
8	km3	3	garchomp_meowth v t-lucario	283	23100030283	ON THE BOARD	state	18	2	17	{"coin_queued_offered":[18],"coin_queued_offered_any":[18]}				yes	no	no	81	124
8	km3	3	garchomp_meowth v t-lucario	286	23100030286	ON THE BOARD	state	18	2	17	{"coin_queued_offered":[18],"coin_queued_offered_any":[18]}				yes	no	no	137	99
8	km3	3	garchomp_meowth v t-lucario	288	23100030288	ON THE BOARD	state	20	3	19	{"coin_queued_offered":[20],"coin_queued_offered_any":[20]}				yes	no	no	58	58
8	km3	3	garchomp_meowth v t-lucario	291	23100030291	LOOKAHEAD ONLY, both halves hold	lookahead	11	2	11		{"coin_queued_offered":[15],"coin_queued_offered_any":[15]}	queued=3 cut=None free=true	built=None		no	no	82	105
8	km3	3	garchomp_meowth v t-lucario	293	23100030293	ON THE BOARD	state	30	4	29	{"coin_queued_offered":[30],"coin_queued_offered_any":[30]}				yes	no	no	60	60
8	km3	3	garchomp_meowth v t-lucario	296	23100030296	ON THE BOARD	state	16	2	15	{"coin_queued_offered":[16],"coin_queued_offered_any":[16]}				yes	no	no	91	106
8	km3	3	garchomp_meowth v t-lucario	301	23100030301	ON THE BOARD	state	17	2	16	{"coin_queued_offered":[17],"coin_queued_offered_any":[17]}				yes	no	no	100	77
8	km3	3	garchomp_meowth v t-lucario	304	23100030304	ON THE BOARD	state	19	3	18	{"coin_queued_offered":[19],"coin_queued_offered_any":[19]}				yes	no	no	86	86
8	km3	3	garchomp_meowth v t-lucario	307	23100030307	LOOKAHEAD ONLY, both halves hold	lookahead	14	3	14		{"coin_queued_offered":[19],"coin_queued_offered_any":[19]}	queued=2 cut=None free=true	built=None		no	no	67	76
8	km3	3	garchomp_meowth v t-lucario	311	23100030311	LOOKAHEAD ONLY, both halves hold	lookahead	15	2	15		{"coin_queued_offered":[19],"coin_queued_offered_any":[19]}	queued=2 cut=None free=true	built=None		no	no	62	80
8	km3	3	garchomp_meowth v t-lucario	318	23100030318	LOOKAHEAD ONLY, both halves hold	lookahead	9	2	9		{"coin_queued_offered":[13],"coin_queued_offered_any":[13]}	queued=2 cut=None free=true	built=None		no	no	100	101
8	km3	3	garchomp_meowth v t-lucario	321	23100030321	ON THE BOARD	state	31	3	30	{"coin_queued_offered":[31],"coin_queued_offered_any":[31]}				yes	no	no	65	69
8	km3	3	garchomp_meowth v t-lucario	325	23100030325	LOOKAHEAD ONLY, both halves hold	lookahead	42	7	42			queued=2 cut=None free=true	built=None		yes	yes	116	79
8	km3	3	garchomp_meowth v t-lucario	327	23100030327	ON THE BOARD	state	13	2	12	{"coin_queued_offered":[13],"coin_queued_offered_any":[13]}				yes	no	no	63	74
8	km3	3	garchomp_meowth v t-lucario	332	23100030332	LOOKAHEAD ONLY, both halves hold	lookahead	18	3	18			queued=2 cut=None free=true	built=None		yes	yes	68	77
8	km3	3	garchomp_meowth v t-lucario	335	23100030335	LOOKAHEAD ONLY, both halves hold	lookahead	13	3	13		{"coin_queued_offered":[16],"coin_queued_offered_any":[16]}	queued=2 cut=None free=true	built=None		no	no	63	79
8	km3	3	garchomp_meowth v t-lucario	336	23100030336	ON THE BOARD	state	18	2	17	{"coin_queued_offered":[18],"coin_queued_offered_any":[18]}				yes	no	no	68	109
8	km3	3	garchomp_meowth v t-lucario	337	23100030337	LOOKAHEAD ONLY, both halves hold	lookahead	13	2	13			queued=2 cut=None free=true	built=None		no	no	83	83
8	km3	3	garchomp_meowth v t-lucario	338	23100030338	ON THE BOARD	state	20	2	19	{"coin_queued_offered":[20],"coin_queued_offered_any":[20]}				yes	no	no	61	77
8	km3	3	garchomp_meowth v t-lucario	340	23100030340	ON THE BOARD	state	38	5	37	{"coin_queued_offered":[38],"coin_queued_offered_any":[38]}				yes	no	no	85	91
8	km3	3	garchomp_meowth v t-lucario	346	23100030346	ON THE BOARD	state	34	4	33	{"coin_queued_offered":[34],"coin_queued_offered_any":[34]}				yes	no	no	76	99
8	km3	3	garchomp_meowth v t-lucario	349	23100030349	LOOKAHEAD ONLY, both halves hold	lookahead	17	2	17			queued=2 cut=None free=true	built=None		yes	yes	74	70
8	km3	3	garchomp_meowth v t-lucario	350	23100030350	LOOKAHEAD ONLY, both halves hold	lookahead	34	5	34		{"coin_queued_offered":[37],"coin_queued_offered_any":[37]}	queued=1 cut=None free=true	built=None		no	no	99	104
8	km3	3	garchomp_meowth v t-lucario	354	23100030354	LOOKAHEAD ONLY, both halves hold	lookahead	13	2	13		{"coin_queued_offered":[19],"coin_queued_offered_any":[19]}	queued=3 cut=None free=true	built=None		no	no	70	96
8	km3	3	garchomp_meowth v t-lucario	358	23100030358	LOOKAHEAD ONLY, both halves hold	lookahead	17	2	17		{"coin_queued_offered":[20],"coin_queued_offered_any":[20]}	queued=1 cut=None free=true	built=None		no	no	61	81
8	km3	3	garchomp_meowth v t-lucario	366	23100030366	ON THE BOARD	state	64	11	63	{"coin_queued_offered":[64],"coin_queued_offered_any":[64]}				yes	no	no	93	93
8	km3	3	garchomp_meowth v t-lucario	368	23100030368	ON THE BOARD	state	20	2	19	{"coin_queued_offered":[20],"coin_queued_offered_any":[20]}				yes	no	no	75	122
8	km3	3	garchomp_meowth v t-lucario	371	23100030371	ON THE BOARD	state	17	3	16	{"coin_queued_offered":[17],"coin_queued_offered_any":[17]}				yes	no	no	50	69
8	km3	3	garchomp_meowth v t-lucario	373	23100030373	ON THE BOARD	state	15	2	14	{"coin_queued_offered":[15],"coin_queued_offered_any":[15]}				yes	no	no	53	54
8	km3	3	garchomp_meowth v t-lucario	378	23100030378	LOOKAHEAD ONLY, both halves hold	lookahead	53	8	53			queued=2 cut=None free=false	built=None		yes	yes	84	98
8	km3	3	garchomp_meowth v t-lucario	379	23100030379	ON THE BOARD	state	39	5	38	{"coin_queued_offered":[39],"coin_queued_offered_any":[39]}				yes	no	no	61	79
8	km3	3	garchomp_meowth v t-lucario	381	23100030381	LOOKAHEAD ONLY, both halves hold	lookahead	37	5	37		{"coin_queued_offered":[40],"coin_queued_offered_any":[40]}	queued=2 cut=None free=true	built=None		no	no	66	61
8	km3	3	garchomp_meowth v t-lucario	383	23100030383	ON THE BOARD	state	25	3	24	{"coin_queued_offered":[25],"coin_queued_offered_any":[25]}				yes	no	no	68	78
8	km3	3	garchomp_meowth v t-lucario	385	23100030385	LOOKAHEAD ONLY, both halves hold	lookahead	17	2	17		{"coin_queued_offered":[20],"coin_queued_offered_any":[20]}	queued=1 cut=None free=true	built=None		no	no	67	99
8	km3	3	garchomp_meowth v t-lucario	388	23100030388	ON THE BOARD	state	20	2	19	{"coin_queued_offered":[20],"coin_queued_offered_any":[20]}				yes	no	no	101	101
8	km3	3	garchomp_meowth v t-lucario	390	23100030390	ON THE BOARD	state	73	9	72	{"coin_queued_offered":[73],"coin_queued_offered_any":[73]}				yes	no	no	102	102
8	km3	3	garchomp_meowth v t-lucario	392	23100030392	ON THE BOARD	state	22	3	21	{"coin_queued_offered":[22],"coin_queued_offered_any":[22]}				yes	no	no	108	103
8	km3	3	garchomp_meowth v t-lucario	393	23100030393	LOOKAHEAD ONLY, both halves hold	lookahead	13	2	13		{"coin_queued_offered":[16],"coin_queued_offered_any":[16]}	queued=1 cut=None free=true	built=None		no	no	77	108
8	km3	3	garchomp_meowth v t-lucario	395	23100030395	ON THE BOARD	state	47	6	46	{"coin_queued_offered":[47],"coin_queued_offered_any":[47]}				yes	no	no	82	108
8	km3	3	garchomp_meowth v t-lucario	397	23100030397	ON THE BOARD	state	15	2	14	{"coin_queued_offered":[15],"coin_queued_offered_any":[15]}				yes	no	no	50	43
8	km3	3	garchomp_meowth v t-lucario	399	23100030399	LOOKAHEAD ONLY, both halves hold	lookahead	10	2	10		{"coin_queued_offered":[13],"coin_queued_offered_any":[13]}	queued=2 cut=None free=true	built=None		no	no	60	112
8	km3	3	garchomp_meowth v t-lucario	402	23100030402	ON THE BOARD	state	22	3	21	{"coin_queued_offered":[22],"coin_queued_offered_any":[22]}				yes	no	no	86	87
8	km3	3	garchomp_meowth v t-lucario	404	23100030404	ON THE BOARD	state	89	13	88	{"coin_queued_offered":[89],"coin_queued_offered_any":[89]}				yes	no	no	115	102
8	km3	3	garchomp_meowth v t-lucario	411	23100030411	ON THE BOARD	state	63	9	62	{"coin_queued_offered":[63],"coin_queued_offered_any":[63]}				yes	no	no	87	87
8	km3	3	garchomp_meowth v t-lucario	413	23100030413	LOOKAHEAD ONLY, both halves hold	lookahead	14	2	14		{"coin_queued_offered":[19],"coin_queued_offered_any":[19]}	queued=2 cut=None free=true	built=None		no	no	68	119
8	km3	3	garchomp_meowth v t-lucario	414	23100030414	ON THE BOARD	state	15	3	14	{"coin_queued_offered":[15],"coin_queued_offered_any":[15]}				yes	no	no	33	76
8	km3	3	garchomp_meowth v t-lucario	416	23100030416	ON THE BOARD	state	21	2	20	{"coin_queued_offered":[21],"coin_queued_offered_any":[21]}				yes	no	no	63	66
8	km3	3	garchomp_meowth v t-lucario	421	23100030421	ON THE BOARD	state	19	2	18	{"coin_queued_offered":[19],"coin_queued_offered_any":[19]}				yes	no	no	65	65
8	km3	3	garchomp_meowth v t-lucario	425	23100030425	ON THE BOARD	state	24	3	23	{"coin_queued_offered":[24],"coin_queued_offered_any":[24]}				yes	no	no	64	85
8	km3	3	garchomp_meowth v t-lucario	426	23100030426	ON THE BOARD	state	22	3	21	{"coin_queued_offered":[22],"coin_queued_offered_any":[22]}				yes	no	no	77	73
8	km3	3	garchomp_meowth v t-lucario	427	23100030427	LOOKAHEAD ONLY, both halves hold	lookahead	32	5	32		{"coin_queued_offered":[35],"coin_queued_offered_any":[35]}	queued=2 cut=None free=true	built=None		no	no	60	60
8	km3	3	garchomp_meowth v t-lucario	432	23100030432	ON THE BOARD	state	15	2	14	{"coin_queued_offered":[15],"coin_queued_offered_any":[15]}				yes	no	no	105	116
8	km3	3	garchomp_meowth v t-lucario	434	23100030434	ON THE BOARD	state	24	3	23	{"coin_queued_offered":[24],"coin_queued_offered_any":[24]}				yes	no	no	69	119
8	km3	3	garchomp_meowth v t-lucario	438	23100030438	ON THE BOARD	state	24	3	23	{"coin_queued_offered":[24],"coin_queued_offered_any":[24]}				yes	no	no	71	71
8	km3	3	garchomp_meowth v t-lucario	439	23100030439	ON THE BOARD	state	40	5	39	{"coin_queued_offered":[40],"coin_queued_offered_any":[40]}				yes	no	no	66	112
8	km3	3	garchomp_meowth v t-lucario	440	23100030440	ON THE BOARD	state	67	9	66	{"coin_queued_offered":[67],"coin_queued_offered_any":[67]}				yes	no	no	72	72
8	km3	3	garchomp_meowth v t-lucario	455	23100030455	ON THE BOARD	state	42	5	41	{"coin_queued_offered":[42],"coin_queued_offered_any":[42]}				yes	no	no	106	106
8	km3	3	garchomp_meowth v t-lucario	463	23100030463	LOOKAHEAD ONLY, both halves hold	lookahead	36	5	36			queued=2 cut=None free=false	built=None		yes	yes	65	67
8	km3	3	garchomp_meowth v t-lucario	467	23100030467	ON THE BOARD	state	11	2	10	{"coin_queued_offered":[11],"coin_queued_offered_any":[11]}				yes	no	no	54	64
8	km3	3	garchomp_meowth v t-lucario	470	23100030470	ON THE BOARD	state	38	5	37	{"coin_queued_offered":[38],"coin_queued_offered_any":[38]}				yes	no	no	65	75
8	km3	3	garchomp_meowth v t-lucario	471	23100030471	ON THE BOARD	state	14	2	13	{"coin_queued_offered":[14],"coin_queued_offered_any":[14]}				yes	no	no	80	63
8	km3	3	garchomp_meowth v t-lucario	473	23100030473	ON THE BOARD	state	14	2	13	{"coin_queued_offered":[14],"coin_queued_offered_any":[14]}				yes	no	no	112	98
8	km3	3	garchomp_meowth v t-lucario	474	23100030474	LOOKAHEAD ONLY, both halves hold	lookahead	18	3	18		{"coin_queued_offered":[24],"coin_queued_offered_any":[24]}	queued=2 cut=None free=true	built=None		no	no	78	90
8	km3	3	garchomp_meowth v t-lucario	475	23100030475	ON THE BOARD	state	39	6	38	{"coin_queued_offered":[39],"coin_queued_offered_any":[39]}				yes	no	no	79	79
8	km3	3	garchomp_meowth v t-lucario	476	23100030476	LOOKAHEAD ONLY, both halves hold	lookahead	25	3	25		{"coin_queued_offered":[28],"coin_queued_offered_any":[28]}	queued=1 cut=None free=true	built=None		no	no	69	93
8	km3	3	garchomp_meowth v t-lucario	486	23100030486	LOOKAHEAD ONLY, both halves hold	lookahead	14	2	14		{"coin_queued_offered":[17],"coin_queued_offered_any":[17]}	queued=1 cut=None free=true	built=None		no	no	51	98
8	km3	3	garchomp_meowth v t-lucario	487	23100030487	ON THE BOARD	state	38	5	37	{"coin_queued_offered":[38],"coin_queued_offered_any":[38]}				yes	no	no	110	108
8	km3	3	garchomp_meowth v t-lucario	488	23100030488	ON THE BOARD	state	20	2	19	{"coin_queued_offered":[20],"coin_queued_offered_any":[20]}				yes	no	no	77	77
8	km3	3	garchomp_meowth v t-lucario	491	23100030491	ON THE BOARD	state	22	4	21	{"coin_queued_offered":[22],"coin_queued_offered_any":[22]}				yes	no	no	100	68
8	km3	3	garchomp_meowth v t-lucario	492	23100030492	ON THE BOARD	state	19	2	18	{"coin_queued_offered":[19],"coin_queued_offered_any":[19]}				yes	no	no	62	66
8	km3	3	garchomp_meowth v t-lucario	493	23100030493	LOOKAHEAD ONLY, both halves hold	lookahead	13	2	13			queued=2 cut=None free=true	built=None		no	no	96	106
8	km3	3	garchomp_meowth v t-lucario	497	23100030497	ON THE BOARD	state	25	3	24	{"coin_queued_offered":[25],"coin_queued_offered_any":[25]}				yes	no	no	98	110
8	k3	3	garchomp_meowth v t-lucario	5	23100030005	ON THE BOARD	state	27	4	26	{"coin_queued_offered":[27],"coin_queued_offered_any":[27]}				yes	no	no	90	90
8	k3	3	garchomp_meowth v t-lucario	9	23100030009	ON THE BOARD	state	14	2	13	{"coin_queued_offered":[14],"coin_queued_offered_any":[14]}				yes	no	no	81	89
8	k3	3	garchomp_meowth v t-lucario	14	23100030014	LOOKAHEAD ONLY, both halves hold	lookahead	19	3	19		{"coin_queued_offered":[26],"coin_queued_offered_any":[26]}	queued=2 cut=None free=true	built=None		no	no	92	98
8	k3	3	garchomp_meowth v t-lucario	15	23100030015	ON THE BOARD	state	26	3	25	{"coin_queued_offered":[26],"coin_queued_offered_any":[26]}				yes	no	no	109	115
8	k3	3	garchomp_meowth v t-lucario	18	23100030018	LOOKAHEAD ONLY, both halves hold	lookahead	69	9	69			queued=2 cut=None free=false	built=None		yes	yes	93	91
8	k3	3	garchomp_meowth v t-lucario	21	23100030021	LOOKAHEAD ONLY, both halves hold	lookahead	9	2	9		{"coin_queued_offered":[14],"coin_queued_offered_any":[14]}	queued=2 cut=None free=true	built=None		no	no	87	87
8	k3	3	garchomp_meowth v t-lucario	22	23100030022	LOOKAHEAD ONLY, both halves hold	lookahead	12	2	12		{"coin_queued_offered":[17],"coin_queued_offered_any":[17]}	queued=3 cut=None free=true	built=None		no	no	70	79
8	k3	3	garchomp_meowth v t-lucario	23	23100030023	ON THE BOARD	state	70	10	69	{"coin_queued_offered":[70],"coin_queued_offered_any":[70]}				yes	no	no	124	109
8	k3	3	garchomp_meowth v t-lucario	24	23100030024	ON THE BOARD	state	21	4	20	{"coin_queued_offered":[21],"coin_queued_offered_any":[21]}				yes	no	no	72	89
8	k3	3	garchomp_meowth v t-lucario	27	23100030027	LOOKAHEAD ONLY, both halves hold	lookahead	19	2	19		{"coin_queued_offered":[22],"coin_queued_offered_any":[22]}	queued=1 cut=None free=true	built=None		no	no	59	75
8	k3	3	garchomp_meowth v t-lucario	29	23100030029	LOOKAHEAD ONLY, both halves hold	lookahead	20	3	20		{"coin_queued_offered":[24],"coin_queued_offered_any":[24]}	queued=2 cut=None free=true	built=None		no	no	77	79
8	k3	3	garchomp_meowth v t-lucario	30	23100030030	ON THE BOARD	state	21	3	20	{"coin_queued_offered":[21],"coin_queued_offered_any":[21]}				yes	no	no	95	72
8	k3	3	garchomp_meowth v t-lucario	31	23100030031	LOOKAHEAD ONLY, both halves hold	lookahead	10	2	10		{"coin_queued_offered":[15],"coin_queued_offered_any":[15]}	queued=2 cut=None free=true	built=None		no	no	69	82
8	k3	3	garchomp_meowth v t-lucario	33	23100030033	ON THE BOARD	state	17	2	16	{"coin_queued_offered":[17],"coin_queued_offered_any":[17]}				yes	no	no	63	86
8	k3	3	garchomp_meowth v t-lucario	35	23100030035	ON THE BOARD	state	48	6	47	{"coin_queued_offered":[48],"coin_queued_offered_any":[48]}				yes	no	no	117	118
8	k3	3	garchomp_meowth v t-lucario	37	23100030037	ON THE BOARD	state	16	2	15	{"coin_queued_offered":[16],"coin_queued_offered_any":[16]}				yes	no	no	52	86
8	k3	3	garchomp_meowth v t-lucario	45	23100030045	ON THE BOARD	state	56	7	55	{"coin_queued_offered":[56],"coin_queued_offered_any":[56]}				yes	no	no	75	74
8	k3	3	garchomp_meowth v t-lucario	46	23100030046	ON THE BOARD	state	45	6	44	{"coin_queued_offered":[45],"coin_queued_offered_any":[45]}				yes	no	no	94	112
8	k3	3	garchomp_meowth v t-lucario	49	23100030049	LOOKAHEAD ONLY, both halves hold	lookahead	9	2	9		{"coin_queued_offered":[14],"coin_queued_offered_any":[14]}	queued=2 cut=None free=true	built=None		no	no	37	81
8	k3	3	garchomp_meowth v t-lucario	51	23100030051	LOOKAHEAD ONLY, both halves hold	lookahead	14	2	14		{"coin_queued_offered":[17],"coin_queued_offered_any":[17]}	queued=2 cut=None free=true	built=None		no	no	44	111
8	k3	3	garchomp_meowth v t-lucario	53	23100030053	ON THE BOARD	state	38	5	37	{"coin_queued_offered":[38],"coin_queued_offered_any":[38]}				yes	no	no	104	104
8	k3	3	garchomp_meowth v t-lucario	54	23100030054	ON THE BOARD	state	17	2	16	{"coin_queued_offered":[17],"coin_queued_offered_any":[17]}				yes	no	no	66	66
8	k3	3	garchomp_meowth v t-lucario	56	23100030056	ON THE BOARD	state	28	4	27	{"coin_queued_offered":[28],"coin_queued_offered_any":[28]}				yes	no	no	62	108
8	k3	3	garchomp_meowth v t-lucario	58	23100030058	ON THE BOARD	state	25	4	24	{"coin_queued_offered":[25],"coin_queued_offered_any":[25]}				yes	no	no	67	61
8	k3	3	garchomp_meowth v t-lucario	62	23100030062	LOOKAHEAD ONLY, both halves hold	lookahead	13	2	13		{"coin_queued_offered":[18],"coin_queued_offered_any":[18]}	queued=2 cut=None free=true	built=None		no	no	56	91
8	k3	3	garchomp_meowth v t-lucario	65	23100030065	ON THE BOARD	state	18	2	17	{"coin_queued_offered":[18],"coin_queued_offered_any":[18]}				yes	no	no	63	88
8	k3	3	garchomp_meowth v t-lucario	66	23100030066	ON THE BOARD	state	30	3	29	{"coin_queued_offered":[30],"coin_queued_offered_any":[30]}				yes	no	no	71	118
8	k3	3	garchomp_meowth v t-lucario	83	23100030083	ON THE BOARD	state	46	5	45	{"coin_queued_offered":[46],"coin_queued_offered_any":[46]}				yes	no	no	93	123
8	k3	3	garchomp_meowth v t-lucario	87	23100030087	ON THE BOARD	state	22	2	21	{"coin_queued_offered":[22],"coin_queued_offered_any":[22]}				yes	no	no	63	78
8	k3	3	garchomp_meowth v t-lucario	88	23100030088	LOOKAHEAD ONLY, both halves hold	lookahead	35	5	35		{"coin_queued_offered":[38],"coin_queued_offered_any":[38]}	queued=2 cut=None free=true	built=None		no	no	67	64
8	k3	3	garchomp_meowth v t-lucario	92	23100030092	ON THE BOARD	state	15	2	14	{"coin_queued_offered":[15],"coin_queued_offered_any":[15]}				yes	no	no	57	91
8	k3	3	garchomp_meowth v t-lucario	94	23100030094	ON THE BOARD	state	14	2	13	{"coin_queued_offered":[14],"coin_queued_offered_any":[14]}				yes	no	no	79	93
8	k3	3	garchomp_meowth v t-lucario	97	23100030097	LOOKAHEAD ONLY, both halves hold	lookahead	13	2	13		{"coin_queued_offered":[21],"coin_queued_offered_any":[21]}	queued=2 cut=None free=true	built=None		no	no	67	77
8	k3	3	garchomp_meowth v t-lucario	99	23100030099	LOOKAHEAD ONLY, both halves hold	lookahead	15	2	15		{"coin_queued_offered":[18],"coin_queued_offered_any":[18]}	queued=1 cut=None free=true	built=None		no	no	122	101
8	k3	3	garchomp_meowth v t-lucario	101	23100030101	ON THE BOARD	state	14	2	13	{"coin_queued_offered":[14],"coin_queued_offered_any":[14]}				yes	no	no	56	91
8	k3	3	garchomp_meowth v t-lucario	102	23100030102	LOOKAHEAD ONLY, both halves hold	lookahead	14	2	14		{"coin_queued_offered":[17],"coin_queued_offered_any":[17]}	queued=1 cut=None free=true	built=None		no	no	74	83
8	k3	3	garchomp_meowth v t-lucario	109	23100030109	ON THE BOARD	state	22	4	21	{"coin_queued_offered":[22],"coin_queued_offered_any":[22]}				yes	no	no	62	62
8	k3	3	garchomp_meowth v t-lucario	113	23100030113	ON THE BOARD	state	23	3	22	{"coin_queued_offered":[23],"coin_queued_offered_any":[23]}				yes	no	no	73	88
8	k3	3	garchomp_meowth v t-lucario	116	23100030116	LOOKAHEAD ONLY, both halves hold	lookahead	14	2	14		{"coin_queued_offered":[17],"coin_queued_offered_any":[17]}	queued=1 cut=None free=true	built=None		no	no	65	112
8	k3	3	garchomp_meowth v t-lucario	117	23100030117	LOOKAHEAD ONLY, both halves hold	lookahead	17	3	17		{"coin_queued_offered":[21],"coin_queued_offered_any":[21]}	queued=2 cut=None free=true	built=None		no	no	72	93
8	k3	3	garchomp_meowth v t-lucario	120	23100030120	ON THE BOARD	state	17	2	16	{"coin_queued_offered":[17],"coin_queued_offered_any":[17]}				yes	no	no	64	64
8	k3	3	garchomp_meowth v t-lucario	121	23100030121	ON THE BOARD	state	35	5	34	{"coin_queued_offered":[35],"coin_queued_offered_any":[35]}				yes	no	no	77	96
8	k3	3	garchomp_meowth v t-lucario	122	23100030122	LOOKAHEAD ONLY, both halves hold	lookahead	14	2	14		{"coin_queued_offered":[19],"coin_queued_offered_any":[19]}	queued=2 cut=None free=true	built=None		no	no	123	122
8	k3	3	garchomp_meowth v t-lucario	123	23100030123	LOOKAHEAD ONLY, both halves hold	lookahead	12	2	12		{"coin_queued_offered":[15],"coin_queued_offered_any":[15]}	queued=2 cut=None free=true	built=None		no	no	67	118
8	k3	3	garchomp_meowth v t-lucario	126	23100030126	ON THE BOARD	state	38	5	37	{"coin_queued_offered":[38],"coin_queued_offered_any":[38]}				yes	no	no	72	72
8	k3	3	garchomp_meowth v t-lucario	129	23100030129	ON THE BOARD	state	23	3	22	{"coin_queued_offered":[23],"coin_queued_offered_any":[23]}				yes	no	no	63	62
8	k3	3	garchomp_meowth v t-lucario	131	23100030131	ON THE BOARD	state	36	5	35	{"coin_queued_offered":[36],"coin_queued_offered_any":[36]}				yes	no	no	68	69
8	k3	3	garchomp_meowth v t-lucario	133	23100030133	LOOKAHEAD ONLY, both halves hold	lookahead	10	2	10		{"coin_queued_offered":[15],"coin_queued_offered_any":[15]}	queued=2 cut=None free=true	built=None		no	no	34	160
8	k3	3	garchomp_meowth v t-lucario	136	23100030136	ON THE BOARD	state	21	3	20	{"coin_queued_offered":[21],"coin_queued_offered_any":[21]}				yes	no	no	42	104
8	k3	3	garchomp_meowth v t-lucario	140	23100030140	ON THE BOARD	state	32	4	31	{"coin_queued_offered":[32],"coin_queued_offered_any":[32]}				yes	no	no	94	94
8	k3	3	garchomp_meowth v t-lucario	141	23100030141	LOOKAHEAD ONLY, both halves hold	lookahead	50	7	50			queued=2 cut=None free=false	built=None		no	no	68	98
8	k3	3	garchomp_meowth v t-lucario	145	23100030145	ON THE BOARD	state	38	5	37	{"coin_queued_offered":[38],"coin_queued_offered_any":[38]}				yes	no	no	90	95
8	k3	3	garchomp_meowth v t-lucario	150	23100030150	LOOKAHEAD ONLY, both halves hold	lookahead	9	2	9		{"coin_queued_offered":[14],"coin_queued_offered_any":[14]}	queued=2 cut=None free=true	built=None		no	no	70	86
8	k3	3	garchomp_meowth v t-lucario	157	23100030157	ON THE BOARD	state	13	2	12	{"coin_queued_offered":[13],"coin_queued_offered_any":[13]}				yes	no	no	78	83
8	k3	3	garchomp_meowth v t-lucario	164	23100030164	LOOKAHEAD ONLY, both halves hold	lookahead	69	9	69			queued=1 cut=None free=true	built=None		yes	yes	94	110
8	k3	3	garchomp_meowth v t-lucario	168	23100030168	ON THE BOARD	state	16	2	15	{"coin_queued_offered":[16],"coin_queued_offered_any":[16]}				yes	no	no	74	81
8	k3	3	garchomp_meowth v t-lucario	172	23100030172	ON THE BOARD	state	39	5	38	{"coin_queued_offered":[39],"coin_queued_offered_any":[39]}				yes	no	no	76	78
8	k3	3	garchomp_meowth v t-lucario	174	23100030174	ON THE BOARD	state	18	3	17	{"coin_queued_offered":[18],"coin_queued_offered_any":[18]}				yes	no	no	96	79
8	k3	3	garchomp_meowth v t-lucario	175	23100030175	ON THE BOARD	state	25	3	24	{"coin_queued_offered":[25],"coin_queued_offered_any":[25]}				yes	no	no	81	101
8	k3	3	garchomp_meowth v t-lucario	181	23100030181	ON THE BOARD	state	25	3	24	{"coin_queued_offered":[25],"coin_queued_offered_any":[25]}				yes	no	no	100	108
8	k3	3	garchomp_meowth v t-lucario	183	23100030183	LOOKAHEAD ONLY, both halves hold	lookahead	13	2	13		{"coin_queued_offered":[16],"coin_queued_offered_any":[16]}	queued=1 cut=None free=true	built=None		no	no	99	55
8	k3	3	garchomp_meowth v t-lucario	184	23100030184	ON THE BOARD	state	58	8	57	{"coin_queued_offered":[58],"coin_queued_offered_any":[58]}				yes	no	no	83	83
8	k3	3	garchomp_meowth v t-lucario	185	23100030185	LOOKAHEAD ONLY, both halves hold	lookahead	10	2	10		{"coin_queued_offered":[15],"coin_queued_offered_any":[15]}	queued=2 cut=None free=true	built=None		no	no	80	80
8	k3	3	garchomp_meowth v t-lucario	187	23100030187	LOOKAHEAD ONLY, both halves hold	lookahead	84	12	84			queued=2 cut=None free=false	built=None		yes	yes	88	87
8	k3	3	garchomp_meowth v t-lucario	194	23100030194	ON THE BOARD	state	12	2	11	{"coin_queued_offered":[12],"coin_queued_offered_any":[12]}				yes	no	no	77	77
8	k3	3	garchomp_meowth v t-lucario	196	23100030196	ON THE BOARD	state	31	3	30	{"coin_queued_offered":[31],"coin_queued_offered_any":[31]}				yes	no	no	71	79
8	k3	3	garchomp_meowth v t-lucario	198	23100030198	LOOKAHEAD ONLY, both halves hold	lookahead	19	3	19		{"coin_queued_offered":[25],"coin_queued_offered_any":[25]}	queued=2 cut=None free=true	built=None		no	no	95	55
8	k3	3	garchomp_meowth v t-lucario	200	23100030200	ON THE BOARD	state	38	5	37	{"coin_queued_offered":[38],"coin_queued_offered_any":[38]}				yes	no	no	96	96
8	k3	3	garchomp_meowth v t-lucario	202	23100030202	ON THE BOARD	state	18	2	17	{"coin_queued_offered":[18],"coin_queued_offered_any":[18]}				yes	no	no	92	80
8	k3	3	garchomp_meowth v t-lucario	204	23100030204	ON THE BOARD	state	49	7	48	{"coin_queued_offered":[49],"coin_queued_offered_any":[49]}				yes	no	no	114	81
8	k3	3	garchomp_meowth v t-lucario	206	23100030206	ON THE BOARD	state	51	8	50	{"coin_queued_offered":[51],"coin_queued_offered_any":[51]}				yes	no	no	81	81
8	k3	3	garchomp_meowth v t-lucario	207	23100030207	LOOKAHEAD ONLY, both halves hold	lookahead	61	10	61			queued=2 cut=None free=false	built=None		no	no	96	109
8	k3	3	garchomp_meowth v t-lucario	210	23100030210	LOOKAHEAD ONLY, both halves hold	lookahead	10	2	10		{"coin_queued_offered":[14],"coin_queued_offered_any":[14]}	queued=2 cut=None free=true	built=None		no	no	76	151
8	k3	3	garchomp_meowth v t-lucario	211	23100030211	ON THE BOARD	state	38	6	37	{"coin_queued_offered":[38],"coin_queued_offered_any":[38]}				yes	no	no	122	119
8	k3	3	garchomp_meowth v t-lucario	214	23100030214	LOOKAHEAD ONLY, both halves hold	lookahead	14	3	14		{"coin_queued_offered":[19],"coin_queued_offered_any":[19]}	queued=2 cut=None free=true	built=None		no	no	68	76
8	k3	3	garchomp_meowth v t-lucario	215	23100030215	LOOKAHEAD ONLY, both halves hold	lookahead	13	2	13		{"coin_queued_offered":[18],"coin_queued_offered_any":[18]}	queued=2 cut=None free=true	built=None		no	no	107	89
8	k3	3	garchomp_meowth v t-lucario	217	23100030217	ON THE BOARD	state	15	2	14	{"coin_queued_offered":[15],"coin_queued_offered_any":[15]}				yes	no	no	70	65
8	k3	3	garchomp_meowth v t-lucario	220	23100030220	ON THE BOARD	state	66	9	65	{"coin_queued_offered":[66],"coin_queued_offered_any":[66]}				yes	no	no	68	81
8	k3	3	garchomp_meowth v t-lucario	224	23100030224	ON THE BOARD	state	76	10	75	{"coin_queued_offered":[76],"coin_queued_offered_any":[76]}				yes	no	no	103	103
8	k3	3	garchomp_meowth v t-lucario	228	23100030228	ON THE BOARD	state	36	4	35	{"coin_queued_offered":[36],"coin_queued_offered_any":[36]}				yes	no	no	95	95
8	k3	3	garchomp_meowth v t-lucario	229	23100030229	ON THE BOARD	state	38	5	37	{"coin_queued_offered":[38],"coin_queued_offered_any":[38]}				yes	no	no	100	101
8	k3	3	garchomp_meowth v t-lucario	231	23100030231	LOOKAHEAD ONLY, both halves hold	lookahead	15	3	15		{"coin_queued_offered":[22],"coin_queued_offered_any":[22]}	queued=2 cut=None free=true	built=None		no	no	70	68
8	k3	3	garchomp_meowth v t-lucario	234	23100030234	ON THE BOARD	state	30	4	29	{"coin_queued_offered":[30],"coin_queued_offered_any":[30]}				yes	no	no	114	112
8	k3	3	garchomp_meowth v t-lucario	238	23100030238	LOOKAHEAD ONLY, both halves hold	lookahead	10	2	10		{"coin_queued_offered":[13],"coin_queued_offered_any":[13]}	queued=2 cut=None free=true	built=None		no	no	79	76
8	k3	3	garchomp_meowth v t-lucario	243	23100030243	ON THE BOARD	state	17	2	16	{"coin_queued_offered":[17],"coin_queued_offered_any":[17]}				yes	no	no	53	63
8	k3	3	garchomp_meowth v t-lucario	246	23100030246	ON THE BOARD	state	32	5	31	{"coin_queued_offered":[32],"coin_queued_offered_any":[32]}				yes	no	no	118	141
8	k3	3	garchomp_meowth v t-lucario	247	23100030247	ON THE BOARD	state	51	7	50	{"coin_queued_offered":[51],"coin_queued_offered_any":[51]}				yes	no	no	75	104
8	k3	3	garchomp_meowth v t-lucario	249	23100030249	ON THE BOARD	state	14	2	13	{"coin_queued_offered":[14],"coin_queued_offered_any":[14]}				yes	no	no	67	79
8	km3	4	garchomp_meowth v t-sceptile	0	23100040000	ON THE BOARD	state	68	9	67	{"coin_queued_offered":[68],"coin_queued_offered_any":[68]}				yes	no	no	82	81
8	km3	4	garchomp_meowth v t-sceptile	1	23100040001	ON THE BOARD	state	37	4	36	{"coin_queued_offered":[37],"coin_queued_offered_any":[37]}				yes	no	no	86	104
8	km3	4	garchomp_meowth v t-sceptile	7	23100040007	UNEXPLAINED	lookahead	84	11	84			queued=None cut=None free=false	built=None		no	no	91	91
8	km3	4	garchomp_meowth v t-sceptile	12	23100040012	ON THE BOARD	state	69	9	68	{"coin_queued_offered":[69],"coin_queued_offered_any":[69]}				yes	no	no	90	90
8	km3	4	garchomp_meowth v t-sceptile	15	23100040015	ON THE BOARD	state	82	11	81	{"coin_queued_offered":[82],"coin_queued_offered_any":[82]}				yes	no	no	97	97
8	km3	4	garchomp_meowth v t-sceptile	18	23100040018	LOOKAHEAD ONLY, both halves hold	lookahead	80	10	80		{"coin_queued_offered":[85],"coin_queued_offered_any":[85]}	queued=3 cut=None free=true	built=None		no	no	87	87
8	km3	4	garchomp_meowth v t-sceptile	25	23100040025	ON THE BOARD	state	29	4	28	{"coin_queued_offered":[29],"coin_queued_offered_any":[29]}				yes	no	no	57	59
8	km3	4	garchomp_meowth v t-sceptile	28	23100040028	ON THE BOARD	state	28	4	27	{"coin_queued_offered":[28],"coin_queued_offered_any":[28]}				yes	no	no	56	86
8	km3	4	garchomp_meowth v t-sceptile	29	23100040029	ON THE BOARD	state	35	4	34	{"coin_queued_offered":[35],"coin_queued_offered_any":[35]}				yes	no	no	61	78
8	km3	4	garchomp_meowth v t-sceptile	32	23100040032	ON THE BOARD	state	45	5	44	{"coin_queued_offered":[45],"coin_queued_offered_any":[45]}				yes	no	no	103	100
8	km3	4	garchomp_meowth v t-sceptile	33	23100040033	ON THE BOARD	state	61	8	60	{"coin_queued_offered":[61],"coin_queued_offered_any":[61]}				yes	no	no	92	91
8	km3	4	garchomp_meowth v t-sceptile	40	23100040040	ON THE BOARD	state	85	12	84	{"coin_queued_offered":[85],"coin_queued_offered_any":[85]}				yes	no	no	90	90
8	km3	4	garchomp_meowth v t-sceptile	46	23100040046	ON THE BOARD	state	35	4	34	{"coin_queued_offered":[35],"coin_queued_offered_any":[35]}				yes	no	no	59	103
8	km3	4	garchomp_meowth v t-sceptile	52	23100040052	ON THE BOARD	state	30	4	29	{"coin_queued_offered":[30],"coin_queued_offered_any":[30]}				yes	no	no	60	52
8	km3	4	garchomp_meowth v t-sceptile	55	23100040055	ON THE BOARD	state	24	4	23	{"coin_queued_offered":[24],"coin_queued_offered_any":[24]}				yes	no	no	30	30
8	km3	4	garchomp_meowth v t-sceptile	59	23100040059	LOOKAHEAD ONLY, both halves hold	lookahead	67	10	67			queued=2 cut=None free=false	built=None		no	no	86	87
8	km3	4	garchomp_meowth v t-sceptile	62	23100040062	LOOKAHEAD ONLY, both halves hold	lookahead	53	6	53			queued=2 cut=None free=false	built=None		yes	yes	86	78
8	km3	4	garchomp_meowth v t-sceptile	73	23100040073	LOOKAHEAD ONLY, both halves hold	lookahead	55	6	55			queued=1 cut=None free=false	built=None		yes	yes	99	101
8	km3	4	garchomp_meowth v t-sceptile	76	23100040076	ON THE BOARD	state	118	16	117	{"coin_queued_offered":[118],"coin_queued_offered_any":[118]}				yes	no	no	120	123
8	km3	4	garchomp_meowth v t-sceptile	78	23100040078	ON THE BOARD	state	36	4	35	{"coin_queued_offered":[36],"coin_queued_offered_any":[36]}				yes	no	no	64	86
8	km3	4	garchomp_meowth v t-sceptile	80	23100040080	ON THE BOARD	state	75	10	74	{"coin_queued_offered":[75],"coin_queued_offered_any":[75]}				yes	no	no	104	104
8	km3	4	garchomp_meowth v t-sceptile	81	23100040081	ON THE BOARD	state	47	5	46	{"coin_queued_offered":[47],"coin_queued_offered_any":[47]}				yes	no	no	94	91
8	km3	4	garchomp_meowth v t-sceptile	82	23100040082	ON THE BOARD	state	94	14	93	{"coin_queued_offered":[94],"coin_queued_offered_any":[94]}				yes	no	no	96	96
8	km3	4	garchomp_meowth v t-sceptile	83	23100040083	ON THE BOARD	state	27	4	26	{"coin_queued_offered":[27],"coin_queued_offered_any":[27]}				yes	no	no	59	59
8	km3	4	garchomp_meowth v t-sceptile	92	23100040092	LOOKAHEAD ONLY, both halves hold	lookahead	64	9	64		{"coin_queued_offered":[68],"coin_queued_offered_any":[68]}	queued=3 cut=None free=true	built=None		no	no	89	89
8	km3	4	garchomp_meowth v t-sceptile	104	23100040104	LOOKAHEAD ONLY, both halves hold	lookahead	66	9	66			queued=3 cut=None free=true	built=None		yes	no	70	70
8	km3	4	garchomp_meowth v t-sceptile	106	23100040106	NEEDS A JUDGMENT	lookahead	82	12	82			queued=3 cut=None free=false	built=None		yes	yes	92	87
8	km3	4	garchomp_meowth v t-sceptile	111	23100040111	LOOKAHEAD ONLY, both halves hold	lookahead	68	9	68		{"coin_queued_offered":[71],"coin_queued_offered_any":[71]}	queued=1 cut=None free=false	built=None		no	no	71	86
8	km3	4	garchomp_meowth v t-sceptile	112	23100040112	ON THE BOARD	state	43	5	42	{"coin_queued_offered":[43],"coin_queued_offered_any":[43]}				yes	no	no	87	113
8	km3	4	garchomp_meowth v t-sceptile	115	23100040115	ON THE BOARD	state	55	8	54	{"coin_queued_offered":[55],"coin_queued_offered_any":[55]}				yes	no	no	89	87
8	km3	4	garchomp_meowth v t-sceptile	116	23100040116	ON THE BOARD	state	30	4	29	{"coin_queued_offered":[30],"coin_queued_offered_any":[30]}				yes	no	no	72	70
8	km3	4	garchomp_meowth v t-sceptile	123	23100040123	LOOKAHEAD ONLY, both halves hold	lookahead	17	4	17		{"coin_queued_offered":[24],"coin_queued_offered_any":[24]}	queued=2 cut=None free=true	built=None		no	no	67	97
8	km3	4	garchomp_meowth v t-sceptile	126	23100040126	ON THE BOARD	state	79	9	78	{"coin_queued_offered":[79],"coin_queued_offered_any":[79]}				yes	no	no	107	107
8	km3	4	garchomp_meowth v t-sceptile	127	23100040127	ON THE BOARD	state	73	10	72	{"coin_queued_offered":[73],"coin_queued_offered_any":[73]}				yes	no	no	78	78
8	km3	4	garchomp_meowth v t-sceptile	130	23100040130	LOOKAHEAD ONLY, both halves hold	lookahead	52	7	52			queued=2 cut=None free=false	built=None		yes	yes	71	65
8	km3	4	garchomp_meowth v t-sceptile	131	23100040131	LOOKAHEAD ONLY, both halves hold	lookahead	37	6	37			queued=1 cut=None free=false	built=None		yes	yes	57	78
8	km3	4	garchomp_meowth v t-sceptile	134	23100040134	LOOKAHEAD ONLY, both halves hold	lookahead	93	12	93		{"coin_queued_offered":[96],"coin_queued_offered_any":[96]}	queued=3 cut=None free=true	built=None		no	no	98	110
8	km3	4	garchomp_meowth v t-sceptile	135	23100040135	ON THE BOARD	state	19	4	18	{"coin_queued_offered":[19],"coin_queued_offered_any":[19]}				yes	no	no	81	80
8	km3	4	garchomp_meowth v t-sceptile	137	23100040137	LOOKAHEAD ONLY, both halves hold	lookahead	71	10	71		{"coin_queued_offered":[74],"coin_queued_offered_any":[74]}	queued=3 cut=None free=true	built=None		no	no	76	84
8	km3	4	garchomp_meowth v t-sceptile	140	23100040140	ON THE BOARD	state	32	4	31	{"coin_queued_offered":[32],"coin_queued_offered_any":[32]}				yes	no	no	61	73
8	km3	4	garchomp_meowth v t-sceptile	142	23100040142	LOOKAHEAD ONLY, both halves hold	lookahead	80	12	80		{"coin_queued_offered":[83],"coin_queued_offered_any":[83]}	queued=3 cut=None free=true	built=None		no	no	85	85
8	km3	4	garchomp_meowth v t-sceptile	143	23100040143	LOOKAHEAD ONLY, both halves hold	lookahead	69	10	69			queued=2 cut=None free=false	built=None		yes	yes	83	80
8	km3	4	garchomp_meowth v t-sceptile	145	23100040145	LOOKAHEAD ONLY, both halves hold	lookahead	52	7	52			queued=2 cut=None free=true	built=None		yes	yes	121	119
8	km3	4	garchomp_meowth v t-sceptile	150	23100040150	ON THE BOARD	state	77	10	76	{"coin_queued_offered":[77],"coin_queued_offered_any":[77]}				yes	no	no	94	94
8	km3	4	garchomp_meowth v t-sceptile	152	23100040152	ON THE BOARD	state	80	12	79	{"coin_queued_offered":[80],"coin_queued_offered_any":[80]}				yes	no	no	85	85
8	km3	4	garchomp_meowth v t-sceptile	153	23100040153	ON THE BOARD	state	92	14	91	{"coin_queued_offered":[92],"coin_queued_offered_any":[92]}				yes	no	no	107	107
8	km3	4	garchomp_meowth v t-sceptile	154	23100040154	LOOKAHEAD ONLY, both halves hold	lookahead	64	10	64			queued=2 cut=None free=false	built=None		yes	yes	68	80
8	km3	4	garchomp_meowth v t-sceptile	155	23100040155	LOOKAHEAD ONLY, both halves hold	lookahead	65	8	65			queued=2 cut=None free=false	built=None		yes	yes	105	121
8	km3	4	garchomp_meowth v t-sceptile	157	23100040157	LOOKAHEAD ONLY, both halves hold	lookahead	69	8	69			queued=2 cut=None free=false	built=None		no	no	105	105
8	km3	4	garchomp_meowth v t-sceptile	159	23100040159	ON THE BOARD	state	46	6	45	{"coin_queued_offered":[46],"coin_queued_offered_any":[46]}				yes	no	no	79	80
8	km3	4	garchomp_meowth v t-sceptile	160	23100040160	ON THE BOARD	state	33	4	32	{"coin_queued_offered":[33],"coin_queued_offered_any":[33]}				yes	no	no	89	89
8	km3	4	garchomp_meowth v t-sceptile	163	23100040163	ON THE BOARD	state	91	12	90	{"coin_queued_offered":[91],"coin_queued_offered_any":[91]}				yes	no	no	131	131
8	km3	4	garchomp_meowth v t-sceptile	166	23100040166	LOOKAHEAD ONLY, both halves hold	lookahead	58	8	58			queued=1 cut=None free=false	built=None		yes	yes	72	82
8	km3	4	garchomp_meowth v t-sceptile	167	23100040167	LOOKAHEAD ONLY, both halves hold	lookahead	67	9	67		{"coin_queued_offered":[70],"coin_queued_offered_any":[70]}	queued=3 cut=None free=true	built=None		no	no	72	72
8	km3	4	garchomp_meowth v t-sceptile	169	23100040169	LOOKAHEAD ONLY, both halves hold	lookahead	70	10	70			queued=2 cut=None free=false	built=None		yes	yes	74	104
8	km3	4	garchomp_meowth v t-sceptile	172	23100040172	ON THE BOARD	state	38	5	37	{"coin_queued_offered":[38],"coin_queued_offered_any":[38]}				yes	no	no	69	69
8	km3	4	garchomp_meowth v t-sceptile	174	23100040174	ON THE BOARD	state	40	4	39	{"coin_queued_offered":[40],"coin_queued_offered_any":[40]}				yes	no	no	67	137
8	km3	4	garchomp_meowth v t-sceptile	183	23100040183	ON THE BOARD	state	24	4	23	{"coin_queued_offered":[24],"coin_queued_offered_any":[24]}				yes	no	no	46	135
8	km3	4	garchomp_meowth v t-sceptile	184	23100040184	ON THE BOARD	state	32	5	31	{"coin_queued_offered":[32],"coin_queued_offered_any":[32]}				yes	no	no	87	87
8	km3	4	garchomp_meowth v t-sceptile	188	23100040188	ON THE BOARD	state	28	4	27	{"coin_queued_offered":[28],"coin_queued_offered_any":[28]}				yes	no	no	53	50
8	km3	4	garchomp_meowth v t-sceptile	192	23100040192	LOOKAHEAD ONLY, both halves hold	lookahead	75	10	75		{"coin_queued_offered":[77],"coin_queued_offered_any":[77]}	queued=1 cut=None free=false	built=None		no	no	78	82
8	km3	4	garchomp_meowth v t-sceptile	194	23100040194	ON THE BOARD	state	30	4	29	{"coin_queued_offered":[30],"coin_queued_offered_any":[30]}				yes	no	no	85	139
8	km3	4	garchomp_meowth v t-sceptile	202	23100040202	LOOKAHEAD ONLY, both halves hold	lookahead	51	7	51			queued=2 cut=None free=false	built=None		yes	yes	86	79
8	km3	4	garchomp_meowth v t-sceptile	204	23100040204	LOOKAHEAD ONLY, both halves hold	lookahead	56	8	56			queued=2 cut=None free=false	built=None		no	no	60	75
8	km3	4	garchomp_meowth v t-sceptile	205	23100040205	LOOKAHEAD ONLY, both halves hold	lookahead	69	9	69		{"coin_queued_offered":[72],"coin_queued_offered_any":[72]}	queued=3 cut=None free=true	built=None		no	no	98	74
8	km3	4	garchomp_meowth v t-sceptile	211	23100040211	ON THE BOARD	state	23	4	22	{"coin_queued_offered":[23],"coin_queued_offered_any":[23]}				yes	no	no	49	49
8	km3	4	garchomp_meowth v t-sceptile	212	23100040212	ON THE BOARD	state	38	4	37	{"coin_queued_offered":[38],"coin_queued_offered_any":[38]}				yes	no	no	71	120
8	km3	4	garchomp_meowth v t-sceptile	215	23100040215	ON THE BOARD	state	59	7	58	{"coin_queued_offered":[59],"coin_queued_offered_any":[59]}				yes	no	no	95	96
8	km3	4	garchomp_meowth v t-sceptile	218	23100040218	ON THE BOARD	state	52	6	51	{"coin_queued_offered":[52],"coin_queued_offered_any":[52]}				yes	no	no	66	92
8	km3	4	garchomp_meowth v t-sceptile	220	23100040220	LOOKAHEAD ONLY, both halves hold	lookahead	50	6	50			queued=2 cut=None free=false	built=None		no	no	66	95
8	km3	4	garchomp_meowth v t-sceptile	222	23100040222	ON THE BOARD	state	56	7	55	{"coin_queued_offered":[56],"coin_queued_offered_any":[56]}				yes	no	no	85	87
8	km3	4	garchomp_meowth v t-sceptile	223	23100040223	ON THE BOARD	state	35	4	34	{"coin_queued_offered":[35],"coin_queued_offered_any":[35]}				yes	no	no	61	78
8	km3	4	garchomp_meowth v t-sceptile	226	23100040226	LOOKAHEAD ONLY, both halves hold	lookahead	24	4	24		{"coin_queued_offered":[31],"coin_queued_offered_any":[31]}	queued=2 cut=None free=true	built=None		no	no	61	80
8	km3	4	garchomp_meowth v t-sceptile	227	23100040227	ON THE BOARD	state	86	12	85	{"coin_queued_offered":[86],"coin_queued_offered_any":[86]}				yes	no	no	88	91
8	km3	4	garchomp_meowth v t-sceptile	228	23100040228	ON THE BOARD	state	33	4	32	{"coin_queued_offered":[33],"coin_queued_offered_any":[33]}				yes	no	no	91	69
8	km3	4	garchomp_meowth v t-sceptile	229	23100040229	LOOKAHEAD ONLY, both halves hold	lookahead	88	11	88			queued=2 cut=None free=false	built=None		no	no	120	120
8	km3	4	garchomp_meowth v t-sceptile	230	23100040230	ON THE BOARD	state	80	11	79	{"coin_queued_offered":[80],"coin_queued_offered_any":[80]}				yes	no	no	85	85
8	km3	4	garchomp_meowth v t-sceptile	231	23100040231	ON THE BOARD	state	61	7	60	{"coin_queued_offered":[61],"coin_queued_offered_any":[61]}				yes	no	no	76	76
8	km3	4	garchomp_meowth v t-sceptile	232	23100040232	ON THE BOARD	state	26	4	25	{"coin_queued_offered":[26],"coin_queued_offered_any":[26]}				yes	no	no	87	73
8	km3	4	garchomp_meowth v t-sceptile	235	23100040235	ON THE BOARD	state	26	4	25	{"coin_queued_offered":[26],"coin_queued_offered_any":[26]}				yes	no	no	70	52
8	km3	4	garchomp_meowth v t-sceptile	236	23100040236	ON THE BOARD	state	71	9	70	{"coin_queued_offered":[71],"coin_queued_offered_any":[71]}				yes	no	no	89	89
8	km3	4	garchomp_meowth v t-sceptile	237	23100040237	ON THE BOARD	state	58	7	57	{"coin_queued_offered":[58],"coin_queued_offered_any":[58]}				yes	no	no	73	84
8	km3	4	garchomp_meowth v t-sceptile	238	23100040238	LOOKAHEAD ONLY, both halves hold	lookahead	95	12	95		{"coin_queued_offered":[98],"coin_queued_offered_any":[98]}	queued=1 cut=None free=true	built=None		no	no	98	100
8	km3	4	garchomp_meowth v t-sceptile	239	23100040239	ON THE BOARD	state	39	5	38	{"coin_queued_offered":[39],"coin_queued_offered_any":[39]}				yes	no	no	80	100
8	km3	4	garchomp_meowth v t-sceptile	242	23100040242	ON THE BOARD	state	38	5	37	{"coin_queued_offered":[38],"coin_queued_offered_any":[38]}				yes	no	no	68	78
8	km3	4	garchomp_meowth v t-sceptile	245	23100040245	ON THE BOARD	state	73	10	72	{"coin_queued_offered":[73],"coin_queued_offered_any":[73]}				yes	no	no	78	78
8	km3	4	garchomp_meowth v t-sceptile	246	23100040246	ON THE BOARD	state	65	10	64	{"coin_queued_offered":[65],"coin_queued_offered_any":[65]}				yes	no	no	70	70
8	km3	4	garchomp_meowth v t-sceptile	249	23100040249	LOOKAHEAD ONLY, both halves hold	lookahead	50	6	50			queued=1 cut=None free=false	built=None		no	no	69	94
8	km3	4	garchomp_meowth v t-sceptile	250	23100040250	ON THE BOARD	state	43	6	42	{"coin_queued_offered":[43],"coin_queued_offered_any":[43]}				yes	no	no	85	108
8	km3	4	garchomp_meowth v t-sceptile	260	23100040260	ON THE BOARD	state	34	4	33	{"coin_queued_offered":[34],"coin_queued_offered_any":[34]}				yes	no	no	65	65
8	km3	4	garchomp_meowth v t-sceptile	264	23100040264	LOOKAHEAD ONLY, both halves hold	lookahead	35	5	35			queued=2 cut=None free=false	built=None		yes	yes	68	96
8	km3	4	garchomp_meowth v t-sceptile	267	23100040267	ON THE BOARD	state	37	5	36	{"coin_queued_offered":[37],"coin_queued_offered_any":[37]}				yes	no	no	90	90
8	km3	4	garchomp_meowth v t-sceptile	268	23100040268	LOOKAHEAD ONLY, both halves hold	lookahead	39	6	39		{"coin_queued_offered":[42],"coin_queued_offered_any":[42]}	queued=3 cut=None free=true	built=None		no	no	131	54
8	km3	4	garchomp_meowth v t-sceptile	270	23100040270	ON THE BOARD	state	50	6	49	{"coin_queued_offered":[50],"coin_queued_offered_any":[50]}				yes	no	no	96	83
8	km3	4	garchomp_meowth v t-sceptile	275	23100040275	ON THE BOARD	state	33	4	32	{"coin_queued_offered":[33],"coin_queued_offered_any":[33]}				yes	no	no	89	88
8	km3	4	garchomp_meowth v t-sceptile	276	23100040276	ON THE BOARD	state	72	10	71	{"coin_queued_offered":[72],"coin_queued_offered_any":[72]}				yes	no	no	77	77
8	km3	4	garchomp_meowth v t-sceptile	280	23100040280	LOOKAHEAD ONLY, both halves hold	lookahead	46	6	46			queued=2 cut=None free=false	built=None		yes	yes	81	96
8	km3	4	garchomp_meowth v t-sceptile	286	23100040286	ON THE BOARD	state	24	4	23	{"coin_queued_offered":[24],"coin_queued_offered_any":[24]}				yes	no	no	57	84
8	km3	4	garchomp_meowth v t-sceptile	287	23100040287	ON THE BOARD	state	35	4	34	{"coin_queued_offered":[35],"coin_queued_offered_any":[35]}				yes	no	no	81	109
8	km3	4	garchomp_meowth v t-sceptile	289	23100040289	ON THE BOARD	state	29	4	28	{"coin_queued_offered":[29],"coin_queued_offered_any":[29]}				yes	no	no	51	51
8	km3	4	garchomp_meowth v t-sceptile	291	23100040291	LOOKAHEAD ONLY, both halves hold	lookahead	35	5	35			queued=2 cut=None free=false	built=None		yes	yes	46	56
8	km3	4	garchomp_meowth v t-sceptile	292	23100040292	LOOKAHEAD ONLY, both halves hold	lookahead	29	5	29			queued=2 cut=None free=false	built=None		yes	yes	62	71
8	km3	4	garchomp_meowth v t-sceptile	296	23100040296	LOOKAHEAD ONLY, both halves hold	lookahead	72	12	72			queued=2 cut=None free=true	built=None		yes	yes	76	75
8	km3	4	garchomp_meowth v t-sceptile	298	23100040298	ON THE BOARD	state	35	4	34	{"coin_queued_offered":[35],"coin_queued_offered_any":[35]}				yes	no	no	88	111
8	km3	4	garchomp_meowth v t-sceptile	299	23100040299	ON THE BOARD	state	30	4	29	{"coin_queued_offered":[30],"coin_queued_offered_any":[30]}				yes	no	no	56	68
8	km3	4	garchomp_meowth v t-sceptile	300	23100040300	LOOKAHEAD ONLY, both halves hold	lookahead	48	7	48			queued=2 cut=None free=true	built=None		yes	yes	69	65
8	km3	4	garchomp_meowth v t-sceptile	305	23100040305	ON THE BOARD	state	32	4	31	{"coin_queued_offered":[32],"coin_queued_offered_any":[32]}				yes	no	no	103	78
8	km3	4	garchomp_meowth v t-sceptile	309	23100040309	ON THE BOARD	state	67	8	66	{"coin_queued_offered":[67],"coin_queued_offered_any":[67]}				yes	no	no	119	119
8	km3	4	garchomp_meowth v t-sceptile	311	23100040311	ON THE BOARD	state	36	5	35	{"coin_queued_offered":[36],"coin_queued_offered_any":[36]}				yes	no	no	68	68
8	km3	4	garchomp_meowth v t-sceptile	313	23100040313	LOOKAHEAD ONLY, both halves hold	lookahead	33	5	33			queued=2 cut=None free=false	built=None		yes	yes	101	116
8	km3	4	garchomp_meowth v t-sceptile	315	23100040315	ON THE BOARD	state	25	4	24	{"coin_queued_offered":[25],"coin_queued_offered_any":[25]}				yes	no	no	53	53
8	km3	4	garchomp_meowth v t-sceptile	318	23100040318	ON THE BOARD	state	29	4	28	{"coin_queued_offered":[29],"coin_queued_offered_any":[29]}				yes	no	no	40	40
8	km3	4	garchomp_meowth v t-sceptile	320	23100040320	ON THE BOARD	state	82	10	81	{"coin_queued_offered":[82],"coin_queued_offered_any":[82]}				yes	no	no	84	84
8	km3	4	garchomp_meowth v t-sceptile	321	23100040321	LOOKAHEAD ONLY, both halves hold	lookahead	64	9	64			queued=2 cut=None free=false	built=None		yes	yes	68	68
8	km3	4	garchomp_meowth v t-sceptile	322	23100040322	ON THE BOARD	state	61	8	60	{"coin_queued_offered":[61],"coin_queued_offered_any":[61]}				yes	no	no	90	93
8	km3	4	garchomp_meowth v t-sceptile	324	23100040324	LOOKAHEAD ONLY, both halves hold	lookahead	66	10	66		{"coin_queued_offered":[69],"coin_queued_offered_any":[69]}	queued=3 cut=None free=true	built=None		no	no	71	71
8	km3	4	garchomp_meowth v t-sceptile	326	23100040326	LOOKAHEAD ONLY, both halves hold	lookahead	94	12	94			queued=2 cut=None free=false	built=None		no	no	127	128
8	km3	4	garchomp_meowth v t-sceptile	329	23100040329	ON THE BOARD	state	83	12	82	{"coin_queued_offered":[83],"coin_queued_offered_any":[83]}				yes	no	no	88	88
8	km3	4	garchomp_meowth v t-sceptile	331	23100040331	LOOKAHEAD ONLY, both halves hold	lookahead	81	11	81		{"coin_queued_offered":[86],"coin_queued_offered_any":[86]}	queued=3 cut=None free=true	built=None		no	no	88	96
8	km3	4	garchomp_meowth v t-sceptile	333	23100040333	ON THE BOARD	state	33	4	32	{"coin_queued_offered":[33],"coin_queued_offered_any":[33]}				yes	no	no	104	62
8	km3	4	garchomp_meowth v t-sceptile	334	23100040334	LOOKAHEAD ONLY, both halves hold	lookahead	34	5	34			queued=2 cut=None free=false	built=None		yes	yes	45	94
8	km3	4	garchomp_meowth v t-sceptile	348	23100040348	LOOKAHEAD ONLY, both halves hold	lookahead	61	8	61			queued=2 cut=None free=false	built=None		yes	yes	100	94
8	km3	4	garchomp_meowth v t-sceptile	349	23100040349	ON THE BOARD	state	75	9	74	{"coin_queued_offered":[75],"coin_queued_offered_any":[75]}				yes	no	no	88	93
8	km3	4	garchomp_meowth v t-sceptile	350	23100040350	ON THE BOARD	state	33	4	32	{"coin_queued_offered":[33],"coin_queued_offered_any":[33]}				yes	no	no	48	48
8	km3	4	garchomp_meowth v t-sceptile	352	23100040352	LOOKAHEAD ONLY, both halves hold	lookahead	38	5	38			queued=2 cut=None free=false	built=None		yes	yes	72	96
8	km3	4	garchomp_meowth v t-sceptile	356	23100040356	ON THE BOARD	state	66	8	65	{"coin_queued_offered":[66],"coin_queued_offered_any":[66]}				yes	no	no	68	82
8	km3	4	garchomp_meowth v t-sceptile	358	23100040358	LOOKAHEAD ONLY, both halves hold	lookahead	49	6	49			queued=2 cut=None free=false	built=None		yes	yes	78	96
8	km3	4	garchomp_meowth v t-sceptile	360	23100040360	UNEXPLAINED	lookahead	57	8	57			queued=None cut=None free=false	built=None		no	no	95	79
8	km3	4	garchomp_meowth v t-sceptile	361	23100040361	ON THE BOARD	state	69	9	68	{"coin_queued_offered":[69],"coin_queued_offered_any":[69]}				yes	no	no	93	123
8	km3	4	garchomp_meowth v t-sceptile	362	23100040362	ON THE BOARD	state	48	6	47	{"coin_queued_offered":[48],"coin_queued_offered_any":[48]}				yes	no	no	64	64
8	km3	4	garchomp_meowth v t-sceptile	363	23100040363	LOOKAHEAD ONLY, both halves hold	lookahead	56	7	56			queued=2 cut=None free=false	built=None		no	no	89	99
8	km3	4	garchomp_meowth v t-sceptile	370	23100040370	ON THE BOARD	state	53	7	52	{"coin_queued_offered":[53],"coin_queued_offered_any":[53]}				yes	no	no	64	67
8	km3	4	garchomp_meowth v t-sceptile	371	23100040371	ON THE BOARD	state	26	4	25	{"coin_queued_offered":[26],"coin_queued_offered_any":[26]}				yes	no	no	75	66
8	km3	4	garchomp_meowth v t-sceptile	376	23100040376	LOOKAHEAD ONLY, both halves hold	lookahead	52	8	52			queued=2 cut=None free=false	built=None		yes	yes	82	92
8	km3	4	garchomp_meowth v t-sceptile	377	23100040377	LOOKAHEAD ONLY, both halves hold	lookahead	56	9	56		{"coin_queued_offered":[60],"coin_queued_offered_any":[60]}	queued=3 cut=None free=true	built=None		no	no	62	96
8	km3	4	garchomp_meowth v t-sceptile	380	23100040380	LOOKAHEAD ONLY, both halves hold	lookahead	64	9	64			queued=2 cut=None free=false	built=None		yes	yes	80	103
8	km3	4	garchomp_meowth v t-sceptile	382	23100040382	ON THE BOARD	state	33	4	32	{"coin_queued_offered":[33],"coin_queued_offered_any":[33]}				yes	no	no	69	68
8	km3	4	garchomp_meowth v t-sceptile	384	23100040384	LOOKAHEAD ONLY, both halves hold	lookahead	79	11	79		{"coin_queued_offered":[82],"coin_queued_offered_any":[82]}	queued=3 cut=None free=true	built=None		no	no	84	84
8	km3	4	garchomp_meowth v t-sceptile	385	23100040385	LOOKAHEAD ONLY, both halves hold	lookahead	27	4	27		{"coin_queued_offered":[31],"coin_queued_offered_any":[31]}	queued=3 cut=None free=true	built=None		no	no	52	75
8	km3	4	garchomp_meowth v t-sceptile	390	23100040390	ON THE BOARD	state	43	6	42	{"coin_queued_offered":[43],"coin_queued_offered_any":[43]}				yes	no	no	75	95
8	km3	4	garchomp_meowth v t-sceptile	391	23100040391	ON THE BOARD	state	101	14	100	{"coin_queued_offered":[101],"coin_queued_offered_any":[101]}				yes	no	no	103	103
8	km3	4	garchomp_meowth v t-sceptile	392	23100040392	LOOKAHEAD ONLY, both halves hold	lookahead	61	9	61		{"coin_queued_offered":[64],"coin_queued_offered_any":[64]}	queued=3 cut=None free=true	built=None		no	no	66	91
8	km3	4	garchomp_meowth v t-sceptile	393	23100040393	LOOKAHEAD ONLY, both halves hold	lookahead	107	14	107		{"coin_queued_offered":[110],"coin_queued_offered_any":[110]}	queued=3 cut=None free=true	built=None		no	no	112	112
8	km3	4	garchomp_meowth v t-sceptile	399	23100040399	LOOKAHEAD ONLY, both halves hold	lookahead	62	8	62			queued=2 cut=None free=false	built=None		no	no	84	80
8	km3	4	garchomp_meowth v t-sceptile	400	23100040400	LOOKAHEAD ONLY, both halves hold	lookahead	83	12	83		{"coin_queued_offered":[86],"coin_queued_offered_any":[86]}	queued=3 cut=None free=true	built=None		no	no	105	105
8	km3	4	garchomp_meowth v t-sceptile	404	23100040404	ON THE BOARD	state	77	9	76	{"coin_queued_offered":[77],"coin_queued_offered_any":[77]}				yes	no	no	115	98
8	km3	4	garchomp_meowth v t-sceptile	409	23100040409	ON THE BOARD	state	82	12	81	{"coin_queued_offered":[82],"coin_queued_offered_any":[82]}				yes	no	no	84	84
8	km3	4	garchomp_meowth v t-sceptile	410	23100040410	ON THE BOARD	state	60	8	59	{"coin_queued_offered":[60],"coin_queued_offered_any":[60]}				yes	no	no	73	89
8	km3	4	garchomp_meowth v t-sceptile	411	23100040411	LOOKAHEAD ONLY, both halves hold	lookahead	40	5	40			queued=1 cut=None free=false	built=None		yes	yes	106	107
8	km3	4	garchomp_meowth v t-sceptile	412	23100040412	LOOKAHEAD ONLY, both halves hold	lookahead	40	5	40			queued=2 cut=None free=false	built=None		yes	yes	121	112
8	km3	4	garchomp_meowth v t-sceptile	414	23100040414	LOOKAHEAD ONLY, both halves hold	lookahead	77	10	77		{"coin_queued_offered":[81],"coin_queued_offered_any":[81]}	queued=3 cut=None free=true	built=None		no	no	91	83
8	km3	4	garchomp_meowth v t-sceptile	415	23100040415	ON THE BOARD	state	38	5	37	{"coin_queued_offered":[38],"coin_queued_offered_any":[38]}				yes	no	no	89	76
8	km3	4	garchomp_meowth v t-sceptile	417	23100040417	ON THE BOARD	state	70	10	69	{"coin_queued_offered":[70],"coin_queued_offered_any":[70]}				yes	no	no	89	89
8	km3	4	garchomp_meowth v t-sceptile	419	23100040419	ON THE BOARD	state	64	8	63	{"coin_queued_offered":[64],"coin_queued_offered_any":[64]}				yes	no	no	89	95
8	km3	4	garchomp_meowth v t-sceptile	421	23100040421	ON THE BOARD	state	64	8	63	{"coin_queued_offered":[64],"coin_queued_offered_any":[64]}				yes	no	no	76	98
8	km3	4	garchomp_meowth v t-sceptile	422	23100040422	ON THE BOARD	state	95	12	94	{"coin_queued_offered":[95],"coin_queued_offered_any":[95]}				yes	no	no	111	111
8	km3	4	garchomp_meowth v t-sceptile	423	23100040423	ON THE BOARD	state	49	6	48	{"coin_queued_offered":[49],"coin_queued_offered_any":[49]}				yes	no	no	83	83
8	km3	4	garchomp_meowth v t-sceptile	424	23100040424	LOOKAHEAD ONLY, both halves hold	lookahead	58	8	58			queued=2 cut=None free=false	built=None		yes	yes	77	103
8	km3	4	garchomp_meowth v t-sceptile	425	23100040425	ON THE BOARD	state	81	11	80	{"coin_queued_offered":[81],"coin_queued_offered_any":[81]}				yes	no	no	86	86
8	km3	4	garchomp_meowth v t-sceptile	428	23100040428	LOOKAHEAD ONLY, both halves hold	lookahead	70	10	70			queued=2 cut=None free=false	built=None		yes	yes	74	71
8	km3	4	garchomp_meowth v t-sceptile	432	23100040432	LOOKAHEAD ONLY, both halves hold	lookahead	56	7	56			queued=2 cut=None free=false	built=None		no	no	85	86
8	km3	4	garchomp_meowth v t-sceptile	437	23100040437	LOOKAHEAD ONLY, both halves hold	lookahead	72	9	72			queued=2 cut=None free=false	built=None		no	no	103	89
8	km3	4	garchomp_meowth v t-sceptile	438	23100040438	ON THE BOARD	state	32	4	31	{"coin_queued_offered":[32],"coin_queued_offered_any":[32]}				yes	no	no	59	117
8	km3	4	garchomp_meowth v t-sceptile	442	23100040442	ON THE BOARD	state	97	12	96	{"coin_queued_offered":[97],"coin_queued_offered_any":[97]}				yes	no	no	112	112
8	km3	4	garchomp_meowth v t-sceptile	444	23100040444	ON THE BOARD	state	75	10	74	{"coin_queued_offered":[75],"coin_queued_offered_any":[75]}				yes	no	no	88	154
8	km3	4	garchomp_meowth v t-sceptile	446	23100040446	LOOKAHEAD ONLY, both halves hold	lookahead	90	13	90			queued=2 cut=None free=false	built=None		yes	yes	94	91
8	km3	4	garchomp_meowth v t-sceptile	449	23100040449	ON THE BOARD	state	28	4	27	{"coin_queued_offered":[28],"coin_queued_offered_any":[28]}				yes	no	no	58	102
8	km3	4	garchomp_meowth v t-sceptile	456	23100040456	LOOKAHEAD ONLY, both halves hold	lookahead	65	8	65			queued=2 cut=None free=false	built=None		yes	yes	80	79
8	km3	4	garchomp_meowth v t-sceptile	459	23100040459	ON THE BOARD	state	26	4	25	{"coin_queued_offered":[26],"coin_queued_offered_any":[26]}				yes	no	no	61	79
8	km3	4	garchomp_meowth v t-sceptile	462	23100040462	ON THE BOARD	state	85	10	84	{"coin_queued_offered":[85],"coin_queued_offered_any":[85]}				yes	no	no	104	104
8	km3	4	garchomp_meowth v t-sceptile	463	23100040463	LOOKAHEAD ONLY, both halves hold	lookahead	63	9	63		{"coin_queued_offered":[68],"coin_queued_offered_any":[68]}	queued=2 cut=None free=true	built=None		no	no	83	83
8	km3	4	garchomp_meowth v t-sceptile	467	23100040467	LOOKAHEAD ONLY, both halves hold	lookahead	41	5	41			queued=2 cut=None free=false	built=None		yes	no	98	78
8	km3	4	garchomp_meowth v t-sceptile	468	23100040468	ON THE BOARD	state	73	10	72	{"coin_queued_offered":[73],"coin_queued_offered_any":[73]}				yes	no	no	78	78
8	km3	4	garchomp_meowth v t-sceptile	469	23100040469	ON THE BOARD	state	47	5	46	{"coin_queued_offered":[47],"coin_queued_offered_any":[47]}				yes	no	no	68	67
8	km3	4	garchomp_meowth v t-sceptile	472	23100040472	ON THE BOARD	state	59	8	58	{"coin_queued_offered":[59],"coin_queued_offered_any":[59]}				yes	no	no	71	84
8	km3	4	garchomp_meowth v t-sceptile	474	23100040474	ON THE BOARD	state	57	8	56	{"coin_queued_offered":[57],"coin_queued_offered_any":[57]}				yes	no	no	105	102
8	km3	4	garchomp_meowth v t-sceptile	476	23100040476	ON THE BOARD	state	67	8	66	{"coin_queued_offered":[67],"coin_queued_offered_any":[67]}				yes	no	no	69	89
8	km3	4	garchomp_meowth v t-sceptile	478	23100040478	LOOKAHEAD ONLY, both halves hold	lookahead	59	8	59			queued=2 cut=None free=false	built=None		no	no	77	127
8	km3	4	garchomp_meowth v t-sceptile	480	23100040480	ON THE BOARD	state	32	4	31	{"coin_queued_offered":[32],"coin_queued_offered_any":[32]}				yes	no	no	59	60
8	km3	4	garchomp_meowth v t-sceptile	482	23100040482	LOOKAHEAD ONLY, both halves hold	lookahead	34	5	34			queued=2 cut=None free=false	built=None		yes	yes	87	103
8	km3	4	garchomp_meowth v t-sceptile	484	23100040484	LOOKAHEAD ONLY, both halves hold	lookahead	56	8	56		{"coin_queued_offered":[59],"coin_queued_offered_any":[59]}	queued=3 cut=None free=true	built=None		no	no	110	115
8	km3	4	garchomp_meowth v t-sceptile	486	23100040486	ON THE BOARD	state	85	12	84	{"coin_queued_offered":[85],"coin_queued_offered_any":[85]}				yes	no	no	100	100
8	km3	4	garchomp_meowth v t-sceptile	488	23100040488	ON THE BOARD	state	27	4	26	{"coin_queued_offered":[27],"coin_queued_offered_any":[27]}				yes	no	no	35	35
8	km3	4	garchomp_meowth v t-sceptile	489	23100040489	LOOKAHEAD ONLY, both halves hold	lookahead	49	7	49		{"coin_queued_offered":[54],"coin_queued_offered_any":[54]}	queued=3 cut=None free=true	built=None		no	no	56	56
8	km3	4	garchomp_meowth v t-sceptile	490	23100040490	ON THE BOARD	state	29	4	28	{"coin_queued_offered":[29],"coin_queued_offered_any":[29]}				yes	no	no	64	77
8	km3	4	garchomp_meowth v t-sceptile	492	23100040492	ON THE BOARD	state	81	11	80	{"coin_queued_offered":[81],"coin_queued_offered_any":[81]}				yes	no	no	97	97
8	km3	4	garchomp_meowth v t-sceptile	494	23100040494	ON THE BOARD	state	29	4	28	{"coin_queued_offered":[29],"coin_queued_offered_any":[29]}				yes	no	no	76	76
8	km3	4	garchomp_meowth v t-sceptile	497	23100040497	ON THE BOARD	state	41	5	40	{"coin_queued_offered":[41],"coin_queued_offered_any":[41]}				yes	no	no	90	69
8	km3	4	garchomp_meowth v t-sceptile	498	23100040498	ON THE BOARD	state	77	9	76	{"coin_queued_offered":[77],"coin_queued_offered_any":[77]}				yes	no	no	79	109
8	k3	4	garchomp_meowth v t-sceptile	1	23100040001	ON THE BOARD	state	37	4	36	{"coin_queued_offered":[37],"coin_queued_offered_any":[37]}				yes	no	no	86	104
8	k3	4	garchomp_meowth v t-sceptile	6	23100040006	LOOKAHEAD ONLY, both halves hold	lookahead	50	7	50			queued=2 cut=None free=false	built=None		no	no	86	93
8	k3	4	garchomp_meowth v t-sceptile	7	23100040007	UNEXPLAINED	lookahead	95	13	95			queued=None cut=None free=false	built=None		no	no	102	102
8	k3	4	garchomp_meowth v t-sceptile	8	23100040008	LOOKAHEAD ONLY, both halves hold	lookahead	98	13	98		{"coin_queued_offered":[101],"coin_queued_offered_any":[101]}	queued=3 cut=None free=true	built=None		no	no	103	103
8	k3	4	garchomp_meowth v t-sceptile	10	23100040010	ON THE BOARD	state	23	4	22	{"coin_queued_offered":[23],"coin_queued_offered_any":[23]}				yes	no	no	88	88
8	k3	4	garchomp_meowth v t-sceptile	12	23100040012	ON THE BOARD	state	60	9	59	{"coin_queued_offered":[60],"coin_queued_offered_any":[60]}				yes	no	no	65	65
8	k3	4	garchomp_meowth v t-sceptile	14	23100040014	LOOKAHEAD ONLY, both halves hold	lookahead	64	10	64		{"coin_queued_offered":[69],"coin_queued_offered_any":[69]}	queued=3 cut=None free=true	built=None		no	no	90	80
8	k3	4	garchomp_meowth v t-sceptile	15	23100040015	ON THE BOARD	state	71	9	70	{"coin_queued_offered":[71],"coin_queued_offered_any":[71]}				yes	no	no	97	97
8	k3	4	garchomp_meowth v t-sceptile	25	23100040025	ON THE BOARD	state	29	4	28	{"coin_queued_offered":[29],"coin_queued_offered_any":[29]}				yes	no	no	57	59
8	k3	4	garchomp_meowth v t-sceptile	29	23100040029	ON THE BOARD	state	35	4	34	{"coin_queued_offered":[35],"coin_queued_offered_any":[35]}				yes	no	no	61	78
8	k3	4	garchomp_meowth v t-sceptile	30	23100040030	LOOKAHEAD ONLY, both halves hold	lookahead	98	13	98			queued=2 cut=None free=false	built=None		no	no	113	112
8	k3	4	garchomp_meowth v t-sceptile	32	23100040032	ON THE BOARD	state	45	5	44	{"coin_queued_offered":[45],"coin_queued_offered_any":[45]}				yes	no	no	88	88
8	k3	4	garchomp_meowth v t-sceptile	33	23100040033	ON THE BOARD	state	61	8	60	{"coin_queued_offered":[61],"coin_queued_offered_any":[61]}				yes	no	no	92	91
8	k3	4	garchomp_meowth v t-sceptile	34	23100040034	LOOKAHEAD ONLY, both halves hold	lookahead	54	8	54		{"coin_queued_offered":[59],"coin_queued_offered_any":[59]}	queued=3 cut=None free=true	built=None		no	no	84	90
8	k3	4	garchomp_meowth v t-sceptile	39	23100040039	LOOKAHEAD ONLY, both halves hold	lookahead	62	8	62			queued=2 cut=None free=false	built=None		no	no	80	94
8	k3	4	garchomp_meowth v t-sceptile	40	23100040040	LOOKAHEAD ONLY, both halves hold	lookahead	97	14	97		{"coin_queued_offered":[99],"coin_queued_offered_any":[99]}	queued=1 cut=None free=false	built=None		no	no	100	101
8	k3	4	garchomp_meowth v t-sceptile	43	23100040043	LOOKAHEAD ONLY, both halves hold	lookahead	70	9	70			queued=2 cut=None free=false	built=None		yes	yes	74	86
8	k3	4	garchomp_meowth v t-sceptile	51	23100040051	LOOKAHEAD ONLY, both halves hold	lookahead	44	6	44			queued=2 cut=None free=false	built=None		yes	yes	64	74
8	k3	4	garchomp_meowth v t-sceptile	52	23100040052	ON THE BOARD	state	30	4	29	{"coin_queued_offered":[30],"coin_queued_offered_any":[30]}				yes	no	no	60	52
8	k3	4	garchomp_meowth v t-sceptile	55	23100040055	ON THE BOARD	state	24	4	23	{"coin_queued_offered":[24],"coin_queued_offered_any":[24]}				yes	no	no	30	30
8	k3	4	garchomp_meowth v t-sceptile	62	23100040062	LOOKAHEAD ONLY, both halves hold	lookahead	51	6	51			queued=2 cut=None free=false	built=None		no	no	82	107
8	k3	4	garchomp_meowth v t-sceptile	68	23100040068	ON THE BOARD	state	58	8	57	{"coin_queued_offered":[58],"coin_queued_offered_any":[58]}				yes	no	no	76	76
8	k3	4	garchomp_meowth v t-sceptile	73	23100040073	ON THE BOARD	state	53	6	52	{"coin_queued_offered":[53],"coin_queued_offered_any":[53]}				yes	no	no	67	97
8	k3	4	garchomp_meowth v t-sceptile	76	23100040076	ON THE BOARD	state	78	10	77	{"coin_queued_offered":[78],"coin_queued_offered_any":[78]}				yes	no	no	91	91
8	k3	4	garchomp_meowth v t-sceptile	77	23100040077	ON THE BOARD	state	59	8	58	{"coin_queued_offered":[59],"coin_queued_offered_any":[59]}				yes	no	no	90	92
8	k3	4	garchomp_meowth v t-sceptile	78	23100040078	ON THE BOARD	state	36	4	35	{"coin_queued_offered":[36],"coin_queued_offered_any":[36]}				yes	no	no	78	86
8	k3	4	garchomp_meowth v t-sceptile	80	23100040080	ON THE BOARD	state	92	14	91	{"coin_queued_offered":[92],"coin_queued_offered_any":[92]}				yes	no	no	94	97
8	k3	4	garchomp_meowth v t-sceptile	83	23100040083	ON THE BOARD	state	27	4	26	{"coin_queued_offered":[27],"coin_queued_offered_any":[27]}				yes	no	no	57	57
8	k3	4	garchomp_meowth v t-sceptile	88	23100040088	ON THE BOARD	state	52	6	51	{"coin_queued_offered":[52],"coin_queued_offered_any":[52]}				yes	no	no	91	91
8	k3	4	garchomp_meowth v t-sceptile	89	23100040089	ON THE BOARD	state	67	8	66	{"coin_queued_offered":[67],"coin_queued_offered_any":[67]}				yes	no	no	95	95
8	k3	4	garchomp_meowth v t-sceptile	92	23100040092	LOOKAHEAD ONLY, both halves hold	lookahead	64	9	64		{"coin_queued_offered":[68],"coin_queued_offered_any":[68]}	queued=3 cut=None free=true	built=None		no	no	89	89
8	k3	4	garchomp_meowth v t-sceptile	93	23100040093	ON THE BOARD	state	42	5	41	{"coin_queued_offered":[42],"coin_queued_offered_any":[42]}				yes	no	no	93	93
8	k3	4	garchomp_meowth v t-sceptile	95	23100040095	LOOKAHEAD ONLY, both halves hold	lookahead	60	8	60			queued=2 cut=None free=false	built=None		yes	yes	78	75
8	k3	4	garchomp_meowth v t-sceptile	98	23100040098	ON THE BOARD	state	74	9	73	{"coin_queued_offered":[74],"coin_queued_offered_any":[74]}				yes	no	no	91	90
8	k3	4	garchomp_meowth v t-sceptile	103	23100040103	LOOKAHEAD ONLY, both halves hold	lookahead	58	9	58		{"coin_queued_offered":[61],"coin_queued_offered_any":[61]}	queued=3 cut=None free=true	built=None		no	no	84	85
8	k3	4	garchomp_meowth v t-sceptile	104	23100040104	LOOKAHEAD ONLY, both halves hold	lookahead	66	9	66			queued=3 cut=None free=true	built=None		yes	no	70	70
8	k3	4	garchomp_meowth v t-sceptile	105	23100040105	ON THE BOARD	state	80	10	79	{"coin_queued_offered":[80],"coin_queued_offered_any":[80]}				yes	no	no	102	102
8	k3	4	garchomp_meowth v t-sceptile	106	23100040106	ON THE BOARD	state	75	10	74	{"coin_queued_offered":[75],"coin_queued_offered_any":[75]}				yes	no	no	80	80
8	k3	4	garchomp_meowth v t-sceptile	111	23100040111	LOOKAHEAD ONLY, both halves hold	lookahead	68	9	68		{"coin_queued_offered":[71],"coin_queued_offered_any":[71]}	queued=1 cut=None free=false	built=None		no	no	71	73
8	k3	4	garchomp_meowth v t-sceptile	112	23100040112	ON THE BOARD	state	43	5	42	{"coin_queued_offered":[43],"coin_queued_offered_any":[43]}				yes	no	no	82	120
8	k3	4	garchomp_meowth v t-sceptile	115	23100040115	ON THE BOARD	state	55	8	54	{"coin_queued_offered":[55],"coin_queued_offered_any":[55]}				yes	no	no	81	96
8	k3	4	garchomp_meowth v t-sceptile	119	23100040119	ON THE BOARD	state	71	10	70	{"coin_queued_offered":[71],"coin_queued_offered_any":[71]}				yes	no	no	96	103
8	k3	4	garchomp_meowth v t-sceptile	123	23100040123	LOOKAHEAD ONLY, both halves hold	lookahead	18	4	18		{"coin_queued_offered":[22],"coin_queued_offered_any":[22]}	queued=1 cut=None free=true	built=None		no	no	99	69
8	k3	4	garchomp_meowth v t-sceptile	124	23100040124	ON THE BOARD	state	53	7	52	{"coin_queued_offered":[53],"coin_queued_offered_any":[53]}				yes	no	no	95	108
8	k3	4	garchomp_meowth v t-sceptile	127	23100040127	ON THE BOARD	state	73	10	72	{"coin_queued_offered":[73],"coin_queued_offered_any":[73]}				yes	no	no	78	78
8	k3	4	garchomp_meowth v t-sceptile	131	23100040131	LOOKAHEAD ONLY, both halves hold	lookahead	37	6	37			queued=1 cut=None free=false	built=None		yes	yes	52	94
8	k3	4	garchomp_meowth v t-sceptile	134	23100040134	LOOKAHEAD ONLY, both halves hold	lookahead	93	12	93		{"coin_queued_offered":[96],"coin_queued_offered_any":[96]}	queued=3 cut=None free=true	built=None		no	no	98	110
8	k3	4	garchomp_meowth v t-sceptile	135	23100040135	ON THE BOARD	state	19	4	18	{"coin_queued_offered":[19],"coin_queued_offered_any":[19]}				yes	no	no	59	127
8	k3	4	garchomp_meowth v t-sceptile	136	23100040136	ON THE BOARD	state	48	6	47	{"coin_queued_offered":[48],"coin_queued_offered_any":[48]}				yes	no	no	60	130
8	k3	4	garchomp_meowth v t-sceptile	137	23100040137	LOOKAHEAD ONLY, both halves hold	lookahead	57	8	57		{"coin_queued_offered":[62],"coin_queued_offered_any":[62]}	queued=3 cut=None free=true	built=None		no	no	64	64
8	k3	4	garchomp_meowth v t-sceptile	140	23100040140	ON THE BOARD	state	32	4	31	{"coin_queued_offered":[32],"coin_queued_offered_any":[32]}				yes	no	no	61	73
8	k3	4	garchomp_meowth v t-sceptile	142	23100040142	ON THE BOARD	state	62	8	61	{"coin_queued_offered":[62],"coin_queued_offered_any":[62]}				yes	no	no	79	79
8	k3	4	garchomp_meowth v t-sceptile	144	23100040144	LOOKAHEAD ONLY, both halves hold	lookahead	64	8	64			queued=2 cut=None free=false	built=None		no	no	80	118
8	k3	4	garchomp_meowth v t-sceptile	145	23100040145	LOOKAHEAD ONLY, both halves hold	lookahead	52	7	52			queued=2 cut=None free=true	built=None		yes	yes	72	81
8	k3	4	garchomp_meowth v t-sceptile	150	23100040150	ON THE BOARD	state	67	8	66	{"coin_queued_offered":[67],"coin_queued_offered_any":[67]}				yes	no	no	92	89
8	k3	4	garchomp_meowth v t-sceptile	152	23100040152	ON THE BOARD	state	80	12	79	{"coin_queued_offered":[80],"coin_queued_offered_any":[80]}				yes	no	no	85	85
8	k3	4	garchomp_meowth v t-sceptile	153	23100040153	ON THE BOARD	state	74	10	73	{"coin_queued_offered":[74],"coin_queued_offered_any":[74]}				yes	no	no	90	90
8	k3	4	garchomp_meowth v t-sceptile	154	23100040154	LOOKAHEAD ONLY, both halves hold	lookahead	62	10	62			queued=2 cut=None free=false	built=None		yes	yes	66	66
8	k3	4	garchomp_meowth v t-sceptile	159	23100040159	ON THE BOARD	state	46	6	45	{"coin_queued_offered":[46],"coin_queued_offered_any":[46]}				yes	no	no	78	77
8	k3	4	garchomp_meowth v t-sceptile	160	23100040160	ON THE BOARD	state	33	4	32	{"coin_queued_offered":[33],"coin_queued_offered_any":[33]}				yes	no	no	89	89
8	k3	4	garchomp_meowth v t-sceptile	163	23100040163	LOOKAHEAD ONLY, both halves hold	lookahead	48	6	48			queued=2 cut=None free=false	built=None		yes	yes	75	73
8	k3	4	garchomp_meowth v t-sceptile	166	23100040166	ON THE BOARD	state	30	4	29	{"coin_queued_offered":[30],"coin_queued_offered_any":[30]}				yes	no	no	59	59
8	k3	4	garchomp_meowth v t-sceptile	167	23100040167	LOOKAHEAD ONLY, both halves hold	lookahead	77	11	77		{"coin_queued_offered":[80],"coin_queued_offered_any":[80]}	queued=3 cut=None free=true	built=None		no	no	82	82
8	k3	4	garchomp_meowth v t-sceptile	171	23100040171	ON THE BOARD	state	68	9	67	{"coin_queued_offered":[68],"coin_queued_offered_any":[68]}				yes	no	no	70	70
8	k3	4	garchomp_meowth v t-sceptile	174	23100040174	ON THE BOARD	state	40	4	39	{"coin_queued_offered":[40],"coin_queued_offered_any":[40]}				yes	no	no	68	144
8	k3	4	garchomp_meowth v t-sceptile	178	23100040178	LOOKAHEAD ONLY, both halves hold	lookahead	89	13	89		{"coin_queued_offered":[91],"coin_queued_offered_any":[91]}	queued=1 cut=None free=false	built=None		no	no	92	123
8	k3	4	garchomp_meowth v t-sceptile	181	23100040181	ON THE BOARD	state	85	11	84	{"coin_queued_offered":[85],"coin_queued_offered_any":[85]}				yes	no	no	100	102
8	k3	4	garchomp_meowth v t-sceptile	183	23100040183	LOOKAHEAD ONLY, both halves hold	lookahead	24	4	24		{"coin_queued_offered":[28],"coin_queued_offered_any":[28]}	queued=1 cut=None free=true	built=None		no	no	53	76
8	k3	4	garchomp_meowth v t-sceptile	184	23100040184	ON THE BOARD	state	37	5	36	{"coin_queued_offered":[37],"coin_queued_offered_any":[37]}				yes	no	no	78	136
8	k3	4	garchomp_meowth v t-sceptile	188	23100040188	ON THE BOARD	state	28	4	27	{"coin_queued_offered":[28],"coin_queued_offered_any":[28]}				yes	no	no	51	51
8	k3	4	garchomp_meowth v t-sceptile	189	23100040189	ON THE BOARD	state	70	9	69	{"coin_queued_offered":[70],"coin_queued_offered_any":[70]}				yes	no	no	83	97
8	k3	4	garchomp_meowth v t-sceptile	194	23100040194	ON THE BOARD	state	29	4	28	{"coin_queued_offered":[29],"coin_queued_offered_any":[29]}				yes	no	no	85	118
8	k3	4	garchomp_meowth v t-sceptile	201	23100040201	LOOKAHEAD ONLY, both halves hold	lookahead	59	8	59			queued=1 cut=None free=false	built=None		yes	yes	83	106
8	k3	4	garchomp_meowth v t-sceptile	202	23100040202	LOOKAHEAD ONLY, both halves hold	lookahead	79	11	79			queued=2 cut=None free=false	built=None		yes	yes	98	96
8	k3	4	garchomp_meowth v t-sceptile	204	23100040204	LOOKAHEAD ONLY, both halves hold	lookahead	53	8	53			queued=2 cut=None free=false	built=None		yes	yes	72	72
8	k3	4	garchomp_meowth v t-sceptile	205	23100040205	LOOKAHEAD ONLY, both halves hold	lookahead	69	9	69		{"coin_queued_offered":[72],"coin_queued_offered_any":[72]}	queued=3 cut=None free=true	built=None		no	no	98	74
8	k3	4	garchomp_meowth v t-sceptile	208	23100040208	LOOKAHEAD ONLY, both halves hold	lookahead	57	9	57		{"coin_queued_offered":[60],"coin_queued_offered_any":[60]}	queued=3 cut=None free=true	built=None		no	no	62	88
8	k3	4	garchomp_meowth v t-sceptile	210	23100040210	LOOKAHEAD ONLY, both halves hold	lookahead	46	7	46			queued=3 cut=None free=true	built=None		yes	no	52	53
8	k3	4	garchomp_meowth v t-sceptile	211	23100040211	ON THE BOARD	state	23	4	22	{"coin_queued_offered":[23],"coin_queued_offered_any":[23]}				yes	no	no	47	47
8	k3	4	garchomp_meowth v t-sceptile	212	23100040212	ON THE BOARD	state	50	6	49	{"coin_queued_offered":[50],"coin_queued_offered_any":[50]}				yes	no	no	63	119
8	k3	4	garchomp_meowth v t-sceptile	214	23100040214	ON THE BOARD	state	70	8	69	{"coin_queued_offered":[70],"coin_queued_offered_any":[70]}				yes	no	no	119	119
8	k3	4	garchomp_meowth v t-sceptile	215	23100040215	ON THE BOARD	state	59	7	58	{"coin_queued_offered":[59],"coin_queued_offered_any":[59]}				yes	no	no	95	96
8	k3	4	garchomp_meowth v t-sceptile	218	23100040218	ON THE BOARD	state	54	6	53	{"coin_queued_offered":[54],"coin_queued_offered_any":[54]}				yes	no	no	67	94
8	k3	4	garchomp_meowth v t-sceptile	220	23100040220	LOOKAHEAD ONLY, both halves hold	lookahead	50	6	50			queued=2 cut=None free=false	built=None		no	no	66	91
8	k3	4	garchomp_meowth v t-sceptile	221	23100040221	LOOKAHEAD ONLY, both halves hold	lookahead	72	10	72			queued=2 cut=None free=false	built=None		no	no	94	86
8	k3	4	garchomp_meowth v t-sceptile	222	23100040222	ON THE BOARD	state	52	7	51	{"coin_queued_offered":[52],"coin_queued_offered_any":[52]}				yes	no	no	81	80
8	k3	4	garchomp_meowth v t-sceptile	223	23100040223	ON THE BOARD	state	35	4	34	{"coin_queued_offered":[35],"coin_queued_offered_any":[35]}				yes	no	no	61	76
8	k3	4	garchomp_meowth v t-sceptile	224	23100040224	LOOKAHEAD ONLY, both halves hold	lookahead	77	12	77		{"coin_queued_offered":[81],"coin_queued_offered_any":[81]}	queued=3 cut=None free=true	built=None		no	no	83	106
8	k3	4	garchomp_meowth v t-sceptile	226	23100040226	ON THE BOARD	state	25	4	24	{"coin_queued_offered":[25],"coin_queued_offered_any":[25]}				yes	no	no	74	74
8	k3	4	garchomp_meowth v t-sceptile	227	23100040227	ON THE BOARD	state	69	10	68	{"coin_queued_offered":[69],"coin_queued_offered_any":[69]}				yes	no	no	87	87
8	k3	4	garchomp_meowth v t-sceptile	228	23100040228	ON THE BOARD	state	33	4	32	{"coin_queued_offered":[33],"coin_queued_offered_any":[33]}				yes	no	no	93	69
8	k3	4	garchomp_meowth v t-sceptile	229	23100040229	LOOKAHEAD ONLY, both halves hold	lookahead	95	13	95			queued=2 cut=None free=false	built=None		no	no	113	136
8	k3	4	garchomp_meowth v t-sceptile	230	23100040230	ON THE BOARD	state	66	9	65	{"coin_queued_offered":[66],"coin_queued_offered_any":[66]}				yes	no	no	84	84
8	k3	4	garchomp_meowth v t-sceptile	231	23100040231	ON THE BOARD	state	70	9	69	{"coin_queued_offered":[70],"coin_queued_offered_any":[70]}				yes	no	no	75	75
8	k3	4	garchomp_meowth v t-sceptile	232	23100040232	ON THE BOARD	state	30	4	29	{"coin_queued_offered":[30],"coin_queued_offered_any":[30]}				yes	no	no	57	57
8	k3	4	garchomp_meowth v t-sceptile	236	23100040236	ON THE BOARD	state	71	9	70	{"coin_queued_offered":[71],"coin_queued_offered_any":[71]}				yes	no	no	89	89
8	k3	4	garchomp_meowth v t-sceptile	237	23100040237	ON THE BOARD	state	72	9	71	{"coin_queued_offered":[72],"coin_queued_offered_any":[72]}				yes	no	no	74	74
8	k3	4	garchomp_meowth v t-sceptile	238	23100040238	ON THE BOARD	state	85	10	84	{"coin_queued_offered":[85],"coin_queued_offered_any":[85]}				yes	no	no	96	100
8	k3	4	garchomp_meowth v t-sceptile	239	23100040239	ON THE BOARD	state	39	5	38	{"coin_queued_offered":[39],"coin_queued_offered_any":[39]}				yes	no	no	89	87
8	k3	4	garchomp_meowth v t-sceptile	242	23100040242	ON THE BOARD	state	33	5	32	{"coin_queued_offered":[33],"coin_queued_offered_any":[33]}				yes	no	no	89	89
8	k3	4	garchomp_meowth v t-sceptile	244	23100040244	LOOKAHEAD ONLY, both halves hold	lookahead	53	8	53			queued=2 cut=None free=false	built=None		no	no	69	113
8	k3	4	garchomp_meowth v t-sceptile	248	23100040248	ON THE BOARD	state	47	6	46	{"coin_queued_offered":[47],"coin_queued_offered_any":[47]}				yes	no	no	84	81
8	k3	4	garchomp_meowth v t-sceptile	249	23100040249	LOOKAHEAD ONLY, both halves hold	lookahead	49	6	49			queued=1 cut=None free=false	built=None		yes	yes	88	68
8	km3	5	garchomp_meowth v t-suicune	15	23100050015	ON THE BOARD	state	87	12	86	{"coin_queued_offered":[87],"coin_queued_offered_any":[87]}				yes	no	no	120	117
8	km3	5	garchomp_meowth v t-suicune	51	23100050051	ON THE BOARD	state	64	10	63	{"coin_queued_offered":[64],"coin_queued_offered_any":[64]}				yes	no	no	66	66
8	km3	5	garchomp_meowth v t-suicune	65	23100050065	ON THE BOARD	state	33	4	32	{"coin_queued_offered":[33],"coin_queued_offered_any":[33]}				yes	no	no	96	97
8	km3	5	garchomp_meowth v t-suicune	82	23100050082	ON THE BOARD	state	71	9	70	{"coin_queued_offered":[71],"coin_queued_offered_any":[71]}				yes	no	no	92	92
8	km3	5	garchomp_meowth v t-suicune	146	23100050146	LOOKAHEAD ONLY, both halves hold	lookahead	93	13	93		{"coin_queued_offered":[97],"coin_queued_offered_any":[97]}	queued=1 cut=None free=false	built=None		no	no	96	103
8	km3	5	garchomp_meowth v t-suicune	155	23100050155	ON THE BOARD	state	43	7	42	{"coin_queued_offered":[43],"coin_queued_offered_any":[43]}				yes	no	no	89	117
8	km3	5	garchomp_meowth v t-suicune	157	23100050157	LOOKAHEAD ONLY, both halves hold	lookahead	69	10	69			queued=2 cut=None free=false	built=None		no	no	73	112
8	km3	5	garchomp_meowth v t-suicune	166	23100050166	ON THE BOARD	state	107	14	106	{"coin_queued_offered":[107],"coin_queued_offered_any":[107]}				yes	no	no	109	109
8	km3	5	garchomp_meowth v t-suicune	169	23100050169	ON THE BOARD	state	80	12	79	{"coin_queued_offered":[80],"coin_queued_offered_any":[80]}				yes	no	no	82	82
8	km3	5	garchomp_meowth v t-suicune	170	23100050170	LOOKAHEAD ONLY, both halves hold	lookahead	60	9	60			queued=2 cut=None free=true	built=None		yes	yes	64	61
8	km3	5	garchomp_meowth v t-suicune	199	23100050199	LOOKAHEAD ONLY, both halves hold	lookahead	88	12	88			queued=2 cut=None free=false	built=None		yes	yes	92	91
8	km3	5	garchomp_meowth v t-suicune	210	23100050210	ON THE BOARD	state	121	16	120	{"coin_queued_offered":[121],"coin_queued_offered_any":[121]}				yes	no	no	123	123
8	km3	5	garchomp_meowth v t-suicune	271	23100050271	ON THE BOARD	state	39	6	38	{"coin_queued_offered":[39],"coin_queued_offered_any":[39]}				yes	no	no	70	70
8	km3	5	garchomp_meowth v t-suicune	280	23100050280	ON THE BOARD	state	40	5	39	{"coin_queued_offered":[40],"coin_queued_offered_any":[40]}				yes	no	no	70	70
8	km3	5	garchomp_meowth v t-suicune	281	23100050281	ON THE BOARD	state	138	20	137	{"coin_queued_offered":[138],"coin_queued_offered_any":[138]}				yes	no	no	140	140
8	km3	5	garchomp_meowth v t-suicune	287	23100050287	ON THE BOARD	state	93	14	92	{"coin_queued_offered":[93],"coin_queued_offered_any":[93]}				yes	no	no	115	113
8	km3	5	garchomp_meowth v t-suicune	305	23100050305	LOOKAHEAD ONLY, both halves hold	lookahead	67	11	67			queued=2 cut=None free=true	built=None		yes	yes	71	68
8	km3	5	garchomp_meowth v t-suicune	332	23100050332	ON THE BOARD	state	47	7	46	{"coin_queued_offered":[47],"coin_queued_offered_any":[47]}				yes	no	no	118	118
8	km3	5	garchomp_meowth v t-suicune	354	23100050354	ON THE BOARD	state	42	6	41	{"coin_queued_offered":[42],"coin_queued_offered_any":[42]}				yes	no	no	102	89
8	km3	5	garchomp_meowth v t-suicune	358	23100050358	ON THE BOARD	state	38	6	37	{"coin_queued_offered":[38],"coin_queued_offered_any":[38]}				yes	no	no	93	93
8	km3	5	garchomp_meowth v t-suicune	397	23100050397	ON THE BOARD	state	96	13	95	{"coin_queued_offered":[96],"coin_queued_offered_any":[96]}				yes	no	no	98	98
8	km3	5	garchomp_meowth v t-suicune	451	23100050451	ON THE BOARD	state	127	18	126	{"coin_queued_offered":[127],"coin_queued_offered_any":[127]}				yes	no	no	129	129
8	k3	5	garchomp_meowth v t-suicune	9	23100050009	LOOKAHEAD ONLY, both halves hold	lookahead	101	14	101			queued=2 cut=None free=false	built=None		no	no	105	118
8	k3	5	garchomp_meowth v t-suicune	51	23100050051	ON THE BOARD	state	64	10	63	{"coin_queued_offered":[64],"coin_queued_offered_any":[64]}				yes	no	no	66	66
8	k3	5	garchomp_meowth v t-suicune	65	23100050065	ON THE BOARD	state	29	4	28	{"coin_queued_offered":[29],"coin_queued_offered_any":[29]}				yes	no	no	92	90
8	k3	5	garchomp_meowth v t-suicune	88	23100050088	ON THE BOARD	state	70	9	69	{"coin_queued_offered":[70],"coin_queued_offered_any":[70]}				yes	no	no	106	94
8	k3	5	garchomp_meowth v t-suicune	89	23100050089	ON THE BOARD	state	33	6	32	{"coin_queued_offered":[33],"coin_queued_offered_any":[33]}				yes	no	no	97	97
8	k3	5	garchomp_meowth v t-suicune	98	23100050098	ON THE BOARD	state	122	18	121	{"coin_queued_offered":[122],"coin_queued_offered_any":[122]}				yes	no	no	124	124
8	k3	5	garchomp_meowth v t-suicune	123	23100050123	ON THE BOARD	state	46	7	45	{"coin_queued_offered":[46],"coin_queued_offered_any":[46]}				yes	no	no	110	127
8	k3	5	garchomp_meowth v t-suicune	130	23100050130	ON THE BOARD	state	57	9	56	{"coin_queued_offered":[57],"coin_queued_offered_any":[57]}				yes	no	no	77	77
8	k3	5	garchomp_meowth v t-suicune	166	23100050166	ON THE BOARD	state	105	14	104	{"coin_queued_offered":[105],"coin_queued_offered_any":[105]}				yes	no	no	107	107
8	k3	5	garchomp_meowth v t-suicune	169	23100050169	LOOKAHEAD ONLY, both halves hold	lookahead	77	12	77			queued=2 cut=None free=false	built=None		yes	yes	81	84
8	k3	5	garchomp_meowth v t-suicune	193	23100050193	ON THE BOARD	state	151	23	150	{"coin_queued_offered":[151],"coin_queued_offered_any":[151]}				yes	no	no	153	153
8	k3	5	garchomp_meowth v t-suicune	194	23100050194	LOOKAHEAD ONLY, both halves hold	lookahead	81	12	81			queued=2 cut=None free=true	built=None		no	no	85	110
8	k3	5	garchomp_meowth v t-suicune	199	23100050199	LOOKAHEAD ONLY, both halves hold	lookahead	88	12	88			queued=2 cut=None free=false	built=None		yes	yes	92	91
8	k3	5	garchomp_meowth v t-suicune	208	23100050208	ON THE BOARD	state	104	14	103	{"coin_queued_offered":[104],"coin_queued_offered_any":[104]}				yes	no	no	106	106
8	k3	5	garchomp_meowth v t-suicune	237	23100050237	ON THE BOARD	state	115	15	114	{"coin_queued_offered":[115],"coin_queued_offered_any":[115]}				yes	no	no	117	117
8	k3	5	garchomp_meowth v t-suicune	243	23100050243	ON THE BOARD	state	107	15	106	{"coin_queued_offered":[107],"coin_queued_offered_any":[107]}				yes	no	no	109	149
