event_id,date,event_name,split,phase,phase_type,round,mode,table,bracket_match,source_row,player1,player2,winner,result_status,player1_name,deck1_id,deck1_name,archetype1,player1_final_wins,player1_final_losses,player1_final_ties,player1_placing,player2_name,deck2_id,deck2_name,archetype2,player2_final_wins,player2_final_losses,player2_final_ties,player2_placing
6a76311ccdc0391d7fa5fb09,2026-09-25T22:05:00.000Z,"BRICKVERSARY₊⊹⁀➴prize: US$150, FA CARDS",postfreeze,1,SWISS,1,BO1,,,0,asterphoenix,,-1,bye_or_automatic_loss,AsterPhoenix,mega-charizard-y-ex-b1a-entei-ex-a4a,Mega Charizard Y ex Entei ex,charizardy_entei,2,2,0,,,,,,,,,
6a76311ccdc0391d7fa5fb09,2026-09-25T22:05:00.000Z,"BRICKVERSARY₊⊹⁀➴prize: US$150, FA CARDS",postfreeze,1,SWISS,1,BO1,,,1,skyblazegamer,,-1,bye_or_automatic_loss,SkyBlazegamer,mega-altaria-ex-b1-happiny-b4a,Mega Altaria ex Happiny,,0,1,0,,,,,,,,,
6a76311ccdc0391d7fa5fb09,2026-09-25T22:05:00.000Z,"BRICKVERSARY₊⊹⁀➴prize: US$150, FA CARDS",postfreeze,1,SWISS,1,BO1,,,2,nifaa,,-1,bye_or_automatic_loss,Nifaa,mega-lucario-ex-b3-lucario-a2,Mega Lucario ex Lucario,lucario,0,1,0,,,,,,,,,
6a76311ccdc0391d7fa5fb09,2026-09-25T22:05:00.000Z,"BRICKVERSARY₊⊹⁀➴prize: US$150, FA CARDS",postfreeze,1,SWISS,1,BO1,,,3,lanora,,-1,bye_or_automatic_loss,𝗠𝗲𝗴𝗮 LaNora 𝗘𝗫,mega-altaria-ex-b1-greninja-a1,Mega Altaria ex Greninja,,0,2,0,,,,,,,,,
6a76311ccdc0391d7fa5fb09,2026-09-25T22:05:00.000Z,"BRICKVERSARY₊⊹⁀➴prize: US$150, FA CARDS",postfreeze,1,SWISS,1,BO1,,,4,belceboss,,-1,bye_or_automatic_loss,belceboss,beautifly-dustox-b4,Beautifly Dustox,,1,5,0,56,,,,,,,,
6a76311ccdc0391d7fa5fb09,2026-09-25T22:05:00.000Z,"BRICKVERSARY₊⊹⁀➴prize: US$150, FA CARDS",postfreeze,1,SWISS,1,BO1,,,5,ka1z0,,-1,bye_or_automatic_loss,Ka1z0,magnezone-b1a-miraidon-ex-b3a,Magnezone Miraidon ex,,1,2,0,,,,,,,,,
6a76311ccdc0391d7fa5fb09,2026-09-25T22:05:00.000Z,"BRICKVERSARY₊⊹⁀➴prize: US$150, FA CARDS",postfreeze,1,SWISS,1,BO1,,,6,jlng,,-1,bye_or_automatic_loss,JLNG,charizard-ex-a1-mega-charizard-y-ex-b1a,Charizard ex Mega Charizard Y ex,,1,2,0,,,,,,,,,
6a76311ccdc0391d7fa5fb09,2026-09-25T22:05:00.000Z,"BRICKVERSARY₊⊹⁀➴prize: US$150, FA CARDS",postfreeze,1,SWISS,1,BO1,,,7,fonzi,,-1,bye_or_automatic_loss,Fonzi,mega-manectric-ex-b2b-heliolisk-b4,Mega Manectric ex Heliolisk,manectric_heliolisk,3,3,0,48,,,,,,,,
6a76311ccdc0391d7fa5fb09,2026-09-25T22:05:00.000Z,"BRICKVERSARY₊⊹⁀➴prize: US$150, FA CARDS",postfreeze,1,SWISS,1,BO1,,,8,pamnardo_s2,,-1,bye_or_automatic_loss,PamNardo_s2,hydreigon-mega-absol-ex-b1,Hydreigon Mega Absol ex,hydreigon,3,3,0,51,,,,,,,,
6a76311ccdc0391d7fa5fb09,2026-09-25T22:05:00.000Z,"BRICKVERSARY₊⊹⁀➴prize: US$150, FA CARDS",postfreeze,1,SWISS,1,BO1,,,9,power_cosmuk,,-1,bye_or_automatic_loss,pOwEr_cOsMuk,mega-altaria-ex-b1-sylveon-ex-a3b,Mega Altaria ex Sylveon ex,,1,3,0,,,,,,,,,
6a76311ccdc0391d7fa5fb09,2026-09-25T22:05:00.000Z,"BRICKVERSARY₊⊹⁀➴prize: US$150, FA CARDS",postfreeze,1,SWISS,1,BO1,1,,10,clemarley_07,omarkztv,omarkztv,decisive,𝐄𝐥𝐢𝐭𝐞𝟒 CleMarley_07,butterfree-b3b-mega-sceptile-ex-b3,Butterfree Mega Sceptile ex,sceptile,4,2,0,35,OMarkzTV,charizard-ex-a1-mega-charizard-y-ex-b1a,Charizard ex Mega Charizard Y ex,,2,3,0,
6a76311ccdc0391d7fa5fb09,2026-09-25T22:05:00.000Z,"BRICKVERSARY₊⊹⁀➴prize: US$150, FA CARDS",postfreeze,1,SWISS,1,BO1,2,,11,vegegras,ne,ne,decisive,Vegegras,umbreon-ex-a4-greninja-a1,Umbreon ex Greninja,,2,4,0,52,NE,dragonite-a1,Dragonite,,4,2,0,27
6a76311ccdc0391d7fa5fb09,2026-09-25T22:05:00.000Z,"BRICKVERSARY₊⊹⁀➴prize: US$150, FA CARDS",postfreeze,1,SWISS,1,BO1,3,,12,byzer09,javiercazorla,byzer09,decisive,byZer09,mega-manectric-ex-b2b-heliolisk-b4,Mega Manectric ex Heliolisk,manectric_heliolisk,1,2,0,,Javiercazorla,charizard-ex-a1-mega-charizard-y-ex-b1a,Charizard ex Mega Charizard Y ex,,4,2,0,37
6a76311ccdc0391d7fa5fb09,2026-09-25T22:05:00.000Z,"BRICKVERSARY₊⊹⁀➴prize: US$150, FA CARDS",postfreeze,1,SWISS,1,BO1,4,,13,estehlegitea,sekinokatsu,sekinokatsu,decisive,𝗠𝗲𝗴𝗮 Hasan 𝗘𝗫,mega-sharpedo-ex-b4-gyarados-a4,Mega Sharpedo ex Gyarados,,5,2,0,11,SekinoKatsu,mega-charizard-y-ex-b1a-entei-ex-a4a,Mega Charizard Y ex Entei ex,charizardy_entei,4,2,0,18
6a76311ccdc0391d7fa5fb09,2026-09-25T22:05:00.000Z,"BRICKVERSARY₊⊹⁀➴prize: US$150, FA CARDS",postfreeze,1,SWISS,1,BO1,5,,14,akaseahri,coffplays,akaseahri,decisive,AkaseAhri,meowscarada-ex-b2a-meowscarada-a2b,Meowscarada ex Meowscarada,,1,2,0,,Coffplays,mega-blaziken-ex-b1-greninja-a1,Mega Blaziken ex Greninja,,3,3,0,
6a76311ccdc0391d7fa5fb09,2026-09-25T22:05:00.000Z,"BRICKVERSARY₊⊹⁀➴prize: US$150, FA CARDS",postfreeze,1,SWISS,1,BO1,6,,15,rikujibra,minato,minato,decisive,rikujiBRA,vespiquen-ex-b4-shuckle-ex-a4,Vespiquen ex Shuckle ex,vespiquen,2,3,0,,minato,dragonair-mega-rayquaza-ex-b4,Dragonair Mega Rayquaza ex,,7,2,1,2
6a76311ccdc0391d7fa5fb09,2026-09-25T22:05:00.000Z,"BRICKVERSARY₊⊹⁀➴prize: US$150, FA CARDS",postfreeze,1,SWISS,1,BO1,7,,16,sparadrap,shadowemokitty,sparadrap,decisive,Sparadrap,hydreigon-mega-absol-ex-b1,Hydreigon Mega Absol ex,hydreigon,2,3,0,,shadowemokitty,mega-altaria-ex-b1-gourgeist-b2,Mega Altaria ex Gourgeist,,1,2,0,
6a76311ccdc0391d7fa5fb09,2026-09-25T22:05:00.000Z,"BRICKVERSARY₊⊹⁀➴prize: US$150, FA CARDS",postfreeze,1,SWISS,1,BO1,8,,17,evand,kovacs469,evand,decisive,PGX | EvanD,mega-altaria-ex-b1-greninja-a1,Mega Altaria ex Greninja,,1,3,0,,kovacs469,mega-blaziken-ex-b1-greninja-a1,Mega Blaziken ex Greninja,,3,3,0,50
6a76311ccdc0391d7fa5fb09,2026-09-25T22:05:00.000Z,"BRICKVERSARY₊⊹⁀➴prize: US$150, FA CARDS",postfreeze,1,SWISS,1,BO1,9,,18,mindola,jokker,mindola,decisive,mindola,mega-charizard-y-ex-b1a-entei-ex-a4a,Mega Charizard Y ex Entei ex,charizardy_entei,6,2,0,7,Jokker,mega-lucario-ex-b3-lucario-a2,Mega Lucario ex Lucario,lucario,3,3,0,41
6a76311ccdc0391d7fa5fb09,2026-09-25T22:05:00.000Z,"BRICKVERSARY₊⊹⁀➴prize: US$150, FA CARDS",postfreeze,1,SWISS,1,BO1,10,,19,iono_ce,balancedeala,iono_ce,decisive,Iono_Ce,mega-altaria-ex-b1-happiny-b4a,Mega Altaria ex Happiny,,4,2,0,26,balancedeala,team-rockets-slowking-ex-b4a-meloetta-b2,Team Rocket's Slowking ex Meloetta,,1,3,0,
6a76311ccdc0391d7fa5fb09,2026-09-25T22:05:00.000Z,"BRICKVERSARY₊⊹⁀➴prize: US$150, FA CARDS",postfreeze,1,SWISS,1,BO1,11,,20,dens,elluquitas96,dens,decisive,Dens,dragonair-mega-rayquaza-ex-b4,Dragonair Mega Rayquaza ex,,1,3,0,,elluquitas96,butterfree-b3b-mega-sceptile-ex-b3,Butterfree Mega Sceptile ex,sceptile,3,3,0,49
6a76311ccdc0391d7fa5fb09,2026-09-25T22:05:00.000Z,"BRICKVERSARY₊⊹⁀➴prize: US$150, FA CARDS",postfreeze,1,SWISS,1,BO1,12,,21,sandy_permata205,mspinguino,mspinguino,decisive,𝗠𝗲𝗴𝗮 Razor 𝗘𝗫,mega-lucario-ex-b3-lucario-a2,Mega Lucario ex Lucario,lucario,4,2,0,22,mspinguino,mega-lucario-ex-b3-lucario-a2,Mega Lucario ex Lucario,lucario,4,3,0,16
6a76311ccdc0391d7fa5fb09,2026-09-25T22:05:00.000Z,"BRICKVERSARY₊⊹⁀➴prize: US$150, FA CARDS",postfreeze,1,SWISS,1,BO1,13,,22,njjord7,huskaroo,njjord7,decisive,FrogEX | Njord,dedenne-ex-b3b-pichu-a4,Dedenne ex Pichu,,2,2,0,,huskaroo,mega-altaria-ex-b1-greninja-a1,Mega Altaria ex Greninja,,1,5,0,58
6a76311ccdc0391d7fa5fb09,2026-09-25T22:05:00.000Z,"BRICKVERSARY₊⊹⁀➴prize: US$150, FA CARDS",postfreeze,1,SWISS,1,BO1,14,,23,xhinabu,genessiss,genessiss,decisive,Xhinabu,greninja-a1-darkrai-ex-a2,Greninja Darkrai ex,,0,3,0,,Genessiss,mega-charizard-y-ex-b1a-entei-ex-a4a,Mega Charizard Y ex Entei ex,charizardy_entei,5,2,0,10
6a76311ccdc0391d7fa5fb09,2026-09-25T22:05:00.000Z,"BRICKVERSARY₊⊹⁀➴prize: US$150, FA CARDS",postfreeze,1,SWISS,1,BO1,15,,24,mikamika_tti,maximumedgelord,maximumedgelord,decisive,MikaMika_tti,whimsicott-ex-b1-ariados-b1a,Whimsicott ex Ariados,whimsicott_ariados,2,3,0,,MaximumEdgeLord,mega-sharpedo-ex-b4-milotic-ex-b3b,Mega Sharpedo ex Milotic ex,,4,2,0,25
6a76311ccdc0391d7fa5fb09,2026-09-25T22:05:00.000Z,"BRICKVERSARY₊⊹⁀➴prize: US$150, FA CARDS",postfreeze,1,SWISS,1,BO1,16,,25,thekyle,super_peace,super_peace,decisive,TheKyle,mega-charizard-y-ex-b1a-charizard-ex-a1,Mega Charizard Y ex Charizard ex,,1,5,0,59,Super_Peace,team-rockets-slowking-ex-b4a-meloetta-b2,Team Rocket's Slowking ex Meloetta,,1,2,0,
6a76311ccdc0391d7fa5fb09,2026-09-25T22:05:00.000Z,"BRICKVERSARY₊⊹⁀➴prize: US$150, FA CARDS",postfreeze,1,SWISS,1,BO1,17,,26,diegolq,strawberrycrepecookie,strawberrycrepecookie,decisive,diegolq,mega-blaziken-ex-b1-greninja-a1,Mega Blaziken ex Greninja,,0,2,0,,𝗕𝗢𝗔𝗧 | Yumi,mega-lucario-ex-b3-lucario-a2,Mega Lucario ex Lucario,lucario,3,3,0,39
6a76311ccdc0391d7fa5fb09,2026-09-25T22:05:00.000Z,"BRICKVERSARY₊⊹⁀➴prize: US$150, FA CARDS",postfreeze,1,SWISS,1,BO1,18,,27,xanypopper,hextor,xanypopper,decisive,²ᵀ|Xanny ,hoopa-ex-b4-mega-absol-ex-b1,Hoopa ex Mega Absol ex,hoopa_absol,1,2,0,,hextor,slurpuff-a3b-cherubi-a4,Slurpuff Cherubi,,3,3,0,
6a76311ccdc0391d7fa5fb09,2026-09-25T22:05:00.000Z,"BRICKVERSARY₊⊹⁀➴prize: US$150, FA CARDS",postfreeze,1,SWISS,1,BO1,19,,28,suugarwater,ppitopin8,suugarwater,decisive,suugarwater,magnezone-b1a-miraidon-ex-b3a,Magnezone Miraidon ex,,1,2,0,,ppitopin8,suicune-ex-a4a-baxcalibur-b2a,Suicune ex Baxcalibur,suicune,4,2,0,32
6a76311ccdc0391d7fa5fb09,2026-09-25T22:05:00.000Z,"BRICKVERSARY₊⊹⁀➴prize: US$150, FA CARDS",postfreeze,1,SWISS,1,BO1,20,,29,golfermt,wall456,golfermt,decisive,golfermt,hydreigon-mega-absol-ex-b1,Hydreigon Mega Absol ex,hydreigon,3,3,0,44,Wall456,charizard-ex-a1-mega-charizard-y-ex-b1a,Charizard ex Mega Charizard Y ex,,0,2,0,
6a76311ccdc0391d7fa5fb09,2026-09-25T22:05:00.000Z,"BRICKVERSARY₊⊹⁀➴prize: US$150, FA CARDS",postfreeze,1,SWISS,1,BO1,21,,30,mamasdigletts,bigdev,bigdev,decisive,MamasDigletts,mega-pidgeot-ex-p-b-pidgeot-a1,Mega Pidgeot ex Pidgeot,,2,4,0,53,BigDev,mega-lucario-ex-b3-lucario-a2,Mega Lucario ex Lucario,lucario,2,2,0,
6a76311ccdc0391d7fa5fb09,2026-09-25T22:05:00.000Z,"BRICKVERSARY₊⊹⁀➴prize: US$150, FA CARDS",postfreeze,1,SWISS,1,BO1,22,,31,sparza,breaking2mirror,sparza,decisive,Sparza,vespiquen-ex-b4-shuckle-ex-a4,Vespiquen ex Shuckle ex,vespiquen,4,2,0,23,Breaking2mirror,zoroark-ex-b3-team-rockets-weezing-ex-b4a,Zoroark ex Team Rocket's Weezing ex,,2,3,0,
6a76311ccdc0391d7fa5fb09,2026-09-25T22:05:00.000Z,"BRICKVERSARY₊⊹⁀➴prize: US$150, FA CARDS",postfreeze,1,SWISS,1,BO1,23,,32,porygon3,eternal_tcg,eternal_tcg,decisive,Porygon3,mega-blaziken-ex-b1-greninja-a1,Mega Blaziken ex Greninja,,5,2,0,12,Eternal_TCG,mega-lucario-ex-b3-lucario-a2,Mega Lucario ex Lucario,lucario,2,4,0,
6a76311ccdc0391d7fa5fb09,2026-09-25T22:05:00.000Z,"BRICKVERSARY₊⊹⁀➴prize: US$150, FA CARDS",postfreeze,1,SWISS,1,BO1,24,,33,msbh,varma,msbh,decisive,Misbah ,butterfree-b3b-mega-sceptile-ex-b3,Butterfree Mega Sceptile ex,sceptile,4,2,0,33,varma,suicune-ex-a4a-baxcalibur-b2a,Suicune ex Baxcalibur,suicune,1,3,0,
6a76311ccdc0391d7fa5fb09,2026-09-25T22:05:00.000Z,"BRICKVERSARY₊⊹⁀➴prize: US$150, FA CARDS",postfreeze,1,SWISS,1,BO1,25,,34,elatomico,mcharon,elatomico,decisive,PGX| El Atomico,suicune-ex-a4a-baxcalibur-b2a,Suicune ex Baxcalibur,suicune,4,1,2,13,MCharon,palkia-ex-a2-vaporeon-a1a,Palkia ex Vaporeon,,0,3,0,
6a76311ccdc0391d7fa5fb09,2026-09-25T22:05:00.000Z,"BRICKVERSARY₊⊹⁀➴prize: US$150, FA CARDS",postfreeze,1,SWISS,1,BO1,26,,35,nandosgude,2811,nandosgude,decisive,PGX | Nandosgude,mega-altaria-ex-b1-greninja-a1,Mega Altaria ex Greninja,,1,2,0,,Sシュンタ ,dedenne-ex-b3b-indeedee-ex-b1,Dedenne ex Indeedee ex,,1,2,0,
6a76311ccdc0391d7fa5fb09,2026-09-25T22:05:00.000Z,"BRICKVERSARY₊⊹⁀➴prize: US$150, FA CARDS",postfreeze,1,SWISS,1,BO1,27,,36,iamwalf,snowwhite,snowwhite,decisive,IamWalf,mega-lucario-ex-b3-lucario-a2,Mega Lucario ex Lucario,lucario,1,2,0,,SnowWhite,mega-charizard-y-ex-b1a-entei-ex-a4a,Mega Charizard Y ex Entei ex,charizardy_entei,6,2,0,6
6a76311ccdc0391d7fa5fb09,2026-09-25T22:05:00.000Z,"BRICKVERSARY₊⊹⁀➴prize: US$150, FA CARDS",postfreeze,1,SWISS,1,BO1,28,,37,aoisora,esdeath,esdeath,decisive,Sora Aoi,mega-altaria-ex-b1-greninja-a1,Mega Altaria ex Greninja,,0,2,0,,Esdeath,magnezone-b1a-miraidon-ex-b3a,Magnezone Miraidon ex,,2,3,0,
6a76311ccdc0391d7fa5fb09,2026-09-25T22:05:00.000Z,"BRICKVERSARY₊⊹⁀➴prize: US$150, FA CARDS",postfreeze,1,SWISS,1,BO1,29,,38,six420,shinra67,shinra67,decisive,Six420,mega-blaziken-ex-b1,Mega Blaziken ex,blaziken,1,2,0,,𝗕𝗢𝗔𝗧| Satoru Gojo,mega-sceptile-ex-b3-greninja-a1,Mega Sceptile ex Greninja,,4,2,0,20
6a76311ccdc0391d7fa5fb09,2026-09-25T22:05:00.000Z,"BRICKVERSARY₊⊹⁀➴prize: US$150, FA CARDS",postfreeze,1,SWISS,1,BO1,30,,39,ibte_10,ember_elmos,ibte_10,decisive,𝗕𝗢𝗔𝗧 | Ibte10,hoopa-ex-b4-mega-sableye-ex-b3b,Hoopa ex Mega Sableye ex,,2,2,0,,Ember_Elmos,hydreigon-mega-absol-ex-b1,Hydreigon Mega Absol ex,hydreigon,0,2,0,
6a76311ccdc0391d7fa5fb09,2026-09-25T22:05:00.000Z,"BRICKVERSARY₊⊹⁀➴prize: US$150, FA CARDS",postfreeze,1,SWISS,1,BO1,31,,40,kabesu,hunter_316,kabesu,decisive,KABESU,mega-charizard-y-ex-b1a-entei-ex-a4a,Mega Charizard Y ex Entei ex,charizardy_entei,4,2,1,15,Hunter_316,hoopa-ex-b4-mega-absol-ex-b1,Hoopa ex Mega Absol ex,hoopa_absol,0,1,0,
6a76311ccdc0391d7fa5fb09,2026-09-25T22:05:00.000Z,"BRICKVERSARY₊⊹⁀➴prize: US$150, FA CARDS",postfreeze,1,SWISS,1,BO1,32,,41,einstun,alana,alana,decisive,𝙈𝙚𝙜𝙖 𝕰𝖎𝖓𝖘𝖙𝖚𝖓 𝙀𝙓,mega-lucario-ex-b3-lucario-a2,Mega Lucario ex Lucario,lucario,1,2,0,,𝗠𝗲𝗴𝗮 A̶l̶a̶n̶a̶ 𝗘𝗫,miraidon-ex-b3a-magnezone-b1a,Miraidon ex Magnezone,,1,5,0,57
6a76311ccdc0391d7fa5fb09,2026-09-25T22:05:00.000Z,"BRICKVERSARY₊⊹⁀➴prize: US$150, FA CARDS",postfreeze,1,SWISS,1,BO1,33,,42,godi,cosmooo,godi,decisive,Godi,mega-lucario-ex-b3-lucario-a2,Mega Lucario ex Lucario,lucario,4,2,0,28,FrogEX | Cosmo,hoopa-ex-b4-mega-absol-ex-b1,Hoopa ex Mega Absol ex,hoopa_absol,0,2,0,
6a76311ccdc0391d7fa5fb09,2026-09-25T22:05:00.000Z,"BRICKVERSARY₊⊹⁀➴prize: US$150, FA CARDS",postfreeze,1,SWISS,1,BO1,34,,43,redflag,tommyhp,tommyhp,decisive,RedFlag,butterfree-b3b-mega-sceptile-ex-b3,Butterfree Mega Sceptile ex,sceptile,4,2,0,29,tommyhp,suicune-ex-a4a-baxcalibur-b2a,Suicune ex Baxcalibur,suicune,6,1,2,4
6a76311ccdc0391d7fa5fb09,2026-09-25T22:05:00.000Z,"BRICKVERSARY₊⊹⁀➴prize: US$150, FA CARDS",postfreeze,1,SWISS,1,BO1,35,,44,seb96,pattyd,pattyd,decisive,seb96,suicune-ex-a4a-baxcalibur-b2a,Suicune ex Baxcalibur,suicune,1,2,0,,PattyD,mega-altaria-ex-b1-happiny-b4a,Mega Altaria ex Happiny,,4,2,1,14
6a76311ccdc0391d7fa5fb09,2026-09-25T22:05:00.000Z,"BRICKVERSARY₊⊹⁀➴prize: US$150, FA CARDS",postfreeze,1,SWISS,1,BO1,36,,45,hamza007,razbersky202,hamza007,decisive,𝗠𝗮𝗴𝗺𝗮 Hamza,vespiquen-ex-b4-shuckle-ex-a4,Vespiquen ex Shuckle ex,vespiquen,2,2,0,,Razbersky202,beautifly-b1-dustox-b4,Beautifly Dustox,,0,6,0,61
6a76311ccdc0391d7fa5fb09,2026-09-25T22:05:00.000Z,"BRICKVERSARY₊⊹⁀➴prize: US$150, FA CARDS",postfreeze,1,SWISS,1,BO1,37,,46,rekkatherapy,ibfasting,rekkatherapy,decisive,RekkaTherapy,zoroark-ex-b3-mega-absol-ex-b1,Zoroark ex Mega Absol ex,,4,2,0,19,𝗕𝗢𝗔𝗧 | Fasting,mega-blaziken-ex-b1-greninja-a1,Mega Blaziken ex Greninja,,1,2,0,
6a76311ccdc0391d7fa5fb09,2026-09-25T22:05:00.000Z,"BRICKVERSARY₊⊹⁀➴prize: US$150, FA CARDS",postfreeze,1,SWISS,1,BO1,38,,47,bergi_e,thischase,0,tie,𝗕𝗢𝗔𝗧 | Bergie,mega-charizard-y-ex-b1a-entei-ex-a4a,Mega Charizard Y ex Entei ex,charizardy_entei,3,2,1,38,𝑺𝑴𝑻 | Flustered,mega-diancie-ex-carbink-b3b,Mega Diancie ex Carbink,,5,2,1,8
6a76311ccdc0391d7fa5fb09,2026-09-25T22:05:00.000Z,"BRICKVERSARY₊⊹⁀➴prize: US$150, FA CARDS",postfreeze,1,SWISS,1,BO1,39,,48,dietdrkelp,pikaicetea,pikaicetea,decisive,𝗠𝗢𝗡⭐️| Suede,greninja-a1-mega-absol-ex-b1,Greninja Mega Absol ex,,1,4,0,,PikaIcetea,mega-manectric-ex-b2b-heliolisk-b4,Mega Manectric ex Heliolisk,manectric_heliolisk,4,2,0,30
6a76311ccdc0391d7fa5fb09,2026-09-25T22:05:00.000Z,"BRICKVERSARY₊⊹⁀➴prize: US$150, FA CARDS",postfreeze,1,SWISS,1,BO1,40,,49,esteban0708,srafaelitocs,esteban0708,decisive,Esteban0708,mega-lucario-ex-b3-lucario-a2,Mega Lucario ex Lucario,lucario,3,3,0,42,srafaelitocs,magnezone-b1a-miraidon-ex-b3a,Magnezone Miraidon ex,,0,6,0,60
6a76311ccdc0391d7fa5fb09,2026-09-25T22:05:00.000Z,"BRICKVERSARY₊⊹⁀➴prize: US$150, FA CARDS",postfreeze,1,SWISS,1,BO1,41,,50,fall88,albuus_00,albuus_00,decisive,Fall88,mega-mawile-ex-b2,Mega Mawile ex,,1,3,0,,albuus_00,mega-charizard-y-ex-b1a-entei-ex-a4a,Mega Charizard Y ex Entei ex,charizardy_entei,3,3,0,
6a76311ccdc0391d7fa5fb09,2026-09-25T22:05:00.000Z,"BRICKVERSARY₊⊹⁀➴prize: US$150, FA CARDS",postfreeze,1,SWISS,1,BO1,42,,51,preluxe,pierfigo,preluxe,decisive,𝗠𝗮𝗴𝗺𝗮 Preluxe,mega-lucario-ex-b3-lucario-a2,Mega Lucario ex Lucario,lucario,3,3,0,45,PierFigo,hydreigon-mega-absol-ex-b1,Hydreigon Mega Absol ex,hydreigon,0,2,0,
6a76311ccdc0391d7fa5fb09,2026-09-25T22:05:00.000Z,"BRICKVERSARY₊⊹⁀➴prize: US$150, FA CARDS",postfreeze,1,SWISS,1,BO1,43,,52,angry_samson,ishaan,ishaan,decisive,angry_samson,exeggutor-ex-venusaur-ex-a1,Exeggutor ex Venusaur ex,,3,3,0,46,Ishaan,mega-charizard-y-ex-b1a-entei-ex-a4a,Mega Charizard Y ex Entei ex,charizardy_entei,7,1,0,5
6a76311ccdc0391d7fa5fb09,2026-09-25T22:05:00.000Z,"BRICKVERSARY₊⊹⁀➴prize: US$150, FA CARDS",postfreeze,1,SWISS,1,BO1,44,,53,justclark,hofuruhoshi,hofuruhoshi,decisive,justclark,hoopa-ex-b4-mega-absol-ex-b1,Hoopa ex Mega Absol ex,hoopa_absol,0,2,0,,𝐄𝐥𝐢𝐭𝐞𝟒 hofuruhoshi,mega-blaziken-ex-b1,Mega Blaziken ex,blaziken,1,3,0,
6a76311ccdc0391d7fa5fb09,2026-09-25T22:05:00.000Z,"BRICKVERSARY₊⊹⁀➴prize: US$150, FA CARDS",postfreeze,1,SWISS,1,BO1,45,,54,znugun,https,https,decisive,znugun,mega-lucario-ex-b3-lucario-a2,Mega Lucario ex Lucario,lucario,0,3,0,,Nobody ,hoopa-ex-b4-mega-absol-ex-b1,Hoopa ex Mega Absol ex,hoopa_absol,3,3,0,47
6a76311ccdc0391d7fa5fb09,2026-09-25T22:05:00.000Z,"BRICKVERSARY₊⊹⁀➴prize: US$150, FA CARDS",postfreeze,1,SWISS,1,BO1,46,,55,piccirko,vitorinsky,piccirko,decisive,Piccirko,mega-manectric-ex-b2b-heliolisk-b4,Mega Manectric ex Heliolisk,manectric_heliolisk,3,3,0,43,Vitorinsky,mega-altaria-ex-b1-greninja-a1,Mega Altaria ex Greninja,,4,2,0,36
6a76311ccdc0391d7fa5fb09,2026-09-25T22:05:00.000Z,"BRICKVERSARY₊⊹⁀➴prize: US$150, FA CARDS",postfreeze,1,SWISS,1,BO1,47,,56,victorssito,soap728,soap728,decisive,PGX | victorssito,greninja-a1-decidueye-ex-a3,Greninja Decidueye ex,,4,2,0,21,soap728,mega-blaziken-ex-b1,Mega Blaziken ex,blaziken,8,1,1,1
6a76311ccdc0391d7fa5fb09,2026-09-25T22:05:00.000Z,"BRICKVERSARY₊⊹⁀➴prize: US$150, FA CARDS",postfreeze,1,SWISS,1,BO1,48,,57,brendon68,akuma_z6,akuma_z6,decisive,Brendon68,magnezone-b1a-miraidon-ex-b3a,Magnezone Miraidon ex,,2,3,0,,𝗠𝗮𝗴𝗺𝗮 Akuma_z6,mega-diancie-ex-carbink-b3b,Mega Diancie ex Carbink,,1,2,0,
6a76311ccdc0391d7fa5fb09,2026-09-25T22:05:00.000Z,"BRICKVERSARY₊⊹⁀➴prize: US$150, FA CARDS",postfreeze,1,SWISS,1,BO1,49,,58,portlandpoliwags,haryanto,haryanto,decisive,PortlandPoliwags,charizard-ex-a1-mega-charizard-y-ex-b1a,Charizard ex Mega Charizard Y ex,,1,2,0,,𝗠𝗲𝗴𝗮 Haryanto 𝗘𝗫,suicune-ex-a4a-baxcalibur-b2a,Suicune ex Baxcalibur,suicune,4,2,0,24
6a76311ccdc0391d7fa5fb09,2026-09-25T22:05:00.000Z,"BRICKVERSARY₊⊹⁀➴prize: US$150, FA CARDS",postfreeze,1,SWISS,1,BO1,50,,59,iromm,abnermoyai,abnermoyai,decisive,Eleven Gomes,team-rockets-slowking-ex-b4a-meloetta-b2,Team Rocket's Slowking ex Meloetta,,0,2,0,,𝐈𝐌𝐎 Moyai,mega-blaziken-ex-b1,Mega Blaziken ex,blaziken,4,2,0,31
6a76311ccdc0391d7fa5fb09,2026-09-25T22:05:00.000Z,"BRICKVERSARY₊⊹⁀➴prize: US$150, FA CARDS",postfreeze,1,SWISS,1,BO1,51,,60,nosena33,danico,nosena33,decisive,nosena33,suicune-ex-a4a-baxcalibur-b2a,Suicune ex Baxcalibur,suicune,4,2,0,17,Danico,suicune-ex-a4a-baxcalibur-b2a,Suicune ex Baxcalibur,suicune,1,2,0,
6a76311ccdc0391d7fa5fb09,2026-09-25T22:05:00.000Z,"BRICKVERSARY₊⊹⁀➴prize: US$150, FA CARDS",postfreeze,1,SWISS,1,BO1,52,,61,eeveeon,nick12,eeveeon,decisive,𝗠𝗲𝗴𝗮 eeveeon 𝗘𝗫,hoopa-ex-b4-mega-absol-ex-b1,Hoopa ex Mega Absol ex,hoopa_absol,1,5,0,54,Nick12,suicune-ex-a4a-baxcalibur-b2a,Suicune ex Baxcalibur,suicune,2,3,0,
6a76311ccdc0391d7fa5fb09,2026-09-25T22:05:00.000Z,"BRICKVERSARY₊⊹⁀➴prize: US$150, FA CARDS",postfreeze,1,SWISS,1,BO1,53,,62,froggnbl,brxlyy,brxlyy,decisive,FroggNBL,mega-sharpedo-ex-b4-gyarados-a4,Mega Sharpedo ex Gyarados,,4,2,0,34,Brxlyy,hoopa-ex-b4-mega-absol-ex-b1,Hoopa ex Mega Absol ex,hoopa_absol,2,3,0,
6a76311ccdc0391d7fa5fb09,2026-09-25T22:05:00.000Z,"BRICKVERSARY₊⊹⁀➴prize: US$150, FA CARDS",postfreeze,1,SWISS,1,BO1,54,,63,acacia,thejoc,thejoc,decisive,Acacia,butterfree-b3b-mega-sceptile-ex-b3,Butterfree Mega Sceptile ex,sceptile,0,3,0,,HARD | Thejoc,mega-blaziken-ex-b1-greninja-a1,Mega Blaziken ex Greninja,,5,2,0,9
6a76311ccdc0391d7fa5fb09,2026-09-25T22:05:00.000Z,"BRICKVERSARY₊⊹⁀➴prize: US$150, FA CARDS",postfreeze,1,SWISS,1,BO1,55,,64,supreme13,velskend,supreme13,decisive,𝗕𝗮𝗹𝗱 Supreme,mega-lucario-ex-b3-lucario-a2,Mega Lucario ex Lucario,lucario,7,2,0,3,velskend,team-rockets-raticate-ex-b4a-mega-lucario-ex-b3,Team Rocket's Raticate ex Mega Lucario ex,,1,5,0,55
6a76311ccdc0391d7fa5fb09,2026-09-25T22:05:00.000Z,"BRICKVERSARY₊⊹⁀➴prize: US$150, FA CARDS",postfreeze,1,SWISS,1,BO1,56,,65,angkelvin,birdnest,birdnest,decisive,AngkelVin,mega-lucario-ex-b3-lucario-a2,Mega Lucario ex Lucario,lucario,0,3,0,,BirdNest,mega-sceptile-ex-b3-greninja-a1,Mega Sceptile ex Greninja,,3,3,0,40
6a76311ccdc0391d7fa5fb09,2026-09-25T22:05:00.000Z,"BRICKVERSARY₊⊹⁀➴prize: US$150, FA CARDS",postfreeze,1,SWISS,2,BO1,1,,66,maximumedgelord,pattyd,pattyd,decisive,MaximumEdgeLord,mega-sharpedo-ex-b4-milotic-ex-b3b,Mega Sharpedo ex Milotic ex,,4,2,0,25,PattyD,mega-altaria-ex-b1-happiny-b4a,Mega Altaria ex Happiny,,4,2,1,14
6a76311ccdc0391d7fa5fb09,2026-09-25T22:05:00.000Z,"BRICKVERSARY₊⊹⁀➴prize: US$150, FA CARDS",postfreeze,1,SWISS,2,BO1,2,,67,dens,bigdev,bigdev,decisive,Dens,dragonair-mega-rayquaza-ex-b4,Dragonair Mega Rayquaza ex,,1,3,0,,BigDev,mega-lucario-ex-b3-lucario-a2,Mega Lucario ex Lucario,lucario,2,2,0,
6a76311ccdc0391d7fa5fb09,2026-09-25T22:05:00.000Z,"BRICKVERSARY₊⊹⁀➴prize: US$150, FA CARDS",postfreeze,1,SWISS,2,BO1,3,,68,preluxe,nandosgude,preluxe,decisive,𝗠𝗮𝗴𝗺𝗮 Preluxe,mega-lucario-ex-b3-lucario-a2,Mega Lucario ex Lucario,lucario,3,3,0,45,PGX | Nandosgude,mega-altaria-ex-b1-greninja-a1,Mega Altaria ex Greninja,,1,2,0,
6a76311ccdc0391d7fa5fb09,2026-09-25T22:05:00.000Z,"BRICKVERSARY₊⊹⁀➴prize: US$150, FA CARDS",postfreeze,1,SWISS,2,BO1,4,,69,iono_ce,alana,iono_ce,decisive,Iono_Ce,mega-altaria-ex-b1-happiny-b4a,Mega Altaria ex Happiny,,4,2,0,26,𝗠𝗲𝗴𝗮 A̶l̶a̶n̶a̶ 𝗘𝗫,miraidon-ex-b3a-magnezone-b1a,Miraidon ex Magnezone,,1,5,0,57
6a76311ccdc0391d7fa5fb09,2026-09-25T22:05:00.000Z,"BRICKVERSARY₊⊹⁀➴prize: US$150, FA CARDS",postfreeze,1,SWISS,2,BO1,5,,70,mindola,nosena33,nosena33,decisive,mindola,mega-charizard-y-ex-b1a-entei-ex-a4a,Mega Charizard Y ex Entei ex,charizardy_entei,6,2,0,7,nosena33,suicune-ex-a4a-baxcalibur-b2a,Suicune ex Baxcalibur,suicune,4,2,0,17
6a76311ccdc0391d7fa5fb09,2026-09-25T22:05:00.000Z,"BRICKVERSARY₊⊹⁀➴prize: US$150, FA CARDS",postfreeze,1,SWISS,2,BO1,6,,71,sparadrap,elatomico,elatomico,decisive,Sparadrap,hydreigon-mega-absol-ex-b1,Hydreigon Mega Absol ex,hydreigon,2,3,0,,PGX| El Atomico,suicune-ex-a4a-baxcalibur-b2a,Suicune ex Baxcalibur,suicune,4,1,2,13
6a76311ccdc0391d7fa5fb09,2026-09-25T22:05:00.000Z,"BRICKVERSARY₊⊹⁀➴prize: US$150, FA CARDS",postfreeze,1,SWISS,2,BO1,7,,72,omarkztv,albuus_00,albuus_00,decisive,OMarkzTV,charizard-ex-a1-mega-charizard-y-ex-b1a,Charizard ex Mega Charizard Y ex,,2,3,0,,albuus_00,mega-charizard-y-ex-b1a-entei-ex-a4a,Mega Charizard Y ex Entei ex,charizardy_entei,3,3,0,
6a76311ccdc0391d7fa5fb09,2026-09-25T22:05:00.000Z,"BRICKVERSARY₊⊹⁀➴prize: US$150, FA CARDS",postfreeze,1,SWISS,2,BO1,8,,73,abnermoyai,mspinguino,mspinguino,decisive,𝐈𝐌𝐎 Moyai,mega-blaziken-ex-b1,Mega Blaziken ex,blaziken,4,2,0,31,mspinguino,mega-lucario-ex-b3-lucario-a2,Mega Lucario ex Lucario,lucario,4,3,0,16
6a76311ccdc0391d7fa5fb09,2026-09-25T22:05:00.000Z,"BRICKVERSARY₊⊹⁀➴prize: US$150, FA CARDS",postfreeze,1,SWISS,2,BO1,9,,74,byzer09,njjord7,njjord7,decisive,byZer09,mega-manectric-ex-b2b-heliolisk-b4,Mega Manectric ex Heliolisk,manectric_heliolisk,1,2,0,,FrogEX | Njord,dedenne-ex-b3b-pichu-a4,Dedenne ex Pichu,,2,2,0,
6a76311ccdc0391d7fa5fb09,2026-09-25T22:05:00.000Z,"BRICKVERSARY₊⊹⁀➴prize: US$150, FA CARDS",postfreeze,1,SWISS,2,BO1,10,,75,thejoc,brxlyy,thejoc,decisive,HARD | Thejoc,mega-blaziken-ex-b1-greninja-a1,Mega Blaziken ex Greninja,,5,2,0,9,Brxlyy,hoopa-ex-b4-mega-absol-ex-b1,Hoopa ex Mega Absol ex,hoopa_absol,2,3,0,
6a76311ccdc0391d7fa5fb09,2026-09-25T22:05:00.000Z,"BRICKVERSARY₊⊹⁀➴prize: US$150, FA CARDS",postfreeze,1,SWISS,2,BO1,11,,76,eeveeon,godi,godi,decisive,𝗠𝗲𝗴𝗮 eeveeon 𝗘𝗫,hoopa-ex-b4-mega-absol-ex-b1,Hoopa ex Mega Absol ex,hoopa_absol,1,5,0,54,Godi,mega-lucario-ex-b3-lucario-a2,Mega Lucario ex Lucario,lucario,4,2,0,28
6a76311ccdc0391d7fa5fb09,2026-09-25T22:05:00.000Z,"BRICKVERSARY₊⊹⁀➴prize: US$150, FA CARDS",postfreeze,1,SWISS,2,BO1,12,,77,tommyhp,esteban0708,tommyhp,decisive,tommyhp,suicune-ex-a4a-baxcalibur-b2a,Suicune ex Baxcalibur,suicune,6,1,2,4,Esteban0708,mega-lucario-ex-b3-lucario-a2,Mega Lucario ex Lucario,lucario,3,3,0,42
6a76311ccdc0391d7fa5fb09,2026-09-25T22:05:00.000Z,"BRICKVERSARY₊⊹⁀➴prize: US$150, FA CARDS",postfreeze,1,SWISS,2,BO1,13,,78,sekinokatsu,https,sekinokatsu,decisive,SekinoKatsu,mega-charizard-y-ex-b1a-entei-ex-a4a,Mega Charizard Y ex Entei ex,charizardy_entei,4,2,0,18,Nobody ,hoopa-ex-b4-mega-absol-ex-b1,Hoopa ex Mega Absol ex,hoopa_absol,3,3,0,47
6a76311ccdc0391d7fa5fb09,2026-09-25T22:05:00.000Z,"BRICKVERSARY₊⊹⁀➴prize: US$150, FA CARDS",postfreeze,1,SWISS,2,BO1,14,,79,super_peace,kabesu,kabesu,decisive,Super_Peace,team-rockets-slowking-ex-b4a-meloetta-b2,Team Rocket's Slowking ex Meloetta,,1,2,0,,KABESU,mega-charizard-y-ex-b1a-entei-ex-a4a,Mega Charizard Y ex Entei ex,charizardy_entei,4,2,1,15
6a76311ccdc0391d7fa5fb09,2026-09-25T22:05:00.000Z,"BRICKVERSARY₊⊹⁀➴prize: US$150, FA CARDS",postfreeze,1,SWISS,2,BO1,15,,80,pikaicetea,evand,pikaicetea,decisive,PikaIcetea,mega-manectric-ex-b2b-heliolisk-b4,Mega Manectric ex Heliolisk,manectric_heliolisk,4,2,0,30,PGX | EvanD,mega-altaria-ex-b1-greninja-a1,Mega Altaria ex Greninja,,1,3,0,
6a76311ccdc0391d7fa5fb09,2026-09-25T22:05:00.000Z,"BRICKVERSARY₊⊹⁀➴prize: US$150, FA CARDS",postfreeze,1,SWISS,2,BO1,16,,81,sparza,piccirko,sparza,decisive,Sparza,vespiquen-ex-b4-shuckle-ex-a4,Vespiquen ex Shuckle ex,vespiquen,4,2,0,23,Piccirko,mega-manectric-ex-b2b-heliolisk-b4,Mega Manectric ex Heliolisk,manectric_heliolisk,3,3,0,43
6a76311ccdc0391d7fa5fb09,2026-09-25T22:05:00.000Z,"BRICKVERSARY₊⊹⁀➴prize: US$150, FA CARDS",postfreeze,1,SWISS,2,BO1,17,,82,esdeath,akaseahri,esdeath,decisive,Esdeath,magnezone-b1a-miraidon-ex-b3a,Magnezone Miraidon ex,,2,3,0,,AkaseAhri,meowscarada-ex-b2a-meowscarada-a2b,Meowscarada ex Meowscarada,,1,2,0,
6a76311ccdc0391d7fa5fb09,2026-09-25T22:05:00.000Z,"BRICKVERSARY₊⊹⁀➴prize: US$150, FA CARDS",postfreeze,1,SWISS,2,BO1,18,,83,ibte_10,xanypopper,ibte_10,decisive,𝗕𝗢𝗔𝗧 | Ibte10,hoopa-ex-b4-mega-sableye-ex-b3b,Hoopa ex Mega Sableye ex,,2,2,0,,²ᵀ|Xanny ,hoopa-ex-b4-mega-absol-ex-b1,Hoopa ex Mega Absol ex,hoopa_absol,1,2,0,
6a76311ccdc0391d7fa5fb09,2026-09-25T22:05:00.000Z,"BRICKVERSARY₊⊹⁀➴prize: US$150, FA CARDS",postfreeze,1,SWISS,2,BO1,19,,84,hamza007,shinra67,shinra67,decisive,𝗠𝗮𝗴𝗺𝗮 Hamza,vespiquen-ex-b4-shuckle-ex-a4,Vespiquen ex Shuckle ex,vespiquen,2,2,0,,𝗕𝗢𝗔𝗧| Satoru Gojo,mega-sceptile-ex-b3-greninja-a1,Mega Sceptile ex Greninja,,4,2,0,20
6a76311ccdc0391d7fa5fb09,2026-09-25T22:05:00.000Z,"BRICKVERSARY₊⊹⁀➴prize: US$150, FA CARDS",postfreeze,1,SWISS,2,BO1,20,,85,genessiss,strawberrycrepecookie,genessiss,decisive,Genessiss,mega-charizard-y-ex-b1a-entei-ex-a4a,Mega Charizard Y ex Entei ex,charizardy_entei,5,2,0,10,𝗕𝗢𝗔𝗧 | Yumi,mega-lucario-ex-b3-lucario-a2,Mega Lucario ex Lucario,lucario,3,3,0,39
6a76311ccdc0391d7fa5fb09,2026-09-25T22:05:00.000Z,"BRICKVERSARY₊⊹⁀➴prize: US$150, FA CARDS",postfreeze,1,SWISS,2,BO1,21,,86,minato,soap728,minato,decisive,minato,dragonair-mega-rayquaza-ex-b4,Dragonair Mega Rayquaza ex,,7,2,1,2,soap728,mega-blaziken-ex-b1,Mega Blaziken ex,blaziken,8,1,1,1
6a76311ccdc0391d7fa5fb09,2026-09-25T22:05:00.000Z,"BRICKVERSARY₊⊹⁀➴prize: US$150, FA CARDS",postfreeze,1,SWISS,2,BO1,22,,87,haryanto,akuma_z6,haryanto,decisive,𝗠𝗲𝗴𝗮 Haryanto 𝗘𝗫,suicune-ex-a4a-baxcalibur-b2a,Suicune ex Baxcalibur,suicune,4,2,0,24,𝗠𝗮𝗴𝗺𝗮 Akuma_z6,mega-diancie-ex-carbink-b3b,Mega Diancie ex Carbink,,1,2,0,
6a76311ccdc0391d7fa5fb09,2026-09-25T22:05:00.000Z,"BRICKVERSARY₊⊹⁀➴prize: US$150, FA CARDS",postfreeze,1,SWISS,2,BO1,23,,88,golfermt,supreme13,supreme13,decisive,golfermt,hydreigon-mega-absol-ex-b1,Hydreigon Mega Absol ex,hydreigon,3,3,0,44,𝗕𝗮𝗹𝗱 Supreme,mega-lucario-ex-b3-lucario-a2,Mega Lucario ex Lucario,lucario,7,2,0,3
6a76311ccdc0391d7fa5fb09,2026-09-25T22:05:00.000Z,"BRICKVERSARY₊⊹⁀➴prize: US$150, FA CARDS",postfreeze,1,SWISS,2,BO1,24,,89,eternal_tcg,rekkatherapy,rekkatherapy,decisive,Eternal_TCG,mega-lucario-ex-b3-lucario-a2,Mega Lucario ex Lucario,lucario,2,4,0,,RekkaTherapy,zoroark-ex-b3-mega-absol-ex-b1,Zoroark ex Mega Absol ex,,4,2,0,19
6a76311ccdc0391d7fa5fb09,2026-09-25T22:05:00.000Z,"BRICKVERSARY₊⊹⁀➴prize: US$150, FA CARDS",postfreeze,1,SWISS,2,BO1,25,,90,hofuruhoshi,ishaan,ishaan,decisive,𝐄𝐥𝐢𝐭𝐞𝟒 hofuruhoshi,mega-blaziken-ex-b1,Mega Blaziken ex,blaziken,1,3,0,,Ishaan,mega-charizard-y-ex-b1a-entei-ex-a4a,Mega Charizard Y ex Entei ex,charizardy_entei,7,1,0,5
6a76311ccdc0391d7fa5fb09,2026-09-25T22:05:00.000Z,"BRICKVERSARY₊⊹⁀➴prize: US$150, FA CARDS",postfreeze,1,SWISS,2,BO1,26,,91,ne,suugarwater,ne,decisive,NE,dragonite-a1,Dragonite,,4,2,0,27,suugarwater,magnezone-b1a-miraidon-ex-b3a,Magnezone Miraidon ex,,1,2,0,
6a76311ccdc0391d7fa5fb09,2026-09-25T22:05:00.000Z,"BRICKVERSARY₊⊹⁀➴prize: US$150, FA CARDS",postfreeze,1,SWISS,2,BO1,27,,92,snowwhite,msbh,snowwhite,decisive,SnowWhite,mega-charizard-y-ex-b1a-entei-ex-a4a,Mega Charizard Y ex Entei ex,charizardy_entei,6,2,0,6,Misbah ,butterfree-b3b-mega-sceptile-ex-b3,Butterfree Mega Sceptile ex,sceptile,4,2,0,33
6a76311ccdc0391d7fa5fb09,2026-09-25T22:05:00.000Z,"BRICKVERSARY₊⊹⁀➴prize: US$150, FA CARDS",postfreeze,1,SWISS,2,BO1,28,,93,birdnest,thischase,birdnest,decisive,BirdNest,mega-sceptile-ex-b3-greninja-a1,Mega Sceptile ex Greninja,,3,3,0,40,𝑺𝑴𝑻 | Flustered,mega-diancie-ex-carbink-b3b,Mega Diancie ex Carbink,,5,2,1,8
6a76311ccdc0391d7fa5fb09,2026-09-25T22:05:00.000Z,"BRICKVERSARY₊⊹⁀➴prize: US$150, FA CARDS",postfreeze,1,SWISS,2,BO1,29,,94,bergi_e,sandy_permata205,sandy_permata205,decisive,𝗕𝗢𝗔𝗧 | Bergie,mega-charizard-y-ex-b1a-entei-ex-a4a,Mega Charizard Y ex Entei ex,charizardy_entei,3,2,1,38,𝗠𝗲𝗴𝗮 Razor 𝗘𝗫,mega-lucario-ex-b3-lucario-a2,Mega Lucario ex Lucario,lucario,4,2,0,22
6a76311ccdc0391d7fa5fb09,2026-09-25T22:05:00.000Z,"BRICKVERSARY₊⊹⁀➴prize: US$150, FA CARDS",postfreeze,1,SWISS,2,BO1,30,,95,victorssito,balancedeala,victorssito,decisive,PGX | victorssito,greninja-a1-decidueye-ex-a3,Greninja Decidueye ex,,4,2,0,21,balancedeala,team-rockets-slowking-ex-b4a-meloetta-b2,Team Rocket's Slowking ex Meloetta,,1,3,0,
6a76311ccdc0391d7fa5fb09,2026-09-25T22:05:00.000Z,"BRICKVERSARY₊⊹⁀➴prize: US$150, FA CARDS",postfreeze,1,SWISS,2,BO1,31,,96,breaking2mirror,power_cosmuk,breaking2mirror,decisive,Breaking2mirror,zoroark-ex-b3-team-rockets-weezing-ex-b4a,Zoroark ex Team Rocket's Weezing ex,,2,3,0,,pOwEr_cOsMuk,mega-altaria-ex-b1-sylveon-ex-a3b,Mega Altaria ex Sylveon ex,,1,3,0,
6a76311ccdc0391d7fa5fb09,2026-09-25T22:05:00.000Z,"BRICKVERSARY₊⊹⁀➴prize: US$150, FA CARDS",postfreeze,1,SWISS,2,BO1,32,,97,javiercazorla,vegegras,vegegras,decisive,Javiercazorla,charizard-ex-a1-mega-charizard-y-ex-b1a,Charizard ex Mega Charizard Y ex,,4,2,0,37,Vegegras,umbreon-ex-a4-greninja-a1,Umbreon ex Greninja,,2,4,0,52
6a76311ccdc0391d7fa5fb09,2026-09-25T22:05:00.000Z,"BRICKVERSARY₊⊹⁀➴prize: US$150, FA CARDS",postfreeze,1,SWISS,2,BO1,33,,98,jlng,pierfigo,jlng,decisive,JLNG,charizard-ex-a1-mega-charizard-y-ex-b1a,Charizard ex Mega Charizard Y ex,,1,2,0,,PierFigo,hydreigon-mega-absol-ex-b1,Hydreigon Mega Absol ex,hydreigon,0,2,0,
6a76311ccdc0391d7fa5fb09,2026-09-25T22:05:00.000Z,"BRICKVERSARY₊⊹⁀➴prize: US$150, FA CARDS",postfreeze,1,SWISS,2,BO1,34,,99,2811,razbersky202,2811,decisive,Sシュンタ ,dedenne-ex-b3b-indeedee-ex-b1,Dedenne ex Indeedee ex,,1,2,0,,Razbersky202,beautifly-b1-dustox-b4,Beautifly Dustox,,0,6,0,61
6a76311ccdc0391d7fa5fb09,2026-09-25T22:05:00.000Z,"BRICKVERSARY₊⊹⁀➴prize: US$150, FA CARDS",postfreeze,1,SWISS,2,BO1,35,,100,jokker,iromm,jokker,decisive,Jokker,mega-lucario-ex-b3-lucario-a2,Mega Lucario ex Lucario,lucario,3,3,0,41,Eleven Gomes,team-rockets-slowking-ex-b4a-meloetta-b2,Team Rocket's Slowking ex Meloetta,,0,2,0,
6a76311ccdc0391d7fa5fb09,2026-09-25T22:05:00.000Z,"BRICKVERSARY₊⊹⁀➴prize: US$150, FA CARDS",postfreeze,1,SWISS,2,BO1,36,,101,velskend,ppitopin8,ppitopin8,decisive,velskend,team-rockets-raticate-ex-b4a-mega-lucario-ex-b3,Team Rocket's Raticate ex Mega Lucario ex,,1,5,0,55,ppitopin8,suicune-ex-a4a-baxcalibur-b2a,Suicune ex Baxcalibur,suicune,4,2,0,32
6a76311ccdc0391d7fa5fb09,2026-09-25T22:05:00.000Z,"BRICKVERSARY₊⊹⁀➴prize: US$150, FA CARDS",postfreeze,1,SWISS,2,BO1,37,,102,znugun,shadowemokitty,shadowemokitty,decisive,znugun,mega-lucario-ex-b3-lucario-a2,Mega Lucario ex Lucario,lucario,0,3,0,,shadowemokitty,mega-altaria-ex-b1-gourgeist-b2,Mega Altaria ex Gourgeist,,1,2,0,
6a76311ccdc0391d7fa5fb09,2026-09-25T22:05:00.000Z,"BRICKVERSARY₊⊹⁀➴prize: US$150, FA CARDS",postfreeze,1,SWISS,2,BO1,38,,103,einstun,brendon68,einstun,decisive,𝙈𝙚𝙜𝙖 𝕰𝖎𝖓𝖘𝖙𝖚𝖓 𝙀𝙓,mega-lucario-ex-b3-lucario-a2,Mega Lucario ex Lucario,lucario,1,2,0,,Brendon68,magnezone-b1a-miraidon-ex-b3a,Magnezone Miraidon ex,,2,3,0,
6a76311ccdc0391d7fa5fb09,2026-09-25T22:05:00.000Z,"BRICKVERSARY₊⊹⁀➴prize: US$150, FA CARDS",postfreeze,1,SWISS,2,BO1,39,,104,aoisora,fonzi,fonzi,decisive,Sora Aoi,mega-altaria-ex-b1-greninja-a1,Mega Altaria ex Greninja,,0,2,0,,Fonzi,mega-manectric-ex-b2b-heliolisk-b4,Mega Manectric ex Heliolisk,manectric_heliolisk,3,3,0,48
6a76311ccdc0391d7fa5fb09,2026-09-25T22:05:00.000Z,"BRICKVERSARY₊⊹⁀➴prize: US$150, FA CARDS",postfreeze,1,SWISS,2,BO1,40,,105,elluquitas96,cosmooo,elluquitas96,decisive,elluquitas96,butterfree-b3b-mega-sceptile-ex-b3,Butterfree Mega Sceptile ex,sceptile,3,3,0,49,FrogEX | Cosmo,hoopa-ex-b4-mega-absol-ex-b1,Hoopa ex Mega Absol ex,hoopa_absol,0,2,0,
6a76311ccdc0391d7fa5fb09,2026-09-25T22:05:00.000Z,"BRICKVERSARY₊⊹⁀➴prize: US$150, FA CARDS",postfreeze,1,SWISS,2,BO1,41,,106,huskaroo,asterphoenix,asterphoenix,decisive,huskaroo,mega-altaria-ex-b1-greninja-a1,Mega Altaria ex Greninja,,1,5,0,58,AsterPhoenix,mega-charizard-y-ex-b1a-entei-ex-a4a,Mega Charizard Y ex Entei ex,charizardy_entei,2,2,0,
6a76311ccdc0391d7fa5fb09,2026-09-25T22:05:00.000Z,"BRICKVERSARY₊⊹⁀➴prize: US$150, FA CARDS",postfreeze,1,SWISS,2,BO1,42,,107,ibfasting,vitorinsky,ibfasting,decisive,𝗕𝗢𝗔𝗧 | Fasting,mega-blaziken-ex-b1-greninja-a1,Mega Blaziken ex Greninja,,1,2,0,,Vitorinsky,mega-altaria-ex-b1-greninja-a1,Mega Altaria ex Greninja,,4,2,0,36
6a76311ccdc0391d7fa5fb09,2026-09-25T22:05:00.000Z,"BRICKVERSARY₊⊹⁀➴prize: US$150, FA CARDS",postfreeze,1,SWISS,2,BO1,43,,108,justclark,froggnbl,froggnbl,decisive,justclark,hoopa-ex-b4-mega-absol-ex-b1,Hoopa ex Mega Absol ex,hoopa_absol,0,2,0,,FroggNBL,mega-sharpedo-ex-b4-gyarados-a4,Mega Sharpedo ex Gyarados,,4,2,0,34
6a76311ccdc0391d7fa5fb09,2026-09-25T22:05:00.000Z,"BRICKVERSARY₊⊹⁀➴prize: US$150, FA CARDS",postfreeze,1,SWISS,2,BO1,44,,109,xhinabu,varma,varma,decisive,Xhinabu,greninja-a1-darkrai-ex-a2,Greninja Darkrai ex,,0,3,0,,varma,suicune-ex-a4a-baxcalibur-b2a,Suicune ex Baxcalibur,suicune,1,3,0,
6a76311ccdc0391d7fa5fb09,2026-09-25T22:05:00.000Z,"BRICKVERSARY₊⊹⁀➴prize: US$150, FA CARDS",postfreeze,1,SWISS,2,BO1,45,,110,iamwalf,diegolq,iamwalf,decisive,IamWalf,mega-lucario-ex-b3-lucario-a2,Mega Lucario ex Lucario,lucario,1,2,0,,diegolq,mega-blaziken-ex-b1-greninja-a1,Mega Blaziken ex Greninja,,0,2,0,
6a76311ccdc0391d7fa5fb09,2026-09-25T22:05:00.000Z,"BRICKVERSARY₊⊹⁀➴prize: US$150, FA CARDS",postfreeze,1,SWISS,2,BO1,46,,111,kovacs469,mamasdigletts,kovacs469,decisive,kovacs469,mega-blaziken-ex-b1-greninja-a1,Mega Blaziken ex Greninja,,3,3,0,50,MamasDigletts,mega-pidgeot-ex-p-b-pidgeot-a1,Mega Pidgeot ex Pidgeot,,2,4,0,53
6a76311ccdc0391d7fa5fb09,2026-09-25T22:05:00.000Z,"BRICKVERSARY₊⊹⁀➴prize: US$150, FA CARDS",postfreeze,1,SWISS,2,BO1,47,,112,clemarley_07,acacia,clemarley_07,decisive,𝐄𝐥𝐢𝐭𝐞𝟒 CleMarley_07,butterfree-b3b-mega-sceptile-ex-b3,Butterfree Mega Sceptile ex,sceptile,4,2,0,35,Acacia,butterfree-b3b-mega-sceptile-ex-b3,Butterfree Mega Sceptile ex,sceptile,0,3,0,
6a76311ccdc0391d7fa5fb09,2026-09-25T22:05:00.000Z,"BRICKVERSARY₊⊹⁀➴prize: US$150, FA CARDS",postfreeze,1,SWISS,2,BO1,48,,113,belceboss,lanora,belceboss,decisive,belceboss,beautifly-dustox-b4,Beautifly Dustox,,1,5,0,56,𝗠𝗲𝗴𝗮 LaNora 𝗘𝗫,mega-altaria-ex-b1-greninja-a1,Mega Altaria ex Greninja,,0,2,0,
6a76311ccdc0391d7fa5fb09,2026-09-25T22:05:00.000Z,"BRICKVERSARY₊⊹⁀➴prize: US$150, FA CARDS",postfreeze,1,SWISS,2,BO1,49,,114,dietdrkelp,nick12,dietdrkelp,decisive,𝗠𝗢𝗡⭐️| Suede,greninja-a1-mega-absol-ex-b1,Greninja Mega Absol ex,,1,4,0,,Nick12,suicune-ex-a4a-baxcalibur-b2a,Suicune ex Baxcalibur,suicune,2,3,0,
6a76311ccdc0391d7fa5fb09,2026-09-25T22:05:00.000Z,"BRICKVERSARY₊⊹⁀➴prize: US$150, FA CARDS",postfreeze,1,SWISS,2,BO1,50,,115,angkelvin,redflag,redflag,decisive,AngkelVin,mega-lucario-ex-b3-lucario-a2,Mega Lucario ex Lucario,lucario,0,3,0,,RedFlag,butterfree-b3b-mega-sceptile-ex-b3,Butterfree Mega Sceptile ex,sceptile,4,2,0,29
6a76311ccdc0391d7fa5fb09,2026-09-25T22:05:00.000Z,"BRICKVERSARY₊⊹⁀➴prize: US$150, FA CARDS",postfreeze,1,SWISS,2,BO1,51,,116,srafaelitocs,porygon3,porygon3,decisive,srafaelitocs,magnezone-b1a-miraidon-ex-b3a,Magnezone Miraidon ex,,0,6,0,60,Porygon3,mega-blaziken-ex-b1-greninja-a1,Mega Blaziken ex Greninja,,5,2,0,12
6a76311ccdc0391d7fa5fb09,2026-09-25T22:05:00.000Z,"BRICKVERSARY₊⊹⁀➴prize: US$150, FA CARDS",postfreeze,1,SWISS,2,BO1,52,,117,wall456,danico,danico,decisive,Wall456,charizard-ex-a1-mega-charizard-y-ex-b1a,Charizard ex Mega Charizard Y ex,,0,2,0,,Danico,suicune-ex-a4a-baxcalibur-b2a,Suicune ex Baxcalibur,suicune,1,2,0,
6a76311ccdc0391d7fa5fb09,2026-09-25T22:05:00.000Z,"BRICKVERSARY₊⊹⁀➴prize: US$150, FA CARDS",postfreeze,1,SWISS,2,BO1,53,,118,thekyle,six420,six420,decisive,TheKyle,mega-charizard-y-ex-b1a-charizard-ex-a1,Mega Charizard Y ex Charizard ex,,1,5,0,59,Six420,mega-blaziken-ex-b1,Mega Blaziken ex,blaziken,1,2,0,
6a76311ccdc0391d7fa5fb09,2026-09-25T22:05:00.000Z,"BRICKVERSARY₊⊹⁀➴prize: US$150, FA CARDS",postfreeze,1,SWISS,2,BO1,54,,119,pamnardo_s2,ka1z0,ka1z0,decisive,PamNardo_s2,hydreigon-mega-absol-ex-b1,Hydreigon Mega Absol ex,hydreigon,3,3,0,51,Ka1z0,magnezone-b1a-miraidon-ex-b3a,Magnezone Miraidon ex,,1,2,0,
6a76311ccdc0391d7fa5fb09,2026-09-25T22:05:00.000Z,"BRICKVERSARY₊⊹⁀➴prize: US$150, FA CARDS",postfreeze,1,SWISS,2,BO1,55,,120,fall88,estehlegitea,estehlegitea,decisive,Fall88,mega-mawile-ex-b2,Mega Mawile ex,,1,3,0,,𝗠𝗲𝗴𝗮 Hasan 𝗘𝗫,mega-sharpedo-ex-b4-gyarados-a4,Mega Sharpedo ex Gyarados,,5,2,0,11
6a76311ccdc0391d7fa5fb09,2026-09-25T22:05:00.000Z,"BRICKVERSARY₊⊹⁀➴prize: US$150, FA CARDS",postfreeze,1,SWISS,2,BO1,56,,121,ember_elmos,hextor,hextor,decisive,Ember_Elmos,hydreigon-mega-absol-ex-b1,Hydreigon Mega Absol ex,hydreigon,0,2,0,,hextor,slurpuff-a3b-cherubi-a4,Slurpuff Cherubi,,3,3,0,
6a76311ccdc0391d7fa5fb09,2026-09-25T22:05:00.000Z,"BRICKVERSARY₊⊹⁀➴prize: US$150, FA CARDS",postfreeze,1,SWISS,2,BO1,57,,122,portlandpoliwags,coffplays,portlandpoliwags,decisive,PortlandPoliwags,charizard-ex-a1-mega-charizard-y-ex-b1a,Charizard ex Mega Charizard Y ex,,1,2,0,,Coffplays,mega-blaziken-ex-b1-greninja-a1,Mega Blaziken ex Greninja,,3,3,0,
6a76311ccdc0391d7fa5fb09,2026-09-25T22:05:00.000Z,"BRICKVERSARY₊⊹⁀➴prize: US$150, FA CARDS",postfreeze,1,SWISS,2,BO1,58,,123,mikamika_tti,mcharon,mikamika_tti,decisive,MikaMika_tti,whimsicott-ex-b1-ariados-b1a,Whimsicott ex Ariados,whimsicott_ariados,2,3,0,,MCharon,palkia-ex-a2-vaporeon-a1a,Palkia ex Vaporeon,,0,3,0,
6a76311ccdc0391d7fa5fb09,2026-09-25T22:05:00.000Z,"BRICKVERSARY₊⊹⁀➴prize: US$150, FA CARDS",postfreeze,1,SWISS,2,BO1,59,,124,angry_samson,rikujibra,rikujibra,decisive,angry_samson,exeggutor-ex-venusaur-ex-a1,Exeggutor ex Venusaur ex,,3,3,0,46,rikujiBRA,vespiquen-ex-b4-shuckle-ex-a4,Vespiquen ex Shuckle ex,vespiquen,2,3,0,
6a76311ccdc0391d7fa5fb09,2026-09-25T22:05:00.000Z,"BRICKVERSARY₊⊹⁀➴prize: US$150, FA CARDS",postfreeze,1,SWISS,2,BO1,60,,125,seb96,,seb96,bye_or_automatic_loss,seb96,suicune-ex-a4a-baxcalibur-b2a,Suicune ex Baxcalibur,suicune,1,2,0,,,,,,,,,
6a76311ccdc0391d7fa5fb09,2026-09-25T22:05:00.000Z,"BRICKVERSARY₊⊹⁀➴prize: US$150, FA CARDS",postfreeze,1,SWISS,3,BO1,1,,126,haryanto,preluxe,haryanto,decisive,𝗠𝗲𝗴𝗮 Haryanto 𝗘𝗫,suicune-ex-a4a-baxcalibur-b2a,Suicune ex Baxcalibur,suicune,4,2,0,24,𝗠𝗮𝗴𝗺𝗮 Preluxe,mega-lucario-ex-b3-lucario-a2,Mega Lucario ex Lucario,lucario,3,3,0,45
6a76311ccdc0391d7fa5fb09,2026-09-25T22:05:00.000Z,"BRICKVERSARY₊⊹⁀➴prize: US$150, FA CARDS",postfreeze,1,SWISS,3,BO1,2,,127,birdnest,rekkatherapy,rekkatherapy,decisive,BirdNest,mega-sceptile-ex-b3-greninja-a1,Mega Sceptile ex Greninja,,3,3,0,40,RekkaTherapy,zoroark-ex-b3-mega-absol-ex-b1,Zoroark ex Mega Absol ex,,4,2,0,19
6a76311ccdc0391d7fa5fb09,2026-09-25T22:05:00.000Z,"BRICKVERSARY₊⊹⁀➴prize: US$150, FA CARDS",postfreeze,1,SWISS,3,BO1,3,,128,shinra67,ishaan,ishaan,decisive,𝗕𝗢𝗔𝗧| Satoru Gojo,mega-sceptile-ex-b3-greninja-a1,Mega Sceptile ex Greninja,,4,2,0,20,Ishaan,mega-charizard-y-ex-b1a-entei-ex-a4a,Mega Charizard Y ex Entei ex,charizardy_entei,7,1,0,5
6a76311ccdc0391d7fa5fb09,2026-09-25T22:05:00.000Z,"BRICKVERSARY₊⊹⁀➴prize: US$150, FA CARDS",postfreeze,1,SWISS,3,BO1,4,,129,elatomico,iono_ce,elatomico,decisive,PGX| El Atomico,suicune-ex-a4a-baxcalibur-b2a,Suicune ex Baxcalibur,suicune,4,1,2,13,Iono_Ce,mega-altaria-ex-b1-happiny-b4a,Mega Altaria ex Happiny,,4,2,0,26
6a76311ccdc0391d7fa5fb09,2026-09-25T22:05:00.000Z,"BRICKVERSARY₊⊹⁀➴prize: US$150, FA CARDS",postfreeze,1,SWISS,3,BO1,5,,130,tommyhp,bigdev,tommyhp,decisive,tommyhp,suicune-ex-a4a-baxcalibur-b2a,Suicune ex Baxcalibur,suicune,6,1,2,4,BigDev,mega-lucario-ex-b3-lucario-a2,Mega Lucario ex Lucario,lucario,2,2,0,
6a76311ccdc0391d7fa5fb09,2026-09-25T22:05:00.000Z,"BRICKVERSARY₊⊹⁀➴prize: US$150, FA CARDS",postfreeze,1,SWISS,3,BO1,6,,131,njjord7,pikaicetea,pikaicetea,decisive,FrogEX | Njord,dedenne-ex-b3b-pichu-a4,Dedenne ex Pichu,,2,2,0,,PikaIcetea,mega-manectric-ex-b2b-heliolisk-b4,Mega Manectric ex Heliolisk,manectric_heliolisk,4,2,0,30
6a76311ccdc0391d7fa5fb09,2026-09-25T22:05:00.000Z,"BRICKVERSARY₊⊹⁀➴prize: US$150, FA CARDS",postfreeze,1,SWISS,3,BO1,7,,132,nosena33,albuus_00,nosena33,decisive,nosena33,suicune-ex-a4a-baxcalibur-b2a,Suicune ex Baxcalibur,suicune,4,2,0,17,albuus_00,mega-charizard-y-ex-b1a-entei-ex-a4a,Mega Charizard Y ex Entei ex,charizardy_entei,3,3,0,
6a76311ccdc0391d7fa5fb09,2026-09-25T22:05:00.000Z,"BRICKVERSARY₊⊹⁀➴prize: US$150, FA CARDS",postfreeze,1,SWISS,3,BO1,8,,133,sekinokatsu,mspinguino,mspinguino,decisive,SekinoKatsu,mega-charizard-y-ex-b1a-entei-ex-a4a,Mega Charizard Y ex Entei ex,charizardy_entei,4,2,0,18,mspinguino,mega-lucario-ex-b3-lucario-a2,Mega Lucario ex Lucario,lucario,4,3,0,16
6a76311ccdc0391d7fa5fb09,2026-09-25T22:05:00.000Z,"BRICKVERSARY₊⊹⁀➴prize: US$150, FA CARDS",postfreeze,1,SWISS,3,BO1,9,,134,genessiss,esdeath,genessiss,decisive,Genessiss,mega-charizard-y-ex-b1a-entei-ex-a4a,Mega Charizard Y ex Entei ex,charizardy_entei,5,2,0,10,Esdeath,magnezone-b1a-miraidon-ex-b3a,Magnezone Miraidon ex,,2,3,0,
6a76311ccdc0391d7fa5fb09,2026-09-25T22:05:00.000Z,"BRICKVERSARY₊⊹⁀➴prize: US$150, FA CARDS",postfreeze,1,SWISS,3,BO1,10,,135,sparza,thejoc,thejoc,decisive,Sparza,vespiquen-ex-b4-shuckle-ex-a4,Vespiquen ex Shuckle ex,vespiquen,4,2,0,23,HARD | Thejoc,mega-blaziken-ex-b1-greninja-a1,Mega Blaziken ex Greninja,,5,2,0,9
6a76311ccdc0391d7fa5fb09,2026-09-25T22:05:00.000Z,"BRICKVERSARY₊⊹⁀➴prize: US$150, FA CARDS",postfreeze,1,SWISS,3,BO1,11,,136,snowwhite,godi,snowwhite,decisive,SnowWhite,mega-charizard-y-ex-b1a-entei-ex-a4a,Mega Charizard Y ex Entei ex,charizardy_entei,6,2,0,6,Godi,mega-lucario-ex-b3-lucario-a2,Mega Lucario ex Lucario,lucario,4,2,0,28
6a76311ccdc0391d7fa5fb09,2026-09-25T22:05:00.000Z,"BRICKVERSARY₊⊹⁀➴prize: US$150, FA CARDS",postfreeze,1,SWISS,3,BO1,12,,137,supreme13,minato,minato,decisive,𝗕𝗮𝗹𝗱 Supreme,mega-lucario-ex-b3-lucario-a2,Mega Lucario ex Lucario,lucario,7,2,0,3,minato,dragonair-mega-rayquaza-ex-b4,Dragonair Mega Rayquaza ex,,7,2,1,2
6a76311ccdc0391d7fa5fb09,2026-09-25T22:05:00.000Z,"BRICKVERSARY₊⊹⁀➴prize: US$150, FA CARDS",postfreeze,1,SWISS,3,BO1,13,,138,pattyd,ne,pattyd,decisive,PattyD,mega-altaria-ex-b1-happiny-b4a,Mega Altaria ex Happiny,,4,2,1,14,NE,dragonite-a1,Dragonite,,4,2,0,27
6a76311ccdc0391d7fa5fb09,2026-09-25T22:05:00.000Z,"BRICKVERSARY₊⊹⁀➴prize: US$150, FA CARDS",postfreeze,1,SWISS,3,BO1,14,,139,kabesu,ibte_10,kabesu,decisive,KABESU,mega-charizard-y-ex-b1a-entei-ex-a4a,Mega Charizard Y ex Entei ex,charizardy_entei,4,2,1,15,𝗕𝗢𝗔𝗧 | Ibte10,hoopa-ex-b4-mega-sableye-ex-b3b,Hoopa ex Mega Sableye ex,,2,2,0,
6a76311ccdc0391d7fa5fb09,2026-09-25T22:05:00.000Z,"BRICKVERSARY₊⊹⁀➴prize: US$150, FA CARDS",postfreeze,1,SWISS,3,BO1,15,,140,alana,https,https,decisive,𝗠𝗲𝗴𝗮 A̶l̶a̶n̶a̶ 𝗘𝗫,miraidon-ex-b3a-magnezone-b1a,Miraidon ex Magnezone,,1,5,0,57,Nobody ,hoopa-ex-b4-mega-absol-ex-b1,Hoopa ex Mega Absol ex,hoopa_absol,3,3,0,47
6a76311ccdc0391d7fa5fb09,2026-09-25T22:05:00.000Z,"BRICKVERSARY₊⊹⁀➴prize: US$150, FA CARDS",postfreeze,1,SWISS,3,BO1,16,,141,vegegras,shadowemokitty,vegegras,decisive,Vegegras,umbreon-ex-a4-greninja-a1,Umbreon ex Greninja,,2,4,0,52,shadowemokitty,mega-altaria-ex-b1-gourgeist-b2,Mega Altaria ex Gourgeist,,1,2,0,
6a76311ccdc0391d7fa5fb09,2026-09-25T22:05:00.000Z,"BRICKVERSARY₊⊹⁀➴prize: US$150, FA CARDS",postfreeze,1,SWISS,3,BO1,17,,142,porygon3,nandosgude,porygon3,decisive,Porygon3,mega-blaziken-ex-b1-greninja-a1,Mega Blaziken ex Greninja,,5,2,0,12,PGX | Nandosgude,mega-altaria-ex-b1-greninja-a1,Mega Altaria ex Greninja,,1,2,0,
6a76311ccdc0391d7fa5fb09,2026-09-25T22:05:00.000Z,"BRICKVERSARY₊⊹⁀➴prize: US$150, FA CARDS",postfreeze,1,SWISS,3,BO1,18,,143,sparadrap,maximumedgelord,maximumedgelord,decisive,Sparadrap,hydreigon-mega-absol-ex-b1,Hydreigon Mega Absol ex,hydreigon,2,3,0,,MaximumEdgeLord,mega-sharpedo-ex-b4-milotic-ex-b3b,Mega Sharpedo ex Milotic ex,,4,2,0,25
6a76311ccdc0391d7fa5fb09,2026-09-25T22:05:00.000Z,"BRICKVERSARY₊⊹⁀➴prize: US$150, FA CARDS",postfreeze,1,SWISS,3,BO1,19,,144,victorssito,danico,victorssito,decisive,PGX | victorssito,greninja-a1-decidueye-ex-a3,Greninja Decidueye ex,,4,2,0,21,Danico,suicune-ex-a4a-baxcalibur-b2a,Suicune ex Baxcalibur,suicune,1,2,0,
6a76311ccdc0391d7fa5fb09,2026-09-25T22:05:00.000Z,"BRICKVERSARY₊⊹⁀➴prize: US$150, FA CARDS",postfreeze,1,SWISS,3,BO1,20,,145,ppitopin8,xanypopper,ppitopin8,decisive,ppitopin8,suicune-ex-a4a-baxcalibur-b2a,Suicune ex Baxcalibur,suicune,4,2,0,32,²ᵀ|Xanny ,hoopa-ex-b4-mega-absol-ex-b1,Hoopa ex Mega Absol ex,hoopa_absol,1,2,0,
6a76311ccdc0391d7fa5fb09,2026-09-25T22:05:00.000Z,"BRICKVERSARY₊⊹⁀➴prize: US$150, FA CARDS",postfreeze,1,SWISS,3,BO1,21,,146,mikamika_tti,evand,mikamika_tti,decisive,MikaMika_tti,whimsicott-ex-b1-ariados-b1a,Whimsicott ex Ariados,whimsicott_ariados,2,3,0,,PGX | EvanD,mega-altaria-ex-b1-greninja-a1,Mega Altaria ex Greninja,,1,3,0,
6a76311ccdc0391d7fa5fb09,2026-09-25T22:05:00.000Z,"BRICKVERSARY₊⊹⁀➴prize: US$150, FA CARDS",postfreeze,1,SWISS,3,BO1,22,,147,belceboss,redflag,redflag,decisive,belceboss,beautifly-dustox-b4,Beautifly Dustox,,1,5,0,56,RedFlag,butterfree-b3b-mega-sceptile-ex-b3,Butterfree Mega Sceptile ex,sceptile,4,2,0,29
6a76311ccdc0391d7fa5fb09,2026-09-25T22:05:00.000Z,"BRICKVERSARY₊⊹⁀➴prize: US$150, FA CARDS",postfreeze,1,SWISS,3,BO1,23,,148,piccirko,jlng,piccirko,decisive,Piccirko,mega-manectric-ex-b2b-heliolisk-b4,Mega Manectric ex Heliolisk,manectric_heliolisk,3,3,0,43,JLNG,charizard-ex-a1-mega-charizard-y-ex-b1a,Charizard ex Mega Charizard Y ex,,1,2,0,
6a76311ccdc0391d7fa5fb09,2026-09-25T22:05:00.000Z,"BRICKVERSARY₊⊹⁀➴prize: US$150, FA CARDS",postfreeze,1,SWISS,3,BO1,24,,149,estehlegitea,2811,estehlegitea,decisive,𝗠𝗲𝗴𝗮 Hasan 𝗘𝗫,mega-sharpedo-ex-b4-gyarados-a4,Mega Sharpedo ex Gyarados,,5,2,0,11,Sシュンタ ,dedenne-ex-b3b-indeedee-ex-b1,Dedenne ex Indeedee ex,,1,2,0,
6a76311ccdc0391d7fa5fb09,2026-09-25T22:05:00.000Z,"BRICKVERSARY₊⊹⁀➴prize: US$150, FA CARDS",postfreeze,1,SWISS,3,BO1,25,,150,suugarwater,jokker,jokker,decisive,suugarwater,magnezone-b1a-miraidon-ex-b3a,Magnezone Miraidon ex,,1,2,0,,Jokker,mega-lucario-ex-b3-lucario-a2,Mega Lucario ex Lucario,lucario,3,3,0,41
6a76311ccdc0391d7fa5fb09,2026-09-25T22:05:00.000Z,"BRICKVERSARY₊⊹⁀➴prize: US$150, FA CARDS",postfreeze,1,SWISS,3,BO1,26,,151,einstun,sandy_permata205,sandy_permata205,decisive,𝙈𝙚𝙜𝙖 𝕰𝖎𝖓𝖘𝖙𝖚𝖓 𝙀𝙓,mega-lucario-ex-b3-lucario-a2,Mega Lucario ex Lucario,lucario,1,2,0,,𝗠𝗲𝗴𝗮 Razor 𝗘𝗫,mega-lucario-ex-b3-lucario-a2,Mega Lucario ex Lucario,lucario,4,2,0,22
6a76311ccdc0391d7fa5fb09,2026-09-25T22:05:00.000Z,"BRICKVERSARY₊⊹⁀➴prize: US$150, FA CARDS",postfreeze,1,SWISS,3,BO1,27,,152,brxlyy,akaseahri,brxlyy,decisive,Brxlyy,hoopa-ex-b4-mega-absol-ex-b1,Hoopa ex Mega Absol ex,hoopa_absol,2,3,0,,AkaseAhri,meowscarada-ex-b2a-meowscarada-a2b,Meowscarada ex Meowscarada,,1,2,0,
6a76311ccdc0391d7fa5fb09,2026-09-25T22:05:00.000Z,"BRICKVERSARY₊⊹⁀➴prize: US$150, FA CARDS",postfreeze,1,SWISS,3,BO1,28,,153,ibfasting,soap728,soap728,decisive,𝗕𝗢𝗔𝗧 | Fasting,mega-blaziken-ex-b1-greninja-a1,Mega Blaziken ex Greninja,,1,2,0,,soap728,mega-blaziken-ex-b1,Mega Blaziken ex,blaziken,8,1,1,1
6a76311ccdc0391d7fa5fb09,2026-09-25T22:05:00.000Z,"BRICKVERSARY₊⊹⁀➴prize: US$150, FA CARDS",postfreeze,1,SWISS,3,BO1,29,,154,byzer09,omarkztv,omarkztv,decisive,byZer09,mega-manectric-ex-b2b-heliolisk-b4,Mega Manectric ex Heliolisk,manectric_heliolisk,1,2,0,,OMarkzTV,charizard-ex-a1-mega-charizard-y-ex-b1a,Charizard ex Mega Charizard Y ex,,2,3,0,
6a76311ccdc0391d7fa5fb09,2026-09-25T22:05:00.000Z,"BRICKVERSARY₊⊹⁀➴prize: US$150, FA CARDS",postfreeze,1,SWISS,3,BO1,30,,155,esteban0708,varma,esteban0708,decisive,Esteban0708,mega-lucario-ex-b3-lucario-a2,Mega Lucario ex Lucario,lucario,3,3,0,42,varma,suicune-ex-a4a-baxcalibur-b2a,Suicune ex Baxcalibur,suicune,1,3,0,
6a76311ccdc0391d7fa5fb09,2026-09-25T22:05:00.000Z,"BRICKVERSARY₊⊹⁀➴prize: US$150, FA CARDS",postfreeze,1,SWISS,3,BO1,31,,156,rikujibra,froggnbl,froggnbl,decisive,rikujiBRA,vespiquen-ex-b4-shuckle-ex-a4,Vespiquen ex Shuckle ex,vespiquen,2,3,0,,FroggNBL,mega-sharpedo-ex-b4-gyarados-a4,Mega Sharpedo ex Gyarados,,4,2,0,34
6a76311ccdc0391d7fa5fb09,2026-09-25T22:05:00.000Z,"BRICKVERSARY₊⊹⁀➴prize: US$150, FA CARDS",postfreeze,1,SWISS,3,BO1,32,,157,iamwalf,hamza007,hamza007,decisive,IamWalf,mega-lucario-ex-b3-lucario-a2,Mega Lucario ex Lucario,lucario,1,2,0,,𝗠𝗮𝗴𝗺𝗮 Hamza,vespiquen-ex-b4-shuckle-ex-a4,Vespiquen ex Shuckle ex,vespiquen,2,2,0,
6a76311ccdc0391d7fa5fb09,2026-09-25T22:05:00.000Z,"BRICKVERSARY₊⊹⁀➴prize: US$150, FA CARDS",postfreeze,1,SWISS,3,BO1,33,,158,eternal_tcg,ka1z0,eternal_tcg,decisive,Eternal_TCG,mega-lucario-ex-b3-lucario-a2,Mega Lucario ex Lucario,lucario,2,4,0,,Ka1z0,magnezone-b1a-miraidon-ex-b3a,Magnezone Miraidon ex,,1,2,0,
6a76311ccdc0391d7fa5fb09,2026-09-25T22:05:00.000Z,"BRICKVERSARY₊⊹⁀➴prize: US$150, FA CARDS",postfreeze,1,SWISS,3,BO1,34,,159,eeveeon,clemarley_07,clemarley_07,decisive,𝗠𝗲𝗴𝗮 eeveeon 𝗘𝗫,hoopa-ex-b4-mega-absol-ex-b1,Hoopa ex Mega Absol ex,hoopa_absol,1,5,0,54,𝐄𝐥𝐢𝐭𝐞𝟒 CleMarley_07,butterfree-b3b-mega-sceptile-ex-b3,Butterfree Mega Sceptile ex,sceptile,4,2,0,35
6a76311ccdc0391d7fa5fb09,2026-09-25T22:05:00.000Z,"BRICKVERSARY₊⊹⁀➴prize: US$150, FA CARDS",postfreeze,1,SWISS,3,BO1,35,,160,asterphoenix,dens,asterphoenix,decisive,AsterPhoenix,mega-charizard-y-ex-b1a-entei-ex-a4a,Mega Charizard Y ex Entei ex,charizardy_entei,2,2,0,,Dens,dragonair-mega-rayquaza-ex-b4,Dragonair Mega Rayquaza ex,,1,3,0,
6a76311ccdc0391d7fa5fb09,2026-09-25T22:05:00.000Z,"BRICKVERSARY₊⊹⁀➴prize: US$150, FA CARDS",postfreeze,1,SWISS,3,BO1,36,,161,hextor,golfermt,golfermt,decisive,hextor,slurpuff-a3b-cherubi-a4,Slurpuff Cherubi,,3,3,0,,golfermt,hydreigon-mega-absol-ex-b1,Hydreigon Mega Absol ex,hydreigon,3,3,0,44
6a76311ccdc0391d7fa5fb09,2026-09-25T22:05:00.000Z,"BRICKVERSARY₊⊹⁀➴prize: US$150, FA CARDS",postfreeze,1,SWISS,3,BO1,37,,162,dietdrkelp,mindola,mindola,decisive,𝗠𝗢𝗡⭐️| Suede,greninja-a1-mega-absol-ex-b1,Greninja Mega Absol ex,,1,4,0,,mindola,mega-charizard-y-ex-b1a-entei-ex-a4a,Mega Charizard Y ex Entei ex,charizardy_entei,6,2,0,7
6a76311ccdc0391d7fa5fb09,2026-09-25T22:05:00.000Z,"BRICKVERSARY₊⊹⁀➴prize: US$150, FA CARDS",postfreeze,1,SWISS,3,BO1,38,,163,abnermoyai,portlandpoliwags,abnermoyai,decisive,𝐈𝐌𝐎 Moyai,mega-blaziken-ex-b1,Mega Blaziken ex,blaziken,4,2,0,31,PortlandPoliwags,charizard-ex-a1-mega-charizard-y-ex-b1a,Charizard ex Mega Charizard Y ex,,1,2,0,
6a76311ccdc0391d7fa5fb09,2026-09-25T22:05:00.000Z,"BRICKVERSARY₊⊹⁀➴prize: US$150, FA CARDS",postfreeze,1,SWISS,3,BO1,39,,164,msbh,strawberrycrepecookie,strawberrycrepecookie,decisive,Misbah ,butterfree-b3b-mega-sceptile-ex-b3,Butterfree Mega Sceptile ex,sceptile,4,2,0,33,𝗕𝗢𝗔𝗧 | Yumi,mega-lucario-ex-b3-lucario-a2,Mega Lucario ex Lucario,lucario,3,3,0,39
6a76311ccdc0391d7fa5fb09,2026-09-25T22:05:00.000Z,"BRICKVERSARY₊⊹⁀➴prize: US$150, FA CARDS",postfreeze,1,SWISS,3,BO1,40,,165,super_peace,elluquitas96,elluquitas96,decisive,Super_Peace,team-rockets-slowking-ex-b4a-meloetta-b2,Team Rocket's Slowking ex Meloetta,,1,2,0,,elluquitas96,butterfree-b3b-mega-sceptile-ex-b3,Butterfree Mega Sceptile ex,sceptile,3,3,0,49
6a76311ccdc0391d7fa5fb09,2026-09-25T22:05:00.000Z,"BRICKVERSARY₊⊹⁀➴prize: US$150, FA CARDS",postfreeze,1,SWISS,3,BO1,41,,166,breaking2mirror,six420,breaking2mirror,decisive,Breaking2mirror,zoroark-ex-b3-team-rockets-weezing-ex-b4a,Zoroark ex Team Rocket's Weezing ex,,2,3,0,,Six420,mega-blaziken-ex-b1,Mega Blaziken ex,blaziken,1,2,0,
6a76311ccdc0391d7fa5fb09,2026-09-25T22:05:00.000Z,"BRICKVERSARY₊⊹⁀➴prize: US$150, FA CARDS",postfreeze,1,SWISS,3,BO1,42,,167,fonzi,hofuruhoshi,fonzi,decisive,Fonzi,mega-manectric-ex-b2b-heliolisk-b4,Mega Manectric ex Heliolisk,manectric_heliolisk,3,3,0,48,𝐄𝐥𝐢𝐭𝐞𝟒 hofuruhoshi,mega-blaziken-ex-b1,Mega Blaziken ex,blaziken,1,3,0,
6a76311ccdc0391d7fa5fb09,2026-09-25T22:05:00.000Z,"BRICKVERSARY₊⊹⁀➴prize: US$150, FA CARDS",postfreeze,1,SWISS,3,BO1,43,,168,seb96,kovacs469,kovacs469,decisive,seb96,suicune-ex-a4a-baxcalibur-b2a,Suicune ex Baxcalibur,suicune,1,2,0,,kovacs469,mega-blaziken-ex-b1-greninja-a1,Mega Blaziken ex Greninja,,3,3,0,50
6a76311ccdc0391d7fa5fb09,2026-09-25T22:05:00.000Z,"BRICKVERSARY₊⊹⁀➴prize: US$150, FA CARDS",postfreeze,1,SWISS,3,BO1,44,,169,akuma_z6,thischase,thischase,decisive,𝗠𝗮𝗴𝗺𝗮 Akuma_z6,mega-diancie-ex-carbink-b3b,Mega Diancie ex Carbink,,1,2,0,,𝑺𝑴𝑻 | Flustered,mega-diancie-ex-carbink-b3b,Mega Diancie ex Carbink,,5,2,1,8
6a76311ccdc0391d7fa5fb09,2026-09-25T22:05:00.000Z,"BRICKVERSARY₊⊹⁀➴prize: US$150, FA CARDS",postfreeze,1,SWISS,3,BO1,45,,170,bergi_e,srafaelitocs,bergi_e,decisive,𝗕𝗢𝗔𝗧 | Bergie,mega-charizard-y-ex-b1a-entei-ex-a4a,Mega Charizard Y ex Entei ex,charizardy_entei,3,2,1,38,srafaelitocs,magnezone-b1a-miraidon-ex-b3a,Magnezone Miraidon ex,,0,6,0,60
6a76311ccdc0391d7fa5fb09,2026-09-25T22:05:00.000Z,"BRICKVERSARY₊⊹⁀➴prize: US$150, FA CARDS",postfreeze,1,SWISS,3,BO1,46,,171,power_cosmuk,velskend,power_cosmuk,decisive,pOwEr_cOsMuk,mega-altaria-ex-b1-sylveon-ex-a3b,Mega Altaria ex Sylveon ex,,1,3,0,,velskend,team-rockets-raticate-ex-b4a-mega-lucario-ex-b3,Team Rocket's Raticate ex Mega Lucario ex,,1,5,0,55
6a76311ccdc0391d7fa5fb09,2026-09-25T22:05:00.000Z,"BRICKVERSARY₊⊹⁀➴prize: US$150, FA CARDS",postfreeze,1,SWISS,3,BO1,47,,172,xhinabu,pamnardo_s2,pamnardo_s2,decisive,Xhinabu,greninja-a1-darkrai-ex-a2,Greninja Darkrai ex,,0,3,0,,PamNardo_s2,hydreigon-mega-absol-ex-b1,Hydreigon Mega Absol ex,hydreigon,3,3,0,51
6a76311ccdc0391d7fa5fb09,2026-09-25T22:05:00.000Z,"BRICKVERSARY₊⊹⁀➴prize: US$150, FA CARDS",postfreeze,1,SWISS,3,BO1,48,,173,acacia,vitorinsky,vitorinsky,decisive,Acacia,butterfree-b3b-mega-sceptile-ex-b3,Butterfree Mega Sceptile ex,sceptile,0,3,0,,Vitorinsky,mega-altaria-ex-b1-greninja-a1,Mega Altaria ex Greninja,,4,2,0,36
6a76311ccdc0391d7fa5fb09,2026-09-25T22:05:00.000Z,"BRICKVERSARY₊⊹⁀➴prize: US$150, FA CARDS",postfreeze,1,SWISS,3,BO1,49,,174,huskaroo,brendon68,brendon68,decisive,huskaroo,mega-altaria-ex-b1-greninja-a1,Mega Altaria ex Greninja,,1,5,0,58,Brendon68,magnezone-b1a-miraidon-ex-b3a,Magnezone Miraidon ex,,2,3,0,
6a76311ccdc0391d7fa5fb09,2026-09-25T22:05:00.000Z,"BRICKVERSARY₊⊹⁀➴prize: US$150, FA CARDS",postfreeze,1,SWISS,3,BO1,50,,175,javiercazorla,znugun,javiercazorla,decisive,Javiercazorla,charizard-ex-a1-mega-charizard-y-ex-b1a,Charizard ex Mega Charizard Y ex,,4,2,0,37,znugun,mega-lucario-ex-b3-lucario-a2,Mega Lucario ex Lucario,lucario,0,3,0,
6a76311ccdc0391d7fa5fb09,2026-09-25T22:05:00.000Z,"BRICKVERSARY₊⊹⁀➴prize: US$150, FA CARDS",postfreeze,1,SWISS,3,BO1,51,,176,angry_samson,thekyle,angry_samson,decisive,angry_samson,exeggutor-ex-venusaur-ex-a1,Exeggutor ex Venusaur ex,,3,3,0,46,TheKyle,mega-charizard-y-ex-b1a-charizard-ex-a1,Mega Charizard Y ex Charizard ex,,1,5,0,59
6a76311ccdc0391d7fa5fb09,2026-09-25T22:05:00.000Z,"BRICKVERSARY₊⊹⁀➴prize: US$150, FA CARDS",postfreeze,1,SWISS,3,BO1,52,,177,razbersky202,fall88,fall88,decisive,Razbersky202,beautifly-b1-dustox-b4,Beautifly Dustox,,0,6,0,61,Fall88,mega-mawile-ex-b2,Mega Mawile ex,,1,3,0,
6a76311ccdc0391d7fa5fb09,2026-09-25T22:05:00.000Z,"BRICKVERSARY₊⊹⁀➴prize: US$150, FA CARDS",postfreeze,1,SWISS,3,BO1,53,,178,angkelvin,balancedeala,balancedeala,decisive,AngkelVin,mega-lucario-ex-b3-lucario-a2,Mega Lucario ex Lucario,lucario,0,3,0,,balancedeala,team-rockets-slowking-ex-b4a-meloetta-b2,Team Rocket's Slowking ex Meloetta,,1,3,0,
6a76311ccdc0391d7fa5fb09,2026-09-25T22:05:00.000Z,"BRICKVERSARY₊⊹⁀➴prize: US$150, FA CARDS",postfreeze,1,SWISS,3,BO1,54,,179,nick12,mamasdigletts,nick12,decisive,Nick12,suicune-ex-a4a-baxcalibur-b2a,Suicune ex Baxcalibur,suicune,2,3,0,,MamasDigletts,mega-pidgeot-ex-p-b-pidgeot-a1,Mega Pidgeot ex Pidgeot,,2,4,0,53
6a76311ccdc0391d7fa5fb09,2026-09-25T22:05:00.000Z,"BRICKVERSARY₊⊹⁀➴prize: US$150, FA CARDS",postfreeze,1,SWISS,3,BO1,55,,180,coffplays,mcharon,coffplays,decisive,Coffplays,mega-blaziken-ex-b1-greninja-a1,Mega Blaziken ex Greninja,,3,3,0,,MCharon,palkia-ex-a2-vaporeon-a1a,Palkia ex Vaporeon,,0,3,0,
6a76311ccdc0391d7fa5fb09,2026-09-25T22:05:00.000Z,"BRICKVERSARY₊⊹⁀➴prize: US$150, FA CARDS",postfreeze,1,SWISS,4,BO1,1,,181,thejoc,snowwhite,thejoc,decisive,HARD | Thejoc,mega-blaziken-ex-b1-greninja-a1,Mega Blaziken ex Greninja,,5,2,0,9,SnowWhite,mega-charizard-y-ex-b1a-entei-ex-a4a,Mega Charizard Y ex Entei ex,charizardy_entei,6,2,0,6
6a76311ccdc0391d7fa5fb09,2026-09-25T22:05:00.000Z,"BRICKVERSARY₊⊹⁀➴prize: US$150, FA CARDS",postfreeze,1,SWISS,4,BO1,2,,182,rekkatherapy,minato,rekkatherapy,decisive,RekkaTherapy,zoroark-ex-b3-mega-absol-ex-b1,Zoroark ex Mega Absol ex,,4,2,0,19,minato,dragonair-mega-rayquaza-ex-b4,Dragonair Mega Rayquaza ex,,7,2,1,2
6a76311ccdc0391d7fa5fb09,2026-09-25T22:05:00.000Z,"BRICKVERSARY₊⊹⁀➴prize: US$150, FA CARDS",postfreeze,1,SWISS,4,BO1,3,,183,mspinguino,pikaicetea,mspinguino,decisive,mspinguino,mega-lucario-ex-b3-lucario-a2,Mega Lucario ex Lucario,lucario,4,3,0,16,PikaIcetea,mega-manectric-ex-b2b-heliolisk-b4,Mega Manectric ex Heliolisk,manectric_heliolisk,4,2,0,30
6a76311ccdc0391d7fa5fb09,2026-09-25T22:05:00.000Z,"BRICKVERSARY₊⊹⁀➴prize: US$150, FA CARDS",postfreeze,1,SWISS,4,BO1,4,,184,ishaan,nosena33,ishaan,decisive,Ishaan,mega-charizard-y-ex-b1a-entei-ex-a4a,Mega Charizard Y ex Entei ex,charizardy_entei,7,1,0,5,nosena33,suicune-ex-a4a-baxcalibur-b2a,Suicune ex Baxcalibur,suicune,4,2,0,17
6a76311ccdc0391d7fa5fb09,2026-09-25T22:05:00.000Z,"BRICKVERSARY₊⊹⁀➴prize: US$150, FA CARDS",postfreeze,1,SWISS,4,BO1,5,,185,tommyhp,pattyd,tommyhp,decisive,tommyhp,suicune-ex-a4a-baxcalibur-b2a,Suicune ex Baxcalibur,suicune,6,1,2,4,PattyD,mega-altaria-ex-b1-happiny-b4a,Mega Altaria ex Happiny,,4,2,1,14
6a76311ccdc0391d7fa5fb09,2026-09-25T22:05:00.000Z,"BRICKVERSARY₊⊹⁀➴prize: US$150, FA CARDS",postfreeze,1,SWISS,4,BO1,6,,186,elatomico,kabesu,elatomico,decisive,PGX| El Atomico,suicune-ex-a4a-baxcalibur-b2a,Suicune ex Baxcalibur,suicune,4,1,2,13,KABESU,mega-charizard-y-ex-b1a-entei-ex-a4a,Mega Charizard Y ex Entei ex,charizardy_entei,4,2,1,15
6a76311ccdc0391d7fa5fb09,2026-09-25T22:05:00.000Z,"BRICKVERSARY₊⊹⁀➴prize: US$150, FA CARDS",postfreeze,1,SWISS,4,BO1,7,,187,genessiss,haryanto,genessiss,decisive,Genessiss,mega-charizard-y-ex-b1a-entei-ex-a4a,Mega Charizard Y ex Entei ex,charizardy_entei,5,2,0,10,𝗠𝗲𝗴𝗮 Haryanto 𝗘𝗫,suicune-ex-a4a-baxcalibur-b2a,Suicune ex Baxcalibur,suicune,4,2,0,24
6a76311ccdc0391d7fa5fb09,2026-09-25T22:05:00.000Z,"BRICKVERSARY₊⊹⁀➴prize: US$150, FA CARDS",postfreeze,1,SWISS,4,BO1,8,,188,asterphoenix,soap728,soap728,decisive,AsterPhoenix,mega-charizard-y-ex-b1a-entei-ex-a4a,Mega Charizard Y ex Entei ex,charizardy_entei,2,2,0,,soap728,mega-blaziken-ex-b1,Mega Blaziken ex,blaziken,8,1,1,1
6a76311ccdc0391d7fa5fb09,2026-09-25T22:05:00.000Z,"BRICKVERSARY₊⊹⁀➴prize: US$150, FA CARDS",postfreeze,1,SWISS,4,BO1,9,,189,https,sandy_permata205,sandy_permata205,decisive,Nobody ,hoopa-ex-b4-mega-absol-ex-b1,Hoopa ex Mega Absol ex,hoopa_absol,3,3,0,47,𝗠𝗲𝗴𝗮 Razor 𝗘𝗫,mega-lucario-ex-b3-lucario-a2,Mega Lucario ex Lucario,lucario,4,2,0,22
6a76311ccdc0391d7fa5fb09,2026-09-25T22:05:00.000Z,"BRICKVERSARY₊⊹⁀➴prize: US$150, FA CARDS",postfreeze,1,SWISS,4,BO1,10,,190,eternal_tcg,mindola,mindola,decisive,Eternal_TCG,mega-lucario-ex-b3-lucario-a2,Mega Lucario ex Lucario,lucario,2,4,0,,mindola,mega-charizard-y-ex-b1a-entei-ex-a4a,Mega Charizard Y ex Entei ex,charizardy_entei,6,2,0,7
6a76311ccdc0391d7fa5fb09,2026-09-25T22:05:00.000Z,"BRICKVERSARY₊⊹⁀➴prize: US$150, FA CARDS",postfreeze,1,SWISS,4,BO1,11,,191,abnermoyai,kovacs469,abnermoyai,decisive,𝐈𝐌𝐎 Moyai,mega-blaziken-ex-b1,Mega Blaziken ex,blaziken,4,2,0,31,kovacs469,mega-blaziken-ex-b1-greninja-a1,Mega Blaziken ex Greninja,,3,3,0,50
6a76311ccdc0391d7fa5fb09,2026-09-25T22:05:00.000Z,"BRICKVERSARY₊⊹⁀➴prize: US$150, FA CARDS",postfreeze,1,SWISS,4,BO1,12,,192,hamza007,jokker,jokker,decisive,𝗠𝗮𝗴𝗺𝗮 Hamza,vespiquen-ex-b4-shuckle-ex-a4,Vespiquen ex Shuckle ex,vespiquen,2,2,0,,Jokker,mega-lucario-ex-b3-lucario-a2,Mega Lucario ex Lucario,lucario,3,3,0,41
6a76311ccdc0391d7fa5fb09,2026-09-25T22:05:00.000Z,"BRICKVERSARY₊⊹⁀➴prize: US$150, FA CARDS",postfreeze,1,SWISS,4,BO1,13,,193,ibte_10,albuus_00,albuus_00,decisive,𝗕𝗢𝗔𝗧 | Ibte10,hoopa-ex-b4-mega-sableye-ex-b3b,Hoopa ex Mega Sableye ex,,2,2,0,,albuus_00,mega-charizard-y-ex-b1a-entei-ex-a4a,Mega Charizard Y ex Entei ex,charizardy_entei,3,3,0,
6a76311ccdc0391d7fa5fb09,2026-09-25T22:05:00.000Z,"BRICKVERSARY₊⊹⁀➴prize: US$150, FA CARDS",postfreeze,1,SWISS,4,BO1,14,,194,iono_ce,piccirko,iono_ce,decisive,Iono_Ce,mega-altaria-ex-b1-happiny-b4a,Mega Altaria ex Happiny,,4,2,0,26,Piccirko,mega-manectric-ex-b2b-heliolisk-b4,Mega Manectric ex Heliolisk,manectric_heliolisk,3,3,0,43
6a76311ccdc0391d7fa5fb09,2026-09-25T22:05:00.000Z,"BRICKVERSARY₊⊹⁀➴prize: US$150, FA CARDS",postfreeze,1,SWISS,4,BO1,15,,195,esdeath,esteban0708,esteban0708,decisive,Esdeath,magnezone-b1a-miraidon-ex-b3a,Magnezone Miraidon ex,,2,3,0,,Esteban0708,mega-lucario-ex-b3-lucario-a2,Mega Lucario ex Lucario,lucario,3,3,0,42
6a76311ccdc0391d7fa5fb09,2026-09-25T22:05:00.000Z,"BRICKVERSARY₊⊹⁀➴prize: US$150, FA CARDS",postfreeze,1,SWISS,4,BO1,16,,196,redflag,bigdev,redflag,decisive,RedFlag,butterfree-b3b-mega-sceptile-ex-b3,Butterfree Mega Sceptile ex,sceptile,4,2,0,29,BigDev,mega-lucario-ex-b3-lucario-a2,Mega Lucario ex Lucario,lucario,2,2,0,
6a76311ccdc0391d7fa5fb09,2026-09-25T22:05:00.000Z,"BRICKVERSARY₊⊹⁀➴prize: US$150, FA CARDS",postfreeze,1,SWISS,4,BO1,17,,197,mikamika_tti,porygon3,porygon3,decisive,MikaMika_tti,whimsicott-ex-b1-ariados-b1a,Whimsicott ex Ariados,whimsicott_ariados,2,3,0,,Porygon3,mega-blaziken-ex-b1-greninja-a1,Mega Blaziken ex Greninja,,5,2,0,12
6a76311ccdc0391d7fa5fb09,2026-09-25T22:05:00.000Z,"BRICKVERSARY₊⊹⁀➴prize: US$150, FA CARDS",postfreeze,1,SWISS,4,BO1,18,,198,sparza,fonzi,sparza,decisive,Sparza,vespiquen-ex-b4-shuckle-ex-a4,Vespiquen ex Shuckle ex,vespiquen,4,2,0,23,Fonzi,mega-manectric-ex-b2b-heliolisk-b4,Mega Manectric ex Heliolisk,manectric_heliolisk,3,3,0,48
6a76311ccdc0391d7fa5fb09,2026-09-25T22:05:00.000Z,"BRICKVERSARY₊⊹⁀➴prize: US$150, FA CARDS",postfreeze,1,SWISS,4,BO1,19,,199,clemarley_07,victorssito,victorssito,decisive,𝐄𝐥𝐢𝐭𝐞𝟒 CleMarley_07,butterfree-b3b-mega-sceptile-ex-b3,Butterfree Mega Sceptile ex,sceptile,4,2,0,35,PGX | victorssito,greninja-a1-decidueye-ex-a3,Greninja Decidueye ex,,4,2,0,21
6a76311ccdc0391d7fa5fb09,2026-09-25T22:05:00.000Z,"BRICKVERSARY₊⊹⁀➴prize: US$150, FA CARDS",postfreeze,1,SWISS,4,BO1,20,,200,strawberrycrepecookie,vegegras,strawberrycrepecookie,decisive,𝗕𝗢𝗔𝗧 | Yumi,mega-lucario-ex-b3-lucario-a2,Mega Lucario ex Lucario,lucario,3,3,0,39,Vegegras,umbreon-ex-a4-greninja-a1,Umbreon ex Greninja,,2,4,0,52
6a76311ccdc0391d7fa5fb09,2026-09-25T22:05:00.000Z,"BRICKVERSARY₊⊹⁀➴prize: US$150, FA CARDS",postfreeze,1,SWISS,4,BO1,21,,201,supreme13,breaking2mirror,supreme13,decisive,𝗕𝗮𝗹𝗱 Supreme,mega-lucario-ex-b3-lucario-a2,Mega Lucario ex Lucario,lucario,7,2,0,3,Breaking2mirror,zoroark-ex-b3-team-rockets-weezing-ex-b4a,Zoroark ex Team Rocket's Weezing ex,,2,3,0,
6a76311ccdc0391d7fa5fb09,2026-09-25T22:05:00.000Z,"BRICKVERSARY₊⊹⁀➴prize: US$150, FA CARDS",postfreeze,1,SWISS,4,BO1,22,,202,froggnbl,shinra67,shinra67,decisive,FroggNBL,mega-sharpedo-ex-b4-gyarados-a4,Mega Sharpedo ex Gyarados,,4,2,0,34,𝗕𝗢𝗔𝗧| Satoru Gojo,mega-sceptile-ex-b3-greninja-a1,Mega Sceptile ex Greninja,,4,2,0,20
6a76311ccdc0391d7fa5fb09,2026-09-25T22:05:00.000Z,"BRICKVERSARY₊⊹⁀➴prize: US$150, FA CARDS",postfreeze,1,SWISS,4,BO1,23,,203,ne,sekinokatsu,sekinokatsu,decisive,NE,dragonite-a1,Dragonite,,4,2,0,27,SekinoKatsu,mega-charizard-y-ex-b1a-entei-ex-a4a,Mega Charizard Y ex Entei ex,charizardy_entei,4,2,0,18
6a76311ccdc0391d7fa5fb09,2026-09-25T22:05:00.000Z,"BRICKVERSARY₊⊹⁀➴prize: US$150, FA CARDS",postfreeze,1,SWISS,4,BO1,24,,204,birdnest,golfermt,birdnest,decisive,BirdNest,mega-sceptile-ex-b3-greninja-a1,Mega Sceptile ex Greninja,,3,3,0,40,golfermt,hydreigon-mega-absol-ex-b1,Hydreigon Mega Absol ex,hydreigon,3,3,0,44
6a76311ccdc0391d7fa5fb09,2026-09-25T22:05:00.000Z,"BRICKVERSARY₊⊹⁀➴prize: US$150, FA CARDS",postfreeze,1,SWISS,4,BO1,25,,205,godi,preluxe,godi,decisive,Godi,mega-lucario-ex-b3-lucario-a2,Mega Lucario ex Lucario,lucario,4,2,0,28,𝗠𝗮𝗴𝗺𝗮 Preluxe,mega-lucario-ex-b3-lucario-a2,Mega Lucario ex Lucario,lucario,3,3,0,45
6a76311ccdc0391d7fa5fb09,2026-09-25T22:05:00.000Z,"BRICKVERSARY₊⊹⁀➴prize: US$150, FA CARDS",postfreeze,1,SWISS,4,BO1,26,,206,elluquitas96,brxlyy,elluquitas96,decisive,elluquitas96,butterfree-b3b-mega-sceptile-ex-b3,Butterfree Mega Sceptile ex,sceptile,3,3,0,49,Brxlyy,hoopa-ex-b4-mega-absol-ex-b1,Hoopa ex Mega Absol ex,hoopa_absol,2,3,0,
6a76311ccdc0391d7fa5fb09,2026-09-25T22:05:00.000Z,"BRICKVERSARY₊⊹⁀➴prize: US$150, FA CARDS",postfreeze,1,SWISS,4,BO1,27,,207,maximumedgelord,ppitopin8,ppitopin8,decisive,MaximumEdgeLord,mega-sharpedo-ex-b4-milotic-ex-b3b,Mega Sharpedo ex Milotic ex,,4,2,0,25,ppitopin8,suicune-ex-a4a-baxcalibur-b2a,Suicune ex Baxcalibur,suicune,4,2,0,32
6a76311ccdc0391d7fa5fb09,2026-09-25T22:05:00.000Z,"BRICKVERSARY₊⊹⁀➴prize: US$150, FA CARDS",postfreeze,1,SWISS,4,BO1,28,,208,njjord7,estehlegitea,estehlegitea,decisive,FrogEX | Njord,dedenne-ex-b3b-pichu-a4,Dedenne ex Pichu,,2,2,0,,𝗠𝗲𝗴𝗮 Hasan 𝗘𝗫,mega-sharpedo-ex-b4-gyarados-a4,Mega Sharpedo ex Gyarados,,5,2,0,11
6a76311ccdc0391d7fa5fb09,2026-09-25T22:05:00.000Z,"BRICKVERSARY₊⊹⁀➴prize: US$150, FA CARDS",postfreeze,1,SWISS,4,BO1,29,,209,omarkztv,bergi_e,bergi_e,decisive,OMarkzTV,charizard-ex-a1-mega-charizard-y-ex-b1a,Charizard ex Mega Charizard Y ex,,2,3,0,,𝗕𝗢𝗔𝗧 | Bergie,mega-charizard-y-ex-b1a-entei-ex-a4a,Mega Charizard Y ex Entei ex,charizardy_entei,3,2,1,38
6a76311ccdc0391d7fa5fb09,2026-09-25T22:05:00.000Z,"BRICKVERSARY₊⊹⁀➴prize: US$150, FA CARDS",postfreeze,1,SWISS,4,BO1,30,,210,thischase,fall88,thischase,decisive,𝑺𝑴𝑻 | Flustered,mega-diancie-ex-carbink-b3b,Mega Diancie ex Carbink,,5,2,1,8,Fall88,mega-mawile-ex-b2,Mega Mawile ex,,1,3,0,
6a76311ccdc0391d7fa5fb09,2026-09-25T22:05:00.000Z,"BRICKVERSARY₊⊹⁀➴prize: US$150, FA CARDS",postfreeze,1,SWISS,4,BO1,31,,211,pamnardo_s2,dens,pamnardo_s2,decisive,PamNardo_s2,hydreigon-mega-absol-ex-b1,Hydreigon Mega Absol ex,hydreigon,3,3,0,51,Dens,dragonair-mega-rayquaza-ex-b4,Dragonair Mega Rayquaza ex,,1,3,0,
6a76311ccdc0391d7fa5fb09,2026-09-25T22:05:00.000Z,"BRICKVERSARY₊⊹⁀➴prize: US$150, FA CARDS",postfreeze,1,SWISS,4,BO1,32,,212,msbh,eeveeon,msbh,decisive,Misbah ,butterfree-b3b-mega-sceptile-ex-b3,Butterfree Mega Sceptile ex,sceptile,4,2,0,33,𝗠𝗲𝗴𝗮 eeveeon 𝗘𝗫,hoopa-ex-b4-mega-absol-ex-b1,Hoopa ex Mega Absol ex,hoopa_absol,1,5,0,54
6a76311ccdc0391d7fa5fb09,2026-09-25T22:05:00.000Z,"BRICKVERSARY₊⊹⁀➴prize: US$150, FA CARDS",postfreeze,1,SWISS,4,BO1,33,,213,angry_samson,belceboss,angry_samson,decisive,angry_samson,exeggutor-ex-venusaur-ex-a1,Exeggutor ex Venusaur ex,,3,3,0,46,belceboss,beautifly-dustox-b4,Beautifly Dustox,,1,5,0,56
6a76311ccdc0391d7fa5fb09,2026-09-25T22:05:00.000Z,"BRICKVERSARY₊⊹⁀➴prize: US$150, FA CARDS",postfreeze,1,SWISS,4,BO1,34,,214,hofuruhoshi,javiercazorla,javiercazorla,decisive,𝐄𝐥𝐢𝐭𝐞𝟒 hofuruhoshi,mega-blaziken-ex-b1,Mega Blaziken ex,blaziken,1,3,0,,Javiercazorla,charizard-ex-a1-mega-charizard-y-ex-b1a,Charizard ex Mega Charizard Y ex,,4,2,0,37
6a76311ccdc0391d7fa5fb09,2026-09-25T22:05:00.000Z,"BRICKVERSARY₊⊹⁀➴prize: US$150, FA CARDS",postfreeze,1,SWISS,4,BO1,35,,215,rikujibra,dietdrkelp,rikujibra,decisive,rikujiBRA,vespiquen-ex-b4-shuckle-ex-a4,Vespiquen ex Shuckle ex,vespiquen,2,3,0,,𝗠𝗢𝗡⭐️| Suede,greninja-a1-mega-absol-ex-b1,Greninja Mega Absol ex,,1,4,0,
6a76311ccdc0391d7fa5fb09,2026-09-25T22:05:00.000Z,"BRICKVERSARY₊⊹⁀➴prize: US$150, FA CARDS",postfreeze,1,SWISS,4,BO1,36,,216,brendon68,varma,brendon68,decisive,Brendon68,magnezone-b1a-miraidon-ex-b3a,Magnezone Miraidon ex,,2,3,0,,varma,suicune-ex-a4a-baxcalibur-b2a,Suicune ex Baxcalibur,suicune,1,3,0,
6a76311ccdc0391d7fa5fb09,2026-09-25T22:05:00.000Z,"BRICKVERSARY₊⊹⁀➴prize: US$150, FA CARDS",postfreeze,1,SWISS,4,BO1,37,,217,alana,sparadrap,sparadrap,decisive,𝗠𝗲𝗴𝗮 A̶l̶a̶n̶a̶ 𝗘𝗫,miraidon-ex-b3a-magnezone-b1a,Miraidon ex Magnezone,,1,5,0,57,Sparadrap,hydreigon-mega-absol-ex-b1,Hydreigon Mega Absol ex,hydreigon,2,3,0,
6a76311ccdc0391d7fa5fb09,2026-09-25T22:05:00.000Z,"BRICKVERSARY₊⊹⁀➴prize: US$150, FA CARDS",postfreeze,1,SWISS,4,BO1,38,,218,vitorinsky,balancedeala,vitorinsky,decisive,Vitorinsky,mega-altaria-ex-b1-greninja-a1,Mega Altaria ex Greninja,,4,2,0,36,balancedeala,team-rockets-slowking-ex-b4a-meloetta-b2,Team Rocket's Slowking ex Meloetta,,1,3,0,
6a76311ccdc0391d7fa5fb09,2026-09-25T22:05:00.000Z,"BRICKVERSARY₊⊹⁀➴prize: US$150, FA CARDS",postfreeze,1,SWISS,4,BO1,39,,219,hextor,power_cosmuk,hextor,decisive,hextor,slurpuff-a3b-cherubi-a4,Slurpuff Cherubi,,3,3,0,,pOwEr_cOsMuk,mega-altaria-ex-b1-sylveon-ex-a3b,Mega Altaria ex Sylveon ex,,1,3,0,
6a76311ccdc0391d7fa5fb09,2026-09-25T22:05:00.000Z,"BRICKVERSARY₊⊹⁀➴prize: US$150, FA CARDS",postfreeze,1,SWISS,4,BO1,40,,220,evand,coffplays,coffplays,decisive,PGX | EvanD,mega-altaria-ex-b1-greninja-a1,Mega Altaria ex Greninja,,1,3,0,,Coffplays,mega-blaziken-ex-b1-greninja-a1,Mega Blaziken ex Greninja,,3,3,0,
6a76311ccdc0391d7fa5fb09,2026-09-25T22:05:00.000Z,"BRICKVERSARY₊⊹⁀➴prize: US$150, FA CARDS",postfreeze,1,SWISS,4,BO1,41,,221,nick12,srafaelitocs,nick12,decisive,Nick12,suicune-ex-a4a-baxcalibur-b2a,Suicune ex Baxcalibur,suicune,2,3,0,,srafaelitocs,magnezone-b1a-miraidon-ex-b3a,Magnezone Miraidon ex,,0,6,0,60
6a76311ccdc0391d7fa5fb09,2026-09-25T22:05:00.000Z,"BRICKVERSARY₊⊹⁀➴prize: US$150, FA CARDS",postfreeze,1,SWISS,4,BO1,42,,222,thekyle,mamasdigletts,mamasdigletts,decisive,TheKyle,mega-charizard-y-ex-b1a-charizard-ex-a1,Mega Charizard Y ex Charizard ex,,1,5,0,59,MamasDigletts,mega-pidgeot-ex-p-b-pidgeot-a1,Mega Pidgeot ex Pidgeot,,2,4,0,53
6a76311ccdc0391d7fa5fb09,2026-09-25T22:05:00.000Z,"BRICKVERSARY₊⊹⁀➴prize: US$150, FA CARDS",postfreeze,1,SWISS,4,BO1,43,,223,razbersky202,huskaroo,-1,double_loss,Razbersky202,beautifly-b1-dustox-b4,Beautifly Dustox,,0,6,0,61,huskaroo,mega-altaria-ex-b1-greninja-a1,Mega Altaria ex Greninja,,1,5,0,58
6a76311ccdc0391d7fa5fb09,2026-09-25T22:05:00.000Z,"BRICKVERSARY₊⊹⁀➴prize: US$150, FA CARDS",postfreeze,1,SWISS,4,BO1,44,,224,velskend,,velskend,bye_or_automatic_loss,velskend,team-rockets-raticate-ex-b4a-mega-lucario-ex-b3,Team Rocket's Raticate ex Mega Lucario ex,,1,5,0,55,,,,,,,,
6a76311ccdc0391d7fa5fb09,2026-09-25T22:05:00.000Z,"BRICKVERSARY₊⊹⁀➴prize: US$150, FA CARDS",postfreeze,1,SWISS,5,BO1,1,,225,rekkatherapy,ishaan,ishaan,decisive,RekkaTherapy,zoroark-ex-b3-mega-absol-ex-b1,Zoroark ex Mega Absol ex,,4,2,0,19,Ishaan,mega-charizard-y-ex-b1a-entei-ex-a4a,Mega Charizard Y ex Entei ex,charizardy_entei,7,1,0,5
6a76311ccdc0391d7fa5fb09,2026-09-25T22:05:00.000Z,"BRICKVERSARY₊⊹⁀➴prize: US$150, FA CARDS",postfreeze,1,SWISS,5,BO1,2,,226,thejoc,genessiss,thejoc,decisive,HARD | Thejoc,mega-blaziken-ex-b1-greninja-a1,Mega Blaziken ex Greninja,,5,2,0,9,Genessiss,mega-charizard-y-ex-b1a-entei-ex-a4a,Mega Charizard Y ex Entei ex,charizardy_entei,5,2,0,10
6a76311ccdc0391d7fa5fb09,2026-09-25T22:05:00.000Z,"BRICKVERSARY₊⊹⁀➴prize: US$150, FA CARDS",postfreeze,1,SWISS,5,BO1,3,,227,tommyhp,elatomico,0,tie,tommyhp,suicune-ex-a4a-baxcalibur-b2a,Suicune ex Baxcalibur,suicune,6,1,2,4,PGX| El Atomico,suicune-ex-a4a-baxcalibur-b2a,Suicune ex Baxcalibur,suicune,4,1,2,13
6a76311ccdc0391d7fa5fb09,2026-09-25T22:05:00.000Z,"BRICKVERSARY₊⊹⁀➴prize: US$150, FA CARDS",postfreeze,1,SWISS,5,BO1,4,,228,mspinguino,soap728,soap728,decisive,mspinguino,mega-lucario-ex-b3-lucario-a2,Mega Lucario ex Lucario,lucario,4,3,0,16,soap728,mega-blaziken-ex-b1,Mega Blaziken ex,blaziken,8,1,1,1
6a76311ccdc0391d7fa5fb09,2026-09-25T22:05:00.000Z,"BRICKVERSARY₊⊹⁀➴prize: US$150, FA CARDS",postfreeze,1,SWISS,5,BO1,5,,229,minato,shinra67,minato,decisive,minato,dragonair-mega-rayquaza-ex-b4,Dragonair Mega Rayquaza ex,,7,2,1,2,𝗕𝗢𝗔𝗧| Satoru Gojo,mega-sceptile-ex-b3-greninja-a1,Mega Sceptile ex Greninja,,4,2,0,20
6a76311ccdc0391d7fa5fb09,2026-09-25T22:05:00.000Z,"BRICKVERSARY₊⊹⁀➴prize: US$150, FA CARDS",postfreeze,1,SWISS,5,BO1,6,,230,sandy_permata205,elluquitas96,sandy_permata205,decisive,𝗠𝗲𝗴𝗮 Razor 𝗘𝗫,mega-lucario-ex-b3-lucario-a2,Mega Lucario ex Lucario,lucario,4,2,0,22,elluquitas96,butterfree-b3b-mega-sceptile-ex-b3,Butterfree Mega Sceptile ex,sceptile,3,3,0,49
6a76311ccdc0391d7fa5fb09,2026-09-25T22:05:00.000Z,"BRICKVERSARY₊⊹⁀➴prize: US$150, FA CARDS",postfreeze,1,SWISS,5,BO1,7,,231,estehlegitea,abnermoyai,estehlegitea,decisive,𝗠𝗲𝗴𝗮 Hasan 𝗘𝗫,mega-sharpedo-ex-b4-gyarados-a4,Mega Sharpedo ex Gyarados,,5,2,0,11,𝐈𝐌𝐎 Moyai,mega-blaziken-ex-b1,Mega Blaziken ex,blaziken,4,2,0,31
6a76311ccdc0391d7fa5fb09,2026-09-25T22:05:00.000Z,"BRICKVERSARY₊⊹⁀➴prize: US$150, FA CARDS",postfreeze,1,SWISS,5,BO1,8,,232,supreme13,strawberrycrepecookie,supreme13,decisive,𝗕𝗮𝗹𝗱 Supreme,mega-lucario-ex-b3-lucario-a2,Mega Lucario ex Lucario,lucario,7,2,0,3,𝗕𝗢𝗔𝗧 | Yumi,mega-lucario-ex-b3-lucario-a2,Mega Lucario ex Lucario,lucario,3,3,0,39
6a76311ccdc0391d7fa5fb09,2026-09-25T22:05:00.000Z,"BRICKVERSARY₊⊹⁀➴prize: US$150, FA CARDS",postfreeze,1,SWISS,5,BO1,9,,233,ppitopin8,snowwhite,snowwhite,decisive,ppitopin8,suicune-ex-a4a-baxcalibur-b2a,Suicune ex Baxcalibur,suicune,4,2,0,32,SnowWhite,mega-charizard-y-ex-b1a-entei-ex-a4a,Mega Charizard Y ex Entei ex,charizardy_entei,6,2,0,6
6a76311ccdc0391d7fa5fb09,2026-09-25T22:05:00.000Z,"BRICKVERSARY₊⊹⁀➴prize: US$150, FA CARDS",postfreeze,1,SWISS,5,BO1,10,,234,mindola,iono_ce,mindola,decisive,mindola,mega-charizard-y-ex-b1a-entei-ex-a4a,Mega Charizard Y ex Entei ex,charizardy_entei,6,2,0,7,Iono_Ce,mega-altaria-ex-b1-happiny-b4a,Mega Altaria ex Happiny,,4,2,0,26
6a76311ccdc0391d7fa5fb09,2026-09-25T22:05:00.000Z,"BRICKVERSARY₊⊹⁀➴prize: US$150, FA CARDS",postfreeze,1,SWISS,5,BO1,11,,235,sparza,victorssito,victorssito,decisive,Sparza,vespiquen-ex-b4-shuckle-ex-a4,Vespiquen ex Shuckle ex,vespiquen,4,2,0,23,PGX | victorssito,greninja-a1-decidueye-ex-a3,Greninja Decidueye ex,,4,2,0,21
6a76311ccdc0391d7fa5fb09,2026-09-25T22:05:00.000Z,"BRICKVERSARY₊⊹⁀➴prize: US$150, FA CARDS",postfreeze,1,SWISS,5,BO1,12,,236,birdnest,pikaicetea,pikaicetea,decisive,BirdNest,mega-sceptile-ex-b3-greninja-a1,Mega Sceptile ex Greninja,,3,3,0,40,PikaIcetea,mega-manectric-ex-b2b-heliolisk-b4,Mega Manectric ex Heliolisk,manectric_heliolisk,4,2,0,30
6a76311ccdc0391d7fa5fb09,2026-09-25T22:05:00.000Z,"BRICKVERSARY₊⊹⁀➴prize: US$150, FA CARDS",postfreeze,1,SWISS,5,BO1,13,,237,pattyd,haryanto,pattyd,decisive,PattyD,mega-altaria-ex-b1-happiny-b4a,Mega Altaria ex Happiny,,4,2,1,14,𝗠𝗲𝗴𝗮 Haryanto 𝗘𝗫,suicune-ex-a4a-baxcalibur-b2a,Suicune ex Baxcalibur,suicune,4,2,0,24
6a76311ccdc0391d7fa5fb09,2026-09-25T22:05:00.000Z,"BRICKVERSARY₊⊹⁀➴prize: US$150, FA CARDS",postfreeze,1,SWISS,5,BO1,14,,238,sekinokatsu,nosena33,nosena33,decisive,SekinoKatsu,mega-charizard-y-ex-b1a-entei-ex-a4a,Mega Charizard Y ex Entei ex,charizardy_entei,4,2,0,18,nosena33,suicune-ex-a4a-baxcalibur-b2a,Suicune ex Baxcalibur,suicune,4,2,0,17
6a76311ccdc0391d7fa5fb09,2026-09-25T22:05:00.000Z,"BRICKVERSARY₊⊹⁀➴prize: US$150, FA CARDS",postfreeze,1,SWISS,5,BO1,15,,239,kabesu,jokker,kabesu,decisive,KABESU,mega-charizard-y-ex-b1a-entei-ex-a4a,Mega Charizard Y ex Entei ex,charizardy_entei,4,2,1,15,Jokker,mega-lucario-ex-b3-lucario-a2,Mega Lucario ex Lucario,lucario,3,3,0,41
6a76311ccdc0391d7fa5fb09,2026-09-25T22:05:00.000Z,"BRICKVERSARY₊⊹⁀➴prize: US$150, FA CARDS",postfreeze,1,SWISS,5,BO1,16,,240,esteban0708,porygon3,porygon3,decisive,Esteban0708,mega-lucario-ex-b3-lucario-a2,Mega Lucario ex Lucario,lucario,3,3,0,42,Porygon3,mega-blaziken-ex-b1-greninja-a1,Mega Blaziken ex Greninja,,5,2,0,12
6a76311ccdc0391d7fa5fb09,2026-09-25T22:05:00.000Z,"BRICKVERSARY₊⊹⁀➴prize: US$150, FA CARDS",postfreeze,1,SWISS,5,BO1,17,,241,albuus_00,godi,godi,decisive,albuus_00,mega-charizard-y-ex-b1a-entei-ex-a4a,Mega Charizard Y ex Entei ex,charizardy_entei,3,3,0,,Godi,mega-lucario-ex-b3-lucario-a2,Mega Lucario ex Lucario,lucario,4,2,0,28
6a76311ccdc0391d7fa5fb09,2026-09-25T22:05:00.000Z,"BRICKVERSARY₊⊹⁀➴prize: US$150, FA CARDS",postfreeze,1,SWISS,5,BO1,18,,242,redflag,thischase,thischase,decisive,RedFlag,butterfree-b3b-mega-sceptile-ex-b3,Butterfree Mega Sceptile ex,sceptile,4,2,0,29,𝑺𝑴𝑻 | Flustered,mega-diancie-ex-carbink-b3b,Mega Diancie ex Carbink,,5,2,1,8
6a76311ccdc0391d7fa5fb09,2026-09-25T22:05:00.000Z,"BRICKVERSARY₊⊹⁀➴prize: US$150, FA CARDS",postfreeze,1,SWISS,5,BO1,19,,243,bergi_e,vegegras,bergi_e,decisive,𝗕𝗢𝗔𝗧 | Bergie,mega-charizard-y-ex-b1a-entei-ex-a4a,Mega Charizard Y ex Entei ex,charizardy_entei,3,2,1,38,Vegegras,umbreon-ex-a4-greninja-a1,Umbreon ex Greninja,,2,4,0,52
6a76311ccdc0391d7fa5fb09,2026-09-25T22:05:00.000Z,"BRICKVERSARY₊⊹⁀➴prize: US$150, FA CARDS",postfreeze,1,SWISS,5,BO1,20,,244,golfermt,brxlyy,golfermt,decisive,golfermt,hydreigon-mega-absol-ex-b1,Hydreigon Mega Absol ex,hydreigon,3,3,0,44,Brxlyy,hoopa-ex-b4-mega-absol-ex-b1,Hoopa ex Mega Absol ex,hoopa_absol,2,3,0,
6a76311ccdc0391d7fa5fb09,2026-09-25T22:05:00.000Z,"BRICKVERSARY₊⊹⁀➴prize: US$150, FA CARDS",postfreeze,1,SWISS,5,BO1,21,,245,angry_samson,breaking2mirror,angry_samson,decisive,angry_samson,exeggutor-ex-venusaur-ex-a1,Exeggutor ex Venusaur ex,,3,3,0,46,Breaking2mirror,zoroark-ex-b3-team-rockets-weezing-ex-b4a,Zoroark ex Team Rocket's Weezing ex,,2,3,0,
6a76311ccdc0391d7fa5fb09,2026-09-25T22:05:00.000Z,"BRICKVERSARY₊⊹⁀➴prize: US$150, FA CARDS",postfreeze,1,SWISS,5,BO1,22,,246,hextor,pamnardo_s2,hextor,decisive,hextor,slurpuff-a3b-cherubi-a4,Slurpuff Cherubi,,3,3,0,,PamNardo_s2,hydreigon-mega-absol-ex-b1,Hydreigon Mega Absol ex,hydreigon,3,3,0,51
6a76311ccdc0391d7fa5fb09,2026-09-25T22:05:00.000Z,"BRICKVERSARY₊⊹⁀➴prize: US$150, FA CARDS",postfreeze,1,SWISS,5,BO1,23,,247,preluxe,piccirko,preluxe,decisive,𝗠𝗮𝗴𝗺𝗮 Preluxe,mega-lucario-ex-b3-lucario-a2,Mega Lucario ex Lucario,lucario,3,3,0,45,Piccirko,mega-manectric-ex-b2b-heliolisk-b4,Mega Manectric ex Heliolisk,manectric_heliolisk,3,3,0,43
6a76311ccdc0391d7fa5fb09,2026-09-25T22:05:00.000Z,"BRICKVERSARY₊⊹⁀➴prize: US$150, FA CARDS",postfreeze,1,SWISS,5,BO1,24,,248,esdeath,msbh,msbh,decisive,Esdeath,magnezone-b1a-miraidon-ex-b3a,Magnezone Miraidon ex,,2,3,0,,Misbah ,butterfree-b3b-mega-sceptile-ex-b3,Butterfree Mega Sceptile ex,sceptile,4,2,0,33
6a76311ccdc0391d7fa5fb09,2026-09-25T22:05:00.000Z,"BRICKVERSARY₊⊹⁀➴prize: US$150, FA CARDS",postfreeze,1,SWISS,5,BO1,25,,249,rikujibra,maximumedgelord,maximumedgelord,decisive,rikujiBRA,vespiquen-ex-b4-shuckle-ex-a4,Vespiquen ex Shuckle ex,vespiquen,2,3,0,,MaximumEdgeLord,mega-sharpedo-ex-b4-milotic-ex-b3b,Mega Sharpedo ex Milotic ex,,4,2,0,25
6a76311ccdc0391d7fa5fb09,2026-09-25T22:05:00.000Z,"BRICKVERSARY₊⊹⁀➴prize: US$150, FA CARDS",postfreeze,1,SWISS,5,BO1,26,,250,mikamika_tti,vitorinsky,vitorinsky,decisive,MikaMika_tti,whimsicott-ex-b1-ariados-b1a,Whimsicott ex Ariados,whimsicott_ariados,2,3,0,,Vitorinsky,mega-altaria-ex-b1-greninja-a1,Mega Altaria ex Greninja,,4,2,0,36
6a76311ccdc0391d7fa5fb09,2026-09-25T22:05:00.000Z,"BRICKVERSARY₊⊹⁀➴prize: US$150, FA CARDS",postfreeze,1,SWISS,5,BO1,27,,251,brendon68,fonzi,fonzi,decisive,Brendon68,magnezone-b1a-miraidon-ex-b3a,Magnezone Miraidon ex,,2,3,0,,Fonzi,mega-manectric-ex-b2b-heliolisk-b4,Mega Manectric ex Heliolisk,manectric_heliolisk,3,3,0,48
6a76311ccdc0391d7fa5fb09,2026-09-25T22:05:00.000Z,"BRICKVERSARY₊⊹⁀➴prize: US$150, FA CARDS",postfreeze,1,SWISS,5,BO1,28,,252,omarkztv,froggnbl,froggnbl,decisive,OMarkzTV,charizard-ex-a1-mega-charizard-y-ex-b1a,Charizard ex Mega Charizard Y ex,,2,3,0,,FroggNBL,mega-sharpedo-ex-b4-gyarados-a4,Mega Sharpedo ex Gyarados,,4,2,0,34
6a76311ccdc0391d7fa5fb09,2026-09-25T22:05:00.000Z,"BRICKVERSARY₊⊹⁀➴prize: US$150, FA CARDS",postfreeze,1,SWISS,5,BO1,29,,253,clemarley_07,sparadrap,clemarley_07,decisive,𝐄𝐥𝐢𝐭𝐞𝟒 CleMarley_07,butterfree-b3b-mega-sceptile-ex-b3,Butterfree Mega Sceptile ex,sceptile,4,2,0,35,Sparadrap,hydreigon-mega-absol-ex-b1,Hydreigon Mega Absol ex,hydreigon,2,3,0,
6a76311ccdc0391d7fa5fb09,2026-09-25T22:05:00.000Z,"BRICKVERSARY₊⊹⁀➴prize: US$150, FA CARDS",postfreeze,1,SWISS,5,BO1,30,,254,ne,kovacs469,ne,decisive,NE,dragonite-a1,Dragonite,,4,2,0,27,kovacs469,mega-blaziken-ex-b1-greninja-a1,Mega Blaziken ex Greninja,,3,3,0,50
6a76311ccdc0391d7fa5fb09,2026-09-25T22:05:00.000Z,"BRICKVERSARY₊⊹⁀➴prize: US$150, FA CARDS",postfreeze,1,SWISS,5,BO1,31,,255,eternal_tcg,javiercazorla,javiercazorla,decisive,Eternal_TCG,mega-lucario-ex-b3-lucario-a2,Mega Lucario ex Lucario,lucario,2,4,0,,Javiercazorla,charizard-ex-a1-mega-charizard-y-ex-b1a,Charizard ex Mega Charizard Y ex,,4,2,0,37
6a76311ccdc0391d7fa5fb09,2026-09-25T22:05:00.000Z,"BRICKVERSARY₊⊹⁀➴prize: US$150, FA CARDS",postfreeze,1,SWISS,5,BO1,32,,256,https,nick12,https,decisive,Nobody ,hoopa-ex-b4-mega-absol-ex-b1,Hoopa ex Mega Absol ex,hoopa_absol,3,3,0,47,Nick12,suicune-ex-a4a-baxcalibur-b2a,Suicune ex Baxcalibur,suicune,2,3,0,
6a76311ccdc0391d7fa5fb09,2026-09-25T22:05:00.000Z,"BRICKVERSARY₊⊹⁀➴prize: US$150, FA CARDS",postfreeze,1,SWISS,5,BO1,33,,257,coffplays,eeveeon,coffplays,decisive,Coffplays,mega-blaziken-ex-b1-greninja-a1,Mega Blaziken ex Greninja,,3,3,0,,𝗠𝗲𝗴𝗮 eeveeon 𝗘𝗫,hoopa-ex-b4-mega-absol-ex-b1,Hoopa ex Mega Absol ex,hoopa_absol,1,5,0,54
6a76311ccdc0391d7fa5fb09,2026-09-25T22:05:00.000Z,"BRICKVERSARY₊⊹⁀➴prize: US$150, FA CARDS",postfreeze,1,SWISS,5,BO1,34,,258,alana,belceboss,-1,double_loss,𝗠𝗲𝗴𝗮 A̶l̶a̶n̶a̶ 𝗘𝗫,miraidon-ex-b3a-magnezone-b1a,Miraidon ex Magnezone,,1,5,0,57,belceboss,beautifly-dustox-b4,Beautifly Dustox,,1,5,0,56
6a76311ccdc0391d7fa5fb09,2026-09-25T22:05:00.000Z,"BRICKVERSARY₊⊹⁀➴prize: US$150, FA CARDS",postfreeze,1,SWISS,5,BO1,35,,259,mamasdigletts,dietdrkelp,mamasdigletts,decisive,MamasDigletts,mega-pidgeot-ex-p-b-pidgeot-a1,Mega Pidgeot ex Pidgeot,,2,4,0,53,𝗠𝗢𝗡⭐️| Suede,greninja-a1-mega-absol-ex-b1,Greninja Mega Absol ex,,1,4,0,
6a76311ccdc0391d7fa5fb09,2026-09-25T22:05:00.000Z,"BRICKVERSARY₊⊹⁀➴prize: US$150, FA CARDS",postfreeze,1,SWISS,5,BO1,36,,260,velskend,razbersky202,-1,double_loss,velskend,team-rockets-raticate-ex-b4a-mega-lucario-ex-b3,Team Rocket's Raticate ex Mega Lucario ex,,1,5,0,55,Razbersky202,beautifly-b1-dustox-b4,Beautifly Dustox,,0,6,0,61
6a76311ccdc0391d7fa5fb09,2026-09-25T22:05:00.000Z,"BRICKVERSARY₊⊹⁀➴prize: US$150, FA CARDS",postfreeze,1,SWISS,5,BO1,37,,261,srafaelitocs,huskaroo,-1,double_loss,srafaelitocs,magnezone-b1a-miraidon-ex-b3a,Magnezone Miraidon ex,,0,6,0,60,huskaroo,mega-altaria-ex-b1-greninja-a1,Mega Altaria ex Greninja,,1,5,0,58
6a76311ccdc0391d7fa5fb09,2026-09-25T22:05:00.000Z,"BRICKVERSARY₊⊹⁀➴prize: US$150, FA CARDS",postfreeze,1,SWISS,5,BO1,38,,262,thekyle,,thekyle,bye_or_automatic_loss,TheKyle,mega-charizard-y-ex-b1a-charizard-ex-a1,Mega Charizard Y ex Charizard ex,,1,5,0,59,,,,,,,,
6a76311ccdc0391d7fa5fb09,2026-09-25T22:05:00.000Z,"BRICKVERSARY₊⊹⁀➴prize: US$150, FA CARDS",postfreeze,1,SWISS,6,BO1,1,,263,thejoc,ishaan,ishaan,decisive,HARD | Thejoc,mega-blaziken-ex-b1-greninja-a1,Mega Blaziken ex Greninja,,5,2,0,9,Ishaan,mega-charizard-y-ex-b1a-entei-ex-a4a,Mega Charizard Y ex Entei ex,charizardy_entei,7,1,0,5
6a76311ccdc0391d7fa5fb09,2026-09-25T22:05:00.000Z,"BRICKVERSARY₊⊹⁀➴prize: US$150, FA CARDS",postfreeze,1,SWISS,6,BO1,2,,264,elatomico,soap728,0,tie,PGX| El Atomico,suicune-ex-a4a-baxcalibur-b2a,Suicune ex Baxcalibur,suicune,4,1,2,13,soap728,mega-blaziken-ex-b1,Mega Blaziken ex,blaziken,8,1,1,1
6a76311ccdc0391d7fa5fb09,2026-09-25T22:05:00.000Z,"BRICKVERSARY₊⊹⁀➴prize: US$150, FA CARDS",postfreeze,1,SWISS,6,BO1,3,,265,tommyhp,kabesu,0,tie,tommyhp,suicune-ex-a4a-baxcalibur-b2a,Suicune ex Baxcalibur,suicune,6,1,2,4,KABESU,mega-charizard-y-ex-b1a-entei-ex-a4a,Mega Charizard Y ex Entei ex,charizardy_entei,4,2,1,15
6a76311ccdc0391d7fa5fb09,2026-09-25T22:05:00.000Z,"BRICKVERSARY₊⊹⁀➴prize: US$150, FA CARDS",postfreeze,1,SWISS,6,BO1,4,,266,sandy_permata205,estehlegitea,estehlegitea,decisive,𝗠𝗲𝗴𝗮 Razor 𝗘𝗫,mega-lucario-ex-b3-lucario-a2,Mega Lucario ex Lucario,lucario,4,2,0,22,𝗠𝗲𝗴𝗮 Hasan 𝗘𝗫,mega-sharpedo-ex-b4-gyarados-a4,Mega Sharpedo ex Gyarados,,5,2,0,11
6a76311ccdc0391d7fa5fb09,2026-09-25T22:05:00.000Z,"BRICKVERSARY₊⊹⁀➴prize: US$150, FA CARDS",postfreeze,1,SWISS,6,BO1,5,,267,pikaicetea,mindola,mindola,decisive,PikaIcetea,mega-manectric-ex-b2b-heliolisk-b4,Mega Manectric ex Heliolisk,manectric_heliolisk,4,2,0,30,mindola,mega-charizard-y-ex-b1a-entei-ex-a4a,Mega Charizard Y ex Entei ex,charizardy_entei,6,2,0,7
6a76311ccdc0391d7fa5fb09,2026-09-25T22:05:00.000Z,"BRICKVERSARY₊⊹⁀➴prize: US$150, FA CARDS",postfreeze,1,SWISS,6,BO1,6,,268,nosena33,genessiss,genessiss,decisive,nosena33,suicune-ex-a4a-baxcalibur-b2a,Suicune ex Baxcalibur,suicune,4,2,0,17,Genessiss,mega-charizard-y-ex-b1a-entei-ex-a4a,Mega Charizard Y ex Entei ex,charizardy_entei,5,2,0,10
6a76311ccdc0391d7fa5fb09,2026-09-25T22:05:00.000Z,"BRICKVERSARY₊⊹⁀➴prize: US$150, FA CARDS",postfreeze,1,SWISS,6,BO1,7,,269,porygon3,victorssito,porygon3,decisive,Porygon3,mega-blaziken-ex-b1-greninja-a1,Mega Blaziken ex Greninja,,5,2,0,12,PGX | victorssito,greninja-a1-decidueye-ex-a3,Greninja Decidueye ex,,4,2,0,21
6a76311ccdc0391d7fa5fb09,2026-09-25T22:05:00.000Z,"BRICKVERSARY₊⊹⁀➴prize: US$150, FA CARDS",postfreeze,1,SWISS,6,BO1,8,,270,minato,pattyd,0,tie,minato,dragonair-mega-rayquaza-ex-b4,Dragonair Mega Rayquaza ex,,7,2,1,2,PattyD,mega-altaria-ex-b1-happiny-b4a,Mega Altaria ex Happiny,,4,2,1,14
6a76311ccdc0391d7fa5fb09,2026-09-25T22:05:00.000Z,"BRICKVERSARY₊⊹⁀➴prize: US$150, FA CARDS",postfreeze,1,SWISS,6,BO1,9,,271,snowwhite,rekkatherapy,snowwhite,decisive,SnowWhite,mega-charizard-y-ex-b1a-entei-ex-a4a,Mega Charizard Y ex Entei ex,charizardy_entei,6,2,0,6,RekkaTherapy,zoroark-ex-b3-mega-absol-ex-b1,Zoroark ex Mega Absol ex,,4,2,0,19
6a76311ccdc0391d7fa5fb09,2026-09-25T22:05:00.000Z,"BRICKVERSARY₊⊹⁀➴prize: US$150, FA CARDS",postfreeze,1,SWISS,6,BO1,10,,272,mspinguino,supreme13,supreme13,decisive,mspinguino,mega-lucario-ex-b3-lucario-a2,Mega Lucario ex Lucario,lucario,4,3,0,16,𝗕𝗮𝗹𝗱 Supreme,mega-lucario-ex-b3-lucario-a2,Mega Lucario ex Lucario,lucario,7,2,0,3
6a76311ccdc0391d7fa5fb09,2026-09-25T22:05:00.000Z,"BRICKVERSARY₊⊹⁀➴prize: US$150, FA CARDS",postfreeze,1,SWISS,6,BO1,11,,273,godi,thischase,thischase,decisive,Godi,mega-lucario-ex-b3-lucario-a2,Mega Lucario ex Lucario,lucario,4,2,0,28,𝑺𝑴𝑻 | Flustered,mega-diancie-ex-carbink-b3b,Mega Diancie ex Carbink,,5,2,1,8
6a76311ccdc0391d7fa5fb09,2026-09-25T22:05:00.000Z,"BRICKVERSARY₊⊹⁀➴prize: US$150, FA CARDS",postfreeze,1,SWISS,6,BO1,12,,274,bergi_e,maximumedgelord,maximumedgelord,decisive,𝗕𝗢𝗔𝗧 | Bergie,mega-charizard-y-ex-b1a-entei-ex-a4a,Mega Charizard Y ex Entei ex,charizardy_entei,3,2,1,38,MaximumEdgeLord,mega-sharpedo-ex-b4-milotic-ex-b3b,Mega Sharpedo ex Milotic ex,,4,2,0,25
6a76311ccdc0391d7fa5fb09,2026-09-25T22:05:00.000Z,"BRICKVERSARY₊⊹⁀➴prize: US$150, FA CARDS",postfreeze,1,SWISS,6,BO1,13,,275,hextor,haryanto,haryanto,decisive,hextor,slurpuff-a3b-cherubi-a4,Slurpuff Cherubi,,3,3,0,,𝗠𝗲𝗴𝗮 Haryanto 𝗘𝗫,suicune-ex-a4a-baxcalibur-b2a,Suicune ex Baxcalibur,suicune,4,2,0,24
6a76311ccdc0391d7fa5fb09,2026-09-25T22:05:00.000Z,"BRICKVERSARY₊⊹⁀➴prize: US$150, FA CARDS",postfreeze,1,SWISS,6,BO1,14,,276,https,clemarley_07,clemarley_07,decisive,Nobody ,hoopa-ex-b4-mega-absol-ex-b1,Hoopa ex Mega Absol ex,hoopa_absol,3,3,0,47,𝐄𝐥𝐢𝐭𝐞𝟒 CleMarley_07,butterfree-b3b-mega-sceptile-ex-b3,Butterfree Mega Sceptile ex,sceptile,4,2,0,35
6a76311ccdc0391d7fa5fb09,2026-09-25T22:05:00.000Z,"BRICKVERSARY₊⊹⁀➴prize: US$150, FA CARDS",postfreeze,1,SWISS,6,BO1,15,,277,iono_ce,fonzi,iono_ce,decisive,Iono_Ce,mega-altaria-ex-b1-happiny-b4a,Mega Altaria ex Happiny,,4,2,0,26,Fonzi,mega-manectric-ex-b2b-heliolisk-b4,Mega Manectric ex Heliolisk,manectric_heliolisk,3,3,0,48
6a76311ccdc0391d7fa5fb09,2026-09-25T22:05:00.000Z,"BRICKVERSARY₊⊹⁀➴prize: US$150, FA CARDS",postfreeze,1,SWISS,6,BO1,16,,278,coffplays,ppitopin8,ppitopin8,decisive,Coffplays,mega-blaziken-ex-b1-greninja-a1,Mega Blaziken ex Greninja,,3,3,0,,ppitopin8,suicune-ex-a4a-baxcalibur-b2a,Suicune ex Baxcalibur,suicune,4,2,0,32
6a76311ccdc0391d7fa5fb09,2026-09-25T22:05:00.000Z,"BRICKVERSARY₊⊹⁀➴prize: US$150, FA CARDS",postfreeze,1,SWISS,6,BO1,17,,279,vitorinsky,strawberrycrepecookie,vitorinsky,decisive,Vitorinsky,mega-altaria-ex-b1-greninja-a1,Mega Altaria ex Greninja,,4,2,0,36,𝗕𝗢𝗔𝗧 | Yumi,mega-lucario-ex-b3-lucario-a2,Mega Lucario ex Lucario,lucario,3,3,0,39
6a76311ccdc0391d7fa5fb09,2026-09-25T22:05:00.000Z,"BRICKVERSARY₊⊹⁀➴prize: US$150, FA CARDS",postfreeze,1,SWISS,6,BO1,18,,280,msbh,birdnest,msbh,decisive,Misbah ,butterfree-b3b-mega-sceptile-ex-b3,Butterfree Mega Sceptile ex,sceptile,4,2,0,33,BirdNest,mega-sceptile-ex-b3-greninja-a1,Mega Sceptile ex Greninja,,3,3,0,40
6a76311ccdc0391d7fa5fb09,2026-09-25T22:05:00.000Z,"BRICKVERSARY₊⊹⁀➴prize: US$150, FA CARDS",postfreeze,1,SWISS,6,BO1,19,,281,angry_samson,redflag,redflag,decisive,angry_samson,exeggutor-ex-venusaur-ex-a1,Exeggutor ex Venusaur ex,,3,3,0,46,RedFlag,butterfree-b3b-mega-sceptile-ex-b3,Butterfree Mega Sceptile ex,sceptile,4,2,0,29
6a76311ccdc0391d7fa5fb09,2026-09-25T22:05:00.000Z,"BRICKVERSARY₊⊹⁀➴prize: US$150, FA CARDS",postfreeze,1,SWISS,6,BO1,20,,282,sekinokatsu,golfermt,sekinokatsu,decisive,SekinoKatsu,mega-charizard-y-ex-b1a-entei-ex-a4a,Mega Charizard Y ex Entei ex,charizardy_entei,4,2,0,18,golfermt,hydreigon-mega-absol-ex-b1,Hydreigon Mega Absol ex,hydreigon,3,3,0,44
6a76311ccdc0391d7fa5fb09,2026-09-25T22:05:00.000Z,"BRICKVERSARY₊⊹⁀➴prize: US$150, FA CARDS",postfreeze,1,SWISS,6,BO1,21,,283,shinra67,esteban0708,shinra67,decisive,𝗕𝗢𝗔𝗧| Satoru Gojo,mega-sceptile-ex-b3-greninja-a1,Mega Sceptile ex Greninja,,4,2,0,20,Esteban0708,mega-lucario-ex-b3-lucario-a2,Mega Lucario ex Lucario,lucario,3,3,0,42
6a76311ccdc0391d7fa5fb09,2026-09-25T22:05:00.000Z,"BRICKVERSARY₊⊹⁀➴prize: US$150, FA CARDS",postfreeze,1,SWISS,6,BO1,22,,284,albuus_00,ne,ne,decisive,albuus_00,mega-charizard-y-ex-b1a-entei-ex-a4a,Mega Charizard Y ex Entei ex,charizardy_entei,3,3,0,,NE,dragonite-a1,Dragonite,,4,2,0,27
6a76311ccdc0391d7fa5fb09,2026-09-25T22:05:00.000Z,"BRICKVERSARY₊⊹⁀➴prize: US$150, FA CARDS",postfreeze,1,SWISS,6,BO1,23,,285,froggnbl,elluquitas96,froggnbl,decisive,FroggNBL,mega-sharpedo-ex-b4-gyarados-a4,Mega Sharpedo ex Gyarados,,4,2,0,34,elluquitas96,butterfree-b3b-mega-sceptile-ex-b3,Butterfree Mega Sceptile ex,sceptile,3,3,0,49
6a76311ccdc0391d7fa5fb09,2026-09-25T22:05:00.000Z,"BRICKVERSARY₊⊹⁀➴prize: US$150, FA CARDS",postfreeze,1,SWISS,6,BO1,24,,286,javiercazorla,jokker,javiercazorla,decisive,Javiercazorla,charizard-ex-a1-mega-charizard-y-ex-b1a,Charizard ex Mega Charizard Y ex,,4,2,0,37,Jokker,mega-lucario-ex-b3-lucario-a2,Mega Lucario ex Lucario,lucario,3,3,0,41
6a76311ccdc0391d7fa5fb09,2026-09-25T22:05:00.000Z,"BRICKVERSARY₊⊹⁀➴prize: US$150, FA CARDS",postfreeze,1,SWISS,6,BO1,25,,287,preluxe,sparza,sparza,decisive,𝗠𝗮𝗴𝗺𝗮 Preluxe,mega-lucario-ex-b3-lucario-a2,Mega Lucario ex Lucario,lucario,3,3,0,45,Sparza,vespiquen-ex-b4-shuckle-ex-a4,Vespiquen ex Shuckle ex,vespiquen,4,2,0,23
6a76311ccdc0391d7fa5fb09,2026-09-25T22:05:00.000Z,"BRICKVERSARY₊⊹⁀➴prize: US$150, FA CARDS",postfreeze,1,SWISS,6,BO1,26,,288,abnermoyai,eternal_tcg,abnermoyai,decisive,𝐈𝐌𝐎 Moyai,mega-blaziken-ex-b1,Mega Blaziken ex,blaziken,4,2,0,31,Eternal_TCG,mega-lucario-ex-b3-lucario-a2,Mega Lucario ex Lucario,lucario,2,4,0,
6a76311ccdc0391d7fa5fb09,2026-09-25T22:05:00.000Z,"BRICKVERSARY₊⊹⁀➴prize: US$150, FA CARDS",postfreeze,1,SWISS,6,BO1,27,,289,mamasdigletts,pamnardo_s2,pamnardo_s2,decisive,MamasDigletts,mega-pidgeot-ex-p-b-pidgeot-a1,Mega Pidgeot ex Pidgeot,,2,4,0,53,PamNardo_s2,hydreigon-mega-absol-ex-b1,Hydreigon Mega Absol ex,hydreigon,3,3,0,51
6a76311ccdc0391d7fa5fb09,2026-09-25T22:05:00.000Z,"BRICKVERSARY₊⊹⁀➴prize: US$150, FA CARDS",postfreeze,1,SWISS,6,BO1,28,,290,piccirko,vegegras,piccirko,decisive,Piccirko,mega-manectric-ex-b2b-heliolisk-b4,Mega Manectric ex Heliolisk,manectric_heliolisk,3,3,0,43,Vegegras,umbreon-ex-a4-greninja-a1,Umbreon ex Greninja,,2,4,0,52
6a76311ccdc0391d7fa5fb09,2026-09-25T22:05:00.000Z,"BRICKVERSARY₊⊹⁀➴prize: US$150, FA CARDS",postfreeze,1,SWISS,6,BO1,29,,291,kovacs469,belceboss,kovacs469,decisive,kovacs469,mega-blaziken-ex-b1-greninja-a1,Mega Blaziken ex Greninja,,3,3,0,50,belceboss,beautifly-dustox-b4,Beautifly Dustox,,1,5,0,56
6a76311ccdc0391d7fa5fb09,2026-09-25T22:05:00.000Z,"BRICKVERSARY₊⊹⁀➴prize: US$150, FA CARDS",postfreeze,1,SWISS,6,BO1,30,,292,velskend,eeveeon,-1,double_loss,velskend,team-rockets-raticate-ex-b4a-mega-lucario-ex-b3,Team Rocket's Raticate ex Mega Lucario ex,,1,5,0,55,𝗠𝗲𝗴𝗮 eeveeon 𝗘𝗫,hoopa-ex-b4-mega-absol-ex-b1,Hoopa ex Mega Absol ex,hoopa_absol,1,5,0,54
6a76311ccdc0391d7fa5fb09,2026-09-25T22:05:00.000Z,"BRICKVERSARY₊⊹⁀➴prize: US$150, FA CARDS",postfreeze,1,SWISS,6,BO1,31,,293,alana,thekyle,-1,double_loss,𝗠𝗲𝗴𝗮 A̶l̶a̶n̶a̶ 𝗘𝗫,miraidon-ex-b3a-magnezone-b1a,Miraidon ex Magnezone,,1,5,0,57,TheKyle,mega-charizard-y-ex-b1a-charizard-ex-a1,Mega Charizard Y ex Charizard ex,,1,5,0,59
6a76311ccdc0391d7fa5fb09,2026-09-25T22:05:00.000Z,"BRICKVERSARY₊⊹⁀➴prize: US$150, FA CARDS",postfreeze,1,SWISS,6,BO1,32,,294,razbersky202,srafaelitocs,-1,double_loss,Razbersky202,beautifly-b1-dustox-b4,Beautifly Dustox,,0,6,0,61,srafaelitocs,magnezone-b1a-miraidon-ex-b3a,Magnezone Miraidon ex,,0,6,0,60
6a76311ccdc0391d7fa5fb09,2026-09-25T22:05:00.000Z,"BRICKVERSARY₊⊹⁀➴prize: US$150, FA CARDS",postfreeze,1,SWISS,6,BO1,33,,295,huskaroo,,huskaroo,bye_or_automatic_loss,huskaroo,mega-altaria-ex-b1-greninja-a1,Mega Altaria ex Greninja,,1,5,0,58,,,,,,,,
6a76311ccdc0391d7fa5fb09,2026-09-25T22:05:00.000Z,"BRICKVERSARY₊⊹⁀➴prize: US$150, FA CARDS",postfreeze,2,SINGLE_BRACKET,7,BO3,,T2-1,296,soap728,minato,soap728,decisive,soap728,mega-blaziken-ex-b1,Mega Blaziken ex,blaziken,8,1,1,1,minato,dragonair-mega-rayquaza-ex-b4,Dragonair Mega Rayquaza ex,,7,2,1,2
6a76311ccdc0391d7fa5fb09,2026-09-25T22:05:00.000Z,"BRICKVERSARY₊⊹⁀➴prize: US$150, FA CARDS",postfreeze,2,SINGLE_BRACKET,7,BO3,,T16-2,297,porygon3,tommyhp,tommyhp,decisive,Porygon3,mega-blaziken-ex-b1-greninja-a1,Mega Blaziken ex Greninja,,5,2,0,12,tommyhp,suicune-ex-a4a-baxcalibur-b2a,Suicune ex Baxcalibur,suicune,6,1,2,4
6a76311ccdc0391d7fa5fb09,2026-09-25T22:05:00.000Z,"BRICKVERSARY₊⊹⁀➴prize: US$150, FA CARDS",postfreeze,2,SINGLE_BRACKET,7,BO3,,T16-4,298,mindola,pattyd,mindola,decisive,mindola,mega-charizard-y-ex-b1a-entei-ex-a4a,Mega Charizard Y ex Entei ex,charizardy_entei,6,2,0,7,PattyD,mega-altaria-ex-b1-happiny-b4a,Mega Altaria ex Happiny,,4,2,1,14
6a76311ccdc0391d7fa5fb09,2026-09-25T22:05:00.000Z,"BRICKVERSARY₊⊹⁀➴prize: US$150, FA CARDS",postfreeze,2,SINGLE_BRACKET,7,BO3,,T16-7,299,snowwhite,kabesu,snowwhite,decisive,SnowWhite,mega-charizard-y-ex-b1a-entei-ex-a4a,Mega Charizard Y ex Entei ex,charizardy_entei,6,2,0,6,KABESU,mega-charizard-y-ex-b1a-entei-ex-a4a,Mega Charizard Y ex Entei ex,charizardy_entei,4,2,1,15
6a76311ccdc0391d7fa5fb09,2026-09-25T22:05:00.000Z,"BRICKVERSARY₊⊹⁀➴prize: US$150, FA CARDS",postfreeze,2,SINGLE_BRACKET,7,BO3,,T8-4,300,snowwhite,minato,minato,decisive,SnowWhite,mega-charizard-y-ex-b1a-entei-ex-a4a,Mega Charizard Y ex Entei ex,charizardy_entei,6,2,0,6,minato,dragonair-mega-rayquaza-ex-b4,Dragonair Mega Rayquaza ex,,7,2,1,2
6a76311ccdc0391d7fa5fb09,2026-09-25T22:05:00.000Z,"BRICKVERSARY₊⊹⁀➴prize: US$150, FA CARDS",postfreeze,2,SINGLE_BRACKET,7,BO3,,T8-2,301,soap728,mindola,soap728,decisive,soap728,mega-blaziken-ex-b1,Mega Blaziken ex,blaziken,8,1,1,1,mindola,mega-charizard-y-ex-b1a-entei-ex-a4a,Mega Charizard Y ex Entei ex,charizardy_entei,6,2,0,7
6a76311ccdc0391d7fa5fb09,2026-09-25T22:05:00.000Z,"BRICKVERSARY₊⊹⁀➴prize: US$150, FA CARDS",postfreeze,2,SINGLE_BRACKET,7,BO3,,T4-1,302,tommyhp,soap728,soap728,decisive,tommyhp,suicune-ex-a4a-baxcalibur-b2a,Suicune ex Baxcalibur,suicune,6,1,2,4,soap728,mega-blaziken-ex-b1,Mega Blaziken ex,blaziken,8,1,1,1
6a76311ccdc0391d7fa5fb09,2026-09-25T22:05:00.000Z,"BRICKVERSARY₊⊹⁀➴prize: US$150, FA CARDS",postfreeze,2,SINGLE_BRACKET,7,BO3,,T16-8,303,estehlegitea,minato,minato,decisive,𝗠𝗲𝗴𝗮 Hasan 𝗘𝗫,mega-sharpedo-ex-b4-gyarados-a4,Mega Sharpedo ex Gyarados,,5,2,0,11,minato,dragonair-mega-rayquaza-ex-b4,Dragonair Mega Rayquaza ex,,7,2,1,2
6a76311ccdc0391d7fa5fb09,2026-09-25T22:05:00.000Z,"BRICKVERSARY₊⊹⁀➴prize: US$150, FA CARDS",postfreeze,2,SINGLE_BRACKET,7,BO3,,T8-1,304,ishaan,tommyhp,tommyhp,decisive,Ishaan,mega-charizard-y-ex-b1a-entei-ex-a4a,Mega Charizard Y ex Entei ex,charizardy_entei,7,1,0,5,tommyhp,suicune-ex-a4a-baxcalibur-b2a,Suicune ex Baxcalibur,suicune,6,1,2,4
6a76311ccdc0391d7fa5fb09,2026-09-25T22:05:00.000Z,"BRICKVERSARY₊⊹⁀➴prize: US$150, FA CARDS",postfreeze,2,SINGLE_BRACKET,7,BO3,,T16-6,305,supreme13,elatomico,supreme13,decisive,𝗕𝗮𝗹𝗱 Supreme,mega-lucario-ex-b3-lucario-a2,Mega Lucario ex Lucario,lucario,7,2,0,3,PGX| El Atomico,suicune-ex-a4a-baxcalibur-b2a,Suicune ex Baxcalibur,suicune,4,1,2,13
6a76311ccdc0391d7fa5fb09,2026-09-25T22:05:00.000Z,"BRICKVERSARY₊⊹⁀➴prize: US$150, FA CARDS",postfreeze,2,SINGLE_BRACKET,7,BO3,,T4-2,306,supreme13,minato,minato,decisive,𝗕𝗮𝗹𝗱 Supreme,mega-lucario-ex-b3-lucario-a2,Mega Lucario ex Lucario,lucario,7,2,0,3,minato,dragonair-mega-rayquaza-ex-b4,Dragonair Mega Rayquaza ex,,7,2,1,2
6a76311ccdc0391d7fa5fb09,2026-09-25T22:05:00.000Z,"BRICKVERSARY₊⊹⁀➴prize: US$150, FA CARDS",postfreeze,2,SINGLE_BRACKET,7,BO3,,T16-1,307,ishaan,mspinguino,ishaan,decisive,Ishaan,mega-charizard-y-ex-b1a-entei-ex-a4a,Mega Charizard Y ex Entei ex,charizardy_entei,7,1,0,5,mspinguino,mega-lucario-ex-b3-lucario-a2,Mega Lucario ex Lucario,lucario,4,3,0,16
6a76311ccdc0391d7fa5fb09,2026-09-25T22:05:00.000Z,"BRICKVERSARY₊⊹⁀➴prize: US$150, FA CARDS",postfreeze,2,SINGLE_BRACKET,7,BO3,,T16-5,308,thejoc,thischase,thischase,decisive,HARD | Thejoc,mega-blaziken-ex-b1-greninja-a1,Mega Blaziken ex Greninja,,5,2,0,9,𝑺𝑴𝑻 | Flustered,mega-diancie-ex-carbink-b3b,Mega Diancie ex Carbink,,5,2,1,8
6a76311ccdc0391d7fa5fb09,2026-09-25T22:05:00.000Z,"BRICKVERSARY₊⊹⁀➴prize: US$150, FA CARDS",postfreeze,2,SINGLE_BRACKET,7,BO3,,T16-3,309,genessiss,soap728,soap728,decisive,Genessiss,mega-charizard-y-ex-b1a-entei-ex-a4a,Mega Charizard Y ex Entei ex,charizardy_entei,5,2,0,10,soap728,mega-blaziken-ex-b1,Mega Blaziken ex,blaziken,8,1,1,1
6a76311ccdc0391d7fa5fb09,2026-09-25T22:05:00.000Z,"BRICKVERSARY₊⊹⁀➴prize: US$150, FA CARDS",postfreeze,2,SINGLE_BRACKET,7,BO3,,T8-3,310,thischase,supreme13,supreme13,decisive,𝑺𝑴𝑻 | Flustered,mega-diancie-ex-carbink-b3b,Mega Diancie ex Carbink,,5,2,1,8,𝗕𝗮𝗹𝗱 Supreme,mega-lucario-ex-b3-lucario-a2,Mega Lucario ex Lucario,lucario,7,2,0,3
6a8743ba5a30714095575489,2026-09-25T17:50:00.000Z,Umbreon99's Aura Sphere #6 ($10 USD),postfreeze,1,SWISS,1,BO1,,,0,brendon68,,-1,bye_or_automatic_loss,𝙄𝙈𝙋 | Brendon .,magnezone-b1a-miraidon-ex-b3a,Magnezone Miraidon ex,,0,1,0,,,,,,,,,
6a8743ba5a30714095575489,2026-09-25T17:50:00.000Z,Umbreon99's Aura Sphere #6 ($10 USD),postfreeze,1,SWISS,1,BO1,,,1,moserk,,-1,bye_or_automatic_loss,moserk,vespiquen-ex-b4-shuckle-ex-a4,Vespiquen ex Shuckle ex,vespiquen,0,3,0,,,,,,,,,
6a8743ba5a30714095575489,2026-09-25T17:50:00.000Z,Umbreon99's Aura Sphere #6 ($10 USD),postfreeze,1,SWISS,1,BO1,,,2,tommyhp,,-1,bye_or_automatic_loss,tommyhp,mega-altaria-ex-b1-igglybuff-a4a,Mega Altaria ex Igglybuff,,2,4,0,54,,,,,,,,
6a8743ba5a30714095575489,2026-09-25T17:50:00.000Z,Umbreon99's Aura Sphere #6 ($10 USD),postfreeze,1,SWISS,1,BO1,,,3,lbn924,,-1,bye_or_automatic_loss,𝙄𝙈𝙋 | Lbn,beautifly-dustox-b4,Beautifly Dustox,,5,3,0,16,,,,,,,,
6a8743ba5a30714095575489,2026-09-25T17:50:00.000Z,Umbreon99's Aura Sphere #6 ($10 USD),postfreeze,1,SWISS,1,BO1,,,4,xastur,,-1,bye_or_automatic_loss,Xastur,mega-scizor-ex-revavroom-b2b,Mega Scizor ex Revavroom,,3,3,0,51,,,,,,,,
6a8743ba5a30714095575489,2026-09-25T17:50:00.000Z,Umbreon99's Aura Sphere #6 ($10 USD),postfreeze,1,SWISS,1,BO1,1,,5,sekensirazu,dhforty4,sekensirazu,decisive,sekensirazu,mega-lucario-ex-b3-lucario-a2,Mega Lucario ex Lucario,lucario,4,2,1,23,dhforty4,zoroark-ex-b3-mega-sableye-ex-b3b,Zoroark ex Mega Sableye ex,,1,5,0,
6a8743ba5a30714095575489,2026-09-25T17:50:00.000Z,Umbreon99's Aura Sphere #6 ($10 USD),postfreeze,1,SWISS,1,BO1,2,,6,prototcg,ruislb,prototcg,decisive,ProtoTCG,hisuian-zoroark-ex-b3b-team-rockets-electrode-b4a,Hisuian Zoroark ex Team Rocket's Electrode,,1,3,0,,RuiSlb,hoopa-ex-b4-mega-absol-ex-b1,Hoopa ex Mega Absol ex,hoopa_absol,0,4,0,
6a8743ba5a30714095575489,2026-09-25T17:50:00.000Z,Umbreon99's Aura Sphere #6 ($10 USD),postfreeze,1,SWISS,1,BO1,3,,7,laquita,guunnz,guunnz,decisive,Laquita,vespiquen-ex-b4-shuckle-ex-a4,Vespiquen ex Shuckle ex,vespiquen,2,3,0,,𝗠𝗢𝗡⭐️ | guunnz,miraidon-ex-b3a-magnezone-b1a,Miraidon ex Magnezone,,5,2,0,18
6a8743ba5a30714095575489,2026-09-25T17:50:00.000Z,Umbreon99's Aura Sphere #6 ($10 USD),postfreeze,1,SWISS,1,BO1,4,,8,razbersky202,giaacomoo,razbersky202,decisive,Razbersky202,beautifly-b1-dustox-b4,Beautifly Dustox,,3,3,0,35,giaacomoo,zoroark-ex-b3-mega-absol-ex-b1,Zoroark ex Mega Absol ex,,4,2,0,34
6a8743ba5a30714095575489,2026-09-25T17:50:00.000Z,Umbreon99's Aura Sphere #6 ($10 USD),postfreeze,1,SWISS,1,BO1,5,,9,dietdrkelp,iromm,iromm,decisive,𝗠𝗢𝗡⭐️| Suede,greninja-a1-mega-absol-ex-b1,Greninja Mega Absol ex,,1,3,0,,Eleven Gomes,mega-lucario-ex-b3-lucario-a2,Mega Lucario ex Lucario,lucario,5,2,1,11
6a8743ba5a30714095575489,2026-09-25T17:50:00.000Z,Umbreon99's Aura Sphere #6 ($10 USD),postfreeze,1,SWISS,1,BO1,6,,10,thekyle,thomasxavier21,thekyle,decisive,TheKyle,mega-altaria-ex-b1-happiny-b4a,Mega Altaria ex Happiny,,2,3,0,,ThomasXavier21,mega-lucario-ex-b3-lucario-a2,Mega Lucario ex Lucario,lucario,0,3,0,
6a8743ba5a30714095575489,2026-09-25T17:50:00.000Z,Umbreon99's Aura Sphere #6 ($10 USD),postfreeze,1,SWISS,1,BO1,7,,11,umbreon099,heashkanani,heashkanani,decisive,Umbreon099,vespiquen-ex-b4-shuckle-ex-a4,Vespiquen ex Shuckle ex,vespiquen,0,2,0,,HEAshkanani,dragonair-mega-rayquaza-ex-b4,Dragonair Mega Rayquaza ex,,3,3,0,37
6a8743ba5a30714095575489,2026-09-25T17:50:00.000Z,Umbreon99's Aura Sphere #6 ($10 USD),postfreeze,1,SWISS,1,BO1,8,,12,danimaton,victorssito,danimaton,decisive,Danimaton,mega-charizard-y-ex-b1a-entei-ex-a4a,Mega Charizard Y ex Entei ex,charizardy_entei,2,4,0,,PGX | victorssito,butterfree-b3b-mega-sceptile-ex-b3,Butterfree Mega Sceptile ex,sceptile,4,2,0,33
6a8743ba5a30714095575489,2026-09-25T17:50:00.000Z,Umbreon99's Aura Sphere #6 ($10 USD),postfreeze,1,SWISS,1,BO1,9,,13,angrypikachu,butterflybabe,angrypikachu,decisive,AngryPikachu,magnezone-ex-b3-magnezone-b1a,Magnezone ex Magnezone,,3,3,0,44,ButterflyBabe,wugtrio-ex-a2b-milotic-ex-b3b,Wugtrio ex Milotic ex,,0,6,0,62
6a8743ba5a30714095575489,2026-09-25T17:50:00.000Z,Umbreon99's Aura Sphere #6 ($10 USD),postfreeze,1,SWISS,1,BO1,10,,14,unknownxiii,lolocatchem,lolocatchem,decisive,Unknownxiii,dragonair-mega-rayquaza-ex-b4,Dragonair Mega Rayquaza ex,,3,3,0,47,LoLoCatchEm,mega-lucario-ex-b3-lucario-a2,Mega Lucario ex Lucario,lucario,4,2,1,22
6a8743ba5a30714095575489,2026-09-25T17:50:00.000Z,Umbreon99's Aura Sphere #6 ($10 USD),postfreeze,1,SWISS,1,BO1,11,,15,john06300,draxoz,john06300,decisive,𝑿𝑻𝑹𝑬𝑴 | BlackZama,vespiquen-ex-b4-shuckle-ex-a4,Vespiquen ex Shuckle ex,vespiquen,3,3,0,39,DraXoZ,mega-venusaur-ex-b1a,Mega Venusaur ex,,2,4,0,55
6a8743ba5a30714095575489,2026-09-25T17:50:00.000Z,Umbreon99's Aura Sphere #6 ($10 USD),postfreeze,1,SWISS,1,BO1,12,,16,sbug,popay,sbug,decisive,𝙄𝙈𝙋 | Sbug,butterfree-b3b-mega-sceptile-ex-b3,Butterfree Mega Sceptile ex,sceptile,4,3,0,26,TB Popay,hoopa-ex-b4-mega-absol-ex-b1,Hoopa ex Mega Absol ex,hoopa_absol,7,3,0,4
6a8743ba5a30714095575489,2026-09-25T17:50:00.000Z,Umbreon99's Aura Sphere #6 ($10 USD),postfreeze,1,SWISS,1,BO1,13,,17,preluxe,lebraveultime,lebraveultime,decisive,𝗠𝗮𝗴𝗺𝗮 Preluxe,magnezone-ex-b3-magnezone-b1a,Magnezone ex Magnezone,,3,3,0,46,Lebraveultime,mega-altaria-ex-b1-espeon-b3a,Mega Altaria ex Espeon,altaria,4,3,0,27
6a8743ba5a30714095575489,2026-09-25T17:50:00.000Z,Umbreon99's Aura Sphere #6 ($10 USD),postfreeze,1,SWISS,1,BO1,14,,18,fluffy_panda1995,goku6767,goku6767,decisive,velcro| Fluffy_panda,mega-lucario-ex-b3-lucario-a2,Mega Lucario ex Lucario,lucario,0,2,0,,goku6767,mega-charizard-y-ex-b1a-entei-ex-a4a,Mega Charizard Y ex Entei ex,charizardy_entei,4,2,1,24
6a8743ba5a30714095575489,2026-09-25T17:50:00.000Z,Umbreon99's Aura Sphere #6 ($10 USD),postfreeze,1,SWISS,1,BO1,15,,19,awbscene,pauk55,pauk55,decisive,Awbscene,butterfree-b3b-mega-sceptile-ex-b3,Butterfree Mega Sceptile ex,sceptile,0,1,0,,𝗠𝗢𝗡𝗢 . Pauk,dragonair-mega-rayquaza-ex-b4,Dragonair Mega Rayquaza ex,,5,3,0,13
6a8743ba5a30714095575489,2026-09-25T17:50:00.000Z,Umbreon99's Aura Sphere #6 ($10 USD),postfreeze,1,SWISS,1,BO1,16,,20,suugarwater,aluchitcg,aluchitcg,decisive,suugarwater,mega-sceptile-ex-b3-greninja-a1,Mega Sceptile ex Greninja,,1,2,0,,AluchiTCG,vespiquen-ex-b4-shuckle-ex-a4,Vespiquen ex Shuckle ex,vespiquen,3,3,0,
6a8743ba5a30714095575489,2026-09-25T17:50:00.000Z,Umbreon99's Aura Sphere #6 ($10 USD),postfreeze,1,SWISS,1,BO1,17,,21,nabrix,shreyasplays,shreyasplays,decisive,Nabrix,mega-altaria-ex-b1-happiny-b4a,Mega Altaria ex Happiny,,1,3,0,,ShreyasPlays,suicune-ex-a4a-baxcalibur-b2a,Suicune ex Baxcalibur,suicune,8,1,2,2
6a8743ba5a30714095575489,2026-09-25T17:50:00.000Z,Umbreon99's Aura Sphere #6 ($10 USD),postfreeze,1,SWISS,1,BO1,18,,22,tommyjuice,diegolq,tommyjuice,decisive,Tommyjuice,mandibuzz-b3-greninja-a1,Mandibuzz Greninja,,2,4,0,53,diegolq,meowscarada-ex-b2a-meowscarada-a2b,Meowscarada ex Meowscarada,,5,2,0,19
6a8743ba5a30714095575489,2026-09-25T17:50:00.000Z,Umbreon99's Aura Sphere #6 ($10 USD),postfreeze,1,SWISS,1,BO1,19,,23,matthewalex638,castro37,matthewalex638,decisive,matthewalex638,hoopa-ex-b4-mega-absol-ex-b1,Hoopa ex Mega Absol ex,hoopa_absol,4,3,0,25,TGA | Chronos,team-rockets-slowking-ex-b4a-meloetta-b2,Team Rocket's Slowking ex Meloetta,,2,3,0,
6a8743ba5a30714095575489,2026-09-25T17:50:00.000Z,Umbreon99's Aura Sphere #6 ($10 USD),postfreeze,1,SWISS,1,BO1,20,,24,dariuspopek,mrsmellybelly,mrsmellybelly,decisive,DariusPopek,buzzwole-ex-a3a-teal-mask-ogerpon-ex-b2,Buzzwole ex Teal Mask Ogerpon ex,,1,3,0,,MrSmellyBelly,porygon-z-rampardos-a2,Porygon-Z Rampardos,,3,3,0,40
6a8743ba5a30714095575489,2026-09-25T17:50:00.000Z,Umbreon99's Aura Sphere #6 ($10 USD),postfreeze,1,SWISS,1,BO1,21,,25,golfermt,surdao123,golfermt,decisive,PGX | Golfermt,hydreigon-mega-absol-ex-b1,Hydreigon Mega Absol ex,hydreigon,6,1,0,17,surdao123,dedenne-ex-b3b-indeedee-ex-b1,Dedenne ex Indeedee ex,,0,6,0,61
6a8743ba5a30714095575489,2026-09-25T17:50:00.000Z,Umbreon99's Aura Sphere #6 ($10 USD),postfreeze,1,SWISS,1,BO1,22,,26,almaforger,aldous,aldous,decisive,Alma Forger,mega-lucario-ex-b3-lucario-a2,Mega Lucario ex Lucario,lucario,2,3,0,,Aldous,mega-altaria-ex-b1-espeon-b3a,Mega Altaria ex Espeon,altaria,5,2,1,10
6a8743ba5a30714095575489,2026-09-25T17:50:00.000Z,Umbreon99's Aura Sphere #6 ($10 USD),postfreeze,1,SWISS,1,BO1,23,,27,hunter_316,toxique12,hunter_316,decisive,Hunter_316,team-rockets-raticate-ex-b4a-alolan-ninetales-ex-b2,Team Rocket's Raticate ex Alolan Ninetales ex,raticate_ninetales,3,2,0,,IAM | Toxique,mega-charizard-y-ex-b1a-charizard-ex-a1,Mega Charizard Y ex Charizard ex,,0,6,0,64
6a8743ba5a30714095575489,2026-09-25T17:50:00.000Z,Umbreon99's Aura Sphere #6 ($10 USD),postfreeze,1,SWISS,1,BO1,24,,28,jaxxondsilva,hyuga10,hyuga10,decisive,jaxxondsilva,hoopa-ex-b4-mega-absol-ex-b1,Hoopa ex Mega Absol ex,hoopa_absol,0,6,0,63,Hyuga10,mega-sceptile-ex-b3-greninja-a1,Mega Sceptile ex Greninja,,5,3,0,14
6a8743ba5a30714095575489,2026-09-25T17:50:00.000Z,Umbreon99's Aura Sphere #6 ($10 USD),postfreeze,1,SWISS,1,BO1,25,,29,warpis,tesla20,warpis,decisive,MEGA SIPRAW EX,mega-sharpedo-ex-b4-gyarados-a4,Mega Sharpedo ex Gyarados,,2,3,0,,Tesla20,dedenne-ex-b3b-pichu-a4,Dedenne ex Pichu,,1,3,0,
6a8743ba5a30714095575489,2026-09-25T17:50:00.000Z,Umbreon99's Aura Sphere #6 ($10 USD),postfreeze,1,SWISS,1,BO1,26,,30,tcgyami,lv80mewtwo,lv80mewtwo,decisive,tcgyami,butterfree-b3b-mega-sceptile-ex-b3,Butterfree Mega Sceptile ex,sceptile,3,3,0,,𝗕𝗢𝗔𝗧 | Mewtwo,flareon-ex-a3b-mega-charizard-y-ex-b1a,Flareon ex Mega Charizard Y ex,,1,2,0,
6a8743ba5a30714095575489,2026-09-25T17:50:00.000Z,Umbreon99's Aura Sphere #6 ($10 USD),postfreeze,1,SWISS,1,BO1,27,,31,joshuasutherland21,eeveeon,joshuasutherland21,decisive,TDL | MoonlightshurikenVT,mega-altaria-ex-b1-greninja-a1,Mega Altaria ex Greninja,,4,3,0,28,𝗠𝗲𝗴𝗮 eeveeon 𝗘𝗫,mega-altaria-ex-b1-espeon-b3a,Mega Altaria ex Espeon,altaria,2,3,0,
6a8743ba5a30714095575489,2026-09-25T17:50:00.000Z,Umbreon99's Aura Sphere #6 ($10 USD),postfreeze,1,SWISS,1,BO1,28,,32,alice_69,minato,minato,decisive,Alice_69,mega-manectric-ex-b2b-heliolisk-b4,Mega Manectric ex Heliolisk,manectric_heliolisk,1,5,0,57,minato,magnezone-b1a-miraidon-ex-b3a,Magnezone Miraidon ex,,3,3,0,41
6a8743ba5a30714095575489,2026-09-25T17:50:00.000Z,Umbreon99's Aura Sphere #6 ($10 USD),postfreeze,1,SWISS,1,BO1,29,,33,ynovator,snap_bolt,ynovator,decisive,ynovator,mega-altaria-ex-b1-espeon-b3a,Mega Altaria ex Espeon,altaria,1,3,0,,Snap_Bolt,hoopa-ex-b4-mega-absol-ex-b1,Hoopa ex Mega Absol ex,hoopa_absol,3,3,0,52
6a8743ba5a30714095575489,2026-09-25T17:50:00.000Z,Umbreon99's Aura Sphere #6 ($10 USD),postfreeze,1,SWISS,1,BO1,30,,34,dens,fury64140,dens,decisive,Dens,team-rockets-slowking-ex-b4a-meloetta-b2,Team Rocket's Slowking ex Meloetta,,1,3,0,,Fury64140,mega-blastoise-ex-b1a-eiscue-b1,Mega Blastoise ex Eiscue,,1,3,0,
6a8743ba5a30714095575489,2026-09-25T17:50:00.000Z,Umbreon99's Aura Sphere #6 ($10 USD),postfreeze,1,SWISS,1,BO1,31,,35,sparadrap,legendoery,legendoery,decisive,Sparadrap,hydreigon-mega-absol-ex-b1,Hydreigon Mega Absol ex,hydreigon,6,3,0,8,legendoery,mega-diancie-ex-carbink-b3b,Mega Diancie ex Carbink,,1,2,0,
6a8743ba5a30714095575489,2026-09-25T17:50:00.000Z,Umbreon99's Aura Sphere #6 ($10 USD),postfreeze,1,SWISS,1,BO1,32,,36,normo360,luffytaro_91,normo360,decisive,𝗠𝗮𝗴𝗺𝗮 StorM,mega-blaziken-ex-b1,Mega Blaziken ex,blaziken,3,2,0,,Luffytaro_91,hoopa-ex-b4-darkrai-ex-a2,Hoopa ex Darkrai ex,,0,2,0,
6a8743ba5a30714095575489,2026-09-25T17:50:00.000Z,Umbreon99's Aura Sphere #6 ($10 USD),postfreeze,1,SWISS,1,BO1,33,,37,breaking2mirror,dashmd,dashmd,decisive,Breaking2mirror,melmetal-ex-indeedee-ex-b1,Melmetal ex Indeedee ex,,0,6,0,65,DashMD,mega-charizard-y-ex-b1a-entei-ex-a4a,Mega Charizard Y ex Entei ex,charizardy_entei,5,2,1,12
6a8743ba5a30714095575489,2026-09-25T17:50:00.000Z,Umbreon99's Aura Sphere #6 ($10 USD),postfreeze,1,SWISS,1,BO1,34,,38,fzin,elluquitas96,elluquitas96,decisive,João Vitor,mega-manectric-ex-b2b-heliolisk-b4,Mega Manectric ex Heliolisk,manectric_heliolisk,2,3,0,,elluquitas96,mega-altaria-ex-b1-espeon-b3a,Mega Altaria ex Espeon,altaria,5,2,1,9
6a8743ba5a30714095575489,2026-09-25T17:50:00.000Z,Umbreon99's Aura Sphere #6 ($10 USD),postfreeze,1,SWISS,1,BO1,35,,39,katsuonakahara,estehlegitea,katsuonakahara,decisive,sZero | Katsuo Nakahara,mega-blaziken-ex-b1,Mega Blaziken ex,blaziken,6,3,0,7,KING ,team-rockets-weezing-ex-b4a-hoopa-ex-b4,Team Rocket's Weezing ex Hoopa ex,weezing,1,5,0,60
6a8743ba5a30714095575489,2026-09-25T17:50:00.000Z,Umbreon99's Aura Sphere #6 ($10 USD),postfreeze,1,SWISS,1,BO1,36,,40,wall456,crisspardog,crisspardog,decisive,Wall456,mega-altaria-ex-b1-happiny-b4a,Mega Altaria ex Happiny,,0,2,0,,TL| Nemesis,mega-sharpedo-ex-b4-chien-pao-ex-b2a,Mega Sharpedo ex Chien-Pao ex,,2,4,0,
6a8743ba5a30714095575489,2026-09-25T17:50:00.000Z,Umbreon99's Aura Sphere #6 ($10 USD),postfreeze,1,SWISS,1,BO1,37,,41,yizzy_tcg1,muswa,muswa,decisive,𝘀𝗭𝗲𝗿𝗼 | Yizzy,butterfree-b3b-mega-sceptile-ex-b3,Butterfree Mega Sceptile ex,sceptile,0,2,0,,Muswa,mega-diancie-ex-carbink-b3b,Mega Diancie ex Carbink,,1,3,0,
6a8743ba5a30714095575489,2026-09-25T17:50:00.000Z,Umbreon99's Aura Sphere #6 ($10 USD),postfreeze,1,SWISS,1,BO1,38,,42,belceboss,super_peace,super_peace,decisive,belceboss,butterfree-b3b-mega-sceptile-ex-b3,Butterfree Mega Sceptile ex,sceptile,1,5,0,56,Super_Peace,charizard-ex-a1-mega-charizard-y-ex-b1a,Charizard ex Mega Charizard Y ex,,10,0,1,1
6a8743ba5a30714095575489,2026-09-25T17:50:00.000Z,Umbreon99's Aura Sphere #6 ($10 USD),postfreeze,1,SWISS,1,BO1,39,,43,turbone101,norrisjones,turbone101,decisive,Turbone101,beautifly-dustox-b4,Beautifly Dustox,,4,3,0,32,Norrisjones,dragonair-b4-altaria-a4a,Dragonair Altaria,,3,3,0,49
6a8743ba5a30714095575489,2026-09-25T17:50:00.000Z,Umbreon99's Aura Sphere #6 ($10 USD),postfreeze,1,SWISS,1,BO1,40,,44,cloudypanda,xanypopper,cloudypanda,decisive,CloudyPanda,mega-diancie-ex-carbink-b3b,Mega Diancie ex Carbink,,8,2,0,3,²ᵀ|Xanny ,hoopa-ex-b4-mega-absol-ex-b1,Hoopa ex Mega Absol ex,hoopa_absol,4,3,0,29
6a8743ba5a30714095575489,2026-09-25T17:50:00.000Z,Umbreon99's Aura Sphere #6 ($10 USD),postfreeze,1,SWISS,1,BO1,41,,45,balancedeala,r0zey,balancedeala,decisive,balancedeala,team-rockets-slowking-ex-b4a-meloetta-b2,Team Rocket's Slowking ex Meloetta,,1,5,0,59,r0zey,mega-sharpedo-ex-b4-gyarados-a4,Mega Sharpedo ex Gyarados,,0,4,0,
6a8743ba5a30714095575489,2026-09-25T17:50:00.000Z,Umbreon99's Aura Sphere #6 ($10 USD),postfreeze,1,SWISS,1,BO1,42,,46,alana,pierfigo,pierfigo,decisive,𝗠𝗲𝗴𝗮 A̶l̶a̶n̶a̶ 𝗘𝗫,miraidon-ex-b3a-magnezone-b1a,Miraidon ex Magnezone,,1,5,0,58,PierFigo,hydreigon-mega-absol-ex-b1,Hydreigon Mega Absol ex,hydreigon,6,1,2,6
6a8743ba5a30714095575489,2026-09-25T17:50:00.000Z,Umbreon99's Aura Sphere #6 ($10 USD),postfreeze,1,SWISS,1,BO1,43,,47,soadmon,iono_ce,soadmon,decisive,Soadmon,mega-altaria-ex-b1-happiny-b4a,Mega Altaria ex Happiny,,3,3,0,36,Iono_Ce,mega-altaria-ex-b1-happiny-b4a,Mega Altaria ex Happiny,,2,4,0,
6a8743ba5a30714095575489,2026-09-25T17:50:00.000Z,Umbreon99's Aura Sphere #6 ($10 USD),postfreeze,1,SWISS,1,BO1,44,,48,javiercazorla,soap728,soap728,decisive,Javiercazorla,charizard-ex-a1-mega-charizard-y-ex-b1a,Charizard ex Mega Charizard Y ex,,0,3,0,,soap728,team-rockets-slowking-ex-b4a-meloetta-b2,Team Rocket's Slowking ex Meloetta,,7,2,0,5
6a8743ba5a30714095575489,2026-09-25T17:50:00.000Z,Umbreon99's Aura Sphere #6 ($10 USD),postfreeze,1,SWISS,1,BO1,45,,49,varma,sleepy512pete,sleepy512pete,decisive,varma,vespiquen-ex-b4-shuckle-ex-a4,Vespiquen ex Shuckle ex,vespiquen,1,2,0,,sleepy512pete,team-rockets-raticate-ex-b4a-alolan-ninetales-ex-b2,Team Rocket's Raticate ex Alolan Ninetales ex,raticate_ninetales,2,3,0,
6a8743ba5a30714095575489,2026-09-25T17:50:00.000Z,Umbreon99's Aura Sphere #6 ($10 USD),postfreeze,1,SWISS,1,BO1,46,,50,luckyex888,2811,luckyex888,decisive,LuckyEX888,mega-sceptile-ex-b3-greninja-a1,Mega Sceptile ex Greninja,,1,1,0,,Sシュンタ ,magnezone-b1a-miraidon-ex-b3a,Magnezone Miraidon ex,,0,1,0,
6a8743ba5a30714095575489,2026-09-25T17:50:00.000Z,Umbreon99's Aura Sphere #6 ($10 USD),postfreeze,1,SWISS,1,BO1,47,,51,coffplays,elmarcoo,coffplays,decisive,Coffplays,hoopa-ex-b4-mega-absol-ex-b1,Hoopa ex Mega Absol ex,hoopa_absol,3,3,0,38,eLMarcoO,mega-altaria-ex-b1-happiny-b4a,Mega Altaria ex Happiny,,2,3,0,
6a8743ba5a30714095575489,2026-09-25T17:50:00.000Z,Umbreon99's Aura Sphere #6 ($10 USD),postfreeze,1,SWISS,1,BO1,48,,52,flipand11,njjord7,flipand11,decisive,flipand11,mega-sharpedo-ex-b4-chien-pao-ex-b2a,Mega Sharpedo ex Chien-Pao ex,,5,3,0,15,FrogEX | Njord,mega-sharpedo-ex-b4-gyarados-a4,Mega Sharpedo ex Gyarados,,1,3,0,
6a8743ba5a30714095575489,2026-09-25T17:50:00.000Z,Umbreon99's Aura Sphere #6 ($10 USD),postfreeze,1,SWISS,1,BO1,49,,53,sometimespurple,tbenjab,tbenjab,decisive,SometimesPurple,alolan-muk-mega-kangaskhan-ex-b2,Alolan Muk Mega Kangaskhan ex,,3,3,0,43,TBenjaB,hoopa-ex-b4-hydreigon-b1,Hoopa ex Hydreigon,,4,2,1,21
6a8743ba5a30714095575489,2026-09-25T17:50:00.000Z,Umbreon99's Aura Sphere #6 ($10 USD),postfreeze,1,SWISS,1,BO1,50,,54,byzer09,waittilltmrw,byzer09,decisive,byZer09,mega-manectric-ex-b2b-heliolisk-b4,Mega Manectric ex Heliolisk,manectric_heliolisk,1,2,0,,waittilltmrw,milotic-ex-b3b-eevee-ex-a3b,Milotic ex Eevee ex,,4,3,0,31
6a8743ba5a30714095575489,2026-09-25T17:50:00.000Z,Umbreon99's Aura Sphere #6 ($10 USD),postfreeze,1,SWISS,1,BO1,51,,55,kovacs469,six420,kovacs469,decisive,kovacs469,butterfree-b3b-mega-sceptile-ex-b3,Butterfree Mega Sceptile ex,sceptile,3,3,0,50,Six420,mega-charizard-y-ex-b1a-entei-ex-a4a,Mega Charizard Y ex Entei ex,charizardy_entei,1,3,0,
6a8743ba5a30714095575489,2026-09-25T17:50:00.000Z,Umbreon99's Aura Sphere #6 ($10 USD),postfreeze,1,SWISS,1,BO1,52,,56,ibfasting,nakopol91,ibfasting,decisive,𝗕𝗢𝗔𝗧 | Fasting,mega-blaziken-ex-b1-greninja-a1,Mega Blaziken ex Greninja,,3,3,0,42,Plasma | NastKon,butterfree-b3b-mega-sceptile-ex-b3,Butterfree Mega Sceptile ex,sceptile,3,3,0,
6a8743ba5a30714095575489,2026-09-25T17:50:00.000Z,Umbreon99's Aura Sphere #6 ($10 USD),postfreeze,1,SWISS,1,BO1,53,,57,maximumedgelord,griffsama,griffsama,decisive,MaximumEdgeLord,mega-sharpedo-ex-b4-milotic-ex-b3b,Mega Sharpedo ex Milotic ex,,4,3,0,30,sZero | GriffSama,mega-altaria-ex-b1-greninja-a1,Mega Altaria ex Greninja,,4,2,1,20
6a8743ba5a30714095575489,2026-09-25T17:50:00.000Z,Umbreon99's Aura Sphere #6 ($10 USD),postfreeze,1,SWISS,1,BO1,54,,58,supreme13,https,supreme13,decisive,𝗕𝗮𝗹𝗱 Supreme,crobat-a2a-mega-sableye-ex-b3b,Crobat Mega Sableye ex,,3,3,0,45,Nobody ,hoopa-ex-b4-mega-absol-ex-b1,Hoopa ex Mega Absol ex,hoopa_absol,3,3,0,48
6a8743ba5a30714095575489,2026-09-25T17:50:00.000Z,Umbreon99's Aura Sphere #6 ($10 USD),postfreeze,1,SWISS,1,BO1,55,,59,hakitcgp,,hakitcgp,bye_or_automatic_loss,hakitcgp,mega-sceptile-ex-b3-teal-mask-ogerpon-ex-b2,Mega Sceptile ex Teal Mask Ogerpon ex,,3,3,0,,,,,,,,,
6a8743ba5a30714095575489,2026-09-25T17:50:00.000Z,Umbreon99's Aura Sphere #6 ($10 USD),postfreeze,1,SWISS,2,BO1,,,60,moserk,,-1,bye_or_automatic_loss,moserk,vespiquen-ex-b4-shuckle-ex-a4,Vespiquen ex Shuckle ex,vespiquen,0,3,0,,,,,,,,,
6a8743ba5a30714095575489,2026-09-25T17:50:00.000Z,Umbreon99's Aura Sphere #6 ($10 USD),postfreeze,1,SWISS,2,BO1,1,,61,iromm,griffsama,griffsama,decisive,Eleven Gomes,mega-lucario-ex-b3-lucario-a2,Mega Lucario ex Lucario,lucario,5,2,1,11,sZero | GriffSama,mega-altaria-ex-b1-greninja-a1,Mega Altaria ex Greninja,,4,2,1,20
6a8743ba5a30714095575489,2026-09-25T17:50:00.000Z,Umbreon99's Aura Sphere #6 ($10 USD),postfreeze,1,SWISS,2,BO1,2,,62,aluchitcg,guunnz,guunnz,decisive,AluchiTCG,vespiquen-ex-b4-shuckle-ex-a4,Vespiquen ex Shuckle ex,vespiquen,3,3,0,,𝗠𝗢𝗡⭐️ | guunnz,miraidon-ex-b3a-magnezone-b1a,Miraidon ex Magnezone,,5,2,0,18
6a8743ba5a30714095575489,2026-09-25T17:50:00.000Z,Umbreon99's Aura Sphere #6 ($10 USD),postfreeze,1,SWISS,2,BO1,3,,63,angrypikachu,soadmon,soadmon,decisive,AngryPikachu,magnezone-ex-b3-magnezone-b1a,Magnezone ex Magnezone,,3,3,0,44,Soadmon,mega-altaria-ex-b1-happiny-b4a,Mega Altaria ex Happiny,,3,3,0,36
6a8743ba5a30714095575489,2026-09-25T17:50:00.000Z,Umbreon99's Aura Sphere #6 ($10 USD),postfreeze,1,SWISS,2,BO1,4,,64,dashmd,matthewalex638,matthewalex638,decisive,DashMD,mega-charizard-y-ex-b1a-entei-ex-a4a,Mega Charizard Y ex Entei ex,charizardy_entei,5,2,1,12,matthewalex638,hoopa-ex-b4-mega-absol-ex-b1,Hoopa ex Mega Absol ex,hoopa_absol,4,3,0,25
6a8743ba5a30714095575489,2026-09-25T17:50:00.000Z,Umbreon99's Aura Sphere #6 ($10 USD),postfreeze,1,SWISS,2,BO1,5,,65,kovacs469,sleepy512pete,sleepy512pete,decisive,kovacs469,butterfree-b3b-mega-sceptile-ex-b3,Butterfree Mega Sceptile ex,sceptile,3,3,0,50,sleepy512pete,team-rockets-raticate-ex-b4a-alolan-ninetales-ex-b2,Team Rocket's Raticate ex Alolan Ninetales ex,raticate_ninetales,2,3,0,
6a8743ba5a30714095575489,2026-09-25T17:50:00.000Z,Umbreon99's Aura Sphere #6 ($10 USD),postfreeze,1,SWISS,2,BO1,6,,66,hunter_316,thekyle,hunter_316,decisive,Hunter_316,team-rockets-raticate-ex-b4a-alolan-ninetales-ex-b2,Team Rocket's Raticate ex Alolan Ninetales ex,raticate_ninetales,3,2,0,,TheKyle,mega-altaria-ex-b1-happiny-b4a,Mega Altaria ex Happiny,,2,3,0,
6a8743ba5a30714095575489,2026-09-25T17:50:00.000Z,Umbreon99's Aura Sphere #6 ($10 USD),postfreeze,1,SWISS,2,BO1,7,,67,cloudypanda,elluquitas96,cloudypanda,decisive,CloudyPanda,mega-diancie-ex-carbink-b3b,Mega Diancie ex Carbink,,8,2,0,3,elluquitas96,mega-altaria-ex-b1-espeon-b3a,Mega Altaria ex Espeon,altaria,5,2,1,9
6a8743ba5a30714095575489,2026-09-25T17:50:00.000Z,Umbreon99's Aura Sphere #6 ($10 USD),postfreeze,1,SWISS,2,BO1,8,,68,john06300,turbone101,john06300,decisive,𝑿𝑻𝑹𝑬𝑴 | BlackZama,vespiquen-ex-b4-shuckle-ex-a4,Vespiquen ex Shuckle ex,vespiquen,3,3,0,39,Turbone101,beautifly-dustox-b4,Beautifly Dustox,,4,3,0,32
6a8743ba5a30714095575489,2026-09-25T17:50:00.000Z,Umbreon99's Aura Sphere #6 ($10 USD),postfreeze,1,SWISS,2,BO1,9,,69,coffplays,warpis,coffplays,decisive,Coffplays,hoopa-ex-b4-mega-absol-ex-b1,Hoopa ex Mega Absol ex,hoopa_absol,3,3,0,38,MEGA SIPRAW EX,mega-sharpedo-ex-b4-gyarados-a4,Mega Sharpedo ex Gyarados,,2,3,0,
6a8743ba5a30714095575489,2026-09-25T17:50:00.000Z,Umbreon99's Aura Sphere #6 ($10 USD),postfreeze,1,SWISS,2,BO1,10,,70,flipand11,razbersky202,flipand11,decisive,flipand11,mega-sharpedo-ex-b4-chien-pao-ex-b2a,Mega Sharpedo ex Chien-Pao ex,,5,3,0,15,Razbersky202,beautifly-b1-dustox-b4,Beautifly Dustox,,3,3,0,35
6a8743ba5a30714095575489,2026-09-25T17:50:00.000Z,Umbreon99's Aura Sphere #6 ($10 USD),postfreeze,1,SWISS,2,BO1,11,,71,tommyjuice,shreyasplays,shreyasplays,decisive,Tommyjuice,mandibuzz-b3-greninja-a1,Mandibuzz Greninja,,2,4,0,53,ShreyasPlays,suicune-ex-a4a-baxcalibur-b2a,Suicune ex Baxcalibur,suicune,8,1,2,2
6a8743ba5a30714095575489,2026-09-25T17:50:00.000Z,Umbreon99's Aura Sphere #6 ($10 USD),postfreeze,1,SWISS,2,BO1,12,,72,minato,prototcg,minato,decisive,minato,magnezone-b1a-miraidon-ex-b3a,Magnezone Miraidon ex,,3,3,0,41,ProtoTCG,hisuian-zoroark-ex-b3b-team-rockets-electrode-b4a,Hisuian Zoroark ex Team Rocket's Electrode,,1,3,0,
6a8743ba5a30714095575489,2026-09-25T17:50:00.000Z,Umbreon99's Aura Sphere #6 ($10 USD),postfreeze,1,SWISS,2,BO1,13,,73,ibfasting,normo360,normo360,decisive,𝗕𝗢𝗔𝗧 | Fasting,mega-blaziken-ex-b1-greninja-a1,Mega Blaziken ex Greninja,,3,3,0,42,𝗠𝗮𝗴𝗺𝗮 StorM,mega-blaziken-ex-b1,Mega Blaziken ex,blaziken,3,2,0,
6a8743ba5a30714095575489,2026-09-25T17:50:00.000Z,Umbreon99's Aura Sphere #6 ($10 USD),postfreeze,1,SWISS,2,BO1,14,,74,pauk55,hakitcgp,pauk55,decisive,𝗠𝗢𝗡𝗢 . Pauk,dragonair-mega-rayquaza-ex-b4,Dragonair Mega Rayquaza ex,,5,3,0,13,hakitcgp,mega-sceptile-ex-b3-teal-mask-ogerpon-ex-b2,Mega Sceptile ex Teal Mask Ogerpon ex,,3,3,0,
6a8743ba5a30714095575489,2026-09-25T17:50:00.000Z,Umbreon99's Aura Sphere #6 ($10 USD),postfreeze,1,SWISS,2,BO1,15,,75,super_peace,luckyex888,super_peace,decisive,Super_Peace,charizard-ex-a1-mega-charizard-y-ex-b1a,Charizard ex Mega Charizard Y ex,,10,0,1,1,LuckyEX888,mega-sceptile-ex-b3-greninja-a1,Mega Sceptile ex Greninja,,1,1,0,
6a8743ba5a30714095575489,2026-09-25T17:50:00.000Z,Umbreon99's Aura Sphere #6 ($10 USD),postfreeze,1,SWISS,2,BO1,16,,76,sbug,ynovator,sbug,decisive,𝙄𝙈𝙋 | Sbug,butterfree-b3b-mega-sceptile-ex-b3,Butterfree Mega Sceptile ex,sceptile,4,3,0,26,ynovator,mega-altaria-ex-b1-espeon-b3a,Mega Altaria ex Espeon,altaria,1,3,0,
6a8743ba5a30714095575489,2026-09-25T17:50:00.000Z,Umbreon99's Aura Sphere #6 ($10 USD),postfreeze,1,SWISS,2,BO1,17,,77,mrsmellybelly,lebraveultime,lebraveultime,decisive,MrSmellyBelly,porygon-z-rampardos-a2,Porygon-Z Rampardos,,3,3,0,40,Lebraveultime,mega-altaria-ex-b1-espeon-b3a,Mega Altaria ex Espeon,altaria,4,3,0,27
6a8743ba5a30714095575489,2026-09-25T17:50:00.000Z,Umbreon99's Aura Sphere #6 ($10 USD),postfreeze,1,SWISS,2,BO1,18,,78,balancedeala,aldous,aldous,decisive,balancedeala,team-rockets-slowking-ex-b4a-meloetta-b2,Team Rocket's Slowking ex Meloetta,,1,5,0,59,Aldous,mega-altaria-ex-b1-espeon-b3a,Mega Altaria ex Espeon,altaria,5,2,1,10
6a8743ba5a30714095575489,2026-09-25T17:50:00.000Z,Umbreon99's Aura Sphere #6 ($10 USD),postfreeze,1,SWISS,2,BO1,19,,79,tbenjab,lolocatchem,tbenjab,decisive,TBenjaB,hoopa-ex-b4-hydreigon-b1,Hoopa ex Hydreigon,,4,2,1,21,LoLoCatchEm,mega-lucario-ex-b3-lucario-a2,Mega Lucario ex Lucario,lucario,4,2,1,22
6a8743ba5a30714095575489,2026-09-25T17:50:00.000Z,Umbreon99's Aura Sphere #6 ($10 USD),postfreeze,1,SWISS,2,BO1,20,,80,dens,goku6767,goku6767,decisive,Dens,team-rockets-slowking-ex-b4a-meloetta-b2,Team Rocket's Slowking ex Meloetta,,1,3,0,,goku6767,mega-charizard-y-ex-b1a-entei-ex-a4a,Mega Charizard Y ex Entei ex,charizardy_entei,4,2,1,24
6a8743ba5a30714095575489,2026-09-25T17:50:00.000Z,Umbreon99's Aura Sphere #6 ($10 USD),postfreeze,1,SWISS,2,BO1,21,,81,legendoery,soap728,soap728,decisive,legendoery,mega-diancie-ex-carbink-b3b,Mega Diancie ex Carbink,,1,2,0,,soap728,team-rockets-slowking-ex-b4a-meloetta-b2,Team Rocket's Slowking ex Meloetta,,7,2,0,5
6a8743ba5a30714095575489,2026-09-25T17:50:00.000Z,Umbreon99's Aura Sphere #6 ($10 USD),postfreeze,1,SWISS,2,BO1,22,,82,danimaton,golfermt,golfermt,decisive,Danimaton,mega-charizard-y-ex-b1a-entei-ex-a4a,Mega Charizard Y ex Entei ex,charizardy_entei,2,4,0,,PGX | Golfermt,hydreigon-mega-absol-ex-b1,Hydreigon Mega Absol ex,hydreigon,6,1,0,17
6a8743ba5a30714095575489,2026-09-25T17:50:00.000Z,Umbreon99's Aura Sphere #6 ($10 USD),postfreeze,1,SWISS,2,BO1,23,,83,hyuga10,joshuasutherland21,hyuga10,decisive,Hyuga10,mega-sceptile-ex-b3-greninja-a1,Mega Sceptile ex Greninja,,5,3,0,14,TDL | MoonlightshurikenVT,mega-altaria-ex-b1-greninja-a1,Mega Altaria ex Greninja,,4,3,0,28
6a8743ba5a30714095575489,2026-09-25T17:50:00.000Z,Umbreon99's Aura Sphere #6 ($10 USD),postfreeze,1,SWISS,2,BO1,24,,84,katsuonakahara,byzer09,katsuonakahara,decisive,sZero | Katsuo Nakahara,mega-blaziken-ex-b1,Mega Blaziken ex,blaziken,6,3,0,7,byZer09,mega-manectric-ex-b2b-heliolisk-b4,Mega Manectric ex Heliolisk,manectric_heliolisk,1,2,0,
6a8743ba5a30714095575489,2026-09-25T17:50:00.000Z,Umbreon99's Aura Sphere #6 ($10 USD),postfreeze,1,SWISS,2,BO1,25,,85,crisspardog,muswa,crisspardog,decisive,TL| Nemesis,mega-sharpedo-ex-b4-chien-pao-ex-b2a,Mega Sharpedo ex Chien-Pao ex,,2,4,0,,Muswa,mega-diancie-ex-carbink-b3b,Mega Diancie ex Carbink,,1,3,0,
6a8743ba5a30714095575489,2026-09-25T17:50:00.000Z,Umbreon99's Aura Sphere #6 ($10 USD),postfreeze,1,SWISS,2,BO1,26,,86,supreme13,pierfigo,pierfigo,decisive,𝗕𝗮𝗹𝗱 Supreme,crobat-a2a-mega-sableye-ex-b3b,Crobat Mega Sableye ex,,3,3,0,45,PierFigo,hydreigon-mega-absol-ex-b1,Hydreigon Mega Absol ex,hydreigon,6,1,2,6
6a8743ba5a30714095575489,2026-09-25T17:50:00.000Z,Umbreon99's Aura Sphere #6 ($10 USD),postfreeze,1,SWISS,2,BO1,27,,87,lv80mewtwo,heashkanani,heashkanani,decisive,𝗕𝗢𝗔𝗧 | Mewtwo,flareon-ex-a3b-mega-charizard-y-ex-b1a,Flareon ex Mega Charizard Y ex,,1,2,0,,HEAshkanani,dragonair-mega-rayquaza-ex-b4,Dragonair Mega Rayquaza ex,,3,3,0,37
6a8743ba5a30714095575489,2026-09-25T17:50:00.000Z,Umbreon99's Aura Sphere #6 ($10 USD),postfreeze,1,SWISS,2,BO1,28,,88,sekensirazu,tesla20,sekensirazu,decisive,sekensirazu,mega-lucario-ex-b3-lucario-a2,Mega Lucario ex Lucario,lucario,4,2,1,23,Tesla20,dedenne-ex-b3b-pichu-a4,Dedenne ex Pichu,,1,3,0,
6a8743ba5a30714095575489,2026-09-25T17:50:00.000Z,Umbreon99's Aura Sphere #6 ($10 USD),postfreeze,1,SWISS,2,BO1,29,,89,dhforty4,maximumedgelord,maximumedgelord,decisive,dhforty4,zoroark-ex-b3-mega-sableye-ex-b3b,Zoroark ex Mega Sableye ex,,1,5,0,,MaximumEdgeLord,mega-sharpedo-ex-b4-milotic-ex-b3b,Mega Sharpedo ex Milotic ex,,4,3,0,30
6a8743ba5a30714095575489,2026-09-25T17:50:00.000Z,Umbreon99's Aura Sphere #6 ($10 USD),postfreeze,1,SWISS,2,BO1,30,,90,sometimespurple,diegolq,diegolq,decisive,SometimesPurple,alolan-muk-mega-kangaskhan-ex-b2,Alolan Muk Mega Kangaskhan ex,,3,3,0,43,diegolq,meowscarada-ex-b2a-meowscarada-a2b,Meowscarada ex Meowscarada,,5,2,0,19
6a8743ba5a30714095575489,2026-09-25T17:50:00.000Z,Umbreon99's Aura Sphere #6 ($10 USD),postfreeze,1,SWISS,2,BO1,31,,91,popay,javiercazorla,popay,decisive,TB Popay,hoopa-ex-b4-mega-absol-ex-b1,Hoopa ex Mega Absol ex,hoopa_absol,7,3,0,4,Javiercazorla,charizard-ex-a1-mega-charizard-y-ex-b1a,Charizard ex Mega Charizard Y ex,,0,3,0,
6a8743ba5a30714095575489,2026-09-25T17:50:00.000Z,Umbreon99's Aura Sphere #6 ($10 USD),postfreeze,1,SWISS,2,BO1,32,,92,alice_69,preluxe,preluxe,decisive,Alice_69,mega-manectric-ex-b2b-heliolisk-b4,Mega Manectric ex Heliolisk,manectric_heliolisk,1,5,0,57,𝗠𝗮𝗴𝗺𝗮 Preluxe,magnezone-ex-b3-magnezone-b1a,Magnezone ex Magnezone,,3,3,0,46
6a8743ba5a30714095575489,2026-09-25T17:50:00.000Z,Umbreon99's Aura Sphere #6 ($10 USD),postfreeze,1,SWISS,2,BO1,33,,93,nakopol91,waittilltmrw,waittilltmrw,decisive,Plasma | NastKon,butterfree-b3b-mega-sceptile-ex-b3,Butterfree Mega Sceptile ex,sceptile,3,3,0,,waittilltmrw,milotic-ex-b3b-eevee-ex-a3b,Milotic ex Eevee ex,,4,3,0,31
6a8743ba5a30714095575489,2026-09-25T17:50:00.000Z,Umbreon99's Aura Sphere #6 ($10 USD),postfreeze,1,SWISS,2,BO1,34,,94,xanypopper,unknownxiii,xanypopper,decisive,²ᵀ|Xanny ,hoopa-ex-b4-mega-absol-ex-b1,Hoopa ex Mega Absol ex,hoopa_absol,4,3,0,29,Unknownxiii,dragonair-mega-rayquaza-ex-b4,Dragonair Mega Rayquaza ex,,3,3,0,47
6a8743ba5a30714095575489,2026-09-25T17:50:00.000Z,Umbreon99's Aura Sphere #6 ($10 USD),postfreeze,1,SWISS,2,BO1,35,,95,yizzy_tcg1,elmarcoo,elmarcoo,decisive,𝘀𝗭𝗲𝗿𝗼 | Yizzy,butterfree-b3b-mega-sceptile-ex-b3,Butterfree Mega Sceptile ex,sceptile,0,2,0,,eLMarcoO,mega-altaria-ex-b1-happiny-b4a,Mega Altaria ex Happiny,,2,3,0,
6a8743ba5a30714095575489,2026-09-25T17:50:00.000Z,Umbreon99's Aura Sphere #6 ($10 USD),postfreeze,1,SWISS,2,BO1,36,,96,nabrix,tcgyami,tcgyami,decisive,Nabrix,mega-altaria-ex-b1-happiny-b4a,Mega Altaria ex Happiny,,1,3,0,,tcgyami,butterfree-b3b-mega-sceptile-ex-b3,Butterfree Mega Sceptile ex,sceptile,3,3,0,
6a8743ba5a30714095575489,2026-09-25T17:50:00.000Z,Umbreon99's Aura Sphere #6 ($10 USD),postfreeze,1,SWISS,2,BO1,37,,97,castro37,laquita,castro37,decisive,TGA | Chronos,team-rockets-slowking-ex-b4a-meloetta-b2,Team Rocket's Slowking ex Meloetta,,2,3,0,,Laquita,vespiquen-ex-b4-shuckle-ex-a4,Vespiquen ex Shuckle ex,vespiquen,2,3,0,
6a8743ba5a30714095575489,2026-09-25T17:50:00.000Z,Umbreon99's Aura Sphere #6 ($10 USD),postfreeze,1,SWISS,2,BO1,38,,98,butterflybabe,victorssito,victorssito,decisive,ButterflyBabe,wugtrio-ex-a2b-milotic-ex-b3b,Wugtrio ex Milotic ex,,0,6,0,62,PGX | victorssito,butterfree-b3b-mega-sceptile-ex-b3,Butterfree Mega Sceptile ex,sceptile,4,2,0,33
6a8743ba5a30714095575489,2026-09-25T17:50:00.000Z,Umbreon99's Aura Sphere #6 ($10 USD),postfreeze,1,SWISS,2,BO1,39,,99,thomasxavier21,https,https,decisive,ThomasXavier21,mega-lucario-ex-b3-lucario-a2,Mega Lucario ex Lucario,lucario,0,3,0,,Nobody ,hoopa-ex-b4-mega-absol-ex-b1,Hoopa ex Mega Absol ex,hoopa_absol,3,3,0,48
6a8743ba5a30714095575489,2026-09-25T17:50:00.000Z,Umbreon99's Aura Sphere #6 ($10 USD),postfreeze,1,SWISS,2,BO1,40,,100,ruislb,r0zey,-1,double_loss,RuiSlb,hoopa-ex-b4-mega-absol-ex-b1,Hoopa ex Mega Absol ex,hoopa_absol,0,4,0,,r0zey,mega-sharpedo-ex-b4-gyarados-a4,Mega Sharpedo ex Gyarados,,0,4,0,
6a8743ba5a30714095575489,2026-09-25T17:50:00.000Z,Umbreon99's Aura Sphere #6 ($10 USD),postfreeze,1,SWISS,2,BO1,41,,101,fluffy_panda1995,eeveeon,eeveeon,decisive,velcro| Fluffy_panda,mega-lucario-ex-b3-lucario-a2,Mega Lucario ex Lucario,lucario,0,2,0,,𝗠𝗲𝗴𝗮 eeveeon 𝗘𝗫,mega-altaria-ex-b1-espeon-b3a,Mega Altaria ex Espeon,altaria,2,3,0,
6a8743ba5a30714095575489,2026-09-25T17:50:00.000Z,Umbreon99's Aura Sphere #6 ($10 USD),postfreeze,1,SWISS,2,BO1,42,,102,xastur,dietdrkelp,xastur,decisive,Xastur,mega-scizor-ex-revavroom-b2b,Mega Scizor ex Revavroom,,3,3,0,51,𝗠𝗢𝗡⭐️| Suede,greninja-a1-mega-absol-ex-b1,Greninja Mega Absol ex,,1,3,0,
6a8743ba5a30714095575489,2026-09-25T17:50:00.000Z,Umbreon99's Aura Sphere #6 ($10 USD),postfreeze,1,SWISS,2,BO1,43,,103,estehlegitea,fury64140,fury64140,decisive,KING ,team-rockets-weezing-ex-b4a-hoopa-ex-b4,Team Rocket's Weezing ex Hoopa ex,weezing,1,5,0,60,Fury64140,mega-blastoise-ex-b1a-eiscue-b1,Mega Blastoise ex Eiscue,,1,3,0,
6a8743ba5a30714095575489,2026-09-25T17:50:00.000Z,Umbreon99's Aura Sphere #6 ($10 USD),postfreeze,1,SWISS,2,BO1,44,,104,varma,alana,varma,decisive,varma,vespiquen-ex-b4-shuckle-ex-a4,Vespiquen ex Shuckle ex,vespiquen,1,2,0,,𝗠𝗲𝗴𝗮 A̶l̶a̶n̶a̶ 𝗘𝗫,miraidon-ex-b3a-magnezone-b1a,Miraidon ex Magnezone,,1,5,0,58
6a8743ba5a30714095575489,2026-09-25T17:50:00.000Z,Umbreon99's Aura Sphere #6 ($10 USD),postfreeze,1,SWISS,2,BO1,45,,105,wall456,almaforger,almaforger,decisive,Wall456,mega-altaria-ex-b1-happiny-b4a,Mega Altaria ex Happiny,,0,2,0,,Alma Forger,mega-lucario-ex-b3-lucario-a2,Mega Lucario ex Lucario,lucario,2,3,0,
6a8743ba5a30714095575489,2026-09-25T17:50:00.000Z,Umbreon99's Aura Sphere #6 ($10 USD),postfreeze,1,SWISS,2,BO1,46,,106,dariuspopek,snap_bolt,dariuspopek,decisive,DariusPopek,buzzwole-ex-a3a-teal-mask-ogerpon-ex-b2,Buzzwole ex Teal Mask Ogerpon ex,,1,3,0,,Snap_Bolt,hoopa-ex-b4-mega-absol-ex-b1,Hoopa ex Mega Absol ex,hoopa_absol,3,3,0,52
6a8743ba5a30714095575489,2026-09-25T17:50:00.000Z,Umbreon99's Aura Sphere #6 ($10 USD),postfreeze,1,SWISS,2,BO1,47,,107,draxoz,luffytaro_91,draxoz,decisive,DraXoZ,mega-venusaur-ex-b1a,Mega Venusaur ex,,2,4,0,55,Luffytaro_91,hoopa-ex-b4-darkrai-ex-a2,Hoopa ex Darkrai ex,,0,2,0,
6a8743ba5a30714095575489,2026-09-25T17:50:00.000Z,Umbreon99's Aura Sphere #6 ($10 USD),postfreeze,1,SWISS,2,BO1,48,,108,six420,iono_ce,six420,decisive,Six420,mega-charizard-y-ex-b1a-entei-ex-a4a,Mega Charizard Y ex Entei ex,charizardy_entei,1,3,0,,Iono_Ce,mega-altaria-ex-b1-happiny-b4a,Mega Altaria ex Happiny,,2,4,0,
6a8743ba5a30714095575489,2026-09-25T17:50:00.000Z,Umbreon99's Aura Sphere #6 ($10 USD),postfreeze,1,SWISS,2,BO1,49,,109,norrisjones,tommyhp,tommyhp,decisive,Norrisjones,dragonair-b4-altaria-a4a,Dragonair Altaria,,3,3,0,49,tommyhp,mega-altaria-ex-b1-igglybuff-a4a,Mega Altaria ex Igglybuff,,2,4,0,54
6a8743ba5a30714095575489,2026-09-25T17:50:00.000Z,Umbreon99's Aura Sphere #6 ($10 USD),postfreeze,1,SWISS,2,BO1,50,,110,lbn924,jaxxondsilva,lbn924,decisive,𝙄𝙈𝙋 | Lbn,beautifly-dustox-b4,Beautifly Dustox,,5,3,0,16,jaxxondsilva,hoopa-ex-b4-mega-absol-ex-b1,Hoopa ex Mega Absol ex,hoopa_absol,0,6,0,63
6a8743ba5a30714095575489,2026-09-25T17:50:00.000Z,Umbreon99's Aura Sphere #6 ($10 USD),postfreeze,1,SWISS,2,BO1,51,,111,fzin,toxique12,fzin,decisive,João Vitor,mega-manectric-ex-b2b-heliolisk-b4,Mega Manectric ex Heliolisk,manectric_heliolisk,2,3,0,,IAM | Toxique,mega-charizard-y-ex-b1a-charizard-ex-a1,Mega Charizard Y ex Charizard ex,,0,6,0,64
6a8743ba5a30714095575489,2026-09-25T17:50:00.000Z,Umbreon99's Aura Sphere #6 ($10 USD),postfreeze,1,SWISS,2,BO1,52,,112,sparadrap,surdao123,sparadrap,decisive,Sparadrap,hydreigon-mega-absol-ex-b1,Hydreigon Mega Absol ex,hydreigon,6,3,0,8,surdao123,dedenne-ex-b3b-indeedee-ex-b1,Dedenne ex Indeedee ex,,0,6,0,61
6a8743ba5a30714095575489,2026-09-25T17:50:00.000Z,Umbreon99's Aura Sphere #6 ($10 USD),postfreeze,1,SWISS,2,BO1,53,,113,suugarwater,umbreon099,suugarwater,decisive,suugarwater,mega-sceptile-ex-b3-greninja-a1,Mega Sceptile ex Greninja,,1,2,0,,Umbreon099,vespiquen-ex-b4-shuckle-ex-a4,Vespiquen ex Shuckle ex,vespiquen,0,2,0,
6a8743ba5a30714095575489,2026-09-25T17:50:00.000Z,Umbreon99's Aura Sphere #6 ($10 USD),postfreeze,1,SWISS,2,BO1,54,,114,breaking2mirror,njjord7,njjord7,decisive,Breaking2mirror,melmetal-ex-indeedee-ex-b1,Melmetal ex Indeedee ex,,0,6,0,65,FrogEX | Njord,mega-sharpedo-ex-b4-gyarados-a4,Mega Sharpedo ex Gyarados,,1,3,0,
6a8743ba5a30714095575489,2026-09-25T17:50:00.000Z,Umbreon99's Aura Sphere #6 ($10 USD),postfreeze,1,SWISS,2,BO1,55,,115,belceboss,giaacomoo,giaacomoo,decisive,belceboss,butterfree-b3b-mega-sceptile-ex-b3,Butterfree Mega Sceptile ex,sceptile,1,5,0,56,giaacomoo,zoroark-ex-b3-mega-absol-ex-b1,Zoroark ex Mega Absol ex,,4,2,0,34
6a8743ba5a30714095575489,2026-09-25T17:50:00.000Z,Umbreon99's Aura Sphere #6 ($10 USD),postfreeze,1,SWISS,3,BO1,1,,116,sbug,hyuga10,sbug,decisive,𝙄𝙈𝙋 | Sbug,butterfree-b3b-mega-sceptile-ex-b3,Butterfree Mega Sceptile ex,sceptile,4,3,0,26,Hyuga10,mega-sceptile-ex-b3-greninja-a1,Mega Sceptile ex Greninja,,5,3,0,14
6a8743ba5a30714095575489,2026-09-25T17:50:00.000Z,Umbreon99's Aura Sphere #6 ($10 USD),postfreeze,1,SWISS,3,BO1,2,,117,golfermt,flipand11,golfermt,decisive,PGX | Golfermt,hydreigon-mega-absol-ex-b1,Hydreigon Mega Absol ex,hydreigon,6,1,0,17,flipand11,mega-sharpedo-ex-b4-chien-pao-ex-b2a,Mega Sharpedo ex Chien-Pao ex,,5,3,0,15
6a8743ba5a30714095575489,2026-09-25T17:50:00.000Z,Umbreon99's Aura Sphere #6 ($10 USD),postfreeze,1,SWISS,3,BO1,3,,118,shreyasplays,heashkanani,shreyasplays,decisive,ShreyasPlays,suicune-ex-a4a-baxcalibur-b2a,Suicune ex Baxcalibur,suicune,8,1,2,2,HEAshkanani,dragonair-mega-rayquaza-ex-b4,Dragonair Mega Rayquaza ex,,3,3,0,37
6a8743ba5a30714095575489,2026-09-25T17:50:00.000Z,Umbreon99's Aura Sphere #6 ($10 USD),postfreeze,1,SWISS,3,BO1,4,,119,super_peace,crisspardog,super_peace,decisive,Super_Peace,charizard-ex-a1-mega-charizard-y-ex-b1a,Charizard ex Mega Charizard Y ex,,10,0,1,1,TL| Nemesis,mega-sharpedo-ex-b4-chien-pao-ex-b2a,Mega Sharpedo ex Chien-Pao ex,,2,4,0,
6a8743ba5a30714095575489,2026-09-25T17:50:00.000Z,Umbreon99's Aura Sphere #6 ($10 USD),postfreeze,1,SWISS,3,BO1,5,,120,hunter_316,goku6767,hunter_316,decisive,Hunter_316,team-rockets-raticate-ex-b4a-alolan-ninetales-ex-b2,Team Rocket's Raticate ex Alolan Ninetales ex,raticate_ninetales,3,2,0,,goku6767,mega-charizard-y-ex-b1a-entei-ex-a4a,Mega Charizard Y ex Entei ex,charizardy_entei,4,2,1,24
6a8743ba5a30714095575489,2026-09-25T17:50:00.000Z,Umbreon99's Aura Sphere #6 ($10 USD),postfreeze,1,SWISS,3,BO1,6,,121,minato,pierfigo,pierfigo,decisive,minato,magnezone-b1a-miraidon-ex-b3a,Magnezone Miraidon ex,,3,3,0,41,PierFigo,hydreigon-mega-absol-ex-b1,Hydreigon Mega Absol ex,hydreigon,6,1,2,6
6a8743ba5a30714095575489,2026-09-25T17:50:00.000Z,Umbreon99's Aura Sphere #6 ($10 USD),postfreeze,1,SWISS,3,BO1,7,,122,matthewalex638,cloudypanda,matthewalex638,decisive,matthewalex638,hoopa-ex-b4-mega-absol-ex-b1,Hoopa ex Mega Absol ex,hoopa_absol,4,3,0,25,CloudyPanda,mega-diancie-ex-carbink-b3b,Mega Diancie ex Carbink,,8,2,0,3
6a8743ba5a30714095575489,2026-09-25T17:50:00.000Z,Umbreon99's Aura Sphere #6 ($10 USD),postfreeze,1,SWISS,3,BO1,8,,123,john06300,sekensirazu,sekensirazu,decisive,𝑿𝑻𝑹𝑬𝑴 | BlackZama,vespiquen-ex-b4-shuckle-ex-a4,Vespiquen ex Shuckle ex,vespiquen,3,3,0,39,sekensirazu,mega-lucario-ex-b3-lucario-a2,Mega Lucario ex Lucario,lucario,4,2,1,23
6a8743ba5a30714095575489,2026-09-25T17:50:00.000Z,Umbreon99's Aura Sphere #6 ($10 USD),postfreeze,1,SWISS,3,BO1,9,,124,normo360,pauk55,pauk55,decisive,𝗠𝗮𝗴𝗺𝗮 StorM,mega-blaziken-ex-b1,Mega Blaziken ex,blaziken,3,2,0,,𝗠𝗢𝗡𝗢 . Pauk,dragonair-mega-rayquaza-ex-b4,Dragonair Mega Rayquaza ex,,5,3,0,13
6a8743ba5a30714095575489,2026-09-25T17:50:00.000Z,Umbreon99's Aura Sphere #6 ($10 USD),postfreeze,1,SWISS,3,BO1,10,,125,soadmon,aldous,aldous,decisive,Soadmon,mega-altaria-ex-b1-happiny-b4a,Mega Altaria ex Happiny,,3,3,0,36,Aldous,mega-altaria-ex-b1-espeon-b3a,Mega Altaria ex Espeon,altaria,5,2,1,10
6a8743ba5a30714095575489,2026-09-25T17:50:00.000Z,Umbreon99's Aura Sphere #6 ($10 USD),postfreeze,1,SWISS,3,BO1,11,,126,coffplays,tbenjab,tbenjab,decisive,Coffplays,hoopa-ex-b4-mega-absol-ex-b1,Hoopa ex Mega Absol ex,hoopa_absol,3,3,0,38,TBenjaB,hoopa-ex-b4-hydreigon-b1,Hoopa ex Hydreigon,,4,2,1,21
6a8743ba5a30714095575489,2026-09-25T17:50:00.000Z,Umbreon99's Aura Sphere #6 ($10 USD),postfreeze,1,SWISS,3,BO1,12,,127,lebraveultime,guunnz,guunnz,decisive,Lebraveultime,mega-altaria-ex-b1-espeon-b3a,Mega Altaria ex Espeon,altaria,4,3,0,27,𝗠𝗢𝗡⭐️ | guunnz,miraidon-ex-b3a-magnezone-b1a,Miraidon ex Magnezone,,5,2,0,18
6a8743ba5a30714095575489,2026-09-25T17:50:00.000Z,Umbreon99's Aura Sphere #6 ($10 USD),postfreeze,1,SWISS,3,BO1,13,,128,sleepy512pete,griffsama,griffsama,decisive,sleepy512pete,team-rockets-raticate-ex-b4a-alolan-ninetales-ex-b2,Team Rocket's Raticate ex Alolan Ninetales ex,raticate_ninetales,2,3,0,,sZero | GriffSama,mega-altaria-ex-b1-greninja-a1,Mega Altaria ex Greninja,,4,2,1,20
6a8743ba5a30714095575489,2026-09-25T17:50:00.000Z,Umbreon99's Aura Sphere #6 ($10 USD),postfreeze,1,SWISS,3,BO1,14,,129,katsuonakahara,soap728,soap728,decisive,sZero | Katsuo Nakahara,mega-blaziken-ex-b1,Mega Blaziken ex,blaziken,6,3,0,7,soap728,team-rockets-slowking-ex-b4a-meloetta-b2,Team Rocket's Slowking ex Meloetta,,7,2,0,5
6a8743ba5a30714095575489,2026-09-25T17:50:00.000Z,Umbreon99's Aura Sphere #6 ($10 USD),postfreeze,1,SWISS,3,BO1,15,,130,maximumedgelord,thekyle,maximumedgelord,decisive,MaximumEdgeLord,mega-sharpedo-ex-b4-milotic-ex-b3b,Mega Sharpedo ex Milotic ex,,4,3,0,30,TheKyle,mega-altaria-ex-b1-happiny-b4a,Mega Altaria ex Happiny,,2,3,0,
6a8743ba5a30714095575489,2026-09-25T17:50:00.000Z,Umbreon99's Aura Sphere #6 ($10 USD),postfreeze,1,SWISS,3,BO1,16,,131,warpis,turbone101,warpis,decisive,MEGA SIPRAW EX,mega-sharpedo-ex-b4-gyarados-a4,Mega Sharpedo ex Gyarados,,2,3,0,,Turbone101,beautifly-dustox-b4,Beautifly Dustox,,4,3,0,32
6a8743ba5a30714095575489,2026-09-25T17:50:00.000Z,Umbreon99's Aura Sphere #6 ($10 USD),postfreeze,1,SWISS,3,BO1,17,,132,elluquitas96,legendoery,elluquitas96,decisive,elluquitas96,mega-altaria-ex-b1-espeon-b3a,Mega Altaria ex Espeon,altaria,5,2,1,9,legendoery,mega-diancie-ex-carbink-b3b,Mega Diancie ex Carbink,,1,2,0,
6a8743ba5a30714095575489,2026-09-25T17:50:00.000Z,Umbreon99's Aura Sphere #6 ($10 USD),postfreeze,1,SWISS,3,BO1,18,,133,giaacomoo,varma,giaacomoo,decisive,giaacomoo,zoroark-ex-b3-mega-absol-ex-b1,Zoroark ex Mega Absol ex,,4,2,0,34,varma,vespiquen-ex-b4-shuckle-ex-a4,Vespiquen ex Shuckle ex,vespiquen,1,2,0,
6a8743ba5a30714095575489,2026-09-25T17:50:00.000Z,Umbreon99's Aura Sphere #6 ($10 USD),postfreeze,1,SWISS,3,BO1,19,,134,lolocatchem,six420,lolocatchem,decisive,LoLoCatchEm,mega-lucario-ex-b3-lucario-a2,Mega Lucario ex Lucario,lucario,4,2,1,22,Six420,mega-charizard-y-ex-b1a-entei-ex-a4a,Mega Charizard Y ex Entei ex,charizardy_entei,1,3,0,
6a8743ba5a30714095575489,2026-09-25T17:50:00.000Z,Umbreon99's Aura Sphere #6 ($10 USD),postfreeze,1,SWISS,3,BO1,20,,135,njjord7,eeveeon,eeveeon,decisive,FrogEX | Njord,mega-sharpedo-ex-b4-gyarados-a4,Mega Sharpedo ex Gyarados,,1,3,0,,𝗠𝗲𝗴𝗮 eeveeon 𝗘𝗫,mega-altaria-ex-b1-espeon-b3a,Mega Altaria ex Espeon,altaria,2,3,0,
6a8743ba5a30714095575489,2026-09-25T17:50:00.000Z,Umbreon99's Aura Sphere #6 ($10 USD),postfreeze,1,SWISS,3,BO1,21,,136,castro37,balancedeala,castro37,decisive,TGA | Chronos,team-rockets-slowking-ex-b4a-meloetta-b2,Team Rocket's Slowking ex Meloetta,,2,3,0,,balancedeala,team-rockets-slowking-ex-b4a-meloetta-b2,Team Rocket's Slowking ex Meloetta,,1,5,0,59
6a8743ba5a30714095575489,2026-09-25T17:50:00.000Z,Umbreon99's Aura Sphere #6 ($10 USD),postfreeze,1,SWISS,3,BO1,22,,137,lv80mewtwo,dashmd,dashmd,decisive,𝗕𝗢𝗔𝗧 | Mewtwo,flareon-ex-a3b-mega-charizard-y-ex-b1a,Flareon ex Mega Charizard Y ex,,1,2,0,,DashMD,mega-charizard-y-ex-b1a-entei-ex-a4a,Mega Charizard Y ex Entei ex,charizardy_entei,5,2,1,12
6a8743ba5a30714095575489,2026-09-25T17:50:00.000Z,Umbreon99's Aura Sphere #6 ($10 USD),postfreeze,1,SWISS,3,BO1,23,,138,danimaton,kovacs469,danimaton,decisive,Danimaton,mega-charizard-y-ex-b1a-entei-ex-a4a,Mega Charizard Y ex Entei ex,charizardy_entei,2,4,0,,kovacs469,butterfree-b3b-mega-sceptile-ex-b3,Butterfree Mega Sceptile ex,sceptile,3,3,0,50
6a8743ba5a30714095575489,2026-09-25T17:50:00.000Z,Umbreon99's Aura Sphere #6 ($10 USD),postfreeze,1,SWISS,3,BO1,24,,139,hakitcgp,tommyhp,hakitcgp,decisive,hakitcgp,mega-sceptile-ex-b3-teal-mask-ogerpon-ex-b2,Mega Sceptile ex Teal Mask Ogerpon ex,,3,3,0,,tommyhp,mega-altaria-ex-b1-igglybuff-a4a,Mega Altaria ex Igglybuff,,2,4,0,54
6a8743ba5a30714095575489,2026-09-25T17:50:00.000Z,Umbreon99's Aura Sphere #6 ($10 USD),postfreeze,1,SWISS,3,BO1,25,,140,draxoz,preluxe,preluxe,decisive,DraXoZ,mega-venusaur-ex-b1a,Mega Venusaur ex,,2,4,0,55,𝗠𝗮𝗴𝗺𝗮 Preluxe,magnezone-ex-b3-magnezone-b1a,Magnezone ex Magnezone,,3,3,0,46
6a8743ba5a30714095575489,2026-09-25T17:50:00.000Z,Umbreon99's Aura Sphere #6 ($10 USD),postfreeze,1,SWISS,3,BO1,26,,141,almaforger,byzer09,almaforger,decisive,Alma Forger,mega-lucario-ex-b3-lucario-a2,Mega Lucario ex Lucario,lucario,2,3,0,,byZer09,mega-manectric-ex-b2b-heliolisk-b4,Mega Manectric ex Heliolisk,manectric_heliolisk,1,2,0,
6a8743ba5a30714095575489,2026-09-25T17:50:00.000Z,Umbreon99's Aura Sphere #6 ($10 USD),postfreeze,1,SWISS,3,BO1,27,,142,victorssito,tommyjuice,victorssito,decisive,PGX | victorssito,butterfree-b3b-mega-sceptile-ex-b3,Butterfree Mega Sceptile ex,sceptile,4,2,0,33,Tommyjuice,mandibuzz-b3-greninja-a1,Mandibuzz Greninja,,2,4,0,53
6a8743ba5a30714095575489,2026-09-25T17:50:00.000Z,Umbreon99's Aura Sphere #6 ($10 USD),postfreeze,1,SWISS,3,BO1,28,,143,popay,dariuspopek,popay,decisive,TB Popay,hoopa-ex-b4-mega-absol-ex-b1,Hoopa ex Mega Absol ex,hoopa_absol,7,3,0,4,DariusPopek,buzzwole-ex-a3a-teal-mask-ogerpon-ex-b2,Buzzwole ex Teal Mask Ogerpon ex,,1,3,0,
6a8743ba5a30714095575489,2026-09-25T17:50:00.000Z,Umbreon99's Aura Sphere #6 ($10 USD),postfreeze,1,SWISS,3,BO1,29,,144,fury64140,lbn924,lbn924,decisive,Fury64140,mega-blastoise-ex-b1a-eiscue-b1,Mega Blastoise ex Eiscue,,1,3,0,,𝙄𝙈𝙋 | Lbn,beautifly-dustox-b4,Beautifly Dustox,,5,3,0,16
6a8743ba5a30714095575489,2026-09-25T17:50:00.000Z,Umbreon99's Aura Sphere #6 ($10 USD),postfreeze,1,SWISS,3,BO1,30,,145,ibfasting,muswa,ibfasting,decisive,𝗕𝗢𝗔𝗧 | Fasting,mega-blaziken-ex-b1-greninja-a1,Mega Blaziken ex Greninja,,3,3,0,42,Muswa,mega-diancie-ex-carbink-b3b,Mega Diancie ex Carbink,,1,3,0,
6a8743ba5a30714095575489,2026-09-25T17:50:00.000Z,Umbreon99's Aura Sphere #6 ($10 USD),postfreeze,1,SWISS,3,BO1,31,,146,angrypikachu,supreme13,angrypikachu,decisive,AngryPikachu,magnezone-ex-b3-magnezone-b1a,Magnezone ex Magnezone,,3,3,0,44,𝗕𝗮𝗹𝗱 Supreme,crobat-a2a-mega-sableye-ex-b3b,Crobat Mega Sableye ex,,3,3,0,45
6a8743ba5a30714095575489,2026-09-25T17:50:00.000Z,Umbreon99's Aura Sphere #6 ($10 USD),postfreeze,1,SWISS,3,BO1,32,,147,waittilltmrw,prototcg,waittilltmrw,decisive,waittilltmrw,milotic-ex-b3b-eevee-ex-a3b,Milotic ex Eevee ex,,4,3,0,31,ProtoTCG,hisuian-zoroark-ex-b3b-team-rockets-electrode-b4a,Hisuian Zoroark ex Team Rocket's Electrode,,1,3,0,
6a8743ba5a30714095575489,2026-09-25T17:50:00.000Z,Umbreon99's Aura Sphere #6 ($10 USD),postfreeze,1,SWISS,3,BO1,33,,148,elmarcoo,xastur,elmarcoo,decisive,eLMarcoO,mega-altaria-ex-b1-happiny-b4a,Mega Altaria ex Happiny,,2,3,0,,Xastur,mega-scizor-ex-revavroom-b2b,Mega Scizor ex Revavroom,,3,3,0,51
6a8743ba5a30714095575489,2026-09-25T17:50:00.000Z,Umbreon99's Aura Sphere #6 ($10 USD),postfreeze,1,SWISS,3,BO1,34,,149,suugarwater,mrsmellybelly,mrsmellybelly,decisive,suugarwater,mega-sceptile-ex-b3-greninja-a1,Mega Sceptile ex Greninja,,1,2,0,,MrSmellyBelly,porygon-z-rampardos-a2,Porygon-Z Rampardos,,3,3,0,40
6a8743ba5a30714095575489,2026-09-25T17:50:00.000Z,Umbreon99's Aura Sphere #6 ($10 USD),postfreeze,1,SWISS,3,BO1,35,,150,ynovator,aluchitcg,aluchitcg,decisive,ynovator,mega-altaria-ex-b1-espeon-b3a,Mega Altaria ex Espeon,altaria,1,3,0,,AluchiTCG,vespiquen-ex-b4-shuckle-ex-a4,Vespiquen ex Shuckle ex,vespiquen,3,3,0,
6a8743ba5a30714095575489,2026-09-25T17:50:00.000Z,Umbreon99's Aura Sphere #6 ($10 USD),postfreeze,1,SWISS,3,BO1,36,,151,tcgyami,fzin,tcgyami,decisive,tcgyami,butterfree-b3b-mega-sceptile-ex-b3,Butterfree Mega Sceptile ex,sceptile,3,3,0,,João Vitor,mega-manectric-ex-b2b-heliolisk-b4,Mega Manectric ex Heliolisk,manectric_heliolisk,2,3,0,
6a8743ba5a30714095575489,2026-09-25T17:50:00.000Z,Umbreon99's Aura Sphere #6 ($10 USD),postfreeze,1,SWISS,3,BO1,37,,152,https,iromm,iromm,decisive,Nobody ,hoopa-ex-b4-mega-absol-ex-b1,Hoopa ex Mega Absol ex,hoopa_absol,3,3,0,48,Eleven Gomes,mega-lucario-ex-b3-lucario-a2,Mega Lucario ex Lucario,lucario,5,2,1,11
6a8743ba5a30714095575489,2026-09-25T17:50:00.000Z,Umbreon99's Aura Sphere #6 ($10 USD),postfreeze,1,SWISS,3,BO1,38,,153,dens,sparadrap,sparadrap,decisive,Dens,team-rockets-slowking-ex-b4a-meloetta-b2,Team Rocket's Slowking ex Meloetta,,1,3,0,,Sparadrap,hydreigon-mega-absol-ex-b1,Hydreigon Mega Absol ex,hydreigon,6,3,0,8
6a8743ba5a30714095575489,2026-09-25T17:50:00.000Z,Umbreon99's Aura Sphere #6 ($10 USD),postfreeze,1,SWISS,3,BO1,39,,154,xanypopper,joshuasutherland21,joshuasutherland21,decisive,²ᵀ|Xanny ,hoopa-ex-b4-mega-absol-ex-b1,Hoopa ex Mega Absol ex,hoopa_absol,4,3,0,29,TDL | MoonlightshurikenVT,mega-altaria-ex-b1-greninja-a1,Mega Altaria ex Greninja,,4,3,0,28
6a8743ba5a30714095575489,2026-09-25T17:50:00.000Z,Umbreon99's Aura Sphere #6 ($10 USD),postfreeze,1,SWISS,3,BO1,40,,155,razbersky202,diegolq,diegolq,decisive,Razbersky202,beautifly-b1-dustox-b4,Beautifly Dustox,,3,3,0,35,diegolq,meowscarada-ex-b2a-meowscarada-a2b,Meowscarada ex Meowscarada,,5,2,0,19
6a8743ba5a30714095575489,2026-09-25T17:50:00.000Z,Umbreon99's Aura Sphere #6 ($10 USD),postfreeze,1,SWISS,3,BO1,41,,156,belceboss,nakopol91,nakopol91,decisive,belceboss,butterfree-b3b-mega-sceptile-ex-b3,Butterfree Mega Sceptile ex,sceptile,1,5,0,56,Plasma | NastKon,butterfree-b3b-mega-sceptile-ex-b3,Butterfree Mega Sceptile ex,sceptile,3,3,0,
6a8743ba5a30714095575489,2026-09-25T17:50:00.000Z,Umbreon99's Aura Sphere #6 ($10 USD),postfreeze,1,SWISS,3,BO1,42,,157,moserk,tesla20,tesla20,decisive,moserk,vespiquen-ex-b4-shuckle-ex-a4,Vespiquen ex Shuckle ex,vespiquen,0,3,0,,Tesla20,dedenne-ex-b3b-pichu-a4,Dedenne ex Pichu,,1,3,0,
6a8743ba5a30714095575489,2026-09-25T17:50:00.000Z,Umbreon99's Aura Sphere #6 ($10 USD),postfreeze,1,SWISS,3,BO1,43,,158,thomasxavier21,alana,alana,decisive,ThomasXavier21,mega-lucario-ex-b3-lucario-a2,Mega Lucario ex Lucario,lucario,0,3,0,,𝗠𝗲𝗴𝗮 A̶l̶a̶n̶a̶ 𝗘𝗫,miraidon-ex-b3a-magnezone-b1a,Miraidon ex Magnezone,,1,5,0,58
6a8743ba5a30714095575489,2026-09-25T17:50:00.000Z,Umbreon99's Aura Sphere #6 ($10 USD),postfreeze,1,SWISS,3,BO1,44,,159,iono_ce,toxique12,iono_ce,decisive,Iono_Ce,mega-altaria-ex-b1-happiny-b4a,Mega Altaria ex Happiny,,2,4,0,,IAM | Toxique,mega-charizard-y-ex-b1a-charizard-ex-a1,Mega Charizard Y ex Charizard ex,,0,6,0,64
6a8743ba5a30714095575489,2026-09-25T17:50:00.000Z,Umbreon99's Aura Sphere #6 ($10 USD),postfreeze,1,SWISS,3,BO1,45,,160,ruislb,dhforty4,dhforty4,decisive,RuiSlb,hoopa-ex-b4-mega-absol-ex-b1,Hoopa ex Mega Absol ex,hoopa_absol,0,4,0,,dhforty4,zoroark-ex-b3-mega-sableye-ex-b3b,Zoroark ex Mega Sableye ex,,1,5,0,
6a8743ba5a30714095575489,2026-09-25T17:50:00.000Z,Umbreon99's Aura Sphere #6 ($10 USD),postfreeze,1,SWISS,3,BO1,46,,161,nabrix,breaking2mirror,nabrix,decisive,Nabrix,mega-altaria-ex-b1-happiny-b4a,Mega Altaria ex Happiny,,1,3,0,,Breaking2mirror,melmetal-ex-indeedee-ex-b1,Melmetal ex Indeedee ex,,0,6,0,65
6a8743ba5a30714095575489,2026-09-25T17:50:00.000Z,Umbreon99's Aura Sphere #6 ($10 USD),postfreeze,1,SWISS,3,BO1,47,,162,r0zey,norrisjones,norrisjones,decisive,r0zey,mega-sharpedo-ex-b4-gyarados-a4,Mega Sharpedo ex Gyarados,,0,4,0,,Norrisjones,dragonair-b4-altaria-a4a,Dragonair Altaria,,3,3,0,49
6a8743ba5a30714095575489,2026-09-25T17:50:00.000Z,Umbreon99's Aura Sphere #6 ($10 USD),postfreeze,1,SWISS,3,BO1,48,,163,laquita,unknownxiii,laquita,decisive,Laquita,vespiquen-ex-b4-shuckle-ex-a4,Vespiquen ex Shuckle ex,vespiquen,2,3,0,,Unknownxiii,dragonair-mega-rayquaza-ex-b4,Dragonair Mega Rayquaza ex,,3,3,0,47
6a8743ba5a30714095575489,2026-09-25T17:50:00.000Z,Umbreon99's Aura Sphere #6 ($10 USD),postfreeze,1,SWISS,3,BO1,49,,164,butterflybabe,surdao123,-1,double_loss,ButterflyBabe,wugtrio-ex-a2b-milotic-ex-b3b,Wugtrio ex Milotic ex,,0,6,0,62,surdao123,dedenne-ex-b3b-indeedee-ex-b1,Dedenne ex Indeedee ex,,0,6,0,61
6a8743ba5a30714095575489,2026-09-25T17:50:00.000Z,Umbreon99's Aura Sphere #6 ($10 USD),postfreeze,1,SWISS,3,BO1,50,,165,dietdrkelp,jaxxondsilva,dietdrkelp,decisive,𝗠𝗢𝗡⭐️| Suede,greninja-a1-mega-absol-ex-b1,Greninja Mega Absol ex,,1,3,0,,jaxxondsilva,hoopa-ex-b4-mega-absol-ex-b1,Hoopa ex Mega Absol ex,hoopa_absol,0,6,0,63
6a8743ba5a30714095575489,2026-09-25T17:50:00.000Z,Umbreon99's Aura Sphere #6 ($10 USD),postfreeze,1,SWISS,3,BO1,51,,166,estehlegitea,javiercazorla,-1,double_loss,KING ,team-rockets-weezing-ex-b4a-hoopa-ex-b4,Team Rocket's Weezing ex Hoopa ex,weezing,1,5,0,60,Javiercazorla,charizard-ex-a1-mega-charizard-y-ex-b1a,Charizard ex Mega Charizard Y ex,,0,3,0,
6a8743ba5a30714095575489,2026-09-25T17:50:00.000Z,Umbreon99's Aura Sphere #6 ($10 USD),postfreeze,1,SWISS,3,BO1,52,,167,snap_bolt,sometimespurple,snap_bolt,decisive,Snap_Bolt,hoopa-ex-b4-mega-absol-ex-b1,Hoopa ex Mega Absol ex,hoopa_absol,3,3,0,52,SometimesPurple,alolan-muk-mega-kangaskhan-ex-b2,Alolan Muk Mega Kangaskhan ex,,3,3,0,43
6a8743ba5a30714095575489,2026-09-25T17:50:00.000Z,Umbreon99's Aura Sphere #6 ($10 USD),postfreeze,1,SWISS,3,BO1,53,,168,alice_69,,alice_69,bye_or_automatic_loss,Alice_69,mega-manectric-ex-b2b-heliolisk-b4,Mega Manectric ex Heliolisk,manectric_heliolisk,1,5,0,57,,,,,,,,
6a8743ba5a30714095575489,2026-09-25T17:50:00.000Z,Umbreon99's Aura Sphere #6 ($10 USD),postfreeze,1,SWISS,4,BO1,1,,169,aldous,matthewalex638,matthewalex638,decisive,Aldous,mega-altaria-ex-b1-espeon-b3a,Mega Altaria ex Espeon,altaria,5,2,1,10,matthewalex638,hoopa-ex-b4-mega-absol-ex-b1,Hoopa ex Mega Absol ex,hoopa_absol,4,3,0,25
6a8743ba5a30714095575489,2026-09-25T17:50:00.000Z,Umbreon99's Aura Sphere #6 ($10 USD),postfreeze,1,SWISS,4,BO1,2,,170,pierfigo,hunter_316,pierfigo,decisive,PierFigo,hydreigon-mega-absol-ex-b1,Hydreigon Mega Absol ex,hydreigon,6,1,2,6,Hunter_316,team-rockets-raticate-ex-b4a-alolan-ninetales-ex-b2,Team Rocket's Raticate ex Alolan Ninetales ex,raticate_ninetales,3,2,0,
6a8743ba5a30714095575489,2026-09-25T17:50:00.000Z,Umbreon99's Aura Sphere #6 ($10 USD),postfreeze,1,SWISS,4,BO1,3,,171,tbenjab,shreyasplays,shreyasplays,decisive,TBenjaB,hoopa-ex-b4-hydreigon-b1,Hoopa ex Hydreigon,,4,2,1,21,ShreyasPlays,suicune-ex-a4a-baxcalibur-b2a,Suicune ex Baxcalibur,suicune,8,1,2,2
6a8743ba5a30714095575489,2026-09-25T17:50:00.000Z,Umbreon99's Aura Sphere #6 ($10 USD),postfreeze,1,SWISS,4,BO1,4,,172,super_peace,griffsama,super_peace,decisive,Super_Peace,charizard-ex-a1-mega-charizard-y-ex-b1a,Charizard ex Mega Charizard Y ex,,10,0,1,1,sZero | GriffSama,mega-altaria-ex-b1-greninja-a1,Mega Altaria ex Greninja,,4,2,1,20
6a8743ba5a30714095575489,2026-09-25T17:50:00.000Z,Umbreon99's Aura Sphere #6 ($10 USD),postfreeze,1,SWISS,4,BO1,5,,173,golfermt,sekensirazu,golfermt,decisive,PGX | Golfermt,hydreigon-mega-absol-ex-b1,Hydreigon Mega Absol ex,hydreigon,6,1,0,17,sekensirazu,mega-lucario-ex-b3-lucario-a2,Mega Lucario ex Lucario,lucario,4,2,1,23
6a8743ba5a30714095575489,2026-09-25T17:50:00.000Z,Umbreon99's Aura Sphere #6 ($10 USD),postfreeze,1,SWISS,4,BO1,6,,174,pauk55,soap728,soap728,decisive,𝗠𝗢𝗡𝗢 . Pauk,dragonair-mega-rayquaza-ex-b4,Dragonair Mega Rayquaza ex,,5,3,0,13,soap728,team-rockets-slowking-ex-b4a-meloetta-b2,Team Rocket's Slowking ex Meloetta,,7,2,0,5
6a8743ba5a30714095575489,2026-09-25T17:50:00.000Z,Umbreon99's Aura Sphere #6 ($10 USD),postfreeze,1,SWISS,4,BO1,7,,175,sbug,guunnz,sbug,decisive,𝙄𝙈𝙋 | Sbug,butterfree-b3b-mega-sceptile-ex-b3,Butterfree Mega Sceptile ex,sceptile,4,3,0,26,𝗠𝗢𝗡⭐️ | guunnz,miraidon-ex-b3a-magnezone-b1a,Miraidon ex Magnezone,,5,2,0,18
6a8743ba5a30714095575489,2026-09-25T17:50:00.000Z,Umbreon99's Aura Sphere #6 ($10 USD),postfreeze,1,SWISS,4,BO1,8,,176,flipand11,goku6767,goku6767,decisive,flipand11,mega-sharpedo-ex-b4-chien-pao-ex-b2a,Mega Sharpedo ex Chien-Pao ex,,5,3,0,15,goku6767,mega-charizard-y-ex-b1a-entei-ex-a4a,Mega Charizard Y ex Entei ex,charizardy_entei,4,2,1,24
6a8743ba5a30714095575489,2026-09-25T17:50:00.000Z,Umbreon99's Aura Sphere #6 ($10 USD),postfreeze,1,SWISS,4,BO1,9,,177,angrypikachu,sparadrap,sparadrap,decisive,AngryPikachu,magnezone-ex-b3-magnezone-b1a,Magnezone ex Magnezone,,3,3,0,44,Sparadrap,hydreigon-mega-absol-ex-b1,Hydreigon Mega Absol ex,hydreigon,6,3,0,8
6a8743ba5a30714095575489,2026-09-25T17:50:00.000Z,Umbreon99's Aura Sphere #6 ($10 USD),postfreeze,1,SWISS,4,BO1,10,,178,hakitcgp,maximumedgelord,hakitcgp,decisive,hakitcgp,mega-sceptile-ex-b3-teal-mask-ogerpon-ex-b2,Mega Sceptile ex Teal Mask Ogerpon ex,,3,3,0,,MaximumEdgeLord,mega-sharpedo-ex-b4-milotic-ex-b3b,Mega Sharpedo ex Milotic ex,,4,3,0,30
6a8743ba5a30714095575489,2026-09-25T17:50:00.000Z,Umbreon99's Aura Sphere #6 ($10 USD),postfreeze,1,SWISS,4,BO1,11,,179,heashkanani,giaacomoo,heashkanani,decisive,HEAshkanani,dragonair-mega-rayquaza-ex-b4,Dragonair Mega Rayquaza ex,,3,3,0,37,giaacomoo,zoroark-ex-b3-mega-absol-ex-b1,Zoroark ex Mega Absol ex,,4,2,0,34
6a8743ba5a30714095575489,2026-09-25T17:50:00.000Z,Umbreon99's Aura Sphere #6 ($10 USD),postfreeze,1,SWISS,4,BO1,12,,180,aluchitcg,katsuonakahara,katsuonakahara,decisive,AluchiTCG,vespiquen-ex-b4-shuckle-ex-a4,Vespiquen ex Shuckle ex,vespiquen,3,3,0,,sZero | Katsuo Nakahara,mega-blaziken-ex-b1,Mega Blaziken ex,blaziken,6,3,0,7
6a8743ba5a30714095575489,2026-09-25T17:50:00.000Z,Umbreon99's Aura Sphere #6 ($10 USD),postfreeze,1,SWISS,4,BO1,13,,181,lolocatchem,waittilltmrw,lolocatchem,decisive,LoLoCatchEm,mega-lucario-ex-b3-lucario-a2,Mega Lucario ex Lucario,lucario,4,2,1,22,waittilltmrw,milotic-ex-b3b-eevee-ex-a3b,Milotic ex Eevee ex,,4,3,0,31
6a8743ba5a30714095575489,2026-09-25T17:50:00.000Z,Umbreon99's Aura Sphere #6 ($10 USD),postfreeze,1,SWISS,4,BO1,14,,182,minato,sleepy512pete,minato,decisive,minato,magnezone-b1a-miraidon-ex-b3a,Magnezone Miraidon ex,,3,3,0,41,sleepy512pete,team-rockets-raticate-ex-b4a-alolan-ninetales-ex-b2,Team Rocket's Raticate ex Alolan Ninetales ex,raticate_ninetales,2,3,0,
6a8743ba5a30714095575489,2026-09-25T17:50:00.000Z,Umbreon99's Aura Sphere #6 ($10 USD),postfreeze,1,SWISS,4,BO1,15,,183,joshuasutherland21,mrsmellybelly,mrsmellybelly,decisive,TDL | MoonlightshurikenVT,mega-altaria-ex-b1-greninja-a1,Mega Altaria ex Greninja,,4,3,0,28,MrSmellyBelly,porygon-z-rampardos-a2,Porygon-Z Rampardos,,3,3,0,40
6a8743ba5a30714095575489,2026-09-25T17:50:00.000Z,Umbreon99's Aura Sphere #6 ($10 USD),postfreeze,1,SWISS,4,BO1,16,,184,ibfasting,soadmon,soadmon,decisive,𝗕𝗢𝗔𝗧 | Fasting,mega-blaziken-ex-b1-greninja-a1,Mega Blaziken ex Greninja,,3,3,0,42,Soadmon,mega-altaria-ex-b1-happiny-b4a,Mega Altaria ex Happiny,,3,3,0,36
6a8743ba5a30714095575489,2026-09-25T17:50:00.000Z,Umbreon99's Aura Sphere #6 ($10 USD),postfreeze,1,SWISS,4,BO1,17,,185,lebraveultime,eeveeon,lebraveultime,decisive,Lebraveultime,mega-altaria-ex-b1-espeon-b3a,Mega Altaria ex Espeon,altaria,4,3,0,27,𝗠𝗲𝗴𝗮 eeveeon 𝗘𝗫,mega-altaria-ex-b1-espeon-b3a,Mega Altaria ex Espeon,altaria,2,3,0,
6a8743ba5a30714095575489,2026-09-25T17:50:00.000Z,Umbreon99's Aura Sphere #6 ($10 USD),postfreeze,1,SWISS,4,BO1,18,,186,elluquitas96,almaforger,elluquitas96,decisive,elluquitas96,mega-altaria-ex-b1-espeon-b3a,Mega Altaria ex Espeon,altaria,5,2,1,9,Alma Forger,mega-lucario-ex-b3-lucario-a2,Mega Lucario ex Lucario,lucario,2,3,0,
6a8743ba5a30714095575489,2026-09-25T17:50:00.000Z,Umbreon99's Aura Sphere #6 ($10 USD),postfreeze,1,SWISS,4,BO1,19,,187,castro37,john06300,john06300,decisive,TGA | Chronos,team-rockets-slowking-ex-b4a-meloetta-b2,Team Rocket's Slowking ex Meloetta,,2,3,0,,𝑿𝑻𝑹𝑬𝑴 | BlackZama,vespiquen-ex-b4-shuckle-ex-a4,Vespiquen ex Shuckle ex,vespiquen,3,3,0,39
6a8743ba5a30714095575489,2026-09-25T17:50:00.000Z,Umbreon99's Aura Sphere #6 ($10 USD),postfreeze,1,SWISS,4,BO1,20,,188,victorssito,lbn924,lbn924,decisive,PGX | victorssito,butterfree-b3b-mega-sceptile-ex-b3,Butterfree Mega Sceptile ex,sceptile,4,2,0,33,𝙄𝙈𝙋 | Lbn,beautifly-dustox-b4,Beautifly Dustox,,5,3,0,16
6a8743ba5a30714095575489,2026-09-25T17:50:00.000Z,Umbreon99's Aura Sphere #6 ($10 USD),postfreeze,1,SWISS,4,BO1,21,,189,preluxe,coffplays,coffplays,decisive,𝗠𝗮𝗴𝗺𝗮 Preluxe,magnezone-ex-b3-magnezone-b1a,Magnezone ex Magnezone,,3,3,0,46,Coffplays,hoopa-ex-b4-mega-absol-ex-b1,Hoopa ex Mega Absol ex,hoopa_absol,3,3,0,38
6a8743ba5a30714095575489,2026-09-25T17:50:00.000Z,Umbreon99's Aura Sphere #6 ($10 USD),postfreeze,1,SWISS,4,BO1,22,,190,tcgyami,normo360,normo360,decisive,tcgyami,butterfree-b3b-mega-sceptile-ex-b3,Butterfree Mega Sceptile ex,sceptile,3,3,0,,𝗠𝗮𝗴𝗺𝗮 StorM,mega-blaziken-ex-b1,Mega Blaziken ex,blaziken,3,2,0,
6a8743ba5a30714095575489,2026-09-25T17:50:00.000Z,Umbreon99's Aura Sphere #6 ($10 USD),postfreeze,1,SWISS,4,BO1,23,,191,popay,elmarcoo,popay,decisive,TB Popay,hoopa-ex-b4-mega-absol-ex-b1,Hoopa ex Mega Absol ex,hoopa_absol,7,3,0,4,eLMarcoO,mega-altaria-ex-b1-happiny-b4a,Mega Altaria ex Happiny,,2,3,0,
6a8743ba5a30714095575489,2026-09-25T17:50:00.000Z,Umbreon99's Aura Sphere #6 ($10 USD),postfreeze,1,SWISS,4,BO1,24,,192,warpis,iromm,iromm,decisive,MEGA SIPRAW EX,mega-sharpedo-ex-b4-gyarados-a4,Mega Sharpedo ex Gyarados,,2,3,0,,Eleven Gomes,mega-lucario-ex-b3-lucario-a2,Mega Lucario ex Lucario,lucario,5,2,1,11
6a8743ba5a30714095575489,2026-09-25T17:50:00.000Z,Umbreon99's Aura Sphere #6 ($10 USD),postfreeze,1,SWISS,4,BO1,25,,193,cloudypanda,crisspardog,cloudypanda,decisive,CloudyPanda,mega-diancie-ex-carbink-b3b,Mega Diancie ex Carbink,,8,2,0,3,TL| Nemesis,mega-sharpedo-ex-b4-chien-pao-ex-b2a,Mega Sharpedo ex Chien-Pao ex,,2,4,0,
6a8743ba5a30714095575489,2026-09-25T17:50:00.000Z,Umbreon99's Aura Sphere #6 ($10 USD),postfreeze,1,SWISS,4,BO1,26,,194,hyuga10,diegolq,diegolq,decisive,Hyuga10,mega-sceptile-ex-b3-greninja-a1,Mega Sceptile ex Greninja,,5,3,0,14,diegolq,meowscarada-ex-b2a-meowscarada-a2b,Meowscarada ex Meowscarada,,5,2,0,19
6a8743ba5a30714095575489,2026-09-25T17:50:00.000Z,Umbreon99's Aura Sphere #6 ($10 USD),postfreeze,1,SWISS,4,BO1,27,,195,dashmd,danimaton,dashmd,decisive,DashMD,mega-charizard-y-ex-b1a-entei-ex-a4a,Mega Charizard Y ex Entei ex,charizardy_entei,5,2,1,12,Danimaton,mega-charizard-y-ex-b1a-entei-ex-a4a,Mega Charizard Y ex Entei ex,charizardy_entei,2,4,0,
6a8743ba5a30714095575489,2026-09-25T17:50:00.000Z,Umbreon99's Aura Sphere #6 ($10 USD),postfreeze,1,SWISS,4,BO1,28,,196,supreme13,kovacs469,kovacs469,decisive,𝗕𝗮𝗹𝗱 Supreme,crobat-a2a-mega-sableye-ex-b3b,Crobat Mega Sableye ex,,3,3,0,45,kovacs469,butterfree-b3b-mega-sceptile-ex-b3,Butterfree Mega Sceptile ex,sceptile,3,3,0,50
6a8743ba5a30714095575489,2026-09-25T17:50:00.000Z,Umbreon99's Aura Sphere #6 ($10 USD),postfreeze,1,SWISS,4,BO1,29,,197,fzin,dietdrkelp,fzin,decisive,João Vitor,mega-manectric-ex-b2b-heliolisk-b4,Mega Manectric ex Heliolisk,manectric_heliolisk,2,3,0,,𝗠𝗢𝗡⭐️| Suede,greninja-a1-mega-absol-ex-b1,Greninja Mega Absol ex,,1,3,0,
6a8743ba5a30714095575489,2026-09-25T17:50:00.000Z,Umbreon99's Aura Sphere #6 ($10 USD),postfreeze,1,SWISS,4,BO1,30,,198,tommyhp,njjord7,tommyhp,decisive,tommyhp,mega-altaria-ex-b1-igglybuff-a4a,Mega Altaria ex Igglybuff,,2,4,0,54,FrogEX | Njord,mega-sharpedo-ex-b4-gyarados-a4,Mega Sharpedo ex Gyarados,,1,3,0,
6a8743ba5a30714095575489,2026-09-25T17:50:00.000Z,Umbreon99's Aura Sphere #6 ($10 USD),postfreeze,1,SWISS,4,BO1,31,,199,nabrix,snap_bolt,snap_bolt,decisive,Nabrix,mega-altaria-ex-b1-happiny-b4a,Mega Altaria ex Happiny,,1,3,0,,Snap_Bolt,hoopa-ex-b4-mega-absol-ex-b1,Hoopa ex Mega Absol ex,hoopa_absol,3,3,0,52
6a8743ba5a30714095575489,2026-09-25T17:50:00.000Z,Umbreon99's Aura Sphere #6 ($10 USD),postfreeze,1,SWISS,4,BO1,32,,200,turbone101,six420,turbone101,decisive,Turbone101,beautifly-dustox-b4,Beautifly Dustox,,4,3,0,32,Six420,mega-charizard-y-ex-b1a-entei-ex-a4a,Mega Charizard Y ex Entei ex,charizardy_entei,1,3,0,
6a8743ba5a30714095575489,2026-09-25T17:50:00.000Z,Umbreon99's Aura Sphere #6 ($10 USD),postfreeze,1,SWISS,4,BO1,33,,201,prototcg,razbersky202,razbersky202,decisive,ProtoTCG,hisuian-zoroark-ex-b3b-team-rockets-electrode-b4a,Hisuian Zoroark ex Team Rocket's Electrode,,1,3,0,,Razbersky202,beautifly-b1-dustox-b4,Beautifly Dustox,,3,3,0,35
6a8743ba5a30714095575489,2026-09-25T17:50:00.000Z,Umbreon99's Aura Sphere #6 ($10 USD),postfreeze,1,SWISS,4,BO1,34,,202,balancedeala,tommyjuice,tommyjuice,decisive,balancedeala,team-rockets-slowking-ex-b4a-meloetta-b2,Team Rocket's Slowking ex Meloetta,,1,5,0,59,Tommyjuice,mandibuzz-b3-greninja-a1,Mandibuzz Greninja,,2,4,0,53
6a8743ba5a30714095575489,2026-09-25T17:50:00.000Z,Umbreon99's Aura Sphere #6 ($10 USD),postfreeze,1,SWISS,4,BO1,35,,203,laquita,ynovator,laquita,decisive,Laquita,vespiquen-ex-b4-shuckle-ex-a4,Vespiquen ex Shuckle ex,vespiquen,2,3,0,,ynovator,mega-altaria-ex-b1-espeon-b3a,Mega Altaria ex Espeon,altaria,1,3,0,
6a8743ba5a30714095575489,2026-09-25T17:50:00.000Z,Umbreon99's Aura Sphere #6 ($10 USD),postfreeze,1,SWISS,4,BO1,36,,204,alana,iono_ce,iono_ce,decisive,𝗠𝗲𝗴𝗮 A̶l̶a̶n̶a̶ 𝗘𝗫,miraidon-ex-b3a-magnezone-b1a,Miraidon ex Magnezone,,1,5,0,58,Iono_Ce,mega-altaria-ex-b1-happiny-b4a,Mega Altaria ex Happiny,,2,4,0,
6a8743ba5a30714095575489,2026-09-25T17:50:00.000Z,Umbreon99's Aura Sphere #6 ($10 USD),postfreeze,1,SWISS,4,BO1,37,,205,dariuspopek,https,https,decisive,DariusPopek,buzzwole-ex-a3a-teal-mask-ogerpon-ex-b2,Buzzwole ex Teal Mask Ogerpon ex,,1,3,0,,Nobody ,hoopa-ex-b4-mega-absol-ex-b1,Hoopa ex Mega Absol ex,hoopa_absol,3,3,0,48
6a8743ba5a30714095575489,2026-09-25T17:50:00.000Z,Umbreon99's Aura Sphere #6 ($10 USD),postfreeze,1,SWISS,4,BO1,38,,206,thekyle,dens,thekyle,decisive,TheKyle,mega-altaria-ex-b1-happiny-b4a,Mega Altaria ex Happiny,,2,3,0,,Dens,team-rockets-slowking-ex-b4a-meloetta-b2,Team Rocket's Slowking ex Meloetta,,1,3,0,
6a8743ba5a30714095575489,2026-09-25T17:50:00.000Z,Umbreon99's Aura Sphere #6 ($10 USD),postfreeze,1,SWISS,4,BO1,39,,207,norrisjones,fury64140,norrisjones,decisive,Norrisjones,dragonair-b4-altaria-a4a,Dragonair Altaria,,3,3,0,49,Fury64140,mega-blastoise-ex-b1a-eiscue-b1,Mega Blastoise ex Eiscue,,1,3,0,
6a8743ba5a30714095575489,2026-09-25T17:50:00.000Z,Umbreon99's Aura Sphere #6 ($10 USD),postfreeze,1,SWISS,4,BO1,40,,208,xastur,muswa,xastur,decisive,Xastur,mega-scizor-ex-revavroom-b2b,Mega Scizor ex Revavroom,,3,3,0,51,Muswa,mega-diancie-ex-carbink-b3b,Mega Diancie ex Carbink,,1,3,0,
6a8743ba5a30714095575489,2026-09-25T17:50:00.000Z,Umbreon99's Aura Sphere #6 ($10 USD),postfreeze,1,SWISS,4,BO1,41,,209,dhforty4,xanypopper,xanypopper,decisive,dhforty4,zoroark-ex-b3-mega-sableye-ex-b3b,Zoroark ex Mega Sableye ex,,1,5,0,,²ᵀ|Xanny ,hoopa-ex-b4-mega-absol-ex-b1,Hoopa ex Mega Absol ex,hoopa_absol,4,3,0,29
6a8743ba5a30714095575489,2026-09-25T17:50:00.000Z,Umbreon99's Aura Sphere #6 ($10 USD),postfreeze,1,SWISS,4,BO1,42,,210,nakopol91,tesla20,nakopol91,decisive,Plasma | NastKon,butterfree-b3b-mega-sceptile-ex-b3,Butterfree Mega Sceptile ex,sceptile,3,3,0,,Tesla20,dedenne-ex-b3b-pichu-a4,Dedenne ex Pichu,,1,3,0,
6a8743ba5a30714095575489,2026-09-25T17:50:00.000Z,Umbreon99's Aura Sphere #6 ($10 USD),postfreeze,1,SWISS,4,BO1,43,,211,draxoz,alice_69,draxoz,decisive,DraXoZ,mega-venusaur-ex-b1a,Mega Venusaur ex,,2,4,0,55,Alice_69,mega-manectric-ex-b2b-heliolisk-b4,Mega Manectric ex Heliolisk,manectric_heliolisk,1,5,0,57
6a8743ba5a30714095575489,2026-09-25T17:50:00.000Z,Umbreon99's Aura Sphere #6 ($10 USD),postfreeze,1,SWISS,4,BO1,44,,212,sometimespurple,butterflybabe,sometimespurple,decisive,SometimesPurple,alolan-muk-mega-kangaskhan-ex-b2,Alolan Muk Mega Kangaskhan ex,,3,3,0,43,ButterflyBabe,wugtrio-ex-a2b-milotic-ex-b3b,Wugtrio ex Milotic ex,,0,6,0,62
6a8743ba5a30714095575489,2026-09-25T17:50:00.000Z,Umbreon99's Aura Sphere #6 ($10 USD),postfreeze,1,SWISS,4,BO1,45,,213,breaking2mirror,toxique12,-1,double_loss,Breaking2mirror,melmetal-ex-indeedee-ex-b1,Melmetal ex Indeedee ex,,0,6,0,65,IAM | Toxique,mega-charizard-y-ex-b1a-charizard-ex-a1,Mega Charizard Y ex Charizard ex,,0,6,0,64
6a8743ba5a30714095575489,2026-09-25T17:50:00.000Z,Umbreon99's Aura Sphere #6 ($10 USD),postfreeze,1,SWISS,4,BO1,46,,214,r0zey,estehlegitea,-1,double_loss,r0zey,mega-sharpedo-ex-b4-gyarados-a4,Mega Sharpedo ex Gyarados,,0,4,0,,KING ,team-rockets-weezing-ex-b4a-hoopa-ex-b4,Team Rocket's Weezing ex Hoopa ex,weezing,1,5,0,60
6a8743ba5a30714095575489,2026-09-25T17:50:00.000Z,Umbreon99's Aura Sphere #6 ($10 USD),postfreeze,1,SWISS,4,BO1,47,,215,surdao123,jaxxondsilva,-1,double_loss,surdao123,dedenne-ex-b3b-indeedee-ex-b1,Dedenne ex Indeedee ex,,0,6,0,61,jaxxondsilva,hoopa-ex-b4-mega-absol-ex-b1,Hoopa ex Mega Absol ex,hoopa_absol,0,6,0,63
6a8743ba5a30714095575489,2026-09-25T17:50:00.000Z,Umbreon99's Aura Sphere #6 ($10 USD),postfreeze,1,SWISS,4,BO1,48,,216,unknownxiii,ruislb,unknownxiii,decisive,Unknownxiii,dragonair-mega-rayquaza-ex-b4,Dragonair Mega Rayquaza ex,,3,3,0,47,RuiSlb,hoopa-ex-b4-mega-absol-ex-b1,Hoopa ex Mega Absol ex,hoopa_absol,0,4,0,
6a8743ba5a30714095575489,2026-09-25T17:50:00.000Z,Umbreon99's Aura Sphere #6 ($10 USD),postfreeze,1,SWISS,4,BO1,49,,217,belceboss,,belceboss,bye_or_automatic_loss,belceboss,butterfree-b3b-mega-sceptile-ex-b3,Butterfree Mega Sceptile ex,sceptile,1,5,0,56,,,,,,,,
6a8743ba5a30714095575489,2026-09-25T17:50:00.000Z,Umbreon99's Aura Sphere #6 ($10 USD),postfreeze,1,SWISS,5,BO1,1,,218,super_peace,sbug,super_peace,decisive,Super_Peace,charizard-ex-a1-mega-charizard-y-ex-b1a,Charizard ex Mega Charizard Y ex,,10,0,1,1,𝙄𝙈𝙋 | Sbug,butterfree-b3b-mega-sceptile-ex-b3,Butterfree Mega Sceptile ex,sceptile,4,3,0,26
6a8743ba5a30714095575489,2026-09-25T17:50:00.000Z,Umbreon99's Aura Sphere #6 ($10 USD),postfreeze,1,SWISS,5,BO1,2,,219,golfermt,matthewalex638,golfermt,decisive,PGX | Golfermt,hydreigon-mega-absol-ex-b1,Hydreigon Mega Absol ex,hydreigon,6,1,0,17,matthewalex638,hoopa-ex-b4-mega-absol-ex-b1,Hoopa ex Mega Absol ex,hoopa_absol,4,3,0,25
6a8743ba5a30714095575489,2026-09-25T17:50:00.000Z,Umbreon99's Aura Sphere #6 ($10 USD),postfreeze,1,SWISS,5,BO1,3,,220,shreyasplays,pierfigo,0,tie,ShreyasPlays,suicune-ex-a4a-baxcalibur-b2a,Suicune ex Baxcalibur,suicune,8,1,2,2,PierFigo,hydreigon-mega-absol-ex-b1,Hydreigon Mega Absol ex,hydreigon,6,1,2,6
6a8743ba5a30714095575489,2026-09-25T17:50:00.000Z,Umbreon99's Aura Sphere #6 ($10 USD),postfreeze,1,SWISS,5,BO1,4,,221,soap728,mrsmellybelly,soap728,decisive,soap728,team-rockets-slowking-ex-b4a-meloetta-b2,Team Rocket's Slowking ex Meloetta,,7,2,0,5,MrSmellyBelly,porygon-z-rampardos-a2,Porygon-Z Rampardos,,3,3,0,40
6a8743ba5a30714095575489,2026-09-25T17:50:00.000Z,Umbreon99's Aura Sphere #6 ($10 USD),postfreeze,1,SWISS,5,BO1,5,,222,pauk55,tbenjab,tbenjab,decisive,𝗠𝗢𝗡𝗢 . Pauk,dragonair-mega-rayquaza-ex-b4,Dragonair Mega Rayquaza ex,,5,3,0,13,TBenjaB,hoopa-ex-b4-hydreigon-b1,Hoopa ex Hydreigon,,4,2,1,21
6a8743ba5a30714095575489,2026-09-25T17:50:00.000Z,Umbreon99's Aura Sphere #6 ($10 USD),postfreeze,1,SWISS,5,BO1,6,,223,normo360,aldous,aldous,decisive,𝗠𝗮𝗴𝗺𝗮 StorM,mega-blaziken-ex-b1,Mega Blaziken ex,blaziken,3,2,0,,Aldous,mega-altaria-ex-b1-espeon-b3a,Mega Altaria ex Espeon,altaria,5,2,1,10
6a8743ba5a30714095575489,2026-09-25T17:50:00.000Z,Umbreon99's Aura Sphere #6 ($10 USD),postfreeze,1,SWISS,5,BO1,7,,224,coffplays,iromm,iromm,decisive,Coffplays,hoopa-ex-b4-mega-absol-ex-b1,Hoopa ex Mega Absol ex,hoopa_absol,3,3,0,38,Eleven Gomes,mega-lucario-ex-b3-lucario-a2,Mega Lucario ex Lucario,lucario,5,2,1,11
6a8743ba5a30714095575489,2026-09-25T17:50:00.000Z,Umbreon99's Aura Sphere #6 ($10 USD),postfreeze,1,SWISS,5,BO1,8,,225,elluquitas96,john06300,elluquitas96,decisive,elluquitas96,mega-altaria-ex-b1-espeon-b3a,Mega Altaria ex Espeon,altaria,5,2,1,9,𝑿𝑻𝑹𝑬𝑴 | BlackZama,vespiquen-ex-b4-shuckle-ex-a4,Vespiquen ex Shuckle ex,vespiquen,3,3,0,39
6a8743ba5a30714095575489,2026-09-25T17:50:00.000Z,Umbreon99's Aura Sphere #6 ($10 USD),postfreeze,1,SWISS,5,BO1,9,,226,sparadrap,griffsama,griffsama,decisive,Sparadrap,hydreigon-mega-absol-ex-b1,Hydreigon Mega Absol ex,hydreigon,6,3,0,8,sZero | GriffSama,mega-altaria-ex-b1-greninja-a1,Mega Altaria ex Greninja,,4,2,1,20
6a8743ba5a30714095575489,2026-09-25T17:50:00.000Z,Umbreon99's Aura Sphere #6 ($10 USD),postfreeze,1,SWISS,5,BO1,10,,227,popay,sekensirazu,sekensirazu,decisive,TB Popay,hoopa-ex-b4-mega-absol-ex-b1,Hoopa ex Mega Absol ex,hoopa_absol,7,3,0,4,sekensirazu,mega-lucario-ex-b3-lucario-a2,Mega Lucario ex Lucario,lucario,4,2,1,23
6a8743ba5a30714095575489,2026-09-25T17:50:00.000Z,Umbreon99's Aura Sphere #6 ($10 USD),postfreeze,1,SWISS,5,BO1,11,,228,heashkanani,goku6767,goku6767,decisive,HEAshkanani,dragonair-mega-rayquaza-ex-b4,Dragonair Mega Rayquaza ex,,3,3,0,37,goku6767,mega-charizard-y-ex-b1a-entei-ex-a4a,Mega Charizard Y ex Entei ex,charizardy_entei,4,2,1,24
6a8743ba5a30714095575489,2026-09-25T17:50:00.000Z,Umbreon99's Aura Sphere #6 ($10 USD),postfreeze,1,SWISS,5,BO1,12,,229,cloudypanda,soadmon,cloudypanda,decisive,CloudyPanda,mega-diancie-ex-carbink-b3b,Mega Diancie ex Carbink,,8,2,0,3,Soadmon,mega-altaria-ex-b1-happiny-b4a,Mega Altaria ex Happiny,,3,3,0,36
6a8743ba5a30714095575489,2026-09-25T17:50:00.000Z,Umbreon99's Aura Sphere #6 ($10 USD),postfreeze,1,SWISS,5,BO1,13,,230,lolocatchem,hakitcgp,lolocatchem,decisive,LoLoCatchEm,mega-lucario-ex-b3-lucario-a2,Mega Lucario ex Lucario,lucario,4,2,1,22,hakitcgp,mega-sceptile-ex-b3-teal-mask-ogerpon-ex-b2,Mega Sceptile ex Teal Mask Ogerpon ex,,3,3,0,
6a8743ba5a30714095575489,2026-09-25T17:50:00.000Z,Umbreon99's Aura Sphere #6 ($10 USD),postfreeze,1,SWISS,5,BO1,14,,231,lebraveultime,dashmd,dashmd,decisive,Lebraveultime,mega-altaria-ex-b1-espeon-b3a,Mega Altaria ex Espeon,altaria,4,3,0,27,DashMD,mega-charizard-y-ex-b1a-entei-ex-a4a,Mega Charizard Y ex Entei ex,charizardy_entei,5,2,1,12
6a8743ba5a30714095575489,2026-09-25T17:50:00.000Z,Umbreon99's Aura Sphere #6 ($10 USD),postfreeze,1,SWISS,5,BO1,15,,232,minato,guunnz,guunnz,decisive,minato,magnezone-b1a-miraidon-ex-b3a,Magnezone Miraidon ex,,3,3,0,41,𝗠𝗢𝗡⭐️ | guunnz,miraidon-ex-b3a-magnezone-b1a,Miraidon ex Magnezone,,5,2,0,18
6a8743ba5a30714095575489,2026-09-25T17:50:00.000Z,Umbreon99's Aura Sphere #6 ($10 USD),postfreeze,1,SWISS,5,BO1,16,,233,diegolq,hunter_316,diegolq,decisive,diegolq,meowscarada-ex-b2a-meowscarada-a2b,Meowscarada ex Meowscarada,,5,2,0,19,Hunter_316,team-rockets-raticate-ex-b4a-alolan-ninetales-ex-b2,Team Rocket's Raticate ex Alolan Ninetales ex,raticate_ninetales,3,2,0,
6a8743ba5a30714095575489,2026-09-25T17:50:00.000Z,Umbreon99's Aura Sphere #6 ($10 USD),postfreeze,1,SWISS,5,BO1,17,,234,katsuonakahara,lbn924,lbn924,decisive,sZero | Katsuo Nakahara,mega-blaziken-ex-b1,Mega Blaziken ex,blaziken,6,3,0,7,𝙄𝙈𝙋 | Lbn,beautifly-dustox-b4,Beautifly Dustox,,5,3,0,16
6a8743ba5a30714095575489,2026-09-25T17:50:00.000Z,Umbreon99's Aura Sphere #6 ($10 USD),postfreeze,1,SWISS,5,BO1,18,,235,flipand11,elmarcoo,flipand11,decisive,flipand11,mega-sharpedo-ex-b4-chien-pao-ex-b2a,Mega Sharpedo ex Chien-Pao ex,,5,3,0,15,eLMarcoO,mega-altaria-ex-b1-happiny-b4a,Mega Altaria ex Happiny,,2,3,0,
6a8743ba5a30714095575489,2026-09-25T17:50:00.000Z,Umbreon99's Aura Sphere #6 ($10 USD),postfreeze,1,SWISS,5,BO1,19,,236,castro37,joshuasutherland21,joshuasutherland21,decisive,TGA | Chronos,team-rockets-slowking-ex-b4a-meloetta-b2,Team Rocket's Slowking ex Meloetta,,2,3,0,,TDL | MoonlightshurikenVT,mega-altaria-ex-b1-greninja-a1,Mega Altaria ex Greninja,,4,3,0,28
6a8743ba5a30714095575489,2026-09-25T17:50:00.000Z,Umbreon99's Aura Sphere #6 ($10 USD),postfreeze,1,SWISS,5,BO1,20,,237,tommyhp,aluchitcg,aluchitcg,decisive,tommyhp,mega-altaria-ex-b1-igglybuff-a4a,Mega Altaria ex Igglybuff,,2,4,0,54,AluchiTCG,vespiquen-ex-b4-shuckle-ex-a4,Vespiquen ex Shuckle ex,vespiquen,3,3,0,
6a8743ba5a30714095575489,2026-09-25T17:50:00.000Z,Umbreon99's Aura Sphere #6 ($10 USD),postfreeze,1,SWISS,5,BO1,21,,238,thekyle,preluxe,preluxe,decisive,TheKyle,mega-altaria-ex-b1-happiny-b4a,Mega Altaria ex Happiny,,2,3,0,,𝗠𝗮𝗴𝗺𝗮 Preluxe,magnezone-ex-b3-magnezone-b1a,Magnezone ex Magnezone,,3,3,0,46
6a8743ba5a30714095575489,2026-09-25T17:50:00.000Z,Umbreon99's Aura Sphere #6 ($10 USD),postfreeze,1,SWISS,5,BO1,22,,239,laquita,ibfasting,ibfasting,decisive,Laquita,vespiquen-ex-b4-shuckle-ex-a4,Vespiquen ex Shuckle ex,vespiquen,2,3,0,,𝗕𝗢𝗔𝗧 | Fasting,mega-blaziken-ex-b1-greninja-a1,Mega Blaziken ex Greninja,,3,3,0,42
6a8743ba5a30714095575489,2026-09-25T17:50:00.000Z,Umbreon99's Aura Sphere #6 ($10 USD),postfreeze,1,SWISS,5,BO1,23,,240,angrypikachu,turbone101,turbone101,decisive,AngryPikachu,magnezone-ex-b3-magnezone-b1a,Magnezone ex Magnezone,,3,3,0,44,Turbone101,beautifly-dustox-b4,Beautifly Dustox,,4,3,0,32
6a8743ba5a30714095575489,2026-09-25T17:50:00.000Z,Umbreon99's Aura Sphere #6 ($10 USD),postfreeze,1,SWISS,5,BO1,24,,241,norrisjones,warpis,norrisjones,decisive,Norrisjones,dragonair-b4-altaria-a4a,Dragonair Altaria,,3,3,0,49,MEGA SIPRAW EX,mega-sharpedo-ex-b4-gyarados-a4,Mega Sharpedo ex Gyarados,,2,3,0,
6a8743ba5a30714095575489,2026-09-25T17:50:00.000Z,Umbreon99's Aura Sphere #6 ($10 USD),postfreeze,1,SWISS,5,BO1,25,,242,giaacomoo,eeveeon,giaacomoo,decisive,giaacomoo,zoroark-ex-b3-mega-absol-ex-b1,Zoroark ex Mega Absol ex,,4,2,0,34,𝗠𝗲𝗴𝗮 eeveeon 𝗘𝗫,mega-altaria-ex-b1-espeon-b3a,Mega Altaria ex Espeon,altaria,2,3,0,
6a8743ba5a30714095575489,2026-09-25T17:50:00.000Z,Umbreon99's Aura Sphere #6 ($10 USD),postfreeze,1,SWISS,5,BO1,26,,243,hyuga10,kovacs469,hyuga10,decisive,Hyuga10,mega-sceptile-ex-b3-greninja-a1,Mega Sceptile ex Greninja,,5,3,0,14,kovacs469,butterfree-b3b-mega-sceptile-ex-b3,Butterfree Mega Sceptile ex,sceptile,3,3,0,50
6a8743ba5a30714095575489,2026-09-25T17:50:00.000Z,Umbreon99's Aura Sphere #6 ($10 USD),postfreeze,1,SWISS,5,BO1,27,,244,fzin,maximumedgelord,maximumedgelord,decisive,João Vitor,mega-manectric-ex-b2b-heliolisk-b4,Mega Manectric ex Heliolisk,manectric_heliolisk,2,3,0,,MaximumEdgeLord,mega-sharpedo-ex-b4-milotic-ex-b3b,Mega Sharpedo ex Milotic ex,,4,3,0,30
6a8743ba5a30714095575489,2026-09-25T17:50:00.000Z,Umbreon99's Aura Sphere #6 ($10 USD),postfreeze,1,SWISS,5,BO1,28,,245,razbersky202,https,razbersky202,decisive,Razbersky202,beautifly-b1-dustox-b4,Beautifly Dustox,,3,3,0,35,Nobody ,hoopa-ex-b4-mega-absol-ex-b1,Hoopa ex Mega Absol ex,hoopa_absol,3,3,0,48
6a8743ba5a30714095575489,2026-09-25T17:50:00.000Z,Umbreon99's Aura Sphere #6 ($10 USD),postfreeze,1,SWISS,5,BO1,29,,246,almaforger,victorssito,victorssito,decisive,Alma Forger,mega-lucario-ex-b3-lucario-a2,Mega Lucario ex Lucario,lucario,2,3,0,,PGX | victorssito,butterfree-b3b-mega-sceptile-ex-b3,Butterfree Mega Sceptile ex,sceptile,4,2,0,33
6a8743ba5a30714095575489,2026-09-25T17:50:00.000Z,Umbreon99's Aura Sphere #6 ($10 USD),postfreeze,1,SWISS,5,BO1,30,,247,iono_ce,waittilltmrw,waittilltmrw,decisive,Iono_Ce,mega-altaria-ex-b1-happiny-b4a,Mega Altaria ex Happiny,,2,4,0,,waittilltmrw,milotic-ex-b3b-eevee-ex-a3b,Milotic ex Eevee ex,,4,3,0,31
6a8743ba5a30714095575489,2026-09-25T17:50:00.000Z,Umbreon99's Aura Sphere #6 ($10 USD),postfreeze,1,SWISS,5,BO1,31,,248,tommyjuice,snap_bolt,snap_bolt,decisive,Tommyjuice,mandibuzz-b3-greninja-a1,Mandibuzz Greninja,,2,4,0,53,Snap_Bolt,hoopa-ex-b4-mega-absol-ex-b1,Hoopa ex Mega Absol ex,hoopa_absol,3,3,0,52
6a8743ba5a30714095575489,2026-09-25T17:50:00.000Z,Umbreon99's Aura Sphere #6 ($10 USD),postfreeze,1,SWISS,5,BO1,32,,249,xastur,draxoz,xastur,decisive,Xastur,mega-scizor-ex-revavroom-b2b,Mega Scizor ex Revavroom,,3,3,0,51,DraXoZ,mega-venusaur-ex-b1a,Mega Venusaur ex,,2,4,0,55
6a8743ba5a30714095575489,2026-09-25T17:50:00.000Z,Umbreon99's Aura Sphere #6 ($10 USD),postfreeze,1,SWISS,5,BO1,33,,250,nakopol91,sleepy512pete,nakopol91,decisive,Plasma | NastKon,butterfree-b3b-mega-sceptile-ex-b3,Butterfree Mega Sceptile ex,sceptile,3,3,0,,sleepy512pete,team-rockets-raticate-ex-b4a-alolan-ninetales-ex-b2,Team Rocket's Raticate ex Alolan Ninetales ex,raticate_ninetales,2,3,0,
6a8743ba5a30714095575489,2026-09-25T17:50:00.000Z,Umbreon99's Aura Sphere #6 ($10 USD),postfreeze,1,SWISS,5,BO1,34,,251,xanypopper,crisspardog,xanypopper,decisive,²ᵀ|Xanny ,hoopa-ex-b4-mega-absol-ex-b1,Hoopa ex Mega Absol ex,hoopa_absol,4,3,0,29,TL| Nemesis,mega-sharpedo-ex-b4-chien-pao-ex-b2a,Mega Sharpedo ex Chien-Pao ex,,2,4,0,
6a8743ba5a30714095575489,2026-09-25T17:50:00.000Z,Umbreon99's Aura Sphere #6 ($10 USD),postfreeze,1,SWISS,5,BO1,35,,252,danimaton,tcgyami,tcgyami,decisive,Danimaton,mega-charizard-y-ex-b1a-entei-ex-a4a,Mega Charizard Y ex Entei ex,charizardy_entei,2,4,0,,tcgyami,butterfree-b3b-mega-sceptile-ex-b3,Butterfree Mega Sceptile ex,sceptile,3,3,0,
6a8743ba5a30714095575489,2026-09-25T17:50:00.000Z,Umbreon99's Aura Sphere #6 ($10 USD),postfreeze,1,SWISS,5,BO1,36,,253,balancedeala,alana,-1,double_loss,balancedeala,team-rockets-slowking-ex-b4a-meloetta-b2,Team Rocket's Slowking ex Meloetta,,1,5,0,59,𝗠𝗲𝗴𝗮 A̶l̶a̶n̶a̶ 𝗘𝗫,miraidon-ex-b3a-magnezone-b1a,Miraidon ex Magnezone,,1,5,0,58
6a8743ba5a30714095575489,2026-09-25T17:50:00.000Z,Umbreon99's Aura Sphere #6 ($10 USD),postfreeze,1,SWISS,5,BO1,37,,254,supreme13,alice_69,supreme13,decisive,𝗕𝗮𝗹𝗱 Supreme,crobat-a2a-mega-sableye-ex-b3b,Crobat Mega Sableye ex,,3,3,0,45,Alice_69,mega-manectric-ex-b2b-heliolisk-b4,Mega Manectric ex Heliolisk,manectric_heliolisk,1,5,0,57
6a8743ba5a30714095575489,2026-09-25T17:50:00.000Z,Umbreon99's Aura Sphere #6 ($10 USD),postfreeze,1,SWISS,5,BO1,38,,255,sometimespurple,dhforty4,sometimespurple,decisive,SometimesPurple,alolan-muk-mega-kangaskhan-ex-b2,Alolan Muk Mega Kangaskhan ex,,3,3,0,43,dhforty4,zoroark-ex-b3-mega-sableye-ex-b3b,Zoroark ex Mega Sableye ex,,1,5,0,
6a8743ba5a30714095575489,2026-09-25T17:50:00.000Z,Umbreon99's Aura Sphere #6 ($10 USD),postfreeze,1,SWISS,5,BO1,39,,256,belceboss,unknownxiii,unknownxiii,decisive,belceboss,butterfree-b3b-mega-sceptile-ex-b3,Butterfree Mega Sceptile ex,sceptile,1,5,0,56,Unknownxiii,dragonair-mega-rayquaza-ex-b4,Dragonair Mega Rayquaza ex,,3,3,0,47
6a8743ba5a30714095575489,2026-09-25T17:50:00.000Z,Umbreon99's Aura Sphere #6 ($10 USD),postfreeze,1,SWISS,5,BO1,40,,257,surdao123,estehlegitea,-1,double_loss,surdao123,dedenne-ex-b3b-indeedee-ex-b1,Dedenne ex Indeedee ex,,0,6,0,61,KING ,team-rockets-weezing-ex-b4a-hoopa-ex-b4,Team Rocket's Weezing ex Hoopa ex,weezing,1,5,0,60
6a8743ba5a30714095575489,2026-09-25T17:50:00.000Z,Umbreon99's Aura Sphere #6 ($10 USD),postfreeze,1,SWISS,5,BO1,41,,258,toxique12,butterflybabe,-1,double_loss,IAM | Toxique,mega-charizard-y-ex-b1a-charizard-ex-a1,Mega Charizard Y ex Charizard ex,,0,6,0,64,ButterflyBabe,wugtrio-ex-a2b-milotic-ex-b3b,Wugtrio ex Milotic ex,,0,6,0,62
6a8743ba5a30714095575489,2026-09-25T17:50:00.000Z,Umbreon99's Aura Sphere #6 ($10 USD),postfreeze,1,SWISS,5,BO1,42,,259,jaxxondsilva,breaking2mirror,-1,double_loss,jaxxondsilva,hoopa-ex-b4-mega-absol-ex-b1,Hoopa ex Mega Absol ex,hoopa_absol,0,6,0,63,Breaking2mirror,melmetal-ex-indeedee-ex-b1,Melmetal ex Indeedee ex,,0,6,0,65
6a8743ba5a30714095575489,2026-09-25T17:50:00.000Z,Umbreon99's Aura Sphere #6 ($10 USD),postfreeze,1,SWISS,6,BO1,1,,260,golfermt,soap728,golfermt,decisive,PGX | Golfermt,hydreigon-mega-absol-ex-b1,Hydreigon Mega Absol ex,hydreigon,6,1,0,17,soap728,team-rockets-slowking-ex-b4a-meloetta-b2,Team Rocket's Slowking ex Meloetta,,7,2,0,5
6a8743ba5a30714095575489,2026-09-25T17:50:00.000Z,Umbreon99's Aura Sphere #6 ($10 USD),postfreeze,1,SWISS,6,BO1,2,,261,super_peace,pierfigo,0,tie,Super_Peace,charizard-ex-a1-mega-charizard-y-ex-b1a,Charizard ex Mega Charizard Y ex,,10,0,1,1,PierFigo,hydreigon-mega-absol-ex-b1,Hydreigon Mega Absol ex,hydreigon,6,1,2,6
6a8743ba5a30714095575489,2026-09-25T17:50:00.000Z,Umbreon99's Aura Sphere #6 ($10 USD),postfreeze,1,SWISS,6,BO1,3,,262,shreyasplays,goku6767,0,tie,ShreyasPlays,suicune-ex-a4a-baxcalibur-b2a,Suicune ex Baxcalibur,suicune,8,1,2,2,goku6767,mega-charizard-y-ex-b1a-entei-ex-a4a,Mega Charizard Y ex Entei ex,charizardy_entei,4,2,1,24
6a8743ba5a30714095575489,2026-09-25T17:50:00.000Z,Umbreon99's Aura Sphere #6 ($10 USD),postfreeze,1,SWISS,6,BO1,4,,263,cloudypanda,lbn924,cloudypanda,decisive,CloudyPanda,mega-diancie-ex-carbink-b3b,Mega Diancie ex Carbink,,8,2,0,3,𝙄𝙈𝙋 | Lbn,beautifly-dustox-b4,Beautifly Dustox,,5,3,0,16
6a8743ba5a30714095575489,2026-09-25T17:50:00.000Z,Umbreon99's Aura Sphere #6 ($10 USD),postfreeze,1,SWISS,6,BO1,5,,264,lolocatchem,dashmd,0,tie,LoLoCatchEm,mega-lucario-ex-b3-lucario-a2,Mega Lucario ex Lucario,lucario,4,2,1,22,DashMD,mega-charizard-y-ex-b1a-entei-ex-a4a,Mega Charizard Y ex Entei ex,charizardy_entei,5,2,1,12
6a8743ba5a30714095575489,2026-09-25T17:50:00.000Z,Umbreon99's Aura Sphere #6 ($10 USD),postfreeze,1,SWISS,6,BO1,6,,265,elluquitas96,tbenjab,0,tie,elluquitas96,mega-altaria-ex-b1-espeon-b3a,Mega Altaria ex Espeon,altaria,5,2,1,9,TBenjaB,hoopa-ex-b4-hydreigon-b1,Hoopa ex Hydreigon,,4,2,1,21
6a8743ba5a30714095575489,2026-09-25T17:50:00.000Z,Umbreon99's Aura Sphere #6 ($10 USD),postfreeze,1,SWISS,6,BO1,7,,266,sekensirazu,iromm,0,tie,sekensirazu,mega-lucario-ex-b3-lucario-a2,Mega Lucario ex Lucario,lucario,4,2,1,23,Eleven Gomes,mega-lucario-ex-b3-lucario-a2,Mega Lucario ex Lucario,lucario,5,2,1,11
6a8743ba5a30714095575489,2026-09-25T17:50:00.000Z,Umbreon99's Aura Sphere #6 ($10 USD),postfreeze,1,SWISS,6,BO1,8,,267,sbug,diegolq,diegolq,decisive,𝙄𝙈𝙋 | Sbug,butterfree-b3b-mega-sceptile-ex-b3,Butterfree Mega Sceptile ex,sceptile,4,3,0,26,diegolq,meowscarada-ex-b2a-meowscarada-a2b,Meowscarada ex Meowscarada,,5,2,0,19
6a8743ba5a30714095575489,2026-09-25T17:50:00.000Z,Umbreon99's Aura Sphere #6 ($10 USD),postfreeze,1,SWISS,6,BO1,9,,268,aldous,griffsama,0,tie,Aldous,mega-altaria-ex-b1-espeon-b3a,Mega Altaria ex Espeon,altaria,5,2,1,10,sZero | GriffSama,mega-altaria-ex-b1-greninja-a1,Mega Altaria ex Greninja,,4,2,1,20
6a8743ba5a30714095575489,2026-09-25T17:50:00.000Z,Umbreon99's Aura Sphere #6 ($10 USD),postfreeze,1,SWISS,6,BO1,10,,269,guunnz,matthewalex638,guunnz,decisive,𝗠𝗢𝗡⭐️ | guunnz,miraidon-ex-b3a-magnezone-b1a,Miraidon ex Magnezone,,5,2,0,18,matthewalex638,hoopa-ex-b4-mega-absol-ex-b1,Hoopa ex Mega Absol ex,hoopa_absol,4,3,0,25
6a8743ba5a30714095575489,2026-09-25T17:50:00.000Z,Umbreon99's Aura Sphere #6 ($10 USD),postfreeze,1,SWISS,6,BO1,11,,270,minato,hyuga10,hyuga10,decisive,minato,magnezone-b1a-miraidon-ex-b3a,Magnezone Miraidon ex,,3,3,0,41,Hyuga10,mega-sceptile-ex-b3-greninja-a1,Mega Sceptile ex Greninja,,5,3,0,14
6a8743ba5a30714095575489,2026-09-25T17:50:00.000Z,Umbreon99's Aura Sphere #6 ($10 USD),postfreeze,1,SWISS,6,BO1,12,,271,waittilltmrw,snap_bolt,waittilltmrw,decisive,waittilltmrw,milotic-ex-b3b-eevee-ex-a3b,Milotic ex Eevee ex,,4,3,0,31,Snap_Bolt,hoopa-ex-b4-mega-absol-ex-b1,Hoopa ex Mega Absol ex,hoopa_absol,3,3,0,52
6a8743ba5a30714095575489,2026-09-25T17:50:00.000Z,Umbreon99's Aura Sphere #6 ($10 USD),postfreeze,1,SWISS,6,BO1,13,,272,sparadrap,xastur,sparadrap,decisive,Sparadrap,hydreigon-mega-absol-ex-b1,Hydreigon Mega Absol ex,hydreigon,6,3,0,8,Xastur,mega-scizor-ex-revavroom-b2b,Mega Scizor ex Revavroom,,3,3,0,51
6a8743ba5a30714095575489,2026-09-25T17:50:00.000Z,Umbreon99's Aura Sphere #6 ($10 USD),postfreeze,1,SWISS,6,BO1,14,,273,hakitcgp,flipand11,flipand11,decisive,hakitcgp,mega-sceptile-ex-b3-teal-mask-ogerpon-ex-b2,Mega Sceptile ex Teal Mask Ogerpon ex,,3,3,0,,flipand11,mega-sharpedo-ex-b4-chien-pao-ex-b2a,Mega Sharpedo ex Chien-Pao ex,,5,3,0,15
6a8743ba5a30714095575489,2026-09-25T17:50:00.000Z,Umbreon99's Aura Sphere #6 ($10 USD),postfreeze,1,SWISS,6,BO1,15,,274,xanypopper,coffplays,xanypopper,decisive,²ᵀ|Xanny ,hoopa-ex-b4-mega-absol-ex-b1,Hoopa ex Mega Absol ex,hoopa_absol,4,3,0,29,Coffplays,hoopa-ex-b4-mega-absol-ex-b1,Hoopa ex Mega Absol ex,hoopa_absol,3,3,0,38
6a8743ba5a30714095575489,2026-09-25T17:50:00.000Z,Umbreon99's Aura Sphere #6 ($10 USD),postfreeze,1,SWISS,6,BO1,16,,275,joshuasutherland21,preluxe,joshuasutherland21,decisive,TDL | MoonlightshurikenVT,mega-altaria-ex-b1-greninja-a1,Mega Altaria ex Greninja,,4,3,0,28,𝗠𝗮𝗴𝗺𝗮 Preluxe,magnezone-ex-b3-magnezone-b1a,Magnezone ex Magnezone,,3,3,0,46
6a8743ba5a30714095575489,2026-09-25T17:50:00.000Z,Umbreon99's Aura Sphere #6 ($10 USD),postfreeze,1,SWISS,6,BO1,17,,276,victorssito,soadmon,victorssito,decisive,PGX | victorssito,butterfree-b3b-mega-sceptile-ex-b3,Butterfree Mega Sceptile ex,sceptile,4,2,0,33,Soadmon,mega-altaria-ex-b1-happiny-b4a,Mega Altaria ex Happiny,,3,3,0,36
6a8743ba5a30714095575489,2026-09-25T17:50:00.000Z,Umbreon99's Aura Sphere #6 ($10 USD),postfreeze,1,SWISS,6,BO1,18,,277,razbersky202,katsuonakahara,katsuonakahara,decisive,Razbersky202,beautifly-b1-dustox-b4,Beautifly Dustox,,3,3,0,35,sZero | Katsuo Nakahara,mega-blaziken-ex-b1,Mega Blaziken ex,blaziken,6,3,0,7
6a8743ba5a30714095575489,2026-09-25T17:50:00.000Z,Umbreon99's Aura Sphere #6 ($10 USD),postfreeze,1,SWISS,6,BO1,19,,278,john06300,mrsmellybelly,-1,double_loss,𝑿𝑻𝑹𝑬𝑴 | BlackZama,vespiquen-ex-b4-shuckle-ex-a4,Vespiquen ex Shuckle ex,vespiquen,3,3,0,39,MrSmellyBelly,porygon-z-rampardos-a2,Porygon-Z Rampardos,,3,3,0,40
6a8743ba5a30714095575489,2026-09-25T17:50:00.000Z,Umbreon99's Aura Sphere #6 ($10 USD),postfreeze,1,SWISS,6,BO1,20,,279,ibfasting,pauk55,pauk55,decisive,𝗕𝗢𝗔𝗧 | Fasting,mega-blaziken-ex-b1-greninja-a1,Mega Blaziken ex Greninja,,3,3,0,42,𝗠𝗢𝗡𝗢 . Pauk,dragonair-mega-rayquaza-ex-b4,Dragonair Mega Rayquaza ex,,5,3,0,13
6a8743ba5a30714095575489,2026-09-25T17:50:00.000Z,Umbreon99's Aura Sphere #6 ($10 USD),postfreeze,1,SWISS,6,BO1,21,,280,nakopol91,giaacomoo,giaacomoo,decisive,Plasma | NastKon,butterfree-b3b-mega-sceptile-ex-b3,Butterfree Mega Sceptile ex,sceptile,3,3,0,,giaacomoo,zoroark-ex-b3-mega-absol-ex-b1,Zoroark ex Mega Absol ex,,4,2,0,34
6a8743ba5a30714095575489,2026-09-25T17:50:00.000Z,Umbreon99's Aura Sphere #6 ($10 USD),postfreeze,1,SWISS,6,BO1,22,,281,aluchitcg,lebraveultime,lebraveultime,decisive,AluchiTCG,vespiquen-ex-b4-shuckle-ex-a4,Vespiquen ex Shuckle ex,vespiquen,3,3,0,,Lebraveultime,mega-altaria-ex-b1-espeon-b3a,Mega Altaria ex Espeon,altaria,4,3,0,27
6a8743ba5a30714095575489,2026-09-25T17:50:00.000Z,Umbreon99's Aura Sphere #6 ($10 USD),postfreeze,1,SWISS,6,BO1,23,,282,norrisjones,popay,popay,decisive,Norrisjones,dragonair-b4-altaria-a4a,Dragonair Altaria,,3,3,0,49,TB Popay,hoopa-ex-b4-mega-absol-ex-b1,Hoopa ex Mega Absol ex,hoopa_absol,7,3,0,4
6a8743ba5a30714095575489,2026-09-25T17:50:00.000Z,Umbreon99's Aura Sphere #6 ($10 USD),postfreeze,1,SWISS,6,BO1,24,,283,heashkanani,maximumedgelord,maximumedgelord,decisive,HEAshkanani,dragonair-mega-rayquaza-ex-b4,Dragonair Mega Rayquaza ex,,3,3,0,37,MaximumEdgeLord,mega-sharpedo-ex-b4-milotic-ex-b3b,Mega Sharpedo ex Milotic ex,,4,3,0,30
6a8743ba5a30714095575489,2026-09-25T17:50:00.000Z,Umbreon99's Aura Sphere #6 ($10 USD),postfreeze,1,SWISS,6,BO1,25,,284,turbone101,tcgyami,turbone101,decisive,Turbone101,beautifly-dustox-b4,Beautifly Dustox,,4,3,0,32,tcgyami,butterfree-b3b-mega-sceptile-ex-b3,Butterfree Mega Sceptile ex,sceptile,3,3,0,
6a8743ba5a30714095575489,2026-09-25T17:50:00.000Z,Umbreon99's Aura Sphere #6 ($10 USD),postfreeze,1,SWISS,6,BO1,26,,285,tommyjuice,https,https,decisive,Tommyjuice,mandibuzz-b3-greninja-a1,Mandibuzz Greninja,,2,4,0,53,Nobody ,hoopa-ex-b4-mega-absol-ex-b1,Hoopa ex Mega Absol ex,hoopa_absol,3,3,0,48
6a8743ba5a30714095575489,2026-09-25T17:50:00.000Z,Umbreon99's Aura Sphere #6 ($10 USD),postfreeze,1,SWISS,6,BO1,27,,286,draxoz,unknownxiii,unknownxiii,decisive,DraXoZ,mega-venusaur-ex-b1a,Mega Venusaur ex,,2,4,0,55,Unknownxiii,dragonair-mega-rayquaza-ex-b4,Dragonair Mega Rayquaza ex,,3,3,0,47
6a8743ba5a30714095575489,2026-09-25T17:50:00.000Z,Umbreon99's Aura Sphere #6 ($10 USD),postfreeze,1,SWISS,6,BO1,28,,287,kovacs469,iono_ce,kovacs469,decisive,kovacs469,butterfree-b3b-mega-sceptile-ex-b3,Butterfree Mega Sceptile ex,sceptile,3,3,0,50,Iono_Ce,mega-altaria-ex-b1-happiny-b4a,Mega Altaria ex Happiny,,2,4,0,
6a8743ba5a30714095575489,2026-09-25T17:50:00.000Z,Umbreon99's Aura Sphere #6 ($10 USD),postfreeze,1,SWISS,6,BO1,29,,288,angrypikachu,danimaton,angrypikachu,decisive,AngryPikachu,magnezone-ex-b3-magnezone-b1a,Magnezone ex Magnezone,,3,3,0,44,Danimaton,mega-charizard-y-ex-b1a-entei-ex-a4a,Mega Charizard Y ex Entei ex,charizardy_entei,2,4,0,
6a8743ba5a30714095575489,2026-09-25T17:50:00.000Z,Umbreon99's Aura Sphere #6 ($10 USD),postfreeze,1,SWISS,6,BO1,30,,289,crisspardog,sometimespurple,sometimespurple,decisive,TL| Nemesis,mega-sharpedo-ex-b4-chien-pao-ex-b2a,Mega Sharpedo ex Chien-Pao ex,,2,4,0,,SometimesPurple,alolan-muk-mega-kangaskhan-ex-b2,Alolan Muk Mega Kangaskhan ex,,3,3,0,43
6a8743ba5a30714095575489,2026-09-25T17:50:00.000Z,Umbreon99's Aura Sphere #6 ($10 USD),postfreeze,1,SWISS,6,BO1,31,,290,tommyhp,supreme13,supreme13,decisive,tommyhp,mega-altaria-ex-b1-igglybuff-a4a,Mega Altaria ex Igglybuff,,2,4,0,54,𝗕𝗮𝗹𝗱 Supreme,crobat-a2a-mega-sableye-ex-b3b,Crobat Mega Sableye ex,,3,3,0,45
6a8743ba5a30714095575489,2026-09-25T17:50:00.000Z,Umbreon99's Aura Sphere #6 ($10 USD),postfreeze,1,SWISS,6,BO1,32,,291,balancedeala,dhforty4,-1,double_loss,balancedeala,team-rockets-slowking-ex-b4a-meloetta-b2,Team Rocket's Slowking ex Meloetta,,1,5,0,59,dhforty4,zoroark-ex-b3-mega-sableye-ex-b3b,Zoroark ex Mega Sableye ex,,1,5,0,
6a8743ba5a30714095575489,2026-09-25T17:50:00.000Z,Umbreon99's Aura Sphere #6 ($10 USD),postfreeze,1,SWISS,6,BO1,33,,292,belceboss,alice_69,-1,double_loss,belceboss,butterfree-b3b-mega-sceptile-ex-b3,Butterfree Mega Sceptile ex,sceptile,1,5,0,56,Alice_69,mega-manectric-ex-b2b-heliolisk-b4,Mega Manectric ex Heliolisk,manectric_heliolisk,1,5,0,57
6a8743ba5a30714095575489,2026-09-25T17:50:00.000Z,Umbreon99's Aura Sphere #6 ($10 USD),postfreeze,1,SWISS,6,BO1,34,,293,alana,jaxxondsilva,-1,double_loss,𝗠𝗲𝗴𝗮 A̶l̶a̶n̶a̶ 𝗘𝗫,miraidon-ex-b3a-magnezone-b1a,Miraidon ex Magnezone,,1,5,0,58,jaxxondsilva,hoopa-ex-b4-mega-absol-ex-b1,Hoopa ex Mega Absol ex,hoopa_absol,0,6,0,63
6a8743ba5a30714095575489,2026-09-25T17:50:00.000Z,Umbreon99's Aura Sphere #6 ($10 USD),postfreeze,1,SWISS,6,BO1,35,,294,butterflybabe,breaking2mirror,-1,double_loss,ButterflyBabe,wugtrio-ex-a2b-milotic-ex-b3b,Wugtrio ex Milotic ex,,0,6,0,62,Breaking2mirror,melmetal-ex-indeedee-ex-b1,Melmetal ex Indeedee ex,,0,6,0,65
6a8743ba5a30714095575489,2026-09-25T17:50:00.000Z,Umbreon99's Aura Sphere #6 ($10 USD),postfreeze,1,SWISS,6,BO1,36,,295,surdao123,toxique12,-1,double_loss,surdao123,dedenne-ex-b3b-indeedee-ex-b1,Dedenne ex Indeedee ex,,0,6,0,61,IAM | Toxique,mega-charizard-y-ex-b1a-charizard-ex-a1,Mega Charizard Y ex Charizard ex,,0,6,0,64
6a8743ba5a30714095575489,2026-09-25T17:50:00.000Z,Umbreon99's Aura Sphere #6 ($10 USD),postfreeze,1,SWISS,6,BO1,37,,296,estehlegitea,,estehlegitea,bye_or_automatic_loss,KING ,team-rockets-weezing-ex-b4a-hoopa-ex-b4,Team Rocket's Weezing ex Hoopa ex,weezing,1,5,0,60,,,,,,,,
6a8743ba5a30714095575489,2026-09-25T17:50:00.000Z,Umbreon99's Aura Sphere #6 ($10 USD),postfreeze,2,SINGLE_BRACKET,7,BO3,,T8-4,297,cloudypanda,katsuonakahara,cloudypanda,decisive,CloudyPanda,mega-diancie-ex-carbink-b3b,Mega Diancie ex Carbink,,8,2,0,3,sZero | Katsuo Nakahara,mega-blaziken-ex-b1,Mega Blaziken ex,blaziken,6,3,0,7
6a8743ba5a30714095575489,2026-09-25T17:50:00.000Z,Umbreon99's Aura Sphere #6 ($10 USD),postfreeze,2,SINGLE_BRACKET,7,BO3,,T16-7,298,cloudypanda,aldous,cloudypanda,decisive,CloudyPanda,mega-diancie-ex-carbink-b3b,Mega Diancie ex Carbink,,8,2,0,3,Aldous,mega-altaria-ex-b1-espeon-b3a,Mega Altaria ex Espeon,altaria,5,2,1,10
6a8743ba5a30714095575489,2026-09-25T17:50:00.000Z,Umbreon99's Aura Sphere #6 ($10 USD),postfreeze,2,SINGLE_BRACKET,7,BO3,,T32-13,299,cloudypanda,waittilltmrw,cloudypanda,decisive,CloudyPanda,mega-diancie-ex-carbink-b3b,Mega Diancie ex Carbink,,8,2,0,3,waittilltmrw,milotic-ex-b3b-eevee-ex-a3b,Milotic ex Eevee ex,,4,3,0,31
6a8743ba5a30714095575489,2026-09-25T17:50:00.000Z,Umbreon99's Aura Sphere #6 ($10 USD),postfreeze,2,SINGLE_BRACKET,7,BO3,,T32-7,300,guunnz,popay,popay,decisive,𝗠𝗢𝗡⭐️ | guunnz,miraidon-ex-b3a-magnezone-b1a,Miraidon ex Magnezone,,5,2,0,18,TB Popay,hoopa-ex-b4-mega-absol-ex-b1,Hoopa ex Mega Absol ex,hoopa_absol,7,3,0,4
6a8743ba5a30714095575489,2026-09-25T17:50:00.000Z,Umbreon99's Aura Sphere #6 ($10 USD),postfreeze,2,SINGLE_BRACKET,7,BO3,,T32-14,301,aldous,sbug,aldous,decisive,Aldous,mega-altaria-ex-b1-espeon-b3a,Mega Altaria ex Espeon,altaria,5,2,1,10,𝙄𝙈𝙋 | Sbug,butterfree-b3b-mega-sceptile-ex-b3,Butterfree Mega Sceptile ex,sceptile,4,3,0,26
6a8743ba5a30714095575489,2026-09-25T17:50:00.000Z,Umbreon99's Aura Sphere #6 ($10 USD),postfreeze,2,SINGLE_BRACKET,7,BO3,,T8-2,302,soap728,popay,popay,decisive,soap728,team-rockets-slowking-ex-b4a-meloetta-b2,Team Rocket's Slowking ex Meloetta,,7,2,0,5,TB Popay,hoopa-ex-b4-mega-absol-ex-b1,Hoopa ex Mega Absol ex,hoopa_absol,7,3,0,4
6a8743ba5a30714095575489,2026-09-25T17:50:00.000Z,Umbreon99's Aura Sphere #6 ($10 USD),postfreeze,2,SINGLE_BRACKET,7,BO3,,T32-11,303,pierfigo,xanypopper,pierfigo,decisive,PierFigo,hydreigon-mega-absol-ex-b1,Hydreigon Mega Absol ex,hydreigon,6,1,2,6,²ᵀ|Xanny ,hoopa-ex-b4-mega-absol-ex-b1,Hoopa ex Mega Absol ex,hoopa_absol,4,3,0,29
6a8743ba5a30714095575489,2026-09-25T17:50:00.000Z,Umbreon99's Aura Sphere #6 ($10 USD),postfreeze,2,SINGLE_BRACKET,7,BO3,,T16-4,304,popay,pauk55,popay,decisive,TB Popay,hoopa-ex-b4-mega-absol-ex-b1,Hoopa ex Mega Absol ex,hoopa_absol,7,3,0,4,𝗠𝗢𝗡𝗢 . Pauk,dragonair-mega-rayquaza-ex-b4,Dragonair Mega Rayquaza ex,,5,3,0,13
6a8743ba5a30714095575489,2026-09-25T17:50:00.000Z,Umbreon99's Aura Sphere #6 ($10 USD),postfreeze,2,SINGLE_BRACKET,7,BO3,,T32-16,305,lolocatchem,hyuga10,hyuga10,decisive,LoLoCatchEm,mega-lucario-ex-b3-lucario-a2,Mega Lucario ex Lucario,lucario,4,2,1,22,Hyuga10,mega-sceptile-ex-b3-greninja-a1,Mega Sceptile ex Greninja,,5,3,0,14
6a8743ba5a30714095575489,2026-09-25T17:50:00.000Z,Umbreon99's Aura Sphere #6 ($10 USD),postfreeze,2,SINGLE_BRACKET,7,BO3,,T32-8,306,sekensirazu,pauk55,pauk55,decisive,sekensirazu,mega-lucario-ex-b3-lucario-a2,Mega Lucario ex Lucario,lucario,4,2,1,23,𝗠𝗢𝗡𝗢 . Pauk,dragonair-mega-rayquaza-ex-b4,Dragonair Mega Rayquaza ex,,5,3,0,13
6a8743ba5a30714095575489,2026-09-25T17:50:00.000Z,Umbreon99's Aura Sphere #6 ($10 USD),postfreeze,2,SINGLE_BRACKET,7,BO3,,T16-8,307,katsuonakahara,hyuga10,katsuonakahara,decisive,sZero | Katsuo Nakahara,mega-blaziken-ex-b1,Mega Blaziken ex,blaziken,6,3,0,7,Hyuga10,mega-sceptile-ex-b3-greninja-a1,Mega Sceptile ex Greninja,,5,3,0,14
6a8743ba5a30714095575489,2026-09-25T17:50:00.000Z,Umbreon99's Aura Sphere #6 ($10 USD),postfreeze,2,SINGLE_BRACKET,7,BO3,,T32-3,308,shreyasplays,joshuasutherland21,shreyasplays,decisive,ShreyasPlays,suicune-ex-a4a-baxcalibur-b2a,Suicune ex Baxcalibur,suicune,8,1,2,2,TDL | MoonlightshurikenVT,mega-altaria-ex-b1-greninja-a1,Mega Altaria ex Greninja,,4,3,0,28
6a8743ba5a30714095575489,2026-09-25T17:50:00.000Z,Umbreon99's Aura Sphere #6 ($10 USD),postfreeze,2,SINGLE_BRACKET,7,BO3,,T16-2,309,shreyasplays,lbn924,shreyasplays,decisive,ShreyasPlays,suicune-ex-a4a-baxcalibur-b2a,Suicune ex Baxcalibur,suicune,8,1,2,2,𝙄𝙈𝙋 | Lbn,beautifly-dustox-b4,Beautifly Dustox,,5,3,0,16
6a8743ba5a30714095575489,2026-09-25T17:50:00.000Z,Umbreon99's Aura Sphere #6 ($10 USD),postfreeze,2,SINGLE_BRACKET,7,BO3,,T4-1,310,shreyasplays,popay,shreyasplays,decisive,ShreyasPlays,suicune-ex-a4a-baxcalibur-b2a,Suicune ex Baxcalibur,suicune,8,1,2,2,TB Popay,hoopa-ex-b4-mega-absol-ex-b1,Hoopa ex Mega Absol ex,hoopa_absol,7,3,0,4
6a8743ba5a30714095575489,2026-09-25T17:50:00.000Z,Umbreon99's Aura Sphere #6 ($10 USD),postfreeze,2,SINGLE_BRACKET,7,BO3,,T2-1,311,shreyasplays,super_peace,super_peace,decisive,ShreyasPlays,suicune-ex-a4a-baxcalibur-b2a,Suicune ex Baxcalibur,suicune,8,1,2,2,Super_Peace,charizard-ex-a1-mega-charizard-y-ex-b1a,Charizard ex Mega Charizard Y ex,,10,0,1,1
6a8743ba5a30714095575489,2026-09-25T17:50:00.000Z,Umbreon99's Aura Sphere #6 ($10 USD),postfreeze,2,SINGLE_BRACKET,7,BO3,,T32-10,312,iromm,matthewalex638,iromm,decisive,Eleven Gomes,mega-lucario-ex-b3-lucario-a2,Mega Lucario ex Lucario,lucario,5,2,1,11,matthewalex638,hoopa-ex-b4-mega-absol-ex-b1,Hoopa ex Mega Absol ex,hoopa_absol,4,3,0,25
6a8743ba5a30714095575489,2026-09-25T17:50:00.000Z,Umbreon99's Aura Sphere #6 ($10 USD),postfreeze,2,SINGLE_BRACKET,7,BO3,,T32-5,313,soap728,maximumedgelord,soap728,decisive,soap728,team-rockets-slowking-ex-b4a-meloetta-b2,Team Rocket's Slowking ex Meloetta,,7,2,0,5,MaximumEdgeLord,mega-sharpedo-ex-b4-milotic-ex-b3b,Mega Sharpedo ex Milotic ex,,4,3,0,30
6a8743ba5a30714095575489,2026-09-25T17:50:00.000Z,Umbreon99's Aura Sphere #6 ($10 USD),postfreeze,2,SINGLE_BRACKET,7,BO3,,T16-3,314,soap728,elluquitas96,soap728,decisive,soap728,team-rockets-slowking-ex-b4a-meloetta-b2,Team Rocket's Slowking ex Meloetta,,7,2,0,5,elluquitas96,mega-altaria-ex-b1-espeon-b3a,Mega Altaria ex Espeon,altaria,5,2,1,9
6a8743ba5a30714095575489,2026-09-25T17:50:00.000Z,Umbreon99's Aura Sphere #6 ($10 USD),postfreeze,2,SINGLE_BRACKET,7,BO3,,T32-15,315,diegolq,katsuonakahara,katsuonakahara,decisive,diegolq,meowscarada-ex-b2a-meowscarada-a2b,Meowscarada ex Meowscarada,,5,2,0,19,sZero | Katsuo Nakahara,mega-blaziken-ex-b1,Mega Blaziken ex,blaziken,6,3,0,7
6a8743ba5a30714095575489,2026-09-25T17:50:00.000Z,Umbreon99's Aura Sphere #6 ($10 USD),postfreeze,2,SINGLE_BRACKET,7,BO3,,T16-1,316,sparadrap,dashmd,sparadrap,decisive,Sparadrap,hydreigon-mega-absol-ex-b1,Hydreigon Mega Absol ex,hydreigon,6,3,0,8,DashMD,mega-charizard-y-ex-b1a-entei-ex-a4a,Mega Charizard Y ex Entei ex,charizardy_entei,5,2,1,12
6a8743ba5a30714095575489,2026-09-25T17:50:00.000Z,Umbreon99's Aura Sphere #6 ($10 USD),postfreeze,2,SINGLE_BRACKET,7,BO3,,T8-1,317,sparadrap,shreyasplays,shreyasplays,decisive,Sparadrap,hydreigon-mega-absol-ex-b1,Hydreigon Mega Absol ex,hydreigon,6,3,0,8,ShreyasPlays,suicune-ex-a4a-baxcalibur-b2a,Suicune ex Baxcalibur,suicune,8,1,2,2
6a8743ba5a30714095575489,2026-09-25T17:50:00.000Z,Umbreon99's Aura Sphere #6 ($10 USD),postfreeze,2,SINGLE_BRACKET,7,BO3,,T32-9,318,super_peace,turbone101,super_peace,decisive,Super_Peace,charizard-ex-a1-mega-charizard-y-ex-b1a,Charizard ex Mega Charizard Y ex,,10,0,1,1,Turbone101,beautifly-dustox-b4,Beautifly Dustox,,4,3,0,32
6a8743ba5a30714095575489,2026-09-25T17:50:00.000Z,Umbreon99's Aura Sphere #6 ($10 USD),postfreeze,2,SINGLE_BRACKET,7,BO3,,T16-5,319,super_peace,iromm,super_peace,decisive,Super_Peace,charizard-ex-a1-mega-charizard-y-ex-b1a,Charizard ex Mega Charizard Y ex,,10,0,1,1,Eleven Gomes,mega-lucario-ex-b3-lucario-a2,Mega Lucario ex Lucario,lucario,5,2,1,11
6a8743ba5a30714095575489,2026-09-25T17:50:00.000Z,Umbreon99's Aura Sphere #6 ($10 USD),postfreeze,2,SINGLE_BRACKET,7,BO3,,T8-3,320,super_peace,pierfigo,super_peace,decisive,Super_Peace,charizard-ex-a1-mega-charizard-y-ex-b1a,Charizard ex Mega Charizard Y ex,,10,0,1,1,PierFigo,hydreigon-mega-absol-ex-b1,Hydreigon Mega Absol ex,hydreigon,6,1,2,6
6a8743ba5a30714095575489,2026-09-25T17:50:00.000Z,Umbreon99's Aura Sphere #6 ($10 USD),postfreeze,2,SINGLE_BRACKET,7,BO3,,T4-2,321,super_peace,cloudypanda,super_peace,decisive,Super_Peace,charizard-ex-a1-mega-charizard-y-ex-b1a,Charizard ex Mega Charizard Y ex,,10,0,1,1,CloudyPanda,mega-diancie-ex-carbink-b3b,Mega Diancie ex Carbink,,8,2,0,3
6a8743ba5a30714095575489,2026-09-25T17:50:00.000Z,Umbreon99's Aura Sphere #6 ($10 USD),postfreeze,2,SINGLE_BRACKET,7,BO3,,T16-6,322,pierfigo,flipand11,pierfigo,decisive,PierFigo,hydreigon-mega-absol-ex-b1,Hydreigon Mega Absol ex,hydreigon,6,1,2,6,flipand11,mega-sharpedo-ex-b4-chien-pao-ex-b2a,Mega Sharpedo ex Chien-Pao ex,,5,3,0,15
6a8743ba5a30714095575489,2026-09-25T17:50:00.000Z,Umbreon99's Aura Sphere #6 ($10 USD),postfreeze,2,SINGLE_BRACKET,7,BO3,,T32-4,323,griffsama,lbn924,lbn924,decisive,sZero | GriffSama,mega-altaria-ex-b1-greninja-a1,Mega Altaria ex Greninja,,4,2,1,20,𝙄𝙈𝙋 | Lbn,beautifly-dustox-b4,Beautifly Dustox,,5,3,0,16
6a8743ba5a30714095575489,2026-09-25T17:50:00.000Z,Umbreon99's Aura Sphere #6 ($10 USD),postfreeze,2,SINGLE_BRACKET,7,BO3,,T32-1,324,golfermt,sparadrap,sparadrap,decisive,PGX | Golfermt,hydreigon-mega-absol-ex-b1,Hydreigon Mega Absol ex,hydreigon,6,1,0,17,Sparadrap,hydreigon-mega-absol-ex-b1,Hydreigon Mega Absol ex,hydreigon,6,3,0,8
6a8743ba5a30714095575489,2026-09-25T17:50:00.000Z,Umbreon99's Aura Sphere #6 ($10 USD),postfreeze,2,SINGLE_BRACKET,7,BO3,,T32-2,325,goku6767,dashmd,dashmd,decisive,goku6767,mega-charizard-y-ex-b1a-entei-ex-a4a,Mega Charizard Y ex Entei ex,charizardy_entei,4,2,1,24,DashMD,mega-charizard-y-ex-b1a-entei-ex-a4a,Mega Charizard Y ex Entei ex,charizardy_entei,5,2,1,12
6a8743ba5a30714095575489,2026-09-25T17:50:00.000Z,Umbreon99's Aura Sphere #6 ($10 USD),postfreeze,2,SINGLE_BRACKET,7,BO3,,T32-12,326,tbenjab,flipand11,flipand11,decisive,TBenjaB,hoopa-ex-b4-hydreigon-b1,Hoopa ex Hydreigon,,4,2,1,21,flipand11,mega-sharpedo-ex-b4-chien-pao-ex-b2a,Mega Sharpedo ex Chien-Pao ex,,5,3,0,15
6a8743ba5a30714095575489,2026-09-25T17:50:00.000Z,Umbreon99's Aura Sphere #6 ($10 USD),postfreeze,2,SINGLE_BRACKET,7,BO3,,T32-6,327,elluquitas96,lebraveultime,elluquitas96,decisive,elluquitas96,mega-altaria-ex-b1-espeon-b3a,Mega Altaria ex Espeon,altaria,5,2,1,9,Lebraveultime,mega-altaria-ex-b1-espeon-b3a,Mega Altaria ex Espeon,altaria,4,3,0,27
6ab1739df127b1b52c27ed98,2026-09-26T16:00:00.000Z,PMPT #48 - TEAM ROCKETS ALTERCATION!!! | $100 USD,postfreeze,1,SWISS,1,BO3,,,0,theg35,,-1,bye_or_automatic_loss,TB theg35,butterfree-b3b-mega-sceptile-ex-b3,Butterfree Mega Sceptile ex,sceptile,4,3,0,72,,,,,,,,
6ab1739df127b1b52c27ed98,2026-09-26T16:00:00.000Z,PMPT #48 - TEAM ROCKETS ALTERCATION!!! | $100 USD,postfreeze,1,SWISS,1,BO3,,,1,allnyta,,-1,bye_or_automatic_loss,AllNyta,galarian-obstagoon-b2-mega-sableye-ex-b3b,Galarian Obstagoon Mega Sableye ex,,0,2,0,263,,,,,,,,
6ab1739df127b1b52c27ed98,2026-09-26T16:00:00.000Z,PMPT #48 - TEAM ROCKETS ALTERCATION!!! | $100 USD,postfreeze,1,SWISS,1,BO3,,,2,pauk55,,-1,bye_or_automatic_loss,𝗠𝗢𝗡𝗢 . Pauk,dragonair-mega-rayquaza-ex-b4,Dragonair Mega Rayquaza ex,,0,2,0,257,,,,,,,,
6ab1739df127b1b52c27ed98,2026-09-26T16:00:00.000Z,PMPT #48 - TEAM ROCKETS ALTERCATION!!! | $100 USD,postfreeze,1,SWISS,1,BO3,,,3,xfreddy,,-1,bye_or_automatic_loss,XFreddy,dedenne-ex-b3b-indeedee-ex-b1,Dedenne ex Indeedee ex,,0,3,0,228,,,,,,,,
6ab1739df127b1b52c27ed98,2026-09-26T16:00:00.000Z,PMPT #48 - TEAM ROCKETS ALTERCATION!!! | $100 USD,postfreeze,1,SWISS,1,BO3,,,4,xastur,,-1,bye_or_automatic_loss,Xastur,mega-blaziken-ex-b1-greninja-a1,Mega Blaziken ex Greninja,,0,3,0,244,,,,,,,,
6ab1739df127b1b52c27ed98,2026-09-26T16:00:00.000Z,PMPT #48 - TEAM ROCKETS ALTERCATION!!! | $100 USD,postfreeze,1,SWISS,1,BO3,,,5,noteffinround47,,-1,bye_or_automatic_loss,NoteffinRound47,butterfree-b3b-mega-sceptile-ex-b3,Butterfree Mega Sceptile ex,sceptile,0,5,0,267,,,,,,,,
6ab1739df127b1b52c27ed98,2026-09-26T16:00:00.000Z,PMPT #48 - TEAM ROCKETS ALTERCATION!!! | $100 USD,postfreeze,1,SWISS,1,BO3,,,6,belceboss,,-1,bye_or_automatic_loss,belceboss,mega-altaria-ex-b1-espeon-b3a,Mega Altaria ex Espeon,altaria,0,4,0,251,,,,,,,,
6ab1739df127b1b52c27ed98,2026-09-26T16:00:00.000Z,PMPT #48 - TEAM ROCKETS ALTERCATION!!! | $100 USD,postfreeze,1,SWISS,1,BO3,,,7,normo360,,-1,bye_or_automatic_loss,𝗠𝗮𝗴𝗺𝗮 StorM,mega-blaziken-ex-b1,Mega Blaziken ex,blaziken,2,3,0,136,,,,,,,,
6ab1739df127b1b52c27ed98,2026-09-26T16:00:00.000Z,PMPT #48 - TEAM ROCKETS ALTERCATION!!! | $100 USD,postfreeze,1,SWISS,1,BO3,,,8,crestie,,-1,bye_or_automatic_loss,Crestie,mega-altaria-ex-b1-espeon-b3a,Mega Altaria ex Espeon,altaria,2,4,0,154,,,,,,,,
6ab1739df127b1b52c27ed98,2026-09-26T16:00:00.000Z,PMPT #48 - TEAM ROCKETS ALTERCATION!!! | $100 USD,postfreeze,1,SWISS,1,BO3,,,9,csmati,,-1,bye_or_automatic_loss,CsMati,mega-blaziken-ex-b1,Mega Blaziken ex,blaziken,0,5,0,259,,,,,,,,
6ab1739df127b1b52c27ed98,2026-09-26T16:00:00.000Z,PMPT #48 - TEAM ROCKETS ALTERCATION!!! | $100 USD,postfreeze,1,SWISS,1,BO3,,,10,dariuspopek,,-1,bye_or_automatic_loss,DariusPopek,hoopa-ex-b4-mega-absol-ex-b1,Hoopa ex Mega Absol ex,hoopa_absol,3,4,0,109,,,,,,,,
6ab1739df127b1b52c27ed98,2026-09-26T16:00:00.000Z,PMPT #48 - TEAM ROCKETS ALTERCATION!!! | $100 USD,postfreeze,1,SWISS,1,BO3,,,11,davethefishbass,,-1,bye_or_automatic_loss,DaveTheFishBass,mega-charizard-y-ex-b1a-castform-sunny-form-b3,Mega Charizard Y ex Castform Sunny Form,,1,3,0,203,,,,,,,,
6ab1739df127b1b52c27ed98,2026-09-26T16:00:00.000Z,PMPT #48 - TEAM ROCKETS ALTERCATION!!! | $100 USD,postfreeze,1,SWISS,1,BO3,,,12,dbsrm,,-1,bye_or_automatic_loss,DbsRm,magcargo-a4,Magcargo,,1,6,0,199,,,,,,,,
6ab1739df127b1b52c27ed98,2026-09-26T16:00:00.000Z,PMPT #48 - TEAM ROCKETS ALTERCATION!!! | $100 USD,postfreeze,1,SWISS,1,BO3,,,13,tommyhp,,-1,bye_or_automatic_loss,tommyhp,mega-altaria-ex-b1-igglybuff-a4a,Mega Altaria ex Igglybuff,,6,3,0,24,,,,,,,,
6ab1739df127b1b52c27ed98,2026-09-26T16:00:00.000Z,PMPT #48 - TEAM ROCKETS ALTERCATION!!! | $100 USD,postfreeze,1,SWISS,1,BO3,,,14,dhforty4,,-1,bye_or_automatic_loss,dhforty4,zoroark-ex-b3-mega-sableye-ex-b3b,Zoroark ex Mega Sableye ex,,4,3,0,77,,,,,,,,
6ab1739df127b1b52c27ed98,2026-09-26T16:00:00.000Z,PMPT #48 - TEAM ROCKETS ALTERCATION!!! | $100 USD,postfreeze,1,SWISS,1,BO3,,,15,maximumedgelord,,-1,bye_or_automatic_loss,MaximumEdgeLord,mega-sharpedo-ex-b4-milotic-ex-b3b,Mega Sharpedo ex Milotic ex,,2,3,0,126,,,,,,,,
6ab1739df127b1b52c27ed98,2026-09-26T16:00:00.000Z,PMPT #48 - TEAM ROCKETS ALTERCATION!!! | $100 USD,postfreeze,1,SWISS,1,BO3,,,16,zurk,,-1,bye_or_automatic_loss,Zurk,dragonair-mega-rayquaza-ex-b4,Dragonair Mega Rayquaza ex,,0,5,0,258,,,,,,,,
6ab1739df127b1b52c27ed98,2026-09-26T16:00:00.000Z,PMPT #48 - TEAM ROCKETS ALTERCATION!!! | $100 USD,postfreeze,1,SWISS,1,BO3,,,17,draxoz,,-1,bye_or_automatic_loss,DraXoZ,dragonair-mega-rayquaza-ex-b4,Dragonair Mega Rayquaza ex,,0,4,0,241,,,,,,,,
6ab1739df127b1b52c27ed98,2026-09-26T16:00:00.000Z,PMPT #48 - TEAM ROCKETS ALTERCATION!!! | $100 USD,postfreeze,1,SWISS,1,BO3,,,18,reg,,-1,bye_or_automatic_loss,REG,jolteon-ex-b1-raichu-b4,Jolteon ex Raichu,,1,2,0,208,,,,,,,,
6ab1739df127b1b52c27ed98,2026-09-26T16:00:00.000Z,PMPT #48 - TEAM ROCKETS ALTERCATION!!! | $100 USD,postfreeze,1,SWISS,1,BO3,,,19,tachikawa_kei,,-1,bye_or_automatic_loss,Tachikawa_Kei,vaporeon-ex-b3-greninja-a1,Vaporeon ex Greninja,,2,3,0,152,,,,,,,,
6ab1739df127b1b52c27ed98,2026-09-26T16:00:00.000Z,PMPT #48 - TEAM ROCKETS ALTERCATION!!! | $100 USD,postfreeze,1,SWISS,1,BO3,,,20,esteban0708,,-1,bye_or_automatic_loss,Esteban0708,mega-lucario-ex-b3-lucario-a2,Mega Lucario ex Lucario,lucario,0,2,0,264,,,,,,,,
6ab1739df127b1b52c27ed98,2026-09-26T16:00:00.000Z,PMPT #48 - TEAM ROCKETS ALTERCATION!!! | $100 USD,postfreeze,1,SWISS,1,BO3,,,21,magikarpfishy,,-1,bye_or_automatic_loss,MagikarpFishy,espeon-ex-a4-giratina-ex-a2b,Espeon ex Giratina ex,,1,1,0,210,,,,,,,,
6ab1739df127b1b52c27ed98,2026-09-26T16:00:00.000Z,PMPT #48 - TEAM ROCKETS ALTERCATION!!! | $100 USD,postfreeze,1,SWISS,1,BO3,,,22,liquidedge,,-1,bye_or_automatic_loss,LiquidEdge,suicune-ex-a4a-baxcalibur-b2a,Suicune ex Baxcalibur,suicune,1,5,0,198,,,,,,,,
6ab1739df127b1b52c27ed98,2026-09-26T16:00:00.000Z,PMPT #48 - TEAM ROCKETS ALTERCATION!!! | $100 USD,postfreeze,1,SWISS,1,BO3,,,23,ld,,-1,bye_or_automatic_loss,LuDo ,mega-metagross-ex-b4-skarmory-a2,Mega Metagross ex Skarmory,,0,4,0,269,,,,,,,,
6ab1739df127b1b52c27ed98,2026-09-26T16:00:00.000Z,PMPT #48 - TEAM ROCKETS ALTERCATION!!! | $100 USD,postfreeze,1,SWISS,1,BO3,,,24,savid400,,-1,bye_or_automatic_loss,Savid400,team-rockets-weezing-ex-team-rockets-magmar-b4a,Team Rocket's Weezing ex Team Rocket's Magmar,,0,2,0,215,,,,,,,,
6ab1739df127b1b52c27ed98,2026-09-26T16:00:00.000Z,PMPT #48 - TEAM ROCKETS ALTERCATION!!! | $100 USD,postfreeze,1,SWISS,1,BO3,,,25,sleepy512pete,,-1,bye_or_automatic_loss,sleepy512pete,mega-altaria-ex-b1-espeon-b3a,Mega Altaria ex Espeon,altaria,1,3,0,183,,,,,,,,
6ab1739df127b1b52c27ed98,2026-09-26T16:00:00.000Z,PMPT #48 - TEAM ROCKETS ALTERCATION!!! | $100 USD,postfreeze,1,SWISS,1,BO3,,,26,six420,,-1,bye_or_automatic_loss,Six420,beautifly-dustox-b4,Beautifly Dustox,,2,3,0,156,,,,,,,,
6ab1739df127b1b52c27ed98,2026-09-26T16:00:00.000Z,PMPT #48 - TEAM ROCKETS ALTERCATION!!! | $100 USD,postfreeze,1,SWISS,1,BO3,,,27,sawitlovers,,-1,bye_or_automatic_loss,SawitLovers,mega-lucario-ex-b3-lucario-a2,Mega Lucario ex Lucario,lucario,1,4,0,209,,,,,,,,
6ab1739df127b1b52c27ed98,2026-09-26T16:00:00.000Z,PMPT #48 - TEAM ROCKETS ALTERCATION!!! | $100 USD,postfreeze,1,SWISS,1,BO3,,,28,iplaypokemans,,-1,bye_or_automatic_loss,iplaypokemans,mega-altaria-ex-b1-greninja-a1,Mega Altaria ex Greninja,,5,3,0,49,,,,,,,,
6ab1739df127b1b52c27ed98,2026-09-26T16:00:00.000Z,PMPT #48 - TEAM ROCKETS ALTERCATION!!! | $100 USD,postfreeze,1,SWISS,1,BO3,,,29,itachi1820,,-1,bye_or_automatic_loss,itachi1820,mega-sharpedo-ex-b4-gyarados-a4,Mega Sharpedo ex Gyarados,,0,2,0,270,,,,,,,,
6ab1739df127b1b52c27ed98,2026-09-26T16:00:00.000Z,PMPT #48 - TEAM ROCKETS ALTERCATION!!! | $100 USD,postfreeze,1,SWISS,1,BO3,,,30,setooo,,-1,bye_or_automatic_loss,Setooo,hydreigon-mega-absol-ex-b1,Hydreigon Mega Absol ex,hydreigon,0,4,0,261,,,,,,,,
6ab1739df127b1b52c27ed98,2026-09-26T16:00:00.000Z,PMPT #48 - TEAM ROCKETS ALTERCATION!!! | $100 USD,postfreeze,1,SWISS,1,BO3,,,31,pokefunky,,-1,bye_or_automatic_loss,PokeFunky,mega-altaria-ex-b1-greninja-a1,Mega Altaria ex Greninja,,1,3,0,179,,,,,,,,
6ab1739df127b1b52c27ed98,2026-09-26T16:00:00.000Z,PMPT #48 - TEAM ROCKETS ALTERCATION!!! | $100 USD,postfreeze,1,SWISS,1,BO3,,,32,2sick,,-1,bye_or_automatic_loss,²ᵀ| ²ꜱɪᴄᴋ,vespiquen-ex-b4-shuckle-ex-a4,Vespiquen ex Shuckle ex,vespiquen,7,2,1,12,,,,,,,,
6ab1739df127b1b52c27ed98,2026-09-26T16:00:00.000Z,PMPT #48 - TEAM ROCKETS ALTERCATION!!! | $100 USD,postfreeze,1,SWISS,1,BO3,,,33,ynovator,,-1,bye_or_automatic_loss,ynovator,mega-altaria-ex-b1-espeon-b3a,Mega Altaria ex Espeon,altaria,0,2,0,268,,,,,,,,
6ab1739df127b1b52c27ed98,2026-09-26T16:00:00.000Z,PMPT #48 - TEAM ROCKETS ALTERCATION!!! | $100 USD,postfreeze,1,SWISS,1,BO3,1,,34,warpis,dashmd,warpis,decisive,𝗠𝗲𝗴𝗮 SIPRAW 𝗘𝗫,mega-altaria-ex-b1-greninja-a1,Mega Altaria ex Greninja,,7,2,0,17,DashMD,mega-charizard-y-ex-b1a-entei-ex-a4a,Mega Charizard Y ex Entei ex,charizardy_entei,3,3,0,102
6ab1739df127b1b52c27ed98,2026-09-26T16:00:00.000Z,PMPT #48 - TEAM ROCKETS ALTERCATION!!! | $100 USD,postfreeze,1,SWISS,1,BO3,2,,35,yalcn37,zagazaga,zagazaga,decisive,Yalcn37,mega-altaria-ex-b1-happiny-b4a,Mega Altaria ex Happiny,,0,1,0,213,ZaGaZaGa,charizard-ex-a1-mega-charizard-y-ex-b1a,Charizard ex Mega Charizard Y ex,,5,2,1,35
6ab1739df127b1b52c27ed98,2026-09-26T16:00:00.000Z,PMPT #48 - TEAM ROCKETS ALTERCATION!!! | $100 USD,postfreeze,1,SWISS,1,BO3,3,,36,packluckfc,whizzy,whizzy,decisive,𝗠𝗢𝗡⭐️ | PackLuck,mega-blaziken-ex-b1-teal-mask-ogerpon-ex-b2,Mega Blaziken ex Teal Mask Ogerpon ex,,1,2,0,173,Whizzy,magnezone-ex-b3-magnezone-b1a,Magnezone ex Magnezone,,3,3,0,110
6ab1739df127b1b52c27ed98,2026-09-26T16:00:00.000Z,PMPT #48 - TEAM ROCKETS ALTERCATION!!! | $100 USD,postfreeze,1,SWISS,1,BO3,4,,37,adi1906,einstun,adi1906,decisive,Adi1906,mega-charizard-y-ex-b1a-entei-ex-a4a,Mega Charizard Y ex Entei ex,charizardy_entei,4,3,0,60,𝙈𝙚𝙜𝙖 𝕰𝖎𝖓𝖘𝖙𝖚𝖓 𝙀𝙓,mega-blaziken-ex-b1,Mega Blaziken ex,blaziken,0,4,0,245
6ab1739df127b1b52c27ed98,2026-09-26T16:00:00.000Z,PMPT #48 - TEAM ROCKETS ALTERCATION!!! | $100 USD,postfreeze,1,SWISS,1,BO3,5,,38,lolocatchem,sparza,lolocatchem,decisive,LoLoCatchEm,hydreigon-mega-absol-ex-b1,Hydreigon Mega Absol ex,hydreigon,2,3,0,118,Sparza,mega-lucario-ex-b3-lucario-a2,Mega Lucario ex Lucario,lucario,2,3,0,139
6ab1739df127b1b52c27ed98,2026-09-26T16:00:00.000Z,PMPT #48 - TEAM ROCKETS ALTERCATION!!! | $100 USD,postfreeze,1,SWISS,1,BO3,6,,39,griffsama,nanutcg,griffsama,decisive,sZero | GriffSama,mega-altaria-ex-b1-greninja-a1,Mega Altaria ex Greninja,,5,2,1,33,𝐃𝐍𝐓 | Nanu,suicune-ex-a4a-baxcalibur-b2a,Suicune ex Baxcalibur,suicune,2,3,0,122
6ab1739df127b1b52c27ed98,2026-09-26T16:00:00.000Z,PMPT #48 - TEAM ROCKETS ALTERCATION!!! | $100 USD,postfreeze,1,SWISS,1,BO3,7,,40,rustycohle,enggar,enggar,decisive,RustyCohle,hydreigon-mega-absol-ex-b1,Hydreigon Mega Absol ex,hydreigon,0,3,0,214,Enggar/ Aqua,mega-altaria-ex-b1-espeon-b3a,Mega Altaria ex Espeon,altaria,6,3,0,22
6ab1739df127b1b52c27ed98,2026-09-26T16:00:00.000Z,PMPT #48 - TEAM ROCKETS ALTERCATION!!! | $100 USD,postfreeze,1,SWISS,1,BO3,8,,41,breaking2mirror,thefunk1,breaking2mirror,decisive,Breaking2mirror,butterfree-b3b-mega-sceptile-ex-b3,Butterfree Mega Sceptile ex,sceptile,3,3,0,85,thefunk1,suicune-ex-a4a-baxcalibur-b2a,Suicune ex Baxcalibur,suicune,3,4,0,112
6ab1739df127b1b52c27ed98,2026-09-26T16:00:00.000Z,PMPT #48 - TEAM ROCKETS ALTERCATION!!! | $100 USD,postfreeze,1,SWISS,1,BO3,9,,42,shinra67,javiee333,javiee333,decisive,𝗕𝗢𝗔𝗧| Satoru Gojo,magnezone-ex-b3-magnezone-b1a,Magnezone ex Magnezone,,0,3,0,230,𝗠𝗢𝗡⭐️ | Javiee333,mega-manectric-ex-b2b-heliolisk-b4,Mega Manectric ex Heliolisk,manectric_heliolisk,8,2,0,10
6ab1739df127b1b52c27ed98,2026-09-26T16:00:00.000Z,PMPT #48 - TEAM ROCKETS ALTERCATION!!! | $100 USD,postfreeze,1,SWISS,1,BO3,10,,43,epsilonli,astanevergiveup,astanevergiveup,decisive,EpsilonLi,mega-gallade-ex-b4-gallade-b3,Mega Gallade ex Gallade,,3,3,0,93,AstaNeverGiveUp,mega-altaria-ex-b1-espeon-b3a,Mega Altaria ex Espeon,altaria,5,2,1,32
6ab1739df127b1b52c27ed98,2026-09-26T16:00:00.000Z,PMPT #48 - TEAM ROCKETS ALTERCATION!!! | $100 USD,postfreeze,1,SWISS,1,BO3,11,,44,soadmon,iromm,iromm,decisive,Soadmon,mega-altaria-ex-b1-espeon-b3a,Mega Altaria ex Espeon,altaria,8,3,0,8,Eleven Gomes,mega-lucario-ex-b3,Mega Lucario ex,,1,2,0,161
6ab1739df127b1b52c27ed98,2026-09-26T16:00:00.000Z,PMPT #48 - TEAM ROCKETS ALTERCATION!!! | $100 USD,postfreeze,1,SWISS,1,BO3,12,,45,fall88,ventrixd,ventrixd,decisive,Fall88,mega-swampert-ex-b2-greninja-a1,Mega Swampert ex Greninja,,4,3,0,69,VentriXD,magnezone-b1a-miraidon-ex-b3a,Magnezone Miraidon ex,,6,2,1,20
6ab1739df127b1b52c27ed98,2026-09-26T16:00:00.000Z,PMPT #48 - TEAM ROCKETS ALTERCATION!!! | $100 USD,postfreeze,1,SWISS,1,BO3,13,,46,vijayprasad,tree121,tree121,decisive,VijayPrasad,mega-lucario-ex-b3-lucario-a2,Mega Lucario ex Lucario,lucario,1,5,0,202,Tree121,meowscarada-ex-b2a-meowscarada-a2b,Meowscarada ex Meowscarada,,2,3,0,115
6ab1739df127b1b52c27ed98,2026-09-26T16:00:00.000Z,PMPT #48 - TEAM ROCKETS ALTERCATION!!! | $100 USD,postfreeze,1,SWISS,1,BO3,14,,47,ishaan,alana,ishaan,decisive,Ishaan,suicune-ex-a4a-baxcalibur-b2a,Suicune ex Baxcalibur,suicune,2,2,0,123,𝗠𝗲𝗴𝗮 A̶l̶a̶n̶a̶ 𝗘𝗫,mega-swampert-ex-b2-mantyke-a4a,Mega Swampert ex Mantyke,,0,5,0,252
6ab1739df127b1b52c27ed98,2026-09-26T16:00:00.000Z,PMPT #48 - TEAM ROCKETS ALTERCATION!!! | $100 USD,postfreeze,1,SWISS,1,BO3,15,,48,baguspa,jacobjayyy,jacobjayyy,decisive,baguspa,mega-sharpedo-ex-b4-gyarados-a4,Mega Sharpedo ex Gyarados,,1,3,0,184,Jacobjayyy,electivire-magmortar-b2b,Electivire Magmortar,,2,2,0,155
6ab1739df127b1b52c27ed98,2026-09-26T16:00:00.000Z,PMPT #48 - TEAM ROCKETS ALTERCATION!!! | $100 USD,postfreeze,1,SWISS,1,BO3,16,,49,sketchytripod,redmaicon,sketchytripod,decisive,sketchytripod,dragonair-mega-rayquaza-ex-b4,Dragonair Mega Rayquaza ex,,2,1,0,141,redmaicon,mega-charizard-y-ex-b1a-entei-ex-a4a,Mega Charizard Y ex Entei ex,charizardy_entei,0,2,0,238
6ab1739df127b1b52c27ed98,2026-09-26T16:00:00.000Z,PMPT #48 - TEAM ROCKETS ALTERCATION!!! | $100 USD,postfreeze,1,SWISS,1,BO3,17,,50,aeoness,welshman16,aeoness,decisive,aeoness,mega-altaria-ex-b1-espeon-b3a,Mega Altaria ex Espeon,altaria,3,3,0,97,welshman16,dragonair-mega-rayquaza-ex-b4,Dragonair Mega Rayquaza ex,,0,3,0,227
6ab1739df127b1b52c27ed98,2026-09-26T16:00:00.000Z,PMPT #48 - TEAM ROCKETS ALTERCATION!!! | $100 USD,postfreeze,1,SWISS,1,BO3,18,,51,vegito_glazer,flameking3,flameking3,decisive,Vegito_Glazer,garchomp-b4a-goomy-b1,Garchomp Goomy,,0,4,0,254,FLAMEKING3,dragonair-mega-rayquaza-ex-b4,Dragonair Mega Rayquaza ex,,3,3,0,88
6ab1739df127b1b52c27ed98,2026-09-26T16:00:00.000Z,PMPT #48 - TEAM ROCKETS ALTERCATION!!! | $100 USD,postfreeze,1,SWISS,1,BO3,19,,52,frogger,shaquill10,frogger,decisive,Frogger,butterfree-b3b-mega-sceptile-ex-b3,Butterfree Mega Sceptile ex,sceptile,7,2,0,18,Shaquill10,team-rockets-raticate-ex-b4a-arceus-ex-a2a,Team Rocket's Raticate ex Arceus ex,,1,6,0,200
6ab1739df127b1b52c27ed98,2026-09-26T16:00:00.000Z,PMPT #48 - TEAM ROCKETS ALTERCATION!!! | $100 USD,postfreeze,1,SWISS,1,BO3,20,,53,saimon999,amilaz,amilaz,decisive,Saimon999,mega-altaria-ex-b1-igglybuff-a4a,Mega Altaria ex Igglybuff,,1,2,0,172,amilaz,entei-ex-a4a,Entei ex,,5,3,0,43
6ab1739df127b1b52c27ed98,2026-09-26T16:00:00.000Z,PMPT #48 - TEAM ROCKETS ALTERCATION!!! | $100 USD,postfreeze,1,SWISS,1,BO3,21,,54,p0kem0nzter,lockpick04,lockpick04,decisive,P0KEM0NZTER,gourgeist-b2-houndstone-b2a,Gourgeist Houndstone,,1,2,0,168,Lockpick04,vespiquen-ex-b4-shuckle-ex-a4,Vespiquen ex Shuckle ex,vespiquen,4,3,0,65
6ab1739df127b1b52c27ed98,2026-09-26T16:00:00.000Z,PMPT #48 - TEAM ROCKETS ALTERCATION!!! | $100 USD,postfreeze,1,SWISS,1,BO3,22,,55,pepin_mx,hamza007,hamza007,decisive,pepin_mx,mega-altaria-ex-b1-espeon-b3a,Mega Altaria ex Espeon,altaria,2,2,0,114,𝗠𝗮𝗴𝗺𝗮 Hamza,mega-altaria-ex-b1-espeon-b3a,Mega Altaria ex Espeon,altaria,7,2,0,19
6ab1739df127b1b52c27ed98,2026-09-26T16:00:00.000Z,PMPT #48 - TEAM ROCKETS ALTERCATION!!! | $100 USD,postfreeze,1,SWISS,1,BO3,23,,56,mayakashii,mspinguino,mayakashii,decisive,Mayakashii,hydreigon-b1-absol-b4,Hydreigon Absol,,1,1,0,166,mspinguino,mega-lucario-ex-b3-lucario-a2,Mega Lucario ex Lucario,lucario,1,4,0,205
6ab1739df127b1b52c27ed98,2026-09-26T16:00:00.000Z,PMPT #48 - TEAM ROCKETS ALTERCATION!!! | $100 USD,postfreeze,1,SWISS,1,BO3,24,,57,funksterhamster,javamouses,funksterhamster,decisive,FunksterHamster,magnezone-ex-b3-magnezone-b1a,Magnezone ex Magnezone,,2,3,0,148,Javamouses,miraidon-ex-b3a-magnezone-b1a,Miraidon ex Magnezone,,0,1,0,248
6ab1739df127b1b52c27ed98,2026-09-26T16:00:00.000Z,PMPT #48 - TEAM ROCKETS ALTERCATION!!! | $100 USD,postfreeze,1,SWISS,1,BO3,25,,58,lord_vader,luxmea,luxmea,decisive,Lord_Vader,mega-sharpedo-ex-b4-gyarados-a4,Mega Sharpedo ex Gyarados,,0,1,0,260,Luxmea,mega-lucario-ex-b3-lucario-a2,Mega Lucario ex Lucario,lucario,2,5,0,130
6ab1739df127b1b52c27ed98,2026-09-26T16:00:00.000Z,PMPT #48 - TEAM ROCKETS ALTERCATION!!! | $100 USD,postfreeze,1,SWISS,1,BO3,26,,59,meidhy,ppitopin8,ppitopin8,decisive,Meidhy,mega-lucario-ex-b3-lucario-a2,Mega Lucario ex Lucario,lucario,2,3,0,132,ppitopin8,mega-altaria-ex-b1-espeon-b3a,Mega Altaria ex Espeon,altaria,5,3,0,41
6ab1739df127b1b52c27ed98,2026-09-26T16:00:00.000Z,PMPT #48 - TEAM ROCKETS ALTERCATION!!! | $100 USD,postfreeze,1,SWISS,1,BO3,27,,60,rekklesbert,pattyd,rekklesbert,decisive,Rekklesbert,mega-lucario-ex-b3-lucario-a2,Mega Lucario ex Lucario,lucario,5,2,1,36,PattyD,mega-scizor-ex-revavroom-b2b,Mega Scizor ex Revavroom,,4,3,0,75
6ab1739df127b1b52c27ed98,2026-09-26T16:00:00.000Z,PMPT #48 - TEAM ROCKETS ALTERCATION!!! | $100 USD,postfreeze,1,SWISS,1,BO3,28,,61,bennymacfak,ur_ciao,bennymacfak,decisive,BennyMacFak,dragonair-mega-rayquaza-ex-b4,Dragonair Mega Rayquaza ex,,2,2,0,127,𝙈𝙉𝙍𝘾 | Fring B,dragonair-mega-rayquaza-ex-b4,Dragonair Mega Rayquaza ex,,2,3,0,150
6ab1739df127b1b52c27ed98,2026-09-26T16:00:00.000Z,PMPT #48 - TEAM ROCKETS ALTERCATION!!! | $100 USD,postfreeze,1,SWISS,1,BO3,29,,62,hanalana,masaki0304,masaki0304,decisive,𝗠𝗲𝗴𝗮 Hanna 𝗘𝗫,mega-blaziken-ex-b1-greninja-a1,Mega Blaziken ex Greninja,,1,4,0,195,masaki0304,mega-diancie-ex-carbink-b3b,Mega Diancie ex Carbink,,2,3,0,121
6ab1739df127b1b52c27ed98,2026-09-26T16:00:00.000Z,PMPT #48 - TEAM ROCKETS ALTERCATION!!! | $100 USD,postfreeze,1,SWISS,1,BO3,30,,63,sirus,golfermt,sirus,decisive,sirus,miraidon-ex-b3a-magnezone-b1a,Miraidon ex Magnezone,,7,2,1,13,golfermt,miraidon-ex-b3a-magnezone-b1a,Miraidon ex Magnezone,,2,3,0,125
6ab1739df127b1b52c27ed98,2026-09-26T16:00:00.000Z,PMPT #48 - TEAM ROCKETS ALTERCATION!!! | $100 USD,postfreeze,1,SWISS,1,BO3,31,,64,bigmanblastoise69,almaforger,bigmanblastoise69,decisive,BigManBlastoise69,mega-altaria-ex-b1-espeon-b3a,Mega Altaria ex Espeon,altaria,1,2,0,178,𝐌𝐞𝐠𝐚 Anya 𝐄𝐗,butterfree-b3b-mega-sceptile-ex-b3,Butterfree Mega Sceptile ex,sceptile,0,2,0,240
6ab1739df127b1b52c27ed98,2026-09-26T16:00:00.000Z,PMPT #48 - TEAM ROCKETS ALTERCATION!!! | $100 USD,postfreeze,1,SWISS,1,BO3,32,,65,caballoquemasletrote,rayblu,rayblu,decisive,Caballoquemasletrote,solgaleo-ex-a3-skarmory-a2,Solgaleo ex Skarmory,,1,3,0,196,DNT | Raybu,magnezone-b1a-miraidon-ex-b3a,Magnezone Miraidon ex,,1,5,0,193
6ab1739df127b1b52c27ed98,2026-09-26T16:00:00.000Z,PMPT #48 - TEAM ROCKETS ALTERCATION!!! | $100 USD,postfreeze,1,SWISS,1,BO3,33,,66,zigizaga,kirlock34,zigizaga,decisive,zigizaga,mega-blaziken-ex-b1-greninja-a1,Mega Blaziken ex Greninja,,1,5,0,191,Kirlock34,mega-sceptile-ex-b3-greninja-a1,Mega Sceptile ex Greninja,,2,3,0,153
6ab1739df127b1b52c27ed98,2026-09-26T16:00:00.000Z,PMPT #48 - TEAM ROCKETS ALTERCATION!!! | $100 USD,postfreeze,1,SWISS,1,BO3,34,,67,red_the_champion,foulzzx,red_the_champion,decisive,Red_the_Champion,dragonair-mega-rayquaza-ex-b4,Dragonair Mega Rayquaza ex,,4,3,0,57,foulzzx,suicune-ex-a4a-samurott-b4,Suicune ex Samurott,,0,2,0,233
6ab1739df127b1b52c27ed98,2026-09-26T16:00:00.000Z,PMPT #48 - TEAM ROCKETS ALTERCATION!!! | $100 USD,postfreeze,1,SWISS,1,BO3,35,,68,asterphoenix,danteuwu,asterphoenix,decisive,AsterPhoenix,zoroark-ex-b3-mega-absol-ex-b1,Zoroark ex Mega Absol ex,,1,3,0,189,DanteUwU,hoopa-ex-b4-mega-absol-ex-b1,Hoopa ex Mega Absol ex,hoopa_absol,0,1,0,265
6ab1739df127b1b52c27ed98,2026-09-26T16:00:00.000Z,PMPT #48 - TEAM ROCKETS ALTERCATION!!! | $100 USD,postfreeze,1,SWISS,1,BO3,36,,69,phantom_knight1,elmarcoo,elmarcoo,decisive,Phantom_Knight1,team-rockets-weezing-ex-team-rockets-magmar-b4a,Team Rocket's Weezing ex Team Rocket's Magmar,,1,4,0,197,eLMarcoO,mega-blaziken-ex-b1,Mega Blaziken ex,blaziken,6,3,0,28
6ab1739df127b1b52c27ed98,2026-09-26T16:00:00.000Z,PMPT #48 - TEAM ROCKETS ALTERCATION!!! | $100 USD,postfreeze,1,SWISS,1,BO3,37,,70,gemugemuno,tz_gaoren,tz_gaoren,decisive,YT_ YoshGaming,mega-lucario-ex-b3-lucario-a2,Mega Lucario ex Lucario,lucario,0,2,1,,TZ_Gaoren,mega-lucario-ex-b3-lucario-a2,Mega Lucario ex Lucario,lucario,4,3,0,58
6ab1739df127b1b52c27ed98,2026-09-26T16:00:00.000Z,PMPT #48 - TEAM ROCKETS ALTERCATION!!! | $100 USD,postfreeze,1,SWISS,1,BO3,38,,71,cloudypanda,diegolq,diegolq,decisive,CloudyPanda,mega-diancie-ex-carbink-b3b,Mega Diancie ex Carbink,,2,2,0,143,diegolq,dragonair-mega-rayquaza-ex-b4,Dragonair Mega Rayquaza ex,,2,3,0,134
6ab1739df127b1b52c27ed98,2026-09-26T16:00:00.000Z,PMPT #48 - TEAM ROCKETS ALTERCATION!!! | $100 USD,postfreeze,1,SWISS,1,BO3,39,,72,airimima,hectordf,hectordf,decisive,AiriMima,mega-lucario-ex-b3-lucario-a2,Mega Lucario ex Lucario,lucario,2,5,0,149,PGX | HectorDF,suicune-ex-a4a-baxcalibur-b2a,Suicune ex Baxcalibur,suicune,2,2,0,116
6ab1739df127b1b52c27ed98,2026-09-26T16:00:00.000Z,PMPT #48 - TEAM ROCKETS ALTERCATION!!! | $100 USD,postfreeze,1,SWISS,1,BO3,40,,73,blackajr,surdao123,blackajr,decisive,BlackAJR,mega-altaria-ex-b1-espeon-b3a,Mega Altaria ex Espeon,altaria,6,3,0,30,surdao123,dedenne-ex-b3b-indeedee-ex-b1,Dedenne ex Indeedee ex,,3,3,0,103
6ab1739df127b1b52c27ed98,2026-09-26T16:00:00.000Z,PMPT #48 - TEAM ROCKETS ALTERCATION!!! | $100 USD,postfreeze,1,SWISS,1,BO3,41,,74,jenamica,davionn,davionn,decisive,Jenamica,mega-altaria-ex-b1-happiny-b4a,Mega Altaria ex Happiny,,1,3,0,204,Davionn,mega-sableye-ex-b3b-darkrai-ex-a2,Mega Sableye ex Darkrai ex,,2,4,0,133
6ab1739df127b1b52c27ed98,2026-09-26T16:00:00.000Z,PMPT #48 - TEAM ROCKETS ALTERCATION!!! | $100 USD,postfreeze,1,SWISS,1,BO3,42,,75,parso_mon,kxkarotxzl,parso_mon,decisive,Parso_Mon,mega-altaria-ex-b1-espeon-b3a,Mega Altaria ex Espeon,altaria,1,2,0,164,KxkarotXZL,mega-lucario-ex-b3-lucario-a2,Mega Lucario ex Lucario,lucario,1,5,0,186
6ab1739df127b1b52c27ed98,2026-09-26T16:00:00.000Z,PMPT #48 - TEAM ROCKETS ALTERCATION!!! | $100 USD,postfreeze,1,SWISS,1,BO3,43,,76,aliga,ka1z0,aliga,decisive,aliga,mega-sceptile-ex-b3-greninja-a1,Mega Sceptile ex Greninja,,3,3,0,82,Ka1z0,zoroark-ex-b3-mega-absol-ex-b1,Zoroark ex Mega Absol ex,,3,3,0,101
6ab1739df127b1b52c27ed98,2026-09-26T16:00:00.000Z,PMPT #48 - TEAM ROCKETS ALTERCATION!!! | $100 USD,postfreeze,1,SWISS,1,BO3,44,,77,bigbagmakaveli,hansuwe,hansuwe,decisive,bigbagmakaveli,hoopa-ex-b4-mega-absol-ex-b1,Hoopa ex Mega Absol ex,hoopa_absol,0,1,0,211,Hansuwe,hoopa-ex-b4-mega-absol-ex-b1,Hoopa ex Mega Absol ex,hoopa_absol,9,2,0,6
6ab1739df127b1b52c27ed98,2026-09-26T16:00:00.000Z,PMPT #48 - TEAM ROCKETS ALTERCATION!!! | $100 USD,postfreeze,1,SWISS,1,BO3,45,,78,lv80mewtwo,johntenders,lv80mewtwo,decisive,𝗕𝗢𝗔𝗧 | Mewtwo,charizard-ex-a2b-mega-charizard-y-ex-b1a,Charizard ex Mega Charizard Y ex,,2,1,0,129,JohnTenders,beautifly-dustox-b4,Beautifly Dustox,,1,4,0,188
6ab1739df127b1b52c27ed98,2026-09-26T16:00:00.000Z,PMPT #48 - TEAM ROCKETS ALTERCATION!!! | $100 USD,postfreeze,1,SWISS,1,BO3,46,,79,godi,kodra,kodra,decisive,Godi,dedenne-ex-b3b-indeedee-ex-b1,Dedenne ex Indeedee ex,,1,3,0,206,Kodra,hoopa-ex-b4-greninja-a1,Hoopa ex Greninja,,3,4,0,89
6ab1739df127b1b52c27ed98,2026-09-26T16:00:00.000Z,PMPT #48 - TEAM ROCKETS ALTERCATION!!! | $100 USD,postfreeze,1,SWISS,1,BO3,47,,80,njjord7,crusher179450,njjord7,decisive,FrogEX | Njord,beautifly-dustox-b4,Beautifly Dustox,,3,3,0,95,Crusher179450,hoopa-ex-b4-mega-absol-ex-b1,Hoopa ex Mega Absol ex,hoopa_absol,1,3,0,176
6ab1739df127b1b52c27ed98,2026-09-26T16:00:00.000Z,PMPT #48 - TEAM ROCKETS ALTERCATION!!! | $100 USD,postfreeze,1,SWISS,1,BO3,48,,81,sandy_permata205,goku6767,sandy_permata205,decisive,𝗠𝗲𝗴𝗮 Razor 𝗘𝗫,magnezone-b1a-miraidon-ex-b3a,Magnezone Miraidon ex,,3,1,0,107,goku6767,mega-charizard-y-ex-b1a-entei-ex-a4a,Mega Charizard Y ex Entei ex,charizardy_entei,1,3,0,181
6ab1739df127b1b52c27ed98,2026-09-26T16:00:00.000Z,PMPT #48 - TEAM ROCKETS ALTERCATION!!! | $100 USD,postfreeze,1,SWISS,1,BO3,49,,82,shreyasplays,fiteiras94,shreyasplays,decisive,ShreyasPlays,suicune-ex-a4a-baxcalibur-b2a,Suicune ex Baxcalibur,suicune,9,3,0,4,fiteiras94,dragonair-mega-rayquaza-ex-b4,Dragonair Mega Rayquaza ex,,2,3,0,147
6ab1739df127b1b52c27ed98,2026-09-26T16:00:00.000Z,PMPT #48 - TEAM ROCKETS ALTERCATION!!! | $100 USD,postfreeze,1,SWISS,1,BO3,50,,83,makotsunami,hajime9009,hajime9009,decisive,Makotsunami,butterfree-b3b-mega-sceptile-ex-b3,Butterfree Mega Sceptile ex,sceptile,3,4,0,113,Hajime9009,charizard-ex-a1-mega-charizard-y-ex-b1a,Charizard ex Mega Charizard Y ex,,4,3,0,52
6ab1739df127b1b52c27ed98,2026-09-26T16:00:00.000Z,PMPT #48 - TEAM ROCKETS ALTERCATION!!! | $100 USD,postfreeze,1,SWISS,1,BO3,51,,84,celteex,lanora,celteex,decisive,Celteex,milotic-ex-b3b-eevee-ex-a3b,Milotic ex Eevee ex,,1,3,0,162,𝗠𝗲𝗴𝗮 LaNora 𝗘𝗫,mega-altaria-ex-b1-espeon-b3a,Mega Altaria ex Espeon,altaria,7,3,0,15
6ab1739df127b1b52c27ed98,2026-09-26T16:00:00.000Z,PMPT #48 - TEAM ROCKETS ALTERCATION!!! | $100 USD,postfreeze,1,SWISS,1,BO3,52,,85,https,abnermoyai,abnermoyai,decisive,Nobody ,hoopa-ex-b4-mega-absol-ex-b1,Hoopa ex Mega Absol ex,hoopa_absol,4,3,0,62,𝐈𝐌𝐎 Moyai,mega-sceptile-ex-b3-teal-mask-ogerpon-ex-b2,Mega Sceptile ex Teal Mask Ogerpon ex,,3,4,0,83
6ab1739df127b1b52c27ed98,2026-09-26T16:00:00.000Z,PMPT #48 - TEAM ROCKETS ALTERCATION!!! | $100 USD,postfreeze,1,SWISS,1,BO3,53,,86,marckedcards,sparadrap,sparadrap,decisive,MarckedCards,butterfree-b3b-mega-sceptile-ex-b3,Butterfree Mega Sceptile ex,sceptile,1,6,0,194,Sparadrap,hydreigon-mega-absol-ex-b1,Hydreigon Mega Absol ex,hydreigon,4,3,0,61
6ab1739df127b1b52c27ed98,2026-09-26T16:00:00.000Z,PMPT #48 - TEAM ROCKETS ALTERCATION!!! | $100 USD,postfreeze,1,SWISS,1,BO3,54,,87,angkelvin,mahorn0330,mahorn0330,decisive,AngkelVin,mega-blaziken-ex-blaziken-b1,Mega Blaziken ex Blaziken,,2,3,0,151,Mahorn0330,suicune-ex-a4a-baxcalibur-b2a,Suicune ex Baxcalibur,suicune,3,4,0,91
6ab1739df127b1b52c27ed98,2026-09-26T16:00:00.000Z,PMPT #48 - TEAM ROCKETS ALTERCATION!!! | $100 USD,postfreeze,1,SWISS,1,BO3,55,,88,voicingchip,raizima,raizima,decisive,VoicingChip,hoopa-ex-b4-mega-absol-ex-b1,Hoopa ex Mega Absol ex,hoopa_absol,1,3,0,177,Raizima,mega-lucario-ex-b3-lucario-a2,Mega Lucario ex Lucario,lucario,3,3,0,111
6ab1739df127b1b52c27ed98,2026-09-26T16:00:00.000Z,PMPT #48 - TEAM ROCKETS ALTERCATION!!! | $100 USD,postfreeze,1,SWISS,1,BO3,56,,89,srafaelitocs,sombrita,sombrita,decisive,srafaelitocs,mega-altaria-ex-b1-espeon-b3a,Mega Altaria ex Espeon,altaria,4,3,0,81,sombrita,team-rockets-raticate-ex-b4a-alolan-ninetales-ex-b2,Team Rocket's Raticate ex Alolan Ninetales ex,raticate_ninetales,2,3,0,131
6ab1739df127b1b52c27ed98,2026-09-26T16:00:00.000Z,PMPT #48 - TEAM ROCKETS ALTERCATION!!! | $100 USD,postfreeze,1,SWISS,1,BO3,57,,90,vinsgg,starcadian,starcadian,decisive,DNT | VinsJP,giratina-ex-a2b-darkrai-ex-a2,Giratina ex Darkrai ex,,0,5,0,250,Starcadian,beautifly-b1-dustox-b4,Beautifly Dustox,,5,3,0,39
6ab1739df127b1b52c27ed98,2026-09-26T16:00:00.000Z,PMPT #48 - TEAM ROCKETS ALTERCATION!!! | $100 USD,postfreeze,1,SWISS,1,BO3,58,,91,preluxe,marquisb93,marquisb93,decisive,𝗠𝗮𝗴𝗺𝗮 Preluxe,suicune-ex-a4a-baxcalibur-b2a,Suicune ex Baxcalibur,suicune,8,2,0,11,MarquisB93,team-rockets-weezing-ex-b4a-zoroark-ex-b3,Team Rocket's Weezing ex Zoroark ex,,9,2,1,3
6ab1739df127b1b52c27ed98,2026-09-26T16:00:00.000Z,PMPT #48 - TEAM ROCKETS ALTERCATION!!! | $100 USD,postfreeze,1,SWISS,1,BO3,59,,92,threevela,supreme13,threevela,decisive,𝐃𝐍𝐓 | ThreeVela,magnezone-b1a-miraidon-ex-b3a,Magnezone Miraidon ex,,5,2,1,34,𝗕𝗮𝗹𝗱 Supreme,crobat-a2a-mega-sableye-ex-b3b,Crobat Mega Sableye ex,,3,3,0,94
6ab1739df127b1b52c27ed98,2026-09-26T16:00:00.000Z,PMPT #48 - TEAM ROCKETS ALTERCATION!!! | $100 USD,postfreeze,1,SWISS,1,BO3,60,,93,jessicafknj,anigohan,jessicafknj,decisive,jessicafknj,mega-gardevoir-ex-b2-mega-diancie-ex-b3b,Mega Gardevoir ex Mega Diancie ex,,1,2,0,167,Anigohan,mega-altaria-ex-b1-mimikyu-ex-b2,Mega Altaria ex Mimikyu ex,,0,3,0,253
6ab1739df127b1b52c27ed98,2026-09-26T16:00:00.000Z,PMPT #48 - TEAM ROCKETS ALTERCATION!!! | $100 USD,postfreeze,1,SWISS,1,BO3,61,,94,reizero0712,mega_rezpectore_ex,reizero0712,decisive,Reizero0712,mega-lucario-ex-b3-lucario-a2,Mega Lucario ex Lucario,lucario,3,4,0,106,𝗠𝗲𝗴𝗮 Rezpectore 𝗘𝗫,dedenne-ex-b3b-indeedee-ex-b1,Dedenne ex Indeedee ex,,0,2,0,223
6ab1739df127b1b52c27ed98,2026-09-26T16:00:00.000Z,PMPT #48 - TEAM ROCKETS ALTERCATION!!! | $100 USD,postfreeze,1,SWISS,1,BO3,62,,95,fuuyii,clemarley_07,fuuyii,decisive,Fuuyii,mega-sceptile-ex-b3-greninja-a1,Mega Sceptile ex Greninja,,3,3,0,100,𝐄𝐥𝐢𝐭𝐞𝟒 CleMarley_07,magnezone-b1a-miraidon-ex-b3a,Magnezone Miraidon ex,,2,5,0,144
6ab1739df127b1b52c27ed98,2026-09-26T16:00:00.000Z,PMPT #48 - TEAM ROCKETS ALTERCATION!!! | $100 USD,postfreeze,1,SWISS,1,BO3,63,,96,frappesdrinker,silver2991,silver2991,decisive,sZero | frappesdrinker,mega-altaria-ex-b1-greninja-a1,Mega Altaria ex Greninja,,4,3,0,74,Silver2991,vespiquen-ex-b4-shuckle-ex-a4,Vespiquen ex Shuckle ex,vespiquen,5,3,0,38
6ab1739df127b1b52c27ed98,2026-09-26T16:00:00.000Z,PMPT #48 - TEAM ROCKETS ALTERCATION!!! | $100 USD,postfreeze,1,SWISS,1,BO3,64,,97,hollow7,iduh,hollow7,decisive,hollow7,hydreigon-mega-absol-ex-b1,Hydreigon Mega Absol ex,hydreigon,5,3,0,40,𝗠𝗲𝗴𝗮 Iduh 𝗘𝗫,dragonair-mega-rayquaza-ex-b4,Dragonair Mega Rayquaza ex,,2,3,0,138
6ab1739df127b1b52c27ed98,2026-09-26T16:00:00.000Z,PMPT #48 - TEAM ROCKETS ALTERCATION!!! | $100 USD,postfreeze,1,SWISS,1,BO3,65,,98,masterkksm,mcleoid,mcleoid,decisive,MasterKKSM,mega-altaria-ex-b1-espeon-b3a,Mega Altaria ex Espeon,altaria,1,2,1,158,McLeoid,hydreigon-mega-absol-ex-b1,Hydreigon Mega Absol ex,hydreigon,8,2,0,9
6ab1739df127b1b52c27ed98,2026-09-26T16:00:00.000Z,PMPT #48 - TEAM ROCKETS ALTERCATION!!! | $100 USD,postfreeze,1,SWISS,1,BO3,66,,99,haryanto,kresna19,kresna19,decisive,𝗠𝗲𝗴𝗮 Haryanto 𝗘𝗫,team-rockets-raticate-ex-b4a-arceus-ex-a2a,Team Rocket's Raticate ex Arceus ex,,0,3,0,246,Kresna19,magnezone-b1a-miraidon-ex-b3a,Magnezone Miraidon ex,,4,3,0,53
6ab1739df127b1b52c27ed98,2026-09-26T16:00:00.000Z,PMPT #48 - TEAM ROCKETS ALTERCATION!!! | $100 USD,postfreeze,1,SWISS,1,BO3,67,,100,dron,doctorfun,dron,decisive,Dron,miraidon-ex-b3a-magnezone-b1a,Miraidon ex Magnezone,,2,3,0,142,DoctorFun,beautifly-dustox-b4,Beautifly Dustox,,4,3,0,80
6ab1739df127b1b52c27ed98,2026-09-26T16:00:00.000Z,PMPT #48 - TEAM ROCKETS ALTERCATION!!! | $100 USD,postfreeze,1,SWISS,1,BO3,68,,101,felixnnn,iluchien,iluchien,decisive,Felixnnn,mega-lucario-ex-b3-lucario-a2,Mega Lucario ex Lucario,lucario,1,3,0,171,iluchien,mega-altaria-ex-b1-happiny-b4a,Mega Altaria ex Happiny,,3,4,0,98
6ab1739df127b1b52c27ed98,2026-09-26T16:00:00.000Z,PMPT #48 - TEAM ROCKETS ALTERCATION!!! | $100 USD,postfreeze,1,SWISS,1,BO3,69,,102,elluquitas96,antony,antony,decisive,elluquitas96,dragonair-mega-rayquaza-ex-b4,Dragonair Mega Rayquaza ex,,0,2,0,224,𝙄𝙈𝙋 | Yiidrazil,suicune-ex-a4a-baxcalibur-b2a,Suicune ex Baxcalibur,suicune,2,3,0,124
6ab1739df127b1b52c27ed98,2026-09-26T16:00:00.000Z,PMPT #48 - TEAM ROCKETS ALTERCATION!!! | $100 USD,postfreeze,1,SWISS,1,BO3,70,,103,moserk,jphenomenal,jphenomenal,decisive,moserk,vespiquen-ex-b4-shuckle-ex-a4,Vespiquen ex Shuckle ex,vespiquen,6,3,0,23,TBC|| JPhenomenal,magnezone-b1a-miraidon-ex-b3a,Magnezone Miraidon ex,,5,3,0,42
6ab1739df127b1b52c27ed98,2026-09-26T16:00:00.000Z,PMPT #48 - TEAM ROCKETS ALTERCATION!!! | $100 USD,postfreeze,1,SWISS,1,BO3,71,,104,eeveeon,esdeath,eeveeon,decisive,𝗠𝗲𝗴𝗮 eeveeon 𝗘𝗫,team-rockets-weezing-ex-b4a-hoopa-ex-b4,Team Rocket's Weezing ex Hoopa ex,weezing,2,3,0,117,Esdeath,mega-altaria-ex-b1-happiny-b4a,Mega Altaria ex Happiny,,2,3,0,140
6ab1739df127b1b52c27ed98,2026-09-26T16:00:00.000Z,PMPT #48 - TEAM ROCKETS ALTERCATION!!! | $100 USD,postfreeze,1,SWISS,1,BO3,72,,105,elyons54,sly_dizz,sly_dizz,decisive,Elyons54,mega-blastoise-ex-b1a-eiscue-b1,Mega Blastoise ex Eiscue,,0,5,0,249,sly_dizz,flutter-mane-ex-b3a-greninja-a1,Flutter Mane ex Greninja,,1,2,0,182
6ab1739df127b1b52c27ed98,2026-09-26T16:00:00.000Z,PMPT #48 - TEAM ROCKETS ALTERCATION!!! | $100 USD,postfreeze,1,SWISS,1,BO3,73,,106,pylantrao,beachboy,beachboy,decisive,PylanTrao,dragonair-mega-rayquaza-ex-b4,Dragonair Mega Rayquaza ex,,0,2,0,219,BeachBoy,mega-altaria-ex-b1-espeon-b3a,Mega Altaria ex Espeon,altaria,8,2,1,7
6ab1739df127b1b52c27ed98,2026-09-26T16:00:00.000Z,PMPT #48 - TEAM ROCKETS ALTERCATION!!! | $100 USD,postfreeze,1,SWISS,1,BO3,74,,107,muswa,tesla20,tesla20,decisive,Muswa,butterfree-b3b-mega-sceptile-ex-b3,Butterfree Mega Sceptile ex,sceptile,1,3,0,170,Tesla20,dedenne-ex-b3b-pichu-a4,Dedenne ex Pichu,,3,3,0,99
6ab1739df127b1b52c27ed98,2026-09-26T16:00:00.000Z,PMPT #48 - TEAM ROCKETS ALTERCATION!!! | $100 USD,postfreeze,1,SWISS,1,BO3,75,,108,hextor,yt_yoshgaming,yt_yoshgaming,decisive,hextor,mega-lucario-ex-b3-hitmonchan-ex-b1,Mega Lucario ex Hitmonchan ex,,1,2,0,201,YT_YoshGaming,mega-lucario-ex-b3-lucario-a2,Mega Lucario ex Lucario,lucario,1,4,0,180
6ab1739df127b1b52c27ed98,2026-09-26T16:00:00.000Z,PMPT #48 - TEAM ROCKETS ALTERCATION!!! | $100 USD,postfreeze,1,SWISS,1,BO3,76,,109,smthg,xshortyx118,smthg,decisive,Smthg,pikachu-ex-a1-tauros-ex-b1,Pikachu ex Tauros ex,,3,4,0,86,xShoRtyx118,mega-scizor-ex-revavroom-b2b,Mega Scizor ex Revavroom,,0,2,0,242
6ab1739df127b1b52c27ed98,2026-09-26T16:00:00.000Z,PMPT #48 - TEAM ROCKETS ALTERCATION!!! | $100 USD,postfreeze,1,SWISS,1,BO3,77,,110,rikhardt,brendon68,brendon68,decisive,Rikhardt,mega-lucario-ex-b3-lucario-a2,Mega Lucario ex Lucario,lucario,2,2,0,145,Brendon68,hoopa-ex-b4-greninja-a1,Hoopa ex Greninja,,4,3,0,66
6ab1739df127b1b52c27ed98,2026-09-26T16:00:00.000Z,PMPT #48 - TEAM ROCKETS ALTERCATION!!! | $100 USD,postfreeze,1,SWISS,1,BO3,78,,111,soap728,eddiespfc,soap728,decisive,soap728,mega-blaziken-ex-b1,Mega Blaziken ex,blaziken,10,2,1,2,𝐈𝐌𝐎 | Eddie,mega-sceptile-ex-b3-teal-mask-ogerpon-ex-b2,Mega Sceptile ex Teal Mask Ogerpon ex,,1,3,0,169
6ab1739df127b1b52c27ed98,2026-09-26T16:00:00.000Z,PMPT #48 - TEAM ROCKETS ALTERCATION!!! | $100 USD,postfreeze,1,SWISS,1,BO3,79,,112,jmbd,minato,jmbd,decisive,Jmbd,espeon-b3a-mimikyu-ex-b2,Espeon Mimikyu ex,,2,3,0,128,minato,dragonair-mega-rayquaza-ex-b4,Dragonair Mega Rayquaza ex,,4,3,0,78
6ab1739df127b1b52c27ed98,2026-09-26T16:00:00.000Z,PMPT #48 - TEAM ROCKETS ALTERCATION!!! | $100 USD,postfreeze,1,SWISS,1,BO3,80,,113,popay,zeus5148,zeus5148,decisive,TB Popay,hoopa-ex-b4-mega-absol-ex-b1,Hoopa ex Mega Absol ex,hoopa_absol,1,3,0,163,Zeus5148,zoroark-ex-b3-mega-absol-ex-b1,Zoroark ex Mega Absol ex,,5,3,0,45
6ab1739df127b1b52c27ed98,2026-09-26T16:00:00.000Z,PMPT #48 - TEAM ROCKETS ALTERCATION!!! | $100 USD,postfreeze,1,SWISS,1,BO3,81,,114,hasalf,zonice,hasalf,decisive,𝑻𝑩  / Hasalf,greninja-a1-mega-sableye-ex-b3b,Greninja Mega Sableye ex,,3,3,0,108,𝙄𝙈𝙋 | Zonice,hoopa-ex-b4-greninja-a1,Hoopa ex Greninja,,0,3,0,237
6ab1739df127b1b52c27ed98,2026-09-26T16:00:00.000Z,PMPT #48 - TEAM ROCKETS ALTERCATION!!! | $100 USD,postfreeze,1,SWISS,1,BO3,82,,115,alice_69,thefossilman,alice_69,decisive,Alice_69,mega-altaria-ex-b1-espeon-b3a,Mega Altaria ex Espeon,altaria,6,1,2,,TheFossilMan,mega-charizard-y-ex-b1a-entei-ex-a4a,Mega Charizard Y ex Entei ex,charizardy_entei,0,1,0,212
6ab1739df127b1b52c27ed98,2026-09-26T16:00:00.000Z,PMPT #48 - TEAM ROCKETS ALTERCATION!!! | $100 USD,postfreeze,1,SWISS,1,BO3,83,,116,panteloss,mo1245,panteloss,decisive,panteloss,mega-altaria-ex-b1-espeon-b3a,Mega Altaria ex Espeon,altaria,1,1,0,175,Mo1245,magnezone-b1a-miraidon-ex-b3a,Magnezone Miraidon ex,,0,1,0,232
6ab1739df127b1b52c27ed98,2026-09-26T16:00:00.000Z,PMPT #48 - TEAM ROCKETS ALTERCATION!!! | $100 USD,postfreeze,1,SWISS,1,BO3,84,,117,feyyzo,magikarpfish,feyyzo,decisive,Feyyzo,hoopa-ex-b4-mega-absol-ex-b1,Hoopa ex Mega Absol ex,hoopa_absol,4,3,0,64,MagikarpFish,espeon-ex-a4-giratina-ex-a2b,Espeon ex Giratina ex,,0,1,0,220
6ab1739df127b1b52c27ed98,2026-09-26T16:00:00.000Z,PMPT #48 - TEAM ROCKETS ALTERCATION!!! | $100 USD,postfreeze,1,SWISS,1,BO3,85,,118,byxs,cn123gaming,byxs,decisive,Byxs,mega-altaria-ex-b1-espeon-b3a,Mega Altaria ex Espeon,altaria,1,2,0,187,𝗥𝗙| Cngaming,zoroark-ex-b3-mega-absol-ex-b1,Zoroark ex Mega Absol ex,,0,1,0,256
6ab1739df127b1b52c27ed98,2026-09-26T16:00:00.000Z,PMPT #48 - TEAM ROCKETS ALTERCATION!!! | $100 USD,postfreeze,1,SWISS,1,BO3,86,,119,varma,thebologneseguy,thebologneseguy,decisive,varma,suicune-ex-a4a-baxcalibur-b2a,Suicune ex Baxcalibur,suicune,0,1,0,262,TheBologneseGuy,mega-altaria-ex-b1-espeon-b3a,Mega Altaria ex Espeon,altaria,1,3,0,165
6ab1739df127b1b52c27ed98,2026-09-26T16:00:00.000Z,PMPT #48 - TEAM ROCKETS ALTERCATION!!! | $100 USD,postfreeze,1,SWISS,1,BO3,87,,120,luffytaro_91,dens,dens,decisive,Luffytaro_91,hoopa-ex-b4-tyranitar-a4,Hoopa ex Tyranitar,,0,2,0,234,Dens,mega-blaziken-ex-b1,Mega Blaziken ex,blaziken,4,3,0,59
6ab1739df127b1b52c27ed98,2026-09-26T16:00:00.000Z,PMPT #48 - TEAM ROCKETS ALTERCATION!!! | $100 USD,postfreeze,1,SWISS,1,BO3,88,,121,toddyfox,mashblock,toddyfox,decisive,Toddyfox,suicune-ex-a4a-baxcalibur-b2a,Suicune ex Baxcalibur,suicune,3,2,0,92,Mashblock,mega-altaria-ex-b1,Mega Altaria ex,,2,5,0,146
6ab1739df127b1b52c27ed98,2026-09-26T16:00:00.000Z,PMPT #48 - TEAM ROCKETS ALTERCATION!!! | $100 USD,postfreeze,1,SWISS,1,BO3,89,,122,pinoygab,alta,alta,decisive,𝙈𝙉𝙍𝘾 | GAB S,mega-altaria-ex-b1-espeon-b3a,Mega Altaria ex Espeon,altaria,0,2,0,226,Alta,butterfree-b3b-mega-sceptile-ex-b3,Butterfree Mega Sceptile ex,sceptile,5,3,0,47
6ab1739df127b1b52c27ed98,2026-09-26T16:00:00.000Z,PMPT #48 - TEAM ROCKETS ALTERCATION!!! | $100 USD,postfreeze,1,SWISS,1,BO3,90,,123,dietdrkelp,cosmooo,dietdrkelp,decisive,𝗠𝗢𝗡⭐️| Suede,mega-lucario-ex-b3-lucario-a2,Mega Lucario ex Lucario,lucario,1,3,0,160,FrogEX | Cosmo,vespiquen-ex-b4-shuckle-ex-a4,Vespiquen ex Shuckle ex,vespiquen,4,3,0,73
6ab1739df127b1b52c27ed98,2026-09-26T16:00:00.000Z,PMPT #48 - TEAM ROCKETS ALTERCATION!!! | $100 USD,postfreeze,1,SWISS,1,BO3,91,,124,darkaufeu,super_peace,darkaufeu,decisive,Darkaufeu,garchomp-b4a-cleffa-a4,Garchomp Cleffa,,4,3,0,76,Super_Peace,dragonair-mega-rayquaza-ex-b4,Dragonair Mega Rayquaza ex,,0,1,0,222
6ab1739df127b1b52c27ed98,2026-09-26T16:00:00.000Z,PMPT #48 - TEAM ROCKETS ALTERCATION!!! | $100 USD,postfreeze,1,SWISS,1,BO3,92,,125,javlynt,joshuasutherland21,joshuasutherland21,decisive,JavlyNT,indeedee-ex-b1-delphox-b4a,Indeedee ex Delphox,,0,2,0,225,TDL | MoonlightshurikenVT,mega-altaria-ex-b1-greninja-a1,Mega Altaria ex Greninja,,6,3,0,27
6ab1739df127b1b52c27ed98,2026-09-26T16:00:00.000Z,PMPT #48 - TEAM ROCKETS ALTERCATION!!! | $100 USD,postfreeze,1,SWISS,1,BO3,93,,126,machala,pkmn_sensei,pkmn_sensei,decisive,Machala,miraidon-ex-b3a-magnezone-b1a,Miraidon ex Magnezone,,4,3,0,70,PKMN_Sensei,ho-oh-ex-a4-charmeleon-b2b,Ho-Oh ex Charmeleon,,3,4,0,96
6ab1739df127b1b52c27ed98,2026-09-26T16:00:00.000Z,PMPT #48 - TEAM ROCKETS ALTERCATION!!! | $100 USD,postfreeze,1,SWISS,1,BO3,94,,127,soobroo,byzer09,soobroo,decisive,SOOBROO,hoopa-ex-b4-mega-absol-ex-b1,Hoopa ex Mega Absol ex,hoopa_absol,2,3,0,120,byZer09,mega-charizard-y-ex-b1a-charizard-ex-a1,Mega Charizard Y ex Charizard ex,,0,1,0,247
6ab1739df127b1b52c27ed98,2026-09-26T16:00:00.000Z,PMPT #48 - TEAM ROCKETS ALTERCATION!!! | $100 USD,postfreeze,1,SWISS,1,BO3,95,,128,jhum,asia81,jhum,decisive,JHum,dedenne-ex-b3b-indeedee-ex-b1,Dedenne ex Indeedee ex,,4,3,0,54,Asia81,beautifly-b1-dustox-b4,Beautifly Dustox,,4,3,0,56
6ab1739df127b1b52c27ed98,2026-09-26T16:00:00.000Z,PMPT #48 - TEAM ROCKETS ALTERCATION!!! | $100 USD,postfreeze,1,SWISS,1,BO3,96,,129,arifanrizqi,chopyournut,chopyournut,decisive,arifanrizqi,butterfree-b3b-mega-sceptile-ex-b3,Butterfree Mega Sceptile ex,sceptile,3,4,0,90,Chopyournut,mega-blaziken-ex-b1-castform-sunny-form-b3,Mega Blaziken ex Castform Sunny Form,,3,3,0,105
6ab1739df127b1b52c27ed98,2026-09-26T16:00:00.000Z,PMPT #48 - TEAM ROCKETS ALTERCATION!!! | $100 USD,postfreeze,1,SWISS,1,BO3,97,,130,javiercazorla,nabrix,nabrix,decisive,Javiercazorla,mega-manectric-ex-b2b-heliolisk-b4,Mega Manectric ex Heliolisk,manectric_heliolisk,1,4,0,190,Nabrix,suicune-ex-a4a-baxcalibur-b2a,Suicune ex Baxcalibur,suicune,5,3,0,48
6ab1739df127b1b52c27ed98,2026-09-26T16:00:00.000Z,PMPT #48 - TEAM ROCKETS ALTERCATION!!! | $100 USD,postfreeze,1,SWISS,1,BO3,98,,131,pierfigo,deister,deister,decisive,PierFigo,hydreigon-mega-absol-ex-b1,Hydreigon Mega Absol ex,hydreigon,6,3,0,29,deister,dragonair-mega-rayquaza-ex-b4,Dragonair Mega Rayquaza ex,,4,3,0,55
6ab1739df127b1b52c27ed98,2026-09-26T16:00:00.000Z,PMPT #48 - TEAM ROCKETS ALTERCATION!!! | $100 USD,postfreeze,1,SWISS,1,BO3,99,,132,themadhimalayan,sushi_fr,themadhimalayan,decisive,TheMadHimalayan,mega-altaria-ex-chingling-b1,Mega Altaria ex Chingling,,1,5,0,192,Sushi_FR,mega-lucario-ex-b3-lucario-a2,Mega Lucario ex Lucario,lucario,0,1,0,266
6ab1739df127b1b52c27ed98,2026-09-26T16:00:00.000Z,PMPT #48 - TEAM ROCKETS ALTERCATION!!! | $100 USD,postfreeze,1,SWISS,1,BO3,100,,133,matthewalex638,axelniraj,axelniraj,decisive,matthewalex638,hoopa-ex-b4-mega-absol-ex-b1,Hoopa ex Mega Absol ex,hoopa_absol,0,2,0,229,Void ,mega-sceptile-ex-sceptile-b3,Mega Sceptile ex Sceptile,,5,2,1,37
6ab1739df127b1b52c27ed98,2026-09-26T16:00:00.000Z,PMPT #48 - TEAM ROCKETS ALTERCATION!!! | $100 USD,postfreeze,1,SWISS,1,BO3,101,,134,razbersky202,turbone101,razbersky202,decisive,Razbersky202,beautifly-b1-dustox-b4,Beautifly Dustox,,4,3,0,51,Turbone101,beautifly-dustox-b4,Beautifly Dustox,,6,3,0,31
6ab1739df127b1b52c27ed98,2026-09-26T16:00:00.000Z,PMPT #48 - TEAM ROCKETS ALTERCATION!!! | $100 USD,postfreeze,1,SWISS,1,BO3,102,,135,cavvyr,madarauchiwa,cavvyr,decisive,CavvyR,vespiquen-ex-b4-shuckle-ex-a4,Vespiquen ex Shuckle ex,vespiquen,4,3,0,68,MadaraUchiwa,mega-lucario-ex-b3-igglybuff-a4a,Mega Lucario ex Igglybuff,,0,1,0,221
6ab1739df127b1b52c27ed98,2026-09-26T16:00:00.000Z,PMPT #48 - TEAM ROCKETS ALTERCATION!!! | $100 USD,postfreeze,1,SWISS,1,BO3,103,,136,akaseahri,pamnardo_s2,akaseahri,decisive,AkaseAhri,meowscarada-ex-b2a-meowscarada-a2b,Meowscarada ex Meowscarada,,1,1,0,207,PamNardo_s2,mega-altaria-ex-b1-espeon-b3a,Mega Altaria ex Espeon,altaria,0,3,0,243
6ab1739df127b1b52c27ed98,2026-09-26T16:00:00.000Z,PMPT #48 - TEAM ROCKETS ALTERCATION!!! | $100 USD,postfreeze,1,SWISS,1,BO3,104,,137,momo0342,evand,momo0342,decisive,Momo0342,butterfree-b3b-mega-sceptile-ex-b3,Butterfree Mega Sceptile ex,sceptile,4,3,0,67,PGX | EvanD,mega-altaria-ex-b1-greninja-a1,Mega Altaria ex Greninja,,1,3,0,174
6ab1739df127b1b52c27ed98,2026-09-26T16:00:00.000Z,PMPT #48 - TEAM ROCKETS ALTERCATION!!! | $100 USD,postfreeze,1,SWISS,1,BO3,105,,138,berlusconismurf,shadow135,berlusconismurf,decisive,Berlusconismurf,mega-charizard-y-ex-b1a-entei-ex-a4a,Mega Charizard Y ex Entei ex,charizardy_entei,7,3,0,16,ShaDoW135,mega-charizard-y-ex-b1a-entei-ex-a4a,Mega Charizard Y ex Entei ex,charizardy_entei,2,3,0,135
6ab1739df127b1b52c27ed98,2026-09-26T16:00:00.000Z,PMPT #48 - TEAM ROCKETS ALTERCATION!!! | $100 USD,postfreeze,1,SWISS,1,BO3,106,,139,fahim,bstarr,bstarr,decisive,Ebrahim Khalil Fahim,mega-altaria-ex-b1-espeon-b3a,Mega Altaria ex Espeon,altaria,0,1,0,231,Bstarr,butterfree-b3b-mega-sceptile-ex-b3,Butterfree Mega Sceptile ex,sceptile,3,3,0,104
6ab1739df127b1b52c27ed98,2026-09-26T16:00:00.000Z,PMPT #48 - TEAM ROCKETS ALTERCATION!!! | $100 USD,postfreeze,1,SWISS,1,BO3,107,,140,tcgyami,ghalileo,ghalileo,decisive,tcgyami,solgaleo-ex-a3-skarmory-a2,Solgaleo ex Skarmory,,4,3,0,79,Ghalileo,mega-charizard-y-ex-b1a-charizard-ex-a1,Mega Charizard Y ex Charizard ex,,3,4,0,84
6ab1739df127b1b52c27ed98,2026-09-26T16:00:00.000Z,PMPT #48 - TEAM ROCKETS ALTERCATION!!! | $100 USD,postfreeze,1,SWISS,1,BO3,108,,141,dragby,jaxtcgp,dragby,decisive,Dragby,hydreigon-mega-absol-ex-b1,Hydreigon Mega Absol ex,hydreigon,1,5,0,185,JaxTCGP,jumpluff-ex-a4a-team-rockets-electrode-b4a,Jumpluff ex Team Rocket's Electrode,,2,3,0,157
6ab1739df127b1b52c27ed98,2026-09-26T16:00:00.000Z,PMPT #48 - TEAM ROCKETS ALTERCATION!!! | $100 USD,postfreeze,1,SWISS,1,BO3,109,,142,manux,lbn924,lbn924,decisive,Manux,mega-lucario-ex-b3-teal-mask-ogerpon-ex-b2,Mega Lucario ex Teal Mask Ogerpon ex,,11,1,1,1,𝙄𝙈𝙋 | Lbn,mega-lucario-ex-b3-lucario-a2,Mega Lucario ex Lucario,lucario,1,2,0,159
6ab1739df127b1b52c27ed98,2026-09-26T16:00:00.000Z,PMPT #48 - TEAM ROCKETS ALTERCATION!!! | $100 USD,postfreeze,1,SWISS,1,BO3,110,,143,stardast,kicz,stardast,decisive,stardast,hydreigon-b1-mega-sableye-ex-b3b,Hydreigon Mega Sableye ex,,2,4,0,137,Kicz,vaporeon-ex-b3-vaporeon-b3a,Vaporeon ex Vaporeon,,0,1,0,255
6ab1739df127b1b52c27ed98,2026-09-26T16:00:00.000Z,PMPT #48 - TEAM ROCKETS ALTERCATION!!! | $100 USD,postfreeze,1,SWISS,1,BO3,111,,144,vegegras,dj_marnel,dj_marnel,decisive,Vegegras,magnezone-b1a-miraidon-ex-b3a,Magnezone Miraidon ex,,2,5,0,119, 𝐃𝐍𝐓 | DjMarnel,suicune-ex-a4a-baxcalibur-b2a,Suicune ex Baxcalibur,suicune,10,1,0,5
6ab1739df127b1b52c27ed98,2026-09-26T16:00:00.000Z,PMPT #48 - TEAM ROCKETS ALTERCATION!!! | $100 USD,postfreeze,1,SWISS,1,BO3,112,,145,anhz,elatomico,anhz,decisive,AnHz,hydreigon-mega-absol-ex-b1,Hydreigon Mega Absol ex,hydreigon,4,3,0,63,PGX| El Atomico,zoroark-ex-b3-mega-absol-ex-b1,Zoroark ex Mega Absol ex,,7,3,0,14
6ab1739df127b1b52c27ed98,2026-09-26T16:00:00.000Z,PMPT #48 - TEAM ROCKETS ALTERCATION!!! | $100 USD,postfreeze,1,SWISS,1,BO3,113,,146,random,lightxz,random,decisive,Random,magnezone-ex-b3-magnezone-b1a,Magnezone ex Magnezone,,6,3,0,25,Lightxz,magnezone-ex-b3-magnezone-b1a,Magnezone ex Magnezone,,0,1,0,217
6ab1739df127b1b52c27ed98,2026-09-26T16:00:00.000Z,PMPT #48 - TEAM ROCKETS ALTERCATION!!! | $100 USD,postfreeze,1,SWISS,1,BO3,114,,147,kovacs469,amirr,kovacs469,decisive,kovacs469,butterfree-b3b-mega-sceptile-ex-b3,Butterfree Mega Sceptile ex,sceptile,6,3,0,26,Amirr,mega-altaria-ex-b1-igglybuff-a4a,Mega Altaria ex Igglybuff,,0,2,0,235
6ab1739df127b1b52c27ed98,2026-09-26T16:00:00.000Z,PMPT #48 - TEAM ROCKETS ALTERCATION!!! | $100 USD,postfreeze,1,SWISS,1,BO3,115,,148,den670,crankin,den670,decisive,den670,mega-manectric-ex-b2b-heliolisk-b4,Mega Manectric ex Heliolisk,manectric_heliolisk,5,3,0,44,Crankin,decidueye-ex-a3-team-rockets-electrode-b4a,Decidueye ex Team Rocket's Electrode,,0,2,0,218
6ab1739df127b1b52c27ed98,2026-09-26T16:00:00.000Z,PMPT #48 - TEAM ROCKETS ALTERCATION!!! | $100 USD,postfreeze,1,SWISS,1,BO3,116,,149,estehlegitea,thejoc,estehlegitea,decisive,𝗠𝗲𝗴𝗮 Hasan 𝗘𝗫,team-rockets-weezing-ex-b4a-hoopa-ex-b4,Team Rocket's Weezing ex Hoopa ex,weezing,5,3,0,50,HARD | Thejoc,mega-altaria-ex-b1-espeon-b3a,Mega Altaria ex Espeon,altaria,0,2,0,236
6ab1739df127b1b52c27ed98,2026-09-26T16:00:00.000Z,PMPT #48 - TEAM ROCKETS ALTERCATION!!! | $100 USD,postfreeze,1,SWISS,1,BO3,117,,150,harian,capcaps,capcaps,decisive,Harian,kingambit-glimmora-b3a,Kingambit Glimmora,,0,1,0,216,𝗣𝗛𝗫 Captain Capslock,mega-diancie-ex-carbink-b3b,Mega Diancie ex Carbink,,5,3,0,46
6ab1739df127b1b52c27ed98,2026-09-26T16:00:00.000Z,PMPT #48 - TEAM ROCKETS ALTERCATION!!! | $100 USD,postfreeze,1,SWISS,1,BO3,118,,151,highlight,garoth,garoth,decisive,𝐅𝐈𝐑𝐄 | Highlight,butterfree-b3b-mega-sceptile-ex-b3,Butterfree Mega Sceptile ex,sceptile,4,3,0,71,IMP | Garoth,vespiquen-ex-b4-shuckle-ex-a4,Vespiquen ex Shuckle ex,vespiquen,3,3,0,87
6ab1739df127b1b52c27ed98,2026-09-26T16:00:00.000Z,PMPT #48 - TEAM ROCKETS ALTERCATION!!! | $100 USD,postfreeze,1,SWISS,1,BO3,119,,152,andres941cs,jlng,jlng,decisive,andres941cs,team-rockets-raticate-ex-b4a-mega-lucario-ex-b3,Team Rocket's Raticate ex Mega Lucario ex,,0,4,0,239,JLNG,mega-blaziken-ex-b1,Mega Blaziken ex,blaziken,6,2,1,21
6ab1739df127b1b52c27ed98,2026-09-26T16:00:00.000Z,PMPT #48 - TEAM ROCKETS ALTERCATION!!! | $100 USD,postfreeze,1,SWISS,2,BO3,,,153,crestie,,-1,bye_or_automatic_loss,Crestie,mega-altaria-ex-b1-espeon-b3a,Mega Altaria ex Espeon,altaria,2,4,0,154,,,,,,,,
6ab1739df127b1b52c27ed98,2026-09-26T16:00:00.000Z,PMPT #48 - TEAM ROCKETS ALTERCATION!!! | $100 USD,postfreeze,1,SWISS,2,BO3,,,154,sawitlovers,,-1,bye_or_automatic_loss,SawitLovers,mega-lucario-ex-b3-lucario-a2,Mega Lucario ex Lucario,lucario,1,4,0,209,,,,,,,,
6ab1739df127b1b52c27ed98,2026-09-26T16:00:00.000Z,PMPT #48 - TEAM ROCKETS ALTERCATION!!! | $100 USD,postfreeze,1,SWISS,2,BO3,,,155,csmati,,-1,bye_or_automatic_loss,CsMati,mega-blaziken-ex-b1,Mega Blaziken ex,blaziken,0,5,0,259,,,,,,,,
6ab1739df127b1b52c27ed98,2026-09-26T16:00:00.000Z,PMPT #48 - TEAM ROCKETS ALTERCATION!!! | $100 USD,postfreeze,1,SWISS,2,BO3,,,156,itachi1820,,-1,bye_or_automatic_loss,itachi1820,mega-sharpedo-ex-b4-gyarados-a4,Mega Sharpedo ex Gyarados,,0,2,0,270,,,,,,,,
6ab1739df127b1b52c27ed98,2026-09-26T16:00:00.000Z,PMPT #48 - TEAM ROCKETS ALTERCATION!!! | $100 USD,postfreeze,1,SWISS,2,BO3,1,,157,flameking3,lbn924,flameking3,decisive,FLAMEKING3,dragonair-mega-rayquaza-ex-b4,Dragonair Mega Rayquaza ex,,3,3,0,88,𝙄𝙈𝙋 | Lbn,mega-lucario-ex-b3-lucario-a2,Mega Lucario ex Lucario,lucario,1,2,0,159
6ab1739df127b1b52c27ed98,2026-09-26T16:00:00.000Z,PMPT #48 - TEAM ROCKETS ALTERCATION!!! | $100 USD,postfreeze,1,SWISS,2,BO3,2,,158,sombrita,antony,antony,decisive,sombrita,team-rockets-raticate-ex-b4a-alolan-ninetales-ex-b2,Team Rocket's Raticate ex Alolan Ninetales ex,raticate_ninetales,2,3,0,131,𝙄𝙈𝙋 | Yiidrazil,suicune-ex-a4a-baxcalibur-b2a,Suicune ex Baxcalibur,suicune,2,3,0,124
6ab1739df127b1b52c27ed98,2026-09-26T16:00:00.000Z,PMPT #48 - TEAM ROCKETS ALTERCATION!!! | $100 USD,postfreeze,1,SWISS,2,BO3,3,,159,bigmanblastoise69,stardast,stardast,decisive,BigManBlastoise69,mega-altaria-ex-b1-espeon-b3a,Mega Altaria ex Espeon,altaria,1,2,0,178,stardast,hydreigon-b1-mega-sableye-ex-b3b,Hydreigon Mega Sableye ex,,2,4,0,137
6ab1739df127b1b52c27ed98,2026-09-26T16:00:00.000Z,PMPT #48 - TEAM ROCKETS ALTERCATION!!! | $100 USD,postfreeze,1,SWISS,2,BO3,4,,160,whizzy,ppitopin8,ppitopin8,decisive,Whizzy,magnezone-ex-b3-magnezone-b1a,Magnezone ex Magnezone,,3,3,0,110,ppitopin8,mega-altaria-ex-b1-espeon-b3a,Mega Altaria ex Espeon,altaria,5,3,0,41
6ab1739df127b1b52c27ed98,2026-09-26T16:00:00.000Z,PMPT #48 - TEAM ROCKETS ALTERCATION!!! | $100 USD,postfreeze,1,SWISS,2,BO3,5,,161,iromm,hollow7,hollow7,decisive,Eleven Gomes,mega-lucario-ex-b3,Mega Lucario ex,,1,2,0,161,hollow7,hydreigon-mega-absol-ex-b1,Hydreigon Mega Absol ex,hydreigon,5,3,0,40
6ab1739df127b1b52c27ed98,2026-09-26T16:00:00.000Z,PMPT #48 - TEAM ROCKETS ALTERCATION!!! | $100 USD,postfreeze,1,SWISS,2,BO3,6,,162,akaseahri,pkmn_sensei,pkmn_sensei,decisive,AkaseAhri,meowscarada-ex-b2a-meowscarada-a2b,Meowscarada ex Meowscarada,,1,1,0,207,PKMN_Sensei,ho-oh-ex-a4-charmeleon-b2b,Ho-Oh ex Charmeleon,,3,4,0,96
6ab1739df127b1b52c27ed98,2026-09-26T16:00:00.000Z,PMPT #48 - TEAM ROCKETS ALTERCATION!!! | $100 USD,postfreeze,1,SWISS,2,BO3,7,,163,estehlegitea,kresna19,kresna19,decisive,𝗠𝗲𝗴𝗮 Hasan 𝗘𝗫,team-rockets-weezing-ex-b4a-hoopa-ex-b4,Team Rocket's Weezing ex Hoopa ex,weezing,5,3,0,50,Kresna19,magnezone-b1a-miraidon-ex-b3a,Magnezone Miraidon ex,,4,3,0,53
6ab1739df127b1b52c27ed98,2026-09-26T16:00:00.000Z,PMPT #48 - TEAM ROCKETS ALTERCATION!!! | $100 USD,postfreeze,1,SWISS,2,BO3,8,,164,feyyzo,kovacs469,kovacs469,decisive,Feyyzo,hoopa-ex-b4-mega-absol-ex-b1,Hoopa ex Mega Absol ex,hoopa_absol,4,3,0,64,kovacs469,butterfree-b3b-mega-sceptile-ex-b3,Butterfree Mega Sceptile ex,sceptile,6,3,0,26
6ab1739df127b1b52c27ed98,2026-09-26T16:00:00.000Z,PMPT #48 - TEAM ROCKETS ALTERCATION!!! | $100 USD,postfreeze,1,SWISS,2,BO3,9,,165,ventrixd,elmarcoo,ventrixd,decisive,VentriXD,magnezone-b1a-miraidon-ex-b3a,Magnezone Miraidon ex,,6,2,1,20,eLMarcoO,mega-blaziken-ex-b1,Mega Blaziken ex,blaziken,6,3,0,28
6ab1739df127b1b52c27ed98,2026-09-26T16:00:00.000Z,PMPT #48 - TEAM ROCKETS ALTERCATION!!! | $100 USD,postfreeze,1,SWISS,2,BO3,10,,166,ghalileo,jacobjayyy,ghalileo,decisive,Ghalileo,mega-charizard-y-ex-b1a-charizard-ex-a1,Mega Charizard Y ex Charizard ex,,3,4,0,84,Jacobjayyy,electivire-magmortar-b2b,Electivire Magmortar,,2,2,0,155
6ab1739df127b1b52c27ed98,2026-09-26T16:00:00.000Z,PMPT #48 - TEAM ROCKETS ALTERCATION!!! | $100 USD,postfreeze,1,SWISS,2,BO3,11,,167,bennymacfak,diegolq,bennymacfak,decisive,BennyMacFak,dragonair-mega-rayquaza-ex-b4,Dragonair Mega Rayquaza ex,,2,2,0,127,diegolq,dragonair-mega-rayquaza-ex-b4,Dragonair Mega Rayquaza ex,,2,3,0,134
6ab1739df127b1b52c27ed98,2026-09-26T16:00:00.000Z,PMPT #48 - TEAM ROCKETS ALTERCATION!!! | $100 USD,postfreeze,1,SWISS,2,BO3,12,,168,celteex,toddyfox,toddyfox,decisive,Celteex,milotic-ex-b3b-eevee-ex-a3b,Milotic ex Eevee ex,,1,3,0,162,Toddyfox,suicune-ex-a4a-baxcalibur-b2a,Suicune ex Baxcalibur,suicune,3,2,0,92
6ab1739df127b1b52c27ed98,2026-09-26T16:00:00.000Z,PMPT #48 - TEAM ROCKETS ALTERCATION!!! | $100 USD,postfreeze,1,SWISS,2,BO3,13,,169,davionn,sirus,sirus,decisive,Davionn,mega-sableye-ex-b3b-darkrai-ex-a2,Mega Sableye ex Darkrai ex,,2,4,0,133,sirus,miraidon-ex-b3a-magnezone-b1a,Miraidon ex Magnezone,,7,2,1,13
6ab1739df127b1b52c27ed98,2026-09-26T16:00:00.000Z,PMPT #48 - TEAM ROCKETS ALTERCATION!!! | $100 USD,postfreeze,1,SWISS,2,BO3,14,,170,tesla20,beachboy,beachboy,decisive,Tesla20,dedenne-ex-b3b-pichu-a4,Dedenne ex Pichu,,3,3,0,99,BeachBoy,mega-altaria-ex-b1-espeon-b3a,Mega Altaria ex Espeon,altaria,8,2,1,7
6ab1739df127b1b52c27ed98,2026-09-26T16:00:00.000Z,PMPT #48 - TEAM ROCKETS ALTERCATION!!! | $100 USD,postfreeze,1,SWISS,2,BO3,15,,171,alice_69,mahorn0330,alice_69,decisive,Alice_69,mega-altaria-ex-b1-espeon-b3a,Mega Altaria ex Espeon,altaria,6,1,2,,Mahorn0330,suicune-ex-a4a-baxcalibur-b2a,Suicune ex Baxcalibur,suicune,3,4,0,91
6ab1739df127b1b52c27ed98,2026-09-26T16:00:00.000Z,PMPT #48 - TEAM ROCKETS ALTERCATION!!! | $100 USD,postfreeze,1,SWISS,2,BO3,16,,172,rekklesbert,breaking2mirror,breaking2mirror,decisive,Rekklesbert,mega-lucario-ex-b3-lucario-a2,Mega Lucario ex Lucario,lucario,5,2,1,36,Breaking2mirror,butterfree-b3b-mega-sceptile-ex-b3,Butterfree Mega Sceptile ex,sceptile,3,3,0,85
6ab1739df127b1b52c27ed98,2026-09-26T16:00:00.000Z,PMPT #48 - TEAM ROCKETS ALTERCATION!!! | $100 USD,postfreeze,1,SWISS,2,BO3,17,,173,adi1906,raizima,adi1906,decisive,Adi1906,mega-charizard-y-ex-b1a-entei-ex-a4a,Mega Charizard Y ex Entei ex,charizardy_entei,4,3,0,60,Raizima,mega-lucario-ex-b3-lucario-a2,Mega Lucario ex Lucario,lucario,3,3,0,111
6ab1739df127b1b52c27ed98,2026-09-26T16:00:00.000Z,PMPT #48 - TEAM ROCKETS ALTERCATION!!! | $100 USD,postfreeze,1,SWISS,2,BO3,18,,174,silver2991,jessicafknj,silver2991,decisive,Silver2991,vespiquen-ex-b4-shuckle-ex-a4,Vespiquen ex Shuckle ex,vespiquen,5,3,0,38,jessicafknj,mega-gardevoir-ex-b2-mega-diancie-ex-b3b,Mega Gardevoir ex Mega Diancie ex,,1,2,0,167
6ab1739df127b1b52c27ed98,2026-09-26T16:00:00.000Z,PMPT #48 - TEAM ROCKETS ALTERCATION!!! | $100 USD,postfreeze,1,SWISS,2,BO3,19,,175,tz_gaoren,brendon68,tz_gaoren,decisive,TZ_Gaoren,mega-lucario-ex-b3-lucario-a2,Mega Lucario ex Lucario,lucario,4,3,0,58,Brendon68,hoopa-ex-b4-greninja-a1,Hoopa ex Greninja,,4,3,0,66
6ab1739df127b1b52c27ed98,2026-09-26T16:00:00.000Z,PMPT #48 - TEAM ROCKETS ALTERCATION!!! | $100 USD,postfreeze,1,SWISS,2,BO3,20,,176,thebologneseguy,sandy_permata205,sandy_permata205,decisive,TheBologneseGuy,mega-altaria-ex-b1-espeon-b3a,Mega Altaria ex Espeon,altaria,1,3,0,165,𝗠𝗲𝗴𝗮 Razor 𝗘𝗫,magnezone-b1a-miraidon-ex-b3a,Magnezone Miraidon ex,,3,1,0,107
6ab1739df127b1b52c27ed98,2026-09-26T16:00:00.000Z,PMPT #48 - TEAM ROCKETS ALTERCATION!!! | $100 USD,postfreeze,1,SWISS,2,BO3,21,,177,jphenomenal,dj_marnel,dj_marnel,decisive,TBC|| JPhenomenal,magnezone-b1a-miraidon-ex-b3a,Magnezone Miraidon ex,,5,3,0,42, 𝐃𝐍𝐓 | DjMarnel,suicune-ex-a4a-baxcalibur-b2a,Suicune ex Baxcalibur,suicune,10,1,0,5
6ab1739df127b1b52c27ed98,2026-09-26T16:00:00.000Z,PMPT #48 - TEAM ROCKETS ALTERCATION!!! | $100 USD,postfreeze,1,SWISS,2,BO3,22,,178,byxs,random,random,decisive,Byxs,mega-altaria-ex-b1-espeon-b3a,Mega Altaria ex Espeon,altaria,1,2,0,187,Random,magnezone-ex-b3-magnezone-b1a,Magnezone ex Magnezone,,6,3,0,25
6ab1739df127b1b52c27ed98,2026-09-26T16:00:00.000Z,PMPT #48 - TEAM ROCKETS ALTERCATION!!! | $100 USD,postfreeze,1,SWISS,2,BO3,23,,179,rayblu,frogger,frogger,decisive,DNT | Raybu,magnezone-b1a-miraidon-ex-b3a,Magnezone Miraidon ex,,1,5,0,193,Frogger,butterfree-b3b-mega-sceptile-ex-b3,Butterfree Mega Sceptile ex,sceptile,7,2,0,18
6ab1739df127b1b52c27ed98,2026-09-26T16:00:00.000Z,PMPT #48 - TEAM ROCKETS ALTERCATION!!! | $100 USD,postfreeze,1,SWISS,2,BO3,24,,180,shreyasplays,hansuwe,hansuwe,decisive,ShreyasPlays,suicune-ex-a4a-baxcalibur-b2a,Suicune ex Baxcalibur,suicune,9,3,0,4,Hansuwe,hoopa-ex-b4-mega-absol-ex-b1,Hoopa ex Mega Absol ex,hoopa_absol,9,2,0,6
6ab1739df127b1b52c27ed98,2026-09-26T16:00:00.000Z,PMPT #48 - TEAM ROCKETS ALTERCATION!!! | $100 USD,postfreeze,1,SWISS,2,BO3,25,,181,astanevergiveup,zeus5148,astanevergiveup,decisive,AstaNeverGiveUp,mega-altaria-ex-b1-espeon-b3a,Mega Altaria ex Espeon,altaria,5,2,1,32,Zeus5148,zoroark-ex-b3-mega-absol-ex-b1,Zoroark ex Mega Absol ex,,5,3,0,45
6ab1739df127b1b52c27ed98,2026-09-26T16:00:00.000Z,PMPT #48 - TEAM ROCKETS ALTERCATION!!! | $100 USD,postfreeze,1,SWISS,2,BO3,26,,182,hasalf,hectordf,hectordf,decisive,𝑻𝑩  / Hasalf,greninja-a1-mega-sableye-ex-b3b,Greninja Mega Sableye ex,,3,3,0,108,PGX | HectorDF,suicune-ex-a4a-baxcalibur-b2a,Suicune ex Baxcalibur,suicune,2,2,0,116
6ab1739df127b1b52c27ed98,2026-09-26T16:00:00.000Z,PMPT #48 - TEAM ROCKETS ALTERCATION!!! | $100 USD,postfreeze,1,SWISS,2,BO3,27,,183,kodra,anhz,kodra,decisive,Kodra,hoopa-ex-b4-greninja-a1,Hoopa ex Greninja,,3,4,0,89,AnHz,hydreigon-mega-absol-ex-b1,Hydreigon Mega Absol ex,hydreigon,4,3,0,63
6ab1739df127b1b52c27ed98,2026-09-26T16:00:00.000Z,PMPT #48 - TEAM ROCKETS ALTERCATION!!! | $100 USD,postfreeze,1,SWISS,2,BO3,28,,184,iluchien,luxmea,luxmea,decisive,iluchien,mega-altaria-ex-b1-happiny-b4a,Mega Altaria ex Happiny,,3,4,0,98,Luxmea,mega-lucario-ex-b3-lucario-a2,Mega Lucario ex Lucario,lucario,2,5,0,130
6ab1739df127b1b52c27ed98,2026-09-26T16:00:00.000Z,PMPT #48 - TEAM ROCKETS ALTERCATION!!! | $100 USD,postfreeze,1,SWISS,2,BO3,29,,185,capcaps,hajime9009,hajime9009,decisive,𝗣𝗛𝗫 Captain Capslock,mega-diancie-ex-carbink-b3b,Mega Diancie ex Carbink,,5,3,0,46,Hajime9009,charizard-ex-a1-mega-charizard-y-ex-b1a,Charizard ex Mega Charizard Y ex,,4,3,0,52
6ab1739df127b1b52c27ed98,2026-09-26T16:00:00.000Z,PMPT #48 - TEAM ROCKETS ALTERCATION!!! | $100 USD,postfreeze,1,SWISS,2,BO3,30,,186,reizero0712,sketchytripod,sketchytripod,decisive,Reizero0712,mega-lucario-ex-b3-lucario-a2,Mega Lucario ex Lucario,lucario,3,4,0,106,sketchytripod,dragonair-mega-rayquaza-ex-b4,Dragonair Mega Rayquaza ex,,2,1,0,141
6ab1739df127b1b52c27ed98,2026-09-26T16:00:00.000Z,PMPT #48 - TEAM ROCKETS ALTERCATION!!! | $100 USD,postfreeze,1,SWISS,2,BO3,31,,187,smthg,blackajr,smthg,decisive,Smthg,pikachu-ex-a1-tauros-ex-b1,Pikachu ex Tauros ex,,3,4,0,86,BlackAJR,mega-altaria-ex-b1-espeon-b3a,Mega Altaria ex Espeon,altaria,6,3,0,30
6ab1739df127b1b52c27ed98,2026-09-26T16:00:00.000Z,PMPT #48 - TEAM ROCKETS ALTERCATION!!! | $100 USD,postfreeze,1,SWISS,2,BO3,32,,188,bstarr,sparadrap,sparadrap,decisive,Bstarr,butterfree-b3b-mega-sceptile-ex-b3,Butterfree Mega Sceptile ex,sceptile,3,3,0,104,Sparadrap,hydreigon-mega-absol-ex-b1,Hydreigon Mega Absol ex,hydreigon,4,3,0,61
6ab1739df127b1b52c27ed98,2026-09-26T16:00:00.000Z,PMPT #48 - TEAM ROCKETS ALTERCATION!!! | $100 USD,postfreeze,1,SWISS,2,BO3,33,,189,eeveeon,griffsama,griffsama,decisive,𝗠𝗲𝗴𝗮 eeveeon 𝗘𝗫,team-rockets-weezing-ex-b4a-hoopa-ex-b4,Team Rocket's Weezing ex Hoopa ex,weezing,2,3,0,117,sZero | GriffSama,mega-altaria-ex-b1-greninja-a1,Mega Altaria ex Greninja,,5,2,1,33
6ab1739df127b1b52c27ed98,2026-09-26T16:00:00.000Z,PMPT #48 - TEAM ROCKETS ALTERCATION!!! | $100 USD,postfreeze,1,SWISS,2,BO3,34,,190,lockpick04,warpis,warpis,decisive,Lockpick04,vespiquen-ex-b4-shuckle-ex-a4,Vespiquen ex Shuckle ex,vespiquen,4,3,0,65,𝗠𝗲𝗴𝗮 SIPRAW 𝗘𝗫,mega-altaria-ex-b1-greninja-a1,Mega Altaria ex Greninja,,7,2,0,17
6ab1739df127b1b52c27ed98,2026-09-26T16:00:00.000Z,PMPT #48 - TEAM ROCKETS ALTERCATION!!! | $100 USD,postfreeze,1,SWISS,2,BO3,35,,191,red_the_champion,dron,red_the_champion,decisive,Red_the_Champion,dragonair-mega-rayquaza-ex-b4,Dragonair Mega Rayquaza ex,,4,3,0,57,Dron,miraidon-ex-b3a-magnezone-b1a,Miraidon ex Magnezone,,2,3,0,142
6ab1739df127b1b52c27ed98,2026-09-26T16:00:00.000Z,PMPT #48 - TEAM ROCKETS ALTERCATION!!! | $100 USD,postfreeze,1,SWISS,2,BO3,36,,192,njjord7,masaki0304,masaki0304,decisive,FrogEX | Njord,beautifly-dustox-b4,Beautifly Dustox,,3,3,0,95,masaki0304,mega-diancie-ex-carbink-b3b,Mega Diancie ex Carbink,,2,3,0,121
6ab1739df127b1b52c27ed98,2026-09-26T16:00:00.000Z,PMPT #48 - TEAM ROCKETS ALTERCATION!!! | $100 USD,postfreeze,1,SWISS,2,BO3,37,,193,marquisb93,yt_yoshgaming,marquisb93,decisive,MarquisB93,team-rockets-weezing-ex-b4a-zoroark-ex-b3,Team Rocket's Weezing ex Zoroark ex,,9,2,1,3,YT_YoshGaming,mega-lucario-ex-b3-lucario-a2,Mega Lucario ex Lucario,lucario,1,4,0,180
6ab1739df127b1b52c27ed98,2026-09-26T16:00:00.000Z,PMPT #48 - TEAM ROCKETS ALTERCATION!!! | $100 USD,postfreeze,1,SWISS,2,BO3,38,,194,zigizaga,razbersky202,razbersky202,decisive,zigizaga,mega-blaziken-ex-b1-greninja-a1,Mega Blaziken ex Greninja,,1,5,0,191,Razbersky202,beautifly-b1-dustox-b4,Beautifly Dustox,,4,3,0,51
6ab1739df127b1b52c27ed98,2026-09-26T16:00:00.000Z,PMPT #48 - TEAM ROCKETS ALTERCATION!!! | $100 USD,postfreeze,1,SWISS,2,BO3,39,,195,jhum,momo0342,momo0342,decisive,JHum,dedenne-ex-b3b-indeedee-ex-b1,Dedenne ex Indeedee ex,,4,3,0,54,Momo0342,butterfree-b3b-mega-sceptile-ex-b3,Butterfree Mega Sceptile ex,sceptile,4,3,0,67
6ab1739df127b1b52c27ed98,2026-09-26T16:00:00.000Z,PMPT #48 - TEAM ROCKETS ALTERCATION!!! | $100 USD,postfreeze,1,SWISS,2,BO3,40,,196,funksterhamster,den670,den670,decisive,FunksterHamster,magnezone-ex-b3-magnezone-b1a,Magnezone ex Magnezone,,2,3,0,148,den670,mega-manectric-ex-b2b-heliolisk-b4,Mega Manectric ex Heliolisk,manectric_heliolisk,5,3,0,44
6ab1739df127b1b52c27ed98,2026-09-26T16:00:00.000Z,PMPT #48 - TEAM ROCKETS ALTERCATION!!! | $100 USD,postfreeze,1,SWISS,2,BO3,41,,197,deister,lolocatchem,lolocatchem,decisive,deister,dragonair-mega-rayquaza-ex-b4,Dragonair Mega Rayquaza ex,,4,3,0,55,LoLoCatchEm,hydreigon-mega-absol-ex-b1,Hydreigon Mega Absol ex,hydreigon,2,3,0,118
6ab1739df127b1b52c27ed98,2026-09-26T16:00:00.000Z,PMPT #48 - TEAM ROCKETS ALTERCATION!!! | $100 USD,postfreeze,1,SWISS,2,BO3,42,,198,javiee333,ishaan,javiee333,decisive,𝗠𝗢𝗡⭐️ | Javiee333,mega-manectric-ex-b2b-heliolisk-b4,Mega Manectric ex Heliolisk,manectric_heliolisk,8,2,0,10,Ishaan,suicune-ex-a4a-baxcalibur-b2a,Suicune ex Baxcalibur,suicune,2,2,0,123
6ab1739df127b1b52c27ed98,2026-09-26T16:00:00.000Z,PMPT #48 - TEAM ROCKETS ALTERCATION!!! | $100 USD,postfreeze,1,SWISS,2,BO3,43,,199,sly_dizz,aeoness,aeoness,decisive,sly_dizz,flutter-mane-ex-b3a-greninja-a1,Flutter Mane ex Greninja,,1,2,0,182,aeoness,mega-altaria-ex-b1-espeon-b3a,Mega Altaria ex Espeon,altaria,3,3,0,97
6ab1739df127b1b52c27ed98,2026-09-26T16:00:00.000Z,PMPT #48 - TEAM ROCKETS ALTERCATION!!! | $100 USD,postfreeze,1,SWISS,2,BO3,44,,200,lv80mewtwo,garoth,lv80mewtwo,decisive,𝗕𝗢𝗔𝗧 | Mewtwo,charizard-ex-a2b-mega-charizard-y-ex-b1a,Charizard ex Mega Charizard Y ex,,2,1,0,129,IMP | Garoth,vespiquen-ex-b4-shuckle-ex-a4,Vespiquen ex Shuckle ex,vespiquen,3,3,0,87
6ab1739df127b1b52c27ed98,2026-09-26T16:00:00.000Z,PMPT #48 - TEAM ROCKETS ALTERCATION!!! | $100 USD,postfreeze,1,SWISS,2,BO3,45,,201,soap728,nabrix,soap728,decisive,soap728,mega-blaziken-ex-b1,Mega Blaziken ex,blaziken,10,2,1,2,Nabrix,suicune-ex-a4a-baxcalibur-b2a,Suicune ex Baxcalibur,suicune,5,3,0,48
6ab1739df127b1b52c27ed98,2026-09-26T16:00:00.000Z,PMPT #48 - TEAM ROCKETS ALTERCATION!!! | $100 USD,postfreeze,1,SWISS,2,BO3,46,,202,dragby,hamza007,hamza007,decisive,Dragby,hydreigon-mega-absol-ex-b1,Hydreigon Mega Absol ex,hydreigon,1,5,0,185,𝗠𝗮𝗴𝗺𝗮 Hamza,mega-altaria-ex-b1-espeon-b3a,Mega Altaria ex Espeon,altaria,7,2,0,19
6ab1739df127b1b52c27ed98,2026-09-26T16:00:00.000Z,PMPT #48 - TEAM ROCKETS ALTERCATION!!! | $100 USD,postfreeze,1,SWISS,2,BO3,47,,203,themadhimalayan,zagazaga,zagazaga,decisive,TheMadHimalayan,mega-altaria-ex-chingling-b1,Mega Altaria ex Chingling,,1,5,0,192,ZaGaZaGa,charizard-ex-a1-mega-charizard-y-ex-b1a,Charizard ex Mega Charizard Y ex,,5,2,1,35
6ab1739df127b1b52c27ed98,2026-09-26T16:00:00.000Z,PMPT #48 - TEAM ROCKETS ALTERCATION!!! | $100 USD,postfreeze,1,SWISS,2,BO3,48,,204,aliga,darkaufeu,aliga,decisive,aliga,mega-sceptile-ex-b3-greninja-a1,Mega Sceptile ex Greninja,,3,3,0,82,Darkaufeu,garchomp-b4a-cleffa-a4,Garchomp Cleffa,,4,3,0,76
6ab1739df127b1b52c27ed98,2026-09-26T16:00:00.000Z,PMPT #48 - TEAM ROCKETS ALTERCATION!!! | $100 USD,postfreeze,1,SWISS,2,BO3,49,,205,asterphoenix,joshuasutherland21,joshuasutherland21,decisive,AsterPhoenix,zoroark-ex-b3-mega-absol-ex-b1,Zoroark ex Mega Absol ex,,1,3,0,189,TDL | MoonlightshurikenVT,mega-altaria-ex-b1-greninja-a1,Mega Altaria ex Greninja,,6,3,0,27
6ab1739df127b1b52c27ed98,2026-09-26T16:00:00.000Z,PMPT #48 - TEAM ROCKETS ALTERCATION!!! | $100 USD,postfreeze,1,SWISS,2,BO3,50,,206,chopyournut,tree121,tree121,decisive,Chopyournut,mega-blaziken-ex-b1-castform-sunny-form-b3,Mega Blaziken ex Castform Sunny Form,,3,3,0,105,Tree121,meowscarada-ex-b2a-meowscarada-a2b,Meowscarada ex Meowscarada,,2,3,0,115
6ab1739df127b1b52c27ed98,2026-09-26T16:00:00.000Z,PMPT #48 - TEAM ROCKETS ALTERCATION!!! | $100 USD,postfreeze,1,SWISS,2,BO3,51,,207,dens,cavvyr,dens,decisive,Dens,mega-blaziken-ex-b1,Mega Blaziken ex,blaziken,4,3,0,59,CavvyR,vespiquen-ex-b4-shuckle-ex-a4,Vespiquen ex Shuckle ex,vespiquen,4,3,0,68
6ab1739df127b1b52c27ed98,2026-09-26T16:00:00.000Z,PMPT #48 - TEAM ROCKETS ALTERCATION!!! | $100 USD,postfreeze,1,SWISS,2,BO3,52,,208,enggar,panteloss,enggar,decisive,Enggar/ Aqua,mega-altaria-ex-b1-espeon-b3a,Mega Altaria ex Espeon,altaria,6,3,0,22,panteloss,mega-altaria-ex-b1-espeon-b3a,Mega Altaria ex Espeon,altaria,1,1,0,175
6ab1739df127b1b52c27ed98,2026-09-26T16:00:00.000Z,PMPT #48 - TEAM ROCKETS ALTERCATION!!! | $100 USD,postfreeze,1,SWISS,2,BO3,53,,209,mcleoid,dietdrkelp,mcleoid,decisive,McLeoid,hydreigon-mega-absol-ex-b1,Hydreigon Mega Absol ex,hydreigon,8,2,0,9,𝗠𝗢𝗡⭐️| Suede,mega-lucario-ex-b3-lucario-a2,Mega Lucario ex Lucario,lucario,1,3,0,160
6ab1739df127b1b52c27ed98,2026-09-26T16:00:00.000Z,PMPT #48 - TEAM ROCKETS ALTERCATION!!! | $100 USD,postfreeze,1,SWISS,2,BO3,54,,210,soobroo,starcadian,starcadian,decisive,SOOBROO,hoopa-ex-b4-mega-absol-ex-b1,Hoopa ex Mega Absol ex,hoopa_absol,2,3,0,120,Starcadian,beautifly-b1-dustox-b4,Beautifly Dustox,,5,3,0,39
6ab1739df127b1b52c27ed98,2026-09-26T16:00:00.000Z,PMPT #48 - TEAM ROCKETS ALTERCATION!!! | $100 USD,postfreeze,1,SWISS,2,BO3,55,,211,amilaz,jmbd,amilaz,decisive,amilaz,entei-ex-a4a,Entei ex,,5,3,0,43,Jmbd,espeon-b3a-mimikyu-ex-b2,Espeon Mimikyu ex,,2,3,0,128
6ab1739df127b1b52c27ed98,2026-09-26T16:00:00.000Z,PMPT #48 - TEAM ROCKETS ALTERCATION!!! | $100 USD,postfreeze,1,SWISS,2,BO3,56,,212,mayakashii,threevela,threevela,decisive,Mayakashii,hydreigon-b1-absol-b4,Hydreigon Absol,,1,1,0,166,𝐃𝐍𝐓 | ThreeVela,magnezone-b1a-miraidon-ex-b3a,Magnezone Miraidon ex,,5,2,1,34
6ab1739df127b1b52c27ed98,2026-09-26T16:00:00.000Z,PMPT #48 - TEAM ROCKETS ALTERCATION!!! | $100 USD,postfreeze,1,SWISS,2,BO3,57,,213,parso_mon,axelniraj,axelniraj,decisive,Parso_Mon,mega-altaria-ex-b1-espeon-b3a,Mega Altaria ex Espeon,altaria,1,2,0,164,Void ,mega-sceptile-ex-sceptile-b3,Mega Sceptile ex Sceptile,,5,2,1,37
6ab1739df127b1b52c27ed98,2026-09-26T16:00:00.000Z,PMPT #48 - TEAM ROCKETS ALTERCATION!!! | $100 USD,postfreeze,1,SWISS,2,BO3,58,,214,alta,jlng,jlng,decisive,Alta,butterfree-b3b-mega-sceptile-ex-b3,Butterfree Mega Sceptile ex,sceptile,5,3,0,47,JLNG,mega-blaziken-ex-b1,Mega Blaziken ex,blaziken,6,2,1,21
6ab1739df127b1b52c27ed98,2026-09-26T16:00:00.000Z,PMPT #48 - TEAM ROCKETS ALTERCATION!!! | $100 USD,postfreeze,1,SWISS,2,BO3,59,,215,fuuyii,abnermoyai,abnermoyai,decisive,Fuuyii,mega-sceptile-ex-b3-greninja-a1,Mega Sceptile ex Greninja,,3,3,0,100,𝐈𝐌𝐎 Moyai,mega-sceptile-ex-b3-teal-mask-ogerpon-ex-b2,Mega Sceptile ex Teal Mask Ogerpon ex,,3,4,0,83
6ab1739df127b1b52c27ed98,2026-09-26T16:00:00.000Z,PMPT #48 - TEAM ROCKETS ALTERCATION!!! | $100 USD,postfreeze,1,SWISS,2,BO3,60,,216,berlusconismurf,arifanrizqi,arifanrizqi,decisive,Berlusconismurf,mega-charizard-y-ex-b1a-entei-ex-a4a,Mega Charizard Y ex Entei ex,charizardy_entei,7,3,0,16,arifanrizqi,butterfree-b3b-mega-sceptile-ex-b3,Butterfree Mega Sceptile ex,sceptile,3,4,0,90
6ab1739df127b1b52c27ed98,2026-09-26T16:00:00.000Z,PMPT #48 - TEAM ROCKETS ALTERCATION!!! | $100 USD,postfreeze,1,SWISS,2,BO3,61,,217,supreme13,almaforger,supreme13,decisive,𝗕𝗮𝗹𝗱 Supreme,crobat-a2a-mega-sableye-ex-b3b,Crobat Mega Sableye ex,,3,3,0,94,𝐌𝐞𝐠𝐚 Anya 𝐄𝐗,butterfree-b3b-mega-sceptile-ex-b3,Butterfree Mega Sceptile ex,sceptile,0,2,0,240
6ab1739df127b1b52c27ed98,2026-09-26T16:00:00.000Z,PMPT #48 - TEAM ROCKETS ALTERCATION!!! | $100 USD,postfreeze,1,SWISS,2,BO3,62,,218,esteban0708,goku6767,goku6767,decisive,Esteban0708,mega-lucario-ex-b3-lucario-a2,Mega Lucario ex Lucario,lucario,0,2,0,264,goku6767,mega-charizard-y-ex-b1a-entei-ex-a4a,Mega Charizard Y ex Entei ex,charizardy_entei,1,3,0,181
6ab1739df127b1b52c27ed98,2026-09-26T16:00:00.000Z,PMPT #48 - TEAM ROCKETS ALTERCATION!!! | $100 USD,postfreeze,1,SWISS,2,BO3,63,,219,pauk55,hextor,hextor,decisive,𝗠𝗢𝗡𝗢 . Pauk,dragonair-mega-rayquaza-ex-b4,Dragonair Mega Rayquaza ex,,0,2,0,257,hextor,mega-lucario-ex-b3-hitmonchan-ex-b1,Mega Lucario ex Hitmonchan ex,,1,2,0,201
6ab1739df127b1b52c27ed98,2026-09-26T16:00:00.000Z,PMPT #48 - TEAM ROCKETS ALTERCATION!!! | $100 USD,postfreeze,1,SWISS,2,BO3,64,,220,xfreddy,manux,manux,decisive,XFreddy,dedenne-ex-b3b-indeedee-ex-b1,Dedenne ex Indeedee ex,,0,3,0,228,Manux,mega-lucario-ex-b3-teal-mask-ogerpon-ex-b2,Mega Lucario ex Teal Mask Ogerpon ex,,11,1,1,1
6ab1739df127b1b52c27ed98,2026-09-26T16:00:00.000Z,PMPT #48 - TEAM ROCKETS ALTERCATION!!! | $100 USD,postfreeze,1,SWISS,2,BO3,65,,221,srafaelitocs,pepin_mx,pepin_mx,decisive,srafaelitocs,mega-altaria-ex-b1-espeon-b3a,Mega Altaria ex Espeon,altaria,4,3,0,81,pepin_mx,mega-altaria-ex-b1-espeon-b3a,Mega Altaria ex Espeon,altaria,2,2,0,114
6ab1739df127b1b52c27ed98,2026-09-26T16:00:00.000Z,PMPT #48 - TEAM ROCKETS ALTERCATION!!! | $100 USD,postfreeze,1,SWISS,2,BO3,66,,222,andres941cs,kirlock34,kirlock34,decisive,andres941cs,team-rockets-raticate-ex-b4a-mega-lucario-ex-b3,Team Rocket's Raticate ex Mega Lucario ex,,0,4,0,239,Kirlock34,mega-sceptile-ex-b3-greninja-a1,Mega Sceptile ex Greninja,,2,3,0,153
6ab1739df127b1b52c27ed98,2026-09-26T16:00:00.000Z,PMPT #48 - TEAM ROCKETS ALTERCATION!!! | $100 USD,postfreeze,1,SWISS,2,BO3,67,,223,allnyta,evand,evand,decisive,AllNyta,galarian-obstagoon-b2-mega-sableye-ex-b3b,Galarian Obstagoon Mega Sableye ex,,0,2,0,263,PGX | EvanD,mega-altaria-ex-b1-greninja-a1,Mega Altaria ex Greninja,,1,3,0,174
6ab1739df127b1b52c27ed98,2026-09-26T16:00:00.000Z,PMPT #48 - TEAM ROCKETS ALTERCATION!!! | $100 USD,postfreeze,1,SWISS,2,BO3,68,,224,cloudypanda,welshman16,cloudypanda,decisive,CloudyPanda,mega-diancie-ex-carbink-b3b,Mega Diancie ex Carbink,,2,2,0,143,welshman16,dragonair-mega-rayquaza-ex-b4,Dragonair Mega Rayquaza ex,,0,3,0,227
6ab1739df127b1b52c27ed98,2026-09-26T16:00:00.000Z,PMPT #48 - TEAM ROCKETS ALTERCATION!!! | $100 USD,postfreeze,1,SWISS,2,BO3,69,,225,iduh,luffytaro_91,iduh,decisive,𝗠𝗲𝗴𝗮 Iduh 𝗘𝗫,dragonair-mega-rayquaza-ex-b4,Dragonair Mega Rayquaza ex,,2,3,0,138,Luffytaro_91,hoopa-ex-b4-tyranitar-a4,Hoopa ex Tyranitar,,0,2,0,234
6ab1739df127b1b52c27ed98,2026-09-26T16:00:00.000Z,PMPT #48 - TEAM ROCKETS ALTERCATION!!! | $100 USD,postfreeze,1,SWISS,2,BO3,70,,226,fall88,tommyhp,tommyhp,decisive,Fall88,mega-swampert-ex-b2-greninja-a1,Mega Swampert ex Greninja,,4,3,0,69,tommyhp,mega-altaria-ex-b1-igglybuff-a4a,Mega Altaria ex Igglybuff,,6,3,0,24
6ab1739df127b1b52c27ed98,2026-09-26T16:00:00.000Z,PMPT #48 - TEAM ROCKETS ALTERCATION!!! | $100 USD,postfreeze,1,SWISS,2,BO3,71,,227,shinra67,marckedcards,marckedcards,decisive,𝗕𝗢𝗔𝗧| Satoru Gojo,magnezone-ex-b3-magnezone-b1a,Magnezone ex Magnezone,,0,3,0,230,MarckedCards,butterfree-b3b-mega-sceptile-ex-b3,Butterfree Mega Sceptile ex,sceptile,1,6,0,194
6ab1739df127b1b52c27ed98,2026-09-26T16:00:00.000Z,PMPT #48 - TEAM ROCKETS ALTERCATION!!! | $100 USD,postfreeze,1,SWISS,2,BO3,72,,228,crankin,asia81,asia81,decisive,Crankin,decidueye-ex-a3-team-rockets-electrode-b4a,Decidueye ex Team Rocket's Electrode,,0,2,0,218,Asia81,beautifly-b1-dustox-b4,Beautifly Dustox,,4,3,0,56
6ab1739df127b1b52c27ed98,2026-09-26T16:00:00.000Z,PMPT #48 - TEAM ROCKETS ALTERCATION!!! | $100 USD,postfreeze,1,SWISS,2,BO3,73,,229,vegegras,doctorfun,vegegras,decisive,Vegegras,magnezone-b1a-miraidon-ex-b3a,Magnezone Miraidon ex,,2,5,0,119,DoctorFun,beautifly-dustox-b4,Beautifly Dustox,,4,3,0,80
6ab1739df127b1b52c27ed98,2026-09-26T16:00:00.000Z,PMPT #48 - TEAM ROCKETS ALTERCATION!!! | $100 USD,postfreeze,1,SWISS,2,BO3,74,,230,fiteiras94,xshortyx118,fiteiras94,decisive,fiteiras94,dragonair-mega-rayquaza-ex-b4,Dragonair Mega Rayquaza ex,,2,3,0,147,xShoRtyx118,mega-scizor-ex-revavroom-b2b,Mega Scizor ex Revavroom,,0,2,0,242
6ab1739df127b1b52c27ed98,2026-09-26T16:00:00.000Z,PMPT #48 - TEAM ROCKETS ALTERCATION!!! | $100 USD,postfreeze,1,SWISS,2,BO3,75,,231,ynovator,liquidedge,liquidedge,decisive,ynovator,mega-altaria-ex-b1-espeon-b3a,Mega Altaria ex Espeon,altaria,0,2,0,268,LiquidEdge,suicune-ex-a4a-baxcalibur-b2a,Suicune ex Baxcalibur,suicune,1,5,0,198
6ab1739df127b1b52c27ed98,2026-09-26T16:00:00.000Z,PMPT #48 - TEAM ROCKETS ALTERCATION!!! | $100 USD,postfreeze,1,SWISS,2,BO3,76,,232,esdeath,haryanto,esdeath,decisive,Esdeath,mega-altaria-ex-b1-happiny-b4a,Mega Altaria ex Happiny,,2,3,0,140,𝗠𝗲𝗴𝗮 Haryanto 𝗘𝗫,team-rockets-raticate-ex-b4a-arceus-ex-a2a,Team Rocket's Raticate ex Arceus ex,,0,3,0,246
6ab1739df127b1b52c27ed98,2026-09-26T16:00:00.000Z,PMPT #48 - TEAM ROCKETS ALTERCATION!!! | $100 USD,postfreeze,1,SWISS,2,BO3,77,,233,mashblock,turbone101,mashblock,decisive,Mashblock,mega-altaria-ex-b1,Mega Altaria ex,,2,5,0,146,Turbone101,beautifly-dustox-b4,Beautifly Dustox,,6,3,0,31
6ab1739df127b1b52c27ed98,2026-09-26T16:00:00.000Z,PMPT #48 - TEAM ROCKETS ALTERCATION!!! | $100 USD,postfreeze,1,SWISS,2,BO3,78,,234,sparza,javlynt,sparza,decisive,Sparza,mega-lucario-ex-b3-lucario-a2,Mega Lucario ex Lucario,lucario,2,3,0,139,JavlyNT,indeedee-ex-b1-delphox-b4a,Indeedee ex Delphox,,0,2,0,225
6ab1739df127b1b52c27ed98,2026-09-26T16:00:00.000Z,PMPT #48 - TEAM ROCKETS ALTERCATION!!! | $100 USD,postfreeze,1,SWISS,2,BO3,79,,235,belceboss,nanutcg,nanutcg,decisive,belceboss,mega-altaria-ex-b1-espeon-b3a,Mega Altaria ex Espeon,altaria,0,4,0,251,𝐃𝐍𝐓 | Nanu,suicune-ex-a4a-baxcalibur-b2a,Suicune ex Baxcalibur,suicune,2,3,0,122
6ab1739df127b1b52c27ed98,2026-09-26T16:00:00.000Z,PMPT #48 - TEAM ROCKETS ALTERCATION!!! | $100 USD,postfreeze,1,SWISS,2,BO3,80,,236,matthewalex638,hanalana,hanalana,decisive,matthewalex638,hoopa-ex-b4-mega-absol-ex-b1,Hoopa ex Mega Absol ex,hoopa_absol,0,2,0,229,𝗠𝗲𝗴𝗮 Hanna 𝗘𝗫,mega-blaziken-ex-b1-greninja-a1,Mega Blaziken ex Greninja,,1,4,0,195
6ab1739df127b1b52c27ed98,2026-09-26T16:00:00.000Z,PMPT #48 - TEAM ROCKETS ALTERCATION!!! | $100 USD,postfreeze,1,SWISS,2,BO3,81,,237,shaquill10,caballoquemasletrote,caballoquemasletrote,decisive,Shaquill10,team-rockets-raticate-ex-b4a-arceus-ex-a2a,Team Rocket's Raticate ex Arceus ex,,1,6,0,200,Caballoquemasletrote,solgaleo-ex-a3-skarmory-a2,Solgaleo ex Skarmory,,1,3,0,196
6ab1739df127b1b52c27ed98,2026-09-26T16:00:00.000Z,PMPT #48 - TEAM ROCKETS ALTERCATION!!! | $100 USD,postfreeze,1,SWISS,2,BO3,82,,238,rikhardt,zonice,rikhardt,decisive,Rikhardt,mega-lucario-ex-b3-lucario-a2,Mega Lucario ex Lucario,lucario,2,2,0,145,𝙄𝙈𝙋 | Zonice,hoopa-ex-b4-greninja-a1,Hoopa ex Greninja,,0,3,0,237
6ab1739df127b1b52c27ed98,2026-09-26T16:00:00.000Z,PMPT #48 - TEAM ROCKETS ALTERCATION!!! | $100 USD,postfreeze,1,SWISS,2,BO3,83,,239,setooo,reg,reg,decisive,Setooo,hydreigon-mega-absol-ex-b1,Hydreigon Mega Absol ex,hydreigon,0,4,0,261,REG,jolteon-ex-b1-raichu-b4,Jolteon ex Raichu,,1,2,0,208
6ab1739df127b1b52c27ed98,2026-09-26T16:00:00.000Z,PMPT #48 - TEAM ROCKETS ALTERCATION!!! | $100 USD,postfreeze,1,SWISS,2,BO3,84,,240,mspinguino,pokefunky,pokefunky,decisive,mspinguino,mega-lucario-ex-b3-lucario-a2,Mega Lucario ex Lucario,lucario,1,4,0,205,PokeFunky,mega-altaria-ex-b1-greninja-a1,Mega Altaria ex Greninja,,1,3,0,179
6ab1739df127b1b52c27ed98,2026-09-26T16:00:00.000Z,PMPT #48 - TEAM ROCKETS ALTERCATION!!! | $100 USD,postfreeze,1,SWISS,2,BO3,85,,241,surdao123,alana,surdao123,decisive,surdao123,dedenne-ex-b3b-indeedee-ex-b1,Dedenne ex Indeedee ex,,3,3,0,103,𝗠𝗲𝗴𝗮 A̶l̶a̶n̶a̶ 𝗘𝗫,mega-swampert-ex-b2-mantyke-a4a,Mega Swampert ex Mantyke,,0,5,0,252
6ab1739df127b1b52c27ed98,2026-09-26T16:00:00.000Z,PMPT #48 - TEAM ROCKETS ALTERCATION!!! | $100 USD,postfreeze,1,SWISS,2,BO3,86,,242,angkelvin,phantom_knight1,angkelvin,decisive,AngkelVin,mega-blaziken-ex-blaziken-b1,Mega Blaziken ex Blaziken,,2,3,0,151,Phantom_Knight1,team-rockets-weezing-ex-team-rockets-magmar-b4a,Team Rocket's Weezing ex Team Rocket's Magmar,,1,4,0,197
6ab1739df127b1b52c27ed98,2026-09-26T16:00:00.000Z,PMPT #48 - TEAM ROCKETS ALTERCATION!!! | $100 USD,postfreeze,1,SWISS,2,BO3,87,,243,pierfigo,felixnnn,pierfigo,decisive,PierFigo,hydreigon-mega-absol-ex-b1,Hydreigon Mega Absol ex,hydreigon,6,3,0,29,Felixnnn,mega-lucario-ex-b3-lucario-a2,Mega Lucario ex Lucario,lucario,1,3,0,171
6ab1739df127b1b52c27ed98,2026-09-26T16:00:00.000Z,PMPT #48 - TEAM ROCKETS ALTERCATION!!! | $100 USD,postfreeze,1,SWISS,2,BO3,88,,244,elyons54,cosmooo,cosmooo,decisive,Elyons54,mega-blastoise-ex-b1a-eiscue-b1,Mega Blastoise ex Eiscue,,0,5,0,249,FrogEX | Cosmo,vespiquen-ex-b4-shuckle-ex-a4,Vespiquen ex Shuckle ex,vespiquen,4,3,0,73
6ab1739df127b1b52c27ed98,2026-09-26T16:00:00.000Z,PMPT #48 - TEAM ROCKETS ALTERCATION!!! | $100 USD,postfreeze,1,SWISS,2,BO3,89,,245,johntenders,redmaicon,johntenders,decisive,JohnTenders,beautifly-dustox-b4,Beautifly Dustox,,1,4,0,188,redmaicon,mega-charizard-y-ex-b1a-entei-ex-a4a,Mega Charizard Y ex Entei ex,charizardy_entei,0,2,0,238
6ab1739df127b1b52c27ed98,2026-09-26T16:00:00.000Z,PMPT #48 - TEAM ROCKETS ALTERCATION!!! | $100 USD,postfreeze,1,SWISS,2,BO3,90,,246,draxoz,highlight,highlight,decisive,DraXoZ,dragonair-mega-rayquaza-ex-b4,Dragonair Mega Rayquaza ex,,0,4,0,241,𝐅𝐈𝐑𝐄 | Highlight,butterfree-b3b-mega-sceptile-ex-b3,Butterfree Mega Sceptile ex,sceptile,4,3,0,71
6ab1739df127b1b52c27ed98,2026-09-26T16:00:00.000Z,PMPT #48 - TEAM ROCKETS ALTERCATION!!! | $100 USD,postfreeze,1,SWISS,2,BO3,91,,247,airimima,godi,airimima,decisive,AiriMima,mega-lucario-ex-b3-lucario-a2,Mega Lucario ex Lucario,lucario,2,5,0,149,Godi,dedenne-ex-b3b-indeedee-ex-b1,Dedenne ex Indeedee ex,,1,3,0,206
6ab1739df127b1b52c27ed98,2026-09-26T16:00:00.000Z,PMPT #48 - TEAM ROCKETS ALTERCATION!!! | $100 USD,postfreeze,1,SWISS,2,BO3,92,,248,elatomico,tcgyami,elatomico,decisive,PGX| El Atomico,zoroark-ex-b3-mega-absol-ex-b1,Zoroark ex Mega Absol ex,,7,3,0,14,tcgyami,solgaleo-ex-a3-skarmory-a2,Solgaleo ex Skarmory,,4,3,0,79
6ab1739df127b1b52c27ed98,2026-09-26T16:00:00.000Z,PMPT #48 - TEAM ROCKETS ALTERCATION!!! | $100 USD,postfreeze,1,SWISS,2,BO3,93,,249,golfermt,2sick,2sick,decisive,golfermt,miraidon-ex-b3a-magnezone-b1a,Miraidon ex Magnezone,,2,3,0,125,²ᵀ| ²ꜱɪᴄᴋ,vespiquen-ex-b4-shuckle-ex-a4,Vespiquen ex Shuckle ex,vespiquen,7,2,1,12
6ab1739df127b1b52c27ed98,2026-09-26T16:00:00.000Z,PMPT #48 - TEAM ROCKETS ALTERCATION!!! | $100 USD,postfreeze,1,SWISS,2,BO3,94,,250,javiercazorla,magikarpfishy,magikarpfishy,decisive,Javiercazorla,mega-manectric-ex-b2b-heliolisk-b4,Mega Manectric ex Heliolisk,manectric_heliolisk,1,4,0,190,MagikarpFishy,espeon-ex-a4-giratina-ex-a2b,Espeon ex Giratina ex,,1,1,0,210
6ab1739df127b1b52c27ed98,2026-09-26T16:00:00.000Z,PMPT #48 - TEAM ROCKETS ALTERCATION!!! | $100 USD,postfreeze,1,SWISS,2,BO3,95,,251,jaxtcgp,sleepy512pete,sleepy512pete,decisive,JaxTCGP,jumpluff-ex-a4a-team-rockets-electrode-b4a,Jumpluff ex Team Rocket's Electrode,,2,3,0,157,sleepy512pete,mega-altaria-ex-b1-espeon-b3a,Mega Altaria ex Espeon,altaria,1,3,0,183
6ab1739df127b1b52c27ed98,2026-09-26T16:00:00.000Z,PMPT #48 - TEAM ROCKETS ALTERCATION!!! | $100 USD,postfreeze,1,SWISS,2,BO3,96,,252,vegito_glazer,ur_ciao,ur_ciao,decisive,Vegito_Glazer,garchomp-b4a-goomy-b1,Garchomp Goomy,,0,4,0,254,𝙈𝙉𝙍𝘾 | Fring B,dragonair-mega-rayquaza-ex-b4,Dragonair Mega Rayquaza ex,,2,3,0,150
6ab1739df127b1b52c27ed98,2026-09-26T16:00:00.000Z,PMPT #48 - TEAM ROCKETS ALTERCATION!!! | $100 USD,postfreeze,1,SWISS,2,BO3,97,,253,mega_rezpectore_ex,soadmon,soadmon,decisive,𝗠𝗲𝗴𝗮 Rezpectore 𝗘𝗫,dedenne-ex-b3b-indeedee-ex-b1,Dedenne ex Indeedee ex,,0,2,0,223,Soadmon,mega-altaria-ex-b1-espeon-b3a,Mega Altaria ex Espeon,altaria,8,3,0,8
6ab1739df127b1b52c27ed98,2026-09-26T16:00:00.000Z,PMPT #48 - TEAM ROCKETS ALTERCATION!!! | $100 USD,postfreeze,1,SWISS,2,BO3,98,,254,amirr,eddiespfc,eddiespfc,decisive,Amirr,mega-altaria-ex-b1-igglybuff-a4a,Mega Altaria ex Igglybuff,,0,2,0,235,𝐈𝐌𝐎 | Eddie,mega-sceptile-ex-b3-teal-mask-ogerpon-ex-b2,Mega Sceptile ex Teal Mask Ogerpon ex,,1,3,0,169
6ab1739df127b1b52c27ed98,2026-09-26T16:00:00.000Z,PMPT #48 - TEAM ROCKETS ALTERCATION!!! | $100 USD,postfreeze,1,SWISS,2,BO3,99,,255,jenamica,six420,six420,decisive,Jenamica,mega-altaria-ex-b1-happiny-b4a,Mega Altaria ex Happiny,,1,3,0,204,Six420,beautifly-dustox-b4,Beautifly Dustox,,2,3,0,156
6ab1739df127b1b52c27ed98,2026-09-26T16:00:00.000Z,PMPT #48 - TEAM ROCKETS ALTERCATION!!! | $100 USD,postfreeze,1,SWISS,2,BO3,100,,256,ld,vijayprasad,vijayprasad,decisive,LuDo ,mega-metagross-ex-b4-skarmory-a2,Mega Metagross ex Skarmory,,0,4,0,269,VijayPrasad,mega-lucario-ex-b3-lucario-a2,Mega Lucario ex Lucario,lucario,1,5,0,202
6ab1739df127b1b52c27ed98,2026-09-26T16:00:00.000Z,PMPT #48 - TEAM ROCKETS ALTERCATION!!! | $100 USD,postfreeze,1,SWISS,2,BO3,101,,257,einstun,muswa,muswa,decisive,𝙈𝙚𝙜𝙖 𝕰𝖎𝖓𝖘𝖙𝖚𝖓 𝙀𝙓,mega-blaziken-ex-b1,Mega Blaziken ex,blaziken,0,4,0,245,Muswa,butterfree-b3b-mega-sceptile-ex-b3,Butterfree Mega Sceptile ex,sceptile,1,3,0,170
6ab1739df127b1b52c27ed98,2026-09-26T16:00:00.000Z,PMPT #48 - TEAM ROCKETS ALTERCATION!!! | $100 USD,postfreeze,1,SWISS,2,BO3,102,,258,popay,xastur,popay,decisive,TB Popay,hoopa-ex-b4-mega-absol-ex-b1,Hoopa ex Mega Absol ex,hoopa_absol,1,3,0,163,Xastur,mega-blaziken-ex-b1-greninja-a1,Mega Blaziken ex Greninja,,0,3,0,244
6ab1739df127b1b52c27ed98,2026-09-26T16:00:00.000Z,PMPT #48 - TEAM ROCKETS ALTERCATION!!! | $100 USD,postfreeze,1,SWISS,2,BO3,103,,259,davethefishbass,packluckfc,packluckfc,decisive,DaveTheFishBass,mega-charizard-y-ex-b1a-castform-sunny-form-b3,Mega Charizard Y ex Castform Sunny Form,,1,3,0,203,𝗠𝗢𝗡⭐️ | PackLuck,mega-blaziken-ex-b1-teal-mask-ogerpon-ex-b2,Mega Blaziken ex Teal Mask Ogerpon ex,,1,2,0,173
6ab1739df127b1b52c27ed98,2026-09-26T16:00:00.000Z,PMPT #48 - TEAM ROCKETS ALTERCATION!!! | $100 USD,postfreeze,1,SWISS,2,BO3,104,,260,clemarley_07,pattyd,pattyd,decisive,𝐄𝐥𝐢𝐭𝐞𝟒 CleMarley_07,magnezone-b1a-miraidon-ex-b3a,Magnezone Miraidon ex,,2,5,0,144,PattyD,mega-scizor-ex-revavroom-b2b,Mega Scizor ex Revavroom,,4,3,0,75
6ab1739df127b1b52c27ed98,2026-09-26T16:00:00.000Z,PMPT #48 - TEAM ROCKETS ALTERCATION!!! | $100 USD,postfreeze,1,SWISS,2,BO3,105,,261,anigohan,p0kem0nzter,p0kem0nzter,decisive,Anigohan,mega-altaria-ex-b1-mimikyu-ex-b2,Mega Altaria ex Mimikyu ex,,0,3,0,253,P0KEM0NZTER,gourgeist-b2-houndstone-b2a,Gourgeist Houndstone,,1,2,0,168
6ab1739df127b1b52c27ed98,2026-09-26T16:00:00.000Z,PMPT #48 - TEAM ROCKETS ALTERCATION!!! | $100 USD,postfreeze,1,SWISS,2,BO3,106,,262,epsilonli,shadow135,epsilonli,decisive,EpsilonLi,mega-gallade-ex-b4-gallade-b3,Mega Gallade ex Gallade,,3,3,0,93,ShaDoW135,mega-charizard-y-ex-b1a-entei-ex-a4a,Mega Charizard Y ex Entei ex,charizardy_entei,2,3,0,135
6ab1739df127b1b52c27ed98,2026-09-26T16:00:00.000Z,PMPT #48 - TEAM ROCKETS ALTERCATION!!! | $100 USD,postfreeze,1,SWISS,2,BO3,107,,263,meidhy,foulzzx,meidhy,decisive,Meidhy,mega-lucario-ex-b3-lucario-a2,Mega Lucario ex Lucario,lucario,2,3,0,132,foulzzx,suicune-ex-a4a-samurott-b4,Suicune ex Samurott,,0,2,0,233
6ab1739df127b1b52c27ed98,2026-09-26T16:00:00.000Z,PMPT #48 - TEAM ROCKETS ALTERCATION!!! | $100 USD,postfreeze,1,SWISS,2,BO3,108,,264,voicingchip,thejoc,voicingchip,decisive,VoicingChip,hoopa-ex-b4-mega-absol-ex-b1,Hoopa ex Mega Absol ex,hoopa_absol,1,3,0,177,HARD | Thejoc,mega-altaria-ex-b1-espeon-b3a,Mega Altaria ex Espeon,altaria,0,2,0,236
6ab1739df127b1b52c27ed98,2026-09-26T16:00:00.000Z,PMPT #48 - TEAM ROCKETS ALTERCATION!!! | $100 USD,postfreeze,1,SWISS,2,BO3,109,,265,savid400,moserk,moserk,decisive,Savid400,team-rockets-weezing-ex-team-rockets-magmar-b4a,Team Rocket's Weezing ex Team Rocket's Magmar,,0,2,0,215,moserk,vespiquen-ex-b4-shuckle-ex-a4,Vespiquen ex Shuckle ex,vespiquen,6,3,0,23
6ab1739df127b1b52c27ed98,2026-09-26T16:00:00.000Z,PMPT #48 - TEAM ROCKETS ALTERCATION!!! | $100 USD,postfreeze,1,SWISS,2,BO3,110,,266,machala,dashmd,machala,decisive,Machala,miraidon-ex-b3a-magnezone-b1a,Miraidon ex Magnezone,,4,3,0,70,DashMD,mega-charizard-y-ex-b1a-entei-ex-a4a,Mega Charizard Y ex Entei ex,charizardy_entei,3,3,0,102
6ab1739df127b1b52c27ed98,2026-09-26T16:00:00.000Z,PMPT #48 - TEAM ROCKETS ALTERCATION!!! | $100 USD,postfreeze,1,SWISS,2,BO3,111,,267,dariuspopek,https,https,decisive,DariusPopek,hoopa-ex-b4-mega-absol-ex-b1,Hoopa ex Mega Absol ex,hoopa_absol,3,4,0,109,Nobody ,hoopa-ex-b4-mega-absol-ex-b1,Hoopa ex Mega Absol ex,hoopa_absol,4,3,0,62
6ab1739df127b1b52c27ed98,2026-09-26T16:00:00.000Z,PMPT #48 - TEAM ROCKETS ALTERCATION!!! | $100 USD,postfreeze,1,SWISS,2,BO3,112,,268,preluxe,rustycohle,preluxe,decisive,𝗠𝗮𝗴𝗺𝗮 Preluxe,suicune-ex-a4a-baxcalibur-b2a,Suicune ex Baxcalibur,suicune,8,2,0,11,RustyCohle,hydreigon-mega-absol-ex-b1,Hydreigon Mega Absol ex,hydreigon,0,3,0,214
6ab1739df127b1b52c27ed98,2026-09-26T16:00:00.000Z,PMPT #48 - TEAM ROCKETS ALTERCATION!!! | $100 USD,postfreeze,1,SWISS,2,BO3,113,,269,dhforty4,dbsrm,dhforty4,decisive,dhforty4,zoroark-ex-b3-mega-sableye-ex-b3b,Zoroark ex Mega Sableye ex,,4,3,0,77,DbsRm,magcargo-a4,Magcargo,,1,6,0,199
6ab1739df127b1b52c27ed98,2026-09-26T16:00:00.000Z,PMPT #48 - TEAM ROCKETS ALTERCATION!!! | $100 USD,postfreeze,1,SWISS,2,BO3,114,,270,tachikawa_kei,baguspa,tachikawa_kei,decisive,Tachikawa_Kei,vaporeon-ex-b3-greninja-a1,Vaporeon ex Greninja,,2,3,0,152,baguspa,mega-sharpedo-ex-b4-gyarados-a4,Mega Sharpedo ex Gyarados,,1,3,0,184
6ab1739df127b1b52c27ed98,2026-09-26T16:00:00.000Z,PMPT #48 - TEAM ROCKETS ALTERCATION!!! | $100 USD,postfreeze,1,SWISS,2,BO3,115,,271,pinoygab,saimon999,saimon999,decisive,𝙈𝙉𝙍𝘾 | GAB S,mega-altaria-ex-b1-espeon-b3a,Mega Altaria ex Espeon,altaria,0,2,0,226,Saimon999,mega-altaria-ex-b1-igglybuff-a4a,Mega Altaria ex Igglybuff,,1,2,0,172
6ab1739df127b1b52c27ed98,2026-09-26T16:00:00.000Z,PMPT #48 - TEAM ROCKETS ALTERCATION!!! | $100 USD,postfreeze,1,SWISS,2,BO3,116,,272,zurk,frappesdrinker,frappesdrinker,decisive,Zurk,dragonair-mega-rayquaza-ex-b4,Dragonair Mega Rayquaza ex,,0,5,0,258,sZero | frappesdrinker,mega-altaria-ex-b1-greninja-a1,Mega Altaria ex Greninja,,4,3,0,74
6ab1739df127b1b52c27ed98,2026-09-26T16:00:00.000Z,PMPT #48 - TEAM ROCKETS ALTERCATION!!! | $100 USD,postfreeze,1,SWISS,2,BO3,117,,273,minato,crusher179450,minato,decisive,minato,dragonair-mega-rayquaza-ex-b4,Dragonair Mega Rayquaza ex,,4,3,0,78,Crusher179450,hoopa-ex-b4-mega-absol-ex-b1,Hoopa ex Mega Absol ex,hoopa_absol,1,3,0,176
6ab1739df127b1b52c27ed98,2026-09-26T16:00:00.000Z,PMPT #48 - TEAM ROCKETS ALTERCATION!!! | $100 USD,postfreeze,1,SWISS,2,BO3,118,,274,theg35,maximumedgelord,theg35,decisive,TB theg35,butterfree-b3b-mega-sceptile-ex-b3,Butterfree Mega Sceptile ex,sceptile,4,3,0,72,MaximumEdgeLord,mega-sharpedo-ex-b4-milotic-ex-b3b,Mega Sharpedo ex Milotic ex,,2,3,0,126
6ab1739df127b1b52c27ed98,2026-09-26T16:00:00.000Z,PMPT #48 - TEAM ROCKETS ALTERCATION!!! | $100 USD,postfreeze,1,SWISS,2,BO3,119,,275,thefunk1,pylantrao,thefunk1,decisive,thefunk1,suicune-ex-a4a-baxcalibur-b2a,Suicune ex Baxcalibur,suicune,3,4,0,112,PylanTrao,dragonair-mega-rayquaza-ex-b4,Dragonair Mega Rayquaza ex,,0,2,0,219
6ab1739df127b1b52c27ed98,2026-09-26T16:00:00.000Z,PMPT #48 - TEAM ROCKETS ALTERCATION!!! | $100 USD,postfreeze,1,SWISS,2,BO3,120,,276,pamnardo_s2,normo360,normo360,decisive,PamNardo_s2,mega-altaria-ex-b1-espeon-b3a,Mega Altaria ex Espeon,altaria,0,3,0,243,𝗠𝗮𝗴𝗺𝗮 StorM,mega-blaziken-ex-b1,Mega Blaziken ex,blaziken,2,3,0,136
6ab1739df127b1b52c27ed98,2026-09-26T16:00:00.000Z,PMPT #48 - TEAM ROCKETS ALTERCATION!!! | $100 USD,postfreeze,1,SWISS,2,BO3,121,,277,masterkksm,gemugemuno,0,tie,MasterKKSM,mega-altaria-ex-b1-espeon-b3a,Mega Altaria ex Espeon,altaria,1,2,1,158,YT_ YoshGaming,mega-lucario-ex-b3-lucario-a2,Mega Lucario ex Lucario,lucario,0,2,1,
6ab1739df127b1b52c27ed98,2026-09-26T16:00:00.000Z,PMPT #48 - TEAM ROCKETS ALTERCATION!!! | $100 USD,postfreeze,1,SWISS,2,BO3,122,,278,vinsgg,ka1z0,ka1z0,decisive,DNT | VinsJP,giratina-ex-a2b-darkrai-ex-a2,Giratina ex Darkrai ex,,0,5,0,250,Ka1z0,zoroark-ex-b3-mega-absol-ex-b1,Zoroark ex Mega Absol ex,,3,3,0,101
6ab1739df127b1b52c27ed98,2026-09-26T16:00:00.000Z,PMPT #48 - TEAM ROCKETS ALTERCATION!!! | $100 USD,postfreeze,1,SWISS,2,BO3,123,,279,noteffinround47,kxkarotxzl,kxkarotxzl,decisive,NoteffinRound47,butterfree-b3b-mega-sceptile-ex-b3,Butterfree Mega Sceptile ex,sceptile,0,5,0,267,KxkarotXZL,mega-lucario-ex-b3-lucario-a2,Mega Lucario ex Lucario,lucario,1,5,0,186
6ab1739df127b1b52c27ed98,2026-09-26T16:00:00.000Z,PMPT #48 - TEAM ROCKETS ALTERCATION!!! | $100 USD,postfreeze,1,SWISS,2,BO3,124,,280,makotsunami,lanora,lanora,decisive,Makotsunami,butterfree-b3b-mega-sceptile-ex-b3,Butterfree Mega Sceptile ex,sceptile,3,4,0,113,𝗠𝗲𝗴𝗮 LaNora 𝗘𝗫,mega-altaria-ex-b1-espeon-b3a,Mega Altaria ex Espeon,altaria,7,3,0,15
6ab1739df127b1b52c27ed98,2026-09-26T16:00:00.000Z,PMPT #48 - TEAM ROCKETS ALTERCATION!!! | $100 USD,postfreeze,1,SWISS,2,BO3,125,,281,iplaypokemans,elluquitas96,iplaypokemans,decisive,iplaypokemans,mega-altaria-ex-b1-greninja-a1,Mega Altaria ex Greninja,,5,3,0,49,elluquitas96,dragonair-mega-rayquaza-ex-b4,Dragonair Mega Rayquaza ex,,0,2,0,224
6ab1739df127b1b52c27ed98,2026-09-26T16:00:00.000Z,PMPT #48 - TEAM ROCKETS ALTERCATION!!! | $100 USD,postfreeze,1,SWISS,3,BO3,1,,282,warpis,flameking3,warpis,decisive,𝗠𝗲𝗴𝗮 SIPRAW 𝗘𝗫,mega-altaria-ex-b1-greninja-a1,Mega Altaria ex Greninja,,7,2,0,17,FLAMEKING3,dragonair-mega-rayquaza-ex-b4,Dragonair Mega Rayquaza ex,,3,3,0,88
6ab1739df127b1b52c27ed98,2026-09-26T16:00:00.000Z,PMPT #48 - TEAM ROCKETS ALTERCATION!!! | $100 USD,postfreeze,1,SWISS,3,BO3,2,,283,abnermoyai,sparadrap,abnermoyai,decisive,𝐈𝐌𝐎 Moyai,mega-sceptile-ex-b3-teal-mask-ogerpon-ex-b2,Mega Sceptile ex Teal Mask Ogerpon ex,,3,4,0,83,Sparadrap,hydreigon-mega-absol-ex-b1,Hydreigon Mega Absol ex,hydreigon,4,3,0,61
6ab1739df127b1b52c27ed98,2026-09-26T16:00:00.000Z,PMPT #48 - TEAM ROCKETS ALTERCATION!!! | $100 USD,postfreeze,1,SWISS,3,BO3,3,,284,joshuasutherland21,marquisb93,marquisb93,decisive,TDL | MoonlightshurikenVT,mega-altaria-ex-b1-greninja-a1,Mega Altaria ex Greninja,,6,3,0,27,MarquisB93,team-rockets-weezing-ex-b4a-zoroark-ex-b3,Team Rocket's Weezing ex Zoroark ex,,9,2,1,3
6ab1739df127b1b52c27ed98,2026-09-26T16:00:00.000Z,PMPT #48 - TEAM ROCKETS ALTERCATION!!! | $100 USD,postfreeze,1,SWISS,3,BO3,4,,285,smthg,alice_69,alice_69,decisive,Smthg,pikachu-ex-a1-tauros-ex-b1,Pikachu ex Tauros ex,,3,4,0,86,Alice_69,mega-altaria-ex-b1-espeon-b3a,Mega Altaria ex Espeon,altaria,6,1,2,
6ab1739df127b1b52c27ed98,2026-09-26T16:00:00.000Z,PMPT #48 - TEAM ROCKETS ALTERCATION!!! | $100 USD,postfreeze,1,SWISS,3,BO3,5,,286,lv80mewtwo,jlng,jlng,decisive,𝗕𝗢𝗔𝗧 | Mewtwo,charizard-ex-a2b-mega-charizard-y-ex-b1a,Charizard ex Mega Charizard Y ex,,2,1,0,129,JLNG,mega-blaziken-ex-b1,Mega Blaziken ex,blaziken,6,2,1,21
6ab1739df127b1b52c27ed98,2026-09-26T16:00:00.000Z,PMPT #48 - TEAM ROCKETS ALTERCATION!!! | $100 USD,postfreeze,1,SWISS,3,BO3,6,,287,ghalileo,hamza007,ghalileo,decisive,Ghalileo,mega-charizard-y-ex-b1a-charizard-ex-a1,Mega Charizard Y ex Charizard ex,,3,4,0,84,𝗠𝗮𝗴𝗺𝗮 Hamza,mega-altaria-ex-b1-espeon-b3a,Mega Altaria ex Espeon,altaria,7,2,0,19
6ab1739df127b1b52c27ed98,2026-09-26T16:00:00.000Z,PMPT #48 - TEAM ROCKETS ALTERCATION!!! | $100 USD,postfreeze,1,SWISS,3,BO3,7,,288,breaking2mirror,razbersky202,razbersky202,decisive,Breaking2mirror,butterfree-b3b-mega-sceptile-ex-b3,Butterfree Mega Sceptile ex,sceptile,3,3,0,85,Razbersky202,beautifly-b1-dustox-b4,Beautifly Dustox,,4,3,0,51
6ab1739df127b1b52c27ed98,2026-09-26T16:00:00.000Z,PMPT #48 - TEAM ROCKETS ALTERCATION!!! | $100 USD,postfreeze,1,SWISS,3,BO3,8,,289,pkmn_sensei,kresna19,kresna19,decisive,PKMN_Sensei,ho-oh-ex-a4-charmeleon-b2b,Ho-Oh ex Charmeleon,,3,4,0,96,Kresna19,magnezone-b1a-miraidon-ex-b3a,Magnezone Miraidon ex,,4,3,0,53
6ab1739df127b1b52c27ed98,2026-09-26T16:00:00.000Z,PMPT #48 - TEAM ROCKETS ALTERCATION!!! | $100 USD,postfreeze,1,SWISS,3,BO3,9,,290,aeoness,toddyfox,toddyfox,decisive,aeoness,mega-altaria-ex-b1-espeon-b3a,Mega Altaria ex Espeon,altaria,3,3,0,97,Toddyfox,suicune-ex-a4a-baxcalibur-b2a,Suicune ex Baxcalibur,suicune,3,2,0,92
6ab1739df127b1b52c27ed98,2026-09-26T16:00:00.000Z,PMPT #48 - TEAM ROCKETS ALTERCATION!!! | $100 USD,postfreeze,1,SWISS,3,BO3,10,,291,griffsama,ppitopin8,griffsama,decisive,sZero | GriffSama,mega-altaria-ex-b1-greninja-a1,Mega Altaria ex Greninja,,5,2,1,33,ppitopin8,mega-altaria-ex-b1-espeon-b3a,Mega Altaria ex Espeon,altaria,5,3,0,41
6ab1739df127b1b52c27ed98,2026-09-26T16:00:00.000Z,PMPT #48 - TEAM ROCKETS ALTERCATION!!! | $100 USD,postfreeze,1,SWISS,3,BO3,11,,292,kodra,adi1906,adi1906,decisive,Kodra,hoopa-ex-b4-greninja-a1,Hoopa ex Greninja,,3,4,0,89,Adi1906,mega-charizard-y-ex-b1a-entei-ex-a4a,Mega Charizard Y ex Entei ex,charizardy_entei,4,3,0,60
6ab1739df127b1b52c27ed98,2026-09-26T16:00:00.000Z,PMPT #48 - TEAM ROCKETS ALTERCATION!!! | $100 USD,postfreeze,1,SWISS,3,BO3,12,,293,ventrixd,random,ventrixd,decisive,VentriXD,magnezone-b1a-miraidon-ex-b3a,Magnezone Miraidon ex,,6,2,1,20,Random,magnezone-ex-b3-magnezone-b1a,Magnezone ex Magnezone,,6,3,0,25
6ab1739df127b1b52c27ed98,2026-09-26T16:00:00.000Z,PMPT #48 - TEAM ROCKETS ALTERCATION!!! | $100 USD,postfreeze,1,SWISS,3,BO3,13,,294,red_the_champion,javiee333,javiee333,decisive,Red_the_Champion,dragonair-mega-rayquaza-ex-b4,Dragonair Mega Rayquaza ex,,4,3,0,57,𝗠𝗢𝗡⭐️ | Javiee333,mega-manectric-ex-b2b-heliolisk-b4,Mega Manectric ex Heliolisk,manectric_heliolisk,8,2,0,10
6ab1739df127b1b52c27ed98,2026-09-26T16:00:00.000Z,PMPT #48 - TEAM ROCKETS ALTERCATION!!! | $100 USD,postfreeze,1,SWISS,3,BO3,14,,295,zagazaga,kovacs469,zagazaga,decisive,ZaGaZaGa,charizard-ex-a1-mega-charizard-y-ex-b1a,Charizard ex Mega Charizard Y ex,,5,2,1,35,kovacs469,butterfree-b3b-mega-sceptile-ex-b3,Butterfree Mega Sceptile ex,sceptile,6,3,0,26
6ab1739df127b1b52c27ed98,2026-09-26T16:00:00.000Z,PMPT #48 - TEAM ROCKETS ALTERCATION!!! | $100 USD,postfreeze,1,SWISS,3,BO3,15,,296,den670,silver2991,silver2991,decisive,den670,mega-manectric-ex-b2b-heliolisk-b4,Mega Manectric ex Heliolisk,manectric_heliolisk,5,3,0,44,Silver2991,vespiquen-ex-b4-shuckle-ex-a4,Vespiquen ex Shuckle ex,vespiquen,5,3,0,38
6ab1739df127b1b52c27ed98,2026-09-26T16:00:00.000Z,PMPT #48 - TEAM ROCKETS ALTERCATION!!! | $100 USD,postfreeze,1,SWISS,3,BO3,16,,297,sandy_permata205,threevela,sandy_permata205,decisive,𝗠𝗲𝗴𝗮 Razor 𝗘𝗫,magnezone-b1a-miraidon-ex-b3a,Magnezone Miraidon ex,,3,1,0,107,𝐃𝐍𝐓 | ThreeVela,magnezone-b1a-miraidon-ex-b3a,Magnezone Miraidon ex,,5,2,1,34
6ab1739df127b1b52c27ed98,2026-09-26T16:00:00.000Z,PMPT #48 - TEAM ROCKETS ALTERCATION!!! | $100 USD,postfreeze,1,SWISS,3,BO3,17,,298,lolocatchem,enggar,enggar,decisive,LoLoCatchEm,hydreigon-mega-absol-ex-b1,Hydreigon Mega Absol ex,hydreigon,2,3,0,118,Enggar/ Aqua,mega-altaria-ex-b1-espeon-b3a,Mega Altaria ex Espeon,altaria,6,3,0,22
6ab1739df127b1b52c27ed98,2026-09-26T16:00:00.000Z,PMPT #48 - TEAM ROCKETS ALTERCATION!!! | $100 USD,postfreeze,1,SWISS,3,BO3,18,,299,mcleoid,frogger,mcleoid,decisive,McLeoid,hydreigon-mega-absol-ex-b1,Hydreigon Mega Absol ex,hydreigon,8,2,0,9,Frogger,butterfree-b3b-mega-sceptile-ex-b3,Butterfree Mega Sceptile ex,sceptile,7,2,0,18
6ab1739df127b1b52c27ed98,2026-09-26T16:00:00.000Z,PMPT #48 - TEAM ROCKETS ALTERCATION!!! | $100 USD,postfreeze,1,SWISS,3,BO3,19,,300,hansuwe,hectordf,hansuwe,decisive,Hansuwe,hoopa-ex-b4-mega-absol-ex-b1,Hoopa ex Mega Absol ex,hoopa_absol,9,2,0,6,PGX | HectorDF,suicune-ex-a4a-baxcalibur-b2a,Suicune ex Baxcalibur,suicune,2,2,0,116
6ab1739df127b1b52c27ed98,2026-09-26T16:00:00.000Z,PMPT #48 - TEAM ROCKETS ALTERCATION!!! | $100 USD,postfreeze,1,SWISS,3,BO3,20,,301,hollow7,sketchytripod,hollow7,decisive,hollow7,hydreigon-mega-absol-ex-b1,Hydreigon Mega Absol ex,hydreigon,5,3,0,40,sketchytripod,dragonair-mega-rayquaza-ex-b4,Dragonair Mega Rayquaza ex,,2,1,0,141
6ab1739df127b1b52c27ed98,2026-09-26T16:00:00.000Z,PMPT #48 - TEAM ROCKETS ALTERCATION!!! | $100 USD,postfreeze,1,SWISS,3,BO3,21,,302,masaki0304,sirus,sirus,decisive,masaki0304,mega-diancie-ex-carbink-b3b,Mega Diancie ex Carbink,,2,3,0,121,sirus,miraidon-ex-b3a-magnezone-b1a,Miraidon ex Magnezone,,7,2,1,13
6ab1739df127b1b52c27ed98,2026-09-26T16:00:00.000Z,PMPT #48 - TEAM ROCKETS ALTERCATION!!! | $100 USD,postfreeze,1,SWISS,3,BO3,22,,303,axelniraj,stardast,axelniraj,decisive,Void ,mega-sceptile-ex-sceptile-b3,Mega Sceptile ex Sceptile,,5,2,1,37,stardast,hydreigon-b1-mega-sableye-ex-b3b,Hydreigon Mega Sableye ex,,2,4,0,137
6ab1739df127b1b52c27ed98,2026-09-26T16:00:00.000Z,PMPT #48 - TEAM ROCKETS ALTERCATION!!! | $100 USD,postfreeze,1,SWISS,3,BO3,23,,304,soap728,antony,soap728,decisive,soap728,mega-blaziken-ex-b1,Mega Blaziken ex,blaziken,10,2,1,2,𝙄𝙈𝙋 | Yiidrazil,suicune-ex-a4a-baxcalibur-b2a,Suicune ex Baxcalibur,suicune,2,3,0,124
6ab1739df127b1b52c27ed98,2026-09-26T16:00:00.000Z,PMPT #48 - TEAM ROCKETS ALTERCATION!!! | $100 USD,postfreeze,1,SWISS,3,BO3,24,,305,amilaz,hajime9009,amilaz,decisive,amilaz,entei-ex-a4a,Entei ex,,5,3,0,43,Hajime9009,charizard-ex-a1-mega-charizard-y-ex-b1a,Charizard ex Mega Charizard Y ex,,4,3,0,52
6ab1739df127b1b52c27ed98,2026-09-26T16:00:00.000Z,PMPT #48 - TEAM ROCKETS ALTERCATION!!! | $100 USD,postfreeze,1,SWISS,3,BO3,25,,306,momo0342,aliga,aliga,decisive,Momo0342,butterfree-b3b-mega-sceptile-ex-b3,Butterfree Mega Sceptile ex,sceptile,4,3,0,67,aliga,mega-sceptile-ex-b3-greninja-a1,Mega Sceptile ex Greninja,,3,3,0,82
6ab1739df127b1b52c27ed98,2026-09-26T16:00:00.000Z,PMPT #48 - TEAM ROCKETS ALTERCATION!!! | $100 USD,postfreeze,1,SWISS,3,BO3,26,,307,tz_gaoren,starcadian,starcadian,decisive,TZ_Gaoren,mega-lucario-ex-b3-lucario-a2,Mega Lucario ex Lucario,lucario,4,3,0,58,Starcadian,beautifly-b1-dustox-b4,Beautifly Dustox,,5,3,0,39
6ab1739df127b1b52c27ed98,2026-09-26T16:00:00.000Z,PMPT #48 - TEAM ROCKETS ALTERCATION!!! | $100 USD,postfreeze,1,SWISS,3,BO3,27,,308,bennymacfak,astanevergiveup,astanevergiveup,decisive,BennyMacFak,dragonair-mega-rayquaza-ex-b4,Dragonair Mega Rayquaza ex,,2,2,0,127,AstaNeverGiveUp,mega-altaria-ex-b1-espeon-b3a,Mega Altaria ex Espeon,altaria,5,2,1,32
6ab1739df127b1b52c27ed98,2026-09-26T16:00:00.000Z,PMPT #48 - TEAM ROCKETS ALTERCATION!!! | $100 USD,postfreeze,1,SWISS,3,BO3,28,,309,dj_marnel,tree121,dj_marnel,decisive, 𝐃𝐍𝐓 | DjMarnel,suicune-ex-a4a-baxcalibur-b2a,Suicune ex Baxcalibur,suicune,10,1,0,5,Tree121,meowscarada-ex-b2a-meowscarada-a2b,Meowscarada ex Meowscarada,,2,3,0,115
6ab1739df127b1b52c27ed98,2026-09-26T16:00:00.000Z,PMPT #48 - TEAM ROCKETS ALTERCATION!!! | $100 USD,postfreeze,1,SWISS,3,BO3,29,,310,beachboy,luxmea,beachboy,decisive,BeachBoy,mega-altaria-ex-b1-espeon-b3a,Mega Altaria ex Espeon,altaria,8,2,1,7,Luxmea,mega-lucario-ex-b3-lucario-a2,Mega Lucario ex Lucario,lucario,2,5,0,130
6ab1739df127b1b52c27ed98,2026-09-26T16:00:00.000Z,PMPT #48 - TEAM ROCKETS ALTERCATION!!! | $100 USD,postfreeze,1,SWISS,3,BO3,30,,311,dens,muswa,dens,decisive,Dens,mega-blaziken-ex-b1,Mega Blaziken ex,blaziken,4,3,0,59,Muswa,butterfree-b3b-mega-sceptile-ex-b3,Butterfree Mega Sceptile ex,sceptile,1,3,0,170
6ab1739df127b1b52c27ed98,2026-09-26T16:00:00.000Z,PMPT #48 - TEAM ROCKETS ALTERCATION!!! | $100 USD,postfreeze,1,SWISS,3,BO3,31,,312,njjord7,popay,njjord7,decisive,FrogEX | Njord,beautifly-dustox-b4,Beautifly Dustox,,3,3,0,95,TB Popay,hoopa-ex-b4-mega-absol-ex-b1,Hoopa ex Mega Absol ex,hoopa_absol,1,3,0,163
6ab1739df127b1b52c27ed98,2026-09-26T16:00:00.000Z,PMPT #48 - TEAM ROCKETS ALTERCATION!!! | $100 USD,postfreeze,1,SWISS,3,BO3,32,,313,evand,blackajr,blackajr,decisive,PGX | EvanD,mega-altaria-ex-b1-greninja-a1,Mega Altaria ex Greninja,,1,3,0,174,BlackAJR,mega-altaria-ex-b1-espeon-b3a,Mega Altaria ex Espeon,altaria,6,3,0,30
6ab1739df127b1b52c27ed98,2026-09-26T16:00:00.000Z,PMPT #48 - TEAM ROCKETS ALTERCATION!!! | $100 USD,postfreeze,1,SWISS,3,BO3,33,,314,eddiespfc,chopyournut,chopyournut,decisive,𝐈𝐌𝐎 | Eddie,mega-sceptile-ex-b3-teal-mask-ogerpon-ex-b2,Mega Sceptile ex Teal Mask Ogerpon ex,,1,3,0,169,Chopyournut,mega-blaziken-ex-b1-castform-sunny-form-b3,Mega Blaziken ex Castform Sunny Form,,3,3,0,105
6ab1739df127b1b52c27ed98,2026-09-26T16:00:00.000Z,PMPT #48 - TEAM ROCKETS ALTERCATION!!! | $100 USD,postfreeze,1,SWISS,3,BO3,34,,315,arifanrizqi,mashblock,arifanrizqi,decisive,arifanrizqi,butterfree-b3b-mega-sceptile-ex-b3,Butterfree Mega Sceptile ex,sceptile,3,4,0,90,Mashblock,mega-altaria-ex-b1,Mega Altaria ex,,2,5,0,146
6ab1739df127b1b52c27ed98,2026-09-26T16:00:00.000Z,PMPT #48 - TEAM ROCKETS ALTERCATION!!! | $100 USD,postfreeze,1,SWISS,3,BO3,35,,316,goku6767,dron,dron,decisive,goku6767,mega-charizard-y-ex-b1a-entei-ex-a4a,Mega Charizard Y ex Entei ex,charizardy_entei,1,3,0,181,Dron,miraidon-ex-b3a-magnezone-b1a,Miraidon ex Magnezone,,2,3,0,142
6ab1739df127b1b52c27ed98,2026-09-26T16:00:00.000Z,PMPT #48 - TEAM ROCKETS ALTERCATION!!! | $100 USD,postfreeze,1,SWISS,3,BO3,36,,317,celteex,meidhy,meidhy,decisive,Celteex,milotic-ex-b3b-eevee-ex-a3b,Milotic ex Eevee ex,,1,3,0,162,Meidhy,mega-lucario-ex-b3-lucario-a2,Mega Lucario ex Lucario,lucario,2,3,0,132
6ab1739df127b1b52c27ed98,2026-09-26T16:00:00.000Z,PMPT #48 - TEAM ROCKETS ALTERCATION!!! | $100 USD,postfreeze,1,SWISS,3,BO3,37,,318,moserk,supreme13,moserk,decisive,moserk,vespiquen-ex-b4-shuckle-ex-a4,Vespiquen ex Shuckle ex,vespiquen,6,3,0,23,𝗕𝗮𝗹𝗱 Supreme,crobat-a2a-mega-sableye-ex-b3b,Crobat Mega Sableye ex,,3,3,0,94
6ab1739df127b1b52c27ed98,2026-09-26T16:00:00.000Z,PMPT #48 - TEAM ROCKETS ALTERCATION!!! | $100 USD,postfreeze,1,SWISS,3,BO3,38,,319,bigmanblastoise69,manux,manux,decisive,BigManBlastoise69,mega-altaria-ex-b1-espeon-b3a,Mega Altaria ex Espeon,altaria,1,2,0,178,Manux,mega-lucario-ex-b3-teal-mask-ogerpon-ex-b2,Mega Lucario ex Teal Mask Ogerpon ex,,11,1,1,1
6ab1739df127b1b52c27ed98,2026-09-26T16:00:00.000Z,PMPT #48 - TEAM ROCKETS ALTERCATION!!! | $100 USD,postfreeze,1,SWISS,3,BO3,39,,320,jmbd,garoth,garoth,decisive,Jmbd,espeon-b3a-mimikyu-ex-b2,Espeon Mimikyu ex,,2,3,0,128,IMP | Garoth,vespiquen-ex-b4-shuckle-ex-a4,Vespiquen ex Shuckle ex,vespiquen,3,3,0,87
6ab1739df127b1b52c27ed98,2026-09-26T16:00:00.000Z,PMPT #48 - TEAM ROCKETS ALTERCATION!!! | $100 USD,postfreeze,1,SWISS,3,BO3,40,,321,highlight,raizima,highlight,decisive,𝐅𝐈𝐑𝐄 | Highlight,butterfree-b3b-mega-sceptile-ex-b3,Butterfree Mega Sceptile ex,sceptile,4,3,0,71,Raizima,mega-lucario-ex-b3-lucario-a2,Mega Lucario ex Lucario,lucario,3,3,0,111
6ab1739df127b1b52c27ed98,2026-09-26T16:00:00.000Z,PMPT #48 - TEAM ROCKETS ALTERCATION!!! | $100 USD,postfreeze,1,SWISS,3,BO3,41,,322,bstarr,saimon999,bstarr,decisive,Bstarr,butterfree-b3b-mega-sceptile-ex-b3,Butterfree Mega Sceptile ex,sceptile,3,3,0,104,Saimon999,mega-altaria-ex-b1-igglybuff-a4a,Mega Altaria ex Igglybuff,,1,2,0,172
6ab1739df127b1b52c27ed98,2026-09-26T16:00:00.000Z,PMPT #48 - TEAM ROCKETS ALTERCATION!!! | $100 USD,postfreeze,1,SWISS,3,BO3,42,,323,2sick,machala,2sick,decisive,²ᵀ| ²ꜱɪᴄᴋ,vespiquen-ex-b4-shuckle-ex-a4,Vespiquen ex Shuckle ex,vespiquen,7,2,1,12,Machala,miraidon-ex-b3a-magnezone-b1a,Miraidon ex Magnezone,,4,3,0,70
6ab1739df127b1b52c27ed98,2026-09-26T16:00:00.000Z,PMPT #48 - TEAM ROCKETS ALTERCATION!!! | $100 USD,postfreeze,1,SWISS,3,BO3,43,,324,lockpick04,parso_mon,lockpick04,decisive,Lockpick04,vespiquen-ex-b4-shuckle-ex-a4,Vespiquen ex Shuckle ex,vespiquen,4,3,0,65,Parso_Mon,mega-altaria-ex-b1-espeon-b3a,Mega Altaria ex Espeon,altaria,1,2,0,164
6ab1739df127b1b52c27ed98,2026-09-26T16:00:00.000Z,PMPT #48 - TEAM ROCKETS ALTERCATION!!! | $100 USD,postfreeze,1,SWISS,3,BO3,44,,325,hanalana,feyyzo,feyyzo,decisive,𝗠𝗲𝗴𝗮 Hanna 𝗘𝗫,mega-blaziken-ex-b1-greninja-a1,Mega Blaziken ex Greninja,,1,4,0,195,Feyyzo,hoopa-ex-b4-mega-absol-ex-b1,Hoopa ex Mega Absol ex,hoopa_absol,4,3,0,64
6ab1739df127b1b52c27ed98,2026-09-26T16:00:00.000Z,PMPT #48 - TEAM ROCKETS ALTERCATION!!! | $100 USD,postfreeze,1,SWISS,3,BO3,45,,326,caballoquemasletrote,jacobjayyy,jacobjayyy,decisive,Caballoquemasletrote,solgaleo-ex-a3-skarmory-a2,Solgaleo ex Skarmory,,1,3,0,196,Jacobjayyy,electivire-magmortar-b2b,Electivire Magmortar,,2,2,0,155
6ab1739df127b1b52c27ed98,2026-09-26T16:00:00.000Z,PMPT #48 - TEAM ROCKETS ALTERCATION!!! | $100 USD,postfreeze,1,SWISS,3,BO3,46,,327,kirlock34,capcaps,capcaps,decisive,Kirlock34,mega-sceptile-ex-b3-greninja-a1,Mega Sceptile ex Greninja,,2,3,0,153,𝗣𝗛𝗫 Captain Capslock,mega-diancie-ex-carbink-b3b,Mega Diancie ex Carbink,,5,3,0,46
6ab1739df127b1b52c27ed98,2026-09-26T16:00:00.000Z,PMPT #48 - TEAM ROCKETS ALTERCATION!!! | $100 USD,postfreeze,1,SWISS,3,BO3,47,,328,asterphoenix,normo360,normo360,decisive,AsterPhoenix,zoroark-ex-b3-mega-absol-ex-b1,Zoroark ex Mega Absol ex,,1,3,0,189,𝗠𝗮𝗴𝗺𝗮 StorM,mega-blaziken-ex-b1,Mega Blaziken ex,blaziken,2,3,0,136
6ab1739df127b1b52c27ed98,2026-09-26T16:00:00.000Z,PMPT #48 - TEAM ROCKETS ALTERCATION!!! | $100 USD,postfreeze,1,SWISS,3,BO3,48,,329,rekklesbert,eeveeon,rekklesbert,decisive,Rekklesbert,mega-lucario-ex-b3-lucario-a2,Mega Lucario ex Lucario,lucario,5,2,1,36,𝗠𝗲𝗴𝗮 eeveeon 𝗘𝗫,team-rockets-weezing-ex-b4a-hoopa-ex-b4,Team Rocket's Weezing ex Hoopa ex,weezing,2,3,0,117
6ab1739df127b1b52c27ed98,2026-09-26T16:00:00.000Z,PMPT #48 - TEAM ROCKETS ALTERCATION!!! | $100 USD,postfreeze,1,SWISS,3,BO3,49,,330,thebologneseguy,dhforty4,dhforty4,decisive,TheBologneseGuy,mega-altaria-ex-b1-espeon-b3a,Mega Altaria ex Espeon,altaria,1,3,0,165,dhforty4,zoroark-ex-b3-mega-sableye-ex-b3b,Zoroark ex Mega Sableye ex,,4,3,0,77
6ab1739df127b1b52c27ed98,2026-09-26T16:00:00.000Z,PMPT #48 - TEAM ROCKETS ALTERCATION!!! | $100 USD,postfreeze,1,SWISS,3,BO3,50,,331,lbn924,soadmon,soadmon,decisive,𝙄𝙈𝙋 | Lbn,mega-lucario-ex-b3-lucario-a2,Mega Lucario ex Lucario,lucario,1,2,0,159,Soadmon,mega-altaria-ex-b1-espeon-b3a,Mega Altaria ex Espeon,altaria,8,3,0,8
6ab1739df127b1b52c27ed98,2026-09-26T16:00:00.000Z,PMPT #48 - TEAM ROCKETS ALTERCATION!!! | $100 USD,postfreeze,1,SWISS,3,BO3,51,,332,iluchien,estehlegitea,iluchien,decisive,iluchien,mega-altaria-ex-b1-happiny-b4a,Mega Altaria ex Happiny,,3,4,0,98,𝗠𝗲𝗴𝗮 Hasan 𝗘𝗫,team-rockets-weezing-ex-b4a-hoopa-ex-b4,Team Rocket's Weezing ex Hoopa ex,weezing,5,3,0,50
6ab1739df127b1b52c27ed98,2026-09-26T16:00:00.000Z,PMPT #48 - TEAM ROCKETS ALTERCATION!!! | $100 USD,postfreeze,1,SWISS,3,BO3,52,,333,surdao123,liquidedge,surdao123,decisive,surdao123,dedenne-ex-b3b-indeedee-ex-b1,Dedenne ex Indeedee ex,,3,3,0,103,LiquidEdge,suicune-ex-a4a-baxcalibur-b2a,Suicune ex Baxcalibur,suicune,1,5,0,198
6ab1739df127b1b52c27ed98,2026-09-26T16:00:00.000Z,PMPT #48 - TEAM ROCKETS ALTERCATION!!! | $100 USD,postfreeze,1,SWISS,3,BO3,53,,334,angkelvin,hasalf,hasalf,decisive,AngkelVin,mega-blaziken-ex-blaziken-b1,Mega Blaziken ex Blaziken,,2,3,0,151,𝑻𝑩  / Hasalf,greninja-a1-mega-sableye-ex-b3b,Greninja Mega Sableye ex,,3,3,0,108
6ab1739df127b1b52c27ed98,2026-09-26T16:00:00.000Z,PMPT #48 - TEAM ROCKETS ALTERCATION!!! | $100 USD,postfreeze,1,SWISS,3,BO3,54,,335,p0kem0nzter,berlusconismurf,berlusconismurf,decisive,P0KEM0NZTER,gourgeist-b2-houndstone-b2a,Gourgeist Houndstone,,1,2,0,168,Berlusconismurf,mega-charizard-y-ex-b1a-entei-ex-a4a,Mega Charizard Y ex Entei ex,charizardy_entei,7,3,0,16
6ab1739df127b1b52c27ed98,2026-09-26T16:00:00.000Z,PMPT #48 - TEAM ROCKETS ALTERCATION!!! | $100 USD,postfreeze,1,SWISS,3,BO3,55,,336,rikhardt,zigizaga,rikhardt,decisive,Rikhardt,mega-lucario-ex-b3-lucario-a2,Mega Lucario ex Lucario,lucario,2,2,0,145,zigizaga,mega-blaziken-ex-b1-greninja-a1,Mega Blaziken ex Greninja,,1,5,0,191
6ab1739df127b1b52c27ed98,2026-09-26T16:00:00.000Z,PMPT #48 - TEAM ROCKETS ALTERCATION!!! | $100 USD,postfreeze,1,SWISS,3,BO3,56,,337,tachikawa_kei,cloudypanda,cloudypanda,decisive,Tachikawa_Kei,vaporeon-ex-b3-greninja-a1,Vaporeon ex Greninja,,2,3,0,152,CloudyPanda,mega-diancie-ex-carbink-b3b,Mega Diancie ex Carbink,,2,2,0,143
6ab1739df127b1b52c27ed98,2026-09-26T16:00:00.000Z,PMPT #48 - TEAM ROCKETS ALTERCATION!!! | $100 USD,postfreeze,1,SWISS,3,BO3,57,,338,pepin_mx,rayblu,pepin_mx,decisive,pepin_mx,mega-altaria-ex-b1-espeon-b3a,Mega Altaria ex Espeon,altaria,2,2,0,114,DNT | Raybu,magnezone-b1a-miraidon-ex-b3a,Magnezone Miraidon ex,,1,5,0,193
6ab1739df127b1b52c27ed98,2026-09-26T16:00:00.000Z,PMPT #48 - TEAM ROCKETS ALTERCATION!!! | $100 USD,postfreeze,1,SWISS,3,BO3,58,,339,minato,vijayprasad,minato,decisive,minato,dragonair-mega-rayquaza-ex-b4,Dragonair Mega Rayquaza ex,,4,3,0,78,VijayPrasad,mega-lucario-ex-b3-lucario-a2,Mega Lucario ex Lucario,lucario,1,5,0,202
6ab1739df127b1b52c27ed98,2026-09-26T16:00:00.000Z,PMPT #48 - TEAM ROCKETS ALTERCATION!!! | $100 USD,postfreeze,1,SWISS,3,BO3,59,,340,fuuyii,frappesdrinker,fuuyii,decisive,Fuuyii,mega-sceptile-ex-b3-greninja-a1,Mega Sceptile ex Greninja,,3,3,0,100,sZero | frappesdrinker,mega-altaria-ex-b1-greninja-a1,Mega Altaria ex Greninja,,4,3,0,74
6ab1739df127b1b52c27ed98,2026-09-26T16:00:00.000Z,PMPT #48 - TEAM ROCKETS ALTERCATION!!! | $100 USD,postfreeze,1,SWISS,3,BO3,60,,341,nabrix,packluckfc,nabrix,decisive,Nabrix,suicune-ex-a4a-baxcalibur-b2a,Suicune ex Baxcalibur,suicune,5,3,0,48,𝗠𝗢𝗡⭐️ | PackLuck,mega-blaziken-ex-b1-teal-mask-ogerpon-ex-b2,Mega Blaziken ex Teal Mask Ogerpon ex,,1,2,0,173
6ab1739df127b1b52c27ed98,2026-09-26T16:00:00.000Z,PMPT #48 - TEAM ROCKETS ALTERCATION!!! | $100 USD,postfreeze,1,SWISS,3,BO3,61,,342,sleepy512pete,davionn,davionn,decisive,sleepy512pete,mega-altaria-ex-b1-espeon-b3a,Mega Altaria ex Espeon,altaria,1,3,0,183,Davionn,mega-sableye-ex-b3b-darkrai-ex-a2,Mega Sableye ex Darkrai ex,,2,4,0,133
6ab1739df127b1b52c27ed98,2026-09-26T16:00:00.000Z,PMPT #48 - TEAM ROCKETS ALTERCATION!!! | $100 USD,postfreeze,1,SWISS,3,BO3,62,,343,vegegras,byxs,vegegras,decisive,Vegegras,magnezone-b1a-miraidon-ex-b3a,Magnezone Miraidon ex,,2,5,0,119,Byxs,mega-altaria-ex-b1-espeon-b3a,Mega Altaria ex Espeon,altaria,1,2,0,187
6ab1739df127b1b52c27ed98,2026-09-26T16:00:00.000Z,PMPT #48 - TEAM ROCKETS ALTERCATION!!! | $100 USD,postfreeze,1,SWISS,3,BO3,63,,344,dragby,six420,six420,decisive,Dragby,hydreigon-mega-absol-ex-b1,Hydreigon Mega Absol ex,hydreigon,1,5,0,185,Six420,beautifly-dustox-b4,Beautifly Dustox,,2,3,0,156
6ab1739df127b1b52c27ed98,2026-09-26T16:00:00.000Z,PMPT #48 - TEAM ROCKETS ALTERCATION!!! | $100 USD,postfreeze,1,SWISS,3,BO3,64,,345,anhz,tesla20,anhz,decisive,AnHz,hydreigon-mega-absol-ex-b1,Hydreigon Mega Absol ex,hydreigon,4,3,0,63,Tesla20,dedenne-ex-b3b-pichu-a4,Dedenne ex Pichu,,3,3,0,99
6ab1739df127b1b52c27ed98,2026-09-26T16:00:00.000Z,PMPT #48 - TEAM ROCKETS ALTERCATION!!! | $100 USD,postfreeze,1,SWISS,3,BO3,65,,346,kxkarotxzl,lanora,lanora,decisive,KxkarotXZL,mega-lucario-ex-b3-lucario-a2,Mega Lucario ex Lucario,lucario,1,5,0,186,𝗠𝗲𝗴𝗮 LaNora 𝗘𝗫,mega-altaria-ex-b1-espeon-b3a,Mega Altaria ex Espeon,altaria,7,3,0,15
6ab1739df127b1b52c27ed98,2026-09-26T16:00:00.000Z,PMPT #48 - TEAM ROCKETS ALTERCATION!!! | $100 USD,postfreeze,1,SWISS,3,BO3,66,,347,sly_dizz,jhum,jhum,decisive,sly_dizz,flutter-mane-ex-b3a-greninja-a1,Flutter Mane ex Greninja,,1,2,0,182,JHum,dedenne-ex-b3b-indeedee-ex-b1,Dedenne ex Indeedee ex,,4,3,0,54
6ab1739df127b1b52c27ed98,2026-09-26T16:00:00.000Z,PMPT #48 - TEAM ROCKETS ALTERCATION!!! | $100 USD,postfreeze,1,SWISS,3,BO3,67,,348,darkaufeu,fiteiras94,darkaufeu,decisive,Darkaufeu,garchomp-b4a-cleffa-a4,Garchomp Cleffa,,4,3,0,76,fiteiras94,dragonair-mega-rayquaza-ex-b4,Dragonair Mega Rayquaza ex,,2,3,0,147
6ab1739df127b1b52c27ed98,2026-09-26T16:00:00.000Z,PMPT #48 - TEAM ROCKETS ALTERCATION!!! | $100 USD,postfreeze,1,SWISS,3,BO3,68,,349,https,pattyd,https,decisive,Nobody ,hoopa-ex-b4-mega-absol-ex-b1,Hoopa ex Mega Absol ex,hoopa_absol,4,3,0,62,PattyD,mega-scizor-ex-revavroom-b2b,Mega Scizor ex Revavroom,,4,3,0,75
6ab1739df127b1b52c27ed98,2026-09-26T16:00:00.000Z,PMPT #48 - TEAM ROCKETS ALTERCATION!!! | $100 USD,postfreeze,1,SWISS,3,BO3,69,,350,reg,sombrita,sombrita,decisive,REG,jolteon-ex-b1-raichu-b4,Jolteon ex Raichu,,1,2,0,208,sombrita,team-rockets-raticate-ex-b4a-alolan-ninetales-ex-b2,Team Rocket's Raticate ex Alolan Ninetales ex,raticate_ninetales,2,3,0,131
6ab1739df127b1b52c27ed98,2026-09-26T16:00:00.000Z,PMPT #48 - TEAM ROCKETS ALTERCATION!!! | $100 USD,postfreeze,1,SWISS,3,BO3,70,,351,brendon68,hextor,brendon68,decisive,Brendon68,hoopa-ex-b4-greninja-a1,Hoopa ex Greninja,,4,3,0,66,hextor,mega-lucario-ex-b3-hitmonchan-ex-b1,Mega Lucario ex Hitmonchan ex,,1,2,0,201
6ab1739df127b1b52c27ed98,2026-09-26T16:00:00.000Z,PMPT #48 - TEAM ROCKETS ALTERCATION!!! | $100 USD,postfreeze,1,SWISS,3,BO3,71,,352,elatomico,soobroo,soobroo,decisive,PGX| El Atomico,zoroark-ex-b3-mega-absol-ex-b1,Zoroark ex Mega Absol ex,,7,3,0,14,SOOBROO,hoopa-ex-b4-mega-absol-ex-b1,Hoopa ex Mega Absol ex,hoopa_absol,2,3,0,120
6ab1739df127b1b52c27ed98,2026-09-26T16:00:00.000Z,PMPT #48 - TEAM ROCKETS ALTERCATION!!! | $100 USD,postfreeze,1,SWISS,3,BO3,72,,353,ur_ciao,yt_yoshgaming,ur_ciao,decisive,𝙈𝙉𝙍𝘾 | Fring B,dragonair-mega-rayquaza-ex-b4,Dragonair Mega Rayquaza ex,,2,3,0,150,YT_YoshGaming,mega-lucario-ex-b3-lucario-a2,Mega Lucario ex Lucario,lucario,1,4,0,180
6ab1739df127b1b52c27ed98,2026-09-26T16:00:00.000Z,PMPT #48 - TEAM ROCKETS ALTERCATION!!! | $100 USD,postfreeze,1,SWISS,3,BO3,73,,354,jessicafknj,cosmooo,cosmooo,decisive,jessicafknj,mega-gardevoir-ex-b2-mega-diancie-ex-b3b,Mega Gardevoir ex Mega Diancie ex,,1,2,0,167,FrogEX | Cosmo,vespiquen-ex-b4-shuckle-ex-a4,Vespiquen ex Shuckle ex,vespiquen,4,3,0,73
6ab1739df127b1b52c27ed98,2026-09-26T16:00:00.000Z,PMPT #48 - TEAM ROCKETS ALTERCATION!!! | $100 USD,postfreeze,1,SWISS,3,BO3,74,,355,airimima,jphenomenal,jphenomenal,decisive,AiriMima,mega-lucario-ex-b3-lucario-a2,Mega Lucario ex Lucario,lucario,2,5,0,149,TBC|| JPhenomenal,magnezone-b1a-miraidon-ex-b3a,Magnezone Miraidon ex,,5,3,0,42
6ab1739df127b1b52c27ed98,2026-09-26T16:00:00.000Z,PMPT #48 - TEAM ROCKETS ALTERCATION!!! | $100 USD,postfreeze,1,SWISS,3,BO3,75,,356,ka1z0,iromm,ka1z0,decisive,Ka1z0,zoroark-ex-b3-mega-absol-ex-b1,Zoroark ex Mega Absol ex,,3,3,0,101,Eleven Gomes,mega-lucario-ex-b3,Mega Lucario ex,,1,2,0,161
6ab1739df127b1b52c27ed98,2026-09-26T16:00:00.000Z,PMPT #48 - TEAM ROCKETS ALTERCATION!!! | $100 USD,postfreeze,1,SWISS,3,BO3,76,,357,voicingchip,iduh,iduh,decisive,VoicingChip,hoopa-ex-b4-mega-absol-ex-b1,Hoopa ex Mega Absol ex,hoopa_absol,1,3,0,177,𝗠𝗲𝗴𝗮 Iduh 𝗘𝗫,dragonair-mega-rayquaza-ex-b4,Dragonair Mega Rayquaza ex,,2,3,0,138
6ab1739df127b1b52c27ed98,2026-09-26T16:00:00.000Z,PMPT #48 - TEAM ROCKETS ALTERCATION!!! | $100 USD,postfreeze,1,SWISS,3,BO3,77,,358,whizzy,ishaan,ishaan,decisive,Whizzy,magnezone-ex-b3-magnezone-b1a,Magnezone ex Magnezone,,3,3,0,110,Ishaan,suicune-ex-a4a-baxcalibur-b2a,Suicune ex Baxcalibur,suicune,2,2,0,123
6ab1739df127b1b52c27ed98,2026-09-26T16:00:00.000Z,PMPT #48 - TEAM ROCKETS ALTERCATION!!! | $100 USD,postfreeze,1,SWISS,3,BO3,78,,359,deister,theg35,deister,decisive,deister,dragonair-mega-rayquaza-ex-b4,Dragonair Mega Rayquaza ex,,4,3,0,55,TB theg35,butterfree-b3b-mega-sceptile-ex-b3,Butterfree Mega Sceptile ex,sceptile,4,3,0,72
6ab1739df127b1b52c27ed98,2026-09-26T16:00:00.000Z,PMPT #48 - TEAM ROCKETS ALTERCATION!!! | $100 USD,postfreeze,1,SWISS,3,BO3,79,,360,johntenders,esdeath,esdeath,decisive,JohnTenders,beautifly-dustox-b4,Beautifly Dustox,,1,4,0,188,Esdeath,mega-altaria-ex-b1-happiny-b4a,Mega Altaria ex Happiny,,2,3,0,140
6ab1739df127b1b52c27ed98,2026-09-26T16:00:00.000Z,PMPT #48 - TEAM ROCKETS ALTERCATION!!! | $100 USD,postfreeze,1,SWISS,3,BO3,80,,361,nanutcg,preluxe,preluxe,decisive,𝐃𝐍𝐓 | Nanu,suicune-ex-a4a-baxcalibur-b2a,Suicune ex Baxcalibur,suicune,2,3,0,122,𝗠𝗮𝗴𝗺𝗮 Preluxe,suicune-ex-a4a-baxcalibur-b2a,Suicune ex Baxcalibur,suicune,8,2,0,11
6ab1739df127b1b52c27ed98,2026-09-26T16:00:00.000Z,PMPT #48 - TEAM ROCKETS ALTERCATION!!! | $100 USD,postfreeze,1,SWISS,3,BO3,81,,362,zeus5148,sparza,zeus5148,decisive,Zeus5148,zoroark-ex-b3-mega-absol-ex-b1,Zoroark ex Mega Absol ex,,5,3,0,45,Sparza,mega-lucario-ex-b3-lucario-a2,Mega Lucario ex Lucario,lucario,2,3,0,139
6ab1739df127b1b52c27ed98,2026-09-26T16:00:00.000Z,PMPT #48 - TEAM ROCKETS ALTERCATION!!! | $100 USD,postfreeze,1,SWISS,3,BO3,82,,363,pokefunky,shreyasplays,shreyasplays,decisive,PokeFunky,mega-altaria-ex-b1-greninja-a1,Mega Altaria ex Greninja,,1,3,0,179,ShreyasPlays,suicune-ex-a4a-baxcalibur-b2a,Suicune ex Baxcalibur,suicune,9,3,0,4
6ab1739df127b1b52c27ed98,2026-09-26T16:00:00.000Z,PMPT #48 - TEAM ROCKETS ALTERCATION!!! | $100 USD,postfreeze,1,SWISS,3,BO3,83,,364,mahorn0330,themadhimalayan,mahorn0330,decisive,Mahorn0330,suicune-ex-a4a-baxcalibur-b2a,Suicune ex Baxcalibur,suicune,3,4,0,91,TheMadHimalayan,mega-altaria-ex-chingling-b1,Mega Altaria ex Chingling,,1,5,0,192
6ab1739df127b1b52c27ed98,2026-09-26T16:00:00.000Z,PMPT #48 - TEAM ROCKETS ALTERCATION!!! | $100 USD,postfreeze,1,SWISS,3,BO3,84,,365,epsilonli,pierfigo,pierfigo,decisive,EpsilonLi,mega-gallade-ex-b4-gallade-b3,Mega Gallade ex Gallade,,3,3,0,93,PierFigo,hydreigon-mega-absol-ex-b1,Hydreigon Mega Absol ex,hydreigon,6,3,0,29
6ab1739df127b1b52c27ed98,2026-09-26T16:00:00.000Z,PMPT #48 - TEAM ROCKETS ALTERCATION!!! | $100 USD,postfreeze,1,SWISS,3,BO3,85,,366,iplaypokemans,diegolq,iplaypokemans,decisive,iplaypokemans,mega-altaria-ex-b1-greninja-a1,Mega Altaria ex Greninja,,5,3,0,49,diegolq,dragonair-mega-rayquaza-ex-b4,Dragonair Mega Rayquaza ex,,2,3,0,134
6ab1739df127b1b52c27ed98,2026-09-26T16:00:00.000Z,PMPT #48 - TEAM ROCKETS ALTERCATION!!! | $100 USD,postfreeze,1,SWISS,3,BO3,86,,367,alta,dietdrkelp,alta,decisive,Alta,butterfree-b3b-mega-sceptile-ex-b3,Butterfree Mega Sceptile ex,sceptile,5,3,0,47,𝗠𝗢𝗡⭐️| Suede,mega-lucario-ex-b3-lucario-a2,Mega Lucario ex Lucario,lucario,1,3,0,160
6ab1739df127b1b52c27ed98,2026-09-26T16:00:00.000Z,PMPT #48 - TEAM ROCKETS ALTERCATION!!! | $100 USD,postfreeze,1,SWISS,3,BO3,87,,368,asia81,elmarcoo,asia81,decisive,Asia81,beautifly-b1-dustox-b4,Beautifly Dustox,,4,3,0,56,eLMarcoO,mega-blaziken-ex-b1,Mega Blaziken ex,blaziken,6,3,0,28
6ab1739df127b1b52c27ed98,2026-09-26T16:00:00.000Z,PMPT #48 - TEAM ROCKETS ALTERCATION!!! | $100 USD,postfreeze,1,SWISS,3,BO3,88,,369,reizero0712,funksterhamster,reizero0712,decisive,Reizero0712,mega-lucario-ex-b3-lucario-a2,Mega Lucario ex Lucario,lucario,3,4,0,106,FunksterHamster,magnezone-ex-b3-magnezone-b1a,Magnezone ex Magnezone,,2,3,0,148
6ab1739df127b1b52c27ed98,2026-09-26T16:00:00.000Z,PMPT #48 - TEAM ROCKETS ALTERCATION!!! | $100 USD,postfreeze,1,SWISS,3,BO3,89,,370,thefunk1,cavvyr,cavvyr,decisive,thefunk1,suicune-ex-a4a-baxcalibur-b2a,Suicune ex Baxcalibur,suicune,3,4,0,112,CavvyR,vespiquen-ex-b4-shuckle-ex-a4,Vespiquen ex Shuckle ex,vespiquen,4,3,0,68
6ab1739df127b1b52c27ed98,2026-09-26T16:00:00.000Z,PMPT #48 - TEAM ROCKETS ALTERCATION!!! | $100 USD,postfreeze,1,SWISS,3,BO3,90,,371,tommyhp,marckedcards,tommyhp,decisive,tommyhp,mega-altaria-ex-b1-igglybuff-a4a,Mega Altaria ex Igglybuff,,6,3,0,24,MarckedCards,butterfree-b3b-mega-sceptile-ex-b3,Butterfree Mega Sceptile ex,sceptile,1,6,0,194
6ab1739df127b1b52c27ed98,2026-09-26T16:00:00.000Z,PMPT #48 - TEAM ROCKETS ALTERCATION!!! | $100 USD,postfreeze,1,SWISS,3,BO3,91,,372,masterkksm,mspinguino,masterkksm,decisive,MasterKKSM,mega-altaria-ex-b1-espeon-b3a,Mega Altaria ex Espeon,altaria,1,2,1,158,mspinguino,mega-lucario-ex-b3-lucario-a2,Mega Lucario ex Lucario,lucario,1,4,0,205
6ab1739df127b1b52c27ed98,2026-09-26T16:00:00.000Z,PMPT #48 - TEAM ROCKETS ALTERCATION!!! | $100 USD,postfreeze,1,SWISS,3,BO3,92,,373,gemugemuno,clemarley_07,clemarley_07,decisive,YT_ YoshGaming,mega-lucario-ex-b3-lucario-a2,Mega Lucario ex Lucario,lucario,0,2,1,,𝐄𝐥𝐢𝐭𝐞𝟒 CleMarley_07,magnezone-b1a-miraidon-ex-b3a,Magnezone Miraidon ex,,2,5,0,144
6ab1739df127b1b52c27ed98,2026-09-26T16:00:00.000Z,PMPT #48 - TEAM ROCKETS ALTERCATION!!! | $100 USD,postfreeze,1,SWISS,3,BO3,93,,374,dashmd,belceboss,dashmd,decisive,DashMD,mega-charizard-y-ex-b1a-entei-ex-a4a,Mega Charizard Y ex Entei ex,charizardy_entei,3,3,0,102,belceboss,mega-altaria-ex-b1-espeon-b3a,Mega Altaria ex Espeon,altaria,0,4,0,251
6ab1739df127b1b52c27ed98,2026-09-26T16:00:00.000Z,PMPT #48 - TEAM ROCKETS ALTERCATION!!! | $100 USD,postfreeze,1,SWISS,3,BO3,94,,375,dbsrm,vegito_glazer,dbsrm,decisive,DbsRm,magcargo-a4,Magcargo,,1,6,0,199,Vegito_Glazer,garchomp-b4a-goomy-b1,Garchomp Goomy,,0,4,0,254
6ab1739df127b1b52c27ed98,2026-09-26T16:00:00.000Z,PMPT #48 - TEAM ROCKETS ALTERCATION!!! | $100 USD,postfreeze,1,SWISS,3,BO3,95,,376,csmati,jaxtcgp,jaxtcgp,decisive,CsMati,mega-blaziken-ex-b1,Mega Blaziken ex,blaziken,0,5,0,259,JaxTCGP,jumpluff-ex-a4a-team-rockets-electrode-b4a,Jumpluff ex Team Rocket's Electrode,,2,3,0,157
6ab1739df127b1b52c27ed98,2026-09-26T16:00:00.000Z,PMPT #48 - TEAM ROCKETS ALTERCATION!!! | $100 USD,postfreeze,1,SWISS,3,BO3,96,,377,welshman16,doctorfun,doctorfun,decisive,welshman16,dragonair-mega-rayquaza-ex-b4,Dragonair Mega Rayquaza ex,,0,3,0,227,DoctorFun,beautifly-dustox-b4,Beautifly Dustox,,4,3,0,80
6ab1739df127b1b52c27ed98,2026-09-26T16:00:00.000Z,PMPT #48 - TEAM ROCKETS ALTERCATION!!! | $100 USD,postfreeze,1,SWISS,3,BO3,97,,378,jenamica,noteffinround47,jenamica,decisive,Jenamica,mega-altaria-ex-b1-happiny-b4a,Mega Altaria ex Happiny,,1,3,0,204,NoteffinRound47,butterfree-b3b-mega-sceptile-ex-b3,Butterfree Mega Sceptile ex,sceptile,0,5,0,267
6ab1739df127b1b52c27ed98,2026-09-26T16:00:00.000Z,PMPT #48 - TEAM ROCKETS ALTERCATION!!! | $100 USD,postfreeze,1,SWISS,3,BO3,98,,379,felixnnn,xfreddy,felixnnn,decisive,Felixnnn,mega-lucario-ex-b3-lucario-a2,Mega Lucario ex Lucario,lucario,1,3,0,171,XFreddy,dedenne-ex-b3b-indeedee-ex-b1,Dedenne ex Indeedee ex,,0,3,0,228
6ab1739df127b1b52c27ed98,2026-09-26T16:00:00.000Z,PMPT #48 - TEAM ROCKETS ALTERCATION!!! | $100 USD,postfreeze,1,SWISS,3,BO3,99,,380,vinsgg,draxoz,-1,double_loss,DNT | VinsJP,giratina-ex-a2b-darkrai-ex-a2,Giratina ex Darkrai ex,,0,5,0,250,DraXoZ,dragonair-mega-rayquaza-ex-b4,Dragonair Mega Rayquaza ex,,0,4,0,241
6ab1739df127b1b52c27ed98,2026-09-26T16:00:00.000Z,PMPT #48 - TEAM ROCKETS ALTERCATION!!! | $100 USD,postfreeze,1,SWISS,3,BO3,100,,381,godi,ld,godi,decisive,Godi,dedenne-ex-b3b-indeedee-ex-b1,Dedenne ex Indeedee ex,,1,3,0,206,LuDo ,mega-metagross-ex-b4-skarmory-a2,Mega Metagross ex Skarmory,,0,4,0,269
6ab1739df127b1b52c27ed98,2026-09-26T16:00:00.000Z,PMPT #48 - TEAM ROCKETS ALTERCATION!!! | $100 USD,postfreeze,1,SWISS,3,BO3,101,,382,srafaelitocs,einstun,srafaelitocs,decisive,srafaelitocs,mega-altaria-ex-b1-espeon-b3a,Mega Altaria ex Espeon,altaria,4,3,0,81,𝙈𝙚𝙜𝙖 𝕰𝖎𝖓𝖘𝖙𝖚𝖓 𝙀𝙓,mega-blaziken-ex-b1,Mega Blaziken ex,blaziken,0,4,0,245
6ab1739df127b1b52c27ed98,2026-09-26T16:00:00.000Z,PMPT #48 - TEAM ROCKETS ALTERCATION!!! | $100 USD,postfreeze,1,SWISS,3,BO3,102,,383,anigohan,shadow135,shadow135,decisive,Anigohan,mega-altaria-ex-b1-mimikyu-ex-b2,Mega Altaria ex Mimikyu ex,,0,3,0,253,ShaDoW135,mega-charizard-y-ex-b1a-entei-ex-a4a,Mega Charizard Y ex Entei ex,charizardy_entei,2,3,0,135
6ab1739df127b1b52c27ed98,2026-09-26T16:00:00.000Z,PMPT #48 - TEAM ROCKETS ALTERCATION!!! | $100 USD,postfreeze,1,SWISS,3,BO3,103,,384,sawitlovers,andres941cs,sawitlovers,decisive,SawitLovers,mega-lucario-ex-b3-lucario-a2,Mega Lucario ex Lucario,lucario,1,4,0,209,andres941cs,team-rockets-raticate-ex-b4a-mega-lucario-ex-b3,Team Rocket's Raticate ex Mega Lucario ex,,0,4,0,239
6ab1739df127b1b52c27ed98,2026-09-26T16:00:00.000Z,PMPT #48 - TEAM ROCKETS ALTERCATION!!! | $100 USD,postfreeze,1,SWISS,3,BO3,104,,385,crusher179450,haryanto,crusher179450,decisive,Crusher179450,hoopa-ex-b4-mega-absol-ex-b1,Hoopa ex Mega Absol ex,hoopa_absol,1,3,0,176,𝗠𝗲𝗴𝗮 Haryanto 𝗘𝗫,team-rockets-raticate-ex-b4a-arceus-ex-a2a,Team Rocket's Raticate ex Arceus ex,,0,3,0,246
6ab1739df127b1b52c27ed98,2026-09-26T16:00:00.000Z,PMPT #48 - TEAM ROCKETS ALTERCATION!!! | $100 USD,postfreeze,1,SWISS,3,BO3,105,,386,xastur,fall88,fall88,decisive,Xastur,mega-blaziken-ex-b1-greninja-a1,Mega Blaziken ex Greninja,,0,3,0,244,Fall88,mega-swampert-ex-b2-greninja-a1,Mega Swampert ex Greninja,,4,3,0,69
6ab1739df127b1b52c27ed98,2026-09-26T16:00:00.000Z,PMPT #48 - TEAM ROCKETS ALTERCATION!!! | $100 USD,postfreeze,1,SWISS,3,BO3,106,,387,tcgyami,elyons54,tcgyami,decisive,tcgyami,solgaleo-ex-a3-skarmory-a2,Solgaleo ex Skarmory,,4,3,0,79,Elyons54,mega-blastoise-ex-b1a-eiscue-b1,Mega Blastoise ex Eiscue,,0,5,0,249
6ab1739df127b1b52c27ed98,2026-09-26T16:00:00.000Z,PMPT #48 - TEAM ROCKETS ALTERCATION!!! | $100 USD,postfreeze,1,SWISS,3,BO3,107,,388,pamnardo_s2,crestie,crestie,decisive,PamNardo_s2,mega-altaria-ex-b1-espeon-b3a,Mega Altaria ex Espeon,altaria,0,3,0,243,Crestie,mega-altaria-ex-b1-espeon-b3a,Mega Altaria ex Espeon,altaria,2,4,0,154
6ab1739df127b1b52c27ed98,2026-09-26T16:00:00.000Z,PMPT #48 - TEAM ROCKETS ALTERCATION!!! | $100 USD,postfreeze,1,SWISS,3,BO3,108,,389,shaquill10,zurk,shaquill10,decisive,Shaquill10,team-rockets-raticate-ex-b4a-arceus-ex-a2a,Team Rocket's Raticate ex Arceus ex,,1,6,0,200,Zurk,dragonair-mega-rayquaza-ex-b4,Dragonair Mega Rayquaza ex,,0,5,0,258
6ab1739df127b1b52c27ed98,2026-09-26T16:00:00.000Z,PMPT #48 - TEAM ROCKETS ALTERCATION!!! | $100 USD,postfreeze,1,SWISS,3,BO3,109,,390,javiercazorla,phantom_knight1,javiercazorla,decisive,Javiercazorla,mega-manectric-ex-b2b-heliolisk-b4,Mega Manectric ex Heliolisk,manectric_heliolisk,1,4,0,190,Phantom_Knight1,team-rockets-weezing-ex-team-rockets-magmar-b4a,Team Rocket's Weezing ex Team Rocket's Magmar,,1,4,0,197
6ab1739df127b1b52c27ed98,2026-09-26T16:00:00.000Z,PMPT #48 - TEAM ROCKETS ALTERCATION!!! | $100 USD,postfreeze,1,SWISS,3,BO3,110,,391,shinra67,golfermt,golfermt,decisive,𝗕𝗢𝗔𝗧| Satoru Gojo,magnezone-ex-b3-magnezone-b1a,Magnezone ex Magnezone,,0,3,0,230,golfermt,miraidon-ex-b3a-magnezone-b1a,Miraidon ex Magnezone,,2,3,0,125
6ab1739df127b1b52c27ed98,2026-09-26T16:00:00.000Z,PMPT #48 - TEAM ROCKETS ALTERCATION!!! | $100 USD,postfreeze,1,SWISS,3,BO3,111,,392,makotsunami,davethefishbass,davethefishbass,decisive,Makotsunami,butterfree-b3b-mega-sceptile-ex-b3,Butterfree Mega Sceptile ex,sceptile,3,4,0,113,DaveTheFishBass,mega-charizard-y-ex-b1a-castform-sunny-form-b3,Mega Charizard Y ex Castform Sunny Form,,1,3,0,203
6ab1739df127b1b52c27ed98,2026-09-26T16:00:00.000Z,PMPT #48 - TEAM ROCKETS ALTERCATION!!! | $100 USD,postfreeze,1,SWISS,3,BO3,112,,393,baguspa,setooo,baguspa,decisive,baguspa,mega-sharpedo-ex-b4-gyarados-a4,Mega Sharpedo ex Gyarados,,1,3,0,184,Setooo,hydreigon-mega-absol-ex-b1,Hydreigon Mega Absol ex,hydreigon,0,4,0,261
6ab1739df127b1b52c27ed98,2026-09-26T16:00:00.000Z,PMPT #48 - TEAM ROCKETS ALTERCATION!!! | $100 USD,postfreeze,1,SWISS,3,BO3,113,,394,alana,maximumedgelord,maximumedgelord,decisive,𝗠𝗲𝗴𝗮 A̶l̶a̶n̶a̶ 𝗘𝗫,mega-swampert-ex-b2-mantyke-a4a,Mega Swampert ex Mantyke,,0,5,0,252,MaximumEdgeLord,mega-sharpedo-ex-b4-milotic-ex-b3b,Mega Sharpedo ex Milotic ex,,2,3,0,126
6ab1739df127b1b52c27ed98,2026-09-26T16:00:00.000Z,PMPT #48 - TEAM ROCKETS ALTERCATION!!! | $100 USD,postfreeze,1,SWISS,3,BO3,114,,395,dariuspopek,zonice,dariuspopek,decisive,DariusPopek,hoopa-ex-b4-mega-absol-ex-b1,Hoopa ex Mega Absol ex,hoopa_absol,3,4,0,109,𝙄𝙈𝙋 | Zonice,hoopa-ex-b4-greninja-a1,Hoopa ex Greninja,,0,3,0,237
6ab1739df127b1b52c27ed98,2026-09-26T16:00:00.000Z,PMPT #48 - TEAM ROCKETS ALTERCATION!!! | $100 USD,postfreeze,1,SWISS,3,BO3,115,,396,rustycohle,turbone101,turbone101,decisive,RustyCohle,hydreigon-mega-absol-ex-b1,Hydreigon Mega Absol ex,hydreigon,0,3,0,214,Turbone101,beautifly-dustox-b4,Beautifly Dustox,,6,3,0,31
6ab1739df127b1b52c27ed98,2026-09-26T16:00:00.000Z,PMPT #48 - TEAM ROCKETS ALTERCATION!!! | $100 USD,postfreeze,1,SWISS,4,BO3,1,,397,ghalileo,adi1906,adi1906,decisive,Ghalileo,mega-charizard-y-ex-b1a-charizard-ex-a1,Mega Charizard Y ex Charizard ex,,3,4,0,84,Adi1906,mega-charizard-y-ex-b1a-entei-ex-a4a,Mega Charizard Y ex Entei ex,charizardy_entei,4,3,0,60
6ab1739df127b1b52c27ed98,2026-09-26T16:00:00.000Z,PMPT #48 - TEAM ROCKETS ALTERCATION!!! | $100 USD,postfreeze,1,SWISS,4,BO3,2,,398,toddyfox,sirus,sirus,decisive,Toddyfox,suicune-ex-a4a-baxcalibur-b2a,Suicune ex Baxcalibur,suicune,3,2,0,92,sirus,miraidon-ex-b3a-magnezone-b1a,Miraidon ex Magnezone,,7,2,1,13
6ab1739df127b1b52c27ed98,2026-09-26T16:00:00.000Z,PMPT #48 - TEAM ROCKETS ALTERCATION!!! | $100 USD,postfreeze,1,SWISS,4,BO3,3,,399,dj_marnel,hollow7,dj_marnel,decisive, 𝐃𝐍𝐓 | DjMarnel,suicune-ex-a4a-baxcalibur-b2a,Suicune ex Baxcalibur,suicune,10,1,0,5,hollow7,hydreigon-mega-absol-ex-b1,Hydreigon Mega Absol ex,hydreigon,5,3,0,40
6ab1739df127b1b52c27ed98,2026-09-26T16:00:00.000Z,PMPT #48 - TEAM ROCKETS ALTERCATION!!! | $100 USD,postfreeze,1,SWISS,4,BO3,4,,400,dens,mcleoid,mcleoid,decisive,Dens,mega-blaziken-ex-b1,Mega Blaziken ex,blaziken,4,3,0,59,McLeoid,hydreigon-mega-absol-ex-b1,Hydreigon Mega Absol ex,hydreigon,8,2,0,9
6ab1739df127b1b52c27ed98,2026-09-26T16:00:00.000Z,PMPT #48 - TEAM ROCKETS ALTERCATION!!! | $100 USD,postfreeze,1,SWISS,4,BO3,5,,401,soap728,amilaz,soap728,decisive,soap728,mega-blaziken-ex-b1,Mega Blaziken ex,blaziken,10,2,1,2,amilaz,entei-ex-a4a,Entei ex,,5,3,0,43
6ab1739df127b1b52c27ed98,2026-09-26T16:00:00.000Z,PMPT #48 - TEAM ROCKETS ALTERCATION!!! | $100 USD,postfreeze,1,SWISS,4,BO3,6,,402,silver2991,jlng,silver2991,decisive,Silver2991,vespiquen-ex-b4-shuckle-ex-a4,Vespiquen ex Shuckle ex,vespiquen,5,3,0,38,JLNG,mega-blaziken-ex-b1,Mega Blaziken ex,blaziken,6,2,1,21
6ab1739df127b1b52c27ed98,2026-09-26T16:00:00.000Z,PMPT #48 - TEAM ROCKETS ALTERCATION!!! | $100 USD,postfreeze,1,SWISS,4,BO3,7,,403,sandy_permata205,razbersky202,razbersky202,decisive,𝗠𝗲𝗴𝗮 Razor 𝗘𝗫,magnezone-b1a-miraidon-ex-b3a,Magnezone Miraidon ex,,3,1,0,107,Razbersky202,beautifly-b1-dustox-b4,Beautifly Dustox,,4,3,0,51
6ab1739df127b1b52c27ed98,2026-09-26T16:00:00.000Z,PMPT #48 - TEAM ROCKETS ALTERCATION!!! | $100 USD,postfreeze,1,SWISS,4,BO3,8,,404,marquisb93,beachboy,marquisb93,decisive,MarquisB93,team-rockets-weezing-ex-b4a-zoroark-ex-b3,Team Rocket's Weezing ex Zoroark ex,,9,2,1,3,BeachBoy,mega-altaria-ex-b1-espeon-b3a,Mega Altaria ex Espeon,altaria,8,2,1,7
6ab1739df127b1b52c27ed98,2026-09-26T16:00:00.000Z,PMPT #48 - TEAM ROCKETS ALTERCATION!!! | $100 USD,postfreeze,1,SWISS,4,BO3,9,,405,enggar,aliga,enggar,decisive,Enggar/ Aqua,mega-altaria-ex-b1-espeon-b3a,Mega Altaria ex Espeon,altaria,6,3,0,22,aliga,mega-sceptile-ex-b3-greninja-a1,Mega Sceptile ex Greninja,,3,3,0,82
6ab1739df127b1b52c27ed98,2026-09-26T16:00:00.000Z,PMPT #48 - TEAM ROCKETS ALTERCATION!!! | $100 USD,postfreeze,1,SWISS,4,BO3,10,,406,javiee333,hansuwe,hansuwe,decisive,𝗠𝗢𝗡⭐️ | Javiee333,mega-manectric-ex-b2b-heliolisk-b4,Mega Manectric ex Heliolisk,manectric_heliolisk,8,2,0,10,Hansuwe,hoopa-ex-b4-mega-absol-ex-b1,Hoopa ex Mega Absol ex,hoopa_absol,9,2,0,6
6ab1739df127b1b52c27ed98,2026-09-26T16:00:00.000Z,PMPT #48 - TEAM ROCKETS ALTERCATION!!! | $100 USD,postfreeze,1,SWISS,4,BO3,11,,407,alice_69,griffsama,alice_69,decisive,Alice_69,mega-altaria-ex-b1-espeon-b3a,Mega Altaria ex Espeon,altaria,6,1,2,,sZero | GriffSama,mega-altaria-ex-b1-greninja-a1,Mega Altaria ex Greninja,,5,2,1,33
6ab1739df127b1b52c27ed98,2026-09-26T16:00:00.000Z,PMPT #48 - TEAM ROCKETS ALTERCATION!!! | $100 USD,postfreeze,1,SWISS,4,BO3,12,,408,astanevergiveup,starcadian,starcadian,decisive,AstaNeverGiveUp,mega-altaria-ex-b1-espeon-b3a,Mega Altaria ex Espeon,altaria,5,2,1,32,Starcadian,beautifly-b1-dustox-b4,Beautifly Dustox,,5,3,0,39
6ab1739df127b1b52c27ed98,2026-09-26T16:00:00.000Z,PMPT #48 - TEAM ROCKETS ALTERCATION!!! | $100 USD,postfreeze,1,SWISS,4,BO3,13,,409,axelniraj,abnermoyai,axelniraj,decisive,Void ,mega-sceptile-ex-sceptile-b3,Mega Sceptile ex Sceptile,,5,2,1,37,𝐈𝐌𝐎 Moyai,mega-sceptile-ex-b3-teal-mask-ogerpon-ex-b2,Mega Sceptile ex Teal Mask Ogerpon ex,,3,4,0,83
6ab1739df127b1b52c27ed98,2026-09-26T16:00:00.000Z,PMPT #48 - TEAM ROCKETS ALTERCATION!!! | $100 USD,postfreeze,1,SWISS,4,BO3,14,,410,zagazaga,ventrixd,ventrixd,decisive,ZaGaZaGa,charizard-ex-a1-mega-charizard-y-ex-b1a,Charizard ex Mega Charizard Y ex,,5,2,1,35,VentriXD,magnezone-b1a-miraidon-ex-b3a,Magnezone Miraidon ex,,6,2,1,20
6ab1739df127b1b52c27ed98,2026-09-26T16:00:00.000Z,PMPT #48 - TEAM ROCKETS ALTERCATION!!! | $100 USD,postfreeze,1,SWISS,4,BO3,15,,411,warpis,kresna19,kresna19,decisive,𝗠𝗲𝗴𝗮 SIPRAW 𝗘𝗫,mega-altaria-ex-b1-greninja-a1,Mega Altaria ex Greninja,,7,2,0,17,Kresna19,magnezone-b1a-miraidon-ex-b3a,Magnezone Miraidon ex,,4,3,0,53
6ab1739df127b1b52c27ed98,2026-09-26T16:00:00.000Z,PMPT #48 - TEAM ROCKETS ALTERCATION!!! | $100 USD,postfreeze,1,SWISS,4,BO3,16,,412,alta,esdeath,alta,decisive,Alta,butterfree-b3b-mega-sceptile-ex-b3,Butterfree Mega Sceptile ex,sceptile,5,3,0,47,Esdeath,mega-altaria-ex-b1-happiny-b4a,Mega Altaria ex Happiny,,2,3,0,140
6ab1739df127b1b52c27ed98,2026-09-26T16:00:00.000Z,PMPT #48 - TEAM ROCKETS ALTERCATION!!! | $100 USD,postfreeze,1,SWISS,4,BO3,17,,413,den670,jphenomenal,den670,decisive,den670,mega-manectric-ex-b2b-heliolisk-b4,Mega Manectric ex Heliolisk,manectric_heliolisk,5,3,0,44,TBC|| JPhenomenal,magnezone-b1a-miraidon-ex-b3a,Magnezone Miraidon ex,,5,3,0,42
6ab1739df127b1b52c27ed98,2026-09-26T16:00:00.000Z,PMPT #48 - TEAM ROCKETS ALTERCATION!!! | $100 USD,postfreeze,1,SWISS,4,BO3,18,,414,cosmooo,antony,cosmooo,decisive,FrogEX | Cosmo,vespiquen-ex-b4-shuckle-ex-a4,Vespiquen ex Shuckle ex,vespiquen,4,3,0,73,𝙄𝙈𝙋 | Yiidrazil,suicune-ex-a4a-baxcalibur-b2a,Suicune ex Baxcalibur,suicune,2,3,0,124
6ab1739df127b1b52c27ed98,2026-09-26T16:00:00.000Z,PMPT #48 - TEAM ROCKETS ALTERCATION!!! | $100 USD,postfreeze,1,SWISS,4,BO3,19,,415,brendon68,reizero0712,brendon68,decisive,Brendon68,hoopa-ex-b4-greninja-a1,Hoopa ex Greninja,,4,3,0,66,Reizero0712,mega-lucario-ex-b3-lucario-a2,Mega Lucario ex Lucario,lucario,3,4,0,106
6ab1739df127b1b52c27ed98,2026-09-26T16:00:00.000Z,PMPT #48 - TEAM ROCKETS ALTERCATION!!! | $100 USD,postfreeze,1,SWISS,4,BO3,20,,416,2sick,cloudypanda,2sick,decisive,²ᵀ| ²ꜱɪᴄᴋ,vespiquen-ex-b4-shuckle-ex-a4,Vespiquen ex Shuckle ex,vespiquen,7,2,1,12,CloudyPanda,mega-diancie-ex-carbink-b3b,Mega Diancie ex Carbink,,2,2,0,143
6ab1739df127b1b52c27ed98,2026-09-26T16:00:00.000Z,PMPT #48 - TEAM ROCKETS ALTERCATION!!! | $100 USD,postfreeze,1,SWISS,4,BO3,21,,417,random,normo360,random,decisive,Random,magnezone-ex-b3-magnezone-b1a,Magnezone ex Magnezone,,6,3,0,25,𝗠𝗮𝗴𝗺𝗮 StorM,mega-blaziken-ex-b1,Mega Blaziken ex,blaziken,2,3,0,136
6ab1739df127b1b52c27ed98,2026-09-26T16:00:00.000Z,PMPT #48 - TEAM ROCKETS ALTERCATION!!! | $100 USD,postfreeze,1,SWISS,4,BO3,22,,418,hajime9009,anhz,hajime9009,decisive,Hajime9009,charizard-ex-a1-mega-charizard-y-ex-b1a,Charizard ex Mega Charizard Y ex,,4,3,0,52,AnHz,hydreigon-mega-absol-ex-b1,Hydreigon Mega Absol ex,hydreigon,4,3,0,63
6ab1739df127b1b52c27ed98,2026-09-26T16:00:00.000Z,PMPT #48 - TEAM ROCKETS ALTERCATION!!! | $100 USD,postfreeze,1,SWISS,4,BO3,23,,419,tz_gaoren,ishaan,tz_gaoren,decisive,TZ_Gaoren,mega-lucario-ex-b3-lucario-a2,Mega Lucario ex Lucario,lucario,4,3,0,58,Ishaan,suicune-ex-a4a-baxcalibur-b2a,Suicune ex Baxcalibur,suicune,2,2,0,123
6ab1739df127b1b52c27ed98,2026-09-26T16:00:00.000Z,PMPT #48 - TEAM ROCKETS ALTERCATION!!! | $100 USD,postfreeze,1,SWISS,4,BO3,24,,420,red_the_champion,frogger,frogger,decisive,Red_the_Champion,dragonair-mega-rayquaza-ex-b4,Dragonair Mega Rayquaza ex,,4,3,0,57,Frogger,butterfree-b3b-mega-sceptile-ex-b3,Butterfree Mega Sceptile ex,sceptile,7,2,0,18
6ab1739df127b1b52c27ed98,2026-09-26T16:00:00.000Z,PMPT #48 - TEAM ROCKETS ALTERCATION!!! | $100 USD,postfreeze,1,SWISS,4,BO3,25,,421,sombrita,manux,manux,decisive,sombrita,team-rockets-raticate-ex-b4a-alolan-ninetales-ex-b2,Team Rocket's Raticate ex Alolan Ninetales ex,raticate_ninetales,2,3,0,131,Manux,mega-lucario-ex-b3-teal-mask-ogerpon-ex-b2,Mega Lucario ex Teal Mask Ogerpon ex,,11,1,1,1
6ab1739df127b1b52c27ed98,2026-09-26T16:00:00.000Z,PMPT #48 - TEAM ROCKETS ALTERCATION!!! | $100 USD,postfreeze,1,SWISS,4,BO3,26,,422,six420,chopyournut,chopyournut,decisive,Six420,beautifly-dustox-b4,Beautifly Dustox,,2,3,0,156,Chopyournut,mega-blaziken-ex-b1-castform-sunny-form-b3,Mega Blaziken ex Castform Sunny Form,,3,3,0,105
6ab1739df127b1b52c27ed98,2026-09-26T16:00:00.000Z,PMPT #48 - TEAM ROCKETS ALTERCATION!!! | $100 USD,postfreeze,1,SWISS,4,BO3,27,,423,asia81,highlight,asia81,decisive,Asia81,beautifly-b1-dustox-b4,Beautifly Dustox,,4,3,0,56,𝐅𝐈𝐑𝐄 | Highlight,butterfree-b3b-mega-sceptile-ex-b3,Butterfree Mega Sceptile ex,sceptile,4,3,0,71
6ab1739df127b1b52c27ed98,2026-09-26T16:00:00.000Z,PMPT #48 - TEAM ROCKETS ALTERCATION!!! | $100 USD,postfreeze,1,SWISS,4,BO3,28,,424,threevela,lolocatchem,threevela,decisive,𝐃𝐍𝐓 | ThreeVela,magnezone-b1a-miraidon-ex-b3a,Magnezone Miraidon ex,,5,2,1,34,LoLoCatchEm,hydreigon-mega-absol-ex-b1,Hydreigon Mega Absol ex,hydreigon,2,3,0,118
6ab1739df127b1b52c27ed98,2026-09-26T16:00:00.000Z,PMPT #48 - TEAM ROCKETS ALTERCATION!!! | $100 USD,postfreeze,1,SWISS,4,BO3,29,,425,rekklesbert,dhforty4,rekklesbert,decisive,Rekklesbert,mega-lucario-ex-b3-lucario-a2,Mega Lucario ex Lucario,lucario,5,2,1,36,dhforty4,zoroark-ex-b3-mega-sableye-ex-b3b,Zoroark ex Mega Sableye ex,,4,3,0,77
6ab1739df127b1b52c27ed98,2026-09-26T16:00:00.000Z,PMPT #48 - TEAM ROCKETS ALTERCATION!!! | $100 USD,postfreeze,1,SWISS,4,BO3,30,,426,hasalf,davionn,hasalf,decisive,𝑻𝑩  / Hasalf,greninja-a1-mega-sableye-ex-b3b,Greninja Mega Sableye ex,,3,3,0,108,Davionn,mega-sableye-ex-b3b-darkrai-ex-a2,Mega Sableye ex Darkrai ex,,2,4,0,133
6ab1739df127b1b52c27ed98,2026-09-26T16:00:00.000Z,PMPT #48 - TEAM ROCKETS ALTERCATION!!! | $100 USD,postfreeze,1,SWISS,4,BO3,31,,427,blackajr,luxmea,blackajr,decisive,BlackAJR,mega-altaria-ex-b1-espeon-b3a,Mega Altaria ex Espeon,altaria,6,3,0,30,Luxmea,mega-lucario-ex-b3-lucario-a2,Mega Lucario ex Lucario,lucario,2,5,0,130
6ab1739df127b1b52c27ed98,2026-09-26T16:00:00.000Z,PMPT #48 - TEAM ROCKETS ALTERCATION!!! | $100 USD,postfreeze,1,SWISS,4,BO3,32,,428,garoth,lanora,lanora,decisive,IMP | Garoth,vespiquen-ex-b4-shuckle-ex-a4,Vespiquen ex Shuckle ex,vespiquen,3,3,0,87,𝗠𝗲𝗴𝗮 LaNora 𝗘𝗫,mega-altaria-ex-b1-espeon-b3a,Mega Altaria ex Espeon,altaria,7,3,0,15
6ab1739df127b1b52c27ed98,2026-09-26T16:00:00.000Z,PMPT #48 - TEAM ROCKETS ALTERCATION!!! | $100 USD,postfreeze,1,SWISS,4,BO3,33,,429,iplaypokemans,masaki0304,iplaypokemans,decisive,iplaypokemans,mega-altaria-ex-b1-greninja-a1,Mega Altaria ex Greninja,,5,3,0,49,masaki0304,mega-diancie-ex-carbink-b3b,Mega Diancie ex Carbink,,2,3,0,121
6ab1739df127b1b52c27ed98,2026-09-26T16:00:00.000Z,PMPT #48 - TEAM ROCKETS ALTERCATION!!! | $100 USD,postfreeze,1,SWISS,4,BO3,34,,430,joshuasutherland21,vegegras,joshuasutherland21,decisive,TDL | MoonlightshurikenVT,mega-altaria-ex-b1-greninja-a1,Mega Altaria ex Greninja,,6,3,0,27,Vegegras,magnezone-b1a-miraidon-ex-b3a,Magnezone Miraidon ex,,2,5,0,119
6ab1739df127b1b52c27ed98,2026-09-26T16:00:00.000Z,PMPT #48 - TEAM ROCKETS ALTERCATION!!! | $100 USD,postfreeze,1,SWISS,4,BO3,35,,431,shreyasplays,jhum,jhum,decisive,ShreyasPlays,suicune-ex-a4a-baxcalibur-b2a,Suicune ex Baxcalibur,suicune,9,3,0,4,JHum,dedenne-ex-b3b-indeedee-ex-b1,Dedenne ex Indeedee ex,,4,3,0,54
6ab1739df127b1b52c27ed98,2026-09-26T16:00:00.000Z,PMPT #48 - TEAM ROCKETS ALTERCATION!!! | $100 USD,postfreeze,1,SWISS,4,BO3,36,,432,preluxe,ka1z0,preluxe,decisive,𝗠𝗮𝗴𝗺𝗮 Preluxe,suicune-ex-a4a-baxcalibur-b2a,Suicune ex Baxcalibur,suicune,8,2,0,11,Ka1z0,zoroark-ex-b3-mega-absol-ex-b1,Zoroark ex Mega Absol ex,,3,3,0,101
6ab1739df127b1b52c27ed98,2026-09-26T16:00:00.000Z,PMPT #48 - TEAM ROCKETS ALTERCATION!!! | $100 USD,postfreeze,1,SWISS,4,BO3,37,,433,dron,arifanrizqi,arifanrizqi,decisive,Dron,miraidon-ex-b3a-magnezone-b1a,Miraidon ex Magnezone,,2,3,0,142,arifanrizqi,butterfree-b3b-mega-sceptile-ex-b3,Butterfree Mega Sceptile ex,sceptile,3,4,0,90
6ab1739df127b1b52c27ed98,2026-09-26T16:00:00.000Z,PMPT #48 - TEAM ROCKETS ALTERCATION!!! | $100 USD,postfreeze,1,SWISS,4,BO3,38,,434,iluchien,pkmn_sensei,iluchien,decisive,iluchien,mega-altaria-ex-b1-happiny-b4a,Mega Altaria ex Happiny,,3,4,0,98,PKMN_Sensei,ho-oh-ex-a4-charmeleon-b2b,Ho-Oh ex Charmeleon,,3,4,0,96
6ab1739df127b1b52c27ed98,2026-09-26T16:00:00.000Z,PMPT #48 - TEAM ROCKETS ALTERCATION!!! | $100 USD,postfreeze,1,SWISS,4,BO3,39,,435,berlusconismurf,meidhy,berlusconismurf,decisive,Berlusconismurf,mega-charizard-y-ex-b1a-entei-ex-a4a,Mega Charizard Y ex Entei ex,charizardy_entei,7,3,0,16,Meidhy,mega-lucario-ex-b3-lucario-a2,Mega Lucario ex Lucario,lucario,2,3,0,132
6ab1739df127b1b52c27ed98,2026-09-26T16:00:00.000Z,PMPT #48 - TEAM ROCKETS ALTERCATION!!! | $100 USD,postfreeze,1,SWISS,4,BO3,40,,436,flameking3,hamza007,hamza007,decisive,FLAMEKING3,dragonair-mega-rayquaza-ex-b4,Dragonair Mega Rayquaza ex,,3,3,0,88,𝗠𝗮𝗴𝗺𝗮 Hamza,mega-altaria-ex-b1-espeon-b3a,Mega Altaria ex Espeon,altaria,7,2,0,19
6ab1739df127b1b52c27ed98,2026-09-26T16:00:00.000Z,PMPT #48 - TEAM ROCKETS ALTERCATION!!! | $100 USD,postfreeze,1,SWISS,4,BO3,41,,437,pierfigo,njjord7,njjord7,decisive,PierFigo,hydreigon-mega-absol-ex-b1,Hydreigon Mega Absol ex,hydreigon,6,3,0,29,FrogEX | Njord,beautifly-dustox-b4,Beautifly Dustox,,3,3,0,95
6ab1739df127b1b52c27ed98,2026-09-26T16:00:00.000Z,PMPT #48 - TEAM ROCKETS ALTERCATION!!! | $100 USD,postfreeze,1,SWISS,4,BO3,42,,438,soobroo,lockpick04,lockpick04,decisive,SOOBROO,hoopa-ex-b4-mega-absol-ex-b1,Hoopa ex Mega Absol ex,hoopa_absol,2,3,0,120,Lockpick04,vespiquen-ex-b4-shuckle-ex-a4,Vespiquen ex Shuckle ex,vespiquen,4,3,0,65
6ab1739df127b1b52c27ed98,2026-09-26T16:00:00.000Z,PMPT #48 - TEAM ROCKETS ALTERCATION!!! | $100 USD,postfreeze,1,SWISS,4,BO3,43,,439,tommyhp,rikhardt,tommyhp,decisive,tommyhp,mega-altaria-ex-b1-igglybuff-a4a,Mega Altaria ex Igglybuff,,6,3,0,24,Rikhardt,mega-lucario-ex-b3-lucario-a2,Mega Lucario ex Lucario,lucario,2,2,0,145
6ab1739df127b1b52c27ed98,2026-09-26T16:00:00.000Z,PMPT #48 - TEAM ROCKETS ALTERCATION!!! | $100 USD,postfreeze,1,SWISS,4,BO3,44,,440,ppitopin8,pepin_mx,ppitopin8,decisive,ppitopin8,mega-altaria-ex-b1-espeon-b3a,Mega Altaria ex Espeon,altaria,5,3,0,41,pepin_mx,mega-altaria-ex-b1-espeon-b3a,Mega Altaria ex Espeon,altaria,2,2,0,114
6ab1739df127b1b52c27ed98,2026-09-26T16:00:00.000Z,PMPT #48 - TEAM ROCKETS ALTERCATION!!! | $100 USD,postfreeze,1,SWISS,4,BO3,45,,441,smthg,mahorn0330,smthg,decisive,Smthg,pikachu-ex-a1-tauros-ex-b1,Pikachu ex Tauros ex,,3,4,0,86,Mahorn0330,suicune-ex-a4a-baxcalibur-b2a,Suicune ex Baxcalibur,suicune,3,4,0,91
6ab1739df127b1b52c27ed98,2026-09-26T16:00:00.000Z,PMPT #48 - TEAM ROCKETS ALTERCATION!!! | $100 USD,postfreeze,1,SWISS,4,BO3,46,,442,minato,zeus5148,zeus5148,decisive,minato,dragonair-mega-rayquaza-ex-b4,Dragonair Mega Rayquaza ex,,4,3,0,78,Zeus5148,zoroark-ex-b3-mega-absol-ex-b1,Zoroark ex Mega Absol ex,,5,3,0,45
6ab1739df127b1b52c27ed98,2026-09-26T16:00:00.000Z,PMPT #48 - TEAM ROCKETS ALTERCATION!!! | $100 USD,postfreeze,1,SWISS,4,BO3,47,,443,iduh,https,https,decisive,𝗠𝗲𝗴𝗮 Iduh 𝗘𝗫,dragonair-mega-rayquaza-ex-b4,Dragonair Mega Rayquaza ex,,2,3,0,138,Nobody ,hoopa-ex-b4-mega-absol-ex-b1,Hoopa ex Mega Absol ex,hoopa_absol,4,3,0,62
6ab1739df127b1b52c27ed98,2026-09-26T16:00:00.000Z,PMPT #48 - TEAM ROCKETS ALTERCATION!!! | $100 USD,postfreeze,1,SWISS,4,BO3,48,,444,feyyzo,soadmon,feyyzo,decisive,Feyyzo,hoopa-ex-b4-mega-absol-ex-b1,Hoopa ex Mega Absol ex,hoopa_absol,4,3,0,64,Soadmon,mega-altaria-ex-b1-espeon-b3a,Mega Altaria ex Espeon,altaria,8,3,0,8
6ab1739df127b1b52c27ed98,2026-09-26T16:00:00.000Z,PMPT #48 - TEAM ROCKETS ALTERCATION!!! | $100 USD,postfreeze,1,SWISS,4,BO3,49,,445,ur_ciao,fuuyii,fuuyii,decisive,𝙈𝙉𝙍𝘾 | Fring B,dragonair-mega-rayquaza-ex-b4,Dragonair Mega Rayquaza ex,,2,3,0,150,Fuuyii,mega-sceptile-ex-b3-greninja-a1,Mega Sceptile ex Greninja,,3,3,0,100
6ab1739df127b1b52c27ed98,2026-09-26T16:00:00.000Z,PMPT #48 - TEAM ROCKETS ALTERCATION!!! | $100 USD,postfreeze,1,SWISS,4,BO3,50,,446,surdao123,bennymacfak,surdao123,decisive,surdao123,dedenne-ex-b3b-indeedee-ex-b1,Dedenne ex Indeedee ex,,3,3,0,103,BennyMacFak,dragonair-mega-rayquaza-ex-b4,Dragonair Mega Rayquaza ex,,2,2,0,127
6ab1739df127b1b52c27ed98,2026-09-26T16:00:00.000Z,PMPT #48 - TEAM ROCKETS ALTERCATION!!! | $100 USD,postfreeze,1,SWISS,4,BO3,51,,447,tree121,bstarr,bstarr,decisive,Tree121,meowscarada-ex-b2a-meowscarada-a2b,Meowscarada ex Meowscarada,,2,3,0,115,Bstarr,butterfree-b3b-mega-sceptile-ex-b3,Butterfree Mega Sceptile ex,sceptile,3,3,0,104
6ab1739df127b1b52c27ed98,2026-09-26T16:00:00.000Z,PMPT #48 - TEAM ROCKETS ALTERCATION!!! | $100 USD,postfreeze,1,SWISS,4,BO3,52,,448,jacobjayyy,momo0342,momo0342,decisive,Jacobjayyy,electivire-magmortar-b2b,Electivire Magmortar,,2,2,0,155,Momo0342,butterfree-b3b-mega-sceptile-ex-b3,Butterfree Mega Sceptile ex,sceptile,4,3,0,67
6ab1739df127b1b52c27ed98,2026-09-26T16:00:00.000Z,PMPT #48 - TEAM ROCKETS ALTERCATION!!! | $100 USD,postfreeze,1,SWISS,4,BO3,53,,449,stardast,breaking2mirror,breaking2mirror,decisive,stardast,hydreigon-b1-mega-sableye-ex-b3b,Hydreigon Mega Sableye ex,,2,4,0,137,Breaking2mirror,butterfree-b3b-mega-sceptile-ex-b3,Butterfree Mega Sceptile ex,sceptile,3,3,0,85
6ab1739df127b1b52c27ed98,2026-09-26T16:00:00.000Z,PMPT #48 - TEAM ROCKETS ALTERCATION!!! | $100 USD,postfreeze,1,SWISS,4,BO3,54,,450,aeoness,kovacs469,aeoness,decisive,aeoness,mega-altaria-ex-b1-espeon-b3a,Mega Altaria ex Espeon,altaria,3,3,0,97,kovacs469,butterfree-b3b-mega-sceptile-ex-b3,Butterfree Mega Sceptile ex,sceptile,6,3,0,26
6ab1739df127b1b52c27ed98,2026-09-26T16:00:00.000Z,PMPT #48 - TEAM ROCKETS ALTERCATION!!! | $100 USD,postfreeze,1,SWISS,4,BO3,55,,451,sparadrap,nabrix,sparadrap,decisive,Sparadrap,hydreigon-mega-absol-ex-b1,Hydreigon Mega Absol ex,hydreigon,4,3,0,61,Nabrix,suicune-ex-a4a-baxcalibur-b2a,Suicune ex Baxcalibur,suicune,5,3,0,48
6ab1739df127b1b52c27ed98,2026-09-26T16:00:00.000Z,PMPT #48 - TEAM ROCKETS ALTERCATION!!! | $100 USD,postfreeze,1,SWISS,4,BO3,56,,452,hectordf,moserk,moserk,decisive,PGX | HectorDF,suicune-ex-a4a-baxcalibur-b2a,Suicune ex Baxcalibur,suicune,2,2,0,116,moserk,vespiquen-ex-b4-shuckle-ex-a4,Vespiquen ex Shuckle ex,vespiquen,6,3,0,23
6ab1739df127b1b52c27ed98,2026-09-26T16:00:00.000Z,PMPT #48 - TEAM ROCKETS ALTERCATION!!! | $100 USD,postfreeze,1,SWISS,4,BO3,57,,453,capcaps,cavvyr,capcaps,decisive,𝗣𝗛𝗫 Captain Capslock,mega-diancie-ex-carbink-b3b,Mega Diancie ex Carbink,,5,3,0,46,CavvyR,vespiquen-ex-b4-shuckle-ex-a4,Vespiquen ex Shuckle ex,vespiquen,4,3,0,68
6ab1739df127b1b52c27ed98,2026-09-26T16:00:00.000Z,PMPT #48 - TEAM ROCKETS ALTERCATION!!! | $100 USD,postfreeze,1,SWISS,4,BO3,58,,454,darkaufeu,deister,deister,decisive,Darkaufeu,garchomp-b4a-cleffa-a4,Garchomp Cleffa,,4,3,0,76,deister,dragonair-mega-rayquaza-ex-b4,Dragonair Mega Rayquaza ex,,4,3,0,55
6ab1739df127b1b52c27ed98,2026-09-26T16:00:00.000Z,PMPT #48 - TEAM ROCKETS ALTERCATION!!! | $100 USD,postfreeze,1,SWISS,4,BO3,59,,455,kodra,masterkksm,kodra,decisive,Kodra,hoopa-ex-b4-greninja-a1,Hoopa ex Greninja,,3,4,0,89,MasterKKSM,mega-altaria-ex-b1-espeon-b3a,Mega Altaria ex Espeon,altaria,1,2,1,158
6ab1739df127b1b52c27ed98,2026-09-26T16:00:00.000Z,PMPT #48 - TEAM ROCKETS ALTERCATION!!! | $100 USD,postfreeze,1,SWISS,4,BO3,60,,456,maximumedgelord,srafaelitocs,maximumedgelord,decisive,MaximumEdgeLord,mega-sharpedo-ex-b4-milotic-ex-b3b,Mega Sharpedo ex Milotic ex,,2,3,0,126,srafaelitocs,mega-altaria-ex-b1-espeon-b3a,Mega Altaria ex Espeon,altaria,4,3,0,81
6ab1739df127b1b52c27ed98,2026-09-26T16:00:00.000Z,PMPT #48 - TEAM ROCKETS ALTERCATION!!! | $100 USD,postfreeze,1,SWISS,4,BO3,61,,457,diegolq,evand,diegolq,decisive,diegolq,dragonair-mega-rayquaza-ex-b4,Dragonair Mega Rayquaza ex,,2,3,0,134,PGX | EvanD,mega-altaria-ex-b1-greninja-a1,Mega Altaria ex Greninja,,1,3,0,174
6ab1739df127b1b52c27ed98,2026-09-26T16:00:00.000Z,PMPT #48 - TEAM ROCKETS ALTERCATION!!! | $100 USD,postfreeze,1,SWISS,4,BO3,62,,458,eeveeon,marckedcards,eeveeon,decisive,𝗠𝗲𝗴𝗮 eeveeon 𝗘𝗫,team-rockets-weezing-ex-b4a-hoopa-ex-b4,Team Rocket's Weezing ex Hoopa ex,weezing,2,3,0,117,MarckedCards,butterfree-b3b-mega-sceptile-ex-b3,Butterfree Mega Sceptile ex,sceptile,1,6,0,194
6ab1739df127b1b52c27ed98,2026-09-26T16:00:00.000Z,PMPT #48 - TEAM ROCKETS ALTERCATION!!! | $100 USD,postfreeze,1,SWISS,4,BO3,63,,459,thebologneseguy,fall88,fall88,decisive,TheBologneseGuy,mega-altaria-ex-b1-espeon-b3a,Mega Altaria ex Espeon,altaria,1,3,0,165,Fall88,mega-swampert-ex-b2-greninja-a1,Mega Swampert ex Greninja,,4,3,0,69
6ab1739df127b1b52c27ed98,2026-09-26T16:00:00.000Z,PMPT #48 - TEAM ROCKETS ALTERCATION!!! | $100 USD,postfreeze,1,SWISS,4,BO3,64,,460,themadhimalayan,kirlock34,kirlock34,decisive,TheMadHimalayan,mega-altaria-ex-chingling-b1,Mega Altaria ex Chingling,,1,5,0,192,Kirlock34,mega-sceptile-ex-b3-greninja-a1,Mega Sceptile ex Greninja,,2,3,0,153
6ab1739df127b1b52c27ed98,2026-09-26T16:00:00.000Z,PMPT #48 - TEAM ROCKETS ALTERCATION!!! | $100 USD,postfreeze,1,SWISS,4,BO3,65,,461,elmarcoo,muswa,elmarcoo,decisive,eLMarcoO,mega-blaziken-ex-b1,Mega Blaziken ex,blaziken,6,3,0,28,Muswa,butterfree-b3b-mega-sceptile-ex-b3,Butterfree Mega Sceptile ex,sceptile,1,3,0,170
6ab1739df127b1b52c27ed98,2026-09-26T16:00:00.000Z,PMPT #48 - TEAM ROCKETS ALTERCATION!!! | $100 USD,postfreeze,1,SWISS,4,BO3,66,,462,dbsrm,jmbd,jmbd,decisive,DbsRm,magcargo-a4,Magcargo,,1,6,0,199,Jmbd,espeon-b3a-mimikyu-ex-b2,Espeon Mimikyu ex,,2,3,0,128
6ab1739df127b1b52c27ed98,2026-09-26T16:00:00.000Z,PMPT #48 - TEAM ROCKETS ALTERCATION!!! | $100 USD,postfreeze,1,SWISS,4,BO3,67,,463,airimima,asterphoenix,airimima,decisive,AiriMima,mega-lucario-ex-b3-lucario-a2,Mega Lucario ex Lucario,lucario,2,5,0,149,AsterPhoenix,zoroark-ex-b3-mega-absol-ex-b1,Zoroark ex Mega Absol ex,,1,3,0,189
6ab1739df127b1b52c27ed98,2026-09-26T16:00:00.000Z,PMPT #48 - TEAM ROCKETS ALTERCATION!!! | $100 USD,postfreeze,1,SWISS,4,BO3,68,,464,godi,sparza,sparza,decisive,Godi,dedenne-ex-b3b-indeedee-ex-b1,Dedenne ex Indeedee ex,,1,3,0,206,Sparza,mega-lucario-ex-b3-lucario-a2,Mega Lucario ex Lucario,lucario,2,3,0,139
6ab1739df127b1b52c27ed98,2026-09-26T16:00:00.000Z,PMPT #48 - TEAM ROCKETS ALTERCATION!!! | $100 USD,postfreeze,1,SWISS,4,BO3,69,,465,machala,celteex,machala,decisive,Machala,miraidon-ex-b3a-magnezone-b1a,Miraidon ex Magnezone,,4,3,0,70,Celteex,milotic-ex-b3b-eevee-ex-a3b,Milotic ex Eevee ex,,1,3,0,162
6ab1739df127b1b52c27ed98,2026-09-26T16:00:00.000Z,PMPT #48 - TEAM ROCKETS ALTERCATION!!! | $100 USD,postfreeze,1,SWISS,4,BO3,70,,466,voicingchip,turbone101,turbone101,decisive,VoicingChip,hoopa-ex-b4-mega-absol-ex-b1,Hoopa ex Mega Absol ex,hoopa_absol,1,3,0,177,Turbone101,beautifly-dustox-b4,Beautifly Dustox,,6,3,0,31
6ab1739df127b1b52c27ed98,2026-09-26T16:00:00.000Z,PMPT #48 - TEAM ROCKETS ALTERCATION!!! | $100 USD,postfreeze,1,SWISS,4,BO3,71,,467,clemarley_07,davethefishbass,clemarley_07,decisive,𝐄𝐥𝐢𝐭𝐞𝟒 CleMarley_07,magnezone-b1a-miraidon-ex-b3a,Magnezone Miraidon ex,,2,5,0,144,DaveTheFishBass,mega-charizard-y-ex-b1a-castform-sunny-form-b3,Mega Charizard Y ex Castform Sunny Form,,1,3,0,203
6ab1739df127b1b52c27ed98,2026-09-26T16:00:00.000Z,PMPT #48 - TEAM ROCKETS ALTERCATION!!! | $100 USD,postfreeze,1,SWISS,4,BO3,72,,468,pattyd,liquidedge,pattyd,decisive,PattyD,mega-scizor-ex-revavroom-b2b,Mega Scizor ex Revavroom,,4,3,0,75,LiquidEdge,suicune-ex-a4a-baxcalibur-b2a,Suicune ex Baxcalibur,suicune,1,5,0,198
6ab1739df127b1b52c27ed98,2026-09-26T16:00:00.000Z,PMPT #48 - TEAM ROCKETS ALTERCATION!!! | $100 USD,postfreeze,1,SWISS,4,BO3,73,,469,tesla20,dietdrkelp,tesla20,decisive,Tesla20,dedenne-ex-b3b-pichu-a4,Dedenne ex Pichu,,3,3,0,99,𝗠𝗢𝗡⭐️| Suede,mega-lucario-ex-b3-lucario-a2,Mega Lucario ex Lucario,lucario,1,3,0,160
6ab1739df127b1b52c27ed98,2026-09-26T16:00:00.000Z,PMPT #48 - TEAM ROCKETS ALTERCATION!!! | $100 USD,postfreeze,1,SWISS,4,BO3,74,,470,frappesdrinker,baguspa,frappesdrinker,decisive,sZero | frappesdrinker,mega-altaria-ex-b1-greninja-a1,Mega Altaria ex Greninja,,4,3,0,74,baguspa,mega-sharpedo-ex-b4-gyarados-a4,Mega Sharpedo ex Gyarados,,1,3,0,184
6ab1739df127b1b52c27ed98,2026-09-26T16:00:00.000Z,PMPT #48 - TEAM ROCKETS ALTERCATION!!! | $100 USD,postfreeze,1,SWISS,4,BO3,75,,471,elatomico,epsilonli,elatomico,decisive,PGX| El Atomico,zoroark-ex-b3-mega-absol-ex-b1,Zoroark ex Mega Absol ex,,7,3,0,14,EpsilonLi,mega-gallade-ex-b4-gallade-b3,Mega Gallade ex Gallade,,3,3,0,93
6ab1739df127b1b52c27ed98,2026-09-26T16:00:00.000Z,PMPT #48 - TEAM ROCKETS ALTERCATION!!! | $100 USD,postfreeze,1,SWISS,4,BO3,76,,472,mashblock,nanutcg,nanutcg,decisive,Mashblock,mega-altaria-ex-b1,Mega Altaria ex,,2,5,0,146,𝐃𝐍𝐓 | Nanu,suicune-ex-a4a-baxcalibur-b2a,Suicune ex Baxcalibur,suicune,2,3,0,122
6ab1739df127b1b52c27ed98,2026-09-26T16:00:00.000Z,PMPT #48 - TEAM ROCKETS ALTERCATION!!! | $100 USD,postfreeze,1,SWISS,4,BO3,77,,473,tcgyami,crusher179450,tcgyami,decisive,tcgyami,solgaleo-ex-a3-skarmory-a2,Solgaleo ex Skarmory,,4,3,0,79,Crusher179450,hoopa-ex-b4-mega-absol-ex-b1,Hoopa ex Mega Absol ex,hoopa_absol,1,3,0,176
6ab1739df127b1b52c27ed98,2026-09-26T16:00:00.000Z,PMPT #48 - TEAM ROCKETS ALTERCATION!!! | $100 USD,postfreeze,1,SWISS,4,BO3,78,,474,angkelvin,sawitlovers,angkelvin,decisive,AngkelVin,mega-blaziken-ex-blaziken-b1,Mega Blaziken ex Blaziken,,2,3,0,151,SawitLovers,mega-lucario-ex-b3-lucario-a2,Mega Lucario ex Lucario,lucario,1,4,0,209
6ab1739df127b1b52c27ed98,2026-09-26T16:00:00.000Z,PMPT #48 - TEAM ROCKETS ALTERCATION!!! | $100 USD,postfreeze,1,SWISS,4,BO3,79,,475,eddiespfc,whizzy,whizzy,decisive,𝐈𝐌𝐎 | Eddie,mega-sceptile-ex-b3-teal-mask-ogerpon-ex-b2,Mega Sceptile ex Teal Mask Ogerpon ex,,1,3,0,169,Whizzy,magnezone-ex-b3-magnezone-b1a,Magnezone ex Magnezone,,3,3,0,110
6ab1739df127b1b52c27ed98,2026-09-26T16:00:00.000Z,PMPT #48 - TEAM ROCKETS ALTERCATION!!! | $100 USD,postfreeze,1,SWISS,4,BO3,80,,476,shadow135,kxkarotxzl,shadow135,decisive,ShaDoW135,mega-charizard-y-ex-b1a-entei-ex-a4a,Mega Charizard Y ex Entei ex,charizardy_entei,2,3,0,135,KxkarotXZL,mega-lucario-ex-b3-lucario-a2,Mega Lucario ex Lucario,lucario,1,5,0,186
6ab1739df127b1b52c27ed98,2026-09-26T16:00:00.000Z,PMPT #48 - TEAM ROCKETS ALTERCATION!!! | $100 USD,postfreeze,1,SWISS,4,BO3,81,,477,shaquill10,thefunk1,thefunk1,decisive,Shaquill10,team-rockets-raticate-ex-b4a-arceus-ex-a2a,Team Rocket's Raticate ex Arceus ex,,1,6,0,200,thefunk1,suicune-ex-a4a-baxcalibur-b2a,Suicune ex Baxcalibur,suicune,3,4,0,112
6ab1739df127b1b52c27ed98,2026-09-26T16:00:00.000Z,PMPT #48 - TEAM ROCKETS ALTERCATION!!! | $100 USD,postfreeze,1,SWISS,4,BO3,82,,478,estehlegitea,popay,estehlegitea,decisive,𝗠𝗲𝗴𝗮 Hasan 𝗘𝗫,team-rockets-weezing-ex-b4a-hoopa-ex-b4,Team Rocket's Weezing ex Hoopa ex,weezing,5,3,0,50,TB Popay,hoopa-ex-b4-mega-absol-ex-b1,Hoopa ex Mega Absol ex,hoopa_absol,1,3,0,163
6ab1739df127b1b52c27ed98,2026-09-26T16:00:00.000Z,PMPT #48 - TEAM ROCKETS ALTERCATION!!! | $100 USD,postfreeze,1,SWISS,4,BO3,83,,479,raizima,yt_yoshgaming,raizima,decisive,Raizima,mega-lucario-ex-b3-lucario-a2,Mega Lucario ex Lucario,lucario,3,3,0,111,YT_YoshGaming,mega-lucario-ex-b3-lucario-a2,Mega Lucario ex Lucario,lucario,1,4,0,180
6ab1739df127b1b52c27ed98,2026-09-26T16:00:00.000Z,PMPT #48 - TEAM ROCKETS ALTERCATION!!! | $100 USD,postfreeze,1,SWISS,4,BO3,84,,480,dashmd,johntenders,dashmd,decisive,DashMD,mega-charizard-y-ex-b1a-entei-ex-a4a,Mega Charizard Y ex Entei ex,charizardy_entei,3,3,0,102,JohnTenders,beautifly-dustox-b4,Beautifly Dustox,,1,4,0,188
6ab1739df127b1b52c27ed98,2026-09-26T16:00:00.000Z,PMPT #48 - TEAM ROCKETS ALTERCATION!!! | $100 USD,postfreeze,1,SWISS,4,BO3,85,,481,sleepy512pete,theg35,theg35,decisive,sleepy512pete,mega-altaria-ex-b1-espeon-b3a,Mega Altaria ex Espeon,altaria,1,3,0,183,TB theg35,butterfree-b3b-mega-sceptile-ex-b3,Butterfree Mega Sceptile ex,sceptile,4,3,0,72
6ab1739df127b1b52c27ed98,2026-09-26T16:00:00.000Z,PMPT #48 - TEAM ROCKETS ALTERCATION!!! | $100 USD,postfreeze,1,SWISS,4,BO3,86,,482,pokefunky,funksterhamster,funksterhamster,decisive,PokeFunky,mega-altaria-ex-b1-greninja-a1,Mega Altaria ex Greninja,,1,3,0,179,FunksterHamster,magnezone-ex-b3-magnezone-b1a,Magnezone ex Magnezone,,2,3,0,148
6ab1739df127b1b52c27ed98,2026-09-26T16:00:00.000Z,PMPT #48 - TEAM ROCKETS ALTERCATION!!! | $100 USD,postfreeze,1,SWISS,4,BO3,87,,483,dragby,tachikawa_kei,tachikawa_kei,decisive,Dragby,hydreigon-mega-absol-ex-b1,Hydreigon Mega Absol ex,hydreigon,1,5,0,185,Tachikawa_Kei,vaporeon-ex-b3-greninja-a1,Vaporeon ex Greninja,,2,3,0,152
6ab1739df127b1b52c27ed98,2026-09-26T16:00:00.000Z,PMPT #48 - TEAM ROCKETS ALTERCATION!!! | $100 USD,postfreeze,1,SWISS,4,BO3,88,,484,jaxtcgp,jenamica,jaxtcgp,decisive,JaxTCGP,jumpluff-ex-a4a-team-rockets-electrode-b4a,Jumpluff ex Team Rocket's Electrode,,2,3,0,157,Jenamica,mega-altaria-ex-b1-happiny-b4a,Mega Altaria ex Happiny,,1,3,0,204
6ab1739df127b1b52c27ed98,2026-09-26T16:00:00.000Z,PMPT #48 - TEAM ROCKETS ALTERCATION!!! | $100 USD,postfreeze,1,SWISS,4,BO3,89,,485,fiteiras94,vijayprasad,fiteiras94,decisive,fiteiras94,dragonair-mega-rayquaza-ex-b4,Dragonair Mega Rayquaza ex,,2,3,0,147,VijayPrasad,mega-lucario-ex-b3-lucario-a2,Mega Lucario ex Lucario,lucario,1,5,0,202
6ab1739df127b1b52c27ed98,2026-09-26T16:00:00.000Z,PMPT #48 - TEAM ROCKETS ALTERCATION!!! | $100 USD,postfreeze,1,SWISS,4,BO3,90,,486,rayblu,hanalana,-1,double_loss,DNT | Raybu,magnezone-b1a-miraidon-ex-b3a,Magnezone Miraidon ex,,1,5,0,193,𝗠𝗲𝗴𝗮 Hanna 𝗘𝗫,mega-blaziken-ex-b1-greninja-a1,Mega Blaziken ex Greninja,,1,4,0,195
6ab1739df127b1b52c27ed98,2026-09-26T16:00:00.000Z,PMPT #48 - TEAM ROCKETS ALTERCATION!!! | $100 USD,postfreeze,1,SWISS,4,BO3,91,,487,supreme13,caballoquemasletrote,supreme13,decisive,𝗕𝗮𝗹𝗱 Supreme,crobat-a2a-mega-sableye-ex-b3b,Crobat Mega Sableye ex,,3,3,0,94,Caballoquemasletrote,solgaleo-ex-a3-skarmory-a2,Solgaleo ex Skarmory,,1,3,0,196
6ab1739df127b1b52c27ed98,2026-09-26T16:00:00.000Z,PMPT #48 - TEAM ROCKETS ALTERCATION!!! | $100 USD,postfreeze,1,SWISS,4,BO3,92,,488,goku6767,golfermt,golfermt,decisive,goku6767,mega-charizard-y-ex-b1a-entei-ex-a4a,Mega Charizard Y ex Entei ex,charizardy_entei,1,3,0,181,golfermt,miraidon-ex-b3a-magnezone-b1a,Miraidon ex Magnezone,,2,3,0,125
6ab1739df127b1b52c27ed98,2026-09-26T16:00:00.000Z,PMPT #48 - TEAM ROCKETS ALTERCATION!!! | $100 USD,postfreeze,1,SWISS,4,BO3,93,,489,dariuspopek,zigizaga,dariuspopek,decisive,DariusPopek,hoopa-ex-b4-mega-absol-ex-b1,Hoopa ex Mega Absol ex,hoopa_absol,3,4,0,109,zigizaga,mega-blaziken-ex-b1-greninja-a1,Mega Blaziken ex Greninja,,1,5,0,191
6ab1739df127b1b52c27ed98,2026-09-26T16:00:00.000Z,PMPT #48 - TEAM ROCKETS ALTERCATION!!! | $100 USD,postfreeze,1,SWISS,4,BO3,94,,490,doctorfun,felixnnn,doctorfun,decisive,DoctorFun,beautifly-dustox-b4,Beautifly Dustox,,4,3,0,80,Felixnnn,mega-lucario-ex-b3-lucario-a2,Mega Lucario ex Lucario,lucario,1,3,0,171
6ab1739df127b1b52c27ed98,2026-09-26T16:00:00.000Z,PMPT #48 - TEAM ROCKETS ALTERCATION!!! | $100 USD,postfreeze,1,SWISS,4,BO3,95,,491,javiercazorla,crestie,crestie,decisive,Javiercazorla,mega-manectric-ex-b2b-heliolisk-b4,Mega Manectric ex Heliolisk,manectric_heliolisk,1,4,0,190,Crestie,mega-altaria-ex-b1-espeon-b3a,Mega Altaria ex Espeon,altaria,2,4,0,154
6ab1739df127b1b52c27ed98,2026-09-26T16:00:00.000Z,PMPT #48 - TEAM ROCKETS ALTERCATION!!! | $100 USD,postfreeze,1,SWISS,4,BO3,96,,492,noteffinround47,csmati,-1,double_loss,NoteffinRound47,butterfree-b3b-mega-sceptile-ex-b3,Butterfree Mega Sceptile ex,sceptile,0,5,0,267,CsMati,mega-blaziken-ex-b1,Mega Blaziken ex,blaziken,0,5,0,259
6ab1739df127b1b52c27ed98,2026-09-26T16:00:00.000Z,PMPT #48 - TEAM ROCKETS ALTERCATION!!! | $100 USD,postfreeze,1,SWISS,4,BO3,97,,493,phantom_knight1,belceboss,-1,double_loss,Phantom_Knight1,team-rockets-weezing-ex-team-rockets-magmar-b4a,Team Rocket's Weezing ex Team Rocket's Magmar,,1,4,0,197,belceboss,mega-altaria-ex-b1-espeon-b3a,Mega Altaria ex Espeon,altaria,0,4,0,251
6ab1739df127b1b52c27ed98,2026-09-26T16:00:00.000Z,PMPT #48 - TEAM ROCKETS ALTERCATION!!! | $100 USD,postfreeze,1,SWISS,4,BO3,98,,494,vegito_glazer,vinsgg,-1,double_loss,Vegito_Glazer,garchomp-b4a-goomy-b1,Garchomp Goomy,,0,4,0,254,DNT | VinsJP,giratina-ex-a2b-darkrai-ex-a2,Giratina ex Darkrai ex,,0,5,0,250
6ab1739df127b1b52c27ed98,2026-09-26T16:00:00.000Z,PMPT #48 - TEAM ROCKETS ALTERCATION!!! | $100 USD,postfreeze,1,SWISS,4,BO3,99,,495,mspinguino,ld,-1,double_loss,mspinguino,mega-lucario-ex-b3-lucario-a2,Mega Lucario ex Lucario,lucario,1,4,0,205,LuDo ,mega-metagross-ex-b4-skarmory-a2,Mega Metagross ex Skarmory,,0,4,0,269
6ab1739df127b1b52c27ed98,2026-09-26T16:00:00.000Z,PMPT #48 - TEAM ROCKETS ALTERCATION!!! | $100 USD,postfreeze,1,SWISS,4,BO3,100,,496,setooo,elyons54,-1,double_loss,Setooo,hydreigon-mega-absol-ex-b1,Hydreigon Mega Absol ex,hydreigon,0,4,0,261,Elyons54,mega-blastoise-ex-b1a-eiscue-b1,Mega Blastoise ex Eiscue,,0,5,0,249
6ab1739df127b1b52c27ed98,2026-09-26T16:00:00.000Z,PMPT #48 - TEAM ROCKETS ALTERCATION!!! | $100 USD,postfreeze,1,SWISS,4,BO3,101,,497,alana,zurk,-1,double_loss,𝗠𝗲𝗴𝗮 A̶l̶a̶n̶a̶ 𝗘𝗫,mega-swampert-ex-b2-mantyke-a4a,Mega Swampert ex Mantyke,,0,5,0,252,Zurk,dragonair-mega-rayquaza-ex-b4,Dragonair Mega Rayquaza ex,,0,5,0,258
6ab1739df127b1b52c27ed98,2026-09-26T16:00:00.000Z,PMPT #48 - TEAM ROCKETS ALTERCATION!!! | $100 USD,postfreeze,1,SWISS,4,BO3,102,,498,draxoz,makotsunami,makotsunami,decisive,DraXoZ,dragonair-mega-rayquaza-ex-b4,Dragonair Mega Rayquaza ex,,0,4,0,241,Makotsunami,butterfree-b3b-mega-sceptile-ex-b3,Butterfree Mega Sceptile ex,sceptile,3,4,0,113
6ab1739df127b1b52c27ed98,2026-09-26T16:00:00.000Z,PMPT #48 - TEAM ROCKETS ALTERCATION!!! | $100 USD,postfreeze,1,SWISS,4,BO3,103,,499,andres941cs,einstun,-1,double_loss,andres941cs,team-rockets-raticate-ex-b4a-mega-lucario-ex-b3,Team Rocket's Raticate ex Mega Lucario ex,,0,4,0,239,𝙈𝙚𝙜𝙖 𝕰𝖎𝖓𝖘𝖙𝖚𝖓 𝙀𝙓,mega-blaziken-ex-b1,Mega Blaziken ex,blaziken,0,4,0,245
6ab1739df127b1b52c27ed98,2026-09-26T16:00:00.000Z,PMPT #48 - TEAM ROCKETS ALTERCATION!!! | $100 USD,postfreeze,1,SWISS,5,BO3,1,,500,enggar,hansuwe,hansuwe,decisive,Enggar/ Aqua,mega-altaria-ex-b1-espeon-b3a,Mega Altaria ex Espeon,altaria,6,3,0,22,Hansuwe,hoopa-ex-b4-mega-absol-ex-b1,Hoopa ex Mega Absol ex,hoopa_absol,9,2,0,6
6ab1739df127b1b52c27ed98,2026-09-26T16:00:00.000Z,PMPT #48 - TEAM ROCKETS ALTERCATION!!! | $100 USD,postfreeze,1,SWISS,5,BO3,2,,501,sirus,soap728,soap728,decisive,sirus,miraidon-ex-b3a-magnezone-b1a,Miraidon ex Magnezone,,7,2,1,13,soap728,mega-blaziken-ex-b1,Mega Blaziken ex,blaziken,10,2,1,2
6ab1739df127b1b52c27ed98,2026-09-26T16:00:00.000Z,PMPT #48 - TEAM ROCKETS ALTERCATION!!! | $100 USD,postfreeze,1,SWISS,5,BO3,3,,502,axelniraj,mcleoid,mcleoid,decisive,Void ,mega-sceptile-ex-sceptile-b3,Mega Sceptile ex Sceptile,,5,2,1,37,McLeoid,hydreigon-mega-absol-ex-b1,Hydreigon Mega Absol ex,hydreigon,8,2,0,9
6ab1739df127b1b52c27ed98,2026-09-26T16:00:00.000Z,PMPT #48 - TEAM ROCKETS ALTERCATION!!! | $100 USD,postfreeze,1,SWISS,5,BO3,4,,503,starcadian,dj_marnel,dj_marnel,decisive,Starcadian,beautifly-b1-dustox-b4,Beautifly Dustox,,5,3,0,39, 𝐃𝐍𝐓 | DjMarnel,suicune-ex-a4a-baxcalibur-b2a,Suicune ex Baxcalibur,suicune,10,1,0,5
6ab1739df127b1b52c27ed98,2026-09-26T16:00:00.000Z,PMPT #48 - TEAM ROCKETS ALTERCATION!!! | $100 USD,postfreeze,1,SWISS,5,BO3,5,,504,razbersky202,ventrixd,ventrixd,decisive,Razbersky202,beautifly-b1-dustox-b4,Beautifly Dustox,,4,3,0,51,VentriXD,magnezone-b1a-miraidon-ex-b3a,Magnezone Miraidon ex,,6,2,1,20
6ab1739df127b1b52c27ed98,2026-09-26T16:00:00.000Z,PMPT #48 - TEAM ROCKETS ALTERCATION!!! | $100 USD,postfreeze,1,SWISS,5,BO3,6,,505,adi1906,marquisb93,marquisb93,decisive,Adi1906,mega-charizard-y-ex-b1a-entei-ex-a4a,Mega Charizard Y ex Entei ex,charizardy_entei,4,3,0,60,MarquisB93,team-rockets-weezing-ex-b4a-zoroark-ex-b3,Team Rocket's Weezing ex Zoroark ex,,9,2,1,3
6ab1739df127b1b52c27ed98,2026-09-26T16:00:00.000Z,PMPT #48 - TEAM ROCKETS ALTERCATION!!! | $100 USD,postfreeze,1,SWISS,5,BO3,7,,506,alice_69,silver2991,alice_69,decisive,Alice_69,mega-altaria-ex-b1-espeon-b3a,Mega Altaria ex Espeon,altaria,6,1,2,,Silver2991,vespiquen-ex-b4-shuckle-ex-a4,Vespiquen ex Shuckle ex,vespiquen,5,3,0,38
6ab1739df127b1b52c27ed98,2026-09-26T16:00:00.000Z,PMPT #48 - TEAM ROCKETS ALTERCATION!!! | $100 USD,postfreeze,1,SWISS,5,BO3,8,,507,kresna19,sparadrap,sparadrap,decisive,Kresna19,magnezone-b1a-miraidon-ex-b3a,Magnezone Miraidon ex,,4,3,0,53,Sparadrap,hydreigon-mega-absol-ex-b1,Hydreigon Mega Absol ex,hydreigon,4,3,0,61
6ab1739df127b1b52c27ed98,2026-09-26T16:00:00.000Z,PMPT #48 - TEAM ROCKETS ALTERCATION!!! | $100 USD,postfreeze,1,SWISS,5,BO3,9,,508,hajime9009,hasalf,hajime9009,decisive,Hajime9009,charizard-ex-a1-mega-charizard-y-ex-b1a,Charizard ex Mega Charizard Y ex,,4,3,0,52,𝑻𝑩  / Hasalf,greninja-a1-mega-sableye-ex-b3b,Greninja Mega Sableye ex,,3,3,0,108
6ab1739df127b1b52c27ed98,2026-09-26T16:00:00.000Z,PMPT #48 - TEAM ROCKETS ALTERCATION!!! | $100 USD,postfreeze,1,SWISS,5,BO3,10,,509,lockpick04,astanevergiveup,astanevergiveup,decisive,Lockpick04,vespiquen-ex-b4-shuckle-ex-a4,Vespiquen ex Shuckle ex,vespiquen,4,3,0,65,AstaNeverGiveUp,mega-altaria-ex-b1-espeon-b3a,Mega Altaria ex Espeon,altaria,5,2,1,32
6ab1739df127b1b52c27ed98,2026-09-26T16:00:00.000Z,PMPT #48 - TEAM ROCKETS ALTERCATION!!! | $100 USD,postfreeze,1,SWISS,5,BO3,11,,510,hamza007,njjord7,hamza007,decisive,𝗠𝗮𝗴𝗺𝗮 Hamza,mega-altaria-ex-b1-espeon-b3a,Mega Altaria ex Espeon,altaria,7,2,0,19,FrogEX | Njord,beautifly-dustox-b4,Beautifly Dustox,,3,3,0,95
6ab1739df127b1b52c27ed98,2026-09-26T16:00:00.000Z,PMPT #48 - TEAM ROCKETS ALTERCATION!!! | $100 USD,postfreeze,1,SWISS,5,BO3,12,,511,ghalileo,brendon68,brendon68,decisive,Ghalileo,mega-charizard-y-ex-b1a-charizard-ex-a1,Mega Charizard Y ex Charizard ex,,3,4,0,84,Brendon68,hoopa-ex-b4-greninja-a1,Hoopa ex Greninja,,4,3,0,66
6ab1739df127b1b52c27ed98,2026-09-26T16:00:00.000Z,PMPT #48 - TEAM ROCKETS ALTERCATION!!! | $100 USD,postfreeze,1,SWISS,5,BO3,13,,512,smthg,berlusconismurf,berlusconismurf,decisive,Smthg,pikachu-ex-a1-tauros-ex-b1,Pikachu ex Tauros ex,,3,4,0,86,Berlusconismurf,mega-charizard-y-ex-b1a-entei-ex-a4a,Mega Charizard Y ex Entei ex,charizardy_entei,7,3,0,16
6ab1739df127b1b52c27ed98,2026-09-26T16:00:00.000Z,PMPT #48 - TEAM ROCKETS ALTERCATION!!! | $100 USD,postfreeze,1,SWISS,5,BO3,14,,513,kodra,warpis,warpis,decisive,Kodra,hoopa-ex-b4-greninja-a1,Hoopa ex Greninja,,3,4,0,89,𝗠𝗲𝗴𝗮 SIPRAW 𝗘𝗫,mega-altaria-ex-b1-greninja-a1,Mega Altaria ex Greninja,,7,2,0,17
6ab1739df127b1b52c27ed98,2026-09-26T16:00:00.000Z,PMPT #48 - TEAM ROCKETS ALTERCATION!!! | $100 USD,postfreeze,1,SWISS,5,BO3,15,,514,momo0342,amilaz,amilaz,decisive,Momo0342,butterfree-b3b-mega-sceptile-ex-b3,Butterfree Mega Sceptile ex,sceptile,4,3,0,67,amilaz,entei-ex-a4a,Entei ex,,5,3,0,43
6ab1739df127b1b52c27ed98,2026-09-26T16:00:00.000Z,PMPT #48 - TEAM ROCKETS ALTERCATION!!! | $100 USD,postfreeze,1,SWISS,5,BO3,16,,515,random,abnermoyai,random,decisive,Random,magnezone-ex-b3-magnezone-b1a,Magnezone ex Magnezone,,6,3,0,25,𝐈𝐌𝐎 Moyai,mega-sceptile-ex-b3-teal-mask-ogerpon-ex-b2,Mega Sceptile ex Teal Mask Ogerpon ex,,3,4,0,83
6ab1739df127b1b52c27ed98,2026-09-26T16:00:00.000Z,PMPT #48 - TEAM ROCKETS ALTERCATION!!! | $100 USD,postfreeze,1,SWISS,5,BO3,17,,516,manux,arifanrizqi,manux,decisive,Manux,mega-lucario-ex-b3-teal-mask-ogerpon-ex-b2,Mega Lucario ex Teal Mask Ogerpon ex,,11,1,1,1,arifanrizqi,butterfree-b3b-mega-sceptile-ex-b3,Butterfree Mega Sceptile ex,sceptile,3,4,0,90
6ab1739df127b1b52c27ed98,2026-09-26T16:00:00.000Z,PMPT #48 - TEAM ROCKETS ALTERCATION!!! | $100 USD,postfreeze,1,SWISS,5,BO3,18,,517,cosmooo,blackajr,cosmooo,decisive,FrogEX | Cosmo,vespiquen-ex-b4-shuckle-ex-a4,Vespiquen ex Shuckle ex,vespiquen,4,3,0,73,BlackAJR,mega-altaria-ex-b1-espeon-b3a,Mega Altaria ex Espeon,altaria,6,3,0,30
6ab1739df127b1b52c27ed98,2026-09-26T16:00:00.000Z,PMPT #48 - TEAM ROCKETS ALTERCATION!!! | $100 USD,postfreeze,1,SWISS,5,BO3,19,,518,moserk,feyyzo,moserk,decisive,moserk,vespiquen-ex-b4-shuckle-ex-a4,Vespiquen ex Shuckle ex,vespiquen,6,3,0,23,Feyyzo,hoopa-ex-b4-mega-absol-ex-b1,Hoopa ex Mega Absol ex,hoopa_absol,4,3,0,64
6ab1739df127b1b52c27ed98,2026-09-26T16:00:00.000Z,PMPT #48 - TEAM ROCKETS ALTERCATION!!! | $100 USD,postfreeze,1,SWISS,5,BO3,20,,519,toddyfox,preluxe,preluxe,decisive,Toddyfox,suicune-ex-a4a-baxcalibur-b2a,Suicune ex Baxcalibur,suicune,3,2,0,92,𝗠𝗮𝗴𝗺𝗮 Preluxe,suicune-ex-a4a-baxcalibur-b2a,Suicune ex Baxcalibur,suicune,8,2,0,11
6ab1739df127b1b52c27ed98,2026-09-26T16:00:00.000Z,PMPT #48 - TEAM ROCKETS ALTERCATION!!! | $100 USD,postfreeze,1,SWISS,5,BO3,21,,520,griffsama,bstarr,griffsama,decisive,sZero | GriffSama,mega-altaria-ex-b1-greninja-a1,Mega Altaria ex Greninja,,5,2,1,33,Bstarr,butterfree-b3b-mega-sceptile-ex-b3,Butterfree Mega Sceptile ex,sceptile,3,3,0,104
6ab1739df127b1b52c27ed98,2026-09-26T16:00:00.000Z,PMPT #48 - TEAM ROCKETS ALTERCATION!!! | $100 USD,postfreeze,1,SWISS,5,BO3,22,,521,chopyournut,beachboy,beachboy,decisive,Chopyournut,mega-blaziken-ex-b1-castform-sunny-form-b3,Mega Blaziken ex Castform Sunny Form,,3,3,0,105,BeachBoy,mega-altaria-ex-b1-espeon-b3a,Mega Altaria ex Espeon,altaria,8,2,1,7
6ab1739df127b1b52c27ed98,2026-09-26T16:00:00.000Z,PMPT #48 - TEAM ROCKETS ALTERCATION!!! | $100 USD,postfreeze,1,SWISS,5,BO3,23,,522,den670,jlng,jlng,decisive,den670,mega-manectric-ex-b2b-heliolisk-b4,Mega Manectric ex Heliolisk,manectric_heliolisk,5,3,0,44,JLNG,mega-blaziken-ex-b1,Mega Blaziken ex,blaziken,6,2,1,21
6ab1739df127b1b52c27ed98,2026-09-26T16:00:00.000Z,PMPT #48 - TEAM ROCKETS ALTERCATION!!! | $100 USD,postfreeze,1,SWISS,5,BO3,24,,523,frogger,jhum,frogger,decisive,Frogger,butterfree-b3b-mega-sceptile-ex-b3,Butterfree Mega Sceptile ex,sceptile,7,2,0,18,JHum,dedenne-ex-b3b-indeedee-ex-b1,Dedenne ex Indeedee ex,,4,3,0,54
6ab1739df127b1b52c27ed98,2026-09-26T16:00:00.000Z,PMPT #48 - TEAM ROCKETS ALTERCATION!!! | $100 USD,postfreeze,1,SWISS,5,BO3,25,,524,https,aeoness,https,decisive,Nobody ,hoopa-ex-b4-mega-absol-ex-b1,Hoopa ex Mega Absol ex,hoopa_absol,4,3,0,62,aeoness,mega-altaria-ex-b1-espeon-b3a,Mega Altaria ex Espeon,altaria,3,3,0,97
6ab1739df127b1b52c27ed98,2026-09-26T16:00:00.000Z,PMPT #48 - TEAM ROCKETS ALTERCATION!!! | $100 USD,postfreeze,1,SWISS,5,BO3,26,,525,rekklesbert,surdao123,rekklesbert,decisive,Rekklesbert,mega-lucario-ex-b3-lucario-a2,Mega Lucario ex Lucario,lucario,5,2,1,36,surdao123,dedenne-ex-b3b-indeedee-ex-b1,Dedenne ex Indeedee ex,,3,3,0,103
6ab1739df127b1b52c27ed98,2026-09-26T16:00:00.000Z,PMPT #48 - TEAM ROCKETS ALTERCATION!!! | $100 USD,postfreeze,1,SWISS,5,BO3,27,,526,iluchien,zeus5148,zeus5148,decisive,iluchien,mega-altaria-ex-b1-happiny-b4a,Mega Altaria ex Happiny,,3,4,0,98,Zeus5148,zoroark-ex-b3-mega-absol-ex-b1,Zoroark ex Mega Absol ex,,5,3,0,45
6ab1739df127b1b52c27ed98,2026-09-26T16:00:00.000Z,PMPT #48 - TEAM ROCKETS ALTERCATION!!! | $100 USD,postfreeze,1,SWISS,5,BO3,28,,527,aliga,alta,alta,decisive,aliga,mega-sceptile-ex-b3-greninja-a1,Mega Sceptile ex Greninja,,3,3,0,82,Alta,butterfree-b3b-mega-sceptile-ex-b3,Butterfree Mega Sceptile ex,sceptile,5,3,0,47
6ab1739df127b1b52c27ed98,2026-09-26T16:00:00.000Z,PMPT #48 - TEAM ROCKETS ALTERCATION!!! | $100 USD,postfreeze,1,SWISS,5,BO3,29,,528,deister,capcaps,capcaps,decisive,deister,dragonair-mega-rayquaza-ex-b4,Dragonair Mega Rayquaza ex,,4,3,0,55,𝗣𝗛𝗫 Captain Capslock,mega-diancie-ex-carbink-b3b,Mega Diancie ex Carbink,,5,3,0,46
6ab1739df127b1b52c27ed98,2026-09-26T16:00:00.000Z,PMPT #48 - TEAM ROCKETS ALTERCATION!!! | $100 USD,postfreeze,1,SWISS,5,BO3,30,,529,joshuasutherland21,zagazaga,zagazaga,decisive,TDL | MoonlightshurikenVT,mega-altaria-ex-b1-greninja-a1,Mega Altaria ex Greninja,,6,3,0,27,ZaGaZaGa,charizard-ex-a1-mega-charizard-y-ex-b1a,Charizard ex Mega Charizard Y ex,,5,2,1,35
6ab1739df127b1b52c27ed98,2026-09-26T16:00:00.000Z,PMPT #48 - TEAM ROCKETS ALTERCATION!!! | $100 USD,postfreeze,1,SWISS,5,BO3,31,,530,threevela,dens,threevela,decisive,𝐃𝐍𝐓 | ThreeVela,magnezone-b1a-miraidon-ex-b3a,Magnezone Miraidon ex,,5,2,1,34,Dens,mega-blaziken-ex-b1,Mega Blaziken ex,blaziken,4,3,0,59
6ab1739df127b1b52c27ed98,2026-09-26T16:00:00.000Z,PMPT #48 - TEAM ROCKETS ALTERCATION!!! | $100 USD,postfreeze,1,SWISS,5,BO3,32,,531,hollow7,2sick,2sick,decisive,hollow7,hydreigon-mega-absol-ex-b1,Hydreigon Mega Absol ex,hydreigon,5,3,0,40,²ᵀ| ²ꜱɪᴄᴋ,vespiquen-ex-b4-shuckle-ex-a4,Vespiquen ex Shuckle ex,vespiquen,7,2,1,12
6ab1739df127b1b52c27ed98,2026-09-26T16:00:00.000Z,PMPT #48 - TEAM ROCKETS ALTERCATION!!! | $100 USD,postfreeze,1,SWISS,5,BO3,33,,532,tommyhp,breaking2mirror,tommyhp,decisive,tommyhp,mega-altaria-ex-b1-igglybuff-a4a,Mega Altaria ex Igglybuff,,6,3,0,24,Breaking2mirror,butterfree-b3b-mega-sceptile-ex-b3,Butterfree Mega Sceptile ex,sceptile,3,3,0,85
6ab1739df127b1b52c27ed98,2026-09-26T16:00:00.000Z,PMPT #48 - TEAM ROCKETS ALTERCATION!!! | $100 USD,postfreeze,1,SWISS,5,BO3,34,,533,asia81,javiee333,javiee333,decisive,Asia81,beautifly-b1-dustox-b4,Beautifly Dustox,,4,3,0,56,𝗠𝗢𝗡⭐️ | Javiee333,mega-manectric-ex-b2b-heliolisk-b4,Mega Manectric ex Heliolisk,manectric_heliolisk,8,2,0,10
6ab1739df127b1b52c27ed98,2026-09-26T16:00:00.000Z,PMPT #48 - TEAM ROCKETS ALTERCATION!!! | $100 USD,postfreeze,1,SWISS,5,BO3,35,,534,lanora,fuuyii,lanora,decisive,𝗠𝗲𝗴𝗮 LaNora 𝗘𝗫,mega-altaria-ex-b1-espeon-b3a,Mega Altaria ex Espeon,altaria,7,3,0,15,Fuuyii,mega-sceptile-ex-b3-greninja-a1,Mega Sceptile ex Greninja,,3,3,0,100
6ab1739df127b1b52c27ed98,2026-09-26T16:00:00.000Z,PMPT #48 - TEAM ROCKETS ALTERCATION!!! | $100 USD,postfreeze,1,SWISS,5,BO3,36,,535,ppitopin8,iplaypokemans,ppitopin8,decisive,ppitopin8,mega-altaria-ex-b1-espeon-b3a,Mega Altaria ex Espeon,altaria,5,3,0,41,iplaypokemans,mega-altaria-ex-b1-greninja-a1,Mega Altaria ex Greninja,,5,3,0,49
6ab1739df127b1b52c27ed98,2026-09-26T16:00:00.000Z,PMPT #48 - TEAM ROCKETS ALTERCATION!!! | $100 USD,postfreeze,1,SWISS,5,BO3,37,,536,tz_gaoren,angkelvin,tz_gaoren,decisive,TZ_Gaoren,mega-lucario-ex-b3-lucario-a2,Mega Lucario ex Lucario,lucario,4,3,0,58,AngkelVin,mega-blaziken-ex-blaziken-b1,Mega Blaziken ex Blaziken,,2,3,0,151
6ab1739df127b1b52c27ed98,2026-09-26T16:00:00.000Z,PMPT #48 - TEAM ROCKETS ALTERCATION!!! | $100 USD,postfreeze,1,SWISS,5,BO3,38,,537,six420,mahorn0330,mahorn0330,decisive,Six420,beautifly-dustox-b4,Beautifly Dustox,,2,3,0,156,Mahorn0330,suicune-ex-a4a-baxcalibur-b2a,Suicune ex Baxcalibur,suicune,3,4,0,91
6ab1739df127b1b52c27ed98,2026-09-26T16:00:00.000Z,PMPT #48 - TEAM ROCKETS ALTERCATION!!! | $100 USD,postfreeze,1,SWISS,5,BO3,39,,538,supreme13,diegolq,supreme13,decisive,𝗕𝗮𝗹𝗱 Supreme,crobat-a2a-mega-sableye-ex-b3b,Crobat Mega Sableye ex,,3,3,0,94,diegolq,dragonair-mega-rayquaza-ex-b4,Dragonair Mega Rayquaza ex,,2,3,0,134
6ab1739df127b1b52c27ed98,2026-09-26T16:00:00.000Z,PMPT #48 - TEAM ROCKETS ALTERCATION!!! | $100 USD,postfreeze,1,SWISS,5,BO3,40,,539,tachikawa_kei,frappesdrinker,frappesdrinker,decisive,Tachikawa_Kei,vaporeon-ex-b3-greninja-a1,Vaporeon ex Greninja,,2,3,0,152,sZero | frappesdrinker,mega-altaria-ex-b1-greninja-a1,Mega Altaria ex Greninja,,4,3,0,74
6ab1739df127b1b52c27ed98,2026-09-26T16:00:00.000Z,PMPT #48 - TEAM ROCKETS ALTERCATION!!! | $100 USD,postfreeze,1,SWISS,5,BO3,41,,540,reizero0712,lolocatchem,reizero0712,decisive,Reizero0712,mega-lucario-ex-b3-lucario-a2,Mega Lucario ex Lucario,lucario,3,4,0,106,LoLoCatchEm,hydreigon-mega-absol-ex-b1,Hydreigon Mega Absol ex,hydreigon,2,3,0,118
6ab1739df127b1b52c27ed98,2026-09-26T16:00:00.000Z,PMPT #48 - TEAM ROCKETS ALTERCATION!!! | $100 USD,postfreeze,1,SWISS,5,BO3,42,,541,ka1z0,airimima,ka1z0,decisive,Ka1z0,zoroark-ex-b3-mega-absol-ex-b1,Zoroark ex Mega Absol ex,,3,3,0,101,AiriMima,mega-lucario-ex-b3-lucario-a2,Mega Lucario ex Lucario,lucario,2,5,0,149
6ab1739df127b1b52c27ed98,2026-09-26T16:00:00.000Z,PMPT #48 - TEAM ROCKETS ALTERCATION!!! | $100 USD,postfreeze,1,SWISS,5,BO3,43,,542,flameking3,dron,flameking3,decisive,FLAMEKING3,dragonair-mega-rayquaza-ex-b4,Dragonair Mega Rayquaza ex,,3,3,0,88,Dron,miraidon-ex-b3a-magnezone-b1a,Miraidon ex Magnezone,,2,3,0,142
6ab1739df127b1b52c27ed98,2026-09-26T16:00:00.000Z,PMPT #48 - TEAM ROCKETS ALTERCATION!!! | $100 USD,postfreeze,1,SWISS,5,BO3,44,,543,kovacs469,esdeath,kovacs469,decisive,kovacs469,butterfree-b3b-mega-sceptile-ex-b3,Butterfree Mega Sceptile ex,sceptile,6,3,0,26,Esdeath,mega-altaria-ex-b1-happiny-b4a,Mega Altaria ex Happiny,,2,3,0,140
6ab1739df127b1b52c27ed98,2026-09-26T16:00:00.000Z,PMPT #48 - TEAM ROCKETS ALTERCATION!!! | $100 USD,postfreeze,1,SWISS,5,BO3,45,,544,vegegras,dhforty4,dhforty4,decisive,Vegegras,magnezone-b1a-miraidon-ex-b3a,Magnezone Miraidon ex,,2,5,0,119,dhforty4,zoroark-ex-b3-mega-sableye-ex-b3b,Zoroark ex Mega Sableye ex,,4,3,0,77
6ab1739df127b1b52c27ed98,2026-09-26T16:00:00.000Z,PMPT #48 - TEAM ROCKETS ALTERCATION!!! | $100 USD,postfreeze,1,SWISS,5,BO3,46,,545,tcgyami,garoth,garoth,decisive,tcgyami,solgaleo-ex-a3-skarmory-a2,Solgaleo ex Skarmory,,4,3,0,79,IMP | Garoth,vespiquen-ex-b4-shuckle-ex-a4,Vespiquen ex Shuckle ex,vespiquen,3,3,0,87
6ab1739df127b1b52c27ed98,2026-09-26T16:00:00.000Z,PMPT #48 - TEAM ROCKETS ALTERCATION!!! | $100 USD,postfreeze,1,SWISS,5,BO3,47,,546,elatomico,normo360,elatomico,decisive,PGX| El Atomico,zoroark-ex-b3-mega-absol-ex-b1,Zoroark ex Mega Absol ex,,7,3,0,14,𝗠𝗮𝗴𝗺𝗮 StorM,mega-blaziken-ex-b1,Mega Blaziken ex,blaziken,2,3,0,136
6ab1739df127b1b52c27ed98,2026-09-26T16:00:00.000Z,PMPT #48 - TEAM ROCKETS ALTERCATION!!! | $100 USD,postfreeze,1,SWISS,5,BO3,48,,547,red_the_champion,jaxtcgp,red_the_champion,decisive,Red_the_Champion,dragonair-mega-rayquaza-ex-b4,Dragonair Mega Rayquaza ex,,4,3,0,57,JaxTCGP,jumpluff-ex-a4a-team-rockets-electrode-b4a,Jumpluff ex Team Rocket's Electrode,,2,3,0,157
6ab1739df127b1b52c27ed98,2026-09-26T16:00:00.000Z,PMPT #48 - TEAM ROCKETS ALTERCATION!!! | $100 USD,postfreeze,1,SWISS,5,BO3,49,,548,soobroo,highlight,highlight,decisive,SOOBROO,hoopa-ex-b4-mega-absol-ex-b1,Hoopa ex Mega Absol ex,hoopa_absol,2,3,0,120,𝐅𝐈𝐑𝐄 | Highlight,butterfree-b3b-mega-sceptile-ex-b3,Butterfree Mega Sceptile ex,sceptile,4,3,0,71
6ab1739df127b1b52c27ed98,2026-09-26T16:00:00.000Z,PMPT #48 - TEAM ROCKETS ALTERCATION!!! | $100 USD,postfreeze,1,SWISS,5,BO3,50,,549,kirlock34,raizima,raizima,decisive,Kirlock34,mega-sceptile-ex-b3-greninja-a1,Mega Sceptile ex Greninja,,2,3,0,153,Raizima,mega-lucario-ex-b3-lucario-a2,Mega Lucario ex Lucario,lucario,3,3,0,111
6ab1739df127b1b52c27ed98,2026-09-26T16:00:00.000Z,PMPT #48 - TEAM ROCKETS ALTERCATION!!! | $100 USD,postfreeze,1,SWISS,5,BO3,51,,550,davionn,pierfigo,pierfigo,decisive,Davionn,mega-sableye-ex-b3b-darkrai-ex-a2,Mega Sableye ex Darkrai ex,,2,4,0,133,PierFigo,hydreigon-mega-absol-ex-b1,Hydreigon Mega Absol ex,hydreigon,6,3,0,29
6ab1739df127b1b52c27ed98,2026-09-26T16:00:00.000Z,PMPT #48 - TEAM ROCKETS ALTERCATION!!! | $100 USD,postfreeze,1,SWISS,5,BO3,52,,551,elmarcoo,sparza,elmarcoo,decisive,eLMarcoO,mega-blaziken-ex-b1,Mega Blaziken ex,blaziken,6,3,0,28,Sparza,mega-lucario-ex-b3-lucario-a2,Mega Lucario ex Lucario,lucario,2,3,0,139
6ab1739df127b1b52c27ed98,2026-09-26T16:00:00.000Z,PMPT #48 - TEAM ROCKETS ALTERCATION!!! | $100 USD,postfreeze,1,SWISS,5,BO3,53,,552,jmbd,anhz,anhz,decisive,Jmbd,espeon-b3a-mimikyu-ex-b2,Espeon Mimikyu ex,,2,3,0,128,AnHz,hydreigon-mega-absol-ex-b1,Hydreigon Mega Absol ex,hydreigon,4,3,0,63
6ab1739df127b1b52c27ed98,2026-09-26T16:00:00.000Z,PMPT #48 - TEAM ROCKETS ALTERCATION!!! | $100 USD,postfreeze,1,SWISS,5,BO3,54,,553,darkaufeu,stardast,darkaufeu,decisive,Darkaufeu,garchomp-b4a-cleffa-a4,Garchomp Cleffa,,4,3,0,76,stardast,hydreigon-b1-mega-sableye-ex-b3b,Hydreigon Mega Sableye ex,,2,4,0,137
6ab1739df127b1b52c27ed98,2026-09-26T16:00:00.000Z,PMPT #48 - TEAM ROCKETS ALTERCATION!!! | $100 USD,postfreeze,1,SWISS,5,BO3,55,,554,machala,golfermt,machala,decisive,Machala,miraidon-ex-b3a-magnezone-b1a,Miraidon ex Magnezone,,4,3,0,70,golfermt,miraidon-ex-b3a-magnezone-b1a,Miraidon ex Magnezone,,2,3,0,125
6ab1739df127b1b52c27ed98,2026-09-26T16:00:00.000Z,PMPT #48 - TEAM ROCKETS ALTERCATION!!! | $100 USD,postfreeze,1,SWISS,5,BO3,56,,555,whizzy,crestie,whizzy,decisive,Whizzy,magnezone-ex-b3-magnezone-b1a,Magnezone ex Magnezone,,3,3,0,110,Crestie,mega-altaria-ex-b1-espeon-b3a,Mega Altaria ex Espeon,altaria,2,4,0,154
6ab1739df127b1b52c27ed98,2026-09-26T16:00:00.000Z,PMPT #48 - TEAM ROCKETS ALTERCATION!!! | $100 USD,postfreeze,1,SWISS,5,BO3,57,,556,tesla20,funksterhamster,tesla20,decisive,Tesla20,dedenne-ex-b3b-pichu-a4,Dedenne ex Pichu,,3,3,0,99,FunksterHamster,magnezone-ex-b3-magnezone-b1a,Magnezone ex Magnezone,,2,3,0,148
6ab1739df127b1b52c27ed98,2026-09-26T16:00:00.000Z,PMPT #48 - TEAM ROCKETS ALTERCATION!!! | $100 USD,postfreeze,1,SWISS,5,BO3,58,,557,turbone101,tree121,turbone101,decisive,Turbone101,beautifly-dustox-b4,Beautifly Dustox,,6,3,0,31,Tree121,meowscarada-ex-b2a-meowscarada-a2b,Meowscarada ex Meowscarada,,2,3,0,115
6ab1739df127b1b52c27ed98,2026-09-26T16:00:00.000Z,PMPT #48 - TEAM ROCKETS ALTERCATION!!! | $100 USD,postfreeze,1,SWISS,5,BO3,59,,558,doctorfun,pkmn_sensei,doctorfun,decisive,DoctorFun,beautifly-dustox-b4,Beautifly Dustox,,4,3,0,80,PKMN_Sensei,ho-oh-ex-a4-charmeleon-b2b,Ho-Oh ex Charmeleon,,3,4,0,96
6ab1739df127b1b52c27ed98,2026-09-26T16:00:00.000Z,PMPT #48 - TEAM ROCKETS ALTERCATION!!! | $100 USD,postfreeze,1,SWISS,5,BO3,60,,559,eeveeon,shreyasplays,shreyasplays,decisive,𝗠𝗲𝗴𝗮 eeveeon 𝗘𝗫,team-rockets-weezing-ex-b4a-hoopa-ex-b4,Team Rocket's Weezing ex Hoopa ex,weezing,2,3,0,117,ShreyasPlays,suicune-ex-a4a-baxcalibur-b2a,Suicune ex Baxcalibur,suicune,9,3,0,4
6ab1739df127b1b52c27ed98,2026-09-26T16:00:00.000Z,PMPT #48 - TEAM ROCKETS ALTERCATION!!! | $100 USD,postfreeze,1,SWISS,5,BO3,61,,560,soadmon,antony,soadmon,decisive,Soadmon,mega-altaria-ex-b1-espeon-b3a,Mega Altaria ex Espeon,altaria,8,3,0,8,𝙄𝙈𝙋 | Yiidrazil,suicune-ex-a4a-baxcalibur-b2a,Suicune ex Baxcalibur,suicune,2,3,0,124
6ab1739df127b1b52c27ed98,2026-09-26T16:00:00.000Z,PMPT #48 - TEAM ROCKETS ALTERCATION!!! | $100 USD,postfreeze,1,SWISS,5,BO3,62,,561,meidhy,minato,minato,decisive,Meidhy,mega-lucario-ex-b3-lucario-a2,Mega Lucario ex Lucario,lucario,2,3,0,132,minato,dragonair-mega-rayquaza-ex-b4,Dragonair Mega Rayquaza ex,,4,3,0,78
6ab1739df127b1b52c27ed98,2026-09-26T16:00:00.000Z,PMPT #48 - TEAM ROCKETS ALTERCATION!!! | $100 USD,postfreeze,1,SWISS,5,BO3,63,,562,pattyd,masaki0304,pattyd,decisive,PattyD,mega-scizor-ex-revavroom-b2b,Mega Scizor ex Revavroom,,4,3,0,75,masaki0304,mega-diancie-ex-carbink-b3b,Mega Diancie ex Carbink,,2,3,0,121
6ab1739df127b1b52c27ed98,2026-09-26T16:00:00.000Z,PMPT #48 - TEAM ROCKETS ALTERCATION!!! | $100 USD,postfreeze,1,SWISS,5,BO3,64,,563,ur_ciao,cavvyr,cavvyr,decisive,𝙈𝙉𝙍𝘾 | Fring B,dragonair-mega-rayquaza-ex-b4,Dragonair Mega Rayquaza ex,,2,3,0,150,CavvyR,vespiquen-ex-b4-shuckle-ex-a4,Vespiquen ex Shuckle ex,vespiquen,4,3,0,68
6ab1739df127b1b52c27ed98,2026-09-26T16:00:00.000Z,PMPT #48 - TEAM ROCKETS ALTERCATION!!! | $100 USD,postfreeze,1,SWISS,5,BO3,65,,564,estehlegitea,maximumedgelord,estehlegitea,decisive,𝗠𝗲𝗴𝗮 Hasan 𝗘𝗫,team-rockets-weezing-ex-b4a-hoopa-ex-b4,Team Rocket's Weezing ex Hoopa ex,weezing,5,3,0,50,MaximumEdgeLord,mega-sharpedo-ex-b4-milotic-ex-b3b,Mega Sharpedo ex Milotic ex,,2,3,0,126
6ab1739df127b1b52c27ed98,2026-09-26T16:00:00.000Z,PMPT #48 - TEAM ROCKETS ALTERCATION!!! | $100 USD,postfreeze,1,SWISS,5,BO3,66,,565,dashmd,luxmea,dashmd,decisive,DashMD,mega-charizard-y-ex-b1a-entei-ex-a4a,Mega Charizard Y ex Entei ex,charizardy_entei,3,3,0,102,Luxmea,mega-lucario-ex-b3-lucario-a2,Mega Lucario ex Lucario,lucario,2,5,0,130
6ab1739df127b1b52c27ed98,2026-09-26T16:00:00.000Z,PMPT #48 - TEAM ROCKETS ALTERCATION!!! | $100 USD,postfreeze,1,SWISS,5,BO3,67,,566,iduh,theg35,theg35,decisive,𝗠𝗲𝗴𝗮 Iduh 𝗘𝗫,dragonair-mega-rayquaza-ex-b4,Dragonair Mega Rayquaza ex,,2,3,0,138,TB theg35,butterfree-b3b-mega-sceptile-ex-b3,Butterfree Mega Sceptile ex,sceptile,4,3,0,72
6ab1739df127b1b52c27ed98,2026-09-26T16:00:00.000Z,PMPT #48 - TEAM ROCKETS ALTERCATION!!! | $100 USD,postfreeze,1,SWISS,5,BO3,68,,567,thefunk1,sombrita,thefunk1,decisive,thefunk1,suicune-ex-a4a-baxcalibur-b2a,Suicune ex Baxcalibur,suicune,3,4,0,112,sombrita,team-rockets-raticate-ex-b4a-alolan-ninetales-ex-b2,Team Rocket's Raticate ex Alolan Ninetales ex,raticate_ninetales,2,3,0,131
6ab1739df127b1b52c27ed98,2026-09-26T16:00:00.000Z,PMPT #48 - TEAM ROCKETS ALTERCATION!!! | $100 USD,postfreeze,1,SWISS,5,BO3,69,,568,shadow135,nabrix,nabrix,decisive,ShaDoW135,mega-charizard-y-ex-b1a-entei-ex-a4a,Mega Charizard Y ex Entei ex,charizardy_entei,2,3,0,135,Nabrix,suicune-ex-a4a-baxcalibur-b2a,Suicune ex Baxcalibur,suicune,5,3,0,48
6ab1739df127b1b52c27ed98,2026-09-26T16:00:00.000Z,PMPT #48 - TEAM ROCKETS ALTERCATION!!! | $100 USD,postfreeze,1,SWISS,5,BO3,70,,569,dariuspopek,fiteiras94,dariuspopek,decisive,DariusPopek,hoopa-ex-b4-mega-absol-ex-b1,Hoopa ex Mega Absol ex,hoopa_absol,3,4,0,109,fiteiras94,dragonair-mega-rayquaza-ex-b4,Dragonair Mega Rayquaza ex,,2,3,0,147
6ab1739df127b1b52c27ed98,2026-09-26T16:00:00.000Z,PMPT #48 - TEAM ROCKETS ALTERCATION!!! | $100 USD,postfreeze,1,SWISS,5,BO3,71,,570,clemarley_07,jphenomenal,jphenomenal,decisive,𝐄𝐥𝐢𝐭𝐞𝟒 CleMarley_07,magnezone-b1a-miraidon-ex-b3a,Magnezone Miraidon ex,,2,5,0,144,TBC|| JPhenomenal,magnezone-b1a-miraidon-ex-b3a,Magnezone Miraidon ex,,5,3,0,42
6ab1739df127b1b52c27ed98,2026-09-26T16:00:00.000Z,PMPT #48 - TEAM ROCKETS ALTERCATION!!! | $100 USD,postfreeze,1,SWISS,5,BO3,72,,571,fall88,nanutcg,fall88,decisive,Fall88,mega-swampert-ex-b2-greninja-a1,Mega Swampert ex Greninja,,4,3,0,69,𝐃𝐍𝐓 | Nanu,suicune-ex-a4a-baxcalibur-b2a,Suicune ex Baxcalibur,suicune,2,3,0,122
6ab1739df127b1b52c27ed98,2026-09-26T16:00:00.000Z,PMPT #48 - TEAM ROCKETS ALTERCATION!!! | $100 USD,postfreeze,1,SWISS,5,BO3,73,,572,dbsrm,epsilonli,epsilonli,decisive,DbsRm,magcargo-a4,Magcargo,,1,6,0,199,EpsilonLi,mega-gallade-ex-b4-gallade-b3,Mega Gallade ex Gallade,,3,3,0,93
6ab1739df127b1b52c27ed98,2026-09-26T16:00:00.000Z,PMPT #48 - TEAM ROCKETS ALTERCATION!!! | $100 USD,postfreeze,1,SWISS,5,BO3,74,,573,makotsunami,hanalana,makotsunami,decisive,Makotsunami,butterfree-b3b-mega-sceptile-ex-b3,Butterfree Mega Sceptile ex,sceptile,3,4,0,113,𝗠𝗲𝗴𝗮 Hanna 𝗘𝗫,mega-blaziken-ex-b1-greninja-a1,Mega Blaziken ex Greninja,,1,4,0,195
6ab1739df127b1b52c27ed98,2026-09-26T16:00:00.000Z,PMPT #48 - TEAM ROCKETS ALTERCATION!!! | $100 USD,postfreeze,1,SWISS,5,BO3,75,,574,shaquill10,marckedcards,-1,double_loss,Shaquill10,team-rockets-raticate-ex-b4a-arceus-ex-a2a,Team Rocket's Raticate ex Arceus ex,,1,6,0,200,MarckedCards,butterfree-b3b-mega-sceptile-ex-b3,Butterfree Mega Sceptile ex,sceptile,1,6,0,194
6ab1739df127b1b52c27ed98,2026-09-26T16:00:00.000Z,PMPT #48 - TEAM ROCKETS ALTERCATION!!! | $100 USD,postfreeze,1,SWISS,5,BO3,76,,575,mashblock,liquidedge,mashblock,decisive,Mashblock,mega-altaria-ex-b1,Mega Altaria ex,,2,5,0,146,LiquidEdge,suicune-ex-a4a-baxcalibur-b2a,Suicune ex Baxcalibur,suicune,1,5,0,198
6ab1739df127b1b52c27ed98,2026-09-26T16:00:00.000Z,PMPT #48 - TEAM ROCKETS ALTERCATION!!! | $100 USD,postfreeze,1,SWISS,5,BO3,77,,576,yt_yoshgaming,dragby,-1,double_loss,YT_YoshGaming,mega-lucario-ex-b3-lucario-a2,Mega Lucario ex Lucario,lucario,1,4,0,180,Dragby,hydreigon-mega-absol-ex-b1,Hydreigon Mega Absol ex,hydreigon,1,5,0,185
6ab1739df127b1b52c27ed98,2026-09-26T16:00:00.000Z,PMPT #48 - TEAM ROCKETS ALTERCATION!!! | $100 USD,postfreeze,1,SWISS,5,BO3,78,,577,zigizaga,sawitlovers,-1,double_loss,zigizaga,mega-blaziken-ex-b1-greninja-a1,Mega Blaziken ex Greninja,,1,5,0,191,SawitLovers,mega-lucario-ex-b3-lucario-a2,Mega Lucario ex Lucario,lucario,1,4,0,209
6ab1739df127b1b52c27ed98,2026-09-26T16:00:00.000Z,PMPT #48 - TEAM ROCKETS ALTERCATION!!! | $100 USD,postfreeze,1,SWISS,5,BO3,79,,578,vijayprasad,javiercazorla,-1,double_loss,VijayPrasad,mega-lucario-ex-b3-lucario-a2,Mega Lucario ex Lucario,lucario,1,5,0,202,Javiercazorla,mega-manectric-ex-b2b-heliolisk-b4,Mega Manectric ex Heliolisk,manectric_heliolisk,1,4,0,190
6ab1739df127b1b52c27ed98,2026-09-26T16:00:00.000Z,PMPT #48 - TEAM ROCKETS ALTERCATION!!! | $100 USD,postfreeze,1,SWISS,5,BO3,80,,579,themadhimalayan,johntenders,-1,double_loss,TheMadHimalayan,mega-altaria-ex-chingling-b1,Mega Altaria ex Chingling,,1,5,0,192,JohnTenders,beautifly-dustox-b4,Beautifly Dustox,,1,4,0,188
6ab1739df127b1b52c27ed98,2026-09-26T16:00:00.000Z,PMPT #48 - TEAM ROCKETS ALTERCATION!!! | $100 USD,postfreeze,1,SWISS,5,BO3,81,,580,srafaelitocs,kxkarotxzl,srafaelitocs,decisive,srafaelitocs,mega-altaria-ex-b1-espeon-b3a,Mega Altaria ex Espeon,altaria,4,3,0,81,KxkarotXZL,mega-lucario-ex-b3-lucario-a2,Mega Lucario ex Lucario,lucario,1,5,0,186
6ab1739df127b1b52c27ed98,2026-09-26T16:00:00.000Z,PMPT #48 - TEAM ROCKETS ALTERCATION!!! | $100 USD,postfreeze,1,SWISS,5,BO3,82,,581,rayblu,alana,-1,double_loss,DNT | Raybu,magnezone-b1a-miraidon-ex-b3a,Magnezone Miraidon ex,,1,5,0,193,𝗠𝗲𝗴𝗮 A̶l̶a̶n̶a̶ 𝗘𝗫,mega-swampert-ex-b2-mantyke-a4a,Mega Swampert ex Mantyke,,0,5,0,252
6ab1739df127b1b52c27ed98,2026-09-26T16:00:00.000Z,PMPT #48 - TEAM ROCKETS ALTERCATION!!! | $100 USD,postfreeze,1,SWISS,5,BO3,83,,582,csmati,zurk,-1,double_loss,CsMati,mega-blaziken-ex-b1,Mega Blaziken ex,blaziken,0,5,0,259,Zurk,dragonair-mega-rayquaza-ex-b4,Dragonair Mega Rayquaza ex,,0,5,0,258
6ab1739df127b1b52c27ed98,2026-09-26T16:00:00.000Z,PMPT #48 - TEAM ROCKETS ALTERCATION!!! | $100 USD,postfreeze,1,SWISS,5,BO3,84,,583,noteffinround47,elyons54,-1,double_loss,NoteffinRound47,butterfree-b3b-mega-sceptile-ex-b3,Butterfree Mega Sceptile ex,sceptile,0,5,0,267,Elyons54,mega-blastoise-ex-b1a-eiscue-b1,Mega Blastoise ex Eiscue,,0,5,0,249
6ab1739df127b1b52c27ed98,2026-09-26T16:00:00.000Z,PMPT #48 - TEAM ROCKETS ALTERCATION!!! | $100 USD,postfreeze,1,SWISS,5,BO3,85,,584,vinsgg,phantom_knight1,phantom_knight1,decisive,DNT | VinsJP,giratina-ex-a2b-darkrai-ex-a2,Giratina ex Darkrai ex,,0,5,0,250,Phantom_Knight1,team-rockets-weezing-ex-team-rockets-magmar-b4a,Team Rocket's Weezing ex Team Rocket's Magmar,,1,4,0,197
6ab1739df127b1b52c27ed98,2026-09-26T16:00:00.000Z,PMPT #48 - TEAM ROCKETS ALTERCATION!!! | $100 USD,postfreeze,1,SWISS,5,BO3,86,,585,mspinguino,,mspinguino,bye_or_automatic_loss,mspinguino,mega-lucario-ex-b3-lucario-a2,Mega Lucario ex Lucario,lucario,1,4,0,205,,,,,,,,
6ab1739df127b1b52c27ed98,2026-09-26T16:00:00.000Z,PMPT #48 - TEAM ROCKETS ALTERCATION!!! | $100 USD,postfreeze,1,SWISS,6,BO3,1,,586,soap728,alice_69,0,tie,soap728,mega-blaziken-ex-b1,Mega Blaziken ex,blaziken,10,2,1,2,Alice_69,mega-altaria-ex-b1-espeon-b3a,Mega Altaria ex Espeon,altaria,6,1,2,
6ab1739df127b1b52c27ed98,2026-09-26T16:00:00.000Z,PMPT #48 - TEAM ROCKETS ALTERCATION!!! | $100 USD,postfreeze,1,SWISS,6,BO3,2,,587,hansuwe,mcleoid,mcleoid,decisive,Hansuwe,hoopa-ex-b4-mega-absol-ex-b1,Hoopa ex Mega Absol ex,hoopa_absol,9,2,0,6,McLeoid,hydreigon-mega-absol-ex-b1,Hydreigon Mega Absol ex,hydreigon,8,2,0,9
6ab1739df127b1b52c27ed98,2026-09-26T16:00:00.000Z,PMPT #48 - TEAM ROCKETS ALTERCATION!!! | $100 USD,postfreeze,1,SWISS,6,BO3,3,,588,dj_marnel,ventrixd,dj_marnel,decisive, 𝐃𝐍𝐓 | DjMarnel,suicune-ex-a4a-baxcalibur-b2a,Suicune ex Baxcalibur,suicune,10,1,0,5,VentriXD,magnezone-b1a-miraidon-ex-b3a,Magnezone Miraidon ex,,6,2,1,20
6ab1739df127b1b52c27ed98,2026-09-26T16:00:00.000Z,PMPT #48 - TEAM ROCKETS ALTERCATION!!! | $100 USD,postfreeze,1,SWISS,6,BO3,4,,589,marquisb93,jlng,jlng,decisive,MarquisB93,team-rockets-weezing-ex-b4a-zoroark-ex-b3,Team Rocket's Weezing ex Zoroark ex,,9,2,1,3,JLNG,mega-blaziken-ex-b1,Mega Blaziken ex,blaziken,6,2,1,21
6ab1739df127b1b52c27ed98,2026-09-26T16:00:00.000Z,PMPT #48 - TEAM ROCKETS ALTERCATION!!! | $100 USD,postfreeze,1,SWISS,6,BO3,5,,590,enggar,brendon68,enggar,decisive,Enggar/ Aqua,mega-altaria-ex-b1-espeon-b3a,Mega Altaria ex Espeon,altaria,6,3,0,22,Brendon68,hoopa-ex-b4-greninja-a1,Hoopa ex Greninja,,4,3,0,66
6ab1739df127b1b52c27ed98,2026-09-26T16:00:00.000Z,PMPT #48 - TEAM ROCKETS ALTERCATION!!! | $100 USD,postfreeze,1,SWISS,6,BO3,6,,591,capcaps,warpis,warpis,decisive,𝗣𝗛𝗫 Captain Capslock,mega-diancie-ex-carbink-b3b,Mega Diancie ex Carbink,,5,3,0,46,𝗠𝗲𝗴𝗮 SIPRAW 𝗘𝗫,mega-altaria-ex-b1-greninja-a1,Mega Altaria ex Greninja,,7,2,0,17
6ab1739df127b1b52c27ed98,2026-09-26T16:00:00.000Z,PMPT #48 - TEAM ROCKETS ALTERCATION!!! | $100 USD,postfreeze,1,SWISS,6,BO3,7,,592,cosmooo,berlusconismurf,berlusconismurf,decisive,FrogEX | Cosmo,vespiquen-ex-b4-shuckle-ex-a4,Vespiquen ex Shuckle ex,vespiquen,4,3,0,73,Berlusconismurf,mega-charizard-y-ex-b1a-entei-ex-a4a,Mega Charizard Y ex Entei ex,charizardy_entei,7,3,0,16
6ab1739df127b1b52c27ed98,2026-09-26T16:00:00.000Z,PMPT #48 - TEAM ROCKETS ALTERCATION!!! | $100 USD,postfreeze,1,SWISS,6,BO3,8,,593,random,hamza007,hamza007,decisive,Random,magnezone-ex-b3-magnezone-b1a,Magnezone ex Magnezone,,6,3,0,25,𝗠𝗮𝗴𝗺𝗮 Hamza,mega-altaria-ex-b1-espeon-b3a,Mega Altaria ex Espeon,altaria,7,2,0,19
6ab1739df127b1b52c27ed98,2026-09-26T16:00:00.000Z,PMPT #48 - TEAM ROCKETS ALTERCATION!!! | $100 USD,postfreeze,1,SWISS,6,BO3,9,,594,astanevergiveup,alta,astanevergiveup,decisive,AstaNeverGiveUp,mega-altaria-ex-b1-espeon-b3a,Mega Altaria ex Espeon,altaria,5,2,1,32,Alta,butterfree-b3b-mega-sceptile-ex-b3,Butterfree Mega Sceptile ex,sceptile,5,3,0,47
6ab1739df127b1b52c27ed98,2026-09-26T16:00:00.000Z,PMPT #48 - TEAM ROCKETS ALTERCATION!!! | $100 USD,postfreeze,1,SWISS,6,BO3,10,,595,starcadian,lanora,lanora,decisive,Starcadian,beautifly-b1-dustox-b4,Beautifly Dustox,,5,3,0,39,𝗠𝗲𝗴𝗮 LaNora 𝗘𝗫,mega-altaria-ex-b1-espeon-b3a,Mega Altaria ex Espeon,altaria,7,3,0,15
6ab1739df127b1b52c27ed98,2026-09-26T16:00:00.000Z,PMPT #48 - TEAM ROCKETS ALTERCATION!!! | $100 USD,postfreeze,1,SWISS,6,BO3,11,,596,adi1906,2sick,2sick,decisive,Adi1906,mega-charizard-y-ex-b1a-entei-ex-a4a,Mega Charizard Y ex Entei ex,charizardy_entei,4,3,0,60,²ᵀ| ²ꜱɪᴄᴋ,vespiquen-ex-b4-shuckle-ex-a4,Vespiquen ex Shuckle ex,vespiquen,7,2,1,12
6ab1739df127b1b52c27ed98,2026-09-26T16:00:00.000Z,PMPT #48 - TEAM ROCKETS ALTERCATION!!! | $100 USD,postfreeze,1,SWISS,6,BO3,12,,597,tz_gaoren,axelniraj,axelniraj,decisive,TZ_Gaoren,mega-lucario-ex-b3-lucario-a2,Mega Lucario ex Lucario,lucario,4,3,0,58,Void ,mega-sceptile-ex-sceptile-b3,Mega Sceptile ex Sceptile,,5,2,1,37
6ab1739df127b1b52c27ed98,2026-09-26T16:00:00.000Z,PMPT #48 - TEAM ROCKETS ALTERCATION!!! | $100 USD,postfreeze,1,SWISS,6,BO3,13,,598,silver2991,javiee333,javiee333,decisive,Silver2991,vespiquen-ex-b4-shuckle-ex-a4,Vespiquen ex Shuckle ex,vespiquen,5,3,0,38,𝗠𝗢𝗡⭐️ | Javiee333,mega-manectric-ex-b2b-heliolisk-b4,Mega Manectric ex Heliolisk,manectric_heliolisk,8,2,0,10
6ab1739df127b1b52c27ed98,2026-09-26T16:00:00.000Z,PMPT #48 - TEAM ROCKETS ALTERCATION!!! | $100 USD,postfreeze,1,SWISS,6,BO3,14,,599,beachboy,tommyhp,beachboy,decisive,BeachBoy,mega-altaria-ex-b1-espeon-b3a,Mega Altaria ex Espeon,altaria,8,2,1,7,tommyhp,mega-altaria-ex-b1-igglybuff-a4a,Mega Altaria ex Igglybuff,,6,3,0,24
6ab1739df127b1b52c27ed98,2026-09-26T16:00:00.000Z,PMPT #48 - TEAM ROCKETS ALTERCATION!!! | $100 USD,postfreeze,1,SWISS,6,BO3,15,,600,zeus5148,sparadrap,zeus5148,decisive,Zeus5148,zoroark-ex-b3-mega-absol-ex-b1,Zoroark ex Mega Absol ex,,5,3,0,45,Sparadrap,hydreigon-mega-absol-ex-b1,Hydreigon Mega Absol ex,hydreigon,4,3,0,61
6ab1739df127b1b52c27ed98,2026-09-26T16:00:00.000Z,PMPT #48 - TEAM ROCKETS ALTERCATION!!! | $100 USD,postfreeze,1,SWISS,6,BO3,16,,601,rekklesbert,razbersky202,rekklesbert,decisive,Rekklesbert,mega-lucario-ex-b3-lucario-a2,Mega Lucario ex Lucario,lucario,5,2,1,36,Razbersky202,beautifly-b1-dustox-b4,Beautifly Dustox,,4,3,0,51
6ab1739df127b1b52c27ed98,2026-09-26T16:00:00.000Z,PMPT #48 - TEAM ROCKETS ALTERCATION!!! | $100 USD,postfreeze,1,SWISS,6,BO3,17,,602,manux,moserk,manux,decisive,Manux,mega-lucario-ex-b3-teal-mask-ogerpon-ex-b2,Mega Lucario ex Teal Mask Ogerpon ex,,11,1,1,1,moserk,vespiquen-ex-b4-shuckle-ex-a4,Vespiquen ex Shuckle ex,vespiquen,6,3,0,23
6ab1739df127b1b52c27ed98,2026-09-26T16:00:00.000Z,PMPT #48 - TEAM ROCKETS ALTERCATION!!! | $100 USD,postfreeze,1,SWISS,6,BO3,18,,603,frogger,kresna19,frogger,decisive,Frogger,butterfree-b3b-mega-sceptile-ex-b3,Butterfree Mega Sceptile ex,sceptile,7,2,0,18,Kresna19,magnezone-b1a-miraidon-ex-b3a,Magnezone Miraidon ex,,4,3,0,53
6ab1739df127b1b52c27ed98,2026-09-26T16:00:00.000Z,PMPT #48 - TEAM ROCKETS ALTERCATION!!! | $100 USD,postfreeze,1,SWISS,6,BO3,19,,604,hajime9009,zagazaga,zagazaga,decisive,Hajime9009,charizard-ex-a1-mega-charizard-y-ex-b1a,Charizard ex Mega Charizard Y ex,,4,3,0,52,ZaGaZaGa,charizard-ex-a1-mega-charizard-y-ex-b1a,Charizard ex Mega Charizard Y ex,,5,2,1,35
6ab1739df127b1b52c27ed98,2026-09-26T16:00:00.000Z,PMPT #48 - TEAM ROCKETS ALTERCATION!!! | $100 USD,postfreeze,1,SWISS,6,BO3,20,,605,griffsama,https,griffsama,decisive,sZero | GriffSama,mega-altaria-ex-b1-greninja-a1,Mega Altaria ex Greninja,,5,2,1,33,Nobody ,hoopa-ex-b4-mega-absol-ex-b1,Hoopa ex Mega Absol ex,hoopa_absol,4,3,0,62
6ab1739df127b1b52c27ed98,2026-09-26T16:00:00.000Z,PMPT #48 - TEAM ROCKETS ALTERCATION!!! | $100 USD,postfreeze,1,SWISS,6,BO3,21,,606,preluxe,amilaz,preluxe,decisive,𝗠𝗮𝗴𝗺𝗮 Preluxe,suicune-ex-a4a-baxcalibur-b2a,Suicune ex Baxcalibur,suicune,8,2,0,11,amilaz,entei-ex-a4a,Entei ex,,5,3,0,43
6ab1739df127b1b52c27ed98,2026-09-26T16:00:00.000Z,PMPT #48 - TEAM ROCKETS ALTERCATION!!! | $100 USD,postfreeze,1,SWISS,6,BO3,22,,607,ppitopin8,sirus,sirus,decisive,ppitopin8,mega-altaria-ex-b1-espeon-b3a,Mega Altaria ex Espeon,altaria,5,3,0,41,sirus,miraidon-ex-b3a-magnezone-b1a,Miraidon ex Magnezone,,7,2,1,13
6ab1739df127b1b52c27ed98,2026-09-26T16:00:00.000Z,PMPT #48 - TEAM ROCKETS ALTERCATION!!! | $100 USD,postfreeze,1,SWISS,6,BO3,23,,608,threevela,highlight,threevela,decisive,𝐃𝐍𝐓 | ThreeVela,magnezone-b1a-miraidon-ex-b3a,Magnezone Miraidon ex,,5,2,1,34,𝐅𝐈𝐑𝐄 | Highlight,butterfree-b3b-mega-sceptile-ex-b3,Butterfree Mega Sceptile ex,sceptile,4,3,0,71
6ab1739df127b1b52c27ed98,2026-09-26T16:00:00.000Z,PMPT #48 - TEAM ROCKETS ALTERCATION!!! | $100 USD,postfreeze,1,SWISS,6,BO3,24,,609,elmarcoo,aliga,elmarcoo,decisive,eLMarcoO,mega-blaziken-ex-b1,Mega Blaziken ex,blaziken,6,3,0,28,aliga,mega-sceptile-ex-b3-greninja-a1,Mega Sceptile ex Greninja,,3,3,0,82
6ab1739df127b1b52c27ed98,2026-09-26T16:00:00.000Z,PMPT #48 - TEAM ROCKETS ALTERCATION!!! | $100 USD,postfreeze,1,SWISS,6,BO3,25,,610,machala,smthg,machala,decisive,Machala,miraidon-ex-b3a-magnezone-b1a,Miraidon ex Magnezone,,4,3,0,70,Smthg,pikachu-ex-a1-tauros-ex-b1,Pikachu ex Tauros ex,,3,4,0,86
6ab1739df127b1b52c27ed98,2026-09-26T16:00:00.000Z,PMPT #48 - TEAM ROCKETS ALTERCATION!!! | $100 USD,postfreeze,1,SWISS,6,BO3,26,,611,dhforty4,jphenomenal,jphenomenal,decisive,dhforty4,zoroark-ex-b3-mega-sableye-ex-b3b,Zoroark ex Mega Sableye ex,,4,3,0,77,TBC|| JPhenomenal,magnezone-b1a-miraidon-ex-b3a,Magnezone Miraidon ex,,5,3,0,42
6ab1739df127b1b52c27ed98,2026-09-26T16:00:00.000Z,PMPT #48 - TEAM ROCKETS ALTERCATION!!! | $100 USD,postfreeze,1,SWISS,6,BO3,27,,612,asia81,den670,den670,decisive,Asia81,beautifly-b1-dustox-b4,Beautifly Dustox,,4,3,0,56,den670,mega-manectric-ex-b2b-heliolisk-b4,Mega Manectric ex Heliolisk,manectric_heliolisk,5,3,0,44
6ab1739df127b1b52c27ed98,2026-09-26T16:00:00.000Z,PMPT #48 - TEAM ROCKETS ALTERCATION!!! | $100 USD,postfreeze,1,SWISS,6,BO3,28,,613,aeoness,darkaufeu,darkaufeu,decisive,aeoness,mega-altaria-ex-b1-espeon-b3a,Mega Altaria ex Espeon,altaria,3,3,0,97,Darkaufeu,garchomp-b4a-cleffa-a4,Garchomp Cleffa,,4,3,0,76
6ab1739df127b1b52c27ed98,2026-09-26T16:00:00.000Z,PMPT #48 - TEAM ROCKETS ALTERCATION!!! | $100 USD,postfreeze,1,SWISS,6,BO3,29,,614,momo0342,ghalileo,momo0342,decisive,Momo0342,butterfree-b3b-mega-sceptile-ex-b3,Butterfree Mega Sceptile ex,sceptile,4,3,0,67,Ghalileo,mega-charizard-y-ex-b1a-charizard-ex-a1,Mega Charizard Y ex Charizard ex,,3,4,0,84
6ab1739df127b1b52c27ed98,2026-09-26T16:00:00.000Z,PMPT #48 - TEAM ROCKETS ALTERCATION!!! | $100 USD,postfreeze,1,SWISS,6,BO3,30,,615,raizima,anhz,anhz,decisive,Raizima,mega-lucario-ex-b3-lucario-a2,Mega Lucario ex Lucario,lucario,3,3,0,111,AnHz,hydreigon-mega-absol-ex-b1,Hydreigon Mega Absol ex,hydreigon,4,3,0,63
6ab1739df127b1b52c27ed98,2026-09-26T16:00:00.000Z,PMPT #48 - TEAM ROCKETS ALTERCATION!!! | $100 USD,postfreeze,1,SWISS,6,BO3,31,,616,thefunk1,surdao123,-1,double_loss,thefunk1,suicune-ex-a4a-baxcalibur-b2a,Suicune ex Baxcalibur,suicune,3,4,0,112,surdao123,dedenne-ex-b3b-indeedee-ex-b1,Dedenne ex Indeedee ex,,3,3,0,103
6ab1739df127b1b52c27ed98,2026-09-26T16:00:00.000Z,PMPT #48 - TEAM ROCKETS ALTERCATION!!! | $100 USD,postfreeze,1,SWISS,6,BO3,32,,617,cavvyr,reizero0712,cavvyr,decisive,CavvyR,vespiquen-ex-b4-shuckle-ex-a4,Vespiquen ex Shuckle ex,vespiquen,4,3,0,68,Reizero0712,mega-lucario-ex-b3-lucario-a2,Mega Lucario ex Lucario,lucario,3,4,0,106
6ab1739df127b1b52c27ed98,2026-09-26T16:00:00.000Z,PMPT #48 - TEAM ROCKETS ALTERCATION!!! | $100 USD,postfreeze,1,SWISS,6,BO3,33,,618,dens,njjord7,dens,decisive,Dens,mega-blaziken-ex-b1,Mega Blaziken ex,blaziken,4,3,0,59,FrogEX | Njord,beautifly-dustox-b4,Beautifly Dustox,,3,3,0,95
6ab1739df127b1b52c27ed98,2026-09-26T16:00:00.000Z,PMPT #48 - TEAM ROCKETS ALTERCATION!!! | $100 USD,postfreeze,1,SWISS,6,BO3,34,,619,feyyzo,iluchien,feyyzo,decisive,Feyyzo,hoopa-ex-b4-mega-absol-ex-b1,Hoopa ex Mega Absol ex,hoopa_absol,4,3,0,64,iluchien,mega-altaria-ex-b1-happiny-b4a,Mega Altaria ex Happiny,,3,4,0,98
6ab1739df127b1b52c27ed98,2026-09-26T16:00:00.000Z,PMPT #48 - TEAM ROCKETS ALTERCATION!!! | $100 USD,postfreeze,1,SWISS,6,BO3,35,,620,soadmon,mahorn0330,soadmon,decisive,Soadmon,mega-altaria-ex-b1-espeon-b3a,Mega Altaria ex Espeon,altaria,8,3,0,8,Mahorn0330,suicune-ex-a4a-baxcalibur-b2a,Suicune ex Baxcalibur,suicune,3,4,0,91
6ab1739df127b1b52c27ed98,2026-09-26T16:00:00.000Z,PMPT #48 - TEAM ROCKETS ALTERCATION!!! | $100 USD,postfreeze,1,SWISS,6,BO3,36,,621,flameking3,blackajr,blackajr,decisive,FLAMEKING3,dragonair-mega-rayquaza-ex-b4,Dragonair Mega Rayquaza ex,,3,3,0,88,BlackAJR,mega-altaria-ex-b1-espeon-b3a,Mega Altaria ex Espeon,altaria,6,3,0,30
6ab1739df127b1b52c27ed98,2026-09-26T16:00:00.000Z,PMPT #48 - TEAM ROCKETS ALTERCATION!!! | $100 USD,postfreeze,1,SWISS,6,BO3,37,,622,red_the_champion,garoth,red_the_champion,decisive,Red_the_Champion,dragonair-mega-rayquaza-ex-b4,Dragonair Mega Rayquaza ex,,4,3,0,57,IMP | Garoth,vespiquen-ex-b4-shuckle-ex-a4,Vespiquen ex Shuckle ex,vespiquen,3,3,0,87
6ab1739df127b1b52c27ed98,2026-09-26T16:00:00.000Z,PMPT #48 - TEAM ROCKETS ALTERCATION!!! | $100 USD,postfreeze,1,SWISS,6,BO3,38,,623,pierfigo,hasalf,pierfigo,decisive,PierFigo,hydreigon-mega-absol-ex-b1,Hydreigon Mega Absol ex,hydreigon,6,3,0,29,𝑻𝑩  / Hasalf,greninja-a1-mega-sableye-ex-b3b,Greninja Mega Sableye ex,,3,3,0,108
6ab1739df127b1b52c27ed98,2026-09-26T16:00:00.000Z,PMPT #48 - TEAM ROCKETS ALTERCATION!!! | $100 USD,postfreeze,1,SWISS,6,BO3,39,,624,kodra,shreyasplays,shreyasplays,decisive,Kodra,hoopa-ex-b4-greninja-a1,Hoopa ex Greninja,,3,4,0,89,ShreyasPlays,suicune-ex-a4a-baxcalibur-b2a,Suicune ex Baxcalibur,suicune,9,3,0,4
6ab1739df127b1b52c27ed98,2026-09-26T16:00:00.000Z,PMPT #48 - TEAM ROCKETS ALTERCATION!!! | $100 USD,postfreeze,1,SWISS,6,BO3,40,,625,chopyournut,fall88,fall88,decisive,Chopyournut,mega-blaziken-ex-b1-castform-sunny-form-b3,Mega Blaziken ex Castform Sunny Form,,3,3,0,105,Fall88,mega-swampert-ex-b2-greninja-a1,Mega Swampert ex Greninja,,4,3,0,69
6ab1739df127b1b52c27ed98,2026-09-26T16:00:00.000Z,PMPT #48 - TEAM ROCKETS ALTERCATION!!! | $100 USD,postfreeze,1,SWISS,6,BO3,41,,626,estehlegitea,supreme13,estehlegitea,decisive,𝗠𝗲𝗴𝗮 Hasan 𝗘𝗫,team-rockets-weezing-ex-b4a-hoopa-ex-b4,Team Rocket's Weezing ex Hoopa ex,weezing,5,3,0,50,𝗕𝗮𝗹𝗱 Supreme,crobat-a2a-mega-sableye-ex-b3b,Crobat Mega Sableye ex,,3,3,0,94
6ab1739df127b1b52c27ed98,2026-09-26T16:00:00.000Z,PMPT #48 - TEAM ROCKETS ALTERCATION!!! | $100 USD,postfreeze,1,SWISS,6,BO3,42,,627,tesla20,iplaypokemans,iplaypokemans,decisive,Tesla20,dedenne-ex-b3b-pichu-a4,Dedenne ex Pichu,,3,3,0,99,iplaypokemans,mega-altaria-ex-b1-greninja-a1,Mega Altaria ex Greninja,,5,3,0,49
6ab1739df127b1b52c27ed98,2026-09-26T16:00:00.000Z,PMPT #48 - TEAM ROCKETS ALTERCATION!!! | $100 USD,postfreeze,1,SWISS,6,BO3,43,,628,dashmd,elatomico,elatomico,decisive,DashMD,mega-charizard-y-ex-b1a-entei-ex-a4a,Mega Charizard Y ex Entei ex,charizardy_entei,3,3,0,102,PGX| El Atomico,zoroark-ex-b3-mega-absol-ex-b1,Zoroark ex Mega Absol ex,,7,3,0,14
6ab1739df127b1b52c27ed98,2026-09-26T16:00:00.000Z,PMPT #48 - TEAM ROCKETS ALTERCATION!!! | $100 USD,postfreeze,1,SWISS,6,BO3,44,,629,kovacs469,ka1z0,kovacs469,decisive,kovacs469,butterfree-b3b-mega-sceptile-ex-b3,Butterfree Mega Sceptile ex,sceptile,6,3,0,26,Ka1z0,zoroark-ex-b3-mega-absol-ex-b1,Zoroark ex Mega Absol ex,,3,3,0,101
6ab1739df127b1b52c27ed98,2026-09-26T16:00:00.000Z,PMPT #48 - TEAM ROCKETS ALTERCATION!!! | $100 USD,postfreeze,1,SWISS,6,BO3,45,,630,arifanrizqi,nabrix,nabrix,decisive,arifanrizqi,butterfree-b3b-mega-sceptile-ex-b3,Butterfree Mega Sceptile ex,sceptile,3,4,0,90,Nabrix,suicune-ex-a4a-baxcalibur-b2a,Suicune ex Baxcalibur,suicune,5,3,0,48
6ab1739df127b1b52c27ed98,2026-09-26T16:00:00.000Z,PMPT #48 - TEAM ROCKETS ALTERCATION!!! | $100 USD,postfreeze,1,SWISS,6,BO3,46,,631,joshuasutherland21,dariuspopek,joshuasutherland21,decisive,TDL | MoonlightshurikenVT,mega-altaria-ex-b1-greninja-a1,Mega Altaria ex Greninja,,6,3,0,27,DariusPopek,hoopa-ex-b4-mega-absol-ex-b1,Hoopa ex Mega Absol ex,hoopa_absol,3,4,0,109
6ab1739df127b1b52c27ed98,2026-09-26T16:00:00.000Z,PMPT #48 - TEAM ROCKETS ALTERCATION!!! | $100 USD,postfreeze,1,SWISS,6,BO3,47,,632,lockpick04,jhum,jhum,decisive,Lockpick04,vespiquen-ex-b4-shuckle-ex-a4,Vespiquen ex Shuckle ex,vespiquen,4,3,0,65,JHum,dedenne-ex-b3b-indeedee-ex-b1,Dedenne ex Indeedee ex,,4,3,0,54
6ab1739df127b1b52c27ed98,2026-09-26T16:00:00.000Z,PMPT #48 - TEAM ROCKETS ALTERCATION!!! | $100 USD,postfreeze,1,SWISS,6,BO3,48,,633,pattyd,theg35,theg35,decisive,PattyD,mega-scizor-ex-revavroom-b2b,Mega Scizor ex Revavroom,,4,3,0,75,TB theg35,butterfree-b3b-mega-sceptile-ex-b3,Butterfree Mega Sceptile ex,sceptile,4,3,0,72
6ab1739df127b1b52c27ed98,2026-09-26T16:00:00.000Z,PMPT #48 - TEAM ROCKETS ALTERCATION!!! | $100 USD,postfreeze,1,SWISS,6,BO3,49,,634,hollow7,breaking2mirror,hollow7,decisive,hollow7,hydreigon-mega-absol-ex-b1,Hydreigon Mega Absol ex,hydreigon,5,3,0,40,Breaking2mirror,butterfree-b3b-mega-sceptile-ex-b3,Butterfree Mega Sceptile ex,sceptile,3,3,0,85
6ab1739df127b1b52c27ed98,2026-09-26T16:00:00.000Z,PMPT #48 - TEAM ROCKETS ALTERCATION!!! | $100 USD,postfreeze,1,SWISS,6,BO3,50,,635,bstarr,doctorfun,doctorfun,decisive,Bstarr,butterfree-b3b-mega-sceptile-ex-b3,Butterfree Mega Sceptile ex,sceptile,3,3,0,104,DoctorFun,beautifly-dustox-b4,Beautifly Dustox,,4,3,0,80
6ab1739df127b1b52c27ed98,2026-09-26T16:00:00.000Z,PMPT #48 - TEAM ROCKETS ALTERCATION!!! | $100 USD,postfreeze,1,SWISS,6,BO3,51,,636,fuuyii,deister,deister,decisive,Fuuyii,mega-sceptile-ex-b3-greninja-a1,Mega Sceptile ex Greninja,,3,3,0,100,deister,dragonair-mega-rayquaza-ex-b4,Dragonair Mega Rayquaza ex,,4,3,0,55
6ab1739df127b1b52c27ed98,2026-09-26T16:00:00.000Z,PMPT #48 - TEAM ROCKETS ALTERCATION!!! | $100 USD,postfreeze,1,SWISS,6,BO3,52,,637,frappesdrinker,whizzy,frappesdrinker,decisive,sZero | frappesdrinker,mega-altaria-ex-b1-greninja-a1,Mega Altaria ex Greninja,,4,3,0,74,Whizzy,magnezone-ex-b3-magnezone-b1a,Magnezone ex Magnezone,,3,3,0,110
6ab1739df127b1b52c27ed98,2026-09-26T16:00:00.000Z,PMPT #48 - TEAM ROCKETS ALTERCATION!!! | $100 USD,postfreeze,1,SWISS,6,BO3,53,,638,turbone101,abnermoyai,turbone101,decisive,Turbone101,beautifly-dustox-b4,Beautifly Dustox,,6,3,0,31,𝐈𝐌𝐎 Moyai,mega-sceptile-ex-b3-teal-mask-ogerpon-ex-b2,Mega Sceptile ex Teal Mask Ogerpon ex,,3,4,0,83
6ab1739df127b1b52c27ed98,2026-09-26T16:00:00.000Z,PMPT #48 - TEAM ROCKETS ALTERCATION!!! | $100 USD,postfreeze,1,SWISS,6,BO3,54,,639,minato,crestie,minato,decisive,minato,dragonair-mega-rayquaza-ex-b4,Dragonair Mega Rayquaza ex,,4,3,0,78,Crestie,mega-altaria-ex-b1-espeon-b3a,Mega Altaria ex Espeon,altaria,2,4,0,154
6ab1739df127b1b52c27ed98,2026-09-26T16:00:00.000Z,PMPT #48 - TEAM ROCKETS ALTERCATION!!! | $100 USD,postfreeze,1,SWISS,6,BO3,55,,640,epsilonli,davionn,epsilonli,decisive,EpsilonLi,mega-gallade-ex-b4-gallade-b3,Mega Gallade ex Gallade,,3,3,0,93,Davionn,mega-sableye-ex-b3b-darkrai-ex-a2,Mega Sableye ex Darkrai ex,,2,4,0,133
6ab1739df127b1b52c27ed98,2026-09-26T16:00:00.000Z,PMPT #48 - TEAM ROCKETS ALTERCATION!!! | $100 USD,postfreeze,1,SWISS,6,BO3,56,,641,mashblock,makotsunami,-1,double_loss,Mashblock,mega-altaria-ex-b1,Mega Altaria ex,,2,5,0,146,Makotsunami,butterfree-b3b-mega-sceptile-ex-b3,Butterfree Mega Sceptile ex,sceptile,3,4,0,113
6ab1739df127b1b52c27ed98,2026-09-26T16:00:00.000Z,PMPT #48 - TEAM ROCKETS ALTERCATION!!! | $100 USD,postfreeze,1,SWISS,6,BO3,57,,642,vegegras,tcgyami,tcgyami,decisive,Vegegras,magnezone-b1a-miraidon-ex-b3a,Magnezone Miraidon ex,,2,5,0,119,tcgyami,solgaleo-ex-a3-skarmory-a2,Solgaleo ex Skarmory,,4,3,0,79
6ab1739df127b1b52c27ed98,2026-09-26T16:00:00.000Z,PMPT #48 - TEAM ROCKETS ALTERCATION!!! | $100 USD,postfreeze,1,SWISS,6,BO3,58,,643,airimima,clemarley_07,-1,double_loss,AiriMima,mega-lucario-ex-b3-lucario-a2,Mega Lucario ex Lucario,lucario,2,5,0,149,𝐄𝐥𝐢𝐭𝐞𝟒 CleMarley_07,magnezone-b1a-miraidon-ex-b3a,Magnezone Miraidon ex,,2,5,0,144
6ab1739df127b1b52c27ed98,2026-09-26T16:00:00.000Z,PMPT #48 - TEAM ROCKETS ALTERCATION!!! | $100 USD,postfreeze,1,SWISS,6,BO3,59,,644,pkmn_sensei,stardast,pkmn_sensei,decisive,PKMN_Sensei,ho-oh-ex-a4-charmeleon-b2b,Ho-Oh ex Charmeleon,,3,4,0,96,stardast,hydreigon-b1-mega-sableye-ex-b3b,Hydreigon Mega Sableye ex,,2,4,0,137
6ab1739df127b1b52c27ed98,2026-09-26T16:00:00.000Z,PMPT #48 - TEAM ROCKETS ALTERCATION!!! | $100 USD,postfreeze,1,SWISS,6,BO3,60,,645,srafaelitocs,luxmea,srafaelitocs,decisive,srafaelitocs,mega-altaria-ex-b1-espeon-b3a,Mega Altaria ex Espeon,altaria,4,3,0,81,Luxmea,mega-lucario-ex-b3-lucario-a2,Mega Lucario ex Lucario,lucario,2,5,0,130
6ab1739df127b1b52c27ed98,2026-09-26T16:00:00.000Z,PMPT #48 - TEAM ROCKETS ALTERCATION!!! | $100 USD,postfreeze,1,SWISS,6,BO3,61,,646,shaquill10,vijayprasad,-1,double_loss,Shaquill10,team-rockets-raticate-ex-b4a-arceus-ex-a2a,Team Rocket's Raticate ex Arceus ex,,1,6,0,200,VijayPrasad,mega-lucario-ex-b3-lucario-a2,Mega Lucario ex Lucario,lucario,1,5,0,202
6ab1739df127b1b52c27ed98,2026-09-26T16:00:00.000Z,PMPT #48 - TEAM ROCKETS ALTERCATION!!! | $100 USD,postfreeze,1,SWISS,6,BO3,62,,647,zigizaga,liquidedge,-1,double_loss,zigizaga,mega-blaziken-ex-b1-greninja-a1,Mega Blaziken ex Greninja,,1,5,0,191,LiquidEdge,suicune-ex-a4a-baxcalibur-b2a,Suicune ex Baxcalibur,suicune,1,5,0,198
6ab1739df127b1b52c27ed98,2026-09-26T16:00:00.000Z,PMPT #48 - TEAM ROCKETS ALTERCATION!!! | $100 USD,postfreeze,1,SWISS,6,BO3,63,,648,themadhimalayan,kxkarotxzl,-1,double_loss,TheMadHimalayan,mega-altaria-ex-chingling-b1,Mega Altaria ex Chingling,,1,5,0,192,KxkarotXZL,mega-lucario-ex-b3-lucario-a2,Mega Lucario ex Lucario,lucario,1,5,0,186
6ab1739df127b1b52c27ed98,2026-09-26T16:00:00.000Z,PMPT #48 - TEAM ROCKETS ALTERCATION!!! | $100 USD,postfreeze,1,SWISS,6,BO3,64,,649,dragby,dbsrm,-1,double_loss,Dragby,hydreigon-mega-absol-ex-b1,Hydreigon Mega Absol ex,hydreigon,1,5,0,185,DbsRm,magcargo-a4,Magcargo,,1,6,0,199
6ab1739df127b1b52c27ed98,2026-09-26T16:00:00.000Z,PMPT #48 - TEAM ROCKETS ALTERCATION!!! | $100 USD,postfreeze,1,SWISS,6,BO3,65,,650,marckedcards,rayblu,-1,double_loss,MarckedCards,butterfree-b3b-mega-sceptile-ex-b3,Butterfree Mega Sceptile ex,sceptile,1,6,0,194,DNT | Raybu,magnezone-b1a-miraidon-ex-b3a,Magnezone Miraidon ex,,1,5,0,193
6ab1739df127b1b52c27ed98,2026-09-26T16:00:00.000Z,PMPT #48 - TEAM ROCKETS ALTERCATION!!! | $100 USD,postfreeze,1,SWISS,7,BO3,1,,651,dj_marnel,mcleoid,dj_marnel,decisive, 𝐃𝐍𝐓 | DjMarnel,suicune-ex-a4a-baxcalibur-b2a,Suicune ex Baxcalibur,suicune,10,1,0,5,McLeoid,hydreigon-mega-absol-ex-b1,Hydreigon Mega Absol ex,hydreigon,8,2,0,9
6ab1739df127b1b52c27ed98,2026-09-26T16:00:00.000Z,PMPT #48 - TEAM ROCKETS ALTERCATION!!! | $100 USD,postfreeze,1,SWISS,7,BO3,2,,652,alice_69,2sick,0,tie,Alice_69,mega-altaria-ex-b1-espeon-b3a,Mega Altaria ex Espeon,altaria,6,1,2,,²ᵀ| ²ꜱɪᴄᴋ,vespiquen-ex-b4-shuckle-ex-a4,Vespiquen ex Shuckle ex,vespiquen,7,2,1,12
6ab1739df127b1b52c27ed98,2026-09-26T16:00:00.000Z,PMPT #48 - TEAM ROCKETS ALTERCATION!!! | $100 USD,postfreeze,1,SWISS,7,BO3,3,,653,soap728,hamza007,hamza007,decisive,soap728,mega-blaziken-ex-b1,Mega Blaziken ex,blaziken,10,2,1,2,𝗠𝗮𝗴𝗺𝗮 Hamza,mega-altaria-ex-b1-espeon-b3a,Mega Altaria ex Espeon,altaria,7,2,0,19
6ab1739df127b1b52c27ed98,2026-09-26T16:00:00.000Z,PMPT #48 - TEAM ROCKETS ALTERCATION!!! | $100 USD,postfreeze,1,SWISS,7,BO3,4,,654,marquisb93,ventrixd,0,tie,MarquisB93,team-rockets-weezing-ex-b4a-zoroark-ex-b3,Team Rocket's Weezing ex Zoroark ex,,9,2,1,3,VentriXD,magnezone-b1a-miraidon-ex-b3a,Magnezone Miraidon ex,,6,2,1,20
6ab1739df127b1b52c27ed98,2026-09-26T16:00:00.000Z,PMPT #48 - TEAM ROCKETS ALTERCATION!!! | $100 USD,postfreeze,1,SWISS,7,BO3,5,,655,berlusconismurf,hansuwe,hansuwe,decisive,Berlusconismurf,mega-charizard-y-ex-b1a-entei-ex-a4a,Mega Charizard Y ex Entei ex,charizardy_entei,7,3,0,16,Hansuwe,hoopa-ex-b4-mega-absol-ex-b1,Hoopa ex Mega Absol ex,hoopa_absol,9,2,0,6
6ab1739df127b1b52c27ed98,2026-09-26T16:00:00.000Z,PMPT #48 - TEAM ROCKETS ALTERCATION!!! | $100 USD,postfreeze,1,SWISS,7,BO3,6,,656,axelniraj,rekklesbert,0,tie,Void ,mega-sceptile-ex-sceptile-b3,Mega Sceptile ex Sceptile,,5,2,1,37,Rekklesbert,mega-lucario-ex-b3-lucario-a2,Mega Lucario ex Lucario,lucario,5,2,1,36
6ab1739df127b1b52c27ed98,2026-09-26T16:00:00.000Z,PMPT #48 - TEAM ROCKETS ALTERCATION!!! | $100 USD,postfreeze,1,SWISS,7,BO3,7,,657,beachboy,astanevergiveup,0,tie,BeachBoy,mega-altaria-ex-b1-espeon-b3a,Mega Altaria ex Espeon,altaria,8,2,1,7,AstaNeverGiveUp,mega-altaria-ex-b1-espeon-b3a,Mega Altaria ex Espeon,altaria,5,2,1,32
6ab1739df127b1b52c27ed98,2026-09-26T16:00:00.000Z,PMPT #48 - TEAM ROCKETS ALTERCATION!!! | $100 USD,postfreeze,1,SWISS,7,BO3,8,,658,zagazaga,jlng,0,tie,ZaGaZaGa,charizard-ex-a1-mega-charizard-y-ex-b1a,Charizard ex Mega Charizard Y ex,,5,2,1,35,JLNG,mega-blaziken-ex-b1,Mega Blaziken ex,blaziken,6,2,1,21
6ab1739df127b1b52c27ed98,2026-09-26T16:00:00.000Z,PMPT #48 - TEAM ROCKETS ALTERCATION!!! | $100 USD,postfreeze,1,SWISS,7,BO3,9,,659,griffsama,sirus,0,tie,sZero | GriffSama,mega-altaria-ex-b1-greninja-a1,Mega Altaria ex Greninja,,5,2,1,33,sirus,miraidon-ex-b3a-magnezone-b1a,Miraidon ex Magnezone,,7,2,1,13
6ab1739df127b1b52c27ed98,2026-09-26T16:00:00.000Z,PMPT #48 - TEAM ROCKETS ALTERCATION!!! | $100 USD,postfreeze,1,SWISS,7,BO3,10,,660,preluxe,lanora,preluxe,decisive,𝗠𝗮𝗴𝗺𝗮 Preluxe,suicune-ex-a4a-baxcalibur-b2a,Suicune ex Baxcalibur,suicune,8,2,0,11,𝗠𝗲𝗴𝗮 LaNora 𝗘𝗫,mega-altaria-ex-b1-espeon-b3a,Mega Altaria ex Espeon,altaria,7,3,0,15
6ab1739df127b1b52c27ed98,2026-09-26T16:00:00.000Z,PMPT #48 - TEAM ROCKETS ALTERCATION!!! | $100 USD,postfreeze,1,SWISS,7,BO3,11,,661,javiee333,zeus5148,javiee333,decisive,𝗠𝗢𝗡⭐️ | Javiee333,mega-manectric-ex-b2b-heliolisk-b4,Mega Manectric ex Heliolisk,manectric_heliolisk,8,2,0,10,Zeus5148,zoroark-ex-b3-mega-absol-ex-b1,Zoroark ex Mega Absol ex,,5,3,0,45
6ab1739df127b1b52c27ed98,2026-09-26T16:00:00.000Z,PMPT #48 - TEAM ROCKETS ALTERCATION!!! | $100 USD,postfreeze,1,SWISS,7,BO3,12,,662,manux,threevela,0,tie,Manux,mega-lucario-ex-b3-teal-mask-ogerpon-ex-b2,Mega Lucario ex Teal Mask Ogerpon ex,,11,1,1,1,𝐃𝐍𝐓 | ThreeVela,magnezone-b1a-miraidon-ex-b3a,Magnezone Miraidon ex,,5,2,1,34
6ab1739df127b1b52c27ed98,2026-09-26T16:00:00.000Z,PMPT #48 - TEAM ROCKETS ALTERCATION!!! | $100 USD,postfreeze,1,SWISS,7,BO3,13,,663,frogger,enggar,frogger,decisive,Frogger,butterfree-b3b-mega-sceptile-ex-b3,Butterfree Mega Sceptile ex,sceptile,7,2,0,18,Enggar/ Aqua,mega-altaria-ex-b1-espeon-b3a,Mega Altaria ex Espeon,altaria,6,3,0,22
6ab1739df127b1b52c27ed98,2026-09-26T16:00:00.000Z,PMPT #48 - TEAM ROCKETS ALTERCATION!!! | $100 USD,postfreeze,1,SWISS,7,BO3,14,,664,warpis,cavvyr,warpis,decisive,𝗠𝗲𝗴𝗮 SIPRAW 𝗘𝗫,mega-altaria-ex-b1-greninja-a1,Mega Altaria ex Greninja,,7,2,0,17,CavvyR,vespiquen-ex-b4-shuckle-ex-a4,Vespiquen ex Shuckle ex,vespiquen,4,3,0,68
6ab1739df127b1b52c27ed98,2026-09-26T16:00:00.000Z,PMPT #48 - TEAM ROCKETS ALTERCATION!!! | $100 USD,postfreeze,1,SWISS,7,BO3,15,,665,starcadian,momo0342,starcadian,decisive,Starcadian,beautifly-b1-dustox-b4,Beautifly Dustox,,5,3,0,39,Momo0342,butterfree-b3b-mega-sceptile-ex-b3,Butterfree Mega Sceptile ex,sceptile,4,3,0,67
6ab1739df127b1b52c27ed98,2026-09-26T16:00:00.000Z,PMPT #48 - TEAM ROCKETS ALTERCATION!!! | $100 USD,postfreeze,1,SWISS,7,BO3,16,,666,frappesdrinker,amilaz,amilaz,decisive,sZero | frappesdrinker,mega-altaria-ex-b1-greninja-a1,Mega Altaria ex Greninja,,4,3,0,74,amilaz,entei-ex-a4a,Entei ex,,5,3,0,43
6ab1739df127b1b52c27ed98,2026-09-26T16:00:00.000Z,PMPT #48 - TEAM ROCKETS ALTERCATION!!! | $100 USD,postfreeze,1,SWISS,7,BO3,17,,667,jhum,turbone101,turbone101,decisive,JHum,dedenne-ex-b3b-indeedee-ex-b1,Dedenne ex Indeedee ex,,4,3,0,54,Turbone101,beautifly-dustox-b4,Beautifly Dustox,,6,3,0,31
6ab1739df127b1b52c27ed98,2026-09-26T16:00:00.000Z,PMPT #48 - TEAM ROCKETS ALTERCATION!!! | $100 USD,postfreeze,1,SWISS,7,BO3,18,,668,joshuasutherland21,sparadrap,joshuasutherland21,decisive,TDL | MoonlightshurikenVT,mega-altaria-ex-b1-greninja-a1,Mega Altaria ex Greninja,,6,3,0,27,Sparadrap,hydreigon-mega-absol-ex-b1,Hydreigon Mega Absol ex,hydreigon,4,3,0,61
6ab1739df127b1b52c27ed98,2026-09-26T16:00:00.000Z,PMPT #48 - TEAM ROCKETS ALTERCATION!!! | $100 USD,postfreeze,1,SWISS,7,BO3,19,,669,estehlegitea,minato,estehlegitea,decisive,𝗠𝗲𝗴𝗮 Hasan 𝗘𝗫,team-rockets-weezing-ex-b4a-hoopa-ex-b4,Team Rocket's Weezing ex Hoopa ex,weezing,5,3,0,50,minato,dragonair-mega-rayquaza-ex-b4,Dragonair Mega Rayquaza ex,,4,3,0,78
6ab1739df127b1b52c27ed98,2026-09-26T16:00:00.000Z,PMPT #48 - TEAM ROCKETS ALTERCATION!!! | $100 USD,postfreeze,1,SWISS,7,BO3,20,,670,anhz,pierfigo,pierfigo,decisive,AnHz,hydreigon-mega-absol-ex-b1,Hydreigon Mega Absol ex,hydreigon,4,3,0,63,PierFigo,hydreigon-mega-absol-ex-b1,Hydreigon Mega Absol ex,hydreigon,6,3,0,29
6ab1739df127b1b52c27ed98,2026-09-26T16:00:00.000Z,PMPT #48 - TEAM ROCKETS ALTERCATION!!! | $100 USD,postfreeze,1,SWISS,7,BO3,21,,671,deister,soadmon,soadmon,decisive,deister,dragonair-mega-rayquaza-ex-b4,Dragonair Mega Rayquaza ex,,4,3,0,55,Soadmon,mega-altaria-ex-b1-espeon-b3a,Mega Altaria ex Espeon,altaria,8,3,0,8
6ab1739df127b1b52c27ed98,2026-09-26T16:00:00.000Z,PMPT #48 - TEAM ROCKETS ALTERCATION!!! | $100 USD,postfreeze,1,SWISS,7,BO3,22,,672,fall88,hollow7,hollow7,decisive,Fall88,mega-swampert-ex-b2-greninja-a1,Mega Swampert ex Greninja,,4,3,0,69,hollow7,hydreigon-mega-absol-ex-b1,Hydreigon Mega Absol ex,hydreigon,5,3,0,40
6ab1739df127b1b52c27ed98,2026-09-26T16:00:00.000Z,PMPT #48 - TEAM ROCKETS ALTERCATION!!! | $100 USD,postfreeze,1,SWISS,7,BO3,23,,673,elatomico,machala,elatomico,decisive,PGX| El Atomico,zoroark-ex-b3-mega-absol-ex-b1,Zoroark ex Mega Absol ex,,7,3,0,14,Machala,miraidon-ex-b3a-magnezone-b1a,Miraidon ex Magnezone,,4,3,0,70
6ab1739df127b1b52c27ed98,2026-09-26T16:00:00.000Z,PMPT #48 - TEAM ROCKETS ALTERCATION!!! | $100 USD,postfreeze,1,SWISS,7,BO3,24,,674,kresna19,den670,den670,decisive,Kresna19,magnezone-b1a-miraidon-ex-b3a,Magnezone Miraidon ex,,4,3,0,53,den670,mega-manectric-ex-b2b-heliolisk-b4,Mega Manectric ex Heliolisk,manectric_heliolisk,5,3,0,44
6ab1739df127b1b52c27ed98,2026-09-26T16:00:00.000Z,PMPT #48 - TEAM ROCKETS ALTERCATION!!! | $100 USD,postfreeze,1,SWISS,7,BO3,25,,675,tz_gaoren,kovacs469,kovacs469,decisive,TZ_Gaoren,mega-lucario-ex-b3-lucario-a2,Mega Lucario ex Lucario,lucario,4,3,0,58,kovacs469,butterfree-b3b-mega-sceptile-ex-b3,Butterfree Mega Sceptile ex,sceptile,6,3,0,26
6ab1739df127b1b52c27ed98,2026-09-26T16:00:00.000Z,PMPT #48 - TEAM ROCKETS ALTERCATION!!! | $100 USD,postfreeze,1,SWISS,7,BO3,26,,676,iplaypokemans,adi1906,iplaypokemans,decisive,iplaypokemans,mega-altaria-ex-b1-greninja-a1,Mega Altaria ex Greninja,,5,3,0,49,Adi1906,mega-charizard-y-ex-b1a-entei-ex-a4a,Mega Charizard Y ex Entei ex,charizardy_entei,4,3,0,60
6ab1739df127b1b52c27ed98,2026-09-26T16:00:00.000Z,PMPT #48 - TEAM ROCKETS ALTERCATION!!! | $100 USD,postfreeze,1,SWISS,7,BO3,27,,677,cosmooo,capcaps,capcaps,decisive,FrogEX | Cosmo,vespiquen-ex-b4-shuckle-ex-a4,Vespiquen ex Shuckle ex,vespiquen,4,3,0,73,𝗣𝗛𝗫 Captain Capslock,mega-diancie-ex-carbink-b3b,Mega Diancie ex Carbink,,5,3,0,46
6ab1739df127b1b52c27ed98,2026-09-26T16:00:00.000Z,PMPT #48 - TEAM ROCKETS ALTERCATION!!! | $100 USD,postfreeze,1,SWISS,7,BO3,28,,678,darkaufeu,blackajr,blackajr,decisive,Darkaufeu,garchomp-b4a-cleffa-a4,Garchomp Cleffa,,4,3,0,76,BlackAJR,mega-altaria-ex-b1-espeon-b3a,Mega Altaria ex Espeon,altaria,6,3,0,30
6ab1739df127b1b52c27ed98,2026-09-26T16:00:00.000Z,PMPT #48 - TEAM ROCKETS ALTERCATION!!! | $100 USD,postfreeze,1,SWISS,7,BO3,29,,679,jphenomenal,https,jphenomenal,decisive,TBC|| JPhenomenal,magnezone-b1a-miraidon-ex-b3a,Magnezone Miraidon ex,,5,3,0,42,Nobody ,hoopa-ex-b4-mega-absol-ex-b1,Hoopa ex Mega Absol ex,hoopa_absol,4,3,0,62
6ab1739df127b1b52c27ed98,2026-09-26T16:00:00.000Z,PMPT #48 - TEAM ROCKETS ALTERCATION!!! | $100 USD,postfreeze,1,SWISS,7,BO3,30,,680,elmarcoo,razbersky202,elmarcoo,decisive,eLMarcoO,mega-blaziken-ex-b1,Mega Blaziken ex,blaziken,6,3,0,28,Razbersky202,beautifly-b1-dustox-b4,Beautifly Dustox,,4,3,0,51
6ab1739df127b1b52c27ed98,2026-09-26T16:00:00.000Z,PMPT #48 - TEAM ROCKETS ALTERCATION!!! | $100 USD,postfreeze,1,SWISS,7,BO3,31,,681,moserk,brendon68,moserk,decisive,moserk,vespiquen-ex-b4-shuckle-ex-a4,Vespiquen ex Shuckle ex,vespiquen,6,3,0,23,Brendon68,hoopa-ex-b4-greninja-a1,Hoopa ex Greninja,,4,3,0,66
6ab1739df127b1b52c27ed98,2026-09-26T16:00:00.000Z,PMPT #48 - TEAM ROCKETS ALTERCATION!!! | $100 USD,postfreeze,1,SWISS,7,BO3,32,,682,random,dens,random,decisive,Random,magnezone-ex-b3-magnezone-b1a,Magnezone ex Magnezone,,6,3,0,25,Dens,mega-blaziken-ex-b1,Mega Blaziken ex,blaziken,4,3,0,59
6ab1739df127b1b52c27ed98,2026-09-26T16:00:00.000Z,PMPT #48 - TEAM ROCKETS ALTERCATION!!! | $100 USD,postfreeze,1,SWISS,7,BO3,33,,683,hajime9009,nabrix,nabrix,decisive,Hajime9009,charizard-ex-a1-mega-charizard-y-ex-b1a,Charizard ex Mega Charizard Y ex,,4,3,0,52,Nabrix,suicune-ex-a4a-baxcalibur-b2a,Suicune ex Baxcalibur,suicune,5,3,0,48
6ab1739df127b1b52c27ed98,2026-09-26T16:00:00.000Z,PMPT #48 - TEAM ROCKETS ALTERCATION!!! | $100 USD,postfreeze,1,SWISS,7,BO3,34,,684,feyyzo,shreyasplays,shreyasplays,decisive,Feyyzo,hoopa-ex-b4-mega-absol-ex-b1,Hoopa ex Mega Absol ex,hoopa_absol,4,3,0,64,ShreyasPlays,suicune-ex-a4a-baxcalibur-b2a,Suicune ex Baxcalibur,suicune,9,3,0,4
6ab1739df127b1b52c27ed98,2026-09-26T16:00:00.000Z,PMPT #48 - TEAM ROCKETS ALTERCATION!!! | $100 USD,postfreeze,1,SWISS,7,BO3,35,,685,red_the_champion,ppitopin8,ppitopin8,decisive,Red_the_Champion,dragonair-mega-rayquaza-ex-b4,Dragonair Mega Rayquaza ex,,4,3,0,57,ppitopin8,mega-altaria-ex-b1-espeon-b3a,Mega Altaria ex Espeon,altaria,5,3,0,41
6ab1739df127b1b52c27ed98,2026-09-26T16:00:00.000Z,PMPT #48 - TEAM ROCKETS ALTERCATION!!! | $100 USD,postfreeze,1,SWISS,7,BO3,36,,686,doctorfun,tommyhp,tommyhp,decisive,DoctorFun,beautifly-dustox-b4,Beautifly Dustox,,4,3,0,80,tommyhp,mega-altaria-ex-b1-igglybuff-a4a,Mega Altaria ex Igglybuff,,6,3,0,24
6ab1739df127b1b52c27ed98,2026-09-26T16:00:00.000Z,PMPT #48 - TEAM ROCKETS ALTERCATION!!! | $100 USD,postfreeze,1,SWISS,7,BO3,37,,687,theg35,silver2991,silver2991,decisive,TB theg35,butterfree-b3b-mega-sceptile-ex-b3,Butterfree Mega Sceptile ex,sceptile,4,3,0,72,Silver2991,vespiquen-ex-b4-shuckle-ex-a4,Vespiquen ex Shuckle ex,vespiquen,5,3,0,38
6ab1739df127b1b52c27ed98,2026-09-26T16:00:00.000Z,PMPT #48 - TEAM ROCKETS ALTERCATION!!! | $100 USD,postfreeze,1,SWISS,7,BO3,38,,688,alta,mahorn0330,alta,decisive,Alta,butterfree-b3b-mega-sceptile-ex-b3,Butterfree Mega Sceptile ex,sceptile,5,3,0,47,Mahorn0330,suicune-ex-a4a-baxcalibur-b2a,Suicune ex Baxcalibur,suicune,3,4,0,91
6ab1739df127b1b52c27ed98,2026-09-26T16:00:00.000Z,PMPT #48 - TEAM ROCKETS ALTERCATION!!! | $100 USD,postfreeze,1,SWISS,7,BO3,39,,689,smthg,dhforty4,dhforty4,decisive,Smthg,pikachu-ex-a1-tauros-ex-b1,Pikachu ex Tauros ex,,3,4,0,86,dhforty4,zoroark-ex-b3-mega-sableye-ex-b3b,Zoroark ex Mega Sableye ex,,4,3,0,77
6ab1739df127b1b52c27ed98,2026-09-26T16:00:00.000Z,PMPT #48 - TEAM ROCKETS ALTERCATION!!! | $100 USD,postfreeze,1,SWISS,7,BO3,40,,690,pattyd,pkmn_sensei,pattyd,decisive,PattyD,mega-scizor-ex-revavroom-b2b,Mega Scizor ex Revavroom,,4,3,0,75,PKMN_Sensei,ho-oh-ex-a4-charmeleon-b2b,Ho-Oh ex Charmeleon,,3,4,0,96
6ab1739df127b1b52c27ed98,2026-09-26T16:00:00.000Z,PMPT #48 - TEAM ROCKETS ALTERCATION!!! | $100 USD,postfreeze,1,SWISS,7,BO3,41,,691,tcgyami,iluchien,tcgyami,decisive,tcgyami,solgaleo-ex-a3-skarmory-a2,Solgaleo ex Skarmory,,4,3,0,79,iluchien,mega-altaria-ex-b1-happiny-b4a,Mega Altaria ex Happiny,,3,4,0,98
6ab1739df127b1b52c27ed98,2026-09-26T16:00:00.000Z,PMPT #48 - TEAM ROCKETS ALTERCATION!!! | $100 USD,postfreeze,1,SWISS,7,BO3,42,,692,ghalileo,lockpick04,lockpick04,decisive,Ghalileo,mega-charizard-y-ex-b1a-charizard-ex-a1,Mega Charizard Y ex Charizard ex,,3,4,0,84,Lockpick04,vespiquen-ex-b4-shuckle-ex-a4,Vespiquen ex Shuckle ex,vespiquen,4,3,0,65
6ab1739df127b1b52c27ed98,2026-09-26T16:00:00.000Z,PMPT #48 - TEAM ROCKETS ALTERCATION!!! | $100 USD,postfreeze,1,SWISS,7,BO3,43,,693,kodra,highlight,highlight,decisive,Kodra,hoopa-ex-b4-greninja-a1,Hoopa ex Greninja,,3,4,0,89,𝐅𝐈𝐑𝐄 | Highlight,butterfree-b3b-mega-sceptile-ex-b3,Butterfree Mega Sceptile ex,sceptile,4,3,0,71
6ab1739df127b1b52c27ed98,2026-09-26T16:00:00.000Z,PMPT #48 - TEAM ROCKETS ALTERCATION!!! | $100 USD,postfreeze,1,SWISS,7,BO3,44,,694,arifanrizqi,abnermoyai,-1,double_loss,arifanrizqi,butterfree-b3b-mega-sceptile-ex-b3,Butterfree Mega Sceptile ex,sceptile,3,4,0,90,𝐈𝐌𝐎 Moyai,mega-sceptile-ex-b3-teal-mask-ogerpon-ex-b2,Mega Sceptile ex Teal Mask Ogerpon ex,,3,4,0,83
6ab1739df127b1b52c27ed98,2026-09-26T16:00:00.000Z,PMPT #48 - TEAM ROCKETS ALTERCATION!!! | $100 USD,postfreeze,1,SWISS,7,BO3,45,,695,asia81,dariuspopek,asia81,decisive,Asia81,beautifly-b1-dustox-b4,Beautifly Dustox,,4,3,0,56,DariusPopek,hoopa-ex-b4-mega-absol-ex-b1,Hoopa ex Mega Absol ex,hoopa_absol,3,4,0,109
6ab1739df127b1b52c27ed98,2026-09-26T16:00:00.000Z,PMPT #48 - TEAM ROCKETS ALTERCATION!!! | $100 USD,postfreeze,1,SWISS,7,BO3,46,,696,thefunk1,reizero0712,-1,double_loss,thefunk1,suicune-ex-a4a-baxcalibur-b2a,Suicune ex Baxcalibur,suicune,3,4,0,112,Reizero0712,mega-lucario-ex-b3-lucario-a2,Mega Lucario ex Lucario,lucario,3,4,0,106
6ab1739df127b1b52c27ed98,2026-09-26T16:00:00.000Z,PMPT #48 - TEAM ROCKETS ALTERCATION!!! | $100 USD,postfreeze,1,SWISS,7,BO3,47,,697,srafaelitocs,clemarley_07,srafaelitocs,decisive,srafaelitocs,mega-altaria-ex-b1-espeon-b3a,Mega Altaria ex Espeon,altaria,4,3,0,81,𝐄𝐥𝐢𝐭𝐞𝟒 CleMarley_07,magnezone-b1a-miraidon-ex-b3a,Magnezone Miraidon ex,,2,5,0,144
6ab1739df127b1b52c27ed98,2026-09-26T16:00:00.000Z,PMPT #48 - TEAM ROCKETS ALTERCATION!!! | $100 USD,postfreeze,1,SWISS,7,BO3,48,,698,makotsunami,airimima,makotsunami,decisive,Makotsunami,butterfree-b3b-mega-sceptile-ex-b3,Butterfree Mega Sceptile ex,sceptile,3,4,0,113,AiriMima,mega-lucario-ex-b3-lucario-a2,Mega Lucario ex Lucario,lucario,2,5,0,149
6ab1739df127b1b52c27ed98,2026-09-26T16:00:00.000Z,PMPT #48 - TEAM ROCKETS ALTERCATION!!! | $100 USD,postfreeze,1,SWISS,7,BO3,49,,699,mashblock,luxmea,-1,double_loss,Mashblock,mega-altaria-ex-b1,Mega Altaria ex,,2,5,0,146,Luxmea,mega-lucario-ex-b3-lucario-a2,Mega Lucario ex Lucario,lucario,2,5,0,130
6ab1739df127b1b52c27ed98,2026-09-26T16:00:00.000Z,PMPT #48 - TEAM ROCKETS ALTERCATION!!! | $100 USD,postfreeze,1,SWISS,7,BO3,50,,700,vegegras,shaquill10,-1,double_loss,Vegegras,magnezone-b1a-miraidon-ex-b3a,Magnezone Miraidon ex,,2,5,0,119,Shaquill10,team-rockets-raticate-ex-b4a-arceus-ex-a2a,Team Rocket's Raticate ex Arceus ex,,1,6,0,200
6ab1739df127b1b52c27ed98,2026-09-26T16:00:00.000Z,PMPT #48 - TEAM ROCKETS ALTERCATION!!! | $100 USD,postfreeze,1,SWISS,7,BO3,51,,701,dbsrm,marckedcards,-1,double_loss,DbsRm,magcargo-a4,Magcargo,,1,6,0,199,MarckedCards,butterfree-b3b-mega-sceptile-ex-b3,Butterfree Mega Sceptile ex,sceptile,1,6,0,194
6ab1739df127b1b52c27ed98,2026-09-26T16:00:00.000Z,PMPT #48 - TEAM ROCKETS ALTERCATION!!! | $100 USD,postfreeze,2,SINGLE_BRACKET,8,BO3,,T32-8,702,jlng,beachboy,beachboy,decisive,JLNG,mega-blaziken-ex-b1,Mega Blaziken ex,blaziken,6,2,1,21,BeachBoy,mega-altaria-ex-b1-espeon-b3a,Mega Altaria ex Espeon,altaria,8,2,1,7
6ab1739df127b1b52c27ed98,2026-09-26T16:00:00.000Z,PMPT #48 - TEAM ROCKETS ALTERCATION!!! | $100 USD,postfreeze,2,SINGLE_BRACKET,8,BO3,,T4-2,703,manux,marquisb93,manux,decisive,Manux,mega-lucario-ex-b3-teal-mask-ogerpon-ex-b2,Mega Lucario ex Teal Mask Ogerpon ex,,11,1,1,1,MarquisB93,team-rockets-weezing-ex-b4a-zoroark-ex-b3,Team Rocket's Weezing ex Zoroark ex,,9,2,1,3
6ab1739df127b1b52c27ed98,2026-09-26T16:00:00.000Z,PMPT #48 - TEAM ROCKETS ALTERCATION!!! | $100 USD,postfreeze,2,SINGLE_BRACKET,8,BO3,,T64-24,704,manux,alta,manux,decisive,Manux,mega-lucario-ex-b3-teal-mask-ogerpon-ex-b2,Mega Lucario ex Teal Mask Ogerpon ex,,11,1,1,1,Alta,butterfree-b3b-mega-sceptile-ex-b3,Butterfree Mega Sceptile ex,sceptile,5,3,0,47
6ab1739df127b1b52c27ed98,2026-09-26T16:00:00.000Z,PMPT #48 - TEAM ROCKETS ALTERCATION!!! | $100 USD,postfreeze,2,SINGLE_BRACKET,8,BO3,,T16-6,705,lanora,manux,manux,decisive,𝗠𝗲𝗴𝗮 LaNora 𝗘𝗫,mega-altaria-ex-b1-espeon-b3a,Mega Altaria ex Espeon,altaria,7,3,0,15,Manux,mega-lucario-ex-b3-teal-mask-ogerpon-ex-b2,Mega Lucario ex Teal Mask Ogerpon ex,,11,1,1,1
6ab1739df127b1b52c27ed98,2026-09-26T16:00:00.000Z,PMPT #48 - TEAM ROCKETS ALTERCATION!!! | $100 USD,postfreeze,2,SINGLE_BRACKET,8,BO3,,T64-3,706,2sick,estehlegitea,2sick,decisive,²ᵀ| ²ꜱɪᴄᴋ,vespiquen-ex-b4-shuckle-ex-a4,Vespiquen ex Shuckle ex,vespiquen,7,2,1,12,𝗠𝗲𝗴𝗮 Hasan 𝗘𝗫,team-rockets-weezing-ex-b4a-hoopa-ex-b4,Team Rocket's Weezing ex Hoopa ex,weezing,5,3,0,50
6ab1739df127b1b52c27ed98,2026-09-26T16:00:00.000Z,PMPT #48 - TEAM ROCKETS ALTERCATION!!! | $100 USD,postfreeze,2,SINGLE_BRACKET,8,BO3,,T64-14,707,jphenomenal,kovacs469,kovacs469,decisive,TBC|| JPhenomenal,magnezone-b1a-miraidon-ex-b3a,Magnezone Miraidon ex,,5,3,0,42,kovacs469,butterfree-b3b-mega-sceptile-ex-b3,Butterfree Mega Sceptile ex,sceptile,6,3,0,26
6ab1739df127b1b52c27ed98,2026-09-26T16:00:00.000Z,PMPT #48 - TEAM ROCKETS ALTERCATION!!! | $100 USD,postfreeze,2,SINGLE_BRACKET,8,BO3,,T64-27,708,astanevergiveup,turbone101,turbone101,decisive,AstaNeverGiveUp,mega-altaria-ex-b1-espeon-b3a,Mega Altaria ex Espeon,altaria,5,2,1,32,Turbone101,beautifly-dustox-b4,Beautifly Dustox,,6,3,0,31
6ab1739df127b1b52c27ed98,2026-09-26T16:00:00.000Z,PMPT #48 - TEAM ROCKETS ALTERCATION!!! | $100 USD,postfreeze,2,SINGLE_BRACKET,8,BO3,,T64-31,709,marquisb93,,marquisb93,bye_or_automatic_loss,MarquisB93,team-rockets-weezing-ex-b4a-zoroark-ex-b3,Team Rocket's Weezing ex Zoroark ex,,9,2,1,3,,,,,,,,
6ab1739df127b1b52c27ed98,2026-09-26T16:00:00.000Z,PMPT #48 - TEAM ROCKETS ALTERCATION!!! | $100 USD,postfreeze,2,SINGLE_BRACKET,8,BO3,,T64-32,710,axelniraj,joshuasutherland21,joshuasutherland21,decisive,Void ,mega-sceptile-ex-sceptile-b3,Mega Sceptile ex Sceptile,,5,2,1,37,TDL | MoonlightshurikenVT,mega-altaria-ex-b1-greninja-a1,Mega Altaria ex Greninja,,6,3,0,27
6ab1739df127b1b52c27ed98,2026-09-26T16:00:00.000Z,PMPT #48 - TEAM ROCKETS ALTERCATION!!! | $100 USD,postfreeze,2,SINGLE_BRACKET,8,BO3,,T16-2,711,shreyasplays,berlusconismurf,shreyasplays,decisive,ShreyasPlays,suicune-ex-a4a-baxcalibur-b2a,Suicune ex Baxcalibur,suicune,9,3,0,4,Berlusconismurf,mega-charizard-y-ex-b1a-entei-ex-a4a,Mega Charizard Y ex Entei ex,charizardy_entei,7,3,0,16
6ab1739df127b1b52c27ed98,2026-09-26T16:00:00.000Z,PMPT #48 - TEAM ROCKETS ALTERCATION!!! | $100 USD,postfreeze,2,SINGLE_BRACKET,8,BO3,,T4-1,712,shreyasplays,soap728,soap728,decisive,ShreyasPlays,suicune-ex-a4a-baxcalibur-b2a,Suicune ex Baxcalibur,suicune,9,3,0,4,soap728,mega-blaziken-ex-b1,Mega Blaziken ex,blaziken,10,2,1,2
6ab1739df127b1b52c27ed98,2026-09-26T16:00:00.000Z,PMPT #48 - TEAM ROCKETS ALTERCATION!!! | $100 USD,postfreeze,2,SINGLE_BRACKET,8,BO3,,T32-15,713,warpis,elatomico,elatomico,decisive,𝗠𝗲𝗴𝗮 SIPRAW 𝗘𝗫,mega-altaria-ex-b1-greninja-a1,Mega Altaria ex Greninja,,7,2,0,17,PGX| El Atomico,zoroark-ex-b3-mega-absol-ex-b1,Zoroark ex Mega Absol ex,,7,3,0,14
6ab1739df127b1b52c27ed98,2026-09-26T16:00:00.000Z,PMPT #48 - TEAM ROCKETS ALTERCATION!!! | $100 USD,postfreeze,2,SINGLE_BRACKET,8,BO3,,T64-29,714,warpis,,warpis,bye_or_automatic_loss,𝗠𝗲𝗴𝗮 SIPRAW 𝗘𝗫,mega-altaria-ex-b1-greninja-a1,Mega Altaria ex Greninja,,7,2,0,17,,,,,,,,
6ab1739df127b1b52c27ed98,2026-09-26T16:00:00.000Z,PMPT #48 - TEAM ROCKETS ALTERCATION!!! | $100 USD,postfreeze,2,SINGLE_BRACKET,8,BO3,,T64-16,715,beachboy,nabrix,beachboy,decisive,BeachBoy,mega-altaria-ex-b1-espeon-b3a,Mega Altaria ex Espeon,altaria,8,2,1,7,Nabrix,suicune-ex-a4a-baxcalibur-b2a,Suicune ex Baxcalibur,suicune,5,3,0,48
6ab1739df127b1b52c27ed98,2026-09-26T16:00:00.000Z,PMPT #48 - TEAM ROCKETS ALTERCATION!!! | $100 USD,postfreeze,2,SINGLE_BRACKET,8,BO3,,T64-15,716,jlng,,jlng,bye_or_automatic_loss,JLNG,mega-blaziken-ex-b1,Mega Blaziken ex,blaziken,6,2,1,21,,,,,,,,
6ab1739df127b1b52c27ed98,2026-09-26T16:00:00.000Z,PMPT #48 - TEAM ROCKETS ALTERCATION!!! | $100 USD,postfreeze,2,SINGLE_BRACKET,8,BO3,,T64-12,717,rekklesbert,elmarcoo,elmarcoo,decisive,Rekklesbert,mega-lucario-ex-b3-lucario-a2,Mega Lucario ex Lucario,lucario,5,2,1,36,eLMarcoO,mega-blaziken-ex-b1,Mega Blaziken ex,blaziken,6,3,0,28
6ab1739df127b1b52c27ed98,2026-09-26T16:00:00.000Z,PMPT #48 - TEAM ROCKETS ALTERCATION!!! | $100 USD,postfreeze,2,SINGLE_BRACKET,8,BO3,,T64-10,718,amilaz,random,random,decisive,amilaz,entei-ex-a4a,Entei ex,,5,3,0,43,Random,magnezone-ex-b3-magnezone-b1a,Magnezone ex Magnezone,,6,3,0,25
6ab1739df127b1b52c27ed98,2026-09-26T16:00:00.000Z,PMPT #48 - TEAM ROCKETS ALTERCATION!!! | $100 USD,postfreeze,2,SINGLE_BRACKET,8,BO3,,T16-3,719,javiee333,soap728,soap728,decisive,𝗠𝗢𝗡⭐️ | Javiee333,mega-manectric-ex-b2b-heliolisk-b4,Mega Manectric ex Heliolisk,manectric_heliolisk,8,2,0,10,soap728,mega-blaziken-ex-b1,Mega Blaziken ex,blaziken,10,2,1,2
6ab1739df127b1b52c27ed98,2026-09-26T16:00:00.000Z,PMPT #48 - TEAM ROCKETS ALTERCATION!!! | $100 USD,postfreeze,2,SINGLE_BRACKET,8,BO3,,T32-16,720,marquisb93,joshuasutherland21,marquisb93,decisive,MarquisB93,team-rockets-weezing-ex-b4a-zoroark-ex-b3,Team Rocket's Weezing ex Zoroark ex,,9,2,1,3,TDL | MoonlightshurikenVT,mega-altaria-ex-b1-greninja-a1,Mega Altaria ex Greninja,,6,3,0,27
6ab1739df127b1b52c27ed98,2026-09-26T16:00:00.000Z,PMPT #48 - TEAM ROCKETS ALTERCATION!!! | $100 USD,postfreeze,2,SINGLE_BRACKET,8,BO3,,T64-20,721,zagazaga,pierfigo,pierfigo,decisive,ZaGaZaGa,charizard-ex-a1-mega-charizard-y-ex-b1a,Charizard ex Mega Charizard Y ex,,5,2,1,35,PierFigo,hydreigon-mega-absol-ex-b1,Hydreigon Mega Absol ex,hydreigon,6,3,0,29
6ab1739df127b1b52c27ed98,2026-09-26T16:00:00.000Z,PMPT #48 - TEAM ROCKETS ALTERCATION!!! | $100 USD,postfreeze,2,SINGLE_BRACKET,8,BO3,,T64-17,722,mcleoid,,mcleoid,bye_or_automatic_loss,McLeoid,hydreigon-mega-absol-ex-b1,Hydreigon Mega Absol ex,hydreigon,8,2,0,9,,,,,,,,
6ab1739df127b1b52c27ed98,2026-09-26T16:00:00.000Z,PMPT #48 - TEAM ROCKETS ALTERCATION!!! | $100 USD,postfreeze,2,SINGLE_BRACKET,8,BO3,,T32-9,723,mcleoid,enggar,mcleoid,decisive,McLeoid,hydreigon-mega-absol-ex-b1,Hydreigon Mega Absol ex,hydreigon,8,2,0,9,Enggar/ Aqua,mega-altaria-ex-b1-espeon-b3a,Mega Altaria ex Espeon,altaria,6,3,0,22
6ab1739df127b1b52c27ed98,2026-09-26T16:00:00.000Z,PMPT #48 - TEAM ROCKETS ALTERCATION!!! | $100 USD,postfreeze,2,SINGLE_BRACKET,8,BO3,,T32-4,724,alice_69,berlusconismurf,berlusconismurf,decisive,Alice_69,mega-altaria-ex-b1-espeon-b3a,Mega Altaria ex Espeon,altaria,6,1,2,,Berlusconismurf,mega-charizard-y-ex-b1a-entei-ex-a4a,Mega Charizard Y ex Entei ex,charizardy_entei,7,3,0,16
6ab1739df127b1b52c27ed98,2026-09-26T16:00:00.000Z,PMPT #48 - TEAM ROCKETS ALTERCATION!!! | $100 USD,postfreeze,2,SINGLE_BRACKET,8,BO3,,T16-5,725,mcleoid,soadmon,soadmon,decisive,McLeoid,hydreigon-mega-absol-ex-b1,Hydreigon Mega Absol ex,hydreigon,8,2,0,9,Soadmon,mega-altaria-ex-b1-espeon-b3a,Mega Altaria ex Espeon,altaria,8,3,0,8
6ab1739df127b1b52c27ed98,2026-09-26T16:00:00.000Z,PMPT #48 - TEAM ROCKETS ALTERCATION!!! | $100 USD,postfreeze,2,SINGLE_BRACKET,8,BO3,,T64-7,726,alice_69,,alice_69,bye_or_automatic_loss,Alice_69,mega-altaria-ex-b1-espeon-b3a,Mega Altaria ex Espeon,altaria,6,1,2,,,,,,,,,
6ab1739df127b1b52c27ed98,2026-09-26T16:00:00.000Z,PMPT #48 - TEAM ROCKETS ALTERCATION!!! | $100 USD,postfreeze,2,SINGLE_BRACKET,8,BO3,,T64-2,727,moserk,zeus5148,moserk,decisive,moserk,vespiquen-ex-b4-shuckle-ex-a4,Vespiquen ex Shuckle ex,vespiquen,6,3,0,23,Zeus5148,zoroark-ex-b3-mega-absol-ex-b1,Zoroark ex Mega Absol ex,,5,3,0,45
6ab1739df127b1b52c27ed98,2026-09-26T16:00:00.000Z,PMPT #48 - TEAM ROCKETS ALTERCATION!!! | $100 USD,postfreeze,2,SINGLE_BRACKET,8,BO3,,T16-4,728,preluxe,beachboy,beachboy,decisive,𝗠𝗮𝗴𝗺𝗮 Preluxe,suicune-ex-a4a-baxcalibur-b2a,Suicune ex Baxcalibur,suicune,8,2,0,11,BeachBoy,mega-altaria-ex-b1-espeon-b3a,Mega Altaria ex Espeon,altaria,8,2,1,7
6ab1739df127b1b52c27ed98,2026-09-26T16:00:00.000Z,PMPT #48 - TEAM ROCKETS ALTERCATION!!! | $100 USD,postfreeze,2,SINGLE_BRACKET,8,BO3,,T32-7,729,preluxe,kovacs469,preluxe,decisive,𝗠𝗮𝗴𝗺𝗮 Preluxe,suicune-ex-a4a-baxcalibur-b2a,Suicune ex Baxcalibur,suicune,8,2,0,11,kovacs469,butterfree-b3b-mega-sceptile-ex-b3,Butterfree Mega Sceptile ex,sceptile,6,3,0,26
6ab1739df127b1b52c27ed98,2026-09-26T16:00:00.000Z,PMPT #48 - TEAM ROCKETS ALTERCATION!!! | $100 USD,postfreeze,2,SINGLE_BRACKET,8,BO3,,T64-13,730,preluxe,,preluxe,bye_or_automatic_loss,𝗠𝗮𝗴𝗺𝗮 Preluxe,suicune-ex-a4a-baxcalibur-b2a,Suicune ex Baxcalibur,suicune,8,2,0,11,,,,,,,,
6ab1739df127b1b52c27ed98,2026-09-26T16:00:00.000Z,PMPT #48 - TEAM ROCKETS ALTERCATION!!! | $100 USD,postfreeze,2,SINGLE_BRACKET,8,BO3,,T64-30,731,ppitopin8,elatomico,elatomico,decisive,ppitopin8,mega-altaria-ex-b1-espeon-b3a,Mega Altaria ex Espeon,altaria,5,3,0,41,PGX| El Atomico,zoroark-ex-b3-mega-absol-ex-b1,Zoroark ex Mega Absol ex,,7,3,0,14
6ab1739df127b1b52c27ed98,2026-09-26T16:00:00.000Z,PMPT #48 - TEAM ROCKETS ALTERCATION!!! | $100 USD,postfreeze,2,SINGLE_BRACKET,8,BO3,,T32-2,732,2sick,blackajr,2sick,decisive,²ᵀ| ²ꜱɪᴄᴋ,vespiquen-ex-b4-shuckle-ex-a4,Vespiquen ex Shuckle ex,vespiquen,7,2,1,12,BlackAJR,mega-altaria-ex-b1-espeon-b3a,Mega Altaria ex Espeon,altaria,6,3,0,30
6ab1739df127b1b52c27ed98,2026-09-26T16:00:00.000Z,PMPT #48 - TEAM ROCKETS ALTERCATION!!! | $100 USD,postfreeze,2,SINGLE_BRACKET,8,BO3,,T64-11,733,soap728,,soap728,bye_or_automatic_loss,soap728,mega-blaziken-ex-b1,Mega Blaziken ex,blaziken,10,2,1,2,,,,,,,,
6ab1739df127b1b52c27ed98,2026-09-26T16:00:00.000Z,PMPT #48 - TEAM ROCKETS ALTERCATION!!! | $100 USD,postfreeze,2,SINGLE_BRACKET,8,BO3,,T32-14,734,turbone101,sirus,sirus,decisive,Turbone101,beautifly-dustox-b4,Beautifly Dustox,,6,3,0,31,sirus,miraidon-ex-b3a-magnezone-b1a,Miraidon ex Magnezone,,7,2,1,13
6ab1739df127b1b52c27ed98,2026-09-26T16:00:00.000Z,PMPT #48 - TEAM ROCKETS ALTERCATION!!! | $100 USD,postfreeze,2,SINGLE_BRACKET,8,BO3,,T64-1,735,dj_marnel,,dj_marnel,bye_or_automatic_loss, 𝐃𝐍𝐓 | DjMarnel,suicune-ex-a4a-baxcalibur-b2a,Suicune ex Baxcalibur,suicune,10,1,0,5,,,,,,,,
6ab1739df127b1b52c27ed98,2026-09-26T16:00:00.000Z,PMPT #48 - TEAM ROCKETS ALTERCATION!!! | $100 USD,postfreeze,2,SINGLE_BRACKET,8,BO3,,T32-1,736,dj_marnel,moserk,dj_marnel,decisive, 𝐃𝐍𝐓 | DjMarnel,suicune-ex-a4a-baxcalibur-b2a,Suicune ex Baxcalibur,suicune,10,1,0,5,moserk,vespiquen-ex-b4-shuckle-ex-a4,Vespiquen ex Shuckle ex,vespiquen,6,3,0,23
6ab1739df127b1b52c27ed98,2026-09-26T16:00:00.000Z,PMPT #48 - TEAM ROCKETS ALTERCATION!!! | $100 USD,postfreeze,2,SINGLE_BRACKET,8,BO3,,T64-4,737,threevela,blackajr,blackajr,decisive,𝐃𝐍𝐓 | ThreeVela,magnezone-b1a-miraidon-ex-b3a,Magnezone Miraidon ex,,5,2,1,34,BlackAJR,mega-altaria-ex-b1-espeon-b3a,Mega Altaria ex Espeon,altaria,6,3,0,30
6ab1739df127b1b52c27ed98,2026-09-26T16:00:00.000Z,PMPT #48 - TEAM ROCKETS ALTERCATION!!! | $100 USD,postfreeze,2,SINGLE_BRACKET,8,BO3,,T16-1,738,dj_marnel,2sick,dj_marnel,decisive, 𝐃𝐍𝐓 | DjMarnel,suicune-ex-a4a-baxcalibur-b2a,Suicune ex Baxcalibur,suicune,10,1,0,5,²ᵀ| ²ꜱɪᴄᴋ,vespiquen-ex-b4-shuckle-ex-a4,Vespiquen ex Shuckle ex,vespiquen,7,2,1,12
6ab1739df127b1b52c27ed98,2026-09-26T16:00:00.000Z,PMPT #48 - TEAM ROCKETS ALTERCATION!!! | $100 USD,postfreeze,2,SINGLE_BRACKET,8,BO3,,T8-1,739,dj_marnel,shreyasplays,shreyasplays,decisive, 𝐃𝐍𝐓 | DjMarnel,suicune-ex-a4a-baxcalibur-b2a,Suicune ex Baxcalibur,suicune,10,1,0,5,ShreyasPlays,suicune-ex-a4a-baxcalibur-b2a,Suicune ex Baxcalibur,suicune,9,3,0,4
6ab1739df127b1b52c27ed98,2026-09-26T16:00:00.000Z,PMPT #48 - TEAM ROCKETS ALTERCATION!!! | $100 USD,postfreeze,2,SINGLE_BRACKET,8,BO3,,T16-8,740,elatomico,marquisb93,marquisb93,decisive,PGX| El Atomico,zoroark-ex-b3-mega-absol-ex-b1,Zoroark ex Mega Absol ex,,7,3,0,14,MarquisB93,team-rockets-weezing-ex-b4a-zoroark-ex-b3,Team Rocket's Weezing ex Zoroark ex,,9,2,1,3
6ab1739df127b1b52c27ed98,2026-09-26T16:00:00.000Z,PMPT #48 - TEAM ROCKETS ALTERCATION!!! | $100 USD,postfreeze,2,SINGLE_BRACKET,8,BO3,,T64-18,741,enggar,capcaps,enggar,decisive,Enggar/ Aqua,mega-altaria-ex-b1-espeon-b3a,Mega Altaria ex Espeon,altaria,6,3,0,22,𝗣𝗛𝗫 Captain Capslock,mega-diancie-ex-carbink-b3b,Mega Diancie ex Carbink,,5,3,0,46
6ab1739df127b1b52c27ed98,2026-09-26T16:00:00.000Z,PMPT #48 - TEAM ROCKETS ALTERCATION!!! | $100 USD,postfreeze,2,SINGLE_BRACKET,8,BO3,,T64-6,742,starcadian,shreyasplays,shreyasplays,decisive,Starcadian,beautifly-b1-dustox-b4,Beautifly Dustox,,5,3,0,39,ShreyasPlays,suicune-ex-a4a-baxcalibur-b2a,Suicune ex Baxcalibur,suicune,9,3,0,4
6ab1739df127b1b52c27ed98,2026-09-26T16:00:00.000Z,PMPT #48 - TEAM ROCKETS ALTERCATION!!! | $100 USD,postfreeze,2,SINGLE_BRACKET,8,BO3,,T64-21,743,frogger,,frogger,bye_or_automatic_loss,Frogger,butterfree-b3b-mega-sceptile-ex-b3,Butterfree Mega Sceptile ex,sceptile,7,2,0,18,,,,,,,,
6ab1739df127b1b52c27ed98,2026-09-26T16:00:00.000Z,PMPT #48 - TEAM ROCKETS ALTERCATION!!! | $100 USD,postfreeze,2,SINGLE_BRACKET,8,BO3,,T32-11,744,frogger,lanora,lanora,decisive,Frogger,butterfree-b3b-mega-sceptile-ex-b3,Butterfree Mega Sceptile ex,sceptile,7,2,0,18,𝗠𝗲𝗴𝗮 LaNora 𝗘𝗫,mega-altaria-ex-b1-espeon-b3a,Mega Altaria ex Espeon,altaria,7,3,0,15
6ab1739df127b1b52c27ed98,2026-09-26T16:00:00.000Z,PMPT #48 - TEAM ROCKETS ALTERCATION!!! | $100 USD,postfreeze,2,SINGLE_BRACKET,8,BO3,,T64-19,745,griffsama,soadmon,soadmon,decisive,sZero | GriffSama,mega-altaria-ex-b1-greninja-a1,Mega Altaria ex Greninja,,5,2,1,33,Soadmon,mega-altaria-ex-b1-espeon-b3a,Mega Altaria ex Espeon,altaria,8,3,0,8
6ab1739df127b1b52c27ed98,2026-09-26T16:00:00.000Z,PMPT #48 - TEAM ROCKETS ALTERCATION!!! | $100 USD,postfreeze,2,SINGLE_BRACKET,8,BO3,,T2-1,746,soap728,manux,manux,decisive,soap728,mega-blaziken-ex-b1,Mega Blaziken ex,blaziken,10,2,1,2,Manux,mega-lucario-ex-b3-teal-mask-ogerpon-ex-b2,Mega Lucario ex Teal Mask Ogerpon ex,,11,1,1,1
6ab1739df127b1b52c27ed98,2026-09-26T16:00:00.000Z,PMPT #48 - TEAM ROCKETS ALTERCATION!!! | $100 USD,postfreeze,2,SINGLE_BRACKET,8,BO3,,T8-2,747,soap728,beachboy,soap728,decisive,soap728,mega-blaziken-ex-b1,Mega Blaziken ex,blaziken,10,2,1,2,BeachBoy,mega-altaria-ex-b1-espeon-b3a,Mega Altaria ex Espeon,altaria,8,2,1,7
6ab1739df127b1b52c27ed98,2026-09-26T16:00:00.000Z,PMPT #48 - TEAM ROCKETS ALTERCATION!!! | $100 USD,postfreeze,2,SINGLE_BRACKET,8,BO3,,T32-6,748,soap728,elmarcoo,soap728,decisive,soap728,mega-blaziken-ex-b1,Mega Blaziken ex,blaziken,10,2,1,2,eLMarcoO,mega-blaziken-ex-b1,Mega Blaziken ex,blaziken,6,3,0,28
6ab1739df127b1b52c27ed98,2026-09-26T16:00:00.000Z,PMPT #48 - TEAM ROCKETS ALTERCATION!!! | $100 USD,postfreeze,2,SINGLE_BRACKET,8,BO3,,T64-8,749,silver2991,berlusconismurf,berlusconismurf,decisive,Silver2991,vespiquen-ex-b4-shuckle-ex-a4,Vespiquen ex Shuckle ex,vespiquen,5,3,0,38,Berlusconismurf,mega-charizard-y-ex-b1a-entei-ex-a4a,Mega Charizard Y ex Entei ex,charizardy_entei,7,3,0,16
6ab1739df127b1b52c27ed98,2026-09-26T16:00:00.000Z,PMPT #48 - TEAM ROCKETS ALTERCATION!!! | $100 USD,postfreeze,2,SINGLE_BRACKET,8,BO3,,T8-3,750,soadmon,manux,manux,decisive,Soadmon,mega-altaria-ex-b1-espeon-b3a,Mega Altaria ex Espeon,altaria,8,3,0,8,Manux,mega-lucario-ex-b3-teal-mask-ogerpon-ex-b2,Mega Lucario ex Teal Mask Ogerpon ex,,11,1,1,1
6ab1739df127b1b52c27ed98,2026-09-26T16:00:00.000Z,PMPT #48 - TEAM ROCKETS ALTERCATION!!! | $100 USD,postfreeze,2,SINGLE_BRACKET,8,BO3,,T32-10,751,soadmon,pierfigo,soadmon,decisive,Soadmon,mega-altaria-ex-b1-espeon-b3a,Mega Altaria ex Espeon,altaria,8,3,0,8,PierFigo,hydreigon-mega-absol-ex-b1,Hydreigon Mega Absol ex,hydreigon,6,3,0,29
6ab1739df127b1b52c27ed98,2026-09-26T16:00:00.000Z,PMPT #48 - TEAM ROCKETS ALTERCATION!!! | $100 USD,postfreeze,2,SINGLE_BRACKET,8,BO3,,T64-5,752,hamza007,,hamza007,bye_or_automatic_loss,𝗠𝗮𝗴𝗺𝗮 Hamza,mega-altaria-ex-b1-espeon-b3a,Mega Altaria ex Espeon,altaria,7,2,0,19,,,,,,,,
6ab1739df127b1b52c27ed98,2026-09-26T16:00:00.000Z,PMPT #48 - TEAM ROCKETS ALTERCATION!!! | $100 USD,postfreeze,2,SINGLE_BRACKET,8,BO3,,T32-3,753,hamza007,shreyasplays,shreyasplays,decisive,𝗠𝗮𝗴𝗺𝗮 Hamza,mega-altaria-ex-b1-espeon-b3a,Mega Altaria ex Espeon,altaria,7,2,0,19,ShreyasPlays,suicune-ex-a4a-baxcalibur-b2a,Suicune ex Baxcalibur,suicune,9,3,0,4
6ab1739df127b1b52c27ed98,2026-09-26T16:00:00.000Z,PMPT #48 - TEAM ROCKETS ALTERCATION!!! | $100 USD,postfreeze,2,SINGLE_BRACKET,8,BO3,,T64-23,754,ventrixd,,ventrixd,bye_or_automatic_loss,VentriXD,magnezone-b1a-miraidon-ex-b3a,Magnezone Miraidon ex,,6,2,1,20,,,,,,,,
6ab1739df127b1b52c27ed98,2026-09-26T16:00:00.000Z,PMPT #48 - TEAM ROCKETS ALTERCATION!!! | $100 USD,postfreeze,2,SINGLE_BRACKET,8,BO3,,T32-12,755,ventrixd,manux,manux,decisive,VentriXD,magnezone-b1a-miraidon-ex-b3a,Magnezone Miraidon ex,,6,2,1,20,Manux,mega-lucario-ex-b3-teal-mask-ogerpon-ex-b2,Mega Lucario ex Teal Mask Ogerpon ex,,11,1,1,1
6ab1739df127b1b52c27ed98,2026-09-26T16:00:00.000Z,PMPT #48 - TEAM ROCKETS ALTERCATION!!! | $100 USD,postfreeze,2,SINGLE_BRACKET,8,BO3,,T64-25,756,hansuwe,,hansuwe,bye_or_automatic_loss,Hansuwe,hoopa-ex-b4-mega-absol-ex-b1,Hoopa ex Mega Absol ex,hoopa_absol,9,2,0,6,,,,,,,,
6ab1739df127b1b52c27ed98,2026-09-26T16:00:00.000Z,PMPT #48 - TEAM ROCKETS ALTERCATION!!! | $100 USD,postfreeze,2,SINGLE_BRACKET,8,BO3,,T32-13,757,hansuwe,tommyhp,hansuwe,decisive,Hansuwe,hoopa-ex-b4-mega-absol-ex-b1,Hoopa ex Mega Absol ex,hoopa_absol,9,2,0,6,tommyhp,mega-altaria-ex-b1-igglybuff-a4a,Mega Altaria ex Igglybuff,,6,3,0,24
6ab1739df127b1b52c27ed98,2026-09-26T16:00:00.000Z,PMPT #48 - TEAM ROCKETS ALTERCATION!!! | $100 USD,postfreeze,2,SINGLE_BRACKET,8,BO3,,T16-7,758,hansuwe,sirus,hansuwe,decisive,Hansuwe,hoopa-ex-b4-mega-absol-ex-b1,Hoopa ex Mega Absol ex,hoopa_absol,9,2,0,6,sirus,miraidon-ex-b3a-magnezone-b1a,Miraidon ex Magnezone,,7,2,1,13
6ab1739df127b1b52c27ed98,2026-09-26T16:00:00.000Z,PMPT #48 - TEAM ROCKETS ALTERCATION!!! | $100 USD,postfreeze,2,SINGLE_BRACKET,8,BO3,,T8-4,759,hansuwe,marquisb93,marquisb93,decisive,Hansuwe,hoopa-ex-b4-mega-absol-ex-b1,Hoopa ex Mega Absol ex,hoopa_absol,9,2,0,6,MarquisB93,team-rockets-weezing-ex-b4a-zoroark-ex-b3,Team Rocket's Weezing ex Zoroark ex,,9,2,1,3
6ab1739df127b1b52c27ed98,2026-09-26T16:00:00.000Z,PMPT #48 - TEAM ROCKETS ALTERCATION!!! | $100 USD,postfreeze,2,SINGLE_BRACKET,8,BO3,,T64-22,760,hollow7,lanora,lanora,decisive,hollow7,hydreigon-mega-absol-ex-b1,Hydreigon Mega Absol ex,hydreigon,5,3,0,40,𝗠𝗲𝗴𝗮 LaNora 𝗘𝗫,mega-altaria-ex-b1-espeon-b3a,Mega Altaria ex Espeon,altaria,7,3,0,15
6ab1739df127b1b52c27ed98,2026-09-26T16:00:00.000Z,PMPT #48 - TEAM ROCKETS ALTERCATION!!! | $100 USD,postfreeze,2,SINGLE_BRACKET,8,BO3,,T64-9,761,javiee333,,javiee333,bye_or_automatic_loss,𝗠𝗢𝗡⭐️ | Javiee333,mega-manectric-ex-b2b-heliolisk-b4,Mega Manectric ex Heliolisk,manectric_heliolisk,8,2,0,10,,,,,,,,
6ab1739df127b1b52c27ed98,2026-09-26T16:00:00.000Z,PMPT #48 - TEAM ROCKETS ALTERCATION!!! | $100 USD,postfreeze,2,SINGLE_BRACKET,8,BO3,,T64-28,762,sirus,iplaypokemans,sirus,decisive,sirus,miraidon-ex-b3a-magnezone-b1a,Miraidon ex Magnezone,,7,2,1,13,iplaypokemans,mega-altaria-ex-b1-greninja-a1,Mega Altaria ex Greninja,,5,3,0,49
6ab1739df127b1b52c27ed98,2026-09-26T16:00:00.000Z,PMPT #48 - TEAM ROCKETS ALTERCATION!!! | $100 USD,postfreeze,2,SINGLE_BRACKET,8,BO3,,T32-5,763,javiee333,random,javiee333,decisive,𝗠𝗢𝗡⭐️ | Javiee333,mega-manectric-ex-b2b-heliolisk-b4,Mega Manectric ex Heliolisk,manectric_heliolisk,8,2,0,10,Random,magnezone-ex-b3-magnezone-b1a,Magnezone ex Magnezone,,6,3,0,25
6ab1739df127b1b52c27ed98,2026-09-26T16:00:00.000Z,PMPT #48 - TEAM ROCKETS ALTERCATION!!! | $100 USD,postfreeze,2,SINGLE_BRACKET,8,BO3,,T64-26,764,den670,tommyhp,tommyhp,decisive,den670,mega-manectric-ex-b2b-heliolisk-b4,Mega Manectric ex Heliolisk,manectric_heliolisk,5,3,0,44,tommyhp,mega-altaria-ex-b1-igglybuff-a4a,Mega Altaria ex Igglybuff,,6,3,0,24
6ab4eb04e905c1db68749406,2026-09-25T13:00:00.000Z,⭐️ WIN A DELUXE 2.0 CARD︱ $20 BEC'S WEEKLY ⭐️,postfreeze,1,SWISS,1,BO3,,,0,zegger,,-1,bye_or_automatic_loss,Zegger,mega-sceptile-ex-b3-butterfree-b3b,Mega Sceptile ex Butterfree,,2,4,0,34,,,,,,,,
6ab4eb04e905c1db68749406,2026-09-25T13:00:00.000Z,⭐️ WIN A DELUXE 2.0 CARD︱ $20 BEC'S WEEKLY ⭐️,postfreeze,1,SWISS,1,BO3,,,1,normo360,,-1,bye_or_automatic_loss,Normo360,mega-altaria-ex-b1-happiny-b4a,Mega Altaria ex Happiny,,1,2,0,,,,,,,,,
6ab4eb04e905c1db68749406,2026-09-25T13:00:00.000Z,⭐️ WIN A DELUXE 2.0 CARD︱ $20 BEC'S WEEKLY ⭐️,postfreeze,1,SWISS,1,BO3,,,2,rustycohle,,-1,bye_or_automatic_loss,RustyCohle,hydreigon-mega-absol-ex-b1,Hydreigon Mega Absol ex,hydreigon,1,5,0,36,,,,,,,,
6ab4eb04e905c1db68749406,2026-09-25T13:00:00.000Z,⭐️ WIN A DELUXE 2.0 CARD︱ $20 BEC'S WEEKLY ⭐️,postfreeze,1,SWISS,1,BO3,,,3,lbn924,,-1,bye_or_automatic_loss,𝙄𝙈𝙋 | Lbn,mega-charizard-y-ex-b1a-entei-ex-a4a,Mega Charizard Y ex Entei ex,charizardy_entei,1,2,0,,,,,,,,,
6ab4eb04e905c1db68749406,2026-09-25T13:00:00.000Z,⭐️ WIN A DELUXE 2.0 CARD︱ $20 BEC'S WEEKLY ⭐️,postfreeze,1,SWISS,1,BO3,,,4,ishaan,,-1,bye_or_automatic_loss,Ishaan,mega-charizard-y-ex-b1a-entei-ex-a4a,Mega Charizard Y ex Entei ex,charizardy_entei,0,1,0,,,,,,,,,
6ab4eb04e905c1db68749406,2026-09-25T13:00:00.000Z,⭐️ WIN A DELUXE 2.0 CARD︱ $20 BEC'S WEEKLY ⭐️,postfreeze,1,SWISS,1,BO3,,,5,ansony,,-1,bye_or_automatic_loss,. .,mega-altaria-ex-b1-espeon-b3a,Mega Altaria ex Espeon,altaria,0,2,0,,,,,,,,,
6ab4eb04e905c1db68749406,2026-09-25T13:00:00.000Z,⭐️ WIN A DELUXE 2.0 CARD︱ $20 BEC'S WEEKLY ⭐️,postfreeze,1,SWISS,1,BO3,,,6,fer7788,,-1,bye_or_automatic_loss,Fer7788,magnezone-ex-b3-magnezone-b1a,Magnezone ex Magnezone,,0,6,0,38,,,,,,,,
6ab4eb04e905c1db68749406,2026-09-25T13:00:00.000Z,⭐️ WIN A DELUXE 2.0 CARD︱ $20 BEC'S WEEKLY ⭐️,postfreeze,1,SWISS,1,BO3,,,7,goku6767,,-1,bye_or_automatic_loss,goku6767,mega-charizard-y-ex-b1a-entei-ex-a4a,Mega Charizard Y ex Entei ex,charizardy_entei,3,3,0,31,,,,,,,,
6ab4eb04e905c1db68749406,2026-09-25T13:00:00.000Z,⭐️ WIN A DELUXE 2.0 CARD︱ $20 BEC'S WEEKLY ⭐️,postfreeze,1,SWISS,1,BO3,,,8,aldous,,-1,bye_or_automatic_loss,Aldous,mega-altaria-ex-b1-espeon-b3a,Mega Altaria ex Espeon,altaria,5,2,1,13,,,,,,,,
6ab4eb04e905c1db68749406,2026-09-25T13:00:00.000Z,⭐️ WIN A DELUXE 2.0 CARD︱ $20 BEC'S WEEKLY ⭐️,postfreeze,1,SWISS,1,BO3,1,,9,axelniraj,xastur,xastur,decisive,Void ,dragonair-mega-rayquaza-ex-b4,Dragonair Mega Rayquaza ex,,0,2,0,,Xastur,hoopa-ex-b4-mega-absol-ex-b1,Hoopa ex Mega Absol ex,hoopa_absol,4,2,1,19
6ab4eb04e905c1db68749406,2026-09-25T13:00:00.000Z,⭐️ WIN A DELUXE 2.0 CARD︱ $20 BEC'S WEEKLY ⭐️,postfreeze,1,SWISS,1,BO3,2,,10,eri_myname,coffplays,coffplays,decisive,eri_myname,rotom-ex-b4,Rotom ex,,1,3,0,,Coffplays,hoopa-ex-b4-mega-absol-ex-b1,Hoopa ex Mega Absol ex,hoopa_absol,4,2,1,20
6ab4eb04e905c1db68749406,2026-09-25T13:00:00.000Z,⭐️ WIN A DELUXE 2.0 CARD︱ $20 BEC'S WEEKLY ⭐️,postfreeze,1,SWISS,1,BO3,3,,11,joshuasutherland21,einstun,einstun,decisive,TDL | MoonlightshurikenVT,mega-altaria-ex-b1-greninja-a1,Mega Altaria ex Greninja,,1,3,0,,𝙈𝙚𝙜𝙖 𝕰𝖎𝖓𝖘𝖙𝖚𝖓 𝙀𝙓,mega-altaria-ex-b1-greninja-a1,Mega Altaria ex Greninja,,1,3,0,
6ab4eb04e905c1db68749406,2026-09-25T13:00:00.000Z,⭐️ WIN A DELUXE 2.0 CARD︱ $20 BEC'S WEEKLY ⭐️,postfreeze,1,SWISS,1,BO3,4,,12,minato,bielly,bielly,decisive,minato,mega-altaria-ex-b1-greninja-a1,Mega Altaria ex Greninja,,3,3,0,,Bielly,mega-altaria-ex-b1-espeon-b3a,Mega Altaria ex Espeon,altaria,1,2,0,
6ab4eb04e905c1db68749406,2026-09-25T13:00:00.000Z,⭐️ WIN A DELUXE 2.0 CARD︱ $20 BEC'S WEEKLY ⭐️,postfreeze,1,SWISS,1,BO3,5,,13,karel,alta,alta,decisive,karel,mega-altaria-ex-b1-espeon-b3a,Mega Altaria ex Espeon,altaria,3,3,0,,Alta,butterfree-b3b-mega-sceptile-ex-b3,Butterfree Mega Sceptile ex,sceptile,2,4,0,
6ab4eb04e905c1db68749406,2026-09-25T13:00:00.000Z,⭐️ WIN A DELUXE 2.0 CARD︱ $20 BEC'S WEEKLY ⭐️,postfreeze,1,SWISS,1,BO3,6,,14,nyrq,pierfigo,pierfigo,decisive,nyrq the rookie,zoroark-ex-b3-mega-absol-ex-b1,Zoroark ex Mega Absol ex,,1,3,0,,PierFigo,mega-altaria-ex-b1-espeon-b3a,Mega Altaria ex Espeon,altaria,6,1,2,5
6ab4eb04e905c1db68749406,2026-09-25T13:00:00.000Z,⭐️ WIN A DELUXE 2.0 CARD︱ $20 BEC'S WEEKLY ⭐️,postfreeze,1,SWISS,1,BO3,7,,15,nandosgude,njjord7,nandosgude,decisive,PGX | Nandosgude,mega-altaria-ex-b1-espeon-b3a,Mega Altaria ex Espeon,altaria,5,1,2,9,FrogEX | Njord,meowscarada-ex-b2a-meowscarada-a2b,Meowscarada ex Meowscarada,,6,3,0,8
6ab4eb04e905c1db68749406,2026-09-25T13:00:00.000Z,⭐️ WIN A DELUXE 2.0 CARD︱ $20 BEC'S WEEKLY ⭐️,postfreeze,1,SWISS,1,BO3,8,,16,brushcattel5,breaking2mirror,breaking2mirror,decisive,brushcattel5,mega-lucario-ex-b3,Mega Lucario ex,,1,3,0,,Breaking2mirror,zoroark-ex-b3-team-rockets-weezing-ex-b4a,Zoroark ex Team Rocket's Weezing ex,,1,2,0,
6ab4eb04e905c1db68749406,2026-09-25T13:00:00.000Z,⭐️ WIN A DELUXE 2.0 CARD︱ $20 BEC'S WEEKLY ⭐️,postfreeze,1,SWISS,1,BO3,9,,17,kresna19,elluquitas96,kresna19,decisive,Kresna19,magnezone-b1a-miraidon-ex-b3a,Magnezone Miraidon ex,,7,3,0,4,elluquitas96,mega-altaria-ex-b1-espeon-b3a,Mega Altaria ex Espeon,altaria,2,3,0,
6ab4eb04e905c1db68749406,2026-09-25T13:00:00.000Z,⭐️ WIN A DELUXE 2.0 CARD︱ $20 BEC'S WEEKLY ⭐️,postfreeze,1,SWISS,1,BO3,10,,18,dey3,beachboy,beachboy,decisive,Dey3,team-rockets-weezing-ex-b4a-hoopa-ex-b4,Team Rocket's Weezing ex Hoopa ex,weezing,1,5,0,35,BeachBoy,mega-sharpedo-ex-b4-gyarados-a4,Mega Sharpedo ex Gyarados,,5,2,1,11
6ab4eb04e905c1db68749406,2026-09-25T13:00:00.000Z,⭐️ WIN A DELUXE 2.0 CARD︱ $20 BEC'S WEEKLY ⭐️,postfreeze,1,SWISS,1,BO3,11,,19,danny_danny25,b3nz0,b3nz0,decisive,𝙈𝙉𝙍𝘾 | Danny Dany,indeedee-ex-b1-giratina-ex-a2b,Indeedee ex Giratina ex,,0,1,0,,B3NZ0,mega-lucario-ex-b3-lucario-a2,Mega Lucario ex Lucario,lucario,3,3,0,32
6ab4eb04e905c1db68749406,2026-09-25T13:00:00.000Z,⭐️ WIN A DELUXE 2.0 CARD︱ $20 BEC'S WEEKLY ⭐️,postfreeze,1,SWISS,1,BO3,12,,20,tesla20,alice_69,tesla20,decisive,Tesla20,dedenne-ex-b3b-pichu-a4,Dedenne ex Pichu,,2,3,0,,Alice_69,butterfree-b3b-mega-sceptile-ex-b3,Butterfree Mega Sceptile ex,sceptile,1,2,0,
6ab4eb04e905c1db68749406,2026-09-25T13:00:00.000Z,⭐️ WIN A DELUXE 2.0 CARD︱ $20 BEC'S WEEKLY ⭐️,postfreeze,1,SWISS,1,BO3,13,,21,rian,mega_rezpectore_ex,mega_rezpectore_ex,decisive,Rian,mega-lucario-ex-b3-lucario-a2,Mega Lucario ex Lucario,lucario,0,1,0,,𝗠𝗲𝗴𝗮 Rezpectore 𝗘𝗫,dedenne-ex-b3b-indeedee-ex-b1,Dedenne ex Indeedee ex,,2,2,1,
6ab4eb04e905c1db68749406,2026-09-25T13:00:00.000Z,⭐️ WIN A DELUXE 2.0 CARD︱ $20 BEC'S WEEKLY ⭐️,postfreeze,1,SWISS,1,BO3,14,,22,isanpum,hanalana,isanpum,decisive,𝐅𝐈𝐑𝐄 | isanpum,butterfree-b3b-mega-sceptile-ex-b3,Butterfree Mega Sceptile ex,sceptile,3,2,0,,Hanalana,meowscarada-ex-b2a-meowscarada-a2b,Meowscarada ex Meowscarada,,3,3,0,27
6ab4eb04e905c1db68749406,2026-09-25T13:00:00.000Z,⭐️ WIN A DELUXE 2.0 CARD︱ $20 BEC'S WEEKLY ⭐️,postfreeze,1,SWISS,1,BO3,15,,23,thomasxavier21,hansuwe,thomasxavier21,decisive,ThomasXavier21,mega-altaria-ex-b1-espeon-b3a,Mega Altaria ex Espeon,altaria,4,3,0,23,𝗠𝗢𝗡𝗢 . hansuwe,hoopa-ex-b4-mega-absol-ex-b1,Hoopa ex Mega Absol ex,hoopa_absol,0,2,0,
6ab4eb04e905c1db68749406,2026-09-25T13:00:00.000Z,⭐️ WIN A DELUXE 2.0 CARD︱ $20 BEC'S WEEKLY ⭐️,postfreeze,1,SWISS,1,BO3,16,,24,stardast,dattiokaiba,dattiokaiba,decisive,stardast,hydreigon-b1-mega-sableye-ex-b3b,Hydreigon Mega Sableye ex,,0,2,0,,DATtioKaiba,hoopa-ex-b4-mega-absol-ex-b1,Hoopa ex Mega Absol ex,hoopa_absol,2,2,0,
6ab4eb04e905c1db68749406,2026-09-25T13:00:00.000Z,⭐️ WIN A DELUXE 2.0 CARD︱ $20 BEC'S WEEKLY ⭐️,postfreeze,1,SWISS,1,BO3,17,,25,fall88,sparadrap,sparadrap,decisive,Fall88,mega-mawile-ex-b2,Mega Mawile ex,,0,2,0,,Sparadrap,hydreigon-mega-absol-ex-b1,Hydreigon Mega Absol ex,hydreigon,3,3,0,28
6ab4eb04e905c1db68749406,2026-09-25T13:00:00.000Z,⭐️ WIN A DELUXE 2.0 CARD︱ $20 BEC'S WEEKLY ⭐️,postfreeze,1,SWISS,1,BO3,18,,26,sleepy512pete,sawitlovers,sawitlovers,decisive,sleepy512pete,eevee-ex-a3b-vaporeon-ex-b3,Eevee ex Vaporeon ex,,0,2,0,,SawitLovers,mega-lucario-ex-b3-lucario-a2,Mega Lucario ex Lucario,lucario,1,2,0,
6ab4eb04e905c1db68749406,2026-09-25T13:00:00.000Z,⭐️ WIN A DELUXE 2.0 CARD︱ $20 BEC'S WEEKLY ⭐️,postfreeze,1,SWISS,1,BO3,19,,27,hamza007,zonice,hamza007,decisive,𝗠𝗮𝗴𝗺𝗮 Hamza,vespiquen-ex-b4-shuckle-ex-a4,Vespiquen ex Shuckle ex,vespiquen,2,4,0,,𝙄𝙈𝙋 | Zonice,charizard-ex-a1-mega-charizard-y-ex-b1a,Charizard ex Mega Charizard Y ex,,0,1,0,
6ab4eb04e905c1db68749406,2026-09-25T13:00:00.000Z,⭐️ WIN A DELUXE 2.0 CARD︱ $20 BEC'S WEEKLY ⭐️,postfreeze,1,SWISS,1,BO3,20,,28,lanora,sinorci200,sinorci200,decisive,𝗠𝗲𝗴𝗮 LaNora 𝗘𝗫,mega-altaria-ex-b1-espeon-b3a,Mega Altaria ex Espeon,altaria,4,3,0,24,𝗙𝗚𝗥 || Sinorci200,vespiquen-ex-b4-shuckle-ex-a4,Vespiquen ex Shuckle ex,vespiquen,1,1,0,
6ab4eb04e905c1db68749406,2026-09-25T13:00:00.000Z,⭐️ WIN A DELUXE 2.0 CARD︱ $20 BEC'S WEEKLY ⭐️,postfreeze,1,SWISS,1,BO3,21,,29,brendon68,super_peace,brendon68,decisive,𝙄𝙈𝙋 | Brendon .,magnezone-b1a-miraidon-ex-b3a,Magnezone Miraidon ex,,7,2,1,3,Super_Peace,charizard-ex-a1-mega-charizard-y-ex-b1a,Charizard ex Mega Charizard Y ex,,0,2,0,
6ab4eb04e905c1db68749406,2026-09-25T13:00:00.000Z,⭐️ WIN A DELUXE 2.0 CARD︱ $20 BEC'S WEEKLY ⭐️,postfreeze,1,SWISS,1,BO3,22,,30,mamasdigletts,dietdrkelp,dietdrkelp,decisive,MamasDigletts,mega-pidgeot-ex-p-b-pidgeot-a1,Mega Pidgeot ex Pidgeot,,0,6,0,39,𝗠𝗢𝗡⭐️| Suede,greninja-a1-mega-absol-ex-b1,Greninja Mega Absol ex,,4,2,1,18
6ab4eb04e905c1db68749406,2026-09-25T13:00:00.000Z,⭐️ WIN A DELUXE 2.0 CARD︱ $20 BEC'S WEEKLY ⭐️,postfreeze,1,SWISS,1,BO3,23,,31,victorssito,estehlegitea,victorssito,decisive,PGX | victorssito,buzzwole-ex-pheromosa-a3a,Buzzwole ex Pheromosa,,5,2,1,10,KING ,team-rockets-weezing-ex-b4a-hoopa-ex-b4,Team Rocket's Weezing ex Hoopa ex,weezing,9,2,0,1
6ab4eb04e905c1db68749406,2026-09-25T13:00:00.000Z,⭐️ WIN A DELUXE 2.0 CARD︱ $20 BEC'S WEEKLY ⭐️,postfreeze,1,SWISS,1,BO3,24,,32,cel3genk,garoth,garoth,decisive,Cel3genk,mega-lucario-ex-b3-lucario-a2,Mega Lucario ex Lucario,lucario,0,6,0,37,IMP | Garoth,vespiquen-ex-b4-shuckle-ex-a4,Vespiquen ex Shuckle ex,vespiquen,5,2,1,14
6ab4eb04e905c1db68749406,2026-09-25T13:00:00.000Z,⭐️ WIN A DELUXE 2.0 CARD︱ $20 BEC'S WEEKLY ⭐️,postfreeze,1,SWISS,1,BO3,25,,33,javiercazorla,flipand11,flipand11,decisive,Javiercazorla,charizard-ex-a1-mega-charizard-y-ex-b1a,Charizard ex Mega Charizard Y ex,,0,1,0,,flipand11,mega-sharpedo-ex-b4-chien-pao-ex-b2a,Mega Sharpedo ex Chien-Pao ex,,5,2,1,15
6ab4eb04e905c1db68749406,2026-09-25T13:00:00.000Z,⭐️ WIN A DELUXE 2.0 CARD︱ $20 BEC'S WEEKLY ⭐️,postfreeze,1,SWISS,1,BO3,26,,34,piutonium,godi,godi,decisive,PIutonium,butterfree-b3b-mega-sceptile-ex-b3,Butterfree Mega Sceptile ex,sceptile,2,4,0,,Godi,vespiquen-ex-b4-shuckle-ex-a4,Vespiquen ex Shuckle ex,vespiquen,3,3,0,
6ab4eb04e905c1db68749406,2026-09-25T13:00:00.000Z,⭐️ WIN A DELUXE 2.0 CARD︱ $20 BEC'S WEEKLY ⭐️,postfreeze,1,SWISS,1,BO3,27,,35,vitorinsky,eliteslayer,vitorinsky,decisive,Vitorinsky,mega-altaria-ex-b1-greninja-a1,Mega Altaria ex Greninja,,2,2,0,,EliteSlayer,vespiquen-ex-b4-shuckle-ex-a4,Vespiquen ex Shuckle ex,vespiquen,1,3,0,
6ab4eb04e905c1db68749406,2026-09-25T13:00:00.000Z,⭐️ WIN A DELUXE 2.0 CARD︱ $20 BEC'S WEEKLY ⭐️,postfreeze,1,SWISS,1,BO3,28,,36,kick42zo,butterflybabe,kick42zo,decisive,Kick42zo,mega-lucario-ex-b3-lucario-a2,Mega Lucario ex Lucario,lucario,2,2,0,,ButterflyBabe,alolan-ninetales-ex-b2-wugtrio-ex-a2b,Alolan Ninetales ex Wugtrio ex,,1,5,0,
6ab4eb04e905c1db68749406,2026-09-25T13:00:00.000Z,⭐️ WIN A DELUXE 2.0 CARD︱ $20 BEC'S WEEKLY ⭐️,postfreeze,1,SWISS,1,BO3,29,,37,sky_skywolf93,mipal,mipal,decisive,SKY_SkyWolf93,charizard-ex-a1-mega-charizard-y-ex-b1a,Charizard ex Mega Charizard Y ex,,1,3,0,,Mipal,mega-blaziken-ex-b1-teal-mask-ogerpon-ex-b2,Mega Blaziken ex Teal Mask Ogerpon ex,,2,4,0,33
6ab4eb04e905c1db68749406,2026-09-25T13:00:00.000Z,⭐️ WIN A DELUXE 2.0 CARD︱ $20 BEC'S WEEKLY ⭐️,postfreeze,1,SWISS,1,BO3,30,,38,sandy_permata205,supreme13,supreme13,decisive,𝗠𝗲𝗴𝗮 Razor 𝗘𝗫,dragonair-mega-rayquaza-ex-b4,Dragonair Mega Rayquaza ex,,3,3,0,30,𝗕𝗮𝗹𝗱 Supreme,greninja-a1-mega-absol-ex-b1,Greninja Mega Absol ex,,3,3,0,26
6ab4eb04e905c1db68749406,2026-09-25T13:00:00.000Z,⭐️ WIN A DELUXE 2.0 CARD︱ $20 BEC'S WEEKLY ⭐️,postfreeze,1,SWISS,1,BO3,31,,39,iduh,razbersky202,razbersky202,decisive,𝗠𝗲𝗴𝗮 Iduh 𝗘𝗫,suicune-ex-a4a-baxcalibur-b2a,Suicune ex Baxcalibur,suicune,6,3,0,7,Razbersky202,beautifly-b1-dustox-b4,Beautifly Dustox,,4,3,0,22
6ab4eb04e905c1db68749406,2026-09-25T13:00:00.000Z,⭐️ WIN A DELUXE 2.0 CARD︱ $20 BEC'S WEEKLY ⭐️,postfreeze,1,SWISS,1,BO3,32,,40,eeveeon,capcaps,eeveeon,decisive,𝗠𝗲𝗴𝗮 eeveeon 𝗘𝗫,mega-manectric-ex-b2b-heliolisk-b4,Mega Manectric ex Heliolisk,manectric_heliolisk,4,3,0,21,𝗣𝗛𝗫 Captain Capslock,mega-diancie-ex-carbink-b3b,Mega Diancie ex Carbink,,3,3,0,29
6ab4eb04e905c1db68749406,2026-09-25T13:00:00.000Z,⭐️ WIN A DELUXE 2.0 CARD︱ $20 BEC'S WEEKLY ⭐️,postfreeze,1,SWISS,1,BO3,33,,41,elatomico,nifaa,elatomico,decisive,PGX| El Atomico,hydreigon-mega-absol-ex-b1,Hydreigon Mega Absol ex,hydreigon,9,1,1,2,Nifaa,mega-manectric-ex-b2b-heliolisk-b4,Mega Manectric ex Heliolisk,manectric_heliolisk,0,2,0,
6ab4eb04e905c1db68749406,2026-09-25T13:00:00.000Z,⭐️ WIN A DELUXE 2.0 CARD︱ $20 BEC'S WEEKLY ⭐️,postfreeze,1,SWISS,1,BO3,34,,42,tapanova36,warpis,warpis,decisive,tapanova36,mega-lucario-ex-b3-lucario-a2,Mega Lucario ex Lucario,lucario,0,3,0,,𝗠𝗲𝗴𝗮 SIPRAW 𝗘𝗫,mega-altaria-ex-b1-espeon-b3a,Mega Altaria ex Espeon,altaria,5,2,1,12
6ab4eb04e905c1db68749406,2026-09-25T13:00:00.000Z,⭐️ WIN A DELUXE 2.0 CARD︱ $20 BEC'S WEEKLY ⭐️,postfreeze,1,SWISS,1,BO3,35,,43,moserk,https,https,decisive,moserk,vespiquen-ex-b4-shuckle-ex-a4,Vespiquen ex Shuckle ex,vespiquen,2,4,0,,Nobody ,hoopa-ex-b4-mega-absol-ex-b1,Hoopa ex Mega Absol ex,hoopa_absol,5,3,0,16
6ab4eb04e905c1db68749406,2026-09-25T13:00:00.000Z,⭐️ WIN A DELUXE 2.0 CARD︱ $20 BEC'S WEEKLY ⭐️,postfreeze,1,SWISS,1,BO3,36,,44,syr,nakopol91,syr,decisive,syr,mega-altaria-ex-b1-happiny-b4a,Mega Altaria ex Happiny,,6,2,1,6,Plasma | NastKon,magnezone-b1a-miraidon-ex-b3a,Magnezone Miraidon ex,,1,3,0,
6ab4eb04e905c1db68749406,2026-09-25T13:00:00.000Z,⭐️ WIN A DELUXE 2.0 CARD︱ $20 BEC'S WEEKLY ⭐️,postfreeze,1,SWISS,1,BO3,37,,45,giaacomoo,alana,alana,decisive,giaacomoo,hoopa-ex-b4-mega-absol-ex-b1,Hoopa ex Mega Absol ex,hoopa_absol,2,3,0,,𝗠𝗲𝗴𝗮 A̶l̶a̶n̶a̶ 𝗘𝗫,mega-lucario-ex-b3-lucario-a2,Mega Lucario ex Lucario,lucario,3,3,0,25
6ab4eb04e905c1db68749406,2026-09-25T13:00:00.000Z,⭐️ WIN A DELUXE 2.0 CARD︱ $20 BEC'S WEEKLY ⭐️,postfreeze,1,SWISS,1,BO3,38,,46,enggar,ventrixd,ventrixd,decisive,Enggar/ Aqua,magnezone-b1a-miraidon-ex-b3a,Magnezone Miraidon ex,,0,3,0,,VentriXD,magnezone-b1a-miraidon-ex-b3a,Magnezone Miraidon ex,,4,2,1,17
6ab4eb04e905c1db68749406,2026-09-25T13:00:00.000Z,⭐️ WIN A DELUXE 2.0 CARD︱ $20 BEC'S WEEKLY ⭐️,postfreeze,1,SWISS,2,BO3,,,47,rustycohle,,-1,bye_or_automatic_loss,RustyCohle,hydreigon-mega-absol-ex-b1,Hydreigon Mega Absol ex,hydreigon,1,5,0,36,,,,,,,,
6ab4eb04e905c1db68749406,2026-09-25T13:00:00.000Z,⭐️ WIN A DELUXE 2.0 CARD︱ $20 BEC'S WEEKLY ⭐️,postfreeze,1,SWISS,2,BO3,1,,48,flipand11,godi,godi,decisive,flipand11,mega-sharpedo-ex-b4-chien-pao-ex-b2a,Mega Sharpedo ex Chien-Pao ex,,5,2,1,15,Godi,vespiquen-ex-b4-shuckle-ex-a4,Vespiquen ex Shuckle ex,vespiquen,3,3,0,
6ab4eb04e905c1db68749406,2026-09-25T13:00:00.000Z,⭐️ WIN A DELUXE 2.0 CARD︱ $20 BEC'S WEEKLY ⭐️,postfreeze,1,SWISS,2,BO3,2,,49,breaking2mirror,pierfigo,pierfigo,decisive,Breaking2mirror,zoroark-ex-b3-team-rockets-weezing-ex-b4a,Zoroark ex Team Rocket's Weezing ex,,1,2,0,,PierFigo,mega-altaria-ex-b1-espeon-b3a,Mega Altaria ex Espeon,altaria,6,1,2,5
6ab4eb04e905c1db68749406,2026-09-25T13:00:00.000Z,⭐️ WIN A DELUXE 2.0 CARD︱ $20 BEC'S WEEKLY ⭐️,postfreeze,1,SWISS,2,BO3,3,,50,beachboy,garoth,beachboy,decisive,BeachBoy,mega-sharpedo-ex-b4-gyarados-a4,Mega Sharpedo ex Gyarados,,5,2,1,11,IMP | Garoth,vespiquen-ex-b4-shuckle-ex-a4,Vespiquen ex Shuckle ex,vespiquen,5,2,1,14
6ab4eb04e905c1db68749406,2026-09-25T13:00:00.000Z,⭐️ WIN A DELUXE 2.0 CARD︱ $20 BEC'S WEEKLY ⭐️,postfreeze,1,SWISS,2,BO3,4,,51,alta,nandosgude,nandosgude,decisive,Alta,butterfree-b3b-mega-sceptile-ex-b3,Butterfree Mega Sceptile ex,sceptile,2,4,0,,PGX | Nandosgude,mega-altaria-ex-b1-espeon-b3a,Mega Altaria ex Espeon,altaria,5,1,2,9
6ab4eb04e905c1db68749406,2026-09-25T13:00:00.000Z,⭐️ WIN A DELUXE 2.0 CARD︱ $20 BEC'S WEEKLY ⭐️,postfreeze,1,SWISS,2,BO3,5,,52,b3nz0,hamza007,hamza007,decisive,B3NZ0,mega-lucario-ex-b3-lucario-a2,Mega Lucario ex Lucario,lucario,3,3,0,32,𝗠𝗮𝗴𝗺𝗮 Hamza,vespiquen-ex-b4-shuckle-ex-a4,Vespiquen ex Shuckle ex,vespiquen,2,4,0,
6ab4eb04e905c1db68749406,2026-09-25T13:00:00.000Z,⭐️ WIN A DELUXE 2.0 CARD︱ $20 BEC'S WEEKLY ⭐️,postfreeze,1,SWISS,2,BO3,6,,53,https,bielly,https,decisive,Nobody ,hoopa-ex-b4-mega-absol-ex-b1,Hoopa ex Mega Absol ex,hoopa_absol,5,3,0,16,Bielly,mega-altaria-ex-b1-espeon-b3a,Mega Altaria ex Espeon,altaria,1,2,0,
6ab4eb04e905c1db68749406,2026-09-25T13:00:00.000Z,⭐️ WIN A DELUXE 2.0 CARD︱ $20 BEC'S WEEKLY ⭐️,postfreeze,1,SWISS,2,BO3,7,,54,sparadrap,dietdrkelp,dietdrkelp,decisive,Sparadrap,hydreigon-mega-absol-ex-b1,Hydreigon Mega Absol ex,hydreigon,3,3,0,28,𝗠𝗢𝗡⭐️| Suede,greninja-a1-mega-absol-ex-b1,Greninja Mega Absol ex,,4,2,1,18
6ab4eb04e905c1db68749406,2026-09-25T13:00:00.000Z,⭐️ WIN A DELUXE 2.0 CARD︱ $20 BEC'S WEEKLY ⭐️,postfreeze,1,SWISS,2,BO3,8,,55,tesla20,vitorinsky,vitorinsky,decisive,Tesla20,dedenne-ex-b3b-pichu-a4,Dedenne ex Pichu,,2,3,0,,Vitorinsky,mega-altaria-ex-b1-greninja-a1,Mega Altaria ex Greninja,,2,2,0,
6ab4eb04e905c1db68749406,2026-09-25T13:00:00.000Z,⭐️ WIN A DELUXE 2.0 CARD︱ $20 BEC'S WEEKLY ⭐️,postfreeze,1,SWISS,2,BO3,9,,56,kick42zo,isanpum,isanpum,decisive,Kick42zo,mega-lucario-ex-b3-lucario-a2,Mega Lucario ex Lucario,lucario,2,2,0,,𝐅𝐈𝐑𝐄 | isanpum,butterfree-b3b-mega-sceptile-ex-b3,Butterfree Mega Sceptile ex,sceptile,3,2,0,
6ab4eb04e905c1db68749406,2026-09-25T13:00:00.000Z,⭐️ WIN A DELUXE 2.0 CARD︱ $20 BEC'S WEEKLY ⭐️,postfreeze,1,SWISS,2,BO3,10,,57,ventrixd,thomasxavier21,ventrixd,decisive,VentriXD,magnezone-b1a-miraidon-ex-b3a,Magnezone Miraidon ex,,4,2,1,17,ThomasXavier21,mega-altaria-ex-b1-espeon-b3a,Mega Altaria ex Espeon,altaria,4,3,0,23
6ab4eb04e905c1db68749406,2026-09-25T13:00:00.000Z,⭐️ WIN A DELUXE 2.0 CARD︱ $20 BEC'S WEEKLY ⭐️,postfreeze,1,SWISS,2,BO3,11,,58,sawitlovers,syr,syr,decisive,SawitLovers,mega-lucario-ex-b3-lucario-a2,Mega Lucario ex Lucario,lucario,1,2,0,,syr,mega-altaria-ex-b1-happiny-b4a,Mega Altaria ex Happiny,,6,2,1,6
6ab4eb04e905c1db68749406,2026-09-25T13:00:00.000Z,⭐️ WIN A DELUXE 2.0 CARD︱ $20 BEC'S WEEKLY ⭐️,postfreeze,1,SWISS,2,BO3,12,,59,eeveeon,victorssito,victorssito,decisive,𝗠𝗲𝗴𝗮 eeveeon 𝗘𝗫,mega-manectric-ex-b2b-heliolisk-b4,Mega Manectric ex Heliolisk,manectric_heliolisk,4,3,0,21,PGX | victorssito,buzzwole-ex-pheromosa-a3a,Buzzwole ex Pheromosa,,5,2,1,10
6ab4eb04e905c1db68749406,2026-09-25T13:00:00.000Z,⭐️ WIN A DELUXE 2.0 CARD︱ $20 BEC'S WEEKLY ⭐️,postfreeze,1,SWISS,2,BO3,13,,60,kresna19,warpis,warpis,decisive,Kresna19,magnezone-b1a-miraidon-ex-b3a,Magnezone Miraidon ex,,7,3,0,4,𝗠𝗲𝗴𝗮 SIPRAW 𝗘𝗫,mega-altaria-ex-b1-espeon-b3a,Mega Altaria ex Espeon,altaria,5,2,1,12
6ab4eb04e905c1db68749406,2026-09-25T13:00:00.000Z,⭐️ WIN A DELUXE 2.0 CARD︱ $20 BEC'S WEEKLY ⭐️,postfreeze,1,SWISS,2,BO3,14,,61,dattiokaiba,einstun,dattiokaiba,decisive,DATtioKaiba,hoopa-ex-b4-mega-absol-ex-b1,Hoopa ex Mega Absol ex,hoopa_absol,2,2,0,,𝙈𝙚𝙜𝙖 𝕰𝖎𝖓𝖘𝖙𝖚𝖓 𝙀𝙓,mega-altaria-ex-b1-greninja-a1,Mega Altaria ex Greninja,,1,3,0,
6ab4eb04e905c1db68749406,2026-09-25T13:00:00.000Z,⭐️ WIN A DELUXE 2.0 CARD︱ $20 BEC'S WEEKLY ⭐️,postfreeze,1,SWISS,2,BO3,15,,62,coffplays,mipal,mipal,decisive,Coffplays,hoopa-ex-b4-mega-absol-ex-b1,Hoopa ex Mega Absol ex,hoopa_absol,4,2,1,20,Mipal,mega-blaziken-ex-b1-teal-mask-ogerpon-ex-b2,Mega Blaziken ex Teal Mask Ogerpon ex,,2,4,0,33
6ab4eb04e905c1db68749406,2026-09-25T13:00:00.000Z,⭐️ WIN A DELUXE 2.0 CARD︱ $20 BEC'S WEEKLY ⭐️,postfreeze,1,SWISS,2,BO3,16,,63,brendon68,xastur,brendon68,decisive,𝙄𝙈𝙋 | Brendon .,magnezone-b1a-miraidon-ex-b3a,Magnezone Miraidon ex,,7,2,1,3,Xastur,hoopa-ex-b4-mega-absol-ex-b1,Hoopa ex Mega Absol ex,hoopa_absol,4,2,1,19
6ab4eb04e905c1db68749406,2026-09-25T13:00:00.000Z,⭐️ WIN A DELUXE 2.0 CARD︱ $20 BEC'S WEEKLY ⭐️,postfreeze,1,SWISS,2,BO3,17,,64,alana,razbersky202,alana,decisive,𝗠𝗲𝗴𝗮 A̶l̶a̶n̶a̶ 𝗘𝗫,mega-lucario-ex-b3-lucario-a2,Mega Lucario ex Lucario,lucario,3,3,0,25,Razbersky202,beautifly-b1-dustox-b4,Beautifly Dustox,,4,3,0,22
6ab4eb04e905c1db68749406,2026-09-25T13:00:00.000Z,⭐️ WIN A DELUXE 2.0 CARD︱ $20 BEC'S WEEKLY ⭐️,postfreeze,1,SWISS,2,BO3,18,,65,sinorci200,mega_rezpectore_ex,mega_rezpectore_ex,decisive,𝗙𝗚𝗥 || Sinorci200,vespiquen-ex-b4-shuckle-ex-a4,Vespiquen ex Shuckle ex,vespiquen,1,1,0,,𝗠𝗲𝗴𝗮 Rezpectore 𝗘𝗫,dedenne-ex-b3b-indeedee-ex-b1,Dedenne ex Indeedee ex,,2,2,1,
6ab4eb04e905c1db68749406,2026-09-25T13:00:00.000Z,⭐️ WIN A DELUXE 2.0 CARD︱ $20 BEC'S WEEKLY ⭐️,postfreeze,1,SWISS,2,BO3,19,,66,elatomico,supreme13,elatomico,decisive,PGX| El Atomico,hydreigon-mega-absol-ex-b1,Hydreigon Mega Absol ex,hydreigon,9,1,1,2,𝗕𝗮𝗹𝗱 Supreme,greninja-a1-mega-absol-ex-b1,Greninja Mega Absol ex,,3,3,0,26
6ab4eb04e905c1db68749406,2026-09-25T13:00:00.000Z,⭐️ WIN A DELUXE 2.0 CARD︱ $20 BEC'S WEEKLY ⭐️,postfreeze,1,SWISS,2,BO3,20,,67,nyrq,super_peace,nyrq,decisive,nyrq the rookie,zoroark-ex-b3-mega-absol-ex-b1,Zoroark ex Mega Absol ex,,1,3,0,,Super_Peace,charizard-ex-a1-mega-charizard-y-ex-b1a,Charizard ex Mega Charizard Y ex,,0,2,0,
6ab4eb04e905c1db68749406,2026-09-25T13:00:00.000Z,⭐️ WIN A DELUXE 2.0 CARD︱ $20 BEC'S WEEKLY ⭐️,postfreeze,1,SWISS,2,BO3,21,,68,capcaps,joshuasutherland21,capcaps,decisive,𝗣𝗛𝗫 Captain Capslock,mega-diancie-ex-carbink-b3b,Mega Diancie ex Carbink,,3,3,0,29,TDL | MoonlightshurikenVT,mega-altaria-ex-b1-greninja-a1,Mega Altaria ex Greninja,,1,3,0,
6ab4eb04e905c1db68749406,2026-09-25T13:00:00.000Z,⭐️ WIN A DELUXE 2.0 CARD︱ $20 BEC'S WEEKLY ⭐️,postfreeze,1,SWISS,2,BO3,22,,69,elluquitas96,minato,elluquitas96,decisive,elluquitas96,mega-altaria-ex-b1-espeon-b3a,Mega Altaria ex Espeon,altaria,2,3,0,,minato,mega-altaria-ex-b1-greninja-a1,Mega Altaria ex Greninja,,3,3,0,
6ab4eb04e905c1db68749406,2026-09-25T13:00:00.000Z,⭐️ WIN A DELUXE 2.0 CARD︱ $20 BEC'S WEEKLY ⭐️,postfreeze,1,SWISS,2,BO3,23,,70,njjord7,iduh,iduh,decisive,FrogEX | Njord,meowscarada-ex-b2a-meowscarada-a2b,Meowscarada ex Meowscarada,,6,3,0,8,𝗠𝗲𝗴𝗮 Iduh 𝗘𝗫,suicune-ex-a4a-baxcalibur-b2a,Suicune ex Baxcalibur,suicune,6,3,0,7
6ab4eb04e905c1db68749406,2026-09-25T13:00:00.000Z,⭐️ WIN A DELUXE 2.0 CARD︱ $20 BEC'S WEEKLY ⭐️,postfreeze,1,SWISS,2,BO3,24,,71,moserk,normo360,normo360,decisive,moserk,vespiquen-ex-b4-shuckle-ex-a4,Vespiquen ex Shuckle ex,vespiquen,2,4,0,,Normo360,mega-altaria-ex-b1-happiny-b4a,Mega Altaria ex Happiny,,1,2,0,
6ab4eb04e905c1db68749406,2026-09-25T13:00:00.000Z,⭐️ WIN A DELUXE 2.0 CARD︱ $20 BEC'S WEEKLY ⭐️,postfreeze,1,SWISS,2,BO3,25,,72,hanalana,estehlegitea,hanalana,decisive,Hanalana,meowscarada-ex-b2a-meowscarada-a2b,Meowscarada ex Meowscarada,,3,3,0,27,KING ,team-rockets-weezing-ex-b4a-hoopa-ex-b4,Team Rocket's Weezing ex Hoopa ex,weezing,9,2,0,1
6ab4eb04e905c1db68749406,2026-09-25T13:00:00.000Z,⭐️ WIN A DELUXE 2.0 CARD︱ $20 BEC'S WEEKLY ⭐️,postfreeze,1,SWISS,2,BO3,26,,73,lbn924,lanora,lbn924,decisive,𝙄𝙈𝙋 | Lbn,mega-charizard-y-ex-b1a-entei-ex-a4a,Mega Charizard Y ex Entei ex,charizardy_entei,1,2,0,,𝗠𝗲𝗴𝗮 LaNora 𝗘𝗫,mega-altaria-ex-b1-espeon-b3a,Mega Altaria ex Espeon,altaria,4,3,0,24
6ab4eb04e905c1db68749406,2026-09-25T13:00:00.000Z,⭐️ WIN A DELUXE 2.0 CARD︱ $20 BEC'S WEEKLY ⭐️,postfreeze,1,SWISS,2,BO3,27,,74,axelniraj,eri_myname,eri_myname,decisive,Void ,dragonair-mega-rayquaza-ex-b4,Dragonair Mega Rayquaza ex,,0,2,0,,eri_myname,rotom-ex-b4,Rotom ex,,1,3,0,
6ab4eb04e905c1db68749406,2026-09-25T13:00:00.000Z,⭐️ WIN A DELUXE 2.0 CARD︱ $20 BEC'S WEEKLY ⭐️,postfreeze,1,SWISS,2,BO3,28,,75,sandy_permata205,enggar,sandy_permata205,decisive,𝗠𝗲𝗴𝗮 Razor 𝗘𝗫,dragonair-mega-rayquaza-ex-b4,Dragonair Mega Rayquaza ex,,3,3,0,30,Enggar/ Aqua,magnezone-b1a-miraidon-ex-b3a,Magnezone Miraidon ex,,0,3,0,
6ab4eb04e905c1db68749406,2026-09-25T13:00:00.000Z,⭐️ WIN A DELUXE 2.0 CARD︱ $20 BEC'S WEEKLY ⭐️,postfreeze,1,SWISS,2,BO3,29,,76,goku6767,nifaa,goku6767,decisive,goku6767,mega-charizard-y-ex-b1a-entei-ex-a4a,Mega Charizard Y ex Entei ex,charizardy_entei,3,3,0,31,Nifaa,mega-manectric-ex-b2b-heliolisk-b4,Mega Manectric ex Heliolisk,manectric_heliolisk,0,2,0,
6ab4eb04e905c1db68749406,2026-09-25T13:00:00.000Z,⭐️ WIN A DELUXE 2.0 CARD︱ $20 BEC'S WEEKLY ⭐️,postfreeze,1,SWISS,2,BO3,30,,77,tapanova36,aldous,aldous,decisive,tapanova36,mega-lucario-ex-b3-lucario-a2,Mega Lucario ex Lucario,lucario,0,3,0,,Aldous,mega-altaria-ex-b1-espeon-b3a,Mega Altaria ex Espeon,altaria,5,2,1,13
6ab4eb04e905c1db68749406,2026-09-25T13:00:00.000Z,⭐️ WIN A DELUXE 2.0 CARD︱ $20 BEC'S WEEKLY ⭐️,postfreeze,1,SWISS,2,BO3,31,,78,alice_69,hansuwe,alice_69,decisive,Alice_69,butterfree-b3b-mega-sceptile-ex-b3,Butterfree Mega Sceptile ex,sceptile,1,2,0,,𝗠𝗢𝗡𝗢 . hansuwe,hoopa-ex-b4-mega-absol-ex-b1,Hoopa ex Mega Absol ex,hoopa_absol,0,2,0,
6ab4eb04e905c1db68749406,2026-09-25T13:00:00.000Z,⭐️ WIN A DELUXE 2.0 CARD︱ $20 BEC'S WEEKLY ⭐️,postfreeze,1,SWISS,2,BO3,32,,79,mamasdigletts,brushcattel5,brushcattel5,decisive,MamasDigletts,mega-pidgeot-ex-p-b-pidgeot-a1,Mega Pidgeot ex Pidgeot,,0,6,0,39,brushcattel5,mega-lucario-ex-b3,Mega Lucario ex,,1,3,0,
6ab4eb04e905c1db68749406,2026-09-25T13:00:00.000Z,⭐️ WIN A DELUXE 2.0 CARD︱ $20 BEC'S WEEKLY ⭐️,postfreeze,1,SWISS,2,BO3,33,,80,butterflybabe,stardast,butterflybabe,decisive,ButterflyBabe,alolan-ninetales-ex-b2-wugtrio-ex-a2b,Alolan Ninetales ex Wugtrio ex,,1,5,0,,stardast,hydreigon-b1-mega-sableye-ex-b3b,Hydreigon Mega Sableye ex,,0,2,0,
6ab4eb04e905c1db68749406,2026-09-25T13:00:00.000Z,⭐️ WIN A DELUXE 2.0 CARD︱ $20 BEC'S WEEKLY ⭐️,postfreeze,1,SWISS,2,BO3,34,,81,sleepy512pete,nakopol91,nakopol91,decisive,sleepy512pete,eevee-ex-a3b-vaporeon-ex-b3,Eevee ex Vaporeon ex,,0,2,0,,Plasma | NastKon,magnezone-b1a-miraidon-ex-b3a,Magnezone Miraidon ex,,1,3,0,
6ab4eb04e905c1db68749406,2026-09-25T13:00:00.000Z,⭐️ WIN A DELUXE 2.0 CARD︱ $20 BEC'S WEEKLY ⭐️,postfreeze,1,SWISS,2,BO3,35,,82,fall88,sky_skywolf93,sky_skywolf93,decisive,Fall88,mega-mawile-ex-b2,Mega Mawile ex,,0,2,0,,SKY_SkyWolf93,charizard-ex-a1-mega-charizard-y-ex-b1a,Charizard ex Mega Charizard Y ex,,1,3,0,
6ab4eb04e905c1db68749406,2026-09-25T13:00:00.000Z,⭐️ WIN A DELUXE 2.0 CARD︱ $20 BEC'S WEEKLY ⭐️,postfreeze,1,SWISS,2,BO3,36,,83,dey3,karel,karel,decisive,Dey3,team-rockets-weezing-ex-b4a-hoopa-ex-b4,Team Rocket's Weezing ex Hoopa ex,weezing,1,5,0,35,karel,mega-altaria-ex-b1-espeon-b3a,Mega Altaria ex Espeon,altaria,3,3,0,
6ab4eb04e905c1db68749406,2026-09-25T13:00:00.000Z,⭐️ WIN A DELUXE 2.0 CARD︱ $20 BEC'S WEEKLY ⭐️,postfreeze,1,SWISS,2,BO3,37,,84,fer7788,giaacomoo,giaacomoo,decisive,Fer7788,magnezone-ex-b3-magnezone-b1a,Magnezone ex Magnezone,,0,6,0,38,giaacomoo,hoopa-ex-b4-mega-absol-ex-b1,Hoopa ex Mega Absol ex,hoopa_absol,2,3,0,
6ab4eb04e905c1db68749406,2026-09-25T13:00:00.000Z,⭐️ WIN A DELUXE 2.0 CARD︱ $20 BEC'S WEEKLY ⭐️,postfreeze,1,SWISS,2,BO3,38,,85,zegger,ansony,zegger,decisive,Zegger,mega-sceptile-ex-b3-butterfree-b3b,Mega Sceptile ex Butterfree,,2,4,0,34,. .,mega-altaria-ex-b1-espeon-b3a,Mega Altaria ex Espeon,altaria,0,2,0,
6ab4eb04e905c1db68749406,2026-09-25T13:00:00.000Z,⭐️ WIN A DELUXE 2.0 CARD︱ $20 BEC'S WEEKLY ⭐️,postfreeze,1,SWISS,2,BO3,39,,86,eliteslayer,cel3genk,eliteslayer,decisive,EliteSlayer,vespiquen-ex-b4-shuckle-ex-a4,Vespiquen ex Shuckle ex,vespiquen,1,3,0,,Cel3genk,mega-lucario-ex-b3-lucario-a2,Mega Lucario ex Lucario,lucario,0,6,0,37
6ab4eb04e905c1db68749406,2026-09-25T13:00:00.000Z,⭐️ WIN A DELUXE 2.0 CARD︱ $20 BEC'S WEEKLY ⭐️,postfreeze,1,SWISS,2,BO3,40,,87,piutonium,,piutonium,bye_or_automatic_loss,PIutonium,butterfree-b3b-mega-sceptile-ex-b3,Butterfree Mega Sceptile ex,sceptile,2,4,0,,,,,,,,,
6ab4eb04e905c1db68749406,2026-09-25T13:00:00.000Z,⭐️ WIN A DELUXE 2.0 CARD︱ $20 BEC'S WEEKLY ⭐️,postfreeze,1,SWISS,3,BO3,1,,88,hamza007,ventrixd,ventrixd,decisive,𝗠𝗮𝗴𝗺𝗮 Hamza,vespiquen-ex-b4-shuckle-ex-a4,Vespiquen ex Shuckle ex,vespiquen,2,4,0,,VentriXD,magnezone-b1a-miraidon-ex-b3a,Magnezone Miraidon ex,,4,2,1,17
6ab4eb04e905c1db68749406,2026-09-25T13:00:00.000Z,⭐️ WIN A DELUXE 2.0 CARD︱ $20 BEC'S WEEKLY ⭐️,postfreeze,1,SWISS,3,BO3,2,,89,beachboy,alana,alana,decisive,BeachBoy,mega-sharpedo-ex-b4-gyarados-a4,Mega Sharpedo ex Gyarados,,5,2,1,11,𝗠𝗲𝗴𝗮 A̶l̶a̶n̶a̶ 𝗘𝗫,mega-lucario-ex-b3-lucario-a2,Mega Lucario ex Lucario,lucario,3,3,0,25
6ab4eb04e905c1db68749406,2026-09-25T13:00:00.000Z,⭐️ WIN A DELUXE 2.0 CARD︱ $20 BEC'S WEEKLY ⭐️,postfreeze,1,SWISS,3,BO3,3,,90,warpis,vitorinsky,warpis,decisive,𝗠𝗲𝗴𝗮 SIPRAW 𝗘𝗫,mega-altaria-ex-b1-espeon-b3a,Mega Altaria ex Espeon,altaria,5,2,1,12,Vitorinsky,mega-altaria-ex-b1-greninja-a1,Mega Altaria ex Greninja,,2,2,0,
6ab4eb04e905c1db68749406,2026-09-25T13:00:00.000Z,⭐️ WIN A DELUXE 2.0 CARD︱ $20 BEC'S WEEKLY ⭐️,postfreeze,1,SWISS,3,BO3,4,,91,pierfigo,syr,pierfigo,decisive,PierFigo,mega-altaria-ex-b1-espeon-b3a,Mega Altaria ex Espeon,altaria,6,1,2,5,syr,mega-altaria-ex-b1-happiny-b4a,Mega Altaria ex Happiny,,6,2,1,6
6ab4eb04e905c1db68749406,2026-09-25T13:00:00.000Z,⭐️ WIN A DELUXE 2.0 CARD︱ $20 BEC'S WEEKLY ⭐️,postfreeze,1,SWISS,3,BO3,5,,92,elatomico,mega_rezpectore_ex,elatomico,decisive,PGX| El Atomico,hydreigon-mega-absol-ex-b1,Hydreigon Mega Absol ex,hydreigon,9,1,1,2,𝗠𝗲𝗴𝗮 Rezpectore 𝗘𝗫,dedenne-ex-b3b-indeedee-ex-b1,Dedenne ex Indeedee ex,,2,2,1,
6ab4eb04e905c1db68749406,2026-09-25T13:00:00.000Z,⭐️ WIN A DELUXE 2.0 CARD︱ $20 BEC'S WEEKLY ⭐️,postfreeze,1,SWISS,3,BO3,6,,93,dietdrkelp,isanpum,isanpum,decisive,𝗠𝗢𝗡⭐️| Suede,greninja-a1-mega-absol-ex-b1,Greninja Mega Absol ex,,4,2,1,18,𝐅𝐈𝐑𝐄 | isanpum,butterfree-b3b-mega-sceptile-ex-b3,Butterfree Mega Sceptile ex,sceptile,3,2,0,
6ab4eb04e905c1db68749406,2026-09-25T13:00:00.000Z,⭐️ WIN A DELUXE 2.0 CARD︱ $20 BEC'S WEEKLY ⭐️,postfreeze,1,SWISS,3,BO3,7,,94,https,victorssito,victorssito,decisive,Nobody ,hoopa-ex-b4-mega-absol-ex-b1,Hoopa ex Mega Absol ex,hoopa_absol,5,3,0,16,PGX | victorssito,buzzwole-ex-pheromosa-a3a,Buzzwole ex Pheromosa,,5,2,1,10
6ab4eb04e905c1db68749406,2026-09-25T13:00:00.000Z,⭐️ WIN A DELUXE 2.0 CARD︱ $20 BEC'S WEEKLY ⭐️,postfreeze,1,SWISS,3,BO3,8,,95,brendon68,mipal,brendon68,decisive,𝙄𝙈𝙋 | Brendon .,magnezone-b1a-miraidon-ex-b3a,Magnezone Miraidon ex,,7,2,1,3,Mipal,mega-blaziken-ex-b1-teal-mask-ogerpon-ex-b2,Mega Blaziken ex Teal Mask Ogerpon ex,,2,4,0,33
6ab4eb04e905c1db68749406,2026-09-25T13:00:00.000Z,⭐️ WIN A DELUXE 2.0 CARD︱ $20 BEC'S WEEKLY ⭐️,postfreeze,1,SWISS,3,BO3,9,,96,godi,dattiokaiba,godi,decisive,Godi,vespiquen-ex-b4-shuckle-ex-a4,Vespiquen ex Shuckle ex,vespiquen,3,3,0,,DATtioKaiba,hoopa-ex-b4-mega-absol-ex-b1,Hoopa ex Mega Absol ex,hoopa_absol,2,2,0,
6ab4eb04e905c1db68749406,2026-09-25T13:00:00.000Z,⭐️ WIN A DELUXE 2.0 CARD︱ $20 BEC'S WEEKLY ⭐️,postfreeze,1,SWISS,3,BO3,10,,97,nandosgude,elluquitas96,nandosgude,decisive,PGX | Nandosgude,mega-altaria-ex-b1-espeon-b3a,Mega Altaria ex Espeon,altaria,5,1,2,9,elluquitas96,mega-altaria-ex-b1-espeon-b3a,Mega Altaria ex Espeon,altaria,2,3,0,
6ab4eb04e905c1db68749406,2026-09-25T13:00:00.000Z,⭐️ WIN A DELUXE 2.0 CARD︱ $20 BEC'S WEEKLY ⭐️,postfreeze,1,SWISS,3,BO3,11,,98,eri_myname,kick42zo,kick42zo,decisive,eri_myname,rotom-ex-b4,Rotom ex,,1,3,0,,Kick42zo,mega-lucario-ex-b3-lucario-a2,Mega Lucario ex Lucario,lucario,2,2,0,
6ab4eb04e905c1db68749406,2026-09-25T13:00:00.000Z,⭐️ WIN A DELUXE 2.0 CARD︱ $20 BEC'S WEEKLY ⭐️,postfreeze,1,SWISS,3,BO3,12,,99,coffplays,thomasxavier21,coffplays,decisive,Coffplays,hoopa-ex-b4-mega-absol-ex-b1,Hoopa ex Mega Absol ex,hoopa_absol,4,2,1,20,ThomasXavier21,mega-altaria-ex-b1-espeon-b3a,Mega Altaria ex Espeon,altaria,4,3,0,23
6ab4eb04e905c1db68749406,2026-09-25T13:00:00.000Z,⭐️ WIN A DELUXE 2.0 CARD︱ $20 BEC'S WEEKLY ⭐️,postfreeze,1,SWISS,3,BO3,13,,100,einstun,supreme13,supreme13,decisive,𝙈𝙚𝙜𝙖 𝕰𝖎𝖓𝖘𝖙𝖚𝖓 𝙀𝙓,mega-altaria-ex-b1-greninja-a1,Mega Altaria ex Greninja,,1,3,0,,𝗕𝗮𝗹𝗱 Supreme,greninja-a1-mega-absol-ex-b1,Greninja Mega Absol ex,,3,3,0,26
6ab4eb04e905c1db68749406,2026-09-25T13:00:00.000Z,⭐️ WIN A DELUXE 2.0 CARD︱ $20 BEC'S WEEKLY ⭐️,postfreeze,1,SWISS,3,BO3,14,,101,brushcattel5,eeveeon,eeveeon,decisive,brushcattel5,mega-lucario-ex-b3,Mega Lucario ex,,1,3,0,,𝗠𝗲𝗴𝗮 eeveeon 𝗘𝗫,mega-manectric-ex-b2b-heliolisk-b4,Mega Manectric ex Heliolisk,manectric_heliolisk,4,3,0,21
6ab4eb04e905c1db68749406,2026-09-25T13:00:00.000Z,⭐️ WIN A DELUXE 2.0 CARD︱ $20 BEC'S WEEKLY ⭐️,postfreeze,1,SWISS,3,BO3,15,,102,iduh,nyrq,iduh,decisive,𝗠𝗲𝗴𝗮 Iduh 𝗘𝗫,suicune-ex-a4a-baxcalibur-b2a,Suicune ex Baxcalibur,suicune,6,3,0,7,nyrq the rookie,zoroark-ex-b3-mega-absol-ex-b1,Zoroark ex Mega Absol ex,,1,3,0,
6ab4eb04e905c1db68749406,2026-09-25T13:00:00.000Z,⭐️ WIN A DELUXE 2.0 CARD︱ $20 BEC'S WEEKLY ⭐️,postfreeze,1,SWISS,3,BO3,16,,103,normo360,kresna19,kresna19,decisive,Normo360,mega-altaria-ex-b1-happiny-b4a,Mega Altaria ex Happiny,,1,2,0,,Kresna19,magnezone-b1a-miraidon-ex-b3a,Magnezone Miraidon ex,,7,3,0,4
6ab4eb04e905c1db68749406,2026-09-25T13:00:00.000Z,⭐️ WIN A DELUXE 2.0 CARD︱ $20 BEC'S WEEKLY ⭐️,postfreeze,1,SWISS,3,BO3,17,,104,alice_69,hanalana,hanalana,decisive,Alice_69,butterfree-b3b-mega-sceptile-ex-b3,Butterfree Mega Sceptile ex,sceptile,1,2,0,,Hanalana,meowscarada-ex-b2a-meowscarada-a2b,Meowscarada ex Meowscarada,,3,3,0,27
6ab4eb04e905c1db68749406,2026-09-25T13:00:00.000Z,⭐️ WIN A DELUXE 2.0 CARD︱ $20 BEC'S WEEKLY ⭐️,postfreeze,1,SWISS,3,BO3,18,,105,flipand11,sky_skywolf93,flipand11,decisive,flipand11,mega-sharpedo-ex-b4-chien-pao-ex-b2a,Mega Sharpedo ex Chien-Pao ex,,5,2,1,15,SKY_SkyWolf93,charizard-ex-a1-mega-charizard-y-ex-b1a,Charizard ex Mega Charizard Y ex,,1,3,0,
6ab4eb04e905c1db68749406,2026-09-25T13:00:00.000Z,⭐️ WIN A DELUXE 2.0 CARD︱ $20 BEC'S WEEKLY ⭐️,postfreeze,1,SWISS,3,BO3,19,,106,aldous,capcaps,aldous,decisive,Aldous,mega-altaria-ex-b1-espeon-b3a,Mega Altaria ex Espeon,altaria,5,2,1,13,𝗣𝗛𝗫 Captain Capslock,mega-diancie-ex-carbink-b3b,Mega Diancie ex Carbink,,3,3,0,29
6ab4eb04e905c1db68749406,2026-09-25T13:00:00.000Z,⭐️ WIN A DELUXE 2.0 CARD︱ $20 BEC'S WEEKLY ⭐️,postfreeze,1,SWISS,3,BO3,20,,107,b3nz0,karel,karel,decisive,B3NZ0,mega-lucario-ex-b3-lucario-a2,Mega Lucario ex Lucario,lucario,3,3,0,32,karel,mega-altaria-ex-b1-espeon-b3a,Mega Altaria ex Espeon,altaria,3,3,0,
6ab4eb04e905c1db68749406,2026-09-25T13:00:00.000Z,⭐️ WIN A DELUXE 2.0 CARD︱ $20 BEC'S WEEKLY ⭐️,postfreeze,1,SWISS,3,BO3,21,,108,giaacomoo,zegger,zegger,decisive,giaacomoo,hoopa-ex-b4-mega-absol-ex-b1,Hoopa ex Mega Absol ex,hoopa_absol,2,3,0,,Zegger,mega-sceptile-ex-b3-butterfree-b3b,Mega Sceptile ex Butterfree,,2,4,0,34
6ab4eb04e905c1db68749406,2026-09-25T13:00:00.000Z,⭐️ WIN A DELUXE 2.0 CARD︱ $20 BEC'S WEEKLY ⭐️,postfreeze,1,SWISS,3,BO3,22,,109,breaking2mirror,garoth,garoth,decisive,Breaking2mirror,zoroark-ex-b3-team-rockets-weezing-ex-b4a,Zoroark ex Team Rocket's Weezing ex,,1,2,0,,IMP | Garoth,vespiquen-ex-b4-shuckle-ex-a4,Vespiquen ex Shuckle ex,vespiquen,5,2,1,14
6ab4eb04e905c1db68749406,2026-09-25T13:00:00.000Z,⭐️ WIN A DELUXE 2.0 CARD︱ $20 BEC'S WEEKLY ⭐️,postfreeze,1,SWISS,3,BO3,23,,110,sandy_permata205,eliteslayer,sandy_permata205,decisive,𝗠𝗲𝗴𝗮 Razor 𝗘𝗫,dragonair-mega-rayquaza-ex-b4,Dragonair Mega Rayquaza ex,,3,3,0,30,EliteSlayer,vespiquen-ex-b4-shuckle-ex-a4,Vespiquen ex Shuckle ex,vespiquen,1,3,0,
6ab4eb04e905c1db68749406,2026-09-25T13:00:00.000Z,⭐️ WIN A DELUXE 2.0 CARD︱ $20 BEC'S WEEKLY ⭐️,postfreeze,1,SWISS,3,BO3,24,,111,butterflybabe,piutonium,piutonium,decisive,ButterflyBabe,alolan-ninetales-ex-b2-wugtrio-ex-a2b,Alolan Ninetales ex Wugtrio ex,,1,5,0,,PIutonium,butterfree-b3b-mega-sceptile-ex-b3,Butterfree Mega Sceptile ex,sceptile,2,4,0,
6ab4eb04e905c1db68749406,2026-09-25T13:00:00.000Z,⭐️ WIN A DELUXE 2.0 CARD︱ $20 BEC'S WEEKLY ⭐️,postfreeze,1,SWISS,3,BO3,25,,112,nakopol91,sparadrap,sparadrap,decisive,Plasma | NastKon,magnezone-b1a-miraidon-ex-b3a,Magnezone Miraidon ex,,1,3,0,,Sparadrap,hydreigon-mega-absol-ex-b1,Hydreigon Mega Absol ex,hydreigon,3,3,0,28
6ab4eb04e905c1db68749406,2026-09-25T13:00:00.000Z,⭐️ WIN A DELUXE 2.0 CARD︱ $20 BEC'S WEEKLY ⭐️,postfreeze,1,SWISS,3,BO3,26,,113,razbersky202,lbn924,razbersky202,decisive,Razbersky202,beautifly-b1-dustox-b4,Beautifly Dustox,,4,3,0,22,𝙄𝙈𝙋 | Lbn,mega-charizard-y-ex-b1a-entei-ex-a4a,Mega Charizard Y ex Entei ex,charizardy_entei,1,2,0,
6ab4eb04e905c1db68749406,2026-09-25T13:00:00.000Z,⭐️ WIN A DELUXE 2.0 CARD︱ $20 BEC'S WEEKLY ⭐️,postfreeze,1,SWISS,3,BO3,27,,114,tesla20,bielly,tesla20,decisive,Tesla20,dedenne-ex-b3b-pichu-a4,Dedenne ex Pichu,,2,3,0,,Bielly,mega-altaria-ex-b1-espeon-b3a,Mega Altaria ex Espeon,altaria,1,2,0,
6ab4eb04e905c1db68749406,2026-09-25T13:00:00.000Z,⭐️ WIN A DELUXE 2.0 CARD︱ $20 BEC'S WEEKLY ⭐️,postfreeze,1,SWISS,3,BO3,28,,115,alta,goku6767,goku6767,decisive,Alta,butterfree-b3b-mega-sceptile-ex-b3,Butterfree Mega Sceptile ex,sceptile,2,4,0,,goku6767,mega-charizard-y-ex-b1a-entei-ex-a4a,Mega Charizard Y ex Entei ex,charizardy_entei,3,3,0,31
6ab4eb04e905c1db68749406,2026-09-25T13:00:00.000Z,⭐️ WIN A DELUXE 2.0 CARD︱ $20 BEC'S WEEKLY ⭐️,postfreeze,1,SWISS,3,BO3,29,,116,sawitlovers,xastur,xastur,decisive,SawitLovers,mega-lucario-ex-b3-lucario-a2,Mega Lucario ex Lucario,lucario,1,2,0,,Xastur,hoopa-ex-b4-mega-absol-ex-b1,Hoopa ex Mega Absol ex,hoopa_absol,4,2,1,19
6ab4eb04e905c1db68749406,2026-09-25T13:00:00.000Z,⭐️ WIN A DELUXE 2.0 CARD︱ $20 BEC'S WEEKLY ⭐️,postfreeze,1,SWISS,3,BO3,30,,117,njjord7,enggar,njjord7,decisive,FrogEX | Njord,meowscarada-ex-b2a-meowscarada-a2b,Meowscarada ex Meowscarada,,6,3,0,8,Enggar/ Aqua,magnezone-b1a-miraidon-ex-b3a,Magnezone Miraidon ex,,0,3,0,
6ab4eb04e905c1db68749406,2026-09-25T13:00:00.000Z,⭐️ WIN A DELUXE 2.0 CARD︱ $20 BEC'S WEEKLY ⭐️,postfreeze,1,SWISS,3,BO3,31,,118,cel3genk,minato,minato,decisive,Cel3genk,mega-lucario-ex-b3-lucario-a2,Mega Lucario ex Lucario,lucario,0,6,0,37,minato,mega-altaria-ex-b1-greninja-a1,Mega Altaria ex Greninja,,3,3,0,
6ab4eb04e905c1db68749406,2026-09-25T13:00:00.000Z,⭐️ WIN A DELUXE 2.0 CARD︱ $20 BEC'S WEEKLY ⭐️,postfreeze,1,SWISS,3,BO3,32,,119,fer7788,estehlegitea,estehlegitea,decisive,Fer7788,magnezone-ex-b3-magnezone-b1a,Magnezone ex Magnezone,,0,6,0,38,KING ,team-rockets-weezing-ex-b4a-hoopa-ex-b4,Team Rocket's Weezing ex Hoopa ex,weezing,9,2,0,1
6ab4eb04e905c1db68749406,2026-09-25T13:00:00.000Z,⭐️ WIN A DELUXE 2.0 CARD︱ $20 BEC'S WEEKLY ⭐️,postfreeze,1,SWISS,3,BO3,33,,120,dey3,joshuasutherland21,joshuasutherland21,decisive,Dey3,team-rockets-weezing-ex-b4a-hoopa-ex-b4,Team Rocket's Weezing ex Hoopa ex,weezing,1,5,0,35,TDL | MoonlightshurikenVT,mega-altaria-ex-b1-greninja-a1,Mega Altaria ex Greninja,,1,3,0,
6ab4eb04e905c1db68749406,2026-09-25T13:00:00.000Z,⭐️ WIN A DELUXE 2.0 CARD︱ $20 BEC'S WEEKLY ⭐️,postfreeze,1,SWISS,3,BO3,34,,121,mamasdigletts,rustycohle,-1,double_loss,MamasDigletts,mega-pidgeot-ex-p-b-pidgeot-a1,Mega Pidgeot ex Pidgeot,,0,6,0,39,RustyCohle,hydreigon-mega-absol-ex-b1,Hydreigon Mega Absol ex,hydreigon,1,5,0,36
6ab4eb04e905c1db68749406,2026-09-25T13:00:00.000Z,⭐️ WIN A DELUXE 2.0 CARD︱ $20 BEC'S WEEKLY ⭐️,postfreeze,1,SWISS,3,BO3,35,,122,tapanova36,lanora,lanora,decisive,tapanova36,mega-lucario-ex-b3-lucario-a2,Mega Lucario ex Lucario,lucario,0,3,0,,𝗠𝗲𝗴𝗮 LaNora 𝗘𝗫,mega-altaria-ex-b1-espeon-b3a,Mega Altaria ex Espeon,altaria,4,3,0,24
6ab4eb04e905c1db68749406,2026-09-25T13:00:00.000Z,⭐️ WIN A DELUXE 2.0 CARD︱ $20 BEC'S WEEKLY ⭐️,postfreeze,1,SWISS,3,BO3,36,,123,moserk,,moserk,bye_or_automatic_loss,moserk,vespiquen-ex-b4-shuckle-ex-a4,Vespiquen ex Shuckle ex,vespiquen,2,4,0,,,,,,,,,
6ab4eb04e905c1db68749406,2026-09-25T13:00:00.000Z,⭐️ WIN A DELUXE 2.0 CARD︱ $20 BEC'S WEEKLY ⭐️,postfreeze,1,SWISS,4,BO3,1,,124,victorssito,warpis,victorssito,decisive,PGX | victorssito,buzzwole-ex-pheromosa-a3a,Buzzwole ex Pheromosa,,5,2,1,10,𝗠𝗲𝗴𝗮 SIPRAW 𝗘𝗫,mega-altaria-ex-b1-espeon-b3a,Mega Altaria ex Espeon,altaria,5,2,1,12
6ab4eb04e905c1db68749406,2026-09-25T13:00:00.000Z,⭐️ WIN A DELUXE 2.0 CARD︱ $20 BEC'S WEEKLY ⭐️,postfreeze,1,SWISS,4,BO3,2,,125,godi,brendon68,brendon68,decisive,Godi,vespiquen-ex-b4-shuckle-ex-a4,Vespiquen ex Shuckle ex,vespiquen,3,3,0,,𝙄𝙈𝙋 | Brendon .,magnezone-b1a-miraidon-ex-b3a,Magnezone Miraidon ex,,7,2,1,3
6ab4eb04e905c1db68749406,2026-09-25T13:00:00.000Z,⭐️ WIN A DELUXE 2.0 CARD︱ $20 BEC'S WEEKLY ⭐️,postfreeze,1,SWISS,4,BO3,3,,126,nandosgude,isanpum,nandosgude,decisive,PGX | Nandosgude,mega-altaria-ex-b1-espeon-b3a,Mega Altaria ex Espeon,altaria,5,1,2,9,𝐅𝐈𝐑𝐄 | isanpum,butterfree-b3b-mega-sceptile-ex-b3,Butterfree Mega Sceptile ex,sceptile,3,2,0,
6ab4eb04e905c1db68749406,2026-09-25T13:00:00.000Z,⭐️ WIN A DELUXE 2.0 CARD︱ $20 BEC'S WEEKLY ⭐️,postfreeze,1,SWISS,4,BO3,4,,127,elatomico,alana,elatomico,decisive,PGX| El Atomico,hydreigon-mega-absol-ex-b1,Hydreigon Mega Absol ex,hydreigon,9,1,1,2,𝗠𝗲𝗴𝗮 A̶l̶a̶n̶a̶ 𝗘𝗫,mega-lucario-ex-b3-lucario-a2,Mega Lucario ex Lucario,lucario,3,3,0,25
6ab4eb04e905c1db68749406,2026-09-25T13:00:00.000Z,⭐️ WIN A DELUXE 2.0 CARD︱ $20 BEC'S WEEKLY ⭐️,postfreeze,1,SWISS,4,BO3,5,,128,pierfigo,hamza007,pierfigo,decisive,PierFigo,mega-altaria-ex-b1-espeon-b3a,Mega Altaria ex Espeon,altaria,6,1,2,5,𝗠𝗮𝗴𝗺𝗮 Hamza,vespiquen-ex-b4-shuckle-ex-a4,Vespiquen ex Shuckle ex,vespiquen,2,4,0,
6ab4eb04e905c1db68749406,2026-09-25T13:00:00.000Z,⭐️ WIN A DELUXE 2.0 CARD︱ $20 BEC'S WEEKLY ⭐️,postfreeze,1,SWISS,4,BO3,6,,129,ventrixd,https,https,decisive,VentriXD,magnezone-b1a-miraidon-ex-b3a,Magnezone Miraidon ex,,4,2,1,17,Nobody ,hoopa-ex-b4-mega-absol-ex-b1,Hoopa ex Mega Absol ex,hoopa_absol,5,3,0,16
6ab4eb04e905c1db68749406,2026-09-25T13:00:00.000Z,⭐️ WIN A DELUXE 2.0 CARD︱ $20 BEC'S WEEKLY ⭐️,postfreeze,1,SWISS,4,BO3,7,,130,hanalana,syr,syr,decisive,Hanalana,meowscarada-ex-b2a-meowscarada-a2b,Meowscarada ex Meowscarada,,3,3,0,27,syr,mega-altaria-ex-b1-happiny-b4a,Mega Altaria ex Happiny,,6,2,1,6
6ab4eb04e905c1db68749406,2026-09-25T13:00:00.000Z,⭐️ WIN A DELUXE 2.0 CARD︱ $20 BEC'S WEEKLY ⭐️,postfreeze,1,SWISS,4,BO3,8,,131,sandy_permata205,mipal,sandy_permata205,decisive,𝗠𝗲𝗴𝗮 Razor 𝗘𝗫,dragonair-mega-rayquaza-ex-b4,Dragonair Mega Rayquaza ex,,3,3,0,30,Mipal,mega-blaziken-ex-b1-teal-mask-ogerpon-ex-b2,Mega Blaziken ex Teal Mask Ogerpon ex,,2,4,0,33
6ab4eb04e905c1db68749406,2026-09-25T13:00:00.000Z,⭐️ WIN A DELUXE 2.0 CARD︱ $20 BEC'S WEEKLY ⭐️,postfreeze,1,SWISS,4,BO3,9,,132,garoth,tesla20,garoth,decisive,IMP | Garoth,vespiquen-ex-b4-shuckle-ex-a4,Vespiquen ex Shuckle ex,vespiquen,5,2,1,14,Tesla20,dedenne-ex-b3b-pichu-a4,Dedenne ex Pichu,,2,3,0,
6ab4eb04e905c1db68749406,2026-09-25T13:00:00.000Z,⭐️ WIN A DELUXE 2.0 CARD︱ $20 BEC'S WEEKLY ⭐️,postfreeze,1,SWISS,4,BO3,10,,133,goku6767,dietdrkelp,dietdrkelp,decisive,goku6767,mega-charizard-y-ex-b1a-entei-ex-a4a,Mega Charizard Y ex Entei ex,charizardy_entei,3,3,0,31,𝗠𝗢𝗡⭐️| Suede,greninja-a1-mega-absol-ex-b1,Greninja Mega Absol ex,,4,2,1,18
6ab4eb04e905c1db68749406,2026-09-25T13:00:00.000Z,⭐️ WIN A DELUXE 2.0 CARD︱ $20 BEC'S WEEKLY ⭐️,postfreeze,1,SWISS,4,BO3,11,,134,piutonium,kresna19,kresna19,decisive,PIutonium,butterfree-b3b-mega-sceptile-ex-b3,Butterfree Mega Sceptile ex,sceptile,2,4,0,,Kresna19,magnezone-b1a-miraidon-ex-b3a,Magnezone Miraidon ex,,7,3,0,4
6ab4eb04e905c1db68749406,2026-09-25T13:00:00.000Z,⭐️ WIN A DELUXE 2.0 CARD︱ $20 BEC'S WEEKLY ⭐️,postfreeze,1,SWISS,4,BO3,12,,135,kick42zo,flipand11,flipand11,decisive,Kick42zo,mega-lucario-ex-b3-lucario-a2,Mega Lucario ex Lucario,lucario,2,2,0,,flipand11,mega-sharpedo-ex-b4-chien-pao-ex-b2a,Mega Sharpedo ex Chien-Pao ex,,5,2,1,15
6ab4eb04e905c1db68749406,2026-09-25T13:00:00.000Z,⭐️ WIN A DELUXE 2.0 CARD︱ $20 BEC'S WEEKLY ⭐️,postfreeze,1,SWISS,4,BO3,13,,136,xastur,karel,xastur,decisive,Xastur,hoopa-ex-b4-mega-absol-ex-b1,Hoopa ex Mega Absol ex,hoopa_absol,4,2,1,19,karel,mega-altaria-ex-b1-espeon-b3a,Mega Altaria ex Espeon,altaria,3,3,0,
6ab4eb04e905c1db68749406,2026-09-25T13:00:00.000Z,⭐️ WIN A DELUXE 2.0 CARD︱ $20 BEC'S WEEKLY ⭐️,postfreeze,1,SWISS,4,BO3,14,,137,aldous,razbersky202,aldous,decisive,Aldous,mega-altaria-ex-b1-espeon-b3a,Mega Altaria ex Espeon,altaria,5,2,1,13,Razbersky202,beautifly-b1-dustox-b4,Beautifly Dustox,,4,3,0,22
6ab4eb04e905c1db68749406,2026-09-25T13:00:00.000Z,⭐️ WIN A DELUXE 2.0 CARD︱ $20 BEC'S WEEKLY ⭐️,postfreeze,1,SWISS,4,BO3,15,,138,sparadrap,zegger,sparadrap,decisive,Sparadrap,hydreigon-mega-absol-ex-b1,Hydreigon Mega Absol ex,hydreigon,3,3,0,28,Zegger,mega-sceptile-ex-b3-butterfree-b3b,Mega Sceptile ex Butterfree,,2,4,0,34
6ab4eb04e905c1db68749406,2026-09-25T13:00:00.000Z,⭐️ WIN A DELUXE 2.0 CARD︱ $20 BEC'S WEEKLY ⭐️,postfreeze,1,SWISS,4,BO3,16,,139,coffplays,mega_rezpectore_ex,0,tie,Coffplays,hoopa-ex-b4-mega-absol-ex-b1,Hoopa ex Mega Absol ex,hoopa_absol,4,2,1,20,𝗠𝗲𝗴𝗮 Rezpectore 𝗘𝗫,dedenne-ex-b3b-indeedee-ex-b1,Dedenne ex Indeedee ex,,2,2,1,
6ab4eb04e905c1db68749406,2026-09-25T13:00:00.000Z,⭐️ WIN A DELUXE 2.0 CARD︱ $20 BEC'S WEEKLY ⭐️,postfreeze,1,SWISS,4,BO3,17,,140,vitorinsky,supreme13,supreme13,decisive,Vitorinsky,mega-altaria-ex-b1-greninja-a1,Mega Altaria ex Greninja,,2,2,0,,𝗕𝗮𝗹𝗱 Supreme,greninja-a1-mega-absol-ex-b1,Greninja Mega Absol ex,,3,3,0,26
6ab4eb04e905c1db68749406,2026-09-25T13:00:00.000Z,⭐️ WIN A DELUXE 2.0 CARD︱ $20 BEC'S WEEKLY ⭐️,postfreeze,1,SWISS,4,BO3,18,,141,eeveeon,iduh,eeveeon,decisive,𝗠𝗲𝗴𝗮 eeveeon 𝗘𝗫,mega-manectric-ex-b2b-heliolisk-b4,Mega Manectric ex Heliolisk,manectric_heliolisk,4,3,0,21,𝗠𝗲𝗴𝗮 Iduh 𝗘𝗫,suicune-ex-a4a-baxcalibur-b2a,Suicune ex Baxcalibur,suicune,6,3,0,7
6ab4eb04e905c1db68749406,2026-09-25T13:00:00.000Z,⭐️ WIN A DELUXE 2.0 CARD︱ $20 BEC'S WEEKLY ⭐️,postfreeze,1,SWISS,4,BO3,19,,142,beachboy,dattiokaiba,beachboy,decisive,BeachBoy,mega-sharpedo-ex-b4-gyarados-a4,Mega Sharpedo ex Gyarados,,5,2,1,11,DATtioKaiba,hoopa-ex-b4-mega-absol-ex-b1,Hoopa ex Mega Absol ex,hoopa_absol,2,2,0,
6ab4eb04e905c1db68749406,2026-09-25T13:00:00.000Z,⭐️ WIN A DELUXE 2.0 CARD︱ $20 BEC'S WEEKLY ⭐️,postfreeze,1,SWISS,4,BO3,20,,143,lanora,einstun,lanora,decisive,𝗠𝗲𝗴𝗮 LaNora 𝗘𝗫,mega-altaria-ex-b1-espeon-b3a,Mega Altaria ex Espeon,altaria,4,3,0,24,𝙈𝙚𝙜𝙖 𝕰𝖎𝖓𝖘𝖙𝖚𝖓 𝙀𝙓,mega-altaria-ex-b1-greninja-a1,Mega Altaria ex Greninja,,1,3,0,
6ab4eb04e905c1db68749406,2026-09-25T13:00:00.000Z,⭐️ WIN A DELUXE 2.0 CARD︱ $20 BEC'S WEEKLY ⭐️,postfreeze,1,SWISS,4,BO3,21,,144,capcaps,brushcattel5,capcaps,decisive,𝗣𝗛𝗫 Captain Capslock,mega-diancie-ex-carbink-b3b,Mega Diancie ex Carbink,,3,3,0,29,brushcattel5,mega-lucario-ex-b3,Mega Lucario ex,,1,3,0,
6ab4eb04e905c1db68749406,2026-09-25T13:00:00.000Z,⭐️ WIN A DELUXE 2.0 CARD︱ $20 BEC'S WEEKLY ⭐️,postfreeze,1,SWISS,4,BO3,22,,145,butterflybabe,minato,minato,decisive,ButterflyBabe,alolan-ninetales-ex-b2-wugtrio-ex-a2b,Alolan Ninetales ex Wugtrio ex,,1,5,0,,minato,mega-altaria-ex-b1-greninja-a1,Mega Altaria ex Greninja,,3,3,0,
6ab4eb04e905c1db68749406,2026-09-25T13:00:00.000Z,⭐️ WIN A DELUXE 2.0 CARD︱ $20 BEC'S WEEKLY ⭐️,postfreeze,1,SWISS,4,BO3,23,,146,estehlegitea,nyrq,estehlegitea,decisive,KING ,team-rockets-weezing-ex-b4a-hoopa-ex-b4,Team Rocket's Weezing ex Hoopa ex,weezing,9,2,0,1,nyrq the rookie,zoroark-ex-b3-mega-absol-ex-b1,Zoroark ex Mega Absol ex,,1,3,0,
6ab4eb04e905c1db68749406,2026-09-25T13:00:00.000Z,⭐️ WIN A DELUXE 2.0 CARD︱ $20 BEC'S WEEKLY ⭐️,postfreeze,1,SWISS,4,BO3,24,,147,giaacomoo,b3nz0,giaacomoo,decisive,giaacomoo,hoopa-ex-b4-mega-absol-ex-b1,Hoopa ex Mega Absol ex,hoopa_absol,2,3,0,,B3NZ0,mega-lucario-ex-b3-lucario-a2,Mega Lucario ex Lucario,lucario,3,3,0,32
6ab4eb04e905c1db68749406,2026-09-25T13:00:00.000Z,⭐️ WIN A DELUXE 2.0 CARD︱ $20 BEC'S WEEKLY ⭐️,postfreeze,1,SWISS,4,BO3,25,,148,alta,eliteslayer,alta,decisive,Alta,butterfree-b3b-mega-sceptile-ex-b3,Butterfree Mega Sceptile ex,sceptile,2,4,0,,EliteSlayer,vespiquen-ex-b4-shuckle-ex-a4,Vespiquen ex Shuckle ex,vespiquen,1,3,0,
6ab4eb04e905c1db68749406,2026-09-25T13:00:00.000Z,⭐️ WIN A DELUXE 2.0 CARD︱ $20 BEC'S WEEKLY ⭐️,postfreeze,1,SWISS,4,BO3,26,,149,moserk,sky_skywolf93,moserk,decisive,moserk,vespiquen-ex-b4-shuckle-ex-a4,Vespiquen ex Shuckle ex,vespiquen,2,4,0,,SKY_SkyWolf93,charizard-ex-a1-mega-charizard-y-ex-b1a,Charizard ex Mega Charizard Y ex,,1,3,0,
6ab4eb04e905c1db68749406,2026-09-25T13:00:00.000Z,⭐️ WIN A DELUXE 2.0 CARD︱ $20 BEC'S WEEKLY ⭐️,postfreeze,1,SWISS,4,BO3,27,,150,nakopol91,thomasxavier21,thomasxavier21,decisive,Plasma | NastKon,magnezone-b1a-miraidon-ex-b3a,Magnezone Miraidon ex,,1,3,0,,ThomasXavier21,mega-altaria-ex-b1-espeon-b3a,Mega Altaria ex Espeon,altaria,4,3,0,23
6ab4eb04e905c1db68749406,2026-09-25T13:00:00.000Z,⭐️ WIN A DELUXE 2.0 CARD︱ $20 BEC'S WEEKLY ⭐️,postfreeze,1,SWISS,4,BO3,28,,151,njjord7,eri_myname,njjord7,decisive,FrogEX | Njord,meowscarada-ex-b2a-meowscarada-a2b,Meowscarada ex Meowscarada,,6,3,0,8,eri_myname,rotom-ex-b4,Rotom ex,,1,3,0,
6ab4eb04e905c1db68749406,2026-09-25T13:00:00.000Z,⭐️ WIN A DELUXE 2.0 CARD︱ $20 BEC'S WEEKLY ⭐️,postfreeze,1,SWISS,4,BO3,29,,152,joshuasutherland21,elluquitas96,elluquitas96,decisive,TDL | MoonlightshurikenVT,mega-altaria-ex-b1-greninja-a1,Mega Altaria ex Greninja,,1,3,0,,elluquitas96,mega-altaria-ex-b1-espeon-b3a,Mega Altaria ex Espeon,altaria,2,3,0,
6ab4eb04e905c1db68749406,2026-09-25T13:00:00.000Z,⭐️ WIN A DELUXE 2.0 CARD︱ $20 BEC'S WEEKLY ⭐️,postfreeze,1,SWISS,4,BO3,30,,153,rustycohle,fer7788,-1,double_loss,RustyCohle,hydreigon-mega-absol-ex-b1,Hydreigon Mega Absol ex,hydreigon,1,5,0,36,Fer7788,magnezone-ex-b3-magnezone-b1a,Magnezone ex Magnezone,,0,6,0,38
6ab4eb04e905c1db68749406,2026-09-25T13:00:00.000Z,⭐️ WIN A DELUXE 2.0 CARD︱ $20 BEC'S WEEKLY ⭐️,postfreeze,1,SWISS,4,BO3,31,,154,mamasdigletts,cel3genk,-1,double_loss,MamasDigletts,mega-pidgeot-ex-p-b-pidgeot-a1,Mega Pidgeot ex Pidgeot,,0,6,0,39,Cel3genk,mega-lucario-ex-b3-lucario-a2,Mega Lucario ex Lucario,lucario,0,6,0,37
6ab4eb04e905c1db68749406,2026-09-25T13:00:00.000Z,⭐️ WIN A DELUXE 2.0 CARD︱ $20 BEC'S WEEKLY ⭐️,postfreeze,1,SWISS,4,BO3,32,,155,dey3,,dey3,bye_or_automatic_loss,Dey3,team-rockets-weezing-ex-b4a-hoopa-ex-b4,Team Rocket's Weezing ex Hoopa ex,weezing,1,5,0,35,,,,,,,,
6ab4eb04e905c1db68749406,2026-09-25T13:00:00.000Z,⭐️ WIN A DELUXE 2.0 CARD︱ $20 BEC'S WEEKLY ⭐️,postfreeze,1,SWISS,5,BO3,1,,156,nandosgude,pierfigo,0,tie,PGX | Nandosgude,mega-altaria-ex-b1-espeon-b3a,Mega Altaria ex Espeon,altaria,5,1,2,9,PierFigo,mega-altaria-ex-b1-espeon-b3a,Mega Altaria ex Espeon,altaria,6,1,2,5
6ab4eb04e905c1db68749406,2026-09-25T13:00:00.000Z,⭐️ WIN A DELUXE 2.0 CARD︱ $20 BEC'S WEEKLY ⭐️,postfreeze,1,SWISS,5,BO3,2,,157,brendon68,elatomico,elatomico,decisive,𝙄𝙈𝙋 | Brendon .,magnezone-b1a-miraidon-ex-b3a,Magnezone Miraidon ex,,7,2,1,3,PGX| El Atomico,hydreigon-mega-absol-ex-b1,Hydreigon Mega Absol ex,hydreigon,9,1,1,2
6ab4eb04e905c1db68749406,2026-09-25T13:00:00.000Z,⭐️ WIN A DELUXE 2.0 CARD︱ $20 BEC'S WEEKLY ⭐️,postfreeze,1,SWISS,5,BO3,3,,158,victorssito,beachboy,beachboy,decisive,PGX | victorssito,buzzwole-ex-pheromosa-a3a,Buzzwole ex Pheromosa,,5,2,1,10,BeachBoy,mega-sharpedo-ex-b4-gyarados-a4,Mega Sharpedo ex Gyarados,,5,2,1,11
6ab4eb04e905c1db68749406,2026-09-25T13:00:00.000Z,⭐️ WIN A DELUXE 2.0 CARD︱ $20 BEC'S WEEKLY ⭐️,postfreeze,1,SWISS,5,BO3,4,,159,warpis,alana,warpis,decisive,𝗠𝗲𝗴𝗮 SIPRAW 𝗘𝗫,mega-altaria-ex-b1-espeon-b3a,Mega Altaria ex Espeon,altaria,5,2,1,12,𝗠𝗲𝗴𝗮 A̶l̶a̶n̶a̶ 𝗘𝗫,mega-lucario-ex-b3-lucario-a2,Mega Lucario ex Lucario,lucario,3,3,0,25
6ab4eb04e905c1db68749406,2026-09-25T13:00:00.000Z,⭐️ WIN A DELUXE 2.0 CARD︱ $20 BEC'S WEEKLY ⭐️,postfreeze,1,SWISS,5,BO3,5,,160,eeveeon,garoth,garoth,decisive,𝗠𝗲𝗴𝗮 eeveeon 𝗘𝗫,mega-manectric-ex-b2b-heliolisk-b4,Mega Manectric ex Heliolisk,manectric_heliolisk,4,3,0,21,IMP | Garoth,vespiquen-ex-b4-shuckle-ex-a4,Vespiquen ex Shuckle ex,vespiquen,5,2,1,14
6ab4eb04e905c1db68749406,2026-09-25T13:00:00.000Z,⭐️ WIN A DELUXE 2.0 CARD︱ $20 BEC'S WEEKLY ⭐️,postfreeze,1,SWISS,5,BO3,6,,161,https,flipand11,flipand11,decisive,Nobody ,hoopa-ex-b4-mega-absol-ex-b1,Hoopa ex Mega Absol ex,hoopa_absol,5,3,0,16,flipand11,mega-sharpedo-ex-b4-chien-pao-ex-b2a,Mega Sharpedo ex Chien-Pao ex,,5,2,1,15
6ab4eb04e905c1db68749406,2026-09-25T13:00:00.000Z,⭐️ WIN A DELUXE 2.0 CARD︱ $20 BEC'S WEEKLY ⭐️,postfreeze,1,SWISS,5,BO3,7,,162,kresna19,aldous,aldous,decisive,Kresna19,magnezone-b1a-miraidon-ex-b3a,Magnezone Miraidon ex,,7,3,0,4,Aldous,mega-altaria-ex-b1-espeon-b3a,Mega Altaria ex Espeon,altaria,5,2,1,13
6ab4eb04e905c1db68749406,2026-09-25T13:00:00.000Z,⭐️ WIN A DELUXE 2.0 CARD︱ $20 BEC'S WEEKLY ⭐️,postfreeze,1,SWISS,5,BO3,8,,163,isanpum,syr,syr,decisive,𝐅𝐈𝐑𝐄 | isanpum,butterfree-b3b-mega-sceptile-ex-b3,Butterfree Mega Sceptile ex,sceptile,3,2,0,,syr,mega-altaria-ex-b1-happiny-b4a,Mega Altaria ex Happiny,,6,2,1,6
6ab4eb04e905c1db68749406,2026-09-25T13:00:00.000Z,⭐️ WIN A DELUXE 2.0 CARD︱ $20 BEC'S WEEKLY ⭐️,postfreeze,1,SWISS,5,BO3,9,,164,sandy_permata205,dietdrkelp,dietdrkelp,decisive,𝗠𝗲𝗴𝗮 Razor 𝗘𝗫,dragonair-mega-rayquaza-ex-b4,Dragonair Mega Rayquaza ex,,3,3,0,30,𝗠𝗢𝗡⭐️| Suede,greninja-a1-mega-absol-ex-b1,Greninja Mega Absol ex,,4,2,1,18
6ab4eb04e905c1db68749406,2026-09-25T13:00:00.000Z,⭐️ WIN A DELUXE 2.0 CARD︱ $20 BEC'S WEEKLY ⭐️,postfreeze,1,SWISS,5,BO3,10,,165,xastur,sparadrap,xastur,decisive,Xastur,hoopa-ex-b4-mega-absol-ex-b1,Hoopa ex Mega Absol ex,hoopa_absol,4,2,1,19,Sparadrap,hydreigon-mega-absol-ex-b1,Hydreigon Mega Absol ex,hydreigon,3,3,0,28
6ab4eb04e905c1db68749406,2026-09-25T13:00:00.000Z,⭐️ WIN A DELUXE 2.0 CARD︱ $20 BEC'S WEEKLY ⭐️,postfreeze,1,SWISS,5,BO3,11,,166,ventrixd,godi,ventrixd,decisive,VentriXD,magnezone-b1a-miraidon-ex-b3a,Magnezone Miraidon ex,,4,2,1,17,Godi,vespiquen-ex-b4-shuckle-ex-a4,Vespiquen ex Shuckle ex,vespiquen,3,3,0,
6ab4eb04e905c1db68749406,2026-09-25T13:00:00.000Z,⭐️ WIN A DELUXE 2.0 CARD︱ $20 BEC'S WEEKLY ⭐️,postfreeze,1,SWISS,5,BO3,12,,167,coffplays,supreme13,coffplays,decisive,Coffplays,hoopa-ex-b4-mega-absol-ex-b1,Hoopa ex Mega Absol ex,hoopa_absol,4,2,1,20,𝗕𝗮𝗹𝗱 Supreme,greninja-a1-mega-absol-ex-b1,Greninja Mega Absol ex,,3,3,0,26
6ab4eb04e905c1db68749406,2026-09-25T13:00:00.000Z,⭐️ WIN A DELUXE 2.0 CARD︱ $20 BEC'S WEEKLY ⭐️,postfreeze,1,SWISS,5,BO3,13,,168,alta,razbersky202,razbersky202,decisive,Alta,butterfree-b3b-mega-sceptile-ex-b3,Butterfree Mega Sceptile ex,sceptile,2,4,0,,Razbersky202,beautifly-b1-dustox-b4,Beautifly Dustox,,4,3,0,22
6ab4eb04e905c1db68749406,2026-09-25T13:00:00.000Z,⭐️ WIN A DELUXE 2.0 CARD︱ $20 BEC'S WEEKLY ⭐️,postfreeze,1,SWISS,5,BO3,14,,169,mega_rezpectore_ex,karel,karel,decisive,𝗠𝗲𝗴𝗮 Rezpectore 𝗘𝗫,dedenne-ex-b3b-indeedee-ex-b1,Dedenne ex Indeedee ex,,2,2,1,,karel,mega-altaria-ex-b1-espeon-b3a,Mega Altaria ex Espeon,altaria,3,3,0,
6ab4eb04e905c1db68749406,2026-09-25T13:00:00.000Z,⭐️ WIN A DELUXE 2.0 CARD︱ $20 BEC'S WEEKLY ⭐️,postfreeze,1,SWISS,5,BO3,15,,170,hanalana,tesla20,hanalana,decisive,Hanalana,meowscarada-ex-b2a-meowscarada-a2b,Meowscarada ex Meowscarada,,3,3,0,27,Tesla20,dedenne-ex-b3b-pichu-a4,Dedenne ex Pichu,,2,3,0,
6ab4eb04e905c1db68749406,2026-09-25T13:00:00.000Z,⭐️ WIN A DELUXE 2.0 CARD︱ $20 BEC'S WEEKLY ⭐️,postfreeze,1,SWISS,5,BO3,16,,171,estehlegitea,elluquitas96,estehlegitea,decisive,KING ,team-rockets-weezing-ex-b4a-hoopa-ex-b4,Team Rocket's Weezing ex Hoopa ex,weezing,9,2,0,1,elluquitas96,mega-altaria-ex-b1-espeon-b3a,Mega Altaria ex Espeon,altaria,2,3,0,
6ab4eb04e905c1db68749406,2026-09-25T13:00:00.000Z,⭐️ WIN A DELUXE 2.0 CARD︱ $20 BEC'S WEEKLY ⭐️,postfreeze,1,SWISS,5,BO3,17,,172,thomasxavier21,piutonium,thomasxavier21,decisive,ThomasXavier21,mega-altaria-ex-b1-espeon-b3a,Mega Altaria ex Espeon,altaria,4,3,0,23,PIutonium,butterfree-b3b-mega-sceptile-ex-b3,Butterfree Mega Sceptile ex,sceptile,2,4,0,
6ab4eb04e905c1db68749406,2026-09-25T13:00:00.000Z,⭐️ WIN A DELUXE 2.0 CARD︱ $20 BEC'S WEEKLY ⭐️,postfreeze,1,SWISS,5,BO3,18,,173,giaacomoo,njjord7,njjord7,decisive,giaacomoo,hoopa-ex-b4-mega-absol-ex-b1,Hoopa ex Mega Absol ex,hoopa_absol,2,3,0,,FrogEX | Njord,meowscarada-ex-b2a-meowscarada-a2b,Meowscarada ex Meowscarada,,6,3,0,8
6ab4eb04e905c1db68749406,2026-09-25T13:00:00.000Z,⭐️ WIN A DELUXE 2.0 CARD︱ $20 BEC'S WEEKLY ⭐️,postfreeze,1,SWISS,5,BO3,19,,174,minato,mipal,minato,decisive,minato,mega-altaria-ex-b1-greninja-a1,Mega Altaria ex Greninja,,3,3,0,,Mipal,mega-blaziken-ex-b1-teal-mask-ogerpon-ex-b2,Mega Blaziken ex Teal Mask Ogerpon ex,,2,4,0,33
6ab4eb04e905c1db68749406,2026-09-25T13:00:00.000Z,⭐️ WIN A DELUXE 2.0 CARD︱ $20 BEC'S WEEKLY ⭐️,postfreeze,1,SWISS,5,BO3,20,,175,goku6767,iduh,iduh,decisive,goku6767,mega-charizard-y-ex-b1a-entei-ex-a4a,Mega Charizard Y ex Entei ex,charizardy_entei,3,3,0,31,𝗠𝗲𝗴𝗮 Iduh 𝗘𝗫,suicune-ex-a4a-baxcalibur-b2a,Suicune ex Baxcalibur,suicune,6,3,0,7
6ab4eb04e905c1db68749406,2026-09-25T13:00:00.000Z,⭐️ WIN A DELUXE 2.0 CARD︱ $20 BEC'S WEEKLY ⭐️,postfreeze,1,SWISS,5,BO3,21,,176,lanora,moserk,lanora,decisive,𝗠𝗲𝗴𝗮 LaNora 𝗘𝗫,mega-altaria-ex-b1-espeon-b3a,Mega Altaria ex Espeon,altaria,4,3,0,24,moserk,vespiquen-ex-b4-shuckle-ex-a4,Vespiquen ex Shuckle ex,vespiquen,2,4,0,
6ab4eb04e905c1db68749406,2026-09-25T13:00:00.000Z,⭐️ WIN A DELUXE 2.0 CARD︱ $20 BEC'S WEEKLY ⭐️,postfreeze,1,SWISS,5,BO3,22,,177,capcaps,zegger,capcaps,decisive,𝗣𝗛𝗫 Captain Capslock,mega-diancie-ex-carbink-b3b,Mega Diancie ex Carbink,,3,3,0,29,Zegger,mega-sceptile-ex-b3-butterfree-b3b,Mega Sceptile ex Butterfree,,2,4,0,34
6ab4eb04e905c1db68749406,2026-09-25T13:00:00.000Z,⭐️ WIN A DELUXE 2.0 CARD︱ $20 BEC'S WEEKLY ⭐️,postfreeze,1,SWISS,5,BO3,23,,178,hamza007,butterflybabe,-1,double_loss,𝗠𝗮𝗴𝗺𝗮 Hamza,vespiquen-ex-b4-shuckle-ex-a4,Vespiquen ex Shuckle ex,vespiquen,2,4,0,,ButterflyBabe,alolan-ninetales-ex-b2-wugtrio-ex-a2b,Alolan Ninetales ex Wugtrio ex,,1,5,0,
6ab4eb04e905c1db68749406,2026-09-25T13:00:00.000Z,⭐️ WIN A DELUXE 2.0 CARD︱ $20 BEC'S WEEKLY ⭐️,postfreeze,1,SWISS,5,BO3,24,,179,b3nz0,dey3,b3nz0,decisive,B3NZ0,mega-lucario-ex-b3-lucario-a2,Mega Lucario ex Lucario,lucario,3,3,0,32,Dey3,team-rockets-weezing-ex-b4a-hoopa-ex-b4,Team Rocket's Weezing ex Hoopa ex,weezing,1,5,0,35
6ab4eb04e905c1db68749406,2026-09-25T13:00:00.000Z,⭐️ WIN A DELUXE 2.0 CARD︱ $20 BEC'S WEEKLY ⭐️,postfreeze,1,SWISS,5,BO3,25,,180,mamasdigletts,fer7788,-1,double_loss,MamasDigletts,mega-pidgeot-ex-p-b-pidgeot-a1,Mega Pidgeot ex Pidgeot,,0,6,0,39,Fer7788,magnezone-ex-b3-magnezone-b1a,Magnezone ex Magnezone,,0,6,0,38
6ab4eb04e905c1db68749406,2026-09-25T13:00:00.000Z,⭐️ WIN A DELUXE 2.0 CARD︱ $20 BEC'S WEEKLY ⭐️,postfreeze,1,SWISS,5,BO3,26,,181,rustycohle,cel3genk,-1,double_loss,RustyCohle,hydreigon-mega-absol-ex-b1,Hydreigon Mega Absol ex,hydreigon,1,5,0,36,Cel3genk,mega-lucario-ex-b3-lucario-a2,Mega Lucario ex Lucario,lucario,0,6,0,37
6ab4eb04e905c1db68749406,2026-09-25T13:00:00.000Z,⭐️ WIN A DELUXE 2.0 CARD︱ $20 BEC'S WEEKLY ⭐️,postfreeze,1,SWISS,6,BO3,1,,182,elatomico,pierfigo,0,tie,PGX| El Atomico,hydreigon-mega-absol-ex-b1,Hydreigon Mega Absol ex,hydreigon,9,1,1,2,PierFigo,mega-altaria-ex-b1-espeon-b3a,Mega Altaria ex Espeon,altaria,6,1,2,5
6ab4eb04e905c1db68749406,2026-09-25T13:00:00.000Z,⭐️ WIN A DELUXE 2.0 CARD︱ $20 BEC'S WEEKLY ⭐️,postfreeze,1,SWISS,6,BO3,2,,183,nandosgude,flipand11,0,tie,PGX | Nandosgude,mega-altaria-ex-b1-espeon-b3a,Mega Altaria ex Espeon,altaria,5,1,2,9,flipand11,mega-sharpedo-ex-b4-chien-pao-ex-b2a,Mega Sharpedo ex Chien-Pao ex,,5,2,1,15
6ab4eb04e905c1db68749406,2026-09-25T13:00:00.000Z,⭐️ WIN A DELUXE 2.0 CARD︱ $20 BEC'S WEEKLY ⭐️,postfreeze,1,SWISS,6,BO3,3,,184,dietdrkelp,beachboy,0,tie,𝗠𝗢𝗡⭐️| Suede,greninja-a1-mega-absol-ex-b1,Greninja Mega Absol ex,,4,2,1,18,BeachBoy,mega-sharpedo-ex-b4-gyarados-a4,Mega Sharpedo ex Gyarados,,5,2,1,11
6ab4eb04e905c1db68749406,2026-09-25T13:00:00.000Z,⭐️ WIN A DELUXE 2.0 CARD︱ $20 BEC'S WEEKLY ⭐️,postfreeze,1,SWISS,6,BO3,4,,185,victorssito,syr,0,tie,PGX | victorssito,buzzwole-ex-pheromosa-a3a,Buzzwole ex Pheromosa,,5,2,1,10,syr,mega-altaria-ex-b1-happiny-b4a,Mega Altaria ex Happiny,,6,2,1,6
6ab4eb04e905c1db68749406,2026-09-25T13:00:00.000Z,⭐️ WIN A DELUXE 2.0 CARD︱ $20 BEC'S WEEKLY ⭐️,postfreeze,1,SWISS,6,BO3,5,,186,xastur,aldous,0,tie,Xastur,hoopa-ex-b4-mega-absol-ex-b1,Hoopa ex Mega Absol ex,hoopa_absol,4,2,1,19,Aldous,mega-altaria-ex-b1-espeon-b3a,Mega Altaria ex Espeon,altaria,5,2,1,13
6ab4eb04e905c1db68749406,2026-09-25T13:00:00.000Z,⭐️ WIN A DELUXE 2.0 CARD︱ $20 BEC'S WEEKLY ⭐️,postfreeze,1,SWISS,6,BO3,6,,187,brendon68,ventrixd,0,tie,𝙄𝙈𝙋 | Brendon .,magnezone-b1a-miraidon-ex-b3a,Magnezone Miraidon ex,,7,2,1,3,VentriXD,magnezone-b1a-miraidon-ex-b3a,Magnezone Miraidon ex,,4,2,1,17
6ab4eb04e905c1db68749406,2026-09-25T13:00:00.000Z,⭐️ WIN A DELUXE 2.0 CARD︱ $20 BEC'S WEEKLY ⭐️,postfreeze,1,SWISS,6,BO3,7,,188,garoth,warpis,0,tie,IMP | Garoth,vespiquen-ex-b4-shuckle-ex-a4,Vespiquen ex Shuckle ex,vespiquen,5,2,1,14,𝗠𝗲𝗴𝗮 SIPRAW 𝗘𝗫,mega-altaria-ex-b1-espeon-b3a,Mega Altaria ex Espeon,altaria,5,2,1,12
6ab4eb04e905c1db68749406,2026-09-25T13:00:00.000Z,⭐️ WIN A DELUXE 2.0 CARD︱ $20 BEC'S WEEKLY ⭐️,postfreeze,1,SWISS,6,BO3,8,,189,hanalana,njjord7,njjord7,decisive,Hanalana,meowscarada-ex-b2a-meowscarada-a2b,Meowscarada ex Meowscarada,,3,3,0,27,FrogEX | Njord,meowscarada-ex-b2a-meowscarada-a2b,Meowscarada ex Meowscarada,,6,3,0,8
6ab4eb04e905c1db68749406,2026-09-25T13:00:00.000Z,⭐️ WIN A DELUXE 2.0 CARD︱ $20 BEC'S WEEKLY ⭐️,postfreeze,1,SWISS,6,BO3,9,,190,iduh,karel,iduh,decisive,𝗠𝗲𝗴𝗮 Iduh 𝗘𝗫,suicune-ex-a4a-baxcalibur-b2a,Suicune ex Baxcalibur,suicune,6,3,0,7,karel,mega-altaria-ex-b1-espeon-b3a,Mega Altaria ex Espeon,altaria,3,3,0,
6ab4eb04e905c1db68749406,2026-09-25T13:00:00.000Z,⭐️ WIN A DELUXE 2.0 CARD︱ $20 BEC'S WEEKLY ⭐️,postfreeze,1,SWISS,6,BO3,10,,191,eeveeon,minato,eeveeon,decisive,𝗠𝗲𝗴𝗮 eeveeon 𝗘𝗫,mega-manectric-ex-b2b-heliolisk-b4,Mega Manectric ex Heliolisk,manectric_heliolisk,4,3,0,21,minato,mega-altaria-ex-b1-greninja-a1,Mega Altaria ex Greninja,,3,3,0,
6ab4eb04e905c1db68749406,2026-09-25T13:00:00.000Z,⭐️ WIN A DELUXE 2.0 CARD︱ $20 BEC'S WEEKLY ⭐️,postfreeze,1,SWISS,6,BO3,11,,192,supreme13,razbersky202,razbersky202,decisive,𝗕𝗮𝗹𝗱 Supreme,greninja-a1-mega-absol-ex-b1,Greninja Mega Absol ex,,3,3,0,26,Razbersky202,beautifly-b1-dustox-b4,Beautifly Dustox,,4,3,0,22
6ab4eb04e905c1db68749406,2026-09-25T13:00:00.000Z,⭐️ WIN A DELUXE 2.0 CARD︱ $20 BEC'S WEEKLY ⭐️,postfreeze,1,SWISS,6,BO3,12,,193,lanora,sandy_permata205,lanora,decisive,𝗠𝗲𝗴𝗮 LaNora 𝗘𝗫,mega-altaria-ex-b1-espeon-b3a,Mega Altaria ex Espeon,altaria,4,3,0,24,𝗠𝗲𝗴𝗮 Razor 𝗘𝗫,dragonair-mega-rayquaza-ex-b4,Dragonair Mega Rayquaza ex,,3,3,0,30
6ab4eb04e905c1db68749406,2026-09-25T13:00:00.000Z,⭐️ WIN A DELUXE 2.0 CARD︱ $20 BEC'S WEEKLY ⭐️,postfreeze,1,SWISS,6,BO3,13,,194,https,alana,https,decisive,Nobody ,hoopa-ex-b4-mega-absol-ex-b1,Hoopa ex Mega Absol ex,hoopa_absol,5,3,0,16,𝗠𝗲𝗴𝗮 A̶l̶a̶n̶a̶ 𝗘𝗫,mega-lucario-ex-b3-lucario-a2,Mega Lucario ex Lucario,lucario,3,3,0,25
6ab4eb04e905c1db68749406,2026-09-25T13:00:00.000Z,⭐️ WIN A DELUXE 2.0 CARD︱ $20 BEC'S WEEKLY ⭐️,postfreeze,1,SWISS,6,BO3,14,,195,coffplays,capcaps,coffplays,decisive,Coffplays,hoopa-ex-b4-mega-absol-ex-b1,Hoopa ex Mega Absol ex,hoopa_absol,4,2,1,20,𝗣𝗛𝗫 Captain Capslock,mega-diancie-ex-carbink-b3b,Mega Diancie ex Carbink,,3,3,0,29
6ab4eb04e905c1db68749406,2026-09-25T13:00:00.000Z,⭐️ WIN A DELUXE 2.0 CARD︱ $20 BEC'S WEEKLY ⭐️,postfreeze,1,SWISS,6,BO3,15,,196,godi,estehlegitea,estehlegitea,decisive,Godi,vespiquen-ex-b4-shuckle-ex-a4,Vespiquen ex Shuckle ex,vespiquen,3,3,0,,KING ,team-rockets-weezing-ex-b4a-hoopa-ex-b4,Team Rocket's Weezing ex Hoopa ex,weezing,9,2,0,1
6ab4eb04e905c1db68749406,2026-09-25T13:00:00.000Z,⭐️ WIN A DELUXE 2.0 CARD︱ $20 BEC'S WEEKLY ⭐️,postfreeze,1,SWISS,6,BO3,16,,197,sparadrap,thomasxavier21,thomasxavier21,decisive,Sparadrap,hydreigon-mega-absol-ex-b1,Hydreigon Mega Absol ex,hydreigon,3,3,0,28,ThomasXavier21,mega-altaria-ex-b1-espeon-b3a,Mega Altaria ex Espeon,altaria,4,3,0,23
6ab4eb04e905c1db68749406,2026-09-25T13:00:00.000Z,⭐️ WIN A DELUXE 2.0 CARD︱ $20 BEC'S WEEKLY ⭐️,postfreeze,1,SWISS,6,BO3,17,,198,kresna19,mipal,kresna19,decisive,Kresna19,magnezone-b1a-miraidon-ex-b3a,Magnezone Miraidon ex,,7,3,0,4,Mipal,mega-blaziken-ex-b1-teal-mask-ogerpon-ex-b2,Mega Blaziken ex Teal Mask Ogerpon ex,,2,4,0,33
6ab4eb04e905c1db68749406,2026-09-25T13:00:00.000Z,⭐️ WIN A DELUXE 2.0 CARD︱ $20 BEC'S WEEKLY ⭐️,postfreeze,1,SWISS,6,BO3,18,,199,b3nz0,zegger,b3nz0,decisive,B3NZ0,mega-lucario-ex-b3-lucario-a2,Mega Lucario ex Lucario,lucario,3,3,0,32,Zegger,mega-sceptile-ex-b3-butterfree-b3b,Mega Sceptile ex Butterfree,,2,4,0,34
6ab4eb04e905c1db68749406,2026-09-25T13:00:00.000Z,⭐️ WIN A DELUXE 2.0 CARD︱ $20 BEC'S WEEKLY ⭐️,postfreeze,1,SWISS,6,BO3,19,,200,alta,hamza007,-1,double_loss,Alta,butterfree-b3b-mega-sceptile-ex-b3,Butterfree Mega Sceptile ex,sceptile,2,4,0,,𝗠𝗮𝗴𝗺𝗮 Hamza,vespiquen-ex-b4-shuckle-ex-a4,Vespiquen ex Shuckle ex,vespiquen,2,4,0,
6ab4eb04e905c1db68749406,2026-09-25T13:00:00.000Z,⭐️ WIN A DELUXE 2.0 CARD︱ $20 BEC'S WEEKLY ⭐️,postfreeze,1,SWISS,6,BO3,20,,201,piutonium,moserk,-1,double_loss,PIutonium,butterfree-b3b-mega-sceptile-ex-b3,Butterfree Mega Sceptile ex,sceptile,2,4,0,,moserk,vespiquen-ex-b4-shuckle-ex-a4,Vespiquen ex Shuckle ex,vespiquen,2,4,0,
6ab4eb04e905c1db68749406,2026-09-25T13:00:00.000Z,⭐️ WIN A DELUXE 2.0 CARD︱ $20 BEC'S WEEKLY ⭐️,postfreeze,1,SWISS,6,BO3,21,,202,goku6767,dey3,goku6767,decisive,goku6767,mega-charizard-y-ex-b1a-entei-ex-a4a,Mega Charizard Y ex Entei ex,charizardy_entei,3,3,0,31,Dey3,team-rockets-weezing-ex-b4a-hoopa-ex-b4,Team Rocket's Weezing ex Hoopa ex,weezing,1,5,0,35
6ab4eb04e905c1db68749406,2026-09-25T13:00:00.000Z,⭐️ WIN A DELUXE 2.0 CARD︱ $20 BEC'S WEEKLY ⭐️,postfreeze,1,SWISS,6,BO3,22,,203,butterflybabe,mamasdigletts,-1,double_loss,ButterflyBabe,alolan-ninetales-ex-b2-wugtrio-ex-a2b,Alolan Ninetales ex Wugtrio ex,,1,5,0,,MamasDigletts,mega-pidgeot-ex-p-b-pidgeot-a1,Mega Pidgeot ex Pidgeot,,0,6,0,39
6ab4eb04e905c1db68749406,2026-09-25T13:00:00.000Z,⭐️ WIN A DELUXE 2.0 CARD︱ $20 BEC'S WEEKLY ⭐️,postfreeze,1,SWISS,6,BO3,23,,204,fer7788,cel3genk,-1,double_loss,Fer7788,magnezone-ex-b3-magnezone-b1a,Magnezone ex Magnezone,,0,6,0,38,Cel3genk,mega-lucario-ex-b3-lucario-a2,Mega Lucario ex Lucario,lucario,0,6,0,37
6ab4eb04e905c1db68749406,2026-09-25T13:00:00.000Z,⭐️ WIN A DELUXE 2.0 CARD︱ $20 BEC'S WEEKLY ⭐️,postfreeze,1,SWISS,6,BO3,24,,205,rustycohle,,rustycohle,bye_or_automatic_loss,RustyCohle,hydreigon-mega-absol-ex-b1,Hydreigon Mega Absol ex,hydreigon,1,5,0,36,,,,,,,,
6ab4eb04e905c1db68749406,2026-09-25T13:00:00.000Z,⭐️ WIN A DELUXE 2.0 CARD︱ $20 BEC'S WEEKLY ⭐️,postfreeze,2,SINGLE_BRACKET,7,BO3,,T32-14,206,flipand11,razbersky202,flipand11,decisive,flipand11,mega-sharpedo-ex-b4-chien-pao-ex-b2a,Mega Sharpedo ex Chien-Pao ex,,5,2,1,15,Razbersky202,beautifly-b1-dustox-b4,Beautifly Dustox,,4,3,0,22
6ab4eb04e905c1db68749406,2026-09-25T13:00:00.000Z,⭐️ WIN A DELUXE 2.0 CARD︱ $20 BEC'S WEEKLY ⭐️,postfreeze,2,SINGLE_BRACKET,7,BO3,,T32-6,207,xastur,njjord7,njjord7,decisive,Xastur,hoopa-ex-b4-mega-absol-ex-b1,Hoopa ex Mega Absol ex,hoopa_absol,4,2,1,19,FrogEX | Njord,meowscarada-ex-b2a-meowscarada-a2b,Meowscarada ex Meowscarada,,6,3,0,8
6ab4eb04e905c1db68749406,2026-09-25T13:00:00.000Z,⭐️ WIN A DELUXE 2.0 CARD︱ $20 BEC'S WEEKLY ⭐️,postfreeze,2,SINGLE_BRACKET,7,BO3,,T32-16,208,garoth,thomasxavier21,garoth,decisive,IMP | Garoth,vespiquen-ex-b4-shuckle-ex-a4,Vespiquen ex Shuckle ex,vespiquen,5,2,1,14,ThomasXavier21,mega-altaria-ex-b1-espeon-b3a,Mega Altaria ex Espeon,altaria,4,3,0,23
6ab4eb04e905c1db68749406,2026-09-25T13:00:00.000Z,⭐️ WIN A DELUXE 2.0 CARD︱ $20 BEC'S WEEKLY ⭐️,postfreeze,2,SINGLE_BRACKET,7,BO3,,T32-11,209,warpis,,warpis,bye_or_automatic_loss,𝗠𝗲𝗴𝗮 SIPRAW 𝗘𝗫,mega-altaria-ex-b1-espeon-b3a,Mega Altaria ex Espeon,altaria,5,2,1,12,,,,,,,,
6ab4eb04e905c1db68749406,2026-09-25T13:00:00.000Z,⭐️ WIN A DELUXE 2.0 CARD︱ $20 BEC'S WEEKLY ⭐️,postfreeze,2,SINGLE_BRACKET,7,BO3,,T16-3,210,victorssito,njjord7,njjord7,decisive,PGX | victorssito,buzzwole-ex-pheromosa-a3a,Buzzwole ex Pheromosa,,5,2,1,10,FrogEX | Njord,meowscarada-ex-b2a-meowscarada-a2b,Meowscarada ex Meowscarada,,6,3,0,8
6ab4eb04e905c1db68749406,2026-09-25T13:00:00.000Z,⭐️ WIN A DELUXE 2.0 CARD︱ $20 BEC'S WEEKLY ⭐️,postfreeze,2,SINGLE_BRACKET,7,BO3,,T16-2,211,aldous,syr,syr,decisive,Aldous,mega-altaria-ex-b1-espeon-b3a,Mega Altaria ex Espeon,altaria,5,2,1,13,syr,mega-altaria-ex-b1-happiny-b4a,Mega Altaria ex Happiny,,6,2,1,6
6ab4eb04e905c1db68749406,2026-09-25T13:00:00.000Z,⭐️ WIN A DELUXE 2.0 CARD︱ $20 BEC'S WEEKLY ⭐️,postfreeze,2,SINGLE_BRACKET,7,BO3,,T32-5,212,victorssito,,victorssito,bye_or_automatic_loss,PGX | victorssito,buzzwole-ex-pheromosa-a3a,Buzzwole ex Pheromosa,,5,2,1,10,,,,,,,,
6ab4eb04e905c1db68749406,2026-09-25T13:00:00.000Z,⭐️ WIN A DELUXE 2.0 CARD︱ $20 BEC'S WEEKLY ⭐️,postfreeze,2,SINGLE_BRACKET,7,BO3,,T32-3,213,aldous,,aldous,bye_or_automatic_loss,Aldous,mega-altaria-ex-b1-espeon-b3a,Mega Altaria ex Espeon,altaria,5,2,1,13,,,,,,,,
6ab4eb04e905c1db68749406,2026-09-25T13:00:00.000Z,⭐️ WIN A DELUXE 2.0 CARD︱ $20 BEC'S WEEKLY ⭐️,postfreeze,2,SINGLE_BRACKET,7,BO3,,T16-6,214,warpis,estehlegitea,estehlegitea,decisive,𝗠𝗲𝗴𝗮 SIPRAW 𝗘𝗫,mega-altaria-ex-b1-espeon-b3a,Mega Altaria ex Espeon,altaria,5,2,1,12,KING ,team-rockets-weezing-ex-b4a-hoopa-ex-b4,Team Rocket's Weezing ex Hoopa ex,weezing,9,2,0,1
6ab4eb04e905c1db68749406,2026-09-25T13:00:00.000Z,⭐️ WIN A DELUXE 2.0 CARD︱ $20 BEC'S WEEKLY ⭐️,postfreeze,2,SINGLE_BRACKET,7,BO3,,T32-2,215,https,eeveeon,https,decisive,Nobody ,hoopa-ex-b4-mega-absol-ex-b1,Hoopa ex Mega Absol ex,hoopa_absol,5,3,0,16,𝗠𝗲𝗴𝗮 eeveeon 𝗘𝗫,mega-manectric-ex-b2b-heliolisk-b4,Mega Manectric ex Heliolisk,manectric_heliolisk,4,3,0,21
6ab4eb04e905c1db68749406,2026-09-25T13:00:00.000Z,⭐️ WIN A DELUXE 2.0 CARD︱ $20 BEC'S WEEKLY ⭐️,postfreeze,2,SINGLE_BRACKET,7,BO3,,T32-4,216,syr,lanora,syr,decisive,syr,mega-altaria-ex-b1-happiny-b4a,Mega Altaria ex Happiny,,6,2,1,6,𝗠𝗲𝗴𝗮 LaNora 𝗘𝗫,mega-altaria-ex-b1-espeon-b3a,Mega Altaria ex Espeon,altaria,4,3,0,24
6ab4eb04e905c1db68749406,2026-09-25T13:00:00.000Z,⭐️ WIN A DELUXE 2.0 CARD︱ $20 BEC'S WEEKLY ⭐️,postfreeze,2,SINGLE_BRACKET,7,BO3,,T32-1,217,elatomico,,elatomico,bye_or_automatic_loss,PGX| El Atomico,hydreigon-mega-absol-ex-b1,Hydreigon Mega Absol ex,hydreigon,9,1,1,2,,,,,,,,
6ab4eb04e905c1db68749406,2026-09-25T13:00:00.000Z,⭐️ WIN A DELUXE 2.0 CARD︱ $20 BEC'S WEEKLY ⭐️,postfreeze,2,SINGLE_BRACKET,7,BO3,,T8-4,218,pierfigo,brendon68,brendon68,decisive,PierFigo,mega-altaria-ex-b1-espeon-b3a,Mega Altaria ex Espeon,altaria,6,1,2,5,𝙄𝙈𝙋 | Brendon .,magnezone-b1a-miraidon-ex-b3a,Magnezone Miraidon ex,,7,2,1,3
6ab4eb04e905c1db68749406,2026-09-25T13:00:00.000Z,⭐️ WIN A DELUXE 2.0 CARD︱ $20 BEC'S WEEKLY ⭐️,postfreeze,2,SINGLE_BRACKET,7,BO3,,T32-13,219,pierfigo,,pierfigo,bye_or_automatic_loss,PierFigo,mega-altaria-ex-b1-espeon-b3a,Mega Altaria ex Espeon,altaria,6,1,2,5,,,,,,,,
6ab4eb04e905c1db68749406,2026-09-25T13:00:00.000Z,⭐️ WIN A DELUXE 2.0 CARD︱ $20 BEC'S WEEKLY ⭐️,postfreeze,2,SINGLE_BRACKET,7,BO3,,T32-10,220,coffplays,iduh,iduh,decisive,Coffplays,hoopa-ex-b4-mega-absol-ex-b1,Hoopa ex Mega Absol ex,hoopa_absol,4,2,1,20,𝗠𝗲𝗴𝗮 Iduh 𝗘𝗫,suicune-ex-a4a-baxcalibur-b2a,Suicune ex Baxcalibur,suicune,6,3,0,7
6ab4eb04e905c1db68749406,2026-09-25T13:00:00.000Z,⭐️ WIN A DELUXE 2.0 CARD︱ $20 BEC'S WEEKLY ⭐️,postfreeze,2,SINGLE_BRACKET,7,BO3,,T8-2,221,njjord7,kresna19,kresna19,decisive,FrogEX | Njord,meowscarada-ex-b2a-meowscarada-a2b,Meowscarada ex Meowscarada,,6,3,0,8,Kresna19,magnezone-b1a-miraidon-ex-b3a,Magnezone Miraidon ex,,7,3,0,4
6ab4eb04e905c1db68749406,2026-09-25T13:00:00.000Z,⭐️ WIN A DELUXE 2.0 CARD︱ $20 BEC'S WEEKLY ⭐️,postfreeze,2,SINGLE_BRACKET,7,BO3,,T16-5,222,nandosgude,iduh,iduh,decisive,PGX | Nandosgude,mega-altaria-ex-b1-espeon-b3a,Mega Altaria ex Espeon,altaria,5,1,2,9,𝗠𝗲𝗴𝗮 Iduh 𝗘𝗫,suicune-ex-a4a-baxcalibur-b2a,Suicune ex Baxcalibur,suicune,6,3,0,7
6ab4eb04e905c1db68749406,2026-09-25T13:00:00.000Z,⭐️ WIN A DELUXE 2.0 CARD︱ $20 BEC'S WEEKLY ⭐️,postfreeze,2,SINGLE_BRACKET,7,BO3,,T32-9,223,nandosgude,,nandosgude,bye_or_automatic_loss,PGX | Nandosgude,mega-altaria-ex-b1-espeon-b3a,Mega Altaria ex Espeon,altaria,5,1,2,9,,,,,,,,
6ab4eb04e905c1db68749406,2026-09-25T13:00:00.000Z,⭐️ WIN A DELUXE 2.0 CARD︱ $20 BEC'S WEEKLY ⭐️,postfreeze,2,SINGLE_BRACKET,7,BO3,,T32-8,224,dietdrkelp,kresna19,kresna19,decisive,𝗠𝗢𝗡⭐️| Suede,greninja-a1-mega-absol-ex-b1,Greninja Mega Absol ex,,4,2,1,18,Kresna19,magnezone-b1a-miraidon-ex-b3a,Magnezone Miraidon ex,,7,3,0,4
6ab4eb04e905c1db68749406,2026-09-25T13:00:00.000Z,⭐️ WIN A DELUXE 2.0 CARD︱ $20 BEC'S WEEKLY ⭐️,postfreeze,2,SINGLE_BRACKET,7,BO3,,T16-8,225,brendon68,garoth,brendon68,decisive,𝙄𝙈𝙋 | Brendon .,magnezone-b1a-miraidon-ex-b3a,Magnezone Miraidon ex,,7,2,1,3,IMP | Garoth,vespiquen-ex-b4-shuckle-ex-a4,Vespiquen ex Shuckle ex,vespiquen,5,2,1,14
6ab4eb04e905c1db68749406,2026-09-25T13:00:00.000Z,⭐️ WIN A DELUXE 2.0 CARD︱ $20 BEC'S WEEKLY ⭐️,postfreeze,2,SINGLE_BRACKET,7,BO3,,T32-15,226,brendon68,,brendon68,bye_or_automatic_loss,𝙄𝙈𝙋 | Brendon .,magnezone-b1a-miraidon-ex-b3a,Magnezone Miraidon ex,,7,2,1,3,,,,,,,,
6ab4eb04e905c1db68749406,2026-09-25T13:00:00.000Z,⭐️ WIN A DELUXE 2.0 CARD︱ $20 BEC'S WEEKLY ⭐️,postfreeze,2,SINGLE_BRACKET,7,BO3,,T32-12,227,ventrixd,estehlegitea,estehlegitea,decisive,VentriXD,magnezone-b1a-miraidon-ex-b3a,Magnezone Miraidon ex,,4,2,1,17,KING ,team-rockets-weezing-ex-b4a-hoopa-ex-b4,Team Rocket's Weezing ex Hoopa ex,weezing,9,2,0,1
6ab4eb04e905c1db68749406,2026-09-25T13:00:00.000Z,⭐️ WIN A DELUXE 2.0 CARD︱ $20 BEC'S WEEKLY ⭐️,postfreeze,2,SINGLE_BRACKET,7,BO3,,T16-1,228,elatomico,https,elatomico,decisive,PGX| El Atomico,hydreigon-mega-absol-ex-b1,Hydreigon Mega Absol ex,hydreigon,9,1,1,2,Nobody ,hoopa-ex-b4-mega-absol-ex-b1,Hoopa ex Mega Absol ex,hoopa_absol,5,3,0,16
6ab4eb04e905c1db68749406,2026-09-25T13:00:00.000Z,⭐️ WIN A DELUXE 2.0 CARD︱ $20 BEC'S WEEKLY ⭐️,postfreeze,2,SINGLE_BRACKET,7,BO3,,T16-4,229,beachboy,kresna19,kresna19,decisive,BeachBoy,mega-sharpedo-ex-b4-gyarados-a4,Mega Sharpedo ex Gyarados,,5,2,1,11,Kresna19,magnezone-b1a-miraidon-ex-b3a,Magnezone Miraidon ex,,7,3,0,4
6ab4eb04e905c1db68749406,2026-09-25T13:00:00.000Z,⭐️ WIN A DELUXE 2.0 CARD︱ $20 BEC'S WEEKLY ⭐️,postfreeze,2,SINGLE_BRACKET,7,BO3,,T32-7,230,beachboy,,beachboy,bye_or_automatic_loss,BeachBoy,mega-sharpedo-ex-b4-gyarados-a4,Mega Sharpedo ex Gyarados,,5,2,1,11,,,,,,,,
6ab4eb04e905c1db68749406,2026-09-25T13:00:00.000Z,⭐️ WIN A DELUXE 2.0 CARD︱ $20 BEC'S WEEKLY ⭐️,postfreeze,2,SINGLE_BRACKET,7,BO3,,T16-7,231,pierfigo,flipand11,pierfigo,decisive,PierFigo,mega-altaria-ex-b1-espeon-b3a,Mega Altaria ex Espeon,altaria,6,1,2,5,flipand11,mega-sharpedo-ex-b4-chien-pao-ex-b2a,Mega Sharpedo ex Chien-Pao ex,,5,2,1,15
6ab4eb04e905c1db68749406,2026-09-25T13:00:00.000Z,⭐️ WIN A DELUXE 2.0 CARD︱ $20 BEC'S WEEKLY ⭐️,postfreeze,2,SINGLE_BRACKET,7,BO3,,T8-1,232,elatomico,syr,elatomico,decisive,PGX| El Atomico,hydreigon-mega-absol-ex-b1,Hydreigon Mega Absol ex,hydreigon,9,1,1,2,syr,mega-altaria-ex-b1-happiny-b4a,Mega Altaria ex Happiny,,6,2,1,6
6ab4eb04e905c1db68749406,2026-09-25T13:00:00.000Z,⭐️ WIN A DELUXE 2.0 CARD︱ $20 BEC'S WEEKLY ⭐️,postfreeze,2,SINGLE_BRACKET,7,BO3,,T4-1,233,elatomico,kresna19,elatomico,decisive,PGX| El Atomico,hydreigon-mega-absol-ex-b1,Hydreigon Mega Absol ex,hydreigon,9,1,1,2,Kresna19,magnezone-b1a-miraidon-ex-b3a,Magnezone Miraidon ex,,7,3,0,4
6ab4eb04e905c1db68749406,2026-09-25T13:00:00.000Z,⭐️ WIN A DELUXE 2.0 CARD︱ $20 BEC'S WEEKLY ⭐️,postfreeze,2,SINGLE_BRACKET,7,BO3,,T2-1,234,elatomico,estehlegitea,estehlegitea,decisive,PGX| El Atomico,hydreigon-mega-absol-ex-b1,Hydreigon Mega Absol ex,hydreigon,9,1,1,2,KING ,team-rockets-weezing-ex-b4a-hoopa-ex-b4,Team Rocket's Weezing ex Hoopa ex,weezing,9,2,0,1
6ab4eb04e905c1db68749406,2026-09-25T13:00:00.000Z,⭐️ WIN A DELUXE 2.0 CARD︱ $20 BEC'S WEEKLY ⭐️,postfreeze,2,SINGLE_BRACKET,7,BO3,,T4-2,235,estehlegitea,brendon68,estehlegitea,decisive,KING ,team-rockets-weezing-ex-b4a-hoopa-ex-b4,Team Rocket's Weezing ex Hoopa ex,weezing,9,2,0,1,𝙄𝙈𝙋 | Brendon .,magnezone-b1a-miraidon-ex-b3a,Magnezone Miraidon ex,,7,2,1,3
6ab4eb04e905c1db68749406,2026-09-25T13:00:00.000Z,⭐️ WIN A DELUXE 2.0 CARD︱ $20 BEC'S WEEKLY ⭐️,postfreeze,2,SINGLE_BRACKET,7,BO3,,T8-3,236,iduh,estehlegitea,estehlegitea,decisive,𝗠𝗲𝗴𝗮 Iduh 𝗘𝗫,suicune-ex-a4a-baxcalibur-b2a,Suicune ex Baxcalibur,suicune,6,3,0,7,KING ,team-rockets-weezing-ex-b4a-hoopa-ex-b4,Team Rocket's Weezing ex Hoopa ex,weezing,9,2,0,1
