step	bot	pairing	i	k	verdict	finite_on_board	old_choice	full_choice	cut_only_choice	queued_only_choice	full_ok	cut_only_ok	queued_only_ok
8	k3	17	5	92	LOOKAHEAD ONLY, both halves hold	yes	Play { trainer_card: A3 144 Rare Candy }	Play { trainer_card: A3 144 Rare Candy }	Retreat(2)	Play { trainer_card: A3 144 Rare Candy }	yes	no	yes
8	k3	17	55	68	LOOKAHEAD ONLY, both halves hold	yes	Attach { attachments: [(1, Fire, 2)], is_turn_energy: true }	Attach { attachments: [(1, Fire, 2)], is_turn_energy: true }	Retreat(2)	Attach { attachments: [(1, Fire, 2)], is_turn_energy: true }	yes	no	yes
8	k3	17	63	45	LOOKAHEAD ONLY, both halves hold	yes	Retreat(1)	Retreat(1)	Retreat(3)	Retreat(1)	yes	no	yes
8	k3	17	67	35	LOOKAHEAD ONLY, both halves hold	yes	Attach { attachments: [(1, Fire, 0)], is_turn_energy: true }	Attach { attachments: [(1, Fire, 0)], is_turn_energy: true }	Play { trainer_card: B1 217 Flame Patch }	Attach { attachments: [(1, Fire, 0)], is_turn_energy: true }	yes	no	yes
8	k3	17	73	73	LOOKAHEAD ONLY, both halves hold	yes	Attach { attachments: [(1, Fire, 3)], is_turn_energy: true }	Attach { attachments: [(1, Fire, 3)], is_turn_energy: true }	Retreat(3)	Attach { attachments: [(1, Fire, 3)], is_turn_energy: true }	yes	no	yes
8	k3	17	90	96	LOOKAHEAD ONLY, both halves hold	yes	Retreat(3)	Retreat(3)	Play { trainer_card: A2 150 Cyrus }	Retreat(3)	yes	no	yes
8	k3	17	184	23	LOOKAHEAD ONLY, both halves hold	yes	Attach { attachments: [(1, Fire, 3)], is_turn_energy: true }	Attach { attachments: [(1, Fire, 3)], is_turn_energy: true }	Play { trainer_card: P-A 007 Professor's Research }	Attach { attachments: [(1, Fire, 3)], is_turn_energy: true }	yes	no	yes
8	k3	17	200	68	LOOKAHEAD ONLY, both halves hold	yes	Attach { attachments: [(1, Fire, 3)], is_turn_energy: true }	Attach { attachments: [(1, Fire, 3)], is_turn_energy: true }	Play { trainer_card: P-A 005 Poké Ball }	Attach { attachments: [(1, Fire, 3)], is_turn_energy: true }	yes	no	yes
8	k3	17	222	98	LOOKAHEAD ONLY, both halves hold	yes	Retreat(3)	Retreat(3)	Attack(Attack { energy_required: [Fire, Fire], title: "Mega Burning", fixed_damage: 120, effect: Some("Discard Fire[R] Energy from this Pokémon. Your opponent's Active Pokémon is now Burned.") })	Retreat(3)	yes	no	yes
8	k3	19	1	100	LOOKAHEAD ONLY, both halves hold	yes	Retreat(3)	Retreat(3)	Attach { attachments: [(1, Fighting, 2)], is_turn_energy: true }	Retreat(3)	yes	no	yes
8	k3	19	44	45	LOOKAHEAD ONLY, both halves hold	yes	Attach { attachments: [(1, Fighting, 3)], is_turn_energy: true }	Attach { attachments: [(1, Fighting, 3)], is_turn_energy: true }	Play { trainer_card: A2 150 Cyrus }	Attach { attachments: [(1, Fighting, 3)], is_turn_energy: true }	yes	no	yes
8	k3	19	49	33	LOOKAHEAD ONLY, both halves hold	yes	Attack(Attack { energy_required: [Fighting], title: "Stretch Kick", fixed_damage: 0, effect: Some("This attack does 30 damage to 1 of your opponent's Benched Pokémon.") })	Attack(Attack { energy_required: [Fighting], title: "Stretch Kick", fixed_damage: 0, effect: Some("This attack does 30 damage to 1 of your opponent's Benched Pokémon.") })	Play { trainer_card: P-A 002 X Speed }	Attack(Attack { energy_required: [Fighting], title: "Stretch Kick", fixed_damage: 0, effect: Some("This attack does 30 damage to 1 of your opponent's Benched Pokémon.") })	yes	no	yes
8	k3	19	76	34	LOOKAHEAD ONLY, both halves hold	yes	Attach { attachments: [(1, Fighting, 2)], is_turn_energy: true }	Attach { attachments: [(1, Fighting, 2)], is_turn_energy: true }	Retreat(3)	Attach { attachments: [(1, Fighting, 2)], is_turn_energy: true }	yes	no	yes
8	k3	19	92	41	LOOKAHEAD ONLY, both halves hold	yes	Attack(Attack { energy_required: [Fighting], title: "Stretch Kick", fixed_damage: 0, effect: Some("This attack does 30 damage to 1 of your opponent's Benched Pokémon.") })	Attack(Attack { energy_required: [Fighting], title: "Stretch Kick", fixed_damage: 0, effect: Some("This attack does 30 damage to 1 of your opponent's Benched Pokémon.") })	Play { trainer_card: B2 147 Protective Poncho }	Attack(Attack { energy_required: [Fighting], title: "Stretch Kick", fixed_damage: 0, effect: Some("This attack does 30 damage to 1 of your opponent's Benched Pokémon.") })	yes	no	yes
8	k3	19	138	27	LOOKAHEAD ONLY, both halves hold	yes	Attack(Attack { energy_required: [Fighting], title: "Stretch Kick", fixed_damage: 0, effect: Some("This attack does 30 damage to 1 of your opponent's Benched Pokémon.") })	Attack(Attack { energy_required: [Fighting], title: "Stretch Kick", fixed_damage: 0, effect: Some("This attack does 30 damage to 1 of your opponent's Benched Pokémon.") })	Retreat(3)	Attack(Attack { energy_required: [Fighting], title: "Stretch Kick", fixed_damage: 0, effect: Some("This attack does 30 damage to 1 of your opponent's Benched Pokémon.") })	yes	no	yes
8	k3	19	142	42	LOOKAHEAD ONLY, both halves hold	yes	Attack(Attack { energy_required: [Fighting], title: "Stretch Kick", fixed_damage: 0, effect: Some("This attack does 30 damage to 1 of your opponent's Benched Pokémon.") })	Attack(Attack { energy_required: [Fighting], title: "Stretch Kick", fixed_damage: 0, effect: Some("This attack does 30 damage to 1 of your opponent's Benched Pokémon.") })	Play { trainer_card: B2 147 Protective Poncho }	Attack(Attack { energy_required: [Fighting], title: "Stretch Kick", fixed_damage: 0, effect: Some("This attack does 30 damage to 1 of your opponent's Benched Pokémon.") })	yes	no	yes
8	k3	19	163	27	LOOKAHEAD ONLY, both halves hold	yes	Play { trainer_card: A2 150 Cyrus }	Play { trainer_card: A2 150 Cyrus }	Evolve { evolution: Pokemon(B3 081 Mega Lucario ex), in_play_idx: 3, from_deck: false }	Play { trainer_card: A2 150 Cyrus }	yes	no	yes
8	k3	20	73	86	ON THE BOARD	yes	Retreat(3)	Retreat(3)	Attack(Attack { energy_required: [Grass], title: "Sunny Wind", fixed_damage: 60, effect: Some("Heal 20 damage from this Pokémon.") })	Retreat(3)	yes	no	yes
8	k3	20	91	95	ON THE BOARD	yes	Retreat(3)	Retreat(3)	Attack(Attack { energy_required: [Grass], title: "Sunny Wind", fixed_damage: 60, effect: Some("Heal 20 damage from this Pokémon.") })	Retreat(3)	yes	no	yes
8	k3	20	160	42	LOOKAHEAD ONLY, both halves hold	yes	Attach { attachments: [(1, Grass, 3)], is_turn_energy: true }	Attach { attachments: [(1, Grass, 3)], is_turn_energy: true }	Retreat(3)	Attach { attachments: [(1, Grass, 3)], is_turn_energy: true }	yes	no	yes
8	k3	20	173	72	ON THE BOARD	yes	Retreat(3)	Retreat(3)	Attack(Attack { energy_required: [Grass], title: "Sunny Wind", fixed_damage: 60, effect: Some("Heal 20 damage from this Pokémon.") })	Retreat(3)	yes	no	yes
8	k3	20	174	65	LOOKAHEAD ONLY, both halves hold	yes	Place(Pokemon(B3b 001 Caterpie), 3)	Place(Pokemon(B3b 001 Caterpie), 3)	Play { trainer_card: A3 147 Leaf Cape }	Place(Pokemon(B3b 001 Caterpie), 3)	yes	no	yes
8	k3	20	201	97	LOOKAHEAD ONLY, both halves hold	yes	Attack(Attack { energy_required: [Grass, Grass], title: "Slicing Snipe", fixed_damage: 0, effect: Some("This attack does 50 damage to 1 of your opponent's Benched Pokémon.") })	Attack(Attack { energy_required: [Grass, Grass], title: "Slicing Snipe", fixed_damage: 0, effect: Some("This attack does 50 damage to 1 of your opponent's Benched Pokémon.") })	Play { trainer_card: A1 219 Erika }	Attack(Attack { energy_required: [Grass, Grass], title: "Slicing Snipe", fixed_damage: 0, effect: Some("This attack does 50 damage to 1 of your opponent's Benched Pokémon.") })	yes	no	yes
8	k3	21	42	116	LOOKAHEAD ONLY, both halves hold	yes	Retreat(2)	Retreat(2)	Retreat(3)	Retreat(2)	yes	no	yes
8	k3	21	70	120	LOOKAHEAD ONLY, both halves hold	yes	UseAbility { in_play_idx: 3 }	UseAbility { in_play_idx: 3 }	Retreat(2)	UseAbility { in_play_idx: 3 }	yes	no	yes
8	k3	21	106	110	LOOKAHEAD ONLY, both halves hold	yes	Retreat(2)	Retreat(2)	Retreat(3)	Retreat(2)	yes	no	yes
8	k3	21	107	119	LOOKAHEAD ONLY, both halves hold	yes	Retreat(2)	Retreat(2)	Retreat(3)	Retreat(2)	yes	no	yes
8	k3	21	111	114	LOOKAHEAD ONLY, both halves hold	yes	UseAbility { in_play_idx: 3 }	UseAbility { in_play_idx: 3 }	Retreat(1)	UseAbility { in_play_idx: 3 }	yes	no	yes
8	k3	21	200	126	LOOKAHEAD ONLY, both halves hold	yes	UseAbility { in_play_idx: 2 }	UseAbility { in_play_idx: 2 }	Retreat(1)	UseAbility { in_play_idx: 2 }	yes	no	yes
8	k3	21	210	119	LOOKAHEAD ONLY, both halves hold	yes	Play { trainer_card: B4 154 Soothing Shore }	Play { trainer_card: B4 154 Soothing Shore }	Retreat(3)	Play { trainer_card: B4 154 Soothing Shore }	yes	no	yes
8	k3	21	211	64	LOOKAHEAD ONLY, both halves hold	yes	Retreat(1)	Retreat(1)	Play { trainer_card: A2b 070 Pokémon Center Lady }	Retreat(1)	yes	no	yes
8	k3	21	243	99	LOOKAHEAD ONLY, both halves hold	yes	Play { trainer_card: P-A 007 Professor's Research }	Play { trainer_card: P-A 007 Professor's Research }	Retreat(2)	Play { trainer_card: P-A 007 Professor's Research }	yes	no	yes
8	k3	21	248	146	LOOKAHEAD ONLY, both halves hold	yes	Attach { attachments: [(1, Water, 2)], is_turn_energy: true }	Attach { attachments: [(1, Water, 2)], is_turn_energy: true }	Retreat(2)	Attach { attachments: [(1, Water, 2)], is_turn_energy: true }	yes	no	yes
8	k3	22	7	56	LOOKAHEAD ONLY, both halves hold	yes	UseStadium	UseStadium	Retreat(3)	UseStadium	yes	no	yes
8	k3	22	8	95	LOOKAHEAD ONLY, both halves hold	yes	Attack(Attack { energy_required: [Grass, Grass], title: "Chase Order", fixed_damage: 70, effect: Some("You may discard 1 of your Benched Basic [G] Pokémon. If you do, this attack does 70 more damage.") })	Attack(Attack { energy_required: [Grass, Grass], title: "Chase Order", fixed_damage: 70, effect: Some("You may discard 1 of your Benched Basic [G] Pokémon. If you do, this attack does 70 more damage.") })	Attach { attachments: [(1, Grass, 1)], is_turn_energy: true }	Attack(Attack { energy_required: [Grass, Grass], title: "Chase Order", fixed_damage: 70, effect: Some("You may discard 1 of your Benched Basic [G] Pokémon. If you do, this attack does 70 more damage.") })	yes	no	yes
8	k3	22	12	94	LOOKAHEAD ONLY, both halves hold	yes	Attack(Attack { energy_required: [Grass, Grass], title: "Chase Order", fixed_damage: 70, effect: Some("You may discard 1 of your Benched Basic [G] Pokémon. If you do, this attack does 70 more damage.") })	Attack(Attack { energy_required: [Grass, Grass], title: "Chase Order", fixed_damage: 70, effect: Some("You may discard 1 of your Benched Basic [G] Pokémon. If you do, this attack does 70 more damage.") })	Place(Pokemon(A4 021 Shuckle ex), 1)	Attack(Attack { energy_required: [Grass, Grass], title: "Chase Order", fixed_damage: 70, effect: Some("You may discard 1 of your Benched Basic [G] Pokémon. If you do, this attack does 70 more damage.") })	yes	no	yes
8	k3	22	13	55	LOOKAHEAD ONLY, both halves hold	yes	Attack(Attack { energy_required: [Grass, Grass], title: "Chase Order", fixed_damage: 70, effect: Some("You may discard 1 of your Benched Basic [G] Pokémon. If you do, this attack does 70 more damage.") })	Attack(Attack { energy_required: [Grass, Grass], title: "Chase Order", fixed_damage: 70, effect: Some("You may discard 1 of your Benched Basic [G] Pokémon. If you do, this attack does 70 more damage.") })	Attach { attachments: [(1, Grass, 1)], is_turn_energy: true }	Attack(Attack { energy_required: [Grass, Grass], title: "Chase Order", fixed_damage: 70, effect: Some("You may discard 1 of your Benched Basic [G] Pokémon. If you do, this attack does 70 more damage.") })	yes	no	yes
8	k3	22	16	67	LOOKAHEAD ONLY, both halves hold	yes	Attack(Attack { energy_required: [Grass, Grass], title: "Chase Order", fixed_damage: 70, effect: Some("You may discard 1 of your Benched Basic [G] Pokémon. If you do, this attack does 70 more damage.") })	Attack(Attack { energy_required: [Grass, Grass], title: "Chase Order", fixed_damage: 70, effect: Some("You may discard 1 of your Benched Basic [G] Pokémon. If you do, this attack does 70 more damage.") })	Place(Pokemon(B4 010 Combee), 3)	Attack(Attack { energy_required: [Grass, Grass], title: "Chase Order", fixed_damage: 70, effect: Some("You may discard 1 of your Benched Basic [G] Pokémon. If you do, this attack does 70 more damage.") })	yes	no	yes
8	k3	22	17	77	LOOKAHEAD ONLY, both halves hold	yes	Attach { attachments: [(1, Grass, 2)], is_turn_energy: true }	Attach { attachments: [(1, Grass, 2)], is_turn_energy: true }	Place(Pokemon(A4 021 Shuckle ex), 1)	Attach { attachments: [(1, Grass, 2)], is_turn_energy: true }	yes	no	yes
8	k3	22	23	31	LOOKAHEAD ONLY, both halves hold	yes	Attack(Attack { energy_required: [Grass, Grass], title: "Chase Order", fixed_damage: 70, effect: Some("You may discard 1 of your Benched Basic [G] Pokémon. If you do, this attack does 70 more damage.") })	Attack(Attack { energy_required: [Grass, Grass], title: "Chase Order", fixed_damage: 70, effect: Some("You may discard 1 of your Benched Basic [G] Pokémon. If you do, this attack does 70 more damage.") })	UseStadium	Attack(Attack { energy_required: [Grass, Grass], title: "Chase Order", fixed_damage: 70, effect: Some("You may discard 1 of your Benched Basic [G] Pokémon. If you do, this attack does 70 more damage.") })	yes	no	yes
8	k3	22	27	80	LOOKAHEAD ONLY, both halves hold	yes	Attack(Attack { energy_required: [Grass, Grass], title: "Chase Order", fixed_damage: 70, effect: Some("You may discard 1 of your Benched Basic [G] Pokémon. If you do, this attack does 70 more damage.") })	Attack(Attack { energy_required: [Grass, Grass], title: "Chase Order", fixed_damage: 70, effect: Some("You may discard 1 of your Benched Basic [G] Pokémon. If you do, this attack does 70 more damage.") })	Place(Pokemon(A4 021 Shuckle ex), 3)	Attack(Attack { energy_required: [Grass, Grass], title: "Chase Order", fixed_damage: 70, effect: Some("You may discard 1 of your Benched Basic [G] Pokémon. If you do, this attack does 70 more damage.") })	yes	no	yes
8	k3	22	29	38	LOOKAHEAD ONLY, both halves hold	yes	Attack(Attack { energy_required: [Grass, Grass], title: "Chase Order", fixed_damage: 70, effect: Some("You may discard 1 of your Benched Basic [G] Pokémon. If you do, this attack does 70 more damage.") })	Attack(Attack { energy_required: [Grass, Grass], title: "Chase Order", fixed_damage: 70, effect: Some("You may discard 1 of your Benched Basic [G] Pokémon. If you do, this attack does 70 more damage.") })	Attach { attachments: [(1, Grass, 2)], is_turn_energy: true }	Attack(Attack { energy_required: [Grass, Grass], title: "Chase Order", fixed_damage: 70, effect: Some("You may discard 1 of your Benched Basic [G] Pokémon. If you do, this attack does 70 more damage.") })	yes	no	yes
8	k3	22	32	91	LOOKAHEAD ONLY, both halves hold	yes	Attack(Attack { energy_required: [Grass, Grass], title: "Chase Order", fixed_damage: 70, effect: Some("You may discard 1 of your Benched Basic [G] Pokémon. If you do, this attack does 70 more damage.") })	Attack(Attack { energy_required: [Grass, Grass], title: "Chase Order", fixed_damage: 70, effect: Some("You may discard 1 of your Benched Basic [G] Pokémon. If you do, this attack does 70 more damage.") })	Evolve { evolution: Pokemon(B4 011 Vespiquen ex), in_play_idx: 1, from_deck: false }	Attack(Attack { energy_required: [Grass, Grass], title: "Chase Order", fixed_damage: 70, effect: Some("You may discard 1 of your Benched Basic [G] Pokémon. If you do, this attack does 70 more damage.") })	yes	no	yes
8	k3	22	33	35	LOOKAHEAD ONLY, both halves hold	yes	Attack(Attack { energy_required: [Grass, Grass], title: "Chase Order", fixed_damage: 70, effect: Some("You may discard 1 of your Benched Basic [G] Pokémon. If you do, this attack does 70 more damage.") })	Attack(Attack { energy_required: [Grass, Grass], title: "Chase Order", fixed_damage: 70, effect: Some("You may discard 1 of your Benched Basic [G] Pokémon. If you do, this attack does 70 more damage.") })	Play { trainer_card: P-A 007 Professor's Research }	Attack(Attack { energy_required: [Grass, Grass], title: "Chase Order", fixed_damage: 70, effect: Some("You may discard 1 of your Benched Basic [G] Pokémon. If you do, this attack does 70 more damage.") })	yes	no	yes
8	k3	22	34	74	LOOKAHEAD ONLY, both halves hold	yes	Attack(Attack { energy_required: [Grass, Grass], title: "Chase Order", fixed_damage: 70, effect: Some("You may discard 1 of your Benched Basic [G] Pokémon. If you do, this attack does 70 more damage.") })	Attack(Attack { energy_required: [Grass, Grass], title: "Chase Order", fixed_damage: 70, effect: Some("You may discard 1 of your Benched Basic [G] Pokémon. If you do, this attack does 70 more damage.") })	Evolve { evolution: Pokemon(B4 011 Vespiquen ex), in_play_idx: 3, from_deck: false }	Attack(Attack { energy_required: [Grass, Grass], title: "Chase Order", fixed_damage: 70, effect: Some("You may discard 1 of your Benched Basic [G] Pokémon. If you do, this attack does 70 more damage.") })	yes	no	yes
8	k3	22	35	80	LOOKAHEAD ONLY, both halves hold	yes	Attack(Attack { energy_required: [Grass, Grass], title: "Chase Order", fixed_damage: 70, effect: Some("You may discard 1 of your Benched Basic [G] Pokémon. If you do, this attack does 70 more damage.") })	Attack(Attack { energy_required: [Grass, Grass], title: "Chase Order", fixed_damage: 70, effect: Some("You may discard 1 of your Benched Basic [G] Pokémon. If you do, this attack does 70 more damage.") })	Attach { attachments: [(1, Grass, 2)], is_turn_energy: true }	Attack(Attack { energy_required: [Grass, Grass], title: "Chase Order", fixed_damage: 70, effect: Some("You may discard 1 of your Benched Basic [G] Pokémon. If you do, this attack does 70 more damage.") })	yes	no	yes
8	k3	22	39	100	LOOKAHEAD ONLY, both halves hold	yes	Attach { attachments: [(1, Grass, 1)], is_turn_energy: true }	Attach { attachments: [(1, Grass, 1)], is_turn_energy: true }	Retreat(2)	Attach { attachments: [(1, Grass, 1)], is_turn_energy: true }	yes	no	yes
8	k3	22	41	41	LOOKAHEAD ONLY, both halves hold	yes	Attack(Attack { energy_required: [Grass, Grass], title: "Chase Order", fixed_damage: 70, effect: Some("You may discard 1 of your Benched Basic [G] Pokémon. If you do, this attack does 70 more damage.") })	Attack(Attack { energy_required: [Grass, Grass], title: "Chase Order", fixed_damage: 70, effect: Some("You may discard 1 of your Benched Basic [G] Pokémon. If you do, this attack does 70 more damage.") })	UseStadium	Attack(Attack { energy_required: [Grass, Grass], title: "Chase Order", fixed_damage: 70, effect: Some("You may discard 1 of your Benched Basic [G] Pokémon. If you do, this attack does 70 more damage.") })	yes	no	yes
8	k3	22	44	83	LOOKAHEAD ONLY, both halves hold	yes	Attack(Attack { energy_required: [Grass, Grass], title: "Chase Order", fixed_damage: 70, effect: Some("You may discard 1 of your Benched Basic [G] Pokémon. If you do, this attack does 70 more damage.") })	Attack(Attack { energy_required: [Grass, Grass], title: "Chase Order", fixed_damage: 70, effect: Some("You may discard 1 of your Benched Basic [G] Pokémon. If you do, this attack does 70 more damage.") })	Attach { attachments: [(1, Grass, 1)], is_turn_energy: true }	Attack(Attack { energy_required: [Grass, Grass], title: "Chase Order", fixed_damage: 70, effect: Some("You may discard 1 of your Benched Basic [G] Pokémon. If you do, this attack does 70 more damage.") })	yes	no	yes
8	k3	22	50	60	LOOKAHEAD ONLY, both halves hold	yes	Attack(Attack { energy_required: [Grass, Grass], title: "Chase Order", fixed_damage: 70, effect: Some("You may discard 1 of your Benched Basic [G] Pokémon. If you do, this attack does 70 more damage.") })	Attack(Attack { energy_required: [Grass, Grass], title: "Chase Order", fixed_damage: 70, effect: Some("You may discard 1 of your Benched Basic [G] Pokémon. If you do, this attack does 70 more damage.") })	Place(Pokemon(B4 010 Combee), 3)	Attack(Attack { energy_required: [Grass, Grass], title: "Chase Order", fixed_damage: 70, effect: Some("You may discard 1 of your Benched Basic [G] Pokémon. If you do, this attack does 70 more damage.") })	yes	no	yes
8	k3	22	54	110	LOOKAHEAD ONLY, both halves hold	yes	Attack(Attack { energy_required: [Grass, Grass], title: "Chase Order", fixed_damage: 70, effect: Some("You may discard 1 of your Benched Basic [G] Pokémon. If you do, this attack does 70 more damage.") })	Attack(Attack { energy_required: [Grass, Grass], title: "Chase Order", fixed_damage: 70, effect: Some("You may discard 1 of your Benched Basic [G] Pokémon. If you do, this attack does 70 more damage.") })	Attach { attachments: [(1, Grass, 1)], is_turn_energy: true }	Attack(Attack { energy_required: [Grass, Grass], title: "Chase Order", fixed_damage: 70, effect: Some("You may discard 1 of your Benched Basic [G] Pokémon. If you do, this attack does 70 more damage.") })	yes	no	yes
8	k3	22	57	91	LOOKAHEAD ONLY, both halves hold	yes	Attack(Attack { energy_required: [Grass, Grass], title: "Chase Order", fixed_damage: 70, effect: Some("You may discard 1 of your Benched Basic [G] Pokémon. If you do, this attack does 70 more damage.") })	Attack(Attack { energy_required: [Grass, Grass], title: "Chase Order", fixed_damage: 70, effect: Some("You may discard 1 of your Benched Basic [G] Pokémon. If you do, this attack does 70 more damage.") })	Attach { attachments: [(1, Grass, 1)], is_turn_energy: true }	Attack(Attack { energy_required: [Grass, Grass], title: "Chase Order", fixed_damage: 70, effect: Some("You may discard 1 of your Benched Basic [G] Pokémon. If you do, this attack does 70 more damage.") })	yes	no	yes
8	k3	22	58	29	LOOKAHEAD ONLY, both halves hold	yes	Attack(Attack { energy_required: [Grass, Grass], title: "Chase Order", fixed_damage: 70, effect: Some("You may discard 1 of your Benched Basic [G] Pokémon. If you do, this attack does 70 more damage.") })	Attack(Attack { energy_required: [Grass, Grass], title: "Chase Order", fixed_damage: 70, effect: Some("You may discard 1 of your Benched Basic [G] Pokémon. If you do, this attack does 70 more damage.") })	UseStadium	Attack(Attack { energy_required: [Grass, Grass], title: "Chase Order", fixed_damage: 70, effect: Some("You may discard 1 of your Benched Basic [G] Pokémon. If you do, this attack does 70 more damage.") })	yes	no	yes
8	k3	22	59	73	LOOKAHEAD ONLY, both halves hold	yes	Attack(Attack { energy_required: [Grass, Grass], title: "Chase Order", fixed_damage: 70, effect: Some("You may discard 1 of your Benched Basic [G] Pokémon. If you do, this attack does 70 more damage.") })	Attack(Attack { energy_required: [Grass, Grass], title: "Chase Order", fixed_damage: 70, effect: Some("You may discard 1 of your Benched Basic [G] Pokémon. If you do, this attack does 70 more damage.") })	Attach { attachments: [(1, Grass, 1)], is_turn_energy: true }	Attack(Attack { energy_required: [Grass, Grass], title: "Chase Order", fixed_damage: 70, effect: Some("You may discard 1 of your Benched Basic [G] Pokémon. If you do, this attack does 70 more damage.") })	yes	no	yes
8	k3	22	60	55	LOOKAHEAD ONLY, both halves hold	yes	Attack(Attack { energy_required: [Grass, Grass], title: "Chase Order", fixed_damage: 70, effect: Some("You may discard 1 of your Benched Basic [G] Pokémon. If you do, this attack does 70 more damage.") })	Attack(Attack { energy_required: [Grass, Grass], title: "Chase Order", fixed_damage: 70, effect: Some("You may discard 1 of your Benched Basic [G] Pokémon. If you do, this attack does 70 more damage.") })	UseStadium	Attack(Attack { energy_required: [Grass, Grass], title: "Chase Order", fixed_damage: 70, effect: Some("You may discard 1 of your Benched Basic [G] Pokémon. If you do, this attack does 70 more damage.") })	yes	no	yes
8	k3	22	61	61	LOOKAHEAD ONLY, both halves hold	yes	Attack(Attack { energy_required: [Grass, Grass], title: "Chase Order", fixed_damage: 70, effect: Some("You may discard 1 of your Benched Basic [G] Pokémon. If you do, this attack does 70 more damage.") })	Attack(Attack { energy_required: [Grass, Grass], title: "Chase Order", fixed_damage: 70, effect: Some("You may discard 1 of your Benched Basic [G] Pokémon. If you do, this attack does 70 more damage.") })	Attach { attachments: [(1, Grass, 1)], is_turn_energy: true }	Attack(Attack { energy_required: [Grass, Grass], title: "Chase Order", fixed_damage: 70, effect: Some("You may discard 1 of your Benched Basic [G] Pokémon. If you do, this attack does 70 more damage.") })	yes	no	yes
8	k3	22	63	86	LOOKAHEAD ONLY, both halves hold	yes	Attack(Attack { energy_required: [Grass, Grass], title: "Chase Order", fixed_damage: 70, effect: Some("You may discard 1 of your Benched Basic [G] Pokémon. If you do, this attack does 70 more damage.") })	Attack(Attack { energy_required: [Grass, Grass], title: "Chase Order", fixed_damage: 70, effect: Some("You may discard 1 of your Benched Basic [G] Pokémon. If you do, this attack does 70 more damage.") })	Place(Pokemon(B4 010 Combee), 1)	Attack(Attack { energy_required: [Grass, Grass], title: "Chase Order", fixed_damage: 70, effect: Some("You may discard 1 of your Benched Basic [G] Pokémon. If you do, this attack does 70 more damage.") })	yes	no	yes
8	k3	22	64	43	LOOKAHEAD ONLY, both halves hold	yes	Attack(Attack { energy_required: [Grass, Grass], title: "Chase Order", fixed_damage: 70, effect: Some("You may discard 1 of your Benched Basic [G] Pokémon. If you do, this attack does 70 more damage.") })	Attack(Attack { energy_required: [Grass, Grass], title: "Chase Order", fixed_damage: 70, effect: Some("You may discard 1 of your Benched Basic [G] Pokémon. If you do, this attack does 70 more damage.") })	Play { trainer_card: P-A 007 Professor's Research }	Attack(Attack { energy_required: [Grass, Grass], title: "Chase Order", fixed_damage: 70, effect: Some("You may discard 1 of your Benched Basic [G] Pokémon. If you do, this attack does 70 more damage.") })	yes	no	yes
8	k3	22	65	30	LOOKAHEAD ONLY, both halves hold	yes	Play { trainer_card: A1 225 Sabrina }	Play { trainer_card: A1 225 Sabrina }	Attach { attachments: [(1, Grass, 0)], is_turn_energy: true }	Play { trainer_card: A1 225 Sabrina }	yes	no	yes
8	k3	22	73	76	LOOKAHEAD ONLY, both halves hold	yes	Attack(Attack { energy_required: [Grass, Grass], title: "Chase Order", fixed_damage: 70, effect: Some("You may discard 1 of your Benched Basic [G] Pokémon. If you do, this attack does 70 more damage.") })	Attack(Attack { energy_required: [Grass, Grass], title: "Chase Order", fixed_damage: 70, effect: Some("You may discard 1 of your Benched Basic [G] Pokémon. If you do, this attack does 70 more damage.") })	Attach { attachments: [(1, Grass, 2)], is_turn_energy: true }	Attack(Attack { energy_required: [Grass, Grass], title: "Chase Order", fixed_damage: 70, effect: Some("You may discard 1 of your Benched Basic [G] Pokémon. If you do, this attack does 70 more damage.") })	yes	no	yes
8	k3	22	77	61	LOOKAHEAD ONLY, both halves hold	yes	Attack(Attack { energy_required: [Grass, Grass], title: "Chase Order", fixed_damage: 70, effect: Some("You may discard 1 of your Benched Basic [G] Pokémon. If you do, this attack does 70 more damage.") })	Attack(Attack { energy_required: [Grass, Grass], title: "Chase Order", fixed_damage: 70, effect: Some("You may discard 1 of your Benched Basic [G] Pokémon. If you do, this attack does 70 more damage.") })	Attach { attachments: [(1, Grass, 3)], is_turn_energy: true }	Attack(Attack { energy_required: [Grass, Grass], title: "Chase Order", fixed_damage: 70, effect: Some("You may discard 1 of your Benched Basic [G] Pokémon. If you do, this attack does 70 more damage.") })	yes	no	yes
8	k3	22	81	80	LOOKAHEAD ONLY, both halves hold	yes	Attack(Attack { energy_required: [Grass, Grass], title: "Chase Order", fixed_damage: 70, effect: Some("You may discard 1 of your Benched Basic [G] Pokémon. If you do, this attack does 70 more damage.") })	Attack(Attack { energy_required: [Grass, Grass], title: "Chase Order", fixed_damage: 70, effect: Some("You may discard 1 of your Benched Basic [G] Pokémon. If you do, this attack does 70 more damage.") })	Attach { attachments: [(1, Grass, 2)], is_turn_energy: true }	Attack(Attack { energy_required: [Grass, Grass], title: "Chase Order", fixed_damage: 70, effect: Some("You may discard 1 of your Benched Basic [G] Pokémon. If you do, this attack does 70 more damage.") })	yes	no	yes
8	k3	22	83	82	LOOKAHEAD ONLY, both halves hold	yes	Attack(Attack { energy_required: [Grass, Grass], title: "Chase Order", fixed_damage: 70, effect: Some("You may discard 1 of your Benched Basic [G] Pokémon. If you do, this attack does 70 more damage.") })	Attack(Attack { energy_required: [Grass, Grass], title: "Chase Order", fixed_damage: 70, effect: Some("You may discard 1 of your Benched Basic [G] Pokémon. If you do, this attack does 70 more damage.") })	Attach { attachments: [(1, Grass, 2)], is_turn_energy: true }	Attack(Attack { energy_required: [Grass, Grass], title: "Chase Order", fixed_damage: 70, effect: Some("You may discard 1 of your Benched Basic [G] Pokémon. If you do, this attack does 70 more damage.") })	yes	no	yes
8	k3	22	85	76	LOOKAHEAD ONLY, both halves hold	yes	Attack(Attack { energy_required: [Grass, Grass], title: "Chase Order", fixed_damage: 70, effect: Some("You may discard 1 of your Benched Basic [G] Pokémon. If you do, this attack does 70 more damage.") })	Attack(Attack { energy_required: [Grass, Grass], title: "Chase Order", fixed_damage: 70, effect: Some("You may discard 1 of your Benched Basic [G] Pokémon. If you do, this attack does 70 more damage.") })	Place(Pokemon(B4 010 Combee), 1)	Attack(Attack { energy_required: [Grass, Grass], title: "Chase Order", fixed_damage: 70, effect: Some("You may discard 1 of your Benched Basic [G] Pokémon. If you do, this attack does 70 more damage.") })	yes	no	yes
8	k3	22	87	73	LOOKAHEAD ONLY, both halves hold	yes	Attack(Attack { energy_required: [Grass, Grass], title: "Chase Order", fixed_damage: 70, effect: Some("You may discard 1 of your Benched Basic [G] Pokémon. If you do, this attack does 70 more damage.") })	Attack(Attack { energy_required: [Grass, Grass], title: "Chase Order", fixed_damage: 70, effect: Some("You may discard 1 of your Benched Basic [G] Pokémon. If you do, this attack does 70 more damage.") })	Place(Pokemon(A4 021 Shuckle ex), 1)	Attack(Attack { energy_required: [Grass, Grass], title: "Chase Order", fixed_damage: 70, effect: Some("You may discard 1 of your Benched Basic [G] Pokémon. If you do, this attack does 70 more damage.") })	yes	no	yes
8	k3	22	88	78	LOOKAHEAD ONLY, both halves hold	yes	Attack(Attack { energy_required: [Grass, Grass], title: "Chase Order", fixed_damage: 70, effect: Some("You may discard 1 of your Benched Basic [G] Pokémon. If you do, this attack does 70 more damage.") })	Attack(Attack { energy_required: [Grass, Grass], title: "Chase Order", fixed_damage: 70, effect: Some("You may discard 1 of your Benched Basic [G] Pokémon. If you do, this attack does 70 more damage.") })	Attach { attachments: [(1, Grass, 1)], is_turn_energy: true }	Attack(Attack { energy_required: [Grass, Grass], title: "Chase Order", fixed_damage: 70, effect: Some("You may discard 1 of your Benched Basic [G] Pokémon. If you do, this attack does 70 more damage.") })	yes	no	yes
8	k3	22	89	62	LOOKAHEAD ONLY, both halves hold	yes	Attach { attachments: [(1, Grass, 3)], is_turn_energy: true }	Attach { attachments: [(1, Grass, 3)], is_turn_energy: true }	Place(Pokemon(B4 010 Combee), 2)	Attach { attachments: [(1, Grass, 3)], is_turn_energy: true }	yes	no	yes
8	k3	22	94	68	LOOKAHEAD ONLY, both halves hold	yes	Place(Pokemon(A4 021 Shuckle ex), 3)	Place(Pokemon(A4 021 Shuckle ex), 3)	Place(Pokemon(B4 010 Combee), 3)	Place(Pokemon(A4 021 Shuckle ex), 3)	yes	no	yes
8	k3	22	95	68	LOOKAHEAD ONLY, both halves hold	yes	Attack(Attack { energy_required: [Grass, Grass], title: "Chase Order", fixed_damage: 70, effect: Some("You may discard 1 of your Benched Basic [G] Pokémon. If you do, this attack does 70 more damage.") })	Attack(Attack { energy_required: [Grass, Grass], title: "Chase Order", fixed_damage: 70, effect: Some("You may discard 1 of your Benched Basic [G] Pokémon. If you do, this attack does 70 more damage.") })	Attach { attachments: [(1, Grass, 2)], is_turn_energy: true }	Attack(Attack { energy_required: [Grass, Grass], title: "Chase Order", fixed_damage: 70, effect: Some("You may discard 1 of your Benched Basic [G] Pokémon. If you do, this attack does 70 more damage.") })	yes	no	yes
8	k3	22	98	73	LOOKAHEAD ONLY, both halves hold	yes	Attack(Attack { energy_required: [Grass, Grass], title: "Chase Order", fixed_damage: 70, effect: Some("You may discard 1 of your Benched Basic [G] Pokémon. If you do, this attack does 70 more damage.") })	Attack(Attack { energy_required: [Grass, Grass], title: "Chase Order", fixed_damage: 70, effect: Some("You may discard 1 of your Benched Basic [G] Pokémon. If you do, this attack does 70 more damage.") })	Attach { attachments: [(1, Grass, 1)], is_turn_energy: true }	Attack(Attack { energy_required: [Grass, Grass], title: "Chase Order", fixed_damage: 70, effect: Some("You may discard 1 of your Benched Basic [G] Pokémon. If you do, this attack does 70 more damage.") })	yes	no	yes
8	k3	22	102	71	LOOKAHEAD ONLY, both halves hold	yes	Attack(Attack { energy_required: [Grass, Grass], title: "Chase Order", fixed_damage: 70, effect: Some("You may discard 1 of your Benched Basic [G] Pokémon. If you do, this attack does 70 more damage.") })	Attack(Attack { energy_required: [Grass, Grass], title: "Chase Order", fixed_damage: 70, effect: Some("You may discard 1 of your Benched Basic [G] Pokémon. If you do, this attack does 70 more damage.") })	Play { trainer_card: P-A 007 Professor's Research }	Attack(Attack { energy_required: [Grass, Grass], title: "Chase Order", fixed_damage: 70, effect: Some("You may discard 1 of your Benched Basic [G] Pokémon. If you do, this attack does 70 more damage.") })	yes	no	yes
8	k3	22	104	55	LOOKAHEAD ONLY, both halves hold	yes	Attack(Attack { energy_required: [Grass, Grass], title: "Chase Order", fixed_damage: 70, effect: Some("You may discard 1 of your Benched Basic [G] Pokémon. If you do, this attack does 70 more damage.") })	Attack(Attack { energy_required: [Grass, Grass], title: "Chase Order", fixed_damage: 70, effect: Some("You may discard 1 of your Benched Basic [G] Pokémon. If you do, this attack does 70 more damage.") })	Attach { attachments: [(1, Grass, 1)], is_turn_energy: true }	Attack(Attack { energy_required: [Grass, Grass], title: "Chase Order", fixed_damage: 70, effect: Some("You may discard 1 of your Benched Basic [G] Pokémon. If you do, this attack does 70 more damage.") })	yes	no	yes
8	k3	22	106	64	LOOKAHEAD ONLY, both halves hold	yes	Attack(Attack { energy_required: [Grass, Grass], title: "Chase Order", fixed_damage: 70, effect: Some("You may discard 1 of your Benched Basic [G] Pokémon. If you do, this attack does 70 more damage.") })	Attack(Attack { energy_required: [Grass, Grass], title: "Chase Order", fixed_damage: 70, effect: Some("You may discard 1 of your Benched Basic [G] Pokémon. If you do, this attack does 70 more damage.") })	UseStadium	Attack(Attack { energy_required: [Grass, Grass], title: "Chase Order", fixed_damage: 70, effect: Some("You may discard 1 of your Benched Basic [G] Pokémon. If you do, this attack does 70 more damage.") })	yes	no	yes
8	k3	22	110	54	LOOKAHEAD ONLY, both halves hold	yes	Attack(Attack { energy_required: [Grass, Grass], title: "Chase Order", fixed_damage: 70, effect: Some("You may discard 1 of your Benched Basic [G] Pokémon. If you do, this attack does 70 more damage.") })	Attack(Attack { energy_required: [Grass, Grass], title: "Chase Order", fixed_damage: 70, effect: Some("You may discard 1 of your Benched Basic [G] Pokémon. If you do, this attack does 70 more damage.") })	Attach { attachments: [(1, Grass, 3)], is_turn_energy: true }	Attack(Attack { energy_required: [Grass, Grass], title: "Chase Order", fixed_damage: 70, effect: Some("You may discard 1 of your Benched Basic [G] Pokémon. If you do, this attack does 70 more damage.") })	yes	no	yes
8	k3	22	112	37	LOOKAHEAD ONLY, both halves hold	yes	Attack(Attack { energy_required: [Grass, Grass], title: "Chase Order", fixed_damage: 70, effect: Some("You may discard 1 of your Benched Basic [G] Pokémon. If you do, this attack does 70 more damage.") })	Attack(Attack { energy_required: [Grass, Grass], title: "Chase Order", fixed_damage: 70, effect: Some("You may discard 1 of your Benched Basic [G] Pokémon. If you do, this attack does 70 more damage.") })	UseStadium	Attack(Attack { energy_required: [Grass, Grass], title: "Chase Order", fixed_damage: 70, effect: Some("You may discard 1 of your Benched Basic [G] Pokémon. If you do, this attack does 70 more damage.") })	yes	no	yes
8	k3	22	114	84	LOOKAHEAD ONLY, both halves hold	yes	Attack(Attack { energy_required: [Grass, Grass], title: "Chase Order", fixed_damage: 70, effect: Some("You may discard 1 of your Benched Basic [G] Pokémon. If you do, this attack does 70 more damage.") })	Attack(Attack { energy_required: [Grass, Grass], title: "Chase Order", fixed_damage: 70, effect: Some("You may discard 1 of your Benched Basic [G] Pokémon. If you do, this attack does 70 more damage.") })	Attach { attachments: [(1, Grass, 1)], is_turn_energy: true }	Attack(Attack { energy_required: [Grass, Grass], title: "Chase Order", fixed_damage: 70, effect: Some("You may discard 1 of your Benched Basic [G] Pokémon. If you do, this attack does 70 more damage.") })	yes	no	yes
8	k3	22	117	87	LOOKAHEAD ONLY, both halves hold	yes	Attack(Attack { energy_required: [Grass, Grass], title: "Chase Order", fixed_damage: 70, effect: Some("You may discard 1 of your Benched Basic [G] Pokémon. If you do, this attack does 70 more damage.") })	Attack(Attack { energy_required: [Grass, Grass], title: "Chase Order", fixed_damage: 70, effect: Some("You may discard 1 of your Benched Basic [G] Pokémon. If you do, this attack does 70 more damage.") })	Attach { attachments: [(1, Grass, 2)], is_turn_energy: true }	Attack(Attack { energy_required: [Grass, Grass], title: "Chase Order", fixed_damage: 70, effect: Some("You may discard 1 of your Benched Basic [G] Pokémon. If you do, this attack does 70 more damage.") })	yes	no	yes
8	k3	22	120	65	LOOKAHEAD ONLY, both halves hold	yes	Attack(Attack { energy_required: [Grass, Grass], title: "Chase Order", fixed_damage: 70, effect: Some("You may discard 1 of your Benched Basic [G] Pokémon. If you do, this attack does 70 more damage.") })	Attack(Attack { energy_required: [Grass, Grass], title: "Chase Order", fixed_damage: 70, effect: Some("You may discard 1 of your Benched Basic [G] Pokémon. If you do, this attack does 70 more damage.") })	Attach { attachments: [(1, Grass, 3)], is_turn_energy: true }	Attack(Attack { energy_required: [Grass, Grass], title: "Chase Order", fixed_damage: 70, effect: Some("You may discard 1 of your Benched Basic [G] Pokémon. If you do, this attack does 70 more damage.") })	yes	no	yes
8	k3	22	121	73	LOOKAHEAD ONLY, both halves hold	yes	Attack(Attack { energy_required: [Grass, Grass], title: "Chase Order", fixed_damage: 70, effect: Some("You may discard 1 of your Benched Basic [G] Pokémon. If you do, this attack does 70 more damage.") })	Attack(Attack { energy_required: [Grass, Grass], title: "Chase Order", fixed_damage: 70, effect: Some("You may discard 1 of your Benched Basic [G] Pokémon. If you do, this attack does 70 more damage.") })	Place(Pokemon(A4 021 Shuckle ex), 1)	Attack(Attack { energy_required: [Grass, Grass], title: "Chase Order", fixed_damage: 70, effect: Some("You may discard 1 of your Benched Basic [G] Pokémon. If you do, this attack does 70 more damage.") })	yes	no	yes
8	k3	22	122	52	LOOKAHEAD ONLY, both halves hold	yes	Attack(Attack { energy_required: [Grass, Grass], title: "Chase Order", fixed_damage: 70, effect: Some("You may discard 1 of your Benched Basic [G] Pokémon. If you do, this attack does 70 more damage.") })	Attack(Attack { energy_required: [Grass, Grass], title: "Chase Order", fixed_damage: 70, effect: Some("You may discard 1 of your Benched Basic [G] Pokémon. If you do, this attack does 70 more damage.") })	Attach { attachments: [(1, Grass, 3)], is_turn_energy: true }	Attack(Attack { energy_required: [Grass, Grass], title: "Chase Order", fixed_damage: 70, effect: Some("You may discard 1 of your Benched Basic [G] Pokémon. If you do, this attack does 70 more damage.") })	yes	no	yes
8	k3	22	128	45	LOOKAHEAD ONLY, both halves hold	yes	Attack(Attack { energy_required: [Grass, Grass], title: "Chase Order", fixed_damage: 70, effect: Some("You may discard 1 of your Benched Basic [G] Pokémon. If you do, this attack does 70 more damage.") })	Attack(Attack { energy_required: [Grass, Grass], title: "Chase Order", fixed_damage: 70, effect: Some("You may discard 1 of your Benched Basic [G] Pokémon. If you do, this attack does 70 more damage.") })	Attach { attachments: [(1, Grass, 2)], is_turn_energy: true }	Attack(Attack { energy_required: [Grass, Grass], title: "Chase Order", fixed_damage: 70, effect: Some("You may discard 1 of your Benched Basic [G] Pokémon. If you do, this attack does 70 more damage.") })	yes	no	yes
8	k3	22	130	31	LOOKAHEAD ONLY, both halves hold	yes	Attack(Attack { energy_required: [Grass, Grass], title: "Chase Order", fixed_damage: 70, effect: Some("You may discard 1 of your Benched Basic [G] Pokémon. If you do, this attack does 70 more damage.") })	Attack(Attack { energy_required: [Grass, Grass], title: "Chase Order", fixed_damage: 70, effect: Some("You may discard 1 of your Benched Basic [G] Pokémon. If you do, this attack does 70 more damage.") })	UseStadium	Attack(Attack { energy_required: [Grass, Grass], title: "Chase Order", fixed_damage: 70, effect: Some("You may discard 1 of your Benched Basic [G] Pokémon. If you do, this attack does 70 more damage.") })	yes	no	yes
8	k3	22	131	68	LOOKAHEAD ONLY, both halves hold	yes	Attack(Attack { energy_required: [Grass, Grass], title: "Energized Leaves", fixed_damage: 60, effect: Some("If the amount of Energy attached to both Active Pokémon is 5 or more, this attack does 60 more damage.") })	Attack(Attack { energy_required: [Grass, Grass], title: "Energized Leaves", fixed_damage: 60, effect: Some("If the amount of Energy attached to both Active Pokémon is 5 or more, this attack does 60 more damage.") })	Retreat(3)	Attack(Attack { energy_required: [Grass, Grass], title: "Energized Leaves", fixed_damage: 60, effect: Some("If the amount of Energy attached to both Active Pokémon is 5 or more, this attack does 60 more damage.") })	yes	no	yes
8	k3	22	132	45	LOOKAHEAD ONLY, both halves hold	yes	Attack(Attack { energy_required: [Grass, Grass], title: "Chase Order", fixed_damage: 70, effect: Some("You may discard 1 of your Benched Basic [G] Pokémon. If you do, this attack does 70 more damage.") })	Attack(Attack { energy_required: [Grass, Grass], title: "Chase Order", fixed_damage: 70, effect: Some("You may discard 1 of your Benched Basic [G] Pokémon. If you do, this attack does 70 more damage.") })	UseStadium	Attack(Attack { energy_required: [Grass, Grass], title: "Chase Order", fixed_damage: 70, effect: Some("You may discard 1 of your Benched Basic [G] Pokémon. If you do, this attack does 70 more damage.") })	yes	no	yes
8	k3	22	133	82	LOOKAHEAD ONLY, both halves hold	yes	Attack(Attack { energy_required: [Grass, Grass], title: "Chase Order", fixed_damage: 70, effect: Some("You may discard 1 of your Benched Basic [G] Pokémon. If you do, this attack does 70 more damage.") })	Attack(Attack { energy_required: [Grass, Grass], title: "Chase Order", fixed_damage: 70, effect: Some("You may discard 1 of your Benched Basic [G] Pokémon. If you do, this attack does 70 more damage.") })	Attach { attachments: [(1, Grass, 3)], is_turn_energy: true }	Attack(Attack { energy_required: [Grass, Grass], title: "Chase Order", fixed_damage: 70, effect: Some("You may discard 1 of your Benched Basic [G] Pokémon. If you do, this attack does 70 more damage.") })	yes	no	yes
8	k3	22	134	80	LOOKAHEAD ONLY, both halves hold	yes	Attack(Attack { energy_required: [Grass, Grass], title: "Chase Order", fixed_damage: 70, effect: Some("You may discard 1 of your Benched Basic [G] Pokémon. If you do, this attack does 70 more damage.") })	Attack(Attack { energy_required: [Grass, Grass], title: "Chase Order", fixed_damage: 70, effect: Some("You may discard 1 of your Benched Basic [G] Pokémon. If you do, this attack does 70 more damage.") })	Attach { attachments: [(1, Grass, 1)], is_turn_energy: true }	Attack(Attack { energy_required: [Grass, Grass], title: "Chase Order", fixed_damage: 70, effect: Some("You may discard 1 of your Benched Basic [G] Pokémon. If you do, this attack does 70 more damage.") })	yes	no	yes
8	k3	22	140	43	LOOKAHEAD ONLY, both halves hold	yes	Attack(Attack { energy_required: [Grass, Grass], title: "Chase Order", fixed_damage: 70, effect: Some("You may discard 1 of your Benched Basic [G] Pokémon. If you do, this attack does 70 more damage.") })	Attack(Attack { energy_required: [Grass, Grass], title: "Chase Order", fixed_damage: 70, effect: Some("You may discard 1 of your Benched Basic [G] Pokémon. If you do, this attack does 70 more damage.") })	Play { trainer_card: P-A 007 Professor's Research }	Attack(Attack { energy_required: [Grass, Grass], title: "Chase Order", fixed_damage: 70, effect: Some("You may discard 1 of your Benched Basic [G] Pokémon. If you do, this attack does 70 more damage.") })	yes	no	yes
8	k3	22	141	43	LOOKAHEAD ONLY, both halves hold	yes	Attack(Attack { energy_required: [Grass, Grass], title: "Chase Order", fixed_damage: 70, effect: Some("You may discard 1 of your Benched Basic [G] Pokémon. If you do, this attack does 70 more damage.") })	Attack(Attack { energy_required: [Grass, Grass], title: "Chase Order", fixed_damage: 70, effect: Some("You may discard 1 of your Benched Basic [G] Pokémon. If you do, this attack does 70 more damage.") })	UseStadium	Attack(Attack { energy_required: [Grass, Grass], title: "Chase Order", fixed_damage: 70, effect: Some("You may discard 1 of your Benched Basic [G] Pokémon. If you do, this attack does 70 more damage.") })	yes	no	yes
8	k3	22	143	90	LOOKAHEAD ONLY, both halves hold	yes	Attack(Attack { energy_required: [Grass, Grass], title: "Chase Order", fixed_damage: 70, effect: Some("You may discard 1 of your Benched Basic [G] Pokémon. If you do, this attack does 70 more damage.") })	Attack(Attack { energy_required: [Grass, Grass], title: "Chase Order", fixed_damage: 70, effect: Some("You may discard 1 of your Benched Basic [G] Pokémon. If you do, this attack does 70 more damage.") })	Place(Pokemon(B4 010 Combee), 3)	Attack(Attack { energy_required: [Grass, Grass], title: "Chase Order", fixed_damage: 70, effect: Some("You may discard 1 of your Benched Basic [G] Pokémon. If you do, this attack does 70 more damage.") })	yes	no	yes
8	k3	22	145	50	LOOKAHEAD ONLY, both halves hold	yes	Attack(Attack { energy_required: [Grass, Grass], title: "Chase Order", fixed_damage: 70, effect: Some("You may discard 1 of your Benched Basic [G] Pokémon. If you do, this attack does 70 more damage.") })	Attack(Attack { energy_required: [Grass, Grass], title: "Chase Order", fixed_damage: 70, effect: Some("You may discard 1 of your Benched Basic [G] Pokémon. If you do, this attack does 70 more damage.") })	UseStadium	Attack(Attack { energy_required: [Grass, Grass], title: "Chase Order", fixed_damage: 70, effect: Some("You may discard 1 of your Benched Basic [G] Pokémon. If you do, this attack does 70 more damage.") })	yes	no	yes
8	k3	22	148	104	LOOKAHEAD ONLY, both halves hold	yes	Attack(Attack { energy_required: [Grass, Grass], title: "Chase Order", fixed_damage: 70, effect: Some("You may discard 1 of your Benched Basic [G] Pokémon. If you do, this attack does 70 more damage.") })	Attack(Attack { energy_required: [Grass, Grass], title: "Chase Order", fixed_damage: 70, effect: Some("You may discard 1 of your Benched Basic [G] Pokémon. If you do, this attack does 70 more damage.") })	Play { trainer_card: P-A 007 Professor's Research }	Attack(Attack { energy_required: [Grass, Grass], title: "Chase Order", fixed_damage: 70, effect: Some("You may discard 1 of your Benched Basic [G] Pokémon. If you do, this attack does 70 more damage.") })	yes	no	yes
8	k3	22	151	100	LOOKAHEAD ONLY, both halves hold	yes	Attack(Attack { energy_required: [Grass, Grass], title: "Chase Order", fixed_damage: 70, effect: Some("You may discard 1 of your Benched Basic [G] Pokémon. If you do, this attack does 70 more damage.") })	Attack(Attack { energy_required: [Grass, Grass], title: "Chase Order", fixed_damage: 70, effect: Some("You may discard 1 of your Benched Basic [G] Pokémon. If you do, this attack does 70 more damage.") })	Evolve { evolution: Pokemon(B4 011 Vespiquen ex), in_play_idx: 3, from_deck: false }	Attack(Attack { energy_required: [Grass, Grass], title: "Chase Order", fixed_damage: 70, effect: Some("You may discard 1 of your Benched Basic [G] Pokémon. If you do, this attack does 70 more damage.") })	yes	no	yes
8	k3	22	152	78	LOOKAHEAD ONLY, both halves hold	yes	Attack(Attack { energy_required: [Grass, Grass], title: "Chase Order", fixed_damage: 70, effect: Some("You may discard 1 of your Benched Basic [G] Pokémon. If you do, this attack does 70 more damage.") })	Attack(Attack { energy_required: [Grass, Grass], title: "Chase Order", fixed_damage: 70, effect: Some("You may discard 1 of your Benched Basic [G] Pokémon. If you do, this attack does 70 more damage.") })	Place(Pokemon(B2 017 Teal Mask Ogerpon ex), 2)	Attack(Attack { energy_required: [Grass, Grass], title: "Chase Order", fixed_damage: 70, effect: Some("You may discard 1 of your Benched Basic [G] Pokémon. If you do, this attack does 70 more damage.") })	yes	no	yes
8	k3	22	154	82	LOOKAHEAD ONLY, both halves hold	yes	Play { trainer_card: A1 225 Sabrina }	Play { trainer_card: A1 225 Sabrina }	Retreat(3)	Play { trainer_card: A1 225 Sabrina }	yes	no	yes
8	k3	22	155	90	LOOKAHEAD ONLY, both halves hold	yes	Attack(Attack { energy_required: [Grass, Grass], title: "Chase Order", fixed_damage: 70, effect: Some("You may discard 1 of your Benched Basic [G] Pokémon. If you do, this attack does 70 more damage.") })	Attack(Attack { energy_required: [Grass, Grass], title: "Chase Order", fixed_damage: 70, effect: Some("You may discard 1 of your Benched Basic [G] Pokémon. If you do, this attack does 70 more damage.") })	Attach { attachments: [(1, Grass, 3)], is_turn_energy: true }	Attack(Attack { energy_required: [Grass, Grass], title: "Chase Order", fixed_damage: 70, effect: Some("You may discard 1 of your Benched Basic [G] Pokémon. If you do, this attack does 70 more damage.") })	yes	no	yes
8	k3	22	158	83	LOOKAHEAD ONLY, both halves hold	yes	Attack(Attack { energy_required: [Grass, Grass], title: "Chase Order", fixed_damage: 70, effect: Some("You may discard 1 of your Benched Basic [G] Pokémon. If you do, this attack does 70 more damage.") })	Attack(Attack { energy_required: [Grass, Grass], title: "Chase Order", fixed_damage: 70, effect: Some("You may discard 1 of your Benched Basic [G] Pokémon. If you do, this attack does 70 more damage.") })	Attach { attachments: [(1, Grass, 2)], is_turn_energy: true }	Attack(Attack { energy_required: [Grass, Grass], title: "Chase Order", fixed_damage: 70, effect: Some("You may discard 1 of your Benched Basic [G] Pokémon. If you do, this attack does 70 more damage.") })	yes	no	yes
8	k3	22	159	79	LOOKAHEAD ONLY, both halves hold	yes	Attack(Attack { energy_required: [Grass, Grass], title: "Chase Order", fixed_damage: 70, effect: Some("You may discard 1 of your Benched Basic [G] Pokémon. If you do, this attack does 70 more damage.") })	Attack(Attack { energy_required: [Grass, Grass], title: "Chase Order", fixed_damage: 70, effect: Some("You may discard 1 of your Benched Basic [G] Pokémon. If you do, this attack does 70 more damage.") })	UseStadium	Attack(Attack { energy_required: [Grass, Grass], title: "Chase Order", fixed_damage: 70, effect: Some("You may discard 1 of your Benched Basic [G] Pokémon. If you do, this attack does 70 more damage.") })	yes	no	yes
8	k3	22	163	69	LOOKAHEAD ONLY, both halves hold	yes	Attack(Attack { energy_required: [Grass, Grass], title: "Chase Order", fixed_damage: 70, effect: Some("You may discard 1 of your Benched Basic [G] Pokémon. If you do, this attack does 70 more damage.") })	Attack(Attack { energy_required: [Grass, Grass], title: "Chase Order", fixed_damage: 70, effect: Some("You may discard 1 of your Benched Basic [G] Pokémon. If you do, this attack does 70 more damage.") })	Attach { attachments: [(1, Grass, 3)], is_turn_energy: true }	Attack(Attack { energy_required: [Grass, Grass], title: "Chase Order", fixed_damage: 70, effect: Some("You may discard 1 of your Benched Basic [G] Pokémon. If you do, this attack does 70 more damage.") })	yes	no	yes
8	k3	22	164	91	LOOKAHEAD ONLY, both halves hold	yes	Attack(Attack { energy_required: [Grass, Grass], title: "Energized Leaves", fixed_damage: 60, effect: Some("If the amount of Energy attached to both Active Pokémon is 5 or more, this attack does 60 more damage.") })	Attack(Attack { energy_required: [Grass, Grass], title: "Energized Leaves", fixed_damage: 60, effect: Some("If the amount of Energy attached to both Active Pokémon is 5 or more, this attack does 60 more damage.") })	Retreat(2)	Attack(Attack { energy_required: [Grass, Grass], title: "Energized Leaves", fixed_damage: 60, effect: Some("If the amount of Energy attached to both Active Pokémon is 5 or more, this attack does 60 more damage.") })	yes	no	yes
8	k3	22	165	88	LOOKAHEAD ONLY, both halves hold	yes	Attack(Attack { energy_required: [Grass, Grass], title: "Energized Leaves", fixed_damage: 60, effect: Some("If the amount of Energy attached to both Active Pokémon is 5 or more, this attack does 60 more damage.") })	Attack(Attack { energy_required: [Grass, Grass], title: "Energized Leaves", fixed_damage: 60, effect: Some("If the amount of Energy attached to both Active Pokémon is 5 or more, this attack does 60 more damage.") })	Retreat(1)	Attack(Attack { energy_required: [Grass, Grass], title: "Energized Leaves", fixed_damage: 60, effect: Some("If the amount of Energy attached to both Active Pokémon is 5 or more, this attack does 60 more damage.") })	yes	no	yes
8	k3	22	167	44	LOOKAHEAD ONLY, both halves hold	yes	Attack(Attack { energy_required: [Grass, Grass], title: "Chase Order", fixed_damage: 70, effect: Some("You may discard 1 of your Benched Basic [G] Pokémon. If you do, this attack does 70 more damage.") })	Attack(Attack { energy_required: [Grass, Grass], title: "Chase Order", fixed_damage: 70, effect: Some("You may discard 1 of your Benched Basic [G] Pokémon. If you do, this attack does 70 more damage.") })	UseStadium	Attack(Attack { energy_required: [Grass, Grass], title: "Chase Order", fixed_damage: 70, effect: Some("You may discard 1 of your Benched Basic [G] Pokémon. If you do, this attack does 70 more damage.") })	yes	no	yes
8	k3	22	172	59	LOOKAHEAD ONLY, both halves hold	yes	Attack(Attack { energy_required: [Grass, Grass], title: "Chase Order", fixed_damage: 70, effect: Some("You may discard 1 of your Benched Basic [G] Pokémon. If you do, this attack does 70 more damage.") })	Attack(Attack { energy_required: [Grass, Grass], title: "Chase Order", fixed_damage: 70, effect: Some("You may discard 1 of your Benched Basic [G] Pokémon. If you do, this attack does 70 more damage.") })	Play { trainer_card: A3 147 Leaf Cape }	Attack(Attack { energy_required: [Grass, Grass], title: "Chase Order", fixed_damage: 70, effect: Some("You may discard 1 of your Benched Basic [G] Pokémon. If you do, this attack does 70 more damage.") })	yes	no	yes
8	k3	22	175	72	LOOKAHEAD ONLY, both halves hold	yes	Attack(Attack { energy_required: [Grass, Grass], title: "Chase Order", fixed_damage: 70, effect: Some("You may discard 1 of your Benched Basic [G] Pokémon. If you do, this attack does 70 more damage.") })	Attack(Attack { energy_required: [Grass, Grass], title: "Chase Order", fixed_damage: 70, effect: Some("You may discard 1 of your Benched Basic [G] Pokémon. If you do, this attack does 70 more damage.") })	Place(Pokemon(A4 021 Shuckle ex), 3)	Attack(Attack { energy_required: [Grass, Grass], title: "Chase Order", fixed_damage: 70, effect: Some("You may discard 1 of your Benched Basic [G] Pokémon. If you do, this attack does 70 more damage.") })	yes	no	yes
8	k3	22	176	54	LOOKAHEAD ONLY, both halves hold	yes	Attack(Attack { energy_required: [Grass, Grass], title: "Chase Order", fixed_damage: 70, effect: Some("You may discard 1 of your Benched Basic [G] Pokémon. If you do, this attack does 70 more damage.") })	Attack(Attack { energy_required: [Grass, Grass], title: "Chase Order", fixed_damage: 70, effect: Some("You may discard 1 of your Benched Basic [G] Pokémon. If you do, this attack does 70 more damage.") })	Attach { attachments: [(1, Grass, 1)], is_turn_energy: true }	Attack(Attack { energy_required: [Grass, Grass], title: "Chase Order", fixed_damage: 70, effect: Some("You may discard 1 of your Benched Basic [G] Pokémon. If you do, this attack does 70 more damage.") })	yes	no	yes
8	k3	22	177	80	LOOKAHEAD ONLY, both halves hold	yes	Attack(Attack { energy_required: [Grass, Grass], title: "Chase Order", fixed_damage: 70, effect: Some("You may discard 1 of your Benched Basic [G] Pokémon. If you do, this attack does 70 more damage.") })	Attack(Attack { energy_required: [Grass, Grass], title: "Chase Order", fixed_damage: 70, effect: Some("You may discard 1 of your Benched Basic [G] Pokémon. If you do, this attack does 70 more damage.") })	Attach { attachments: [(1, Grass, 2)], is_turn_energy: true }	Attack(Attack { energy_required: [Grass, Grass], title: "Chase Order", fixed_damage: 70, effect: Some("You may discard 1 of your Benched Basic [G] Pokémon. If you do, this attack does 70 more damage.") })	yes	no	yes
8	k3	22	181	56	LOOKAHEAD ONLY, both halves hold	yes	Attack(Attack { energy_required: [Grass, Grass], title: "Chase Order", fixed_damage: 70, effect: Some("You may discard 1 of your Benched Basic [G] Pokémon. If you do, this attack does 70 more damage.") })	Attack(Attack { energy_required: [Grass, Grass], title: "Chase Order", fixed_damage: 70, effect: Some("You may discard 1 of your Benched Basic [G] Pokémon. If you do, this attack does 70 more damage.") })	Play { trainer_card: P-A 007 Professor's Research }	Attack(Attack { energy_required: [Grass, Grass], title: "Chase Order", fixed_damage: 70, effect: Some("You may discard 1 of your Benched Basic [G] Pokémon. If you do, this attack does 70 more damage.") })	yes	no	yes
8	k3	22	183	83	LOOKAHEAD ONLY, both halves hold	yes	Attack(Attack { energy_required: [Grass, Grass], title: "Chase Order", fixed_damage: 70, effect: Some("You may discard 1 of your Benched Basic [G] Pokémon. If you do, this attack does 70 more damage.") })	Attack(Attack { energy_required: [Grass, Grass], title: "Chase Order", fixed_damage: 70, effect: Some("You may discard 1 of your Benched Basic [G] Pokémon. If you do, this attack does 70 more damage.") })	Attach { attachments: [(1, Grass, 1)], is_turn_energy: true }	Attack(Attack { energy_required: [Grass, Grass], title: "Chase Order", fixed_damage: 70, effect: Some("You may discard 1 of your Benched Basic [G] Pokémon. If you do, this attack does 70 more damage.") })	yes	no	yes
8	k3	22	186	62	LOOKAHEAD ONLY, both halves hold	yes	Attack(Attack { energy_required: [Grass, Grass], title: "Chase Order", fixed_damage: 70, effect: Some("You may discard 1 of your Benched Basic [G] Pokémon. If you do, this attack does 70 more damage.") })	Attack(Attack { energy_required: [Grass, Grass], title: "Chase Order", fixed_damage: 70, effect: Some("You may discard 1 of your Benched Basic [G] Pokémon. If you do, this attack does 70 more damage.") })	Place(Pokemon(B4 010 Combee), 2)	Attack(Attack { energy_required: [Grass, Grass], title: "Chase Order", fixed_damage: 70, effect: Some("You may discard 1 of your Benched Basic [G] Pokémon. If you do, this attack does 70 more damage.") })	yes	no	yes
8	k3	22	187	63	LOOKAHEAD ONLY, both halves hold	yes	Attack(Attack { energy_required: [Grass, Grass], title: "Chase Order", fixed_damage: 70, effect: Some("You may discard 1 of your Benched Basic [G] Pokémon. If you do, this attack does 70 more damage.") })	Attack(Attack { energy_required: [Grass, Grass], title: "Chase Order", fixed_damage: 70, effect: Some("You may discard 1 of your Benched Basic [G] Pokémon. If you do, this attack does 70 more damage.") })	Attach { attachments: [(1, Grass, 2)], is_turn_energy: true }	Attack(Attack { energy_required: [Grass, Grass], title: "Chase Order", fixed_damage: 70, effect: Some("You may discard 1 of your Benched Basic [G] Pokémon. If you do, this attack does 70 more damage.") })	yes	no	yes
8	k3	22	194	71	LOOKAHEAD ONLY, both halves hold	yes	Attack(Attack { energy_required: [Grass, Grass], title: "Chase Order", fixed_damage: 70, effect: Some("You may discard 1 of your Benched Basic [G] Pokémon. If you do, this attack does 70 more damage.") })	Attack(Attack { energy_required: [Grass, Grass], title: "Chase Order", fixed_damage: 70, effect: Some("You may discard 1 of your Benched Basic [G] Pokémon. If you do, this attack does 70 more damage.") })	Attach { attachments: [(1, Grass, 1)], is_turn_energy: true }	Attack(Attack { energy_required: [Grass, Grass], title: "Chase Order", fixed_damage: 70, effect: Some("You may discard 1 of your Benched Basic [G] Pokémon. If you do, this attack does 70 more damage.") })	yes	no	yes
8	k3	22	196	67	LOOKAHEAD ONLY, both halves hold	yes	Attack(Attack { energy_required: [Grass, Grass], title: "Chase Order", fixed_damage: 70, effect: Some("You may discard 1 of your Benched Basic [G] Pokémon. If you do, this attack does 70 more damage.") })	Attack(Attack { energy_required: [Grass, Grass], title: "Chase Order", fixed_damage: 70, effect: Some("You may discard 1 of your Benched Basic [G] Pokémon. If you do, this attack does 70 more damage.") })	Attach { attachments: [(1, Grass, 3)], is_turn_energy: true }	Attack(Attack { energy_required: [Grass, Grass], title: "Chase Order", fixed_damage: 70, effect: Some("You may discard 1 of your Benched Basic [G] Pokémon. If you do, this attack does 70 more damage.") })	yes	no	yes
8	k3	22	198	74	LOOKAHEAD ONLY, both halves hold	yes	Attack(Attack { energy_required: [Grass, Grass], title: "Chase Order", fixed_damage: 70, effect: Some("You may discard 1 of your Benched Basic [G] Pokémon. If you do, this attack does 70 more damage.") })	Attack(Attack { energy_required: [Grass, Grass], title: "Chase Order", fixed_damage: 70, effect: Some("You may discard 1 of your Benched Basic [G] Pokémon. If you do, this attack does 70 more damage.") })	Attach { attachments: [(1, Grass, 3)], is_turn_energy: true }	Attack(Attack { energy_required: [Grass, Grass], title: "Chase Order", fixed_damage: 70, effect: Some("You may discard 1 of your Benched Basic [G] Pokémon. If you do, this attack does 70 more damage.") })	yes	no	yes
8	k3	22	200	82	LOOKAHEAD ONLY, both halves hold	yes	Attack(Attack { energy_required: [Grass, Grass], title: "Chase Order", fixed_damage: 70, effect: Some("You may discard 1 of your Benched Basic [G] Pokémon. If you do, this attack does 70 more damage.") })	Attack(Attack { energy_required: [Grass, Grass], title: "Chase Order", fixed_damage: 70, effect: Some("You may discard 1 of your Benched Basic [G] Pokémon. If you do, this attack does 70 more damage.") })	Place(Pokemon(B2 017 Teal Mask Ogerpon ex), 3)	Attack(Attack { energy_required: [Grass, Grass], title: "Chase Order", fixed_damage: 70, effect: Some("You may discard 1 of your Benched Basic [G] Pokémon. If you do, this attack does 70 more damage.") })	yes	no	yes
8	k3	22	202	132	LOOKAHEAD ONLY, both halves hold	yes	Attack(Attack { energy_required: [Grass, Grass], title: "Energized Leaves", fixed_damage: 60, effect: Some("If the amount of Energy attached to both Active Pokémon is 5 or more, this attack does 60 more damage.") })	Attack(Attack { energy_required: [Grass, Grass], title: "Energized Leaves", fixed_damage: 60, effect: Some("If the amount of Energy attached to both Active Pokémon is 5 or more, this attack does 60 more damage.") })	Retreat(1)	Attack(Attack { energy_required: [Grass, Grass], title: "Energized Leaves", fixed_damage: 60, effect: Some("If the amount of Energy attached to both Active Pokémon is 5 or more, this attack does 60 more damage.") })	yes	no	yes
8	k3	22	206	48	LOOKAHEAD ONLY, both halves hold	yes	Attack(Attack { energy_required: [Grass, Grass], title: "Chase Order", fixed_damage: 70, effect: Some("You may discard 1 of your Benched Basic [G] Pokémon. If you do, this attack does 70 more damage.") })	Attack(Attack { energy_required: [Grass, Grass], title: "Chase Order", fixed_damage: 70, effect: Some("You may discard 1 of your Benched Basic [G] Pokémon. If you do, this attack does 70 more damage.") })	UseStadium	Attack(Attack { energy_required: [Grass, Grass], title: "Chase Order", fixed_damage: 70, effect: Some("You may discard 1 of your Benched Basic [G] Pokémon. If you do, this attack does 70 more damage.") })	yes	no	yes
8	k3	22	207	78	LOOKAHEAD ONLY, both halves hold	yes	Attack(Attack { energy_required: [Grass, Grass], title: "Chase Order", fixed_damage: 70, effect: Some("You may discard 1 of your Benched Basic [G] Pokémon. If you do, this attack does 70 more damage.") })	Attack(Attack { energy_required: [Grass, Grass], title: "Chase Order", fixed_damage: 70, effect: Some("You may discard 1 of your Benched Basic [G] Pokémon. If you do, this attack does 70 more damage.") })	Attach { attachments: [(1, Grass, 1)], is_turn_energy: true }	Attack(Attack { energy_required: [Grass, Grass], title: "Chase Order", fixed_damage: 70, effect: Some("You may discard 1 of your Benched Basic [G] Pokémon. If you do, this attack does 70 more damage.") })	yes	no	yes
8	k3	22	208	53	LOOKAHEAD ONLY, both halves hold	yes	Attack(Attack { energy_required: [Grass, Grass], title: "Chase Order", fixed_damage: 70, effect: Some("You may discard 1 of your Benched Basic [G] Pokémon. If you do, this attack does 70 more damage.") })	Attack(Attack { energy_required: [Grass, Grass], title: "Chase Order", fixed_damage: 70, effect: Some("You may discard 1 of your Benched Basic [G] Pokémon. If you do, this attack does 70 more damage.") })	UseStadium	Attack(Attack { energy_required: [Grass, Grass], title: "Chase Order", fixed_damage: 70, effect: Some("You may discard 1 of your Benched Basic [G] Pokémon. If you do, this attack does 70 more damage.") })	yes	no	yes
8	k3	22	209	40	LOOKAHEAD ONLY, both halves hold	yes	Play { trainer_card: A1 225 Sabrina }	Play { trainer_card: A1 225 Sabrina }	Attach { attachments: [(1, Grass, 0)], is_turn_energy: true }	Play { trainer_card: A1 225 Sabrina }	yes	no	yes
8	k3	22	214	67	LOOKAHEAD ONLY, both halves hold	yes	Attack(Attack { energy_required: [Grass, Grass], title: "Chase Order", fixed_damage: 70, effect: Some("You may discard 1 of your Benched Basic [G] Pokémon. If you do, this attack does 70 more damage.") })	Attack(Attack { energy_required: [Grass, Grass], title: "Chase Order", fixed_damage: 70, effect: Some("You may discard 1 of your Benched Basic [G] Pokémon. If you do, this attack does 70 more damage.") })	Attach { attachments: [(1, Grass, 1)], is_turn_energy: true }	Attack(Attack { energy_required: [Grass, Grass], title: "Chase Order", fixed_damage: 70, effect: Some("You may discard 1 of your Benched Basic [G] Pokémon. If you do, this attack does 70 more damage.") })	yes	no	yes
8	k3	22	215	50	LOOKAHEAD ONLY, both halves hold	yes	Attack(Attack { energy_required: [Grass, Grass], title: "Chase Order", fixed_damage: 70, effect: Some("You may discard 1 of your Benched Basic [G] Pokémon. If you do, this attack does 70 more damage.") })	Attack(Attack { energy_required: [Grass, Grass], title: "Chase Order", fixed_damage: 70, effect: Some("You may discard 1 of your Benched Basic [G] Pokémon. If you do, this attack does 70 more damage.") })	Attach { attachments: [(1, Grass, 1)], is_turn_energy: true }	Attack(Attack { energy_required: [Grass, Grass], title: "Chase Order", fixed_damage: 70, effect: Some("You may discard 1 of your Benched Basic [G] Pokémon. If you do, this attack does 70 more damage.") })	yes	no	yes
8	k3	22	216	74	LOOKAHEAD ONLY, both halves hold	yes	Attack(Attack { energy_required: [Grass, Grass], title: "Chase Order", fixed_damage: 70, effect: Some("You may discard 1 of your Benched Basic [G] Pokémon. If you do, this attack does 70 more damage.") })	Attack(Attack { energy_required: [Grass, Grass], title: "Chase Order", fixed_damage: 70, effect: Some("You may discard 1 of your Benched Basic [G] Pokémon. If you do, this attack does 70 more damage.") })	Place(Pokemon(A4 021 Shuckle ex), 3)	Attack(Attack { energy_required: [Grass, Grass], title: "Chase Order", fixed_damage: 70, effect: Some("You may discard 1 of your Benched Basic [G] Pokémon. If you do, this attack does 70 more damage.") })	yes	no	yes
8	k3	22	222	61	LOOKAHEAD ONLY, both halves hold	yes	Attack(Attack { energy_required: [Grass, Grass], title: "Chase Order", fixed_damage: 70, effect: Some("You may discard 1 of your Benched Basic [G] Pokémon. If you do, this attack does 70 more damage.") })	Attack(Attack { energy_required: [Grass, Grass], title: "Chase Order", fixed_damage: 70, effect: Some("You may discard 1 of your Benched Basic [G] Pokémon. If you do, this attack does 70 more damage.") })	Attach { attachments: [(1, Grass, 3)], is_turn_energy: true }	Attack(Attack { energy_required: [Grass, Grass], title: "Chase Order", fixed_damage: 70, effect: Some("You may discard 1 of your Benched Basic [G] Pokémon. If you do, this attack does 70 more damage.") })	yes	no	yes
8	k3	22	228	59	LOOKAHEAD ONLY, both halves hold	yes	Attack(Attack { energy_required: [Grass, Grass], title: "Energized Leaves", fixed_damage: 60, effect: Some("If the amount of Energy attached to both Active Pokémon is 5 or more, this attack does 60 more damage.") })	Attack(Attack { energy_required: [Grass, Grass], title: "Energized Leaves", fixed_damage: 60, effect: Some("If the amount of Energy attached to both Active Pokémon is 5 or more, this attack does 60 more damage.") })	Retreat(3)	Attack(Attack { energy_required: [Grass, Grass], title: "Energized Leaves", fixed_damage: 60, effect: Some("If the amount of Energy attached to both Active Pokémon is 5 or more, this attack does 60 more damage.") })	yes	no	yes
8	k3	22	230	75	LOOKAHEAD ONLY, both halves hold	yes	Attack(Attack { energy_required: [Grass, Grass], title: "Chase Order", fixed_damage: 70, effect: Some("You may discard 1 of your Benched Basic [G] Pokémon. If you do, this attack does 70 more damage.") })	Attack(Attack { energy_required: [Grass, Grass], title: "Chase Order", fixed_damage: 70, effect: Some("You may discard 1 of your Benched Basic [G] Pokémon. If you do, this attack does 70 more damage.") })	Attach { attachments: [(1, Grass, 2)], is_turn_energy: true }	Attack(Attack { energy_required: [Grass, Grass], title: "Chase Order", fixed_damage: 70, effect: Some("You may discard 1 of your Benched Basic [G] Pokémon. If you do, this attack does 70 more damage.") })	yes	no	yes
8	k3	22	231	47	LOOKAHEAD ONLY, both halves hold	yes	Attack(Attack { energy_required: [Grass, Grass], title: "Chase Order", fixed_damage: 70, effect: Some("You may discard 1 of your Benched Basic [G] Pokémon. If you do, this attack does 70 more damage.") })	Attack(Attack { energy_required: [Grass, Grass], title: "Chase Order", fixed_damage: 70, effect: Some("You may discard 1 of your Benched Basic [G] Pokémon. If you do, this attack does 70 more damage.") })	Attach { attachments: [(1, Grass, 2)], is_turn_energy: true }	Attack(Attack { energy_required: [Grass, Grass], title: "Chase Order", fixed_damage: 70, effect: Some("You may discard 1 of your Benched Basic [G] Pokémon. If you do, this attack does 70 more damage.") })	yes	no	yes
8	k3	22	233	74	LOOKAHEAD ONLY, both halves hold	yes	Attack(Attack { energy_required: [Grass, Grass], title: "Chase Order", fixed_damage: 70, effect: Some("You may discard 1 of your Benched Basic [G] Pokémon. If you do, this attack does 70 more damage.") })	Attack(Attack { energy_required: [Grass, Grass], title: "Chase Order", fixed_damage: 70, effect: Some("You may discard 1 of your Benched Basic [G] Pokémon. If you do, this attack does 70 more damage.") })	Attach { attachments: [(1, Grass, 2)], is_turn_energy: true }	Attack(Attack { energy_required: [Grass, Grass], title: "Chase Order", fixed_damage: 70, effect: Some("You may discard 1 of your Benched Basic [G] Pokémon. If you do, this attack does 70 more damage.") })	yes	no	yes
8	k3	22	239	67	LOOKAHEAD ONLY, both halves hold	yes	Attack(Attack { energy_required: [Grass, Grass], title: "Chase Order", fixed_damage: 70, effect: Some("You may discard 1 of your Benched Basic [G] Pokémon. If you do, this attack does 70 more damage.") })	Attack(Attack { energy_required: [Grass, Grass], title: "Chase Order", fixed_damage: 70, effect: Some("You may discard 1 of your Benched Basic [G] Pokémon. If you do, this attack does 70 more damage.") })	Attach { attachments: [(1, Grass, 2)], is_turn_energy: true }	Attack(Attack { energy_required: [Grass, Grass], title: "Chase Order", fixed_damage: 70, effect: Some("You may discard 1 of your Benched Basic [G] Pokémon. If you do, this attack does 70 more damage.") })	yes	no	yes
8	k3	22	242	65	LOOKAHEAD ONLY, both halves hold	yes	Attack(Attack { energy_required: [Grass, Grass], title: "Chase Order", fixed_damage: 70, effect: Some("You may discard 1 of your Benched Basic [G] Pokémon. If you do, this attack does 70 more damage.") })	Attack(Attack { energy_required: [Grass, Grass], title: "Chase Order", fixed_damage: 70, effect: Some("You may discard 1 of your Benched Basic [G] Pokémon. If you do, this attack does 70 more damage.") })	Attach { attachments: [(1, Grass, 3)], is_turn_energy: true }	Attack(Attack { energy_required: [Grass, Grass], title: "Chase Order", fixed_damage: 70, effect: Some("You may discard 1 of your Benched Basic [G] Pokémon. If you do, this attack does 70 more damage.") })	yes	no	yes
8	k3	22	243	41	LOOKAHEAD ONLY, both halves hold	yes	Attack(Attack { energy_required: [Grass, Grass], title: "Chase Order", fixed_damage: 70, effect: Some("You may discard 1 of your Benched Basic [G] Pokémon. If you do, this attack does 70 more damage.") })	Attack(Attack { energy_required: [Grass, Grass], title: "Chase Order", fixed_damage: 70, effect: Some("You may discard 1 of your Benched Basic [G] Pokémon. If you do, this attack does 70 more damage.") })	Play { trainer_card: P-A 007 Professor's Research }	Attack(Attack { energy_required: [Grass, Grass], title: "Chase Order", fixed_damage: 70, effect: Some("You may discard 1 of your Benched Basic [G] Pokémon. If you do, this attack does 70 more damage.") })	yes	no	yes
8	k3	22	247	64	LOOKAHEAD ONLY, both halves hold	yes	Attack(Attack { energy_required: [Grass, Grass], title: "Chase Order", fixed_damage: 70, effect: Some("You may discard 1 of your Benched Basic [G] Pokémon. If you do, this attack does 70 more damage.") })	Attack(Attack { energy_required: [Grass, Grass], title: "Chase Order", fixed_damage: 70, effect: Some("You may discard 1 of your Benched Basic [G] Pokémon. If you do, this attack does 70 more damage.") })	Place(Pokemon(A4 021 Shuckle ex), 3)	Attack(Attack { energy_required: [Grass, Grass], title: "Chase Order", fixed_damage: 70, effect: Some("You may discard 1 of your Benched Basic [G] Pokémon. If you do, this attack does 70 more damage.") })	yes	no	yes
8	k3	22	249	81	LOOKAHEAD ONLY, both halves hold	yes	Play { trainer_card: A2 150 Cyrus }	Play { trainer_card: A2 150 Cyrus }	Attach { attachments: [(1, Grass, 0)], is_turn_energy: true }	Play { trainer_card: A2 150 Cyrus }	yes	no	yes
8	km3	17	40	72	LOOKAHEAD ONLY, both halves hold	yes	Attach { attachments: [(1, Fire, 2)], is_turn_energy: true }	Attach { attachments: [(1, Fire, 2)], is_turn_energy: true }	Retreat(3)	Attach { attachments: [(1, Fire, 2)], is_turn_energy: true }	yes	no	yes
8	km3	17	57	33	LOOKAHEAD ONLY, both halves hold	yes	Attach { attachments: [(1, Fire, 3)], is_turn_energy: true }	Attach { attachments: [(1, Fire, 3)], is_turn_energy: true }	Retreat(3)	Attach { attachments: [(1, Fire, 3)], is_turn_energy: true }	yes	no	yes
8	km3	17	124	54	LOOKAHEAD ONLY, both halves hold	yes	Attack(Attack { energy_required: [Fire], title: "Tongue Whip", fixed_damage: 0, effect: Some("This attack does 30 damage to 1 of your opponent's Benched Pokémon.") })	Attack(Attack { energy_required: [Fire], title: "Tongue Whip", fixed_damage: 0, effect: Some("This attack does 30 damage to 1 of your opponent's Benched Pokémon.") })	Play { trainer_card: A3 144 Rare Candy }	Attack(Attack { energy_required: [Fire], title: "Tongue Whip", fixed_damage: 0, effect: Some("This attack does 30 damage to 1 of your opponent's Benched Pokémon.") })	yes	no	yes
8	km3	17	184	25	LOOKAHEAD ONLY, both halves hold	yes	Attach { attachments: [(1, Fire, 3)], is_turn_energy: true }	Attach { attachments: [(1, Fire, 3)], is_turn_energy: true }	UseStadium	Attach { attachments: [(1, Fire, 3)], is_turn_energy: true }	yes	no	yes
8	km3	17	242	68	LOOKAHEAD ONLY, both halves hold	yes	Retreat(3)	Retreat(3)	Play { trainer_card: A2 150 Cyrus }	Retreat(3)	yes	no	yes
8	km3	17	333	41	LOOKAHEAD ONLY, both halves hold	yes	Attack(Attack { energy_required: [Fire], title: "Tongue Whip", fixed_damage: 0, effect: Some("This attack does 30 damage to 1 of your opponent's Benched Pokémon.") })	Attack(Attack { energy_required: [Fire], title: "Tongue Whip", fixed_damage: 0, effect: Some("This attack does 30 damage to 1 of your opponent's Benched Pokémon.") })	Retreat(1)	Attack(Attack { energy_required: [Fire], title: "Tongue Whip", fixed_damage: 0, effect: Some("This attack does 30 damage to 1 of your opponent's Benched Pokémon.") })	yes	no	yes
8	km3	17	357	45	LOOKAHEAD ONLY, both halves hold	yes	Attach { attachments: [(1, Fire, 2)], is_turn_energy: true }	Attach { attachments: [(1, Fire, 2)], is_turn_energy: true }	Retreat(3)	Attach { attachments: [(1, Fire, 2)], is_turn_energy: true }	yes	no	yes
8	km3	17	378	72	LOOKAHEAD ONLY, both halves hold	yes	Play { trainer_card: A3 144 Rare Candy }	Play { trainer_card: A3 144 Rare Candy }	Retreat(3)	Play { trainer_card: A3 144 Rare Candy }	yes	no	yes
8	km3	17	393	26	LOOKAHEAD ONLY, both halves hold	yes	Play { trainer_card: P-A 007 Professor's Research }	Play { trainer_card: P-A 007 Professor's Research }	Retreat(3)	Play { trainer_card: P-A 007 Professor's Research }	yes	no	yes
8	km3	17	409	45	LOOKAHEAD ONLY, both halves hold	yes	Attach { attachments: [(1, Fire, 2)], is_turn_energy: true }	Attach { attachments: [(1, Fire, 2)], is_turn_energy: true }	Retreat(3)	Attach { attachments: [(1, Fire, 2)], is_turn_energy: true }	yes	no	yes
8	km3	17	498	122	LOOKAHEAD ONLY, both halves hold	yes	Attach { attachments: [(1, Fire, 0)], is_turn_energy: true }	Attach { attachments: [(1, Fire, 0)], is_turn_energy: true }	Retreat(3)	Attach { attachments: [(1, Fire, 0)], is_turn_energy: true }	yes	no	yes
8	km3	19	39	33	LOOKAHEAD ONLY, both halves hold	yes	Attack(Attack { energy_required: [Fighting], title: "Stretch Kick", fixed_damage: 0, effect: Some("This attack does 30 damage to 1 of your opponent's Benched Pokémon.") })	Attack(Attack { energy_required: [Fighting], title: "Stretch Kick", fixed_damage: 0, effect: Some("This attack does 30 damage to 1 of your opponent's Benched Pokémon.") })	Play { trainer_card: B3 147 Field Blower }	Attack(Attack { energy_required: [Fighting], title: "Stretch Kick", fixed_damage: 0, effect: Some("This attack does 30 damage to 1 of your opponent's Benched Pokémon.") })	yes	no	yes
8	km3	19	73	43	LOOKAHEAD ONLY, both halves hold	yes	Attack(Attack { energy_required: [Fighting], title: "Stretch Kick", fixed_damage: 0, effect: Some("This attack does 30 damage to 1 of your opponent's Benched Pokémon.") })	Attack(Attack { energy_required: [Fighting], title: "Stretch Kick", fixed_damage: 0, effect: Some("This attack does 30 damage to 1 of your opponent's Benched Pokémon.") })	Play { trainer_card: B1 225 Copycat }	Attack(Attack { energy_required: [Fighting], title: "Stretch Kick", fixed_damage: 0, effect: Some("This attack does 30 damage to 1 of your opponent's Benched Pokémon.") })	yes	no	yes
8	km3	19	104	35	LOOKAHEAD ONLY, both halves hold	yes	Attack(Attack { energy_required: [Fighting], title: "Stretch Kick", fixed_damage: 0, effect: Some("This attack does 30 damage to 1 of your opponent's Benched Pokémon.") })	Attack(Attack { energy_required: [Fighting], title: "Stretch Kick", fixed_damage: 0, effect: Some("This attack does 30 damage to 1 of your opponent's Benched Pokémon.") })	Play { trainer_card: B3 147 Field Blower }	Attack(Attack { energy_required: [Fighting], title: "Stretch Kick", fixed_damage: 0, effect: Some("This attack does 30 damage to 1 of your opponent's Benched Pokémon.") })	yes	no	yes
8	km3	19	134	33	LOOKAHEAD ONLY, both halves hold	yes	Retreat(1)	Retreat(1)	Attack(Attack { energy_required: [], title: "Teary Attack", fixed_damage: 10, effect: Some("During your opponent's next turn, attacks used by the Defending Pokémon do -30 damage.") })	Retreat(1)	yes	no	yes
8	km3	19	163	29	LOOKAHEAD ONLY, both halves hold	yes	Play { trainer_card: A2 150 Cyrus }	Play { trainer_card: A2 150 Cyrus }	Evolve { evolution: Pokemon(B3 081 Mega Lucario ex), in_play_idx: 3, from_deck: false }	Play { trainer_card: A2 150 Cyrus }	yes	no	yes
8	km3	19	498	57	LOOKAHEAD ONLY, both halves hold	yes	Retreat(3)	Retreat(3)	Evolve { evolution: Pokemon(B3 081 Mega Lucario ex), in_play_idx: 2, from_deck: false }	Retreat(3)	yes	no	yes
8	km3	20	160	45	LOOKAHEAD ONLY, both halves hold	yes	Attach { attachments: [(1, Grass, 3)], is_turn_energy: true }	Attach { attachments: [(1, Grass, 3)], is_turn_energy: true }	Retreat(3)	Attach { attachments: [(1, Grass, 3)], is_turn_energy: true }	yes	no	yes
8	km3	20	323	37	LOOKAHEAD ONLY, both halves hold	yes	Attach { attachments: [(1, Grass, 3)], is_turn_energy: true }	Attach { attachments: [(1, Grass, 3)], is_turn_energy: true }	Play { trainer_card: A3 147 Leaf Cape }	Attach { attachments: [(1, Grass, 3)], is_turn_energy: true }	yes	no	yes
8	km3	20	488	109	LOOKAHEAD ONLY, both halves hold	yes	Attack(Attack { energy_required: [Grass, Grass], title: "Slicing Snipe", fixed_damage: 0, effect: Some("This attack does 50 damage to 1 of your opponent's Benched Pokémon.") })	Attack(Attack { energy_required: [Grass, Grass], title: "Slicing Snipe", fixed_damage: 0, effect: Some("This attack does 50 damage to 1 of your opponent's Benched Pokémon.") })	Play { trainer_card: A1 219 Erika }	Attack(Attack { energy_required: [Grass, Grass], title: "Slicing Snipe", fixed_damage: 0, effect: Some("This attack does 50 damage to 1 of your opponent's Benched Pokémon.") })	yes	no	yes
8	km3	21	16	125	LOOKAHEAD ONLY, both halves hold	yes	Attack(Attack { energy_required: [Water, Water, Water], title: "Diving Icicles", fixed_damage: 0, effect: Some("Discard all [W] Energy from this Pokémon. This attack does 130 damage to 1 of your opponent's Pokémon.") })	Attack(Attack { energy_required: [Water, Water, Water], title: "Diving Icicles", fixed_damage: 0, effect: Some("Discard all [W] Energy from this Pokémon. This attack does 130 damage to 1 of your opponent's Pokémon.") })	Retreat(2)	Attack(Attack { energy_required: [Water, Water, Water], title: "Diving Icicles", fixed_damage: 0, effect: Some("Discard all [W] Energy from this Pokémon. This attack does 130 damage to 1 of your opponent's Pokémon.") })	yes	no	yes
8	km3	21	19	144	LOOKAHEAD ONLY, both halves hold	yes	Retreat(3)	Retreat(3)	Retreat(1)	Retreat(3)	yes	no	yes
8	km3	21	20	86	LOOKAHEAD ONLY, both halves hold	yes	Attack(Attack { energy_required: [Water, Water, Water], title: "Diving Icicles", fixed_damage: 0, effect: Some("Discard all [W] Energy from this Pokémon. This attack does 130 damage to 1 of your opponent's Pokémon.") })	Attack(Attack { energy_required: [Water, Water, Water], title: "Diving Icicles", fixed_damage: 0, effect: Some("Discard all [W] Energy from this Pokémon. This attack does 130 damage to 1 of your opponent's Pokémon.") })	UseAbility { in_play_idx: 2 }	Attack(Attack { energy_required: [Water, Water, Water], title: "Diving Icicles", fixed_damage: 0, effect: Some("Discard all [W] Energy from this Pokémon. This attack does 130 damage to 1 of your opponent's Pokémon.") })	yes	no	yes
8	km3	21	22	117	LOOKAHEAD ONLY, both halves hold	yes	Retreat(2)	Retreat(2)	Retreat(1)	Retreat(2)	yes	no	yes
8	km3	21	33	98	LOOKAHEAD ONLY, both halves hold	yes	Attack(Attack { energy_required: [Water, Water, Water], title: "Diving Icicles", fixed_damage: 0, effect: Some("Discard all [W] Energy from this Pokémon. This attack does 130 damage to 1 of your opponent's Pokémon.") })	Attack(Attack { energy_required: [Water, Water, Water], title: "Diving Icicles", fixed_damage: 0, effect: Some("Discard all [W] Energy from this Pokémon. This attack does 130 damage to 1 of your opponent's Pokémon.") })	Play { trainer_card: A2b 070 Pokémon Center Lady }	Attack(Attack { energy_required: [Water, Water, Water], title: "Diving Icicles", fixed_damage: 0, effect: Some("Discard all [W] Energy from this Pokémon. This attack does 130 damage to 1 of your opponent's Pokémon.") })	yes	no	yes
8	km3	21	43	104	LOOKAHEAD ONLY, both halves hold	yes	UseAbility { in_play_idx: 2 }	UseAbility { in_play_idx: 2 }	Retreat(3)	UseAbility { in_play_idx: 2 }	yes	no	yes
8	km3	21	59	127	LOOKAHEAD ONLY, both halves hold	yes	Attach { attachments: [(1, Water, 3)], is_turn_energy: true }	Attach { attachments: [(1, Water, 3)], is_turn_energy: true }	Retreat(3)	Attach { attachments: [(1, Water, 3)], is_turn_energy: true }	yes	no	yes
8	km3	21	65	114	LOOKAHEAD ONLY, both halves hold	yes	Retreat(1)	Retreat(1)	Retreat(2)	Retreat(1)	yes	no	yes
8	km3	21	81	102	LOOKAHEAD ONLY, both halves hold	yes	UseAbility { in_play_idx: 0 }	UseAbility { in_play_idx: 0 }	Retreat(3)	UseAbility { in_play_idx: 0 }	yes	no	yes
8	km3	21	137	108	LOOKAHEAD ONLY, both halves hold	yes	UseAbility { in_play_idx: 0 }	UseAbility { in_play_idx: 0 }	Retreat(1)	UseAbility { in_play_idx: 0 }	yes	no	yes
8	km3	21	186	76	LOOKAHEAD ONLY, both halves hold	yes	UseAbility { in_play_idx: 1 }	UseAbility { in_play_idx: 1 }	Retreat(3)	UseAbility { in_play_idx: 1 }	yes	no	yes
8	km3	21	310	87	UNEXPLAINED	yes	Promote { player: 1, in_play_idx: 2 }	Promote { player: 1, in_play_idx: 2 }	Promote { player: 1, in_play_idx: 3 }	Promote { player: 1, in_play_idx: 2 }	yes	no	yes
8	km3	21	335	115	LOOKAHEAD ONLY, both halves hold	yes	UseAbility { in_play_idx: 0 }	UseAbility { in_play_idx: 0 }	Retreat(3)	UseAbility { in_play_idx: 0 }	yes	no	yes
8	km3	21	356	110	LOOKAHEAD ONLY, both halves hold	yes	Place(Pokemon(B2a 034 Frigibax), 1)	Place(Pokemon(B2a 034 Frigibax), 1)	Retreat(3)	Place(Pokemon(B2a 034 Frigibax), 1)	yes	no	yes
8	km3	21	424	154	LOOKAHEAD ONLY, both halves hold	yes	Attach { attachments: [(1, Water, 2)], is_turn_energy: true }	Attach { attachments: [(1, Water, 2)], is_turn_energy: true }	Retreat(2)	Attach { attachments: [(1, Water, 2)], is_turn_energy: true }	yes	no	yes
8	km3	21	458	122	LOOKAHEAD ONLY, both halves hold	yes	UseAbility { in_play_idx: 3 }	UseAbility { in_play_idx: 3 }	Retreat(2)	UseAbility { in_play_idx: 3 }	yes	no	yes
8	km3	21	485	115	LOOKAHEAD ONLY, both halves hold	yes	Retreat(3)	Retreat(3)	Retreat(2)	Retreat(3)	yes	no	yes
8	km3	21	494	119	LOOKAHEAD ONLY, both halves hold	yes	UseAbility { in_play_idx: 2 }	UseAbility { in_play_idx: 2 }	Retreat(3)	UseAbility { in_play_idx: 2 }	yes	no	yes
8	km3	22	1	72	LOOKAHEAD ONLY, both halves hold	yes	Attack(Attack { energy_required: [Grass, Grass], title: "Chase Order", fixed_damage: 70, effect: Some("You may discard 1 of your Benched Basic [G] Pokémon. If you do, this attack does 70 more damage.") })	Attack(Attack { energy_required: [Grass, Grass], title: "Chase Order", fixed_damage: 70, effect: Some("You may discard 1 of your Benched Basic [G] Pokémon. If you do, this attack does 70 more damage.") })	Attach { attachments: [(1, Grass, 1)], is_turn_energy: true }	Attack(Attack { energy_required: [Grass, Grass], title: "Chase Order", fixed_damage: 70, effect: Some("You may discard 1 of your Benched Basic [G] Pokémon. If you do, this attack does 70 more damage.") })	yes	no	yes
8	km3	22	3	54	LOOKAHEAD ONLY, both halves hold	yes	Attack(Attack { energy_required: [Grass, Grass], title: "Chase Order", fixed_damage: 70, effect: Some("You may discard 1 of your Benched Basic [G] Pokémon. If you do, this attack does 70 more damage.") })	Attack(Attack { energy_required: [Grass, Grass], title: "Chase Order", fixed_damage: 70, effect: Some("You may discard 1 of your Benched Basic [G] Pokémon. If you do, this attack does 70 more damage.") })	Place(Pokemon(B2 017 Teal Mask Ogerpon ex), 3)	Attack(Attack { energy_required: [Grass, Grass], title: "Chase Order", fixed_damage: 70, effect: Some("You may discard 1 of your Benched Basic [G] Pokémon. If you do, this attack does 70 more damage.") })	yes	no	yes
8	km3	22	8	63	LOOKAHEAD ONLY, both halves hold	yes	Attack(Attack { energy_required: [Grass, Grass], title: "Chase Order", fixed_damage: 70, effect: Some("You may discard 1 of your Benched Basic [G] Pokémon. If you do, this attack does 70 more damage.") })	Attack(Attack { energy_required: [Grass, Grass], title: "Chase Order", fixed_damage: 70, effect: Some("You may discard 1 of your Benched Basic [G] Pokémon. If you do, this attack does 70 more damage.") })	Attach { attachments: [(1, Grass, 3)], is_turn_energy: true }	Attack(Attack { energy_required: [Grass, Grass], title: "Chase Order", fixed_damage: 70, effect: Some("You may discard 1 of your Benched Basic [G] Pokémon. If you do, this attack does 70 more damage.") })	yes	no	yes
8	km3	22	10	56	LOOKAHEAD ONLY, both halves hold	yes	Attack(Attack { energy_required: [Grass, Grass], title: "Chase Order", fixed_damage: 70, effect: Some("You may discard 1 of your Benched Basic [G] Pokémon. If you do, this attack does 70 more damage.") })	Attack(Attack { energy_required: [Grass, Grass], title: "Chase Order", fixed_damage: 70, effect: Some("You may discard 1 of your Benched Basic [G] Pokémon. If you do, this attack does 70 more damage.") })	Attach { attachments: [(1, Grass, 2)], is_turn_energy: true }	Attack(Attack { energy_required: [Grass, Grass], title: "Chase Order", fixed_damage: 70, effect: Some("You may discard 1 of your Benched Basic [G] Pokémon. If you do, this attack does 70 more damage.") })	yes	no	yes
8	km3	22	13	59	LOOKAHEAD ONLY, both halves hold	yes	Attack(Attack { energy_required: [Grass, Grass], title: "Chase Order", fixed_damage: 70, effect: Some("You may discard 1 of your Benched Basic [G] Pokémon. If you do, this attack does 70 more damage.") })	Attack(Attack { energy_required: [Grass, Grass], title: "Chase Order", fixed_damage: 70, effect: Some("You may discard 1 of your Benched Basic [G] Pokémon. If you do, this attack does 70 more damage.") })	Attach { attachments: [(1, Grass, 1)], is_turn_energy: true }	Attack(Attack { energy_required: [Grass, Grass], title: "Chase Order", fixed_damage: 70, effect: Some("You may discard 1 of your Benched Basic [G] Pokémon. If you do, this attack does 70 more damage.") })	yes	no	yes
8	km3	22	15	105	LOOKAHEAD ONLY, both halves hold	yes	Attack(Attack { energy_required: [Grass, Grass], title: "Chase Order", fixed_damage: 70, effect: Some("You may discard 1 of your Benched Basic [G] Pokémon. If you do, this attack does 70 more damage.") })	Attack(Attack { energy_required: [Grass, Grass], title: "Chase Order", fixed_damage: 70, effect: Some("You may discard 1 of your Benched Basic [G] Pokémon. If you do, this attack does 70 more damage.") })	Attach { attachments: [(1, Grass, 2)], is_turn_energy: true }	Attack(Attack { energy_required: [Grass, Grass], title: "Chase Order", fixed_damage: 70, effect: Some("You may discard 1 of your Benched Basic [G] Pokémon. If you do, this attack does 70 more damage.") })	yes	no	yes
8	km3	22	18	48	LOOKAHEAD ONLY, both halves hold	yes	Attack(Attack { energy_required: [Grass, Grass], title: "Chase Order", fixed_damage: 70, effect: Some("You may discard 1 of your Benched Basic [G] Pokémon. If you do, this attack does 70 more damage.") })	Attack(Attack { energy_required: [Grass, Grass], title: "Chase Order", fixed_damage: 70, effect: Some("You may discard 1 of your Benched Basic [G] Pokémon. If you do, this attack does 70 more damage.") })	Play { trainer_card: B1 225 Copycat }	Attack(Attack { energy_required: [Grass, Grass], title: "Chase Order", fixed_damage: 70, effect: Some("You may discard 1 of your Benched Basic [G] Pokémon. If you do, this attack does 70 more damage.") })	yes	no	yes
8	km3	22	20	52	LOOKAHEAD ONLY, both halves hold	yes	Play { trainer_card: A1 225 Sabrina }	Play { trainer_card: A1 225 Sabrina }	Attach { attachments: [(1, Grass, 0)], is_turn_energy: true }	Play { trainer_card: A1 225 Sabrina }	yes	no	yes
8	km3	22	27	78	LOOKAHEAD ONLY, both halves hold	yes	Attack(Attack { energy_required: [Grass, Grass], title: "Chase Order", fixed_damage: 70, effect: Some("You may discard 1 of your Benched Basic [G] Pokémon. If you do, this attack does 70 more damage.") })	Attack(Attack { energy_required: [Grass, Grass], title: "Chase Order", fixed_damage: 70, effect: Some("You may discard 1 of your Benched Basic [G] Pokémon. If you do, this attack does 70 more damage.") })	Place(Pokemon(A4 021 Shuckle ex), 3)	Attack(Attack { energy_required: [Grass, Grass], title: "Chase Order", fixed_damage: 70, effect: Some("You may discard 1 of your Benched Basic [G] Pokémon. If you do, this attack does 70 more damage.") })	yes	no	yes
8	km3	22	28	80	LOOKAHEAD ONLY, both halves hold	yes	Attack(Attack { energy_required: [Grass, Grass], title: "Chase Order", fixed_damage: 70, effect: Some("You may discard 1 of your Benched Basic [G] Pokémon. If you do, this attack does 70 more damage.") })	Attack(Attack { energy_required: [Grass, Grass], title: "Chase Order", fixed_damage: 70, effect: Some("You may discard 1 of your Benched Basic [G] Pokémon. If you do, this attack does 70 more damage.") })	Attach { attachments: [(1, Grass, 1)], is_turn_energy: true }	Attack(Attack { energy_required: [Grass, Grass], title: "Chase Order", fixed_damage: 70, effect: Some("You may discard 1 of your Benched Basic [G] Pokémon. If you do, this attack does 70 more damage.") })	yes	no	yes
8	km3	22	29	40	LOOKAHEAD ONLY, both halves hold	yes	Attack(Attack { energy_required: [Grass, Grass], title: "Chase Order", fixed_damage: 70, effect: Some("You may discard 1 of your Benched Basic [G] Pokémon. If you do, this attack does 70 more damage.") })	Attack(Attack { energy_required: [Grass, Grass], title: "Chase Order", fixed_damage: 70, effect: Some("You may discard 1 of your Benched Basic [G] Pokémon. If you do, this attack does 70 more damage.") })	Attach { attachments: [(1, Grass, 2)], is_turn_energy: true }	Attack(Attack { energy_required: [Grass, Grass], title: "Chase Order", fixed_damage: 70, effect: Some("You may discard 1 of your Benched Basic [G] Pokémon. If you do, this attack does 70 more damage.") })	yes	no	yes
8	km3	22	31	82	LOOKAHEAD ONLY, both halves hold	yes	Attack(Attack { energy_required: [Grass, Grass], title: "Chase Order", fixed_damage: 70, effect: Some("You may discard 1 of your Benched Basic [G] Pokémon. If you do, this attack does 70 more damage.") })	Attack(Attack { energy_required: [Grass, Grass], title: "Chase Order", fixed_damage: 70, effect: Some("You may discard 1 of your Benched Basic [G] Pokémon. If you do, this attack does 70 more damage.") })	Evolve { evolution: Pokemon(B4 011 Vespiquen ex), in_play_idx: 1, from_deck: false }	Attack(Attack { energy_required: [Grass, Grass], title: "Chase Order", fixed_damage: 70, effect: Some("You may discard 1 of your Benched Basic [G] Pokémon. If you do, this attack does 70 more damage.") })	yes	no	yes
8	km3	22	33	36	LOOKAHEAD ONLY, both halves hold	yes	Attack(Attack { energy_required: [Grass, Grass], title: "Chase Order", fixed_damage: 70, effect: Some("You may discard 1 of your Benched Basic [G] Pokémon. If you do, this attack does 70 more damage.") })	Attack(Attack { energy_required: [Grass, Grass], title: "Chase Order", fixed_damage: 70, effect: Some("You may discard 1 of your Benched Basic [G] Pokémon. If you do, this attack does 70 more damage.") })	Play { trainer_card: P-A 007 Professor's Research }	Attack(Attack { energy_required: [Grass, Grass], title: "Chase Order", fixed_damage: 70, effect: Some("You may discard 1 of your Benched Basic [G] Pokémon. If you do, this attack does 70 more damage.") })	yes	no	yes
8	km3	22	35	82	LOOKAHEAD ONLY, both halves hold	yes	Attack(Attack { energy_required: [Grass, Grass], title: "Chase Order", fixed_damage: 70, effect: Some("You may discard 1 of your Benched Basic [G] Pokémon. If you do, this attack does 70 more damage.") })	Attack(Attack { energy_required: [Grass, Grass], title: "Chase Order", fixed_damage: 70, effect: Some("You may discard 1 of your Benched Basic [G] Pokémon. If you do, this attack does 70 more damage.") })	Attach { attachments: [(1, Grass, 2)], is_turn_energy: true }	Attack(Attack { energy_required: [Grass, Grass], title: "Chase Order", fixed_damage: 70, effect: Some("You may discard 1 of your Benched Basic [G] Pokémon. If you do, this attack does 70 more damage.") })	yes	no	yes
8	km3	22	37	62	LOOKAHEAD ONLY, both halves hold	yes	Attack(Attack { energy_required: [Grass, Grass], title: "Chase Order", fixed_damage: 70, effect: Some("You may discard 1 of your Benched Basic [G] Pokémon. If you do, this attack does 70 more damage.") })	Attack(Attack { energy_required: [Grass, Grass], title: "Chase Order", fixed_damage: 70, effect: Some("You may discard 1 of your Benched Basic [G] Pokémon. If you do, this attack does 70 more damage.") })	Place(Pokemon(A4 021 Shuckle ex), 3)	Attack(Attack { energy_required: [Grass, Grass], title: "Chase Order", fixed_damage: 70, effect: Some("You may discard 1 of your Benched Basic [G] Pokémon. If you do, this attack does 70 more damage.") })	yes	no	yes
8	km3	22	40	81	LOOKAHEAD ONLY, both halves hold	yes	Attack(Attack { energy_required: [Grass, Grass], title: "Chase Order", fixed_damage: 70, effect: Some("You may discard 1 of your Benched Basic [G] Pokémon. If you do, this attack does 70 more damage.") })	Attack(Attack { energy_required: [Grass, Grass], title: "Chase Order", fixed_damage: 70, effect: Some("You may discard 1 of your Benched Basic [G] Pokémon. If you do, this attack does 70 more damage.") })	Attach { attachments: [(1, Grass, 1)], is_turn_energy: true }	Attack(Attack { energy_required: [Grass, Grass], title: "Chase Order", fixed_damage: 70, effect: Some("You may discard 1 of your Benched Basic [G] Pokémon. If you do, this attack does 70 more damage.") })	yes	no	yes
8	km3	22	44	75	LOOKAHEAD ONLY, both halves hold	yes	Attack(Attack { energy_required: [Grass, Grass], title: "Chase Order", fixed_damage: 70, effect: Some("You may discard 1 of your Benched Basic [G] Pokémon. If you do, this attack does 70 more damage.") })	Attack(Attack { energy_required: [Grass, Grass], title: "Chase Order", fixed_damage: 70, effect: Some("You may discard 1 of your Benched Basic [G] Pokémon. If you do, this attack does 70 more damage.") })	Attach { attachments: [(1, Grass, 3)], is_turn_energy: true }	Attack(Attack { energy_required: [Grass, Grass], title: "Chase Order", fixed_damage: 70, effect: Some("You may discard 1 of your Benched Basic [G] Pokémon. If you do, this attack does 70 more damage.") })	yes	no	yes
8	km3	22	46	25	LOOKAHEAD ONLY, both halves hold	yes	Attack(Attack { energy_required: [Grass, Grass], title: "Chase Order", fixed_damage: 70, effect: Some("You may discard 1 of your Benched Basic [G] Pokémon. If you do, this attack does 70 more damage.") })	Attack(Attack { energy_required: [Grass, Grass], title: "Chase Order", fixed_damage: 70, effect: Some("You may discard 1 of your Benched Basic [G] Pokémon. If you do, this attack does 70 more damage.") })	Play { trainer_card: B1 225 Copycat }	Attack(Attack { energy_required: [Grass, Grass], title: "Chase Order", fixed_damage: 70, effect: Some("You may discard 1 of your Benched Basic [G] Pokémon. If you do, this attack does 70 more damage.") })	yes	no	yes
8	km3	22	48	106	LOOKAHEAD ONLY, both halves hold	yes	Attack(Attack { energy_required: [Grass, Grass], title: "Chase Order", fixed_damage: 70, effect: Some("You may discard 1 of your Benched Basic [G] Pokémon. If you do, this attack does 70 more damage.") })	Attack(Attack { energy_required: [Grass, Grass], title: "Chase Order", fixed_damage: 70, effect: Some("You may discard 1 of your Benched Basic [G] Pokémon. If you do, this attack does 70 more damage.") })	Attach { attachments: [(1, Grass, 3)], is_turn_energy: true }	Attack(Attack { energy_required: [Grass, Grass], title: "Chase Order", fixed_damage: 70, effect: Some("You may discard 1 of your Benched Basic [G] Pokémon. If you do, this attack does 70 more damage.") })	yes	no	yes
8	km3	22	52	93	LOOKAHEAD ONLY, both halves hold	yes	Attack(Attack { energy_required: [Grass, Grass], title: "Chase Order", fixed_damage: 70, effect: Some("You may discard 1 of your Benched Basic [G] Pokémon. If you do, this attack does 70 more damage.") })	Attack(Attack { energy_required: [Grass, Grass], title: "Chase Order", fixed_damage: 70, effect: Some("You may discard 1 of your Benched Basic [G] Pokémon. If you do, this attack does 70 more damage.") })	Attach { attachments: [(1, Grass, 3)], is_turn_energy: true }	Attack(Attack { energy_required: [Grass, Grass], title: "Chase Order", fixed_damage: 70, effect: Some("You may discard 1 of your Benched Basic [G] Pokémon. If you do, this attack does 70 more damage.") })	yes	no	yes
8	km3	22	54	100	LOOKAHEAD ONLY, both halves hold	yes	Attack(Attack { energy_required: [Grass, Grass], title: "Chase Order", fixed_damage: 70, effect: Some("You may discard 1 of your Benched Basic [G] Pokémon. If you do, this attack does 70 more damage.") })	Attack(Attack { energy_required: [Grass, Grass], title: "Chase Order", fixed_damage: 70, effect: Some("You may discard 1 of your Benched Basic [G] Pokémon. If you do, this attack does 70 more damage.") })	Attach { attachments: [(1, Grass, 1)], is_turn_energy: true }	Attack(Attack { energy_required: [Grass, Grass], title: "Chase Order", fixed_damage: 70, effect: Some("You may discard 1 of your Benched Basic [G] Pokémon. If you do, this attack does 70 more damage.") })	yes	no	yes
8	km3	22	59	75	LOOKAHEAD ONLY, both halves hold	yes	Attack(Attack { energy_required: [Grass, Grass], title: "Chase Order", fixed_damage: 70, effect: Some("You may discard 1 of your Benched Basic [G] Pokémon. If you do, this attack does 70 more damage.") })	Attack(Attack { energy_required: [Grass, Grass], title: "Chase Order", fixed_damage: 70, effect: Some("You may discard 1 of your Benched Basic [G] Pokémon. If you do, this attack does 70 more damage.") })	Attach { attachments: [(1, Grass, 1)], is_turn_energy: true }	Attack(Attack { energy_required: [Grass, Grass], title: "Chase Order", fixed_damage: 70, effect: Some("You may discard 1 of your Benched Basic [G] Pokémon. If you do, this attack does 70 more damage.") })	yes	no	yes
8	km3	22	60	55	LOOKAHEAD ONLY, both halves hold	yes	Attack(Attack { energy_required: [Grass, Grass], title: "Chase Order", fixed_damage: 70, effect: Some("You may discard 1 of your Benched Basic [G] Pokémon. If you do, this attack does 70 more damage.") })	Attack(Attack { energy_required: [Grass, Grass], title: "Chase Order", fixed_damage: 70, effect: Some("You may discard 1 of your Benched Basic [G] Pokémon. If you do, this attack does 70 more damage.") })	UseStadium	Attack(Attack { energy_required: [Grass, Grass], title: "Chase Order", fixed_damage: 70, effect: Some("You may discard 1 of your Benched Basic [G] Pokémon. If you do, this attack does 70 more damage.") })	yes	no	yes
8	km3	22	63	104	LOOKAHEAD ONLY, both halves hold	yes	Attack(Attack { energy_required: [Grass, Grass], title: "Chase Order", fixed_damage: 70, effect: Some("You may discard 1 of your Benched Basic [G] Pokémon. If you do, this attack does 70 more damage.") })	Attack(Attack { energy_required: [Grass, Grass], title: "Chase Order", fixed_damage: 70, effect: Some("You may discard 1 of your Benched Basic [G] Pokémon. If you do, this attack does 70 more damage.") })	Place(Pokemon(B4 010 Combee), 1)	Attack(Attack { energy_required: [Grass, Grass], title: "Chase Order", fixed_damage: 70, effect: Some("You may discard 1 of your Benched Basic [G] Pokémon. If you do, this attack does 70 more damage.") })	yes	no	yes
8	km3	22	65	40	LOOKAHEAD ONLY, both halves hold	yes	Attack(Attack { energy_required: [Grass, Grass], title: "Chase Order", fixed_damage: 70, effect: Some("You may discard 1 of your Benched Basic [G] Pokémon. If you do, this attack does 70 more damage.") })	Attack(Attack { energy_required: [Grass, Grass], title: "Chase Order", fixed_damage: 70, effect: Some("You may discard 1 of your Benched Basic [G] Pokémon. If you do, this attack does 70 more damage.") })	Evolve { evolution: Pokemon(B4 011 Vespiquen ex), in_play_idx: 1, from_deck: false }	Attack(Attack { energy_required: [Grass, Grass], title: "Chase Order", fixed_damage: 70, effect: Some("You may discard 1 of your Benched Basic [G] Pokémon. If you do, this attack does 70 more damage.") })	yes	no	yes
8	km3	22	74	43	LOOKAHEAD ONLY, both halves hold	yes	Attack(Attack { energy_required: [Grass, Grass], title: "Chase Order", fixed_damage: 70, effect: Some("You may discard 1 of your Benched Basic [G] Pokémon. If you do, this attack does 70 more damage.") })	Attack(Attack { energy_required: [Grass, Grass], title: "Chase Order", fixed_damage: 70, effect: Some("You may discard 1 of your Benched Basic [G] Pokémon. If you do, this attack does 70 more damage.") })	Play { trainer_card: A1 225 Sabrina }	Attack(Attack { energy_required: [Grass, Grass], title: "Chase Order", fixed_damage: 70, effect: Some("You may discard 1 of your Benched Basic [G] Pokémon. If you do, this attack does 70 more damage.") })	yes	no	yes
8	km3	22	76	57	LOOKAHEAD ONLY, both halves hold	yes	Attack(Attack { energy_required: [Grass, Grass], title: "Chase Order", fixed_damage: 70, effect: Some("You may discard 1 of your Benched Basic [G] Pokémon. If you do, this attack does 70 more damage.") })	Attack(Attack { energy_required: [Grass, Grass], title: "Chase Order", fixed_damage: 70, effect: Some("You may discard 1 of your Benched Basic [G] Pokémon. If you do, this attack does 70 more damage.") })	Attach { attachments: [(1, Grass, 3)], is_turn_energy: true }	Attack(Attack { energy_required: [Grass, Grass], title: "Chase Order", fixed_damage: 70, effect: Some("You may discard 1 of your Benched Basic [G] Pokémon. If you do, this attack does 70 more damage.") })	yes	no	yes
8	km3	22	78	74	LOOKAHEAD ONLY, both halves hold	yes	Attack(Attack { energy_required: [Grass, Grass], title: "Chase Order", fixed_damage: 70, effect: Some("You may discard 1 of your Benched Basic [G] Pokémon. If you do, this attack does 70 more damage.") })	Attack(Attack { energy_required: [Grass, Grass], title: "Chase Order", fixed_damage: 70, effect: Some("You may discard 1 of your Benched Basic [G] Pokémon. If you do, this attack does 70 more damage.") })	Attach { attachments: [(1, Grass, 1)], is_turn_energy: true }	Attack(Attack { energy_required: [Grass, Grass], title: "Chase Order", fixed_damage: 70, effect: Some("You may discard 1 of your Benched Basic [G] Pokémon. If you do, this attack does 70 more damage.") })	yes	no	yes
8	km3	22	79	43	LOOKAHEAD ONLY, both halves hold	yes	Attack(Attack { energy_required: [Grass, Grass], title: "Chase Order", fixed_damage: 70, effect: Some("You may discard 1 of your Benched Basic [G] Pokémon. If you do, this attack does 70 more damage.") })	Attack(Attack { energy_required: [Grass, Grass], title: "Chase Order", fixed_damage: 70, effect: Some("You may discard 1 of your Benched Basic [G] Pokémon. If you do, this attack does 70 more damage.") })	Play { trainer_card: P-A 007 Professor's Research }	Attack(Attack { energy_required: [Grass, Grass], title: "Chase Order", fixed_damage: 70, effect: Some("You may discard 1 of your Benched Basic [G] Pokémon. If you do, this attack does 70 more damage.") })	yes	no	yes
8	km3	22	83	53	LOOKAHEAD ONLY, both halves hold	yes	Attack(Attack { energy_required: [Grass, Grass], title: "Chase Order", fixed_damage: 70, effect: Some("You may discard 1 of your Benched Basic [G] Pokémon. If you do, this attack does 70 more damage.") })	Attack(Attack { energy_required: [Grass, Grass], title: "Chase Order", fixed_damage: 70, effect: Some("You may discard 1 of your Benched Basic [G] Pokémon. If you do, this attack does 70 more damage.") })	UseStadium	Attack(Attack { energy_required: [Grass, Grass], title: "Chase Order", fixed_damage: 70, effect: Some("You may discard 1 of your Benched Basic [G] Pokémon. If you do, this attack does 70 more damage.") })	yes	no	yes
8	km3	22	85	69	LOOKAHEAD ONLY, both halves hold	yes	Attach { attachments: [(1, Grass, 0)], is_turn_energy: true }	Attach { attachments: [(1, Grass, 0)], is_turn_energy: true }	Retreat(3)	Attach { attachments: [(1, Grass, 0)], is_turn_energy: true }	yes	no	yes
8	km3	22	88	78	LOOKAHEAD ONLY, both halves hold	yes	Attack(Attack { energy_required: [Grass, Grass], title: "Chase Order", fixed_damage: 70, effect: Some("You may discard 1 of your Benched Basic [G] Pokémon. If you do, this attack does 70 more damage.") })	Attack(Attack { energy_required: [Grass, Grass], title: "Chase Order", fixed_damage: 70, effect: Some("You may discard 1 of your Benched Basic [G] Pokémon. If you do, this attack does 70 more damage.") })	Place(Pokemon(B4 010 Combee), 2)	Attack(Attack { energy_required: [Grass, Grass], title: "Chase Order", fixed_damage: 70, effect: Some("You may discard 1 of your Benched Basic [G] Pokémon. If you do, this attack does 70 more damage.") })	yes	no	yes
8	km3	22	98	71	LOOKAHEAD ONLY, both halves hold	yes	Attack(Attack { energy_required: [Grass, Grass], title: "Chase Order", fixed_damage: 70, effect: Some("You may discard 1 of your Benched Basic [G] Pokémon. If you do, this attack does 70 more damage.") })	Attack(Attack { energy_required: [Grass, Grass], title: "Chase Order", fixed_damage: 70, effect: Some("You may discard 1 of your Benched Basic [G] Pokémon. If you do, this attack does 70 more damage.") })	Play { trainer_card: A1 225 Sabrina }	Attack(Attack { energy_required: [Grass, Grass], title: "Chase Order", fixed_damage: 70, effect: Some("You may discard 1 of your Benched Basic [G] Pokémon. If you do, this attack does 70 more damage.") })	yes	no	yes
8	km3	22	100	74	ON THE BOARD	yes	Retreat(3)	Retreat(3)	Attack(Attack { energy_required: [Grass, Grass], title: "Energized Leaves", fixed_damage: 60, effect: Some("If the amount of Energy attached to both Active Pokémon is 5 or more, this attack does 60 more damage.") })	Retreat(3)	yes	no	yes
8	km3	22	101	60	LOOKAHEAD ONLY, both halves hold	yes	Attack(Attack { energy_required: [Grass, Grass], title: "Chase Order", fixed_damage: 70, effect: Some("You may discard 1 of your Benched Basic [G] Pokémon. If you do, this attack does 70 more damage.") })	Attack(Attack { energy_required: [Grass, Grass], title: "Chase Order", fixed_damage: 70, effect: Some("You may discard 1 of your Benched Basic [G] Pokémon. If you do, this attack does 70 more damage.") })	Attach { attachments: [(1, Grass, 3)], is_turn_energy: true }	Attack(Attack { energy_required: [Grass, Grass], title: "Chase Order", fixed_damage: 70, effect: Some("You may discard 1 of your Benched Basic [G] Pokémon. If you do, this attack does 70 more damage.") })	yes	no	yes
8	km3	22	104	44	LOOKAHEAD ONLY, both halves hold	yes	Attack(Attack { energy_required: [Grass, Grass], title: "Chase Order", fixed_damage: 70, effect: Some("You may discard 1 of your Benched Basic [G] Pokémon. If you do, this attack does 70 more damage.") })	Attack(Attack { energy_required: [Grass, Grass], title: "Chase Order", fixed_damage: 70, effect: Some("You may discard 1 of your Benched Basic [G] Pokémon. If you do, this attack does 70 more damage.") })	UseStadium	Attack(Attack { energy_required: [Grass, Grass], title: "Chase Order", fixed_damage: 70, effect: Some("You may discard 1 of your Benched Basic [G] Pokémon. If you do, this attack does 70 more damage.") })	yes	no	yes
8	km3	22	105	66	LOOKAHEAD ONLY, both halves hold	yes	UseStadium	UseStadium	Play { trainer_card: A3 147 Leaf Cape }	UseStadium	yes	no	yes
8	km3	22	109	90	LOOKAHEAD ONLY, both halves hold	yes	Play { trainer_card: B1 225 Copycat }	Play { trainer_card: B1 225 Copycat }	Retreat(3)	Play { trainer_card: B1 225 Copycat }	yes	no	yes
8	km3	22	114	68	LOOKAHEAD ONLY, both halves hold	yes	Attack(Attack { energy_required: [Grass, Grass], title: "Chase Order", fixed_damage: 70, effect: Some("You may discard 1 of your Benched Basic [G] Pokémon. If you do, this attack does 70 more damage.") })	Attack(Attack { energy_required: [Grass, Grass], title: "Chase Order", fixed_damage: 70, effect: Some("You may discard 1 of your Benched Basic [G] Pokémon. If you do, this attack does 70 more damage.") })	Place(Pokemon(B4 010 Combee), 3)	Attack(Attack { energy_required: [Grass, Grass], title: "Chase Order", fixed_damage: 70, effect: Some("You may discard 1 of your Benched Basic [G] Pokémon. If you do, this attack does 70 more damage.") })	yes	no	yes
8	km3	22	117	77	LOOKAHEAD ONLY, both halves hold	yes	Attack(Attack { energy_required: [Grass, Grass], title: "Chase Order", fixed_damage: 70, effect: Some("You may discard 1 of your Benched Basic [G] Pokémon. If you do, this attack does 70 more damage.") })	Attack(Attack { energy_required: [Grass, Grass], title: "Chase Order", fixed_damage: 70, effect: Some("You may discard 1 of your Benched Basic [G] Pokémon. If you do, this attack does 70 more damage.") })	Place(Pokemon(A4 021 Shuckle ex), 1)	Attack(Attack { energy_required: [Grass, Grass], title: "Chase Order", fixed_damage: 70, effect: Some("You may discard 1 of your Benched Basic [G] Pokémon. If you do, this attack does 70 more damage.") })	yes	no	yes
8	km3	22	120	76	LOOKAHEAD ONLY, both halves hold	yes	Attack(Attack { energy_required: [Grass, Grass], title: "Chase Order", fixed_damage: 70, effect: Some("You may discard 1 of your Benched Basic [G] Pokémon. If you do, this attack does 70 more damage.") })	Attack(Attack { energy_required: [Grass, Grass], title: "Chase Order", fixed_damage: 70, effect: Some("You may discard 1 of your Benched Basic [G] Pokémon. If you do, this attack does 70 more damage.") })	Attach { attachments: [(1, Grass, 2)], is_turn_energy: true }	Attack(Attack { energy_required: [Grass, Grass], title: "Chase Order", fixed_damage: 70, effect: Some("You may discard 1 of your Benched Basic [G] Pokémon. If you do, this attack does 70 more damage.") })	yes	no	yes
8	km3	22	122	41	LOOKAHEAD ONLY, both halves hold	yes	Attack(Attack { energy_required: [Grass, Grass], title: "Chase Order", fixed_damage: 70, effect: Some("You may discard 1 of your Benched Basic [G] Pokémon. If you do, this attack does 70 more damage.") })	Attack(Attack { energy_required: [Grass, Grass], title: "Chase Order", fixed_damage: 70, effect: Some("You may discard 1 of your Benched Basic [G] Pokémon. If you do, this attack does 70 more damage.") })	UseStadium	Attack(Attack { energy_required: [Grass, Grass], title: "Chase Order", fixed_damage: 70, effect: Some("You may discard 1 of your Benched Basic [G] Pokémon. If you do, this attack does 70 more damage.") })	yes	no	yes
8	km3	22	128	64	LOOKAHEAD ONLY, both halves hold	yes	Attack(Attack { energy_required: [Grass, Grass], title: "Chase Order", fixed_damage: 70, effect: Some("You may discard 1 of your Benched Basic [G] Pokémon. If you do, this attack does 70 more damage.") })	Attack(Attack { energy_required: [Grass, Grass], title: "Chase Order", fixed_damage: 70, effect: Some("You may discard 1 of your Benched Basic [G] Pokémon. If you do, this attack does 70 more damage.") })	Play { trainer_card: B1 225 Copycat }	Attack(Attack { energy_required: [Grass, Grass], title: "Chase Order", fixed_damage: 70, effect: Some("You may discard 1 of your Benched Basic [G] Pokémon. If you do, this attack does 70 more damage.") })	yes	no	yes
8	km3	22	129	72	LOOKAHEAD ONLY, both halves hold	yes	Attack(Attack { energy_required: [Grass, Grass], title: "Chase Order", fixed_damage: 70, effect: Some("You may discard 1 of your Benched Basic [G] Pokémon. If you do, this attack does 70 more damage.") })	Attack(Attack { energy_required: [Grass, Grass], title: "Chase Order", fixed_damage: 70, effect: Some("You may discard 1 of your Benched Basic [G] Pokémon. If you do, this attack does 70 more damage.") })	Attach { attachments: [(1, Grass, 3)], is_turn_energy: true }	Attack(Attack { energy_required: [Grass, Grass], title: "Chase Order", fixed_damage: 70, effect: Some("You may discard 1 of your Benched Basic [G] Pokémon. If you do, this attack does 70 more damage.") })	yes	no	yes
8	km3	22	130	28	LOOKAHEAD ONLY, both halves hold	yes	Attack(Attack { energy_required: [Grass, Grass], title: "Chase Order", fixed_damage: 70, effect: Some("You may discard 1 of your Benched Basic [G] Pokémon. If you do, this attack does 70 more damage.") })	Attack(Attack { energy_required: [Grass, Grass], title: "Chase Order", fixed_damage: 70, effect: Some("You may discard 1 of your Benched Basic [G] Pokémon. If you do, this attack does 70 more damage.") })	UseStadium	Attack(Attack { energy_required: [Grass, Grass], title: "Chase Order", fixed_damage: 70, effect: Some("You may discard 1 of your Benched Basic [G] Pokémon. If you do, this attack does 70 more damage.") })	yes	no	yes
8	km3	22	131	75	LOOKAHEAD ONLY, both halves hold	yes	Attack(Attack { energy_required: [Grass, Grass], title: "Chase Order", fixed_damage: 70, effect: Some("You may discard 1 of your Benched Basic [G] Pokémon. If you do, this attack does 70 more damage.") })	Attack(Attack { energy_required: [Grass, Grass], title: "Chase Order", fixed_damage: 70, effect: Some("You may discard 1 of your Benched Basic [G] Pokémon. If you do, this attack does 70 more damage.") })	Attach { attachments: [(1, Grass, 3)], is_turn_energy: true }	Attack(Attack { energy_required: [Grass, Grass], title: "Chase Order", fixed_damage: 70, effect: Some("You may discard 1 of your Benched Basic [G] Pokémon. If you do, this attack does 70 more damage.") })	yes	no	yes
8	km3	22	132	49	LOOKAHEAD ONLY, both halves hold	yes	Attack(Attack { energy_required: [Grass, Grass], title: "Chase Order", fixed_damage: 70, effect: Some("You may discard 1 of your Benched Basic [G] Pokémon. If you do, this attack does 70 more damage.") })	Attack(Attack { energy_required: [Grass, Grass], title: "Chase Order", fixed_damage: 70, effect: Some("You may discard 1 of your Benched Basic [G] Pokémon. If you do, this attack does 70 more damage.") })	UseStadium	Attack(Attack { energy_required: [Grass, Grass], title: "Chase Order", fixed_damage: 70, effect: Some("You may discard 1 of your Benched Basic [G] Pokémon. If you do, this attack does 70 more damage.") })	yes	no	yes
8	km3	22	136	32	LOOKAHEAD ONLY, both halves hold	yes	Attack(Attack { energy_required: [Grass, Grass], title: "Chase Order", fixed_damage: 70, effect: Some("You may discard 1 of your Benched Basic [G] Pokémon. If you do, this attack does 70 more damage.") })	Attack(Attack { energy_required: [Grass, Grass], title: "Chase Order", fixed_damage: 70, effect: Some("You may discard 1 of your Benched Basic [G] Pokémon. If you do, this attack does 70 more damage.") })	Place(Pokemon(A4 021 Shuckle ex), 1)	Attack(Attack { energy_required: [Grass, Grass], title: "Chase Order", fixed_damage: 70, effect: Some("You may discard 1 of your Benched Basic [G] Pokémon. If you do, this attack does 70 more damage.") })	yes	no	yes
8	km3	22	140	49	LOOKAHEAD ONLY, both halves hold	yes	Attack(Attack { energy_required: [Grass, Grass], title: "Chase Order", fixed_damage: 70, effect: Some("You may discard 1 of your Benched Basic [G] Pokémon. If you do, this attack does 70 more damage.") })	Attack(Attack { energy_required: [Grass, Grass], title: "Chase Order", fixed_damage: 70, effect: Some("You may discard 1 of your Benched Basic [G] Pokémon. If you do, this attack does 70 more damage.") })	Play { trainer_card: P-A 007 Professor's Research }	Attack(Attack { energy_required: [Grass, Grass], title: "Chase Order", fixed_damage: 70, effect: Some("You may discard 1 of your Benched Basic [G] Pokémon. If you do, this attack does 70 more damage.") })	yes	no	yes
8	km3	22	145	65	LOOKAHEAD ONLY, both halves hold	yes	Play { trainer_card: B1 225 Copycat }	Play { trainer_card: B1 225 Copycat }	Retreat(3)	Play { trainer_card: B1 225 Copycat }	yes	no	yes
8	km3	22	149	111	LOOKAHEAD ONLY, both halves hold	yes	Attack(Attack { energy_required: [Grass, Grass], title: "Chase Order", fixed_damage: 70, effect: Some("You may discard 1 of your Benched Basic [G] Pokémon. If you do, this attack does 70 more damage.") })	Attack(Attack { energy_required: [Grass, Grass], title: "Chase Order", fixed_damage: 70, effect: Some("You may discard 1 of your Benched Basic [G] Pokémon. If you do, this attack does 70 more damage.") })	Attach { attachments: [(1, Grass, 3)], is_turn_energy: true }	Attack(Attack { energy_required: [Grass, Grass], title: "Chase Order", fixed_damage: 70, effect: Some("You may discard 1 of your Benched Basic [G] Pokémon. If you do, this attack does 70 more damage.") })	yes	no	yes
8	km3	22	152	75	LOOKAHEAD ONLY, both halves hold	yes	Attack(Attack { energy_required: [Grass, Grass], title: "Chase Order", fixed_damage: 70, effect: Some("You may discard 1 of your Benched Basic [G] Pokémon. If you do, this attack does 70 more damage.") })	Attack(Attack { energy_required: [Grass, Grass], title: "Chase Order", fixed_damage: 70, effect: Some("You may discard 1 of your Benched Basic [G] Pokémon. If you do, this attack does 70 more damage.") })	Attach { attachments: [(1, Grass, 2)], is_turn_energy: true }	Attack(Attack { energy_required: [Grass, Grass], title: "Chase Order", fixed_damage: 70, effect: Some("You may discard 1 of your Benched Basic [G] Pokémon. If you do, this attack does 70 more damage.") })	yes	no	yes
8	km3	22	155	102	LOOKAHEAD ONLY, both halves hold	yes	Attack(Attack { energy_required: [Grass, Grass], title: "Chase Order", fixed_damage: 70, effect: Some("You may discard 1 of your Benched Basic [G] Pokémon. If you do, this attack does 70 more damage.") })	Attack(Attack { energy_required: [Grass, Grass], title: "Chase Order", fixed_damage: 70, effect: Some("You may discard 1 of your Benched Basic [G] Pokémon. If you do, this attack does 70 more damage.") })	Play { trainer_card: B1 225 Copycat }	Attack(Attack { energy_required: [Grass, Grass], title: "Chase Order", fixed_damage: 70, effect: Some("You may discard 1 of your Benched Basic [G] Pokémon. If you do, this attack does 70 more damage.") })	yes	no	yes
8	km3	22	156	97	LOOKAHEAD ONLY, both halves hold	yes	Attack(Attack { energy_required: [Grass, Grass], title: "Chase Order", fixed_damage: 70, effect: Some("You may discard 1 of your Benched Basic [G] Pokémon. If you do, this attack does 70 more damage.") })	Attack(Attack { energy_required: [Grass, Grass], title: "Chase Order", fixed_damage: 70, effect: Some("You may discard 1 of your Benched Basic [G] Pokémon. If you do, this attack does 70 more damage.") })	Place(Pokemon(B4 010 Combee), 1)	Attack(Attack { energy_required: [Grass, Grass], title: "Chase Order", fixed_damage: 70, effect: Some("You may discard 1 of your Benched Basic [G] Pokémon. If you do, this attack does 70 more damage.") })	yes	no	yes
8	km3	22	158	61	LOOKAHEAD ONLY, both halves hold	yes	Attack(Attack { energy_required: [Grass, Grass], title: "Chase Order", fixed_damage: 70, effect: Some("You may discard 1 of your Benched Basic [G] Pokémon. If you do, this attack does 70 more damage.") })	Attack(Attack { energy_required: [Grass, Grass], title: "Chase Order", fixed_damage: 70, effect: Some("You may discard 1 of your Benched Basic [G] Pokémon. If you do, this attack does 70 more damage.") })	Play { trainer_card: P-A 007 Professor's Research }	Attack(Attack { energy_required: [Grass, Grass], title: "Chase Order", fixed_damage: 70, effect: Some("You may discard 1 of your Benched Basic [G] Pokémon. If you do, this attack does 70 more damage.") })	yes	no	yes
8	km3	22	159	81	LOOKAHEAD ONLY, both halves hold	yes	Attack(Attack { energy_required: [Grass, Grass], title: "Chase Order", fixed_damage: 70, effect: Some("You may discard 1 of your Benched Basic [G] Pokémon. If you do, this attack does 70 more damage.") })	Attack(Attack { energy_required: [Grass, Grass], title: "Chase Order", fixed_damage: 70, effect: Some("You may discard 1 of your Benched Basic [G] Pokémon. If you do, this attack does 70 more damage.") })	UseStadium	Attack(Attack { energy_required: [Grass, Grass], title: "Chase Order", fixed_damage: 70, effect: Some("You may discard 1 of your Benched Basic [G] Pokémon. If you do, this attack does 70 more damage.") })	yes	no	yes
8	km3	22	165	88	LOOKAHEAD ONLY, both halves hold	yes	Play { trainer_card: A3 147 Leaf Cape }	Play { trainer_card: A3 147 Leaf Cape }	Retreat(2)	Play { trainer_card: A3 147 Leaf Cape }	yes	no	yes
8	km3	22	175	73	LOOKAHEAD ONLY, both halves hold	yes	Attack(Attack { energy_required: [Grass, Grass], title: "Chase Order", fixed_damage: 70, effect: Some("You may discard 1 of your Benched Basic [G] Pokémon. If you do, this attack does 70 more damage.") })	Attack(Attack { energy_required: [Grass, Grass], title: "Chase Order", fixed_damage: 70, effect: Some("You may discard 1 of your Benched Basic [G] Pokémon. If you do, this attack does 70 more damage.") })	Attach { attachments: [(1, Grass, 1)], is_turn_energy: true }	Attack(Attack { energy_required: [Grass, Grass], title: "Chase Order", fixed_damage: 70, effect: Some("You may discard 1 of your Benched Basic [G] Pokémon. If you do, this attack does 70 more damage.") })	yes	no	yes
8	km3	22	178	63	LOOKAHEAD ONLY, both halves hold	yes	Attack(Attack { energy_required: [Grass, Grass], title: "Chase Order", fixed_damage: 70, effect: Some("You may discard 1 of your Benched Basic [G] Pokémon. If you do, this attack does 70 more damage.") })	Attack(Attack { energy_required: [Grass, Grass], title: "Chase Order", fixed_damage: 70, effect: Some("You may discard 1 of your Benched Basic [G] Pokémon. If you do, this attack does 70 more damage.") })	Place(Pokemon(B4 010 Combee), 3)	Attack(Attack { energy_required: [Grass, Grass], title: "Chase Order", fixed_damage: 70, effect: Some("You may discard 1 of your Benched Basic [G] Pokémon. If you do, this attack does 70 more damage.") })	yes	no	yes
8	km3	22	182	47	LOOKAHEAD ONLY, both halves hold	yes	Attack(Attack { energy_required: [Grass, Grass], title: "Chase Order", fixed_damage: 70, effect: Some("You may discard 1 of your Benched Basic [G] Pokémon. If you do, this attack does 70 more damage.") })	Attack(Attack { energy_required: [Grass, Grass], title: "Chase Order", fixed_damage: 70, effect: Some("You may discard 1 of your Benched Basic [G] Pokémon. If you do, this attack does 70 more damage.") })	Play { trainer_card: P-A 007 Professor's Research }	Attack(Attack { energy_required: [Grass, Grass], title: "Chase Order", fixed_damage: 70, effect: Some("You may discard 1 of your Benched Basic [G] Pokémon. If you do, this attack does 70 more damage.") })	yes	no	yes
8	km3	22	189	71	LOOKAHEAD ONLY, both halves hold	yes	Attack(Attack { energy_required: [Grass, Grass], title: "Chase Order", fixed_damage: 70, effect: Some("You may discard 1 of your Benched Basic [G] Pokémon. If you do, this attack does 70 more damage.") })	Attack(Attack { energy_required: [Grass, Grass], title: "Chase Order", fixed_damage: 70, effect: Some("You may discard 1 of your Benched Basic [G] Pokémon. If you do, this attack does 70 more damage.") })	Play { trainer_card: B1 225 Copycat }	Attack(Attack { energy_required: [Grass, Grass], title: "Chase Order", fixed_damage: 70, effect: Some("You may discard 1 of your Benched Basic [G] Pokémon. If you do, this attack does 70 more damage.") })	yes	no	yes
8	km3	22	198	70	LOOKAHEAD ONLY, both halves hold	yes	Attack(Attack { energy_required: [Grass, Grass], title: "Chase Order", fixed_damage: 70, effect: Some("You may discard 1 of your Benched Basic [G] Pokémon. If you do, this attack does 70 more damage.") })	Attack(Attack { energy_required: [Grass, Grass], title: "Chase Order", fixed_damage: 70, effect: Some("You may discard 1 of your Benched Basic [G] Pokémon. If you do, this attack does 70 more damage.") })	Attach { attachments: [(1, Grass, 3)], is_turn_energy: true }	Attack(Attack { energy_required: [Grass, Grass], title: "Chase Order", fixed_damage: 70, effect: Some("You may discard 1 of your Benched Basic [G] Pokémon. If you do, this attack does 70 more damage.") })	yes	no	yes
8	km3	22	200	106	LOOKAHEAD ONLY, both halves hold	yes	Attack(Attack { energy_required: [Grass, Grass], title: "Chase Order", fixed_damage: 70, effect: Some("You may discard 1 of your Benched Basic [G] Pokémon. If you do, this attack does 70 more damage.") })	Attack(Attack { energy_required: [Grass, Grass], title: "Chase Order", fixed_damage: 70, effect: Some("You may discard 1 of your Benched Basic [G] Pokémon. If you do, this attack does 70 more damage.") })	Attach { attachments: [(1, Grass, 2)], is_turn_energy: true }	Attack(Attack { energy_required: [Grass, Grass], title: "Chase Order", fixed_damage: 70, effect: Some("You may discard 1 of your Benched Basic [G] Pokémon. If you do, this attack does 70 more damage.") })	yes	no	yes
8	km3	22	205	84	LOOKAHEAD ONLY, both halves hold	yes	Attack(Attack { energy_required: [Grass, Grass], title: "Chase Order", fixed_damage: 70, effect: Some("You may discard 1 of your Benched Basic [G] Pokémon. If you do, this attack does 70 more damage.") })	Attack(Attack { energy_required: [Grass, Grass], title: "Chase Order", fixed_damage: 70, effect: Some("You may discard 1 of your Benched Basic [G] Pokémon. If you do, this attack does 70 more damage.") })	UseStadium	Attack(Attack { energy_required: [Grass, Grass], title: "Chase Order", fixed_damage: 70, effect: Some("You may discard 1 of your Benched Basic [G] Pokémon. If you do, this attack does 70 more damage.") })	yes	no	yes
8	km3	22	208	56	LOOKAHEAD ONLY, both halves hold	yes	Attack(Attack { energy_required: [Grass, Grass], title: "Chase Order", fixed_damage: 70, effect: Some("You may discard 1 of your Benched Basic [G] Pokémon. If you do, this attack does 70 more damage.") })	Attack(Attack { energy_required: [Grass, Grass], title: "Chase Order", fixed_damage: 70, effect: Some("You may discard 1 of your Benched Basic [G] Pokémon. If you do, this attack does 70 more damage.") })	UseStadium	Attack(Attack { energy_required: [Grass, Grass], title: "Chase Order", fixed_damage: 70, effect: Some("You may discard 1 of your Benched Basic [G] Pokémon. If you do, this attack does 70 more damage.") })	yes	no	yes
8	km3	22	209	43	LOOKAHEAD ONLY, both halves hold	yes	Attack(Attack { energy_required: [Grass, Grass], title: "Chase Order", fixed_damage: 70, effect: Some("You may discard 1 of your Benched Basic [G] Pokémon. If you do, this attack does 70 more damage.") })	Attack(Attack { energy_required: [Grass, Grass], title: "Chase Order", fixed_damage: 70, effect: Some("You may discard 1 of your Benched Basic [G] Pokémon. If you do, this attack does 70 more damage.") })	Place(Pokemon(B2 017 Teal Mask Ogerpon ex), 1)	Attack(Attack { energy_required: [Grass, Grass], title: "Chase Order", fixed_damage: 70, effect: Some("You may discard 1 of your Benched Basic [G] Pokémon. If you do, this attack does 70 more damage.") })	yes	no	yes
8	km3	22	214	56	LOOKAHEAD ONLY, both halves hold	yes	Attack(Attack { energy_required: [Grass, Grass], title: "Chase Order", fixed_damage: 70, effect: Some("You may discard 1 of your Benched Basic [G] Pokémon. If you do, this attack does 70 more damage.") })	Attack(Attack { energy_required: [Grass, Grass], title: "Chase Order", fixed_damage: 70, effect: Some("You may discard 1 of your Benched Basic [G] Pokémon. If you do, this attack does 70 more damage.") })	Attach { attachments: [(1, Grass, 3)], is_turn_energy: true }	Attack(Attack { energy_required: [Grass, Grass], title: "Chase Order", fixed_damage: 70, effect: Some("You may discard 1 of your Benched Basic [G] Pokémon. If you do, this attack does 70 more damage.") })	yes	no	yes
8	km3	22	215	50	LOOKAHEAD ONLY, both halves hold	yes	Attack(Attack { energy_required: [Grass, Grass], title: "Chase Order", fixed_damage: 70, effect: Some("You may discard 1 of your Benched Basic [G] Pokémon. If you do, this attack does 70 more damage.") })	Attack(Attack { energy_required: [Grass, Grass], title: "Chase Order", fixed_damage: 70, effect: Some("You may discard 1 of your Benched Basic [G] Pokémon. If you do, this attack does 70 more damage.") })	Attach { attachments: [(1, Grass, 1)], is_turn_energy: true }	Attack(Attack { energy_required: [Grass, Grass], title: "Chase Order", fixed_damage: 70, effect: Some("You may discard 1 of your Benched Basic [G] Pokémon. If you do, this attack does 70 more damage.") })	yes	no	yes
8	km3	22	225	65	LOOKAHEAD ONLY, both halves hold	yes	Attack(Attack { energy_required: [Grass, Grass], title: "Chase Order", fixed_damage: 70, effect: Some("You may discard 1 of your Benched Basic [G] Pokémon. If you do, this attack does 70 more damage.") })	Attack(Attack { energy_required: [Grass, Grass], title: "Chase Order", fixed_damage: 70, effect: Some("You may discard 1 of your Benched Basic [G] Pokémon. If you do, this attack does 70 more damage.") })	Attach { attachments: [(1, Grass, 3)], is_turn_energy: true }	Attack(Attack { energy_required: [Grass, Grass], title: "Chase Order", fixed_damage: 70, effect: Some("You may discard 1 of your Benched Basic [G] Pokémon. If you do, this attack does 70 more damage.") })	yes	no	yes
8	km3	22	230	65	LOOKAHEAD ONLY, both halves hold	yes	Attack(Attack { energy_required: [Grass, Grass], title: "Chase Order", fixed_damage: 70, effect: Some("You may discard 1 of your Benched Basic [G] Pokémon. If you do, this attack does 70 more damage.") })	Attack(Attack { energy_required: [Grass, Grass], title: "Chase Order", fixed_damage: 70, effect: Some("You may discard 1 of your Benched Basic [G] Pokémon. If you do, this attack does 70 more damage.") })	Evolve { evolution: Pokemon(B4 011 Vespiquen ex), in_play_idx: 2, from_deck: false }	Attack(Attack { energy_required: [Grass, Grass], title: "Chase Order", fixed_damage: 70, effect: Some("You may discard 1 of your Benched Basic [G] Pokémon. If you do, this attack does 70 more damage.") })	yes	no	yes
8	km3	22	231	48	LOOKAHEAD ONLY, both halves hold	yes	Attack(Attack { energy_required: [Grass, Grass], title: "Chase Order", fixed_damage: 70, effect: Some("You may discard 1 of your Benched Basic [G] Pokémon. If you do, this attack does 70 more damage.") })	Attack(Attack { energy_required: [Grass, Grass], title: "Chase Order", fixed_damage: 70, effect: Some("You may discard 1 of your Benched Basic [G] Pokémon. If you do, this attack does 70 more damage.") })	Attach { attachments: [(1, Grass, 2)], is_turn_energy: true }	Attack(Attack { energy_required: [Grass, Grass], title: "Chase Order", fixed_damage: 70, effect: Some("You may discard 1 of your Benched Basic [G] Pokémon. If you do, this attack does 70 more damage.") })	yes	no	yes
8	km3	22	233	74	LOOKAHEAD ONLY, both halves hold	yes	Attack(Attack { energy_required: [Grass, Grass], title: "Chase Order", fixed_damage: 70, effect: Some("You may discard 1 of your Benched Basic [G] Pokémon. If you do, this attack does 70 more damage.") })	Attack(Attack { energy_required: [Grass, Grass], title: "Chase Order", fixed_damage: 70, effect: Some("You may discard 1 of your Benched Basic [G] Pokémon. If you do, this attack does 70 more damage.") })	Attach { attachments: [(1, Grass, 2)], is_turn_energy: true }	Attack(Attack { energy_required: [Grass, Grass], title: "Chase Order", fixed_damage: 70, effect: Some("You may discard 1 of your Benched Basic [G] Pokémon. If you do, this attack does 70 more damage.") })	yes	no	yes
8	km3	22	248	78	LOOKAHEAD ONLY, both halves hold	yes	Attack(Attack { energy_required: [Grass, Grass], title: "Chase Order", fixed_damage: 70, effect: Some("You may discard 1 of your Benched Basic [G] Pokémon. If you do, this attack does 70 more damage.") })	Attack(Attack { energy_required: [Grass, Grass], title: "Chase Order", fixed_damage: 70, effect: Some("You may discard 1 of your Benched Basic [G] Pokémon. If you do, this attack does 70 more damage.") })	Attach { attachments: [(1, Grass, 1)], is_turn_energy: true }	Attack(Attack { energy_required: [Grass, Grass], title: "Chase Order", fixed_damage: 70, effect: Some("You may discard 1 of your Benched Basic [G] Pokémon. If you do, this attack does 70 more damage.") })	yes	no	yes
8	km3	22	254	65	LOOKAHEAD ONLY, both halves hold	yes	Attack(Attack { energy_required: [Grass, Grass], title: "Chase Order", fixed_damage: 70, effect: Some("You may discard 1 of your Benched Basic [G] Pokémon. If you do, this attack does 70 more damage.") })	Attack(Attack { energy_required: [Grass, Grass], title: "Chase Order", fixed_damage: 70, effect: Some("You may discard 1 of your Benched Basic [G] Pokémon. If you do, this attack does 70 more damage.") })	Place(Pokemon(B4 010 Combee), 3)	Attack(Attack { energy_required: [Grass, Grass], title: "Chase Order", fixed_damage: 70, effect: Some("You may discard 1 of your Benched Basic [G] Pokémon. If you do, this attack does 70 more damage.") })	yes	no	yes
8	km3	22	255	72	LOOKAHEAD ONLY, both halves hold	yes	Attack(Attack { energy_required: [Grass, Grass], title: "Chase Order", fixed_damage: 70, effect: Some("You may discard 1 of your Benched Basic [G] Pokémon. If you do, this attack does 70 more damage.") })	Attack(Attack { energy_required: [Grass, Grass], title: "Chase Order", fixed_damage: 70, effect: Some("You may discard 1 of your Benched Basic [G] Pokémon. If you do, this attack does 70 more damage.") })	Attach { attachments: [(1, Grass, 2)], is_turn_energy: true }	Attack(Attack { energy_required: [Grass, Grass], title: "Chase Order", fixed_damage: 70, effect: Some("You may discard 1 of your Benched Basic [G] Pokémon. If you do, this attack does 70 more damage.") })	yes	no	yes
8	km3	22	259	82	LOOKAHEAD ONLY, both halves hold	yes	Attack(Attack { energy_required: [Grass, Grass], title: "Chase Order", fixed_damage: 70, effect: Some("You may discard 1 of your Benched Basic [G] Pokémon. If you do, this attack does 70 more damage.") })	Attack(Attack { energy_required: [Grass, Grass], title: "Chase Order", fixed_damage: 70, effect: Some("You may discard 1 of your Benched Basic [G] Pokémon. If you do, this attack does 70 more damage.") })	Attach { attachments: [(1, Grass, 2)], is_turn_energy: true }	Attack(Attack { energy_required: [Grass, Grass], title: "Chase Order", fixed_damage: 70, effect: Some("You may discard 1 of your Benched Basic [G] Pokémon. If you do, this attack does 70 more damage.") })	yes	no	yes
8	km3	22	260	75	LOOKAHEAD ONLY, both halves hold	yes	Attack(Attack { energy_required: [Grass, Grass], title: "Chase Order", fixed_damage: 70, effect: Some("You may discard 1 of your Benched Basic [G] Pokémon. If you do, this attack does 70 more damage.") })	Attack(Attack { energy_required: [Grass, Grass], title: "Chase Order", fixed_damage: 70, effect: Some("You may discard 1 of your Benched Basic [G] Pokémon. If you do, this attack does 70 more damage.") })	Attach { attachments: [(1, Grass, 3)], is_turn_energy: true }	Attack(Attack { energy_required: [Grass, Grass], title: "Chase Order", fixed_damage: 70, effect: Some("You may discard 1 of your Benched Basic [G] Pokémon. If you do, this attack does 70 more damage.") })	yes	no	yes
8	km3	22	265	78	LOOKAHEAD ONLY, both halves hold	yes	Attack(Attack { energy_required: [Grass, Grass], title: "Chase Order", fixed_damage: 70, effect: Some("You may discard 1 of your Benched Basic [G] Pokémon. If you do, this attack does 70 more damage.") })	Attack(Attack { energy_required: [Grass, Grass], title: "Chase Order", fixed_damage: 70, effect: Some("You may discard 1 of your Benched Basic [G] Pokémon. If you do, this attack does 70 more damage.") })	Attach { attachments: [(1, Grass, 2)], is_turn_energy: true }	Attack(Attack { energy_required: [Grass, Grass], title: "Chase Order", fixed_damage: 70, effect: Some("You may discard 1 of your Benched Basic [G] Pokémon. If you do, this attack does 70 more damage.") })	yes	no	yes
8	km3	22	267	58	LOOKAHEAD ONLY, both halves hold	yes	Attack(Attack { energy_required: [Grass, Grass], title: "Chase Order", fixed_damage: 70, effect: Some("You may discard 1 of your Benched Basic [G] Pokémon. If you do, this attack does 70 more damage.") })	Attack(Attack { energy_required: [Grass, Grass], title: "Chase Order", fixed_damage: 70, effect: Some("You may discard 1 of your Benched Basic [G] Pokémon. If you do, this attack does 70 more damage.") })	UseStadium	Attack(Attack { energy_required: [Grass, Grass], title: "Chase Order", fixed_damage: 70, effect: Some("You may discard 1 of your Benched Basic [G] Pokémon. If you do, this attack does 70 more damage.") })	yes	no	yes
8	km3	22	274	61	LOOKAHEAD ONLY, both halves hold	yes	Attack(Attack { energy_required: [Grass, Grass], title: "Chase Order", fixed_damage: 70, effect: Some("You may discard 1 of your Benched Basic [G] Pokémon. If you do, this attack does 70 more damage.") })	Attack(Attack { energy_required: [Grass, Grass], title: "Chase Order", fixed_damage: 70, effect: Some("You may discard 1 of your Benched Basic [G] Pokémon. If you do, this attack does 70 more damage.") })	Play { trainer_card: P-A 007 Professor's Research }	Attack(Attack { energy_required: [Grass, Grass], title: "Chase Order", fixed_damage: 70, effect: Some("You may discard 1 of your Benched Basic [G] Pokémon. If you do, this attack does 70 more damage.") })	yes	no	yes
8	km3	22	275	71	LOOKAHEAD ONLY, both halves hold	yes	Attack(Attack { energy_required: [Grass, Grass], title: "Chase Order", fixed_damage: 70, effect: Some("You may discard 1 of your Benched Basic [G] Pokémon. If you do, this attack does 70 more damage.") })	Attack(Attack { energy_required: [Grass, Grass], title: "Chase Order", fixed_damage: 70, effect: Some("You may discard 1 of your Benched Basic [G] Pokémon. If you do, this attack does 70 more damage.") })	Place(Pokemon(B2 017 Teal Mask Ogerpon ex), 3)	Attack(Attack { energy_required: [Grass, Grass], title: "Chase Order", fixed_damage: 70, effect: Some("You may discard 1 of your Benched Basic [G] Pokémon. If you do, this attack does 70 more damage.") })	yes	no	yes
8	km3	22	276	57	LOOKAHEAD ONLY, both halves hold	yes	Play { trainer_card: B1 225 Copycat }	Play { trainer_card: B1 225 Copycat }	Retreat(3)	Play { trainer_card: B1 225 Copycat }	yes	no	yes
8	km3	22	277	37	LOOKAHEAD ONLY, both halves hold	yes	Attack(Attack { energy_required: [Grass, Grass], title: "Chase Order", fixed_damage: 70, effect: Some("You may discard 1 of your Benched Basic [G] Pokémon. If you do, this attack does 70 more damage.") })	Attack(Attack { energy_required: [Grass, Grass], title: "Chase Order", fixed_damage: 70, effect: Some("You may discard 1 of your Benched Basic [G] Pokémon. If you do, this attack does 70 more damage.") })	Play { trainer_card: P-A 007 Professor's Research }	Attack(Attack { energy_required: [Grass, Grass], title: "Chase Order", fixed_damage: 70, effect: Some("You may discard 1 of your Benched Basic [G] Pokémon. If you do, this attack does 70 more damage.") })	yes	no	yes
8	km3	22	280	72	LOOKAHEAD ONLY, both halves hold	yes	Attack(Attack { energy_required: [Grass, Grass], title: "Chase Order", fixed_damage: 70, effect: Some("You may discard 1 of your Benched Basic [G] Pokémon. If you do, this attack does 70 more damage.") })	Attack(Attack { energy_required: [Grass, Grass], title: "Chase Order", fixed_damage: 70, effect: Some("You may discard 1 of your Benched Basic [G] Pokémon. If you do, this attack does 70 more damage.") })	Attach { attachments: [(1, Grass, 3)], is_turn_energy: true }	Attack(Attack { energy_required: [Grass, Grass], title: "Chase Order", fixed_damage: 70, effect: Some("You may discard 1 of your Benched Basic [G] Pokémon. If you do, this attack does 70 more damage.") })	yes	no	yes
8	km3	22	285	94	ON THE BOARD	yes	Retreat(2)	Retreat(2)	Attack(Attack { energy_required: [Grass], title: "Triple Slap", fixed_damage: 20, effect: Some("Flip 3 coins. This attack does 20 damage for each heads.") })	Retreat(2)	yes	no	yes
8	km3	22	287	87	LOOKAHEAD ONLY, both halves hold	yes	Attack(Attack { energy_required: [Grass, Grass], title: "Chase Order", fixed_damage: 70, effect: Some("You may discard 1 of your Benched Basic [G] Pokémon. If you do, this attack does 70 more damage.") })	Attack(Attack { energy_required: [Grass, Grass], title: "Chase Order", fixed_damage: 70, effect: Some("You may discard 1 of your Benched Basic [G] Pokémon. If you do, this attack does 70 more damage.") })	Place(Pokemon(A4 021 Shuckle ex), 3)	Attack(Attack { energy_required: [Grass, Grass], title: "Chase Order", fixed_damage: 70, effect: Some("You may discard 1 of your Benched Basic [G] Pokémon. If you do, this attack does 70 more damage.") })	yes	no	yes
8	km3	22	293	97	ON THE BOARD	yes	Retreat(3)	Retreat(3)	Attack(Attack { energy_required: [Grass], title: "Triple Slap", fixed_damage: 20, effect: Some("Flip 3 coins. This attack does 20 damage for each heads.") })	Retreat(3)	yes	no	yes
8	km3	22	294	59	LOOKAHEAD ONLY, both halves hold	yes	Attack(Attack { energy_required: [Grass, Grass], title: "Energized Leaves", fixed_damage: 60, effect: Some("If the amount of Energy attached to both Active Pokémon is 5 or more, this attack does 60 more damage.") })	Attack(Attack { energy_required: [Grass, Grass], title: "Energized Leaves", fixed_damage: 60, effect: Some("If the amount of Energy attached to both Active Pokémon is 5 or more, this attack does 60 more damage.") })	Retreat(3)	Attack(Attack { energy_required: [Grass, Grass], title: "Energized Leaves", fixed_damage: 60, effect: Some("If the amount of Energy attached to both Active Pokémon is 5 or more, this attack does 60 more damage.") })	yes	no	yes
8	km3	22	304	84	LOOKAHEAD ONLY, both halves hold	yes	Attack(Attack { energy_required: [Grass, Grass], title: "Chase Order", fixed_damage: 70, effect: Some("You may discard 1 of your Benched Basic [G] Pokémon. If you do, this attack does 70 more damage.") })	Attack(Attack { energy_required: [Grass, Grass], title: "Chase Order", fixed_damage: 70, effect: Some("You may discard 1 of your Benched Basic [G] Pokémon. If you do, this attack does 70 more damage.") })	Attach { attachments: [(1, Grass, 1)], is_turn_energy: true }	Attack(Attack { energy_required: [Grass, Grass], title: "Chase Order", fixed_damage: 70, effect: Some("You may discard 1 of your Benched Basic [G] Pokémon. If you do, this attack does 70 more damage.") })	yes	no	yes
8	km3	22	305	77	LOOKAHEAD ONLY, both halves hold	yes	Attack(Attack { energy_required: [Grass, Grass], title: "Chase Order", fixed_damage: 70, effect: Some("You may discard 1 of your Benched Basic [G] Pokémon. If you do, this attack does 70 more damage.") })	Attack(Attack { energy_required: [Grass, Grass], title: "Chase Order", fixed_damage: 70, effect: Some("You may discard 1 of your Benched Basic [G] Pokémon. If you do, this attack does 70 more damage.") })	Attach { attachments: [(1, Grass, 2)], is_turn_energy: true }	Attack(Attack { energy_required: [Grass, Grass], title: "Chase Order", fixed_damage: 70, effect: Some("You may discard 1 of your Benched Basic [G] Pokémon. If you do, this attack does 70 more damage.") })	yes	no	yes
8	km3	22	307	66	LOOKAHEAD ONLY, both halves hold	yes	Attack(Attack { energy_required: [Grass, Grass], title: "Chase Order", fixed_damage: 70, effect: Some("You may discard 1 of your Benched Basic [G] Pokémon. If you do, this attack does 70 more damage.") })	Attack(Attack { energy_required: [Grass, Grass], title: "Chase Order", fixed_damage: 70, effect: Some("You may discard 1 of your Benched Basic [G] Pokémon. If you do, this attack does 70 more damage.") })	Evolve { evolution: Pokemon(B4 011 Vespiquen ex), in_play_idx: 1, from_deck: false }	Attack(Attack { energy_required: [Grass, Grass], title: "Chase Order", fixed_damage: 70, effect: Some("You may discard 1 of your Benched Basic [G] Pokémon. If you do, this attack does 70 more damage.") })	yes	no	yes
8	km3	22	309	59	LOOKAHEAD ONLY, both halves hold	yes	Attack(Attack { energy_required: [Grass, Grass], title: "Chase Order", fixed_damage: 70, effect: Some("You may discard 1 of your Benched Basic [G] Pokémon. If you do, this attack does 70 more damage.") })	Attack(Attack { energy_required: [Grass, Grass], title: "Chase Order", fixed_damage: 70, effect: Some("You may discard 1 of your Benched Basic [G] Pokémon. If you do, this attack does 70 more damage.") })	Play { trainer_card: B1 225 Copycat }	Attack(Attack { energy_required: [Grass, Grass], title: "Chase Order", fixed_damage: 70, effect: Some("You may discard 1 of your Benched Basic [G] Pokémon. If you do, this attack does 70 more damage.") })	yes	no	yes
8	km3	22	311	50	LOOKAHEAD ONLY, both halves hold	yes	Attack(Attack { energy_required: [Grass, Grass], title: "Chase Order", fixed_damage: 70, effect: Some("You may discard 1 of your Benched Basic [G] Pokémon. If you do, this attack does 70 more damage.") })	Attack(Attack { energy_required: [Grass, Grass], title: "Chase Order", fixed_damage: 70, effect: Some("You may discard 1 of your Benched Basic [G] Pokémon. If you do, this attack does 70 more damage.") })	Attach { attachments: [(1, Grass, 3)], is_turn_energy: true }	Attack(Attack { energy_required: [Grass, Grass], title: "Chase Order", fixed_damage: 70, effect: Some("You may discard 1 of your Benched Basic [G] Pokémon. If you do, this attack does 70 more damage.") })	yes	no	yes
8	km3	22	317	54	LOOKAHEAD ONLY, both halves hold	yes	Attack(Attack { energy_required: [Grass, Grass], title: "Chase Order", fixed_damage: 70, effect: Some("You may discard 1 of your Benched Basic [G] Pokémon. If you do, this attack does 70 more damage.") })	Attack(Attack { energy_required: [Grass, Grass], title: "Chase Order", fixed_damage: 70, effect: Some("You may discard 1 of your Benched Basic [G] Pokémon. If you do, this attack does 70 more damage.") })	Attach { attachments: [(1, Grass, 1)], is_turn_energy: true }	Attack(Attack { energy_required: [Grass, Grass], title: "Chase Order", fixed_damage: 70, effect: Some("You may discard 1 of your Benched Basic [G] Pokémon. If you do, this attack does 70 more damage.") })	yes	no	yes
8	km3	22	319	59	LOOKAHEAD ONLY, both halves hold	yes	Attack(Attack { energy_required: [Grass, Grass], title: "Chase Order", fixed_damage: 70, effect: Some("You may discard 1 of your Benched Basic [G] Pokémon. If you do, this attack does 70 more damage.") })	Attack(Attack { energy_required: [Grass, Grass], title: "Chase Order", fixed_damage: 70, effect: Some("You may discard 1 of your Benched Basic [G] Pokémon. If you do, this attack does 70 more damage.") })	Place(Pokemon(B2 017 Teal Mask Ogerpon ex), 3)	Attack(Attack { energy_required: [Grass, Grass], title: "Chase Order", fixed_damage: 70, effect: Some("You may discard 1 of your Benched Basic [G] Pokémon. If you do, this attack does 70 more damage.") })	yes	no	yes
8	km3	22	320	79	LOOKAHEAD ONLY, both halves hold	yes	Attack(Attack { energy_required: [Grass, Grass], title: "Chase Order", fixed_damage: 70, effect: Some("You may discard 1 of your Benched Basic [G] Pokémon. If you do, this attack does 70 more damage.") })	Attack(Attack { energy_required: [Grass, Grass], title: "Chase Order", fixed_damage: 70, effect: Some("You may discard 1 of your Benched Basic [G] Pokémon. If you do, this attack does 70 more damage.") })	UseStadium	Attack(Attack { energy_required: [Grass, Grass], title: "Chase Order", fixed_damage: 70, effect: Some("You may discard 1 of your Benched Basic [G] Pokémon. If you do, this attack does 70 more damage.") })	yes	no	yes
8	km3	22	321	83	LOOKAHEAD ONLY, both halves hold	yes	Attack(Attack { energy_required: [Grass, Grass], title: "Chase Order", fixed_damage: 70, effect: Some("You may discard 1 of your Benched Basic [G] Pokémon. If you do, this attack does 70 more damage.") })	Attack(Attack { energy_required: [Grass, Grass], title: "Chase Order", fixed_damage: 70, effect: Some("You may discard 1 of your Benched Basic [G] Pokémon. If you do, this attack does 70 more damage.") })	Place(Pokemon(A4 021 Shuckle ex), 3)	Attack(Attack { energy_required: [Grass, Grass], title: "Chase Order", fixed_damage: 70, effect: Some("You may discard 1 of your Benched Basic [G] Pokémon. If you do, this attack does 70 more damage.") })	yes	no	yes
8	km3	22	334	86	LOOKAHEAD ONLY, both halves hold	yes	Attack(Attack { energy_required: [Grass, Grass], title: "Chase Order", fixed_damage: 70, effect: Some("You may discard 1 of your Benched Basic [G] Pokémon. If you do, this attack does 70 more damage.") })	Attack(Attack { energy_required: [Grass, Grass], title: "Chase Order", fixed_damage: 70, effect: Some("You may discard 1 of your Benched Basic [G] Pokémon. If you do, this attack does 70 more damage.") })	Attach { attachments: [(1, Grass, 1)], is_turn_energy: true }	Attack(Attack { energy_required: [Grass, Grass], title: "Chase Order", fixed_damage: 70, effect: Some("You may discard 1 of your Benched Basic [G] Pokémon. If you do, this attack does 70 more damage.") })	yes	no	yes
8	km3	22	337	68	LOOKAHEAD ONLY, both halves hold	yes	Attack(Attack { energy_required: [Grass, Grass], title: "Chase Order", fixed_damage: 70, effect: Some("You may discard 1 of your Benched Basic [G] Pokémon. If you do, this attack does 70 more damage.") })	Attack(Attack { energy_required: [Grass, Grass], title: "Chase Order", fixed_damage: 70, effect: Some("You may discard 1 of your Benched Basic [G] Pokémon. If you do, this attack does 70 more damage.") })	Attach { attachments: [(1, Grass, 3)], is_turn_energy: true }	Attack(Attack { energy_required: [Grass, Grass], title: "Chase Order", fixed_damage: 70, effect: Some("You may discard 1 of your Benched Basic [G] Pokémon. If you do, this attack does 70 more damage.") })	yes	no	yes
8	km3	22	339	47	LOOKAHEAD ONLY, both halves hold	yes	Attack(Attack { energy_required: [Grass, Grass], title: "Chase Order", fixed_damage: 70, effect: Some("You may discard 1 of your Benched Basic [G] Pokémon. If you do, this attack does 70 more damage.") })	Attack(Attack { energy_required: [Grass, Grass], title: "Chase Order", fixed_damage: 70, effect: Some("You may discard 1 of your Benched Basic [G] Pokémon. If you do, this attack does 70 more damage.") })	Play { trainer_card: P-A 007 Professor's Research }	Attack(Attack { energy_required: [Grass, Grass], title: "Chase Order", fixed_damage: 70, effect: Some("You may discard 1 of your Benched Basic [G] Pokémon. If you do, this attack does 70 more damage.") })	yes	no	yes
8	km3	22	340	78	LOOKAHEAD ONLY, both halves hold	yes	Retreat(2)	Retreat(2)	UseStadium	Retreat(2)	yes	no	yes
8	km3	22	342	42	LOOKAHEAD ONLY, both halves hold	yes	Play { trainer_card: A3 147 Leaf Cape }	Play { trainer_card: A3 147 Leaf Cape }	Retreat(3)	Play { trainer_card: A3 147 Leaf Cape }	yes	no	yes
8	km3	22	345	58	LOOKAHEAD ONLY, both halves hold	yes	Attack(Attack { energy_required: [Grass, Grass], title: "Chase Order", fixed_damage: 70, effect: Some("You may discard 1 of your Benched Basic [G] Pokémon. If you do, this attack does 70 more damage.") })	Attack(Attack { energy_required: [Grass, Grass], title: "Chase Order", fixed_damage: 70, effect: Some("You may discard 1 of your Benched Basic [G] Pokémon. If you do, this attack does 70 more damage.") })	Play { trainer_card: A1 225 Sabrina }	Attack(Attack { energy_required: [Grass, Grass], title: "Chase Order", fixed_damage: 70, effect: Some("You may discard 1 of your Benched Basic [G] Pokémon. If you do, this attack does 70 more damage.") })	yes	no	yes
8	km3	22	347	72	LOOKAHEAD ONLY, both halves hold	yes	Attack(Attack { energy_required: [Grass, Grass], title: "Chase Order", fixed_damage: 70, effect: Some("You may discard 1 of your Benched Basic [G] Pokémon. If you do, this attack does 70 more damage.") })	Attack(Attack { energy_required: [Grass, Grass], title: "Chase Order", fixed_damage: 70, effect: Some("You may discard 1 of your Benched Basic [G] Pokémon. If you do, this attack does 70 more damage.") })	Attach { attachments: [(1, Grass, 3)], is_turn_energy: true }	Attack(Attack { energy_required: [Grass, Grass], title: "Chase Order", fixed_damage: 70, effect: Some("You may discard 1 of your Benched Basic [G] Pokémon. If you do, this attack does 70 more damage.") })	yes	no	yes
8	km3	22	348	41	LOOKAHEAD ONLY, both halves hold	yes	Attach { attachments: [(1, Grass, 3)], is_turn_energy: true }	Attach { attachments: [(1, Grass, 3)], is_turn_energy: true }	Play { trainer_card: A1 225 Sabrina }	Attach { attachments: [(1, Grass, 3)], is_turn_energy: true }	yes	no	yes
8	km3	22	350	88	LOOKAHEAD ONLY, both halves hold	yes	Attack(Attack { energy_required: [Grass, Grass], title: "Chase Order", fixed_damage: 70, effect: Some("You may discard 1 of your Benched Basic [G] Pokémon. If you do, this attack does 70 more damage.") })	Attack(Attack { energy_required: [Grass, Grass], title: "Chase Order", fixed_damage: 70, effect: Some("You may discard 1 of your Benched Basic [G] Pokémon. If you do, this attack does 70 more damage.") })	Attach { attachments: [(1, Grass, 1)], is_turn_energy: true }	Attack(Attack { energy_required: [Grass, Grass], title: "Chase Order", fixed_damage: 70, effect: Some("You may discard 1 of your Benched Basic [G] Pokémon. If you do, this attack does 70 more damage.") })	yes	no	yes
8	km3	22	358	41	LOOKAHEAD ONLY, both halves hold	yes	Attack(Attack { energy_required: [Grass, Grass], title: "Chase Order", fixed_damage: 70, effect: Some("You may discard 1 of your Benched Basic [G] Pokémon. If you do, this attack does 70 more damage.") })	Attack(Attack { energy_required: [Grass, Grass], title: "Chase Order", fixed_damage: 70, effect: Some("You may discard 1 of your Benched Basic [G] Pokémon. If you do, this attack does 70 more damage.") })	Evolve { evolution: Pokemon(B4 011 Vespiquen ex), in_play_idx: 3, from_deck: false }	Attack(Attack { energy_required: [Grass, Grass], title: "Chase Order", fixed_damage: 70, effect: Some("You may discard 1 of your Benched Basic [G] Pokémon. If you do, this attack does 70 more damage.") })	yes	no	yes
8	km3	22	363	79	LOOKAHEAD ONLY, both halves hold	yes	Attack(Attack { energy_required: [Grass, Grass], title: "Chase Order", fixed_damage: 70, effect: Some("You may discard 1 of your Benched Basic [G] Pokémon. If you do, this attack does 70 more damage.") })	Attack(Attack { energy_required: [Grass, Grass], title: "Chase Order", fixed_damage: 70, effect: Some("You may discard 1 of your Benched Basic [G] Pokémon. If you do, this attack does 70 more damage.") })	Attach { attachments: [(1, Grass, 2)], is_turn_energy: true }	Attack(Attack { energy_required: [Grass, Grass], title: "Chase Order", fixed_damage: 70, effect: Some("You may discard 1 of your Benched Basic [G] Pokémon. If you do, this attack does 70 more damage.") })	yes	no	yes
8	km3	22	365	60	LOOKAHEAD ONLY, both halves hold	yes	Attack(Attack { energy_required: [Grass, Grass], title: "Chase Order", fixed_damage: 70, effect: Some("You may discard 1 of your Benched Basic [G] Pokémon. If you do, this attack does 70 more damage.") })	Attack(Attack { energy_required: [Grass, Grass], title: "Chase Order", fixed_damage: 70, effect: Some("You may discard 1 of your Benched Basic [G] Pokémon. If you do, this attack does 70 more damage.") })	Play { trainer_card: P-A 007 Professor's Research }	Attack(Attack { energy_required: [Grass, Grass], title: "Chase Order", fixed_damage: 70, effect: Some("You may discard 1 of your Benched Basic [G] Pokémon. If you do, this attack does 70 more damage.") })	yes	no	yes
8	km3	22	367	39	LOOKAHEAD ONLY, both halves hold	yes	Attack(Attack { energy_required: [Grass, Grass], title: "Chase Order", fixed_damage: 70, effect: Some("You may discard 1 of your Benched Basic [G] Pokémon. If you do, this attack does 70 more damage.") })	Attack(Attack { energy_required: [Grass, Grass], title: "Chase Order", fixed_damage: 70, effect: Some("You may discard 1 of your Benched Basic [G] Pokémon. If you do, this attack does 70 more damage.") })	Evolve { evolution: Pokemon(B4 011 Vespiquen ex), in_play_idx: 3, from_deck: false }	Attack(Attack { energy_required: [Grass, Grass], title: "Chase Order", fixed_damage: 70, effect: Some("You may discard 1 of your Benched Basic [G] Pokémon. If you do, this attack does 70 more damage.") })	yes	no	yes
8	km3	22	371	98	LOOKAHEAD ONLY, both halves hold	yes	Play { trainer_card: A2 150 Cyrus }	Play { trainer_card: A2 150 Cyrus }	Retreat(2)	Play { trainer_card: A2 150 Cyrus }	yes	no	yes
8	km3	22	373	59	LOOKAHEAD ONLY, both halves hold	yes	Attack(Attack { energy_required: [Grass, Grass], title: "Chase Order", fixed_damage: 70, effect: Some("You may discard 1 of your Benched Basic [G] Pokémon. If you do, this attack does 70 more damage.") })	Attack(Attack { energy_required: [Grass, Grass], title: "Chase Order", fixed_damage: 70, effect: Some("You may discard 1 of your Benched Basic [G] Pokémon. If you do, this attack does 70 more damage.") })	Attach { attachments: [(1, Grass, 2)], is_turn_energy: true }	Attack(Attack { energy_required: [Grass, Grass], title: "Chase Order", fixed_damage: 70, effect: Some("You may discard 1 of your Benched Basic [G] Pokémon. If you do, this attack does 70 more damage.") })	yes	no	yes
8	km3	22	375	87	LOOKAHEAD ONLY, both halves hold	yes	Attack(Attack { energy_required: [Grass, Grass], title: "Chase Order", fixed_damage: 70, effect: Some("You may discard 1 of your Benched Basic [G] Pokémon. If you do, this attack does 70 more damage.") })	Attack(Attack { energy_required: [Grass, Grass], title: "Chase Order", fixed_damage: 70, effect: Some("You may discard 1 of your Benched Basic [G] Pokémon. If you do, this attack does 70 more damage.") })	Place(Pokemon(B2 017 Teal Mask Ogerpon ex), 1)	Attack(Attack { energy_required: [Grass, Grass], title: "Chase Order", fixed_damage: 70, effect: Some("You may discard 1 of your Benched Basic [G] Pokémon. If you do, this attack does 70 more damage.") })	yes	no	yes
8	km3	22	376	84	LOOKAHEAD ONLY, both halves hold	yes	Retreat(3)	Retreat(3)	Place(Pokemon(B4 010 Combee), 2)	Retreat(3)	yes	no	yes
8	km3	22	384	53	LOOKAHEAD ONLY, both halves hold	yes	Attack(Attack { energy_required: [Grass, Grass], title: "Chase Order", fixed_damage: 70, effect: Some("You may discard 1 of your Benched Basic [G] Pokémon. If you do, this attack does 70 more damage.") })	Attack(Attack { energy_required: [Grass, Grass], title: "Chase Order", fixed_damage: 70, effect: Some("You may discard 1 of your Benched Basic [G] Pokémon. If you do, this attack does 70 more damage.") })	Attach { attachments: [(1, Grass, 3)], is_turn_energy: true }	Attack(Attack { energy_required: [Grass, Grass], title: "Chase Order", fixed_damage: 70, effect: Some("You may discard 1 of your Benched Basic [G] Pokémon. If you do, this attack does 70 more damage.") })	yes	no	yes
8	km3	22	387	26	LOOKAHEAD ONLY, both halves hold	yes	Attack(Attack { energy_required: [Grass, Grass], title: "Chase Order", fixed_damage: 70, effect: Some("You may discard 1 of your Benched Basic [G] Pokémon. If you do, this attack does 70 more damage.") })	Attack(Attack { energy_required: [Grass, Grass], title: "Chase Order", fixed_damage: 70, effect: Some("You may discard 1 of your Benched Basic [G] Pokémon. If you do, this attack does 70 more damage.") })	UseStadium	Attack(Attack { energy_required: [Grass, Grass], title: "Chase Order", fixed_damage: 70, effect: Some("You may discard 1 of your Benched Basic [G] Pokémon. If you do, this attack does 70 more damage.") })	yes	no	yes
8	km3	22	389	57	LOOKAHEAD ONLY, both halves hold	yes	Attack(Attack { energy_required: [Grass, Grass], title: "Chase Order", fixed_damage: 70, effect: Some("You may discard 1 of your Benched Basic [G] Pokémon. If you do, this attack does 70 more damage.") })	Attack(Attack { energy_required: [Grass, Grass], title: "Chase Order", fixed_damage: 70, effect: Some("You may discard 1 of your Benched Basic [G] Pokémon. If you do, this attack does 70 more damage.") })	Attach { attachments: [(1, Grass, 3)], is_turn_energy: true }	Attack(Attack { energy_required: [Grass, Grass], title: "Chase Order", fixed_damage: 70, effect: Some("You may discard 1 of your Benched Basic [G] Pokémon. If you do, this attack does 70 more damage.") })	yes	no	yes
8	km3	22	390	94	LOOKAHEAD ONLY, both halves hold	yes	Attack(Attack { energy_required: [Grass, Grass], title: "Chase Order", fixed_damage: 70, effect: Some("You may discard 1 of your Benched Basic [G] Pokémon. If you do, this attack does 70 more damage.") })	Attack(Attack { energy_required: [Grass, Grass], title: "Chase Order", fixed_damage: 70, effect: Some("You may discard 1 of your Benched Basic [G] Pokémon. If you do, this attack does 70 more damage.") })	Evolve { evolution: Pokemon(B4 011 Vespiquen ex), in_play_idx: 2, from_deck: false }	Attack(Attack { energy_required: [Grass, Grass], title: "Chase Order", fixed_damage: 70, effect: Some("You may discard 1 of your Benched Basic [G] Pokémon. If you do, this attack does 70 more damage.") })	yes	no	yes
8	km3	22	392	97	LOOKAHEAD ONLY, both halves hold	yes	Attack(Attack { energy_required: [Grass, Grass], title: "Chase Order", fixed_damage: 70, effect: Some("You may discard 1 of your Benched Basic [G] Pokémon. If you do, this attack does 70 more damage.") })	Attack(Attack { energy_required: [Grass, Grass], title: "Chase Order", fixed_damage: 70, effect: Some("You may discard 1 of your Benched Basic [G] Pokémon. If you do, this attack does 70 more damage.") })	Place(Pokemon(A4 021 Shuckle ex), 1)	Attack(Attack { energy_required: [Grass, Grass], title: "Chase Order", fixed_damage: 70, effect: Some("You may discard 1 of your Benched Basic [G] Pokémon. If you do, this attack does 70 more damage.") })	yes	no	yes
8	km3	22	399	67	LOOKAHEAD ONLY, both halves hold	yes	Attack(Attack { energy_required: [Grass, Grass], title: "Chase Order", fixed_damage: 70, effect: Some("You may discard 1 of your Benched Basic [G] Pokémon. If you do, this attack does 70 more damage.") })	Attack(Attack { energy_required: [Grass, Grass], title: "Chase Order", fixed_damage: 70, effect: Some("You may discard 1 of your Benched Basic [G] Pokémon. If you do, this attack does 70 more damage.") })	Attach { attachments: [(1, Grass, 3)], is_turn_energy: true }	Attack(Attack { energy_required: [Grass, Grass], title: "Chase Order", fixed_damage: 70, effect: Some("You may discard 1 of your Benched Basic [G] Pokémon. If you do, this attack does 70 more damage.") })	yes	no	yes
8	km3	22	400	85	LOOKAHEAD ONLY, both halves hold	yes	Attack(Attack { energy_required: [Grass, Grass], title: "Chase Order", fixed_damage: 70, effect: Some("You may discard 1 of your Benched Basic [G] Pokémon. If you do, this attack does 70 more damage.") })	Attack(Attack { energy_required: [Grass, Grass], title: "Chase Order", fixed_damage: 70, effect: Some("You may discard 1 of your Benched Basic [G] Pokémon. If you do, this attack does 70 more damage.") })	Attach { attachments: [(1, Grass, 1)], is_turn_energy: true }	Attack(Attack { energy_required: [Grass, Grass], title: "Chase Order", fixed_damage: 70, effect: Some("You may discard 1 of your Benched Basic [G] Pokémon. If you do, this attack does 70 more damage.") })	yes	no	yes
8	km3	22	403	40	LOOKAHEAD ONLY, both halves hold	yes	Attack(Attack { energy_required: [Grass, Grass], title: "Chase Order", fixed_damage: 70, effect: Some("You may discard 1 of your Benched Basic [G] Pokémon. If you do, this attack does 70 more damage.") })	Attack(Attack { energy_required: [Grass, Grass], title: "Chase Order", fixed_damage: 70, effect: Some("You may discard 1 of your Benched Basic [G] Pokémon. If you do, this attack does 70 more damage.") })	UseStadium	Attack(Attack { energy_required: [Grass, Grass], title: "Chase Order", fixed_damage: 70, effect: Some("You may discard 1 of your Benched Basic [G] Pokémon. If you do, this attack does 70 more damage.") })	yes	no	yes
8	km3	22	404	71	LOOKAHEAD ONLY, both halves hold	yes	Attack(Attack { energy_required: [Grass, Grass], title: "Chase Order", fixed_damage: 70, effect: Some("You may discard 1 of your Benched Basic [G] Pokémon. If you do, this attack does 70 more damage.") })	Attack(Attack { energy_required: [Grass, Grass], title: "Chase Order", fixed_damage: 70, effect: Some("You may discard 1 of your Benched Basic [G] Pokémon. If you do, this attack does 70 more damage.") })	Attach { attachments: [(1, Grass, 2)], is_turn_energy: true }	Attack(Attack { energy_required: [Grass, Grass], title: "Chase Order", fixed_damage: 70, effect: Some("You may discard 1 of your Benched Basic [G] Pokémon. If you do, this attack does 70 more damage.") })	yes	no	yes
8	km3	22	406	85	LOOKAHEAD ONLY, both halves hold	yes	Attack(Attack { energy_required: [Grass, Grass], title: "Chase Order", fixed_damage: 70, effect: Some("You may discard 1 of your Benched Basic [G] Pokémon. If you do, this attack does 70 more damage.") })	Attack(Attack { energy_required: [Grass, Grass], title: "Chase Order", fixed_damage: 70, effect: Some("You may discard 1 of your Benched Basic [G] Pokémon. If you do, this attack does 70 more damage.") })	Attach { attachments: [(1, Grass, 3)], is_turn_energy: true }	Attack(Attack { energy_required: [Grass, Grass], title: "Chase Order", fixed_damage: 70, effect: Some("You may discard 1 of your Benched Basic [G] Pokémon. If you do, this attack does 70 more damage.") })	yes	no	yes
8	km3	22	407	47	LOOKAHEAD ONLY, both halves hold	yes	Attack(Attack { energy_required: [Grass, Grass], title: "Chase Order", fixed_damage: 70, effect: Some("You may discard 1 of your Benched Basic [G] Pokémon. If you do, this attack does 70 more damage.") })	Attack(Attack { energy_required: [Grass, Grass], title: "Chase Order", fixed_damage: 70, effect: Some("You may discard 1 of your Benched Basic [G] Pokémon. If you do, this attack does 70 more damage.") })	UseStadium	Attack(Attack { energy_required: [Grass, Grass], title: "Chase Order", fixed_damage: 70, effect: Some("You may discard 1 of your Benched Basic [G] Pokémon. If you do, this attack does 70 more damage.") })	yes	no	yes
8	km3	22	408	110	LOOKAHEAD ONLY, both halves hold	yes	Attack(Attack { energy_required: [Grass, Grass], title: "Chase Order", fixed_damage: 70, effect: Some("You may discard 1 of your Benched Basic [G] Pokémon. If you do, this attack does 70 more damage.") })	Attack(Attack { energy_required: [Grass, Grass], title: "Chase Order", fixed_damage: 70, effect: Some("You may discard 1 of your Benched Basic [G] Pokémon. If you do, this attack does 70 more damage.") })	Attach { attachments: [(1, Grass, 3)], is_turn_energy: true }	Attack(Attack { energy_required: [Grass, Grass], title: "Chase Order", fixed_damage: 70, effect: Some("You may discard 1 of your Benched Basic [G] Pokémon. If you do, this attack does 70 more damage.") })	yes	no	yes
8	km3	22	411	52	LOOKAHEAD ONLY, both halves hold	yes	Attack(Attack { energy_required: [Grass, Grass], title: "Chase Order", fixed_damage: 70, effect: Some("You may discard 1 of your Benched Basic [G] Pokémon. If you do, this attack does 70 more damage.") })	Attack(Attack { energy_required: [Grass, Grass], title: "Chase Order", fixed_damage: 70, effect: Some("You may discard 1 of your Benched Basic [G] Pokémon. If you do, this attack does 70 more damage.") })	Play { trainer_card: A1 225 Sabrina }	Attack(Attack { energy_required: [Grass, Grass], title: "Chase Order", fixed_damage: 70, effect: Some("You may discard 1 of your Benched Basic [G] Pokémon. If you do, this attack does 70 more damage.") })	yes	no	yes
8	km3	22	415	72	LOOKAHEAD ONLY, both halves hold	yes	Attack(Attack { energy_required: [Grass, Grass], title: "Chase Order", fixed_damage: 70, effect: Some("You may discard 1 of your Benched Basic [G] Pokémon. If you do, this attack does 70 more damage.") })	Attack(Attack { energy_required: [Grass, Grass], title: "Chase Order", fixed_damage: 70, effect: Some("You may discard 1 of your Benched Basic [G] Pokémon. If you do, this attack does 70 more damage.") })	Attach { attachments: [(1, Grass, 2)], is_turn_energy: true }	Attack(Attack { energy_required: [Grass, Grass], title: "Chase Order", fixed_damage: 70, effect: Some("You may discard 1 of your Benched Basic [G] Pokémon. If you do, this attack does 70 more damage.") })	yes	no	yes
8	km3	22	418	59	LOOKAHEAD ONLY, both halves hold	yes	Attack(Attack { energy_required: [Grass, Grass], title: "Chase Order", fixed_damage: 70, effect: Some("You may discard 1 of your Benched Basic [G] Pokémon. If you do, this attack does 70 more damage.") })	Attack(Attack { energy_required: [Grass, Grass], title: "Chase Order", fixed_damage: 70, effect: Some("You may discard 1 of your Benched Basic [G] Pokémon. If you do, this attack does 70 more damage.") })	Play { trainer_card: P-A 007 Professor's Research }	Attack(Attack { energy_required: [Grass, Grass], title: "Chase Order", fixed_damage: 70, effect: Some("You may discard 1 of your Benched Basic [G] Pokémon. If you do, this attack does 70 more damage.") })	yes	no	yes
8	km3	22	428	67	LOOKAHEAD ONLY, both halves hold	yes	Attack(Attack { energy_required: [Grass, Grass], title: "Chase Order", fixed_damage: 70, effect: Some("You may discard 1 of your Benched Basic [G] Pokémon. If you do, this attack does 70 more damage.") })	Attack(Attack { energy_required: [Grass, Grass], title: "Chase Order", fixed_damage: 70, effect: Some("You may discard 1 of your Benched Basic [G] Pokémon. If you do, this attack does 70 more damage.") })	Attach { attachments: [(1, Grass, 1)], is_turn_energy: true }	Attack(Attack { energy_required: [Grass, Grass], title: "Chase Order", fixed_damage: 70, effect: Some("You may discard 1 of your Benched Basic [G] Pokémon. If you do, this attack does 70 more damage.") })	yes	no	yes
8	km3	22	429	59	ON THE BOARD	yes	Retreat(3)	Retreat(3)	Attack(Attack { energy_required: [Grass, Grass], title: "Energized Leaves", fixed_damage: 60, effect: Some("If the amount of Energy attached to both Active Pokémon is 5 or more, this attack does 60 more damage.") })	Retreat(3)	yes	no	yes
8	km3	22	431	45	LOOKAHEAD ONLY, both halves hold	yes	Attack(Attack { energy_required: [Grass, Grass], title: "Chase Order", fixed_damage: 70, effect: Some("You may discard 1 of your Benched Basic [G] Pokémon. If you do, this attack does 70 more damage.") })	Attack(Attack { energy_required: [Grass, Grass], title: "Chase Order", fixed_damage: 70, effect: Some("You may discard 1 of your Benched Basic [G] Pokémon. If you do, this attack does 70 more damage.") })	Play { trainer_card: A1 225 Sabrina }	Attack(Attack { energy_required: [Grass, Grass], title: "Chase Order", fixed_damage: 70, effect: Some("You may discard 1 of your Benched Basic [G] Pokémon. If you do, this attack does 70 more damage.") })	yes	no	yes
8	km3	22	432	51	LOOKAHEAD ONLY, both halves hold	yes	Attack(Attack { energy_required: [Grass, Grass], title: "Chase Order", fixed_damage: 70, effect: Some("You may discard 1 of your Benched Basic [G] Pokémon. If you do, this attack does 70 more damage.") })	Attack(Attack { energy_required: [Grass, Grass], title: "Chase Order", fixed_damage: 70, effect: Some("You may discard 1 of your Benched Basic [G] Pokémon. If you do, this attack does 70 more damage.") })	Play { trainer_card: B1 225 Copycat }	Attack(Attack { energy_required: [Grass, Grass], title: "Chase Order", fixed_damage: 70, effect: Some("You may discard 1 of your Benched Basic [G] Pokémon. If you do, this attack does 70 more damage.") })	yes	no	yes
8	km3	22	434	69	LOOKAHEAD ONLY, both halves hold	yes	Play { trainer_card: P-A 007 Professor's Research }	Play { trainer_card: P-A 007 Professor's Research }	Retreat(2)	Play { trainer_card: P-A 007 Professor's Research }	yes	no	yes
8	km3	22	438	51	LOOKAHEAD ONLY, both halves hold	yes	Play { trainer_card: A1 225 Sabrina }	Play { trainer_card: A1 225 Sabrina }	Attach { attachments: [(1, Grass, 0)], is_turn_energy: true }	Play { trainer_card: A1 225 Sabrina }	yes	no	yes
8	km3	22	439	37	LOOKAHEAD ONLY, both halves hold	yes	Attack(Attack { energy_required: [Grass, Grass], title: "Chase Order", fixed_damage: 70, effect: Some("You may discard 1 of your Benched Basic [G] Pokémon. If you do, this attack does 70 more damage.") })	Attack(Attack { energy_required: [Grass, Grass], title: "Chase Order", fixed_damage: 70, effect: Some("You may discard 1 of your Benched Basic [G] Pokémon. If you do, this attack does 70 more damage.") })	UseStadium	Attack(Attack { energy_required: [Grass, Grass], title: "Chase Order", fixed_damage: 70, effect: Some("You may discard 1 of your Benched Basic [G] Pokémon. If you do, this attack does 70 more damage.") })	yes	no	yes
8	km3	22	440	66	LOOKAHEAD ONLY, both halves hold	yes	Attack(Attack { energy_required: [Grass, Grass], title: "Chase Order", fixed_damage: 70, effect: Some("You may discard 1 of your Benched Basic [G] Pokémon. If you do, this attack does 70 more damage.") })	Attack(Attack { energy_required: [Grass, Grass], title: "Chase Order", fixed_damage: 70, effect: Some("You may discard 1 of your Benched Basic [G] Pokémon. If you do, this attack does 70 more damage.") })	Evolve { evolution: Pokemon(B4 011 Vespiquen ex), in_play_idx: 2, from_deck: false }	Attack(Attack { energy_required: [Grass, Grass], title: "Chase Order", fixed_damage: 70, effect: Some("You may discard 1 of your Benched Basic [G] Pokémon. If you do, this attack does 70 more damage.") })	yes	no	yes
8	km3	22	441	61	LOOKAHEAD ONLY, both halves hold	yes	Attack(Attack { energy_required: [Grass, Grass], title: "Chase Order", fixed_damage: 70, effect: Some("You may discard 1 of your Benched Basic [G] Pokémon. If you do, this attack does 70 more damage.") })	Attack(Attack { energy_required: [Grass, Grass], title: "Chase Order", fixed_damage: 70, effect: Some("You may discard 1 of your Benched Basic [G] Pokémon. If you do, this attack does 70 more damage.") })	Attach { attachments: [(1, Grass, 1)], is_turn_energy: true }	Attack(Attack { energy_required: [Grass, Grass], title: "Chase Order", fixed_damage: 70, effect: Some("You may discard 1 of your Benched Basic [G] Pokémon. If you do, this attack does 70 more damage.") })	yes	no	yes
8	km3	22	445	99	LOOKAHEAD ONLY, both halves hold	yes	Attack(Attack { energy_required: [Grass, Grass], title: "Chase Order", fixed_damage: 70, effect: Some("You may discard 1 of your Benched Basic [G] Pokémon. If you do, this attack does 70 more damage.") })	Attack(Attack { energy_required: [Grass, Grass], title: "Chase Order", fixed_damage: 70, effect: Some("You may discard 1 of your Benched Basic [G] Pokémon. If you do, this attack does 70 more damage.") })	Attach { attachments: [(1, Grass, 1)], is_turn_energy: true }	Attack(Attack { energy_required: [Grass, Grass], title: "Chase Order", fixed_damage: 70, effect: Some("You may discard 1 of your Benched Basic [G] Pokémon. If you do, this attack does 70 more damage.") })	yes	no	yes
8	km3	22	448	64	LOOKAHEAD ONLY, both halves hold	yes	Attack(Attack { energy_required: [Grass, Grass], title: "Chase Order", fixed_damage: 70, effect: Some("You may discard 1 of your Benched Basic [G] Pokémon. If you do, this attack does 70 more damage.") })	Attack(Attack { energy_required: [Grass, Grass], title: "Chase Order", fixed_damage: 70, effect: Some("You may discard 1 of your Benched Basic [G] Pokémon. If you do, this attack does 70 more damage.") })	UseStadium	Attack(Attack { energy_required: [Grass, Grass], title: "Chase Order", fixed_damage: 70, effect: Some("You may discard 1 of your Benched Basic [G] Pokémon. If you do, this attack does 70 more damage.") })	yes	no	yes
8	km3	22	461	94	LOOKAHEAD ONLY, both halves hold	yes	Attack(Attack { energy_required: [Grass, Grass], title: "Chase Order", fixed_damage: 70, effect: Some("You may discard 1 of your Benched Basic [G] Pokémon. If you do, this attack does 70 more damage.") })	Attack(Attack { energy_required: [Grass, Grass], title: "Chase Order", fixed_damage: 70, effect: Some("You may discard 1 of your Benched Basic [G] Pokémon. If you do, this attack does 70 more damage.") })	Attach { attachments: [(1, Grass, 2)], is_turn_energy: true }	Attack(Attack { energy_required: [Grass, Grass], title: "Chase Order", fixed_damage: 70, effect: Some("You may discard 1 of your Benched Basic [G] Pokémon. If you do, this attack does 70 more damage.") })	yes	no	yes
8	km3	22	465	69	LOOKAHEAD ONLY, both halves hold	yes	Attack(Attack { energy_required: [Grass, Grass], title: "Chase Order", fixed_damage: 70, effect: Some("You may discard 1 of your Benched Basic [G] Pokémon. If you do, this attack does 70 more damage.") })	Attack(Attack { energy_required: [Grass, Grass], title: "Chase Order", fixed_damage: 70, effect: Some("You may discard 1 of your Benched Basic [G] Pokémon. If you do, this attack does 70 more damage.") })	Attach { attachments: [(1, Grass, 3)], is_turn_energy: true }	Attack(Attack { energy_required: [Grass, Grass], title: "Chase Order", fixed_damage: 70, effect: Some("You may discard 1 of your Benched Basic [G] Pokémon. If you do, this attack does 70 more damage.") })	yes	no	yes
8	km3	22	468	53	LOOKAHEAD ONLY, both halves hold	yes	Attack(Attack { energy_required: [Grass, Grass], title: "Chase Order", fixed_damage: 70, effect: Some("You may discard 1 of your Benched Basic [G] Pokémon. If you do, this attack does 70 more damage.") })	Attack(Attack { energy_required: [Grass, Grass], title: "Chase Order", fixed_damage: 70, effect: Some("You may discard 1 of your Benched Basic [G] Pokémon. If you do, this attack does 70 more damage.") })	Attach { attachments: [(1, Grass, 2)], is_turn_energy: true }	Attack(Attack { energy_required: [Grass, Grass], title: "Chase Order", fixed_damage: 70, effect: Some("You may discard 1 of your Benched Basic [G] Pokémon. If you do, this attack does 70 more damage.") })	yes	no	yes
8	km3	22	469	56	LOOKAHEAD ONLY, both halves hold	yes	Attack(Attack { energy_required: [Grass, Grass], title: "Chase Order", fixed_damage: 70, effect: Some("You may discard 1 of your Benched Basic [G] Pokémon. If you do, this attack does 70 more damage.") })	Attack(Attack { energy_required: [Grass, Grass], title: "Chase Order", fixed_damage: 70, effect: Some("You may discard 1 of your Benched Basic [G] Pokémon. If you do, this attack does 70 more damage.") })	Attach { attachments: [(1, Grass, 3)], is_turn_energy: true }	Attack(Attack { energy_required: [Grass, Grass], title: "Chase Order", fixed_damage: 70, effect: Some("You may discard 1 of your Benched Basic [G] Pokémon. If you do, this attack does 70 more damage.") })	yes	no	yes
8	km3	22	471	36	LOOKAHEAD ONLY, both halves hold	yes	Play { trainer_card: A1 225 Sabrina }	Play { trainer_card: A1 225 Sabrina }	Attach { attachments: [(1, Grass, 0)], is_turn_energy: true }	Play { trainer_card: A1 225 Sabrina }	yes	no	yes
8	km3	22	473	81	LOOKAHEAD ONLY, both halves hold	yes	Attack(Attack { energy_required: [Grass, Grass], title: "Chase Order", fixed_damage: 70, effect: Some("You may discard 1 of your Benched Basic [G] Pokémon. If you do, this attack does 70 more damage.") })	Attack(Attack { energy_required: [Grass, Grass], title: "Chase Order", fixed_damage: 70, effect: Some("You may discard 1 of your Benched Basic [G] Pokémon. If you do, this attack does 70 more damage.") })	Play { trainer_card: P-A 007 Professor's Research }	Attack(Attack { energy_required: [Grass, Grass], title: "Chase Order", fixed_damage: 70, effect: Some("You may discard 1 of your Benched Basic [G] Pokémon. If you do, this attack does 70 more damage.") })	yes	no	yes
8	km3	22	476	38	LOOKAHEAD ONLY, both halves hold	yes	Attack(Attack { energy_required: [Grass, Grass], title: "Chase Order", fixed_damage: 70, effect: Some("You may discard 1 of your Benched Basic [G] Pokémon. If you do, this attack does 70 more damage.") })	Attack(Attack { energy_required: [Grass, Grass], title: "Chase Order", fixed_damage: 70, effect: Some("You may discard 1 of your Benched Basic [G] Pokémon. If you do, this attack does 70 more damage.") })	Play { trainer_card: B1 225 Copycat }	Attack(Attack { energy_required: [Grass, Grass], title: "Chase Order", fixed_damage: 70, effect: Some("You may discard 1 of your Benched Basic [G] Pokémon. If you do, this attack does 70 more damage.") })	yes	no	yes
8	km3	22	477	97	LOOKAHEAD ONLY, both halves hold	yes	Attack(Attack { energy_required: [Grass, Grass], title: "Energized Leaves", fixed_damage: 60, effect: Some("If the amount of Energy attached to both Active Pokémon is 5 or more, this attack does 60 more damage.") })	Attack(Attack { energy_required: [Grass, Grass], title: "Energized Leaves", fixed_damage: 60, effect: Some("If the amount of Energy attached to both Active Pokémon is 5 or more, this attack does 60 more damage.") })	Retreat(3)	Attack(Attack { energy_required: [Grass, Grass], title: "Energized Leaves", fixed_damage: 60, effect: Some("If the amount of Energy attached to both Active Pokémon is 5 or more, this attack does 60 more damage.") })	yes	no	yes
8	km3	22	480	85	LOOKAHEAD ONLY, both halves hold	yes	Attack(Attack { energy_required: [Grass, Grass], title: "Chase Order", fixed_damage: 70, effect: Some("You may discard 1 of your Benched Basic [G] Pokémon. If you do, this attack does 70 more damage.") })	Attack(Attack { energy_required: [Grass, Grass], title: "Chase Order", fixed_damage: 70, effect: Some("You may discard 1 of your Benched Basic [G] Pokémon. If you do, this attack does 70 more damage.") })	Attach { attachments: [(1, Grass, 1)], is_turn_energy: true }	Attack(Attack { energy_required: [Grass, Grass], title: "Chase Order", fixed_damage: 70, effect: Some("You may discard 1 of your Benched Basic [G] Pokémon. If you do, this attack does 70 more damage.") })	yes	no	yes
8	km3	22	482	30	LOOKAHEAD ONLY, both halves hold	yes	Attack(Attack { energy_required: [Grass, Grass], title: "Chase Order", fixed_damage: 70, effect: Some("You may discard 1 of your Benched Basic [G] Pokémon. If you do, this attack does 70 more damage.") })	Attack(Attack { energy_required: [Grass, Grass], title: "Chase Order", fixed_damage: 70, effect: Some("You may discard 1 of your Benched Basic [G] Pokémon. If you do, this attack does 70 more damage.") })	Play { trainer_card: B3 153 Fragrant Forest }	Attack(Attack { energy_required: [Grass, Grass], title: "Chase Order", fixed_damage: 70, effect: Some("You may discard 1 of your Benched Basic [G] Pokémon. If you do, this attack does 70 more damage.") })	yes	no	yes
8	km3	22	486	78	LOOKAHEAD ONLY, both halves hold	yes	Attack(Attack { energy_required: [Grass, Grass], title: "Chase Order", fixed_damage: 70, effect: Some("You may discard 1 of your Benched Basic [G] Pokémon. If you do, this attack does 70 more damage.") })	Attack(Attack { energy_required: [Grass, Grass], title: "Chase Order", fixed_damage: 70, effect: Some("You may discard 1 of your Benched Basic [G] Pokémon. If you do, this attack does 70 more damage.") })	Attach { attachments: [(1, Grass, 2)], is_turn_energy: true }	Attack(Attack { energy_required: [Grass, Grass], title: "Chase Order", fixed_damage: 70, effect: Some("You may discard 1 of your Benched Basic [G] Pokémon. If you do, this attack does 70 more damage.") })	yes	no	yes
8	km3	22	487	63	LOOKAHEAD ONLY, both halves hold	yes	Attack(Attack { energy_required: [Grass, Grass], title: "Chase Order", fixed_damage: 70, effect: Some("You may discard 1 of your Benched Basic [G] Pokémon. If you do, this attack does 70 more damage.") })	Attack(Attack { energy_required: [Grass, Grass], title: "Chase Order", fixed_damage: 70, effect: Some("You may discard 1 of your Benched Basic [G] Pokémon. If you do, this attack does 70 more damage.") })	Attach { attachments: [(1, Grass, 3)], is_turn_energy: true }	Attack(Attack { energy_required: [Grass, Grass], title: "Chase Order", fixed_damage: 70, effect: Some("You may discard 1 of your Benched Basic [G] Pokémon. If you do, this attack does 70 more damage.") })	yes	no	yes
8	km3	22	492	82	LOOKAHEAD ONLY, both halves hold	yes	Attack(Attack { energy_required: [Grass, Grass], title: "Chase Order", fixed_damage: 70, effect: Some("You may discard 1 of your Benched Basic [G] Pokémon. If you do, this attack does 70 more damage.") })	Attack(Attack { energy_required: [Grass, Grass], title: "Chase Order", fixed_damage: 70, effect: Some("You may discard 1 of your Benched Basic [G] Pokémon. If you do, this attack does 70 more damage.") })	Evolve { evolution: Pokemon(B4 011 Vespiquen ex), in_play_idx: 1, from_deck: false }	Attack(Attack { energy_required: [Grass, Grass], title: "Chase Order", fixed_damage: 70, effect: Some("You may discard 1 of your Benched Basic [G] Pokémon. If you do, this attack does 70 more damage.") })	yes	no	yes
8	km3	22	493	89	LOOKAHEAD ONLY, both halves hold	yes	Place(Pokemon(A4 021 Shuckle ex), 1)	Place(Pokemon(A4 021 Shuckle ex), 1)	Retreat(3)	Place(Pokemon(A4 021 Shuckle ex), 1)	yes	no	yes
