step	bot	pairing	i	seed	kind	k	turn	cause	reach_counters_that_explain	verdict	coin_probe	vs_probe	condition3	no_reach	fingerprints_ok
8	k3	1	0	23100010000	state	16	2	15	{"coin_queued_offered": [16], "coin_queued_offered_any": [16]}	ON THE BOARD	{}	{}	no	no	yes
8	k3	1	3	23100010003	lookahead	26	4	26	{}	LOOKAHEAD ONLY, both halves hold	{"cut": null, "free": true, "queued": 1, "tick": 26}	{"built": null, "tick": 26}	no	no	yes
8	k3	1	4	23100010004	lookahead	103	15	103	{}	LOOKAHEAD ONLY, both halves hold	{"cut": null, "free": true, "queued": 3, "tick": 103}	{"built": null, "tick": 103}	no	no	yes
8	k3	1	9	23100010009	state	67	8	66	{"coin_queued_offered": [67], "coin_queued_offered_any": [67]}	ON THE BOARD	{}	{}	no	no	yes
8	k3	1	13	23100010013	state	74	10	73	{"coin_queued_offered": [74], "coin_queued_offered_any": [74]}	ON THE BOARD	{}	{}	no	no	yes
8	k3	1	18	23100010018	state	15	2	14	{"coin_queued_offered": [15], "coin_queued_offered_any": [15]}	ON THE BOARD	{}	{}	no	no	yes
8	k3	1	29	23100010029	state	14	2	13	{"coin_queued_offered": [14], "coin_queued_offered_any": [14]}	ON THE BOARD	{}	{}	no	no	yes
8	k3	1	32	23100010032	state	32	4	31	{"coin_queued_offered": [32], "coin_queued_offered_any": [32]}	ON THE BOARD	{}	{}	no	no	yes
8	k3	1	35	23100010035	state	12	2	11	{"coin_queued_offered": [12], "coin_queued_offered_any": [12]}	ON THE BOARD	{}	{}	no	no	yes
8	k3	1	40	23100010040	state	83	11	82	{"coin_queued_offered": [83], "coin_queued_offered_any": [83]}	ON THE BOARD	{}	{}	no	no	yes
8	k3	1	42	23100010042	lookahead	30	4	30	{}	LOOKAHEAD ONLY, both halves hold	{"cut": null, "free": true, "queued": 3, "tick": 30}	{"built": null, "tick": 30}	no	no	yes
8	k3	1	47	23100010047	lookahead	13	2	13	{}	LOOKAHEAD ONLY, both halves hold	{"cut": null, "free": true, "queued": 2, "tick": 13}	{"built": null, "tick": 13}	no	no	yes
8	k3	1	50	23100010050	lookahead	41	6	41	{}	LOOKAHEAD ONLY, both halves hold	{"cut": null, "free": false, "queued": 2, "tick": 41}	{"built": null, "tick": 41}	yes	yes	yes
8	k3	1	54	23100010054	state	38	5	37	{"coin_queued_offered": [38], "coin_queued_offered_any": [38]}	ON THE BOARD	{}	{}	no	no	yes
8	k3	1	56	23100010056	state	49	7	48	{"coin_queued_offered": [49], "coin_queued_offered_any": [49]}	ON THE BOARD	{}	{}	no	no	yes
8	k3	1	57	23100010057	state	28	3	27	{"coin_queued_offered": [28], "coin_queued_offered_any": [28]}	ON THE BOARD	{}	{}	no	no	yes
8	k3	1	59	23100010059	state	29	3	28	{"coin_queued_offered": [29], "coin_queued_offered_any": [29]}	ON THE BOARD	{}	{}	no	no	yes
8	k3	1	61	23100010061	lookahead	90	13	90	{}	LOOKAHEAD ONLY, both halves hold	{"cut": null, "free": true, "queued": 1, "tick": 90}	{"built": null, "tick": 90}	no	no	yes
8	k3	1	66	23100010066	state	47	8	46	{"coin_queued_offered": [47], "coin_queued_offered_any": [47]}	ON THE BOARD	{}	{}	no	no	yes
8	k3	1	67	23100010067	state	26	3	25	{"coin_queued_offered": [26], "coin_queued_offered_any": [26]}	ON THE BOARD	{}	{}	no	no	yes
8	k3	1	73	23100010073	state	79	11	78	{"coin_queued_offered": [79], "coin_queued_offered_any": [79]}	ON THE BOARD	{}	{}	no	no	yes
8	k3	1	74	23100010074	state	20	3	19	{"coin_queued_offered": [20], "coin_queued_offered_any": [20]}	ON THE BOARD	{}	{}	no	no	yes
8	k3	1	75	23100010075	state	14	2	13	{"coin_queued_offered": [14], "coin_queued_offered_any": [14]}	ON THE BOARD	{}	{}	no	no	yes
8	k3	1	76	23100010076	state	57	8	56	{"coin_queued_offered": [57], "coin_queued_offered_any": [57]}	ON THE BOARD	{}	{}	no	no	yes
8	k3	1	80	23100010080	lookahead	97	14	97	{}	LOOKAHEAD ONLY, both halves hold	{"cut": null, "free": false, "queued": 1, "tick": 97}	{"built": null, "tick": 97}	no	no	yes
8	k3	1	87	23100010087	state	41	5	40	{"coin_queued_offered": [41], "coin_queued_offered_any": [41]}	ON THE BOARD	{}	{}	no	no	yes
8	k3	1	88	23100010088	lookahead	21	3	21	{}	LOOKAHEAD ONLY, both halves hold	{"cut": null, "free": true, "queued": 2, "tick": 21}	{"built": null, "tick": 21}	no	no	yes
8	k3	1	90	23100010090	lookahead	61	10	61	{}	LOOKAHEAD ONLY, both halves hold	{"cut": null, "free": false, "queued": 2, "tick": 61}	{"built": null, "tick": 61}	no	no	yes
8	k3	1	92	23100010092	state	44	7	43	{"coin_queued_offered": [44], "coin_queued_offered_any": [44]}	ON THE BOARD	{}	{}	no	no	yes
8	k3	1	96	23100010096	lookahead	68	10	68	{}	LOOKAHEAD ONLY, both halves hold	{"cut": null, "free": false, "queued": 2, "tick": 68}	{"built": null, "tick": 68}	yes	yes	yes
8	k3	1	99	23100010099	state	98	13	97	{"coin_queued_offered": [98], "coin_queued_offered_any": [98]}	ON THE BOARD	{}	{}	no	no	yes
8	k3	1	101	23100010101	state	29	4	28	{"coin_queued_offered": [29], "coin_queued_offered_any": [29]}	ON THE BOARD	{}	{}	no	no	yes
8	k3	1	106	23100010106	state	35	5	34	{"coin_queued_offered": [35], "coin_queued_offered_any": [35]}	ON THE BOARD	{}	{}	no	no	yes
8	k3	1	108	23100010108	state	79	9	78	{"coin_queued_offered": [79], "coin_queued_offered_any": [79]}	ON THE BOARD	{}	{}	no	no	yes
8	k3	1	109	23100010109	state	12	2	11	{"coin_queued_offered": [12], "coin_queued_offered_any": [12]}	ON THE BOARD	{}	{}	no	no	yes
8	k3	1	115	23100010115	state	70	10	69	{"coin_queued_offered": [70], "coin_queued_offered_any": [70]}	ON THE BOARD	{}	{}	no	no	yes
8	k3	1	116	23100010116	state	50	7	49	{"coin_queued_offered": [50], "coin_queued_offered_any": [50]}	ON THE BOARD	{}	{}	no	no	yes
8	k3	1	121	23100010121	state	26	3	25	{"coin_queued_offered": [26], "coin_queued_offered_any": [26]}	ON THE BOARD	{}	{}	no	no	yes
8	k3	1	124	23100010124	state	44	7	43	{"coin_queued_offered": [44], "coin_queued_offered_any": [44]}	ON THE BOARD	{}	{}	no	no	yes
8	k3	1	130	23100010130	state	29	4	28	{"coin_queued_offered": [29], "coin_queued_offered_any": [29]}	ON THE BOARD	{}	{}	no	no	yes
8	k3	1	132	23100010132	state	72	10	71	{"coin_queued_offered": [72], "coin_queued_offered_any": [72]}	ON THE BOARD	{}	{}	no	no	yes
8	k3	1	134	23100010134	state	69	10	68	{"coin_queued_offered": [69], "coin_queued_offered_any": [69]}	ON THE BOARD	{}	{}	no	no	yes
8	k3	1	135	23100010135	state	25	3	24	{"coin_queued_offered": [25], "coin_queued_offered_any": [25]}	ON THE BOARD	{}	{}	no	no	yes
8	k3	1	139	23100010139	lookahead	10	2	10	{}	LOOKAHEAD ONLY, both halves hold	{"cut": null, "free": true, "queued": 2, "tick": 10}	{"built": null, "tick": 10}	no	no	yes
8	k3	1	140	23100010140	state	22	3	21	{"coin_queued_offered": [22], "coin_queued_offered_any": [22]}	ON THE BOARD	{}	{}	no	no	yes
8	k3	1	146	23100010146	lookahead	22	3	22	{}	LOOKAHEAD ONLY, both halves hold	{"cut": null, "free": true, "queued": 2, "tick": 22}	{"built": null, "tick": 22}	no	no	yes
8	k3	1	150	23100010150	lookahead	70	11	70	{}	LOOKAHEAD ONLY, both halves hold	{"cut": null, "free": false, "queued": 1, "tick": 70}	{"built": null, "tick": 70}	yes	yes	yes
8	k3	1	160	23100010160	state	15	2	14	{"coin_queued_offered": [15], "coin_queued_offered_any": [15]}	ON THE BOARD	{}	{}	no	no	yes
8	k3	1	161	23100010161	state	86	13	85	{"coin_queued_offered": [86], "coin_queued_offered_any": [86]}	ON THE BOARD	{}	{}	no	no	yes
8	k3	1	164	23100010164	lookahead	74	9	74	{}	LOOKAHEAD ONLY, both halves hold	{"cut": null, "free": false, "queued": 1, "tick": 74}	{"built": null, "tick": 74}	no	no	yes
8	k3	1	165	23100010165	lookahead	17	2	17	{}	LOOKAHEAD ONLY, both halves hold	{"cut": null, "free": true, "queued": 1, "tick": 17}	{"built": null, "tick": 17}	no	no	yes
8	k3	1	168	23100010168	state	24	3	23	{"coin_queued_offered": [24], "coin_queued_offered_any": [24]}	ON THE BOARD	{}	{}	no	no	yes
8	k3	1	169	23100010169	lookahead	79	10	79	{}	LOOKAHEAD ONLY, both halves hold	{"cut": null, "free": false, "queued": 2, "tick": 79}	{"built": null, "tick": 79}	yes	yes	yes
8	k3	1	173	23100010173	lookahead	40	7	40	{}	LOOKAHEAD ONLY, both halves hold	{"cut": null, "free": true, "queued": 2, "tick": 40}	{"built": null, "tick": 40}	yes	yes	yes
8	k3	1	177	23100010177	lookahead	32	5	32	{}	LOOKAHEAD ONLY, both halves hold	{"cut": null, "free": false, "queued": 2, "tick": 32}	{"built": null, "tick": 32}	no	no	yes
8	k3	1	180	23100010180	state	41	5	40	{"coin_queued_offered": [41], "coin_queued_offered_any": [41]}	ON THE BOARD	{}	{}	no	no	yes
8	k3	1	184	23100010184	state	24	3	23	{"coin_queued_offered": [24], "coin_queued_offered_any": [24]}	ON THE BOARD	{}	{}	no	no	yes
8	k3	1	187	23100010187	state	29	4	28	{"coin_queued_offered": [29], "coin_queued_offered_any": [29]}	ON THE BOARD	{}	{}	no	no	yes
8	k3	1	189	23100010189	state	33	4	32	{"coin_queued_offered": [33], "coin_queued_offered_any": [33]}	ON THE BOARD	{}	{}	no	no	yes
8	k3	1	191	23100010191	state	20	3	19	{"coin_queued_offered": [20], "coin_queued_offered_any": [20]}	ON THE BOARD	{}	{}	no	no	yes
8	k3	1	192	23100010192	lookahead	26	4	26	{}	LOOKAHEAD ONLY, both halves hold	{"cut": null, "free": true, "queued": 1, "tick": 26}	{"built": null, "tick": 26}	no	no	yes
8	k3	1	195	23100010195	state	69	9	68	{"coin_queued_offered": [69], "coin_queued_offered_any": [69]}	ON THE BOARD	{}	{}	no	no	yes
8	k3	1	196	23100010196	state	82	11	81	{"coin_queued_offered": [82], "coin_queued_offered_any": [82]}	ON THE BOARD	{}	{}	no	no	yes
8	k3	1	197	23100010197	state	73	10	72	{"coin_queued_offered": [73], "coin_queued_offered_any": [73]}	ON THE BOARD	{}	{}	no	no	yes
8	k3	1	199	23100010199	lookahead	61	12	61	{}	LOOKAHEAD ONLY, both halves hold	{"cut": null, "free": true, "queued": 1, "tick": 61}	{"built": null, "tick": 61}	no	no	yes
8	k3	1	201	23100010201	lookahead	9	2	9	{}	LOOKAHEAD ONLY, both halves hold	{"cut": null, "free": true, "queued": 2, "tick": 9}	{"built": null, "tick": 9}	yes	yes	yes
8	k3	1	203	23100010203	state	15	2	14	{"coin_queued_offered": [15], "coin_queued_offered_any": [15]}	ON THE BOARD	{}	{}	no	no	yes
8	k3	1	205	23100010205	state	15	2	14	{"coin_queued_offered": [15], "coin_queued_offered_any": [15]}	ON THE BOARD	{}	{}	no	no	yes
8	k3	1	206	23100010206	state	61	9	60	{"coin_queued_offered": [61], "coin_queued_offered_any": [61]}	ON THE BOARD	{}	{}	no	no	yes
8	k3	1	208	23100010208	state	17	2	16	{"coin_queued_offered": [17], "coin_queued_offered_any": [17]}	ON THE BOARD	{}	{}	no	no	yes
8	k3	1	212	23100010212	state	57	8	56	{"coin_queued_offered": [57], "coin_queued_offered_any": [57]}	ON THE BOARD	{}	{}	no	no	yes
8	k3	1	216	23100010216	state	25	3	24	{"coin_queued_offered": [25], "coin_queued_offered_any": [25]}	ON THE BOARD	{}	{}	no	no	yes
8	k3	1	219	23100010219	lookahead	77	9	77	{}	LOOKAHEAD ONLY, both halves hold	{"cut": null, "free": false, "queued": 1, "tick": 77}	{"built": null, "tick": 77}	no	no	yes
8	k3	1	222	23100010222	state	24	3	23	{"coin_queued_offered": [24], "coin_queued_offered_any": [24]}	ON THE BOARD	{}	{}	no	no	yes
8	k3	1	223	23100010223	state	13	2	12	{"coin_queued_offered": [13], "coin_queued_offered_any": [13]}	ON THE BOARD	{}	{}	no	no	yes
8	k3	1	224	23100010224	state	17	2	16	{"coin_queued_offered": [17], "coin_queued_offered_any": [17]}	ON THE BOARD	{}	{}	no	no	yes
8	k3	1	226	23100010226	state	65	9	64	{"coin_queued_offered": [65], "coin_queued_offered_any": [65]}	ON THE BOARD	{}	{}	no	no	yes
8	k3	1	230	23100010230	lookahead	64	10	64	{}	LOOKAHEAD ONLY, both halves hold	{"cut": null, "free": true, "queued": 3, "tick": 64}	{"built": null, "tick": 64}	no	no	yes
8	k3	1	232	23100010232	lookahead	85	11	85	{}	LOOKAHEAD ONLY, both halves hold	{"cut": null, "free": true, "queued": 3, "tick": 85}	{"built": null, "tick": 85}	no	no	yes
8	k3	1	234	23100010234	lookahead	87	11	87	{}	LOOKAHEAD ONLY, both halves hold	{"cut": null, "free": false, "queued": 1, "tick": 87}	{"built": null, "tick": 87}	yes	yes	yes
8	k3	1	237	23100010237	lookahead	64	9	64	{}	LOOKAHEAD ONLY, both halves hold	{"cut": null, "free": false, "queued": 1, "tick": 64}	{"built": null, "tick": 64}	yes	yes	yes
8	k3	1	239	23100010239	lookahead	74	12	74	{}	LOOKAHEAD ONLY, both halves hold	{"cut": null, "free": true, "queued": 3, "tick": 74}	{"built": null, "tick": 74}	no	no	yes
8	k3	1	245	23100010245	state	71	11	70	{"coin_queued_offered": [71], "coin_queued_offered_any": [71]}	ON THE BOARD	{}	{}	no	no	yes
8	k3	3	5	23100030005	state	27	4	26	{"coin_queued_offered": [27], "coin_queued_offered_any": [27]}	ON THE BOARD	{}	{}	no	no	yes
8	k3	3	9	23100030009	state	14	2	13	{"coin_queued_offered": [14], "coin_queued_offered_any": [14]}	ON THE BOARD	{}	{}	no	no	yes
8	k3	3	14	23100030014	lookahead	19	3	19	{}	LOOKAHEAD ONLY, both halves hold	{"cut": null, "free": true, "queued": 2, "tick": 19}	{"built": null, "tick": 19}	no	no	yes
8	k3	3	15	23100030015	state	26	3	25	{"coin_queued_offered": [26], "coin_queued_offered_any": [26]}	ON THE BOARD	{}	{}	no	no	yes
8	k3	3	18	23100030018	lookahead	69	9	69	{}	LOOKAHEAD ONLY, both halves hold	{"cut": null, "free": false, "queued": 2, "tick": 69}	{"built": null, "tick": 69}	yes	yes	yes
8	k3	3	21	23100030021	lookahead	9	2	9	{}	LOOKAHEAD ONLY, both halves hold	{"cut": null, "free": true, "queued": 2, "tick": 9}	{"built": null, "tick": 9}	no	no	yes
8	k3	3	22	23100030022	lookahead	12	2	12	{}	LOOKAHEAD ONLY, both halves hold	{"cut": null, "free": true, "queued": 3, "tick": 12}	{"built": null, "tick": 12}	no	no	yes
8	k3	3	23	23100030023	state	70	10	69	{"coin_queued_offered": [70], "coin_queued_offered_any": [70]}	ON THE BOARD	{}	{}	no	no	yes
8	k3	3	24	23100030024	state	21	4	20	{"coin_queued_offered": [21], "coin_queued_offered_any": [21]}	ON THE BOARD	{}	{}	no	no	yes
8	k3	3	27	23100030027	lookahead	19	2	19	{}	LOOKAHEAD ONLY, both halves hold	{"cut": null, "free": true, "queued": 1, "tick": 19}	{"built": null, "tick": 19}	no	no	yes
8	k3	3	29	23100030029	lookahead	20	3	20	{}	LOOKAHEAD ONLY, both halves hold	{"cut": null, "free": true, "queued": 2, "tick": 20}	{"built": null, "tick": 20}	no	no	yes
8	k3	3	30	23100030030	state	21	3	20	{"coin_queued_offered": [21], "coin_queued_offered_any": [21]}	ON THE BOARD	{}	{}	no	no	yes
8	k3	3	31	23100030031	lookahead	10	2	10	{}	LOOKAHEAD ONLY, both halves hold	{"cut": null, "free": true, "queued": 2, "tick": 10}	{"built": null, "tick": 10}	no	no	yes
8	k3	3	33	23100030033	state	17	2	16	{"coin_queued_offered": [17], "coin_queued_offered_any": [17]}	ON THE BOARD	{}	{}	no	no	yes
8	k3	3	35	23100030035	state	48	6	47	{"coin_queued_offered": [48], "coin_queued_offered_any": [48]}	ON THE BOARD	{}	{}	no	no	yes
8	k3	3	37	23100030037	state	16	2	15	{"coin_queued_offered": [16], "coin_queued_offered_any": [16]}	ON THE BOARD	{}	{}	no	no	yes
8	k3	3	45	23100030045	state	56	7	55	{"coin_queued_offered": [56], "coin_queued_offered_any": [56]}	ON THE BOARD	{}	{}	no	no	yes
8	k3	3	46	23100030046	state	45	6	44	{"coin_queued_offered": [45], "coin_queued_offered_any": [45]}	ON THE BOARD	{}	{}	no	no	yes
8	k3	3	49	23100030049	lookahead	9	2	9	{}	LOOKAHEAD ONLY, both halves hold	{"cut": null, "free": true, "queued": 2, "tick": 9}	{"built": null, "tick": 9}	no	no	yes
8	k3	3	51	23100030051	lookahead	14	2	14	{}	LOOKAHEAD ONLY, both halves hold	{"cut": null, "free": true, "queued": 2, "tick": 14}	{"built": null, "tick": 14}	no	no	yes
8	k3	3	53	23100030053	state	38	5	37	{"coin_queued_offered": [38], "coin_queued_offered_any": [38]}	ON THE BOARD	{}	{}	no	no	yes
8	k3	3	54	23100030054	state	17	2	16	{"coin_queued_offered": [17], "coin_queued_offered_any": [17]}	ON THE BOARD	{}	{}	no	no	yes
8	k3	3	56	23100030056	state	28	4	27	{"coin_queued_offered": [28], "coin_queued_offered_any": [28]}	ON THE BOARD	{}	{}	no	no	yes
8	k3	3	58	23100030058	state	25	4	24	{"coin_queued_offered": [25], "coin_queued_offered_any": [25]}	ON THE BOARD	{}	{}	no	no	yes
8	k3	3	62	23100030062	lookahead	13	2	13	{}	LOOKAHEAD ONLY, both halves hold	{"cut": null, "free": true, "queued": 2, "tick": 13}	{"built": null, "tick": 13}	no	no	yes
8	k3	3	65	23100030065	state	18	2	17	{"coin_queued_offered": [18], "coin_queued_offered_any": [18]}	ON THE BOARD	{}	{}	no	no	yes
8	k3	3	66	23100030066	state	30	3	29	{"coin_queued_offered": [30], "coin_queued_offered_any": [30]}	ON THE BOARD	{}	{}	no	no	yes
8	k3	3	83	23100030083	state	46	5	45	{"coin_queued_offered": [46], "coin_queued_offered_any": [46]}	ON THE BOARD	{}	{}	no	no	yes
8	k3	3	87	23100030087	state	22	2	21	{"coin_queued_offered": [22], "coin_queued_offered_any": [22]}	ON THE BOARD	{}	{}	no	no	yes
8	k3	3	88	23100030088	lookahead	35	5	35	{}	LOOKAHEAD ONLY, both halves hold	{"cut": null, "free": true, "queued": 2, "tick": 35}	{"built": null, "tick": 35}	no	no	yes
8	k3	3	92	23100030092	state	15	2	14	{"coin_queued_offered": [15], "coin_queued_offered_any": [15]}	ON THE BOARD	{}	{}	no	no	yes
8	k3	3	94	23100030094	state	14	2	13	{"coin_queued_offered": [14], "coin_queued_offered_any": [14]}	ON THE BOARD	{}	{}	no	no	yes
8	k3	3	97	23100030097	lookahead	13	2	13	{}	LOOKAHEAD ONLY, both halves hold	{"cut": null, "free": true, "queued": 2, "tick": 13}	{"built": null, "tick": 13}	no	no	yes
8	k3	3	99	23100030099	lookahead	15	2	15	{}	LOOKAHEAD ONLY, both halves hold	{"cut": null, "free": true, "queued": 1, "tick": 15}	{"built": null, "tick": 15}	no	no	yes
8	k3	3	101	23100030101	state	14	2	13	{"coin_queued_offered": [14], "coin_queued_offered_any": [14]}	ON THE BOARD	{}	{}	no	no	yes
8	k3	3	102	23100030102	lookahead	14	2	14	{}	LOOKAHEAD ONLY, both halves hold	{"cut": null, "free": true, "queued": 1, "tick": 14}	{"built": null, "tick": 14}	no	no	yes
8	k3	3	109	23100030109	state	22	4	21	{"coin_queued_offered": [22], "coin_queued_offered_any": [22]}	ON THE BOARD	{}	{}	no	no	yes
8	k3	3	113	23100030113	state	23	3	22	{"coin_queued_offered": [23], "coin_queued_offered_any": [23]}	ON THE BOARD	{}	{}	no	no	yes
8	k3	3	116	23100030116	lookahead	14	2	14	{}	LOOKAHEAD ONLY, both halves hold	{"cut": null, "free": true, "queued": 1, "tick": 14}	{"built": null, "tick": 14}	no	no	yes
8	k3	3	117	23100030117	lookahead	17	3	17	{}	LOOKAHEAD ONLY, both halves hold	{"cut": null, "free": true, "queued": 2, "tick": 17}	{"built": null, "tick": 17}	no	no	yes
8	k3	3	120	23100030120	state	17	2	16	{"coin_queued_offered": [17], "coin_queued_offered_any": [17]}	ON THE BOARD	{}	{}	no	no	yes
8	k3	3	121	23100030121	state	35	5	34	{"coin_queued_offered": [35], "coin_queued_offered_any": [35]}	ON THE BOARD	{}	{}	no	no	yes
8	k3	3	122	23100030122	lookahead	14	2	14	{}	LOOKAHEAD ONLY, both halves hold	{"cut": null, "free": true, "queued": 2, "tick": 14}	{"built": null, "tick": 14}	no	no	yes
8	k3	3	123	23100030123	lookahead	12	2	12	{}	LOOKAHEAD ONLY, both halves hold	{"cut": null, "free": true, "queued": 2, "tick": 12}	{"built": null, "tick": 12}	no	no	yes
8	k3	3	126	23100030126	state	38	5	37	{"coin_queued_offered": [38], "coin_queued_offered_any": [38]}	ON THE BOARD	{}	{}	no	no	yes
8	k3	3	129	23100030129	state	23	3	22	{"coin_queued_offered": [23], "coin_queued_offered_any": [23]}	ON THE BOARD	{}	{}	no	no	yes
8	k3	3	131	23100030131	state	36	5	35	{"coin_queued_offered": [36], "coin_queued_offered_any": [36]}	ON THE BOARD	{}	{}	no	no	yes
8	k3	3	133	23100030133	lookahead	10	2	10	{}	LOOKAHEAD ONLY, both halves hold	{"cut": null, "free": true, "queued": 2, "tick": 10}	{"built": null, "tick": 10}	no	no	yes
8	k3	3	136	23100030136	state	21	3	20	{"coin_queued_offered": [21], "coin_queued_offered_any": [21]}	ON THE BOARD	{}	{}	no	no	yes
8	k3	3	140	23100030140	state	32	4	31	{"coin_queued_offered": [32], "coin_queued_offered_any": [32]}	ON THE BOARD	{}	{}	no	no	yes
8	k3	3	141	23100030141	lookahead	50	7	50	{}	LOOKAHEAD ONLY, both halves hold	{"cut": null, "free": false, "queued": 2, "tick": 50}	{"built": null, "tick": 50}	no	no	yes
8	k3	3	145	23100030145	state	38	5	37	{"coin_queued_offered": [38], "coin_queued_offered_any": [38]}	ON THE BOARD	{}	{}	no	no	yes
8	k3	3	150	23100030150	lookahead	9	2	9	{}	LOOKAHEAD ONLY, both halves hold	{"cut": null, "free": true, "queued": 2, "tick": 9}	{"built": null, "tick": 9}	no	no	yes
8	k3	3	157	23100030157	state	13	2	12	{"coin_queued_offered": [13], "coin_queued_offered_any": [13]}	ON THE BOARD	{}	{}	no	no	yes
8	k3	3	164	23100030164	lookahead	69	9	69	{}	LOOKAHEAD ONLY, both halves hold	{"cut": null, "free": true, "queued": 1, "tick": 69}	{"built": null, "tick": 69}	yes	yes	yes
8	k3	3	168	23100030168	state	16	2	15	{"coin_queued_offered": [16], "coin_queued_offered_any": [16]}	ON THE BOARD	{}	{}	no	no	yes
8	k3	3	172	23100030172	state	39	5	38	{"coin_queued_offered": [39], "coin_queued_offered_any": [39]}	ON THE BOARD	{}	{}	no	no	yes
8	k3	3	174	23100030174	state	18	3	17	{"coin_queued_offered": [18], "coin_queued_offered_any": [18]}	ON THE BOARD	{}	{}	no	no	yes
8	k3	3	175	23100030175	state	25	3	24	{"coin_queued_offered": [25], "coin_queued_offered_any": [25]}	ON THE BOARD	{}	{}	no	no	yes
8	k3	3	181	23100030181	state	25	3	24	{"coin_queued_offered": [25], "coin_queued_offered_any": [25]}	ON THE BOARD	{}	{}	no	no	yes
8	k3	3	183	23100030183	lookahead	13	2	13	{}	LOOKAHEAD ONLY, both halves hold	{"cut": null, "free": true, "queued": 1, "tick": 13}	{"built": null, "tick": 13}	no	no	yes
8	k3	3	184	23100030184	state	58	8	57	{"coin_queued_offered": [58], "coin_queued_offered_any": [58]}	ON THE BOARD	{}	{}	no	no	yes
8	k3	3	185	23100030185	lookahead	10	2	10	{}	LOOKAHEAD ONLY, both halves hold	{"cut": null, "free": true, "queued": 2, "tick": 10}	{"built": null, "tick": 10}	no	no	yes
8	k3	3	187	23100030187	lookahead	84	12	84	{}	LOOKAHEAD ONLY, both halves hold	{"cut": null, "free": false, "queued": 2, "tick": 84}	{"built": null, "tick": 84}	yes	yes	yes
8	k3	3	194	23100030194	state	12	2	11	{"coin_queued_offered": [12], "coin_queued_offered_any": [12]}	ON THE BOARD	{}	{}	no	no	yes
8	k3	3	196	23100030196	state	31	3	30	{"coin_queued_offered": [31], "coin_queued_offered_any": [31]}	ON THE BOARD	{}	{}	no	no	yes
8	k3	3	198	23100030198	lookahead	19	3	19	{}	LOOKAHEAD ONLY, both halves hold	{"cut": null, "free": true, "queued": 2, "tick": 19}	{"built": null, "tick": 19}	no	no	yes
8	k3	3	200	23100030200	state	38	5	37	{"coin_queued_offered": [38], "coin_queued_offered_any": [38]}	ON THE BOARD	{}	{}	no	no	yes
8	k3	3	202	23100030202	state	18	2	17	{"coin_queued_offered": [18], "coin_queued_offered_any": [18]}	ON THE BOARD	{}	{}	no	no	yes
8	k3	3	204	23100030204	state	49	7	48	{"coin_queued_offered": [49], "coin_queued_offered_any": [49]}	ON THE BOARD	{}	{}	no	no	yes
8	k3	3	206	23100030206	state	51	8	50	{"coin_queued_offered": [51], "coin_queued_offered_any": [51]}	ON THE BOARD	{}	{}	no	no	yes
8	k3	3	207	23100030207	lookahead	61	10	61	{}	LOOKAHEAD ONLY, both halves hold	{"cut": null, "free": false, "queued": 2, "tick": 61}	{"built": null, "tick": 61}	no	no	yes
8	k3	3	210	23100030210	lookahead	10	2	10	{}	LOOKAHEAD ONLY, both halves hold	{"cut": null, "free": true, "queued": 2, "tick": 10}	{"built": null, "tick": 10}	no	no	yes
8	k3	3	211	23100030211	state	38	6	37	{"coin_queued_offered": [38], "coin_queued_offered_any": [38]}	ON THE BOARD	{}	{}	no	no	yes
8	k3	3	214	23100030214	lookahead	14	3	14	{}	LOOKAHEAD ONLY, both halves hold	{"cut": null, "free": true, "queued": 2, "tick": 14}	{"built": null, "tick": 14}	no	no	yes
8	k3	3	215	23100030215	lookahead	13	2	13	{}	LOOKAHEAD ONLY, both halves hold	{"cut": null, "free": true, "queued": 2, "tick": 13}	{"built": null, "tick": 13}	no	no	yes
8	k3	3	217	23100030217	state	15	2	14	{"coin_queued_offered": [15], "coin_queued_offered_any": [15]}	ON THE BOARD	{}	{}	no	no	yes
8	k3	3	220	23100030220	state	66	9	65	{"coin_queued_offered": [66], "coin_queued_offered_any": [66]}	ON THE BOARD	{}	{}	no	no	yes
8	k3	3	224	23100030224	state	76	10	75	{"coin_queued_offered": [76], "coin_queued_offered_any": [76]}	ON THE BOARD	{}	{}	no	no	yes
8	k3	3	228	23100030228	state	36	4	35	{"coin_queued_offered": [36], "coin_queued_offered_any": [36]}	ON THE BOARD	{}	{}	no	no	yes
8	k3	3	229	23100030229	state	38	5	37	{"coin_queued_offered": [38], "coin_queued_offered_any": [38]}	ON THE BOARD	{}	{}	no	no	yes
8	k3	3	231	23100030231	lookahead	15	3	15	{}	LOOKAHEAD ONLY, both halves hold	{"cut": null, "free": true, "queued": 2, "tick": 15}	{"built": null, "tick": 15}	no	no	yes
8	k3	3	234	23100030234	state	30	4	29	{"coin_queued_offered": [30], "coin_queued_offered_any": [30]}	ON THE BOARD	{}	{}	no	no	yes
8	k3	3	238	23100030238	lookahead	10	2	10	{}	LOOKAHEAD ONLY, both halves hold	{"cut": null, "free": true, "queued": 2, "tick": 10}	{"built": null, "tick": 10}	no	no	yes
8	k3	3	243	23100030243	state	17	2	16	{"coin_queued_offered": [17], "coin_queued_offered_any": [17]}	ON THE BOARD	{}	{}	no	no	yes
8	k3	3	246	23100030246	state	32	5	31	{"coin_queued_offered": [32], "coin_queued_offered_any": [32]}	ON THE BOARD	{}	{}	no	no	yes
8	k3	3	247	23100030247	state	51	7	50	{"coin_queued_offered": [51], "coin_queued_offered_any": [51]}	ON THE BOARD	{}	{}	no	no	yes
8	k3	3	249	23100030249	state	14	2	13	{"coin_queued_offered": [14], "coin_queued_offered_any": [14]}	ON THE BOARD	{}	{}	no	no	yes
8	k3	4	1	23100040001	state	37	4	36	{"coin_queued_offered": [37], "coin_queued_offered_any": [37]}	ON THE BOARD	{}	{}	no	no	yes
8	k3	4	6	23100040006	lookahead	50	7	50	{}	LOOKAHEAD ONLY, both halves hold	{"cut": null, "free": false, "queued": 2, "tick": 50}	{"built": null, "tick": 50}	no	no	yes
8	k3	4	7	23100040007	lookahead	95	13	95	{}	UNEXPLAINED	{"cut": null, "free": false, "queued": null, "tick": 95}	{"built": null, "tick": 95}	no	no	yes
8	k3	4	8	23100040008	lookahead	98	13	98	{}	LOOKAHEAD ONLY, both halves hold	{"cut": null, "free": true, "queued": 3, "tick": 98}	{"built": null, "tick": 98}	no	no	yes
8	k3	4	10	23100040010	state	23	4	22	{"coin_queued_offered": [23], "coin_queued_offered_any": [23]}	ON THE BOARD	{}	{}	no	no	yes
8	k3	4	12	23100040012	state	60	9	59	{"coin_queued_offered": [60], "coin_queued_offered_any": [60]}	ON THE BOARD	{}	{}	no	no	yes
8	k3	4	14	23100040014	lookahead	64	10	64	{}	LOOKAHEAD ONLY, both halves hold	{"cut": null, "free": true, "queued": 3, "tick": 64}	{"built": null, "tick": 64}	no	no	yes
8	k3	4	15	23100040015	state	71	9	70	{"coin_queued_offered": [71], "coin_queued_offered_any": [71]}	ON THE BOARD	{}	{}	no	no	yes
8	k3	4	25	23100040025	state	29	4	28	{"coin_queued_offered": [29], "coin_queued_offered_any": [29]}	ON THE BOARD	{}	{}	no	no	yes
8	k3	4	29	23100040029	state	35	4	34	{"coin_queued_offered": [35], "coin_queued_offered_any": [35]}	ON THE BOARD	{}	{}	no	no	yes
8	k3	4	30	23100040030	lookahead	98	13	98	{}	LOOKAHEAD ONLY, both halves hold	{"cut": null, "free": false, "queued": 2, "tick": 98}	{"built": null, "tick": 98}	no	no	yes
8	k3	4	32	23100040032	state	45	5	44	{"coin_queued_offered": [45], "coin_queued_offered_any": [45]}	ON THE BOARD	{}	{}	no	no	yes
8	k3	4	33	23100040033	state	61	8	60	{"coin_queued_offered": [61], "coin_queued_offered_any": [61]}	ON THE BOARD	{}	{}	no	no	yes
8	k3	4	34	23100040034	lookahead	54	8	54	{}	LOOKAHEAD ONLY, both halves hold	{"cut": null, "free": true, "queued": 3, "tick": 54}	{"built": null, "tick": 54}	no	no	yes
8	k3	4	39	23100040039	lookahead	62	8	62	{}	LOOKAHEAD ONLY, both halves hold	{"cut": null, "free": false, "queued": 2, "tick": 62}	{"built": null, "tick": 62}	no	no	yes
8	k3	4	40	23100040040	lookahead	97	14	97	{}	LOOKAHEAD ONLY, both halves hold	{"cut": null, "free": false, "queued": 1, "tick": 97}	{"built": null, "tick": 97}	no	no	yes
8	k3	4	43	23100040043	lookahead	70	9	70	{}	LOOKAHEAD ONLY, both halves hold	{"cut": null, "free": false, "queued": 2, "tick": 70}	{"built": null, "tick": 70}	yes	yes	yes
8	k3	4	51	23100040051	lookahead	44	6	44	{}	LOOKAHEAD ONLY, both halves hold	{"cut": null, "free": false, "queued": 2, "tick": 44}	{"built": null, "tick": 44}	yes	yes	yes
8	k3	4	52	23100040052	state	30	4	29	{"coin_queued_offered": [30], "coin_queued_offered_any": [30]}	ON THE BOARD	{}	{}	no	no	yes
8	k3	4	55	23100040055	state	24	4	23	{"coin_queued_offered": [24], "coin_queued_offered_any": [24]}	ON THE BOARD	{}	{}	no	no	yes
8	k3	4	62	23100040062	lookahead	51	6	51	{}	LOOKAHEAD ONLY, both halves hold	{"cut": null, "free": false, "queued": 2, "tick": 51}	{"built": null, "tick": 51}	no	no	yes
8	k3	4	68	23100040068	state	58	8	57	{"coin_queued_offered": [58], "coin_queued_offered_any": [58]}	ON THE BOARD	{}	{}	no	no	yes
8	k3	4	73	23100040073	state	53	6	52	{"coin_queued_offered": [53], "coin_queued_offered_any": [53]}	ON THE BOARD	{}	{}	no	no	yes
8	k3	4	76	23100040076	state	78	10	77	{"coin_queued_offered": [78], "coin_queued_offered_any": [78]}	ON THE BOARD	{}	{}	no	no	yes
8	k3	4	77	23100040077	state	59	8	58	{"coin_queued_offered": [59], "coin_queued_offered_any": [59]}	ON THE BOARD	{}	{}	no	no	yes
8	k3	4	78	23100040078	state	36	4	35	{"coin_queued_offered": [36], "coin_queued_offered_any": [36]}	ON THE BOARD	{}	{}	no	no	yes
8	k3	4	80	23100040080	state	92	14	91	{"coin_queued_offered": [92], "coin_queued_offered_any": [92]}	ON THE BOARD	{}	{}	no	no	yes
8	k3	4	83	23100040083	state	27	4	26	{"coin_queued_offered": [27], "coin_queued_offered_any": [27]}	ON THE BOARD	{}	{}	no	no	yes
8	k3	4	88	23100040088	state	52	6	51	{"coin_queued_offered": [52], "coin_queued_offered_any": [52]}	ON THE BOARD	{}	{}	no	no	yes
8	k3	4	89	23100040089	state	67	8	66	{"coin_queued_offered": [67], "coin_queued_offered_any": [67]}	ON THE BOARD	{}	{}	no	no	yes
8	k3	4	92	23100040092	lookahead	64	9	64	{}	LOOKAHEAD ONLY, both halves hold	{"cut": null, "free": true, "queued": 3, "tick": 64}	{"built": null, "tick": 64}	no	no	yes
8	k3	4	93	23100040093	state	42	5	41	{"coin_queued_offered": [42], "coin_queued_offered_any": [42]}	ON THE BOARD	{}	{}	no	no	yes
8	k3	4	95	23100040095	lookahead	60	8	60	{}	LOOKAHEAD ONLY, both halves hold	{"cut": null, "free": false, "queued": 2, "tick": 60}	{"built": null, "tick": 60}	yes	yes	yes
8	k3	4	98	23100040098	state	74	9	73	{"coin_queued_offered": [74], "coin_queued_offered_any": [74]}	ON THE BOARD	{}	{}	no	no	yes
8	k3	4	103	23100040103	lookahead	58	9	58	{}	LOOKAHEAD ONLY, both halves hold	{"cut": null, "free": true, "queued": 3, "tick": 58}	{"built": null, "tick": 58}	no	no	yes
8	k3	4	104	23100040104	lookahead	66	9	66	{}	LOOKAHEAD ONLY, both halves hold	{"cut": null, "free": true, "queued": 3, "tick": 66}	{"built": null, "tick": 66}	no	yes	yes
8	k3	4	105	23100040105	state	80	10	79	{"coin_queued_offered": [80], "coin_queued_offered_any": [80]}	ON THE BOARD	{}	{}	no	no	yes
8	k3	4	106	23100040106	state	75	10	74	{"coin_queued_offered": [75], "coin_queued_offered_any": [75]}	ON THE BOARD	{}	{}	no	no	yes
8	k3	4	111	23100040111	lookahead	68	9	68	{}	LOOKAHEAD ONLY, both halves hold	{"cut": null, "free": false, "queued": 1, "tick": 68}	{"built": null, "tick": 68}	no	no	yes
8	k3	4	112	23100040112	state	43	5	42	{"coin_queued_offered": [43], "coin_queued_offered_any": [43]}	ON THE BOARD	{}	{}	no	no	yes
8	k3	4	115	23100040115	state	55	8	54	{"coin_queued_offered": [55], "coin_queued_offered_any": [55]}	ON THE BOARD	{}	{}	no	no	yes
8	k3	4	119	23100040119	state	71	10	70	{"coin_queued_offered": [71], "coin_queued_offered_any": [71]}	ON THE BOARD	{}	{}	no	no	yes
8	k3	4	123	23100040123	lookahead	18	4	18	{}	LOOKAHEAD ONLY, both halves hold	{"cut": null, "free": true, "queued": 1, "tick": 18}	{"built": null, "tick": 18}	no	no	yes
8	k3	4	124	23100040124	state	53	7	52	{"coin_queued_offered": [53], "coin_queued_offered_any": [53]}	ON THE BOARD	{}	{}	no	no	yes
8	k3	4	127	23100040127	state	73	10	72	{"coin_queued_offered": [73], "coin_queued_offered_any": [73]}	ON THE BOARD	{}	{}	no	no	yes
8	k3	4	131	23100040131	lookahead	37	6	37	{}	LOOKAHEAD ONLY, both halves hold	{"cut": null, "free": false, "queued": 1, "tick": 37}	{"built": null, "tick": 37}	yes	yes	yes
8	k3	4	134	23100040134	lookahead	93	12	93	{}	LOOKAHEAD ONLY, both halves hold	{"cut": null, "free": true, "queued": 3, "tick": 93}	{"built": null, "tick": 93}	no	no	yes
8	k3	4	135	23100040135	state	19	4	18	{"coin_queued_offered": [19], "coin_queued_offered_any": [19]}	ON THE BOARD	{}	{}	no	no	yes
8	k3	4	136	23100040136	state	48	6	47	{"coin_queued_offered": [48], "coin_queued_offered_any": [48]}	ON THE BOARD	{}	{}	no	no	yes
8	k3	4	137	23100040137	lookahead	57	8	57	{}	LOOKAHEAD ONLY, both halves hold	{"cut": null, "free": true, "queued": 3, "tick": 57}	{"built": null, "tick": 57}	no	no	yes
8	k3	4	140	23100040140	state	32	4	31	{"coin_queued_offered": [32], "coin_queued_offered_any": [32]}	ON THE BOARD	{}	{}	no	no	yes
8	k3	4	142	23100040142	state	62	8	61	{"coin_queued_offered": [62], "coin_queued_offered_any": [62]}	ON THE BOARD	{}	{}	no	no	yes
8	k3	4	144	23100040144	lookahead	64	8	64	{}	LOOKAHEAD ONLY, both halves hold	{"cut": null, "free": false, "queued": 2, "tick": 64}	{"built": null, "tick": 64}	no	no	yes
8	k3	4	145	23100040145	lookahead	52	7	52	{}	LOOKAHEAD ONLY, both halves hold	{"cut": null, "free": true, "queued": 2, "tick": 52}	{"built": null, "tick": 52}	yes	yes	yes
8	k3	4	150	23100040150	state	67	8	66	{"coin_queued_offered": [67], "coin_queued_offered_any": [67]}	ON THE BOARD	{}	{}	no	no	yes
8	k3	4	152	23100040152	state	80	12	79	{"coin_queued_offered": [80], "coin_queued_offered_any": [80]}	ON THE BOARD	{}	{}	no	no	yes
8	k3	4	153	23100040153	state	74	10	73	{"coin_queued_offered": [74], "coin_queued_offered_any": [74]}	ON THE BOARD	{}	{}	no	no	yes
8	k3	4	154	23100040154	lookahead	62	10	62	{}	LOOKAHEAD ONLY, both halves hold	{"cut": null, "free": false, "queued": 2, "tick": 62}	{"built": null, "tick": 62}	yes	yes	yes
8	k3	4	159	23100040159	state	46	6	45	{"coin_queued_offered": [46], "coin_queued_offered_any": [46]}	ON THE BOARD	{}	{}	no	no	yes
8	k3	4	160	23100040160	state	33	4	32	{"coin_queued_offered": [33], "coin_queued_offered_any": [33]}	ON THE BOARD	{}	{}	no	no	yes
8	k3	4	163	23100040163	lookahead	48	6	48	{}	LOOKAHEAD ONLY, both halves hold	{"cut": null, "free": false, "queued": 2, "tick": 48}	{"built": null, "tick": 48}	yes	yes	yes
8	k3	4	166	23100040166	state	30	4	29	{"coin_queued_offered": [30], "coin_queued_offered_any": [30]}	ON THE BOARD	{}	{}	no	no	yes
8	k3	4	167	23100040167	lookahead	77	11	77	{}	LOOKAHEAD ONLY, both halves hold	{"cut": null, "free": true, "queued": 3, "tick": 77}	{"built": null, "tick": 77}	no	no	yes
8	k3	4	171	23100040171	state	68	9	67	{"coin_queued_offered": [68], "coin_queued_offered_any": [68]}	ON THE BOARD	{}	{}	no	no	yes
8	k3	4	174	23100040174	state	40	4	39	{"coin_queued_offered": [40], "coin_queued_offered_any": [40]}	ON THE BOARD	{}	{}	no	no	yes
8	k3	4	178	23100040178	lookahead	89	13	89	{}	LOOKAHEAD ONLY, both halves hold	{"cut": null, "free": false, "queued": 1, "tick": 89}	{"built": null, "tick": 89}	no	no	yes
8	k3	4	181	23100040181	state	85	11	84	{"coin_queued_offered": [85], "coin_queued_offered_any": [85]}	ON THE BOARD	{}	{}	no	no	yes
8	k3	4	183	23100040183	lookahead	24	4	24	{}	LOOKAHEAD ONLY, both halves hold	{"cut": null, "free": true, "queued": 1, "tick": 24}	{"built": null, "tick": 24}	no	no	yes
8	k3	4	184	23100040184	state	37	5	36	{"coin_queued_offered": [37], "coin_queued_offered_any": [37]}	ON THE BOARD	{}	{}	no	no	yes
8	k3	4	188	23100040188	state	28	4	27	{"coin_queued_offered": [28], "coin_queued_offered_any": [28]}	ON THE BOARD	{}	{}	no	no	yes
8	k3	4	189	23100040189	state	70	9	69	{"coin_queued_offered": [70], "coin_queued_offered_any": [70]}	ON THE BOARD	{}	{}	no	no	yes
8	k3	4	194	23100040194	state	29	4	28	{"coin_queued_offered": [29], "coin_queued_offered_any": [29]}	ON THE BOARD	{}	{}	no	no	yes
8	k3	4	201	23100040201	lookahead	59	8	59	{}	LOOKAHEAD ONLY, both halves hold	{"cut": null, "free": false, "queued": 1, "tick": 59}	{"built": null, "tick": 59}	yes	yes	yes
8	k3	4	202	23100040202	lookahead	79	11	79	{}	LOOKAHEAD ONLY, both halves hold	{"cut": null, "free": false, "queued": 2, "tick": 79}	{"built": null, "tick": 79}	yes	yes	yes
8	k3	4	204	23100040204	lookahead	53	8	53	{}	LOOKAHEAD ONLY, both halves hold	{"cut": null, "free": false, "queued": 2, "tick": 53}	{"built": null, "tick": 53}	yes	yes	yes
8	k3	4	205	23100040205	lookahead	69	9	69	{}	LOOKAHEAD ONLY, both halves hold	{"cut": null, "free": true, "queued": 3, "tick": 69}	{"built": null, "tick": 69}	no	no	yes
8	k3	4	208	23100040208	lookahead	57	9	57	{}	LOOKAHEAD ONLY, both halves hold	{"cut": null, "free": true, "queued": 3, "tick": 57}	{"built": null, "tick": 57}	no	no	yes
8	k3	4	210	23100040210	lookahead	46	7	46	{}	LOOKAHEAD ONLY, both halves hold	{"cut": null, "free": true, "queued": 3, "tick": 46}	{"built": null, "tick": 46}	no	yes	yes
8	k3	4	211	23100040211	state	23	4	22	{"coin_queued_offered": [23], "coin_queued_offered_any": [23]}	ON THE BOARD	{}	{}	no	no	yes
8	k3	4	212	23100040212	state	50	6	49	{"coin_queued_offered": [50], "coin_queued_offered_any": [50]}	ON THE BOARD	{}	{}	no	no	yes
8	k3	4	214	23100040214	state	70	8	69	{"coin_queued_offered": [70], "coin_queued_offered_any": [70]}	ON THE BOARD	{}	{}	no	no	yes
8	k3	4	215	23100040215	state	59	7	58	{"coin_queued_offered": [59], "coin_queued_offered_any": [59]}	ON THE BOARD	{}	{}	no	no	yes
8	k3	4	218	23100040218	state	54	6	53	{"coin_queued_offered": [54], "coin_queued_offered_any": [54]}	ON THE BOARD	{}	{}	no	no	yes
8	k3	4	220	23100040220	lookahead	50	6	50	{}	LOOKAHEAD ONLY, both halves hold	{"cut": null, "free": false, "queued": 2, "tick": 50}	{"built": null, "tick": 50}	no	no	yes
8	k3	4	221	23100040221	lookahead	72	10	72	{}	LOOKAHEAD ONLY, both halves hold	{"cut": null, "free": false, "queued": 2, "tick": 72}	{"built": null, "tick": 72}	no	no	yes
8	k3	4	222	23100040222	state	52	7	51	{"coin_queued_offered": [52], "coin_queued_offered_any": [52]}	ON THE BOARD	{}	{}	no	no	yes
8	k3	4	223	23100040223	state	35	4	34	{"coin_queued_offered": [35], "coin_queued_offered_any": [35]}	ON THE BOARD	{}	{}	no	no	yes
8	k3	4	224	23100040224	lookahead	77	12	77	{}	LOOKAHEAD ONLY, both halves hold	{"cut": null, "free": true, "queued": 3, "tick": 77}	{"built": null, "tick": 77}	no	no	yes
8	k3	4	226	23100040226	state	25	4	24	{"coin_queued_offered": [25], "coin_queued_offered_any": [25]}	ON THE BOARD	{}	{}	no	no	yes
8	k3	4	227	23100040227	state	69	10	68	{"coin_queued_offered": [69], "coin_queued_offered_any": [69]}	ON THE BOARD	{}	{}	no	no	yes
8	k3	4	228	23100040228	state	33	4	32	{"coin_queued_offered": [33], "coin_queued_offered_any": [33]}	ON THE BOARD	{}	{}	no	no	yes
8	k3	4	229	23100040229	lookahead	95	13	95	{}	LOOKAHEAD ONLY, both halves hold	{"cut": null, "free": false, "queued": 2, "tick": 95}	{"built": null, "tick": 95}	no	no	yes
8	k3	4	230	23100040230	state	66	9	65	{"coin_queued_offered": [66], "coin_queued_offered_any": [66]}	ON THE BOARD	{}	{}	no	no	yes
8	k3	4	231	23100040231	state	70	9	69	{"coin_queued_offered": [70], "coin_queued_offered_any": [70]}	ON THE BOARD	{}	{}	no	no	yes
8	k3	4	232	23100040232	state	30	4	29	{"coin_queued_offered": [30], "coin_queued_offered_any": [30]}	ON THE BOARD	{}	{}	no	no	yes
8	k3	4	236	23100040236	state	71	9	70	{"coin_queued_offered": [71], "coin_queued_offered_any": [71]}	ON THE BOARD	{}	{}	no	no	yes
8	k3	4	237	23100040237	state	72	9	71	{"coin_queued_offered": [72], "coin_queued_offered_any": [72]}	ON THE BOARD	{}	{}	no	no	yes
8	k3	4	238	23100040238	state	85	10	84	{"coin_queued_offered": [85], "coin_queued_offered_any": [85]}	ON THE BOARD	{}	{}	no	no	yes
8	k3	4	239	23100040239	state	39	5	38	{"coin_queued_offered": [39], "coin_queued_offered_any": [39]}	ON THE BOARD	{}	{}	no	no	yes
8	k3	4	242	23100040242	state	33	5	32	{"coin_queued_offered": [33], "coin_queued_offered_any": [33]}	ON THE BOARD	{}	{}	no	no	yes
8	k3	4	244	23100040244	lookahead	53	8	53	{}	LOOKAHEAD ONLY, both halves hold	{"cut": null, "free": false, "queued": 2, "tick": 53}	{"built": null, "tick": 53}	no	no	yes
8	k3	4	248	23100040248	state	47	6	46	{"coin_queued_offered": [47], "coin_queued_offered_any": [47]}	ON THE BOARD	{}	{}	no	no	yes
8	k3	4	249	23100040249	lookahead	49	6	49	{}	LOOKAHEAD ONLY, both halves hold	{"cut": null, "free": false, "queued": 1, "tick": 49}	{"built": null, "tick": 49}	yes	yes	yes
8	k3	5	9	23100050009	lookahead	101	14	101	{}	LOOKAHEAD ONLY, both halves hold	{"cut": null, "free": false, "queued": 2, "tick": 101}	{"built": null, "tick": 101}	no	no	yes
8	k3	5	51	23100050051	state	64	10	63	{"coin_queued_offered": [64], "coin_queued_offered_any": [64]}	ON THE BOARD	{}	{}	no	no	yes
8	k3	5	65	23100050065	state	29	4	28	{"coin_queued_offered": [29], "coin_queued_offered_any": [29]}	ON THE BOARD	{}	{}	no	no	yes
8	k3	5	88	23100050088	state	70	9	69	{"coin_queued_offered": [70], "coin_queued_offered_any": [70]}	ON THE BOARD	{}	{}	no	no	yes
8	k3	5	89	23100050089	state	33	6	32	{"coin_queued_offered": [33], "coin_queued_offered_any": [33]}	ON THE BOARD	{}	{}	no	no	yes
8	k3	5	98	23100050098	state	122	18	121	{"coin_queued_offered": [122], "coin_queued_offered_any": [122]}	ON THE BOARD	{}	{}	no	no	yes
8	k3	5	123	23100050123	state	46	7	45	{"coin_queued_offered": [46], "coin_queued_offered_any": [46]}	ON THE BOARD	{}	{}	no	no	yes
8	k3	5	130	23100050130	state	57	9	56	{"coin_queued_offered": [57], "coin_queued_offered_any": [57]}	ON THE BOARD	{}	{}	no	no	yes
8	k3	5	166	23100050166	state	105	14	104	{"coin_queued_offered": [105], "coin_queued_offered_any": [105]}	ON THE BOARD	{}	{}	no	no	yes
8	k3	5	169	23100050169	lookahead	77	12	77	{}	LOOKAHEAD ONLY, both halves hold	{"cut": null, "free": false, "queued": 2, "tick": 77}	{"built": null, "tick": 77}	yes	yes	yes
8	k3	5	193	23100050193	state	151	23	150	{"coin_queued_offered": [151], "coin_queued_offered_any": [151]}	ON THE BOARD	{}	{}	no	no	yes
8	k3	5	194	23100050194	lookahead	81	12	81	{}	LOOKAHEAD ONLY, both halves hold	{"cut": null, "free": true, "queued": 2, "tick": 81}	{"built": null, "tick": 81}	no	no	yes
8	k3	5	199	23100050199	lookahead	88	12	88	{}	LOOKAHEAD ONLY, both halves hold	{"cut": null, "free": false, "queued": 2, "tick": 88}	{"built": null, "tick": 88}	yes	yes	yes
8	k3	5	208	23100050208	state	104	14	103	{"coin_queued_offered": [104], "coin_queued_offered_any": [104]}	ON THE BOARD	{}	{}	no	no	yes
8	k3	5	237	23100050237	state	115	15	114	{"coin_queued_offered": [115], "coin_queued_offered_any": [115]}	ON THE BOARD	{}	{}	no	no	yes
8	k3	5	243	23100050243	state	107	15	106	{"coin_queued_offered": [107], "coin_queued_offered_any": [107]}	ON THE BOARD	{}	{}	no	no	yes
8	k3	6	4	23100060004	state	33	4	32	{"coin_queued_offered": [33], "coin_queued_offered_any": [33]}	ON THE BOARD	{}	{}	no	no	yes
8	k3	6	6	23100060006	lookahead	89	11	89	{}	LOOKAHEAD ONLY, both halves hold	{"cut": null, "free": false, "queued": 1, "tick": 89}	{"built": null, "tick": 89}	no	no	yes
8	k3	6	8	23100060008	state	43	6	42	{"coin_queued_offered": [43], "coin_queued_offered_any": [43]}	ON THE BOARD	{}	{}	no	no	yes
8	k3	6	9	23100060009	state	52	7	51	{"coin_queued_offered": [52], "coin_queued_offered_any": [52]}	ON THE BOARD	{}	{}	no	no	yes
8	k3	6	11	23100060011	state	47	6	46	{"coin_queued_offered": [47], "coin_queued_offered_any": [47]}	ON THE BOARD	{}	{}	no	no	yes
8	k3	6	12	23100060012	state	51	6	50	{"coin_queued_offered": [51], "coin_queued_offered_any": [51]}	ON THE BOARD	{}	{}	no	no	yes
8	k3	6	13	23100060013	lookahead	67	10	67	{}	LOOKAHEAD ONLY, both halves hold	{"cut": null, "free": false, "queued": 1, "tick": 67}	{"built": null, "tick": 67}	no	no	yes
8	k3	6	20	23100060020	state	38	4	37	{"coin_queued_offered": [38], "coin_queued_offered_any": [38]}	ON THE BOARD	{}	{}	no	no	yes
8	k3	6	21	23100060021	state	90	12	89	{"coin_queued_offered": [90], "coin_queued_offered_any": [90]}	ON THE BOARD	{}	{}	no	no	yes
8	k3	6	26	23100060026	state	55	7	54	{"coin_queued_offered": [55], "coin_queued_offered_any": [55]}	ON THE BOARD	{}	{}	no	no	yes
8	k3	6	27	23100060027	lookahead	84	12	84	{}	LOOKAHEAD ONLY, both halves hold	{"cut": null, "free": false, "queued": 2, "tick": 84}	{"built": null, "tick": 84}	yes	yes	yes
8	k3	6	28	23100060028	lookahead	73	11	73	{}	LOOKAHEAD ONLY, both halves hold	{"cut": null, "free": false, "queued": 1, "tick": 73}	{"built": null, "tick": 73}	yes	yes	yes
8	k3	6	30	23100060030	lookahead	55	8	55	{}	LOOKAHEAD ONLY, both halves hold	{"cut": null, "free": false, "queued": 2, "tick": 55}	{"built": null, "tick": 55}	no	no	yes
8	k3	6	33	23100060033	lookahead	91	12	91	{}	LOOKAHEAD ONLY, both halves hold	{"cut": null, "free": false, "queued": 2, "tick": 91}	{"built": null, "tick": 91}	yes	yes	yes
8	k3	6	34	23100060034	lookahead	79	10	79	{}	LOOKAHEAD ONLY, both halves hold	{"cut": null, "free": false, "queued": 1, "tick": 79}	{"built": null, "tick": 79}	no	no	yes
8	k3	6	36	23100060036	state	71	9	70	{"coin_queued_offered": [71], "coin_queued_offered_any": [71]}	ON THE BOARD	{}	{}	no	no	yes
8	k3	6	37	23100060037	state	56	8	55	{"coin_queued_offered": [56], "coin_queued_offered_any": [56]}	ON THE BOARD	{}	{}	no	no	yes
8	k3	6	40	23100060040	state	64	8	63	{"coin_queued_offered": [64], "coin_queued_offered_any": [64]}	ON THE BOARD	{}	{}	no	no	yes
8	k3	6	41	23100060041	lookahead	25	4	25	{}	LOOKAHEAD ONLY, both halves hold	{"cut": null, "free": false, "queued": 2, "tick": 25}	{"built": null, "tick": 25}	no	no	yes
8	k3	6	42	23100060042	state	54	7	53	{"coin_queued_offered": [54], "coin_queued_offered_any": [54]}	ON THE BOARD	{}	{}	no	no	yes
8	k3	6	44	23100060044	state	34	4	33	{"coin_queued_offered": [34], "coin_queued_offered_any": [34]}	ON THE BOARD	{}	{}	no	no	yes
8	k3	6	46	23100060046	state	49	6	48	{"coin_queued_offered": [49], "coin_queued_offered_any": [49]}	ON THE BOARD	{}	{}	no	no	yes
8	k3	6	47	23100060047	state	55	7	54	{"coin_queued_offered": [55], "coin_queued_offered_any": [55]}	ON THE BOARD	{}	{}	no	no	yes
8	k3	6	48	23100060048	state	48	7	47	{"coin_queued_offered": [48], "coin_queued_offered_any": [48]}	ON THE BOARD	{}	{}	no	no	yes
8	k3	6	50	23100060050	state	71	11	70	{"coin_queued_offered": [71], "coin_queued_offered_any": [71]}	ON THE BOARD	{}	{}	no	no	yes
8	k3	6	51	23100060051	state	94	11	93	{"coin_queued_offered": [94], "coin_queued_offered_any": [94]}	ON THE BOARD	{}	{}	no	no	yes
8	k3	6	52	23100060052	state	52	7	51	{"coin_queued_offered": [52], "coin_queued_offered_any": [52]}	ON THE BOARD	{}	{}	no	no	yes
8	k3	6	53	23100060053	state	40	5	39	{"coin_queued_offered": [40], "coin_queued_offered_any": [40]}	ON THE BOARD	{}	{}	no	no	yes
8	k3	6	56	23100060056	state	47	5	46	{"coin_queued_offered": [47], "coin_queued_offered_any": [47]}	ON THE BOARD	{}	{}	no	no	yes
8	k3	6	57	23100060057	state	74	9	73	{"coin_queued_offered": [74], "coin_queued_offered_any": [74]}	ON THE BOARD	{}	{}	no	no	yes
8	k3	6	58	23100060058	lookahead	56	8	56	{}	LOOKAHEAD ONLY, both halves hold	{"cut": null, "free": false, "queued": 1, "tick": 56}	{"built": null, "tick": 56}	no	no	yes
8	k3	6	63	23100060063	state	43	5	42	{"coin_queued_offered": [43], "coin_queued_offered_any": [43]}	ON THE BOARD	{}	{}	no	no	yes
8	k3	6	64	23100060064	state	72	9	71	{"coin_queued_offered": [72], "coin_queued_offered_any": [72]}	ON THE BOARD	{}	{}	no	no	yes
8	k3	6	65	23100060065	state	54	8	53	{"coin_queued_offered": [54], "coin_queued_offered_any": [54]}	ON THE BOARD	{}	{}	no	no	yes
8	k3	6	66	23100060066	state	52	7	51	{"coin_queued_offered": [52], "coin_queued_offered_any": [52]}	ON THE BOARD	{}	{}	no	no	yes
8	k3	6	67	23100060067	state	66	9	65	{"coin_queued_offered": [66], "coin_queued_offered_any": [66]}	ON THE BOARD	{}	{}	no	no	yes
8	k3	6	69	23100060069	state	43	5	42	{"coin_queued_offered": [43], "coin_queued_offered_any": [43]}	ON THE BOARD	{}	{}	no	no	yes
8	k3	6	71	23100060071	state	60	8	59	{"coin_queued_offered": [60], "coin_queued_offered_any": [60]}	ON THE BOARD	{}	{}	no	no	yes
8	k3	6	72	23100060072	state	85	12	84	{"coin_queued_offered": [85], "coin_queued_offered_any": [85]}	ON THE BOARD	{}	{}	no	no	yes
8	k3	6	76	23100060076	state	80	12	79	{"coin_queued_offered": [80], "coin_queued_offered_any": [80]}	ON THE BOARD	{}	{}	no	no	yes
8	k3	6	78	23100060078	lookahead	104	15	104	{}	LOOKAHEAD ONLY, both halves hold	{"cut": null, "free": false, "queued": 1, "tick": 104}	{"built": null, "tick": 104}	no	no	yes
8	k3	6	79	23100060079	state	42	5	41	{"coin_queued_offered": [42], "coin_queued_offered_any": [42]}	ON THE BOARD	{}	{}	no	no	yes
8	k3	6	83	23100060083	state	84	12	83	{"coin_queued_offered": [84], "coin_queued_offered_any": [84]}	ON THE BOARD	{}	{}	no	no	yes
8	k3	6	85	23100060085	state	62	8	61	{"coin_queued_offered": [62], "coin_queued_offered_any": [62]}	ON THE BOARD	{}	{}	no	no	yes
8	k3	6	87	23100060087	state	45	6	44	{"coin_queued_offered": [45], "coin_queued_offered_any": [45]}	ON THE BOARD	{}	{}	no	no	yes
8	k3	6	92	23100060092	state	53	8	52	{"coin_queued_offered": [53], "coin_queued_offered_any": [53]}	ON THE BOARD	{}	{}	no	no	yes
8	k3	6	93	23100060093	lookahead	71	11	71	{}	LOOKAHEAD ONLY, both halves hold	{"cut": null, "free": false, "queued": 1, "tick": 71}	{"built": null, "tick": 71}	no	no	yes
8	k3	6	94	23100060094	state	44	6	43	{"coin_queued_offered": [44], "coin_queued_offered_any": [44]}	ON THE BOARD	{}	{}	no	no	yes
8	k3	6	95	23100060095	state	79	10	78	{"coin_queued_offered": [79], "coin_queued_offered_any": [79]}	ON THE BOARD	{}	{}	no	no	yes
8	k3	6	96	23100060096	lookahead	71	10	71	{}	LOOKAHEAD ONLY, both halves hold	{"cut": null, "free": false, "queued": 1, "tick": 71}	{"built": null, "tick": 71}	no	no	yes
8	k3	6	97	23100060097	state	65	8	64	{"coin_queued_offered": [65], "coin_queued_offered_any": [65]}	ON THE BOARD	{}	{}	no	no	yes
8	k3	6	99	23100060099	state	43	5	42	{"coin_queued_offered": [43], "coin_queued_offered_any": [43]}	ON THE BOARD	{}	{}	no	no	yes
8	k3	6	103	23100060103	state	84	12	83	{"coin_queued_offered": [84], "coin_queued_offered_any": [84]}	ON THE BOARD	{}	{}	no	no	yes
8	k3	6	106	23100060106	lookahead	71	12	71	{}	LOOKAHEAD ONLY, both halves hold	{"cut": null, "free": false, "queued": 2, "tick": 71}	{"built": null, "tick": 71}	yes	yes	yes
8	k3	6	110	23100060110	state	87	12	86	{"coin_queued_offered": [87], "coin_queued_offered_any": [87]}	ON THE BOARD	{}	{}	no	no	yes
8	k3	6	111	23100060111	state	76	9	75	{"coin_queued_offered": [76], "coin_queued_offered_any": [76]}	ON THE BOARD	{}	{}	no	no	yes
8	k3	6	113	23100060113	state	74	10	73	{"coin_queued_offered": [74], "coin_queued_offered_any": [74]}	ON THE BOARD	{}	{}	no	no	yes
8	k3	6	114	23100060114	state	71	9	70	{"coin_queued_offered": [71], "coin_queued_offered_any": [71]}	ON THE BOARD	{}	{}	no	no	yes
8	k3	6	115	23100060115	state	37	5	36	{"coin_queued_offered": [37], "coin_queued_offered_any": [37]}	ON THE BOARD	{}	{}	no	no	yes
8	k3	6	117	23100060117	state	44	5	43	{"coin_queued_offered": [44], "coin_queued_offered_any": [44]}	ON THE BOARD	{}	{}	no	no	yes
8	k3	6	118	23100060118	state	88	11	87	{"coin_queued_offered": [88], "coin_queued_offered_any": [88]}	ON THE BOARD	{}	{}	no	no	yes
8	k3	6	119	23100060119	state	77	10	76	{"coin_queued_offered": [77], "coin_queued_offered_any": [77]}	ON THE BOARD	{}	{}	no	no	yes
8	k3	6	122	23100060122	state	73	9	72	{"coin_queued_offered": [73], "coin_queued_offered_any": [73]}	ON THE BOARD	{}	{}	no	no	yes
8	k3	6	129	23100060129	state	57	8	56	{"coin_queued_offered": [57], "coin_queued_offered_any": [57]}	ON THE BOARD	{}	{}	no	no	yes
8	k3	6	130	23100060130	lookahead	76	10	76	{}	LOOKAHEAD ONLY, both halves hold	{"cut": null, "free": false, "queued": 1, "tick": 76}	{"built": null, "tick": 76}	no	no	yes
8	k3	6	131	23100060131	lookahead	68	10	68	{}	LOOKAHEAD ONLY, both halves hold	{"cut": null, "free": false, "queued": 1, "tick": 68}	{"built": null, "tick": 68}	no	no	yes
8	k3	6	132	23100060132	state	81	11	80	{"coin_queued_offered": [81], "coin_queued_offered_any": [81]}	ON THE BOARD	{}	{}	no	no	yes
8	k3	6	134	23100060134	state	61	8	60	{"coin_queued_offered": [61], "coin_queued_offered_any": [61]}	ON THE BOARD	{}	{}	no	no	yes
8	k3	6	135	23100060135	state	56	6	55	{"coin_queued_offered": [56], "coin_queued_offered_any": [56]}	ON THE BOARD	{}	{}	no	no	yes
8	k3	6	136	23100060136	lookahead	113	17	113	{}	LOOKAHEAD ONLY, both halves hold	{"cut": null, "free": false, "queued": 1, "tick": 113}	{"built": null, "tick": 113}	no	yes	yes
8	k3	6	138	23100060138	state	42	5	41	{"coin_queued_offered": [42], "coin_queued_offered_any": [42]}	ON THE BOARD	{}	{}	no	no	yes
8	k3	6	141	23100060141	state	57	7	56	{"coin_queued_offered": [57], "coin_queued_offered_any": [57]}	ON THE BOARD	{}	{}	no	no	yes
8	k3	6	142	23100060142	lookahead	112	15	112	{}	LOOKAHEAD ONLY, both halves hold	{"cut": null, "free": false, "queued": 1, "tick": 112}	{"built": null, "tick": 112}	no	no	yes
8	k3	6	143	23100060143	state	45	6	44	{"coin_queued_offered": [45], "coin_queued_offered_any": [45]}	ON THE BOARD	{}	{}	no	no	yes
8	k3	6	144	23100060144	lookahead	70	9	70	{}	LOOKAHEAD ONLY, both halves hold	{"cut": null, "free": false, "queued": 1, "tick": 70}	{"built": null, "tick": 70}	yes	yes	yes
8	k3	6	145	23100060145	lookahead	86	12	86	{}	LOOKAHEAD ONLY, both halves hold	{"cut": null, "free": false, "queued": 1, "tick": 86}	{"built": null, "tick": 86}	no	no	yes
8	k3	6	146	23100060146	state	90	14	89	{"coin_queued_offered": [90], "coin_queued_offered_any": [90]}	ON THE BOARD	{}	{}	no	no	yes
8	k3	6	147	23100060147	lookahead	84	12	84	{}	LOOKAHEAD ONLY, both halves hold	{"cut": null, "free": false, "queued": 1, "tick": 84}	{"built": null, "tick": 84}	no	no	yes
8	k3	6	149	23100060149	lookahead	68	10	68	{}	LOOKAHEAD ONLY, both halves hold	{"cut": null, "free": false, "queued": 1, "tick": 68}	{"built": null, "tick": 68}	no	no	yes
8	k3	6	150	23100060150	state	69	8	68	{"coin_queued_offered": [69], "coin_queued_offered_any": [69]}	ON THE BOARD	{}	{}	no	no	yes
8	k3	6	153	23100060153	state	55	7	54	{"coin_queued_offered": [55], "coin_queued_offered_any": [55]}	ON THE BOARD	{}	{}	no	no	yes
8	k3	6	154	23100060154	lookahead	58	9	58	{}	LOOKAHEAD ONLY, both halves hold	{"cut": null, "free": false, "queued": 2, "tick": 58}	{"built": null, "tick": 58}	yes	yes	yes
8	k3	6	156	23100060156	state	69	10	68	{"coin_queued_offered": [69], "coin_queued_offered_any": [69]}	ON THE BOARD	{}	{}	no	no	yes
8	k3	6	158	23100060158	state	57	7	56	{"coin_queued_offered": [57], "coin_queued_offered_any": [57]}	ON THE BOARD	{}	{}	no	no	yes
8	k3	6	160	23100060160	state	51	6	50	{"coin_queued_offered": [51], "coin_queued_offered_any": [51]}	ON THE BOARD	{}	{}	no	no	yes
8	k3	6	163	23100060163	state	58	8	57	{"coin_queued_offered": [58], "coin_queued_offered_any": [58]}	ON THE BOARD	{}	{}	no	no	yes
8	k3	6	164	23100060164	lookahead	124	17	124	{}	LOOKAHEAD ONLY, both halves hold	{"cut": null, "free": false, "queued": 1, "tick": 124}	{"built": null, "tick": 124}	no	no	yes
8	k3	6	166	23100060166	state	52	7	51	{"coin_queued_offered": [52], "coin_queued_offered_any": [52]}	ON THE BOARD	{}	{}	no	no	yes
8	k3	6	167	23100060167	lookahead	98	16	98	{}	LOOKAHEAD ONLY, both halves hold	{"cut": null, "free": false, "queued": 1, "tick": 98}	{"built": null, "tick": 98}	no	no	yes
8	k3	6	168	23100060168	lookahead	76	11	76	{}	LOOKAHEAD ONLY, both halves hold	{"cut": null, "free": false, "queued": 1, "tick": 76}	{"built": null, "tick": 76}	no	no	yes
8	k3	6	169	23100060169	state	51	7	50	{"coin_queued_offered": [51], "coin_queued_offered_any": [51]}	ON THE BOARD	{}	{}	no	no	yes
8	k3	6	170	23100060170	state	43	5	42	{"coin_queued_offered": [43], "coin_queued_offered_any": [43]}	ON THE BOARD	{}	{}	no	no	yes
8	k3	6	180	23100060180	state	46	5	45	{"coin_queued_offered": [46], "coin_queued_offered_any": [46]}	ON THE BOARD	{}	{}	no	no	yes
8	k3	6	181	23100060181	state	46	7	45	{"coin_queued_offered": [46], "coin_queued_offered_any": [46]}	ON THE BOARD	{}	{}	no	no	yes
8	k3	6	185	23100060185	state	58	8	57	{"coin_queued_offered": [58], "coin_queued_offered_any": [58]}	ON THE BOARD	{}	{}	no	no	yes
8	k3	6	186	23100060186	state	72	9	71	{"coin_queued_offered": [72], "coin_queued_offered_any": [72]}	ON THE BOARD	{}	{}	no	no	yes
8	k3	6	188	23100060188	state	70	10	69	{"coin_queued_offered": [70], "coin_queued_offered_any": [70]}	ON THE BOARD	{}	{}	no	no	yes
8	k3	6	189	23100060189	state	59	7	58	{"coin_queued_offered": [59], "coin_queued_offered_any": [59]}	ON THE BOARD	{}	{}	no	no	yes
8	k3	6	191	23100060191	state	60	7	59	{"coin_queued_offered": [60], "coin_queued_offered_any": [60]}	ON THE BOARD	{}	{}	no	no	yes
8	k3	6	192	23100060192	lookahead	100	14	100	{}	LOOKAHEAD ONLY, both halves hold	{"cut": null, "free": false, "queued": 1, "tick": 100}	{"built": null, "tick": 100}	no	no	yes
8	k3	6	193	23100060193	state	56	8	55	{"coin_queued_offered": [56], "coin_queued_offered_any": [56]}	ON THE BOARD	{}	{}	no	no	yes
8	k3	6	195	23100060195	lookahead	69	9	69	{}	LOOKAHEAD ONLY, both halves hold	{"cut": null, "free": false, "queued": 1, "tick": 69}	{"built": null, "tick": 69}	no	no	yes
8	k3	6	202	23100060202	lookahead	62	9	62	{}	LOOKAHEAD ONLY, both halves hold	{"cut": null, "free": false, "queued": 1, "tick": 62}	{"built": null, "tick": 62}	no	no	yes
8	k3	6	203	23100060203	lookahead	96	13	96	{}	LOOKAHEAD ONLY, both halves hold	{"cut": null, "free": false, "queued": 2, "tick": 96}	{"built": null, "tick": 96}	yes	yes	yes
8	k3	6	204	23100060204	state	51	7	50	{"coin_queued_offered": [51], "coin_queued_offered_any": [51]}	ON THE BOARD	{}	{}	no	no	yes
8	k3	6	206	23100060206	lookahead	41	7	41	{}	LOOKAHEAD ONLY, both halves hold	{"cut": null, "free": false, "queued": 2, "tick": 41}	{"built": null, "tick": 41}	no	no	yes
8	k3	6	207	23100060207	state	63	8	62	{"coin_queued_offered": [63], "coin_queued_offered_any": [63]}	ON THE BOARD	{}	{}	no	no	yes
8	k3	6	209	23100060209	state	69	8	68	{"coin_queued_offered": [69], "coin_queued_offered_any": [69]}	ON THE BOARD	{}	{}	no	no	yes
8	k3	6	211	23100060211	lookahead	72	10	72	{}	LOOKAHEAD ONLY, both halves hold	{"cut": null, "free": false, "queued": 1, "tick": 72}	{"built": null, "tick": 72}	no	no	yes
8	k3	6	215	23100060215	lookahead	66	11	66	{}	LOOKAHEAD ONLY, both halves hold	{"cut": null, "free": false, "queued": 2, "tick": 66}	{"built": null, "tick": 66}	yes	yes	yes
8	k3	6	216	23100060216	lookahead	78	11	78	{}	LOOKAHEAD ONLY, both halves hold	{"cut": null, "free": false, "queued": 1, "tick": 78}	{"built": null, "tick": 78}	yes	yes	yes
8	k3	6	217	23100060217	state	66	10	65	{"coin_queued_offered": [66], "coin_queued_offered_any": [66]}	ON THE BOARD	{}	{}	no	no	yes
8	k3	6	219	23100060219	lookahead	54	8	54	{}	LOOKAHEAD ONLY, both halves hold	{"cut": null, "free": false, "queued": 2, "tick": 54}	{"built": null, "tick": 54}	yes	yes	yes
8	k3	6	223	23100060223	state	47	6	46	{"coin_queued_offered": [47], "coin_queued_offered_any": [47]}	ON THE BOARD	{}	{}	no	no	yes
8	k3	6	226	23100060226	state	64	8	63	{"coin_queued_offered": [64], "coin_queued_offered_any": [64]}	ON THE BOARD	{}	{}	no	no	yes
8	k3	6	227	23100060227	state	51	6	50	{"coin_queued_offered": [51], "coin_queued_offered_any": [51]}	ON THE BOARD	{}	{}	no	no	yes
8	k3	6	230	23100060230	state	34	4	33	{"coin_queued_offered": [34], "coin_queued_offered_any": [34]}	ON THE BOARD	{}	{}	no	no	yes
8	k3	6	231	23100060231	state	52	7	51	{"coin_queued_offered": [52], "coin_queued_offered_any": [52]}	ON THE BOARD	{}	{}	no	no	yes
8	k3	6	234	23100060234	state	49	7	48	{"coin_queued_offered": [49], "coin_queued_offered_any": [49]}	ON THE BOARD	{}	{}	no	no	yes
8	k3	6	235	23100060235	lookahead	78	11	78	{}	LOOKAHEAD ONLY, both halves hold	{"cut": null, "free": false, "queued": 2, "tick": 78}	{"built": null, "tick": 78}	no	no	yes
8	k3	6	236	23100060236	state	76	11	75	{"coin_queued_offered": [76], "coin_queued_offered_any": [76]}	ON THE BOARD	{}	{}	no	no	yes
8	k3	6	238	23100060238	state	63	9	62	{"coin_queued_offered": [63], "coin_queued_offered_any": [63]}	ON THE BOARD	{}	{}	no	no	yes
8	k3	6	241	23100060241	lookahead	65	10	65	{}	LOOKAHEAD ONLY, both halves hold	{"cut": null, "free": false, "queued": 1, "tick": 65}	{"built": null, "tick": 65}	no	no	yes
8	k3	6	243	23100060243	state	48	8	47	{"coin_queued_offered": [48], "coin_queued_offered_any": [48]}	ON THE BOARD	{}	{}	no	no	yes
8	k3	6	245	23100060245	state	46	6	45	{"coin_queued_offered": [46], "coin_queued_offered_any": [46]}	ON THE BOARD	{}	{}	no	no	yes
8	k3	6	246	23100060246	state	64	9	63	{"coin_queued_offered": [64], "coin_queued_offered_any": [64]}	ON THE BOARD	{}	{}	no	no	yes
8	k3	6	247	23100060247	state	48	6	47	{"coin_queued_offered": [48], "coin_queued_offered_any": [48]}	ON THE BOARD	{}	{}	no	no	yes
8	k3	6	249	23100060249	state	94	12	93	{"coin_queued_offered": [94], "coin_queued_offered_any": [94]}	ON THE BOARD	{}	{}	no	no	yes
8	k3	9	1	23100090001	state	73	10	72	{"coin_queued_offered": [73], "coin_queued_offered_any": [73]}	ON THE BOARD	{}	{}	no	no	yes
8	k3	9	3	23100090003	state	20	3	19	{"coin_queued_offered": [20], "coin_queued_offered_any": [20]}	ON THE BOARD	{}	{}	no	no	yes
8	k3	9	7	23100090007	state	94	13	93	{"coin_queued_offered": [94], "coin_queued_offered_any": [94]}	ON THE BOARD	{}	{}	no	no	yes
8	k3	9	9	23100090009	state	33	4	32	{"coin_queued_offered": [33], "coin_queued_offered_any": [33]}	ON THE BOARD	{}	{}	no	no	yes
8	k3	9	11	23100090011	state	14	2	13	{"coin_queued_offered": [14], "coin_queued_offered_any": [14]}	ON THE BOARD	{}	{}	no	no	yes
8	k3	9	13	23100090013	state	24	3	23	{"coin_queued_offered": [24], "coin_queued_offered_any": [24]}	ON THE BOARD	{}	{}	no	no	yes
8	k3	9	15	23100090015	state	14	2	13	{"coin_queued_offered": [14], "coin_queued_offered_any": [14]}	ON THE BOARD	{}	{}	no	no	yes
8	k3	9	16	23100090016	state	34	5	33	{"coin_queued_offered": [34], "coin_queued_offered_any": [34]}	ON THE BOARD	{}	{}	no	no	yes
8	k3	9	22	23100090022	state	24	3	23	{"coin_queued_offered": [24], "coin_queued_offered_any": [24]}	ON THE BOARD	{}	{}	no	no	yes
8	k3	9	24	23100090024	state	55	9	54	{"coin_queued_offered": [55], "coin_queued_offered_any": [55]}	ON THE BOARD	{}	{}	no	no	yes
8	k3	9	27	23100090027	lookahead	21	3	21	{}	LOOKAHEAD ONLY, both halves hold	{"cut": null, "free": true, "queued": 2, "tick": 21}	{"built": null, "tick": 21}	no	no	yes
8	k3	9	31	23100090031	lookahead	49	7	49	{}	LOOKAHEAD ONLY, both halves hold	{"cut": null, "free": false, "queued": 1, "tick": 49}	{"built": null, "tick": 49}	no	no	yes
8	k3	9	32	23100090032	state	46	6	45	{"coin_queued_offered": [46], "coin_queued_offered_any": [46]}	ON THE BOARD	{}	{}	no	no	yes
8	k3	9	33	23100090033	state	18	3	17	{"coin_queued_offered": [18], "coin_queued_offered_any": [18]}	ON THE BOARD	{}	{}	no	no	yes
8	k3	9	34	23100090034	lookahead	97	14	97	{}	LOOKAHEAD ONLY, both halves hold	{"cut": null, "free": true, "queued": 3, "tick": 97}	{"built": null, "tick": 97}	no	no	yes
8	k3	9	38	23100090038	state	57	9	56	{"coin_queued_offered": [57], "coin_queued_offered_any": [57]}	ON THE BOARD	{}	{}	no	no	yes
8	k3	9	46	23100090046	state	16	2	15	{"coin_queued_offered": [16], "coin_queued_offered_any": [16]}	ON THE BOARD	{}	{}	no	no	yes
8	k3	9	51	23100090051	state	18	2	17	{"coin_queued_offered": [18], "coin_queued_offered_any": [18]}	ON THE BOARD	{}	{}	no	no	yes
8	k3	9	52	23100090052	state	46	7	45	{"coin_queued_offered": [46], "coin_queued_offered_any": [46]}	ON THE BOARD	{}	{}	no	no	yes
8	k3	9	53	23100090053	lookahead	87	12	87	{}	LOOKAHEAD ONLY, both halves hold	{"cut": null, "free": true, "queued": 3, "tick": 87}	{"built": null, "tick": 87}	no	no	yes
8	k3	9	57	23100090057	state	22	3	21	{"coin_queued_offered": [22], "coin_queued_offered_any": [22]}	ON THE BOARD	{}	{}	no	no	yes
8	k3	9	60	23100090060	lookahead	106	17	106	{}	LOOKAHEAD ONLY, both halves hold	{"cut": null, "free": true, "queued": 3, "tick": 106}	{"built": null, "tick": 106}	no	no	yes
8	k3	9	65	23100090065	state	113	15	112	{"coin_queued_offered": [113], "coin_queued_offered_any": [113]}	ON THE BOARD	{}	{}	no	no	yes
8	k3	9	66	23100090066	lookahead	10	2	10	{}	LOOKAHEAD ONLY, both halves hold	{"cut": null, "free": true, "queued": 2, "tick": 10}	{"built": null, "tick": 10}	no	no	yes
8	k3	9	67	23100090067	lookahead	10	2	10	{}	LOOKAHEAD ONLY, both halves hold	{"cut": null, "free": true, "queued": 2, "tick": 10}	{"built": null, "tick": 10}	no	no	yes
8	k3	9	70	23100090070	state	112	15	111	{"coin_queued_offered": [112], "coin_queued_offered_any": [112]}	ON THE BOARD	{}	{}	no	no	yes
8	k3	9	71	23100090071	state	34	4	33	{"coin_queued_offered": [34], "coin_queued_offered_any": [34]}	ON THE BOARD	{}	{}	no	no	yes
8	k3	9	72	23100090072	lookahead	42	6	42	{}	LOOKAHEAD ONLY, both halves hold	{"cut": null, "free": false, "queued": 2, "tick": 42}	{"built": null, "tick": 42}	yes	yes	yes
8	k3	9	75	23100090075	lookahead	37	5	37	{}	LOOKAHEAD ONLY, both halves hold	{"cut": null, "free": true, "queued": 1, "tick": 37}	{"built": null, "tick": 37}	no	no	yes
8	k3	9	76	23100090076	state	40	5	39	{"coin_queued_offered": [40], "coin_queued_offered_any": [40]}	ON THE BOARD	{}	{}	no	no	yes
8	k3	9	81	23100090081	state	21	3	20	{"coin_queued_offered": [21], "coin_queued_offered_any": [21]}	ON THE BOARD	{}	{}	no	no	yes
8	k3	9	86	23100090086	lookahead	29	4	29	{}	LOOKAHEAD ONLY, both halves hold	{"cut": null, "free": true, "queued": 2, "tick": 29}	{"built": null, "tick": 29}	no	no	yes
8	k3	9	87	23100090087	state	87	11	86	{"coin_queued_offered": [87], "coin_queued_offered_any": [87]}	ON THE BOARD	{}	{}	no	no	yes
8	k3	9	90	23100090090	state	20	2	19	{"coin_queued_offered": [20], "coin_queued_offered_any": [20]}	ON THE BOARD	{}	{}	no	no	yes
8	k3	9	93	23100090093	lookahead	41	5	41	{}	LOOKAHEAD ONLY, both halves hold	{"cut": null, "free": false, "queued": 2, "tick": 41}	{"built": null, "tick": 41}	no	no	yes
8	k3	9	96	23100090096	lookahead	10	2	10	{}	LOOKAHEAD ONLY, both halves hold	{"cut": null, "free": true, "queued": 1, "tick": 10}	{"built": null, "tick": 10}	no	no	yes
8	k3	9	97	23100090097	lookahead	10	2	10	{}	LOOKAHEAD ONLY, both halves hold	{"cut": null, "free": true, "queued": 2, "tick": 10}	{"built": null, "tick": 10}	no	no	yes
8	k3	9	98	23100090098	lookahead	29	4	29	{}	LOOKAHEAD ONLY, both halves hold	{"cut": null, "free": true, "queued": 2, "tick": 29}	{"built": null, "tick": 29}	no	no	yes
8	k3	9	99	23100090099	state	17	3	16	{"coin_queued_offered": [17], "coin_queued_offered_any": [17]}	ON THE BOARD	{}	{}	no	no	yes
8	k3	9	103	23100090103	state	17	2	16	{"coin_queued_offered": [17], "coin_queued_offered_any": [17]}	ON THE BOARD	{}	{}	no	no	yes
8	k3	9	104	23100090104	state	22	3	21	{"coin_queued_offered": [22], "coin_queued_offered_any": [22]}	ON THE BOARD	{}	{}	no	no	yes
8	k3	9	105	23100090105	state	40	5	39	{"coin_queued_offered": [40], "coin_queued_offered_any": [40]}	ON THE BOARD	{}	{}	no	no	yes
8	k3	9	110	23100090110	lookahead	43	6	43	{}	LOOKAHEAD ONLY, both halves hold	{"cut": null, "free": false, "queued": 1, "tick": 43}	{"built": null, "tick": 43}	no	no	yes
8	k3	9	113	23100090113	lookahead	13	2	13	{}	LOOKAHEAD ONLY, both halves hold	{"cut": null, "free": true, "queued": 3, "tick": 13}	{"built": null, "tick": 13}	no	no	yes
8	k3	9	116	23100090116	state	24	3	23	{"coin_queued_offered": [24], "coin_queued_offered_any": [24]}	ON THE BOARD	{}	{}	no	no	yes
8	k3	9	117	23100090117	lookahead	22	4	22	{}	LOOKAHEAD ONLY, both halves hold	{"cut": null, "free": true, "queued": 2, "tick": 22}	{"built": null, "tick": 22}	no	no	yes
8	k3	9	120	23100090120	lookahead	47	6	47	{}	LOOKAHEAD ONLY, both halves hold	{"cut": null, "free": true, "queued": 2, "tick": 47}	{"built": null, "tick": 47}	no	no	yes
8	k3	9	123	23100090123	state	34	4	33	{"coin_queued_offered": [34], "coin_queued_offered_any": [34]}	ON THE BOARD	{}	{}	no	no	yes
8	k3	9	125	23100090125	state	16	2	15	{"coin_queued_offered": [16], "coin_queued_offered_any": [16]}	ON THE BOARD	{}	{}	no	no	yes
8	k3	9	128	23100090128	state	18	3	17	{"coin_queued_offered": [18], "coin_queued_offered_any": [18]}	ON THE BOARD	{}	{}	no	no	yes
8	k3	9	129	23100090129	lookahead	11	2	11	{}	LOOKAHEAD ONLY, both halves hold	{"cut": null, "free": true, "queued": 2, "tick": 11}	{"built": null, "tick": 11}	no	no	yes
8	k3	9	130	23100090130	state	75	10	74	{"coin_queued_offered": [75], "coin_queued_offered_any": [75]}	ON THE BOARD	{}	{}	no	no	yes
8	k3	9	133	23100090133	state	17	2	16	{"coin_queued_offered": [17], "coin_queued_offered_any": [17]}	ON THE BOARD	{}	{}	no	no	yes
8	k3	9	140	23100090140	state	61	8	60	{"coin_queued_offered": [61], "coin_queued_offered_any": [61]}	ON THE BOARD	{}	{}	no	no	yes
8	k3	9	142	23100090142	lookahead	92	13	92	{}	LOOKAHEAD ONLY, both halves hold	{"cut": null, "free": true, "queued": 3, "tick": 92}	{"built": null, "tick": 92}	no	no	yes
8	k3	9	145	23100090145	state	57	8	56	{"coin_queued_offered": [57], "coin_queued_offered_any": [57]}	ON THE BOARD	{}	{}	no	no	yes
8	k3	9	148	23100090148	state	20	3	19	{"coin_queued_offered": [20], "coin_queued_offered_any": [20]}	ON THE BOARD	{}	{}	no	no	yes
8	k3	9	154	23100090154	state	62	9	61	{"coin_queued_offered": [62], "coin_queued_offered_any": [62]}	ON THE BOARD	{}	{}	no	no	yes
8	k3	9	156	23100090156	lookahead	115	16	115	{}	LOOKAHEAD ONLY, both halves hold	{"cut": null, "free": true, "queued": 3, "tick": 115}	{"built": null, "tick": 115}	no	no	yes
8	k3	9	158	23100090158	state	16	2	15	{"coin_queued_offered": [16], "coin_queued_offered_any": [16]}	ON THE BOARD	{}	{}	no	no	yes
8	k3	9	163	23100090163	state	19	2	18	{"coin_queued_offered": [19], "coin_queued_offered_any": [19]}	ON THE BOARD	{}	{}	no	no	yes
8	k3	9	164	23100090164	state	13	2	12	{"coin_queued_offered": [13], "coin_queued_offered_any": [13]}	ON THE BOARD	{}	{}	no	no	yes
8	k3	9	171	23100090171	state	15	2	14	{"coin_queued_offered": [15], "coin_queued_offered_any": [15]}	ON THE BOARD	{}	{}	no	no	yes
8	k3	9	172	23100090172	lookahead	13	2	13	{}	LOOKAHEAD ONLY, both halves hold	{"cut": null, "free": true, "queued": 2, "tick": 13}	{"built": null, "tick": 13}	no	no	yes
8	k3	9	173	23100090173	state	18	2	17	{"coin_queued_offered": [18], "coin_queued_offered_any": [18]}	ON THE BOARD	{}	{}	no	no	yes
8	k3	9	179	23100090179	state	73	10	72	{"coin_queued_offered": [73], "coin_queued_offered_any": [73]}	ON THE BOARD	{}	{}	no	no	yes
8	k3	9	182	23100090182	lookahead	11	2	11	{}	LOOKAHEAD ONLY, both halves hold	{"cut": null, "free": true, "queued": 2, "tick": 11}	{"built": null, "tick": 11}	yes	yes	yes
8	k3	9	183	23100090183	state	46	7	45	{"coin_queued_offered": [46], "coin_queued_offered_any": [46]}	ON THE BOARD	{}	{}	no	no	yes
8	k3	9	185	23100090185	lookahead	11	2	11	{}	LOOKAHEAD ONLY, both halves hold	{"cut": null, "free": true, "queued": 2, "tick": 11}	{"built": null, "tick": 11}	no	no	yes
8	k3	9	193	23100090193	state	52	8	51	{"coin_queued_offered": [52], "coin_queued_offered_any": [52]}	ON THE BOARD	{}	{}	no	no	yes
8	k3	9	195	23100090195	lookahead	12	2	12	{}	LOOKAHEAD ONLY, both halves hold	{"cut": null, "free": true, "queued": 2, "tick": 12}	{"built": null, "tick": 12}	no	no	yes
8	k3	9	197	23100090197	lookahead	12	2	12	{}	LOOKAHEAD ONLY, both halves hold	{"cut": null, "free": true, "queued": 2, "tick": 12}	{"built": null, "tick": 12}	yes	yes	yes
8	k3	9	198	23100090198	lookahead	37	5	37	{}	LOOKAHEAD ONLY, both halves hold	{"cut": null, "free": false, "queued": 1, "tick": 37}	{"built": null, "tick": 37}	no	no	yes
8	k3	9	199	23100090199	lookahead	66	10	66	{}	LOOKAHEAD ONLY, both halves hold	{"cut": null, "free": false, "queued": 2, "tick": 66}	{"built": null, "tick": 66}	yes	yes	yes
8	k3	9	201	23100090201	state	52	6	51	{"coin_queued_offered": [52], "coin_queued_offered_any": [52]}	ON THE BOARD	{}	{}	no	no	yes
8	k3	9	202	23100090202	state	16	2	15	{"coin_queued_offered": [16], "coin_queued_offered_any": [16]}	ON THE BOARD	{}	{}	no	no	yes
8	k3	9	210	23100090210	state	48	6	47	{"coin_queued_offered": [48], "coin_queued_offered_any": [48]}	ON THE BOARD	{}	{}	no	no	yes
8	k3	9	211	23100090211	lookahead	10	2	10	{}	LOOKAHEAD ONLY, both halves hold	{"cut": null, "free": true, "queued": 2, "tick": 10}	{"built": null, "tick": 10}	no	no	yes
8	k3	9	212	23100090212	lookahead	75	10	75	{}	LOOKAHEAD ONLY, both halves hold	{"cut": null, "free": true, "queued": 2, "tick": 75}	{"built": null, "tick": 75}	no	no	yes
8	k3	9	219	23100090219	state	19	2	18	{"coin_queued_offered": [19], "coin_queued_offered_any": [19]}	ON THE BOARD	{}	{}	no	no	yes
8	k3	9	221	23100090221	lookahead	42	7	42	{}	LOOKAHEAD ONLY, both halves hold	{"cut": null, "free": true, "queued": 2, "tick": 42}	{"built": null, "tick": 42}	no	no	yes
8	k3	9	224	23100090224	lookahead	38	5	38	{}	LOOKAHEAD ONLY, both halves hold	{"cut": null, "free": true, "queued": 1, "tick": 38}	{"built": null, "tick": 38}	yes	yes	yes
8	k3	9	226	23100090226	state	42	7	41	{"coin_queued_offered": [42], "coin_queued_offered_any": [42]}	ON THE BOARD	{}	{}	no	no	yes
8	k3	9	229	23100090229	state	22	3	21	{"coin_queued_offered": [22], "coin_queued_offered_any": [22]}	ON THE BOARD	{}	{}	no	no	yes
8	k3	9	232	23100090232	state	26	3	25	{"coin_queued_offered": [26], "coin_queued_offered_any": [26]}	ON THE BOARD	{}	{}	no	no	yes
8	k3	9	242	23100090242	state	13	2	12	{"coin_queued_offered": [13], "coin_queued_offered_any": [13]}	ON THE BOARD	{}	{}	no	no	yes
8	k3	9	243	23100090243	state	18	2	17	{"coin_queued_offered": [18], "coin_queued_offered_any": [18]}	ON THE BOARD	{}	{}	no	no	yes
8	k3	9	245	23100090245	lookahead	15	2	15	{}	LOOKAHEAD ONLY, both halves hold	{"cut": null, "free": true, "queued": 2, "tick": 15}	{"built": null, "tick": 15}	no	no	yes
8	k3	9	246	23100090246	lookahead	70	11	70	{}	LOOKAHEAD ONLY, both halves hold	{"cut": null, "free": false, "queued": 1, "tick": 70}	{"built": null, "tick": 70}	no	no	yes
8	k3	9	247	23100090247	state	87	12	86	{"coin_queued_offered": [87], "coin_queued_offered_any": [87]}	ON THE BOARD	{}	{}	no	no	yes
8	k3	9	248	23100090248	state	15	2	14	{"coin_queued_offered": [15], "coin_queued_offered_any": [15]}	ON THE BOARD	{}	{}	no	no	yes
8	k3	9	249	23100090249	state	58	8	57	{"coin_queued_offered": [58], "coin_queued_offered_any": [58]}	ON THE BOARD	{}	{}	no	no	yes
8	k3	11	0	23100110000	state	23	2	22	{"coin_queued_offered": [23], "coin_queued_offered_any": [23]}	ON THE BOARD	{}	{}	no	no	yes
8	k3	11	2	23100110002	state	73	9	72	{"coin_queued_offered": [73], "coin_queued_offered_any": [73]}	ON THE BOARD	{}	{}	no	no	yes
8	k3	11	3	23100110003	state	38	4	37	{"coin_queued_offered": [38], "coin_queued_offered_any": [38]}	ON THE BOARD	{}	{}	no	no	yes
8	k3	11	15	23100110015	state	51	7	50	{"coin_queued_offered": [51], "coin_queued_offered_any": [51]}	ON THE BOARD	{}	{}	no	no	yes
8	k3	11	20	23100110020	state	89	12	88	{"coin_queued_offered": [89], "coin_queued_offered_any": [89]}	ON THE BOARD	{}	{}	no	no	yes
8	k3	11	24	23100110024	state	30	4	29	{"coin_queued_offered": [30], "coin_queued_offered_any": [30]}	ON THE BOARD	{}	{}	no	no	yes
8	k3	11	27	23100110027	state	20	2	19	{"coin_queued_offered": [20], "coin_queued_offered_any": [20]}	ON THE BOARD	{}	{}	no	no	yes
8	k3	11	30	23100110030	lookahead	10	2	10	{}	LOOKAHEAD ONLY, both halves hold	{"cut": null, "free": true, "queued": 2, "tick": 10}	{"built": null, "tick": 10}	no	no	yes
8	k3	11	32	23100110032	state	47	5	46	{"coin_queued_offered": [47], "coin_queued_offered_any": [47]}	ON THE BOARD	{}	{}	no	no	yes
8	k3	11	34	23100110034	state	24	3	23	{"coin_queued_offered": [24], "coin_queued_offered_any": [24]}	ON THE BOARD	{}	{}	no	no	yes
8	k3	11	35	23100110035	state	34	4	33	{"coin_queued_offered": [34], "coin_queued_offered_any": [34]}	ON THE BOARD	{}	{}	no	no	yes
8	k3	11	41	23100110041	state	48	6	47	{"coin_queued_offered": [48], "coin_queued_offered_any": [48]}	ON THE BOARD	{}	{}	no	no	yes
8	k3	11	42	23100110042	state	19	2	18	{"coin_queued_offered": [19], "coin_queued_offered_any": [19]}	ON THE BOARD	{}	{}	no	no	yes
8	k3	11	48	23100110048	state	25	3	24	{"coin_queued_offered": [25], "coin_queued_offered_any": [25]}	ON THE BOARD	{}	{}	no	no	yes
8	k3	11	51	23100110051	state	15	2	14	{"coin_queued_offered": [15], "coin_queued_offered_any": [15]}	ON THE BOARD	{}	{}	no	no	yes
8	k3	11	52	23100110052	state	30	4	29	{"coin_queued_offered": [30], "coin_queued_offered_any": [30]}	ON THE BOARD	{}	{}	no	no	yes
8	k3	11	57	23100110057	state	42	5	41	{"coin_queued_offered": [42], "coin_queued_offered_any": [42]}	ON THE BOARD	{}	{}	no	no	yes
8	k3	11	58	23100110058	lookahead	33	3	33	{}	LOOKAHEAD ONLY, both halves hold	{"cut": null, "free": true, "queued": 2, "tick": 33}	{"built": null, "tick": 33}	yes	yes	yes
8	k3	11	61	23100110061	lookahead	48	6	48	{}	LOOKAHEAD ONLY, both halves hold	{"cut": null, "free": false, "queued": 2, "tick": 48}	{"built": null, "tick": 48}	no	no	yes
8	k3	11	63	23100110063	state	39	5	38	{"coin_queued_offered": [39], "coin_queued_offered_any": [39]}	ON THE BOARD	{}	{}	no	no	yes
8	k3	11	64	23100110064	state	83	11	82	{"coin_queued_offered": [83], "coin_queued_offered_any": [83]}	ON THE BOARD	{}	{}	no	no	yes
8	k3	11	70	23100110070	state	31	4	30	{"coin_queued_offered": [31], "coin_queued_offered_any": [31]}	ON THE BOARD	{}	{}	no	no	yes
8	k3	11	73	23100110073	state	22	3	21	{"coin_queued_offered": [22], "coin_queued_offered_any": [22]}	ON THE BOARD	{}	{}	no	no	yes
8	k3	11	75	23100110075	lookahead	35	4	35	{}	LOOKAHEAD ONLY, both halves hold	{"cut": null, "free": true, "queued": 1, "tick": 35}	{"built": null, "tick": 35}	no	no	yes
8	k3	11	77	23100110077	lookahead	76	11	76	{}	LOOKAHEAD ONLY, both halves hold	{"cut": null, "free": true, "queued": 3, "tick": 76}	{"built": null, "tick": 76}	no	no	yes
8	k3	11	83	23100110083	state	49	8	48	{"coin_queued_offered": [49], "coin_queued_offered_any": [49]}	ON THE BOARD	{}	{}	no	no	yes
8	k3	11	85	23100110085	state	27	4	26	{"coin_queued_offered": [27], "coin_queued_offered_any": [27]}	ON THE BOARD	{}	{}	no	no	yes
8	k3	11	87	23100110087	state	22	2	21	{"coin_queued_offered": [22], "coin_queued_offered_any": [22]}	ON THE BOARD	{}	{}	no	no	yes
8	k3	11	88	23100110088	state	17	2	16	{"coin_queued_offered": [17], "coin_queued_offered_any": [17]}	ON THE BOARD	{}	{}	no	no	yes
8	k3	11	89	23100110089	state	39	5	38	{"coin_queued_offered": [39], "coin_queued_offered_any": [39]}	ON THE BOARD	{}	{}	no	no	yes
8	k3	11	91	23100110091	lookahead	9	2	9	{}	LOOKAHEAD ONLY, both halves hold	{"cut": null, "free": true, "queued": 2, "tick": 9}	{"built": null, "tick": 9}	no	no	yes
8	k3	11	93	23100110093	lookahead	43	6	43	{}	LOOKAHEAD ONLY, both halves hold	{"cut": null, "free": false, "queued": 2, "tick": 43}	{"built": null, "tick": 43}	no	no	yes
8	k3	11	94	23100110094	lookahead	10	2	10	{}	LOOKAHEAD ONLY, both halves hold	{"cut": null, "free": true, "queued": 2, "tick": 10}	{"built": null, "tick": 10}	no	no	yes
8	k3	11	96	23100110096	state	22	3	21	{"coin_queued_offered": [22], "coin_queued_offered_any": [22]}	ON THE BOARD	{}	{}	no	no	yes
8	k3	11	98	23100110098	state	18	2	17	{"coin_queued_offered": [18], "coin_queued_offered_any": [18]}	ON THE BOARD	{}	{}	no	no	yes
8	k3	11	99	23100110099	state	52	7	51	{"coin_queued_offered": [52], "coin_queued_offered_any": [52]}	ON THE BOARD	{}	{}	no	no	yes
8	k3	11	101	23100110101	state	20	2	19	{"coin_queued_offered": [20], "coin_queued_offered_any": [20]}	ON THE BOARD	{}	{}	no	no	yes
8	k3	11	110	23100110110	state	44	6	43	{"coin_queued_offered": [44], "coin_queued_offered_any": [44]}	ON THE BOARD	{}	{}	no	no	yes
8	k3	11	111	23100110111	lookahead	25	4	25	{}	LOOKAHEAD ONLY, both halves hold	{"cut": null, "free": true, "queued": 1, "tick": 25}	{"built": null, "tick": 25}	no	no	yes
8	k3	11	114	23100110114	state	17	2	16	{"coin_queued_offered": [17], "coin_queued_offered_any": [17]}	ON THE BOARD	{}	{}	no	no	yes
8	k3	11	116	23100110116	lookahead	18	3	18	{}	LOOKAHEAD ONLY, both halves hold	{"cut": null, "free": true, "queued": 3, "tick": 18}	{"built": null, "tick": 18}	no	no	yes
8	k3	11	117	23100110117	lookahead	17	3	17	{}	LOOKAHEAD ONLY, both halves hold	{"cut": null, "free": true, "queued": 2, "tick": 17}	{"built": null, "tick": 17}	no	no	yes
8	k3	11	118	23100110118	state	25	3	24	{"coin_queued_offered": [25], "coin_queued_offered_any": [25]}	ON THE BOARD	{}	{}	no	no	yes
8	k3	11	120	23100110120	state	26	3	25	{"coin_queued_offered": [26], "coin_queued_offered_any": [26]}	ON THE BOARD	{}	{}	no	no	yes
8	k3	11	121	23100110121	state	38	5	37	{"coin_queued_offered": [38], "coin_queued_offered_any": [38]}	ON THE BOARD	{}	{}	no	no	yes
8	k3	11	122	23100110122	state	17	2	16	{"coin_queued_offered": [17], "coin_queued_offered_any": [17]}	ON THE BOARD	{}	{}	no	no	yes
8	k3	11	123	23100110123	state	86	11	85	{"coin_queued_offered": [86], "coin_queued_offered_any": [86]}	ON THE BOARD	{}	{}	no	no	yes
8	k3	11	133	23100110133	lookahead	19	3	19	{}	LOOKAHEAD ONLY, both halves hold	{"cut": null, "free": true, "queued": 2, "tick": 19}	{"built": null, "tick": 19}	no	no	yes
8	k3	11	135	23100110135	state	19	2	18	{"coin_queued_offered": [19], "coin_queued_offered_any": [19]}	ON THE BOARD	{}	{}	no	no	yes
8	k3	11	136	23100110136	state	23	3	22	{"coin_queued_offered": [23], "coin_queued_offered_any": [23]}	ON THE BOARD	{}	{}	no	no	yes
8	k3	11	145	23100110145	state	16	2	15	{"coin_queued_offered": [16], "coin_queued_offered_any": [16]}	ON THE BOARD	{}	{}	no	no	yes
8	k3	11	150	23100110150	state	18	2	17	{"coin_queued_offered": [18], "coin_queued_offered_any": [18]}	ON THE BOARD	{}	{}	no	no	yes
8	k3	11	151	23100110151	state	22	3	21	{"coin_queued_offered": [22], "coin_queued_offered_any": [22]}	ON THE BOARD	{}	{}	no	no	yes
8	k3	11	154	23100110154	state	34	4	33	{"coin_queued_offered": [34], "coin_queued_offered_any": [34]}	ON THE BOARD	{}	{}	no	no	yes
8	k3	11	155	23100110155	state	18	3	17	{"coin_queued_offered": [18], "coin_queued_offered_any": [18]}	ON THE BOARD	{}	{}	no	no	yes
8	k3	11	157	23100110157	state	12	2	11	{"coin_queued_offered": [12], "coin_queued_offered_any": [12]}	ON THE BOARD	{}	{}	no	no	yes
8	k3	11	159	23100110159	state	34	5	33	{"coin_queued_offered": [34], "coin_queued_offered_any": [34]}	ON THE BOARD	{}	{}	no	no	yes
8	k3	11	160	23100110160	state	19	2	18	{"coin_queued_offered": [19], "coin_queued_offered_any": [19]}	ON THE BOARD	{}	{}	no	no	yes
8	k3	11	164	23100110164	state	26	3	25	{"coin_queued_offered": [26], "coin_queued_offered_any": [26]}	ON THE BOARD	{}	{}	no	no	yes
8	k3	11	165	23100110165	lookahead	57	7	57	{}	LOOKAHEAD ONLY, both halves hold	{"cut": null, "free": false, "queued": 1, "tick": 57}	{"built": null, "tick": 57}	yes	yes	yes
8	k3	11	167	23100110167	lookahead	28	4	28	{}	LOOKAHEAD ONLY, both halves hold	{"cut": null, "free": true, "queued": 2, "tick": 28}	{"built": null, "tick": 28}	no	no	yes
8	k3	11	169	23100110169	state	12	2	11	{"coin_queued_offered": [12], "coin_queued_offered_any": [12]}	ON THE BOARD	{}	{}	no	no	yes
8	k3	11	171	23100110171	lookahead	19	3	19	{}	LOOKAHEAD ONLY, both halves hold	{"cut": null, "free": true, "queued": 2, "tick": 19}	{"built": null, "tick": 19}	yes	yes	yes
8	k3	11	173	23100110173	lookahead	23	3	23	{}	LOOKAHEAD ONLY, both halves hold	{"cut": null, "free": true, "queued": 2, "tick": 23}	{"built": null, "tick": 23}	yes	yes	yes
8	k3	11	178	23100110178	state	71	9	70	{"coin_queued_offered": [71], "coin_queued_offered_any": [71]}	ON THE BOARD	{}	{}	no	no	yes
8	k3	11	182	23100110182	lookahead	96	15	96	{}	LOOKAHEAD ONLY, both halves hold	{"cut": null, "free": true, "queued": 1, "tick": 96}	{"built": null, "tick": 96}	yes	yes	yes
8	k3	11	184	23100110184	state	49	5	48	{"coin_queued_offered": [49], "coin_queued_offered_any": [49]}	ON THE BOARD	{}	{}	no	no	yes
8	k3	11	187	23100110187	state	33	4	32	{"coin_queued_offered": [33], "coin_queued_offered_any": [33]}	ON THE BOARD	{}	{}	no	no	yes
8	k3	11	189	23100110189	state	31	4	30	{"coin_queued_offered": [31], "coin_queued_offered_any": [31]}	ON THE BOARD	{}	{}	no	no	yes
8	k3	11	190	23100110190	lookahead	57	7	57	{}	LOOKAHEAD ONLY, both halves hold	{"cut": null, "free": false, "queued": 1, "tick": 57}	{"built": null, "tick": 57}	no	no	yes
8	k3	11	192	23100110192	state	30	4	29	{"coin_queued_offered": [30], "coin_queued_offered_any": [30]}	ON THE BOARD	{}	{}	no	no	yes
8	k3	11	193	23100110193	state	19	2	18	{"coin_queued_offered": [19], "coin_queued_offered_any": [19]}	ON THE BOARD	{}	{}	no	no	yes
8	k3	11	197	23100110197	state	26	3	25	{"coin_queued_offered": [26], "coin_queued_offered_any": [26]}	ON THE BOARD	{}	{}	no	no	yes
8	k3	11	198	23100110198	state	17	2	16	{"coin_queued_offered": [17], "coin_queued_offered_any": [17]}	ON THE BOARD	{}	{}	no	no	yes
8	k3	11	200	23100110200	lookahead	40	7	40	{}	LOOKAHEAD ONLY, both halves hold	{"cut": null, "free": false, "queued": 2, "tick": 40}	{"built": null, "tick": 40}	no	no	yes
8	k3	11	201	23100110201	state	13	2	12	{"coin_queued_offered": [13], "coin_queued_offered_any": [13]}	ON THE BOARD	{}	{}	no	no	yes
8	k3	11	204	23100110204	state	26	3	25	{"coin_queued_offered": [26], "coin_queued_offered_any": [26]}	ON THE BOARD	{}	{}	no	no	yes
8	k3	11	207	23100110207	lookahead	36	5	36	{}	LOOKAHEAD ONLY, both halves hold	{"cut": null, "free": true, "queued": 3, "tick": 36}	{"built": null, "tick": 36}	no	no	yes
8	k3	11	210	23100110210	state	15	2	14	{"coin_queued_offered": [15], "coin_queued_offered_any": [15]}	ON THE BOARD	{}	{}	no	no	yes
8	k3	11	211	23100110211	lookahead	12	2	12	{}	LOOKAHEAD ONLY, both halves hold	{"cut": null, "free": true, "queued": 2, "tick": 12}	{"built": null, "tick": 12}	no	no	yes
8	k3	11	212	23100110212	state	24	3	23	{"coin_queued_offered": [24], "coin_queued_offered_any": [24]}	ON THE BOARD	{}	{}	no	no	yes
8	k3	11	214	23100110214	lookahead	12	2	12	{}	LOOKAHEAD ONLY, both halves hold	{"cut": null, "free": true, "queued": 2, "tick": 12}	{"built": null, "tick": 12}	no	no	yes
8	k3	11	215	23100110215	state	15	2	14	{"coin_queued_offered": [15], "coin_queued_offered_any": [15]}	ON THE BOARD	{}	{}	no	no	yes
8	k3	11	216	23100110216	state	45	7	44	{"coin_queued_offered": [45], "coin_queued_offered_any": [45]}	ON THE BOARD	{}	{}	no	no	yes
8	k3	11	218	23100110218	state	41	5	40	{"coin_queued_offered": [41], "coin_queued_offered_any": [41]}	ON THE BOARD	{}	{}	no	no	yes
8	k3	11	221	23100110221	state	17	2	16	{"coin_queued_offered": [17], "coin_queued_offered_any": [17]}	ON THE BOARD	{}	{}	no	no	yes
8	k3	11	222	23100110222	state	21	2	20	{"coin_queued_offered": [21], "coin_queued_offered_any": [21]}	ON THE BOARD	{}	{}	no	no	yes
8	k3	11	224	23100110224	state	17	2	16	{"coin_queued_offered": [17], "coin_queued_offered_any": [17]}	ON THE BOARD	{}	{}	no	no	yes
8	k3	11	227	23100110227	state	28	4	27	{"coin_queued_offered": [28], "coin_queued_offered_any": [28]}	ON THE BOARD	{}	{}	no	no	yes
8	k3	11	228	23100110228	lookahead	11	2	11	{}	LOOKAHEAD ONLY, both halves hold	{"cut": null, "free": true, "queued": 3, "tick": 11}	{"built": null, "tick": 11}	no	no	yes
8	k3	11	230	23100110230	state	17	2	16	{"coin_queued_offered": [17], "coin_queued_offered_any": [17]}	ON THE BOARD	{}	{}	no	no	yes
8	k3	11	231	23100110231	state	37	5	36	{"coin_queued_offered": [37], "coin_queued_offered_any": [37]}	ON THE BOARD	{}	{}	no	no	yes
8	k3	11	232	23100110232	lookahead	10	2	10	{}	LOOKAHEAD ONLY, both halves hold	{"cut": null, "free": true, "queued": 2, "tick": 10}	{"built": null, "tick": 10}	no	no	yes
8	k3	11	235	23100110235	state	32	5	31	{"coin_queued_offered": [32], "coin_queued_offered_any": [32]}	ON THE BOARD	{}	{}	no	no	yes
8	k3	11	238	23100110238	state	44	5	43	{"coin_queued_offered": [44], "coin_queued_offered_any": [44]}	ON THE BOARD	{}	{}	no	no	yes
8	k3	11	240	23100110240	state	20	3	19	{"coin_queued_offered": [20], "coin_queued_offered_any": [20]}	ON THE BOARD	{}	{}	no	no	yes
8	k3	11	241	23100110241	state	25	3	24	{"coin_queued_offered": [25], "coin_queued_offered_any": [25]}	ON THE BOARD	{}	{}	no	no	yes
8	k3	11	243	23100110243	state	16	2	15	{"coin_queued_offered": [16], "coin_queued_offered_any": [16]}	ON THE BOARD	{}	{}	no	no	yes
8	k3	11	246	23100110246	state	27	4	26	{"coin_queued_offered": [27], "coin_queued_offered_any": [27]}	ON THE BOARD	{}	{}	no	no	yes
8	k3	11	248	23100110248	lookahead	20	3	20	{}	LOOKAHEAD ONLY, both halves hold	{"cut": null, "free": true, "queued": 2, "tick": 20}	{"built": null, "tick": 20}	yes	yes	yes
8	k3	12	1	23100120001	state	41	5	40	{"coin_queued_offered": [41], "coin_queued_offered_any": [41]}	ON THE BOARD	{}	{}	no	no	yes
8	k3	12	3	23100120003	state	30	4	29	{"coin_queued_offered": [30], "coin_queued_offered_any": [30]}	ON THE BOARD	{}	{}	no	no	yes
8	k3	12	4	23100120004	lookahead	38	6	38	{}	LOOKAHEAD ONLY, both halves hold	{"cut": null, "free": false, "queued": 1, "tick": 38}	{"built": null, "tick": 38}	yes	yes	yes
8	k3	12	6	23100120006	state	32	4	31	{"coin_queued_offered": [32], "coin_queued_offered_any": [32]}	ON THE BOARD	{}	{}	no	no	yes
8	k3	12	7	23100120007	lookahead	74	9	74	{}	LOOKAHEAD ONLY, both halves hold	{"cut": null, "free": false, "queued": 2, "tick": 74}	{"built": null, "tick": 74}	yes	yes	yes
8	k3	12	8	23100120008	lookahead	97	14	97	{}	LOOKAHEAD ONLY, both halves hold	{"cut": null, "free": true, "queued": 3, "tick": 97}	{"built": null, "tick": 97}	no	no	yes
8	k3	12	9	23100120009	lookahead	62	8	62	{}	LOOKAHEAD ONLY, both halves hold	{"cut": null, "free": false, "queued": 2, "tick": 62}	{"built": null, "tick": 62}	no	no	yes
8	k3	12	10	23100120010	state	64	8	63	{"coin_queued_offered": [64], "coin_queued_offered_any": [64]}	ON THE BOARD	{}	{}	no	no	yes
8	k3	12	11	23100120011	state	41	5	40	{"coin_queued_offered": [41], "coin_queued_offered_any": [41]}	ON THE BOARD	{}	{}	no	no	yes
8	k3	12	12	23100120012	lookahead	73	10	73	{}	LOOKAHEAD ONLY, both halves hold	{"cut": null, "free": false, "queued": 2, "tick": 73}	{"built": null, "tick": 73}	no	no	yes
8	k3	12	13	23100120013	state	37	4	36	{"coin_queued_offered": [37], "coin_queued_offered_any": [37]}	ON THE BOARD	{}	{}	no	no	yes
8	k3	12	14	23100120014	state	90	11	89	{"coin_queued_offered": [90], "coin_queued_offered_any": [90]}	ON THE BOARD	{}	{}	no	no	yes
8	k3	12	15	23100120015	state	82	12	81	{"coin_queued_offered": [82], "coin_queued_offered_any": [82]}	ON THE BOARD	{}	{}	no	no	yes
8	k3	12	18	23100120018	state	55	6	54	{"coin_queued_offered": [55], "coin_queued_offered_any": [55]}	ON THE BOARD	{}	{}	no	no	yes
8	k3	12	22	23100120022	lookahead	78	10	78	{}	LOOKAHEAD ONLY, both halves hold	{"cut": null, "free": true, "queued": 3, "tick": 78}	{"built": null, "tick": 78}	no	no	yes
8	k3	12	23	23100120023	lookahead	83	10	83	{}	LOOKAHEAD ONLY, both halves hold	{"cut": null, "free": false, "queued": 1, "tick": 83}	{"built": null, "tick": 83}	no	no	yes
8	k3	12	25	23100120025	lookahead	45	6	45	{}	LOOKAHEAD ONLY, both halves hold	{"cut": null, "free": false, "queued": 2, "tick": 45}	{"built": null, "tick": 45}	yes	yes	yes
8	k3	12	27	23100120027	lookahead	82	11	82	{}	LOOKAHEAD ONLY, both halves hold	{"cut": null, "free": true, "queued": 1, "tick": 82}	{"built": null, "tick": 82}	yes	yes	yes
8	k3	12	28	23100120028	lookahead	57	8	57	{}	LOOKAHEAD ONLY, both halves hold	{"cut": null, "free": true, "queued": 3, "tick": 57}	{"built": null, "tick": 57}	no	no	yes
8	k3	12	29	23100120029	lookahead	75	10	75	{}	LOOKAHEAD ONLY, both halves hold	{"cut": null, "free": true, "queued": 3, "tick": 75}	{"built": null, "tick": 75}	no	no	yes
8	k3	12	30	23100120030	lookahead	72	9	72	{}	LOOKAHEAD ONLY, both halves hold	{"cut": null, "free": false, "queued": 2, "tick": 72}	{"built": null, "tick": 72}	yes	yes	yes
8	k3	12	31	23100120031	lookahead	32	5	32	{}	LOOKAHEAD ONLY, both halves hold	{"cut": null, "free": false, "queued": 2, "tick": 32}	{"built": null, "tick": 32}	yes	yes	yes
8	k3	12	32	23100120032	state	39	5	38	{"coin_queued_offered": [39], "coin_queued_offered_any": [39]}	ON THE BOARD	{}	{}	no	no	yes
8	k3	12	33	23100120033	lookahead	61	8	61	{}	LOOKAHEAD ONLY, both halves hold	{"cut": null, "free": true, "queued": 1, "tick": 61}	{"built": null, "tick": 61}	no	no	yes
8	k3	12	35	23100120035	lookahead	73	11	73	{}	LOOKAHEAD ONLY, both halves hold	{"cut": null, "free": false, "queued": 2, "tick": 73}	{"built": null, "tick": 73}	yes	yes	yes
8	k3	12	39	23100120039	state	79	10	78	{"coin_queued_offered": [79], "coin_queued_offered_any": [79]}	ON THE BOARD	{}	{}	no	no	yes
8	k3	12	40	23100120040	lookahead	51	6	51	{}	LOOKAHEAD ONLY, both halves hold	{"cut": null, "free": false, "queued": 2, "tick": 51}	{"built": null, "tick": 51}	no	no	yes
8	k3	12	44	23100120044	lookahead	73	10	73	{}	LOOKAHEAD ONLY, both halves hold	{"cut": null, "free": true, "queued": 3, "tick": 73}	{"built": null, "tick": 73}	no	no	yes
8	k3	12	48	23100120048	state	67	8	66	{"coin_queued_offered": [67], "coin_queued_offered_any": [67]}	ON THE BOARD	{}	{}	no	no	yes
8	k3	12	52	23100120052	lookahead	72	9	72	{}	LOOKAHEAD ONLY, both halves hold	{"cut": null, "free": true, "queued": 3, "tick": 72}	{"built": null, "tick": 72}	no	no	yes
8	k3	12	53	23100120053	state	91	14	90	{"coin_queued_offered": [91], "coin_queued_offered_any": [91]}	ON THE BOARD	{}	{}	no	no	yes
8	k3	12	54	23100120054	state	63	7	62	{"coin_queued_offered": [63], "coin_queued_offered_any": [63]}	ON THE BOARD	{}	{}	no	no	yes
8	k3	12	56	23100120056	lookahead	31	5	31	{}	LOOKAHEAD ONLY, both halves hold	{"cut": null, "free": true, "queued": 2, "tick": 31}	{"built": null, "tick": 31}	no	no	yes
8	k3	12	57	23100120057	lookahead	58	7	58	{}	LOOKAHEAD ONLY, both halves hold	{"cut": null, "free": true, "queued": 2, "tick": 58}	{"built": null, "tick": 58}	yes	yes	yes
8	k3	12	60	23100120060	state	45	5	44	{"coin_queued_offered": [45], "coin_queued_offered_any": [45]}	ON THE BOARD	{}	{}	no	no	yes
8	k3	12	61	23100120061	state	34	5	33	{"coin_queued_offered": [34], "coin_queued_offered_any": [34]}	ON THE BOARD	{}	{}	no	no	yes
8	k3	12	62	23100120062	lookahead	68	9	68	{}	LOOKAHEAD ONLY, both halves hold	{"cut": null, "free": true, "queued": 2, "tick": 68}	{"built": null, "tick": 68}	yes	yes	yes
8	k3	12	63	23100120063	state	62	8	61	{"coin_queued_offered": [62], "coin_queued_offered_any": [62]}	ON THE BOARD	{}	{}	no	no	yes
8	k3	12	64	23100120064	lookahead	37	5	37	{}	LOOKAHEAD ONLY, both halves hold	{"cut": null, "free": true, "queued": 2, "tick": 37}	{"built": null, "tick": 37}	no	no	yes
8	k3	12	66	23100120066	state	59	8	58	{"coin_queued_offered": [59], "coin_queued_offered_any": [59]}	ON THE BOARD	{}	{}	no	no	yes
8	k3	12	67	23100120067	lookahead	105	14	105	{}	LOOKAHEAD ONLY, both halves hold	{"cut": null, "free": true, "queued": 3, "tick": 105}	{"built": null, "tick": 105}	no	no	yes
8	k3	12	69	23100120069	lookahead	29	4	29	{}	LOOKAHEAD ONLY, both halves hold	{"cut": null, "free": true, "queued": 3, "tick": 29}	{"built": null, "tick": 29}	no	no	yes
8	k3	12	71	23100120071	lookahead	72	11	72	{}	LOOKAHEAD ONLY, both halves hold	{"cut": null, "free": true, "queued": 1, "tick": 72}	{"built": null, "tick": 72}	yes	yes	yes
8	k3	12	73	23100120073	lookahead	37	5	37	{}	LOOKAHEAD ONLY, both halves hold	{"cut": null, "free": true, "queued": 2, "tick": 37}	{"built": null, "tick": 37}	no	no	yes
8	k3	12	75	23100120075	state	68	9	67	{"coin_queued_offered": [68], "coin_queued_offered_any": [68]}	ON THE BOARD	{}	{}	no	no	yes
8	k3	12	78	23100120078	lookahead	40	5	40	{}	LOOKAHEAD ONLY, both halves hold	{"cut": null, "free": true, "queued": 2, "tick": 40}	{"built": null, "tick": 40}	yes	yes	yes
8	k3	12	79	23100120079	lookahead	50	6	50	{}	LOOKAHEAD ONLY, both halves hold	{"cut": null, "free": false, "queued": 2, "tick": 50}	{"built": null, "tick": 50}	no	no	yes
8	k3	12	80	23100120080	state	78	10	77	{"coin_queued_offered": [78], "coin_queued_offered_any": [78]}	ON THE BOARD	{}	{}	no	no	yes
8	k3	12	81	23100120081	lookahead	102	14	102	{}	LOOKAHEAD ONLY, both halves hold	{"cut": null, "free": true, "queued": 2, "tick": 102}	{"built": null, "tick": 102}	yes	yes	yes
8	k3	12	82	23100120082	state	93	13	92	{"coin_queued_offered": [93], "coin_queued_offered_any": [93]}	ON THE BOARD	{}	{}	no	no	yes
8	k3	12	83	23100120083	lookahead	73	10	73	{}	LOOKAHEAD ONLY, both halves hold	{"cut": null, "free": true, "queued": 3, "tick": 73}	{"built": null, "tick": 73}	no	no	yes
8	k3	12	84	23100120084	state	90	12	89	{"coin_queued_offered": [90], "coin_queued_offered_any": [90]}	ON THE BOARD	{}	{}	no	no	yes
8	k3	12	85	23100120085	state	50	6	49	{"coin_queued_offered": [50], "coin_queued_offered_any": [50]}	ON THE BOARD	{}	{}	no	no	yes
8	k3	12	86	23100120086	state	35	4	34	{"coin_queued_offered": [35], "coin_queued_offered_any": [35]}	ON THE BOARD	{}	{}	no	no	yes
8	k3	12	87	23100120087	lookahead	38	5	38	{}	LOOKAHEAD ONLY, both halves hold	{"cut": null, "free": false, "queued": 2, "tick": 38}	{"built": null, "tick": 38}	yes	yes	yes
8	k3	12	88	23100120088	state	31	4	30	{"coin_queued_offered": [31], "coin_queued_offered_any": [31]}	ON THE BOARD	{}	{}	no	no	yes
8	k3	12	89	23100120089	lookahead	58	8	58	{}	LOOKAHEAD ONLY, both halves hold	{"cut": null, "free": false, "queued": 2, "tick": 58}	{"built": null, "tick": 58}	no	no	yes
8	k3	12	91	23100120091	state	52	6	51	{"coin_queued_offered": [52], "coin_queued_offered_any": [52]}	ON THE BOARD	{}	{}	no	no	yes
8	k3	12	94	23100120094	state	29	4	28	{"coin_queued_offered": [29], "coin_queued_offered_any": [29]}	ON THE BOARD	{}	{}	no	no	yes
8	k3	12	95	23100120095	state	29	4	28	{"coin_queued_offered": [29], "coin_queued_offered_any": [29]}	ON THE BOARD	{}	{}	no	no	yes
8	k3	12	96	23100120096	lookahead	60	8	60	{}	LOOKAHEAD ONLY, both halves hold	{"cut": null, "free": false, "queued": 2, "tick": 60}	{"built": null, "tick": 60}	yes	yes	yes
8	k3	12	97	23100120097	lookahead	78	11	78	{}	LOOKAHEAD ONLY, both halves hold	{"cut": null, "free": true, "queued": 2, "tick": 78}	{"built": null, "tick": 78}	yes	yes	yes
8	k3	12	98	23100120098	state	78	10	77	{"coin_queued_offered": [78], "coin_queued_offered_any": [78]}	ON THE BOARD	{}	{}	no	no	yes
8	k3	12	99	23100120099	state	39	5	38	{"coin_queued_offered": [39], "coin_queued_offered_any": [39]}	ON THE BOARD	{}	{}	no	no	yes
8	k3	12	100	23100120100	state	33	5	32	{"coin_queued_offered": [33], "coin_queued_offered_any": [33]}	ON THE BOARD	{}	{}	no	no	yes
8	k3	12	102	23100120102	state	37	5	36	{"coin_queued_offered": [37], "coin_queued_offered_any": [37]}	ON THE BOARD	{}	{}	no	no	yes
8	k3	12	103	23100120103	state	91	13	90	{"coin_queued_offered": [91], "coin_queued_offered_any": [91]}	ON THE BOARD	{}	{}	no	no	yes
8	k3	12	104	23100120104	state	33	4	32	{"coin_queued_offered": [33], "coin_queued_offered_any": [33]}	ON THE BOARD	{}	{}	no	no	yes
8	k3	12	106	23100120106	lookahead	64	9	64	{}	LOOKAHEAD ONLY, both halves hold	{"cut": null, "free": true, "queued": 3, "tick": 64}	{"built": null, "tick": 64}	yes	yes	yes
8	k3	12	110	23100120110	lookahead	90	12	90	{}	LOOKAHEAD ONLY, both halves hold	{"cut": null, "free": true, "queued": 2, "tick": 90}	{"built": null, "tick": 90}	yes	yes	yes
8	k3	12	111	23100120111	state	55	7	54	{"coin_queued_offered": [55], "coin_queued_offered_any": [55]}	ON THE BOARD	{}	{}	no	no	yes
8	k3	12	112	23100120112	lookahead	77	13	77	{}	LOOKAHEAD ONLY, both halves hold	{"cut": null, "free": true, "queued": 2, "tick": 77}	{"built": null, "tick": 77}	yes	yes	yes
8	k3	12	114	23100120114	state	71	10	70	{"coin_queued_offered": [71], "coin_queued_offered_any": [71]}	ON THE BOARD	{}	{}	no	no	yes
8	k3	12	115	23100120115	state	50	8	49	{"coin_queued_offered": [50], "coin_queued_offered_any": [50]}	ON THE BOARD	{}	{}	no	no	yes
8	k3	12	118	23100120118	state	32	4	31	{"coin_queued_offered": [32], "coin_queued_offered_any": [32]}	ON THE BOARD	{}	{}	no	no	yes
8	k3	12	120	23100120120	state	81	12	80	{"coin_queued_offered": [81], "coin_queued_offered_any": [81]}	ON THE BOARD	{}	{}	no	no	yes
8	k3	12	123	23100120123	state	98	15	97	{"coin_queued_offered": [98], "coin_queued_offered_any": [98]}	ON THE BOARD	{}	{}	no	no	yes
8	k3	12	127	23100120127	lookahead	73	9	73	{}	LOOKAHEAD ONLY, both halves hold	{"cut": null, "free": true, "queued": 3, "tick": 73}	{"built": null, "tick": 73}	no	no	yes
8	k3	12	128	23100120128	lookahead	82	11	82	{}	LOOKAHEAD ONLY, both halves hold	{"cut": null, "free": false, "queued": 1, "tick": 82}	{"built": null, "tick": 82}	yes	yes	yes
8	k3	12	132	23100120132	state	35	4	34	{"coin_queued_offered": [35], "coin_queued_offered_any": [35]}	ON THE BOARD	{}	{}	no	no	yes
8	k3	12	133	23100120133	state	30	4	29	{"coin_queued_offered": [30], "coin_queued_offered_any": [30]}	ON THE BOARD	{}	{}	no	no	yes
8	k3	12	134	23100120134	state	51	7	50	{"coin_queued_offered": [51], "coin_queued_offered_any": [51]}	ON THE BOARD	{}	{}	no	no	yes
8	k3	12	136	23100120136	state	30	4	29	{"coin_queued_offered": [30], "coin_queued_offered_any": [30]}	ON THE BOARD	{}	{}	no	no	yes
8	k3	12	137	23100120137	lookahead	63	8	63	{}	LOOKAHEAD ONLY, both halves hold	{"cut": null, "free": false, "queued": 2, "tick": 63}	{"built": null, "tick": 63}	yes	yes	yes
8	k3	12	140	23100120140	lookahead	94	13	94	{}	LOOKAHEAD ONLY, both halves hold	{"cut": null, "free": true, "queued": 3, "tick": 94}	{"built": null, "tick": 94}	no	no	yes
8	k3	12	141	23100120141	state	41	5	40	{"coin_queued_offered": [41], "coin_queued_offered_any": [41]}	ON THE BOARD	{}	{}	no	no	yes
8	k3	12	143	23100120143	state	35	4	34	{"coin_queued_offered": [35], "coin_queued_offered_any": [35]}	ON THE BOARD	{}	{}	no	no	yes
8	k3	12	144	23100120144	lookahead	63	9	63	{}	LOOKAHEAD ONLY, both halves hold	{"cut": null, "free": true, "queued": 3, "tick": 63}	{"built": null, "tick": 63}	no	yes	yes
8	k3	12	145	23100120145	lookahead	75	11	75	{}	LOOKAHEAD ONLY, both halves hold	{"cut": null, "free": true, "queued": 1, "tick": 75}	{"built": null, "tick": 75}	yes	yes	yes
8	k3	12	149	23100120149	state	59	8	58	{"coin_queued_offered": [59], "coin_queued_offered_any": [59]}	ON THE BOARD	{}	{}	no	no	yes
8	k3	12	150	23100120150	state	74	9	73	{"coin_queued_offered": [74], "coin_queued_offered_any": [74]}	ON THE BOARD	{}	{}	no	no	yes
8	k3	12	151	23100120151	state	85	11	84	{"coin_queued_offered": [85], "coin_queued_offered_any": [85]}	ON THE BOARD	{}	{}	no	no	yes
8	k3	12	153	23100120153	lookahead	24	4	24	{}	LOOKAHEAD ONLY, both halves hold	{"cut": null, "free": true, "queued": 3, "tick": 24}	{"built": null, "tick": 24}	no	no	yes
8	k3	12	154	23100120154	lookahead	71	9	71	{}	LOOKAHEAD ONLY, both halves hold	{"cut": null, "free": false, "queued": 2, "tick": 71}	{"built": null, "tick": 71}	yes	yes	yes
8	k3	12	157	23100120157	state	31	4	30	{"coin_queued_offered": [31], "coin_queued_offered_any": [31]}	ON THE BOARD	{}	{}	no	no	yes
8	k3	12	158	23100120158	state	76	10	75	{"coin_queued_offered": [76], "coin_queued_offered_any": [76]}	ON THE BOARD	{}	{}	no	no	yes
8	k3	12	164	23100120164	state	37	5	36	{"coin_queued_offered": [37], "coin_queued_offered_any": [37]}	ON THE BOARD	{}	{}	no	no	yes
8	k3	12	165	23100120165	state	90	12	89	{"coin_queued_offered": [90], "coin_queued_offered_any": [90]}	ON THE BOARD	{}	{}	no	no	yes
8	k3	12	167	23100120167	state	86	12	85	{"coin_queued_offered": [86], "coin_queued_offered_any": [86]}	ON THE BOARD	{}	{}	no	no	yes
8	k3	12	168	23100120168	lookahead	99	13	99	{}	LOOKAHEAD ONLY, both halves hold	{"cut": null, "free": false, "queued": 1, "tick": 99}	{"built": null, "tick": 99}	no	no	yes
8	k3	12	169	23100120169	state	65	9	64	{"coin_queued_offered": [65], "coin_queued_offered_any": [65]}	ON THE BOARD	{}	{}	no	no	yes
8	k3	12	170	23100120170	state	96	13	95	{"coin_queued_offered": [96], "coin_queued_offered_any": [96]}	ON THE BOARD	{}	{}	no	no	yes
8	k3	12	171	23100120171	state	52	6	51	{"coin_queued_offered": [52], "coin_queued_offered_any": [52]}	ON THE BOARD	{}	{}	no	no	yes
8	k3	12	174	23100120174	lookahead	78	12	78	{}	LOOKAHEAD ONLY, both halves hold	{"cut": null, "free": false, "queued": 1, "tick": 78}	{"built": null, "tick": 78}	yes	yes	yes
8	k3	12	176	23100120176	lookahead	64	9	64	{}	LOOKAHEAD ONLY, both halves hold	{"cut": null, "free": true, "queued": 3, "tick": 64}	{"built": null, "tick": 64}	no	no	yes
8	k3	12	177	23100120177	lookahead	71	10	71	{}	LOOKAHEAD ONLY, both halves hold	{"cut": null, "free": false, "queued": 2, "tick": 71}	{"built": null, "tick": 71}	yes	yes	yes
8	k3	12	178	23100120178	state	81	11	80	{"coin_queued_offered": [81], "coin_queued_offered_any": [81]}	ON THE BOARD	{}	{}	no	no	yes
8	k3	12	180	23100120180	lookahead	88	11	88	{}	LOOKAHEAD ONLY, both halves hold	{"cut": null, "free": true, "queued": 3, "tick": 88}	{"built": null, "tick": 88}	no	no	yes
8	k3	12	181	23100120181	state	100	15	99	{"coin_queued_offered": [100], "coin_queued_offered_any": [100]}	ON THE BOARD	{}	{}	no	no	yes
8	k3	12	183	23100120183	state	39	6	38	{"coin_queued_offered": [39], "coin_queued_offered_any": [39]}	ON THE BOARD	{}	{}	no	no	yes
8	k3	12	184	23100120184	lookahead	65	8	65	{}	LOOKAHEAD ONLY, both halves hold	{"cut": null, "free": false, "queued": 2, "tick": 65}	{"built": null, "tick": 65}	no	no	yes
8	k3	12	187	23100120187	state	51	7	50	{"coin_queued_offered": [51], "coin_queued_offered_any": [51]}	ON THE BOARD	{}	{}	no	no	yes
8	k3	12	188	23100120188	state	59	8	58	{"coin_queued_offered": [59], "coin_queued_offered_any": [59]}	ON THE BOARD	{}	{}	no	no	yes
8	k3	12	190	23100120190	state	33	4	32	{"coin_queued_offered": [33], "coin_queued_offered_any": [33]}	ON THE BOARD	{}	{}	no	no	yes
8	k3	12	191	23100120191	lookahead	103	15	103	{}	LOOKAHEAD ONLY, both halves hold	{"cut": null, "free": false, "queued": 2, "tick": 103}	{"built": null, "tick": 103}	yes	yes	yes
8	k3	12	193	23100120193	state	70	10	69	{"coin_queued_offered": [70], "coin_queued_offered_any": [70]}	ON THE BOARD	{}	{}	no	no	yes
8	k3	12	194	23100120194	state	34	5	33	{"coin_queued_offered": [34], "coin_queued_offered_any": [34]}	ON THE BOARD	{}	{}	no	no	yes
8	k3	12	196	23100120196	state	29	4	28	{"coin_queued_offered": [29], "coin_queued_offered_any": [29]}	ON THE BOARD	{}	{}	no	no	yes
8	k3	12	200	23100120200	lookahead	47	6	47	{}	LOOKAHEAD ONLY, both halves hold	{"cut": null, "free": false, "queued": 2, "tick": 47}	{"built": null, "tick": 47}	yes	yes	yes
8	k3	12	201	23100120201	state	32	4	31	{"coin_queued_offered": [32], "coin_queued_offered_any": [32]}	ON THE BOARD	{}	{}	no	no	yes
8	k3	12	203	23100120203	state	83	11	82	{"coin_queued_offered": [83], "coin_queued_offered_any": [83]}	ON THE BOARD	{}	{}	no	no	yes
8	k3	12	204	23100120204	lookahead	68	10	68	{}	LOOKAHEAD ONLY, both halves hold	{"cut": null, "free": true, "queued": 3, "tick": 68}	{"built": null, "tick": 68}	no	no	yes
8	k3	12	206	23100120206	lookahead	56	9	56	{}	LOOKAHEAD ONLY, both halves hold	{"cut": null, "free": false, "queued": 2, "tick": 56}	{"built": null, "tick": 56}	yes	yes	yes
8	k3	12	207	23100120207	lookahead	84	12	84	{}	LOOKAHEAD ONLY, both halves hold	{"cut": null, "free": true, "queued": 3, "tick": 84}	{"built": null, "tick": 84}	no	no	yes
8	k3	12	210	23100120210	lookahead	72	11	72	{}	LOOKAHEAD ONLY, both halves hold	{"cut": null, "free": false, "queued": 1, "tick": 72}	{"built": null, "tick": 72}	no	no	yes
8	k3	12	211	23100120211	state	46	6	45	{"coin_queued_offered": [46], "coin_queued_offered_any": [46]}	ON THE BOARD	{}	{}	no	no	yes
8	k3	12	212	23100120212	lookahead	62	8	62	{}	LOOKAHEAD ONLY, both halves hold	{"cut": null, "free": false, "queued": 2, "tick": 62}	{"built": null, "tick": 62}	no	no	yes
8	k3	12	215	23100120215	lookahead	56	9	56	{}	LOOKAHEAD ONLY, both halves hold	{"cut": null, "free": true, "queued": 3, "tick": 56}	{"built": null, "tick": 56}	no	no	yes
8	k3	12	216	23100120216	state	60	8	59	{"coin_queued_offered": [60], "coin_queued_offered_any": [60]}	ON THE BOARD	{}	{}	no	no	yes
8	k3	12	217	23100120217	lookahead	22	4	22	{}	LOOKAHEAD ONLY, both halves hold	{"cut": null, "free": true, "queued": 2, "tick": 22}	{"built": null, "tick": 22}	yes	yes	yes
8	k3	12	218	23100120218	state	34	4	33	{"coin_queued_offered": [34], "coin_queued_offered_any": [34]}	ON THE BOARD	{}	{}	no	no	yes
8	k3	12	219	23100120219	lookahead	63	8	63	{}	LOOKAHEAD ONLY, both halves hold	{"cut": null, "free": false, "queued": 1, "tick": 63}	{"built": null, "tick": 63}	yes	yes	yes
8	k3	12	220	23100120220	state	74	10	73	{"coin_queued_offered": [74], "coin_queued_offered_any": [74]}	ON THE BOARD	{}	{}	no	no	yes
8	k3	12	224	23100120224	state	83	12	82	{"coin_queued_offered": [83], "coin_queued_offered_any": [83]}	ON THE BOARD	{}	{}	no	no	yes
8	k3	12	225	23100120225	lookahead	69	9	69	{}	LOOKAHEAD ONLY, both halves hold	{"cut": null, "free": false, "queued": 2, "tick": 69}	{"built": null, "tick": 69}	yes	yes	yes
8	k3	12	226	23100120226	lookahead	39	5	39	{}	LOOKAHEAD ONLY, both halves hold	{"cut": null, "free": false, "queued": 2, "tick": 39}	{"built": null, "tick": 39}	yes	yes	yes
8	k3	12	229	23100120229	state	34	4	33	{"coin_queued_offered": [34], "coin_queued_offered_any": [34]}	ON THE BOARD	{}	{}	no	no	yes
8	k3	12	230	23100120230	state	32	4	31	{"coin_queued_offered": [32], "coin_queued_offered_any": [32]}	ON THE BOARD	{}	{}	no	no	yes
8	k3	12	233	23100120233	state	112	15	111	{"coin_queued_offered": [112], "coin_queued_offered_any": [112]}	ON THE BOARD	{}	{}	no	no	yes
8	k3	12	235	23100120235	lookahead	81	12	81	{}	LOOKAHEAD ONLY, both halves hold	{"cut": null, "free": false, "queued": 2, "tick": 81}	{"built": null, "tick": 81}	no	no	yes
8	k3	12	236	23100120236	lookahead	46	6	46	{}	LOOKAHEAD ONLY, both halves hold	{"cut": null, "free": true, "queued": 2, "tick": 46}	{"built": null, "tick": 46}	yes	yes	yes
8	k3	12	242	23100120242	lookahead	46	6	46	{}	LOOKAHEAD ONLY, both halves hold	{"cut": null, "free": true, "queued": 3, "tick": 46}	{"built": null, "tick": 46}	yes	yes	yes
8	k3	12	247	23100120247	state	36	5	35	{"coin_queued_offered": [36], "coin_queued_offered_any": [36]}	ON THE BOARD	{}	{}	no	no	yes
8	k3	12	248	23100120248	state	105	15	104	{"coin_queued_offered": [105], "coin_queued_offered_any": [105]}	ON THE BOARD	{}	{}	no	no	yes
8	k3	13	3	23100130003	state	149	21	148	{"coin_queued_offered": [149], "coin_queued_offered_any": [149]}	ON THE BOARD	{}	{}	no	no	yes
8	k3	13	7	23100130007	lookahead	88	13	88	{}	LOOKAHEAD ONLY, both halves hold	{"cut": null, "free": true, "queued": 1, "tick": 88}	{"built": null, "tick": 88}	no	no	yes
8	k3	13	15	23100130015	state	94	14	93	{"coin_queued_offered": [94], "coin_queued_offered_any": [94]}	ON THE BOARD	{}	{}	no	no	yes
8	k3	13	18	23100130018	state	39	5	38	{"coin_queued_offered": [39], "coin_queued_offered_any": [39]}	ON THE BOARD	{}	{}	no	no	yes
8	k3	13	19	23100130019	state	97	14	96	{"coin_queued_offered": [97], "coin_queued_offered_any": [97]}	ON THE BOARD	{}	{}	no	no	yes
8	k3	13	22	23100130022	state	145	22	144	{"coin_queued_offered": [145], "coin_queued_offered_any": [145]}	ON THE BOARD	{}	{}	no	no	yes
8	k3	13	23	23100130023	lookahead	171	25	171	{}	LOOKAHEAD ONLY, both halves hold	{"cut": null, "free": true, "queued": 2, "tick": 171}	{"built": null, "tick": 171}	yes	yes	yes
8	k3	13	28	23100130028	lookahead	168	26	168	{}	LOOKAHEAD ONLY, both halves hold	{"cut": null, "free": true, "queued": 2, "tick": 168}	{"built": null, "tick": 168}	yes	yes	yes
8	k3	13	31	23100130031	state	43	6	42	{"coin_queued_offered": [43], "coin_queued_offered_any": [43]}	ON THE BOARD	{}	{}	no	no	yes
8	k3	13	33	23100130033	lookahead	162	24	162	{}	LOOKAHEAD ONLY, both halves hold	{"cut": null, "free": true, "queued": 3, "tick": 162}	{"built": null, "tick": 162}	no	no	yes
8	k3	13	34	23100130034	state	108	14	107	{"coin_queued_offered": [108], "coin_queued_offered_any": [108]}	ON THE BOARD	{}	{}	no	no	yes
8	k3	13	36	23100130036	lookahead	118	18	118	{}	LOOKAHEAD ONLY, both halves hold	{"cut": null, "free": true, "queued": 3, "tick": 118}	{"built": null, "tick": 118}	no	no	yes
8	k3	13	41	23100130041	state	88	12	87	{"coin_queued_offered": [88], "coin_queued_offered_any": [88]}	ON THE BOARD	{}	{}	no	no	yes
8	k3	13	44	23100130044	state	100	13	99	{"coin_queued_offered": [100], "coin_queued_offered_any": [100]}	ON THE BOARD	{}	{}	no	no	yes
8	k3	13	46	23100130046	lookahead	104	14	104	{}	LOOKAHEAD ONLY, both halves hold	{"cut": null, "free": true, "queued": 3, "tick": 104}	{"built": null, "tick": 104}	no	no	yes
8	k3	13	50	23100130050	state	73	10	72	{"coin_queued_offered": [73], "coin_queued_offered_any": [73]}	ON THE BOARD	{}	{}	no	no	yes
8	k3	13	53	23100130053	state	66	8	65	{"coin_queued_offered": [66], "coin_queued_offered_any": [66]}	ON THE BOARD	{}	{}	no	no	yes
8	k3	13	57	23100130057	lookahead	127	18	127	{}	LOOKAHEAD ONLY, both halves hold	{"cut": null, "free": true, "queued": 2, "tick": 127}	{"built": null, "tick": 127}	yes	yes	yes
8	k3	13	61	23100130061	state	125	17	124	{"coin_queued_offered": [125], "coin_queued_offered_any": [125]}	ON THE BOARD	{}	{}	no	no	yes
8	k3	13	66	23100130066	lookahead	33	5	33	{}	LOOKAHEAD ONLY, both halves hold	{"cut": null, "free": true, "queued": 3, "tick": 33}	{"built": null, "tick": 33}	no	no	yes
8	k3	13	78	23100130078	state	157	24	156	{"coin_queued_offered": [157], "coin_queued_offered_any": [157]}	ON THE BOARD	{}	{}	no	no	yes
8	k3	13	80	23100130080	lookahead	72	12	72	{}	LOOKAHEAD ONLY, both halves hold	{"cut": null, "free": true, "queued": 2, "tick": 72}	{"built": null, "tick": 72}	yes	yes	yes
8	k3	13	94	23100130094	state	80	10	79	{"coin_queued_offered": [80], "coin_queued_offered_any": [80]}	ON THE BOARD	{}	{}	no	no	yes
8	k3	13	95	23100130095	state	68	10	67	{"coin_queued_offered": [68], "coin_queued_offered_any": [68]}	ON THE BOARD	{}	{}	no	no	yes
8	k3	13	96	23100130096	state	41	5	40	{"coin_queued_offered": [41], "coin_queued_offered_any": [41]}	ON THE BOARD	{}	{}	no	no	yes
8	k3	13	101	23100130101	state	156	22	155	{"coin_queued_offered": [156], "coin_queued_offered_any": [156]}	ON THE BOARD	{}	{}	no	no	yes
8	k3	13	103	23100130103	state	149	20	148	{"coin_queued_offered": [149], "coin_queued_offered_any": [149]}	ON THE BOARD	{}	{}	no	no	yes
8	k3	13	105	23100130105	lookahead	144	21	144	{}	LOOKAHEAD ONLY, both halves hold	{"cut": null, "free": true, "queued": 2, "tick": 144}	{"built": null, "tick": 144}	yes	yes	yes
8	k3	13	111	23100130111	lookahead	55	8	55	{}	LOOKAHEAD ONLY, both halves hold	{"cut": null, "free": true, "queued": 2, "tick": 55}	{"built": null, "tick": 55}	no	no	yes
8	k3	13	113	23100130113	lookahead	116	16	116	{}	LOOKAHEAD ONLY, both halves hold	{"cut": null, "free": true, "queued": 3, "tick": 116}	{"built": null, "tick": 116}	no	no	yes
8	k3	13	124	23100130124	lookahead	137	22	137	{}	LOOKAHEAD ONLY, both halves hold	{"cut": null, "free": true, "queued": 2, "tick": 137}	{"built": null, "tick": 137}	yes	yes	yes
8	k3	13	125	23100130125	state	82	10	81	{"coin_queued_offered": [82], "coin_queued_offered_any": [82]}	ON THE BOARD	{}	{}	no	no	yes
8	k3	13	137	23100130137	state	63	8	62	{"coin_queued_offered": [63], "coin_queued_offered_any": [63]}	ON THE BOARD	{}	{}	no	no	yes
8	k3	13	138	23100130138	lookahead	101	13	101	{}	LOOKAHEAD ONLY, both halves hold	{"cut": null, "free": true, "queued": 2, "tick": 101}	{"built": null, "tick": 101}	yes	yes	yes
8	k3	13	144	23100130144	state	38	5	37	{"coin_queued_offered": [38], "coin_queued_offered_any": [38]}	ON THE BOARD	{}	{}	no	no	yes
8	k3	13	145	23100130145	state	38	4	37	{"coin_queued_offered": [38], "coin_queued_offered_any": [38]}	ON THE BOARD	{}	{}	no	no	yes
8	k3	13	149	23100130149	state	154	21	153	{"coin_queued_offered": [154], "coin_queued_offered_any": [154]}	ON THE BOARD	{}	{}	no	no	yes
8	k3	13	156	23100130156	state	34	6	33	{"coin_queued_offered": [34], "coin_queued_offered_any": [34]}	ON THE BOARD	{}	{}	no	no	yes
8	k3	13	161	23100130161	lookahead	128	19	128	{}	LOOKAHEAD ONLY, both halves hold	{"cut": null, "free": true, "queued": 3, "tick": 128}	{"built": null, "tick": 128}	no	no	yes
8	k3	13	165	23100130165	state	69	10	68	{"coin_queued_offered": [69], "coin_queued_offered_any": [69]}	ON THE BOARD	{}	{}	no	no	yes
8	k3	13	169	23100130169	lookahead	112	16	112	{}	LOOKAHEAD ONLY, both halves hold	{"cut": null, "free": true, "queued": 3, "tick": 112}	{"built": null, "tick": 112}	no	no	yes
8	k3	13	172	23100130172	lookahead	121	18	121	{}	LOOKAHEAD ONLY, both halves hold	{"cut": null, "free": true, "queued": 3, "tick": 121}	{"built": null, "tick": 121}	no	no	yes
8	k3	13	176	23100130176	lookahead	42	8	42	{}	LOOKAHEAD ONLY, both halves hold	{"cut": null, "free": true, "queued": 2, "tick": 42}	{"built": null, "tick": 42}	no	no	yes
8	k3	13	178	23100130178	state	95	12	94	{"coin_queued_offered": [95], "coin_queued_offered_any": [95]}	ON THE BOARD	{}	{}	no	no	yes
8	k3	13	189	23100130189	lookahead	93	14	93	{}	LOOKAHEAD ONLY, both halves hold	{"cut": null, "free": true, "queued": 3, "tick": 93}	{"built": null, "tick": 93}	no	no	yes
8	k3	13	198	23100130198	state	143	20	142	{"coin_queued_offered": [143], "coin_queued_offered_any": [143]}	ON THE BOARD	{}	{}	no	no	yes
8	k3	13	205	23100130205	state	64	9	63	{"coin_queued_offered": [64], "coin_queued_offered_any": [64]}	ON THE BOARD	{}	{}	no	no	yes
8	k3	13	228	23100130228	lookahead	138	20	138	{}	LOOKAHEAD ONLY, both halves hold	{"cut": null, "free": true, "queued": 1, "tick": 138}	{"built": null, "tick": 138}	yes	yes	yes
8	k3	13	229	23100130229	state	90	13	89	{"coin_queued_offered": [90], "coin_queued_offered_any": [90]}	ON THE BOARD	{}	{}	no	no	yes
8	k3	13	238	23100130238	state	167	24	166	{"coin_queued_offered": [167], "coin_queued_offered_any": [167]}	ON THE BOARD	{}	{}	no	no	yes
8	k3	13	242	23100130242	state	90	11	89	{"coin_queued_offered": [90], "coin_queued_offered_any": [90]}	ON THE BOARD	{}	{}	no	no	yes
8	k3	13	246	23100130246	state	156	21	155	{"coin_queued_offered": [156], "coin_queued_offered_any": [156]}	ON THE BOARD	{}	{}	no	no	yes
8	k3	13	248	23100130248	lookahead	145	23	145	{}	LOOKAHEAD ONLY, both halves hold	{"cut": null, "free": true, "queued": 3, "tick": 145}	{"built": null, "tick": 145}	no	no	yes
8	k3	14	1	23100140001	state	97	12	96	{"coin_queued_offered": [97], "coin_queued_offered_any": [97]}	ON THE BOARD	{}	{}	no	no	yes
8	k3	14	3	23100140003	lookahead	72	10	72	{}	LOOKAHEAD ONLY, both halves hold	{"cut": null, "free": false, "queued": 1, "tick": 72}	{"built": null, "tick": 72}	no	no	yes
8	k3	14	4	23100140004	state	90	12	89	{"coin_queued_offered": [90], "coin_queued_offered_any": [90]}	ON THE BOARD	{}	{}	no	no	yes
8	k3	14	5	23100140005	lookahead	78	11	78	{}	LOOKAHEAD ONLY, both halves hold	{"cut": null, "free": false, "queued": 2, "tick": 78}	{"built": null, "tick": 78}	no	no	yes
8	k3	14	6	23100140006	state	109	16	108	{"coin_queued_offered": [109], "coin_queued_offered_any": [109]}	ON THE BOARD	{}	{}	no	no	yes
8	k3	14	8	23100140008	lookahead	51	8	51	{}	LOOKAHEAD ONLY, both halves hold	{"cut": null, "free": false, "queued": 1, "tick": 51}	{"built": null, "tick": 51}	no	no	yes
8	k3	14	9	23100140009	state	27	4	26	{"coin_queued_offered": [27], "coin_queued_offered_any": [27]}	ON THE BOARD	{}	{}	no	no	yes
8	k3	14	10	23100140010	state	50	6	49	{"coin_queued_offered": [50], "coin_queued_offered_any": [50]}	ON THE BOARD	{}	{}	no	no	yes
8	k3	14	11	23100140011	state	38	5	37	{"coin_queued_offered": [38], "coin_queued_offered_any": [38]}	ON THE BOARD	{}	{}	no	no	yes
8	k3	14	12	23100140012	lookahead	59	8	59	{}	LOOKAHEAD ONLY, both halves hold	{"cut": null, "free": false, "queued": 1, "tick": 59}	{"built": null, "tick": 59}	no	no	yes
8	k3	14	13	23100140013	state	55	7	54	{"coin_queued_offered": [55], "coin_queued_offered_any": [55]}	ON THE BOARD	{}	{}	no	no	yes
8	k3	14	14	23100140014	state	62	7	61	{"coin_queued_offered": [62], "coin_queued_offered_any": [62]}	ON THE BOARD	{}	{}	no	no	yes
8	k3	14	16	23100140016	state	90	11	89	{"coin_queued_offered": [90], "coin_queued_offered_any": [90]}	ON THE BOARD	{}	{}	no	no	yes
8	k3	14	17	23100140017	state	66	9	65	{"coin_queued_offered": [66], "coin_queued_offered_any": [66]}	ON THE BOARD	{}	{}	no	no	yes
8	k3	14	18	23100140018	state	66	9	65	{"coin_queued_offered": [66], "coin_queued_offered_any": [66]}	ON THE BOARD	{}	{}	no	no	yes
8	k3	14	19	23100140019	state	55	7	54	{"coin_queued_offered": [55], "coin_queued_offered_any": [55]}	ON THE BOARD	{}	{}	no	no	yes
8	k3	14	20	23100140020	lookahead	63	10	63	{}	LOOKAHEAD ONLY, both halves hold	{"cut": null, "free": false, "queued": 2, "tick": 63}	{"built": null, "tick": 63}	no	no	yes
8	k3	14	21	23100140021	state	53	7	52	{"coin_queued_offered": [53], "coin_queued_offered_any": [53]}	ON THE BOARD	{}	{}	no	no	yes
8	k3	14	22	23100140022	lookahead	78	11	78	{}	LOOKAHEAD ONLY, both halves hold	{"cut": null, "free": false, "queued": 1, "tick": 78}	{"built": null, "tick": 78}	no	no	yes
8	k3	14	23	23100140023	lookahead	85	13	85	{}	LOOKAHEAD ONLY, both halves hold	{"cut": null, "free": false, "queued": 2, "tick": 85}	{"built": null, "tick": 85}	no	no	yes
8	k3	14	24	23100140024	state	59	8	58	{"coin_queued_offered": [59], "coin_queued_offered_any": [59]}	ON THE BOARD	{}	{}	no	no	yes
8	k3	14	25	23100140025	state	58	7	57	{"coin_queued_offered": [58], "coin_queued_offered_any": [58]}	ON THE BOARD	{}	{}	no	no	yes
8	k3	14	26	23100140026	state	46	6	45	{"coin_queued_offered": [46], "coin_queued_offered_any": [46]}	ON THE BOARD	{}	{}	no	no	yes
8	k3	14	27	23100140027	state	65	10	64	{"coin_queued_offered": [65], "coin_queued_offered_any": [65]}	ON THE BOARD	{}	{}	no	no	yes
8	k3	14	28	23100140028	lookahead	49	8	49	{}	LOOKAHEAD ONLY, both halves hold	{"cut": null, "free": false, "queued": 1, "tick": 49}	{"built": null, "tick": 49}	no	no	yes
8	k3	14	29	23100140029	state	87	12	86	{"coin_queued_offered": [87], "coin_queued_offered_any": [87]}	ON THE BOARD	{}	{}	no	no	yes
8	k3	14	30	23100140030	lookahead	58	8	58	{}	LOOKAHEAD ONLY, both halves hold	{"cut": null, "free": false, "queued": 1, "tick": 58}	{"built": null, "tick": 58}	no	no	yes
8	k3	14	31	23100140031	lookahead	86	13	86	{}	LOOKAHEAD ONLY, both halves hold	{"cut": null, "free": false, "queued": 2, "tick": 86}	{"built": null, "tick": 86}	yes	yes	yes
8	k3	14	32	23100140032	state	61	9	60	{"coin_queued_offered": [61], "coin_queued_offered_any": [61]}	ON THE BOARD	{}	{}	no	no	yes
8	k3	14	34	23100140034	state	94	14	93	{"coin_queued_offered": [94], "coin_queued_offered_any": [94]}	ON THE BOARD	{}	{}	no	no	yes
8	k3	14	35	23100140035	state	47	6	46	{"coin_queued_offered": [47], "coin_queued_offered_any": [47]}	ON THE BOARD	{}	{}	no	no	yes
8	k3	14	36	23100140036	lookahead	88	12	88	{}	LOOKAHEAD ONLY, both halves hold	{"cut": null, "free": false, "queued": 2, "tick": 88}	{"built": null, "tick": 88}	yes	yes	yes
8	k3	14	37	23100140037	state	86	12	85	{"coin_queued_offered": [86], "coin_queued_offered_any": [86]}	ON THE BOARD	{}	{}	no	no	yes
8	k3	14	38	23100140038	lookahead	107	13	107	{}	LOOKAHEAD ONLY, both halves hold	{"cut": null, "free": false, "queued": 1, "tick": 107}	{"built": null, "tick": 107}	no	no	yes
8	k3	14	39	23100140039	state	78	11	77	{"coin_queued_offered": [78], "coin_queued_offered_any": [78]}	ON THE BOARD	{}	{}	no	no	yes
8	k3	14	41	23100140041	state	42	5	41	{"coin_queued_offered": [42], "coin_queued_offered_any": [42]}	ON THE BOARD	{}	{}	no	no	yes
8	k3	14	43	23100140043	lookahead	100	14	100	{}	LOOKAHEAD ONLY, both halves hold	{"cut": null, "free": false, "queued": 1, "tick": 100}	{"built": null, "tick": 100}	no	no	yes
8	k3	14	44	23100140044	state	61	9	60	{"coin_queued_offered": [61], "coin_queued_offered_any": [61]}	ON THE BOARD	{}	{}	no	no	yes
8	k3	14	45	23100140045	lookahead	97	13	97	{}	LOOKAHEAD ONLY, both halves hold	{"cut": null, "free": false, "queued": 2, "tick": 97}	{"built": null, "tick": 97}	no	no	yes
8	k3	14	46	23100140046	lookahead	57	8	57	{}	LOOKAHEAD ONLY, both halves hold	{"cut": null, "free": false, "queued": 1, "tick": 57}	{"built": null, "tick": 57}	no	no	yes
8	k3	14	47	23100140047	state	102	13	101	{"coin_queued_offered": [102], "coin_queued_offered_any": [102]}	ON THE BOARD	{}	{}	no	no	yes
8	k3	14	48	23100140048	lookahead	88	12	88	{}	LOOKAHEAD ONLY, both halves hold	{"cut": null, "free": false, "queued": 1, "tick": 88}	{"built": null, "tick": 88}	no	no	yes
8	k3	14	49	23100140049	state	89	12	88	{"coin_queued_offered": [89], "coin_queued_offered_any": [89]}	ON THE BOARD	{}	{}	no	no	yes
8	k3	14	50	23100140050	state	98	15	97	{"coin_queued_offered": [98], "coin_queued_offered_any": [98]}	ON THE BOARD	{}	{}	no	no	yes
8	k3	14	52	23100140052	state	86	12	85	{"coin_queued_offered": [86], "coin_queued_offered_any": [86]}	ON THE BOARD	{}	{}	no	no	yes
8	k3	14	53	23100140053	state	82	11	81	{"coin_queued_offered": [82], "coin_queued_offered_any": [82]}	ON THE BOARD	{}	{}	no	no	yes
8	k3	14	54	23100140054	lookahead	74	10	74	{}	LOOKAHEAD ONLY, both halves hold	{"cut": null, "free": false, "queued": 1, "tick": 74}	{"built": null, "tick": 74}	no	no	yes
8	k3	14	55	23100140055	state	84	12	83	{"coin_queued_offered": [84], "coin_queued_offered_any": [84]}	ON THE BOARD	{}	{}	no	no	yes
8	k3	14	57	23100140057	lookahead	73	10	73	{}	LOOKAHEAD ONLY, both halves hold	{"cut": null, "free": false, "queued": 1, "tick": 73}	{"built": null, "tick": 73}	no	no	yes
8	k3	14	58	23100140058	lookahead	29	4	29	{}	LOOKAHEAD ONLY, both halves hold	{"cut": null, "free": false, "queued": 1, "tick": 29}	{"built": null, "tick": 29}	no	no	yes
8	k3	14	59	23100140059	state	72	9	71	{"coin_queued_offered": [72], "coin_queued_offered_any": [72]}	ON THE BOARD	{}	{}	no	no	yes
8	k3	14	60	23100140060	state	40	5	39	{"coin_queued_offered": [40], "coin_queued_offered_any": [40]}	ON THE BOARD	{}	{}	no	no	yes
8	k3	14	62	23100140062	lookahead	93	14	93	{}	LOOKAHEAD ONLY, both halves hold	{"cut": null, "free": false, "queued": 1, "tick": 93}	{"built": null, "tick": 93}	no	no	yes
8	k3	14	63	23100140063	state	60	7	59	{"coin_queued_offered": [60], "coin_queued_offered_any": [60]}	ON THE BOARD	{}	{}	no	no	yes
8	k3	14	64	23100140064	state	58	7	57	{"coin_queued_offered": [58], "coin_queued_offered_any": [58]}	ON THE BOARD	{}	{}	no	no	yes
8	k3	14	65	23100140065	state	60	7	59	{"coin_queued_offered": [60], "coin_queued_offered_any": [60]}	ON THE BOARD	{}	{}	no	no	yes
8	k3	14	66	23100140066	lookahead	112	15	112	{}	LOOKAHEAD ONLY, both halves hold	{"cut": null, "free": false, "queued": 1, "tick": 112}	{"built": null, "tick": 112}	no	no	yes
8	k3	14	67	23100140067	lookahead	76	11	76	{}	LOOKAHEAD ONLY, both halves hold	{"cut": null, "free": false, "queued": 1, "tick": 76}	{"built": null, "tick": 76}	no	no	yes
8	k3	14	68	23100140068	state	41	5	40	{"coin_queued_offered": [41], "coin_queued_offered_any": [41]}	ON THE BOARD	{}	{}	no	no	yes
8	k3	14	69	23100140069	lookahead	85	13	85	{}	LOOKAHEAD ONLY, both halves hold	{"cut": null, "free": false, "queued": 2, "tick": 85}	{"built": null, "tick": 85}	yes	yes	yes
8	k3	14	71	23100140071	state	40	5	39	{"coin_queued_offered": [40], "coin_queued_offered_any": [40]}	ON THE BOARD	{}	{}	no	no	yes
8	k3	14	72	23100140072	state	88	11	87	{"coin_queued_offered": [88], "coin_queued_offered_any": [88]}	ON THE BOARD	{}	{}	no	no	yes
8	k3	14	73	23100140073	state	62	7	61	{"coin_queued_offered": [62], "coin_queued_offered_any": [62]}	ON THE BOARD	{}	{}	no	no	yes
8	k3	14	74	23100140074	state	54	8	53	{"coin_queued_offered": [54], "coin_queued_offered_any": [54]}	ON THE BOARD	{}	{}	no	no	yes
8	k3	14	77	23100140077	lookahead	52	7	52	{}	LOOKAHEAD ONLY, both halves hold	{"cut": null, "free": false, "queued": 1, "tick": 52}	{"built": null, "tick": 52}	no	no	yes
8	k3	14	78	23100140078	state	51	7	50	{"coin_queued_offered": [51], "coin_queued_offered_any": [51]}	ON THE BOARD	{}	{}	no	no	yes
8	k3	14	79	23100140079	lookahead	73	10	73	{}	LOOKAHEAD ONLY, both halves hold	{"cut": null, "free": false, "queued": 2, "tick": 73}	{"built": null, "tick": 73}	no	no	yes
8	k3	14	82	23100140082	state	64	8	63	{"coin_queued_offered": [64], "coin_queued_offered_any": [64]}	ON THE BOARD	{}	{}	no	no	yes
8	k3	14	83	23100140083	state	70	9	69	{"coin_queued_offered": [70], "coin_queued_offered_any": [70]}	ON THE BOARD	{}	{}	no	no	yes
8	k3	14	85	23100140085	state	54	7	53	{"coin_queued_offered": [54], "coin_queued_offered_any": [54]}	ON THE BOARD	{}	{}	no	no	yes
8	k3	14	86	23100140086	state	60	8	59	{"coin_queued_offered": [60], "coin_queued_offered_any": [60]}	ON THE BOARD	{}	{}	no	no	yes
8	k3	14	87	23100140087	state	74	9	73	{"coin_queued_offered": [74], "coin_queued_offered_any": [74]}	ON THE BOARD	{}	{}	no	no	yes
8	k3	14	89	23100140089	state	34	5	33	{"coin_queued_offered": [34], "coin_queued_offered_any": [34]}	ON THE BOARD	{}	{}	no	no	yes
8	k3	14	90	23100140090	state	105	15	104	{"coin_queued_offered": [105], "coin_queued_offered_any": [105]}	ON THE BOARD	{}	{}	no	no	yes
8	k3	14	92	23100140092	lookahead	91	13	91	{}	LOOKAHEAD ONLY, both halves hold	{"cut": null, "free": false, "queued": 1, "tick": 91}	{"built": null, "tick": 91}	no	no	yes
8	k3	14	94	23100140094	state	72	10	71	{"coin_queued_offered": [72], "coin_queued_offered_any": [72]}	ON THE BOARD	{}	{}	no	no	yes
8	k3	14	96	23100140096	lookahead	92	13	92	{}	LOOKAHEAD ONLY, both halves hold	{"cut": null, "free": false, "queued": 2, "tick": 92}	{"built": null, "tick": 92}	no	no	yes
8	k3	14	98	23100140098	state	53	7	52	{"coin_queued_offered": [53], "coin_queued_offered_any": [53]}	ON THE BOARD	{}	{}	no	no	yes
8	k3	14	99	23100140099	state	73	9	72	{"coin_queued_offered": [73], "coin_queued_offered_any": [73]}	ON THE BOARD	{}	{}	no	no	yes
8	k3	14	100	23100140100	state	37	5	36	{"coin_queued_offered": [37], "coin_queued_offered_any": [37]}	ON THE BOARD	{}	{}	no	no	yes
8	k3	14	101	23100140101	state	48	6	47	{"coin_queued_offered": [48], "coin_queued_offered_any": [48]}	ON THE BOARD	{}	{}	no	no	yes
8	k3	14	102	23100140102	state	73	10	72	{"coin_queued_offered": [73], "coin_queued_offered_any": [73]}	ON THE BOARD	{}	{}	no	no	yes
8	k3	14	103	23100140103	lookahead	66	10	66	{}	LOOKAHEAD ONLY, both halves hold	{"cut": null, "free": false, "queued": 2, "tick": 66}	{"built": null, "tick": 66}	yes	yes	yes
8	k3	14	104	23100140104	lookahead	89	12	89	{}	LOOKAHEAD ONLY, both halves hold	{"cut": null, "free": false, "queued": 2, "tick": 89}	{"built": null, "tick": 89}	yes	yes	yes
8	k3	14	105	23100140105	lookahead	61	9	61	{}	LOOKAHEAD ONLY, both halves hold	{"cut": null, "free": false, "queued": 2, "tick": 61}	{"built": null, "tick": 61}	no	no	yes
8	k3	14	106	23100140106	state	46	6	45	{"coin_queued_offered": [46], "coin_queued_offered_any": [46]}	ON THE BOARD	{}	{}	no	no	yes
8	k3	14	107	23100140107	lookahead	101	14	101	{}	LOOKAHEAD ONLY, both halves hold	{"cut": null, "free": false, "queued": 1, "tick": 101}	{"built": null, "tick": 101}	no	no	yes
8	k3	14	108	23100140108	state	88	11	87	{"coin_queued_offered": [88], "coin_queued_offered_any": [88]}	ON THE BOARD	{}	{}	no	no	yes
8	k3	14	109	23100140109	state	74	10	73	{"coin_queued_offered": [74], "coin_queued_offered_any": [74]}	ON THE BOARD	{}	{}	no	no	yes
8	k3	14	110	23100140110	state	52	6	51	{"coin_queued_offered": [52], "coin_queued_offered_any": [52]}	ON THE BOARD	{}	{}	no	no	yes
8	k3	14	111	23100140111	state	52	7	51	{"coin_queued_offered": [52], "coin_queued_offered_any": [52]}	ON THE BOARD	{}	{}	no	no	yes
8	k3	14	112	23100140112	lookahead	76	9	76	{}	LOOKAHEAD ONLY, both halves hold	{"cut": null, "free": false, "queued": 1, "tick": 76}	{"built": null, "tick": 76}	no	no	yes
8	k3	14	113	23100140113	state	57	9	56	{"coin_queued_offered": [57], "coin_queued_offered_any": [57]}	ON THE BOARD	{}	{}	no	no	yes
8	k3	14	114	23100140114	state	79	11	78	{"coin_queued_offered": [79], "coin_queued_offered_any": [79]}	ON THE BOARD	{}	{}	no	no	yes
8	k3	14	115	23100140115	lookahead	75	11	75	{}	LOOKAHEAD ONLY, both halves hold	{"cut": null, "free": false, "queued": 2, "tick": 75}	{"built": null, "tick": 75}	no	no	yes
8	k3	14	116	23100140116	state	61	8	60	{"coin_queued_offered": [61], "coin_queued_offered_any": [61]}	ON THE BOARD	{}	{}	no	no	yes
8	k3	14	117	23100140117	lookahead	98	13	98	{}	LOOKAHEAD ONLY, both halves hold	{"cut": null, "free": false, "queued": 1, "tick": 98}	{"built": null, "tick": 98}	no	no	yes
8	k3	14	118	23100140118	lookahead	45	7	45	{}	LOOKAHEAD ONLY, both halves hold	{"cut": null, "free": false, "queued": 1, "tick": 45}	{"built": null, "tick": 45}	no	no	yes
8	k3	14	119	23100140119	lookahead	69	10	69	{}	LOOKAHEAD ONLY, both halves hold	{"cut": null, "free": false, "queued": 1, "tick": 69}	{"built": null, "tick": 69}	no	no	yes
8	k3	14	121	23100140121	state	36	6	35	{"coin_queued_offered": [36], "coin_queued_offered_any": [36]}	ON THE BOARD	{}	{}	no	no	yes
8	k3	14	122	23100140122	state	53	6	52	{"coin_queued_offered": [53], "coin_queued_offered_any": [53]}	ON THE BOARD	{}	{}	no	no	yes
8	k3	14	124	23100140124	state	63	8	62	{"coin_queued_offered": [63], "coin_queued_offered_any": [63]}	ON THE BOARD	{}	{}	no	no	yes
8	k3	14	125	23100140125	lookahead	89	12	89	{}	LOOKAHEAD ONLY, both halves hold	{"cut": null, "free": false, "queued": 1, "tick": 89}	{"built": null, "tick": 89}	no	no	yes
8	k3	14	126	23100140126	lookahead	102	13	102	{}	LOOKAHEAD ONLY, both halves hold	{"cut": null, "free": false, "queued": 2, "tick": 102}	{"built": null, "tick": 102}	no	no	yes
8	k3	14	127	23100140127	state	51	7	50	{"coin_queued_offered": [51], "coin_queued_offered_any": [51]}	ON THE BOARD	{}	{}	no	no	yes
8	k3	14	128	23100140128	lookahead	68	10	68	{}	LOOKAHEAD ONLY, both halves hold	{"cut": null, "free": false, "queued": 2, "tick": 68}	{"built": null, "tick": 68}	yes	yes	yes
8	k3	14	129	23100140129	lookahead	76	11	76	{}	LOOKAHEAD ONLY, both halves hold	{"cut": null, "free": false, "queued": 1, "tick": 76}	{"built": null, "tick": 76}	no	no	yes
8	k3	14	130	23100140130	lookahead	88	11	88	{}	LOOKAHEAD ONLY, both halves hold	{"cut": null, "free": false, "queued": 1, "tick": 88}	{"built": null, "tick": 88}	no	no	yes
8	k3	14	131	23100140131	state	67	11	66	{"coin_queued_offered": [67], "coin_queued_offered_any": [67]}	ON THE BOARD	{}	{}	no	no	yes
8	k3	14	132	23100140132	state	69	10	68	{"coin_queued_offered": [69], "coin_queued_offered_any": [69]}	ON THE BOARD	{}	{}	no	no	yes
8	k3	14	133	23100140133	state	37	4	36	{"coin_queued_offered": [37], "coin_queued_offered_any": [37]}	ON THE BOARD	{}	{}	no	no	yes
8	k3	14	134	23100140134	state	80	11	79	{"coin_queued_offered": [80], "coin_queued_offered_any": [80]}	ON THE BOARD	{}	{}	no	no	yes
8	k3	14	136	23100140136	lookahead	62	8	62	{}	LOOKAHEAD ONLY, both halves hold	{"cut": null, "free": false, "queued": 1, "tick": 62}	{"built": null, "tick": 62}	no	no	yes
8	k3	14	137	23100140137	state	53	7	52	{"coin_queued_offered": [53], "coin_queued_offered_any": [53]}	ON THE BOARD	{}	{}	no	no	yes
8	k3	14	139	23100140139	lookahead	74	10	74	{}	LOOKAHEAD ONLY, both halves hold	{"cut": null, "free": false, "queued": 1, "tick": 74}	{"built": null, "tick": 74}	no	no	yes
8	k3	14	140	23100140140	state	58	7	57	{"coin_queued_offered": [58], "coin_queued_offered_any": [58]}	ON THE BOARD	{}	{}	no	no	yes
8	k3	14	141	23100140141	lookahead	33	4	33	{}	LOOKAHEAD ONLY, both halves hold	{"cut": null, "free": false, "queued": 1, "tick": 33}	{"built": null, "tick": 33}	no	no	yes
8	k3	14	142	23100140142	state	94	11	93	{"coin_queued_offered": [94], "coin_queued_offered_any": [94]}	ON THE BOARD	{}	{}	no	no	yes
8	k3	14	143	23100140143	state	81	11	80	{"coin_queued_offered": [81], "coin_queued_offered_any": [81]}	ON THE BOARD	{}	{}	no	no	yes
8	k3	14	144	23100140144	state	90	12	89	{"coin_queued_offered": [90], "coin_queued_offered_any": [90]}	ON THE BOARD	{}	{}	no	no	yes
8	k3	14	145	23100140145	state	55	7	54	{"coin_queued_offered": [55], "coin_queued_offered_any": [55]}	ON THE BOARD	{}	{}	no	no	yes
8	k3	14	146	23100140146	state	53	7	52	{"coin_queued_offered": [53], "coin_queued_offered_any": [53]}	ON THE BOARD	{}	{}	no	no	yes
8	k3	14	148	23100140148	state	57	7	56	{"coin_queued_offered": [57], "coin_queued_offered_any": [57]}	ON THE BOARD	{}	{}	no	no	yes
8	k3	14	149	23100140149	state	65	8	64	{"coin_queued_offered": [65], "coin_queued_offered_any": [65]}	ON THE BOARD	{}	{}	no	no	yes
8	k3	14	150	23100140150	lookahead	41	6	41	{}	LOOKAHEAD ONLY, both halves hold	{"cut": null, "free": false, "queued": 1, "tick": 41}	{"built": null, "tick": 41}	no	no	yes
8	k3	14	151	23100140151	state	56	7	55	{"coin_queued_offered": [56], "coin_queued_offered_any": [56]}	ON THE BOARD	{}	{}	no	no	yes
8	k3	14	152	23100140152	state	53	6	52	{"coin_queued_offered": [53], "coin_queued_offered_any": [53]}	ON THE BOARD	{}	{}	no	no	yes
8	k3	14	153	23100140153	state	53	7	52	{"coin_queued_offered": [53], "coin_queued_offered_any": [53]}	ON THE BOARD	{}	{}	no	no	yes
8	k3	14	154	23100140154	state	43	6	42	{"coin_queued_offered": [43], "coin_queued_offered_any": [43]}	ON THE BOARD	{}	{}	no	no	yes
8	k3	14	155	23100140155	lookahead	91	13	91	{}	LOOKAHEAD ONLY, both halves hold	{"cut": null, "free": false, "queued": 1, "tick": 91}	{"built": null, "tick": 91}	no	no	yes
8	k3	14	156	23100140156	state	65	7	64	{"coin_queued_offered": [65], "coin_queued_offered_any": [65]}	ON THE BOARD	{}	{}	no	no	yes
8	k3	14	157	23100140157	state	56	7	55	{"coin_queued_offered": [56], "coin_queued_offered_any": [56]}	ON THE BOARD	{}	{}	no	no	yes
8	k3	14	158	23100140158	state	71	10	70	{"coin_queued_offered": [71], "coin_queued_offered_any": [71]}	ON THE BOARD	{}	{}	no	no	yes
8	k3	14	159	23100140159	lookahead	96	13	96	{}	LOOKAHEAD ONLY, both halves hold	{"cut": null, "free": false, "queued": 1, "tick": 96}	{"built": null, "tick": 96}	no	no	yes
8	k3	14	160	23100140160	state	106	13	105	{"coin_queued_offered": [106], "coin_queued_offered_any": [106]}	ON THE BOARD	{}	{}	no	no	yes
8	k3	14	162	23100140162	lookahead	58	8	58	{}	LOOKAHEAD ONLY, both halves hold	{"cut": null, "free": false, "queued": 1, "tick": 58}	{"built": null, "tick": 58}	no	no	yes
8	k3	14	163	23100140163	state	45	5	44	{"coin_queued_offered": [45], "coin_queued_offered_any": [45]}	ON THE BOARD	{}	{}	no	no	yes
8	k3	14	164	23100140164	state	62	7	61	{"coin_queued_offered": [62], "coin_queued_offered_any": [62]}	ON THE BOARD	{}	{}	no	no	yes
8	k3	14	165	23100140165	lookahead	50	6	50	{}	LOOKAHEAD ONLY, both halves hold	{"cut": null, "free": false, "queued": 1, "tick": 50}	{"built": null, "tick": 50}	no	no	yes
8	k3	14	166	23100140166	state	95	12	94	{"coin_queued_offered": [95], "coin_queued_offered_any": [95]}	ON THE BOARD	{}	{}	no	no	yes
8	k3	14	167	23100140167	state	47	7	46	{"coin_queued_offered": [47], "coin_queued_offered_any": [47]}	ON THE BOARD	{}	{}	no	no	yes
8	k3	14	168	23100140168	lookahead	62	10	62	{}	LOOKAHEAD ONLY, both halves hold	{"cut": null, "free": false, "queued": 2, "tick": 62}	{"built": null, "tick": 62}	no	no	yes
8	k3	14	169	23100140169	lookahead	42	6	42	{}	LOOKAHEAD ONLY, both halves hold	{"cut": null, "free": false, "queued": 1, "tick": 42}	{"built": null, "tick": 42}	no	no	yes
8	k3	14	170	23100140170	state	46	5	45	{"coin_queued_offered": [46], "coin_queued_offered_any": [46]}	ON THE BOARD	{}	{}	no	no	yes
8	k3	14	172	23100140172	state	30	4	29	{"coin_queued_offered": [30], "coin_queued_offered_any": [30]}	ON THE BOARD	{}	{}	no	no	yes
8	k3	14	173	23100140173	state	91	12	90	{"coin_queued_offered": [91], "coin_queued_offered_any": [91]}	ON THE BOARD	{}	{}	no	no	yes
8	k3	14	174	23100140174	state	54	6	53	{"coin_queued_offered": [54], "coin_queued_offered_any": [54]}	ON THE BOARD	{}	{}	no	no	yes
8	k3	14	175	23100140175	state	59	8	58	{"coin_queued_offered": [59], "coin_queued_offered_any": [59]}	ON THE BOARD	{}	{}	no	no	yes
8	k3	14	176	23100140176	lookahead	34	5	34	{}	LOOKAHEAD ONLY, both halves hold	{"cut": null, "free": false, "queued": 1, "tick": 34}	{"built": null, "tick": 34}	no	no	yes
8	k3	14	177	23100140177	state	83	11	82	{"coin_queued_offered": [83], "coin_queued_offered_any": [83]}	ON THE BOARD	{}	{}	no	no	yes
8	k3	14	178	23100140178	lookahead	102	15	102	{}	LOOKAHEAD ONLY, both halves hold	{"cut": null, "free": false, "queued": 2, "tick": 102}	{"built": null, "tick": 102}	yes	yes	yes
8	k3	14	179	23100140179	state	97	14	96	{"coin_queued_offered": [97], "coin_queued_offered_any": [97]}	ON THE BOARD	{}	{}	no	no	yes
8	k3	14	181	23100140181	lookahead	32	4	32	{}	LOOKAHEAD ONLY, both halves hold	{"cut": null, "free": false, "queued": 2, "tick": 32}	{"built": null, "tick": 32}	no	no	yes
8	k3	14	182	23100140182	state	64	8	63	{"coin_queued_offered": [64], "coin_queued_offered_any": [64]}	ON THE BOARD	{}	{}	no	no	yes
8	k3	14	183	23100140183	lookahead	81	10	81	{}	LOOKAHEAD ONLY, both halves hold	{"cut": null, "free": false, "queued": 2, "tick": 81}	{"built": null, "tick": 81}	no	no	yes
8	k3	14	184	23100140184	state	55	7	54	{"coin_queued_offered": [55], "coin_queued_offered_any": [55]}	ON THE BOARD	{}	{}	no	no	yes
8	k3	14	185	23100140185	state	54	6	53	{"coin_queued_offered": [54], "coin_queued_offered_any": [54]}	ON THE BOARD	{}	{}	no	no	yes
8	k3	14	186	23100140186	state	61	7	60	{"coin_queued_offered": [61], "coin_queued_offered_any": [61]}	ON THE BOARD	{}	{}	no	no	yes
8	k3	14	187	23100140187	state	73	10	72	{"coin_queued_offered": [73], "coin_queued_offered_any": [73]}	ON THE BOARD	{}	{}	no	no	yes
8	k3	14	188	23100140188	state	60	8	59	{"coin_queued_offered": [60], "coin_queued_offered_any": [60]}	ON THE BOARD	{}	{}	no	no	yes
8	k3	14	189	23100140189	state	92	13	91	{"coin_queued_offered": [92], "coin_queued_offered_any": [92]}	ON THE BOARD	{}	{}	no	no	yes
8	k3	14	190	23100140190	state	87	10	86	{"coin_queued_offered": [87], "coin_queued_offered_any": [87]}	ON THE BOARD	{}	{}	no	no	yes
8	k3	14	191	23100140191	state	45	6	44	{"coin_queued_offered": [45], "coin_queued_offered_any": [45]}	ON THE BOARD	{}	{}	no	no	yes
8	k3	14	192	23100140192	lookahead	85	11	85	{}	LOOKAHEAD ONLY, both halves hold	{"cut": null, "free": false, "queued": 2, "tick": 85}	{"built": null, "tick": 85}	no	no	yes
8	k3	14	194	23100140194	state	61	8	60	{"coin_queued_offered": [61], "coin_queued_offered_any": [61]}	ON THE BOARD	{}	{}	no	no	yes
8	k3	14	195	23100140195	lookahead	46	7	46	{}	LOOKAHEAD ONLY, both halves hold	{"cut": null, "free": false, "queued": 1, "tick": 46}	{"built": null, "tick": 46}	no	no	yes
8	k3	14	197	23100140197	state	73	10	72	{"coin_queued_offered": [73], "coin_queued_offered_any": [73]}	ON THE BOARD	{}	{}	no	no	yes
8	k3	14	199	23100140199	state	95	12	94	{"coin_queued_offered": [95], "coin_queued_offered_any": [95]}	ON THE BOARD	{}	{}	no	no	yes
8	k3	14	201	23100140201	state	63	7	62	{"coin_queued_offered": [63], "coin_queued_offered_any": [63]}	ON THE BOARD	{}	{}	no	no	yes
8	k3	14	202	23100140202	state	110	15	109	{"coin_queued_offered": [110], "coin_queued_offered_any": [110]}	ON THE BOARD	{}	{}	no	no	yes
8	k3	14	203	23100140203	state	51	6	50	{"coin_queued_offered": [51], "coin_queued_offered_any": [51]}	ON THE BOARD	{}	{}	no	no	yes
8	k3	14	204	23100140204	state	36	5	35	{"coin_queued_offered": [36], "coin_queued_offered_any": [36]}	ON THE BOARD	{}	{}	no	no	yes
8	k3	14	205	23100140205	state	58	7	57	{"coin_queued_offered": [58], "coin_queued_offered_any": [58]}	ON THE BOARD	{}	{}	no	no	yes
8	k3	14	206	23100140206	lookahead	83	12	83	{}	LOOKAHEAD ONLY, both halves hold	{"cut": null, "free": false, "queued": 1, "tick": 83}	{"built": null, "tick": 83}	no	no	yes
8	k3	14	207	23100140207	state	44	5	43	{"coin_queued_offered": [44], "coin_queued_offered_any": [44]}	ON THE BOARD	{}	{}	no	no	yes
8	k3	14	208	23100140208	state	74	11	73	{"coin_queued_offered": [74], "coin_queued_offered_any": [74]}	ON THE BOARD	{}	{}	no	no	yes
8	k3	14	210	23100140210	lookahead	42	5	42	{}	LOOKAHEAD ONLY, both halves hold	{"cut": null, "free": false, "queued": 2, "tick": 42}	{"built": null, "tick": 42}	no	no	yes
8	k3	14	211	23100140211	lookahead	36	6	36	{}	LOOKAHEAD ONLY, both halves hold	{"cut": null, "free": false, "queued": 1, "tick": 36}	{"built": null, "tick": 36}	no	no	yes
8	k3	14	212	23100140212	lookahead	95	14	95	{}	LOOKAHEAD ONLY, both halves hold	{"cut": null, "free": false, "queued": 1, "tick": 95}	{"built": null, "tick": 95}	no	no	yes
8	k3	14	213	23100140213	state	72	10	71	{"coin_queued_offered": [72], "coin_queued_offered_any": [72]}	ON THE BOARD	{}	{}	no	no	yes
8	k3	14	214	23100140214	lookahead	52	8	52	{}	LOOKAHEAD ONLY, both halves hold	{"cut": null, "free": false, "queued": 1, "tick": 52}	{"built": null, "tick": 52}	no	no	yes
8	k3	14	215	23100140215	state	91	12	90	{"coin_queued_offered": [91], "coin_queued_offered_any": [91]}	ON THE BOARD	{}	{}	no	no	yes
8	k3	14	216	23100140216	lookahead	112	16	112	{}	LOOKAHEAD ONLY, both halves hold	{"cut": null, "free": false, "queued": 1, "tick": 112}	{"built": null, "tick": 112}	no	no	yes
8	k3	14	217	23100140217	state	75	13	74	{"coin_queued_offered": [75], "coin_queued_offered_any": [75]}	ON THE BOARD	{}	{}	no	no	yes
8	k3	14	218	23100140218	state	57	8	56	{"coin_queued_offered": [57], "coin_queued_offered_any": [57]}	ON THE BOARD	{}	{}	no	no	yes
8	k3	14	220	23100140220	state	35	6	34	{"coin_queued_offered": [35], "coin_queued_offered_any": [35]}	ON THE BOARD	{}	{}	no	no	yes
8	k3	14	221	23100140221	lookahead	57	9	57	{}	LOOKAHEAD ONLY, both halves hold	{"cut": null, "free": false, "queued": 2, "tick": 57}	{"built": null, "tick": 57}	no	no	yes
8	k3	14	222	23100140222	state	42	5	41	{"coin_queued_offered": [42], "coin_queued_offered_any": [42]}	ON THE BOARD	{}	{}	no	no	yes
8	k3	14	223	23100140223	lookahead	58	9	58	{}	LOOKAHEAD ONLY, both halves hold	{"cut": null, "free": false, "queued": 1, "tick": 58}	{"built": null, "tick": 58}	no	no	yes
8	k3	14	224	23100140224	lookahead	27	4	27	{}	LOOKAHEAD ONLY, both halves hold	{"cut": null, "free": false, "queued": 2, "tick": 27}	{"built": null, "tick": 27}	no	no	yes
8	k3	14	225	23100140225	state	66	9	65	{"coin_queued_offered": [66], "coin_queued_offered_any": [66]}	ON THE BOARD	{}	{}	no	no	yes
8	k3	14	226	23100140226	state	31	4	30	{"coin_queued_offered": [31], "coin_queued_offered_any": [31]}	ON THE BOARD	{}	{}	no	no	yes
8	k3	14	228	23100140228	lookahead	106	13	106	{}	LOOKAHEAD ONLY, both halves hold	{"cut": null, "free": false, "queued": 1, "tick": 106}	{"built": null, "tick": 106}	no	no	yes
8	k3	14	229	23100140229	state	109	16	108	{"coin_queued_offered": [109], "coin_queued_offered_any": [109]}	ON THE BOARD	{}	{}	no	no	yes
8	k3	14	230	23100140230	state	81	10	80	{"coin_queued_offered": [81], "coin_queued_offered_any": [81]}	ON THE BOARD	{}	{}	no	no	yes
8	k3	14	231	23100140231	lookahead	45	6	45	{}	LOOKAHEAD ONLY, both halves hold	{"cut": null, "free": false, "queued": 1, "tick": 45}	{"built": null, "tick": 45}	no	no	yes
8	k3	14	232	23100140232	state	71	9	70	{"coin_queued_offered": [71], "coin_queued_offered_any": [71]}	ON THE BOARD	{}	{}	no	no	yes
8	k3	14	233	23100140233	state	56	8	55	{"coin_queued_offered": [56], "coin_queued_offered_any": [56]}	ON THE BOARD	{}	{}	no	no	yes
8	k3	14	234	23100140234	state	41	5	40	{"coin_queued_offered": [41], "coin_queued_offered_any": [41]}	ON THE BOARD	{}	{}	no	no	yes
8	k3	14	235	23100140235	state	39	4	38	{"coin_queued_offered": [39], "coin_queued_offered_any": [39]}	ON THE BOARD	{}	{}	no	no	yes
8	k3	14	236	23100140236	state	37	6	36	{"coin_queued_offered": [37], "coin_queued_offered_any": [37]}	ON THE BOARD	{}	{}	no	no	yes
8	k3	14	237	23100140237	state	76	10	75	{"coin_queued_offered": [76], "coin_queued_offered_any": [76]}	ON THE BOARD	{}	{}	no	no	yes
8	k3	14	238	23100140238	state	39	5	38	{"coin_queued_offered": [39], "coin_queued_offered_any": [39]}	ON THE BOARD	{}	{}	no	no	yes
8	k3	14	240	23100140240	state	50	7	49	{"coin_queued_offered": [50], "coin_queued_offered_any": [50]}	ON THE BOARD	{}	{}	no	no	yes
8	k3	14	241	23100140241	lookahead	79	10	79	{}	LOOKAHEAD ONLY, both halves hold	{"cut": null, "free": false, "queued": 1, "tick": 79}	{"built": null, "tick": 79}	no	no	yes
8	k3	14	242	23100140242	lookahead	59	8	59	{}	LOOKAHEAD ONLY, both halves hold	{"cut": null, "free": false, "queued": 2, "tick": 59}	{"built": null, "tick": 59}	no	no	yes
8	k3	14	243	23100140243	state	99	13	98	{"coin_queued_offered": [99], "coin_queued_offered_any": [99]}	ON THE BOARD	{}	{}	no	no	yes
8	k3	14	244	23100140244	state	58	7	57	{"coin_queued_offered": [58], "coin_queued_offered_any": [58]}	ON THE BOARD	{}	{}	no	no	yes
8	k3	14	245	23100140245	state	39	5	38	{"coin_queued_offered": [39], "coin_queued_offered_any": [39]}	ON THE BOARD	{}	{}	no	no	yes
8	k3	14	247	23100140247	state	97	12	96	{"coin_queued_offered": [97], "coin_queued_offered_any": [97]}	ON THE BOARD	{}	{}	no	no	yes
8	k3	14	248	23100140248	lookahead	53	6	53	{}	LOOKAHEAD ONLY, both halves hold	{"cut": null, "free": false, "queued": 1, "tick": 53}	{"built": null, "tick": 53}	no	no	yes
8	k3	17	5	23100170005	lookahead	92	13	92	{}	LOOKAHEAD ONLY, both halves hold	{"cut": 2, "free": true, "queued": 3, "tick": 92}	{"built": null, "tick": 92}	no	no	yes
8	k3	17	15	23100170015	state	46	6	45	{"coin_queued_offered": [46], "coin_queued_offered_any": [46]}	ON THE BOARD	{}	{}	no	no	yes
8	k3	17	20	23100170020	state	29	4	28	{"coin_cut_recorded": [29], "coin_queued_offered": [29], "coin_queued_offered_any": [29]}	ON THE BOARD	{}	{}	no	no	yes
8	k3	17	40	23100170040	state	69	10	68	{"coin_cut_recorded": [69], "coin_queued_offered": [69], "coin_queued_offered_any": [69]}	ON THE BOARD	{}	{}	no	no	yes
8	k3	17	45	23100170045	state	31	4	30	{"coin_queued_offered": [31], "coin_queued_offered_any": [31]}	ON THE BOARD	{}	{}	no	no	yes
8	k3	17	55	23100170055	lookahead	68	11	68	{}	LOOKAHEAD ONLY, both halves hold	{"cut": 1, "free": true, "queued": 3, "tick": 68}	{"built": null, "tick": 68}	no	no	yes
8	k3	17	63	23100170063	lookahead	45	8	45	{}	LOOKAHEAD ONLY, both halves hold	{"cut": 3, "free": false, "queued": 2, "tick": 45}	{"built": null, "tick": 45}	no	no	yes
8	k3	17	67	23100170067	lookahead	35	5	35	{}	LOOKAHEAD ONLY, both halves hold	{"cut": 3, "free": true, "queued": 2, "tick": 35}	{"built": null, "tick": 35}	no	no	yes
8	k3	17	73	23100170073	lookahead	73	11	73	{}	LOOKAHEAD ONLY, both halves hold	{"cut": null, "free": true, "queued": 3, "tick": 73}	{"built": null, "tick": 73}	no	no	yes
8	k3	17	90	23100170090	lookahead	96	14	96	{}	LOOKAHEAD ONLY, both halves hold	{"cut": 3, "free": false, "queued": 2, "tick": 96}	{"built": null, "tick": 96}	no	no	yes
8	k3	17	105	23100170105	state	62	7	61	{"coin_cut_recorded": [62], "coin_queued_offered": [62], "coin_queued_offered_any": [62]}	ON THE BOARD	{}	{}	no	no	yes
8	k3	17	112	23100170112	state	37	5	36	{"coin_queued_offered": [37], "coin_queued_offered_any": [37]}	ON THE BOARD	{}	{}	no	no	yes
8	k3	17	127	23100170127	state	29	4	28	{"coin_queued_offered": [29], "coin_queued_offered_any": [29]}	ON THE BOARD	{}	{}	no	no	yes
8	k3	17	132	23100170132	state	75	10	74	{"coin_cut_recorded": [75], "coin_queued_offered": [75], "coin_queued_offered_any": [75]}	ON THE BOARD	{}	{}	no	no	yes
8	k3	17	136	23100170136	state	41	6	40	{"coin_queued_offered": [41], "coin_queued_offered_any": [41]}	ON THE BOARD	{}	{}	no	no	yes
8	k3	17	140	23100170140	state	48	7	47	{"coin_cut_recorded": [48], "coin_queued_offered": [48], "coin_queued_offered_any": [48]}	ON THE BOARD	{}	{}	no	no	yes
8	k3	17	145	23100170145	state	68	10	67	{"coin_cut_recorded": [68], "coin_queued_offered": [68], "coin_queued_offered_any": [68]}	ON THE BOARD	{}	{}	no	no	yes
8	k3	17	184	23100170184	lookahead	23	4	23	{}	LOOKAHEAD ONLY, both halves hold	{"cut": 2, "free": true, "queued": 1, "tick": 23}	{"built": null, "tick": 23}	no	no	yes
8	k3	17	200	23100170200	lookahead	68	9	68	{}	LOOKAHEAD ONLY, both halves hold	{"cut": 2, "free": false, "queued": 1, "tick": 68}	{"built": null, "tick": 68}	no	no	yes
8	k3	17	210	23100170210	state	38	5	37	{"coin_queued_offered": [38], "coin_queued_offered_any": [38]}	ON THE BOARD	{}	{}	no	no	yes
8	k3	17	217	23100170217	state	36	5	35	{"coin_cut_recorded": [36], "coin_queued_offered": [36], "coin_queued_offered_any": [36]}	ON THE BOARD	{}	{}	no	no	yes
8	k3	17	222	23100170222	lookahead	98	13	98	{}	LOOKAHEAD ONLY, both halves hold	{"cut": 3, "free": false, "queued": 2, "tick": 98}	{"built": null, "tick": 98}	no	no	yes
8	k3	17	229	23100170229	state	61	8	60	{"coin_cut_recorded": [61], "coin_queued_offered": [61], "coin_queued_offered_any": [61]}	ON THE BOARD	{}	{}	no	no	yes
8	k3	17	242	23100170242	state	30	4	29	{"coin_cut_recorded": [30], "coin_queued_offered": [30], "coin_queued_offered_any": [30]}	ON THE BOARD	{}	{}	no	no	yes
8	k3	18	49	23100180049	state	82	12	81	{"coin_cut_recorded": [81]}	ON THE BOARD	{}	{}	no	no	yes
8	k3	18	106	23100180106	state	61	10	60	{"coin_cut_recorded": [60]}	ON THE BOARD	{}	{}	no	no	yes
8	k3	18	113	23100180113	state	82	12	81	{"coin_cut_recorded": [81]}	ON THE BOARD	{}	{}	no	no	yes
8	k3	18	145	23100180145	state	89	13	88	{"coin_cut_recorded": [88]}	ON THE BOARD	{}	{}	no	no	yes
8	k3	18	152	23100180152	state	84	13	83	{"coin_cut_recorded": [83]}	ON THE BOARD	{}	{}	no	no	yes
8	k3	18	154	23100180154	state	63	10	62	{"coin_cut_recorded": [62]}	ON THE BOARD	{}	{}	no	no	yes
8	k3	18	173	23100180173	state	49	8	48	{"coin_cut_recorded": [48]}	ON THE BOARD	{}	{}	no	no	yes
8	k3	18	174	23100180174	state	77	13	76	{"coin_cut_recorded": [76]}	ON THE BOARD	{}	{}	no	no	yes
8	k3	18	180	23100180180	state	116	18	115	{"coin_cut_recorded": [115]}	ON THE BOARD	{}	{}	no	no	yes
8	k3	18	210	23100180210	state	67	10	66	{"coin_cut_recorded": [66]}	ON THE BOARD	{}	{}	no	no	yes
8	k3	18	229	23100180229	state	59	10	58	{"coin_cut_recorded": [58]}	ON THE BOARD	{}	{}	no	no	yes
8	k3	18	241	23100180241	state	67	12	66	{"coin_cut_recorded": [66]}	ON THE BOARD	{}	{}	no	no	yes
8	k3	19	0	23100190000	state	36	5	35	{"coin_queued_offered": [36], "coin_queued_offered_any": [36]}	ON THE BOARD	{}	{}	no	no	yes
8	k3	19	1	23100190001	lookahead	100	18	100	{}	LOOKAHEAD ONLY, both halves hold	{"cut": 3, "free": false, "queued": 2, "tick": 100}	{"built": null, "tick": 100}	no	no	yes
8	k3	19	12	23100190012	state	35	5	34	{"coin_cut_recorded": [35], "coin_queued_offered": [35], "coin_queued_offered_any": [35]}	ON THE BOARD	{}	{}	no	no	yes
8	k3	19	15	23100190015	state	41	6	40	{"coin_cut_recorded": [41], "coin_queued_offered": [41], "coin_queued_offered_any": [41]}	ON THE BOARD	{}	{}	no	no	yes
8	k3	19	17	23100190017	state	33	4	32	{"coin_queued_offered": [33], "coin_queued_offered_any": [33]}	ON THE BOARD	{}	{}	no	no	yes
8	k3	19	22	23100190022	state	40	6	39	{"coin_queued_offered": [40], "coin_queued_offered_any": [40]}	ON THE BOARD	{}	{}	no	no	yes
8	k3	19	23	23100190023	state	63	8	62	{"coin_cut_recorded": [63], "coin_queued_offered": [63], "coin_queued_offered_any": [63]}	ON THE BOARD	{}	{}	no	no	yes
8	k3	19	36	23100190036	state	40	5	39	{"coin_queued_offered": [40], "coin_queued_offered_any": [40]}	ON THE BOARD	{}	{}	no	no	yes
8	k3	19	37	23100190037	state	48	8	47	{"coin_queued_offered": [48], "coin_queued_offered_any": [48]}	ON THE BOARD	{}	{}	no	no	yes
8	k3	19	44	23100190044	lookahead	45	6	45	{}	LOOKAHEAD ONLY, both halves hold	{"cut": 2, "free": false, "queued": 1, "tick": 45}	{"built": null, "tick": 45}	no	no	yes
8	k3	19	49	23100190049	lookahead	33	4	33	{}	LOOKAHEAD ONLY, both halves hold	{"cut": 2, "free": true, "queued": 1, "tick": 33}	{"built": null, "tick": 33}	no	no	yes
8	k3	19	73	23100190073	state	38	4	37	{"coin_queued_offered": [38], "coin_queued_offered_any": [38]}	ON THE BOARD	{}	{}	no	no	yes
8	k3	19	76	23100190076	lookahead	34	5	34	{}	LOOKAHEAD ONLY, both halves hold	{"cut": 2, "free": false, "queued": 1, "tick": 34}	{"built": null, "tick": 34}	no	no	yes
8	k3	19	91	23100190091	state	30	4	29	{"coin_queued_offered": [30], "coin_queued_offered_any": [30]}	ON THE BOARD	{}	{}	no	no	yes
8	k3	19	92	23100190092	lookahead	41	6	41	{}	LOOKAHEAD ONLY, both halves hold	{"cut": 2, "free": true, "queued": 1, "tick": 41}	{"built": null, "tick": 41}	no	no	yes
8	k3	19	105	23100190105	state	41	5	40	{"coin_queued_offered": [41], "coin_queued_offered_any": [41]}	ON THE BOARD	{}	{}	no	no	yes
8	k3	19	113	23100190113	state	32	4	31	{"coin_queued_offered": [32], "coin_queued_offered_any": [32]}	ON THE BOARD	{}	{}	no	no	yes
8	k3	19	138	23100190138	lookahead	27	4	27	{}	LOOKAHEAD ONLY, both halves hold	{"cut": 2, "free": false, "queued": 1, "tick": 27}	{"built": null, "tick": 27}	no	no	yes
8	k3	19	142	23100190142	lookahead	42	6	42	{}	LOOKAHEAD ONLY, both halves hold	{"cut": 2, "free": true, "queued": 1, "tick": 42}	{"built": null, "tick": 42}	no	no	yes
8	k3	19	146	23100190146	state	35	5	34	{"coin_cut_recorded": [35], "coin_queued_offered": [35], "coin_queued_offered_any": [35]}	ON THE BOARD	{}	{}	no	no	yes
8	k3	19	153	23100190153	state	33	4	32	{"coin_queued_offered": [33], "coin_queued_offered_any": [33]}	ON THE BOARD	{}	{}	no	no	yes
8	k3	19	163	23100190163	lookahead	27	4	27	{}	LOOKAHEAD ONLY, both halves hold	{"cut": 2, "free": true, "queued": 1, "tick": 27}	{"built": null, "tick": 27}	no	no	yes
8	k3	19	168	23100190168	state	29	4	28	{"coin_queued_offered": [29], "coin_queued_offered_any": [29]}	ON THE BOARD	{}	{}	no	no	yes
8	k3	19	181	23100190181	state	34	5	33	{"coin_queued_offered": [34], "coin_queued_offered_any": [34]}	ON THE BOARD	{}	{}	no	no	yes
8	k3	19	187	23100190187	state	49	6	48	{"coin_cut_recorded": [49], "coin_queued_offered": [49], "coin_queued_offered_any": [49]}	ON THE BOARD	{}	{}	no	no	yes
8	k3	19	189	23100190189	state	61	10	60	{"coin_cut_recorded": [61], "coin_queued_offered": [61], "coin_queued_offered_any": [61]}	ON THE BOARD	{}	{}	no	no	yes
8	k3	19	208	23100190208	state	34	5	33	{"coin_queued_offered": [34], "coin_queued_offered_any": [34]}	ON THE BOARD	{}	{}	no	no	yes
8	k3	19	214	23100190214	state	45	6	44	{"coin_queued_offered": [45], "coin_queued_offered_any": [45]}	ON THE BOARD	{}	{}	no	no	yes
8	k3	19	224	23100190224	state	30	4	29	{"coin_queued_offered": [30], "coin_queued_offered_any": [30]}	ON THE BOARD	{}	{}	no	no	yes
8	k3	19	247	23100190247	state	40	6	39	{"coin_cut_recorded": [40], "coin_queued_offered": [40], "coin_queued_offered_any": [40]}	ON THE BOARD	{}	{}	no	no	yes
8	k3	20	73	23100200073	lookahead	86	12	86	{"coin_cut_recorded": [86]}	ON THE BOARD	{}	{}	no	no	yes
8	k3	20	89	23100200089	state	34	4	33	{"coin_queued_offered": [34], "coin_queued_offered_any": [34]}	ON THE BOARD	{}	{}	no	no	yes
8	k3	20	91	23100200091	lookahead	95	14	95	{"coin_cut_recorded": [95]}	ON THE BOARD	{}	{}	no	no	yes
8	k3	20	139	23100200139	state	35	4	34	{"coin_queued_offered": [35], "coin_queued_offered_any": [35]}	ON THE BOARD	{}	{}	no	no	yes
8	k3	20	160	23100200160	lookahead	42	6	42	{}	LOOKAHEAD ONLY, both halves hold	{"cut": 2, "free": false, "queued": 1, "tick": 42}	{"built": null, "tick": 42}	no	no	yes
8	k3	20	173	23100200173	lookahead	72	11	72	{"coin_cut_recorded": [72]}	ON THE BOARD	{}	{}	no	no	yes
8	k3	20	174	23100200174	lookahead	65	10	65	{}	LOOKAHEAD ONLY, both halves hold	{"cut": 2, "free": false, "queued": 1, "tick": 65}	{"built": null, "tick": 65}	no	no	yes
8	k3	20	196	23100200196	state	82	12	81	{"coin_cut_recorded": [82], "coin_queued_offered": [82], "coin_queued_offered_any": [82]}	ON THE BOARD	{}	{}	no	no	yes
8	k3	20	201	23100200201	lookahead	97	16	97	{}	LOOKAHEAD ONLY, both halves hold	{"cut": 2, "free": true, "queued": 1, "tick": 97}	{"built": null, "tick": 97}	no	no	yes
8	k3	20	209	23100200209	state	67	10	66	{"coin_cut_recorded": [67], "coin_queued_offered": [67], "coin_queued_offered_any": [67]}	ON THE BOARD	{}	{}	no	no	yes
8	k3	21	15	23100210015	state	68	10	67	{"coin_queued_offered": [68], "coin_queued_offered_any": [68]}	ON THE BOARD	{}	{}	no	no	yes
8	k3	21	29	23100210029	state	148	23	147	{"coin_queued_offered": [148], "coin_queued_offered_any": [148]}	ON THE BOARD	{}	{}	no	no	yes
8	k3	21	42	23100210042	lookahead	116	18	116	{}	LOOKAHEAD ONLY, both halves hold	{"cut": 1, "free": true, "queued": 3, "tick": 116}	{"built": null, "tick": 116}	no	no	yes
8	k3	21	49	23100210049	state	88	13	87	{"coin_cut_recorded": [88], "coin_queued_offered": [88], "coin_queued_offered_any": [88]}	ON THE BOARD	{}	{}	no	no	yes
8	k3	21	54	23100210054	state	56	10	55	{"coin_queued_offered": [56], "coin_queued_offered_any": [56]}	ON THE BOARD	{}	{}	no	no	yes
8	k3	21	70	23100210070	lookahead	120	19	120	{}	LOOKAHEAD ONLY, both halves hold	{"cut": 1, "free": true, "queued": 3, "tick": 120}	{"built": null, "tick": 120}	no	no	yes
8	k3	21	85	23100210085	state	37	6	36	{"coin_queued_offered": [37], "coin_queued_offered_any": [37]}	ON THE BOARD	{}	{}	no	no	yes
8	k3	21	106	23100210106	lookahead	110	18	110	{}	LOOKAHEAD ONLY, both halves hold	{"cut": 1, "free": true, "queued": 3, "tick": 110}	{"built": null, "tick": 110}	no	no	yes
8	k3	21	107	23100210107	lookahead	119	19	119	{}	LOOKAHEAD ONLY, both halves hold	{"cut": 1, "free": true, "queued": 3, "tick": 119}	{"built": null, "tick": 119}	no	no	yes
8	k3	21	111	23100210111	lookahead	114	17	114	{}	LOOKAHEAD ONLY, both halves hold	{"cut": 1, "free": true, "queued": 3, "tick": 114}	{"built": null, "tick": 114}	no	no	yes
8	k3	21	115	23100210115	state	65	10	64	{"coin_queued_offered": [65], "coin_queued_offered_any": [65]}	ON THE BOARD	{}	{}	no	no	yes
8	k3	21	123	23100210123	state	83	12	82	{"coin_cut_recorded": [83], "coin_queued_offered": [83], "coin_queued_offered_any": [83]}	ON THE BOARD	{}	{}	no	no	yes
8	k3	21	124	23100210124	state	79	10	78	{"coin_queued_offered": [79], "coin_queued_offered_any": [79]}	ON THE BOARD	{}	{}	no	no	yes
8	k3	21	127	23100210127	state	86	12	85	{"coin_cut_recorded": [86], "coin_queued_offered": [86], "coin_queued_offered_any": [86]}	ON THE BOARD	{}	{}	no	no	yes
8	k3	21	200	23100210200	lookahead	126	19	126	{}	LOOKAHEAD ONLY, both halves hold	{"cut": 1, "free": true, "queued": 3, "tick": 126}	{"built": null, "tick": 126}	no	no	yes
8	k3	21	210	23100210210	lookahead	119	21	119	{}	LOOKAHEAD ONLY, both halves hold	{"cut": 1, "free": true, "queued": 3, "tick": 119}	{"built": null, "tick": 119}	no	no	yes
8	k3	21	211	23100210211	lookahead	64	10	64	{}	LOOKAHEAD ONLY, both halves hold	{"cut": 1, "free": true, "queued": 2, "tick": 64}	{"built": null, "tick": 64}	no	no	yes
8	k3	21	231	23100210231	state	40	7	39	{"coin_queued_offered": [40], "coin_queued_offered_any": [40]}	ON THE BOARD	{}	{}	no	no	yes
8	k3	21	243	23100210243	lookahead	99	16	99	{}	LOOKAHEAD ONLY, both halves hold	{"cut": 1, "free": true, "queued": 3, "tick": 99}	{"built": null, "tick": 99}	no	no	yes
8	k3	21	248	23100210248	lookahead	146	25	146	{}	LOOKAHEAD ONLY, both halves hold	{"cut": 1, "free": true, "queued": 3, "tick": 146}	{"built": null, "tick": 146}	no	no	yes
8	k3	22	1	23100220001	state	54	7	53	{"coin_queued_offered": [54], "coin_queued_offered_any": [54]}	ON THE BOARD	{}	{}	no	no	yes
8	k3	22	3	23100220003	state	55	8	54	{"coin_queued_offered": [55], "coin_queued_offered_any": [55]}	ON THE BOARD	{}	{}	no	no	yes
8	k3	22	5	23100220005	state	65	9	64	{"coin_queued_offered": [65], "coin_queued_offered_any": [65]}	ON THE BOARD	{}	{}	no	no	yes
8	k3	22	6	23100220006	state	51	7	50	{"coin_queued_offered": [51], "coin_queued_offered_any": [51]}	ON THE BOARD	{}	{}	no	no	yes
8	k3	22	7	23100220007	lookahead	56	10	56	{}	LOOKAHEAD ONLY, both halves hold	{"cut": 1, "free": false, "queued": 2, "tick": 56}	{"built": null, "tick": 56}	no	no	yes
8	k3	22	8	23100220008	lookahead	95	13	95	{}	LOOKAHEAD ONLY, both halves hold	{"cut": 2, "free": false, "queued": 1, "tick": 95}	{"built": null, "tick": 95}	no	no	yes
8	k3	22	10	23100220010	state	49	6	48	{"coin_queued_offered": [49], "coin_queued_offered_any": [49]}	ON THE BOARD	{}	{}	no	no	yes
8	k3	22	12	23100220012	lookahead	94	14	94	{}	LOOKAHEAD ONLY, both halves hold	{"cut": 2, "free": false, "queued": 1, "tick": 94}	{"built": null, "tick": 94}	no	no	yes
8	k3	22	13	23100220013	lookahead	55	8	55	{}	LOOKAHEAD ONLY, both halves hold	{"cut": 2, "free": false, "queued": 1, "tick": 55}	{"built": null, "tick": 55}	no	no	yes
8	k3	22	15	23100220015	state	66	9	65	{"coin_queued_offered": [66], "coin_queued_offered_any": [66]}	ON THE BOARD	{}	{}	no	no	yes
8	k3	22	16	23100220016	lookahead	67	10	67	{}	LOOKAHEAD ONLY, both halves hold	{"cut": 2, "free": false, "queued": 1, "tick": 67}	{"built": null, "tick": 67}	no	no	yes
8	k3	22	17	23100220017	lookahead	77	10	77	{}	LOOKAHEAD ONLY, both halves hold	{"cut": 2, "free": false, "queued": 1, "tick": 77}	{"built": null, "tick": 77}	no	no	yes
8	k3	22	18	23100220018	state	46	7	45	{"coin_queued_offered": [46], "coin_queued_offered_any": [46]}	ON THE BOARD	{}	{}	no	no	yes
8	k3	22	19	23100220019	state	100	14	99	{"coin_queued_offered": [100], "coin_queued_offered_any": [100]}	ON THE BOARD	{}	{}	no	no	yes
8	k3	22	20	23100220020	state	69	11	68	{"coin_queued_offered": [69], "coin_queued_offered_any": [69]}	ON THE BOARD	{}	{}	no	no	yes
8	k3	22	21	23100220021	state	71	9	70	{"coin_queued_offered": [71], "coin_queued_offered_any": [71]}	ON THE BOARD	{}	{}	no	no	yes
8	k3	22	22	23100220022	state	38	6	37	{"coin_queued_offered": [38], "coin_queued_offered_any": [38]}	ON THE BOARD	{}	{}	no	no	yes
8	k3	22	23	23100220023	lookahead	31	4	31	{}	LOOKAHEAD ONLY, both halves hold	{"cut": 2, "free": false, "queued": 1, "tick": 31}	{"built": null, "tick": 31}	no	no	yes
8	k3	22	25	23100220025	state	66	10	65	{"coin_queued_offered": [66], "coin_queued_offered_any": [66]}	ON THE BOARD	{}	{}	no	no	yes
8	k3	22	27	23100220027	lookahead	80	11	80	{}	LOOKAHEAD ONLY, both halves hold	{"cut": 2, "free": false, "queued": 1, "tick": 80}	{"built": null, "tick": 80}	no	no	yes
8	k3	22	29	23100220029	lookahead	38	6	38	{}	LOOKAHEAD ONLY, both halves hold	{"cut": 2, "free": false, "queued": 1, "tick": 38}	{"built": null, "tick": 38}	no	no	yes
8	k3	22	31	23100220031	state	94	13	93	{"coin_queued_offered": [94], "coin_queued_offered_any": [94]}	ON THE BOARD	{}	{}	no	no	yes
8	k3	22	32	23100220032	lookahead	91	13	91	{}	LOOKAHEAD ONLY, both halves hold	{"cut": 2, "free": false, "queued": 1, "tick": 91}	{"built": null, "tick": 91}	no	no	yes
8	k3	22	33	23100220033	lookahead	35	5	35	{}	LOOKAHEAD ONLY, both halves hold	{"cut": 2, "free": false, "queued": 1, "tick": 35}	{"built": null, "tick": 35}	no	no	yes
8	k3	22	34	23100220034	lookahead	74	10	74	{}	LOOKAHEAD ONLY, both halves hold	{"cut": 2, "free": false, "queued": 1, "tick": 74}	{"built": null, "tick": 74}	no	no	yes
8	k3	22	35	23100220035	lookahead	80	12	80	{}	LOOKAHEAD ONLY, both halves hold	{"cut": 2, "free": false, "queued": 1, "tick": 80}	{"built": null, "tick": 80}	no	no	yes
8	k3	22	37	23100220037	state	87	12	86	{"coin_queued_offered": [87], "coin_queued_offered_any": [87]}	ON THE BOARD	{}	{}	no	no	yes
8	k3	22	38	23100220038	state	97	14	96	{"coin_queued_offered": [97], "coin_queued_offered_any": [97]}	ON THE BOARD	{}	{}	no	no	yes
8	k3	22	39	23100220039	lookahead	100	14	100	{}	LOOKAHEAD ONLY, both halves hold	{"cut": 1, "free": false, "queued": 2, "tick": 100}	{"built": null, "tick": 100}	no	no	yes
8	k3	22	40	23100220040	state	51	8	50	{"coin_queued_offered": [51], "coin_queued_offered_any": [51]}	ON THE BOARD	{}	{}	no	no	yes
8	k3	22	41	23100220041	lookahead	41	6	41	{}	LOOKAHEAD ONLY, both halves hold	{"cut": 2, "free": false, "queued": 1, "tick": 41}	{"built": null, "tick": 41}	no	no	yes
8	k3	22	44	23100220044	lookahead	83	11	83	{}	LOOKAHEAD ONLY, both halves hold	{"cut": 2, "free": false, "queued": 1, "tick": 83}	{"built": null, "tick": 83}	no	no	yes
8	k3	22	46	23100220046	state	26	4	25	{"coin_queued_offered": [26], "coin_queued_offered_any": [26]}	ON THE BOARD	{}	{}	no	no	yes
8	k3	22	47	23100220047	state	71	10	70	{"coin_queued_offered": [71], "coin_queued_offered_any": [71]}	ON THE BOARD	{}	{}	no	no	yes
8	k3	22	49	23100220049	state	50	7	49	{"coin_queued_offered": [50], "coin_queued_offered_any": [50]}	ON THE BOARD	{}	{}	no	no	yes
8	k3	22	50	23100220050	lookahead	60	8	60	{}	LOOKAHEAD ONLY, both halves hold	{"cut": 2, "free": false, "queued": 1, "tick": 60}	{"built": null, "tick": 60}	no	no	yes
8	k3	22	52	23100220052	state	67	10	66	{"coin_queued_offered": [67], "coin_queued_offered_any": [67]}	ON THE BOARD	{}	{}	no	no	yes
8	k3	22	54	23100220054	lookahead	110	16	110	{}	LOOKAHEAD ONLY, both halves hold	{"cut": 2, "free": false, "queued": 1, "tick": 110}	{"built": null, "tick": 110}	no	no	yes
8	k3	22	55	23100220055	state	59	8	58	{"coin_queued_offered": [59], "coin_queued_offered_any": [59]}	ON THE BOARD	{}	{}	no	no	yes
8	k3	22	57	23100220057	lookahead	91	13	91	{}	LOOKAHEAD ONLY, both halves hold	{"cut": 2, "free": false, "queued": 1, "tick": 91}	{"built": null, "tick": 91}	no	no	yes
8	k3	22	58	23100220058	lookahead	29	4	29	{}	LOOKAHEAD ONLY, both halves hold	{"cut": 2, "free": false, "queued": 1, "tick": 29}	{"built": null, "tick": 29}	no	no	yes
8	k3	22	59	23100220059	lookahead	73	12	73	{}	LOOKAHEAD ONLY, both halves hold	{"cut": 2, "free": false, "queued": 1, "tick": 73}	{"built": null, "tick": 73}	no	no	yes
8	k3	22	60	23100220060	lookahead	55	7	55	{}	LOOKAHEAD ONLY, both halves hold	{"cut": 2, "free": false, "queued": 1, "tick": 55}	{"built": null, "tick": 55}	no	no	yes
8	k3	22	61	23100220061	lookahead	61	9	61	{}	LOOKAHEAD ONLY, both halves hold	{"cut": 2, "free": false, "queued": 1, "tick": 61}	{"built": null, "tick": 61}	no	no	yes
8	k3	22	62	23100220062	state	64	9	63	{"coin_queued_offered": [64], "coin_queued_offered_any": [64]}	ON THE BOARD	{}	{}	no	no	yes
8	k3	22	63	23100220063	lookahead	86	11	86	{}	LOOKAHEAD ONLY, both halves hold	{"cut": 2, "free": false, "queued": 1, "tick": 86}	{"built": null, "tick": 86}	no	no	yes
8	k3	22	64	23100220064	lookahead	43	7	43	{}	LOOKAHEAD ONLY, both halves hold	{"cut": 2, "free": false, "queued": 1, "tick": 43}	{"built": null, "tick": 43}	no	no	yes
8	k3	22	65	23100220065	lookahead	30	5	30	{}	LOOKAHEAD ONLY, both halves hold	{"cut": 3, "free": false, "queued": 2, "tick": 30}	{"built": null, "tick": 30}	no	no	yes
8	k3	22	67	23100220067	state	50	7	49	{"coin_queued_offered": [50], "coin_queued_offered_any": [50]}	ON THE BOARD	{}	{}	no	no	yes
8	k3	22	70	23100220070	state	77	12	76	{"coin_queued_offered": [77], "coin_queued_offered_any": [77]}	ON THE BOARD	{}	{}	no	no	yes
8	k3	22	73	23100220073	lookahead	76	12	76	{}	LOOKAHEAD ONLY, both halves hold	{"cut": 2, "free": false, "queued": 1, "tick": 76}	{"built": null, "tick": 76}	no	no	yes
8	k3	22	74	23100220074	state	73	10	72	{"coin_queued_offered": [73], "coin_queued_offered_any": [73]}	ON THE BOARD	{}	{}	no	no	yes
8	k3	22	77	23100220077	lookahead	61	8	61	{}	LOOKAHEAD ONLY, both halves hold	{"cut": 2, "free": false, "queued": 1, "tick": 61}	{"built": null, "tick": 61}	no	no	yes
8	k3	22	79	23100220079	state	54	7	53	{"coin_queued_offered": [54], "coin_queued_offered_any": [54]}	ON THE BOARD	{}	{}	no	no	yes
8	k3	22	81	23100220081	lookahead	80	12	80	{}	LOOKAHEAD ONLY, both halves hold	{"cut": 2, "free": false, "queued": 1, "tick": 80}	{"built": null, "tick": 80}	no	no	yes
8	k3	22	83	23100220083	lookahead	82	11	82	{}	LOOKAHEAD ONLY, both halves hold	{"cut": 2, "free": false, "queued": 1, "tick": 82}	{"built": null, "tick": 82}	no	no	yes
8	k3	22	85	23100220085	lookahead	76	10	76	{}	LOOKAHEAD ONLY, both halves hold	{"cut": 2, "free": false, "queued": 1, "tick": 76}	{"built": null, "tick": 76}	no	no	yes
8	k3	22	86	23100220086	state	78	11	77	{"coin_queued_offered": [78], "coin_queued_offered_any": [78]}	ON THE BOARD	{}	{}	no	no	yes
8	k3	22	87	23100220087	lookahead	73	12	73	{}	LOOKAHEAD ONLY, both halves hold	{"cut": 2, "free": false, "queued": 1, "tick": 73}	{"built": null, "tick": 73}	no	no	yes
8	k3	22	88	23100220088	lookahead	78	10	78	{}	LOOKAHEAD ONLY, both halves hold	{"cut": 2, "free": false, "queued": 1, "tick": 78}	{"built": null, "tick": 78}	no	no	yes
8	k3	22	89	23100220089	lookahead	62	9	62	{}	LOOKAHEAD ONLY, both halves hold	{"cut": 2, "free": false, "queued": 1, "tick": 62}	{"built": null, "tick": 62}	no	no	yes
8	k3	22	90	23100220090	state	63	10	62	{"coin_queued_offered": [63], "coin_queued_offered_any": [63]}	ON THE BOARD	{}	{}	no	no	yes
8	k3	22	91	23100220091	state	74	10	73	{"coin_queued_offered": [74], "coin_queued_offered_any": [74]}	ON THE BOARD	{}	{}	no	no	yes
8	k3	22	92	23100220092	state	40	6	39	{"coin_queued_offered": [40], "coin_queued_offered_any": [40]}	ON THE BOARD	{}	{}	no	no	yes
8	k3	22	93	23100220093	state	65	10	64	{"coin_queued_offered": [65], "coin_queued_offered_any": [65]}	ON THE BOARD	{}	{}	no	no	yes
8	k3	22	94	23100220094	lookahead	68	11	68	{}	LOOKAHEAD ONLY, both halves hold	{"cut": 1, "free": false, "queued": 2, "tick": 68}	{"built": null, "tick": 68}	no	no	yes
8	k3	22	95	23100220095	lookahead	68	10	68	{}	LOOKAHEAD ONLY, both halves hold	{"cut": 2, "free": false, "queued": 1, "tick": 68}	{"built": null, "tick": 68}	no	no	yes
8	k3	22	96	23100220096	state	95	13	94	{"coin_queued_offered": [95], "coin_queued_offered_any": [95]}	ON THE BOARD	{}	{}	no	no	yes
8	k3	22	98	23100220098	lookahead	73	10	73	{}	LOOKAHEAD ONLY, both halves hold	{"cut": 2, "free": false, "queued": 1, "tick": 73}	{"built": null, "tick": 73}	no	no	yes
8	k3	22	99	23100220099	state	69	11	68	{"coin_queued_offered": [69], "coin_queued_offered_any": [69]}	ON THE BOARD	{}	{}	no	no	yes
8	k3	22	101	23100220101	state	61	7	60	{"coin_queued_offered": [61], "coin_queued_offered_any": [61]}	ON THE BOARD	{}	{}	no	no	yes
8	k3	22	102	23100220102	lookahead	71	12	71	{}	LOOKAHEAD ONLY, both halves hold	{"cut": 2, "free": false, "queued": 1, "tick": 71}	{"built": null, "tick": 71}	no	no	yes
8	k3	22	103	23100220103	state	36	6	35	{"coin_queued_offered": [36], "coin_queued_offered_any": [36]}	ON THE BOARD	{}	{}	no	no	yes
8	k3	22	104	23100220104	lookahead	55	7	55	{}	LOOKAHEAD ONLY, both halves hold	{"cut": 2, "free": false, "queued": 1, "tick": 55}	{"built": null, "tick": 55}	no	no	yes
8	k3	22	106	23100220106	lookahead	64	10	64	{}	LOOKAHEAD ONLY, both halves hold	{"cut": 2, "free": false, "queued": 1, "tick": 64}	{"built": null, "tick": 64}	no	no	yes
8	k3	22	110	23100220110	lookahead	54	7	54	{}	LOOKAHEAD ONLY, both halves hold	{"cut": 2, "free": false, "queued": 1, "tick": 54}	{"built": null, "tick": 54}	no	no	yes
8	k3	22	112	23100220112	lookahead	37	6	37	{}	LOOKAHEAD ONLY, both halves hold	{"cut": 2, "free": false, "queued": 1, "tick": 37}	{"built": null, "tick": 37}	no	no	yes
8	k3	22	114	23100220114	lookahead	84	12	84	{}	LOOKAHEAD ONLY, both halves hold	{"cut": 2, "free": false, "queued": 1, "tick": 84}	{"built": null, "tick": 84}	no	no	yes
8	k3	22	115	23100220115	state	51	7	50	{"coin_queued_offered": [51], "coin_queued_offered_any": [51]}	ON THE BOARD	{}	{}	no	no	yes
8	k3	22	117	23100220117	lookahead	87	12	87	{}	LOOKAHEAD ONLY, both halves hold	{"cut": 2, "free": false, "queued": 1, "tick": 87}	{"built": null, "tick": 87}	no	no	yes
8	k3	22	118	23100220118	state	50	8	49	{"coin_queued_offered": [50], "coin_queued_offered_any": [50]}	ON THE BOARD	{}	{}	no	no	yes
8	k3	22	120	23100220120	lookahead	65	9	65	{}	LOOKAHEAD ONLY, both halves hold	{"cut": 2, "free": false, "queued": 1, "tick": 65}	{"built": null, "tick": 65}	no	no	yes
8	k3	22	121	23100220121	lookahead	73	10	73	{}	LOOKAHEAD ONLY, both halves hold	{"cut": 2, "free": false, "queued": 1, "tick": 73}	{"built": null, "tick": 73}	no	no	yes
8	k3	22	122	23100220122	lookahead	52	7	52	{}	LOOKAHEAD ONLY, both halves hold	{"cut": 2, "free": false, "queued": 1, "tick": 52}	{"built": null, "tick": 52}	no	no	yes
8	k3	22	123	23100220123	state	61	9	60	{"coin_queued_offered": [61], "coin_queued_offered_any": [61]}	ON THE BOARD	{}	{}	no	no	yes
8	k3	22	124	23100220124	state	53	7	52	{"coin_queued_offered": [53], "coin_queued_offered_any": [53]}	ON THE BOARD	{}	{}	no	no	yes
8	k3	22	127	23100220127	state	75	11	74	{"coin_queued_offered": [75], "coin_queued_offered_any": [75]}	ON THE BOARD	{}	{}	no	no	yes
8	k3	22	128	23100220128	lookahead	45	6	45	{}	LOOKAHEAD ONLY, both halves hold	{"cut": 2, "free": false, "queued": 1, "tick": 45}	{"built": null, "tick": 45}	no	no	yes
8	k3	22	130	23100220130	lookahead	31	4	31	{}	LOOKAHEAD ONLY, both halves hold	{"cut": 2, "free": false, "queued": 1, "tick": 31}	{"built": null, "tick": 31}	no	no	yes
8	k3	22	131	23100220131	lookahead	68	11	68	{}	LOOKAHEAD ONLY, both halves hold	{"cut": 1, "free": false, "queued": 2, "tick": 68}	{"built": null, "tick": 68}	no	no	yes
8	k3	22	132	23100220132	lookahead	45	6	45	{}	LOOKAHEAD ONLY, both halves hold	{"cut": 2, "free": false, "queued": 1, "tick": 45}	{"built": null, "tick": 45}	no	no	yes
8	k3	22	133	23100220133	lookahead	82	12	82	{}	LOOKAHEAD ONLY, both halves hold	{"cut": 2, "free": false, "queued": 1, "tick": 82}	{"built": null, "tick": 82}	no	no	yes
8	k3	22	134	23100220134	lookahead	80	11	80	{}	LOOKAHEAD ONLY, both halves hold	{"cut": 2, "free": false, "queued": 1, "tick": 80}	{"built": null, "tick": 80}	no	no	yes
8	k3	22	136	23100220136	state	38	5	37	{"coin_queued_offered": [38], "coin_queued_offered_any": [38]}	ON THE BOARD	{}	{}	no	no	yes
8	k3	22	138	23100220138	state	87	13	86	{"coin_queued_offered": [87], "coin_queued_offered_any": [87]}	ON THE BOARD	{}	{}	no	no	yes
8	k3	22	140	23100220140	lookahead	43	7	43	{}	LOOKAHEAD ONLY, both halves hold	{"cut": 2, "free": false, "queued": 1, "tick": 43}	{"built": null, "tick": 43}	no	no	yes
8	k3	22	141	23100220141	lookahead	43	6	43	{}	LOOKAHEAD ONLY, both halves hold	{"cut": 2, "free": false, "queued": 1, "tick": 43}	{"built": null, "tick": 43}	no	no	yes
8	k3	22	143	23100220143	lookahead	90	13	90	{}	LOOKAHEAD ONLY, both halves hold	{"cut": 2, "free": false, "queued": 1, "tick": 90}	{"built": null, "tick": 90}	no	no	yes
8	k3	22	144	23100220144	state	48	6	47	{"coin_queued_offered": [48], "coin_queued_offered_any": [48]}	ON THE BOARD	{}	{}	no	no	yes
8	k3	22	145	23100220145	lookahead	50	6	50	{}	LOOKAHEAD ONLY, both halves hold	{"cut": 2, "free": false, "queued": 1, "tick": 50}	{"built": null, "tick": 50}	no	no	yes
8	k3	22	146	23100220146	state	74	10	73	{"coin_queued_offered": [74], "coin_queued_offered_any": [74]}	ON THE BOARD	{}	{}	no	no	yes
8	k3	22	147	23100220147	state	41	6	40	{"coin_queued_offered": [41], "coin_queued_offered_any": [41]}	ON THE BOARD	{}	{}	no	no	yes
8	k3	22	148	23100220148	lookahead	104	15	104	{}	LOOKAHEAD ONLY, both halves hold	{"cut": 2, "free": false, "queued": 1, "tick": 104}	{"built": null, "tick": 104}	no	no	yes
8	k3	22	151	23100220151	lookahead	100	15	100	{}	LOOKAHEAD ONLY, both halves hold	{"cut": 2, "free": false, "queued": 1, "tick": 100}	{"built": null, "tick": 100}	no	no	yes
8	k3	22	152	23100220152	lookahead	78	10	78	{}	LOOKAHEAD ONLY, both halves hold	{"cut": 2, "free": false, "queued": 1, "tick": 78}	{"built": null, "tick": 78}	no	no	yes
8	k3	22	153	23100220153	state	68	10	67	{"coin_queued_offered": [68], "coin_queued_offered_any": [68]}	ON THE BOARD	{}	{}	no	no	yes
8	k3	22	154	23100220154	lookahead	82	13	82	{}	LOOKAHEAD ONLY, both halves hold	{"cut": 1, "free": false, "queued": 2, "tick": 82}	{"built": null, "tick": 82}	no	no	yes
8	k3	22	155	23100220155	lookahead	90	13	90	{}	LOOKAHEAD ONLY, both halves hold	{"cut": 2, "free": false, "queued": 1, "tick": 90}	{"built": null, "tick": 90}	no	no	yes
8	k3	22	158	23100220158	lookahead	83	11	83	{}	LOOKAHEAD ONLY, both halves hold	{"cut": 2, "free": false, "queued": 1, "tick": 83}	{"built": null, "tick": 83}	no	no	yes
8	k3	22	159	23100220159	lookahead	79	12	79	{}	LOOKAHEAD ONLY, both halves hold	{"cut": 2, "free": false, "queued": 1, "tick": 79}	{"built": null, "tick": 79}	no	no	yes
8	k3	22	161	23100220161	state	48	7	47	{"coin_queued_offered": [48], "coin_queued_offered_any": [48]}	ON THE BOARD	{}	{}	no	no	yes
8	k3	22	163	23100220163	lookahead	69	10	69	{}	LOOKAHEAD ONLY, both halves hold	{"cut": 2, "free": false, "queued": 1, "tick": 69}	{"built": null, "tick": 69}	no	no	yes
8	k3	22	164	23100220164	lookahead	91	14	91	{}	LOOKAHEAD ONLY, both halves hold	{"cut": 1, "free": false, "queued": 2, "tick": 91}	{"built": null, "tick": 91}	no	no	yes
8	k3	22	165	23100220165	lookahead	88	14	88	{}	LOOKAHEAD ONLY, both halves hold	{"cut": 1, "free": false, "queued": 2, "tick": 88}	{"built": null, "tick": 88}	no	no	yes
8	k3	22	167	23100220167	lookahead	44	6	44	{}	LOOKAHEAD ONLY, both halves hold	{"cut": 2, "free": false, "queued": 1, "tick": 44}	{"built": null, "tick": 44}	no	no	yes
8	k3	22	168	23100220168	state	71	9	70	{"coin_queued_offered": [71], "coin_queued_offered_any": [71]}	ON THE BOARD	{}	{}	no	no	yes
8	k3	22	172	23100220172	lookahead	59	9	59	{}	LOOKAHEAD ONLY, both halves hold	{"cut": 2, "free": false, "queued": 1, "tick": 59}	{"built": null, "tick": 59}	no	no	yes
8	k3	22	173	23100220173	state	53	7	52	{"coin_queued_offered": [53], "coin_queued_offered_any": [53]}	ON THE BOARD	{}	{}	no	no	yes
8	k3	22	174	23100220174	state	94	14	93	{"coin_queued_offered": [94], "coin_queued_offered_any": [94]}	ON THE BOARD	{}	{}	no	no	yes
8	k3	22	175	23100220175	lookahead	72	11	72	{}	LOOKAHEAD ONLY, both halves hold	{"cut": 2, "free": false, "queued": 1, "tick": 72}	{"built": null, "tick": 72}	no	no	yes
8	k3	22	176	23100220176	lookahead	54	8	54	{}	LOOKAHEAD ONLY, both halves hold	{"cut": 2, "free": false, "queued": 1, "tick": 54}	{"built": null, "tick": 54}	no	no	yes
8	k3	22	177	23100220177	lookahead	80	11	80	{}	LOOKAHEAD ONLY, both halves hold	{"cut": 2, "free": false, "queued": 1, "tick": 80}	{"built": null, "tick": 80}	no	no	yes
8	k3	22	178	23100220178	state	80	11	79	{"coin_queued_offered": [80], "coin_queued_offered_any": [80]}	ON THE BOARD	{}	{}	no	no	yes
8	k3	22	181	23100220181	lookahead	56	9	56	{}	LOOKAHEAD ONLY, both halves hold	{"cut": 2, "free": false, "queued": 1, "tick": 56}	{"built": null, "tick": 56}	no	no	yes
8	k3	22	182	23100220182	state	75	10	74	{"coin_queued_offered": [75], "coin_queued_offered_any": [75]}	ON THE BOARD	{}	{}	no	no	yes
8	k3	22	183	23100220183	lookahead	83	12	83	{}	LOOKAHEAD ONLY, both halves hold	{"cut": 2, "free": false, "queued": 1, "tick": 83}	{"built": null, "tick": 83}	no	no	yes
8	k3	22	186	23100220186	lookahead	62	9	62	{}	LOOKAHEAD ONLY, both halves hold	{"cut": 2, "free": false, "queued": 1, "tick": 62}	{"built": null, "tick": 62}	no	no	yes
8	k3	22	187	23100220187	lookahead	63	9	63	{}	LOOKAHEAD ONLY, both halves hold	{"cut": 2, "free": false, "queued": 1, "tick": 63}	{"built": null, "tick": 63}	no	no	yes
8	k3	22	188	23100220188	state	64	8	63	{"coin_queued_offered": [64], "coin_queued_offered_any": [64]}	ON THE BOARD	{}	{}	no	no	yes
8	k3	22	189	23100220189	state	69	11	68	{"coin_queued_offered": [69], "coin_queued_offered_any": [69]}	ON THE BOARD	{}	{}	no	no	yes
8	k3	22	193	23100220193	state	111	15	110	{"coin_queued_offered": [111], "coin_queued_offered_any": [111]}	ON THE BOARD	{}	{}	no	no	yes
8	k3	22	194	23100220194	lookahead	71	9	71	{}	LOOKAHEAD ONLY, both halves hold	{"cut": 2, "free": false, "queued": 1, "tick": 71}	{"built": null, "tick": 71}	no	no	yes
8	k3	22	196	23100220196	lookahead	67	10	67	{}	LOOKAHEAD ONLY, both halves hold	{"cut": 2, "free": false, "queued": 1, "tick": 67}	{"built": null, "tick": 67}	no	no	yes
8	k3	22	198	23100220198	lookahead	74	11	74	{}	LOOKAHEAD ONLY, both halves hold	{"cut": 2, "free": false, "queued": 1, "tick": 74}	{"built": null, "tick": 74}	no	no	yes
8	k3	22	200	23100220200	lookahead	82	12	82	{}	LOOKAHEAD ONLY, both halves hold	{"cut": 2, "free": false, "queued": 1, "tick": 82}	{"built": null, "tick": 82}	no	no	yes
8	k3	22	201	23100220201	state	51	7	50	{"coin_queued_offered": [51], "coin_queued_offered_any": [51]}	ON THE BOARD	{}	{}	no	no	yes
8	k3	22	202	23100220202	lookahead	132	21	132	{}	LOOKAHEAD ONLY, both halves hold	{"cut": 1, "free": false, "queued": 2, "tick": 132}	{"built": null, "tick": 132}	no	no	yes
8	k3	22	203	23100220203	state	39	7	38	{"coin_queued_offered": [39], "coin_queued_offered_any": [39]}	ON THE BOARD	{}	{}	no	no	yes
8	k3	22	206	23100220206	lookahead	48	7	48	{}	LOOKAHEAD ONLY, both halves hold	{"cut": 2, "free": false, "queued": 1, "tick": 48}	{"built": null, "tick": 48}	no	no	yes
8	k3	22	207	23100220207	lookahead	78	11	78	{}	LOOKAHEAD ONLY, both halves hold	{"cut": 2, "free": false, "queued": 1, "tick": 78}	{"built": null, "tick": 78}	no	no	yes
8	k3	22	208	23100220208	lookahead	53	7	53	{}	LOOKAHEAD ONLY, both halves hold	{"cut": 2, "free": false, "queued": 1, "tick": 53}	{"built": null, "tick": 53}	no	no	yes
8	k3	22	209	23100220209	lookahead	40	6	40	{}	LOOKAHEAD ONLY, both halves hold	{"cut": 3, "free": false, "queued": 2, "tick": 40}	{"built": null, "tick": 40}	no	no	yes
8	k3	22	211	23100220211	state	69	10	68	{"coin_queued_offered": [69], "coin_queued_offered_any": [69]}	ON THE BOARD	{}	{}	no	no	yes
8	k3	22	214	23100220214	lookahead	67	10	67	{}	LOOKAHEAD ONLY, both halves hold	{"cut": 2, "free": false, "queued": 1, "tick": 67}	{"built": null, "tick": 67}	no	no	yes
8	k3	22	215	23100220215	lookahead	50	7	50	{}	LOOKAHEAD ONLY, both halves hold	{"cut": 2, "free": false, "queued": 1, "tick": 50}	{"built": null, "tick": 50}	no	no	yes
8	k3	22	216	23100220216	lookahead	74	11	74	{}	LOOKAHEAD ONLY, both halves hold	{"cut": 2, "free": false, "queued": 1, "tick": 74}	{"built": null, "tick": 74}	no	no	yes
8	k3	22	218	23100220218	state	37	5	36	{"coin_queued_offered": [37], "coin_queued_offered_any": [37]}	ON THE BOARD	{}	{}	no	no	yes
8	k3	22	222	23100220222	lookahead	61	8	61	{}	LOOKAHEAD ONLY, both halves hold	{"cut": 2, "free": false, "queued": 1, "tick": 61}	{"built": null, "tick": 61}	no	no	yes
8	k3	22	223	23100220223	state	37	5	36	{"coin_queued_offered": [37], "coin_queued_offered_any": [37]}	ON THE BOARD	{}	{}	no	no	yes
8	k3	22	224	23100220224	state	70	12	69	{"coin_queued_offered": [70], "coin_queued_offered_any": [70]}	ON THE BOARD	{}	{}	no	no	yes
8	k3	22	226	23100220226	state	41	5	40	{"coin_queued_offered": [41], "coin_queued_offered_any": [41]}	ON THE BOARD	{}	{}	no	no	yes
8	k3	22	228	23100220228	lookahead	59	10	59	{}	LOOKAHEAD ONLY, both halves hold	{"cut": 1, "free": false, "queued": 2, "tick": 59}	{"built": null, "tick": 59}	no	no	yes
8	k3	22	230	23100220230	lookahead	75	10	75	{}	LOOKAHEAD ONLY, both halves hold	{"cut": 2, "free": false, "queued": 1, "tick": 75}	{"built": null, "tick": 75}	no	no	yes
8	k3	22	231	23100220231	lookahead	47	6	47	{}	LOOKAHEAD ONLY, both halves hold	{"cut": 2, "free": false, "queued": 1, "tick": 47}	{"built": null, "tick": 47}	no	no	yes
8	k3	22	232	23100220232	state	52	7	51	{"coin_queued_offered": [52], "coin_queued_offered_any": [52]}	ON THE BOARD	{}	{}	no	no	yes
8	k3	22	233	23100220233	lookahead	74	10	74	{}	LOOKAHEAD ONLY, both halves hold	{"cut": 2, "free": false, "queued": 1, "tick": 74}	{"built": null, "tick": 74}	no	no	yes
8	k3	22	236	23100220236	state	85	13	84	{"coin_queued_offered": [85], "coin_queued_offered_any": [85]}	ON THE BOARD	{}	{}	no	no	yes
8	k3	22	238	23100220238	state	75	12	74	{"coin_queued_offered": [75], "coin_queued_offered_any": [75]}	ON THE BOARD	{}	{}	no	no	yes
8	k3	22	239	23100220239	lookahead	67	9	67	{}	LOOKAHEAD ONLY, both halves hold	{"cut": 2, "free": false, "queued": 1, "tick": 67}	{"built": null, "tick": 67}	no	no	yes
8	k3	22	241	23100220241	state	102	15	101	{"coin_queued_offered": [102], "coin_queued_offered_any": [102]}	ON THE BOARD	{}	{}	no	no	yes
8	k3	22	242	23100220242	lookahead	65	9	65	{}	LOOKAHEAD ONLY, both halves hold	{"cut": 2, "free": false, "queued": 1, "tick": 65}	{"built": null, "tick": 65}	no	no	yes
8	k3	22	243	23100220243	lookahead	41	5	41	{}	LOOKAHEAD ONLY, both halves hold	{"cut": 2, "free": false, "queued": 1, "tick": 41}	{"built": null, "tick": 41}	no	no	yes
8	k3	22	246	23100220246	state	79	13	78	{"coin_queued_offered": [79], "coin_queued_offered_any": [79]}	ON THE BOARD	{}	{}	no	no	yes
8	k3	22	247	23100220247	lookahead	64	8	64	{}	LOOKAHEAD ONLY, both halves hold	{"cut": 2, "free": false, "queued": 1, "tick": 64}	{"built": null, "tick": 64}	no	no	yes
8	k3	22	248	23100220248	state	59	7	58	{"coin_queued_offered": [59], "coin_queued_offered_any": [59]}	ON THE BOARD	{}	{}	no	no	yes
8	k3	22	249	23100220249	lookahead	81	11	81	{}	LOOKAHEAD ONLY, both halves hold	{"cut": 3, "free": false, "queued": 2, "tick": 81}	{"built": null, "tick": 81}	no	no	yes
8	k3	31	12	23100310012	state	45	8	44	{"vs_confused_choice_chosen": [45], "vs_confused_choice_offered": [45], "vs_confusion_first_built": [44]}	ON THE BOARD	{}	{}	no	no	yes
8	k3	31	74	23100310074	state	60	8	59	{"vs_confused_choice_chosen": [60], "vs_confused_choice_offered": [60], "vs_confusion_first_built": [59]}	ON THE BOARD	{}	{}	no	no	yes
8	k3	31	81	23100310081	length	72		None	{}	UNEXPLAINED	{}	{}	no	no	yes
8	k3	31	114	23100310114	state	68	10	67	{"vs_confused_choice_chosen": [68], "vs_confused_choice_offered": [68], "vs_confusion_first_built": [67]}	ON THE BOARD	{}	{}	no	no	yes
8	k3	31	121	23100310121	lookahead	65	9	65	{}	LOOKAHEAD ONLY, both halves hold	{"cut": null, "free": false, "queued": null, "tick": 65}	{"built": 2, "tick": 65}	no	no	yes
8	k3	31	127	23100310127	state	54	8	53	{"vs_confused_choice_chosen": [54], "vs_confused_choice_offered": [54], "vs_confusion_first_built": [53]}	ON THE BOARD	{}	{}	no	no	yes
8	k3	31	173	23100310173	state	55	9	54	{"vs_confused_choice_chosen": [55], "vs_confused_choice_offered": [55], "vs_confusion_first_built": [54]}	ON THE BOARD	{}	{}	no	no	yes
8	k3	31	176	23100310176	state	44	7	43	{"vs_confused_choice_chosen": [44], "vs_confused_choice_offered": [44], "vs_confusion_first_built": [43]}	ON THE BOARD	{}	{}	no	no	yes
8	k3	31	180	23100310180	state	73	10	72	{"vs_confused_choice_chosen": [73], "vs_confused_choice_offered": [73], "vs_confusion_first_built": [72]}	ON THE BOARD	{}	{}	no	no	yes
8	k3	31	189	23100310189	state	79	11	78	{"vs_confused_choice_chosen": [79], "vs_confused_choice_offered": [79], "vs_confusion_first_built": [78]}	ON THE BOARD	{}	{}	no	no	yes
8	k3	31	190	23100310190	state	66	11	65	{"vs_confused_choice_chosen": [66], "vs_confused_choice_offered": [66], "vs_confusion_first_built": [65]}	ON THE BOARD	{}	{}	no	no	yes
8	k3	31	240	23100310240	state	78	11	77	{"vs_confused_choice_chosen": [78], "vs_confused_choice_offered": [78], "vs_confusion_first_built": [77]}	ON THE BOARD	{}	{}	no	no	yes
8b	k3	32	6	23100320006	lookahead	39	6	39	{}	LOOKAHEAD ONLY, both halves hold	{"cut": null, "free": false, "queued": null, "tick": 39}	{"built": 0, "tick": 39}	no	no	yes
8b	k3	32	11	23100320011	state	51	7	50	{"vs_confused_choice_chosen": [51], "vs_confused_choice_offered": [51], "vs_confusion_first_built": [50]}	ON THE BOARD	{}	{}	no	no	yes
8b	k3	32	12	23100320012	state	35	5	34	{"vs_confused_choice_chosen": [35], "vs_confused_choice_offered": [35], "vs_confusion_first_built": [34]}	ON THE BOARD	{}	{}	no	no	yes
8b	k3	32	24	23100320024	state	34	4	33	{"vs_confused_choice_chosen": [34], "vs_confused_choice_offered": [34], "vs_confusion_first_built": [33]}	ON THE BOARD	{}	{}	no	no	yes
8b	k3	32	27	23100320027	state	26	3	25	{"vs_confused_choice_chosen": [26], "vs_confused_choice_offered": [26], "vs_confusion_first_built": [25]}	ON THE BOARD	{}	{}	no	no	yes
8b	k3	32	29	23100320029	state	35	5	34	{"vs_confused_choice_chosen": [35], "vs_confused_choice_offered": [35], "vs_confusion_first_built": [34]}	ON THE BOARD	{}	{}	no	no	yes
8b	k3	32	35	23100320035	state	28	3	27	{"vs_confused_choice_chosen": [28], "vs_confused_choice_offered": [28], "vs_confusion_first_built": [27]}	ON THE BOARD	{}	{}	no	no	yes
8b	k3	32	38	23100320038	lookahead	16	3	16	{}	LOOKAHEAD ONLY, both halves hold	{"cut": null, "free": false, "queued": null, "tick": 16}	{"built": 2, "tick": 16}	no	no	yes
8b	k3	33	1	23100330001	state	18	3	17	{"coin_queued_offered": [18], "coin_queued_offered_any": [18]}	ON THE BOARD	{}	{}	no	no	yes
8b	k3	33	2	23100330002	state	19	2	18	{"coin_queued_offered": [19], "coin_queued_offered_any": [19]}	ON THE BOARD	{}	{}	no	no	yes
8b	k3	33	5	23100330005	state	26	3	25	{"coin_queued_offered": [26], "coin_queued_offered_any": [26]}	ON THE BOARD	{}	{}	no	no	yes
8b	k3	33	13	23100330013	state	22	3	21	{"coin_queued_offered": [22], "coin_queued_offered_any": [22]}	ON THE BOARD	{}	{}	no	no	yes
8b	k3	33	20	23100330020	lookahead	10	2	10	{}	LOOKAHEAD ONLY, both halves hold	{"cut": null, "free": true, "queued": 2, "tick": 10}	{"built": null, "tick": 10}	no	no	yes
8b	k3	33	21	23100330021	state	21	3	20	{"coin_queued_offered": [21], "coin_queued_offered_any": [21]}	ON THE BOARD	{}	{}	no	no	yes
8b	k3	33	24	23100330024	state	27	3	26	{"coin_queued_offered": [27], "coin_queued_offered_any": [27]}	ON THE BOARD	{}	{}	no	no	yes
8b	k3	33	25	23100330025	state	20	3	19	{"coin_queued_offered": [20], "coin_queued_offered_any": [20]}	ON THE BOARD	{}	{}	no	no	yes
8b	k3	33	28	23100330028	state	28	3	27	{"coin_queued_offered": [28], "coin_queued_offered_any": [28]}	ON THE BOARD	{}	{}	no	no	yes
8b	k3	33	32	23100330032	lookahead	19	3	19	{}	LOOKAHEAD ONLY, both halves hold	{"cut": null, "free": true, "queued": 2, "tick": 19}	{"built": null, "tick": 19}	no	no	yes
8b	k3	33	35	23100330035	state	44	6	43	{"coin_queued_offered": [44], "coin_queued_offered_any": [44]}	ON THE BOARD	{}	{}	no	no	yes
8b	k3	33	36	23100330036	state	55	7	54	{"coin_queued_offered": [55], "coin_queued_offered_any": [55]}	ON THE BOARD	{}	{}	no	no	yes
8b	k3	33	37	23100330037	state	54	7	53	{"coin_queued_offered": [54], "coin_queued_offered_any": [54]}	ON THE BOARD	{}	{}	no	no	yes
8b	k3	34	5	23100340005	state	43	6	42	{"coin_queued_offered": [43], "coin_queued_offered_any": [43]}	ON THE BOARD	{}	{}	no	no	yes
8b	k3	34	7	23100340007	lookahead	64	10	64	{}	LOOKAHEAD ONLY, both halves hold	{"cut": null, "free": false, "queued": 1, "tick": 64}	{"built": null, "tick": 64}	no	no	yes
8b	k3	34	8	23100340008	state	40	5	39	{"coin_queued_offered": [40], "coin_queued_offered_any": [40]}	ON THE BOARD	{}	{}	no	no	yes
8b	k3	34	17	23100340017	state	49	6	48	{"coin_queued_offered": [49], "coin_queued_offered_any": [49]}	ON THE BOARD	{}	{}	no	no	yes
8b	k3	34	27	23100340027	state	62	7	61	{"coin_queued_offered": [62], "coin_queued_offered_any": [62]}	ON THE BOARD	{}	{}	no	no	yes
8b	k3	34	32	23100340032	state	47	6	46	{"coin_queued_offered": [47], "coin_queued_offered_any": [47]}	ON THE BOARD	{}	{}	no	no	yes
8b	k3	34	34	23100340034	state	73	10	72	{"coin_queued_offered": [73], "coin_queued_offered_any": [73]}	ON THE BOARD	{}	{}	no	no	yes
8b	k3	34	35	23100340035	state	68	9	67	{"coin_queued_offered": [68], "coin_queued_offered_any": [68]}	ON THE BOARD	{}	{}	no	no	yes
8b	k3	35	2	23100350002	state	58	7	57	{"coin_queued_offered": [58], "coin_queued_offered_any": [58]}	ON THE BOARD	{}	{}	no	no	yes
8b	k3	35	17	23100350017	state	90	15	89	{"coin_queued_offered": [90], "coin_queued_offered_any": [90]}	ON THE BOARD	{}	{}	no	no	yes
8	km3	1	0	23100010000	state	17	2	16	{"coin_queued_offered": [17], "coin_queued_offered_any": [17]}	ON THE BOARD	{}	{}	no	no	yes
8	km3	1	3	23100010003	lookahead	26	4	26	{}	LOOKAHEAD ONLY, both halves hold	{"cut": null, "free": true, "queued": 1, "tick": 26}	{"built": null, "tick": 26}	yes	yes	yes
8	km3	1	4	23100010004	lookahead	53	7	53	{}	LOOKAHEAD ONLY, both halves hold	{"cut": null, "free": false, "queued": 2, "tick": 53}	{"built": null, "tick": 53}	no	no	yes
8	km3	1	10	23100010010	lookahead	43	6	43	{}	LOOKAHEAD ONLY, both halves hold	{"cut": null, "free": false, "queued": 2, "tick": 43}	{"built": null, "tick": 43}	no	no	yes
8	km3	1	13	23100010013	lookahead	48	6	48	{}	LOOKAHEAD ONLY, both halves hold	{"cut": null, "free": true, "queued": 2, "tick": 48}	{"built": null, "tick": 48}	no	no	yes
8	km3	1	29	23100010029	state	14	2	13	{"coin_queued_offered": [14], "coin_queued_offered_any": [14]}	ON THE BOARD	{}	{}	no	no	yes
8	km3	1	30	23100010030	lookahead	49	7	49	{}	LOOKAHEAD ONLY, both halves hold	{"cut": null, "free": false, "queued": 2, "tick": 49}	{"built": null, "tick": 49}	no	no	yes
8	km3	1	32	23100010032	state	32	4	31	{"coin_queued_offered": [32], "coin_queued_offered_any": [32]}	ON THE BOARD	{}	{}	no	no	yes
8	km3	1	35	23100010035	lookahead	13	2	13	{}	LOOKAHEAD ONLY, both halves hold	{"cut": null, "free": true, "queued": 1, "tick": 13}	{"built": null, "tick": 13}	no	no	yes
8	km3	1	36	23100010036	state	15	2	14	{"coin_queued_offered": [15], "coin_queued_offered_any": [15]}	ON THE BOARD	{}	{}	no	no	yes
8	km3	1	47	23100010047	lookahead	13	2	13	{}	LOOKAHEAD ONLY, both halves hold	{"cut": null, "free": true, "queued": 2, "tick": 13}	{"built": null, "tick": 13}	no	no	yes
8	km3	1	50	23100010050	lookahead	41	6	41	{}	LOOKAHEAD ONLY, both halves hold	{"cut": null, "free": false, "queued": 2, "tick": 41}	{"built": null, "tick": 41}	yes	yes	yes
8	km3	1	55	23100010055	state	22	3	21	{"coin_queued_offered": [22], "coin_queued_offered_any": [22]}	ON THE BOARD	{}	{}	no	no	yes
8	km3	1	57	23100010057	state	28	3	27	{"coin_queued_offered": [28], "coin_queued_offered_any": [28]}	ON THE BOARD	{}	{}	no	no	yes
8	km3	1	59	23100010059	state	29	3	28	{"coin_queued_offered": [29], "coin_queued_offered_any": [29]}	ON THE BOARD	{}	{}	no	no	yes
8	km3	1	60	23100010060	state	64	9	63	{"coin_queued_offered": [64], "coin_queued_offered_any": [64]}	ON THE BOARD	{}	{}	no	no	yes
8	km3	1	61	23100010061	lookahead	71	9	71	{}	LOOKAHEAD ONLY, both halves hold	{"cut": null, "free": true, "queued": 3, "tick": 71}	{"built": null, "tick": 71}	no	no	yes
8	km3	1	66	23100010066	lookahead	41	6	41	{}	LOOKAHEAD ONLY, both halves hold	{"cut": null, "free": true, "queued": 3, "tick": 41}	{"built": null, "tick": 41}	no	no	yes
8	km3	1	74	23100010074	lookahead	18	3	18	{}	LOOKAHEAD ONLY, both halves hold	{"cut": null, "free": true, "queued": 2, "tick": 18}	{"built": null, "tick": 18}	no	yes	yes
8	km3	1	75	23100010075	state	14	2	13	{"coin_queued_offered": [14], "coin_queued_offered_any": [14]}	ON THE BOARD	{}	{}	no	no	yes
8	km3	1	76	23100010076	state	59	8	58	{"coin_queued_offered": [59], "coin_queued_offered_any": [59]}	ON THE BOARD	{}	{}	no	no	yes
8	km3	1	79	23100010079	lookahead	38	5	38	{}	LOOKAHEAD ONLY, both halves hold	{"cut": null, "free": true, "queued": 1, "tick": 38}	{"built": null, "tick": 38}	yes	yes	yes
8	km3	1	87	23100010087	state	41	5	40	{"coin_queued_offered": [41], "coin_queued_offered_any": [41]}	ON THE BOARD	{}	{}	no	no	yes
8	km3	1	96	23100010096	lookahead	68	10	68	{}	LOOKAHEAD ONLY, both halves hold	{"cut": null, "free": false, "queued": 2, "tick": 68}	{"built": null, "tick": 68}	yes	yes	yes
8	km3	1	101	23100010101	state	29	4	28	{"coin_queued_offered": [29], "coin_queued_offered_any": [29]}	ON THE BOARD	{}	{}	no	no	yes
8	km3	1	115	23100010115	lookahead	71	10	71	{}	LOOKAHEAD ONLY, both halves hold	{"cut": null, "free": true, "queued": 1, "tick": 71}	{"built": null, "tick": 71}	no	no	yes
8	km3	1	116	23100010116	state	41	5	40	{"coin_queued_offered": [41], "coin_queued_offered_any": [41]}	ON THE BOARD	{}	{}	no	no	yes
8	km3	1	121	23100010121	state	26	3	25	{"coin_queued_offered": [26], "coin_queued_offered_any": [26]}	ON THE BOARD	{}	{}	no	no	yes
8	km3	1	124	23100010124	state	76	11	75	{"coin_queued_offered": [76], "coin_queued_offered_any": [76]}	ON THE BOARD	{}	{}	no	no	yes
8	km3	1	127	23100010127	lookahead	59	9	59	{}	LOOKAHEAD ONLY, both halves hold	{"cut": null, "free": false, "queued": 2, "tick": 59}	{"built": null, "tick": 59}	yes	yes	yes
8	km3	1	131	23100010131	lookahead	83	12	83	{}	LOOKAHEAD ONLY, both halves hold	{"cut": null, "free": true, "queued": 3, "tick": 83}	{"built": null, "tick": 83}	no	no	yes
8	km3	1	133	23100010133	state	48	7	47	{"coin_queued_offered": [48], "coin_queued_offered_any": [48]}	ON THE BOARD	{}	{}	no	no	yes
8	km3	1	134	23100010134	lookahead	69	10	69	{}	LOOKAHEAD ONLY, both halves hold	{"cut": null, "free": false, "queued": 2, "tick": 69}	{"built": null, "tick": 69}	no	no	yes
8	km3	1	135	23100010135	state	24	3	23	{"coin_queued_offered": [24], "coin_queued_offered_any": [24]}	ON THE BOARD	{}	{}	no	no	yes
8	km3	1	136	23100010136	lookahead	67	10	67	{}	LOOKAHEAD ONLY, both halves hold	{"cut": null, "free": false, "queued": 1, "tick": 67}	{"built": null, "tick": 67}	no	no	yes
8	km3	1	139	23100010139	lookahead	10	2	10	{}	LOOKAHEAD ONLY, both halves hold	{"cut": null, "free": true, "queued": 2, "tick": 10}	{"built": null, "tick": 10}	no	no	yes
8	km3	1	140	23100010140	state	22	3	21	{"coin_queued_offered": [22], "coin_queued_offered_any": [22]}	ON THE BOARD	{}	{}	no	no	yes
8	km3	1	141	23100010141	state	94	12	93	{"coin_queued_offered": [94], "coin_queued_offered_any": [94]}	ON THE BOARD	{}	{}	no	no	yes
8	km3	1	144	23100010144	lookahead	38	5	38	{}	LOOKAHEAD ONLY, both halves hold	{"cut": null, "free": true, "queued": 2, "tick": 38}	{"built": null, "tick": 38}	no	yes	yes
8	km3	1	146	23100010146	lookahead	15	3	15	{}	LOOKAHEAD ONLY, both halves hold	{"cut": null, "free": true, "queued": 2, "tick": 15}	{"built": null, "tick": 15}	yes	yes	yes
8	km3	1	151	23100010151	state	24	4	23	{"coin_queued_offered": [24], "coin_queued_offered_any": [24]}	ON THE BOARD	{}	{}	no	no	yes
8	km3	1	152	23100010152	state	23	3	22	{"coin_queued_offered": [23], "coin_queued_offered_any": [23]}	ON THE BOARD	{}	{}	no	no	yes
8	km3	1	154	23100010154	state	69	9	68	{"coin_queued_offered": [69], "coin_queued_offered_any": [69]}	ON THE BOARD	{}	{}	no	no	yes
8	km3	1	160	23100010160	state	15	2	14	{"coin_queued_offered": [15], "coin_queued_offered_any": [15]}	ON THE BOARD	{}	{}	no	no	yes
8	km3	1	165	23100010165	state	63	8	62	{"coin_queued_offered": [63], "coin_queued_offered_any": [63]}	ON THE BOARD	{}	{}	no	no	yes
8	km3	1	166	23100010166	state	19	2	18	{"coin_queued_offered": [19], "coin_queued_offered_any": [19]}	ON THE BOARD	{}	{}	no	no	yes
8	km3	1	173	23100010173	lookahead	109	15	109	{}	LOOKAHEAD ONLY, both halves hold	{"cut": null, "free": false, "queued": 2, "tick": 109}	{"built": null, "tick": 109}	no	no	yes
8	km3	1	179	23100010179	state	73	9	72	{"coin_queued_offered": [73], "coin_queued_offered_any": [73]}	ON THE BOARD	{}	{}	no	no	yes
8	km3	1	181	23100010181	state	59	8	58	{"coin_queued_offered": [59], "coin_queued_offered_any": [59]}	ON THE BOARD	{}	{}	no	no	yes
8	km3	1	184	23100010184	state	22	3	21	{"coin_queued_offered": [22], "coin_queued_offered_any": [22]}	ON THE BOARD	{}	{}	no	no	yes
8	km3	1	187	23100010187	lookahead	114	14	114	{}	LOOKAHEAD ONLY, both halves hold	{"cut": null, "free": false, "queued": 1, "tick": 114}	{"built": null, "tick": 114}	yes	yes	yes
8	km3	1	189	23100010189	state	33	4	32	{"coin_queued_offered": [33], "coin_queued_offered_any": [33]}	ON THE BOARD	{}	{}	no	no	yes
8	km3	1	191	23100010191	state	20	3	19	{"coin_queued_offered": [20], "coin_queued_offered_any": [20]}	ON THE BOARD	{}	{}	no	no	yes
8	km3	1	192	23100010192	lookahead	107	14	107	{}	LOOKAHEAD ONLY, both halves hold	{"cut": null, "free": false, "queued": 1, "tick": 107}	{"built": null, "tick": 107}	no	no	yes
8	km3	1	197	23100010197	lookahead	93	12	93	{}	LOOKAHEAD ONLY, both halves hold	{"cut": null, "free": false, "queued": 2, "tick": 93}	{"built": null, "tick": 93}	no	no	yes
8	km3	1	201	23100010201	lookahead	9	2	9	{}	LOOKAHEAD ONLY, both halves hold	{"cut": null, "free": true, "queued": 2, "tick": 9}	{"built": null, "tick": 9}	yes	yes	yes
8	km3	1	202	23100010202	state	28	4	27	{"coin_queued_offered": [28], "coin_queued_offered_any": [28]}	ON THE BOARD	{}	{}	no	no	yes
8	km3	1	206	23100010206	state	62	9	61	{"coin_queued_offered": [62], "coin_queued_offered_any": [62]}	ON THE BOARD	{}	{}	no	no	yes
8	km3	1	208	23100010208	state	17	2	16	{"coin_queued_offered": [17], "coin_queued_offered_any": [17]}	ON THE BOARD	{}	{}	no	no	yes
8	km3	1	210	23100010210	state	16	2	15	{"coin_queued_offered": [16], "coin_queued_offered_any": [16]}	ON THE BOARD	{}	{}	no	no	yes
8	km3	1	212	23100010212	state	55	8	54	{"coin_queued_offered": [55], "coin_queued_offered_any": [55]}	ON THE BOARD	{}	{}	no	no	yes
8	km3	1	213	23100010213	state	52	8	51	{"coin_queued_offered": [52], "coin_queued_offered_any": [52]}	ON THE BOARD	{}	{}	no	no	yes
8	km3	1	215	23100010215	state	16	2	15	{"coin_queued_offered": [16], "coin_queued_offered_any": [16]}	ON THE BOARD	{}	{}	no	no	yes
8	km3	1	217	23100010217	lookahead	106	13	106	{}	LOOKAHEAD ONLY, both halves hold	{"cut": null, "free": false, "queued": 2, "tick": 106}	{"built": null, "tick": 106}	yes	yes	yes
8	km3	1	219	23100010219	lookahead	92	11	92	{}	LOOKAHEAD ONLY, both halves hold	{"cut": null, "free": true, "queued": 1, "tick": 92}	{"built": null, "tick": 92}	no	no	yes
8	km3	1	222	23100010222	lookahead	22	3	22	{}	LOOKAHEAD ONLY, both halves hold	{"cut": null, "free": true, "queued": 2, "tick": 22}	{"built": null, "tick": 22}	no	no	yes
8	km3	1	223	23100010223	lookahead	11	2	11	{}	LOOKAHEAD ONLY, both halves hold	{"cut": null, "free": true, "queued": 1, "tick": 11}	{"built": null, "tick": 11}	no	no	yes
8	km3	1	224	23100010224	state	17	2	16	{"coin_queued_offered": [17], "coin_queued_offered_any": [17]}	ON THE BOARD	{}	{}	no	no	yes
8	km3	1	228	23100010228	state	23	3	22	{"coin_queued_offered": [23], "coin_queued_offered_any": [23]}	ON THE BOARD	{}	{}	no	no	yes
8	km3	1	229	23100010229	state	70	8	69	{"coin_queued_offered": [70], "coin_queued_offered_any": [70]}	ON THE BOARD	{}	{}	no	no	yes
8	km3	1	230	23100010230	state	19	2	18	{"coin_queued_offered": [19], "coin_queued_offered_any": [19]}	ON THE BOARD	{}	{}	no	no	yes
8	km3	1	232	23100010232	lookahead	85	11	85	{}	LOOKAHEAD ONLY, both halves hold	{"cut": null, "free": true, "queued": 3, "tick": 85}	{"built": null, "tick": 85}	no	no	yes
8	km3	1	241	23100010241	state	34	5	33	{"coin_queued_offered": [34], "coin_queued_offered_any": [34]}	ON THE BOARD	{}	{}	no	no	yes
8	km3	1	250	23100010250	lookahead	62	9	62	{}	LOOKAHEAD ONLY, both halves hold	{"cut": null, "free": true, "queued": 3, "tick": 62}	{"built": null, "tick": 62}	yes	yes	yes
8	km3	1	256	23100010256	state	84	11	83	{"coin_queued_offered": [84], "coin_queued_offered_any": [84]}	ON THE BOARD	{}	{}	no	no	yes
8	km3	1	257	23100010257	lookahead	11	2	11	{}	LOOKAHEAD ONLY, both halves hold	{"cut": null, "free": true, "queued": 2, "tick": 11}	{"built": null, "tick": 11}	yes	yes	yes
8	km3	1	263	23100010263	state	18	2	17	{"coin_queued_offered": [18], "coin_queued_offered_any": [18]}	ON THE BOARD	{}	{}	no	no	yes
8	km3	1	269	23100010269	state	37	6	36	{"coin_queued_offered": [37], "coin_queued_offered_any": [37]}	ON THE BOARD	{}	{}	no	no	yes
8	km3	1	271	23100010271	state	17	2	16	{"coin_queued_offered": [17], "coin_queued_offered_any": [17]}	ON THE BOARD	{}	{}	no	no	yes
8	km3	1	277	23100010277	lookahead	74	10	74	{}	LOOKAHEAD ONLY, both halves hold	{"cut": null, "free": false, "queued": 2, "tick": 74}	{"built": null, "tick": 74}	yes	yes	yes
8	km3	1	279	23100010279	lookahead	92	12	92	{}	LOOKAHEAD ONLY, both halves hold	{"cut": null, "free": true, "queued": 3, "tick": 92}	{"built": null, "tick": 92}	no	no	yes
8	km3	1	282	23100010282	state	20	2	19	{"coin_queued_offered": [20], "coin_queued_offered_any": [20]}	ON THE BOARD	{}	{}	no	no	yes
8	km3	1	283	23100010283	state	18	3	17	{"coin_queued_offered": [18], "coin_queued_offered_any": [18]}	ON THE BOARD	{}	{}	no	no	yes
8	km3	1	287	23100010287	lookahead	56	8	56	{}	LOOKAHEAD ONLY, both halves hold	{"cut": null, "free": false, "queued": 2, "tick": 56}	{"built": null, "tick": 56}	no	no	yes
8	km3	1	291	23100010291	lookahead	45	6	45	{}	LOOKAHEAD ONLY, both halves hold	{"cut": null, "free": false, "queued": 2, "tick": 45}	{"built": null, "tick": 45}	yes	yes	yes
8	km3	1	295	23100010295	lookahead	77	10	77	{}	LOOKAHEAD ONLY, both halves hold	{"cut": null, "free": true, "queued": 2, "tick": 77}	{"built": null, "tick": 77}	no	no	yes
8	km3	1	302	23100010302	state	16	2	15	{"coin_queued_offered": [16], "coin_queued_offered_any": [16]}	ON THE BOARD	{}	{}	no	no	yes
8	km3	1	304	23100010304	state	14	2	13	{"coin_queued_offered": [14], "coin_queued_offered_any": [14]}	ON THE BOARD	{}	{}	no	no	yes
8	km3	1	307	23100010307	state	44	6	43	{"coin_queued_offered": [44], "coin_queued_offered_any": [44]}	ON THE BOARD	{}	{}	no	no	yes
8	km3	1	309	23100010309	state	44	6	43	{"coin_queued_offered": [44], "coin_queued_offered_any": [44]}	ON THE BOARD	{}	{}	no	no	yes
8	km3	1	311	23100010311	state	30	4	29	{"coin_queued_offered": [30], "coin_queued_offered_any": [30]}	ON THE BOARD	{}	{}	no	no	yes
8	km3	1	319	23100010319	state	106	14	105	{"coin_queued_offered": [106], "coin_queued_offered_any": [106]}	ON THE BOARD	{}	{}	no	no	yes
8	km3	1	321	23100010321	lookahead	57	7	57	{}	LOOKAHEAD ONLY, both halves hold	{"cut": null, "free": true, "queued": 1, "tick": 57}	{"built": null, "tick": 57}	no	no	yes
8	km3	1	322	23100010322	state	19	2	18	{"coin_queued_offered": [19], "coin_queued_offered_any": [19]}	ON THE BOARD	{}	{}	no	no	yes
8	km3	1	328	23100010328	state	16	2	15	{"coin_queued_offered": [16], "coin_queued_offered_any": [16]}	ON THE BOARD	{}	{}	no	no	yes
8	km3	1	333	23100010333	lookahead	17	3	17	{}	LOOKAHEAD ONLY, both halves hold	{"cut": null, "free": true, "queued": 2, "tick": 17}	{"built": null, "tick": 17}	no	no	yes
8	km3	1	335	23100010335	state	29	3	28	{"coin_queued_offered": [29], "coin_queued_offered_any": [29]}	ON THE BOARD	{}	{}	no	no	yes
8	km3	1	336	23100010336	lookahead	11	2	11	{}	LOOKAHEAD ONLY, both halves hold	{"cut": null, "free": true, "queued": 2, "tick": 11}	{"built": null, "tick": 11}	no	no	yes
8	km3	1	337	23100010337	state	17	2	16	{"coin_queued_offered": [17], "coin_queued_offered_any": [17]}	ON THE BOARD	{}	{}	no	no	yes
8	km3	1	338	23100010338	state	11	2	10	{"coin_queued_offered": [11], "coin_queued_offered_any": [11]}	ON THE BOARD	{}	{}	no	no	yes
8	km3	1	341	23100010341	lookahead	85	13	85	{}	LOOKAHEAD ONLY, both halves hold	{"cut": null, "free": true, "queued": 3, "tick": 85}	{"built": null, "tick": 85}	no	no	yes
8	km3	1	343	23100010343	state	60	9	59	{"coin_queued_offered": [60], "coin_queued_offered_any": [60]}	ON THE BOARD	{}	{}	no	no	yes
8	km3	1	344	23100010344	state	15	2	14	{"coin_queued_offered": [15], "coin_queued_offered_any": [15]}	ON THE BOARD	{}	{}	no	no	yes
8	km3	1	345	23100010345	state	62	9	61	{"coin_queued_offered": [62], "coin_queued_offered_any": [62]}	ON THE BOARD	{}	{}	no	no	yes
8	km3	1	350	23100010350	state	14	2	13	{"coin_queued_offered": [14], "coin_queued_offered_any": [14]}	ON THE BOARD	{}	{}	no	no	yes
8	km3	1	355	23100010355	state	14	2	13	{"coin_queued_offered": [14], "coin_queued_offered_any": [14]}	ON THE BOARD	{}	{}	no	no	yes
8	km3	1	363	23100010363	state	16	2	15	{"coin_queued_offered": [16], "coin_queued_offered_any": [16]}	ON THE BOARD	{}	{}	no	no	yes
8	km3	1	364	23100010364	state	32	4	31	{"coin_queued_offered": [32], "coin_queued_offered_any": [32]}	ON THE BOARD	{}	{}	no	no	yes
8	km3	1	371	23100010371	lookahead	15	2	15	{}	LOOKAHEAD ONLY, both halves hold	{"cut": null, "free": true, "queued": 3, "tick": 15}	{"built": null, "tick": 15}	no	no	yes
8	km3	1	372	23100010372	state	62	8	61	{"coin_queued_offered": [62], "coin_queued_offered_any": [62]}	ON THE BOARD	{}	{}	no	no	yes
8	km3	1	376	23100010376	lookahead	100	13	100	{}	LOOKAHEAD ONLY, both halves hold	{"cut": null, "free": true, "queued": 3, "tick": 100}	{"built": null, "tick": 100}	no	no	yes
8	km3	1	377	23100010377	state	19	2	18	{"coin_queued_offered": [19], "coin_queued_offered_any": [19]}	ON THE BOARD	{}	{}	no	no	yes
8	km3	1	378	23100010378	lookahead	59	8	59	{}	LOOKAHEAD ONLY, both halves hold	{"cut": null, "free": false, "queued": 2, "tick": 59}	{"built": null, "tick": 59}	yes	yes	yes
8	km3	1	381	23100010381	lookahead	18	3	18	{}	LOOKAHEAD ONLY, both halves hold	{"cut": null, "free": true, "queued": 2, "tick": 18}	{"built": null, "tick": 18}	no	no	yes
8	km3	1	382	23100010382	state	13	2	12	{"coin_queued_offered": [13], "coin_queued_offered_any": [13]}	ON THE BOARD	{}	{}	no	no	yes
8	km3	1	387	23100010387	lookahead	56	8	56	{}	LOOKAHEAD ONLY, both halves hold	{"cut": null, "free": false, "queued": 2, "tick": 56}	{"built": null, "tick": 56}	no	no	yes
8	km3	1	389	23100010389	state	39	5	38	{"coin_queued_offered": [39], "coin_queued_offered_any": [39]}	ON THE BOARD	{}	{}	no	no	yes
8	km3	1	393	23100010393	state	38	4	37	{"coin_queued_offered": [38], "coin_queued_offered_any": [38]}	ON THE BOARD	{}	{}	no	no	yes
8	km3	1	395	23100010395	state	59	8	58	{"coin_queued_offered": [59], "coin_queued_offered_any": [59]}	ON THE BOARD	{}	{}	no	no	yes
8	km3	1	399	23100010399	lookahead	81	13	81	{}	UNEXPLAINED	{"cut": null, "free": false, "queued": null, "tick": 81}	{"built": null, "tick": 81}	no	no	yes
8	km3	1	404	23100010404	lookahead	107	15	107	{}	LOOKAHEAD ONLY, both halves hold	{"cut": null, "free": false, "queued": 1, "tick": 107}	{"built": null, "tick": 107}	no	no	yes
8	km3	1	407	23100010407	lookahead	104	14	104	{}	LOOKAHEAD ONLY, both halves hold	{"cut": null, "free": false, "queued": 2, "tick": 104}	{"built": null, "tick": 104}	no	no	yes
8	km3	1	408	23100010408	state	17	2	16	{"coin_queued_offered": [17], "coin_queued_offered_any": [17]}	ON THE BOARD	{}	{}	no	no	yes
8	km3	1	409	23100010409	state	67	9	66	{"coin_queued_offered": [67], "coin_queued_offered_any": [67]}	ON THE BOARD	{}	{}	no	no	yes
8	km3	1	416	23100010416	state	59	9	58	{"coin_queued_offered": [59], "coin_queued_offered_any": [59]}	ON THE BOARD	{}	{}	no	no	yes
8	km3	1	420	23100010420	lookahead	104	15	104	{}	LOOKAHEAD ONLY, both halves hold	{"cut": null, "free": true, "queued": 3, "tick": 104}	{"built": null, "tick": 104}	no	no	yes
8	km3	1	421	23100010421	state	24	3	23	{"coin_queued_offered": [24], "coin_queued_offered_any": [24]}	ON THE BOARD	{}	{}	no	no	yes
8	km3	1	424	23100010424	state	37	4	36	{"coin_queued_offered": [37], "coin_queued_offered_any": [37]}	ON THE BOARD	{}	{}	no	no	yes
8	km3	1	428	23100010428	state	68	9	67	{"coin_queued_offered": [68], "coin_queued_offered_any": [68]}	ON THE BOARD	{}	{}	no	no	yes
8	km3	1	431	23100010431	lookahead	18	3	18	{}	LOOKAHEAD ONLY, both halves hold	{"cut": null, "free": true, "queued": 2, "tick": 18}	{"built": null, "tick": 18}	no	no	yes
8	km3	1	436	23100010436	state	97	13	96	{"coin_queued_offered": [97], "coin_queued_offered_any": [97]}	ON THE BOARD	{}	{}	no	no	yes
8	km3	1	437	23100010437	state	22	3	21	{"coin_queued_offered": [22], "coin_queued_offered_any": [22]}	ON THE BOARD	{}	{}	no	no	yes
8	km3	1	439	23100010439	state	29	3	28	{"coin_queued_offered": [29], "coin_queued_offered_any": [29]}	ON THE BOARD	{}	{}	no	no	yes
8	km3	1	444	23100010444	lookahead	87	11	87	{}	LOOKAHEAD ONLY, both halves hold	{"cut": null, "free": true, "queued": 3, "tick": 87}	{"built": null, "tick": 87}	no	no	yes
8	km3	1	450	23100010450	state	22	3	21	{"coin_queued_offered": [22], "coin_queued_offered_any": [22]}	ON THE BOARD	{}	{}	no	no	yes
8	km3	1	451	23100010451	lookahead	17	2	17	{}	LOOKAHEAD ONLY, both halves hold	{"cut": null, "free": true, "queued": 1, "tick": 17}	{"built": null, "tick": 17}	no	no	yes
8	km3	1	454	23100010454	lookahead	92	13	92	{}	LOOKAHEAD ONLY, both halves hold	{"cut": null, "free": false, "queued": 2, "tick": 92}	{"built": null, "tick": 92}	no	no	yes
8	km3	1	455	23100010455	state	25	3	24	{"coin_queued_offered": [25], "coin_queued_offered_any": [25]}	ON THE BOARD	{}	{}	no	no	yes
8	km3	1	456	23100010456	lookahead	14	2	14	{}	LOOKAHEAD ONLY, both halves hold	{"cut": null, "free": true, "queued": 2, "tick": 14}	{"built": null, "tick": 14}	no	no	yes
8	km3	1	460	23100010460	lookahead	74	10	74	{}	LOOKAHEAD ONLY, both halves hold	{"cut": null, "free": true, "queued": 3, "tick": 74}	{"built": null, "tick": 74}	no	no	yes
8	km3	1	470	23100010470	lookahead	92	13	92	{}	LOOKAHEAD ONLY, both halves hold	{"cut": null, "free": true, "queued": 3, "tick": 92}	{"built": null, "tick": 92}	no	no	yes
8	km3	1	471	23100010471	state	13	2	12	{"coin_queued_offered": [13], "coin_queued_offered_any": [13]}	ON THE BOARD	{}	{}	no	no	yes
8	km3	1	472	23100010472	state	22	3	21	{"coin_queued_offered": [22], "coin_queued_offered_any": [22]}	ON THE BOARD	{}	{}	no	no	yes
8	km3	1	473	23100010473	state	13	2	12	{"coin_queued_offered": [13], "coin_queued_offered_any": [13]}	ON THE BOARD	{}	{}	no	no	yes
8	km3	1	478	23100010478	lookahead	19	3	19	{}	LOOKAHEAD ONLY, both halves hold	{"cut": null, "free": true, "queued": 2, "tick": 19}	{"built": null, "tick": 19}	no	no	yes
8	km3	1	482	23100010482	state	27	3	26	{"coin_queued_offered": [27], "coin_queued_offered_any": [27]}	ON THE BOARD	{}	{}	no	no	yes
8	km3	1	485	23100010485	state	42	5	41	{"coin_queued_offered": [42], "coin_queued_offered_any": [42]}	ON THE BOARD	{}	{}	no	no	yes
8	km3	1	487	23100010487	lookahead	19	3	19	{}	LOOKAHEAD ONLY, both halves hold	{"cut": null, "free": true, "queued": 2, "tick": 19}	{"built": null, "tick": 19}	yes	yes	yes
8	km3	1	488	23100010488	state	20	2	19	{"coin_queued_offered": [20], "coin_queued_offered_any": [20]}	ON THE BOARD	{}	{}	no	no	yes
8	km3	1	491	23100010491	lookahead	8	2	8	{}	LOOKAHEAD ONLY, both halves hold	{"cut": null, "free": true, "queued": 2, "tick": 8}	{"built": null, "tick": 8}	no	no	yes
8	km3	3	5	23100030005	state	27	4	26	{"coin_queued_offered": [27], "coin_queued_offered_any": [27]}	ON THE BOARD	{}	{}	no	no	yes
8	km3	3	6	23100030006	state	91	12	90	{"coin_queued_offered": [91], "coin_queued_offered_any": [91]}	ON THE BOARD	{}	{}	no	no	yes
8	km3	3	9	23100030009	state	14	2	13	{"coin_queued_offered": [14], "coin_queued_offered_any": [14]}	ON THE BOARD	{}	{}	no	no	yes
8	km3	3	14	23100030014	lookahead	18	3	18	{}	LOOKAHEAD ONLY, both halves hold	{"cut": null, "free": true, "queued": 2, "tick": 18}	{"built": null, "tick": 18}	no	no	yes
8	km3	3	15	23100030015	state	22	3	21	{"coin_queued_offered": [22], "coin_queued_offered_any": [22]}	ON THE BOARD	{}	{}	no	no	yes
8	km3	3	21	23100030021	lookahead	9	2	9	{}	LOOKAHEAD ONLY, both halves hold	{"cut": null, "free": true, "queued": 2, "tick": 9}	{"built": null, "tick": 9}	no	no	yes
8	km3	3	22	23100030022	lookahead	11	2	11	{}	LOOKAHEAD ONLY, both halves hold	{"cut": null, "free": true, "queued": 3, "tick": 11}	{"built": null, "tick": 11}	no	no	yes
8	km3	3	25	23100030025	lookahead	92	13	92	{}	LOOKAHEAD ONLY, both halves hold	{"cut": null, "free": false, "queued": 2, "tick": 92}	{"built": null, "tick": 92}	no	no	yes
8	km3	3	27	23100030027	lookahead	19	2	19	{}	LOOKAHEAD ONLY, both halves hold	{"cut": null, "free": true, "queued": 1, "tick": 19}	{"built": null, "tick": 19}	no	no	yes
8	km3	3	29	23100030029	lookahead	19	3	19	{}	LOOKAHEAD ONLY, both halves hold	{"cut": null, "free": true, "queued": 2, "tick": 19}	{"built": null, "tick": 19}	no	no	yes
8	km3	3	30	23100030030	state	22	3	21	{"coin_queued_offered": [22], "coin_queued_offered_any": [22]}	ON THE BOARD	{}	{}	no	no	yes
8	km3	3	31	23100030031	lookahead	10	2	10	{}	LOOKAHEAD ONLY, both halves hold	{"cut": null, "free": true, "queued": 2, "tick": 10}	{"built": null, "tick": 10}	no	no	yes
8	km3	3	33	23100030033	lookahead	11	2	11	{}	LOOKAHEAD ONLY, both halves hold	{"cut": null, "free": true, "queued": 2, "tick": 11}	{"built": null, "tick": 11}	no	no	yes
8	km3	3	34	23100030034	state	20	2	19	{"coin_queued_offered": [20], "coin_queued_offered_any": [20]}	ON THE BOARD	{}	{}	no	no	yes
8	km3	3	35	23100030035	lookahead	45	6	45	{}	LOOKAHEAD ONLY, both halves hold	{"cut": null, "free": false, "queued": 2, "tick": 45}	{"built": null, "tick": 45}	no	no	yes
8	km3	3	37	23100030037	state	16	2	15	{"coin_queued_offered": [16], "coin_queued_offered_any": [16]}	ON THE BOARD	{}	{}	no	no	yes
8	km3	3	39	23100030039	state	39	5	38	{"coin_queued_offered": [39], "coin_queued_offered_any": [39]}	ON THE BOARD	{}	{}	no	no	yes
8	km3	3	43	23100030043	state	27	3	26	{"coin_queued_offered": [27], "coin_queued_offered_any": [27]}	ON THE BOARD	{}	{}	no	no	yes
8	km3	3	45	23100030045	state	56	7	55	{"coin_queued_offered": [56], "coin_queued_offered_any": [56]}	ON THE BOARD	{}	{}	no	no	yes
8	km3	3	46	23100030046	state	45	6	44	{"coin_queued_offered": [45], "coin_queued_offered_any": [45]}	ON THE BOARD	{}	{}	no	no	yes
8	km3	3	49	23100030049	lookahead	9	2	9	{}	LOOKAHEAD ONLY, both halves hold	{"cut": null, "free": true, "queued": 2, "tick": 9}	{"built": null, "tick": 9}	no	no	yes
8	km3	3	51	23100030051	lookahead	14	2	14	{}	LOOKAHEAD ONLY, both halves hold	{"cut": null, "free": true, "queued": 2, "tick": 14}	{"built": null, "tick": 14}	no	no	yes
8	km3	3	54	23100030054	lookahead	14	2	14	{}	LOOKAHEAD ONLY, both halves hold	{"cut": null, "free": true, "queued": 2, "tick": 14}	{"built": null, "tick": 14}	yes	yes	yes
8	km3	3	55	23100030055	lookahead	46	7	46	{}	LOOKAHEAD ONLY, both halves hold	{"cut": null, "free": true, "queued": 1, "tick": 46}	{"built": null, "tick": 46}	no	no	yes
8	km3	3	56	23100030056	state	31	4	30	{"coin_queued_offered": [31], "coin_queued_offered_any": [31]}	ON THE BOARD	{}	{}	no	no	yes
8	km3	3	58	23100030058	state	28	4	27	{"coin_queued_offered": [28], "coin_queued_offered_any": [28]}	ON THE BOARD	{}	{}	no	no	yes
8	km3	3	62	23100030062	lookahead	13	2	13	{}	LOOKAHEAD ONLY, both halves hold	{"cut": null, "free": true, "queued": 2, "tick": 13}	{"built": null, "tick": 13}	no	no	yes
8	km3	3	65	23100030065	state	18	2	17	{"coin_queued_offered": [18], "coin_queued_offered_any": [18]}	ON THE BOARD	{}	{}	no	no	yes
8	km3	3	66	23100030066	state	30	3	29	{"coin_queued_offered": [30], "coin_queued_offered_any": [30]}	ON THE BOARD	{}	{}	no	no	yes
8	km3	3	69	23100030069	lookahead	17	3	17	{}	LOOKAHEAD ONLY, both halves hold	{"cut": null, "free": true, "queued": 2, "tick": 17}	{"built": null, "tick": 17}	no	no	yes
8	km3	3	82	23100030082	state	25	3	24	{"coin_queued_offered": [25], "coin_queued_offered_any": [25]}	ON THE BOARD	{}	{}	no	no	yes
8	km3	3	83	23100030083	state	34	3	33	{"coin_queued_offered": [34], "coin_queued_offered_any": [34]}	ON THE BOARD	{}	{}	no	no	yes
8	km3	3	87	23100030087	state	22	2	21	{"coin_queued_offered": [22], "coin_queued_offered_any": [22]}	ON THE BOARD	{}	{}	no	no	yes
8	km3	3	88	23100030088	lookahead	35	5	35	{}	LOOKAHEAD ONLY, both halves hold	{"cut": null, "free": true, "queued": 2, "tick": 35}	{"built": null, "tick": 35}	no	no	yes
8	km3	3	92	23100030092	state	15	2	14	{"coin_queued_offered": [15], "coin_queued_offered_any": [15]}	ON THE BOARD	{}	{}	no	no	yes
8	km3	3	97	23100030097	lookahead	13	2	13	{}	LOOKAHEAD ONLY, both halves hold	{"cut": null, "free": true, "queued": 2, "tick": 13}	{"built": null, "tick": 13}	no	no	yes
8	km3	3	99	23100030099	lookahead	15	2	15	{}	LOOKAHEAD ONLY, both halves hold	{"cut": null, "free": true, "queued": 1, "tick": 15}	{"built": null, "tick": 15}	no	no	yes
8	km3	3	101	23100030101	state	14	2	13	{"coin_queued_offered": [14], "coin_queued_offered_any": [14]}	ON THE BOARD	{}	{}	no	no	yes
8	km3	3	102	23100030102	lookahead	14	2	14	{}	LOOKAHEAD ONLY, both halves hold	{"cut": null, "free": true, "queued": 1, "tick": 14}	{"built": null, "tick": 14}	no	no	yes
8	km3	3	105	23100030105	state	31	4	30	{"coin_queued_offered": [31], "coin_queued_offered_any": [31]}	ON THE BOARD	{}	{}	no	no	yes
8	km3	3	109	23100030109	state	22	4	21	{"coin_queued_offered": [22], "coin_queued_offered_any": [22]}	ON THE BOARD	{}	{}	no	no	yes
8	km3	3	113	23100030113	state	23	3	22	{"coin_queued_offered": [23], "coin_queued_offered_any": [23]}	ON THE BOARD	{}	{}	no	no	yes
8	km3	3	114	23100030114	state	16	2	15	{"coin_queued_offered": [16], "coin_queued_offered_any": [16]}	ON THE BOARD	{}	{}	no	no	yes
8	km3	3	116	23100030116	lookahead	14	2	14	{}	LOOKAHEAD ONLY, both halves hold	{"cut": null, "free": true, "queued": 1, "tick": 14}	{"built": null, "tick": 14}	no	no	yes
8	km3	3	117	23100030117	lookahead	19	3	19	{}	LOOKAHEAD ONLY, both halves hold	{"cut": null, "free": true, "queued": 1, "tick": 19}	{"built": null, "tick": 19}	no	no	yes
8	km3	3	118	23100030118	state	53	7	52	{"coin_queued_offered": [53], "coin_queued_offered_any": [53]}	ON THE BOARD	{}	{}	no	no	yes
8	km3	3	119	23100030119	state	56	7	55	{"coin_queued_offered": [56], "coin_queued_offered_any": [56]}	ON THE BOARD	{}	{}	no	no	yes
8	km3	3	120	23100030120	state	17	2	16	{"coin_queued_offered": [17], "coin_queued_offered_any": [17]}	ON THE BOARD	{}	{}	no	no	yes
8	km3	3	122	23100030122	lookahead	14	2	14	{}	LOOKAHEAD ONLY, both halves hold	{"cut": null, "free": true, "queued": 2, "tick": 14}	{"built": null, "tick": 14}	no	no	yes
8	km3	3	123	23100030123	lookahead	12	2	12	{}	LOOKAHEAD ONLY, both halves hold	{"cut": null, "free": true, "queued": 2, "tick": 12}	{"built": null, "tick": 12}	no	no	yes
8	km3	3	129	23100030129	state	23	3	22	{"coin_queued_offered": [23], "coin_queued_offered_any": [23]}	ON THE BOARD	{}	{}	no	no	yes
8	km3	3	131	23100030131	state	37	5	36	{"coin_queued_offered": [37], "coin_queued_offered_any": [37]}	ON THE BOARD	{}	{}	no	no	yes
8	km3	3	133	23100030133	state	15	2	14	{"coin_queued_offered": [15], "coin_queued_offered_any": [15]}	ON THE BOARD	{}	{}	no	no	yes
8	km3	3	136	23100030136	state	20	3	19	{"coin_queued_offered": [20], "coin_queued_offered_any": [20]}	ON THE BOARD	{}	{}	no	no	yes
8	km3	3	138	23100030138	state	24	4	23	{"coin_queued_offered": [24], "coin_queued_offered_any": [24]}	ON THE BOARD	{}	{}	no	no	yes
8	km3	3	139	23100030139	state	43	7	42	{"coin_queued_offered": [43], "coin_queued_offered_any": [43]}	ON THE BOARD	{}	{}	no	no	yes
8	km3	3	140	23100030140	state	32	4	31	{"coin_queued_offered": [32], "coin_queued_offered_any": [32]}	ON THE BOARD	{}	{}	no	no	yes
8	km3	3	145	23100030145	state	38	5	37	{"coin_queued_offered": [38], "coin_queued_offered_any": [38]}	ON THE BOARD	{}	{}	no	no	yes
8	km3	3	150	23100030150	lookahead	9	2	9	{}	LOOKAHEAD ONLY, both halves hold	{"cut": null, "free": true, "queued": 2, "tick": 9}	{"built": null, "tick": 9}	no	no	yes
8	km3	3	151	23100030151	state	68	10	67	{"coin_queued_offered": [68], "coin_queued_offered_any": [68]}	ON THE BOARD	{}	{}	no	no	yes
8	km3	3	160	23100030160	lookahead	35	5	35	{}	LOOKAHEAD ONLY, both halves hold	{"cut": null, "free": true, "queued": 2, "tick": 35}	{"built": null, "tick": 35}	yes	yes	yes
8	km3	3	162	23100030162	state	48	6	47	{"coin_queued_offered": [48], "coin_queued_offered_any": [48]}	ON THE BOARD	{}	{}	no	no	yes
8	km3	3	168	23100030168	state	16	2	15	{"coin_queued_offered": [16], "coin_queued_offered_any": [16]}	ON THE BOARD	{}	{}	no	no	yes
8	km3	3	172	23100030172	state	39	5	38	{"coin_queued_offered": [39], "coin_queued_offered_any": [39]}	ON THE BOARD	{}	{}	no	no	yes
8	km3	3	174	23100030174	state	19	3	18	{"coin_queued_offered": [19], "coin_queued_offered_any": [19]}	ON THE BOARD	{}	{}	no	no	yes
8	km3	3	175	23100030175	state	25	3	24	{"coin_queued_offered": [25], "coin_queued_offered_any": [25]}	ON THE BOARD	{}	{}	no	no	yes
8	km3	3	176	23100030176	state	82	11	81	{"coin_queued_offered": [82], "coin_queued_offered_any": [82]}	ON THE BOARD	{}	{}	no	no	yes
8	km3	3	181	23100030181	state	26	3	25	{"coin_queued_offered": [26], "coin_queued_offered_any": [26]}	ON THE BOARD	{}	{}	no	no	yes
8	km3	3	183	23100030183	lookahead	13	2	13	{}	LOOKAHEAD ONLY, both halves hold	{"cut": null, "free": true, "queued": 1, "tick": 13}	{"built": null, "tick": 13}	no	no	yes
8	km3	3	185	23100030185	lookahead	10	2	10	{}	LOOKAHEAD ONLY, both halves hold	{"cut": null, "free": true, "queued": 2, "tick": 10}	{"built": null, "tick": 10}	no	no	yes
8	km3	3	194	23100030194	lookahead	12	2	12	{}	LOOKAHEAD ONLY, both halves hold	{"cut": null, "free": true, "queued": 2, "tick": 12}	{"built": null, "tick": 12}	no	no	yes
8	km3	3	196	23100030196	state	44	5	43	{"coin_queued_offered": [44], "coin_queued_offered_any": [44]}	ON THE BOARD	{}	{}	no	no	yes
8	km3	3	198	23100030198	lookahead	19	3	19	{}	LOOKAHEAD ONLY, both halves hold	{"cut": null, "free": true, "queued": 2, "tick": 19}	{"built": null, "tick": 19}	no	no	yes
8	km3	3	199	23100030199	state	19	2	18	{"coin_queued_offered": [19], "coin_queued_offered_any": [19]}	ON THE BOARD	{}	{}	no	no	yes
8	km3	3	202	23100030202	state	18	2	17	{"coin_queued_offered": [18], "coin_queued_offered_any": [18]}	ON THE BOARD	{}	{}	no	no	yes
8	km3	3	204	23100030204	lookahead	22	3	22	{}	LOOKAHEAD ONLY, both halves hold	{"cut": null, "free": true, "queued": 2, "tick": 22}	{"built": null, "tick": 22}	no	no	yes
8	km3	3	210	23100030210	lookahead	10	2	10	{}	LOOKAHEAD ONLY, both halves hold	{"cut": null, "free": true, "queued": 2, "tick": 10}	{"built": null, "tick": 10}	no	no	yes
8	km3	3	213	23100030213	state	17	2	16	{"coin_queued_offered": [17], "coin_queued_offered_any": [17]}	ON THE BOARD	{}	{}	no	no	yes
8	km3	3	214	23100030214	lookahead	14	3	14	{}	LOOKAHEAD ONLY, both halves hold	{"cut": null, "free": true, "queued": 2, "tick": 14}	{"built": null, "tick": 14}	no	no	yes
8	km3	3	215	23100030215	lookahead	15	2	15	{}	LOOKAHEAD ONLY, both halves hold	{"cut": null, "free": true, "queued": 1, "tick": 15}	{"built": null, "tick": 15}	no	no	yes
8	km3	3	216	23100030216	state	63	9	62	{"coin_queued_offered": [63], "coin_queued_offered_any": [63]}	ON THE BOARD	{}	{}	no	no	yes
8	km3	3	217	23100030217	lookahead	12	2	12	{}	LOOKAHEAD ONLY, both halves hold	{"cut": null, "free": true, "queued": 3, "tick": 12}	{"built": null, "tick": 12}	no	no	yes
8	km3	3	226	23100030226	state	96	16	95	{"coin_queued_offered": [96], "coin_queued_offered_any": [96]}	ON THE BOARD	{}	{}	no	no	yes
8	km3	3	230	23100030230	state	47	7	46	{"coin_queued_offered": [47], "coin_queued_offered_any": [47]}	ON THE BOARD	{}	{}	no	no	yes
8	km3	3	231	23100030231	lookahead	16	3	16	{}	LOOKAHEAD ONLY, both halves hold	{"cut": null, "free": true, "queued": 2, "tick": 16}	{"built": null, "tick": 16}	no	no	yes
8	km3	3	238	23100030238	state	15	2	14	{"coin_queued_offered": [15], "coin_queued_offered_any": [15]}	ON THE BOARD	{}	{}	no	no	yes
8	km3	3	240	23100030240	state	61	8	60	{"coin_queued_offered": [61], "coin_queued_offered_any": [61]}	ON THE BOARD	{}	{}	no	no	yes
8	km3	3	243	23100030243	state	23	4	22	{"coin_queued_offered": [23], "coin_queued_offered_any": [23]}	ON THE BOARD	{}	{}	no	no	yes
8	km3	3	249	23100030249	state	17	2	16	{"coin_queued_offered": [17], "coin_queued_offered_any": [17]}	ON THE BOARD	{}	{}	no	no	yes
8	km3	3	251	23100030251	state	17	2	16	{"coin_queued_offered": [17], "coin_queued_offered_any": [17]}	ON THE BOARD	{}	{}	no	no	yes
8	km3	3	252	23100030252	state	65	9	64	{"coin_queued_offered": [65], "coin_queued_offered_any": [65]}	ON THE BOARD	{}	{}	no	no	yes
8	km3	3	257	23100030257	state	56	7	55	{"coin_queued_offered": [56], "coin_queued_offered_any": [56]}	ON THE BOARD	{}	{}	no	no	yes
8	km3	3	258	23100030258	lookahead	12	2	12	{}	LOOKAHEAD ONLY, both halves hold	{"cut": null, "free": true, "queued": 3, "tick": 12}	{"built": null, "tick": 12}	no	no	yes
8	km3	3	264	23100030264	state	52	7	51	{"coin_queued_offered": [52], "coin_queued_offered_any": [52]}	ON THE BOARD	{}	{}	no	no	yes
8	km3	3	272	23100030272	lookahead	13	2	13	{}	LOOKAHEAD ONLY, both halves hold	{"cut": null, "free": true, "queued": 1, "tick": 13}	{"built": null, "tick": 13}	no	no	yes
8	km3	3	274	23100030274	lookahead	29	5	29	{}	LOOKAHEAD ONLY, both halves hold	{"cut": null, "free": true, "queued": 2, "tick": 29}	{"built": null, "tick": 29}	no	no	yes
8	km3	3	276	23100030276	lookahead	13	2	13	{}	LOOKAHEAD ONLY, both halves hold	{"cut": null, "free": true, "queued": 1, "tick": 13}	{"built": null, "tick": 13}	no	no	yes
8	km3	3	280	23100030280	lookahead	17	2	17	{}	LOOKAHEAD ONLY, both halves hold	{"cut": null, "free": true, "queued": 1, "tick": 17}	{"built": null, "tick": 17}	no	no	yes
8	km3	3	282	23100030282	state	15	2	14	{"coin_queued_offered": [15], "coin_queued_offered_any": [15]}	ON THE BOARD	{}	{}	no	no	yes
8	km3	3	283	23100030283	state	18	2	17	{"coin_queued_offered": [18], "coin_queued_offered_any": [18]}	ON THE BOARD	{}	{}	no	no	yes
8	km3	3	286	23100030286	state	18	2	17	{"coin_queued_offered": [18], "coin_queued_offered_any": [18]}	ON THE BOARD	{}	{}	no	no	yes
8	km3	3	288	23100030288	state	20	3	19	{"coin_queued_offered": [20], "coin_queued_offered_any": [20]}	ON THE BOARD	{}	{}	no	no	yes
8	km3	3	291	23100030291	lookahead	11	2	11	{}	LOOKAHEAD ONLY, both halves hold	{"cut": null, "free": true, "queued": 3, "tick": 11}	{"built": null, "tick": 11}	no	no	yes
8	km3	3	293	23100030293	state	30	4	29	{"coin_queued_offered": [30], "coin_queued_offered_any": [30]}	ON THE BOARD	{}	{}	no	no	yes
8	km3	3	296	23100030296	state	16	2	15	{"coin_queued_offered": [16], "coin_queued_offered_any": [16]}	ON THE BOARD	{}	{}	no	no	yes
8	km3	3	301	23100030301	state	17	2	16	{"coin_queued_offered": [17], "coin_queued_offered_any": [17]}	ON THE BOARD	{}	{}	no	no	yes
8	km3	3	304	23100030304	state	19	3	18	{"coin_queued_offered": [19], "coin_queued_offered_any": [19]}	ON THE BOARD	{}	{}	no	no	yes
8	km3	3	307	23100030307	lookahead	14	3	14	{}	LOOKAHEAD ONLY, both halves hold	{"cut": null, "free": true, "queued": 2, "tick": 14}	{"built": null, "tick": 14}	no	no	yes
8	km3	3	311	23100030311	lookahead	15	2	15	{}	LOOKAHEAD ONLY, both halves hold	{"cut": null, "free": true, "queued": 2, "tick": 15}	{"built": null, "tick": 15}	no	no	yes
8	km3	3	318	23100030318	lookahead	9	2	9	{}	LOOKAHEAD ONLY, both halves hold	{"cut": null, "free": true, "queued": 2, "tick": 9}	{"built": null, "tick": 9}	no	no	yes
8	km3	3	321	23100030321	state	31	3	30	{"coin_queued_offered": [31], "coin_queued_offered_any": [31]}	ON THE BOARD	{}	{}	no	no	yes
8	km3	3	325	23100030325	lookahead	42	7	42	{}	LOOKAHEAD ONLY, both halves hold	{"cut": null, "free": true, "queued": 2, "tick": 42}	{"built": null, "tick": 42}	yes	yes	yes
8	km3	3	327	23100030327	state	13	2	12	{"coin_queued_offered": [13], "coin_queued_offered_any": [13]}	ON THE BOARD	{}	{}	no	no	yes
8	km3	3	332	23100030332	lookahead	18	3	18	{}	LOOKAHEAD ONLY, both halves hold	{"cut": null, "free": true, "queued": 2, "tick": 18}	{"built": null, "tick": 18}	yes	yes	yes
8	km3	3	335	23100030335	lookahead	13	3	13	{}	LOOKAHEAD ONLY, both halves hold	{"cut": null, "free": true, "queued": 2, "tick": 13}	{"built": null, "tick": 13}	no	no	yes
8	km3	3	336	23100030336	state	18	2	17	{"coin_queued_offered": [18], "coin_queued_offered_any": [18]}	ON THE BOARD	{}	{}	no	no	yes
8	km3	3	337	23100030337	lookahead	13	2	13	{}	LOOKAHEAD ONLY, both halves hold	{"cut": null, "free": true, "queued": 2, "tick": 13}	{"built": null, "tick": 13}	no	no	yes
8	km3	3	338	23100030338	state	20	2	19	{"coin_queued_offered": [20], "coin_queued_offered_any": [20]}	ON THE BOARD	{}	{}	no	no	yes
8	km3	3	340	23100030340	state	38	5	37	{"coin_queued_offered": [38], "coin_queued_offered_any": [38]}	ON THE BOARD	{}	{}	no	no	yes
8	km3	3	346	23100030346	state	34	4	33	{"coin_queued_offered": [34], "coin_queued_offered_any": [34]}	ON THE BOARD	{}	{}	no	no	yes
8	km3	3	349	23100030349	lookahead	17	2	17	{}	LOOKAHEAD ONLY, both halves hold	{"cut": null, "free": true, "queued": 2, "tick": 17}	{"built": null, "tick": 17}	yes	yes	yes
8	km3	3	350	23100030350	lookahead	34	5	34	{}	LOOKAHEAD ONLY, both halves hold	{"cut": null, "free": true, "queued": 1, "tick": 34}	{"built": null, "tick": 34}	no	no	yes
8	km3	3	354	23100030354	lookahead	13	2	13	{}	LOOKAHEAD ONLY, both halves hold	{"cut": null, "free": true, "queued": 3, "tick": 13}	{"built": null, "tick": 13}	no	no	yes
8	km3	3	358	23100030358	lookahead	17	2	17	{}	LOOKAHEAD ONLY, both halves hold	{"cut": null, "free": true, "queued": 1, "tick": 17}	{"built": null, "tick": 17}	no	no	yes
8	km3	3	366	23100030366	state	64	11	63	{"coin_queued_offered": [64], "coin_queued_offered_any": [64]}	ON THE BOARD	{}	{}	no	no	yes
8	km3	3	368	23100030368	state	20	2	19	{"coin_queued_offered": [20], "coin_queued_offered_any": [20]}	ON THE BOARD	{}	{}	no	no	yes
8	km3	3	371	23100030371	state	17	3	16	{"coin_queued_offered": [17], "coin_queued_offered_any": [17]}	ON THE BOARD	{}	{}	no	no	yes
8	km3	3	373	23100030373	state	15	2	14	{"coin_queued_offered": [15], "coin_queued_offered_any": [15]}	ON THE BOARD	{}	{}	no	no	yes
8	km3	3	378	23100030378	lookahead	53	8	53	{}	LOOKAHEAD ONLY, both halves hold	{"cut": null, "free": false, "queued": 2, "tick": 53}	{"built": null, "tick": 53}	yes	yes	yes
8	km3	3	379	23100030379	state	39	5	38	{"coin_queued_offered": [39], "coin_queued_offered_any": [39]}	ON THE BOARD	{}	{}	no	no	yes
8	km3	3	381	23100030381	lookahead	37	5	37	{}	LOOKAHEAD ONLY, both halves hold	{"cut": null, "free": true, "queued": 2, "tick": 37}	{"built": null, "tick": 37}	no	no	yes
8	km3	3	383	23100030383	state	25	3	24	{"coin_queued_offered": [25], "coin_queued_offered_any": [25]}	ON THE BOARD	{}	{}	no	no	yes
8	km3	3	385	23100030385	lookahead	17	2	17	{}	LOOKAHEAD ONLY, both halves hold	{"cut": null, "free": true, "queued": 1, "tick": 17}	{"built": null, "tick": 17}	no	no	yes
8	km3	3	388	23100030388	state	20	2	19	{"coin_queued_offered": [20], "coin_queued_offered_any": [20]}	ON THE BOARD	{}	{}	no	no	yes
8	km3	3	390	23100030390	state	73	9	72	{"coin_queued_offered": [73], "coin_queued_offered_any": [73]}	ON THE BOARD	{}	{}	no	no	yes
8	km3	3	392	23100030392	state	22	3	21	{"coin_queued_offered": [22], "coin_queued_offered_any": [22]}	ON THE BOARD	{}	{}	no	no	yes
8	km3	3	393	23100030393	lookahead	13	2	13	{}	LOOKAHEAD ONLY, both halves hold	{"cut": null, "free": true, "queued": 1, "tick": 13}	{"built": null, "tick": 13}	no	no	yes
8	km3	3	395	23100030395	state	47	6	46	{"coin_queued_offered": [47], "coin_queued_offered_any": [47]}	ON THE BOARD	{}	{}	no	no	yes
8	km3	3	397	23100030397	state	15	2	14	{"coin_queued_offered": [15], "coin_queued_offered_any": [15]}	ON THE BOARD	{}	{}	no	no	yes
8	km3	3	399	23100030399	lookahead	10	2	10	{}	LOOKAHEAD ONLY, both halves hold	{"cut": null, "free": true, "queued": 2, "tick": 10}	{"built": null, "tick": 10}	no	no	yes
8	km3	3	402	23100030402	state	22	3	21	{"coin_queued_offered": [22], "coin_queued_offered_any": [22]}	ON THE BOARD	{}	{}	no	no	yes
8	km3	3	404	23100030404	state	89	13	88	{"coin_queued_offered": [89], "coin_queued_offered_any": [89]}	ON THE BOARD	{}	{}	no	no	yes
8	km3	3	411	23100030411	state	63	9	62	{"coin_queued_offered": [63], "coin_queued_offered_any": [63]}	ON THE BOARD	{}	{}	no	no	yes
8	km3	3	413	23100030413	lookahead	14	2	14	{}	LOOKAHEAD ONLY, both halves hold	{"cut": null, "free": true, "queued": 2, "tick": 14}	{"built": null, "tick": 14}	no	no	yes
8	km3	3	414	23100030414	state	15	3	14	{"coin_queued_offered": [15], "coin_queued_offered_any": [15]}	ON THE BOARD	{}	{}	no	no	yes
8	km3	3	416	23100030416	state	21	2	20	{"coin_queued_offered": [21], "coin_queued_offered_any": [21]}	ON THE BOARD	{}	{}	no	no	yes
8	km3	3	421	23100030421	state	19	2	18	{"coin_queued_offered": [19], "coin_queued_offered_any": [19]}	ON THE BOARD	{}	{}	no	no	yes
8	km3	3	425	23100030425	state	24	3	23	{"coin_queued_offered": [24], "coin_queued_offered_any": [24]}	ON THE BOARD	{}	{}	no	no	yes
8	km3	3	426	23100030426	state	22	3	21	{"coin_queued_offered": [22], "coin_queued_offered_any": [22]}	ON THE BOARD	{}	{}	no	no	yes
8	km3	3	427	23100030427	lookahead	32	5	32	{}	LOOKAHEAD ONLY, both halves hold	{"cut": null, "free": true, "queued": 2, "tick": 32}	{"built": null, "tick": 32}	no	no	yes
8	km3	3	432	23100030432	state	15	2	14	{"coin_queued_offered": [15], "coin_queued_offered_any": [15]}	ON THE BOARD	{}	{}	no	no	yes
8	km3	3	434	23100030434	state	24	3	23	{"coin_queued_offered": [24], "coin_queued_offered_any": [24]}	ON THE BOARD	{}	{}	no	no	yes
8	km3	3	438	23100030438	state	24	3	23	{"coin_queued_offered": [24], "coin_queued_offered_any": [24]}	ON THE BOARD	{}	{}	no	no	yes
8	km3	3	439	23100030439	state	40	5	39	{"coin_queued_offered": [40], "coin_queued_offered_any": [40]}	ON THE BOARD	{}	{}	no	no	yes
8	km3	3	440	23100030440	state	67	9	66	{"coin_queued_offered": [67], "coin_queued_offered_any": [67]}	ON THE BOARD	{}	{}	no	no	yes
8	km3	3	455	23100030455	state	42	5	41	{"coin_queued_offered": [42], "coin_queued_offered_any": [42]}	ON THE BOARD	{}	{}	no	no	yes
8	km3	3	463	23100030463	lookahead	36	5	36	{}	LOOKAHEAD ONLY, both halves hold	{"cut": null, "free": false, "queued": 2, "tick": 36}	{"built": null, "tick": 36}	yes	yes	yes
8	km3	3	467	23100030467	state	11	2	10	{"coin_queued_offered": [11], "coin_queued_offered_any": [11]}	ON THE BOARD	{}	{}	no	no	yes
8	km3	3	470	23100030470	state	38	5	37	{"coin_queued_offered": [38], "coin_queued_offered_any": [38]}	ON THE BOARD	{}	{}	no	no	yes
8	km3	3	471	23100030471	state	14	2	13	{"coin_queued_offered": [14], "coin_queued_offered_any": [14]}	ON THE BOARD	{}	{}	no	no	yes
8	km3	3	473	23100030473	state	14	2	13	{"coin_queued_offered": [14], "coin_queued_offered_any": [14]}	ON THE BOARD	{}	{}	no	no	yes
8	km3	3	474	23100030474	lookahead	18	3	18	{}	LOOKAHEAD ONLY, both halves hold	{"cut": null, "free": true, "queued": 2, "tick": 18}	{"built": null, "tick": 18}	no	no	yes
8	km3	3	475	23100030475	state	39	6	38	{"coin_queued_offered": [39], "coin_queued_offered_any": [39]}	ON THE BOARD	{}	{}	no	no	yes
8	km3	3	476	23100030476	lookahead	25	3	25	{}	LOOKAHEAD ONLY, both halves hold	{"cut": null, "free": true, "queued": 1, "tick": 25}	{"built": null, "tick": 25}	no	no	yes
8	km3	3	486	23100030486	lookahead	14	2	14	{}	LOOKAHEAD ONLY, both halves hold	{"cut": null, "free": true, "queued": 1, "tick": 14}	{"built": null, "tick": 14}	no	no	yes
8	km3	3	487	23100030487	state	38	5	37	{"coin_queued_offered": [38], "coin_queued_offered_any": [38]}	ON THE BOARD	{}	{}	no	no	yes
8	km3	3	488	23100030488	state	20	2	19	{"coin_queued_offered": [20], "coin_queued_offered_any": [20]}	ON THE BOARD	{}	{}	no	no	yes
8	km3	3	491	23100030491	state	22	4	21	{"coin_queued_offered": [22], "coin_queued_offered_any": [22]}	ON THE BOARD	{}	{}	no	no	yes
8	km3	3	492	23100030492	state	19	2	18	{"coin_queued_offered": [19], "coin_queued_offered_any": [19]}	ON THE BOARD	{}	{}	no	no	yes
8	km3	3	493	23100030493	lookahead	13	2	13	{}	LOOKAHEAD ONLY, both halves hold	{"cut": null, "free": true, "queued": 2, "tick": 13}	{"built": null, "tick": 13}	no	no	yes
8	km3	3	497	23100030497	state	25	3	24	{"coin_queued_offered": [25], "coin_queued_offered_any": [25]}	ON THE BOARD	{}	{}	no	no	yes
8	km3	4	0	23100040000	state	68	9	67	{"coin_queued_offered": [68], "coin_queued_offered_any": [68]}	ON THE BOARD	{}	{}	no	no	yes
8	km3	4	1	23100040001	state	37	4	36	{"coin_queued_offered": [37], "coin_queued_offered_any": [37]}	ON THE BOARD	{}	{}	no	no	yes
8	km3	4	7	23100040007	lookahead	84	11	84	{}	UNEXPLAINED	{"cut": null, "free": false, "queued": null, "tick": 84}	{"built": null, "tick": 84}	no	no	yes
8	km3	4	12	23100040012	state	69	9	68	{"coin_queued_offered": [69], "coin_queued_offered_any": [69]}	ON THE BOARD	{}	{}	no	no	yes
8	km3	4	15	23100040015	state	82	11	81	{"coin_queued_offered": [82], "coin_queued_offered_any": [82]}	ON THE BOARD	{}	{}	no	no	yes
8	km3	4	18	23100040018	lookahead	80	10	80	{}	LOOKAHEAD ONLY, both halves hold	{"cut": null, "free": true, "queued": 3, "tick": 80}	{"built": null, "tick": 80}	no	no	yes
8	km3	4	25	23100040025	state	29	4	28	{"coin_queued_offered": [29], "coin_queued_offered_any": [29]}	ON THE BOARD	{}	{}	no	no	yes
8	km3	4	28	23100040028	state	28	4	27	{"coin_queued_offered": [28], "coin_queued_offered_any": [28]}	ON THE BOARD	{}	{}	no	no	yes
8	km3	4	29	23100040029	state	35	4	34	{"coin_queued_offered": [35], "coin_queued_offered_any": [35]}	ON THE BOARD	{}	{}	no	no	yes
8	km3	4	32	23100040032	state	45	5	44	{"coin_queued_offered": [45], "coin_queued_offered_any": [45]}	ON THE BOARD	{}	{}	no	no	yes
8	km3	4	33	23100040033	state	61	8	60	{"coin_queued_offered": [61], "coin_queued_offered_any": [61]}	ON THE BOARD	{}	{}	no	no	yes
8	km3	4	40	23100040040	state	85	12	84	{"coin_queued_offered": [85], "coin_queued_offered_any": [85]}	ON THE BOARD	{}	{}	no	no	yes
8	km3	4	46	23100040046	state	35	4	34	{"coin_queued_offered": [35], "coin_queued_offered_any": [35]}	ON THE BOARD	{}	{}	no	no	yes
8	km3	4	52	23100040052	state	30	4	29	{"coin_queued_offered": [30], "coin_queued_offered_any": [30]}	ON THE BOARD	{}	{}	no	no	yes
8	km3	4	55	23100040055	state	24	4	23	{"coin_queued_offered": [24], "coin_queued_offered_any": [24]}	ON THE BOARD	{}	{}	no	no	yes
8	km3	4	59	23100040059	lookahead	67	10	67	{}	LOOKAHEAD ONLY, both halves hold	{"cut": null, "free": false, "queued": 2, "tick": 67}	{"built": null, "tick": 67}	no	no	yes
8	km3	4	62	23100040062	lookahead	53	6	53	{}	LOOKAHEAD ONLY, both halves hold	{"cut": null, "free": false, "queued": 2, "tick": 53}	{"built": null, "tick": 53}	yes	yes	yes
8	km3	4	73	23100040073	lookahead	55	6	55	{}	LOOKAHEAD ONLY, both halves hold	{"cut": null, "free": false, "queued": 1, "tick": 55}	{"built": null, "tick": 55}	yes	yes	yes
8	km3	4	76	23100040076	state	118	16	117	{"coin_queued_offered": [118], "coin_queued_offered_any": [118]}	ON THE BOARD	{}	{}	no	no	yes
8	km3	4	78	23100040078	state	36	4	35	{"coin_queued_offered": [36], "coin_queued_offered_any": [36]}	ON THE BOARD	{}	{}	no	no	yes
8	km3	4	80	23100040080	state	75	10	74	{"coin_queued_offered": [75], "coin_queued_offered_any": [75]}	ON THE BOARD	{}	{}	no	no	yes
8	km3	4	81	23100040081	state	47	5	46	{"coin_queued_offered": [47], "coin_queued_offered_any": [47]}	ON THE BOARD	{}	{}	no	no	yes
8	km3	4	82	23100040082	state	94	14	93	{"coin_queued_offered": [94], "coin_queued_offered_any": [94]}	ON THE BOARD	{}	{}	no	no	yes
8	km3	4	83	23100040083	state	27	4	26	{"coin_queued_offered": [27], "coin_queued_offered_any": [27]}	ON THE BOARD	{}	{}	no	no	yes
8	km3	4	92	23100040092	lookahead	64	9	64	{}	LOOKAHEAD ONLY, both halves hold	{"cut": null, "free": true, "queued": 3, "tick": 64}	{"built": null, "tick": 64}	no	no	yes
8	km3	4	104	23100040104	lookahead	66	9	66	{}	LOOKAHEAD ONLY, both halves hold	{"cut": null, "free": true, "queued": 3, "tick": 66}	{"built": null, "tick": 66}	no	yes	yes
8	km3	4	106	23100040106	lookahead	82	12	82	{}	NEEDS A JUDGMENT	{"cut": null, "free": false, "queued": 3, "tick": 82}	{"built": null, "tick": 82}	yes	yes	yes
8	km3	4	111	23100040111	lookahead	68	9	68	{}	LOOKAHEAD ONLY, both halves hold	{"cut": null, "free": false, "queued": 1, "tick": 68}	{"built": null, "tick": 68}	no	no	yes
8	km3	4	112	23100040112	state	43	5	42	{"coin_queued_offered": [43], "coin_queued_offered_any": [43]}	ON THE BOARD	{}	{}	no	no	yes
8	km3	4	115	23100040115	state	55	8	54	{"coin_queued_offered": [55], "coin_queued_offered_any": [55]}	ON THE BOARD	{}	{}	no	no	yes
8	km3	4	116	23100040116	state	30	4	29	{"coin_queued_offered": [30], "coin_queued_offered_any": [30]}	ON THE BOARD	{}	{}	no	no	yes
8	km3	4	123	23100040123	lookahead	17	4	17	{}	LOOKAHEAD ONLY, both halves hold	{"cut": null, "free": true, "queued": 2, "tick": 17}	{"built": null, "tick": 17}	no	no	yes
8	km3	4	126	23100040126	state	79	9	78	{"coin_queued_offered": [79], "coin_queued_offered_any": [79]}	ON THE BOARD	{}	{}	no	no	yes
8	km3	4	127	23100040127	state	73	10	72	{"coin_queued_offered": [73], "coin_queued_offered_any": [73]}	ON THE BOARD	{}	{}	no	no	yes
8	km3	4	130	23100040130	lookahead	52	7	52	{}	LOOKAHEAD ONLY, both halves hold	{"cut": null, "free": false, "queued": 2, "tick": 52}	{"built": null, "tick": 52}	yes	yes	yes
8	km3	4	131	23100040131	lookahead	37	6	37	{}	LOOKAHEAD ONLY, both halves hold	{"cut": null, "free": false, "queued": 1, "tick": 37}	{"built": null, "tick": 37}	yes	yes	yes
8	km3	4	134	23100040134	lookahead	93	12	93	{}	LOOKAHEAD ONLY, both halves hold	{"cut": null, "free": true, "queued": 3, "tick": 93}	{"built": null, "tick": 93}	no	no	yes
8	km3	4	135	23100040135	state	19	4	18	{"coin_queued_offered": [19], "coin_queued_offered_any": [19]}	ON THE BOARD	{}	{}	no	no	yes
8	km3	4	137	23100040137	lookahead	71	10	71	{}	LOOKAHEAD ONLY, both halves hold	{"cut": null, "free": true, "queued": 3, "tick": 71}	{"built": null, "tick": 71}	no	no	yes
8	km3	4	140	23100040140	state	32	4	31	{"coin_queued_offered": [32], "coin_queued_offered_any": [32]}	ON THE BOARD	{}	{}	no	no	yes
8	km3	4	142	23100040142	lookahead	80	12	80	{}	LOOKAHEAD ONLY, both halves hold	{"cut": null, "free": true, "queued": 3, "tick": 80}	{"built": null, "tick": 80}	no	no	yes
8	km3	4	143	23100040143	lookahead	69	10	69	{}	LOOKAHEAD ONLY, both halves hold	{"cut": null, "free": false, "queued": 2, "tick": 69}	{"built": null, "tick": 69}	yes	yes	yes
8	km3	4	145	23100040145	lookahead	52	7	52	{}	LOOKAHEAD ONLY, both halves hold	{"cut": null, "free": true, "queued": 2, "tick": 52}	{"built": null, "tick": 52}	yes	yes	yes
8	km3	4	150	23100040150	state	77	10	76	{"coin_queued_offered": [77], "coin_queued_offered_any": [77]}	ON THE BOARD	{}	{}	no	no	yes
8	km3	4	152	23100040152	state	80	12	79	{"coin_queued_offered": [80], "coin_queued_offered_any": [80]}	ON THE BOARD	{}	{}	no	no	yes
8	km3	4	153	23100040153	state	92	14	91	{"coin_queued_offered": [92], "coin_queued_offered_any": [92]}	ON THE BOARD	{}	{}	no	no	yes
8	km3	4	154	23100040154	lookahead	64	10	64	{}	LOOKAHEAD ONLY, both halves hold	{"cut": null, "free": false, "queued": 2, "tick": 64}	{"built": null, "tick": 64}	yes	yes	yes
8	km3	4	155	23100040155	lookahead	65	8	65	{}	LOOKAHEAD ONLY, both halves hold	{"cut": null, "free": false, "queued": 2, "tick": 65}	{"built": null, "tick": 65}	yes	yes	yes
8	km3	4	157	23100040157	lookahead	69	8	69	{}	LOOKAHEAD ONLY, both halves hold	{"cut": null, "free": false, "queued": 2, "tick": 69}	{"built": null, "tick": 69}	no	no	yes
8	km3	4	159	23100040159	state	46	6	45	{"coin_queued_offered": [46], "coin_queued_offered_any": [46]}	ON THE BOARD	{}	{}	no	no	yes
8	km3	4	160	23100040160	state	33	4	32	{"coin_queued_offered": [33], "coin_queued_offered_any": [33]}	ON THE BOARD	{}	{}	no	no	yes
8	km3	4	163	23100040163	state	91	12	90	{"coin_queued_offered": [91], "coin_queued_offered_any": [91]}	ON THE BOARD	{}	{}	no	no	yes
8	km3	4	166	23100040166	lookahead	58	8	58	{}	LOOKAHEAD ONLY, both halves hold	{"cut": null, "free": false, "queued": 1, "tick": 58}	{"built": null, "tick": 58}	yes	yes	yes
8	km3	4	167	23100040167	lookahead	67	9	67	{}	LOOKAHEAD ONLY, both halves hold	{"cut": null, "free": true, "queued": 3, "tick": 67}	{"built": null, "tick": 67}	no	no	yes
8	km3	4	169	23100040169	lookahead	70	10	70	{}	LOOKAHEAD ONLY, both halves hold	{"cut": null, "free": false, "queued": 2, "tick": 70}	{"built": null, "tick": 70}	yes	yes	yes
8	km3	4	172	23100040172	state	38	5	37	{"coin_queued_offered": [38], "coin_queued_offered_any": [38]}	ON THE BOARD	{}	{}	no	no	yes
8	km3	4	174	23100040174	state	40	4	39	{"coin_queued_offered": [40], "coin_queued_offered_any": [40]}	ON THE BOARD	{}	{}	no	no	yes
8	km3	4	183	23100040183	state	24	4	23	{"coin_queued_offered": [24], "coin_queued_offered_any": [24]}	ON THE BOARD	{}	{}	no	no	yes
8	km3	4	184	23100040184	state	32	5	31	{"coin_queued_offered": [32], "coin_queued_offered_any": [32]}	ON THE BOARD	{}	{}	no	no	yes
8	km3	4	188	23100040188	state	28	4	27	{"coin_queued_offered": [28], "coin_queued_offered_any": [28]}	ON THE BOARD	{}	{}	no	no	yes
8	km3	4	192	23100040192	lookahead	75	10	75	{}	LOOKAHEAD ONLY, both halves hold	{"cut": null, "free": false, "queued": 1, "tick": 75}	{"built": null, "tick": 75}	no	no	yes
8	km3	4	194	23100040194	state	30	4	29	{"coin_queued_offered": [30], "coin_queued_offered_any": [30]}	ON THE BOARD	{}	{}	no	no	yes
8	km3	4	202	23100040202	lookahead	51	7	51	{}	LOOKAHEAD ONLY, both halves hold	{"cut": null, "free": false, "queued": 2, "tick": 51}	{"built": null, "tick": 51}	yes	yes	yes
8	km3	4	204	23100040204	lookahead	56	8	56	{}	LOOKAHEAD ONLY, both halves hold	{"cut": null, "free": false, "queued": 2, "tick": 56}	{"built": null, "tick": 56}	no	no	yes
8	km3	4	205	23100040205	lookahead	69	9	69	{}	LOOKAHEAD ONLY, both halves hold	{"cut": null, "free": true, "queued": 3, "tick": 69}	{"built": null, "tick": 69}	no	no	yes
8	km3	4	211	23100040211	state	23	4	22	{"coin_queued_offered": [23], "coin_queued_offered_any": [23]}	ON THE BOARD	{}	{}	no	no	yes
8	km3	4	212	23100040212	state	38	4	37	{"coin_queued_offered": [38], "coin_queued_offered_any": [38]}	ON THE BOARD	{}	{}	no	no	yes
8	km3	4	215	23100040215	state	59	7	58	{"coin_queued_offered": [59], "coin_queued_offered_any": [59]}	ON THE BOARD	{}	{}	no	no	yes
8	km3	4	218	23100040218	state	52	6	51	{"coin_queued_offered": [52], "coin_queued_offered_any": [52]}	ON THE BOARD	{}	{}	no	no	yes
8	km3	4	220	23100040220	lookahead	50	6	50	{}	LOOKAHEAD ONLY, both halves hold	{"cut": null, "free": false, "queued": 2, "tick": 50}	{"built": null, "tick": 50}	no	no	yes
8	km3	4	222	23100040222	state	56	7	55	{"coin_queued_offered": [56], "coin_queued_offered_any": [56]}	ON THE BOARD	{}	{}	no	no	yes
8	km3	4	223	23100040223	state	35	4	34	{"coin_queued_offered": [35], "coin_queued_offered_any": [35]}	ON THE BOARD	{}	{}	no	no	yes
8	km3	4	226	23100040226	lookahead	24	4	24	{}	LOOKAHEAD ONLY, both halves hold	{"cut": null, "free": true, "queued": 2, "tick": 24}	{"built": null, "tick": 24}	no	no	yes
8	km3	4	227	23100040227	state	86	12	85	{"coin_queued_offered": [86], "coin_queued_offered_any": [86]}	ON THE BOARD	{}	{}	no	no	yes
8	km3	4	228	23100040228	state	33	4	32	{"coin_queued_offered": [33], "coin_queued_offered_any": [33]}	ON THE BOARD	{}	{}	no	no	yes
8	km3	4	229	23100040229	lookahead	88	11	88	{}	LOOKAHEAD ONLY, both halves hold	{"cut": null, "free": false, "queued": 2, "tick": 88}	{"built": null, "tick": 88}	no	no	yes
8	km3	4	230	23100040230	state	80	11	79	{"coin_queued_offered": [80], "coin_queued_offered_any": [80]}	ON THE BOARD	{}	{}	no	no	yes
8	km3	4	231	23100040231	state	61	7	60	{"coin_queued_offered": [61], "coin_queued_offered_any": [61]}	ON THE BOARD	{}	{}	no	no	yes
8	km3	4	232	23100040232	state	26	4	25	{"coin_queued_offered": [26], "coin_queued_offered_any": [26]}	ON THE BOARD	{}	{}	no	no	yes
8	km3	4	235	23100040235	state	26	4	25	{"coin_queued_offered": [26], "coin_queued_offered_any": [26]}	ON THE BOARD	{}	{}	no	no	yes
8	km3	4	236	23100040236	state	71	9	70	{"coin_queued_offered": [71], "coin_queued_offered_any": [71]}	ON THE BOARD	{}	{}	no	no	yes
8	km3	4	237	23100040237	state	58	7	57	{"coin_queued_offered": [58], "coin_queued_offered_any": [58]}	ON THE BOARD	{}	{}	no	no	yes
8	km3	4	238	23100040238	lookahead	95	12	95	{}	LOOKAHEAD ONLY, both halves hold	{"cut": null, "free": true, "queued": 1, "tick": 95}	{"built": null, "tick": 95}	no	no	yes
8	km3	4	239	23100040239	state	39	5	38	{"coin_queued_offered": [39], "coin_queued_offered_any": [39]}	ON THE BOARD	{}	{}	no	no	yes
8	km3	4	242	23100040242	state	38	5	37	{"coin_queued_offered": [38], "coin_queued_offered_any": [38]}	ON THE BOARD	{}	{}	no	no	yes
8	km3	4	245	23100040245	state	73	10	72	{"coin_queued_offered": [73], "coin_queued_offered_any": [73]}	ON THE BOARD	{}	{}	no	no	yes
8	km3	4	246	23100040246	state	65	10	64	{"coin_queued_offered": [65], "coin_queued_offered_any": [65]}	ON THE BOARD	{}	{}	no	no	yes
8	km3	4	249	23100040249	lookahead	50	6	50	{}	LOOKAHEAD ONLY, both halves hold	{"cut": null, "free": false, "queued": 1, "tick": 50}	{"built": null, "tick": 50}	no	no	yes
8	km3	4	250	23100040250	state	43	6	42	{"coin_queued_offered": [43], "coin_queued_offered_any": [43]}	ON THE BOARD	{}	{}	no	no	yes
8	km3	4	260	23100040260	state	34	4	33	{"coin_queued_offered": [34], "coin_queued_offered_any": [34]}	ON THE BOARD	{}	{}	no	no	yes
8	km3	4	264	23100040264	lookahead	35	5	35	{}	LOOKAHEAD ONLY, both halves hold	{"cut": null, "free": false, "queued": 2, "tick": 35}	{"built": null, "tick": 35}	yes	yes	yes
8	km3	4	267	23100040267	state	37	5	36	{"coin_queued_offered": [37], "coin_queued_offered_any": [37]}	ON THE BOARD	{}	{}	no	no	yes
8	km3	4	268	23100040268	lookahead	39	6	39	{}	LOOKAHEAD ONLY, both halves hold	{"cut": null, "free": true, "queued": 3, "tick": 39}	{"built": null, "tick": 39}	no	no	yes
8	km3	4	270	23100040270	state	50	6	49	{"coin_queued_offered": [50], "coin_queued_offered_any": [50]}	ON THE BOARD	{}	{}	no	no	yes
8	km3	4	275	23100040275	state	33	4	32	{"coin_queued_offered": [33], "coin_queued_offered_any": [33]}	ON THE BOARD	{}	{}	no	no	yes
8	km3	4	276	23100040276	state	72	10	71	{"coin_queued_offered": [72], "coin_queued_offered_any": [72]}	ON THE BOARD	{}	{}	no	no	yes
8	km3	4	280	23100040280	lookahead	46	6	46	{}	LOOKAHEAD ONLY, both halves hold	{"cut": null, "free": false, "queued": 2, "tick": 46}	{"built": null, "tick": 46}	yes	yes	yes
8	km3	4	286	23100040286	state	24	4	23	{"coin_queued_offered": [24], "coin_queued_offered_any": [24]}	ON THE BOARD	{}	{}	no	no	yes
8	km3	4	287	23100040287	state	35	4	34	{"coin_queued_offered": [35], "coin_queued_offered_any": [35]}	ON THE BOARD	{}	{}	no	no	yes
8	km3	4	289	23100040289	state	29	4	28	{"coin_queued_offered": [29], "coin_queued_offered_any": [29]}	ON THE BOARD	{}	{}	no	no	yes
8	km3	4	291	23100040291	lookahead	35	5	35	{}	LOOKAHEAD ONLY, both halves hold	{"cut": null, "free": false, "queued": 2, "tick": 35}	{"built": null, "tick": 35}	yes	yes	yes
8	km3	4	292	23100040292	lookahead	29	5	29	{}	LOOKAHEAD ONLY, both halves hold	{"cut": null, "free": false, "queued": 2, "tick": 29}	{"built": null, "tick": 29}	yes	yes	yes
8	km3	4	296	23100040296	lookahead	72	12	72	{}	LOOKAHEAD ONLY, both halves hold	{"cut": null, "free": true, "queued": 2, "tick": 72}	{"built": null, "tick": 72}	yes	yes	yes
8	km3	4	298	23100040298	state	35	4	34	{"coin_queued_offered": [35], "coin_queued_offered_any": [35]}	ON THE BOARD	{}	{}	no	no	yes
8	km3	4	299	23100040299	state	30	4	29	{"coin_queued_offered": [30], "coin_queued_offered_any": [30]}	ON THE BOARD	{}	{}	no	no	yes
8	km3	4	300	23100040300	lookahead	48	7	48	{}	LOOKAHEAD ONLY, both halves hold	{"cut": null, "free": true, "queued": 2, "tick": 48}	{"built": null, "tick": 48}	yes	yes	yes
8	km3	4	305	23100040305	state	32	4	31	{"coin_queued_offered": [32], "coin_queued_offered_any": [32]}	ON THE BOARD	{}	{}	no	no	yes
8	km3	4	309	23100040309	state	67	8	66	{"coin_queued_offered": [67], "coin_queued_offered_any": [67]}	ON THE BOARD	{}	{}	no	no	yes
8	km3	4	311	23100040311	state	36	5	35	{"coin_queued_offered": [36], "coin_queued_offered_any": [36]}	ON THE BOARD	{}	{}	no	no	yes
8	km3	4	313	23100040313	lookahead	33	5	33	{}	LOOKAHEAD ONLY, both halves hold	{"cut": null, "free": false, "queued": 2, "tick": 33}	{"built": null, "tick": 33}	yes	yes	yes
8	km3	4	315	23100040315	state	25	4	24	{"coin_queued_offered": [25], "coin_queued_offered_any": [25]}	ON THE BOARD	{}	{}	no	no	yes
8	km3	4	318	23100040318	state	29	4	28	{"coin_queued_offered": [29], "coin_queued_offered_any": [29]}	ON THE BOARD	{}	{}	no	no	yes
8	km3	4	320	23100040320	state	82	10	81	{"coin_queued_offered": [82], "coin_queued_offered_any": [82]}	ON THE BOARD	{}	{}	no	no	yes
8	km3	4	321	23100040321	lookahead	64	9	64	{}	LOOKAHEAD ONLY, both halves hold	{"cut": null, "free": false, "queued": 2, "tick": 64}	{"built": null, "tick": 64}	yes	yes	yes
8	km3	4	322	23100040322	state	61	8	60	{"coin_queued_offered": [61], "coin_queued_offered_any": [61]}	ON THE BOARD	{}	{}	no	no	yes
8	km3	4	324	23100040324	lookahead	66	10	66	{}	LOOKAHEAD ONLY, both halves hold	{"cut": null, "free": true, "queued": 3, "tick": 66}	{"built": null, "tick": 66}	no	no	yes
8	km3	4	326	23100040326	lookahead	94	12	94	{}	LOOKAHEAD ONLY, both halves hold	{"cut": null, "free": false, "queued": 2, "tick": 94}	{"built": null, "tick": 94}	no	no	yes
8	km3	4	329	23100040329	state	83	12	82	{"coin_queued_offered": [83], "coin_queued_offered_any": [83]}	ON THE BOARD	{}	{}	no	no	yes
8	km3	4	331	23100040331	lookahead	81	11	81	{}	LOOKAHEAD ONLY, both halves hold	{"cut": null, "free": true, "queued": 3, "tick": 81}	{"built": null, "tick": 81}	no	no	yes
8	km3	4	333	23100040333	state	33	4	32	{"coin_queued_offered": [33], "coin_queued_offered_any": [33]}	ON THE BOARD	{}	{}	no	no	yes
8	km3	4	334	23100040334	lookahead	34	5	34	{}	LOOKAHEAD ONLY, both halves hold	{"cut": null, "free": false, "queued": 2, "tick": 34}	{"built": null, "tick": 34}	yes	yes	yes
8	km3	4	348	23100040348	lookahead	61	8	61	{}	LOOKAHEAD ONLY, both halves hold	{"cut": null, "free": false, "queued": 2, "tick": 61}	{"built": null, "tick": 61}	yes	yes	yes
8	km3	4	349	23100040349	state	75	9	74	{"coin_queued_offered": [75], "coin_queued_offered_any": [75]}	ON THE BOARD	{}	{}	no	no	yes
8	km3	4	350	23100040350	state	33	4	32	{"coin_queued_offered": [33], "coin_queued_offered_any": [33]}	ON THE BOARD	{}	{}	no	no	yes
8	km3	4	352	23100040352	lookahead	38	5	38	{}	LOOKAHEAD ONLY, both halves hold	{"cut": null, "free": false, "queued": 2, "tick": 38}	{"built": null, "tick": 38}	yes	yes	yes
8	km3	4	356	23100040356	state	66	8	65	{"coin_queued_offered": [66], "coin_queued_offered_any": [66]}	ON THE BOARD	{}	{}	no	no	yes
8	km3	4	358	23100040358	lookahead	49	6	49	{}	LOOKAHEAD ONLY, both halves hold	{"cut": null, "free": false, "queued": 2, "tick": 49}	{"built": null, "tick": 49}	yes	yes	yes
8	km3	4	360	23100040360	lookahead	57	8	57	{}	UNEXPLAINED	{"cut": null, "free": false, "queued": null, "tick": 57}	{"built": null, "tick": 57}	no	no	yes
8	km3	4	361	23100040361	state	69	9	68	{"coin_queued_offered": [69], "coin_queued_offered_any": [69]}	ON THE BOARD	{}	{}	no	no	yes
8	km3	4	362	23100040362	state	48	6	47	{"coin_queued_offered": [48], "coin_queued_offered_any": [48]}	ON THE BOARD	{}	{}	no	no	yes
8	km3	4	363	23100040363	lookahead	56	7	56	{}	LOOKAHEAD ONLY, both halves hold	{"cut": null, "free": false, "queued": 2, "tick": 56}	{"built": null, "tick": 56}	no	no	yes
8	km3	4	370	23100040370	state	53	7	52	{"coin_queued_offered": [53], "coin_queued_offered_any": [53]}	ON THE BOARD	{}	{}	no	no	yes
8	km3	4	371	23100040371	state	26	4	25	{"coin_queued_offered": [26], "coin_queued_offered_any": [26]}	ON THE BOARD	{}	{}	no	no	yes
8	km3	4	376	23100040376	lookahead	52	8	52	{}	LOOKAHEAD ONLY, both halves hold	{"cut": null, "free": false, "queued": 2, "tick": 52}	{"built": null, "tick": 52}	yes	yes	yes
8	km3	4	377	23100040377	lookahead	56	9	56	{}	LOOKAHEAD ONLY, both halves hold	{"cut": null, "free": true, "queued": 3, "tick": 56}	{"built": null, "tick": 56}	no	no	yes
8	km3	4	380	23100040380	lookahead	64	9	64	{}	LOOKAHEAD ONLY, both halves hold	{"cut": null, "free": false, "queued": 2, "tick": 64}	{"built": null, "tick": 64}	yes	yes	yes
8	km3	4	382	23100040382	state	33	4	32	{"coin_queued_offered": [33], "coin_queued_offered_any": [33]}	ON THE BOARD	{}	{}	no	no	yes
8	km3	4	384	23100040384	lookahead	79	11	79	{}	LOOKAHEAD ONLY, both halves hold	{"cut": null, "free": true, "queued": 3, "tick": 79}	{"built": null, "tick": 79}	no	no	yes
8	km3	4	385	23100040385	lookahead	27	4	27	{}	LOOKAHEAD ONLY, both halves hold	{"cut": null, "free": true, "queued": 3, "tick": 27}	{"built": null, "tick": 27}	no	no	yes
8	km3	4	390	23100040390	state	43	6	42	{"coin_queued_offered": [43], "coin_queued_offered_any": [43]}	ON THE BOARD	{}	{}	no	no	yes
8	km3	4	391	23100040391	state	101	14	100	{"coin_queued_offered": [101], "coin_queued_offered_any": [101]}	ON THE BOARD	{}	{}	no	no	yes
8	km3	4	392	23100040392	lookahead	61	9	61	{}	LOOKAHEAD ONLY, both halves hold	{"cut": null, "free": true, "queued": 3, "tick": 61}	{"built": null, "tick": 61}	no	no	yes
8	km3	4	393	23100040393	lookahead	107	14	107	{}	LOOKAHEAD ONLY, both halves hold	{"cut": null, "free": true, "queued": 3, "tick": 107}	{"built": null, "tick": 107}	no	no	yes
8	km3	4	399	23100040399	lookahead	62	8	62	{}	LOOKAHEAD ONLY, both halves hold	{"cut": null, "free": false, "queued": 2, "tick": 62}	{"built": null, "tick": 62}	no	no	yes
8	km3	4	400	23100040400	lookahead	83	12	83	{}	LOOKAHEAD ONLY, both halves hold	{"cut": null, "free": true, "queued": 3, "tick": 83}	{"built": null, "tick": 83}	no	no	yes
8	km3	4	404	23100040404	state	77	9	76	{"coin_queued_offered": [77], "coin_queued_offered_any": [77]}	ON THE BOARD	{}	{}	no	no	yes
8	km3	4	409	23100040409	state	82	12	81	{"coin_queued_offered": [82], "coin_queued_offered_any": [82]}	ON THE BOARD	{}	{}	no	no	yes
8	km3	4	410	23100040410	state	60	8	59	{"coin_queued_offered": [60], "coin_queued_offered_any": [60]}	ON THE BOARD	{}	{}	no	no	yes
8	km3	4	411	23100040411	lookahead	40	5	40	{}	LOOKAHEAD ONLY, both halves hold	{"cut": null, "free": false, "queued": 1, "tick": 40}	{"built": null, "tick": 40}	yes	yes	yes
8	km3	4	412	23100040412	lookahead	40	5	40	{}	LOOKAHEAD ONLY, both halves hold	{"cut": null, "free": false, "queued": 2, "tick": 40}	{"built": null, "tick": 40}	yes	yes	yes
8	km3	4	414	23100040414	lookahead	77	10	77	{}	LOOKAHEAD ONLY, both halves hold	{"cut": null, "free": true, "queued": 3, "tick": 77}	{"built": null, "tick": 77}	no	no	yes
8	km3	4	415	23100040415	state	38	5	37	{"coin_queued_offered": [38], "coin_queued_offered_any": [38]}	ON THE BOARD	{}	{}	no	no	yes
8	km3	4	417	23100040417	state	70	10	69	{"coin_queued_offered": [70], "coin_queued_offered_any": [70]}	ON THE BOARD	{}	{}	no	no	yes
8	km3	4	419	23100040419	state	64	8	63	{"coin_queued_offered": [64], "coin_queued_offered_any": [64]}	ON THE BOARD	{}	{}	no	no	yes
8	km3	4	421	23100040421	state	64	8	63	{"coin_queued_offered": [64], "coin_queued_offered_any": [64]}	ON THE BOARD	{}	{}	no	no	yes
8	km3	4	422	23100040422	state	95	12	94	{"coin_queued_offered": [95], "coin_queued_offered_any": [95]}	ON THE BOARD	{}	{}	no	no	yes
8	km3	4	423	23100040423	state	49	6	48	{"coin_queued_offered": [49], "coin_queued_offered_any": [49]}	ON THE BOARD	{}	{}	no	no	yes
8	km3	4	424	23100040424	lookahead	58	8	58	{}	LOOKAHEAD ONLY, both halves hold	{"cut": null, "free": false, "queued": 2, "tick": 58}	{"built": null, "tick": 58}	yes	yes	yes
8	km3	4	425	23100040425	state	81	11	80	{"coin_queued_offered": [81], "coin_queued_offered_any": [81]}	ON THE BOARD	{}	{}	no	no	yes
8	km3	4	428	23100040428	lookahead	70	10	70	{}	LOOKAHEAD ONLY, both halves hold	{"cut": null, "free": false, "queued": 2, "tick": 70}	{"built": null, "tick": 70}	yes	yes	yes
8	km3	4	432	23100040432	lookahead	56	7	56	{}	LOOKAHEAD ONLY, both halves hold	{"cut": null, "free": false, "queued": 2, "tick": 56}	{"built": null, "tick": 56}	no	no	yes
8	km3	4	437	23100040437	lookahead	72	9	72	{}	LOOKAHEAD ONLY, both halves hold	{"cut": null, "free": false, "queued": 2, "tick": 72}	{"built": null, "tick": 72}	no	no	yes
8	km3	4	438	23100040438	state	32	4	31	{"coin_queued_offered": [32], "coin_queued_offered_any": [32]}	ON THE BOARD	{}	{}	no	no	yes
8	km3	4	442	23100040442	state	97	12	96	{"coin_queued_offered": [97], "coin_queued_offered_any": [97]}	ON THE BOARD	{}	{}	no	no	yes
8	km3	4	444	23100040444	state	75	10	74	{"coin_queued_offered": [75], "coin_queued_offered_any": [75]}	ON THE BOARD	{}	{}	no	no	yes
8	km3	4	446	23100040446	lookahead	90	13	90	{}	LOOKAHEAD ONLY, both halves hold	{"cut": null, "free": false, "queued": 2, "tick": 90}	{"built": null, "tick": 90}	yes	yes	yes
8	km3	4	449	23100040449	state	28	4	27	{"coin_queued_offered": [28], "coin_queued_offered_any": [28]}	ON THE BOARD	{}	{}	no	no	yes
8	km3	4	456	23100040456	lookahead	65	8	65	{}	LOOKAHEAD ONLY, both halves hold	{"cut": null, "free": false, "queued": 2, "tick": 65}	{"built": null, "tick": 65}	yes	yes	yes
8	km3	4	459	23100040459	state	26	4	25	{"coin_queued_offered": [26], "coin_queued_offered_any": [26]}	ON THE BOARD	{}	{}	no	no	yes
8	km3	4	462	23100040462	state	85	10	84	{"coin_queued_offered": [85], "coin_queued_offered_any": [85]}	ON THE BOARD	{}	{}	no	no	yes
8	km3	4	463	23100040463	lookahead	63	9	63	{}	LOOKAHEAD ONLY, both halves hold	{"cut": null, "free": true, "queued": 2, "tick": 63}	{"built": null, "tick": 63}	no	no	yes
8	km3	4	467	23100040467	lookahead	41	5	41	{}	LOOKAHEAD ONLY, both halves hold	{"cut": null, "free": false, "queued": 2, "tick": 41}	{"built": null, "tick": 41}	no	yes	yes
8	km3	4	468	23100040468	state	73	10	72	{"coin_queued_offered": [73], "coin_queued_offered_any": [73]}	ON THE BOARD	{}	{}	no	no	yes
8	km3	4	469	23100040469	state	47	5	46	{"coin_queued_offered": [47], "coin_queued_offered_any": [47]}	ON THE BOARD	{}	{}	no	no	yes
8	km3	4	472	23100040472	state	59	8	58	{"coin_queued_offered": [59], "coin_queued_offered_any": [59]}	ON THE BOARD	{}	{}	no	no	yes
8	km3	4	474	23100040474	state	57	8	56	{"coin_queued_offered": [57], "coin_queued_offered_any": [57]}	ON THE BOARD	{}	{}	no	no	yes
8	km3	4	476	23100040476	state	67	8	66	{"coin_queued_offered": [67], "coin_queued_offered_any": [67]}	ON THE BOARD	{}	{}	no	no	yes
8	km3	4	478	23100040478	lookahead	59	8	59	{}	LOOKAHEAD ONLY, both halves hold	{"cut": null, "free": false, "queued": 2, "tick": 59}	{"built": null, "tick": 59}	no	no	yes
8	km3	4	480	23100040480	state	32	4	31	{"coin_queued_offered": [32], "coin_queued_offered_any": [32]}	ON THE BOARD	{}	{}	no	no	yes
8	km3	4	482	23100040482	lookahead	34	5	34	{}	LOOKAHEAD ONLY, both halves hold	{"cut": null, "free": false, "queued": 2, "tick": 34}	{"built": null, "tick": 34}	yes	yes	yes
8	km3	4	484	23100040484	lookahead	56	8	56	{}	LOOKAHEAD ONLY, both halves hold	{"cut": null, "free": true, "queued": 3, "tick": 56}	{"built": null, "tick": 56}	no	no	yes
8	km3	4	486	23100040486	state	85	12	84	{"coin_queued_offered": [85], "coin_queued_offered_any": [85]}	ON THE BOARD	{}	{}	no	no	yes
8	km3	4	488	23100040488	state	27	4	26	{"coin_queued_offered": [27], "coin_queued_offered_any": [27]}	ON THE BOARD	{}	{}	no	no	yes
8	km3	4	489	23100040489	lookahead	49	7	49	{}	LOOKAHEAD ONLY, both halves hold	{"cut": null, "free": true, "queued": 3, "tick": 49}	{"built": null, "tick": 49}	no	no	yes
8	km3	4	490	23100040490	state	29	4	28	{"coin_queued_offered": [29], "coin_queued_offered_any": [29]}	ON THE BOARD	{}	{}	no	no	yes
8	km3	4	492	23100040492	state	81	11	80	{"coin_queued_offered": [81], "coin_queued_offered_any": [81]}	ON THE BOARD	{}	{}	no	no	yes
8	km3	4	494	23100040494	state	29	4	28	{"coin_queued_offered": [29], "coin_queued_offered_any": [29]}	ON THE BOARD	{}	{}	no	no	yes
8	km3	4	497	23100040497	state	41	5	40	{"coin_queued_offered": [41], "coin_queued_offered_any": [41]}	ON THE BOARD	{}	{}	no	no	yes
8	km3	4	498	23100040498	state	77	9	76	{"coin_queued_offered": [77], "coin_queued_offered_any": [77]}	ON THE BOARD	{}	{}	no	no	yes
8	km3	5	15	23100050015	state	87	12	86	{"coin_queued_offered": [87], "coin_queued_offered_any": [87]}	ON THE BOARD	{}	{}	no	no	yes
8	km3	5	51	23100050051	state	64	10	63	{"coin_queued_offered": [64], "coin_queued_offered_any": [64]}	ON THE BOARD	{}	{}	no	no	yes
8	km3	5	65	23100050065	state	33	4	32	{"coin_queued_offered": [33], "coin_queued_offered_any": [33]}	ON THE BOARD	{}	{}	no	no	yes
8	km3	5	82	23100050082	state	71	9	70	{"coin_queued_offered": [71], "coin_queued_offered_any": [71]}	ON THE BOARD	{}	{}	no	no	yes
8	km3	5	146	23100050146	lookahead	93	13	93	{}	LOOKAHEAD ONLY, both halves hold	{"cut": null, "free": false, "queued": 1, "tick": 93}	{"built": null, "tick": 93}	no	no	yes
8	km3	5	155	23100050155	state	43	7	42	{"coin_queued_offered": [43], "coin_queued_offered_any": [43]}	ON THE BOARD	{}	{}	no	no	yes
8	km3	5	157	23100050157	lookahead	69	10	69	{}	LOOKAHEAD ONLY, both halves hold	{"cut": null, "free": false, "queued": 2, "tick": 69}	{"built": null, "tick": 69}	no	no	yes
8	km3	5	166	23100050166	state	107	14	106	{"coin_queued_offered": [107], "coin_queued_offered_any": [107]}	ON THE BOARD	{}	{}	no	no	yes
8	km3	5	169	23100050169	state	80	12	79	{"coin_queued_offered": [80], "coin_queued_offered_any": [80]}	ON THE BOARD	{}	{}	no	no	yes
8	km3	5	170	23100050170	lookahead	60	9	60	{}	LOOKAHEAD ONLY, both halves hold	{"cut": null, "free": true, "queued": 2, "tick": 60}	{"built": null, "tick": 60}	yes	yes	yes
8	km3	5	199	23100050199	lookahead	88	12	88	{}	LOOKAHEAD ONLY, both halves hold	{"cut": null, "free": false, "queued": 2, "tick": 88}	{"built": null, "tick": 88}	yes	yes	yes
8	km3	5	210	23100050210	state	121	16	120	{"coin_queued_offered": [121], "coin_queued_offered_any": [121]}	ON THE BOARD	{}	{}	no	no	yes
8	km3	5	271	23100050271	state	39	6	38	{"coin_queued_offered": [39], "coin_queued_offered_any": [39]}	ON THE BOARD	{}	{}	no	no	yes
8	km3	5	280	23100050280	state	40	5	39	{"coin_queued_offered": [40], "coin_queued_offered_any": [40]}	ON THE BOARD	{}	{}	no	no	yes
8	km3	5	281	23100050281	state	138	20	137	{"coin_queued_offered": [138], "coin_queued_offered_any": [138]}	ON THE BOARD	{}	{}	no	no	yes
8	km3	5	287	23100050287	state	93	14	92	{"coin_queued_offered": [93], "coin_queued_offered_any": [93]}	ON THE BOARD	{}	{}	no	no	yes
8	km3	5	305	23100050305	lookahead	67	11	67	{}	LOOKAHEAD ONLY, both halves hold	{"cut": null, "free": true, "queued": 2, "tick": 67}	{"built": null, "tick": 67}	yes	yes	yes
8	km3	5	332	23100050332	state	47	7	46	{"coin_queued_offered": [47], "coin_queued_offered_any": [47]}	ON THE BOARD	{}	{}	no	no	yes
8	km3	5	354	23100050354	state	42	6	41	{"coin_queued_offered": [42], "coin_queued_offered_any": [42]}	ON THE BOARD	{}	{}	no	no	yes
8	km3	5	358	23100050358	state	38	6	37	{"coin_queued_offered": [38], "coin_queued_offered_any": [38]}	ON THE BOARD	{}	{}	no	no	yes
8	km3	5	397	23100050397	state	96	13	95	{"coin_queued_offered": [96], "coin_queued_offered_any": [96]}	ON THE BOARD	{}	{}	no	no	yes
8	km3	5	451	23100050451	state	127	18	126	{"coin_queued_offered": [127], "coin_queued_offered_any": [127]}	ON THE BOARD	{}	{}	no	no	yes
8	km3	6	2	23100060002	state	58	7	57	{"coin_queued_offered": [58], "coin_queued_offered_any": [58]}	ON THE BOARD	{}	{}	no	no	yes
8	km3	6	3	23100060003	state	73	10	72	{"coin_queued_offered": [73], "coin_queued_offered_any": [73]}	ON THE BOARD	{}	{}	no	no	yes
8	km3	6	4	23100060004	state	33	4	32	{"coin_queued_offered": [33], "coin_queued_offered_any": [33]}	ON THE BOARD	{}	{}	no	no	yes
8	km3	6	8	23100060008	state	30	4	29	{"coin_queued_offered": [30], "coin_queued_offered_any": [30]}	ON THE BOARD	{}	{}	no	no	yes
8	km3	6	9	23100060009	state	56	7	55	{"coin_queued_offered": [56], "coin_queued_offered_any": [56]}	ON THE BOARD	{}	{}	no	no	yes
8	km3	6	16	23100060016	state	85	12	84	{"coin_queued_offered": [85], "coin_queued_offered_any": [85]}	ON THE BOARD	{}	{}	no	no	yes
8	km3	6	17	23100060017	state	47	6	46	{"coin_queued_offered": [47], "coin_queued_offered_any": [47]}	ON THE BOARD	{}	{}	no	no	yes
8	km3	6	18	23100060018	state	41	5	40	{"coin_queued_offered": [41], "coin_queued_offered_any": [41]}	ON THE BOARD	{}	{}	no	no	yes
8	km3	6	19	23100060019	state	58	8	57	{"coin_queued_offered": [58], "coin_queued_offered_any": [58]}	ON THE BOARD	{}	{}	no	no	yes
8	km3	6	20	23100060020	state	38	4	37	{"coin_queued_offered": [38], "coin_queued_offered_any": [38]}	ON THE BOARD	{}	{}	no	no	yes
8	km3	6	21	23100060021	state	90	12	89	{"coin_queued_offered": [90], "coin_queued_offered_any": [90]}	ON THE BOARD	{}	{}	no	no	yes
8	km3	6	25	23100060025	state	110	14	109	{"coin_queued_offered": [110], "coin_queued_offered_any": [110]}	ON THE BOARD	{}	{}	no	no	yes
8	km3	6	26	23100060026	state	39	5	38	{"coin_queued_offered": [39], "coin_queued_offered_any": [39]}	ON THE BOARD	{}	{}	no	no	yes
8	km3	6	28	23100060028	lookahead	73	11	73	{}	LOOKAHEAD ONLY, both halves hold	{"cut": null, "free": false, "queued": 1, "tick": 73}	{"built": null, "tick": 73}	yes	yes	yes
8	km3	6	29	23100060029	lookahead	63	10	63	{}	LOOKAHEAD ONLY, both halves hold	{"cut": null, "free": false, "queued": 1, "tick": 63}	{"built": null, "tick": 63}	no	no	yes
8	km3	6	30	23100060030	lookahead	55	8	55	{}	LOOKAHEAD ONLY, both halves hold	{"cut": null, "free": false, "queued": 2, "tick": 55}	{"built": null, "tick": 55}	yes	yes	yes
8	km3	6	31	23100060031	state	87	12	86	{"coin_queued_offered": [87], "coin_queued_offered_any": [87]}	ON THE BOARD	{}	{}	no	no	yes
8	km3	6	33	23100060033	state	98	12	97	{"coin_queued_offered": [98], "coin_queued_offered_any": [98]}	ON THE BOARD	{}	{}	no	no	yes
8	km3	6	34	23100060034	lookahead	58	8	58	{}	LOOKAHEAD ONLY, both halves hold	{"cut": null, "free": false, "queued": 1, "tick": 58}	{"built": null, "tick": 58}	no	no	yes
8	km3	6	36	23100060036	lookahead	76	11	76	{}	LOOKAHEAD ONLY, both halves hold	{"cut": null, "free": false, "queued": 1, "tick": 76}	{"built": null, "tick": 76}	no	no	yes
8	km3	6	41	23100060041	state	33	4	32	{"coin_queued_offered": [33], "coin_queued_offered_any": [33]}	ON THE BOARD	{}	{}	no	no	yes
8	km3	6	42	23100060042	state	81	9	80	{"coin_queued_offered": [81], "coin_queued_offered_any": [81]}	ON THE BOARD	{}	{}	no	no	yes
8	km3	6	44	23100060044	state	34	4	33	{"coin_queued_offered": [34], "coin_queued_offered_any": [34]}	ON THE BOARD	{}	{}	no	no	yes
8	km3	6	46	23100060046	state	50	6	49	{"coin_queued_offered": [50], "coin_queued_offered_any": [50]}	ON THE BOARD	{}	{}	no	no	yes
8	km3	6	47	23100060047	state	55	7	54	{"coin_queued_offered": [55], "coin_queued_offered_any": [55]}	ON THE BOARD	{}	{}	no	no	yes
8	km3	6	48	23100060048	state	48	7	47	{"coin_queued_offered": [48], "coin_queued_offered_any": [48]}	ON THE BOARD	{}	{}	no	no	yes
8	km3	6	49	23100060049	state	47	6	46	{"coin_queued_offered": [47], "coin_queued_offered_any": [47]}	ON THE BOARD	{}	{}	no	no	yes
8	km3	6	50	23100060050	state	58	9	57	{"coin_queued_offered": [58], "coin_queued_offered_any": [58]}	ON THE BOARD	{}	{}	no	no	yes
8	km3	6	51	23100060051	state	94	11	93	{"coin_queued_offered": [94], "coin_queued_offered_any": [94]}	ON THE BOARD	{}	{}	no	no	yes
8	km3	6	53	23100060053	state	41	5	40	{"coin_queued_offered": [41], "coin_queued_offered_any": [41]}	ON THE BOARD	{}	{}	no	no	yes
8	km3	6	56	23100060056	state	47	5	46	{"coin_queued_offered": [47], "coin_queued_offered_any": [47]}	ON THE BOARD	{}	{}	no	no	yes
8	km3	6	57	23100060057	state	75	9	74	{"coin_queued_offered": [75], "coin_queued_offered_any": [75]}	ON THE BOARD	{}	{}	no	no	yes
8	km3	6	58	23100060058	lookahead	59	8	59	{}	LOOKAHEAD ONLY, both halves hold	{"cut": null, "free": false, "queued": 1, "tick": 59}	{"built": null, "tick": 59}	no	no	yes
8	km3	6	59	23100060059	state	81	10	80	{"coin_queued_offered": [81], "coin_queued_offered_any": [81]}	ON THE BOARD	{}	{}	no	no	yes
8	km3	6	60	23100060060	lookahead	67	9	67	{}	LOOKAHEAD ONLY, both halves hold	{"cut": null, "free": false, "queued": 1, "tick": 67}	{"built": null, "tick": 67}	no	no	yes
8	km3	6	64	23100060064	state	69	9	68	{"coin_queued_offered": [69], "coin_queued_offered_any": [69]}	ON THE BOARD	{}	{}	no	no	yes
8	km3	6	65	23100060065	lookahead	74	10	74	{}	LOOKAHEAD ONLY, both halves hold	{"cut": null, "free": false, "queued": 1, "tick": 74}	{"built": null, "tick": 74}	yes	yes	yes
8	km3	6	66	23100060066	state	55	7	54	{"coin_queued_offered": [55], "coin_queued_offered_any": [55]}	ON THE BOARD	{}	{}	no	no	yes
8	km3	6	67	23100060067	state	69	9	68	{"coin_queued_offered": [69], "coin_queued_offered_any": [69]}	ON THE BOARD	{}	{}	no	no	yes
8	km3	6	69	23100060069	state	43	5	42	{"coin_queued_offered": [43], "coin_queued_offered_any": [43]}	ON THE BOARD	{}	{}	no	no	yes
8	km3	6	70	23100060070	state	59	9	58	{"coin_queued_offered": [59], "coin_queued_offered_any": [59]}	ON THE BOARD	{}	{}	no	no	yes
8	km3	6	72	23100060072	state	105	14	104	{"coin_queued_offered": [105], "coin_queued_offered_any": [105]}	ON THE BOARD	{}	{}	no	no	yes
8	km3	6	79	23100060079	state	42	5	41	{"coin_queued_offered": [42], "coin_queued_offered_any": [42]}	ON THE BOARD	{}	{}	no	no	yes
8	km3	6	85	23100060085	state	65	8	64	{"coin_queued_offered": [65], "coin_queued_offered_any": [65]}	ON THE BOARD	{}	{}	no	no	yes
8	km3	6	86	23100060086	state	72	9	71	{"coin_queued_offered": [72], "coin_queued_offered_any": [72]}	ON THE BOARD	{}	{}	no	no	yes
8	km3	6	87	23100060087	state	45	6	44	{"coin_queued_offered": [45], "coin_queued_offered_any": [45]}	ON THE BOARD	{}	{}	no	no	yes
8	km3	6	92	23100060092	state	56	8	55	{"coin_queued_offered": [56], "coin_queued_offered_any": [56]}	ON THE BOARD	{}	{}	no	no	yes
8	km3	6	94	23100060094	state	44	6	43	{"coin_queued_offered": [44], "coin_queued_offered_any": [44]}	ON THE BOARD	{}	{}	no	no	yes
8	km3	6	95	23100060095	lookahead	66	8	66	{}	LOOKAHEAD ONLY, both halves hold	{"cut": null, "free": false, "queued": 2, "tick": 66}	{"built": null, "tick": 66}	no	no	yes
8	km3	6	96	23100060096	lookahead	71	10	71	{}	LOOKAHEAD ONLY, both halves hold	{"cut": null, "free": false, "queued": 1, "tick": 71}	{"built": null, "tick": 71}	no	no	yes
8	km3	6	97	23100060097	state	88	10	87	{"coin_queued_offered": [88], "coin_queued_offered_any": [88]}	ON THE BOARD	{}	{}	no	no	yes
8	km3	6	99	23100060099	state	46	5	45	{"coin_queued_offered": [46], "coin_queued_offered_any": [46]}	ON THE BOARD	{}	{}	no	no	yes
8	km3	6	101	23100060101	lookahead	70	10	70	{}	LOOKAHEAD ONLY, both halves hold	{"cut": null, "free": false, "queued": 1, "tick": 70}	{"built": null, "tick": 70}	no	no	yes
8	km3	6	103	23100060103	state	86	12	85	{"coin_queued_offered": [86], "coin_queued_offered_any": [86]}	ON THE BOARD	{}	{}	no	no	yes
8	km3	6	105	23100060105	state	61	7	60	{"coin_queued_offered": [61], "coin_queued_offered_any": [61]}	ON THE BOARD	{}	{}	no	no	yes
8	km3	6	106	23100060106	state	55	8	54	{"coin_queued_offered": [55], "coin_queued_offered_any": [55]}	ON THE BOARD	{}	{}	no	no	yes
8	km3	6	107	23100060107	state	71	8	70	{"coin_queued_offered": [71], "coin_queued_offered_any": [71]}	ON THE BOARD	{}	{}	no	no	yes
8	km3	6	110	23100060110	state	87	12	86	{"coin_queued_offered": [87], "coin_queued_offered_any": [87]}	ON THE BOARD	{}	{}	no	no	yes
8	km3	6	111	23100060111	state	77	9	76	{"coin_queued_offered": [77], "coin_queued_offered_any": [77]}	ON THE BOARD	{}	{}	no	no	yes
8	km3	6	113	23100060113	state	74	10	73	{"coin_queued_offered": [74], "coin_queued_offered_any": [74]}	ON THE BOARD	{}	{}	no	no	yes
8	km3	6	115	23100060115	state	38	5	37	{"coin_queued_offered": [38], "coin_queued_offered_any": [38]}	ON THE BOARD	{}	{}	no	no	yes
8	km3	6	117	23100060117	state	44	5	43	{"coin_queued_offered": [44], "coin_queued_offered_any": [44]}	ON THE BOARD	{}	{}	no	no	yes
8	km3	6	119	23100060119	state	50	6	49	{"coin_queued_offered": [50], "coin_queued_offered_any": [50]}	ON THE BOARD	{}	{}	no	no	yes
8	km3	6	123	23100060123	state	52	7	51	{"coin_queued_offered": [52], "coin_queued_offered_any": [52]}	ON THE BOARD	{}	{}	no	no	yes
8	km3	6	127	23100060127	lookahead	105	14	105	{}	LOOKAHEAD ONLY, both halves hold	{"cut": null, "free": false, "queued": 1, "tick": 105}	{"built": null, "tick": 105}	no	no	yes
8	km3	6	129	23100060129	state	76	10	75	{"coin_queued_offered": [76], "coin_queued_offered_any": [76]}	ON THE BOARD	{}	{}	no	no	yes
8	km3	6	130	23100060130	lookahead	76	10	76	{}	LOOKAHEAD ONLY, both halves hold	{"cut": null, "free": false, "queued": 1, "tick": 76}	{"built": null, "tick": 76}	no	no	yes
8	km3	6	131	23100060131	lookahead	71	10	71	{}	LOOKAHEAD ONLY, both halves hold	{"cut": null, "free": false, "queued": 1, "tick": 71}	{"built": null, "tick": 71}	no	no	yes
8	km3	6	132	23100060132	state	66	9	65	{"coin_queued_offered": [66], "coin_queued_offered_any": [66]}	ON THE BOARD	{}	{}	no	no	yes
8	km3	6	134	23100060134	state	61	8	60	{"coin_queued_offered": [61], "coin_queued_offered_any": [61]}	ON THE BOARD	{}	{}	no	no	yes
8	km3	6	135	23100060135	state	33	4	32	{"coin_queued_offered": [33], "coin_queued_offered_any": [33]}	ON THE BOARD	{}	{}	no	no	yes
8	km3	6	137	23100060137	lookahead	70	10	70	{}	LOOKAHEAD ONLY, both halves hold	{"cut": null, "free": false, "queued": 2, "tick": 70}	{"built": null, "tick": 70}	yes	yes	yes
8	km3	6	140	23100060140	state	60	7	59	{"coin_queued_offered": [60], "coin_queued_offered_any": [60]}	ON THE BOARD	{}	{}	no	no	yes
8	km3	6	141	23100060141	state	63	9	62	{"coin_queued_offered": [63], "coin_queued_offered_any": [63]}	ON THE BOARD	{}	{}	no	no	yes
8	km3	6	144	23100060144	lookahead	69	9	69	{}	LOOKAHEAD ONLY, both halves hold	{"cut": null, "free": false, "queued": 1, "tick": 69}	{"built": null, "tick": 69}	yes	yes	yes
8	km3	6	145	23100060145	lookahead	86	12	86	{}	LOOKAHEAD ONLY, both halves hold	{"cut": null, "free": false, "queued": 1, "tick": 86}	{"built": null, "tick": 86}	no	no	yes
8	km3	6	147	23100060147	state	85	12	84	{"coin_queued_offered": [85], "coin_queued_offered_any": [85]}	ON THE BOARD	{}	{}	no	no	yes
8	km3	6	148	23100060148	state	48	6	47	{"coin_queued_offered": [48], "coin_queued_offered_any": [48]}	ON THE BOARD	{}	{}	no	no	yes
8	km3	6	149	23100060149	lookahead	70	10	70	{}	LOOKAHEAD ONLY, both halves hold	{"cut": null, "free": false, "queued": 2, "tick": 70}	{"built": null, "tick": 70}	yes	yes	yes
8	km3	6	150	23100060150	state	71	8	70	{"coin_queued_offered": [71], "coin_queued_offered_any": [71]}	ON THE BOARD	{}	{}	no	no	yes
8	km3	6	153	23100060153	state	55	7	54	{"coin_queued_offered": [55], "coin_queued_offered_any": [55]}	ON THE BOARD	{}	{}	no	no	yes
8	km3	6	154	23100060154	lookahead	59	9	59	{}	LOOKAHEAD ONLY, both halves hold	{"cut": null, "free": false, "queued": 2, "tick": 59}	{"built": null, "tick": 59}	yes	yes	yes
8	km3	6	156	23100060156	lookahead	72	10	72	{}	LOOKAHEAD ONLY, both halves hold	{"cut": null, "free": false, "queued": 2, "tick": 72}	{"built": null, "tick": 72}	no	no	yes
8	km3	6	158	23100060158	state	57	7	56	{"coin_queued_offered": [57], "coin_queued_offered_any": [57]}	ON THE BOARD	{}	{}	no	no	yes
8	km3	6	160	23100060160	state	51	6	50	{"coin_queued_offered": [51], "coin_queued_offered_any": [51]}	ON THE BOARD	{}	{}	no	no	yes
8	km3	6	162	23100060162	state	57	7	56	{"coin_queued_offered": [57], "coin_queued_offered_any": [57]}	ON THE BOARD	{}	{}	no	no	yes
8	km3	6	163	23100060163	state	63	8	62	{"coin_queued_offered": [63], "coin_queued_offered_any": [63]}	ON THE BOARD	{}	{}	no	no	yes
8	km3	6	166	23100060166	state	69	9	68	{"coin_queued_offered": [69], "coin_queued_offered_any": [69]}	ON THE BOARD	{}	{}	no	no	yes
8	km3	6	167	23100060167	lookahead	76	10	76	{}	LOOKAHEAD ONLY, both halves hold	{"cut": null, "free": false, "queued": 2, "tick": 76}	{"built": null, "tick": 76}	yes	yes	yes
8	km3	6	169	23100060169	state	58	7	57	{"coin_queued_offered": [58], "coin_queued_offered_any": [58]}	ON THE BOARD	{}	{}	no	no	yes
8	km3	6	170	23100060170	state	43	5	42	{"coin_queued_offered": [43], "coin_queued_offered_any": [43]}	ON THE BOARD	{}	{}	no	no	yes
8	km3	6	171	23100060171	state	56	8	55	{"coin_queued_offered": [56], "coin_queued_offered_any": [56]}	ON THE BOARD	{}	{}	no	no	yes
8	km3	6	177	23100060177	state	84	11	83	{"coin_queued_offered": [84], "coin_queued_offered_any": [84]}	ON THE BOARD	{}	{}	no	no	yes
8	km3	6	179	23100060179	lookahead	83	11	83	{}	LOOKAHEAD ONLY, both halves hold	{"cut": null, "free": false, "queued": 1, "tick": 83}	{"built": null, "tick": 83}	no	no	yes
8	km3	6	180	23100060180	lookahead	61	9	61	{}	LOOKAHEAD ONLY, both halves hold	{"cut": null, "free": false, "queued": 1, "tick": 61}	{"built": null, "tick": 61}	no	no	yes
8	km3	6	181	23100060181	state	48	7	47	{"coin_queued_offered": [48], "coin_queued_offered_any": [48]}	ON THE BOARD	{}	{}	no	no	yes
8	km3	6	182	23100060182	state	91	11	90	{"coin_queued_offered": [91], "coin_queued_offered_any": [91]}	ON THE BOARD	{}	{}	no	no	yes
8	km3	6	185	23100060185	state	92	12	91	{"coin_queued_offered": [92], "coin_queued_offered_any": [92]}	ON THE BOARD	{}	{}	no	no	yes
8	km3	6	188	23100060188	state	72	10	71	{"coin_queued_offered": [72], "coin_queued_offered_any": [72]}	ON THE BOARD	{}	{}	no	no	yes
8	km3	6	191	23100060191	state	63	7	62	{"coin_queued_offered": [63], "coin_queued_offered_any": [63]}	ON THE BOARD	{}	{}	no	no	yes
8	km3	6	193	23100060193	state	64	8	63	{"coin_queued_offered": [64], "coin_queued_offered_any": [64]}	ON THE BOARD	{}	{}	no	no	yes
8	km3	6	195	23100060195	state	77	11	76	{"coin_queued_offered": [77], "coin_queued_offered_any": [77]}	ON THE BOARD	{}	{}	no	no	yes
8	km3	6	197	23100060197	state	51	7	50	{"coin_queued_offered": [51], "coin_queued_offered_any": [51]}	ON THE BOARD	{}	{}	no	no	yes
8	km3	6	199	23100060199	state	36	4	35	{"coin_queued_offered": [36], "coin_queued_offered_any": [36]}	ON THE BOARD	{}	{}	no	no	yes
8	km3	6	202	23100060202	lookahead	62	9	62	{}	LOOKAHEAD ONLY, both halves hold	{"cut": null, "free": false, "queued": 1, "tick": 62}	{"built": null, "tick": 62}	no	no	yes
8	km3	6	204	23100060204	state	52	7	51	{"coin_queued_offered": [52], "coin_queued_offered_any": [52]}	ON THE BOARD	{}	{}	no	no	yes
8	km3	6	207	23100060207	state	61	8	60	{"coin_queued_offered": [61], "coin_queued_offered_any": [61]}	ON THE BOARD	{}	{}	no	no	yes
8	km3	6	208	23100060208	state	55	7	54	{"coin_queued_offered": [55], "coin_queued_offered_any": [55]}	ON THE BOARD	{}	{}	no	no	yes
8	km3	6	210	23100060210	lookahead	98	14	98	{}	LOOKAHEAD ONLY, both halves hold	{"cut": null, "free": false, "queued": 2, "tick": 98}	{"built": null, "tick": 98}	yes	yes	yes
8	km3	6	215	23100060215	lookahead	72	11	72	{}	LOOKAHEAD ONLY, both halves hold	{"cut": null, "free": false, "queued": 2, "tick": 72}	{"built": null, "tick": 72}	yes	yes	yes
8	km3	6	216	23100060216	state	71	9	70	{"coin_queued_offered": [71], "coin_queued_offered_any": [71]}	ON THE BOARD	{}	{}	no	no	yes
8	km3	6	217	23100060217	lookahead	57	8	57	{}	LOOKAHEAD ONLY, both halves hold	{"cut": null, "free": false, "queued": 1, "tick": 57}	{"built": null, "tick": 57}	no	no	yes
8	km3	6	219	23100060219	lookahead	55	8	55	{}	LOOKAHEAD ONLY, both halves hold	{"cut": null, "free": false, "queued": 2, "tick": 55}	{"built": null, "tick": 55}	yes	yes	yes
8	km3	6	222	23100060222	state	85	11	84	{"coin_queued_offered": [85], "coin_queued_offered_any": [85]}	ON THE BOARD	{}	{}	no	no	yes
8	km3	6	223	23100060223	state	47	6	46	{"coin_queued_offered": [47], "coin_queued_offered_any": [47]}	ON THE BOARD	{}	{}	no	no	yes
8	km3	6	225	23100060225	lookahead	76	11	76	{}	LOOKAHEAD ONLY, both halves hold	{"cut": null, "free": false, "queued": 2, "tick": 76}	{"built": null, "tick": 76}	yes	yes	yes
8	km3	6	226	23100060226	state	65	8	64	{"coin_queued_offered": [65], "coin_queued_offered_any": [65]}	ON THE BOARD	{}	{}	no	no	yes
8	km3	6	230	23100060230	state	62	8	61	{"coin_queued_offered": [62], "coin_queued_offered_any": [62]}	ON THE BOARD	{}	{}	no	no	yes
8	km3	6	231	23100060231	state	54	7	53	{"coin_queued_offered": [54], "coin_queued_offered_any": [54]}	ON THE BOARD	{}	{}	no	no	yes
8	km3	6	234	23100060234	state	54	7	53	{"coin_queued_offered": [54], "coin_queued_offered_any": [54]}	ON THE BOARD	{}	{}	no	no	yes
8	km3	6	235	23100060235	state	103	13	102	{"coin_queued_offered": [103], "coin_queued_offered_any": [103]}	ON THE BOARD	{}	{}	no	no	yes
8	km3	6	236	23100060236	state	58	7	57	{"coin_queued_offered": [58], "coin_queued_offered_any": [58]}	ON THE BOARD	{}	{}	no	no	yes
8	km3	6	238	23100060238	lookahead	90	13	90	{}	LOOKAHEAD ONLY, both halves hold	{"cut": null, "free": false, "queued": 1, "tick": 90}	{"built": null, "tick": 90}	yes	yes	yes
8	km3	6	239	23100060239	lookahead	90	14	90	{}	LOOKAHEAD ONLY, both halves hold	{"cut": null, "free": false, "queued": 1, "tick": 90}	{"built": null, "tick": 90}	no	no	yes
8	km3	6	241	23100060241	lookahead	57	8	57	{}	LOOKAHEAD ONLY, both halves hold	{"cut": null, "free": false, "queued": 2, "tick": 57}	{"built": null, "tick": 57}	yes	yes	yes
8	km3	6	242	23100060242	state	104	16	103	{"coin_queued_offered": [104], "coin_queued_offered_any": [104]}	ON THE BOARD	{}	{}	no	no	yes
8	km3	6	243	23100060243	state	50	8	49	{"coin_queued_offered": [50], "coin_queued_offered_any": [50]}	ON THE BOARD	{}	{}	no	no	yes
8	km3	6	245	23100060245	lookahead	60	8	60	{}	LOOKAHEAD ONLY, both halves hold	{"cut": null, "free": false, "queued": 1, "tick": 60}	{"built": null, "tick": 60}	no	no	yes
8	km3	6	246	23100060246	state	67	9	66	{"coin_queued_offered": [67], "coin_queued_offered_any": [67]}	ON THE BOARD	{}	{}	no	no	yes
8	km3	6	247	23100060247	state	67	8	66	{"coin_queued_offered": [67], "coin_queued_offered_any": [67]}	ON THE BOARD	{}	{}	no	no	yes
8	km3	6	249	23100060249	state	51	6	50	{"coin_queued_offered": [51], "coin_queued_offered_any": [51]}	ON THE BOARD	{}	{}	no	no	yes
8	km3	6	250	23100060250	state	56	7	55	{"coin_queued_offered": [56], "coin_queued_offered_any": [56]}	ON THE BOARD	{}	{}	no	no	yes
8	km3	6	251	23100060251	lookahead	64	9	64	{}	LOOKAHEAD ONLY, both halves hold	{"cut": null, "free": false, "queued": 1, "tick": 64}	{"built": null, "tick": 64}	no	no	yes
8	km3	6	252	23100060252	state	55	7	54	{"coin_queued_offered": [55], "coin_queued_offered_any": [55]}	ON THE BOARD	{}	{}	no	no	yes
8	km3	6	253	23100060253	state	62	7	61	{"coin_queued_offered": [62], "coin_queued_offered_any": [62]}	ON THE BOARD	{}	{}	no	no	yes
8	km3	6	254	23100060254	lookahead	84	13	84	{}	LOOKAHEAD ONLY, both halves hold	{"cut": null, "free": false, "queued": 1, "tick": 84}	{"built": null, "tick": 84}	no	no	yes
8	km3	6	256	23100060256	state	59	7	58	{"coin_queued_offered": [59], "coin_queued_offered_any": [59]}	ON THE BOARD	{}	{}	no	no	yes
8	km3	6	264	23100060264	state	92	11	91	{"coin_queued_offered": [92], "coin_queued_offered_any": [92]}	ON THE BOARD	{}	{}	no	no	yes
8	km3	6	267	23100060267	lookahead	70	10	70	{}	LOOKAHEAD ONLY, both halves hold	{"cut": null, "free": false, "queued": 2, "tick": 70}	{"built": null, "tick": 70}	yes	yes	yes
8	km3	6	268	23100060268	lookahead	82	11	82	{}	LOOKAHEAD ONLY, both halves hold	{"cut": null, "free": false, "queued": 1, "tick": 82}	{"built": null, "tick": 82}	no	no	yes
8	km3	6	270	23100060270	lookahead	66	10	66	{}	LOOKAHEAD ONLY, both halves hold	{"cut": null, "free": false, "queued": 1, "tick": 66}	{"built": null, "tick": 66}	yes	yes	yes
8	km3	6	272	23100060272	lookahead	70	9	70	{}	LOOKAHEAD ONLY, both halves hold	{"cut": null, "free": false, "queued": 1, "tick": 70}	{"built": null, "tick": 70}	yes	yes	yes
8	km3	6	273	23100060273	state	77	9	76	{"coin_queued_offered": [77], "coin_queued_offered_any": [77]}	ON THE BOARD	{}	{}	no	no	yes
8	km3	6	277	23100060277	state	74	11	73	{"coin_queued_offered": [74], "coin_queued_offered_any": [74]}	ON THE BOARD	{}	{}	no	no	yes
8	km3	6	278	23100060278	state	49	7	48	{"coin_queued_offered": [49], "coin_queued_offered_any": [49]}	ON THE BOARD	{}	{}	no	no	yes
8	km3	6	283	23100060283	state	98	13	97	{"coin_queued_offered": [98], "coin_queued_offered_any": [98]}	ON THE BOARD	{}	{}	no	no	yes
8	km3	6	284	23100060284	lookahead	83	13	83	{}	LOOKAHEAD ONLY, both halves hold	{"cut": null, "free": false, "queued": 1, "tick": 83}	{"built": null, "tick": 83}	no	no	yes
8	km3	6	286	23100060286	state	62	10	61	{"coin_queued_offered": [62], "coin_queued_offered_any": [62]}	ON THE BOARD	{}	{}	no	no	yes
8	km3	6	287	23100060287	lookahead	55	9	55	{}	LOOKAHEAD ONLY, both halves hold	{"cut": null, "free": false, "queued": 1, "tick": 55}	{"built": null, "tick": 55}	no	no	yes
8	km3	6	290	23100060290	lookahead	98	13	98	{}	LOOKAHEAD ONLY, both halves hold	{"cut": null, "free": false, "queued": 2, "tick": 98}	{"built": null, "tick": 98}	yes	yes	yes
8	km3	6	291	23100060291	state	76	11	75	{"coin_queued_offered": [76], "coin_queued_offered_any": [76]}	ON THE BOARD	{}	{}	no	no	yes
8	km3	6	292	23100060292	state	51	7	50	{"coin_queued_offered": [51], "coin_queued_offered_any": [51]}	ON THE BOARD	{}	{}	no	no	yes
8	km3	6	293	23100060293	state	63	9	62	{"coin_queued_offered": [63], "coin_queued_offered_any": [63]}	ON THE BOARD	{}	{}	no	no	yes
8	km3	6	294	23100060294	state	60	9	59	{"coin_queued_offered": [60], "coin_queued_offered_any": [60]}	ON THE BOARD	{}	{}	no	no	yes
8	km3	6	295	23100060295	state	69	9	68	{"coin_queued_offered": [69], "coin_queued_offered_any": [69]}	ON THE BOARD	{}	{}	no	no	yes
8	km3	6	296	23100060296	state	49	7	48	{"coin_queued_offered": [49], "coin_queued_offered_any": [49]}	ON THE BOARD	{}	{}	no	no	yes
8	km3	6	299	23100060299	lookahead	68	10	68	{}	LOOKAHEAD ONLY, both halves hold	{"cut": null, "free": false, "queued": 2, "tick": 68}	{"built": null, "tick": 68}	yes	yes	yes
8	km3	6	300	23100060300	state	61	7	60	{"coin_queued_offered": [61], "coin_queued_offered_any": [61]}	ON THE BOARD	{}	{}	no	no	yes
8	km3	6	301	23100060301	state	51	7	50	{"coin_queued_offered": [51], "coin_queued_offered_any": [51]}	ON THE BOARD	{}	{}	no	no	yes
8	km3	6	306	23100060306	state	55	7	54	{"coin_queued_offered": [55], "coin_queued_offered_any": [55]}	ON THE BOARD	{}	{}	no	no	yes
8	km3	6	307	23100060307	state	53	8	52	{"coin_queued_offered": [53], "coin_queued_offered_any": [53]}	ON THE BOARD	{}	{}	no	no	yes
8	km3	6	308	23100060308	lookahead	70	10	70	{}	LOOKAHEAD ONLY, both halves hold	{"cut": null, "free": false, "queued": 2, "tick": 70}	{"built": null, "tick": 70}	yes	yes	yes
8	km3	6	311	23100060311	state	42	5	41	{"coin_queued_offered": [42], "coin_queued_offered_any": [42]}	ON THE BOARD	{}	{}	no	no	yes
8	km3	6	316	23100060316	state	52	8	51	{"coin_queued_offered": [52], "coin_queued_offered_any": [52]}	ON THE BOARD	{}	{}	no	no	yes
8	km3	6	317	23100060317	state	69	9	68	{"coin_queued_offered": [69], "coin_queued_offered_any": [69]}	ON THE BOARD	{}	{}	no	no	yes
8	km3	6	318	23100060318	state	55	7	54	{"coin_queued_offered": [55], "coin_queued_offered_any": [55]}	ON THE BOARD	{}	{}	no	no	yes
8	km3	6	319	23100060319	lookahead	57	8	57	{}	LOOKAHEAD ONLY, both halves hold	{"cut": null, "free": false, "queued": 1, "tick": 57}	{"built": null, "tick": 57}	no	no	yes
8	km3	6	320	23100060320	state	47	6	46	{"coin_queued_offered": [47], "coin_queued_offered_any": [47]}	ON THE BOARD	{}	{}	no	no	yes
8	km3	6	323	23100060323	state	47	6	46	{"coin_queued_offered": [47], "coin_queued_offered_any": [47]}	ON THE BOARD	{}	{}	no	no	yes
8	km3	6	324	23100060324	lookahead	79	10	79	{}	LOOKAHEAD ONLY, both halves hold	{"cut": null, "free": false, "queued": 1, "tick": 79}	{"built": null, "tick": 79}	no	no	yes
8	km3	6	326	23100060326	state	48	6	47	{"coin_queued_offered": [48], "coin_queued_offered_any": [48]}	ON THE BOARD	{}	{}	no	no	yes
8	km3	6	330	23100060330	lookahead	69	10	69	{}	LOOKAHEAD ONLY, both halves hold	{"cut": null, "free": false, "queued": 2, "tick": 69}	{"built": null, "tick": 69}	no	no	yes
8	km3	6	334	23100060334	lookahead	79	10	79	{}	LOOKAHEAD ONLY, both halves hold	{"cut": null, "free": false, "queued": 1, "tick": 79}	{"built": null, "tick": 79}	no	no	yes
8	km3	6	338	23100060338	state	40	5	39	{"coin_queued_offered": [40], "coin_queued_offered_any": [40]}	ON THE BOARD	{}	{}	no	no	yes
8	km3	6	339	23100060339	lookahead	69	11	69	{}	LOOKAHEAD ONLY, both halves hold	{"cut": null, "free": false, "queued": 2, "tick": 69}	{"built": null, "tick": 69}	no	no	yes
8	km3	6	340	23100060340	state	44	7	43	{"coin_queued_offered": [44], "coin_queued_offered_any": [44]}	ON THE BOARD	{}	{}	no	no	yes
8	km3	6	341	23100060341	state	103	14	102	{"coin_queued_offered": [103], "coin_queued_offered_any": [103]}	ON THE BOARD	{}	{}	no	no	yes
8	km3	6	343	23100060343	state	79	9	78	{"coin_queued_offered": [79], "coin_queued_offered_any": [79]}	ON THE BOARD	{}	{}	no	no	yes
8	km3	6	346	23100060346	state	55	8	54	{"coin_queued_offered": [55], "coin_queued_offered_any": [55]}	ON THE BOARD	{}	{}	no	no	yes
8	km3	6	352	23100060352	lookahead	53	9	53	{}	LOOKAHEAD ONLY, both halves hold	{"cut": null, "free": false, "queued": 2, "tick": 53}	{"built": null, "tick": 53}	yes	yes	yes
8	km3	6	356	23100060356	state	54	7	53	{"coin_queued_offered": [54], "coin_queued_offered_any": [54]}	ON THE BOARD	{}	{}	no	no	yes
8	km3	6	357	23100060357	state	67	10	66	{"coin_queued_offered": [67], "coin_queued_offered_any": [67]}	ON THE BOARD	{}	{}	no	no	yes
8	km3	6	359	23100060359	state	54	7	53	{"coin_queued_offered": [54], "coin_queued_offered_any": [54]}	ON THE BOARD	{}	{}	no	no	yes
8	km3	6	361	23100060361	state	54	7	53	{"coin_queued_offered": [54], "coin_queued_offered_any": [54]}	ON THE BOARD	{}	{}	no	no	yes
8	km3	6	362	23100060362	state	46	5	45	{"coin_queued_offered": [46], "coin_queued_offered_any": [46]}	ON THE BOARD	{}	{}	no	no	yes
8	km3	6	363	23100060363	state	70	9	69	{"coin_queued_offered": [70], "coin_queued_offered_any": [70]}	ON THE BOARD	{}	{}	no	no	yes
8	km3	6	367	23100060367	state	45	6	44	{"coin_queued_offered": [45], "coin_queued_offered_any": [45]}	ON THE BOARD	{}	{}	no	no	yes
8	km3	6	368	23100060368	state	55	7	54	{"coin_queued_offered": [55], "coin_queued_offered_any": [55]}	ON THE BOARD	{}	{}	no	no	yes
8	km3	6	369	23100060369	state	62	9	61	{"coin_queued_offered": [62], "coin_queued_offered_any": [62]}	ON THE BOARD	{}	{}	no	no	yes
8	km3	6	370	23100060370	lookahead	49	8	49	{}	LOOKAHEAD ONLY, both halves hold	{"cut": null, "free": false, "queued": 2, "tick": 49}	{"built": null, "tick": 49}	yes	yes	yes
8	km3	6	371	23100060371	lookahead	81	10	81	{}	LOOKAHEAD ONLY, both halves hold	{"cut": null, "free": false, "queued": 2, "tick": 81}	{"built": null, "tick": 81}	yes	yes	yes
8	km3	6	373	23100060373	state	41	4	40	{"coin_queued_offered": [41], "coin_queued_offered_any": [41]}	ON THE BOARD	{}	{}	no	no	yes
8	km3	6	374	23100060374	state	71	9	70	{"coin_queued_offered": [71], "coin_queued_offered_any": [71]}	ON THE BOARD	{}	{}	no	no	yes
8	km3	6	375	23100060375	state	71	9	70	{"coin_queued_offered": [71], "coin_queued_offered_any": [71]}	ON THE BOARD	{}	{}	no	no	yes
8	km3	6	380	23100060380	state	67	8	66	{"coin_queued_offered": [67], "coin_queued_offered_any": [67]}	ON THE BOARD	{}	{}	no	no	yes
8	km3	6	381	23100060381	state	66	9	65	{"coin_queued_offered": [66], "coin_queued_offered_any": [66]}	ON THE BOARD	{}	{}	no	no	yes
8	km3	6	382	23100060382	state	71	9	70	{"coin_queued_offered": [71], "coin_queued_offered_any": [71]}	ON THE BOARD	{}	{}	no	no	yes
8	km3	6	385	23100060385	lookahead	73	10	73	{}	LOOKAHEAD ONLY, both halves hold	{"cut": null, "free": false, "queued": 2, "tick": 73}	{"built": null, "tick": 73}	yes	yes	yes
8	km3	6	386	23100060386	lookahead	73	9	73	{}	LOOKAHEAD ONLY, both halves hold	{"cut": null, "free": false, "queued": 2, "tick": 73}	{"built": null, "tick": 73}	yes	yes	yes
8	km3	6	388	23100060388	state	79	10	78	{"coin_queued_offered": [79], "coin_queued_offered_any": [79]}	ON THE BOARD	{}	{}	no	no	yes
8	km3	6	390	23100060390	state	43	5	42	{"coin_queued_offered": [43], "coin_queued_offered_any": [43]}	ON THE BOARD	{}	{}	no	no	yes
8	km3	6	391	23100060391	state	55	7	54	{"coin_queued_offered": [55], "coin_queued_offered_any": [55]}	ON THE BOARD	{}	{}	no	no	yes
8	km3	6	394	23100060394	state	42	6	41	{"coin_queued_offered": [42], "coin_queued_offered_any": [42]}	ON THE BOARD	{}	{}	no	no	yes
8	km3	6	398	23100060398	state	37	5	36	{"coin_queued_offered": [37], "coin_queued_offered_any": [37]}	ON THE BOARD	{}	{}	no	no	yes
8	km3	6	399	23100060399	state	55	7	54	{"coin_queued_offered": [55], "coin_queued_offered_any": [55]}	ON THE BOARD	{}	{}	no	no	yes
8	km3	6	400	23100060400	state	75	10	74	{"coin_queued_offered": [75], "coin_queued_offered_any": [75]}	ON THE BOARD	{}	{}	no	no	yes
8	km3	6	402	23100060402	state	67	10	66	{"coin_queued_offered": [67], "coin_queued_offered_any": [67]}	ON THE BOARD	{}	{}	no	no	yes
8	km3	6	409	23100060409	state	67	10	66	{"coin_queued_offered": [67], "coin_queued_offered_any": [67]}	ON THE BOARD	{}	{}	no	no	yes
8	km3	6	410	23100060410	state	56	7	55	{"coin_queued_offered": [56], "coin_queued_offered_any": [56]}	ON THE BOARD	{}	{}	no	no	yes
8	km3	6	411	23100060411	state	64	8	63	{"coin_queued_offered": [64], "coin_queued_offered_any": [64]}	ON THE BOARD	{}	{}	no	no	yes
8	km3	6	415	23100060415	state	54	7	53	{"coin_queued_offered": [54], "coin_queued_offered_any": [54]}	ON THE BOARD	{}	{}	no	no	yes
8	km3	6	416	23100060416	state	63	9	62	{"coin_queued_offered": [63], "coin_queued_offered_any": [63]}	ON THE BOARD	{}	{}	no	no	yes
8	km3	6	418	23100060418	state	44	5	43	{"coin_queued_offered": [44], "coin_queued_offered_any": [44]}	ON THE BOARD	{}	{}	no	no	yes
8	km3	6	419	23100060419	state	71	10	70	{"coin_queued_offered": [71], "coin_queued_offered_any": [71]}	ON THE BOARD	{}	{}	no	no	yes
8	km3	6	420	23100060420	state	47	6	46	{"coin_queued_offered": [47], "coin_queued_offered_any": [47]}	ON THE BOARD	{}	{}	no	no	yes
8	km3	6	422	23100060422	state	53	7	52	{"coin_queued_offered": [53], "coin_queued_offered_any": [53]}	ON THE BOARD	{}	{}	no	no	yes
8	km3	6	424	23100060424	state	58	8	57	{"coin_queued_offered": [58], "coin_queued_offered_any": [58]}	ON THE BOARD	{}	{}	no	no	yes
8	km3	6	425	23100060425	state	70	9	69	{"coin_queued_offered": [70], "coin_queued_offered_any": [70]}	ON THE BOARD	{}	{}	no	no	yes
8	km3	6	426	23100060426	state	69	9	68	{"coin_queued_offered": [69], "coin_queued_offered_any": [69]}	ON THE BOARD	{}	{}	no	no	yes
8	km3	6	428	23100060428	state	49	7	48	{"coin_queued_offered": [49], "coin_queued_offered_any": [49]}	ON THE BOARD	{}	{}	no	no	yes
8	km3	6	430	23100060430	state	72	10	71	{"coin_queued_offered": [72], "coin_queued_offered_any": [72]}	ON THE BOARD	{}	{}	no	no	yes
8	km3	6	431	23100060431	lookahead	95	14	95	{}	LOOKAHEAD ONLY, both halves hold	{"cut": null, "free": false, "queued": 2, "tick": 95}	{"built": null, "tick": 95}	no	no	yes
8	km3	6	434	23100060434	state	55	8	54	{"coin_queued_offered": [55], "coin_queued_offered_any": [55]}	ON THE BOARD	{}	{}	no	no	yes
8	km3	6	435	23100060435	state	51	6	50	{"coin_queued_offered": [51], "coin_queued_offered_any": [51]}	ON THE BOARD	{}	{}	no	no	yes
8	km3	6	436	23100060436	lookahead	112	15	112	{}	LOOKAHEAD ONLY, both halves hold	{"cut": null, "free": false, "queued": 1, "tick": 112}	{"built": null, "tick": 112}	no	no	yes
8	km3	6	437	23100060437	state	58	7	57	{"coin_queued_offered": [58], "coin_queued_offered_any": [58]}	ON THE BOARD	{}	{}	no	no	yes
8	km3	6	439	23100060439	state	99	13	98	{"coin_queued_offered": [99], "coin_queued_offered_any": [99]}	ON THE BOARD	{}	{}	no	no	yes
8	km3	6	440	23100060440	state	68	8	67	{"coin_queued_offered": [68], "coin_queued_offered_any": [68]}	ON THE BOARD	{}	{}	no	no	yes
8	km3	6	445	23100060445	state	50	6	49	{"coin_queued_offered": [50], "coin_queued_offered_any": [50]}	ON THE BOARD	{}	{}	no	no	yes
8	km3	6	448	23100060448	state	92	11	91	{"coin_queued_offered": [92], "coin_queued_offered_any": [92]}	ON THE BOARD	{}	{}	no	no	yes
8	km3	6	450	23100060450	state	41	5	40	{"coin_queued_offered": [41], "coin_queued_offered_any": [41]}	ON THE BOARD	{}	{}	no	no	yes
8	km3	6	451	23100060451	state	69	9	68	{"coin_queued_offered": [69], "coin_queued_offered_any": [69]}	ON THE BOARD	{}	{}	no	no	yes
8	km3	6	454	23100060454	state	50	6	49	{"coin_queued_offered": [50], "coin_queued_offered_any": [50]}	ON THE BOARD	{}	{}	no	no	yes
8	km3	6	455	23100060455	state	55	7	54	{"coin_queued_offered": [55], "coin_queued_offered_any": [55]}	ON THE BOARD	{}	{}	no	no	yes
8	km3	6	457	23100060457	state	61	7	60	{"coin_queued_offered": [61], "coin_queued_offered_any": [61]}	ON THE BOARD	{}	{}	no	no	yes
8	km3	6	460	23100060460	state	60	7	59	{"coin_queued_offered": [60], "coin_queued_offered_any": [60]}	ON THE BOARD	{}	{}	no	no	yes
8	km3	6	462	23100060462	state	66	8	65	{"coin_queued_offered": [66], "coin_queued_offered_any": [66]}	ON THE BOARD	{}	{}	no	no	yes
8	km3	6	463	23100060463	state	68	8	67	{"coin_queued_offered": [68], "coin_queued_offered_any": [68]}	ON THE BOARD	{}	{}	no	no	yes
8	km3	6	464	23100060464	lookahead	76	11	76	{}	LOOKAHEAD ONLY, both halves hold	{"cut": null, "free": false, "queued": 2, "tick": 76}	{"built": null, "tick": 76}	yes	yes	yes
8	km3	6	465	23100060465	lookahead	60	8	60	{}	LOOKAHEAD ONLY, both halves hold	{"cut": null, "free": false, "queued": 1, "tick": 60}	{"built": null, "tick": 60}	no	no	yes
8	km3	6	467	23100060467	lookahead	71	9	71	{}	LOOKAHEAD ONLY, both halves hold	{"cut": null, "free": false, "queued": 2, "tick": 71}	{"built": null, "tick": 71}	yes	yes	yes
8	km3	6	468	23100060468	state	48	6	47	{"coin_queued_offered": [48], "coin_queued_offered_any": [48]}	ON THE BOARD	{}	{}	no	no	yes
8	km3	6	471	23100060471	state	54	7	53	{"coin_queued_offered": [54], "coin_queued_offered_any": [54]}	ON THE BOARD	{}	{}	no	no	yes
8	km3	6	472	23100060472	lookahead	103	15	103	{}	LOOKAHEAD ONLY, both halves hold	{"cut": null, "free": false, "queued": 1, "tick": 103}	{"built": null, "tick": 103}	no	no	yes
8	km3	6	474	23100060474	state	87	11	86	{"coin_queued_offered": [87], "coin_queued_offered_any": [87]}	ON THE BOARD	{}	{}	no	no	yes
8	km3	6	475	23100060475	state	77	11	76	{"coin_queued_offered": [77], "coin_queued_offered_any": [77]}	ON THE BOARD	{}	{}	no	no	yes
8	km3	6	477	23100060477	state	52	7	51	{"coin_queued_offered": [52], "coin_queued_offered_any": [52]}	ON THE BOARD	{}	{}	no	no	yes
8	km3	6	480	23100060480	state	64	8	63	{"coin_queued_offered": [64], "coin_queued_offered_any": [64]}	ON THE BOARD	{}	{}	no	no	yes
8	km3	6	481	23100060481	lookahead	67	9	67	{}	LOOKAHEAD ONLY, both halves hold	{"cut": null, "free": false, "queued": 2, "tick": 67}	{"built": null, "tick": 67}	no	no	yes
8	km3	6	482	23100060482	state	58	8	57	{"coin_queued_offered": [58], "coin_queued_offered_any": [58]}	ON THE BOARD	{}	{}	no	no	yes
8	km3	6	483	23100060483	state	91	13	90	{"coin_queued_offered": [91], "coin_queued_offered_any": [91]}	ON THE BOARD	{}	{}	no	no	yes
8	km3	6	485	23100060485	state	70	9	69	{"coin_queued_offered": [70], "coin_queued_offered_any": [70]}	ON THE BOARD	{}	{}	no	no	yes
8	km3	6	487	23100060487	state	84	12	83	{"coin_queued_offered": [84], "coin_queued_offered_any": [84]}	ON THE BOARD	{}	{}	no	no	yes
8	km3	6	488	23100060488	state	86	12	85	{"coin_queued_offered": [86], "coin_queued_offered_any": [86]}	ON THE BOARD	{}	{}	no	no	yes
8	km3	6	495	23100060495	state	54	7	53	{"coin_queued_offered": [54], "coin_queued_offered_any": [54]}	ON THE BOARD	{}	{}	no	no	yes
8	km3	6	498	23100060498	state	82	9	81	{"coin_queued_offered": [82], "coin_queued_offered_any": [82]}	ON THE BOARD	{}	{}	no	no	yes
8	km3	6	499	23100060499	lookahead	88	13	88	{}	LOOKAHEAD ONLY, both halves hold	{"cut": null, "free": false, "queued": 2, "tick": 88}	{"built": null, "tick": 88}	yes	yes	yes
8	km3	9	3	23100090003	state	20	3	19	{"coin_queued_offered": [20], "coin_queued_offered_any": [20]}	ON THE BOARD	{}	{}	no	no	yes
8	km3	9	5	23100090005	lookahead	39	5	39	{}	LOOKAHEAD ONLY, both halves hold	{"cut": null, "free": true, "queued": 3, "tick": 39}	{"built": null, "tick": 39}	no	no	yes
8	km3	9	8	23100090008	state	51	6	50	{"coin_queued_offered": [51], "coin_queued_offered_any": [51]}	ON THE BOARD	{}	{}	no	no	yes
8	km3	9	9	23100090009	lookahead	32	4	32	{}	LOOKAHEAD ONLY, both halves hold	{"cut": null, "free": true, "queued": 2, "tick": 32}	{"built": null, "tick": 32}	no	no	yes
8	km3	9	11	23100090011	state	14	2	13	{"coin_queued_offered": [14], "coin_queued_offered_any": [14]}	ON THE BOARD	{}	{}	no	no	yes
8	km3	9	12	23100090012	state	23	2	22	{"coin_queued_offered": [23], "coin_queued_offered_any": [23]}	ON THE BOARD	{}	{}	no	no	yes
8	km3	9	13	23100090013	state	24	3	23	{"coin_queued_offered": [24], "coin_queued_offered_any": [24]}	ON THE BOARD	{}	{}	no	no	yes
8	km3	9	15	23100090015	state	14	2	13	{"coin_queued_offered": [14], "coin_queued_offered_any": [14]}	ON THE BOARD	{}	{}	no	no	yes
8	km3	9	18	23100090018	state	66	8	65	{"coin_queued_offered": [66], "coin_queued_offered_any": [66]}	ON THE BOARD	{}	{}	no	no	yes
8	km3	9	21	23100090021	state	89	10	88	{"coin_queued_offered": [89], "coin_queued_offered_any": [89]}	ON THE BOARD	{}	{}	no	no	yes
8	km3	9	22	23100090022	lookahead	22	3	22	{}	LOOKAHEAD ONLY, both halves hold	{"cut": null, "free": true, "queued": 2, "tick": 22}	{"built": null, "tick": 22}	no	no	yes
8	km3	9	27	23100090027	lookahead	21	3	21	{}	LOOKAHEAD ONLY, both halves hold	{"cut": null, "free": true, "queued": 2, "tick": 21}	{"built": null, "tick": 21}	no	no	yes
8	km3	9	28	23100090028	state	44	6	43	{"coin_queued_offered": [44], "coin_queued_offered_any": [44]}	ON THE BOARD	{}	{}	no	no	yes
8	km3	9	31	23100090031	lookahead	35	5	35	{}	LOOKAHEAD ONLY, both halves hold	{"cut": null, "free": true, "queued": 2, "tick": 35}	{"built": null, "tick": 35}	no	no	yes
8	km3	9	32	23100090032	lookahead	43	6	43	{}	LOOKAHEAD ONLY, both halves hold	{"cut": null, "free": false, "queued": 2, "tick": 43}	{"built": null, "tick": 43}	no	no	yes
8	km3	9	33	23100090033	state	18	3	17	{"coin_queued_offered": [18], "coin_queued_offered_any": [18]}	ON THE BOARD	{}	{}	no	no	yes
8	km3	9	35	23100090035	state	23	3	22	{"coin_queued_offered": [23], "coin_queued_offered_any": [23]}	ON THE BOARD	{}	{}	no	no	yes
8	km3	9	46	23100090046	state	16	2	15	{"coin_queued_offered": [16], "coin_queued_offered_any": [16]}	ON THE BOARD	{}	{}	no	no	yes
8	km3	9	51	23100090051	state	18	2	17	{"coin_queued_offered": [18], "coin_queued_offered_any": [18]}	ON THE BOARD	{}	{}	no	no	yes
8	km3	9	53	23100090053	lookahead	120	18	120	{}	LOOKAHEAD ONLY, both halves hold	{"cut": null, "free": true, "queued": 3, "tick": 120}	{"built": null, "tick": 120}	no	no	yes
8	km3	9	57	23100090057	state	22	3	21	{"coin_queued_offered": [22], "coin_queued_offered_any": [22]}	ON THE BOARD	{}	{}	no	no	yes
8	km3	9	60	23100090060	state	46	7	45	{"coin_queued_offered": [46], "coin_queued_offered_any": [46]}	ON THE BOARD	{}	{}	no	no	yes
8	km3	9	63	23100090063	state	30	4	29	{"coin_queued_offered": [30], "coin_queued_offered_any": [30]}	ON THE BOARD	{}	{}	no	no	yes
8	km3	9	65	23100090065	state	115	15	114	{"coin_queued_offered": [115], "coin_queued_offered_any": [115]}	ON THE BOARD	{}	{}	no	no	yes
8	km3	9	66	23100090066	lookahead	11	2	11	{}	LOOKAHEAD ONLY, both halves hold	{"cut": null, "free": true, "queued": 1, "tick": 11}	{"built": null, "tick": 11}	no	no	yes
8	km3	9	67	23100090067	lookahead	10	2	10	{}	LOOKAHEAD ONLY, both halves hold	{"cut": null, "free": true, "queued": 2, "tick": 10}	{"built": null, "tick": 10}	no	no	yes
8	km3	9	68	23100090068	lookahead	80	10	80	{}	LOOKAHEAD ONLY, both halves hold	{"cut": null, "free": true, "queued": 3, "tick": 80}	{"built": null, "tick": 80}	no	no	yes
8	km3	9	69	23100090069	state	68	9	67	{"coin_queued_offered": [68], "coin_queued_offered_any": [68]}	ON THE BOARD	{}	{}	no	no	yes
8	km3	9	70	23100090070	state	115	15	114	{"coin_queued_offered": [115], "coin_queued_offered_any": [115]}	ON THE BOARD	{}	{}	no	no	yes
8	km3	9	71	23100090071	state	38	4	37	{"coin_queued_offered": [38], "coin_queued_offered_any": [38]}	ON THE BOARD	{}	{}	no	no	yes
8	km3	9	72	23100090072	lookahead	43	6	43	{}	LOOKAHEAD ONLY, both halves hold	{"cut": null, "free": false, "queued": 2, "tick": 43}	{"built": null, "tick": 43}	no	no	yes
8	km3	9	73	23100090073	lookahead	58	8	58	{}	LOOKAHEAD ONLY, both halves hold	{"cut": null, "free": false, "queued": 2, "tick": 58}	{"built": null, "tick": 58}	yes	yes	yes
8	km3	9	75	23100090075	state	40	5	39	{"coin_queued_offered": [40], "coin_queued_offered_any": [40]}	ON THE BOARD	{}	{}	no	no	yes
8	km3	9	76	23100090076	lookahead	17	3	17	{}	LOOKAHEAD ONLY, both halves hold	{"cut": null, "free": true, "queued": 2, "tick": 17}	{"built": null, "tick": 17}	yes	yes	yes
8	km3	9	81	23100090081	state	21	3	20	{"coin_queued_offered": [21], "coin_queued_offered_any": [21]}	ON THE BOARD	{}	{}	no	no	yes
8	km3	9	87	23100090087	state	87	11	86	{"coin_queued_offered": [87], "coin_queued_offered_any": [87]}	ON THE BOARD	{}	{}	no	no	yes
8	km3	9	90	23100090090	state	20	2	19	{"coin_queued_offered": [20], "coin_queued_offered_any": [20]}	ON THE BOARD	{}	{}	no	no	yes
8	km3	9	94	23100090094	lookahead	91	12	91	{}	LOOKAHEAD ONLY, both halves hold	{"cut": null, "free": false, "queued": 2, "tick": 91}	{"built": null, "tick": 91}	yes	yes	yes
8	km3	9	96	23100090096	lookahead	10	2	10	{}	LOOKAHEAD ONLY, both halves hold	{"cut": null, "free": true, "queued": 1, "tick": 10}	{"built": null, "tick": 10}	no	no	yes
8	km3	9	97	23100090097	lookahead	10	2	10	{}	LOOKAHEAD ONLY, both halves hold	{"cut": null, "free": true, "queued": 2, "tick": 10}	{"built": null, "tick": 10}	no	no	yes
8	km3	9	99	23100090099	state	19	3	18	{"coin_queued_offered": [19], "coin_queued_offered_any": [19]}	ON THE BOARD	{}	{}	no	no	yes
8	km3	9	100	23100090100	state	19	2	18	{"coin_queued_offered": [19], "coin_queued_offered_any": [19]}	ON THE BOARD	{}	{}	no	no	yes
8	km3	9	103	23100090103	state	17	2	16	{"coin_queued_offered": [17], "coin_queued_offered_any": [17]}	ON THE BOARD	{}	{}	no	no	yes
8	km3	9	104	23100090104	state	46	7	45	{"coin_queued_offered": [46], "coin_queued_offered_any": [46]}	ON THE BOARD	{}	{}	no	no	yes
8	km3	9	108	23100090108	state	28	3	27	{"coin_queued_offered": [28], "coin_queued_offered_any": [28]}	ON THE BOARD	{}	{}	no	no	yes
8	km3	9	110	23100090110	state	18	2	17	{"coin_queued_offered": [18], "coin_queued_offered_any": [18]}	ON THE BOARD	{}	{}	no	no	yes
8	km3	9	113	23100090113	lookahead	13	2	13	{}	LOOKAHEAD ONLY, both halves hold	{"cut": null, "free": true, "queued": 3, "tick": 13}	{"built": null, "tick": 13}	no	no	yes
8	km3	9	116	23100090116	state	24	3	23	{"coin_queued_offered": [24], "coin_queued_offered_any": [24]}	ON THE BOARD	{}	{}	no	no	yes
8	km3	9	119	23100090119	lookahead	59	8	59	{}	LOOKAHEAD ONLY, both halves hold	{"cut": null, "free": true, "queued": 3, "tick": 59}	{"built": null, "tick": 59}	no	no	yes
8	km3	9	125	23100090125	state	18	2	17	{"coin_queued_offered": [18], "coin_queued_offered_any": [18]}	ON THE BOARD	{}	{}	no	no	yes
8	km3	9	128	23100090128	state	18	3	17	{"coin_queued_offered": [18], "coin_queued_offered_any": [18]}	ON THE BOARD	{}	{}	no	no	yes
8	km3	9	129	23100090129	lookahead	11	2	11	{}	LOOKAHEAD ONLY, both halves hold	{"cut": null, "free": true, "queued": 2, "tick": 11}	{"built": null, "tick": 11}	no	no	yes
8	km3	9	132	23100090132	lookahead	58	7	58	{}	LOOKAHEAD ONLY, both halves hold	{"cut": null, "free": false, "queued": 2, "tick": 58}	{"built": null, "tick": 58}	yes	yes	yes
8	km3	9	133	23100090133	state	17	2	16	{"coin_queued_offered": [17], "coin_queued_offered_any": [17]}	ON THE BOARD	{}	{}	no	no	yes
8	km3	9	140	23100090140	lookahead	29	4	29	{}	LOOKAHEAD ONLY, both halves hold	{"cut": null, "free": true, "queued": 2, "tick": 29}	{"built": null, "tick": 29}	no	no	yes
8	km3	9	144	23100090144	state	87	13	86	{"coin_queued_offered": [87], "coin_queued_offered_any": [87]}	ON THE BOARD	{}	{}	no	no	yes
8	km3	9	145	23100090145	lookahead	48	6	48	{}	LOOKAHEAD ONLY, both halves hold	{"cut": null, "free": false, "queued": 2, "tick": 48}	{"built": null, "tick": 48}	yes	yes	yes
8	km3	9	148	23100090148	state	23	3	22	{"coin_queued_offered": [23], "coin_queued_offered_any": [23]}	ON THE BOARD	{}	{}	no	no	yes
8	km3	9	154	23100090154	state	62	9	61	{"coin_queued_offered": [62], "coin_queued_offered_any": [62]}	ON THE BOARD	{}	{}	no	no	yes
8	km3	9	158	23100090158	state	16	2	15	{"coin_queued_offered": [16], "coin_queued_offered_any": [16]}	ON THE BOARD	{}	{}	no	no	yes
8	km3	9	161	23100090161	state	24	3	23	{"coin_queued_offered": [24], "coin_queued_offered_any": [24]}	ON THE BOARD	{}	{}	no	no	yes
8	km3	9	163	23100090163	state	19	2	18	{"coin_queued_offered": [19], "coin_queued_offered_any": [19]}	ON THE BOARD	{}	{}	no	no	yes
8	km3	9	164	23100090164	state	31	4	30	{"coin_queued_offered": [31], "coin_queued_offered_any": [31]}	ON THE BOARD	{}	{}	no	no	yes
8	km3	9	165	23100090165	lookahead	101	14	101	{}	LOOKAHEAD ONLY, both halves hold	{"cut": null, "free": true, "queued": 3, "tick": 101}	{"built": null, "tick": 101}	no	no	yes
8	km3	9	170	23100090170	state	31	3	30	{"coin_queued_offered": [31], "coin_queued_offered_any": [31]}	ON THE BOARD	{}	{}	no	no	yes
8	km3	9	171	23100090171	state	17	2	16	{"coin_queued_offered": [17], "coin_queued_offered_any": [17]}	ON THE BOARD	{}	{}	no	no	yes
8	km3	9	172	23100090172	lookahead	13	2	13	{}	LOOKAHEAD ONLY, both halves hold	{"cut": null, "free": true, "queued": 2, "tick": 13}	{"built": null, "tick": 13}	no	no	yes
8	km3	9	176	23100090176	lookahead	78	10	78	{}	LOOKAHEAD ONLY, both halves hold	{"cut": null, "free": false, "queued": 2, "tick": 78}	{"built": null, "tick": 78}	yes	yes	yes
8	km3	9	179	23100090179	state	77	10	76	{"coin_queued_offered": [77], "coin_queued_offered_any": [77]}	ON THE BOARD	{}	{}	no	no	yes
8	km3	9	182	23100090182	lookahead	11	2	11	{}	LOOKAHEAD ONLY, both halves hold	{"cut": null, "free": true, "queued": 2, "tick": 11}	{"built": null, "tick": 11}	yes	yes	yes
8	km3	9	183	23100090183	state	46	7	45	{"coin_queued_offered": [46], "coin_queued_offered_any": [46]}	ON THE BOARD	{}	{}	no	no	yes
8	km3	9	184	23100090184	lookahead	13	2	13	{}	LOOKAHEAD ONLY, both halves hold	{"cut": null, "free": true, "queued": 3, "tick": 13}	{"built": null, "tick": 13}	no	no	yes
8	km3	9	185	23100090185	lookahead	11	2	11	{}	LOOKAHEAD ONLY, both halves hold	{"cut": null, "free": true, "queued": 2, "tick": 11}	{"built": null, "tick": 11}	no	no	yes
8	km3	9	194	23100090194	state	55	7	54	{"coin_queued_offered": [55], "coin_queued_offered_any": [55]}	ON THE BOARD	{}	{}	no	no	yes
8	km3	9	195	23100090195	lookahead	12	2	12	{}	LOOKAHEAD ONLY, both halves hold	{"cut": null, "free": true, "queued": 2, "tick": 12}	{"built": null, "tick": 12}	no	no	yes
8	km3	9	196	23100090196	lookahead	107	16	107	{}	LOOKAHEAD ONLY, both halves hold	{"cut": null, "free": true, "queued": 3, "tick": 107}	{"built": null, "tick": 107}	no	no	yes
8	km3	9	197	23100090197	lookahead	12	2	12	{}	LOOKAHEAD ONLY, both halves hold	{"cut": null, "free": true, "queued": 2, "tick": 12}	{"built": null, "tick": 12}	yes	yes	yes
8	km3	9	198	23100090198	lookahead	42	5	42	{}	LOOKAHEAD ONLY, both halves hold	{"cut": null, "free": false, "queued": 1, "tick": 42}	{"built": null, "tick": 42}	no	no	yes
8	km3	9	199	23100090199	lookahead	77	10	77	{}	LOOKAHEAD ONLY, both halves hold	{"cut": null, "free": false, "queued": 2, "tick": 77}	{"built": null, "tick": 77}	no	no	yes
8	km3	9	202	23100090202	state	16	2	15	{"coin_queued_offered": [16], "coin_queued_offered_any": [16]}	ON THE BOARD	{}	{}	no	no	yes
8	km3	9	211	23100090211	lookahead	10	2	10	{}	LOOKAHEAD ONLY, both halves hold	{"cut": null, "free": true, "queued": 2, "tick": 10}	{"built": null, "tick": 10}	no	no	yes
8	km3	9	212	23100090212	lookahead	85	12	85	{}	LOOKAHEAD ONLY, both halves hold	{"cut": null, "free": false, "queued": 2, "tick": 85}	{"built": null, "tick": 85}	yes	yes	yes
8	km3	9	219	23100090219	state	19	2	18	{"coin_queued_offered": [19], "coin_queued_offered_any": [19]}	ON THE BOARD	{}	{}	no	no	yes
8	km3	9	224	23100090224	lookahead	38	5	38	{}	LOOKAHEAD ONLY, both halves hold	{"cut": null, "free": true, "queued": 1, "tick": 38}	{"built": null, "tick": 38}	yes	yes	yes
8	km3	9	225	23100090225	state	31	4	30	{"coin_queued_offered": [31], "coin_queued_offered_any": [31]}	ON THE BOARD	{}	{}	no	no	yes
8	km3	9	229	23100090229	state	20	3	19	{"coin_queued_offered": [20], "coin_queued_offered_any": [20]}	ON THE BOARD	{}	{}	no	no	yes
8	km3	9	232	23100090232	state	26	3	25	{"coin_queued_offered": [26], "coin_queued_offered_any": [26]}	ON THE BOARD	{}	{}	no	no	yes
8	km3	9	242	23100090242	state	13	2	12	{"coin_queued_offered": [13], "coin_queued_offered_any": [13]}	ON THE BOARD	{}	{}	no	no	yes
8	km3	9	243	23100090243	state	18	2	17	{"coin_queued_offered": [18], "coin_queued_offered_any": [18]}	ON THE BOARD	{}	{}	no	no	yes
8	km3	9	245	23100090245	state	17	2	16	{"coin_queued_offered": [17], "coin_queued_offered_any": [17]}	ON THE BOARD	{}	{}	no	no	yes
8	km3	9	246	23100090246	state	82	11	81	{"coin_queued_offered": [82], "coin_queued_offered_any": [82]}	ON THE BOARD	{}	{}	no	no	yes
8	km3	9	247	23100090247	lookahead	57	8	57	{}	LOOKAHEAD ONLY, both halves hold	{"cut": null, "free": false, "queued": 2, "tick": 57}	{"built": null, "tick": 57}	no	no	yes
8	km3	9	248	23100090248	state	15	2	14	{"coin_queued_offered": [15], "coin_queued_offered_any": [15]}	ON THE BOARD	{}	{}	no	no	yes
8	km3	9	250	23100090250	state	17	2	16	{"coin_queued_offered": [17], "coin_queued_offered_any": [17]}	ON THE BOARD	{}	{}	no	no	yes
8	km3	9	253	23100090253	state	53	7	52	{"coin_queued_offered": [53], "coin_queued_offered_any": [53]}	ON THE BOARD	{}	{}	no	no	yes
8	km3	9	254	23100090254	state	36	5	35	{"coin_queued_offered": [36], "coin_queued_offered_any": [36]}	ON THE BOARD	{}	{}	no	no	yes
8	km3	9	255	23100090255	state	26	3	25	{"coin_queued_offered": [26], "coin_queued_offered_any": [26]}	ON THE BOARD	{}	{}	no	no	yes
8	km3	9	257	23100090257	lookahead	12	2	12	{}	LOOKAHEAD ONLY, both halves hold	{"cut": null, "free": true, "queued": 2, "tick": 12}	{"built": null, "tick": 12}	no	no	yes
8	km3	9	261	23100090261	state	19	3	18	{"coin_queued_offered": [19], "coin_queued_offered_any": [19]}	ON THE BOARD	{}	{}	no	no	yes
8	km3	9	262	23100090262	lookahead	10	2	10	{}	LOOKAHEAD ONLY, both halves hold	{"cut": null, "free": true, "queued": 2, "tick": 10}	{"built": null, "tick": 10}	no	no	yes
8	km3	9	263	23100090263	lookahead	13	2	13	{}	LOOKAHEAD ONLY, both halves hold	{"cut": null, "free": true, "queued": 1, "tick": 13}	{"built": null, "tick": 13}	no	no	yes
8	km3	9	265	23100090265	state	68	11	67	{"coin_queued_offered": [68], "coin_queued_offered_any": [68]}	ON THE BOARD	{}	{}	no	no	yes
8	km3	9	268	23100090268	lookahead	11	2	11	{}	LOOKAHEAD ONLY, both halves hold	{"cut": null, "free": true, "queued": 2, "tick": 11}	{"built": null, "tick": 11}	no	no	yes
8	km3	9	273	23100090273	lookahead	100	15	100	{}	LOOKAHEAD ONLY, both halves hold	{"cut": null, "free": true, "queued": 3, "tick": 100}	{"built": null, "tick": 100}	no	no	yes
8	km3	9	275	23100090275	lookahead	14	2	14	{}	LOOKAHEAD ONLY, both halves hold	{"cut": null, "free": true, "queued": 2, "tick": 14}	{"built": null, "tick": 14}	no	no	yes
8	km3	9	278	23100090278	state	35	4	34	{"coin_queued_offered": [35], "coin_queued_offered_any": [35]}	ON THE BOARD	{}	{}	no	no	yes
8	km3	9	279	23100090279	state	20	2	19	{"coin_queued_offered": [20], "coin_queued_offered_any": [20]}	ON THE BOARD	{}	{}	no	no	yes
8	km3	9	281	23100090281	state	59	8	58	{"coin_queued_offered": [59], "coin_queued_offered_any": [59]}	ON THE BOARD	{}	{}	no	no	yes
8	km3	9	282	23100090282	state	18	2	17	{"coin_queued_offered": [18], "coin_queued_offered_any": [18]}	ON THE BOARD	{}	{}	no	no	yes
8	km3	9	286	23100090286	state	41	5	40	{"coin_queued_offered": [41], "coin_queued_offered_any": [41]}	ON THE BOARD	{}	{}	no	no	yes
8	km3	9	287	23100090287	state	16	2	15	{"coin_queued_offered": [16], "coin_queued_offered_any": [16]}	ON THE BOARD	{}	{}	no	no	yes
8	km3	9	293	23100090293	lookahead	86	12	86	{}	LOOKAHEAD ONLY, both halves hold	{"cut": null, "free": false, "queued": 2, "tick": 86}	{"built": null, "tick": 86}	yes	yes	yes
8	km3	9	294	23100090294	lookahead	46	5	46	{}	LOOKAHEAD ONLY, both halves hold	{"cut": null, "free": false, "queued": 1, "tick": 46}	{"built": null, "tick": 46}	yes	yes	yes
8	km3	9	296	23100090296	state	31	4	30	{"coin_queued_offered": [31], "coin_queued_offered_any": [31]}	ON THE BOARD	{}	{}	no	no	yes
8	km3	9	297	23100090297	lookahead	91	11	91	{}	LOOKAHEAD ONLY, both halves hold	{"cut": null, "free": true, "queued": 1, "tick": 91}	{"built": null, "tick": 91}	yes	yes	yes
8	km3	9	300	23100090300	state	57	6	56	{"coin_queued_offered": [57], "coin_queued_offered_any": [57]}	ON THE BOARD	{}	{}	no	no	yes
8	km3	9	306	23100090306	state	16	2	15	{"coin_queued_offered": [16], "coin_queued_offered_any": [16]}	ON THE BOARD	{}	{}	no	no	yes
8	km3	9	309	23100090309	state	42	6	41	{"coin_queued_offered": [42], "coin_queued_offered_any": [42]}	ON THE BOARD	{}	{}	no	no	yes
8	km3	9	315	23100090315	lookahead	42	6	42	{}	LOOKAHEAD ONLY, both halves hold	{"cut": null, "free": false, "queued": 2, "tick": 42}	{"built": null, "tick": 42}	yes	yes	yes
8	km3	9	317	23100090317	state	59	8	58	{"coin_queued_offered": [59], "coin_queued_offered_any": [59]}	ON THE BOARD	{}	{}	no	no	yes
8	km3	9	318	23100090318	state	27	3	26	{"coin_queued_offered": [27], "coin_queued_offered_any": [27]}	ON THE BOARD	{}	{}	no	no	yes
8	km3	9	319	23100090319	state	77	10	76	{"coin_queued_offered": [77], "coin_queued_offered_any": [77]}	ON THE BOARD	{}	{}	no	no	yes
8	km3	9	321	23100090321	state	54	7	53	{"coin_queued_offered": [54], "coin_queued_offered_any": [54]}	ON THE BOARD	{}	{}	no	no	yes
8	km3	9	323	23100090323	state	26	3	25	{"coin_queued_offered": [26], "coin_queued_offered_any": [26]}	ON THE BOARD	{}	{}	no	no	yes
8	km3	9	327	23100090327	lookahead	105	16	105	{}	LOOKAHEAD ONLY, both halves hold	{"cut": null, "free": true, "queued": 1, "tick": 105}	{"built": null, "tick": 105}	yes	yes	yes
8	km3	9	329	23100090329	lookahead	91	13	91	{}	LOOKAHEAD ONLY, both halves hold	{"cut": null, "free": true, "queued": 3, "tick": 91}	{"built": null, "tick": 91}	no	no	yes
8	km3	9	332	23100090332	state	36	4	35	{"coin_queued_offered": [36], "coin_queued_offered_any": [36]}	ON THE BOARD	{}	{}	no	no	yes
8	km3	9	334	23100090334	state	67	10	66	{"coin_queued_offered": [67], "coin_queued_offered_any": [67]}	ON THE BOARD	{}	{}	no	no	yes
8	km3	9	336	23100090336	state	21	3	20	{"coin_queued_offered": [21], "coin_queued_offered_any": [21]}	ON THE BOARD	{}	{}	no	no	yes
8	km3	9	339	23100090339	state	33	3	32	{"coin_queued_offered": [33], "coin_queued_offered_any": [33]}	ON THE BOARD	{}	{}	no	no	yes
8	km3	9	341	23100090341	state	14	2	13	{"coin_queued_offered": [14], "coin_queued_offered_any": [14]}	ON THE BOARD	{}	{}	no	no	yes
8	km3	9	343	23100090343	state	54	8	53	{"coin_queued_offered": [54], "coin_queued_offered_any": [54]}	ON THE BOARD	{}	{}	no	no	yes
8	km3	9	347	23100090347	state	82	11	81	{"coin_queued_offered": [82], "coin_queued_offered_any": [82]}	ON THE BOARD	{}	{}	no	no	yes
8	km3	9	348	23100090348	lookahead	49	7	49	{}	LOOKAHEAD ONLY, both halves hold	{"cut": null, "free": false, "queued": 2, "tick": 49}	{"built": null, "tick": 49}	yes	yes	yes
8	km3	9	352	23100090352	state	72	10	71	{"coin_queued_offered": [72], "coin_queued_offered_any": [72]}	ON THE BOARD	{}	{}	no	no	yes
8	km3	9	354	23100090354	state	29	4	28	{"coin_queued_offered": [29], "coin_queued_offered_any": [29]}	ON THE BOARD	{}	{}	no	no	yes
8	km3	9	356	23100090356	lookahead	11	2	11	{}	LOOKAHEAD ONLY, both halves hold	{"cut": null, "free": true, "queued": 1, "tick": 11}	{"built": null, "tick": 11}	no	no	yes
8	km3	9	359	23100090359	lookahead	10	2	10	{}	LOOKAHEAD ONLY, both halves hold	{"cut": null, "free": true, "queued": 2, "tick": 10}	{"built": null, "tick": 10}	yes	yes	yes
8	km3	9	360	23100090360	state	34	5	33	{"coin_queued_offered": [34], "coin_queued_offered_any": [34]}	ON THE BOARD	{}	{}	no	no	yes
8	km3	9	362	23100090362	lookahead	90	12	90	{}	LOOKAHEAD ONLY, both halves hold	{"cut": null, "free": false, "queued": 2, "tick": 90}	{"built": null, "tick": 90}	yes	yes	yes
8	km3	9	368	23100090368	state	114	15	113	{"coin_queued_offered": [114], "coin_queued_offered_any": [114]}	ON THE BOARD	{}	{}	no	no	yes
8	km3	9	369	23100090369	state	74	9	73	{"coin_queued_offered": [74], "coin_queued_offered_any": [74]}	ON THE BOARD	{}	{}	no	no	yes
8	km3	9	370	23100090370	lookahead	9	2	9	{}	LOOKAHEAD ONLY, both halves hold	{"cut": null, "free": true, "queued": 2, "tick": 9}	{"built": null, "tick": 9}	no	no	yes
8	km3	9	372	23100090372	state	22	3	21	{"coin_queued_offered": [22], "coin_queued_offered_any": [22]}	ON THE BOARD	{}	{}	no	no	yes
8	km3	9	376	23100090376	state	14	2	13	{"coin_queued_offered": [14], "coin_queued_offered_any": [14]}	ON THE BOARD	{}	{}	no	no	yes
8	km3	9	377	23100090377	state	16	2	15	{"coin_queued_offered": [16], "coin_queued_offered_any": [16]}	ON THE BOARD	{}	{}	no	no	yes
8	km3	9	378	23100090378	state	40	5	39	{"coin_queued_offered": [40], "coin_queued_offered_any": [40]}	ON THE BOARD	{}	{}	no	no	yes
8	km3	9	381	23100090381	state	67	10	66	{"coin_queued_offered": [67], "coin_queued_offered_any": [67]}	ON THE BOARD	{}	{}	no	no	yes
8	km3	9	385	23100090385	lookahead	30	5	30	{}	LOOKAHEAD ONLY, both halves hold	{"cut": null, "free": true, "queued": 3, "tick": 30}	{"built": null, "tick": 30}	no	no	yes
8	km3	9	387	23100090387	state	45	7	44	{"coin_queued_offered": [45], "coin_queued_offered_any": [45]}	ON THE BOARD	{}	{}	no	no	yes
8	km3	9	388	23100090388	state	54	8	53	{"coin_queued_offered": [54], "coin_queued_offered_any": [54]}	ON THE BOARD	{}	{}	no	no	yes
8	km3	9	391	23100090391	lookahead	54	7	54	{}	LOOKAHEAD ONLY, both halves hold	{"cut": null, "free": false, "queued": 2, "tick": 54}	{"built": null, "tick": 54}	no	no	yes
8	km3	9	392	23100090392	state	17	3	16	{"coin_queued_offered": [17], "coin_queued_offered_any": [17]}	ON THE BOARD	{}	{}	no	no	yes
8	km3	9	398	23100090398	lookahead	78	10	78	{}	LOOKAHEAD ONLY, both halves hold	{"cut": null, "free": false, "queued": 1, "tick": 78}	{"built": null, "tick": 78}	no	no	yes
8	km3	9	403	23100090403	state	34	4	33	{"coin_queued_offered": [34], "coin_queued_offered_any": [34]}	ON THE BOARD	{}	{}	no	no	yes
8	km3	9	404	23100090404	state	23	3	22	{"coin_queued_offered": [23], "coin_queued_offered_any": [23]}	ON THE BOARD	{}	{}	no	no	yes
8	km3	9	406	23100090406	state	14	2	13	{"coin_queued_offered": [14], "coin_queued_offered_any": [14]}	ON THE BOARD	{}	{}	no	no	yes
8	km3	9	409	23100090409	state	37	5	36	{"coin_queued_offered": [37], "coin_queued_offered_any": [37]}	ON THE BOARD	{}	{}	no	no	yes
8	km3	9	411	23100090411	state	26	3	25	{"coin_queued_offered": [26], "coin_queued_offered_any": [26]}	ON THE BOARD	{}	{}	no	no	yes
8	km3	9	426	23100090426	state	103	13	102	{"coin_queued_offered": [103], "coin_queued_offered_any": [103]}	ON THE BOARD	{}	{}	no	no	yes
8	km3	9	429	23100090429	state	15	2	14	{"coin_queued_offered": [15], "coin_queued_offered_any": [15]}	ON THE BOARD	{}	{}	no	no	yes
8	km3	9	430	23100090430	state	36	4	35	{"coin_queued_offered": [36], "coin_queued_offered_any": [36]}	ON THE BOARD	{}	{}	no	no	yes
8	km3	9	432	23100090432	state	31	3	30	{"coin_queued_offered": [31], "coin_queued_offered_any": [31]}	ON THE BOARD	{}	{}	no	no	yes
8	km3	9	435	23100090435	state	72	10	71	{"coin_queued_offered": [72], "coin_queued_offered_any": [72]}	ON THE BOARD	{}	{}	no	no	yes
8	km3	9	437	23100090437	state	29	3	28	{"coin_queued_offered": [29], "coin_queued_offered_any": [29]}	ON THE BOARD	{}	{}	no	no	yes
8	km3	9	440	23100090440	lookahead	21	3	21	{}	LOOKAHEAD ONLY, both halves hold	{"cut": null, "free": true, "queued": 2, "tick": 21}	{"built": null, "tick": 21}	no	no	yes
8	km3	9	441	23100090441	state	41	5	40	{"coin_queued_offered": [41], "coin_queued_offered_any": [41]}	ON THE BOARD	{}	{}	no	no	yes
8	km3	9	442	23100090442	state	15	2	14	{"coin_queued_offered": [15], "coin_queued_offered_any": [15]}	ON THE BOARD	{}	{}	no	no	yes
8	km3	9	445	23100090445	state	15	2	14	{"coin_queued_offered": [15], "coin_queued_offered_any": [15]}	ON THE BOARD	{}	{}	no	no	yes
8	km3	9	446	23100090446	lookahead	72	9	72	{}	LOOKAHEAD ONLY, both halves hold	{"cut": null, "free": true, "queued": 2, "tick": 72}	{"built": null, "tick": 72}	no	no	yes
8	km3	9	447	23100090447	state	39	6	38	{"coin_queued_offered": [39], "coin_queued_offered_any": [39]}	ON THE BOARD	{}	{}	no	no	yes
8	km3	9	449	23100090449	lookahead	20	3	20	{}	LOOKAHEAD ONLY, both halves hold	{"cut": null, "free": true, "queued": 2, "tick": 20}	{"built": null, "tick": 20}	no	no	yes
8	km3	9	452	23100090452	state	15	2	14	{"coin_queued_offered": [15], "coin_queued_offered_any": [15]}	ON THE BOARD	{}	{}	no	no	yes
8	km3	9	456	23100090456	state	19	2	18	{"coin_queued_offered": [19], "coin_queued_offered_any": [19]}	ON THE BOARD	{}	{}	no	no	yes
8	km3	9	457	23100090457	lookahead	43	6	43	{}	LOOKAHEAD ONLY, both halves hold	{"cut": null, "free": false, "queued": 2, "tick": 43}	{"built": null, "tick": 43}	yes	yes	yes
8	km3	9	459	23100090459	state	49	8	48	{"coin_queued_offered": [49], "coin_queued_offered_any": [49]}	ON THE BOARD	{}	{}	no	no	yes
8	km3	9	461	23100090461	lookahead	105	16	105	{}	LOOKAHEAD ONLY, both halves hold	{"cut": null, "free": true, "queued": 3, "tick": 105}	{"built": null, "tick": 105}	no	no	yes
8	km3	9	464	23100090464	lookahead	107	16	107	{}	LOOKAHEAD ONLY, both halves hold	{"cut": null, "free": true, "queued": 3, "tick": 107}	{"built": null, "tick": 107}	no	no	yes
8	km3	9	468	23100090468	state	31	4	30	{"coin_queued_offered": [31], "coin_queued_offered_any": [31]}	ON THE BOARD	{}	{}	no	no	yes
8	km3	9	470	23100090470	state	26	3	25	{"coin_queued_offered": [26], "coin_queued_offered_any": [26]}	ON THE BOARD	{}	{}	no	no	yes
8	km3	9	473	23100090473	lookahead	15	2	15	{}	LOOKAHEAD ONLY, both halves hold	{"cut": null, "free": true, "queued": 1, "tick": 15}	{"built": null, "tick": 15}	no	no	yes
8	km3	9	474	23100090474	lookahead	11	2	11	{}	LOOKAHEAD ONLY, both halves hold	{"cut": null, "free": true, "queued": 2, "tick": 11}	{"built": null, "tick": 11}	no	no	yes
8	km3	9	483	23100090483	state	15	2	14	{"coin_queued_offered": [15], "coin_queued_offered_any": [15]}	ON THE BOARD	{}	{}	no	no	yes
8	km3	9	487	23100090487	lookahead	28	3	28	{}	LOOKAHEAD ONLY, both halves hold	{"cut": null, "free": false, "queued": 1, "tick": 28}	{"built": null, "tick": 28}	no	no	yes
8	km3	9	489	23100090489	state	36	5	35	{"coin_queued_offered": [36], "coin_queued_offered_any": [36]}	ON THE BOARD	{}	{}	no	no	yes
8	km3	9	491	23100090491	lookahead	54	8	54	{}	LOOKAHEAD ONLY, both halves hold	{"cut": null, "free": true, "queued": 1, "tick": 54}	{"built": null, "tick": 54}	no	no	yes
8	km3	9	494	23100090494	state	14	2	13	{"coin_queued_offered": [14], "coin_queued_offered_any": [14]}	ON THE BOARD	{}	{}	no	no	yes
8	km3	9	495	23100090495	state	46	6	45	{"coin_queued_offered": [46], "coin_queued_offered_any": [46]}	ON THE BOARD	{}	{}	no	no	yes
8	km3	9	499	23100090499	state	40	5	39	{"coin_queued_offered": [40], "coin_queued_offered_any": [40]}	ON THE BOARD	{}	{}	no	no	yes
8	km3	11	0	23100110000	state	23	2	22	{"coin_queued_offered": [23], "coin_queued_offered_any": [23]}	ON THE BOARD	{}	{}	no	no	yes
8	km3	11	2	23100110002	state	71	9	70	{"coin_queued_offered": [71], "coin_queued_offered_any": [71]}	ON THE BOARD	{}	{}	no	no	yes
8	km3	11	3	23100110003	state	22	2	21	{"coin_queued_offered": [22], "coin_queued_offered_any": [22]}	ON THE BOARD	{}	{}	no	no	yes
8	km3	11	15	23100110015	state	54	7	53	{"coin_queued_offered": [54], "coin_queued_offered_any": [54]}	ON THE BOARD	{}	{}	no	no	yes
8	km3	11	16	23100110016	state	43	5	42	{"coin_queued_offered": [43], "coin_queued_offered_any": [43]}	ON THE BOARD	{}	{}	no	no	yes
8	km3	11	17	23100110017	state	70	11	69	{"coin_queued_offered": [70], "coin_queued_offered_any": [70]}	ON THE BOARD	{}	{}	no	no	yes
8	km3	11	21	23100110021	state	26	3	25	{"coin_queued_offered": [26], "coin_queued_offered_any": [26]}	ON THE BOARD	{}	{}	no	no	yes
8	km3	11	22	23100110022	lookahead	19	2	19	{}	LOOKAHEAD ONLY, both halves hold	{"cut": null, "free": true, "queued": 3, "tick": 19}	{"built": null, "tick": 19}	no	no	yes
8	km3	11	24	23100110024	state	30	4	29	{"coin_queued_offered": [30], "coin_queued_offered_any": [30]}	ON THE BOARD	{}	{}	no	no	yes
8	km3	11	27	23100110027	state	21	2	20	{"coin_queued_offered": [21], "coin_queued_offered_any": [21]}	ON THE BOARD	{}	{}	no	no	yes
8	km3	11	30	23100110030	lookahead	10	2	10	{}	LOOKAHEAD ONLY, both halves hold	{"cut": null, "free": true, "queued": 2, "tick": 10}	{"built": null, "tick": 10}	no	no	yes
8	km3	11	32	23100110032	lookahead	36	5	36	{}	LOOKAHEAD ONLY, both halves hold	{"cut": null, "free": true, "queued": 2, "tick": 36}	{"built": null, "tick": 36}	yes	yes	yes
8	km3	11	34	23100110034	state	27	3	26	{"coin_queued_offered": [27], "coin_queued_offered_any": [27]}	ON THE BOARD	{}	{}	no	no	yes
8	km3	11	42	23100110042	state	19	2	18	{"coin_queued_offered": [19], "coin_queued_offered_any": [19]}	ON THE BOARD	{}	{}	no	no	yes
8	km3	11	47	23100110047	lookahead	19	3	19	{}	LOOKAHEAD ONLY, both halves hold	{"cut": null, "free": true, "queued": 1, "tick": 19}	{"built": null, "tick": 19}	no	no	yes
8	km3	11	48	23100110048	state	44	5	43	{"coin_queued_offered": [44], "coin_queued_offered_any": [44]}	ON THE BOARD	{}	{}	no	no	yes
8	km3	11	50	23100110050	state	38	5	37	{"coin_queued_offered": [38], "coin_queued_offered_any": [38]}	ON THE BOARD	{}	{}	no	no	yes
8	km3	11	51	23100110051	state	15	2	14	{"coin_queued_offered": [15], "coin_queued_offered_any": [15]}	ON THE BOARD	{}	{}	no	no	yes
8	km3	11	52	23100110052	state	30	4	29	{"coin_queued_offered": [30], "coin_queued_offered_any": [30]}	ON THE BOARD	{}	{}	no	no	yes
8	km3	11	53	23100110053	lookahead	9	2	9	{}	LOOKAHEAD ONLY, both halves hold	{"cut": null, "free": true, "queued": 2, "tick": 9}	{"built": null, "tick": 9}	no	no	yes
8	km3	11	57	23100110057	state	45	5	44	{"coin_queued_offered": [45], "coin_queued_offered_any": [45]}	ON THE BOARD	{}	{}	no	no	yes
8	km3	11	58	23100110058	lookahead	33	3	33	{}	LOOKAHEAD ONLY, both halves hold	{"cut": null, "free": true, "queued": 2, "tick": 33}	{"built": null, "tick": 33}	yes	yes	yes
8	km3	11	61	23100110061	lookahead	48	6	48	{}	LOOKAHEAD ONLY, both halves hold	{"cut": null, "free": false, "queued": 2, "tick": 48}	{"built": null, "tick": 48}	no	no	yes
8	km3	11	63	23100110063	state	40	5	39	{"coin_queued_offered": [40], "coin_queued_offered_any": [40]}	ON THE BOARD	{}	{}	no	no	yes
8	km3	11	67	23100110067	lookahead	91	12	91	{}	LOOKAHEAD ONLY, both halves hold	{"cut": null, "free": false, "queued": 2, "tick": 91}	{"built": null, "tick": 91}	no	no	yes
8	km3	11	70	23100110070	state	31	4	30	{"coin_queued_offered": [31], "coin_queued_offered_any": [31]}	ON THE BOARD	{}	{}	no	no	yes
8	km3	11	71	23100110071	state	33	3	32	{"coin_queued_offered": [33], "coin_queued_offered_any": [33]}	ON THE BOARD	{}	{}	no	no	yes
8	km3	11	73	23100110073	state	22	3	21	{"coin_queued_offered": [22], "coin_queued_offered_any": [22]}	ON THE BOARD	{}	{}	no	no	yes
8	km3	11	75	23100110075	lookahead	34	4	34	{}	LOOKAHEAD ONLY, both halves hold	{"cut": null, "free": true, "queued": 1, "tick": 34}	{"built": null, "tick": 34}	yes	yes	yes
8	km3	11	77	23100110077	state	50	7	49	{"coin_queued_offered": [50], "coin_queued_offered_any": [50]}	ON THE BOARD	{}	{}	no	no	yes
8	km3	11	81	23100110081	state	34	4	33	{"coin_queued_offered": [34], "coin_queued_offered_any": [34]}	ON THE BOARD	{}	{}	no	no	yes
8	km3	11	83	23100110083	state	29	4	28	{"coin_queued_offered": [29], "coin_queued_offered_any": [29]}	ON THE BOARD	{}	{}	no	no	yes
8	km3	11	85	23100110085	state	29	4	28	{"coin_queued_offered": [29], "coin_queued_offered_any": [29]}	ON THE BOARD	{}	{}	no	no	yes
8	km3	11	87	23100110087	state	22	2	21	{"coin_queued_offered": [22], "coin_queued_offered_any": [22]}	ON THE BOARD	{}	{}	no	no	yes
8	km3	11	89	23100110089	state	38	5	37	{"coin_queued_offered": [38], "coin_queued_offered_any": [38]}	ON THE BOARD	{}	{}	no	no	yes
8	km3	11	91	23100110091	lookahead	9	2	9	{}	LOOKAHEAD ONLY, both halves hold	{"cut": null, "free": true, "queued": 2, "tick": 9}	{"built": null, "tick": 9}	no	no	yes
8	km3	11	92	23100110092	lookahead	62	7	62	{}	LOOKAHEAD ONLY, both halves hold	{"cut": null, "free": false, "queued": 1, "tick": 62}	{"built": null, "tick": 62}	no	no	yes
8	km3	11	93	23100110093	lookahead	58	8	58	{}	LOOKAHEAD ONLY, both halves hold	{"cut": null, "free": false, "queued": 2, "tick": 58}	{"built": null, "tick": 58}	no	no	yes
8	km3	11	94	23100110094	lookahead	10	2	10	{}	LOOKAHEAD ONLY, both halves hold	{"cut": null, "free": true, "queued": 2, "tick": 10}	{"built": null, "tick": 10}	no	no	yes
8	km3	11	96	23100110096	state	23	3	22	{"coin_queued_offered": [23], "coin_queued_offered_any": [23]}	ON THE BOARD	{}	{}	no	no	yes
8	km3	11	98	23100110098	state	16	2	15	{"coin_queued_offered": [16], "coin_queued_offered_any": [16]}	ON THE BOARD	{}	{}	no	no	yes
8	km3	11	99	23100110099	state	52	7	51	{"coin_queued_offered": [52], "coin_queued_offered_any": [52]}	ON THE BOARD	{}	{}	no	no	yes
8	km3	11	101	23100110101	state	20	2	19	{"coin_queued_offered": [20], "coin_queued_offered_any": [20]}	ON THE BOARD	{}	{}	no	no	yes
8	km3	11	111	23100110111	lookahead	25	4	25	{}	LOOKAHEAD ONLY, both halves hold	{"cut": null, "free": true, "queued": 1, "tick": 25}	{"built": null, "tick": 25}	no	no	yes
8	km3	11	114	23100110114	state	17	2	16	{"coin_queued_offered": [17], "coin_queued_offered_any": [17]}	ON THE BOARD	{}	{}	no	no	yes
8	km3	11	116	23100110116	lookahead	18	3	18	{}	LOOKAHEAD ONLY, both halves hold	{"cut": null, "free": true, "queued": 3, "tick": 18}	{"built": null, "tick": 18}	no	no	yes
8	km3	11	117	23100110117	lookahead	17	3	17	{}	LOOKAHEAD ONLY, both halves hold	{"cut": null, "free": true, "queued": 2, "tick": 17}	{"built": null, "tick": 17}	no	no	yes
8	km3	11	118	23100110118	state	28	3	27	{"coin_queued_offered": [28], "coin_queued_offered_any": [28]}	ON THE BOARD	{}	{}	no	no	yes
8	km3	11	122	23100110122	state	17	2	16	{"coin_queued_offered": [17], "coin_queued_offered_any": [17]}	ON THE BOARD	{}	{}	no	no	yes
8	km3	11	125	23100110125	state	30	3	29	{"coin_queued_offered": [30], "coin_queued_offered_any": [30]}	ON THE BOARD	{}	{}	no	no	yes
8	km3	11	126	23100110126	lookahead	22	3	22	{}	LOOKAHEAD ONLY, both halves hold	{"cut": null, "free": true, "queued": 2, "tick": 22}	{"built": null, "tick": 22}	no	no	yes
8	km3	11	131	23100110131	state	27	4	26	{"coin_queued_offered": [27], "coin_queued_offered_any": [27]}	ON THE BOARD	{}	{}	no	no	yes
8	km3	11	132	23100110132	state	28	4	27	{"coin_queued_offered": [28], "coin_queued_offered_any": [28]}	ON THE BOARD	{}	{}	no	no	yes
8	km3	11	133	23100110133	state	22	3	21	{"coin_queued_offered": [22], "coin_queued_offered_any": [22]}	ON THE BOARD	{}	{}	no	no	yes
8	km3	11	134	23100110134	state	27	3	26	{"coin_queued_offered": [27], "coin_queued_offered_any": [27]}	ON THE BOARD	{}	{}	no	no	yes
8	km3	11	135	23100110135	state	19	2	18	{"coin_queued_offered": [19], "coin_queued_offered_any": [19]}	ON THE BOARD	{}	{}	no	no	yes
8	km3	11	136	23100110136	state	24	3	23	{"coin_queued_offered": [24], "coin_queued_offered_any": [24]}	ON THE BOARD	{}	{}	no	no	yes
8	km3	11	144	23100110144	state	50	6	49	{"coin_queued_offered": [50], "coin_queued_offered_any": [50]}	ON THE BOARD	{}	{}	no	no	yes
8	km3	11	145	23100110145	state	18	2	17	{"coin_queued_offered": [18], "coin_queued_offered_any": [18]}	ON THE BOARD	{}	{}	no	no	yes
8	km3	11	146	23100110146	lookahead	11	2	11	{}	LOOKAHEAD ONLY, both halves hold	{"cut": null, "free": true, "queued": 2, "tick": 11}	{"built": null, "tick": 11}	no	no	yes
8	km3	11	150	23100110150	state	18	2	17	{"coin_queued_offered": [18], "coin_queued_offered_any": [18]}	ON THE BOARD	{}	{}	no	no	yes
8	km3	11	151	23100110151	state	23	3	22	{"coin_queued_offered": [23], "coin_queued_offered_any": [23]}	ON THE BOARD	{}	{}	no	no	yes
8	km3	11	154	23100110154	state	34	4	33	{"coin_queued_offered": [34], "coin_queued_offered_any": [34]}	ON THE BOARD	{}	{}	no	no	yes
8	km3	11	155	23100110155	state	18	3	17	{"coin_queued_offered": [18], "coin_queued_offered_any": [18]}	ON THE BOARD	{}	{}	no	no	yes
8	km3	11	157	23100110157	state	12	2	11	{"coin_queued_offered": [12], "coin_queued_offered_any": [12]}	ON THE BOARD	{}	{}	no	no	yes
8	km3	11	159	23100110159	state	26	3	25	{"coin_queued_offered": [26], "coin_queued_offered_any": [26]}	ON THE BOARD	{}	{}	no	no	yes
8	km3	11	160	23100110160	state	19	2	18	{"coin_queued_offered": [19], "coin_queued_offered_any": [19]}	ON THE BOARD	{}	{}	no	no	yes
8	km3	11	165	23100110165	lookahead	57	7	57	{}	LOOKAHEAD ONLY, both halves hold	{"cut": null, "free": false, "queued": 1, "tick": 57}	{"built": null, "tick": 57}	yes	yes	yes
8	km3	11	167	23100110167	lookahead	37	6	37	{}	LOOKAHEAD ONLY, both halves hold	{"cut": null, "free": true, "queued": 1, "tick": 37}	{"built": null, "tick": 37}	no	no	yes
8	km3	11	169	23100110169	state	12	2	11	{"coin_queued_offered": [12], "coin_queued_offered_any": [12]}	ON THE BOARD	{}	{}	no	no	yes
8	km3	11	172	23100110172	state	80	12	79	{"coin_queued_offered": [80], "coin_queued_offered_any": [80]}	ON THE BOARD	{}	{}	no	no	yes
8	km3	11	178	23100110178	state	79	9	78	{"coin_queued_offered": [79], "coin_queued_offered_any": [79]}	ON THE BOARD	{}	{}	no	no	yes
8	km3	11	190	23100110190	state	78	11	77	{"coin_queued_offered": [78], "coin_queued_offered_any": [78]}	ON THE BOARD	{}	{}	no	no	yes
8	km3	11	192	23100110192	state	30	4	29	{"coin_queued_offered": [30], "coin_queued_offered_any": [30]}	ON THE BOARD	{}	{}	no	no	yes
8	km3	11	193	23100110193	state	16	2	15	{"coin_queued_offered": [16], "coin_queued_offered_any": [16]}	ON THE BOARD	{}	{}	no	no	yes
8	km3	11	197	23100110197	state	20	3	19	{"coin_queued_offered": [20], "coin_queued_offered_any": [20]}	ON THE BOARD	{}	{}	no	no	yes
8	km3	11	198	23100110198	state	17	2	16	{"coin_queued_offered": [17], "coin_queued_offered_any": [17]}	ON THE BOARD	{}	{}	no	no	yes
8	km3	11	200	23100110200	state	39	7	38	{"coin_queued_offered": [39], "coin_queued_offered_any": [39]}	ON THE BOARD	{}	{}	no	no	yes
8	km3	11	201	23100110201	state	12	2	11	{"coin_queued_offered": [12], "coin_queued_offered_any": [12]}	ON THE BOARD	{}	{}	no	no	yes
8	km3	11	204	23100110204	state	24	3	23	{"coin_queued_offered": [24], "coin_queued_offered_any": [24]}	ON THE BOARD	{}	{}	no	no	yes
8	km3	11	207	23100110207	state	42	5	41	{"coin_queued_offered": [42], "coin_queued_offered_any": [42]}	ON THE BOARD	{}	{}	no	no	yes
8	km3	11	208	23100110208	state	50	6	49	{"coin_queued_offered": [50], "coin_queued_offered_any": [50]}	ON THE BOARD	{}	{}	no	no	yes
8	km3	11	210	23100110210	state	15	2	14	{"coin_queued_offered": [15], "coin_queued_offered_any": [15]}	ON THE BOARD	{}	{}	no	no	yes
8	km3	11	211	23100110211	lookahead	12	2	12	{}	LOOKAHEAD ONLY, both halves hold	{"cut": null, "free": true, "queued": 2, "tick": 12}	{"built": null, "tick": 12}	no	no	yes
8	km3	11	212	23100110212	state	22	3	21	{"coin_queued_offered": [22], "coin_queued_offered_any": [22]}	ON THE BOARD	{}	{}	no	no	yes
8	km3	11	214	23100110214	lookahead	9	2	9	{}	LOOKAHEAD ONLY, both halves hold	{"cut": null, "free": true, "queued": 2, "tick": 9}	{"built": null, "tick": 9}	no	no	yes
8	km3	11	215	23100110215	state	16	2	15	{"coin_queued_offered": [16], "coin_queued_offered_any": [16]}	ON THE BOARD	{}	{}	no	no	yes
8	km3	11	216	23100110216	state	41	5	40	{"coin_queued_offered": [41], "coin_queued_offered_any": [41]}	ON THE BOARD	{}	{}	no	no	yes
8	km3	11	218	23100110218	state	41	5	40	{"coin_queued_offered": [41], "coin_queued_offered_any": [41]}	ON THE BOARD	{}	{}	no	no	yes
8	km3	11	220	23100110220	state	54	6	53	{"coin_queued_offered": [54], "coin_queued_offered_any": [54]}	ON THE BOARD	{}	{}	no	no	yes
8	km3	11	221	23100110221	state	17	2	16	{"coin_queued_offered": [17], "coin_queued_offered_any": [17]}	ON THE BOARD	{}	{}	no	no	yes
8	km3	11	224	23100110224	state	17	2	16	{"coin_queued_offered": [17], "coin_queued_offered_any": [17]}	ON THE BOARD	{}	{}	no	no	yes
8	km3	11	228	23100110228	lookahead	11	2	11	{}	LOOKAHEAD ONLY, both halves hold	{"cut": null, "free": true, "queued": 3, "tick": 11}	{"built": null, "tick": 11}	no	no	yes
8	km3	11	230	23100110230	state	17	2	16	{"coin_queued_offered": [17], "coin_queued_offered_any": [17]}	ON THE BOARD	{}	{}	no	no	yes
8	km3	11	231	23100110231	state	37	5	36	{"coin_queued_offered": [37], "coin_queued_offered_any": [37]}	ON THE BOARD	{}	{}	no	no	yes
8	km3	11	232	23100110232	lookahead	10	2	10	{}	LOOKAHEAD ONLY, both halves hold	{"cut": null, "free": true, "queued": 2, "tick": 10}	{"built": null, "tick": 10}	no	no	yes
8	km3	11	235	23100110235	state	32	5	31	{"coin_queued_offered": [32], "coin_queued_offered_any": [32]}	ON THE BOARD	{}	{}	no	no	yes
8	km3	11	240	23100110240	lookahead	19	3	19	{}	LOOKAHEAD ONLY, both halves hold	{"cut": null, "free": true, "queued": 2, "tick": 19}	{"built": null, "tick": 19}	no	no	yes
8	km3	11	241	23100110241	state	25	3	24	{"coin_queued_offered": [25], "coin_queued_offered_any": [25]}	ON THE BOARD	{}	{}	no	no	yes
8	km3	11	243	23100110243	state	16	2	15	{"coin_queued_offered": [16], "coin_queued_offered_any": [16]}	ON THE BOARD	{}	{}	no	no	yes
8	km3	11	245	23100110245	state	36	4	35	{"coin_queued_offered": [36], "coin_queued_offered_any": [36]}	ON THE BOARD	{}	{}	no	no	yes
8	km3	11	246	23100110246	state	27	4	26	{"coin_queued_offered": [27], "coin_queued_offered_any": [27]}	ON THE BOARD	{}	{}	no	no	yes
8	km3	11	248	23100110248	lookahead	20	3	20	{}	LOOKAHEAD ONLY, both halves hold	{"cut": null, "free": true, "queued": 2, "tick": 20}	{"built": null, "tick": 20}	yes	yes	yes
8	km3	11	249	23100110249	state	36	4	35	{"coin_queued_offered": [36], "coin_queued_offered_any": [36]}	ON THE BOARD	{}	{}	no	no	yes
8	km3	11	250	23100110250	state	17	2	16	{"coin_queued_offered": [17], "coin_queued_offered_any": [17]}	ON THE BOARD	{}	{}	no	no	yes
8	km3	11	251	23100110251	lookahead	31	4	31	{}	LOOKAHEAD ONLY, both halves hold	{"cut": null, "free": false, "queued": 1, "tick": 31}	{"built": null, "tick": 31}	no	no	yes
8	km3	11	252	23100110252	state	17	2	16	{"coin_queued_offered": [17], "coin_queued_offered_any": [17]}	ON THE BOARD	{}	{}	no	no	yes
8	km3	11	254	23100110254	state	42	5	41	{"coin_queued_offered": [42], "coin_queued_offered_any": [42]}	ON THE BOARD	{}	{}	no	no	yes
8	km3	11	255	23100110255	state	22	3	21	{"coin_queued_offered": [22], "coin_queued_offered_any": [22]}	ON THE BOARD	{}	{}	no	no	yes
8	km3	11	256	23100110256	state	17	2	16	{"coin_queued_offered": [17], "coin_queued_offered_any": [17]}	ON THE BOARD	{}	{}	no	no	yes
8	km3	11	258	23100110258	lookahead	19	3	19	{}	LOOKAHEAD ONLY, both halves hold	{"cut": null, "free": true, "queued": 2, "tick": 19}	{"built": null, "tick": 19}	no	no	yes
8	km3	11	259	23100110259	state	25	3	24	{"coin_queued_offered": [25], "coin_queued_offered_any": [25]}	ON THE BOARD	{}	{}	no	no	yes
8	km3	11	261	23100110261	lookahead	13	2	13	{}	LOOKAHEAD ONLY, both halves hold	{"cut": null, "free": true, "queued": 3, "tick": 13}	{"built": null, "tick": 13}	no	no	yes
8	km3	11	265	23100110265	state	29	4	28	{"coin_queued_offered": [29], "coin_queued_offered_any": [29]}	ON THE BOARD	{}	{}	no	no	yes
8	km3	11	267	23100110267	state	31	5	30	{"coin_queued_offered": [31], "coin_queued_offered_any": [31]}	ON THE BOARD	{}	{}	no	no	yes
8	km3	11	268	23100110268	state	27	3	26	{"coin_queued_offered": [27], "coin_queued_offered_any": [27]}	ON THE BOARD	{}	{}	no	no	yes
8	km3	11	270	23100110270	state	45	5	44	{"coin_queued_offered": [45], "coin_queued_offered_any": [45]}	ON THE BOARD	{}	{}	no	no	yes
8	km3	11	272	23100110272	state	15	2	14	{"coin_queued_offered": [15], "coin_queued_offered_any": [15]}	ON THE BOARD	{}	{}	no	no	yes
8	km3	11	277	23100110277	state	23	3	22	{"coin_queued_offered": [23], "coin_queued_offered_any": [23]}	ON THE BOARD	{}	{}	no	no	yes
8	km3	11	280	23100110280	state	50	6	49	{"coin_queued_offered": [50], "coin_queued_offered_any": [50]}	ON THE BOARD	{}	{}	no	no	yes
8	km3	11	283	23100110283	state	34	5	33	{"coin_queued_offered": [34], "coin_queued_offered_any": [34]}	ON THE BOARD	{}	{}	no	no	yes
8	km3	11	285	23100110285	state	40	5	39	{"coin_queued_offered": [40], "coin_queued_offered_any": [40]}	ON THE BOARD	{}	{}	no	no	yes
8	km3	11	286	23100110286	state	35	3	34	{"coin_queued_offered": [35], "coin_queued_offered_any": [35]}	ON THE BOARD	{}	{}	no	no	yes
8	km3	11	297	23100110297	lookahead	17	2	17	{}	LOOKAHEAD ONLY, both halves hold	{"cut": null, "free": false, "queued": 2, "tick": 17}	{"built": null, "tick": 17}	no	no	yes
8	km3	11	300	23100110300	state	24	3	23	{"coin_queued_offered": [24], "coin_queued_offered_any": [24]}	ON THE BOARD	{}	{}	no	no	yes
8	km3	11	302	23100110302	lookahead	10	2	10	{}	LOOKAHEAD ONLY, both halves hold	{"cut": null, "free": true, "queued": 2, "tick": 10}	{"built": null, "tick": 10}	no	no	yes
8	km3	11	308	23100110308	state	18	2	17	{"coin_queued_offered": [18], "coin_queued_offered_any": [18]}	ON THE BOARD	{}	{}	no	no	yes
8	km3	11	309	23100110309	state	31	4	30	{"coin_queued_offered": [31], "coin_queued_offered_any": [31]}	ON THE BOARD	{}	{}	no	no	yes
8	km3	11	311	23100110311	state	20	2	19	{"coin_queued_offered": [20], "coin_queued_offered_any": [20]}	ON THE BOARD	{}	{}	no	no	yes
8	km3	11	314	23100110314	state	17	2	16	{"coin_queued_offered": [17], "coin_queued_offered_any": [17]}	ON THE BOARD	{}	{}	no	no	yes
8	km3	11	319	23100110319	lookahead	10	2	10	{}	LOOKAHEAD ONLY, both halves hold	{"cut": null, "free": true, "queued": 2, "tick": 10}	{"built": null, "tick": 10}	no	no	yes
8	km3	11	322	23100110322	state	18	2	17	{"coin_queued_offered": [18], "coin_queued_offered_any": [18]}	ON THE BOARD	{}	{}	no	no	yes
8	km3	11	324	23100110324	state	22	3	21	{"coin_queued_offered": [22], "coin_queued_offered_any": [22]}	ON THE BOARD	{}	{}	no	no	yes
8	km3	11	326	23100110326	lookahead	12	2	12	{}	LOOKAHEAD ONLY, both halves hold	{"cut": null, "free": true, "queued": 2, "tick": 12}	{"built": null, "tick": 12}	no	no	yes
8	km3	11	327	23100110327	lookahead	11	2	11	{}	LOOKAHEAD ONLY, both halves hold	{"cut": null, "free": true, "queued": 2, "tick": 11}	{"built": null, "tick": 11}	no	no	yes
8	km3	11	329	23100110329	lookahead	26	3	26	{}	LOOKAHEAD ONLY, both halves hold	{"cut": null, "free": true, "queued": 3, "tick": 26}	{"built": null, "tick": 26}	no	no	yes
8	km3	11	333	23100110333	state	18	2	17	{"coin_queued_offered": [18], "coin_queued_offered_any": [18]}	ON THE BOARD	{}	{}	no	no	yes
8	km3	11	336	23100110336	lookahead	16	2	16	{}	LOOKAHEAD ONLY, both halves hold	{"cut": null, "free": true, "queued": 2, "tick": 16}	{"built": null, "tick": 16}	no	no	yes
8	km3	11	337	23100110337	lookahead	15	3	15	{}	LOOKAHEAD ONLY, both halves hold	{"cut": null, "free": true, "queued": 2, "tick": 15}	{"built": null, "tick": 15}	no	no	yes
8	km3	11	339	23100110339	state	21	3	20	{"coin_queued_offered": [21], "coin_queued_offered_any": [21]}	ON THE BOARD	{}	{}	no	no	yes
8	km3	11	346	23100110346	state	20	3	19	{"coin_queued_offered": [20], "coin_queued_offered_any": [20]}	ON THE BOARD	{}	{}	no	no	yes
8	km3	11	360	23100110360	state	42	5	41	{"coin_queued_offered": [42], "coin_queued_offered_any": [42]}	ON THE BOARD	{}	{}	no	no	yes
8	km3	11	369	23100110369	state	49	5	48	{"coin_queued_offered": [49], "coin_queued_offered_any": [49]}	ON THE BOARD	{}	{}	no	no	yes
8	km3	11	371	23100110371	state	22	3	21	{"coin_queued_offered": [22], "coin_queued_offered_any": [22]}	ON THE BOARD	{}	{}	no	no	yes
8	km3	11	372	23100110372	lookahead	30	5	30	{}	LOOKAHEAD ONLY, both halves hold	{"cut": null, "free": true, "queued": 1, "tick": 30}	{"built": null, "tick": 30}	no	no	yes
8	km3	11	373	23100110373	state	18	3	17	{"coin_queued_offered": [18], "coin_queued_offered_any": [18]}	ON THE BOARD	{}	{}	no	no	yes
8	km3	11	377	23100110377	state	16	2	15	{"coin_queued_offered": [16], "coin_queued_offered_any": [16]}	ON THE BOARD	{}	{}	no	no	yes
8	km3	11	378	23100110378	state	15	2	14	{"coin_queued_offered": [15], "coin_queued_offered_any": [15]}	ON THE BOARD	{}	{}	no	no	yes
8	km3	11	380	23100110380	state	16	2	15	{"coin_queued_offered": [16], "coin_queued_offered_any": [16]}	ON THE BOARD	{}	{}	no	no	yes
8	km3	11	382	23100110382	lookahead	82	14	82	{}	LOOKAHEAD ONLY, both halves hold	{"cut": null, "free": true, "queued": 1, "tick": 82}	{"built": null, "tick": 82}	no	no	yes
8	km3	11	387	23100110387	lookahead	10	2	10	{}	LOOKAHEAD ONLY, both halves hold	{"cut": null, "free": true, "queued": 2, "tick": 10}	{"built": null, "tick": 10}	no	no	yes
8	km3	11	388	23100110388	lookahead	22	3	22	{}	LOOKAHEAD ONLY, both halves hold	{"cut": null, "free": true, "queued": 2, "tick": 22}	{"built": null, "tick": 22}	no	no	yes
8	km3	11	392	23100110392	lookahead	11	2	11	{}	LOOKAHEAD ONLY, both halves hold	{"cut": null, "free": true, "queued": 2, "tick": 11}	{"built": null, "tick": 11}	no	no	yes
8	km3	11	395	23100110395	state	37	5	36	{"coin_queued_offered": [37], "coin_queued_offered_any": [37]}	ON THE BOARD	{}	{}	no	no	yes
8	km3	11	398	23100110398	state	14	2	13	{"coin_queued_offered": [14], "coin_queued_offered_any": [14]}	ON THE BOARD	{}	{}	no	no	yes
8	km3	11	403	23100110403	lookahead	13	2	13	{}	LOOKAHEAD ONLY, both halves hold	{"cut": null, "free": true, "queued": 2, "tick": 13}	{"built": null, "tick": 13}	no	no	yes
8	km3	11	408	23100110408	state	45	5	44	{"coin_queued_offered": [45], "coin_queued_offered_any": [45]}	ON THE BOARD	{}	{}	no	no	yes
8	km3	11	412	23100110412	lookahead	37	5	37	{}	LOOKAHEAD ONLY, both halves hold	{"cut": null, "free": true, "queued": 1, "tick": 37}	{"built": null, "tick": 37}	no	no	yes
8	km3	11	413	23100110413	lookahead	10	2	10	{}	LOOKAHEAD ONLY, both halves hold	{"cut": null, "free": true, "queued": 2, "tick": 10}	{"built": null, "tick": 10}	no	no	yes
8	km3	11	416	23100110416	lookahead	11	2	11	{}	LOOKAHEAD ONLY, both halves hold	{"cut": null, "free": true, "queued": 2, "tick": 11}	{"built": null, "tick": 11}	no	no	yes
8	km3	11	418	23100110418	state	19	2	18	{"coin_queued_offered": [19], "coin_queued_offered_any": [19]}	ON THE BOARD	{}	{}	no	no	yes
8	km3	11	423	23100110423	lookahead	31	5	31	{}	LOOKAHEAD ONLY, both halves hold	{"cut": null, "free": true, "queued": 3, "tick": 31}	{"built": null, "tick": 31}	no	no	yes
8	km3	11	424	23100110424	lookahead	42	7	42	{}	LOOKAHEAD ONLY, both halves hold	{"cut": null, "free": true, "queued": 2, "tick": 42}	{"built": null, "tick": 42}	no	no	yes
8	km3	11	432	23100110432	state	30	4	29	{"coin_queued_offered": [30], "coin_queued_offered_any": [30]}	ON THE BOARD	{}	{}	no	no	yes
8	km3	11	433	23100110433	state	18	3	17	{"coin_queued_offered": [18], "coin_queued_offered_any": [18]}	ON THE BOARD	{}	{}	no	no	yes
8	km3	11	435	23100110435	state	20	3	19	{"coin_queued_offered": [20], "coin_queued_offered_any": [20]}	ON THE BOARD	{}	{}	no	no	yes
8	km3	11	438	23100110438	state	35	4	34	{"coin_queued_offered": [35], "coin_queued_offered_any": [35]}	ON THE BOARD	{}	{}	no	no	yes
8	km3	11	441	23100110441	state	41	5	40	{"coin_queued_offered": [41], "coin_queued_offered_any": [41]}	ON THE BOARD	{}	{}	no	no	yes
8	km3	11	443	23100110443	state	17	2	16	{"coin_queued_offered": [17], "coin_queued_offered_any": [17]}	ON THE BOARD	{}	{}	no	no	yes
8	km3	11	444	23100110444	state	18	2	17	{"coin_queued_offered": [18], "coin_queued_offered_any": [18]}	ON THE BOARD	{}	{}	no	no	yes
8	km3	11	448	23100110448	state	37	4	36	{"coin_queued_offered": [37], "coin_queued_offered_any": [37]}	ON THE BOARD	{}	{}	no	no	yes
8	km3	11	450	23100110450	state	24	3	23	{"coin_queued_offered": [24], "coin_queued_offered_any": [24]}	ON THE BOARD	{}	{}	no	no	yes
8	km3	11	458	23100110458	lookahead	55	7	55	{}	LOOKAHEAD ONLY, both halves hold	{"cut": null, "free": false, "queued": 1, "tick": 55}	{"built": null, "tick": 55}	no	no	yes
8	km3	11	462	23100110462	lookahead	49	6	49	{}	LOOKAHEAD ONLY, both halves hold	{"cut": null, "free": false, "queued": 2, "tick": 49}	{"built": null, "tick": 49}	no	no	yes
8	km3	11	465	23100110465	lookahead	130	17	130	{}	LOOKAHEAD ONLY, both halves hold	{"cut": null, "free": false, "queued": 2, "tick": 130}	{"built": null, "tick": 130}	yes	yes	yes
8	km3	11	466	23100110466	state	13	2	12	{"coin_queued_offered": [13], "coin_queued_offered_any": [13]}	ON THE BOARD	{}	{}	no	no	yes
8	km3	11	467	23100110467	state	36	4	35	{"coin_queued_offered": [36], "coin_queued_offered_any": [36]}	ON THE BOARD	{}	{}	no	no	yes
8	km3	11	468	23100110468	state	31	4	30	{"coin_queued_offered": [31], "coin_queued_offered_any": [31]}	ON THE BOARD	{}	{}	no	no	yes
8	km3	11	470	23100110470	lookahead	54	7	54	{}	LOOKAHEAD ONLY, both halves hold	{"cut": null, "free": false, "queued": 2, "tick": 54}	{"built": null, "tick": 54}	yes	yes	yes
8	km3	11	473	23100110473	lookahead	14	2	14	{}	LOOKAHEAD ONLY, both halves hold	{"cut": null, "free": true, "queued": 2, "tick": 14}	{"built": null, "tick": 14}	no	no	yes
8	km3	11	474	23100110474	state	24	3	23	{"coin_queued_offered": [24], "coin_queued_offered_any": [24]}	ON THE BOARD	{}	{}	no	no	yes
8	km3	11	475	23100110475	state	22	3	21	{"coin_queued_offered": [22], "coin_queued_offered_any": [22]}	ON THE BOARD	{}	{}	no	no	yes
8	km3	11	477	23100110477	state	16	2	15	{"coin_queued_offered": [16], "coin_queued_offered_any": [16]}	ON THE BOARD	{}	{}	no	no	yes
8	km3	11	480	23100110480	lookahead	22	3	22	{}	LOOKAHEAD ONLY, both halves hold	{"cut": null, "free": true, "queued": 2, "tick": 22}	{"built": null, "tick": 22}	yes	yes	yes
8	km3	11	481	23100110481	state	46	7	45	{"coin_queued_offered": [46], "coin_queued_offered_any": [46]}	ON THE BOARD	{}	{}	no	no	yes
8	km3	11	484	23100110484	lookahead	30	5	30	{}	LOOKAHEAD ONLY, both halves hold	{"cut": null, "free": true, "queued": 2, "tick": 30}	{"built": null, "tick": 30}	no	no	yes
8	km3	11	486	23100110486	state	15	2	14	{"coin_queued_offered": [15], "coin_queued_offered_any": [15]}	ON THE BOARD	{}	{}	no	no	yes
8	km3	11	490	23100110490	state	16	2	15	{"coin_queued_offered": [16], "coin_queued_offered_any": [16]}	ON THE BOARD	{}	{}	no	no	yes
8	km3	11	497	23100110497	state	20	3	19	{"coin_queued_offered": [20], "coin_queued_offered_any": [20]}	ON THE BOARD	{}	{}	no	no	yes
8	km3	11	498	23100110498	state	20	2	19	{"coin_queued_offered": [20], "coin_queued_offered_any": [20]}	ON THE BOARD	{}	{}	no	no	yes
8	km3	12	1	23100120001	state	41	5	40	{"coin_queued_offered": [41], "coin_queued_offered_any": [41]}	ON THE BOARD	{}	{}	no	no	yes
8	km3	12	3	23100120003	state	30	4	29	{"coin_queued_offered": [30], "coin_queued_offered_any": [30]}	ON THE BOARD	{}	{}	no	no	yes
8	km3	12	4	23100120004	lookahead	58	8	58	{}	LOOKAHEAD ONLY, both halves hold	{"cut": null, "free": false, "queued": 1, "tick": 58}	{"built": null, "tick": 58}	yes	yes	yes
8	km3	12	6	23100120006	state	32	4	31	{"coin_queued_offered": [32], "coin_queued_offered_any": [32]}	ON THE BOARD	{}	{}	no	no	yes
8	km3	12	7	23100120007	state	93	11	92	{"coin_queued_offered": [93], "coin_queued_offered_any": [93]}	ON THE BOARD	{}	{}	no	no	yes
8	km3	12	8	23100120008	lookahead	75	10	75	{}	LOOKAHEAD ONLY, both halves hold	{"cut": null, "free": true, "queued": 3, "tick": 75}	{"built": null, "tick": 75}	no	no	yes
8	km3	12	9	23100120009	lookahead	62	8	62	{}	LOOKAHEAD ONLY, both halves hold	{"cut": null, "free": false, "queued": 2, "tick": 62}	{"built": null, "tick": 62}	no	no	yes
8	km3	12	10	23100120010	state	64	8	63	{"coin_queued_offered": [64], "coin_queued_offered_any": [64]}	ON THE BOARD	{}	{}	no	no	yes
8	km3	12	11	23100120011	state	41	5	40	{"coin_queued_offered": [41], "coin_queued_offered_any": [41]}	ON THE BOARD	{}	{}	no	no	yes
8	km3	12	12	23100120012	lookahead	86	12	86	{}	LOOKAHEAD ONLY, both halves hold	{"cut": null, "free": true, "queued": 3, "tick": 86}	{"built": null, "tick": 86}	no	no	yes
8	km3	12	13	23100120013	state	37	4	36	{"coin_queued_offered": [37], "coin_queued_offered_any": [37]}	ON THE BOARD	{}	{}	no	no	yes
8	km3	12	14	23100120014	lookahead	93	11	93	{}	LOOKAHEAD ONLY, both halves hold	{"cut": null, "free": true, "queued": 2, "tick": 93}	{"built": null, "tick": 93}	yes	yes	yes
8	km3	12	15	23100120015	lookahead	68	10	68	{}	LOOKAHEAD ONLY, both halves hold	{"cut": null, "free": true, "queued": 3, "tick": 68}	{"built": null, "tick": 68}	no	no	yes
8	km3	12	17	23100120017	lookahead	55	8	55	{}	LOOKAHEAD ONLY, both halves hold	{"cut": null, "free": true, "queued": 3, "tick": 55}	{"built": null, "tick": 55}	no	no	yes
8	km3	12	18	23100120018	state	55	6	54	{"coin_queued_offered": [55], "coin_queued_offered_any": [55]}	ON THE BOARD	{}	{}	no	no	yes
8	km3	12	23	23100120023	lookahead	86	10	86	{}	LOOKAHEAD ONLY, both halves hold	{"cut": null, "free": false, "queued": 1, "tick": 86}	{"built": null, "tick": 86}	no	no	yes
8	km3	12	25	23100120025	lookahead	45	6	45	{}	LOOKAHEAD ONLY, both halves hold	{"cut": null, "free": false, "queued": 2, "tick": 45}	{"built": null, "tick": 45}	yes	yes	yes
8	km3	12	28	23100120028	state	75	10	74	{"coin_queued_offered": [75], "coin_queued_offered_any": [75]}	ON THE BOARD	{}	{}	no	no	yes
8	km3	12	29	23100120029	state	63	8	62	{"coin_queued_offered": [63], "coin_queued_offered_any": [63]}	ON THE BOARD	{}	{}	no	no	yes
8	km3	12	31	23100120031	lookahead	33	5	33	{}	LOOKAHEAD ONLY, both halves hold	{"cut": null, "free": false, "queued": 2, "tick": 33}	{"built": null, "tick": 33}	yes	yes	yes
8	km3	12	32	23100120032	state	41	5	40	{"coin_queued_offered": [41], "coin_queued_offered_any": [41]}	ON THE BOARD	{}	{}	no	no	yes
8	km3	12	35	23100120035	lookahead	73	11	73	{}	LOOKAHEAD ONLY, both halves hold	{"cut": null, "free": false, "queued": 2, "tick": 73}	{"built": null, "tick": 73}	yes	yes	yes
8	km3	12	39	23100120039	lookahead	76	10	76	{}	LOOKAHEAD ONLY, both halves hold	{"cut": null, "free": false, "queued": 2, "tick": 76}	{"built": null, "tick": 76}	yes	yes	yes
8	km3	12	40	23100120040	lookahead	51	6	51	{}	LOOKAHEAD ONLY, both halves hold	{"cut": null, "free": false, "queued": 2, "tick": 51}	{"built": null, "tick": 51}	no	no	yes
8	km3	12	42	23100120042	lookahead	78	11	78	{}	LOOKAHEAD ONLY, both halves hold	{"cut": null, "free": false, "queued": 2, "tick": 78}	{"built": null, "tick": 78}	yes	yes	yes
8	km3	12	45	23100120045	state	78	10	77	{"coin_queued_offered": [78], "coin_queued_offered_any": [78]}	ON THE BOARD	{}	{}	no	no	yes
8	km3	12	48	23100120048	state	68	8	67	{"coin_queued_offered": [68], "coin_queued_offered_any": [68]}	ON THE BOARD	{}	{}	no	no	yes
8	km3	12	54	23100120054	state	64	7	63	{"coin_queued_offered": [64], "coin_queued_offered_any": [64]}	ON THE BOARD	{}	{}	no	no	yes
8	km3	12	56	23100120056	lookahead	31	5	31	{}	LOOKAHEAD ONLY, both halves hold	{"cut": null, "free": true, "queued": 2, "tick": 31}	{"built": null, "tick": 31}	no	no	yes
8	km3	12	57	23100120057	lookahead	58	7	58	{}	LOOKAHEAD ONLY, both halves hold	{"cut": null, "free": true, "queued": 2, "tick": 58}	{"built": null, "tick": 58}	yes	yes	yes
8	km3	12	60	23100120060	lookahead	37	5	37	{}	LOOKAHEAD ONLY, both halves hold	{"cut": null, "free": false, "queued": 2, "tick": 37}	{"built": null, "tick": 37}	yes	yes	yes
8	km3	12	62	23100120062	lookahead	78	13	78	{}	LOOKAHEAD ONLY, both halves hold	{"cut": null, "free": true, "queued": 3, "tick": 78}	{"built": null, "tick": 78}	no	no	yes
8	km3	12	63	23100120063	state	67	8	66	{"coin_queued_offered": [67], "coin_queued_offered_any": [67]}	ON THE BOARD	{}	{}	no	no	yes
8	km3	12	64	23100120064	lookahead	37	5	37	{}	LOOKAHEAD ONLY, both halves hold	{"cut": null, "free": true, "queued": 2, "tick": 37}	{"built": null, "tick": 37}	no	no	yes
8	km3	12	66	23100120066	state	59	8	58	{"coin_queued_offered": [59], "coin_queued_offered_any": [59]}	ON THE BOARD	{}	{}	no	no	yes
8	km3	12	69	23100120069	lookahead	29	4	29	{}	LOOKAHEAD ONLY, both halves hold	{"cut": null, "free": true, "queued": 3, "tick": 29}	{"built": null, "tick": 29}	no	no	yes
8	km3	12	71	23100120071	lookahead	77	11	77	{}	LOOKAHEAD ONLY, both halves hold	{"cut": null, "free": false, "queued": 2, "tick": 77}	{"built": null, "tick": 77}	yes	yes	yes
8	km3	12	73	23100120073	lookahead	37	5	37	{}	LOOKAHEAD ONLY, both halves hold	{"cut": null, "free": true, "queued": 2, "tick": 37}	{"built": null, "tick": 37}	no	no	yes
8	km3	12	75	23100120075	state	91	13	90	{"coin_queued_offered": [91], "coin_queued_offered_any": [91]}	ON THE BOARD	{}	{}	no	no	yes
8	km3	12	78	23100120078	lookahead	40	5	40	{}	LOOKAHEAD ONLY, both halves hold	{"cut": null, "free": true, "queued": 2, "tick": 40}	{"built": null, "tick": 40}	yes	yes	yes
8	km3	12	80	23100120080	state	80	10	79	{"coin_queued_offered": [80], "coin_queued_offered_any": [80]}	ON THE BOARD	{}	{}	no	no	yes
8	km3	12	81	23100120081	lookahead	74	8	74	{}	LOOKAHEAD ONLY, both halves hold	{"cut": null, "free": true, "queued": 2, "tick": 74}	{"built": null, "tick": 74}	yes	yes	yes
8	km3	12	82	23100120082	state	56	7	55	{"coin_queued_offered": [56], "coin_queued_offered_any": [56]}	ON THE BOARD	{}	{}	no	no	yes
8	km3	12	83	23100120083	state	70	10	69	{"coin_queued_offered": [70], "coin_queued_offered_any": [70]}	ON THE BOARD	{}	{}	no	no	yes
8	km3	12	85	23100120085	state	49	6	48	{"coin_queued_offered": [49], "coin_queued_offered_any": [49]}	ON THE BOARD	{}	{}	no	no	yes
8	km3	12	87	23100120087	lookahead	38	5	38	{}	LOOKAHEAD ONLY, both halves hold	{"cut": null, "free": false, "queued": 2, "tick": 38}	{"built": null, "tick": 38}	yes	yes	yes
8	km3	12	88	23100120088	state	31	4	30	{"coin_queued_offered": [31], "coin_queued_offered_any": [31]}	ON THE BOARD	{}	{}	no	no	yes
8	km3	12	89	23100120089	lookahead	58	8	58	{}	LOOKAHEAD ONLY, both halves hold	{"cut": null, "free": false, "queued": 2, "tick": 58}	{"built": null, "tick": 58}	no	no	yes
8	km3	12	91	23100120091	state	53	6	52	{"coin_queued_offered": [53], "coin_queued_offered_any": [53]}	ON THE BOARD	{}	{}	no	no	yes
8	km3	12	94	23100120094	state	29	4	28	{"coin_queued_offered": [29], "coin_queued_offered_any": [29]}	ON THE BOARD	{}	{}	no	no	yes
8	km3	12	95	23100120095	state	29	4	28	{"coin_queued_offered": [29], "coin_queued_offered_any": [29]}	ON THE BOARD	{}	{}	no	no	yes
8	km3	12	98	23100120098	state	78	10	77	{"coin_queued_offered": [78], "coin_queued_offered_any": [78]}	ON THE BOARD	{}	{}	no	no	yes
8	km3	12	99	23100120099	state	39	5	38	{"coin_queued_offered": [39], "coin_queued_offered_any": [39]}	ON THE BOARD	{}	{}	no	no	yes
8	km3	12	100	23100120100	state	35	5	34	{"coin_queued_offered": [35], "coin_queued_offered_any": [35]}	ON THE BOARD	{}	{}	no	no	yes
8	km3	12	102	23100120102	state	37	5	36	{"coin_queued_offered": [37], "coin_queued_offered_any": [37]}	ON THE BOARD	{}	{}	no	no	yes
8	km3	12	104	23100120104	state	38	4	37	{"coin_queued_offered": [38], "coin_queued_offered_any": [38]}	ON THE BOARD	{}	{}	no	no	yes
8	km3	12	106	23100120106	lookahead	64	9	64	{}	LOOKAHEAD ONLY, both halves hold	{"cut": null, "free": true, "queued": 3, "tick": 64}	{"built": null, "tick": 64}	yes	yes	yes
8	km3	12	110	23100120110	lookahead	90	12	90	{}	LOOKAHEAD ONLY, both halves hold	{"cut": null, "free": true, "queued": 2, "tick": 90}	{"built": null, "tick": 90}	yes	yes	yes
8	km3	12	111	23100120111	state	55	7	54	{"coin_queued_offered": [55], "coin_queued_offered_any": [55]}	ON THE BOARD	{}	{}	no	no	yes
8	km3	12	115	23100120115	state	50	8	49	{"coin_queued_offered": [50], "coin_queued_offered_any": [50]}	ON THE BOARD	{}	{}	no	no	yes
8	km3	12	118	23100120118	state	32	4	31	{"coin_queued_offered": [32], "coin_queued_offered_any": [32]}	ON THE BOARD	{}	{}	no	no	yes
8	km3	12	120	23100120120	state	88	12	87	{"coin_queued_offered": [88], "coin_queued_offered_any": [88]}	ON THE BOARD	{}	{}	no	no	yes
8	km3	12	121	23100120121	state	55	8	54	{"coin_queued_offered": [55], "coin_queued_offered_any": [55]}	ON THE BOARD	{}	{}	no	no	yes
8	km3	12	123	23100120123	state	97	13	96	{"coin_queued_offered": [97], "coin_queued_offered_any": [97]}	ON THE BOARD	{}	{}	no	no	yes
8	km3	12	124	23100120124	state	37	5	36	{"coin_queued_offered": [37], "coin_queued_offered_any": [37]}	ON THE BOARD	{}	{}	no	no	yes
8	km3	12	127	23100120127	state	78	11	77	{"coin_queued_offered": [78], "coin_queued_offered_any": [78]}	ON THE BOARD	{}	{}	no	no	yes
8	km3	12	128	23100120128	lookahead	82	11	82	{}	LOOKAHEAD ONLY, both halves hold	{"cut": null, "free": false, "queued": 1, "tick": 82}	{"built": null, "tick": 82}	yes	yes	yes
8	km3	12	132	23100120132	state	35	4	34	{"coin_queued_offered": [35], "coin_queued_offered_any": [35]}	ON THE BOARD	{}	{}	no	no	yes
8	km3	12	133	23100120133	state	30	4	29	{"coin_queued_offered": [30], "coin_queued_offered_any": [30]}	ON THE BOARD	{}	{}	no	no	yes
8	km3	12	134	23100120134	state	51	7	50	{"coin_queued_offered": [51], "coin_queued_offered_any": [51]}	ON THE BOARD	{}	{}	no	no	yes
8	km3	12	136	23100120136	state	30	4	29	{"coin_queued_offered": [30], "coin_queued_offered_any": [30]}	ON THE BOARD	{}	{}	no	no	yes
8	km3	12	137	23100120137	lookahead	63	8	63	{}	LOOKAHEAD ONLY, both halves hold	{"cut": null, "free": false, "queued": 2, "tick": 63}	{"built": null, "tick": 63}	yes	yes	yes
8	km3	12	138	23100120138	state	32	4	31	{"coin_queued_offered": [32], "coin_queued_offered_any": [32]}	ON THE BOARD	{}	{}	no	no	yes
8	km3	12	140	23100120140	lookahead	72	9	72	{}	LOOKAHEAD ONLY, both halves hold	{"cut": null, "free": false, "queued": 2, "tick": 72}	{"built": null, "tick": 72}	yes	yes	yes
8	km3	12	141	23100120141	state	41	5	40	{"coin_queued_offered": [41], "coin_queued_offered_any": [41]}	ON THE BOARD	{}	{}	no	no	yes
8	km3	12	142	23100120142	lookahead	56	8	56	{}	LOOKAHEAD ONLY, both halves hold	{"cut": null, "free": false, "queued": 2, "tick": 56}	{"built": null, "tick": 56}	yes	yes	yes
8	km3	12	143	23100120143	state	34	4	33	{"coin_queued_offered": [34], "coin_queued_offered_any": [34]}	ON THE BOARD	{}	{}	no	no	yes
8	km3	12	144	23100120144	lookahead	63	9	63	{}	LOOKAHEAD ONLY, both halves hold	{"cut": null, "free": true, "queued": 3, "tick": 63}	{"built": null, "tick": 63}	no	yes	yes
8	km3	12	145	23100120145	lookahead	75	11	75	{}	LOOKAHEAD ONLY, both halves hold	{"cut": null, "free": true, "queued": 1, "tick": 75}	{"built": null, "tick": 75}	yes	yes	yes
8	km3	12	148	23100120148	lookahead	87	14	87	{}	LOOKAHEAD ONLY, both halves hold	{"cut": null, "free": true, "queued": 3, "tick": 87}	{"built": null, "tick": 87}	yes	yes	yes
8	km3	12	149	23100120149	state	59	8	58	{"coin_queued_offered": [59], "coin_queued_offered_any": [59]}	ON THE BOARD	{}	{}	no	no	yes
8	km3	12	150	23100120150	lookahead	69	9	69	{}	LOOKAHEAD ONLY, both halves hold	{"cut": null, "free": false, "queued": 2, "tick": 69}	{"built": null, "tick": 69}	no	no	yes
8	km3	12	151	23100120151	state	85	11	84	{"coin_queued_offered": [85], "coin_queued_offered_any": [85]}	ON THE BOARD	{}	{}	no	no	yes
8	km3	12	153	23100120153	state	31	4	30	{"coin_queued_offered": [31], "coin_queued_offered_any": [31]}	ON THE BOARD	{}	{}	no	no	yes
8	km3	12	154	23100120154	state	76	9	75	{"coin_queued_offered": [76], "coin_queued_offered_any": [76]}	ON THE BOARD	{}	{}	no	no	yes
8	km3	12	156	23100120156	lookahead	22	4	22	{}	LOOKAHEAD ONLY, both halves hold	{"cut": null, "free": true, "queued": 3, "tick": 22}	{"built": null, "tick": 22}	no	no	yes
8	km3	12	157	23100120157	state	31	4	30	{"coin_queued_offered": [31], "coin_queued_offered_any": [31]}	ON THE BOARD	{}	{}	no	no	yes
8	km3	12	158	23100120158	state	52	6	51	{"coin_queued_offered": [52], "coin_queued_offered_any": [52]}	ON THE BOARD	{}	{}	no	no	yes
8	km3	12	162	23100120162	lookahead	66	8	66	{}	LOOKAHEAD ONLY, both halves hold	{"cut": null, "free": false, "queued": 1, "tick": 66}	{"built": null, "tick": 66}	no	no	yes
8	km3	12	164	23100120164	state	37	5	36	{"coin_queued_offered": [37], "coin_queued_offered_any": [37]}	ON THE BOARD	{}	{}	no	no	yes
8	km3	12	165	23100120165	state	92	12	91	{"coin_queued_offered": [92], "coin_queued_offered_any": [92]}	ON THE BOARD	{}	{}	no	no	yes
8	km3	12	167	23100120167	state	88	12	87	{"coin_queued_offered": [88], "coin_queued_offered_any": [88]}	ON THE BOARD	{}	{}	no	no	yes
8	km3	12	168	23100120168	lookahead	99	13	99	{}	LOOKAHEAD ONLY, both halves hold	{"cut": null, "free": false, "queued": 1, "tick": 99}	{"built": null, "tick": 99}	no	no	yes
8	km3	12	169	23100120169	lookahead	92	13	92	{}	LOOKAHEAD ONLY, both halves hold	{"cut": null, "free": false, "queued": 2, "tick": 92}	{"built": null, "tick": 92}	yes	yes	yes
8	km3	12	171	23100120171	state	73	8	72	{"coin_queued_offered": [73], "coin_queued_offered_any": [73]}	ON THE BOARD	{}	{}	no	no	yes
8	km3	12	176	23100120176	state	74	9	73	{"coin_queued_offered": [74], "coin_queued_offered_any": [74]}	ON THE BOARD	{}	{}	no	no	yes
8	km3	12	178	23100120178	lookahead	104	15	104	{}	LOOKAHEAD ONLY, both halves hold	{"cut": null, "free": false, "queued": 2, "tick": 104}	{"built": null, "tick": 104}	yes	yes	yes
8	km3	12	180	23100120180	lookahead	58	7	58	{}	LOOKAHEAD ONLY, both halves hold	{"cut": null, "free": false, "queued": 2, "tick": 58}	{"built": null, "tick": 58}	yes	yes	yes
8	km3	12	181	23100120181	lookahead	83	11	83	{}	LOOKAHEAD ONLY, both halves hold	{"cut": null, "free": false, "queued": 2, "tick": 83}	{"built": null, "tick": 83}	yes	yes	yes
8	km3	12	183	23100120183	state	39	6	38	{"coin_queued_offered": [39], "coin_queued_offered_any": [39]}	ON THE BOARD	{}	{}	no	no	yes
8	km3	12	185	23100120185	lookahead	47	6	47	{}	LOOKAHEAD ONLY, both halves hold	{"cut": null, "free": false, "queued": 2, "tick": 47}	{"built": null, "tick": 47}	yes	yes	yes
8	km3	12	187	23100120187	lookahead	43	7	43	{}	LOOKAHEAD ONLY, both halves hold	{"cut": null, "free": true, "queued": 1, "tick": 43}	{"built": null, "tick": 43}	no	no	yes
8	km3	12	188	23100120188	state	32	4	31	{"coin_queued_offered": [32], "coin_queued_offered_any": [32]}	ON THE BOARD	{}	{}	no	no	yes
8	km3	12	189	23100120189	lookahead	80	12	80	{}	LOOKAHEAD ONLY, both halves hold	{"cut": null, "free": true, "queued": 3, "tick": 80}	{"built": null, "tick": 80}	no	no	yes
8	km3	12	190	23100120190	state	33	4	32	{"coin_queued_offered": [33], "coin_queued_offered_any": [33]}	ON THE BOARD	{}	{}	no	no	yes
8	km3	12	191	23100120191	lookahead	76	11	76	{}	LOOKAHEAD ONLY, both halves hold	{"cut": null, "free": true, "queued": 1, "tick": 76}	{"built": null, "tick": 76}	yes	yes	yes
8	km3	12	193	23100120193	lookahead	79	12	79	{}	LOOKAHEAD ONLY, both halves hold	{"cut": null, "free": false, "queued": 1, "tick": 79}	{"built": null, "tick": 79}	yes	yes	yes
8	km3	12	194	23100120194	state	34	5	33	{"coin_queued_offered": [34], "coin_queued_offered_any": [34]}	ON THE BOARD	{}	{}	no	no	yes
8	km3	12	196	23100120196	state	31	4	30	{"coin_queued_offered": [31], "coin_queued_offered_any": [31]}	ON THE BOARD	{}	{}	no	no	yes
8	km3	12	198	23100120198	state	32	4	31	{"coin_queued_offered": [32], "coin_queued_offered_any": [32]}	ON THE BOARD	{}	{}	no	no	yes
8	km3	12	200	23100120200	lookahead	49	6	49	{}	LOOKAHEAD ONLY, both halves hold	{"cut": null, "free": false, "queued": 2, "tick": 49}	{"built": null, "tick": 49}	yes	yes	yes
8	km3	12	201	23100120201	state	33	4	32	{"coin_queued_offered": [33], "coin_queued_offered_any": [33]}	ON THE BOARD	{}	{}	no	no	yes
8	km3	12	203	23100120203	lookahead	68	9	68	{}	LOOKAHEAD ONLY, both halves hold	{"cut": null, "free": true, "queued": 3, "tick": 68}	{"built": null, "tick": 68}	no	no	yes
8	km3	12	204	23100120204	state	64	8	63	{"coin_queued_offered": [64], "coin_queued_offered_any": [64]}	ON THE BOARD	{}	{}	no	no	yes
8	km3	12	206	23100120206	lookahead	56	9	56	{}	LOOKAHEAD ONLY, both halves hold	{"cut": null, "free": false, "queued": 2, "tick": 56}	{"built": null, "tick": 56}	yes	yes	yes
8	km3	12	207	23100120207	state	89	12	88	{"coin_queued_offered": [89], "coin_queued_offered_any": [89]}	ON THE BOARD	{}	{}	no	no	yes
8	km3	12	210	23100120210	lookahead	54	7	54	{}	LOOKAHEAD ONLY, both halves hold	{"cut": null, "free": true, "queued": 2, "tick": 54}	{"built": null, "tick": 54}	no	no	yes
8	km3	12	211	23100120211	state	46	6	45	{"coin_queued_offered": [46], "coin_queued_offered_any": [46]}	ON THE BOARD	{}	{}	no	no	yes
8	km3	12	212	23100120212	lookahead	63	8	63	{}	LOOKAHEAD ONLY, both halves hold	{"cut": null, "free": false, "queued": 2, "tick": 63}	{"built": null, "tick": 63}	yes	yes	yes
8	km3	12	215	23100120215	lookahead	55	9	55	{}	LOOKAHEAD ONLY, both halves hold	{"cut": null, "free": true, "queued": 3, "tick": 55}	{"built": null, "tick": 55}	no	no	yes
8	km3	12	216	23100120216	lookahead	56	8	56	{}	LOOKAHEAD ONLY, both halves hold	{"cut": null, "free": false, "queued": 1, "tick": 56}	{"built": null, "tick": 56}	no	no	yes
8	km3	12	217	23100120217	lookahead	22	4	22	{}	LOOKAHEAD ONLY, both halves hold	{"cut": null, "free": true, "queued": 2, "tick": 22}	{"built": null, "tick": 22}	yes	yes	yes
8	km3	12	218	23100120218	state	35	4	34	{"coin_queued_offered": [35], "coin_queued_offered_any": [35]}	ON THE BOARD	{}	{}	no	no	yes
8	km3	12	219	23100120219	lookahead	63	8	63	{}	LOOKAHEAD ONLY, both halves hold	{"cut": null, "free": false, "queued": 1, "tick": 63}	{"built": null, "tick": 63}	yes	yes	yes
8	km3	12	221	23100120221	lookahead	62	8	62	{}	LOOKAHEAD ONLY, both halves hold	{"cut": null, "free": true, "queued": 3, "tick": 62}	{"built": null, "tick": 62}	no	no	yes
8	km3	12	224	23100120224	state	61	8	60	{"coin_queued_offered": [61], "coin_queued_offered_any": [61]}	ON THE BOARD	{}	{}	no	no	yes
8	km3	12	225	23100120225	lookahead	72	9	72	{}	LOOKAHEAD ONLY, both halves hold	{"cut": null, "free": false, "queued": 2, "tick": 72}	{"built": null, "tick": 72}	yes	yes	yes
8	km3	12	226	23100120226	lookahead	38	5	38	{}	LOOKAHEAD ONLY, both halves hold	{"cut": null, "free": false, "queued": 2, "tick": 38}	{"built": null, "tick": 38}	yes	yes	yes
8	km3	12	229	23100120229	state	34	4	33	{"coin_queued_offered": [34], "coin_queued_offered_any": [34]}	ON THE BOARD	{}	{}	no	no	yes
8	km3	12	230	23100120230	state	32	4	31	{"coin_queued_offered": [32], "coin_queued_offered_any": [32]}	ON THE BOARD	{}	{}	no	no	yes
8	km3	12	233	23100120233	lookahead	97	13	97	{}	LOOKAHEAD ONLY, both halves hold	{"cut": null, "free": true, "queued": 3, "tick": 97}	{"built": null, "tick": 97}	no	no	yes
8	km3	12	235	23100120235	lookahead	28	4	28	{}	LOOKAHEAD ONLY, both halves hold	{"cut": null, "free": true, "queued": 3, "tick": 28}	{"built": null, "tick": 28}	no	no	yes
8	km3	12	236	23100120236	lookahead	46	6	46	{}	LOOKAHEAD ONLY, both halves hold	{"cut": null, "free": true, "queued": 2, "tick": 46}	{"built": null, "tick": 46}	yes	yes	yes
8	km3	12	238	23100120238	state	57	8	56	{"coin_queued_offered": [57], "coin_queued_offered_any": [57]}	ON THE BOARD	{}	{}	no	no	yes
8	km3	12	239	23100120239	lookahead	108	15	108	{}	LOOKAHEAD ONLY, both halves hold	{"cut": null, "free": true, "queued": 3, "tick": 108}	{"built": null, "tick": 108}	no	no	yes
8	km3	12	242	23100120242	lookahead	46	6	46	{}	LOOKAHEAD ONLY, both halves hold	{"cut": null, "free": true, "queued": 3, "tick": 46}	{"built": null, "tick": 46}	yes	yes	yes
8	km3	12	247	23100120247	state	38	5	37	{"coin_queued_offered": [38], "coin_queued_offered_any": [38]}	ON THE BOARD	{}	{}	no	no	yes
8	km3	12	248	23100120248	lookahead	102	15	102	{}	LOOKAHEAD ONLY, both halves hold	{"cut": null, "free": true, "queued": 3, "tick": 102}	{"built": null, "tick": 102}	no	no	yes
8	km3	12	250	23100120250	state	89	12	88	{"coin_queued_offered": [89], "coin_queued_offered_any": [89]}	ON THE BOARD	{}	{}	no	no	yes
8	km3	12	251	23100120251	state	31	4	30	{"coin_queued_offered": [31], "coin_queued_offered_any": [31]}	ON THE BOARD	{}	{}	no	no	yes
8	km3	12	253	23100120253	lookahead	46	6	46	{}	LOOKAHEAD ONLY, both halves hold	{"cut": null, "free": true, "queued": 2, "tick": 46}	{"built": null, "tick": 46}	no	no	yes
8	km3	12	254	23100120254	lookahead	108	16	108	{}	LOOKAHEAD ONLY, both halves hold	{"cut": null, "free": true, "queued": 3, "tick": 108}	{"built": null, "tick": 108}	no	no	yes
8	km3	12	255	23100120255	state	43	5	42	{"coin_queued_offered": [43], "coin_queued_offered_any": [43]}	ON THE BOARD	{}	{}	no	no	yes
8	km3	12	256	23100120256	state	83	14	82	{"coin_queued_offered": [83], "coin_queued_offered_any": [83]}	ON THE BOARD	{}	{}	no	no	yes
8	km3	12	260	23100120260	lookahead	75	13	75	{}	LOOKAHEAD ONLY, both halves hold	{"cut": null, "free": false, "queued": 1, "tick": 75}	{"built": null, "tick": 75}	yes	yes	yes
8	km3	12	265	23100120265	lookahead	87	12	87	{}	LOOKAHEAD ONLY, both halves hold	{"cut": null, "free": true, "queued": 1, "tick": 87}	{"built": null, "tick": 87}	yes	yes	yes
8	km3	12	266	23100120266	state	61	9	60	{"coin_queued_offered": [61], "coin_queued_offered_any": [61]}	ON THE BOARD	{}	{}	no	no	yes
8	km3	12	267	23100120267	lookahead	68	8	68	{}	LOOKAHEAD ONLY, both halves hold	{"cut": null, "free": false, "queued": 1, "tick": 68}	{"built": null, "tick": 68}	yes	yes	yes
8	km3	12	269	23100120269	lookahead	45	6	45	{}	LOOKAHEAD ONLY, both halves hold	{"cut": null, "free": false, "queued": 2, "tick": 45}	{"built": null, "tick": 45}	yes	yes	yes
8	km3	12	270	23100120270	state	33	4	32	{"coin_queued_offered": [33], "coin_queued_offered_any": [33]}	ON THE BOARD	{}	{}	no	no	yes
8	km3	12	273	23100120273	lookahead	34	5	34	{}	LOOKAHEAD ONLY, both halves hold	{"cut": null, "free": true, "queued": 2, "tick": 34}	{"built": null, "tick": 34}	no	no	yes
8	km3	12	274	23100120274	state	35	4	34	{"coin_queued_offered": [35], "coin_queued_offered_any": [35]}	ON THE BOARD	{}	{}	no	no	yes
8	km3	12	275	23100120275	lookahead	51	8	51	{}	LOOKAHEAD ONLY, both halves hold	{"cut": null, "free": true, "queued": 1, "tick": 51}	{"built": null, "tick": 51}	yes	yes	yes
8	km3	12	277	23100120277	state	84	11	83	{"coin_queued_offered": [84], "coin_queued_offered_any": [84]}	ON THE BOARD	{}	{}	no	no	yes
8	km3	12	278	23100120278	state	66	9	65	{"coin_queued_offered": [66], "coin_queued_offered_any": [66]}	ON THE BOARD	{}	{}	no	no	yes
8	km3	12	279	23100120279	state	28	4	27	{"coin_queued_offered": [28], "coin_queued_offered_any": [28]}	ON THE BOARD	{}	{}	no	no	yes
8	km3	12	280	23100120280	lookahead	36	5	36	{}	LOOKAHEAD ONLY, both halves hold	{"cut": null, "free": false, "queued": 2, "tick": 36}	{"built": null, "tick": 36}	yes	yes	yes
8	km3	12	281	23100120281	state	68	9	67	{"coin_queued_offered": [68], "coin_queued_offered_any": [68]}	ON THE BOARD	{}	{}	no	no	yes
8	km3	12	282	23100120282	lookahead	38	5	38	{}	LOOKAHEAD ONLY, both halves hold	{"cut": null, "free": true, "queued": 2, "tick": 38}	{"built": null, "tick": 38}	no	no	yes
8	km3	12	284	23100120284	lookahead	78	10	78	{}	LOOKAHEAD ONLY, both halves hold	{"cut": null, "free": false, "queued": 1, "tick": 78}	{"built": null, "tick": 78}	no	no	yes
8	km3	12	285	23100120285	state	42	6	41	{"coin_queued_offered": [42], "coin_queued_offered_any": [42]}	ON THE BOARD	{}	{}	no	no	yes
8	km3	12	287	23100120287	lookahead	58	9	58	{}	LOOKAHEAD ONLY, both halves hold	{"cut": null, "free": false, "queued": 2, "tick": 58}	{"built": null, "tick": 58}	yes	yes	yes
8	km3	12	289	23100120289	state	42	5	41	{"coin_queued_offered": [42], "coin_queued_offered_any": [42]}	ON THE BOARD	{}	{}	no	no	yes
8	km3	12	291	23100120291	lookahead	77	11	77	{}	LOOKAHEAD ONLY, both halves hold	{"cut": null, "free": false, "queued": 2, "tick": 77}	{"built": null, "tick": 77}	no	no	yes
8	km3	12	292	23100120292	lookahead	63	8	63	{}	LOOKAHEAD ONLY, both halves hold	{"cut": null, "free": true, "queued": 3, "tick": 63}	{"built": null, "tick": 63}	no	no	yes
8	km3	12	293	23100120293	lookahead	27	4	27	{}	LOOKAHEAD ONLY, both halves hold	{"cut": null, "free": true, "queued": 3, "tick": 27}	{"built": null, "tick": 27}	no	no	yes
8	km3	12	296	23100120296	lookahead	89	14	89	{}	LOOKAHEAD ONLY, both halves hold	{"cut": null, "free": true, "queued": 1, "tick": 89}	{"built": null, "tick": 89}	no	no	yes
8	km3	12	297	23100120297	state	27	4	26	{"coin_queued_offered": [27], "coin_queued_offered_any": [27]}	ON THE BOARD	{}	{}	no	no	yes
8	km3	12	300	23100120300	lookahead	51	6	51	{}	LOOKAHEAD ONLY, both halves hold	{"cut": null, "free": true, "queued": 3, "tick": 51}	{"built": null, "tick": 51}	no	no	yes
8	km3	12	301	23100120301	lookahead	32	5	32	{}	LOOKAHEAD ONLY, both halves hold	{"cut": null, "free": true, "queued": 2, "tick": 32}	{"built": null, "tick": 32}	no	no	yes
8	km3	12	305	23100120305	lookahead	68	9	68	{}	LOOKAHEAD ONLY, both halves hold	{"cut": null, "free": true, "queued": 2, "tick": 68}	{"built": null, "tick": 68}	yes	yes	yes
8	km3	12	309	23100120309	state	65	8	64	{"coin_queued_offered": [65], "coin_queued_offered_any": [65]}	ON THE BOARD	{}	{}	no	no	yes
8	km3	12	317	23100120317	state	28	4	27	{"coin_queued_offered": [28], "coin_queued_offered_any": [28]}	ON THE BOARD	{}	{}	no	no	yes
8	km3	12	319	23100120319	lookahead	27	4	27	{}	LOOKAHEAD ONLY, both halves hold	{"cut": null, "free": true, "queued": 2, "tick": 27}	{"built": null, "tick": 27}	no	no	yes
8	km3	12	320	23100120320	state	67	8	66	{"coin_queued_offered": [67], "coin_queued_offered_any": [67]}	ON THE BOARD	{}	{}	no	no	yes
8	km3	12	321	23100120321	lookahead	58	9	58	{}	LOOKAHEAD ONLY, both halves hold	{"cut": null, "free": true, "queued": 3, "tick": 58}	{"built": null, "tick": 58}	no	no	yes
8	km3	12	322	23100120322	lookahead	92	12	92	{}	LOOKAHEAD ONLY, both halves hold	{"cut": null, "free": true, "queued": 2, "tick": 92}	{"built": null, "tick": 92}	yes	yes	yes
8	km3	12	323	23100120323	lookahead	44	6	44	{}	LOOKAHEAD ONLY, both halves hold	{"cut": null, "free": false, "queued": 2, "tick": 44}	{"built": null, "tick": 44}	yes	yes	yes
8	km3	12	325	23100120325	state	34	4	33	{"coin_queued_offered": [34], "coin_queued_offered_any": [34]}	ON THE BOARD	{}	{}	no	no	yes
8	km3	12	328	23100120328	lookahead	82	13	82	{}	LOOKAHEAD ONLY, both halves hold	{"cut": null, "free": true, "queued": 2, "tick": 82}	{"built": null, "tick": 82}	no	no	yes
8	km3	12	329	23100120329	state	74	9	73	{"coin_queued_offered": [74], "coin_queued_offered_any": [74]}	ON THE BOARD	{}	{}	no	no	yes
8	km3	12	330	23100120330	lookahead	42	5	42	{}	LOOKAHEAD ONLY, both halves hold	{"cut": null, "free": false, "queued": 1, "tick": 42}	{"built": null, "tick": 42}	yes	yes	yes
8	km3	12	333	23100120333	state	35	4	34	{"coin_queued_offered": [35], "coin_queued_offered_any": [35]}	ON THE BOARD	{}	{}	no	no	yes
8	km3	12	334	23100120334	state	79	12	78	{"coin_queued_offered": [79], "coin_queued_offered_any": [79]}	ON THE BOARD	{}	{}	no	no	yes
8	km3	12	335	23100120335	state	81	9	80	{"coin_queued_offered": [81], "coin_queued_offered_any": [81]}	ON THE BOARD	{}	{}	no	no	yes
8	km3	12	340	23100120340	state	35	4	34	{"coin_queued_offered": [35], "coin_queued_offered_any": [35]}	ON THE BOARD	{}	{}	no	no	yes
8	km3	12	341	23100120341	lookahead	18	4	18	{}	LOOKAHEAD ONLY, both halves hold	{"cut": null, "free": true, "queued": 1, "tick": 18}	{"built": null, "tick": 18}	no	no	yes
8	km3	12	342	23100120342	lookahead	85	13	85	{}	LOOKAHEAD ONLY, both halves hold	{"cut": null, "free": false, "queued": 1, "tick": 85}	{"built": null, "tick": 85}	yes	yes	yes
8	km3	12	343	23100120343	state	77	9	76	{"coin_queued_offered": [77], "coin_queued_offered_any": [77]}	ON THE BOARD	{}	{}	no	no	yes
8	km3	12	346	23100120346	lookahead	73	11	73	{}	LOOKAHEAD ONLY, both halves hold	{"cut": null, "free": true, "queued": 3, "tick": 73}	{"built": null, "tick": 73}	no	no	yes
8	km3	12	350	23100120350	state	44	6	43	{"coin_queued_offered": [44], "coin_queued_offered_any": [44]}	ON THE BOARD	{}	{}	no	no	yes
8	km3	12	351	23100120351	state	31	4	30	{"coin_queued_offered": [31], "coin_queued_offered_any": [31]}	ON THE BOARD	{}	{}	no	no	yes
8	km3	12	353	23100120353	lookahead	59	8	59	{}	LOOKAHEAD ONLY, both halves hold	{"cut": null, "free": false, "queued": 2, "tick": 59}	{"built": null, "tick": 59}	yes	yes	yes
8	km3	12	357	23100120357	state	30	4	29	{"coin_queued_offered": [30], "coin_queued_offered_any": [30]}	ON THE BOARD	{}	{}	no	no	yes
8	km3	12	358	23100120358	lookahead	26	5	26	{}	LOOKAHEAD ONLY, both halves hold	{"cut": null, "free": false, "queued": 2, "tick": 26}	{"built": null, "tick": 26}	yes	yes	yes
8	km3	12	364	23100120364	lookahead	46	7	46	{}	LOOKAHEAD ONLY, both halves hold	{"cut": null, "free": true, "queued": 3, "tick": 46}	{"built": null, "tick": 46}	yes	yes	yes
8	km3	12	366	23100120366	state	90	13	89	{"coin_queued_offered": [90], "coin_queued_offered_any": [90]}	ON THE BOARD	{}	{}	no	no	yes
8	km3	12	367	23100120367	lookahead	57	8	57	{}	LOOKAHEAD ONLY, both halves hold	{"cut": null, "free": false, "queued": 2, "tick": 57}	{"built": null, "tick": 57}	no	no	yes
8	km3	12	368	23100120368	state	92	12	91	{"coin_queued_offered": [92], "coin_queued_offered_any": [92]}	ON THE BOARD	{}	{}	no	no	yes
8	km3	12	369	23100120369	lookahead	65	8	65	{}	LOOKAHEAD ONLY, both halves hold	{"cut": null, "free": false, "queued": 2, "tick": 65}	{"built": null, "tick": 65}	no	no	yes
8	km3	12	370	23100120370	lookahead	95	14	95	{}	LOOKAHEAD ONLY, both halves hold	{"cut": null, "free": false, "queued": 2, "tick": 95}	{"built": null, "tick": 95}	yes	yes	yes
8	km3	12	373	23100120373	state	28	4	27	{"coin_queued_offered": [28], "coin_queued_offered_any": [28]}	ON THE BOARD	{}	{}	no	no	yes
8	km3	12	374	23100120374	lookahead	48	6	48	{}	LOOKAHEAD ONLY, both halves hold	{"cut": null, "free": false, "queued": 2, "tick": 48}	{"built": null, "tick": 48}	yes	yes	yes
8	km3	12	375	23100120375	lookahead	49	6	49	{}	LOOKAHEAD ONLY, both halves hold	{"cut": null, "free": true, "queued": 3, "tick": 49}	{"built": null, "tick": 49}	no	no	yes
8	km3	12	377	23100120377	state	45	5	44	{"coin_queued_offered": [45], "coin_queued_offered_any": [45]}	ON THE BOARD	{}	{}	no	no	yes
8	km3	12	378	23100120378	lookahead	115	16	115	{}	LOOKAHEAD ONLY, both halves hold	{"cut": null, "free": false, "queued": 2, "tick": 115}	{"built": null, "tick": 115}	no	no	yes
8	km3	12	379	23100120379	lookahead	69	8	69	{}	LOOKAHEAD ONLY, both halves hold	{"cut": null, "free": false, "queued": 2, "tick": 69}	{"built": null, "tick": 69}	no	no	yes
8	km3	12	383	23100120383	state	66	9	65	{"coin_queued_offered": [66], "coin_queued_offered_any": [66]}	ON THE BOARD	{}	{}	no	no	yes
8	km3	12	384	23100120384	lookahead	79	12	79	{}	LOOKAHEAD ONLY, both halves hold	{"cut": null, "free": false, "queued": 2, "tick": 79}	{"built": null, "tick": 79}	yes	yes	yes
8	km3	12	385	23100120385	state	34	4	33	{"coin_queued_offered": [34], "coin_queued_offered_any": [34]}	ON THE BOARD	{}	{}	no	no	yes
8	km3	12	386	23100120386	state	29	4	28	{"coin_queued_offered": [29], "coin_queued_offered_any": [29]}	ON THE BOARD	{}	{}	no	no	yes
8	km3	12	389	23100120389	state	102	12	101	{"coin_queued_offered": [102], "coin_queued_offered_any": [102]}	ON THE BOARD	{}	{}	no	no	yes
8	km3	12	392	23100120392	lookahead	63	9	63	{}	LOOKAHEAD ONLY, both halves hold	{"cut": null, "free": false, "queued": 2, "tick": 63}	{"built": null, "tick": 63}	no	no	yes
8	km3	12	393	23100120393	lookahead	42	5	42	{}	LOOKAHEAD ONLY, both halves hold	{"cut": null, "free": false, "queued": 2, "tick": 42}	{"built": null, "tick": 42}	yes	yes	yes
8	km3	12	396	23100120396	state	96	13	95	{"coin_queued_offered": [96], "coin_queued_offered_any": [96]}	ON THE BOARD	{}	{}	no	no	yes
8	km3	12	397	23100120397	lookahead	51	6	51	{}	LOOKAHEAD ONLY, both halves hold	{"cut": null, "free": false, "queued": 2, "tick": 51}	{"built": null, "tick": 51}	yes	yes	yes
8	km3	12	398	23100120398	lookahead	59	7	59	{}	LOOKAHEAD ONLY, both halves hold	{"cut": null, "free": false, "queued": 2, "tick": 59}	{"built": null, "tick": 59}	yes	yes	yes
8	km3	12	400	23100120400	lookahead	88	15	88	{}	LOOKAHEAD ONLY, both halves hold	{"cut": null, "free": true, "queued": 1, "tick": 88}	{"built": null, "tick": 88}	yes	yes	yes
8	km3	12	402	23100120402	state	46	6	45	{"coin_queued_offered": [46], "coin_queued_offered_any": [46]}	ON THE BOARD	{}	{}	no	no	yes
8	km3	12	407	23100120407	state	34	4	33	{"coin_queued_offered": [34], "coin_queued_offered_any": [34]}	ON THE BOARD	{}	{}	no	no	yes
8	km3	12	410	23100120410	state	108	15	107	{"coin_queued_offered": [108], "coin_queued_offered_any": [108]}	ON THE BOARD	{}	{}	no	no	yes
8	km3	12	411	23100120411	lookahead	47	6	47	{}	LOOKAHEAD ONLY, both halves hold	{"cut": null, "free": false, "queued": 2, "tick": 47}	{"built": null, "tick": 47}	yes	yes	yes
8	km3	12	414	23100120414	state	50	6	49	{"coin_queued_offered": [50], "coin_queued_offered_any": [50]}	ON THE BOARD	{}	{}	no	no	yes
8	km3	12	415	23100120415	lookahead	82	12	82	{}	LOOKAHEAD ONLY, both halves hold	{"cut": null, "free": true, "queued": 3, "tick": 82}	{"built": null, "tick": 82}	no	no	yes
8	km3	12	418	23100120418	lookahead	34	6	34	{}	LOOKAHEAD ONLY, both halves hold	{"cut": null, "free": false, "queued": 1, "tick": 34}	{"built": null, "tick": 34}	yes	yes	yes
8	km3	12	420	23100120420	lookahead	73	9	73	{}	LOOKAHEAD ONLY, both halves hold	{"cut": null, "free": true, "queued": 3, "tick": 73}	{"built": null, "tick": 73}	yes	yes	yes
8	km3	12	424	23100120424	state	39	4	38	{"coin_queued_offered": [39], "coin_queued_offered_any": [39]}	ON THE BOARD	{}	{}	no	no	yes
8	km3	12	425	23100120425	state	29	4	28	{"coin_queued_offered": [29], "coin_queued_offered_any": [29]}	ON THE BOARD	{}	{}	no	no	yes
8	km3	12	430	23100120430	state	34	4	33	{"coin_queued_offered": [34], "coin_queued_offered_any": [34]}	ON THE BOARD	{}	{}	no	no	yes
8	km3	12	434	23100120434	lookahead	100	15	100	{}	LOOKAHEAD ONLY, both halves hold	{"cut": null, "free": true, "queued": 3, "tick": 100}	{"built": null, "tick": 100}	no	no	yes
8	km3	12	435	23100120435	state	36	4	35	{"coin_queued_offered": [36], "coin_queued_offered_any": [36]}	ON THE BOARD	{}	{}	no	no	yes
8	km3	12	436	23100120436	lookahead	65	9	65	{}	LOOKAHEAD ONLY, both halves hold	{"cut": null, "free": true, "queued": 2, "tick": 65}	{"built": null, "tick": 65}	yes	yes	yes
8	km3	12	437	23100120437	lookahead	48	6	48	{}	LOOKAHEAD ONLY, both halves hold	{"cut": null, "free": false, "queued": 2, "tick": 48}	{"built": null, "tick": 48}	yes	yes	yes
8	km3	12	438	23100120438	state	38	5	37	{"coin_queued_offered": [38], "coin_queued_offered_any": [38]}	ON THE BOARD	{}	{}	no	no	yes
8	km3	12	439	23100120439	lookahead	57	8	57	{}	LOOKAHEAD ONLY, both halves hold	{"cut": null, "free": false, "queued": 2, "tick": 57}	{"built": null, "tick": 57}	no	no	yes
8	km3	12	441	23100120441	state	70	8	69	{"coin_queued_offered": [70], "coin_queued_offered_any": [70]}	ON THE BOARD	{}	{}	no	no	yes
8	km3	12	442	23100120442	lookahead	46	6	46	{}	LOOKAHEAD ONLY, both halves hold	{"cut": null, "free": true, "queued": 2, "tick": 46}	{"built": null, "tick": 46}	no	no	yes
8	km3	12	446	23100120446	lookahead	72	10	72	{}	LOOKAHEAD ONLY, both halves hold	{"cut": null, "free": false, "queued": 2, "tick": 72}	{"built": null, "tick": 72}	no	no	yes
8	km3	12	448	23100120448	state	44	5	43	{"coin_queued_offered": [44], "coin_queued_offered_any": [44]}	ON THE BOARD	{}	{}	no	no	yes
8	km3	12	449	23100120449	state	57	7	56	{"coin_queued_offered": [57], "coin_queued_offered_any": [57]}	ON THE BOARD	{}	{}	no	no	yes
8	km3	12	450	23100120450	state	78	11	77	{"coin_queued_offered": [78], "coin_queued_offered_any": [78]}	ON THE BOARD	{}	{}	no	no	yes
8	km3	12	453	23100120453	state	40	5	39	{"coin_queued_offered": [40], "coin_queued_offered_any": [40]}	ON THE BOARD	{}	{}	no	no	yes
8	km3	12	454	23100120454	lookahead	42	5	42	{}	LOOKAHEAD ONLY, both halves hold	{"cut": null, "free": false, "queued": 2, "tick": 42}	{"built": null, "tick": 42}	yes	yes	yes
8	km3	12	458	23100120458	state	28	4	27	{"coin_queued_offered": [28], "coin_queued_offered_any": [28]}	ON THE BOARD	{}	{}	no	no	yes
8	km3	12	459	23100120459	lookahead	56	8	56	{}	LOOKAHEAD ONLY, both halves hold	{"cut": null, "free": true, "queued": 3, "tick": 56}	{"built": null, "tick": 56}	no	no	yes
8	km3	12	460	23100120460	state	77	10	76	{"coin_queued_offered": [77], "coin_queued_offered_any": [77]}	ON THE BOARD	{}	{}	no	no	yes
8	km3	12	461	23100120461	state	62	8	61	{"coin_queued_offered": [62], "coin_queued_offered_any": [62]}	ON THE BOARD	{}	{}	no	no	yes
8	km3	12	462	23100120462	state	80	9	79	{"coin_queued_offered": [80], "coin_queued_offered_any": [80]}	ON THE BOARD	{}	{}	no	no	yes
8	km3	12	464	23100120464	state	34	4	33	{"coin_queued_offered": [34], "coin_queued_offered_any": [34]}	ON THE BOARD	{}	{}	no	no	yes
8	km3	12	467	23100120467	state	73	8	72	{"coin_queued_offered": [73], "coin_queued_offered_any": [73]}	ON THE BOARD	{}	{}	no	no	yes
8	km3	12	468	23100120468	state	40	5	39	{"coin_queued_offered": [40], "coin_queued_offered_any": [40]}	ON THE BOARD	{}	{}	no	no	yes
8	km3	12	470	23100120470	lookahead	60	8	60	{}	LOOKAHEAD ONLY, both halves hold	{"cut": null, "free": false, "queued": 2, "tick": 60}	{"built": null, "tick": 60}	yes	yes	yes
8	km3	12	471	23100120471	state	33	4	32	{"coin_queued_offered": [33], "coin_queued_offered_any": [33]}	ON THE BOARD	{}	{}	no	no	yes
8	km3	12	472	23100120472	state	33	4	32	{"coin_queued_offered": [33], "coin_queued_offered_any": [33]}	ON THE BOARD	{}	{}	no	no	yes
8	km3	12	474	23100120474	state	65	9	64	{"coin_queued_offered": [65], "coin_queued_offered_any": [65]}	ON THE BOARD	{}	{}	no	no	yes
8	km3	12	477	23100120477	state	35	4	34	{"coin_queued_offered": [35], "coin_queued_offered_any": [35]}	ON THE BOARD	{}	{}	no	no	yes
8	km3	12	478	23100120478	state	84	11	83	{"coin_queued_offered": [84], "coin_queued_offered_any": [84]}	ON THE BOARD	{}	{}	no	no	yes
8	km3	12	482	23100120482	state	41	4	40	{"coin_queued_offered": [41], "coin_queued_offered_any": [41]}	ON THE BOARD	{}	{}	no	no	yes
8	km3	12	484	23100120484	lookahead	46	7	46	{}	LOOKAHEAD ONLY, both halves hold	{"cut": null, "free": false, "queued": 2, "tick": 46}	{"built": null, "tick": 46}	yes	yes	yes
8	km3	12	485	23100120485	lookahead	59	8	59	{}	LOOKAHEAD ONLY, both halves hold	{"cut": null, "free": true, "queued": 3, "tick": 59}	{"built": null, "tick": 59}	yes	yes	yes
8	km3	12	487	23100120487	state	27	4	26	{"coin_queued_offered": [27], "coin_queued_offered_any": [27]}	ON THE BOARD	{}	{}	no	no	yes
8	km3	12	489	23100120489	state	30	4	29	{"coin_queued_offered": [30], "coin_queued_offered_any": [30]}	ON THE BOARD	{}	{}	no	no	yes
8	km3	12	490	23100120490	state	40	5	39	{"coin_queued_offered": [40], "coin_queued_offered_any": [40]}	ON THE BOARD	{}	{}	no	no	yes
8	km3	12	492	23100120492	lookahead	66	11	66	{}	LOOKAHEAD ONLY, both halves hold	{"cut": null, "free": true, "queued": 3, "tick": 66}	{"built": null, "tick": 66}	no	no	yes
8	km3	12	494	23100120494	lookahead	75	11	75	{}	LOOKAHEAD ONLY, both halves hold	{"cut": null, "free": false, "queued": 2, "tick": 75}	{"built": null, "tick": 75}	yes	yes	yes
8	km3	12	495	23100120495	lookahead	44	6	44	{}	LOOKAHEAD ONLY, both halves hold	{"cut": null, "free": false, "queued": 2, "tick": 44}	{"built": null, "tick": 44}	no	no	yes
8	km3	12	496	23100120496	state	40	5	39	{"coin_queued_offered": [40], "coin_queued_offered_any": [40]}	ON THE BOARD	{}	{}	no	no	yes
8	km3	12	497	23100120497	state	75	10	74	{"coin_queued_offered": [75], "coin_queued_offered_any": [75]}	ON THE BOARD	{}	{}	no	no	yes
8	km3	12	498	23100120498	lookahead	33	5	33	{}	LOOKAHEAD ONLY, both halves hold	{"cut": null, "free": true, "queued": 2, "tick": 33}	{"built": null, "tick": 33}	no	no	yes
8	km3	12	499	23100120499	state	31	4	30	{"coin_queued_offered": [31], "coin_queued_offered_any": [31]}	ON THE BOARD	{}	{}	no	no	yes
8	km3	13	7	23100130007	lookahead	88	13	88	{}	LOOKAHEAD ONLY, both halves hold	{"cut": null, "free": true, "queued": 1, "tick": 88}	{"built": null, "tick": 88}	no	no	yes
8	km3	13	15	23100130015	state	94	14	93	{"coin_queued_offered": [94], "coin_queued_offered_any": [94]}	ON THE BOARD	{}	{}	no	no	yes
8	km3	13	18	23100130018	state	39	5	38	{"coin_queued_offered": [39], "coin_queued_offered_any": [39]}	ON THE BOARD	{}	{}	no	no	yes
8	km3	13	19	23100130019	state	97	14	96	{"coin_queued_offered": [97], "coin_queued_offered_any": [97]}	ON THE BOARD	{}	{}	no	no	yes
8	km3	13	22	23100130022	state	74	10	73	{"coin_queued_offered": [74], "coin_queued_offered_any": [74]}	ON THE BOARD	{}	{}	no	no	yes
8	km3	13	24	23100130024	state	142	20	141	{"coin_queued_offered": [142], "coin_queued_offered_any": [142]}	ON THE BOARD	{}	{}	no	no	yes
8	km3	13	31	23100130031	state	46	6	45	{"coin_queued_offered": [46], "coin_queued_offered_any": [46]}	ON THE BOARD	{}	{}	no	no	yes
8	km3	13	33	23100130033	lookahead	134	18	134	{}	LOOKAHEAD ONLY, both halves hold	{"cut": null, "free": true, "queued": 3, "tick": 134}	{"built": null, "tick": 134}	no	no	yes
8	km3	13	44	23100130044	state	100	13	99	{"coin_queued_offered": [100], "coin_queued_offered_any": [100]}	ON THE BOARD	{}	{}	no	no	yes
8	km3	13	50	23100130050	state	73	10	72	{"coin_queued_offered": [73], "coin_queued_offered_any": [73]}	ON THE BOARD	{}	{}	no	no	yes
8	km3	13	53	23100130053	state	66	8	65	{"coin_queued_offered": [66], "coin_queued_offered_any": [66]}	ON THE BOARD	{}	{}	no	no	yes
8	km3	13	57	23100130057	lookahead	130	18	130	{}	LOOKAHEAD ONLY, both halves hold	{"cut": null, "free": true, "queued": 3, "tick": 130}	{"built": null, "tick": 130}	no	no	yes
8	km3	13	61	23100130061	state	125	17	124	{"coin_queued_offered": [125], "coin_queued_offered_any": [125]}	ON THE BOARD	{}	{}	no	no	yes
8	km3	13	66	23100130066	lookahead	35	5	35	{}	LOOKAHEAD ONLY, both halves hold	{"cut": null, "free": true, "queued": 1, "tick": 35}	{"built": null, "tick": 35}	no	no	yes
8	km3	13	73	23100130073	state	142	18	141	{"coin_queued_offered": [142], "coin_queued_offered_any": [142]}	ON THE BOARD	{}	{}	no	no	yes
8	km3	13	76	23100130076	state	150	22	149	{"coin_queued_offered": [150], "coin_queued_offered_any": [150]}	ON THE BOARD	{}	{}	no	no	yes
8	km3	13	78	23100130078	lookahead	153	22	153	{}	LOOKAHEAD ONLY, both halves hold	{"cut": null, "free": true, "queued": 3, "tick": 153}	{"built": null, "tick": 153}	no	no	yes
8	km3	13	82	23100130082	state	96	13	95	{"coin_queued_offered": [96], "coin_queued_offered_any": [96]}	ON THE BOARD	{}	{}	no	no	yes
8	km3	13	86	23100130086	lookahead	140	19	140	{}	LOOKAHEAD ONLY, both halves hold	{"cut": null, "free": true, "queued": 2, "tick": 140}	{"built": null, "tick": 140}	yes	yes	yes
8	km3	13	87	23100130087	state	160	22	159	{"coin_queued_offered": [160], "coin_queued_offered_any": [160]}	ON THE BOARD	{}	{}	no	no	yes
8	km3	13	91	23100130091	state	84	11	83	{"coin_queued_offered": [84], "coin_queued_offered_any": [84]}	ON THE BOARD	{}	{}	no	no	yes
8	km3	13	94	23100130094	lookahead	77	10	77	{}	LOOKAHEAD ONLY, both halves hold	{"cut": null, "free": true, "queued": 2, "tick": 77}	{"built": null, "tick": 77}	no	no	yes
8	km3	13	96	23100130096	state	41	5	40	{"coin_queued_offered": [41], "coin_queued_offered_any": [41]}	ON THE BOARD	{}	{}	no	no	yes
8	km3	13	102	23100130102	lookahead	161	24	161	{}	LOOKAHEAD ONLY, both halves hold	{"cut": null, "free": true, "queued": 2, "tick": 161}	{"built": null, "tick": 161}	yes	yes	yes
8	km3	13	105	23100130105	lookahead	151	23	151	{}	LOOKAHEAD ONLY, both halves hold	{"cut": null, "free": true, "queued": 3, "tick": 151}	{"built": null, "tick": 151}	no	no	yes
8	km3	13	106	23100130106	lookahead	96	14	96	{}	LOOKAHEAD ONLY, both halves hold	{"cut": null, "free": true, "queued": 2, "tick": 96}	{"built": null, "tick": 96}	no	no	yes
8	km3	13	109	23100130109	lookahead	92	11	92	{}	LOOKAHEAD ONLY, both halves hold	{"cut": null, "free": true, "queued": 2, "tick": 92}	{"built": null, "tick": 92}	yes	yes	yes
8	km3	13	112	23100130112	lookahead	136	20	136	{}	LOOKAHEAD ONLY, both halves hold	{"cut": null, "free": true, "queued": 2, "tick": 136}	{"built": null, "tick": 136}	yes	yes	yes
8	km3	13	115	23100130115	lookahead	126	18	126	{}	LOOKAHEAD ONLY, both halves hold	{"cut": null, "free": true, "queued": 3, "tick": 126}	{"built": null, "tick": 126}	no	no	yes
8	km3	13	124	23100130124	lookahead	137	22	137	{}	LOOKAHEAD ONLY, both halves hold	{"cut": null, "free": true, "queued": 2, "tick": 137}	{"built": null, "tick": 137}	yes	yes	yes
8	km3	13	125	23100130125	state	84	10	83	{"coin_queued_offered": [84], "coin_queued_offered_any": [84]}	ON THE BOARD	{}	{}	no	no	yes
8	km3	13	127	23100130127	state	72	10	71	{"coin_queued_offered": [72], "coin_queued_offered_any": [72]}	ON THE BOARD	{}	{}	no	no	yes
8	km3	13	131	23100130131	state	149	20	148	{"coin_queued_offered": [149], "coin_queued_offered_any": [149]}	ON THE BOARD	{}	{}	no	no	yes
8	km3	13	137	23100130137	state	63	8	62	{"coin_queued_offered": [63], "coin_queued_offered_any": [63]}	ON THE BOARD	{}	{}	no	no	yes
8	km3	13	139	23100130139	state	145	20	144	{"coin_queued_offered": [145], "coin_queued_offered_any": [145]}	ON THE BOARD	{}	{}	no	no	yes
8	km3	13	144	23100130144	state	36	5	35	{"coin_queued_offered": [36], "coin_queued_offered_any": [36]}	ON THE BOARD	{}	{}	no	no	yes
8	km3	13	145	23100130145	state	127	16	126	{"coin_queued_offered": [127], "coin_queued_offered_any": [127]}	ON THE BOARD	{}	{}	no	no	yes
8	km3	13	149	23100130149	state	154	21	153	{"coin_queued_offered": [154], "coin_queued_offered_any": [154]}	ON THE BOARD	{}	{}	no	no	yes
8	km3	13	153	23100130153	state	44	6	43	{"coin_queued_offered": [44], "coin_queued_offered_any": [44]}	ON THE BOARD	{}	{}	no	no	yes
8	km3	13	158	23100130158	state	95	12	94	{"coin_queued_offered": [95], "coin_queued_offered_any": [95]}	ON THE BOARD	{}	{}	no	no	yes
8	km3	13	159	23100130159	state	103	14	102	{"coin_queued_offered": [103], "coin_queued_offered_any": [103]}	ON THE BOARD	{}	{}	no	no	yes
8	km3	13	172	23100130172	lookahead	121	18	121	{}	LOOKAHEAD ONLY, both halves hold	{"cut": null, "free": true, "queued": 3, "tick": 121}	{"built": null, "tick": 121}	no	no	yes
8	km3	13	178	23100130178	state	95	12	94	{"coin_queued_offered": [95], "coin_queued_offered_any": [95]}	ON THE BOARD	{}	{}	no	no	yes
8	km3	13	189	23100130189	lookahead	108	16	108	{}	LOOKAHEAD ONLY, both halves hold	{"cut": null, "free": true, "queued": 3, "tick": 108}	{"built": null, "tick": 108}	no	no	yes
8	km3	13	192	23100130192	state	87	10	86	{"coin_queued_offered": [87], "coin_queued_offered_any": [87]}	ON THE BOARD	{}	{}	no	no	yes
8	km3	13	209	23100130209	state	132	20	131	{"coin_queued_offered": [132], "coin_queued_offered_any": [132]}	ON THE BOARD	{}	{}	no	no	yes
8	km3	13	210	23100130210	state	158	23	157	{"coin_queued_offered": [158], "coin_queued_offered_any": [158]}	ON THE BOARD	{}	{}	no	no	yes
8	km3	13	211	23100130211	lookahead	123	19	123	{}	LOOKAHEAD ONLY, both halves hold	{"cut": null, "free": true, "queued": 3, "tick": 123}	{"built": null, "tick": 123}	no	no	yes
8	km3	13	215	23100130215	lookahead	124	17	124	{}	LOOKAHEAD ONLY, both halves hold	{"cut": null, "free": true, "queued": 2, "tick": 124}	{"built": null, "tick": 124}	no	no	yes
8	km3	13	221	23100130221	state	83	13	82	{"coin_queued_offered": [83], "coin_queued_offered_any": [83]}	ON THE BOARD	{}	{}	no	no	yes
8	km3	13	224	23100130224	lookahead	87	13	87	{}	LOOKAHEAD ONLY, both halves hold	{"cut": null, "free": true, "queued": 3, "tick": 87}	{"built": null, "tick": 87}	no	no	yes
8	km3	13	227	23100130227	state	53	8	52	{"coin_queued_offered": [53], "coin_queued_offered_any": [53]}	ON THE BOARD	{}	{}	no	no	yes
8	km3	13	228	23100130228	state	73	10	72	{"coin_queued_offered": [73], "coin_queued_offered_any": [73]}	ON THE BOARD	{}	{}	no	no	yes
8	km3	13	229	23100130229	state	90	13	89	{"coin_queued_offered": [90], "coin_queued_offered_any": [90]}	ON THE BOARD	{}	{}	no	no	yes
8	km3	13	230	23100130230	lookahead	90	12	90	{}	LOOKAHEAD ONLY, both halves hold	{"cut": null, "free": true, "queued": 2, "tick": 90}	{"built": null, "tick": 90}	no	no	yes
8	km3	13	238	23100130238	state	72	10	71	{"coin_queued_offered": [72], "coin_queued_offered_any": [72]}	ON THE BOARD	{}	{}	no	no	yes
8	km3	13	242	23100130242	state	115	15	114	{"coin_queued_offered": [115], "coin_queued_offered_any": [115]}	ON THE BOARD	{}	{}	no	no	yes
8	km3	13	248	23100130248	lookahead	146	23	146	{}	LOOKAHEAD ONLY, both halves hold	{"cut": null, "free": true, "queued": 3, "tick": 146}	{"built": null, "tick": 146}	no	no	yes
8	km3	13	252	23100130252	lookahead	45	5	45	{}	LOOKAHEAD ONLY, both halves hold	{"cut": null, "free": true, "queued": 1, "tick": 45}	{"built": null, "tick": 45}	no	no	yes
8	km3	13	254	23100130254	lookahead	166	24	166	{}	LOOKAHEAD ONLY, both halves hold	{"cut": null, "free": true, "queued": 3, "tick": 166}	{"built": null, "tick": 166}	no	no	yes
8	km3	13	262	23100130262	state	111	15	110	{"coin_queued_offered": [111], "coin_queued_offered_any": [111]}	ON THE BOARD	{}	{}	no	no	yes
8	km3	13	269	23100130269	state	145	20	144	{"coin_queued_offered": [145], "coin_queued_offered_any": [145]}	ON THE BOARD	{}	{}	no	no	yes
8	km3	13	274	23100130274	state	173	25	172	{"coin_queued_offered": [173], "coin_queued_offered_any": [173]}	ON THE BOARD	{}	{}	no	no	yes
8	km3	13	278	23100130278	lookahead	39	7	39	{}	LOOKAHEAD ONLY, both halves hold	{"cut": null, "free": true, "queued": 1, "tick": 39}	{"built": null, "tick": 39}	no	no	yes
8	km3	13	288	23100130288	lookahead	112	15	112	{}	LOOKAHEAD ONLY, both halves hold	{"cut": null, "free": true, "queued": 3, "tick": 112}	{"built": null, "tick": 112}	no	no	yes
8	km3	13	290	23100130290	lookahead	101	13	101	{}	LOOKAHEAD ONLY, both halves hold	{"cut": null, "free": true, "queued": 3, "tick": 101}	{"built": null, "tick": 101}	no	no	yes
8	km3	13	298	23100130298	lookahead	67	10	67	{}	LOOKAHEAD ONLY, both halves hold	{"cut": null, "free": true, "queued": 1, "tick": 67}	{"built": null, "tick": 67}	no	no	yes
8	km3	13	302	23100130302	state	168	24	167	{"coin_queued_offered": [168], "coin_queued_offered_any": [168]}	ON THE BOARD	{}	{}	no	no	yes
8	km3	13	309	23100130309	state	71	10	70	{"coin_queued_offered": [71], "coin_queued_offered_any": [71]}	ON THE BOARD	{}	{}	no	no	yes
8	km3	13	311	23100130311	state	44	6	43	{"coin_queued_offered": [44], "coin_queued_offered_any": [44]}	ON THE BOARD	{}	{}	no	no	yes
8	km3	13	317	23100130317	state	115	16	114	{"coin_queued_offered": [115], "coin_queued_offered_any": [115]}	ON THE BOARD	{}	{}	no	no	yes
8	km3	13	323	23100130323	state	43	6	42	{"coin_queued_offered": [43], "coin_queued_offered_any": [43]}	ON THE BOARD	{}	{}	no	no	yes
8	km3	13	335	23100130335	state	136	20	135	{"coin_queued_offered": [136], "coin_queued_offered_any": [136]}	ON THE BOARD	{}	{}	no	no	yes
8	km3	13	337	23100130337	state	170	24	169	{"coin_queued_offered": [170], "coin_queued_offered_any": [170]}	ON THE BOARD	{}	{}	no	no	yes
8	km3	13	338	23100130338	lookahead	117	17	117	{}	LOOKAHEAD ONLY, both halves hold	{"cut": null, "free": true, "queued": 3, "tick": 117}	{"built": null, "tick": 117}	no	no	yes
8	km3	13	341	23100130341	lookahead	110	15	110	{}	LOOKAHEAD ONLY, both halves hold	{"cut": null, "free": true, "queued": 1, "tick": 110}	{"built": null, "tick": 110}	no	no	yes
8	km3	13	342	23100130342	state	86	12	85	{"coin_queued_offered": [86], "coin_queued_offered_any": [86]}	ON THE BOARD	{}	{}	no	no	yes
8	km3	13	348	23100130348	state	35	4	34	{"coin_queued_offered": [35], "coin_queued_offered_any": [35]}	ON THE BOARD	{}	{}	no	no	yes
8	km3	13	360	23100130360	state	52	7	51	{"coin_queued_offered": [52], "coin_queued_offered_any": [52]}	ON THE BOARD	{}	{}	no	no	yes
8	km3	13	365	23100130365	state	52	7	51	{"coin_queued_offered": [52], "coin_queued_offered_any": [52]}	ON THE BOARD	{}	{}	no	no	yes
8	km3	13	368	23100130368	state	43	5	42	{"coin_queued_offered": [43], "coin_queued_offered_any": [43]}	ON THE BOARD	{}	{}	no	no	yes
8	km3	13	370	23100130370	state	130	19	129	{"coin_queued_offered": [130], "coin_queued_offered_any": [130]}	ON THE BOARD	{}	{}	no	no	yes
8	km3	13	373	23100130373	state	170	24	169	{"coin_queued_offered": [170], "coin_queued_offered_any": [170]}	ON THE BOARD	{}	{}	no	no	yes
8	km3	13	375	23100130375	state	169	25	168	{"coin_queued_offered": [169], "coin_queued_offered_any": [169]}	ON THE BOARD	{}	{}	no	no	yes
8	km3	13	376	23100130376	lookahead	96	14	96	{}	LOOKAHEAD ONLY, both halves hold	{"cut": null, "free": true, "queued": 2, "tick": 96}	{"built": null, "tick": 96}	yes	yes	yes
8	km3	13	377	23100130377	state	45	7	44	{"coin_queued_offered": [45], "coin_queued_offered_any": [45]}	ON THE BOARD	{}	{}	no	no	yes
8	km3	13	382	23100130382	lookahead	58	10	58	{}	LOOKAHEAD ONLY, both halves hold	{"cut": null, "free": true, "queued": 2, "tick": 58}	{"built": null, "tick": 58}	no	no	yes
8	km3	13	388	23100130388	state	73	9	72	{"coin_queued_offered": [73], "coin_queued_offered_any": [73]}	ON THE BOARD	{}	{}	no	no	yes
8	km3	13	400	23100130400	lookahead	122	17	122	{}	LOOKAHEAD ONLY, both halves hold	{"cut": null, "free": true, "queued": 3, "tick": 122}	{"built": null, "tick": 122}	no	no	yes
8	km3	13	424	23100130424	state	68	10	67	{"coin_queued_offered": [68], "coin_queued_offered_any": [68]}	ON THE BOARD	{}	{}	no	no	yes
8	km3	13	426	23100130426	state	175	25	174	{"coin_queued_offered": [175], "coin_queued_offered_any": [175]}	ON THE BOARD	{}	{}	no	no	yes
8	km3	13	433	23100130433	state	143	19	142	{"coin_queued_offered": [143], "coin_queued_offered_any": [143]}	ON THE BOARD	{}	{}	no	no	yes
8	km3	13	437	23100130437	state	95	11	94	{"coin_queued_offered": [95], "coin_queued_offered_any": [95]}	ON THE BOARD	{}	{}	no	no	yes
8	km3	13	443	23100130443	state	159	24	158	{"coin_queued_offered": [159], "coin_queued_offered_any": [159]}	ON THE BOARD	{}	{}	no	no	yes
8	km3	13	453	23100130453	state	162	23	161	{"coin_queued_offered": [162], "coin_queued_offered_any": [162]}	ON THE BOARD	{}	{}	no	no	yes
8	km3	13	464	23100130464	state	80	11	79	{"coin_queued_offered": [80], "coin_queued_offered_any": [80]}	ON THE BOARD	{}	{}	no	no	yes
8	km3	13	477	23100130477	lookahead	168	25	168	{}	LOOKAHEAD ONLY, both halves hold	{"cut": null, "free": true, "queued": 2, "tick": 168}	{"built": null, "tick": 168}	yes	yes	yes
8	km3	13	478	23100130478	state	63	10	62	{"coin_queued_offered": [63], "coin_queued_offered_any": [63]}	ON THE BOARD	{}	{}	no	no	yes
8	km3	13	481	23100130481	state	40	6	39	{"coin_queued_offered": [40], "coin_queued_offered_any": [40]}	ON THE BOARD	{}	{}	no	no	yes
8	km3	13	492	23100130492	state	41	6	40	{"coin_queued_offered": [41], "coin_queued_offered_any": [41]}	ON THE BOARD	{}	{}	no	no	yes
8	km3	14	0	23100140000	state	63	8	62	{"coin_queued_offered": [63], "coin_queued_offered_any": [63]}	ON THE BOARD	{}	{}	no	no	yes
8	km3	14	2	23100140002	state	94	13	93	{"coin_queued_offered": [94], "coin_queued_offered_any": [94]}	ON THE BOARD	{}	{}	no	no	yes
8	km3	14	3	23100140003	state	51	6	50	{"coin_queued_offered": [51], "coin_queued_offered_any": [51]}	ON THE BOARD	{}	{}	no	no	yes
8	km3	14	4	23100140004	state	88	12	87	{"coin_queued_offered": [88], "coin_queued_offered_any": [88]}	ON THE BOARD	{}	{}	no	no	yes
8	km3	14	5	23100140005	state	71	9	70	{"coin_queued_offered": [71], "coin_queued_offered_any": [71]}	ON THE BOARD	{}	{}	no	no	yes
8	km3	14	6	23100140006	lookahead	88	12	88	{}	LOOKAHEAD ONLY, both halves hold	{"cut": null, "free": false, "queued": 2, "tick": 88}	{"built": null, "tick": 88}	no	no	yes
8	km3	14	7	23100140007	state	78	9	77	{"coin_queued_offered": [78], "coin_queued_offered_any": [78]}	ON THE BOARD	{}	{}	no	no	yes
8	km3	14	8	23100140008	lookahead	51	8	51	{}	LOOKAHEAD ONLY, both halves hold	{"cut": null, "free": false, "queued": 1, "tick": 51}	{"built": null, "tick": 51}	no	no	yes
8	km3	14	9	23100140009	state	25	4	24	{"coin_queued_offered": [25], "coin_queued_offered_any": [25]}	ON THE BOARD	{}	{}	no	no	yes
8	km3	14	10	23100140010	state	50	6	49	{"coin_queued_offered": [50], "coin_queued_offered_any": [50]}	ON THE BOARD	{}	{}	no	no	yes
8	km3	14	11	23100140011	state	38	5	37	{"coin_queued_offered": [38], "coin_queued_offered_any": [38]}	ON THE BOARD	{}	{}	no	no	yes
8	km3	14	12	23100140012	lookahead	59	8	59	{}	LOOKAHEAD ONLY, both halves hold	{"cut": null, "free": false, "queued": 1, "tick": 59}	{"built": null, "tick": 59}	no	no	yes
8	km3	14	13	23100140013	state	60	7	59	{"coin_queued_offered": [60], "coin_queued_offered_any": [60]}	ON THE BOARD	{}	{}	no	no	yes
8	km3	14	14	23100140014	state	91	11	90	{"coin_queued_offered": [91], "coin_queued_offered_any": [91]}	ON THE BOARD	{}	{}	no	no	yes
8	km3	14	15	23100140015	state	75	11	74	{"coin_queued_offered": [75], "coin_queued_offered_any": [75]}	ON THE BOARD	{}	{}	no	no	yes
8	km3	14	16	23100140016	state	90	11	89	{"coin_queued_offered": [90], "coin_queued_offered_any": [90]}	ON THE BOARD	{}	{}	no	no	yes
8	km3	14	17	23100140017	state	70	9	69	{"coin_queued_offered": [70], "coin_queued_offered_any": [70]}	ON THE BOARD	{}	{}	no	no	yes
8	km3	14	18	23100140018	state	65	9	64	{"coin_queued_offered": [65], "coin_queued_offered_any": [65]}	ON THE BOARD	{}	{}	no	no	yes
8	km3	14	19	23100140019	lookahead	67	9	67	{}	LOOKAHEAD ONLY, both halves hold	{"cut": null, "free": false, "queued": 1, "tick": 67}	{"built": null, "tick": 67}	no	no	yes
8	km3	14	20	23100140020	lookahead	63	10	63	{}	LOOKAHEAD ONLY, both halves hold	{"cut": null, "free": false, "queued": 2, "tick": 63}	{"built": null, "tick": 63}	no	no	yes
8	km3	14	21	23100140021	state	64	7	63	{"coin_queued_offered": [64], "coin_queued_offered_any": [64]}	ON THE BOARD	{}	{}	no	no	yes
8	km3	14	22	23100140022	lookahead	88	11	88	{}	LOOKAHEAD ONLY, both halves hold	{"cut": null, "free": false, "queued": 1, "tick": 88}	{"built": null, "tick": 88}	no	no	yes
8	km3	14	24	23100140024	state	29	4	28	{"coin_queued_offered": [29], "coin_queued_offered_any": [29]}	ON THE BOARD	{}	{}	no	no	yes
8	km3	14	25	23100140025	state	58	7	57	{"coin_queued_offered": [58], "coin_queued_offered_any": [58]}	ON THE BOARD	{}	{}	no	no	yes
8	km3	14	26	23100140026	state	46	6	45	{"coin_queued_offered": [46], "coin_queued_offered_any": [46]}	ON THE BOARD	{}	{}	no	no	yes
8	km3	14	27	23100140027	state	65	10	64	{"coin_queued_offered": [65], "coin_queued_offered_any": [65]}	ON THE BOARD	{}	{}	no	no	yes
8	km3	14	28	23100140028	lookahead	59	8	59	{}	LOOKAHEAD ONLY, both halves hold	{"cut": null, "free": false, "queued": 2, "tick": 59}	{"built": null, "tick": 59}	no	no	yes
8	km3	14	30	23100140030	lookahead	58	8	58	{}	LOOKAHEAD ONLY, both halves hold	{"cut": null, "free": false, "queued": 1, "tick": 58}	{"built": null, "tick": 58}	no	no	yes
8	km3	14	32	23100140032	lookahead	56	9	56	{}	LOOKAHEAD ONLY, both halves hold	{"cut": null, "free": false, "queued": 1, "tick": 56}	{"built": null, "tick": 56}	no	no	yes
8	km3	14	33	23100140033	lookahead	76	9	76	{}	LOOKAHEAD ONLY, both halves hold	{"cut": null, "free": false, "queued": 2, "tick": 76}	{"built": null, "tick": 76}	no	no	yes
8	km3	14	34	23100140034	state	101	14	100	{"coin_queued_offered": [101], "coin_queued_offered_any": [101]}	ON THE BOARD	{}	{}	no	no	yes
8	km3	14	35	23100140035	state	47	6	46	{"coin_queued_offered": [47], "coin_queued_offered_any": [47]}	ON THE BOARD	{}	{}	no	no	yes
8	km3	14	36	23100140036	lookahead	52	8	52	{}	LOOKAHEAD ONLY, both halves hold	{"cut": null, "free": false, "queued": 2, "tick": 52}	{"built": null, "tick": 52}	no	no	yes
8	km3	14	38	23100140038	lookahead	101	13	101	{}	LOOKAHEAD ONLY, both halves hold	{"cut": null, "free": false, "queued": 1, "tick": 101}	{"built": null, "tick": 101}	no	no	yes
8	km3	14	39	23100140039	state	78	11	77	{"coin_queued_offered": [78], "coin_queued_offered_any": [78]}	ON THE BOARD	{}	{}	no	no	yes
8	km3	14	40	23100140040	lookahead	75	10	75	{}	LOOKAHEAD ONLY, both halves hold	{"cut": null, "free": false, "queued": 1, "tick": 75}	{"built": null, "tick": 75}	no	no	yes
8	km3	14	41	23100140041	state	38	5	37	{"coin_queued_offered": [38], "coin_queued_offered_any": [38]}	ON THE BOARD	{}	{}	no	no	yes
8	km3	14	42	23100140042	lookahead	82	12	82	{}	LOOKAHEAD ONLY, both halves hold	{"cut": null, "free": false, "queued": 1, "tick": 82}	{"built": null, "tick": 82}	no	no	yes
8	km3	14	44	23100140044	lookahead	79	11	79	{}	LOOKAHEAD ONLY, both halves hold	{"cut": null, "free": false, "queued": 1, "tick": 79}	{"built": null, "tick": 79}	no	no	yes
8	km3	14	45	23100140045	lookahead	99	13	99	{}	LOOKAHEAD ONLY, both halves hold	{"cut": null, "free": false, "queued": 2, "tick": 99}	{"built": null, "tick": 99}	no	no	yes
8	km3	14	46	23100140046	state	49	6	48	{"coin_queued_offered": [49], "coin_queued_offered_any": [49]}	ON THE BOARD	{}	{}	no	no	yes
8	km3	14	47	23100140047	lookahead	101	13	101	{}	LOOKAHEAD ONLY, both halves hold	{"cut": null, "free": false, "queued": 1, "tick": 101}	{"built": null, "tick": 101}	no	no	yes
8	km3	14	48	23100140048	lookahead	79	10	79	{}	LOOKAHEAD ONLY, both halves hold	{"cut": null, "free": false, "queued": 2, "tick": 79}	{"built": null, "tick": 79}	yes	yes	yes
8	km3	14	49	23100140049	state	48	6	47	{"coin_queued_offered": [48], "coin_queued_offered_any": [48]}	ON THE BOARD	{}	{}	no	no	yes
8	km3	14	50	23100140050	state	89	13	88	{"coin_queued_offered": [89], "coin_queued_offered_any": [89]}	ON THE BOARD	{}	{}	no	no	yes
8	km3	14	51	23100140051	lookahead	60	9	60	{}	LOOKAHEAD ONLY, both halves hold	{"cut": null, "free": false, "queued": 2, "tick": 60}	{"built": null, "tick": 60}	no	no	yes
8	km3	14	52	23100140052	state	87	12	86	{"coin_queued_offered": [87], "coin_queued_offered_any": [87]}	ON THE BOARD	{}	{}	no	no	yes
8	km3	14	53	23100140053	state	40	5	39	{"coin_queued_offered": [40], "coin_queued_offered_any": [40]}	ON THE BOARD	{}	{}	no	no	yes
8	km3	14	54	23100140054	state	51	6	50	{"coin_queued_offered": [51], "coin_queued_offered_any": [51]}	ON THE BOARD	{}	{}	no	no	yes
8	km3	14	56	23100140056	state	57	7	56	{"coin_queued_offered": [57], "coin_queued_offered_any": [57]}	ON THE BOARD	{}	{}	no	no	yes
8	km3	14	57	23100140057	state	76	10	75	{"coin_queued_offered": [76], "coin_queued_offered_any": [76]}	ON THE BOARD	{}	{}	no	no	yes
8	km3	14	58	23100140058	lookahead	29	4	29	{}	LOOKAHEAD ONLY, both halves hold	{"cut": null, "free": false, "queued": 1, "tick": 29}	{"built": null, "tick": 29}	no	no	yes
8	km3	14	59	23100140059	state	53	7	52	{"coin_queued_offered": [53], "coin_queued_offered_any": [53]}	ON THE BOARD	{}	{}	no	no	yes
8	km3	14	60	23100140060	state	40	5	39	{"coin_queued_offered": [40], "coin_queued_offered_any": [40]}	ON THE BOARD	{}	{}	no	no	yes
8	km3	14	61	23100140061	lookahead	65	8	65	{}	LOOKAHEAD ONLY, both halves hold	{"cut": null, "free": false, "queued": 1, "tick": 65}	{"built": null, "tick": 65}	no	no	yes
8	km3	14	62	23100140062	state	47	6	46	{"coin_queued_offered": [47], "coin_queued_offered_any": [47]}	ON THE BOARD	{}	{}	no	no	yes
8	km3	14	63	23100140063	state	60	7	59	{"coin_queued_offered": [60], "coin_queued_offered_any": [60]}	ON THE BOARD	{}	{}	no	no	yes
8	km3	14	64	23100140064	state	37	5	36	{"coin_queued_offered": [37], "coin_queued_offered_any": [37]}	ON THE BOARD	{}	{}	no	no	yes
8	km3	14	65	23100140065	state	65	7	64	{"coin_queued_offered": [65], "coin_queued_offered_any": [65]}	ON THE BOARD	{}	{}	no	no	yes
8	km3	14	66	23100140066	lookahead	105	13	105	{}	LOOKAHEAD ONLY, both halves hold	{"cut": null, "free": false, "queued": 1, "tick": 105}	{"built": null, "tick": 105}	no	no	yes
8	km3	14	67	23100140067	lookahead	63	9	63	{}	LOOKAHEAD ONLY, both halves hold	{"cut": null, "free": false, "queued": 2, "tick": 63}	{"built": null, "tick": 63}	no	no	yes
8	km3	14	68	23100140068	state	41	5	40	{"coin_queued_offered": [41], "coin_queued_offered_any": [41]}	ON THE BOARD	{}	{}	no	no	yes
8	km3	14	69	23100140069	lookahead	61	9	61	{}	LOOKAHEAD ONLY, both halves hold	{"cut": null, "free": false, "queued": 2, "tick": 61}	{"built": null, "tick": 61}	no	no	yes
8	km3	14	70	23100140070	state	81	11	80	{"coin_queued_offered": [81], "coin_queued_offered_any": [81]}	ON THE BOARD	{}	{}	no	no	yes
8	km3	14	71	23100140071	state	41	5	40	{"coin_queued_offered": [41], "coin_queued_offered_any": [41]}	ON THE BOARD	{}	{}	no	no	yes
8	km3	14	72	23100140072	lookahead	87	11	87	{}	LOOKAHEAD ONLY, both halves hold	{"cut": null, "free": false, "queued": 2, "tick": 87}	{"built": null, "tick": 87}	no	no	yes
8	km3	14	73	23100140073	lookahead	89	13	89	{}	LOOKAHEAD ONLY, both halves hold	{"cut": null, "free": false, "queued": 1, "tick": 89}	{"built": null, "tick": 89}	no	no	yes
8	km3	14	74	23100140074	state	99	14	98	{"coin_queued_offered": [99], "coin_queued_offered_any": [99]}	ON THE BOARD	{}	{}	no	no	yes
8	km3	14	76	23100140076	lookahead	100	13	100	{}	LOOKAHEAD ONLY, both halves hold	{"cut": null, "free": false, "queued": 2, "tick": 100}	{"built": null, "tick": 100}	no	no	yes
8	km3	14	77	23100140077	state	50	7	49	{"coin_queued_offered": [50], "coin_queued_offered_any": [50]}	ON THE BOARD	{}	{}	no	no	yes
8	km3	14	78	23100140078	state	51	7	50	{"coin_queued_offered": [51], "coin_queued_offered_any": [51]}	ON THE BOARD	{}	{}	no	no	yes
8	km3	14	79	23100140079	state	85	12	84	{"coin_queued_offered": [85], "coin_queued_offered_any": [85]}	ON THE BOARD	{}	{}	no	no	yes
8	km3	14	80	23100140080	state	57	6	56	{"coin_queued_offered": [57], "coin_queued_offered_any": [57]}	ON THE BOARD	{}	{}	no	no	yes
8	km3	14	81	23100140081	state	53	7	52	{"coin_queued_offered": [53], "coin_queued_offered_any": [53]}	ON THE BOARD	{}	{}	no	no	yes
8	km3	14	82	23100140082	state	64	8	63	{"coin_queued_offered": [64], "coin_queued_offered_any": [64]}	ON THE BOARD	{}	{}	no	no	yes
8	km3	14	83	23100140083	state	70	9	69	{"coin_queued_offered": [70], "coin_queued_offered_any": [70]}	ON THE BOARD	{}	{}	no	no	yes
8	km3	14	85	23100140085	state	57	9	56	{"coin_queued_offered": [57], "coin_queued_offered_any": [57]}	ON THE BOARD	{}	{}	no	no	yes
8	km3	14	86	23100140086	state	60	8	59	{"coin_queued_offered": [60], "coin_queued_offered_any": [60]}	ON THE BOARD	{}	{}	no	no	yes
8	km3	14	87	23100140087	lookahead	71	9	71	{}	LOOKAHEAD ONLY, both halves hold	{"cut": null, "free": false, "queued": 2, "tick": 71}	{"built": null, "tick": 71}	no	no	yes
8	km3	14	89	23100140089	state	37	5	36	{"coin_queued_offered": [37], "coin_queued_offered_any": [37]}	ON THE BOARD	{}	{}	no	no	yes
8	km3	14	90	23100140090	state	100	13	99	{"coin_queued_offered": [100], "coin_queued_offered_any": [100]}	ON THE BOARD	{}	{}	no	no	yes
8	km3	14	91	23100140091	state	101	13	100	{"coin_queued_offered": [101], "coin_queued_offered_any": [101]}	ON THE BOARD	{}	{}	no	no	yes
8	km3	14	92	23100140092	lookahead	91	13	91	{}	LOOKAHEAD ONLY, both halves hold	{"cut": null, "free": false, "queued": 1, "tick": 91}	{"built": null, "tick": 91}	no	no	yes
8	km3	14	93	23100140093	state	98	15	97	{"coin_queued_offered": [98], "coin_queued_offered_any": [98]}	ON THE BOARD	{}	{}	no	no	yes
8	km3	14	94	23100140094	state	75	10	74	{"coin_queued_offered": [75], "coin_queued_offered_any": [75]}	ON THE BOARD	{}	{}	no	no	yes
8	km3	14	97	23100140097	lookahead	66	9	66	{}	LOOKAHEAD ONLY, both halves hold	{"cut": null, "free": false, "queued": 2, "tick": 66}	{"built": null, "tick": 66}	yes	yes	yes
8	km3	14	98	23100140098	lookahead	91	11	91	{}	LOOKAHEAD ONLY, both halves hold	{"cut": null, "free": false, "queued": 1, "tick": 91}	{"built": null, "tick": 91}	no	no	yes
8	km3	14	100	23100140100	state	37	5	36	{"coin_queued_offered": [37], "coin_queued_offered_any": [37]}	ON THE BOARD	{}	{}	no	no	yes
8	km3	14	101	23100140101	state	48	6	47	{"coin_queued_offered": [48], "coin_queued_offered_any": [48]}	ON THE BOARD	{}	{}	no	no	yes
8	km3	14	102	23100140102	state	57	8	56	{"coin_queued_offered": [57], "coin_queued_offered_any": [57]}	ON THE BOARD	{}	{}	no	no	yes
8	km3	14	103	23100140103	state	47	8	46	{"coin_queued_offered": [47], "coin_queued_offered_any": [47]}	ON THE BOARD	{}	{}	no	no	yes
8	km3	14	104	23100140104	lookahead	61	8	61	{}	LOOKAHEAD ONLY, both halves hold	{"cut": null, "free": false, "queued": 2, "tick": 61}	{"built": null, "tick": 61}	no	no	yes
8	km3	14	105	23100140105	state	82	11	81	{"coin_queued_offered": [82], "coin_queued_offered_any": [82]}	ON THE BOARD	{}	{}	no	no	yes
8	km3	14	106	23100140106	state	46	6	45	{"coin_queued_offered": [46], "coin_queued_offered_any": [46]}	ON THE BOARD	{}	{}	no	no	yes
8	km3	14	107	23100140107	state	48	6	47	{"coin_queued_offered": [48], "coin_queued_offered_any": [48]}	ON THE BOARD	{}	{}	no	no	yes
8	km3	14	109	23100140109	state	75	10	74	{"coin_queued_offered": [75], "coin_queued_offered_any": [75]}	ON THE BOARD	{}	{}	no	no	yes
8	km3	14	110	23100140110	state	52	6	51	{"coin_queued_offered": [52], "coin_queued_offered_any": [52]}	ON THE BOARD	{}	{}	no	no	yes
8	km3	14	111	23100140111	state	57	7	56	{"coin_queued_offered": [57], "coin_queued_offered_any": [57]}	ON THE BOARD	{}	{}	no	no	yes
8	km3	14	112	23100140112	lookahead	76	9	76	{}	LOOKAHEAD ONLY, both halves hold	{"cut": null, "free": false, "queued": 1, "tick": 76}	{"built": null, "tick": 76}	no	no	yes
8	km3	14	113	23100140113	state	91	13	90	{"coin_queued_offered": [91], "coin_queued_offered_any": [91]}	ON THE BOARD	{}	{}	no	no	yes
8	km3	14	114	23100140114	state	82	11	81	{"coin_queued_offered": [82], "coin_queued_offered_any": [82]}	ON THE BOARD	{}	{}	no	no	yes
8	km3	14	115	23100140115	lookahead	67	9	67	{}	LOOKAHEAD ONLY, both halves hold	{"cut": null, "free": false, "queued": 1, "tick": 67}	{"built": null, "tick": 67}	no	no	yes
8	km3	14	116	23100140116	state	61	8	60	{"coin_queued_offered": [61], "coin_queued_offered_any": [61]}	ON THE BOARD	{}	{}	no	no	yes
8	km3	14	117	23100140117	lookahead	86	11	86	{}	LOOKAHEAD ONLY, both halves hold	{"cut": null, "free": false, "queued": 2, "tick": 86}	{"built": null, "tick": 86}	no	no	yes
8	km3	14	118	23100140118	state	51	7	50	{"coin_queued_offered": [51], "coin_queued_offered_any": [51]}	ON THE BOARD	{}	{}	no	no	yes
8	km3	14	119	23100140119	lookahead	64	10	64	{}	LOOKAHEAD ONLY, both halves hold	{"cut": null, "free": false, "queued": 1, "tick": 64}	{"built": null, "tick": 64}	no	no	yes
8	km3	14	121	23100140121	state	36	6	35	{"coin_queued_offered": [36], "coin_queued_offered_any": [36]}	ON THE BOARD	{}	{}	no	no	yes
8	km3	14	122	23100140122	state	53	6	52	{"coin_queued_offered": [53], "coin_queued_offered_any": [53]}	ON THE BOARD	{}	{}	no	no	yes
8	km3	14	123	23100140123	lookahead	92	12	92	{}	LOOKAHEAD ONLY, both halves hold	{"cut": null, "free": false, "queued": 1, "tick": 92}	{"built": null, "tick": 92}	no	no	yes
8	km3	14	124	23100140124	state	51	6	50	{"coin_queued_offered": [51], "coin_queued_offered_any": [51]}	ON THE BOARD	{}	{}	no	no	yes
8	km3	14	125	23100140125	lookahead	105	14	105	{}	LOOKAHEAD ONLY, both halves hold	{"cut": null, "free": false, "queued": 1, "tick": 105}	{"built": null, "tick": 105}	no	no	yes
8	km3	14	126	23100140126	lookahead	107	13	107	{}	LOOKAHEAD ONLY, both halves hold	{"cut": null, "free": false, "queued": 2, "tick": 107}	{"built": null, "tick": 107}	no	no	yes
8	km3	14	127	23100140127	lookahead	74	9	74	{}	LOOKAHEAD ONLY, both halves hold	{"cut": null, "free": false, "queued": 2, "tick": 74}	{"built": null, "tick": 74}	no	no	yes
8	km3	14	128	23100140128	lookahead	55	8	55	{}	LOOKAHEAD ONLY, both halves hold	{"cut": null, "free": false, "queued": 2, "tick": 55}	{"built": null, "tick": 55}	yes	yes	yes
8	km3	14	129	23100140129	lookahead	93	13	93	{}	LOOKAHEAD ONLY, both halves hold	{"cut": null, "free": false, "queued": 1, "tick": 93}	{"built": null, "tick": 93}	no	no	yes
8	km3	14	130	23100140130	state	59	7	58	{"coin_queued_offered": [59], "coin_queued_offered_any": [59]}	ON THE BOARD	{}	{}	no	no	yes
8	km3	14	132	23100140132	state	76	10	75	{"coin_queued_offered": [76], "coin_queued_offered_any": [76]}	ON THE BOARD	{}	{}	no	no	yes
8	km3	14	133	23100140133	state	39	4	38	{"coin_queued_offered": [39], "coin_queued_offered_any": [39]}	ON THE BOARD	{}	{}	no	no	yes
8	km3	14	134	23100140134	lookahead	64	9	64	{}	LOOKAHEAD ONLY, both halves hold	{"cut": null, "free": false, "queued": 1, "tick": 64}	{"built": null, "tick": 64}	no	no	yes
8	km3	14	136	23100140136	lookahead	51	6	51	{}	LOOKAHEAD ONLY, both halves hold	{"cut": null, "free": false, "queued": 1, "tick": 51}	{"built": null, "tick": 51}	no	no	yes
8	km3	14	137	23100140137	state	53	7	52	{"coin_queued_offered": [53], "coin_queued_offered_any": [53]}	ON THE BOARD	{}	{}	no	no	yes
8	km3	14	138	23100140138	state	95	11	94	{"coin_queued_offered": [95], "coin_queued_offered_any": [95]}	ON THE BOARD	{}	{}	no	no	yes
8	km3	14	139	23100140139	lookahead	74	10	74	{}	LOOKAHEAD ONLY, both halves hold	{"cut": null, "free": false, "queued": 1, "tick": 74}	{"built": null, "tick": 74}	no	no	yes
8	km3	14	140	23100140140	state	87	11	86	{"coin_queued_offered": [87], "coin_queued_offered_any": [87]}	ON THE BOARD	{}	{}	no	no	yes
8	km3	14	141	23100140141	lookahead	33	4	33	{}	LOOKAHEAD ONLY, both halves hold	{"cut": null, "free": false, "queued": 1, "tick": 33}	{"built": null, "tick": 33}	no	no	yes
8	km3	14	142	23100140142	lookahead	93	11	93	{}	LOOKAHEAD ONLY, both halves hold	{"cut": null, "free": false, "queued": 1, "tick": 93}	{"built": null, "tick": 93}	no	no	yes
8	km3	14	143	23100140143	state	81	11	80	{"coin_queued_offered": [81], "coin_queued_offered_any": [81]}	ON THE BOARD	{}	{}	no	no	yes
8	km3	14	144	23100140144	lookahead	84	10	84	{}	LOOKAHEAD ONLY, both halves hold	{"cut": null, "free": false, "queued": 2, "tick": 84}	{"built": null, "tick": 84}	no	no	yes
8	km3	14	145	23100140145	state	57	7	56	{"coin_queued_offered": [57], "coin_queued_offered_any": [57]}	ON THE BOARD	{}	{}	no	no	yes
8	km3	14	146	23100140146	state	87	13	86	{"coin_queued_offered": [87], "coin_queued_offered_any": [87]}	ON THE BOARD	{}	{}	no	no	yes
8	km3	14	148	23100140148	lookahead	55	7	55	{}	LOOKAHEAD ONLY, both halves hold	{"cut": null, "free": false, "queued": 1, "tick": 55}	{"built": null, "tick": 55}	no	no	yes
8	km3	14	149	23100140149	state	85	12	84	{"coin_queued_offered": [85], "coin_queued_offered_any": [85]}	ON THE BOARD	{}	{}	no	no	yes
8	km3	14	150	23100140150	lookahead	41	6	41	{}	LOOKAHEAD ONLY, both halves hold	{"cut": null, "free": false, "queued": 1, "tick": 41}	{"built": null, "tick": 41}	no	no	yes
8	km3	14	151	23100140151	lookahead	53	7	53	{}	LOOKAHEAD ONLY, both halves hold	{"cut": null, "free": false, "queued": 1, "tick": 53}	{"built": null, "tick": 53}	no	no	yes
8	km3	14	153	23100140153	state	55	7	54	{"coin_queued_offered": [55], "coin_queued_offered_any": [55]}	ON THE BOARD	{}	{}	no	no	yes
8	km3	14	154	23100140154	lookahead	52	8	52	{}	LOOKAHEAD ONLY, both halves hold	{"cut": null, "free": false, "queued": 1, "tick": 52}	{"built": null, "tick": 52}	no	no	yes
8	km3	14	155	23100140155	lookahead	77	11	77	{}	LOOKAHEAD ONLY, both halves hold	{"cut": null, "free": false, "queued": 2, "tick": 77}	{"built": null, "tick": 77}	no	no	yes
8	km3	14	156	23100140156	state	65	7	64	{"coin_queued_offered": [65], "coin_queued_offered_any": [65]}	ON THE BOARD	{}	{}	no	no	yes
8	km3	14	157	23100140157	state	55	7	54	{"coin_queued_offered": [55], "coin_queued_offered_any": [55]}	ON THE BOARD	{}	{}	no	no	yes
8	km3	14	159	23100140159	lookahead	74	9	74	{}	LOOKAHEAD ONLY, both halves hold	{"cut": null, "free": false, "queued": 2, "tick": 74}	{"built": null, "tick": 74}	no	no	yes
8	km3	14	160	23100140160	state	80	9	79	{"coin_queued_offered": [80], "coin_queued_offered_any": [80]}	ON THE BOARD	{}	{}	no	no	yes
8	km3	14	161	23100140161	lookahead	91	13	91	{}	LOOKAHEAD ONLY, both halves hold	{"cut": null, "free": false, "queued": 1, "tick": 91}	{"built": null, "tick": 91}	no	no	yes
8	km3	14	162	23100140162	lookahead	58	8	58	{}	LOOKAHEAD ONLY, both halves hold	{"cut": null, "free": false, "queued": 1, "tick": 58}	{"built": null, "tick": 58}	no	no	yes
8	km3	14	163	23100140163	state	45	5	44	{"coin_queued_offered": [45], "coin_queued_offered_any": [45]}	ON THE BOARD	{}	{}	no	no	yes
8	km3	14	164	23100140164	state	66	7	65	{"coin_queued_offered": [66], "coin_queued_offered_any": [66]}	ON THE BOARD	{}	{}	no	no	yes
8	km3	14	165	23100140165	state	54	6	53	{"coin_queued_offered": [54], "coin_queued_offered_any": [54]}	ON THE BOARD	{}	{}	no	no	yes
8	km3	14	166	23100140166	state	95	12	94	{"coin_queued_offered": [95], "coin_queued_offered_any": [95]}	ON THE BOARD	{}	{}	no	no	yes
8	km3	14	167	23100140167	state	91	13	90	{"coin_queued_offered": [91], "coin_queued_offered_any": [91]}	ON THE BOARD	{}	{}	no	no	yes
8	km3	14	168	23100140168	state	67	10	66	{"coin_queued_offered": [67], "coin_queued_offered_any": [67]}	ON THE BOARD	{}	{}	no	no	yes
8	km3	14	169	23100140169	lookahead	42	6	42	{}	LOOKAHEAD ONLY, both halves hold	{"cut": null, "free": false, "queued": 1, "tick": 42}	{"built": null, "tick": 42}	no	no	yes
8	km3	14	170	23100140170	state	101	15	100	{"coin_queued_offered": [101], "coin_queued_offered_any": [101]}	ON THE BOARD	{}	{}	no	no	yes
8	km3	14	171	23100140171	lookahead	45	6	45	{}	LOOKAHEAD ONLY, both halves hold	{"cut": null, "free": false, "queued": 1, "tick": 45}	{"built": null, "tick": 45}	no	no	yes
8	km3	14	172	23100140172	state	32	4	31	{"coin_queued_offered": [32], "coin_queued_offered_any": [32]}	ON THE BOARD	{}	{}	no	no	yes
8	km3	14	173	23100140173	state	94	12	93	{"coin_queued_offered": [94], "coin_queued_offered_any": [94]}	ON THE BOARD	{}	{}	no	no	yes
8	km3	14	174	23100140174	state	31	4	30	{"coin_queued_offered": [31], "coin_queued_offered_any": [31]}	ON THE BOARD	{}	{}	no	no	yes
8	km3	14	175	23100140175	state	59	8	58	{"coin_queued_offered": [59], "coin_queued_offered_any": [59]}	ON THE BOARD	{}	{}	no	no	yes
8	km3	14	176	23100140176	state	68	9	67	{"coin_queued_offered": [68], "coin_queued_offered_any": [68]}	ON THE BOARD	{}	{}	no	no	yes
8	km3	14	177	23100140177	lookahead	67	11	67	{}	LOOKAHEAD ONLY, both halves hold	{"cut": null, "free": false, "queued": 1, "tick": 67}	{"built": null, "tick": 67}	no	no	yes
8	km3	14	178	23100140178	lookahead	105	13	105	{}	LOOKAHEAD ONLY, both halves hold	{"cut": null, "free": false, "queued": 1, "tick": 105}	{"built": null, "tick": 105}	no	no	yes
8	km3	14	179	23100140179	lookahead	96	14	96	{}	LOOKAHEAD ONLY, both halves hold	{"cut": null, "free": false, "queued": 1, "tick": 96}	{"built": null, "tick": 96}	no	no	yes
8	km3	14	180	23100140180	lookahead	83	11	83	{}	LOOKAHEAD ONLY, both halves hold	{"cut": null, "free": false, "queued": 1, "tick": 83}	{"built": null, "tick": 83}	no	no	yes
8	km3	14	181	23100140181	lookahead	32	4	32	{}	LOOKAHEAD ONLY, both halves hold	{"cut": null, "free": false, "queued": 2, "tick": 32}	{"built": null, "tick": 32}	no	no	yes
8	km3	14	183	23100140183	state	77	10	76	{"coin_queued_offered": [77], "coin_queued_offered_any": [77]}	ON THE BOARD	{}	{}	no	no	yes
8	km3	14	184	23100140184	state	57	7	56	{"coin_queued_offered": [57], "coin_queued_offered_any": [57]}	ON THE BOARD	{}	{}	no	no	yes
8	km3	14	185	23100140185	state	54	6	53	{"coin_queued_offered": [54], "coin_queued_offered_any": [54]}	ON THE BOARD	{}	{}	no	no	yes
8	km3	14	186	23100140186	state	61	7	60	{"coin_queued_offered": [61], "coin_queued_offered_any": [61]}	ON THE BOARD	{}	{}	no	no	yes
8	km3	14	187	23100140187	state	73	10	72	{"coin_queued_offered": [73], "coin_queued_offered_any": [73]}	ON THE BOARD	{}	{}	no	no	yes
8	km3	14	188	23100140188	state	61	8	60	{"coin_queued_offered": [61], "coin_queued_offered_any": [61]}	ON THE BOARD	{}	{}	no	no	yes
8	km3	14	189	23100140189	lookahead	68	11	68	{}	LOOKAHEAD ONLY, both halves hold	{"cut": null, "free": false, "queued": 1, "tick": 68}	{"built": null, "tick": 68}	no	no	yes
8	km3	14	191	23100140191	state	59	8	58	{"coin_queued_offered": [59], "coin_queued_offered_any": [59]}	ON THE BOARD	{}	{}	no	no	yes
8	km3	14	192	23100140192	lookahead	86	11	86	{}	LOOKAHEAD ONLY, both halves hold	{"cut": null, "free": false, "queued": 2, "tick": 86}	{"built": null, "tick": 86}	no	no	yes
8	km3	14	194	23100140194	lookahead	59	8	59	{}	LOOKAHEAD ONLY, both halves hold	{"cut": null, "free": false, "queued": 2, "tick": 59}	{"built": null, "tick": 59}	no	no	yes
8	km3	14	195	23100140195	lookahead	46	7	46	{}	LOOKAHEAD ONLY, both halves hold	{"cut": null, "free": false, "queued": 1, "tick": 46}	{"built": null, "tick": 46}	no	no	yes
8	km3	14	197	23100140197	state	79	10	78	{"coin_queued_offered": [79], "coin_queued_offered_any": [79]}	ON THE BOARD	{}	{}	no	no	yes
8	km3	14	198	23100140198	lookahead	76	10	76	{}	LOOKAHEAD ONLY, both halves hold	{"cut": null, "free": false, "queued": 2, "tick": 76}	{"built": null, "tick": 76}	no	no	yes
8	km3	14	199	23100140199	lookahead	97	12	97	{}	LOOKAHEAD ONLY, both halves hold	{"cut": null, "free": false, "queued": 1, "tick": 97}	{"built": null, "tick": 97}	no	no	yes
8	km3	14	201	23100140201	lookahead	95	13	95	{}	LOOKAHEAD ONLY, both halves hold	{"cut": null, "free": false, "queued": 1, "tick": 95}	{"built": null, "tick": 95}	no	no	yes
8	km3	14	203	23100140203	state	49	6	48	{"coin_queued_offered": [49], "coin_queued_offered_any": [49]}	ON THE BOARD	{}	{}	no	no	yes
8	km3	14	204	23100140204	state	36	5	35	{"coin_queued_offered": [36], "coin_queued_offered_any": [36]}	ON THE BOARD	{}	{}	no	no	yes
8	km3	14	205	23100140205	lookahead	61	7	61	{}	LOOKAHEAD ONLY, both halves hold	{"cut": null, "free": false, "queued": 1, "tick": 61}	{"built": null, "tick": 61}	no	no	yes
8	km3	14	206	23100140206	lookahead	79	10	79	{}	LOOKAHEAD ONLY, both halves hold	{"cut": null, "free": false, "queued": 1, "tick": 79}	{"built": null, "tick": 79}	no	no	yes
8	km3	14	207	23100140207	state	36	5	35	{"coin_queued_offered": [36], "coin_queued_offered_any": [36]}	ON THE BOARD	{}	{}	no	no	yes
8	km3	14	210	23100140210	lookahead	65	9	65	{}	LOOKAHEAD ONLY, both halves hold	{"cut": null, "free": false, "queued": 1, "tick": 65}	{"built": null, "tick": 65}	no	no	yes
8	km3	14	211	23100140211	lookahead	36	6	36	{}	LOOKAHEAD ONLY, both halves hold	{"cut": null, "free": false, "queued": 1, "tick": 36}	{"built": null, "tick": 36}	no	no	yes
8	km3	14	212	23100140212	state	79	12	78	{"coin_queued_offered": [79], "coin_queued_offered_any": [79]}	ON THE BOARD	{}	{}	no	no	yes
8	km3	14	213	23100140213	state	81	10	80	{"coin_queued_offered": [81], "coin_queued_offered_any": [81]}	ON THE BOARD	{}	{}	no	no	yes
8	km3	14	214	23100140214	lookahead	52	8	52	{}	LOOKAHEAD ONLY, both halves hold	{"cut": null, "free": false, "queued": 1, "tick": 52}	{"built": null, "tick": 52}	no	no	yes
8	km3	14	216	23100140216	state	88	10	87	{"coin_queued_offered": [88], "coin_queued_offered_any": [88]}	ON THE BOARD	{}	{}	no	no	yes
8	km3	14	217	23100140217	lookahead	93	15	93	{}	LOOKAHEAD ONLY, both halves hold	{"cut": null, "free": false, "queued": 1, "tick": 93}	{"built": null, "tick": 93}	no	no	yes
8	km3	14	218	23100140218	state	57	8	56	{"coin_queued_offered": [57], "coin_queued_offered_any": [57]}	ON THE BOARD	{}	{}	no	no	yes
8	km3	14	219	23100140219	lookahead	72	10	72	{}	LOOKAHEAD ONLY, both halves hold	{"cut": null, "free": false, "queued": 2, "tick": 72}	{"built": null, "tick": 72}	yes	yes	yes
8	km3	14	220	23100140220	state	49	6	48	{"coin_queued_offered": [49], "coin_queued_offered_any": [49]}	ON THE BOARD	{}	{}	no	no	yes
8	km3	14	221	23100140221	lookahead	60	9	60	{}	LOOKAHEAD ONLY, both halves hold	{"cut": null, "free": false, "queued": 2, "tick": 60}	{"built": null, "tick": 60}	no	no	yes
8	km3	14	222	23100140222	lookahead	38	5	38	{}	LOOKAHEAD ONLY, both halves hold	{"cut": null, "free": false, "queued": 2, "tick": 38}	{"built": null, "tick": 38}	yes	yes	yes
8	km3	14	223	23100140223	lookahead	58	9	58	{}	LOOKAHEAD ONLY, both halves hold	{"cut": null, "free": false, "queued": 1, "tick": 58}	{"built": null, "tick": 58}	no	no	yes
8	km3	14	224	23100140224	state	37	4	36	{"coin_queued_offered": [37], "coin_queued_offered_any": [37]}	ON THE BOARD	{}	{}	no	no	yes
8	km3	14	225	23100140225	state	66	9	65	{"coin_queued_offered": [66], "coin_queued_offered_any": [66]}	ON THE BOARD	{}	{}	no	no	yes
8	km3	14	226	23100140226	state	31	4	30	{"coin_queued_offered": [31], "coin_queued_offered_any": [31]}	ON THE BOARD	{}	{}	no	no	yes
8	km3	14	227	23100140227	lookahead	57	9	57	{}	LOOKAHEAD ONLY, both halves hold	{"cut": null, "free": false, "queued": 2, "tick": 57}	{"built": null, "tick": 57}	no	no	yes
8	km3	14	228	23100140228	lookahead	107	13	107	{}	LOOKAHEAD ONLY, both halves hold	{"cut": null, "free": false, "queued": 1, "tick": 107}	{"built": null, "tick": 107}	no	no	yes
8	km3	14	229	23100140229	state	70	10	69	{"coin_queued_offered": [70], "coin_queued_offered_any": [70]}	ON THE BOARD	{}	{}	no	no	yes
8	km3	14	230	23100140230	lookahead	84	12	84	{}	LOOKAHEAD ONLY, both halves hold	{"cut": null, "free": false, "queued": 2, "tick": 84}	{"built": null, "tick": 84}	no	no	yes
8	km3	14	232	23100140232	state	82	11	81	{"coin_queued_offered": [82], "coin_queued_offered_any": [82]}	ON THE BOARD	{}	{}	no	no	yes
8	km3	14	233	23100140233	state	71	8	70	{"coin_queued_offered": [71], "coin_queued_offered_any": [71]}	ON THE BOARD	{}	{}	no	no	yes
8	km3	14	234	23100140234	state	41	5	40	{"coin_queued_offered": [41], "coin_queued_offered_any": [41]}	ON THE BOARD	{}	{}	no	no	yes
8	km3	14	235	23100140235	state	39	4	38	{"coin_queued_offered": [39], "coin_queued_offered_any": [39]}	ON THE BOARD	{}	{}	no	no	yes
8	km3	14	236	23100140236	state	38	6	37	{"coin_queued_offered": [38], "coin_queued_offered_any": [38]}	ON THE BOARD	{}	{}	no	no	yes
8	km3	14	237	23100140237	state	76	10	75	{"coin_queued_offered": [76], "coin_queued_offered_any": [76]}	ON THE BOARD	{}	{}	no	no	yes
8	km3	14	238	23100140238	state	42	5	41	{"coin_queued_offered": [42], "coin_queued_offered_any": [42]}	ON THE BOARD	{}	{}	no	no	yes
8	km3	14	239	23100140239	state	79	9	78	{"coin_queued_offered": [79], "coin_queued_offered_any": [79]}	ON THE BOARD	{}	{}	no	no	yes
8	km3	14	240	23100140240	state	50	7	49	{"coin_queued_offered": [50], "coin_queued_offered_any": [50]}	ON THE BOARD	{}	{}	no	no	yes
8	km3	14	241	23100140241	state	52	6	51	{"coin_queued_offered": [52], "coin_queued_offered_any": [52]}	ON THE BOARD	{}	{}	no	no	yes
8	km3	14	242	23100140242	lookahead	59	8	59	{}	LOOKAHEAD ONLY, both halves hold	{"cut": null, "free": false, "queued": 2, "tick": 59}	{"built": null, "tick": 59}	no	no	yes
8	km3	14	244	23100140244	state	58	7	57	{"coin_queued_offered": [58], "coin_queued_offered_any": [58]}	ON THE BOARD	{}	{}	no	no	yes
8	km3	14	245	23100140245	state	42	5	41	{"coin_queued_offered": [42], "coin_queued_offered_any": [42]}	ON THE BOARD	{}	{}	no	no	yes
8	km3	14	246	23100140246	lookahead	87	12	87	{}	LOOKAHEAD ONLY, both halves hold	{"cut": null, "free": false, "queued": 2, "tick": 87}	{"built": null, "tick": 87}	no	no	yes
8	km3	14	247	23100140247	state	76	10	75	{"coin_queued_offered": [76], "coin_queued_offered_any": [76]}	ON THE BOARD	{}	{}	no	no	yes
8	km3	14	248	23100140248	state	55	6	54	{"coin_queued_offered": [55], "coin_queued_offered_any": [55]}	ON THE BOARD	{}	{}	no	no	yes
8	km3	14	252	23100140252	state	80	11	79	{"coin_queued_offered": [80], "coin_queued_offered_any": [80]}	ON THE BOARD	{}	{}	no	no	yes
8	km3	14	253	23100140253	lookahead	88	13	88	{}	LOOKAHEAD ONLY, both halves hold	{"cut": null, "free": false, "queued": 2, "tick": 88}	{"built": null, "tick": 88}	no	no	yes
8	km3	14	255	23100140255	lookahead	55	8	55	{}	LOOKAHEAD ONLY, both halves hold	{"cut": null, "free": false, "queued": 2, "tick": 55}	{"built": null, "tick": 55}	yes	yes	yes
8	km3	14	256	23100140256	lookahead	67	9	67	{}	LOOKAHEAD ONLY, both halves hold	{"cut": null, "free": false, "queued": 1, "tick": 67}	{"built": null, "tick": 67}	no	no	yes
8	km3	14	258	23100140258	state	49	7	48	{"coin_queued_offered": [49], "coin_queued_offered_any": [49]}	ON THE BOARD	{}	{}	no	no	yes
8	km3	14	259	23100140259	lookahead	63	8	63	{}	LOOKAHEAD ONLY, both halves hold	{"cut": null, "free": false, "queued": 2, "tick": 63}	{"built": null, "tick": 63}	no	no	yes
8	km3	14	260	23100140260	state	93	12	92	{"coin_queued_offered": [93], "coin_queued_offered_any": [93]}	ON THE BOARD	{}	{}	no	no	yes
8	km3	14	262	23100140262	state	53	6	52	{"coin_queued_offered": [53], "coin_queued_offered_any": [53]}	ON THE BOARD	{}	{}	no	no	yes
8	km3	14	263	23100140263	state	99	14	98	{"coin_queued_offered": [99], "coin_queued_offered_any": [99]}	ON THE BOARD	{}	{}	no	no	yes
8	km3	14	264	23100140264	lookahead	78	9	78	{}	LOOKAHEAD ONLY, both halves hold	{"cut": null, "free": false, "queued": 2, "tick": 78}	{"built": null, "tick": 78}	yes	yes	yes
8	km3	14	265	23100140265	state	62	8	61	{"coin_queued_offered": [62], "coin_queued_offered_any": [62]}	ON THE BOARD	{}	{}	no	no	yes
8	km3	14	266	23100140266	state	60	9	59	{"coin_queued_offered": [60], "coin_queued_offered_any": [60]}	ON THE BOARD	{}	{}	no	no	yes
8	km3	14	267	23100140267	state	42	5	41	{"coin_queued_offered": [42], "coin_queued_offered_any": [42]}	ON THE BOARD	{}	{}	no	no	yes
8	km3	14	269	23100140269	lookahead	26	4	26	{}	LOOKAHEAD ONLY, both halves hold	{"cut": null, "free": false, "queued": 2, "tick": 26}	{"built": null, "tick": 26}	no	no	yes
8	km3	14	270	23100140270	state	94	12	93	{"coin_queued_offered": [94], "coin_queued_offered_any": [94]}	ON THE BOARD	{}	{}	no	no	yes
8	km3	14	271	23100140271	lookahead	60	8	60	{}	LOOKAHEAD ONLY, both halves hold	{"cut": null, "free": false, "queued": 2, "tick": 60}	{"built": null, "tick": 60}	no	no	yes
8	km3	14	272	23100140272	lookahead	80	11	80	{}	LOOKAHEAD ONLY, both halves hold	{"cut": null, "free": false, "queued": 1, "tick": 80}	{"built": null, "tick": 80}	no	no	yes
8	km3	14	273	23100140273	lookahead	66	10	66	{}	LOOKAHEAD ONLY, both halves hold	{"cut": null, "free": false, "queued": 2, "tick": 66}	{"built": null, "tick": 66}	yes	yes	yes
8	km3	14	274	23100140274	lookahead	93	13	93	{}	LOOKAHEAD ONLY, both halves hold	{"cut": null, "free": false, "queued": 1, "tick": 93}	{"built": null, "tick": 93}	no	no	yes
8	km3	14	276	23100140276	state	88	11	87	{"coin_queued_offered": [88], "coin_queued_offered_any": [88]}	ON THE BOARD	{}	{}	no	no	yes
8	km3	14	277	23100140277	state	37	5	36	{"coin_queued_offered": [37], "coin_queued_offered_any": [37]}	ON THE BOARD	{}	{}	no	no	yes
8	km3	14	279	23100140279	state	71	9	70	{"coin_queued_offered": [71], "coin_queued_offered_any": [71]}	ON THE BOARD	{}	{}	no	no	yes
8	km3	14	280	23100140280	state	140	20	139	{"coin_queued_offered": [140], "coin_queued_offered_any": [140]}	ON THE BOARD	{}	{}	no	no	yes
8	km3	14	281	23100140281	lookahead	55	9	55	{}	LOOKAHEAD ONLY, both halves hold	{"cut": null, "free": false, "queued": 1, "tick": 55}	{"built": null, "tick": 55}	no	no	yes
8	km3	14	282	23100140282	state	43	6	42	{"coin_queued_offered": [43], "coin_queued_offered_any": [43]}	ON THE BOARD	{}	{}	no	no	yes
8	km3	14	283	23100140283	state	68	9	67	{"coin_queued_offered": [68], "coin_queued_offered_any": [68]}	ON THE BOARD	{}	{}	no	no	yes
8	km3	14	284	23100140284	state	44	6	43	{"coin_queued_offered": [44], "coin_queued_offered_any": [44]}	ON THE BOARD	{}	{}	no	no	yes
8	km3	14	286	23100140286	state	44	6	43	{"coin_queued_offered": [44], "coin_queued_offered_any": [44]}	ON THE BOARD	{}	{}	no	no	yes
8	km3	14	287	23100140287	state	121	15	120	{"coin_queued_offered": [121], "coin_queued_offered_any": [121]}	ON THE BOARD	{}	{}	no	no	yes
8	km3	14	288	23100140288	lookahead	90	12	90	{}	LOOKAHEAD ONLY, both halves hold	{"cut": null, "free": false, "queued": 2, "tick": 90}	{"built": null, "tick": 90}	no	no	yes
8	km3	14	289	23100140289	state	54	7	53	{"coin_queued_offered": [54], "coin_queued_offered_any": [54]}	ON THE BOARD	{}	{}	no	no	yes
8	km3	14	290	23100140290	lookahead	62	8	62	{}	LOOKAHEAD ONLY, both halves hold	{"cut": null, "free": false, "queued": 1, "tick": 62}	{"built": null, "tick": 62}	no	no	yes
8	km3	14	291	23100140291	lookahead	100	13	100	{}	LOOKAHEAD ONLY, both halves hold	{"cut": null, "free": false, "queued": 1, "tick": 100}	{"built": null, "tick": 100}	no	no	yes
8	km3	14	292	23100140292	lookahead	114	14	114	{}	LOOKAHEAD ONLY, both halves hold	{"cut": null, "free": false, "queued": 1, "tick": 114}	{"built": null, "tick": 114}	no	no	yes
8	km3	14	293	23100140293	state	92	13	91	{"coin_queued_offered": [92], "coin_queued_offered_any": [92]}	ON THE BOARD	{}	{}	no	no	yes
8	km3	14	295	23100140295	state	64	10	63	{"coin_queued_offered": [64], "coin_queued_offered_any": [64]}	ON THE BOARD	{}	{}	no	no	yes
8	km3	14	296	23100140296	state	107	15	106	{"coin_queued_offered": [107], "coin_queued_offered_any": [107]}	ON THE BOARD	{}	{}	no	no	yes
8	km3	14	297	23100140297	state	54	6	53	{"coin_queued_offered": [54], "coin_queued_offered_any": [54]}	ON THE BOARD	{}	{}	no	no	yes
8	km3	14	300	23100140300	state	58	7	57	{"coin_queued_offered": [58], "coin_queued_offered_any": [58]}	ON THE BOARD	{}	{}	no	no	yes
8	km3	14	302	23100140302	lookahead	79	11	79	{}	LOOKAHEAD ONLY, both halves hold	{"cut": null, "free": false, "queued": 1, "tick": 79}	{"built": null, "tick": 79}	no	no	yes
8	km3	14	303	23100140303	state	44	6	43	{"coin_queued_offered": [44], "coin_queued_offered_any": [44]}	ON THE BOARD	{}	{}	no	no	yes
8	km3	14	304	23100140304	state	75	9	74	{"coin_queued_offered": [75], "coin_queued_offered_any": [75]}	ON THE BOARD	{}	{}	no	no	yes
8	km3	14	305	23100140305	state	63	7	62	{"coin_queued_offered": [63], "coin_queued_offered_any": [63]}	ON THE BOARD	{}	{}	no	no	yes
8	km3	14	307	23100140307	state	58	7	57	{"coin_queued_offered": [58], "coin_queued_offered_any": [58]}	ON THE BOARD	{}	{}	no	no	yes
8	km3	14	308	23100140308	state	82	11	81	{"coin_queued_offered": [82], "coin_queued_offered_any": [82]}	ON THE BOARD	{}	{}	no	no	yes
8	km3	14	309	23100140309	state	91	11	90	{"coin_queued_offered": [91], "coin_queued_offered_any": [91]}	ON THE BOARD	{}	{}	no	no	yes
8	km3	14	311	23100140311	state	61	8	60	{"coin_queued_offered": [61], "coin_queued_offered_any": [61]}	ON THE BOARD	{}	{}	no	no	yes
8	km3	14	312	23100140312	lookahead	49	7	49	{}	LOOKAHEAD ONLY, both halves hold	{"cut": null, "free": false, "queued": 1, "tick": 49}	{"built": null, "tick": 49}	no	no	yes
8	km3	14	313	23100140313	lookahead	70	9	70	{}	LOOKAHEAD ONLY, both halves hold	{"cut": null, "free": false, "queued": 1, "tick": 70}	{"built": null, "tick": 70}	no	no	yes
8	km3	14	315	23100140315	state	35	4	34	{"coin_queued_offered": [35], "coin_queued_offered_any": [35]}	ON THE BOARD	{}	{}	no	no	yes
8	km3	14	316	23100140316	state	79	11	78	{"coin_queued_offered": [79], "coin_queued_offered_any": [79]}	ON THE BOARD	{}	{}	no	no	yes
8	km3	14	317	23100140317	lookahead	71	11	71	{}	LOOKAHEAD ONLY, both halves hold	{"cut": null, "free": false, "queued": 1, "tick": 71}	{"built": null, "tick": 71}	no	no	yes
8	km3	14	318	23100140318	lookahead	75	10	75	{}	LOOKAHEAD ONLY, both halves hold	{"cut": null, "free": false, "queued": 2, "tick": 75}	{"built": null, "tick": 75}	no	no	yes
8	km3	14	320	23100140320	lookahead	76	11	76	{}	LOOKAHEAD ONLY, both halves hold	{"cut": null, "free": false, "queued": 1, "tick": 76}	{"built": null, "tick": 76}	no	no	yes
8	km3	14	321	23100140321	lookahead	92	12	92	{}	LOOKAHEAD ONLY, both halves hold	{"cut": null, "free": false, "queued": 1, "tick": 92}	{"built": null, "tick": 92}	no	no	yes
8	km3	14	322	23100140322	state	63	9	62	{"coin_queued_offered": [63], "coin_queued_offered_any": [63]}	ON THE BOARD	{}	{}	no	no	yes
8	km3	14	323	23100140323	state	51	6	50	{"coin_queued_offered": [51], "coin_queued_offered_any": [51]}	ON THE BOARD	{}	{}	no	no	yes
8	km3	14	324	23100140324	state	58	8	57	{"coin_queued_offered": [58], "coin_queued_offered_any": [58]}	ON THE BOARD	{}	{}	no	no	yes
8	km3	14	325	23100140325	state	44	6	43	{"coin_queued_offered": [44], "coin_queued_offered_any": [44]}	ON THE BOARD	{}	{}	no	no	yes
8	km3	14	326	23100140326	lookahead	73	10	73	{}	LOOKAHEAD ONLY, both halves hold	{"cut": null, "free": false, "queued": 2, "tick": 73}	{"built": null, "tick": 73}	no	no	yes
8	km3	14	328	23100140328	state	60	8	59	{"coin_queued_offered": [60], "coin_queued_offered_any": [60]}	ON THE BOARD	{}	{}	no	no	yes
8	km3	14	329	23100140329	lookahead	64	9	64	{}	LOOKAHEAD ONLY, both halves hold	{"cut": null, "free": false, "queued": 1, "tick": 64}	{"built": null, "tick": 64}	no	no	yes
8	km3	14	330	23100140330	lookahead	39	6	39	{}	LOOKAHEAD ONLY, both halves hold	{"cut": null, "free": false, "queued": 1, "tick": 39}	{"built": null, "tick": 39}	no	no	yes
8	km3	14	331	23100140331	lookahead	68	10	68	{}	LOOKAHEAD ONLY, both halves hold	{"cut": null, "free": false, "queued": 2, "tick": 68}	{"built": null, "tick": 68}	no	no	yes
8	km3	14	333	23100140333	state	81	10	80	{"coin_queued_offered": [81], "coin_queued_offered_any": [81]}	ON THE BOARD	{}	{}	no	no	yes
8	km3	14	334	23100140334	state	44	6	43	{"coin_queued_offered": [44], "coin_queued_offered_any": [44]}	ON THE BOARD	{}	{}	no	no	yes
8	km3	14	335	23100140335	state	77	10	76	{"coin_queued_offered": [77], "coin_queued_offered_any": [77]}	ON THE BOARD	{}	{}	no	no	yes
8	km3	14	336	23100140336	lookahead	67	9	67	{}	LOOKAHEAD ONLY, both halves hold	{"cut": null, "free": false, "queued": 1, "tick": 67}	{"built": null, "tick": 67}	no	no	yes
8	km3	14	337	23100140337	lookahead	106	15	106	{}	LOOKAHEAD ONLY, both halves hold	{"cut": null, "free": false, "queued": 2, "tick": 106}	{"built": null, "tick": 106}	no	no	yes
8	km3	14	338	23100140338	state	65	9	64	{"coin_queued_offered": [65], "coin_queued_offered_any": [65]}	ON THE BOARD	{}	{}	no	no	yes
8	km3	14	339	23100140339	state	108	14	107	{"coin_queued_offered": [108], "coin_queued_offered_any": [108]}	ON THE BOARD	{}	{}	no	no	yes
8	km3	14	341	23100140341	state	70	10	69	{"coin_queued_offered": [70], "coin_queued_offered_any": [70]}	ON THE BOARD	{}	{}	no	no	yes
8	km3	14	342	23100140342	state	103	13	102	{"coin_queued_offered": [103], "coin_queued_offered_any": [103]}	ON THE BOARD	{}	{}	no	no	yes
8	km3	14	343	23100140343	state	58	7	57	{"coin_queued_offered": [58], "coin_queued_offered_any": [58]}	ON THE BOARD	{}	{}	no	no	yes
8	km3	14	344	23100140344	lookahead	84	12	84	{}	LOOKAHEAD ONLY, both halves hold	{"cut": null, "free": false, "queued": 2, "tick": 84}	{"built": null, "tick": 84}	no	no	yes
8	km3	14	345	23100140345	lookahead	43	6	43	{}	LOOKAHEAD ONLY, both halves hold	{"cut": null, "free": false, "queued": 1, "tick": 43}	{"built": null, "tick": 43}	no	no	yes
8	km3	14	346	23100140346	state	48	6	47	{"coin_queued_offered": [48], "coin_queued_offered_any": [48]}	ON THE BOARD	{}	{}	no	no	yes
8	km3	14	347	23100140347	state	76	9	75	{"coin_queued_offered": [76], "coin_queued_offered_any": [76]}	ON THE BOARD	{}	{}	no	no	yes
8	km3	14	348	23100140348	state	48	7	47	{"coin_queued_offered": [48], "coin_queued_offered_any": [48]}	ON THE BOARD	{}	{}	no	no	yes
8	km3	14	349	23100140349	state	55	7	54	{"coin_queued_offered": [55], "coin_queued_offered_any": [55]}	ON THE BOARD	{}	{}	no	no	yes
8	km3	14	350	23100140350	state	28	4	27	{"coin_queued_offered": [28], "coin_queued_offered_any": [28]}	ON THE BOARD	{}	{}	no	no	yes
8	km3	14	351	23100140351	lookahead	70	9	70	{}	LOOKAHEAD ONLY, both halves hold	{"cut": null, "free": false, "queued": 1, "tick": 70}	{"built": null, "tick": 70}	no	no	yes
8	km3	14	352	23100140352	state	55	7	54	{"coin_queued_offered": [55], "coin_queued_offered_any": [55]}	ON THE BOARD	{}	{}	no	no	yes
8	km3	14	353	23100140353	state	55	8	54	{"coin_queued_offered": [55], "coin_queued_offered_any": [55]}	ON THE BOARD	{}	{}	no	no	yes
8	km3	14	354	23100140354	state	33	5	32	{"coin_queued_offered": [33], "coin_queued_offered_any": [33]}	ON THE BOARD	{}	{}	no	no	yes
8	km3	14	355	23100140355	lookahead	64	9	64	{}	LOOKAHEAD ONLY, both halves hold	{"cut": null, "free": false, "queued": 1, "tick": 64}	{"built": null, "tick": 64}	no	no	yes
8	km3	14	356	23100140356	state	62	8	61	{"coin_queued_offered": [62], "coin_queued_offered_any": [62]}	ON THE BOARD	{}	{}	no	no	yes
8	km3	14	357	23100140357	state	62	8	61	{"coin_queued_offered": [62], "coin_queued_offered_any": [62]}	ON THE BOARD	{}	{}	no	no	yes
8	km3	14	358	23100140358	state	83	11	82	{"coin_queued_offered": [83], "coin_queued_offered_any": [83]}	ON THE BOARD	{}	{}	no	no	yes
8	km3	14	360	23100140360	state	33	4	32	{"coin_queued_offered": [33], "coin_queued_offered_any": [33]}	ON THE BOARD	{}	{}	no	no	yes
8	km3	14	361	23100140361	lookahead	67	9	67	{}	LOOKAHEAD ONLY, both halves hold	{"cut": null, "free": false, "queued": 1, "tick": 67}	{"built": null, "tick": 67}	no	no	yes
8	km3	14	362	23100140362	lookahead	77	11	77	{}	LOOKAHEAD ONLY, both halves hold	{"cut": null, "free": false, "queued": 1, "tick": 77}	{"built": null, "tick": 77}	no	no	yes
8	km3	14	364	23100140364	state	91	13	90	{"coin_queued_offered": [91], "coin_queued_offered_any": [91]}	ON THE BOARD	{}	{}	no	no	yes
8	km3	14	365	23100140365	lookahead	70	10	70	{}	LOOKAHEAD ONLY, both halves hold	{"cut": null, "free": false, "queued": 1, "tick": 70}	{"built": null, "tick": 70}	no	no	yes
8	km3	14	366	23100140366	lookahead	44	6	44	{}	LOOKAHEAD ONLY, both halves hold	{"cut": null, "free": false, "queued": 1, "tick": 44}	{"built": null, "tick": 44}	no	no	yes
8	km3	14	368	23100140368	state	87	11	86	{"coin_queued_offered": [87], "coin_queued_offered_any": [87]}	ON THE BOARD	{}	{}	no	no	yes
8	km3	14	369	23100140369	lookahead	51	8	51	{}	LOOKAHEAD ONLY, both halves hold	{"cut": null, "free": false, "queued": 2, "tick": 51}	{"built": null, "tick": 51}	yes	yes	yes
8	km3	14	370	23100140370	state	50	7	49	{"coin_queued_offered": [50], "coin_queued_offered_any": [50]}	ON THE BOARD	{}	{}	no	no	yes
8	km3	14	371	23100140371	state	33	4	32	{"coin_queued_offered": [33], "coin_queued_offered_any": [33]}	ON THE BOARD	{}	{}	no	no	yes
8	km3	14	372	23100140372	lookahead	56	8	56	{}	LOOKAHEAD ONLY, both halves hold	{"cut": null, "free": false, "queued": 2, "tick": 56}	{"built": null, "tick": 56}	no	no	yes
8	km3	14	373	23100140373	lookahead	71	9	71	{}	LOOKAHEAD ONLY, both halves hold	{"cut": null, "free": false, "queued": 2, "tick": 71}	{"built": null, "tick": 71}	no	no	yes
8	km3	14	374	23100140374	state	56	9	55	{"coin_queued_offered": [56], "coin_queued_offered_any": [56]}	ON THE BOARD	{}	{}	no	no	yes
8	km3	14	375	23100140375	state	67	10	66	{"coin_queued_offered": [67], "coin_queued_offered_any": [67]}	ON THE BOARD	{}	{}	no	no	yes
8	km3	14	378	23100140378	state	55	7	54	{"coin_queued_offered": [55], "coin_queued_offered_any": [55]}	ON THE BOARD	{}	{}	no	no	yes
8	km3	14	379	23100140379	lookahead	43	6	43	{}	LOOKAHEAD ONLY, both halves hold	{"cut": null, "free": false, "queued": 2, "tick": 43}	{"built": null, "tick": 43}	no	no	yes
8	km3	14	380	23100140380	state	69	10	68	{"coin_queued_offered": [69], "coin_queued_offered_any": [69]}	ON THE BOARD	{}	{}	no	no	yes
8	km3	14	381	23100140381	lookahead	59	8	59	{}	LOOKAHEAD ONLY, both halves hold	{"cut": null, "free": false, "queued": 2, "tick": 59}	{"built": null, "tick": 59}	no	no	yes
8	km3	14	382	23100140382	lookahead	63	8	63	{}	LOOKAHEAD ONLY, both halves hold	{"cut": null, "free": false, "queued": 1, "tick": 63}	{"built": null, "tick": 63}	no	no	yes
8	km3	14	383	23100140383	state	55	7	54	{"coin_queued_offered": [55], "coin_queued_offered_any": [55]}	ON THE BOARD	{}	{}	no	no	yes
8	km3	14	384	23100140384	state	67	8	66	{"coin_queued_offered": [67], "coin_queued_offered_any": [67]}	ON THE BOARD	{}	{}	no	no	yes
8	km3	14	385	23100140385	state	61	8	60	{"coin_queued_offered": [61], "coin_queued_offered_any": [61]}	ON THE BOARD	{}	{}	no	no	yes
8	km3	14	386	23100140386	lookahead	56	8	56	{}	LOOKAHEAD ONLY, both halves hold	{"cut": null, "free": false, "queued": 2, "tick": 56}	{"built": null, "tick": 56}	no	no	yes
8	km3	14	387	23100140387	state	55	7	54	{"coin_queued_offered": [55], "coin_queued_offered_any": [55]}	ON THE BOARD	{}	{}	no	no	yes
8	km3	14	389	23100140389	state	105	14	104	{"coin_queued_offered": [105], "coin_queued_offered_any": [105]}	ON THE BOARD	{}	{}	no	no	yes
8	km3	14	390	23100140390	state	28	4	27	{"coin_queued_offered": [28], "coin_queued_offered_any": [28]}	ON THE BOARD	{}	{}	no	no	yes
8	km3	14	391	23100140391	lookahead	79	12	79	{}	LOOKAHEAD ONLY, both halves hold	{"cut": null, "free": false, "queued": 2, "tick": 79}	{"built": null, "tick": 79}	no	no	yes
8	km3	14	392	23100140392	lookahead	97	12	97	{}	LOOKAHEAD ONLY, both halves hold	{"cut": null, "free": false, "queued": 1, "tick": 97}	{"built": null, "tick": 97}	no	no	yes
8	km3	14	393	23100140393	state	91	12	90	{"coin_queued_offered": [91], "coin_queued_offered_any": [91]}	ON THE BOARD	{}	{}	no	no	yes
8	km3	14	394	23100140394	state	57	7	56	{"coin_queued_offered": [57], "coin_queued_offered_any": [57]}	ON THE BOARD	{}	{}	no	no	yes
8	km3	14	395	23100140395	state	53	7	52	{"coin_queued_offered": [53], "coin_queued_offered_any": [53]}	ON THE BOARD	{}	{}	no	no	yes
8	km3	14	396	23100140396	state	62	7	61	{"coin_queued_offered": [62], "coin_queued_offered_any": [62]}	ON THE BOARD	{}	{}	no	no	yes
8	km3	14	397	23100140397	lookahead	71	10	71	{}	LOOKAHEAD ONLY, both halves hold	{"cut": null, "free": false, "queued": 2, "tick": 71}	{"built": null, "tick": 71}	yes	yes	yes
8	km3	14	398	23100140398	lookahead	32	4	32	{}	LOOKAHEAD ONLY, both halves hold	{"cut": null, "free": false, "queued": 1, "tick": 32}	{"built": null, "tick": 32}	no	no	yes
8	km3	14	399	23100140399	lookahead	79	12	79	{}	LOOKAHEAD ONLY, both halves hold	{"cut": null, "free": false, "queued": 1, "tick": 79}	{"built": null, "tick": 79}	no	no	yes
8	km3	14	400	23100140400	lookahead	97	13	97	{}	LOOKAHEAD ONLY, both halves hold	{"cut": null, "free": false, "queued": 2, "tick": 97}	{"built": null, "tick": 97}	yes	yes	yes
8	km3	14	401	23100140401	state	71	10	70	{"coin_queued_offered": [71], "coin_queued_offered_any": [71]}	ON THE BOARD	{}	{}	no	no	yes
8	km3	14	403	23100140403	state	116	14	115	{"coin_queued_offered": [116], "coin_queued_offered_any": [116]}	ON THE BOARD	{}	{}	no	no	yes
8	km3	14	405	23100140405	state	57	8	56	{"coin_queued_offered": [57], "coin_queued_offered_any": [57]}	ON THE BOARD	{}	{}	no	no	yes
8	km3	14	406	23100140406	state	73	8	72	{"coin_queued_offered": [73], "coin_queued_offered_any": [73]}	ON THE BOARD	{}	{}	no	no	yes
8	km3	14	407	23100140407	state	58	7	57	{"coin_queued_offered": [58], "coin_queued_offered_any": [58]}	ON THE BOARD	{}	{}	no	no	yes
8	km3	14	409	23100140409	state	87	11	86	{"coin_queued_offered": [87], "coin_queued_offered_any": [87]}	ON THE BOARD	{}	{}	no	no	yes
8	km3	14	410	23100140410	state	46	6	45	{"coin_queued_offered": [46], "coin_queued_offered_any": [46]}	ON THE BOARD	{}	{}	no	no	yes
8	km3	14	411	23100140411	state	98	14	97	{"coin_queued_offered": [98], "coin_queued_offered_any": [98]}	ON THE BOARD	{}	{}	no	no	yes
8	km3	14	412	23100140412	state	81	11	80	{"coin_queued_offered": [81], "coin_queued_offered_any": [81]}	ON THE BOARD	{}	{}	no	no	yes
8	km3	14	413	23100140413	lookahead	74	10	74	{}	LOOKAHEAD ONLY, both halves hold	{"cut": null, "free": false, "queued": 1, "tick": 74}	{"built": null, "tick": 74}	no	no	yes
8	km3	14	414	23100140414	lookahead	85	11	85	{}	LOOKAHEAD ONLY, both halves hold	{"cut": null, "free": false, "queued": 1, "tick": 85}	{"built": null, "tick": 85}	no	no	yes
8	km3	14	415	23100140415	lookahead	49	7	49	{}	LOOKAHEAD ONLY, both halves hold	{"cut": null, "free": false, "queued": 1, "tick": 49}	{"built": null, "tick": 49}	no	no	yes
8	km3	14	416	23100140416	state	41	6	40	{"coin_queued_offered": [41], "coin_queued_offered_any": [41]}	ON THE BOARD	{}	{}	no	no	yes
8	km3	14	417	23100140417	state	84	11	83	{"coin_queued_offered": [84], "coin_queued_offered_any": [84]}	ON THE BOARD	{}	{}	no	no	yes
8	km3	14	418	23100140418	state	47	6	46	{"coin_queued_offered": [47], "coin_queued_offered_any": [47]}	ON THE BOARD	{}	{}	no	no	yes
8	km3	14	420	23100140420	state	56	6	55	{"coin_queued_offered": [56], "coin_queued_offered_any": [56]}	ON THE BOARD	{}	{}	no	no	yes
8	km3	14	421	23100140421	lookahead	68	9	68	{}	LOOKAHEAD ONLY, both halves hold	{"cut": null, "free": false, "queued": 1, "tick": 68}	{"built": null, "tick": 68}	no	no	yes
8	km3	14	422	23100140422	lookahead	131	18	131	{}	LOOKAHEAD ONLY, both halves hold	{"cut": null, "free": false, "queued": 1, "tick": 131}	{"built": null, "tick": 131}	no	no	yes
8	km3	14	424	23100140424	state	56	7	55	{"coin_queued_offered": [56], "coin_queued_offered_any": [56]}	ON THE BOARD	{}	{}	no	no	yes
8	km3	14	426	23100140426	state	64	8	63	{"coin_queued_offered": [64], "coin_queued_offered_any": [64]}	ON THE BOARD	{}	{}	no	no	yes
8	km3	14	427	23100140427	lookahead	59	8	59	{}	LOOKAHEAD ONLY, both halves hold	{"cut": null, "free": false, "queued": 1, "tick": 59}	{"built": null, "tick": 59}	yes	yes	yes
8	km3	14	428	23100140428	state	55	7	54	{"coin_queued_offered": [55], "coin_queued_offered_any": [55]}	ON THE BOARD	{}	{}	no	no	yes
8	km3	14	432	23100140432	state	59	8	58	{"coin_queued_offered": [59], "coin_queued_offered_any": [59]}	ON THE BOARD	{}	{}	no	no	yes
8	km3	14	434	23100140434	state	61	9	60	{"coin_queued_offered": [61], "coin_queued_offered_any": [61]}	ON THE BOARD	{}	{}	no	no	yes
8	km3	14	435	23100140435	state	65	9	64	{"coin_queued_offered": [65], "coin_queued_offered_any": [65]}	ON THE BOARD	{}	{}	no	no	yes
8	km3	14	436	23100140436	state	44	6	43	{"coin_queued_offered": [44], "coin_queued_offered_any": [44]}	ON THE BOARD	{}	{}	no	no	yes
8	km3	14	437	23100140437	state	63	8	62	{"coin_queued_offered": [63], "coin_queued_offered_any": [63]}	ON THE BOARD	{}	{}	no	no	yes
8	km3	14	438	23100140438	lookahead	75	11	75	{}	LOOKAHEAD ONLY, both halves hold	{"cut": null, "free": false, "queued": 1, "tick": 75}	{"built": null, "tick": 75}	no	no	yes
8	km3	14	439	23100140439	state	63	9	62	{"coin_queued_offered": [63], "coin_queued_offered_any": [63]}	ON THE BOARD	{}	{}	no	no	yes
8	km3	14	440	23100140440	lookahead	88	12	88	{}	LOOKAHEAD ONLY, both halves hold	{"cut": null, "free": false, "queued": 1, "tick": 88}	{"built": null, "tick": 88}	no	no	yes
8	km3	14	441	23100140441	lookahead	46	7	46	{}	LOOKAHEAD ONLY, both halves hold	{"cut": null, "free": false, "queued": 1, "tick": 46}	{"built": null, "tick": 46}	no	no	yes
8	km3	14	443	23100140443	state	55	7	54	{"coin_queued_offered": [55], "coin_queued_offered_any": [55]}	ON THE BOARD	{}	{}	no	no	yes
8	km3	14	444	23100140444	state	43	6	42	{"coin_queued_offered": [43], "coin_queued_offered_any": [43]}	ON THE BOARD	{}	{}	no	no	yes
8	km3	14	446	23100140446	state	46	6	45	{"coin_queued_offered": [46], "coin_queued_offered_any": [46]}	ON THE BOARD	{}	{}	no	no	yes
8	km3	14	447	23100140447	state	41	6	40	{"coin_queued_offered": [41], "coin_queued_offered_any": [41]}	ON THE BOARD	{}	{}	no	no	yes
8	km3	14	448	23100140448	state	60	8	59	{"coin_queued_offered": [60], "coin_queued_offered_any": [60]}	ON THE BOARD	{}	{}	no	no	yes
8	km3	14	449	23100140449	lookahead	68	9	68	{}	LOOKAHEAD ONLY, both halves hold	{"cut": null, "free": false, "queued": 1, "tick": 68}	{"built": null, "tick": 68}	no	no	yes
8	km3	14	450	23100140450	lookahead	57	8	57	{}	LOOKAHEAD ONLY, both halves hold	{"cut": null, "free": false, "queued": 1, "tick": 57}	{"built": null, "tick": 57}	no	no	yes
8	km3	14	453	23100140453	state	55	7	54	{"coin_queued_offered": [55], "coin_queued_offered_any": [55]}	ON THE BOARD	{}	{}	no	no	yes
8	km3	14	455	23100140455	state	68	8	67	{"coin_queued_offered": [68], "coin_queued_offered_any": [68]}	ON THE BOARD	{}	{}	no	no	yes
8	km3	14	456	23100140456	state	39	5	38	{"coin_queued_offered": [39], "coin_queued_offered_any": [39]}	ON THE BOARD	{}	{}	no	no	yes
8	km3	14	457	23100140457	state	67	10	66	{"coin_queued_offered": [67], "coin_queued_offered_any": [67]}	ON THE BOARD	{}	{}	no	no	yes
8	km3	14	458	23100140458	state	57	8	56	{"coin_queued_offered": [57], "coin_queued_offered_any": [57]}	ON THE BOARD	{}	{}	no	no	yes
8	km3	14	460	23100140460	state	96	12	95	{"coin_queued_offered": [96], "coin_queued_offered_any": [96]}	ON THE BOARD	{}	{}	no	no	yes
8	km3	14	461	23100140461	lookahead	54	8	54	{}	LOOKAHEAD ONLY, both halves hold	{"cut": null, "free": false, "queued": 2, "tick": 54}	{"built": null, "tick": 54}	no	no	yes
8	km3	14	462	23100140462	state	60	7	59	{"coin_queued_offered": [60], "coin_queued_offered_any": [60]}	ON THE BOARD	{}	{}	no	no	yes
8	km3	14	464	23100140464	state	75	11	74	{"coin_queued_offered": [75], "coin_queued_offered_any": [75]}	ON THE BOARD	{}	{}	no	no	yes
8	km3	14	468	23100140468	lookahead	89	11	89	{}	LOOKAHEAD ONLY, both halves hold	{"cut": null, "free": false, "queued": 1, "tick": 89}	{"built": null, "tick": 89}	no	no	yes
8	km3	14	469	23100140469	state	67	10	66	{"coin_queued_offered": [67], "coin_queued_offered_any": [67]}	ON THE BOARD	{}	{}	no	no	yes
8	km3	14	470	23100140470	state	52	7	51	{"coin_queued_offered": [52], "coin_queued_offered_any": [52]}	ON THE BOARD	{}	{}	no	no	yes
8	km3	14	471	23100140471	lookahead	103	14	103	{}	LOOKAHEAD ONLY, both halves hold	{"cut": null, "free": false, "queued": 1, "tick": 103}	{"built": null, "tick": 103}	no	no	yes
8	km3	14	472	23100140472	state	55	8	54	{"coin_queued_offered": [55], "coin_queued_offered_any": [55]}	ON THE BOARD	{}	{}	no	no	yes
8	km3	14	473	23100140473	state	61	8	60	{"coin_queued_offered": [61], "coin_queued_offered_any": [61]}	ON THE BOARD	{}	{}	no	no	yes
8	km3	14	474	23100140474	lookahead	78	11	78	{}	LOOKAHEAD ONLY, both halves hold	{"cut": null, "free": false, "queued": 2, "tick": 78}	{"built": null, "tick": 78}	no	no	yes
8	km3	14	476	23100140476	lookahead	91	12	91	{}	LOOKAHEAD ONLY, both halves hold	{"cut": null, "free": false, "queued": 1, "tick": 91}	{"built": null, "tick": 91}	no	no	yes
8	km3	14	477	23100140477	state	76	9	75	{"coin_queued_offered": [76], "coin_queued_offered_any": [76]}	ON THE BOARD	{}	{}	no	no	yes
8	km3	14	478	23100140478	lookahead	56	9	56	{}	LOOKAHEAD ONLY, both halves hold	{"cut": null, "free": false, "queued": 2, "tick": 56}	{"built": null, "tick": 56}	yes	yes	yes
8	km3	14	479	23100140479	lookahead	106	15	106	{}	LOOKAHEAD ONLY, both halves hold	{"cut": null, "free": false, "queued": 1, "tick": 106}	{"built": null, "tick": 106}	no	no	yes
8	km3	14	480	23100140480	state	46	5	45	{"coin_queued_offered": [46], "coin_queued_offered_any": [46]}	ON THE BOARD	{}	{}	no	no	yes
8	km3	14	481	23100140481	lookahead	75	10	75	{}	LOOKAHEAD ONLY, both halves hold	{"cut": null, "free": false, "queued": 1, "tick": 75}	{"built": null, "tick": 75}	no	no	yes
8	km3	14	482	23100140482	lookahead	76	10	76	{}	LOOKAHEAD ONLY, both halves hold	{"cut": null, "free": false, "queued": 1, "tick": 76}	{"built": null, "tick": 76}	no	no	yes
8	km3	14	483	23100140483	state	42	5	41	{"coin_queued_offered": [42], "coin_queued_offered_any": [42]}	ON THE BOARD	{}	{}	no	no	yes
8	km3	14	484	23100140484	state	93	11	92	{"coin_queued_offered": [93], "coin_queued_offered_any": [93]}	ON THE BOARD	{}	{}	no	no	yes
8	km3	14	485	23100140485	state	81	11	80	{"coin_queued_offered": [81], "coin_queued_offered_any": [81]}	ON THE BOARD	{}	{}	no	no	yes
8	km3	14	486	23100140486	state	61	8	60	{"coin_queued_offered": [61], "coin_queued_offered_any": [61]}	ON THE BOARD	{}	{}	no	no	yes
8	km3	14	487	23100140487	state	30	4	29	{"coin_queued_offered": [30], "coin_queued_offered_any": [30]}	ON THE BOARD	{}	{}	no	no	yes
8	km3	14	488	23100140488	lookahead	62	8	62	{}	LOOKAHEAD ONLY, both halves hold	{"cut": null, "free": false, "queued": 1, "tick": 62}	{"built": null, "tick": 62}	no	no	yes
8	km3	14	489	23100140489	lookahead	74	10	74	{}	LOOKAHEAD ONLY, both halves hold	{"cut": null, "free": false, "queued": 2, "tick": 74}	{"built": null, "tick": 74}	yes	yes	yes
8	km3	14	490	23100140490	state	79	9	78	{"coin_queued_offered": [79], "coin_queued_offered_any": [79]}	ON THE BOARD	{}	{}	no	no	yes
8	km3	14	492	23100140492	state	49	7	48	{"coin_queued_offered": [49], "coin_queued_offered_any": [49]}	ON THE BOARD	{}	{}	no	no	yes
8	km3	14	493	23100140493	lookahead	65	10	65	{}	LOOKAHEAD ONLY, both halves hold	{"cut": null, "free": false, "queued": 2, "tick": 65}	{"built": null, "tick": 65}	no	no	yes
8	km3	14	494	23100140494	state	76	10	75	{"coin_queued_offered": [76], "coin_queued_offered_any": [76]}	ON THE BOARD	{}	{}	no	no	yes
8	km3	14	495	23100140495	lookahead	88	12	88	{}	LOOKAHEAD ONLY, both halves hold	{"cut": null, "free": false, "queued": 1, "tick": 88}	{"built": null, "tick": 88}	no	no	yes
8	km3	14	496	23100140496	state	117	15	116	{"coin_queued_offered": [117], "coin_queued_offered_any": [117]}	ON THE BOARD	{}	{}	no	no	yes
8	km3	14	497	23100140497	lookahead	67	9	67	{}	LOOKAHEAD ONLY, both halves hold	{"cut": null, "free": false, "queued": 1, "tick": 67}	{"built": null, "tick": 67}	no	no	yes
8	km3	14	498	23100140498	state	59	7	58	{"coin_queued_offered": [59], "coin_queued_offered_any": [59]}	ON THE BOARD	{}	{}	no	no	yes
8	km3	14	499	23100140499	state	101	14	100	{"coin_queued_offered": [101], "coin_queued_offered_any": [101]}	ON THE BOARD	{}	{}	no	no	yes
8	km3	17	19	23100170019	state	56	6	55	{"coin_cut_recorded": [56], "coin_queued_offered": [56], "coin_queued_offered_any": [56]}	ON THE BOARD	{}	{}	no	no	yes
8	km3	17	40	23100170040	lookahead	72	10	72	{}	LOOKAHEAD ONLY, both halves hold	{"cut": 3, "free": true, "queued": 2, "tick": 72}	{"built": null, "tick": 72}	no	no	yes
8	km3	17	57	23100170057	lookahead	33	4	33	{}	LOOKAHEAD ONLY, both halves hold	{"cut": 2, "free": false, "queued": 1, "tick": 33}	{"built": null, "tick": 33}	no	yes	yes
8	km3	17	67	23100170067	state	41	5	40	{"coin_queued_offered": [41], "coin_queued_offered_any": [41]}	ON THE BOARD	{}	{}	no	no	yes
8	km3	17	102	23100170102	state	38	5	37	{"coin_queued_offered": [38], "coin_queued_offered_any": [38]}	ON THE BOARD	{}	{}	no	no	yes
8	km3	17	112	23100170112	state	37	5	36	{"coin_queued_offered": [37], "coin_queued_offered_any": [37]}	ON THE BOARD	{}	{}	no	no	yes
8	km3	17	118	23100170118	state	81	12	80	{"coin_cut_recorded": [81], "coin_queued_offered": [81], "coin_queued_offered_any": [81]}	ON THE BOARD	{}	{}	no	no	yes
8	km3	17	124	23100170124	lookahead	54	7	54	{}	LOOKAHEAD ONLY, both halves hold	{"cut": 2, "free": false, "queued": 1, "tick": 54}	{"built": null, "tick": 54}	no	no	yes
8	km3	17	127	23100170127	state	33	4	32	{"coin_queued_offered": [33], "coin_queued_offered_any": [33]}	ON THE BOARD	{}	{}	no	no	yes
8	km3	17	129	23100170129	state	41	6	40	{"coin_queued_offered": [41], "coin_queued_offered_any": [41]}	ON THE BOARD	{}	{}	no	no	yes
8	km3	17	166	23100170166	state	98	14	97	{"coin_cut_recorded": [98], "coin_queued_offered": [98], "coin_queued_offered_any": [98]}	ON THE BOARD	{}	{}	no	no	yes
8	km3	17	179	23100170179	state	72	9	71	{"coin_queued_offered": [72], "coin_queued_offered_any": [72]}	ON THE BOARD	{}	{}	no	no	yes
8	km3	17	184	23100170184	lookahead	25	4	25	{}	LOOKAHEAD ONLY, both halves hold	{"cut": 2, "free": true, "queued": 1, "tick": 25}	{"built": null, "tick": 25}	no	no	yes
8	km3	17	226	23100170226	state	53	8	52	{"coin_cut_recorded": [53], "coin_queued_offered": [53], "coin_queued_offered_any": [53]}	ON THE BOARD	{}	{}	no	no	yes
8	km3	17	228	23100170228	state	81	11	80	{"coin_cut_recorded": [81], "coin_queued_offered": [81], "coin_queued_offered_any": [81]}	ON THE BOARD	{}	{}	no	no	yes
8	km3	17	242	23100170242	lookahead	68	10	68	{}	LOOKAHEAD ONLY, both halves hold	{"cut": 1, "free": true, "queued": 2, "tick": 68}	{"built": null, "tick": 68}	no	no	yes
8	km3	17	258	23100170258	state	37	5	36	{"coin_queued_offered": [37], "coin_queued_offered_any": [37]}	ON THE BOARD	{}	{}	no	no	yes
8	km3	17	274	23100170274	state	75	10	74	{"coin_cut_recorded": [75], "coin_queued_offered": [75], "coin_queued_offered_any": [75]}	ON THE BOARD	{}	{}	no	no	yes
8	km3	17	298	23100170298	state	69	11	68	{"coin_cut_recorded": [69], "coin_queued_offered": [69], "coin_queued_offered_any": [69]}	ON THE BOARD	{}	{}	no	no	yes
8	km3	17	315	23100170315	state	76	12	75	{"coin_cut_recorded": [76], "coin_queued_offered": [76], "coin_queued_offered_any": [76]}	ON THE BOARD	{}	{}	no	no	yes
8	km3	17	317	23100170317	state	59	6	58	{"coin_cut_recorded": [59], "coin_queued_offered": [59], "coin_queued_offered_any": [59]}	ON THE BOARD	{}	{}	no	no	yes
8	km3	17	333	23100170333	lookahead	41	6	41	{}	LOOKAHEAD ONLY, both halves hold	{"cut": 2, "free": false, "queued": 1, "tick": 41}	{"built": null, "tick": 41}	no	no	yes
8	km3	17	357	23100170357	lookahead	45	6	45	{}	LOOKAHEAD ONLY, both halves hold	{"cut": 2, "free": false, "queued": 1, "tick": 45}	{"built": null, "tick": 45}	no	no	yes
8	km3	17	378	23100170378	lookahead	72	12	72	{}	LOOKAHEAD ONLY, both halves hold	{"cut": 1, "free": true, "queued": 3, "tick": 72}	{"built": null, "tick": 72}	no	no	yes
8	km3	17	393	23100170393	lookahead	26	4	26	{}	LOOKAHEAD ONLY, both halves hold	{"cut": null, "free": true, "queued": 3, "tick": 26}	{"built": null, "tick": 26}	no	no	yes
8	km3	17	409	23100170409	lookahead	45	7	45	{}	LOOKAHEAD ONLY, both halves hold	{"cut": 2, "free": false, "queued": 1, "tick": 45}	{"built": null, "tick": 45}	no	no	yes
8	km3	17	412	23100170412	state	42	6	41	{"coin_queued_offered": [42], "coin_queued_offered_any": [42]}	ON THE BOARD	{}	{}	no	no	yes
8	km3	17	428	23100170428	state	29	4	28	{"coin_queued_offered": [29], "coin_queued_offered_any": [29]}	ON THE BOARD	{}	{}	no	no	yes
8	km3	17	455	23100170455	state	80	10	79	{"coin_cut_recorded": [80], "coin_queued_offered": [80], "coin_queued_offered_any": [80]}	ON THE BOARD	{}	{}	no	no	yes
8	km3	17	477	23100170477	state	67	8	66	{"coin_cut_recorded": [67], "coin_queued_offered": [67], "coin_queued_offered_any": [67]}	ON THE BOARD	{}	{}	no	no	yes
8	km3	17	498	23100170498	lookahead	122	18	122	{}	LOOKAHEAD ONLY, both halves hold	{"cut": 2, "free": true, "queued": 3, "tick": 122}	{"built": null, "tick": 122}	no	no	yes
8	km3	18	17	23100180017	state	78	12	77	{"coin_cut_recorded": [77]}	ON THE BOARD	{}	{}	no	no	yes
8	km3	18	18	23100180018	state	43	6	42	{"coin_cut_recorded": [42]}	ON THE BOARD	{}	{}	no	no	yes
8	km3	18	19	23100180019	state	88	13	87	{"coin_cut_recorded": [87]}	ON THE BOARD	{}	{}	no	no	yes
8	km3	18	38	23100180038	state	36	4	35	{"coin_cut_recorded": [35]}	ON THE BOARD	{}	{}	no	no	yes
8	km3	18	52	23100180052	state	68	10	67	{"coin_cut_recorded": [67]}	ON THE BOARD	{}	{}	no	no	yes
8	km3	18	73	23100180073	state	72	10	71	{"coin_cut_recorded": [71]}	ON THE BOARD	{}	{}	no	no	yes
8	km3	18	82	23100180082	state	68	9	67	{"coin_cut_recorded": [67]}	ON THE BOARD	{}	{}	no	no	yes
8	km3	18	85	23100180085	state	78	10	77	{"coin_cut_recorded": [77]}	ON THE BOARD	{}	{}	no	no	yes
8	km3	18	91	23100180091	state	79	13	78	{"coin_cut_recorded": [78]}	ON THE BOARD	{}	{}	no	no	yes
8	km3	18	95	23100180095	state	106	16	105	{"coin_cut_recorded": [105]}	ON THE BOARD	{}	{}	no	no	yes
8	km3	18	98	23100180098	state	83	12	82	{"coin_cut_recorded": [82]}	ON THE BOARD	{}	{}	no	no	yes
8	km3	18	101	23100180101	state	75	11	74	{"coin_cut_recorded": [74]}	ON THE BOARD	{}	{}	no	no	yes
8	km3	18	112	23100180112	state	87	13	86	{"coin_cut_recorded": [86]}	ON THE BOARD	{}	{}	no	no	yes
8	km3	18	114	23100180114	state	77	11	76	{"coin_cut_recorded": [76]}	ON THE BOARD	{}	{}	no	no	yes
8	km3	18	127	23100180127	state	103	15	102	{"coin_cut_recorded": [102]}	ON THE BOARD	{}	{}	no	no	yes
8	km3	18	142	23100180142	state	86	13	85	{"coin_cut_recorded": [85]}	ON THE BOARD	{}	{}	no	no	yes
8	km3	18	164	23100180164	state	89	14	88	{"coin_cut_recorded": [88]}	ON THE BOARD	{}	{}	no	no	yes
8	km3	18	166	23100180166	state	90	13	89	{"coin_cut_recorded": [89]}	ON THE BOARD	{}	{}	no	no	yes
8	km3	18	169	23100180169	state	88	12	87	{"coin_cut_recorded": [87]}	ON THE BOARD	{}	{}	no	no	yes
8	km3	18	171	23100180171	state	43	7	42	{"coin_cut_recorded": [42]}	ON THE BOARD	{}	{}	no	no	yes
8	km3	18	176	23100180176	state	50	7	49	{"coin_cut_recorded": [49]}	ON THE BOARD	{}	{}	no	no	yes
8	km3	18	185	23100180185	state	64	9	63	{"coin_cut_recorded": [63]}	ON THE BOARD	{}	{}	no	no	yes
8	km3	18	186	23100180186	state	90	14	89	{"coin_cut_recorded": [89]}	ON THE BOARD	{}	{}	no	no	yes
8	km3	18	196	23100180196	state	82	12	81	{"coin_cut_recorded": [81]}	ON THE BOARD	{}	{}	no	no	yes
8	km3	18	203	23100180203	state	34	4	33	{"coin_cut_recorded": [33]}	ON THE BOARD	{}	{}	no	no	yes
8	km3	18	210	23100180210	state	72	10	71	{"coin_cut_recorded": [71]}	ON THE BOARD	{}	{}	no	no	yes
8	km3	18	217	23100180217	state	93	12	92	{"coin_cut_recorded": [92]}	ON THE BOARD	{}	{}	no	no	yes
8	km3	18	231	23100180231	state	78	10	77	{"coin_cut_recorded": [77]}	ON THE BOARD	{}	{}	no	no	yes
8	km3	18	240	23100180240	state	109	18	108	{"coin_cut_recorded": [108]}	ON THE BOARD	{}	{}	no	no	yes
8	km3	18	251	23100180251	state	89	13	88	{"coin_cut_recorded": [88]}	ON THE BOARD	{}	{}	no	no	yes
8	km3	18	259	23100180259	state	84	13	83	{"coin_cut_recorded": [83]}	ON THE BOARD	{}	{}	no	no	yes
8	km3	18	263	23100180263	state	64	9	63	{"coin_cut_recorded": [63]}	ON THE BOARD	{}	{}	no	no	yes
8	km3	18	270	23100180270	state	114	18	113	{"coin_cut_recorded": [113]}	ON THE BOARD	{}	{}	no	no	yes
8	km3	18	293	23100180293	state	83	12	82	{"coin_cut_recorded": [82]}	ON THE BOARD	{}	{}	no	no	yes
8	km3	18	295	23100180295	state	48	5	47	{"coin_cut_recorded": [47]}	ON THE BOARD	{}	{}	no	no	yes
8	km3	18	298	23100180298	state	30	4	29	{"coin_cut_recorded": [29]}	ON THE BOARD	{}	{}	no	no	yes
8	km3	18	300	23100180300	state	62	8	61	{"coin_cut_recorded": [61]}	ON THE BOARD	{}	{}	no	no	yes
8	km3	18	303	23100180303	state	128	19	127	{"coin_cut_recorded": [127]}	ON THE BOARD	{}	{}	no	no	yes
8	km3	18	315	23100180315	state	86	14	85	{"coin_cut_recorded": [85]}	ON THE BOARD	{}	{}	no	no	yes
8	km3	18	333	23100180333	state	75	10	74	{"coin_cut_recorded": [74]}	ON THE BOARD	{}	{}	no	no	yes
8	km3	18	339	23100180339	state	100	15	99	{"coin_cut_recorded": [99]}	ON THE BOARD	{}	{}	no	no	yes
8	km3	18	360	23100180360	state	52	6	51	{"coin_cut_recorded": [51]}	ON THE BOARD	{}	{}	no	no	yes
8	km3	18	361	23100180361	state	69	10	68	{"coin_cut_recorded": [68]}	ON THE BOARD	{}	{}	no	no	yes
8	km3	18	364	23100180364	state	79	13	78	{"coin_cut_recorded": [78]}	ON THE BOARD	{}	{}	no	no	yes
8	km3	18	366	23100180366	state	95	14	94	{"coin_cut_recorded": [94]}	ON THE BOARD	{}	{}	no	no	yes
8	km3	18	374	23100180374	state	79	14	78	{"coin_cut_recorded": [78]}	ON THE BOARD	{}	{}	no	no	yes
8	km3	18	389	23100180389	state	84	13	83	{"coin_cut_recorded": [83]}	ON THE BOARD	{}	{}	no	no	yes
8	km3	18	390	23100180390	state	67	11	66	{"coin_cut_recorded": [66]}	ON THE BOARD	{}	{}	no	no	yes
8	km3	18	396	23100180396	state	70	9	69	{"coin_cut_recorded": [69]}	ON THE BOARD	{}	{}	no	no	yes
8	km3	18	400	23100180400	state	29	4	28	{"coin_cut_recorded": [28]}	ON THE BOARD	{}	{}	no	no	yes
8	km3	18	407	23100180407	state	75	9	74	{"coin_cut_recorded": [74]}	ON THE BOARD	{}	{}	no	no	yes
8	km3	18	409	23100180409	state	78	12	77	{"coin_cut_recorded": [77]}	ON THE BOARD	{}	{}	no	no	yes
8	km3	18	411	23100180411	state	68	9	67	{"coin_cut_recorded": [67]}	ON THE BOARD	{}	{}	no	no	yes
8	km3	18	423	23100180423	state	63	8	62	{"coin_cut_recorded": [62]}	ON THE BOARD	{}	{}	no	no	yes
8	km3	18	428	23100180428	state	64	8	63	{"coin_cut_recorded": [63]}	ON THE BOARD	{}	{}	no	no	yes
8	km3	18	431	23100180431	state	50	7	49	{"coin_cut_recorded": [49]}	ON THE BOARD	{}	{}	no	no	yes
8	km3	18	434	23100180434	state	94	13	93	{"coin_cut_recorded": [93]}	ON THE BOARD	{}	{}	no	no	yes
8	km3	18	442	23100180442	state	92	14	91	{"coin_cut_recorded": [91]}	ON THE BOARD	{}	{}	no	no	yes
8	km3	18	460	23100180460	state	45	7	44	{"coin_cut_recorded": [44]}	ON THE BOARD	{}	{}	no	no	yes
8	km3	18	462	23100180462	state	86	16	85	{"coin_cut_recorded": [85]}	ON THE BOARD	{}	{}	no	no	yes
8	km3	18	486	23100180486	state	78	11	77	{"coin_cut_recorded": [77]}	ON THE BOARD	{}	{}	no	no	yes
8	km3	18	487	23100180487	state	117	19	116	{"coin_cut_recorded": [116]}	ON THE BOARD	{}	{}	no	no	yes
8	km3	19	17	23100190017	state	35	4	34	{"coin_queued_offered": [35], "coin_queued_offered_any": [35]}	ON THE BOARD	{}	{}	no	no	yes
8	km3	19	22	23100190022	state	43	6	42	{"coin_queued_offered": [43], "coin_queued_offered_any": [43]}	ON THE BOARD	{}	{}	no	no	yes
8	km3	19	26	23100190026	state	46	6	45	{"coin_cut_recorded": [46], "coin_queued_offered": [46], "coin_queued_offered_any": [46]}	ON THE BOARD	{}	{}	no	no	yes
8	km3	19	27	23100190027	state	96	14	95	{"coin_cut_recorded": [96], "coin_queued_offered": [96], "coin_queued_offered_any": [96]}	ON THE BOARD	{}	{}	no	no	yes
8	km3	19	36	23100190036	state	40	5	39	{"coin_queued_offered": [40], "coin_queued_offered_any": [40]}	ON THE BOARD	{}	{}	no	no	yes
8	km3	19	39	23100190039	lookahead	33	4	33	{}	LOOKAHEAD ONLY, both halves hold	{"cut": 2, "free": true, "queued": 1, "tick": 33}	{"built": null, "tick": 33}	no	no	yes
8	km3	19	50	23100190050	state	32	4	31	{"coin_queued_offered": [32], "coin_queued_offered_any": [32]}	ON THE BOARD	{}	{}	no	no	yes
8	km3	19	62	23100190062	state	34	4	33	{"coin_queued_offered": [34], "coin_queued_offered_any": [34]}	ON THE BOARD	{}	{}	no	no	yes
8	km3	19	65	23100190065	state	44	6	43	{"coin_queued_offered": [44], "coin_queued_offered_any": [44]}	ON THE BOARD	{}	{}	no	no	yes
8	km3	19	73	23100190073	lookahead	43	6	43	{}	LOOKAHEAD ONLY, both halves hold	{"cut": 2, "free": true, "queued": 1, "tick": 43}	{"built": null, "tick": 43}	no	no	yes
8	km3	19	91	23100190091	state	35	4	34	{"coin_queued_offered": [35], "coin_queued_offered_any": [35]}	ON THE BOARD	{}	{}	no	no	yes
8	km3	19	104	23100190104	lookahead	35	5	35	{}	LOOKAHEAD ONLY, both halves hold	{"cut": 2, "free": true, "queued": 1, "tick": 35}	{"built": null, "tick": 35}	no	no	yes
8	km3	19	114	23100190114	state	41	5	40	{"coin_queued_offered": [41], "coin_queued_offered_any": [41]}	ON THE BOARD	{}	{}	no	no	yes
8	km3	19	117	23100190117	state	46	5	45	{"coin_queued_offered": [46], "coin_queued_offered_any": [46]}	ON THE BOARD	{}	{}	no	no	yes
8	km3	19	130	23100190130	state	67	9	66	{"coin_cut_recorded": [67], "coin_queued_offered": [67], "coin_queued_offered_any": [67]}	ON THE BOARD	{}	{}	no	no	yes
8	km3	19	134	23100190134	lookahead	33	4	33	{}	LOOKAHEAD ONLY, both halves hold	{"cut": 3, "free": true, "queued": 2, "tick": 33}	{"built": null, "tick": 33}	no	no	yes
8	km3	19	138	23100190138	state	27	4	26	{"coin_cut_recorded": [27], "coin_queued_offered": [27], "coin_queued_offered_any": [27]}	ON THE BOARD	{}	{}	no	no	yes
8	km3	19	146	23100190146	state	40	5	39	{"coin_queued_offered": [40], "coin_queued_offered_any": [40]}	ON THE BOARD	{}	{}	no	no	yes
8	km3	19	153	23100190153	state	35	4	34	{"coin_queued_offered": [35], "coin_queued_offered_any": [35]}	ON THE BOARD	{}	{}	no	no	yes
8	km3	19	163	23100190163	lookahead	29	4	29	{}	LOOKAHEAD ONLY, both halves hold	{"cut": 2, "free": true, "queued": 1, "tick": 29}	{"built": null, "tick": 29}	no	no	yes
8	km3	19	168	23100190168	state	36	4	35	{"coin_queued_offered": [36], "coin_queued_offered_any": [36]}	ON THE BOARD	{}	{}	no	no	yes
8	km3	19	177	23100190177	state	35	4	34	{"coin_queued_offered": [35], "coin_queued_offered_any": [35]}	ON THE BOARD	{}	{}	no	no	yes
8	km3	19	181	23100190181	state	37	5	36	{"coin_queued_offered": [37], "coin_queued_offered_any": [37]}	ON THE BOARD	{}	{}	no	no	yes
8	km3	19	189	23100190189	state	63	10	62	{"coin_cut_recorded": [63], "coin_queued_offered": [63], "coin_queued_offered_any": [63]}	ON THE BOARD	{}	{}	no	no	yes
8	km3	19	214	23100190214	state	48	6	47	{"coin_queued_offered": [48], "coin_queued_offered_any": [48]}	ON THE BOARD	{}	{}	no	no	yes
8	km3	19	256	23100190256	state	39	5	38	{"coin_queued_offered": [39], "coin_queued_offered_any": [39]}	ON THE BOARD	{}	{}	no	no	yes
8	km3	19	268	23100190268	state	35	5	34	{"coin_cut_recorded": [35], "coin_queued_offered": [35], "coin_queued_offered_any": [35]}	ON THE BOARD	{}	{}	no	no	yes
8	km3	19	269	23100190269	state	32	4	31	{"coin_cut_recorded": [32], "coin_queued_offered": [32], "coin_queued_offered_any": [32]}	ON THE BOARD	{}	{}	no	no	yes
8	km3	19	272	23100190272	state	33	4	32	{"coin_cut_recorded": [33], "coin_queued_offered": [33], "coin_queued_offered_any": [33]}	ON THE BOARD	{}	{}	no	no	yes
8	km3	19	291	23100190291	state	38	4	37	{"coin_queued_offered": [38], "coin_queued_offered_any": [38]}	ON THE BOARD	{}	{}	no	no	yes
8	km3	19	298	23100190298	state	34	4	33	{"coin_queued_offered": [34], "coin_queued_offered_any": [34]}	ON THE BOARD	{}	{}	no	no	yes
8	km3	19	299	23100190299	state	35	4	34	{"coin_queued_offered": [35], "coin_queued_offered_any": [35]}	ON THE BOARD	{}	{}	no	no	yes
8	km3	19	304	23100190304	state	30	4	29	{"coin_queued_offered": [30], "coin_queued_offered_any": [30]}	ON THE BOARD	{}	{}	no	no	yes
8	km3	19	305	23100190305	state	30	4	29	{"coin_queued_offered": [30], "coin_queued_offered_any": [30]}	ON THE BOARD	{}	{}	no	no	yes
8	km3	19	325	23100190325	state	55	7	54	{"coin_cut_recorded": [55], "coin_queued_offered": [55], "coin_queued_offered_any": [55]}	ON THE BOARD	{}	{}	no	no	yes
8	km3	19	334	23100190334	state	46	5	45	{"coin_queued_offered": [46], "coin_queued_offered_any": [46]}	ON THE BOARD	{}	{}	no	no	yes
8	km3	19	350	23100190350	state	75	11	74	{"coin_cut_recorded": [75], "coin_queued_offered": [75], "coin_queued_offered_any": [75]}	ON THE BOARD	{}	{}	no	no	yes
8	km3	19	366	23100190366	state	31	4	30	{"coin_queued_offered": [31], "coin_queued_offered_any": [31]}	ON THE BOARD	{}	{}	no	no	yes
8	km3	19	367	23100190367	state	73	10	72	{"coin_cut_recorded": [73], "coin_queued_offered": [73], "coin_queued_offered_any": [73]}	ON THE BOARD	{}	{}	no	no	yes
8	km3	19	396	23100190396	state	47	7	46	{"coin_cut_recorded": [47], "coin_queued_offered": [47], "coin_queued_offered_any": [47]}	ON THE BOARD	{}	{}	no	no	yes
8	km3	19	402	23100190402	state	75	9	74	{"coin_queued_offered": [75], "coin_queued_offered_any": [75]}	ON THE BOARD	{}	{}	no	no	yes
8	km3	19	407	23100190407	state	34	5	33	{"coin_queued_offered": [34], "coin_queued_offered_any": [34]}	ON THE BOARD	{}	{}	no	no	yes
8	km3	19	431	23100190431	state	79	9	78	{"coin_cut_recorded": [79], "coin_queued_offered": [79], "coin_queued_offered_any": [79]}	ON THE BOARD	{}	{}	no	no	yes
8	km3	19	438	23100190438	state	48	6	47	{"coin_queued_offered": [48], "coin_queued_offered_any": [48]}	ON THE BOARD	{}	{}	no	no	yes
8	km3	19	456	23100190456	state	38	5	37	{"coin_queued_offered": [38], "coin_queued_offered_any": [38]}	ON THE BOARD	{}	{}	no	no	yes
8	km3	19	460	23100190460	state	40	6	39	{"coin_queued_offered": [40], "coin_queued_offered_any": [40]}	ON THE BOARD	{}	{}	no	no	yes
8	km3	19	468	23100190468	state	61	7	60	{"coin_queued_offered": [61], "coin_queued_offered_any": [61]}	ON THE BOARD	{}	{}	no	no	yes
8	km3	19	476	23100190476	state	39	5	38	{"coin_queued_offered": [39], "coin_queued_offered_any": [39]}	ON THE BOARD	{}	{}	no	no	yes
8	km3	19	477	23100190477	state	32	4	31	{"coin_cut_recorded": [32], "coin_queued_offered": [32], "coin_queued_offered_any": [32]}	ON THE BOARD	{}	{}	no	no	yes
8	km3	19	490	23100190490	state	56	7	55	{"coin_queued_offered": [56], "coin_queued_offered_any": [56]}	ON THE BOARD	{}	{}	no	no	yes
8	km3	19	493	23100190493	state	35	5	34	{"coin_queued_offered": [35], "coin_queued_offered_any": [35]}	ON THE BOARD	{}	{}	no	no	yes
8	km3	19	498	23100190498	lookahead	57	8	57	{}	LOOKAHEAD ONLY, both halves hold	{"cut": 2, "free": true, "queued": 1, "tick": 57}	{"built": null, "tick": 57}	no	no	yes
8	km3	20	20	23100200020	state	33	4	32	{"coin_queued_offered": [33], "coin_queued_offered_any": [33]}	ON THE BOARD	{}	{}	no	no	yes
8	km3	20	64	23100200064	state	62	9	61	{"coin_queued_offered": [62], "coin_queued_offered_any": [62]}	ON THE BOARD	{}	{}	no	no	yes
8	km3	20	65	23100200065	state	51	6	50	{"coin_cut_recorded": [51], "coin_queued_offered": [51], "coin_queued_offered_any": [51]}	ON THE BOARD	{}	{}	no	no	yes
8	km3	20	156	23100200156	state	42	6	41	{"coin_queued_offered": [42], "coin_queued_offered_any": [42]}	ON THE BOARD	{}	{}	no	no	yes
8	km3	20	160	23100200160	lookahead	45	6	45	{}	LOOKAHEAD ONLY, both halves hold	{"cut": 2, "free": false, "queued": 1, "tick": 45}	{"built": null, "tick": 45}	no	no	yes
8	km3	20	194	23100200194	state	80	11	79	{"coin_cut_recorded": [80], "coin_queued_offered": [80], "coin_queued_offered_any": [80]}	ON THE BOARD	{}	{}	no	no	yes
8	km3	20	213	23100200213	state	36	4	35	{"coin_queued_offered": [36], "coin_queued_offered_any": [36]}	ON THE BOARD	{}	{}	no	no	yes
8	km3	20	255	23100200255	state	49	6	48	{"coin_cut_recorded": [49], "coin_queued_offered": [49], "coin_queued_offered_any": [49]}	ON THE BOARD	{}	{}	no	no	yes
8	km3	20	265	23100200265	state	45	6	44	{"coin_queued_offered": [45], "coin_queued_offered_any": [45]}	ON THE BOARD	{}	{}	no	no	yes
8	km3	20	278	23100200278	state	89	11	88	{"coin_cut_recorded": [89], "coin_queued_offered": [89], "coin_queued_offered_any": [89]}	ON THE BOARD	{}	{}	no	no	yes
8	km3	20	286	23100200286	state	68	9	67	{"coin_cut_recorded": [68], "coin_queued_offered": [68], "coin_queued_offered_any": [68]}	ON THE BOARD	{}	{}	no	no	yes
8	km3	20	323	23100200323	lookahead	37	6	37	{}	LOOKAHEAD ONLY, both halves hold	{"cut": 2, "free": true, "queued": 1, "tick": 37}	{"built": null, "tick": 37}	no	no	yes
8	km3	20	325	23100200325	state	36	4	35	{"coin_queued_offered": [36], "coin_queued_offered_any": [36]}	ON THE BOARD	{}	{}	no	no	yes
8	km3	20	397	23100200397	state	31	4	30	{"coin_queued_offered": [31], "coin_queued_offered_any": [31]}	ON THE BOARD	{}	{}	no	no	yes
8	km3	20	435	23100200435	state	34	4	33	{"coin_queued_offered": [34], "coin_queued_offered_any": [34]}	ON THE BOARD	{}	{}	no	no	yes
8	km3	20	444	23100200444	state	32	4	31	{"coin_queued_offered": [32], "coin_queued_offered_any": [32]}	ON THE BOARD	{}	{}	no	no	yes
8	km3	20	488	23100200488	lookahead	109	16	109	{}	LOOKAHEAD ONLY, both halves hold	{"cut": 2, "free": true, "queued": 1, "tick": 109}	{"built": null, "tick": 109}	no	no	yes
8	km3	20	490	23100200490	state	28	4	27	{"coin_cut_recorded": [28], "coin_queued_offered": [28], "coin_queued_offered_any": [28]}	ON THE BOARD	{}	{}	no	no	yes
8	km3	21	16	23100210016	lookahead	125	21	125	{}	LOOKAHEAD ONLY, both halves hold	{"cut": 1, "free": true, "queued": 1, "tick": 125}	{"built": null, "tick": 125}	no	no	yes
8	km3	21	19	23100210019	lookahead	144	23	144	{}	LOOKAHEAD ONLY, both halves hold	{"cut": 1, "free": true, "queued": 3, "tick": 144}	{"built": null, "tick": 144}	no	no	yes
8	km3	21	20	23100210020	lookahead	86	12	86	{}	LOOKAHEAD ONLY, both halves hold	{"cut": 1, "free": true, "queued": 1, "tick": 86}	{"built": null, "tick": 86}	no	no	yes
8	km3	21	21	23100210021	state	70	11	69	{"coin_cut_recorded": [70], "coin_queued_offered": [70], "coin_queued_offered_any": [70]}	ON THE BOARD	{}	{}	no	no	yes
8	km3	21	22	23100210022	lookahead	117	19	117	{}	LOOKAHEAD ONLY, both halves hold	{"cut": 1, "free": true, "queued": 3, "tick": 117}	{"built": null, "tick": 117}	no	no	yes
8	km3	21	33	23100210033	lookahead	98	14	98	{}	LOOKAHEAD ONLY, both halves hold	{"cut": 1, "free": true, "queued": 1, "tick": 98}	{"built": null, "tick": 98}	no	no	yes
8	km3	21	34	23100210034	state	64	8	63	{"coin_queued_offered": [64], "coin_queued_offered_any": [64]}	ON THE BOARD	{}	{}	no	no	yes
8	km3	21	43	23100210043	lookahead	104	16	104	{}	LOOKAHEAD ONLY, both halves hold	{"cut": 1, "free": true, "queued": 3, "tick": 104}	{"built": null, "tick": 104}	no	no	yes
8	km3	21	51	23100210051	state	100	14	99	{"coin_queued_offered": [100], "coin_queued_offered_any": [100]}	ON THE BOARD	{}	{}	no	no	yes
8	km3	21	59	23100210059	lookahead	127	20	127	{}	LOOKAHEAD ONLY, both halves hold	{"cut": 1, "free": true, "queued": 3, "tick": 127}	{"built": null, "tick": 127}	no	no	yes
8	km3	21	65	23100210065	lookahead	114	19	114	{}	LOOKAHEAD ONLY, both halves hold	{"cut": 1, "free": true, "queued": 3, "tick": 114}	{"built": null, "tick": 114}	no	no	yes
8	km3	21	81	23100210081	lookahead	102	17	102	{}	LOOKAHEAD ONLY, both halves hold	{"cut": 1, "free": true, "queued": 3, "tick": 102}	{"built": null, "tick": 102}	no	no	yes
8	km3	21	122	23100210122	state	126	18	125	{"coin_cut_recorded": [126], "coin_queued_offered": [126], "coin_queued_offered_any": [126]}	ON THE BOARD	{}	{}	no	no	yes
8	km3	21	137	23100210137	lookahead	108	18	108	{}	LOOKAHEAD ONLY, both halves hold	{"cut": 1, "free": true, "queued": 3, "tick": 108}	{"built": null, "tick": 108}	no	no	yes
8	km3	21	146	23100210146	state	85	12	84	{"coin_cut_recorded": [85], "coin_queued_offered": [85], "coin_queued_offered_any": [85]}	ON THE BOARD	{}	{}	no	no	yes
8	km3	21	186	23100210186	lookahead	76	12	76	{}	LOOKAHEAD ONLY, both halves hold	{"cut": 1, "free": true, "queued": 3, "tick": 76}	{"built": null, "tick": 76}	no	no	yes
8	km3	21	201	23100210201	state	77	10	76	{"coin_cut_recorded": [77], "coin_queued_offered": [77], "coin_queued_offered_any": [77]}	ON THE BOARD	{}	{}	no	no	yes
8	km3	21	231	23100210231	state	41	7	40	{"coin_queued_offered": [41], "coin_queued_offered_any": [41]}	ON THE BOARD	{}	{}	no	no	yes
8	km3	21	258	23100210258	state	131	19	130	{"coin_cut_recorded": [131], "coin_queued_offered": [131], "coin_queued_offered_any": [131]}	ON THE BOARD	{}	{}	no	no	yes
8	km3	21	260	23100210260	state	30	4	29	{"coin_queued_offered": [30], "coin_queued_offered_any": [30]}	ON THE BOARD	{}	{}	no	no	yes
8	km3	21	272	23100210272	state	37	5	36	{"coin_queued_offered": [37], "coin_queued_offered_any": [37]}	ON THE BOARD	{}	{}	no	no	yes
8	km3	21	310	23100210310	lookahead	87	12	87	{}	UNEXPLAINED	{"cut": null, "free": false, "queued": null, "tick": 87}	{"built": null, "tick": 87}	no	no	yes
8	km3	21	335	23100210335	lookahead	115	18	115	{}	LOOKAHEAD ONLY, both halves hold	{"cut": 1, "free": true, "queued": 3, "tick": 115}	{"built": null, "tick": 115}	no	no	yes
8	km3	21	343	23100210343	state	122	17	121	{"coin_cut_recorded": [122], "coin_queued_offered": [122], "coin_queued_offered_any": [122]}	ON THE BOARD	{}	{}	no	no	yes
8	km3	21	356	23100210356	lookahead	110	16	110	{}	LOOKAHEAD ONLY, both halves hold	{"cut": 1, "free": true, "queued": 3, "tick": 110}	{"built": null, "tick": 110}	no	no	yes
8	km3	21	365	23100210365	state	28	4	27	{"coin_queued_offered": [28], "coin_queued_offered_any": [28]}	ON THE BOARD	{}	{}	no	no	yes
8	km3	21	383	23100210383	state	89	11	88	{"coin_queued_offered": [89], "coin_queued_offered_any": [89]}	ON THE BOARD	{}	{}	no	no	yes
8	km3	21	417	23100210417	state	84	12	83	{"coin_queued_offered": [84], "coin_queued_offered_any": [84]}	ON THE BOARD	{}	{}	no	no	yes
8	km3	21	424	23100210424	lookahead	154	26	154	{}	LOOKAHEAD ONLY, both halves hold	{"cut": 1, "free": true, "queued": 3, "tick": 154}	{"built": null, "tick": 154}	no	no	yes
8	km3	21	458	23100210458	lookahead	122	18	122	{}	LOOKAHEAD ONLY, both halves hold	{"cut": 1, "free": true, "queued": 3, "tick": 122}	{"built": null, "tick": 122}	no	no	yes
8	km3	21	465	23100210465	state	80	11	79	{"coin_queued_offered": [80], "coin_queued_offered_any": [80]}	ON THE BOARD	{}	{}	no	no	yes
8	km3	21	485	23100210485	lookahead	115	17	115	{}	LOOKAHEAD ONLY, both halves hold	{"cut": 1, "free": true, "queued": 3, "tick": 115}	{"built": null, "tick": 115}	no	no	yes
8	km3	21	488	23100210488	state	79	10	78	{"coin_queued_offered": [79], "coin_queued_offered_any": [79]}	ON THE BOARD	{}	{}	no	no	yes
8	km3	21	489	23100210489	state	37	5	36	{"coin_queued_offered": [37], "coin_queued_offered_any": [37]}	ON THE BOARD	{}	{}	no	no	yes
8	km3	21	493	23100210493	state	86	13	85	{"coin_queued_offered": [86], "coin_queued_offered_any": [86]}	ON THE BOARD	{}	{}	no	no	yes
8	km3	21	494	23100210494	lookahead	119	18	119	{}	LOOKAHEAD ONLY, both halves hold	{"cut": 1, "free": true, "queued": 3, "tick": 119}	{"built": null, "tick": 119}	no	no	yes
8	km3	21	499	23100210499	state	72	10	71	{"coin_queued_offered": [72], "coin_queued_offered_any": [72]}	ON THE BOARD	{}	{}	no	no	yes
8	km3	22	1	23100220001	lookahead	72	9	72	{}	LOOKAHEAD ONLY, both halves hold	{"cut": 2, "free": false, "queued": 1, "tick": 72}	{"built": null, "tick": 72}	no	no	yes
8	km3	22	3	23100220003	lookahead	54	8	54	{}	LOOKAHEAD ONLY, both halves hold	{"cut": 2, "free": false, "queued": 1, "tick": 54}	{"built": null, "tick": 54}	no	no	yes
8	km3	22	5	23100220005	state	79	11	78	{"coin_queued_offered": [79], "coin_queued_offered_any": [79]}	ON THE BOARD	{}	{}	no	no	yes
8	km3	22	6	23100220006	state	51	7	50	{"coin_queued_offered": [51], "coin_queued_offered_any": [51]}	ON THE BOARD	{}	{}	no	no	yes
8	km3	22	8	23100220008	lookahead	63	9	63	{}	LOOKAHEAD ONLY, both halves hold	{"cut": 2, "free": false, "queued": 1, "tick": 63}	{"built": null, "tick": 63}	no	no	yes
8	km3	22	9	23100220009	state	67	9	66	{"coin_queued_offered": [67], "coin_queued_offered_any": [67]}	ON THE BOARD	{}	{}	no	no	yes
8	km3	22	10	23100220010	lookahead	56	8	56	{}	LOOKAHEAD ONLY, both halves hold	{"cut": 2, "free": false, "queued": 1, "tick": 56}	{"built": null, "tick": 56}	no	no	yes
8	km3	22	13	23100220013	lookahead	59	8	59	{}	LOOKAHEAD ONLY, both halves hold	{"cut": 2, "free": false, "queued": 1, "tick": 59}	{"built": null, "tick": 59}	no	no	yes
8	km3	22	15	23100220015	lookahead	105	13	105	{}	LOOKAHEAD ONLY, both halves hold	{"cut": 2, "free": false, "queued": 1, "tick": 105}	{"built": null, "tick": 105}	no	no	yes
8	km3	22	16	23100220016	state	49	6	48	{"coin_queued_offered": [49], "coin_queued_offered_any": [49]}	ON THE BOARD	{}	{}	no	no	yes
8	km3	22	18	23100220018	lookahead	48	7	48	{}	LOOKAHEAD ONLY, both halves hold	{"cut": 2, "free": false, "queued": 1, "tick": 48}	{"built": null, "tick": 48}	no	no	yes
8	km3	22	20	23100220020	lookahead	52	7	52	{}	LOOKAHEAD ONLY, both halves hold	{"cut": 3, "free": false, "queued": 2, "tick": 52}	{"built": null, "tick": 52}	no	no	yes
8	km3	22	21	23100220021	state	54	7	53	{"coin_queued_offered": [54], "coin_queued_offered_any": [54]}	ON THE BOARD	{}	{}	no	no	yes
8	km3	22	22	23100220022	state	40	6	39	{"coin_queued_offered": [40], "coin_queued_offered_any": [40]}	ON THE BOARD	{}	{}	no	no	yes
8	km3	22	23	23100220023	state	42	6	41	{"coin_queued_offered": [42], "coin_queued_offered_any": [42]}	ON THE BOARD	{}	{}	no	no	yes
8	km3	22	25	23100220025	state	67	10	66	{"coin_queued_offered": [67], "coin_queued_offered_any": [67]}	ON THE BOARD	{}	{}	no	no	yes
8	km3	22	27	23100220027	lookahead	78	11	78	{}	LOOKAHEAD ONLY, both halves hold	{"cut": 2, "free": false, "queued": 1, "tick": 78}	{"built": null, "tick": 78}	no	no	yes
8	km3	22	28	23100220028	lookahead	80	9	80	{}	LOOKAHEAD ONLY, both halves hold	{"cut": 2, "free": false, "queued": 1, "tick": 80}	{"built": null, "tick": 80}	no	no	yes
8	km3	22	29	23100220029	lookahead	40	6	40	{}	LOOKAHEAD ONLY, both halves hold	{"cut": 2, "free": false, "queued": 1, "tick": 40}	{"built": null, "tick": 40}	no	no	yes
8	km3	22	31	23100220031	lookahead	82	11	82	{}	LOOKAHEAD ONLY, both halves hold	{"cut": 2, "free": false, "queued": 1, "tick": 82}	{"built": null, "tick": 82}	no	no	yes
8	km3	22	33	23100220033	lookahead	36	5	36	{}	LOOKAHEAD ONLY, both halves hold	{"cut": 2, "free": false, "queued": 1, "tick": 36}	{"built": null, "tick": 36}	no	no	yes
8	km3	22	34	23100220034	state	69	10	68	{"coin_queued_offered": [69], "coin_queued_offered_any": [69]}	ON THE BOARD	{}	{}	no	no	yes
8	km3	22	35	23100220035	lookahead	82	12	82	{}	LOOKAHEAD ONLY, both halves hold	{"cut": 2, "free": false, "queued": 1, "tick": 82}	{"built": null, "tick": 82}	no	no	yes
8	km3	22	37	23100220037	lookahead	62	8	62	{}	LOOKAHEAD ONLY, both halves hold	{"cut": 2, "free": false, "queued": 1, "tick": 62}	{"built": null, "tick": 62}	no	no	yes
8	km3	22	39	23100220039	state	72	10	71	{"coin_queued_offered": [72], "coin_queued_offered_any": [72]}	ON THE BOARD	{}	{}	no	no	yes
8	km3	22	40	23100220040	lookahead	81	14	81	{}	LOOKAHEAD ONLY, both halves hold	{"cut": 2, "free": false, "queued": 1, "tick": 81}	{"built": null, "tick": 81}	no	no	yes
8	km3	22	44	23100220044	lookahead	75	9	75	{}	LOOKAHEAD ONLY, both halves hold	{"cut": 2, "free": false, "queued": 1, "tick": 75}	{"built": null, "tick": 75}	no	no	yes
8	km3	22	46	23100220046	lookahead	25	4	25	{}	LOOKAHEAD ONLY, both halves hold	{"cut": 2, "free": false, "queued": 1, "tick": 25}	{"built": null, "tick": 25}	no	no	yes
8	km3	22	47	23100220047	state	77	10	76	{"coin_queued_offered": [77], "coin_queued_offered_any": [77]}	ON THE BOARD	{}	{}	no	no	yes
8	km3	22	48	23100220048	lookahead	106	15	106	{}	LOOKAHEAD ONLY, both halves hold	{"cut": 2, "free": false, "queued": 1, "tick": 106}	{"built": null, "tick": 106}	no	no	yes
8	km3	22	51	23100220051	state	56	8	55	{"coin_queued_offered": [56], "coin_queued_offered_any": [56]}	ON THE BOARD	{}	{}	no	no	yes
8	km3	22	52	23100220052	lookahead	93	14	93	{}	LOOKAHEAD ONLY, both halves hold	{"cut": 2, "free": false, "queued": 1, "tick": 93}	{"built": null, "tick": 93}	no	no	yes
8	km3	22	54	23100220054	lookahead	100	12	100	{}	LOOKAHEAD ONLY, both halves hold	{"cut": 2, "free": false, "queued": 1, "tick": 100}	{"built": null, "tick": 100}	no	no	yes
8	km3	22	55	23100220055	state	59	8	58	{"coin_queued_offered": [59], "coin_queued_offered_any": [59]}	ON THE BOARD	{}	{}	no	no	yes
8	km3	22	59	23100220059	lookahead	75	12	75	{}	LOOKAHEAD ONLY, both halves hold	{"cut": 2, "free": false, "queued": 1, "tick": 75}	{"built": null, "tick": 75}	no	no	yes
8	km3	22	60	23100220060	lookahead	55	7	55	{}	LOOKAHEAD ONLY, both halves hold	{"cut": 2, "free": false, "queued": 1, "tick": 55}	{"built": null, "tick": 55}	no	no	yes
8	km3	22	61	23100220061	state	48	7	47	{"coin_queued_offered": [48], "coin_queued_offered_any": [48]}	ON THE BOARD	{}	{}	no	no	yes
8	km3	22	63	23100220063	lookahead	104	13	104	{}	LOOKAHEAD ONLY, both halves hold	{"cut": 2, "free": false, "queued": 1, "tick": 104}	{"built": null, "tick": 104}	no	no	yes
8	km3	22	64	23100220064	state	61	9	60	{"coin_queued_offered": [61], "coin_queued_offered_any": [61]}	ON THE BOARD	{}	{}	no	no	yes
8	km3	22	65	23100220065	lookahead	40	7	40	{}	LOOKAHEAD ONLY, both halves hold	{"cut": 2, "free": false, "queued": 1, "tick": 40}	{"built": null, "tick": 40}	no	no	yes
8	km3	22	67	23100220067	state	55	7	54	{"coin_queued_offered": [55], "coin_queued_offered_any": [55]}	ON THE BOARD	{}	{}	no	no	yes
8	km3	22	70	23100220070	state	68	10	67	{"coin_queued_offered": [68], "coin_queued_offered_any": [68]}	ON THE BOARD	{}	{}	no	no	yes
8	km3	22	72	23100220072	state	34	5	33	{"coin_queued_offered": [34], "coin_queued_offered_any": [34]}	ON THE BOARD	{}	{}	no	no	yes
8	km3	22	74	23100220074	lookahead	43	6	43	{}	LOOKAHEAD ONLY, both halves hold	{"cut": 2, "free": false, "queued": 1, "tick": 43}	{"built": null, "tick": 43}	no	no	yes
8	km3	22	75	23100220075	state	65	10	64	{"coin_queued_offered": [65], "coin_queued_offered_any": [65]}	ON THE BOARD	{}	{}	no	no	yes
8	km3	22	76	23100220076	lookahead	57	8	57	{}	LOOKAHEAD ONLY, both halves hold	{"cut": 2, "free": false, "queued": 1, "tick": 57}	{"built": null, "tick": 57}	no	no	yes
8	km3	22	77	23100220077	state	61	8	60	{"coin_queued_offered": [61], "coin_queued_offered_any": [61]}	ON THE BOARD	{}	{}	no	no	yes
8	km3	22	78	23100220078	lookahead	74	11	74	{}	LOOKAHEAD ONLY, both halves hold	{"cut": 2, "free": false, "queued": 1, "tick": 74}	{"built": null, "tick": 74}	no	no	yes
8	km3	22	79	23100220079	lookahead	43	5	43	{}	LOOKAHEAD ONLY, both halves hold	{"cut": 2, "free": false, "queued": 1, "tick": 43}	{"built": null, "tick": 43}	no	no	yes
8	km3	22	80	23100220080	state	98	13	97	{"coin_queued_offered": [98], "coin_queued_offered_any": [98]}	ON THE BOARD	{}	{}	no	no	yes
8	km3	22	82	23100220082	state	89	11	88	{"coin_queued_offered": [89], "coin_queued_offered_any": [89]}	ON THE BOARD	{}	{}	no	no	yes
8	km3	22	83	23100220083	lookahead	53	7	53	{}	LOOKAHEAD ONLY, both halves hold	{"cut": 2, "free": false, "queued": 1, "tick": 53}	{"built": null, "tick": 53}	no	no	yes
8	km3	22	85	23100220085	lookahead	69	10	69	{}	LOOKAHEAD ONLY, both halves hold	{"cut": 2, "free": false, "queued": 2, "tick": 69}	{"built": null, "tick": 69}	no	no	yes
8	km3	22	87	23100220087	state	65	8	64	{"coin_queued_offered": [65], "coin_queued_offered_any": [65]}	ON THE BOARD	{}	{}	no	no	yes
8	km3	22	88	23100220088	lookahead	78	10	78	{}	LOOKAHEAD ONLY, both halves hold	{"cut": 2, "free": false, "queued": 1, "tick": 78}	{"built": null, "tick": 78}	no	no	yes
8	km3	22	91	23100220091	state	80	10	79	{"coin_cut_recorded": [80], "coin_queued_offered": [80], "coin_queued_offered_any": [80]}	ON THE BOARD	{}	{}	no	no	yes
8	km3	22	92	23100220092	state	43	6	42	{"coin_queued_offered": [43], "coin_queued_offered_any": [43]}	ON THE BOARD	{}	{}	no	no	yes
8	km3	22	93	23100220093	state	65	10	64	{"coin_queued_offered": [65], "coin_queued_offered_any": [65]}	ON THE BOARD	{}	{}	no	no	yes
8	km3	22	94	23100220094	state	76	9	75	{"coin_queued_offered": [76], "coin_queued_offered_any": [76]}	ON THE BOARD	{}	{}	no	no	yes
8	km3	22	97	23100220097	state	42	6	41	{"coin_queued_offered": [42], "coin_queued_offered_any": [42]}	ON THE BOARD	{}	{}	no	no	yes
8	km3	22	98	23100220098	lookahead	71	10	71	{}	LOOKAHEAD ONLY, both halves hold	{"cut": 2, "free": false, "queued": 1, "tick": 71}	{"built": null, "tick": 71}	no	no	yes
8	km3	22	99	23100220099	state	72	11	71	{"coin_queued_offered": [72], "coin_queued_offered_any": [72]}	ON THE BOARD	{}	{}	no	no	yes
8	km3	22	100	23100220100	lookahead	74	10	74	{"coin_cut_recorded": [74]}	ON THE BOARD	{}	{}	no	no	yes
8	km3	22	101	23100220101	lookahead	60	9	60	{}	LOOKAHEAD ONLY, both halves hold	{"cut": 2, "free": false, "queued": 1, "tick": 60}	{"built": null, "tick": 60}	no	no	yes
8	km3	22	102	23100220102	state	47	6	46	{"coin_queued_offered": [47], "coin_queued_offered_any": [47]}	ON THE BOARD	{}	{}	no	no	yes
8	km3	22	103	23100220103	state	73	10	72	{"coin_queued_offered": [73], "coin_queued_offered_any": [73]}	ON THE BOARD	{}	{}	no	no	yes
8	km3	22	104	23100220104	lookahead	44	5	44	{}	LOOKAHEAD ONLY, both halves hold	{"cut": 2, "free": false, "queued": 1, "tick": 44}	{"built": null, "tick": 44}	no	no	yes
8	km3	22	105	23100220105	lookahead	66	9	66	{}	LOOKAHEAD ONLY, both halves hold	{"cut": 2, "free": false, "queued": 1, "tick": 66}	{"built": null, "tick": 66}	no	no	yes
8	km3	22	109	23100220109	lookahead	90	13	90	{}	LOOKAHEAD ONLY, both halves hold	{"cut": 1, "free": false, "queued": 2, "tick": 90}	{"built": null, "tick": 90}	no	no	yes
8	km3	22	110	23100220110	state	57	9	56	{"coin_queued_offered": [57], "coin_queued_offered_any": [57]}	ON THE BOARD	{}	{}	no	no	yes
8	km3	22	114	23100220114	lookahead	68	10	68	{}	LOOKAHEAD ONLY, both halves hold	{"cut": 2, "free": false, "queued": 1, "tick": 68}	{"built": null, "tick": 68}	no	no	yes
8	km3	22	115	23100220115	state	42	7	41	{"coin_queued_offered": [42], "coin_queued_offered_any": [42]}	ON THE BOARD	{}	{}	no	no	yes
8	km3	22	117	23100220117	lookahead	77	10	77	{}	LOOKAHEAD ONLY, both halves hold	{"cut": 2, "free": false, "queued": 1, "tick": 77}	{"built": null, "tick": 77}	no	no	yes
8	km3	22	119	23100220119	state	76	11	75	{"coin_queued_offered": [76], "coin_queued_offered_any": [76]}	ON THE BOARD	{}	{}	no	no	yes
8	km3	22	120	23100220120	lookahead	76	11	76	{}	LOOKAHEAD ONLY, both halves hold	{"cut": 2, "free": false, "queued": 1, "tick": 76}	{"built": null, "tick": 76}	no	no	yes
8	km3	22	122	23100220122	lookahead	41	5	41	{}	LOOKAHEAD ONLY, both halves hold	{"cut": 2, "free": false, "queued": 1, "tick": 41}	{"built": null, "tick": 41}	no	no	yes
8	km3	22	123	23100220123	state	61	9	60	{"coin_queued_offered": [61], "coin_queued_offered_any": [61]}	ON THE BOARD	{}	{}	no	no	yes
8	km3	22	124	23100220124	state	61	7	60	{"coin_queued_offered": [61], "coin_queued_offered_any": [61]}	ON THE BOARD	{}	{}	no	no	yes
8	km3	22	128	23100220128	lookahead	64	8	64	{}	LOOKAHEAD ONLY, both halves hold	{"cut": 2, "free": false, "queued": 1, "tick": 64}	{"built": null, "tick": 64}	no	no	yes
8	km3	22	129	23100220129	lookahead	72	11	72	{}	LOOKAHEAD ONLY, both halves hold	{"cut": 2, "free": false, "queued": 1, "tick": 72}	{"built": null, "tick": 72}	no	no	yes
8	km3	22	130	23100220130	lookahead	28	4	28	{}	LOOKAHEAD ONLY, both halves hold	{"cut": 2, "free": false, "queued": 1, "tick": 28}	{"built": null, "tick": 28}	no	no	yes
8	km3	22	131	23100220131	lookahead	75	11	75	{}	LOOKAHEAD ONLY, both halves hold	{"cut": 2, "free": false, "queued": 1, "tick": 75}	{"built": null, "tick": 75}	no	no	yes
8	km3	22	132	23100220132	lookahead	49	6	49	{}	LOOKAHEAD ONLY, both halves hold	{"cut": 2, "free": false, "queued": 1, "tick": 49}	{"built": null, "tick": 49}	no	no	yes
8	km3	22	133	23100220133	state	81	12	80	{"coin_queued_offered": [81], "coin_queued_offered_any": [81]}	ON THE BOARD	{}	{}	no	no	yes
8	km3	22	134	23100220134	state	95	13	94	{"coin_queued_offered": [95], "coin_queued_offered_any": [95]}	ON THE BOARD	{}	{}	no	no	yes
8	km3	22	135	23100220135	state	84	11	83	{"coin_queued_offered": [84], "coin_queued_offered_any": [84]}	ON THE BOARD	{}	{}	no	no	yes
8	km3	22	136	23100220136	lookahead	32	5	32	{}	LOOKAHEAD ONLY, both halves hold	{"cut": 2, "free": false, "queued": 1, "tick": 32}	{"built": null, "tick": 32}	no	no	yes
8	km3	22	137	23100220137	state	39	5	38	{"coin_queued_offered": [39], "coin_queued_offered_any": [39]}	ON THE BOARD	{}	{}	no	no	yes
8	km3	22	140	23100220140	lookahead	49	7	49	{}	LOOKAHEAD ONLY, both halves hold	{"cut": 2, "free": false, "queued": 1, "tick": 49}	{"built": null, "tick": 49}	no	no	yes
8	km3	22	145	23100220145	lookahead	65	10	65	{}	LOOKAHEAD ONLY, both halves hold	{"cut": 1, "free": false, "queued": 2, "tick": 65}	{"built": null, "tick": 65}	no	no	yes
8	km3	22	147	23100220147	state	44	6	43	{"coin_queued_offered": [44], "coin_queued_offered_any": [44]}	ON THE BOARD	{}	{}	no	no	yes
8	km3	22	149	23100220149	lookahead	111	16	111	{}	LOOKAHEAD ONLY, both halves hold	{"cut": 2, "free": false, "queued": 1, "tick": 111}	{"built": null, "tick": 111}	no	no	yes
8	km3	22	152	23100220152	lookahead	75	10	75	{}	LOOKAHEAD ONLY, both halves hold	{"cut": 2, "free": false, "queued": 1, "tick": 75}	{"built": null, "tick": 75}	no	no	yes
8	km3	22	153	23100220153	state	68	10	67	{"coin_queued_offered": [68], "coin_queued_offered_any": [68]}	ON THE BOARD	{}	{}	no	no	yes
8	km3	22	155	23100220155	lookahead	102	15	102	{}	LOOKAHEAD ONLY, both halves hold	{"cut": 2, "free": false, "queued": 1, "tick": 102}	{"built": null, "tick": 102}	no	no	yes
8	km3	22	156	23100220156	lookahead	97	13	97	{}	LOOKAHEAD ONLY, both halves hold	{"cut": 2, "free": false, "queued": 1, "tick": 97}	{"built": null, "tick": 97}	no	no	yes
8	km3	22	158	23100220158	lookahead	61	7	61	{}	LOOKAHEAD ONLY, both halves hold	{"cut": 2, "free": false, "queued": 1, "tick": 61}	{"built": null, "tick": 61}	no	no	yes
8	km3	22	159	23100220159	lookahead	81	12	81	{}	LOOKAHEAD ONLY, both halves hold	{"cut": 2, "free": false, "queued": 1, "tick": 81}	{"built": null, "tick": 81}	no	no	yes
8	km3	22	161	23100220161	state	47	7	46	{"coin_queued_offered": [47], "coin_queued_offered_any": [47]}	ON THE BOARD	{}	{}	no	no	yes
8	km3	22	164	23100220164	state	77	10	76	{"coin_queued_offered": [77], "coin_queued_offered_any": [77]}	ON THE BOARD	{}	{}	no	no	yes
8	km3	22	165	23100220165	lookahead	88	14	88	{}	LOOKAHEAD ONLY, both halves hold	{"cut": 1, "free": false, "queued": 2, "tick": 88}	{"built": null, "tick": 88}	no	no	yes
8	km3	22	170	23100220170	state	96	14	95	{"coin_queued_offered": [96], "coin_queued_offered_any": [96]}	ON THE BOARD	{}	{}	no	no	yes
8	km3	22	175	23100220175	lookahead	73	9	73	{}	LOOKAHEAD ONLY, both halves hold	{"cut": 2, "free": false, "queued": 1, "tick": 73}	{"built": null, "tick": 73}	no	no	yes
8	km3	22	177	23100220177	state	58	7	57	{"coin_queued_offered": [58], "coin_queued_offered_any": [58]}	ON THE BOARD	{}	{}	no	no	yes
8	km3	22	178	23100220178	lookahead	63	9	63	{}	LOOKAHEAD ONLY, both halves hold	{"cut": 2, "free": false, "queued": 1, "tick": 63}	{"built": null, "tick": 63}	no	no	yes
8	km3	22	180	23100220180	state	73	10	72	{"coin_queued_offered": [73], "coin_queued_offered_any": [73]}	ON THE BOARD	{}	{}	no	no	yes
8	km3	22	181	23100220181	state	99	15	98	{"coin_queued_offered": [99], "coin_queued_offered_any": [99]}	ON THE BOARD	{}	{}	no	no	yes
8	km3	22	182	23100220182	lookahead	47	6	47	{}	LOOKAHEAD ONLY, both halves hold	{"cut": 2, "free": false, "queued": 1, "tick": 47}	{"built": null, "tick": 47}	no	no	yes
8	km3	22	184	23100220184	state	70	9	69	{"coin_queued_offered": [70], "coin_queued_offered_any": [70]}	ON THE BOARD	{}	{}	no	no	yes
8	km3	22	187	23100220187	state	57	7	56	{"coin_queued_offered": [57], "coin_queued_offered_any": [57]}	ON THE BOARD	{}	{}	no	no	yes
8	km3	22	188	23100220188	state	56	8	55	{"coin_queued_offered": [56], "coin_queued_offered_any": [56]}	ON THE BOARD	{}	{}	no	no	yes
8	km3	22	189	23100220189	lookahead	71	11	71	{}	LOOKAHEAD ONLY, both halves hold	{"cut": 2, "free": false, "queued": 1, "tick": 71}	{"built": null, "tick": 71}	no	no	yes
8	km3	22	190	23100220190	state	80	10	79	{"coin_queued_offered": [80], "coin_queued_offered_any": [80]}	ON THE BOARD	{}	{}	no	no	yes
8	km3	22	193	23100220193	state	110	15	109	{"coin_queued_offered": [110], "coin_queued_offered_any": [110]}	ON THE BOARD	{}	{}	no	no	yes
8	km3	22	194	23100220194	state	64	7	63	{"coin_queued_offered": [64], "coin_queued_offered_any": [64]}	ON THE BOARD	{}	{}	no	no	yes
8	km3	22	195	23100220195	state	72	9	71	{"coin_queued_offered": [72], "coin_queued_offered_any": [72]}	ON THE BOARD	{}	{}	no	no	yes
8	km3	22	196	23100220196	state	72	10	71	{"coin_cut_recorded": [72], "coin_queued_offered": [72], "coin_queued_offered_any": [72]}	ON THE BOARD	{}	{}	no	no	yes
8	km3	22	198	23100220198	lookahead	70	11	70	{}	LOOKAHEAD ONLY, both halves hold	{"cut": 2, "free": false, "queued": 1, "tick": 70}	{"built": null, "tick": 70}	no	no	yes
8	km3	22	200	23100220200	lookahead	106	14	106	{}	LOOKAHEAD ONLY, both halves hold	{"cut": 2, "free": false, "queued": 1, "tick": 106}	{"built": null, "tick": 106}	no	no	yes
8	km3	22	201	23100220201	state	51	7	50	{"coin_queued_offered": [51], "coin_queued_offered_any": [51]}	ON THE BOARD	{}	{}	no	no	yes
8	km3	22	202	23100220202	state	80	11	79	{"coin_queued_offered": [80], "coin_queued_offered_any": [80]}	ON THE BOARD	{}	{}	no	no	yes
8	km3	22	203	23100220203	state	57	9	56	{"coin_cut_recorded": [57], "coin_queued_offered": [57], "coin_queued_offered_any": [57]}	ON THE BOARD	{}	{}	no	no	yes
8	km3	22	205	23100220205	lookahead	84	11	84	{}	LOOKAHEAD ONLY, both halves hold	{"cut": 2, "free": false, "queued": 1, "tick": 84}	{"built": null, "tick": 84}	no	no	yes
8	km3	22	208	23100220208	lookahead	56	7	56	{}	LOOKAHEAD ONLY, both halves hold	{"cut": 2, "free": false, "queued": 1, "tick": 56}	{"built": null, "tick": 56}	no	no	yes
8	km3	22	209	23100220209	lookahead	43	6	43	{}	LOOKAHEAD ONLY, both halves hold	{"cut": 2, "free": false, "queued": 1, "tick": 43}	{"built": null, "tick": 43}	no	no	yes
8	km3	22	214	23100220214	lookahead	56	8	56	{}	LOOKAHEAD ONLY, both halves hold	{"cut": 2, "free": false, "queued": 1, "tick": 56}	{"built": null, "tick": 56}	no	no	yes
8	km3	22	215	23100220215	lookahead	50	7	50	{}	LOOKAHEAD ONLY, both halves hold	{"cut": 2, "free": false, "queued": 1, "tick": 50}	{"built": null, "tick": 50}	no	no	yes
8	km3	22	216	23100220216	state	62	9	61	{"coin_queued_offered": [62], "coin_queued_offered_any": [62]}	ON THE BOARD	{}	{}	no	no	yes
8	km3	22	218	23100220218	state	41	5	40	{"coin_queued_offered": [41], "coin_queued_offered_any": [41]}	ON THE BOARD	{}	{}	no	no	yes
8	km3	22	219	23100220219	state	77	10	76	{"coin_queued_offered": [77], "coin_queued_offered_any": [77]}	ON THE BOARD	{}	{}	no	no	yes
8	km3	22	223	23100220223	state	38	5	37	{"coin_queued_offered": [38], "coin_queued_offered_any": [38]}	ON THE BOARD	{}	{}	no	no	yes
8	km3	22	225	23100220225	lookahead	65	10	65	{}	LOOKAHEAD ONLY, both halves hold	{"cut": 2, "free": false, "queued": 1, "tick": 65}	{"built": null, "tick": 65}	no	no	yes
8	km3	22	226	23100220226	state	41	5	40	{"coin_queued_offered": [41], "coin_queued_offered_any": [41]}	ON THE BOARD	{}	{}	no	no	yes
8	km3	22	230	23100220230	lookahead	65	8	65	{}	LOOKAHEAD ONLY, both halves hold	{"cut": 2, "free": false, "queued": 1, "tick": 65}	{"built": null, "tick": 65}	no	no	yes
8	km3	22	231	23100220231	lookahead	48	6	48	{}	LOOKAHEAD ONLY, both halves hold	{"cut": 2, "free": false, "queued": 1, "tick": 48}	{"built": null, "tick": 48}	no	no	yes
8	km3	22	233	23100220233	lookahead	74	10	74	{}	LOOKAHEAD ONLY, both halves hold	{"cut": 2, "free": false, "queued": 1, "tick": 74}	{"built": null, "tick": 74}	no	no	yes
8	km3	22	234	23100220234	state	75	10	74	{"coin_queued_offered": [75], "coin_queued_offered_any": [75]}	ON THE BOARD	{}	{}	no	no	yes
8	km3	22	239	23100220239	state	89	11	88	{"coin_queued_offered": [89], "coin_queued_offered_any": [89]}	ON THE BOARD	{}	{}	no	no	yes
8	km3	22	243	23100220243	state	50	5	49	{"coin_queued_offered": [50], "coin_queued_offered_any": [50]}	ON THE BOARD	{}	{}	no	no	yes
8	km3	22	244	23100220244	state	65	8	64	{"coin_queued_offered": [65], "coin_queued_offered_any": [65]}	ON THE BOARD	{}	{}	no	no	yes
8	km3	22	248	23100220248	lookahead	78	9	78	{}	LOOKAHEAD ONLY, both halves hold	{"cut": 2, "free": false, "queued": 1, "tick": 78}	{"built": null, "tick": 78}	no	no	yes
8	km3	22	251	23100220251	state	81	12	80	{"coin_queued_offered": [81], "coin_queued_offered_any": [81]}	ON THE BOARD	{}	{}	no	no	yes
8	km3	22	254	23100220254	lookahead	65	9	65	{}	LOOKAHEAD ONLY, both halves hold	{"cut": 2, "free": false, "queued": 1, "tick": 65}	{"built": null, "tick": 65}	no	no	yes
8	km3	22	255	23100220255	lookahead	72	10	72	{}	LOOKAHEAD ONLY, both halves hold	{"cut": 2, "free": false, "queued": 1, "tick": 72}	{"built": null, "tick": 72}	no	no	yes
8	km3	22	257	23100220257	state	39	5	38	{"coin_queued_offered": [39], "coin_queued_offered_any": [39]}	ON THE BOARD	{}	{}	no	no	yes
8	km3	22	259	23100220259	lookahead	82	11	82	{}	LOOKAHEAD ONLY, both halves hold	{"cut": 2, "free": false, "queued": 1, "tick": 82}	{"built": null, "tick": 82}	no	no	yes
8	km3	22	260	23100220260	lookahead	75	9	75	{}	LOOKAHEAD ONLY, both halves hold	{"cut": 2, "free": false, "queued": 1, "tick": 75}	{"built": null, "tick": 75}	no	no	yes
8	km3	22	261	23100220261	state	32	4	31	{"coin_queued_offered": [32], "coin_queued_offered_any": [32]}	ON THE BOARD	{}	{}	no	no	yes
8	km3	22	265	23100220265	lookahead	78	10	78	{}	LOOKAHEAD ONLY, both halves hold	{"cut": 2, "free": false, "queued": 1, "tick": 78}	{"built": null, "tick": 78}	no	no	yes
8	km3	22	266	23100220266	state	52	8	51	{"coin_queued_offered": [52], "coin_queued_offered_any": [52]}	ON THE BOARD	{}	{}	no	no	yes
8	km3	22	267	23100220267	lookahead	58	7	58	{}	LOOKAHEAD ONLY, both halves hold	{"cut": 2, "free": false, "queued": 1, "tick": 58}	{"built": null, "tick": 58}	no	no	yes
8	km3	22	268	23100220268	state	59	8	58	{"coin_queued_offered": [59], "coin_queued_offered_any": [59]}	ON THE BOARD	{}	{}	no	no	yes
8	km3	22	270	23100220270	state	65	9	64	{"coin_queued_offered": [65], "coin_queued_offered_any": [65]}	ON THE BOARD	{}	{}	no	no	yes
8	km3	22	274	23100220274	lookahead	61	10	61	{}	LOOKAHEAD ONLY, both halves hold	{"cut": 2, "free": false, "queued": 1, "tick": 61}	{"built": null, "tick": 61}	no	no	yes
8	km3	22	275	23100220275	lookahead	71	9	71	{}	LOOKAHEAD ONLY, both halves hold	{"cut": 2, "free": false, "queued": 1, "tick": 71}	{"built": null, "tick": 71}	no	no	yes
8	km3	22	276	23100220276	lookahead	57	7	57	{}	LOOKAHEAD ONLY, both halves hold	{"cut": 1, "free": false, "queued": 2, "tick": 57}	{"built": null, "tick": 57}	no	no	yes
8	km3	22	277	23100220277	lookahead	37	5	37	{}	LOOKAHEAD ONLY, both halves hold	{"cut": 2, "free": false, "queued": 1, "tick": 37}	{"built": null, "tick": 37}	no	no	yes
8	km3	22	280	23100220280	lookahead	72	9	72	{}	LOOKAHEAD ONLY, both halves hold	{"cut": 2, "free": false, "queued": 1, "tick": 72}	{"built": null, "tick": 72}	no	no	yes
8	km3	22	283	23100220283	state	57	8	56	{"coin_queued_offered": [57], "coin_queued_offered_any": [57]}	ON THE BOARD	{}	{}	no	no	yes
8	km3	22	284	23100220284	state	93	14	92	{"coin_queued_offered": [93], "coin_queued_offered_any": [93]}	ON THE BOARD	{}	{}	no	no	yes
8	km3	22	285	23100220285	lookahead	94	12	94	{"coin_cut_recorded": [94]}	ON THE BOARD	{}	{}	no	no	yes
8	km3	22	287	23100220287	lookahead	87	12	87	{}	LOOKAHEAD ONLY, both halves hold	{"cut": 2, "free": false, "queued": 1, "tick": 87}	{"built": null, "tick": 87}	no	no	yes
8	km3	22	291	23100220291	state	64	8	63	{"coin_cut_recorded": [64], "coin_queued_offered": [64], "coin_queued_offered_any": [64]}	ON THE BOARD	{}	{}	no	no	yes
8	km3	22	293	23100220293	lookahead	97	15	97	{"coin_cut_recorded": [97]}	ON THE BOARD	{}	{}	no	no	yes
8	km3	22	294	23100220294	lookahead	59	10	59	{}	LOOKAHEAD ONLY, both halves hold	{"cut": 1, "free": false, "queued": 2, "tick": 59}	{"built": null, "tick": 59}	no	no	yes
8	km3	22	295	23100220295	state	105	15	104	{"coin_queued_offered": [105], "coin_queued_offered_any": [105]}	ON THE BOARD	{}	{}	no	no	yes
8	km3	22	304	23100220304	lookahead	84	11	84	{}	LOOKAHEAD ONLY, both halves hold	{"cut": 2, "free": false, "queued": 1, "tick": 84}	{"built": null, "tick": 84}	no	no	yes
8	km3	22	305	23100220305	lookahead	77	12	77	{}	LOOKAHEAD ONLY, both halves hold	{"cut": 2, "free": false, "queued": 1, "tick": 77}	{"built": null, "tick": 77}	no	no	yes
8	km3	22	307	23100220307	lookahead	66	9	66	{}	LOOKAHEAD ONLY, both halves hold	{"cut": 2, "free": false, "queued": 1, "tick": 66}	{"built": null, "tick": 66}	no	no	yes
8	km3	22	309	23100220309	lookahead	59	8	59	{}	LOOKAHEAD ONLY, both halves hold	{"cut": 2, "free": false, "queued": 1, "tick": 59}	{"built": null, "tick": 59}	no	no	yes
8	km3	22	311	23100220311	lookahead	50	7	50	{}	LOOKAHEAD ONLY, both halves hold	{"cut": 2, "free": false, "queued": 1, "tick": 50}	{"built": null, "tick": 50}	no	no	yes
8	km3	22	313	23100220313	state	77	10	76	{"coin_queued_offered": [77], "coin_queued_offered_any": [77]}	ON THE BOARD	{}	{}	no	no	yes
8	km3	22	315	23100220315	state	96	13	95	{"coin_queued_offered": [96], "coin_queued_offered_any": [96]}	ON THE BOARD	{}	{}	no	no	yes
8	km3	22	317	23100220317	lookahead	54	9	54	{}	LOOKAHEAD ONLY, both halves hold	{"cut": 2, "free": false, "queued": 1, "tick": 54}	{"built": null, "tick": 54}	no	no	yes
8	km3	22	319	23100220319	lookahead	59	9	59	{}	LOOKAHEAD ONLY, both halves hold	{"cut": 2, "free": false, "queued": 1, "tick": 59}	{"built": null, "tick": 59}	no	no	yes
8	km3	22	320	23100220320	lookahead	79	12	79	{}	LOOKAHEAD ONLY, both halves hold	{"cut": 2, "free": false, "queued": 1, "tick": 79}	{"built": null, "tick": 79}	no	no	yes
8	km3	22	321	23100220321	lookahead	83	12	83	{}	LOOKAHEAD ONLY, both halves hold	{"cut": 2, "free": false, "queued": 1, "tick": 83}	{"built": null, "tick": 83}	no	no	yes
8	km3	22	327	23100220327	state	90	12	89	{"coin_queued_offered": [90], "coin_queued_offered_any": [90]}	ON THE BOARD	{}	{}	no	no	yes
8	km3	22	329	23100220329	state	104	13	103	{"coin_queued_offered": [104], "coin_queued_offered_any": [104]}	ON THE BOARD	{}	{}	no	no	yes
8	km3	22	332	23100220332	state	90	13	89	{"coin_queued_offered": [90], "coin_queued_offered_any": [90]}	ON THE BOARD	{}	{}	no	no	yes
8	km3	22	333	23100220333	state	59	7	58	{"coin_queued_offered": [59], "coin_queued_offered_any": [59]}	ON THE BOARD	{}	{}	no	no	yes
8	km3	22	334	23100220334	lookahead	86	12	86	{}	LOOKAHEAD ONLY, both halves hold	{"cut": 2, "free": false, "queued": 1, "tick": 86}	{"built": null, "tick": 86}	no	no	yes
8	km3	22	335	23100220335	state	85	11	84	{"coin_queued_offered": [85], "coin_queued_offered_any": [85]}	ON THE BOARD	{}	{}	no	no	yes
8	km3	22	336	23100220336	state	71	9	70	{"coin_queued_offered": [71], "coin_queued_offered_any": [71]}	ON THE BOARD	{}	{}	no	no	yes
8	km3	22	337	23100220337	lookahead	68	9	68	{}	LOOKAHEAD ONLY, both halves hold	{"cut": 2, "free": false, "queued": 1, "tick": 68}	{"built": null, "tick": 68}	no	no	yes
8	km3	22	338	23100220338	state	75	11	74	{"coin_queued_offered": [75], "coin_queued_offered_any": [75]}	ON THE BOARD	{}	{}	no	no	yes
8	km3	22	339	23100220339	lookahead	47	6	47	{}	LOOKAHEAD ONLY, both halves hold	{"cut": 2, "free": false, "queued": 1, "tick": 47}	{"built": null, "tick": 47}	no	no	yes
8	km3	22	340	23100220340	lookahead	78	10	78	{}	LOOKAHEAD ONLY, both halves hold	{"cut": 1, "free": false, "queued": 2, "tick": 78}	{"built": null, "tick": 78}	no	no	yes
8	km3	22	341	23100220341	state	66	9	65	{"coin_queued_offered": [66], "coin_queued_offered_any": [66]}	ON THE BOARD	{}	{}	no	no	yes
8	km3	22	342	23100220342	lookahead	42	6	42	{}	LOOKAHEAD ONLY, both halves hold	{"cut": 1, "free": false, "queued": 2, "tick": 42}	{"built": null, "tick": 42}	no	no	yes
8	km3	22	343	23100220343	state	64	9	63	{"coin_queued_offered": [64], "coin_queued_offered_any": [64]}	ON THE BOARD	{}	{}	no	no	yes
8	km3	22	345	23100220345	lookahead	58	8	58	{}	LOOKAHEAD ONLY, both halves hold	{"cut": 2, "free": false, "queued": 1, "tick": 58}	{"built": null, "tick": 58}	no	no	yes
8	km3	22	346	23100220346	state	41	6	40	{"coin_queued_offered": [41], "coin_queued_offered_any": [41]}	ON THE BOARD	{}	{}	no	no	yes
8	km3	22	347	23100220347	lookahead	72	11	72	{}	LOOKAHEAD ONLY, both halves hold	{"cut": 2, "free": false, "queued": 1, "tick": 72}	{"built": null, "tick": 72}	no	no	yes
8	km3	22	348	23100220348	lookahead	41	6	41	{}	LOOKAHEAD ONLY, both halves hold	{"cut": 2, "free": false, "queued": 1, "tick": 41}	{"built": null, "tick": 41}	no	no	yes
8	km3	22	349	23100220349	state	50	7	49	{"coin_queued_offered": [50], "coin_queued_offered_any": [50]}	ON THE BOARD	{}	{}	no	no	yes
8	km3	22	350	23100220350	lookahead	88	12	88	{}	LOOKAHEAD ONLY, both halves hold	{"cut": 2, "free": false, "queued": 1, "tick": 88}	{"built": null, "tick": 88}	no	no	yes
8	km3	22	353	23100220353	state	50	7	49	{"coin_cut_recorded": [50], "coin_queued_offered": [50], "coin_queued_offered_any": [50]}	ON THE BOARD	{}	{}	no	no	yes
8	km3	22	354	23100220354	state	87	13	86	{"coin_queued_offered": [87], "coin_queued_offered_any": [87]}	ON THE BOARD	{}	{}	no	no	yes
8	km3	22	355	23100220355	state	61	8	60	{"coin_queued_offered": [61], "coin_queued_offered_any": [61]}	ON THE BOARD	{}	{}	no	no	yes
8	km3	22	358	23100220358	lookahead	41	5	41	{}	LOOKAHEAD ONLY, both halves hold	{"cut": 2, "free": false, "queued": 1, "tick": 41}	{"built": null, "tick": 41}	no	no	yes
8	km3	22	359	23100220359	state	79	12	78	{"coin_queued_offered": [79], "coin_queued_offered_any": [79]}	ON THE BOARD	{}	{}	no	no	yes
8	km3	22	362	23100220362	state	47	6	46	{"coin_queued_offered": [47], "coin_queued_offered_any": [47]}	ON THE BOARD	{}	{}	no	no	yes
8	km3	22	363	23100220363	lookahead	79	11	79	{}	LOOKAHEAD ONLY, both halves hold	{"cut": 2, "free": false, "queued": 1, "tick": 79}	{"built": null, "tick": 79}	no	no	yes
8	km3	22	365	23100220365	lookahead	60	8	60	{}	LOOKAHEAD ONLY, both halves hold	{"cut": 2, "free": false, "queued": 1, "tick": 60}	{"built": null, "tick": 60}	no	no	yes
8	km3	22	367	23100220367	lookahead	39	5	39	{}	LOOKAHEAD ONLY, both halves hold	{"cut": 2, "free": false, "queued": 1, "tick": 39}	{"built": null, "tick": 39}	no	no	yes
8	km3	22	368	23100220368	state	68	10	67	{"coin_queued_offered": [68], "coin_queued_offered_any": [68]}	ON THE BOARD	{}	{}	no	no	yes
8	km3	22	371	23100220371	lookahead	98	13	98	{}	LOOKAHEAD ONLY, both halves hold	{"cut": 1, "free": false, "queued": 2, "tick": 98}	{"built": null, "tick": 98}	no	no	yes
8	km3	22	373	23100220373	lookahead	59	9	59	{}	LOOKAHEAD ONLY, both halves hold	{"cut": 2, "free": false, "queued": 1, "tick": 59}	{"built": null, "tick": 59}	no	no	yes
8	km3	22	375	23100220375	lookahead	87	14	87	{}	LOOKAHEAD ONLY, both halves hold	{"cut": 2, "free": false, "queued": 1, "tick": 87}	{"built": null, "tick": 87}	no	no	yes
8	km3	22	376	23100220376	lookahead	84	12	84	{}	LOOKAHEAD ONLY, both halves hold	{"cut": 1, "free": false, "queued": 2, "tick": 84}	{"built": null, "tick": 84}	no	no	yes
8	km3	22	382	23100220382	state	38	5	37	{"coin_queued_offered": [38], "coin_queued_offered_any": [38]}	ON THE BOARD	{}	{}	no	no	yes
8	km3	22	383	23100220383	state	84	12	83	{"coin_queued_offered": [84], "coin_queued_offered_any": [84]}	ON THE BOARD	{}	{}	no	no	yes
8	km3	22	384	23100220384	lookahead	53	8	53	{}	LOOKAHEAD ONLY, both halves hold	{"cut": 2, "free": false, "queued": 1, "tick": 53}	{"built": null, "tick": 53}	no	no	yes
8	km3	22	385	23100220385	state	83	12	82	{"coin_queued_offered": [83], "coin_queued_offered_any": [83]}	ON THE BOARD	{}	{}	no	no	yes
8	km3	22	386	23100220386	state	35	5	34	{"coin_queued_offered": [35], "coin_queued_offered_any": [35]}	ON THE BOARD	{}	{}	no	no	yes
8	km3	22	387	23100220387	lookahead	26	4	26	{}	LOOKAHEAD ONLY, both halves hold	{"cut": 2, "free": false, "queued": 1, "tick": 26}	{"built": null, "tick": 26}	no	no	yes
8	km3	22	389	23100220389	lookahead	57	8	57	{}	LOOKAHEAD ONLY, both halves hold	{"cut": 2, "free": false, "queued": 1, "tick": 57}	{"built": null, "tick": 57}	no	no	yes
8	km3	22	390	23100220390	lookahead	94	13	94	{}	LOOKAHEAD ONLY, both halves hold	{"cut": 2, "free": false, "queued": 1, "tick": 94}	{"built": null, "tick": 94}	no	no	yes
8	km3	22	392	23100220392	lookahead	97	14	97	{}	LOOKAHEAD ONLY, both halves hold	{"cut": 2, "free": false, "queued": 1, "tick": 97}	{"built": null, "tick": 97}	no	no	yes
8	km3	22	393	23100220393	state	56	7	55	{"coin_queued_offered": [56], "coin_queued_offered_any": [56]}	ON THE BOARD	{}	{}	no	no	yes
8	km3	22	397	23100220397	state	76	12	75	{"coin_queued_offered": [76], "coin_queued_offered_any": [76]}	ON THE BOARD	{}	{}	no	no	yes
8	km3	22	398	23100220398	state	87	12	86	{"coin_queued_offered": [87], "coin_queued_offered_any": [87]}	ON THE BOARD	{}	{}	no	no	yes
8	km3	22	399	23100220399	lookahead	67	8	67	{}	LOOKAHEAD ONLY, both halves hold	{"cut": 2, "free": false, "queued": 1, "tick": 67}	{"built": null, "tick": 67}	no	no	yes
8	km3	22	400	23100220400	lookahead	85	12	85	{}	LOOKAHEAD ONLY, both halves hold	{"cut": 2, "free": false, "queued": 1, "tick": 85}	{"built": null, "tick": 85}	no	no	yes
8	km3	22	401	23100220401	state	77	10	76	{"coin_queued_offered": [77], "coin_queued_offered_any": [77]}	ON THE BOARD	{}	{}	no	no	yes
8	km3	22	402	23100220402	state	111	15	110	{"coin_queued_offered": [111], "coin_queued_offered_any": [111]}	ON THE BOARD	{}	{}	no	no	yes
8	km3	22	403	23100220403	lookahead	40	5	40	{}	LOOKAHEAD ONLY, both halves hold	{"cut": 2, "free": false, "queued": 1, "tick": 40}	{"built": null, "tick": 40}	no	no	yes
8	km3	22	404	23100220404	lookahead	71	10	71	{}	LOOKAHEAD ONLY, both halves hold	{"cut": 2, "free": false, "queued": 1, "tick": 71}	{"built": null, "tick": 71}	no	no	yes
8	km3	22	406	23100220406	lookahead	85	12	85	{}	LOOKAHEAD ONLY, both halves hold	{"cut": 2, "free": false, "queued": 1, "tick": 85}	{"built": null, "tick": 85}	no	no	yes
8	km3	22	407	23100220407	lookahead	47	7	47	{}	LOOKAHEAD ONLY, both halves hold	{"cut": 2, "free": false, "queued": 1, "tick": 47}	{"built": null, "tick": 47}	no	no	yes
8	km3	22	408	23100220408	lookahead	110	17	110	{}	LOOKAHEAD ONLY, both halves hold	{"cut": 2, "free": false, "queued": 1, "tick": 110}	{"built": null, "tick": 110}	no	no	yes
8	km3	22	409	23100220409	state	66	9	65	{"coin_queued_offered": [66], "coin_queued_offered_any": [66]}	ON THE BOARD	{}	{}	no	no	yes
8	km3	22	410	23100220410	state	52	7	51	{"coin_queued_offered": [52], "coin_queued_offered_any": [52]}	ON THE BOARD	{}	{}	no	no	yes
8	km3	22	411	23100220411	lookahead	52	8	52	{}	LOOKAHEAD ONLY, both halves hold	{"cut": 2, "free": false, "queued": 1, "tick": 52}	{"built": null, "tick": 52}	no	no	yes
8	km3	22	414	23100220414	state	51	7	50	{"coin_cut_recorded": [51], "coin_queued_offered": [51], "coin_queued_offered_any": [51]}	ON THE BOARD	{}	{}	no	no	yes
8	km3	22	415	23100220415	lookahead	72	10	72	{}	LOOKAHEAD ONLY, both halves hold	{"cut": 2, "free": false, "queued": 1, "tick": 72}	{"built": null, "tick": 72}	no	no	yes
8	km3	22	417	23100220417	state	53	7	52	{"coin_queued_offered": [53], "coin_queued_offered_any": [53]}	ON THE BOARD	{}	{}	no	no	yes
8	km3	22	418	23100220418	lookahead	59	8	59	{}	LOOKAHEAD ONLY, both halves hold	{"cut": 2, "free": false, "queued": 1, "tick": 59}	{"built": null, "tick": 59}	no	no	yes
8	km3	22	424	23100220424	state	67	10	66	{"coin_queued_offered": [67], "coin_queued_offered_any": [67]}	ON THE BOARD	{}	{}	no	no	yes
8	km3	22	428	23100220428	lookahead	67	10	67	{}	LOOKAHEAD ONLY, both halves hold	{"cut": 2, "free": false, "queued": 1, "tick": 67}	{"built": null, "tick": 67}	no	no	yes
8	km3	22	429	23100220429	lookahead	59	10	59	{"coin_cut_recorded": [59]}	ON THE BOARD	{}	{}	no	no	yes
8	km3	22	431	23100220431	lookahead	45	6	45	{}	LOOKAHEAD ONLY, both halves hold	{"cut": 2, "free": false, "queued": 1, "tick": 45}	{"built": null, "tick": 45}	no	no	yes
8	km3	22	432	23100220432	lookahead	51	6	51	{}	LOOKAHEAD ONLY, both halves hold	{"cut": 2, "free": false, "queued": 1, "tick": 51}	{"built": null, "tick": 51}	no	no	yes
8	km3	22	433	23100220433	state	50	6	49	{"coin_queued_offered": [50], "coin_queued_offered_any": [50]}	ON THE BOARD	{}	{}	no	no	yes
8	km3	22	434	23100220434	lookahead	69	11	69	{}	LOOKAHEAD ONLY, both halves hold	{"cut": 1, "free": false, "queued": 2, "tick": 69}	{"built": null, "tick": 69}	no	no	yes
8	km3	22	438	23100220438	lookahead	51	8	51	{}	LOOKAHEAD ONLY, both halves hold	{"cut": 3, "free": false, "queued": 2, "tick": 51}	{"built": null, "tick": 51}	no	no	yes
8	km3	22	439	23100220439	lookahead	37	6	37	{}	LOOKAHEAD ONLY, both halves hold	{"cut": 2, "free": false, "queued": 1, "tick": 37}	{"built": null, "tick": 37}	no	no	yes
8	km3	22	440	23100220440	lookahead	66	10	66	{}	LOOKAHEAD ONLY, both halves hold	{"cut": 2, "free": false, "queued": 1, "tick": 66}	{"built": null, "tick": 66}	no	no	yes
8	km3	22	441	23100220441	lookahead	61	8	61	{}	LOOKAHEAD ONLY, both halves hold	{"cut": 2, "free": false, "queued": 1, "tick": 61}	{"built": null, "tick": 61}	no	no	yes
8	km3	22	443	23100220443	state	73	9	72	{"coin_queued_offered": [73], "coin_queued_offered_any": [73]}	ON THE BOARD	{}	{}	no	no	yes
8	km3	22	445	23100220445	lookahead	99	13	99	{}	LOOKAHEAD ONLY, both halves hold	{"cut": 2, "free": false, "queued": 1, "tick": 99}	{"built": null, "tick": 99}	no	no	yes
8	km3	22	446	23100220446	state	49	7	48	{"coin_queued_offered": [49], "coin_queued_offered_any": [49]}	ON THE BOARD	{}	{}	no	no	yes
8	km3	22	447	23100220447	state	65	9	64	{"coin_queued_offered": [65], "coin_queued_offered_any": [65]}	ON THE BOARD	{}	{}	no	no	yes
8	km3	22	448	23100220448	lookahead	64	7	64	{}	LOOKAHEAD ONLY, both halves hold	{"cut": 2, "free": false, "queued": 1, "tick": 64}	{"built": null, "tick": 64}	no	no	yes
8	km3	22	455	23100220455	state	72	9	71	{"coin_queued_offered": [72], "coin_queued_offered_any": [72]}	ON THE BOARD	{}	{}	no	no	yes
8	km3	22	456	23100220456	state	45	6	44	{"coin_queued_offered": [45], "coin_queued_offered_any": [45]}	ON THE BOARD	{}	{}	no	no	yes
8	km3	22	457	23100220457	state	53	6	52	{"coin_queued_offered": [53], "coin_queued_offered_any": [53]}	ON THE BOARD	{}	{}	no	no	yes
8	km3	22	458	23100220458	state	46	6	45	{"coin_queued_offered": [46], "coin_queued_offered_any": [46]}	ON THE BOARD	{}	{}	no	no	yes
8	km3	22	461	23100220461	lookahead	94	13	94	{}	LOOKAHEAD ONLY, both halves hold	{"cut": 2, "free": false, "queued": 1, "tick": 94}	{"built": null, "tick": 94}	no	no	yes
8	km3	22	463	23100220463	state	89	13	88	{"coin_queued_offered": [89], "coin_queued_offered_any": [89]}	ON THE BOARD	{}	{}	no	no	yes
8	km3	22	465	23100220465	lookahead	69	9	69	{}	LOOKAHEAD ONLY, both halves hold	{"cut": 2, "free": false, "queued": 1, "tick": 69}	{"built": null, "tick": 69}	no	no	yes
8	km3	22	468	23100220468	lookahead	53	8	53	{}	LOOKAHEAD ONLY, both halves hold	{"cut": 2, "free": false, "queued": 1, "tick": 53}	{"built": null, "tick": 53}	no	no	yes
8	km3	22	469	23100220469	lookahead	56	8	56	{}	LOOKAHEAD ONLY, both halves hold	{"cut": 2, "free": false, "queued": 1, "tick": 56}	{"built": null, "tick": 56}	no	no	yes
8	km3	22	471	23100220471	lookahead	36	6	36	{}	LOOKAHEAD ONLY, both halves hold	{"cut": 3, "free": false, "queued": 2, "tick": 36}	{"built": null, "tick": 36}	no	no	yes
8	km3	22	473	23100220473	lookahead	81	10	81	{}	LOOKAHEAD ONLY, both halves hold	{"cut": 2, "free": false, "queued": 1, "tick": 81}	{"built": null, "tick": 81}	no	no	yes
8	km3	22	475	23100220475	state	75	11	74	{"coin_queued_offered": [75], "coin_queued_offered_any": [75]}	ON THE BOARD	{}	{}	no	no	yes
8	km3	22	476	23100220476	lookahead	38	5	38	{}	LOOKAHEAD ONLY, both halves hold	{"cut": 2, "free": false, "queued": 1, "tick": 38}	{"built": null, "tick": 38}	no	no	yes
8	km3	22	477	23100220477	lookahead	97	15	97	{}	LOOKAHEAD ONLY, both halves hold	{"cut": 1, "free": false, "queued": 2, "tick": 97}	{"built": null, "tick": 97}	no	no	yes
8	km3	22	478	23100220478	state	90	15	89	{"coin_queued_offered": [90], "coin_queued_offered_any": [90]}	ON THE BOARD	{}	{}	no	no	yes
8	km3	22	480	23100220480	lookahead	85	12	85	{}	LOOKAHEAD ONLY, both halves hold	{"cut": 2, "free": false, "queued": 1, "tick": 85}	{"built": null, "tick": 85}	no	no	yes
8	km3	22	482	23100220482	lookahead	30	5	30	{}	LOOKAHEAD ONLY, both halves hold	{"cut": 2, "free": false, "queued": 1, "tick": 30}	{"built": null, "tick": 30}	no	no	yes
8	km3	22	485	23100220485	state	71	11	70	{"coin_queued_offered": [71], "coin_queued_offered_any": [71]}	ON THE BOARD	{}	{}	no	no	yes
8	km3	22	486	23100220486	lookahead	78	11	78	{}	LOOKAHEAD ONLY, both halves hold	{"cut": 2, "free": false, "queued": 1, "tick": 78}	{"built": null, "tick": 78}	no	no	yes
8	km3	22	487	23100220487	lookahead	63	8	63	{}	LOOKAHEAD ONLY, both halves hold	{"cut": 2, "free": false, "queued": 1, "tick": 63}	{"built": null, "tick": 63}	no	no	yes
8	km3	22	490	23100220490	state	97	12	96	{"coin_queued_offered": [97], "coin_queued_offered_any": [97]}	ON THE BOARD	{}	{}	no	no	yes
8	km3	22	491	23100220491	state	94	14	93	{"coin_queued_offered": [94], "coin_queued_offered_any": [94]}	ON THE BOARD	{}	{}	no	no	yes
8	km3	22	492	23100220492	lookahead	82	11	82	{}	LOOKAHEAD ONLY, both halves hold	{"cut": 2, "free": false, "queued": 1, "tick": 82}	{"built": null, "tick": 82}	no	no	yes
8	km3	22	493	23100220493	lookahead	89	12	89	{}	LOOKAHEAD ONLY, both halves hold	{"cut": 1, "free": false, "queued": 2, "tick": 89}	{"built": null, "tick": 89}	no	no	yes
8	km3	22	496	23100220496	state	83	11	82	{"coin_queued_offered": [83], "coin_queued_offered_any": [83]}	ON THE BOARD	{}	{}	no	no	yes
8	km3	22	497	23100220497	state	51	7	50	{"coin_queued_offered": [51], "coin_queued_offered_any": [51]}	ON THE BOARD	{}	{}	no	no	yes
8	km3	22	498	23100220498	state	56	7	55	{"coin_queued_offered": [56], "coin_queued_offered_any": [56]}	ON THE BOARD	{}	{}	no	no	yes
8	km3	22	499	23100220499	state	73	10	72	{"coin_queued_offered": [73], "coin_queued_offered_any": [73]}	ON THE BOARD	{}	{}	no	no	yes
8	km3	31	12	23100310012	length	48		None	{}	UNEXPLAINED	{}	{}	no	no	yes
8	km3	31	81	23100310081	state	57	8	56	{"vs_confused_choice_chosen": [57], "vs_confused_choice_offered": [57], "vs_confusion_first_built": [56]}	ON THE BOARD	{}	{}	no	no	yes
8	km3	31	121	23100310121	lookahead	65	9	65	{}	LOOKAHEAD ONLY, both halves hold	{"cut": null, "free": false, "queued": null, "tick": 65}	{"built": 2, "tick": 65}	no	no	yes
8	km3	31	133	23100310133	state	66	10	65	{"vs_confused_choice_chosen": [66], "vs_confused_choice_offered": [66], "vs_confusion_first_built": [65]}	ON THE BOARD	{}	{}	no	no	yes
8	km3	31	173	23100310173	state	65	11	64	{"vs_confused_choice_chosen": [65], "vs_confused_choice_offered": [65], "vs_confusion_first_built": [64]}	ON THE BOARD	{}	{}	no	no	yes
8	km3	31	177	23100310177	state	57	7	56	{"vs_confused_choice_chosen": [57], "vs_confused_choice_offered": [57], "vs_confusion_first_built": [56]}	ON THE BOARD	{}	{}	no	no	yes
8	km3	31	189	23100310189	state	82	11	81	{"vs_confused_choice_chosen": [82], "vs_confused_choice_offered": [82], "vs_confusion_first_built": [81]}	ON THE BOARD	{}	{}	no	no	yes
8	km3	31	190	23100310190	state	72	11	71	{"vs_confused_choice_chosen": [72], "vs_confused_choice_offered": [72], "vs_confusion_first_built": [71]}	ON THE BOARD	{}	{}	no	no	yes
8	km3	31	275	23100310275	state	83	13	82	{"vs_confused_choice_chosen": [83], "vs_confused_choice_offered": [83], "vs_confusion_first_built": [82]}	ON THE BOARD	{}	{}	no	no	yes
8	km3	31	307	23100310307	state	61	9	60	{"vs_confused_choice_chosen": [61], "vs_confused_choice_offered": [61], "vs_confusion_first_built": [60]}	ON THE BOARD	{}	{}	no	no	yes
8	km3	31	316	23100310316	state	48	6	47	{"vs_confused_choice_chosen": [48], "vs_confused_choice_offered": [48], "vs_confusion_first_built": [47]}	ON THE BOARD	{}	{}	no	no	yes
8	km3	31	338	23100310338	state	53	9	52	{"vs_confused_choice_chosen": [53], "vs_confused_choice_offered": [53], "vs_confusion_first_built": [52]}	ON THE BOARD	{}	{}	no	no	yes
8	km3	31	340	23100310340	state	85	14	84	{"vs_confused_choice_chosen": [85], "vs_confused_choice_offered": [85], "vs_confusion_first_built": [84]}	ON THE BOARD	{}	{}	no	no	yes
8	km3	31	379	23100310379	lookahead	56	8	56	{}	LOOKAHEAD ONLY, both halves hold	{"cut": null, "free": false, "queued": null, "tick": 56}	{"built": 2, "tick": 56}	no	no	yes
8	km3	31	440	23100310440	state	68	10	67	{"vs_confused_choice_chosen": [68], "vs_confused_choice_offered": [68], "vs_confusion_first_built": [67]}	ON THE BOARD	{}	{}	no	no	yes
8	km3	31	459	23100310459	lookahead	71	10	71	{}	LOOKAHEAD ONLY, both halves hold	{"cut": null, "free": false, "queued": null, "tick": 71}	{"built": 1, "tick": 71}	no	no	yes
8	km3	31	493	23100310493	state	63	9	62	{"vs_confused_choice_chosen": [63], "vs_confused_choice_offered": [63], "vs_confusion_first_built": [62]}	ON THE BOARD	{}	{}	no	no	yes
8b	km3	32	1	23100320001	state	24	3	23	{"vs_confused_choice_chosen": [24], "vs_confused_choice_offered": [24], "vs_confusion_first_built": [23]}	ON THE BOARD	{}	{}	no	no	yes
8b	km3	32	6	23100320006	lookahead	28	4	28	{"vs_confusion_first_built": [28]}	ON THE BOARD	{}	{}	no	no	yes
8b	km3	32	12	23100320012	lookahead	22	3	22	{}	LOOKAHEAD ONLY, both halves hold	{"cut": null, "free": false, "queued": null, "tick": 22}	{"built": 1, "tick": 22}	no	no	yes
8b	km3	32	25	23100320025	state	55	7	54	{"vs_confused_choice_chosen": [55], "vs_confused_choice_offered": [55], "vs_confusion_first_built": [54]}	ON THE BOARD	{}	{}	no	no	yes
8b	km3	32	26	23100320026	lookahead	72	12	72	{}	LOOKAHEAD ONLY, both halves hold	{"cut": null, "free": false, "queued": null, "tick": 72}	{"built": 0, "tick": 72}	no	yes	yes
8b	km3	32	27	23100320027	state	35	5	34	{"vs_confused_choice_chosen": [35], "vs_confused_choice_offered": [35], "vs_confusion_first_built": [34]}	ON THE BOARD	{}	{}	no	no	yes
8b	km3	32	29	23100320029	state	25	3	24	{"vs_confused_choice_chosen": [25], "vs_confused_choice_offered": [25], "vs_confusion_first_built": [24]}	ON THE BOARD	{}	{}	no	no	yes
8b	km3	32	35	23100320035	state	26	3	25	{"vs_confused_choice_chosen": [26], "vs_confused_choice_offered": [26], "vs_confusion_first_built": [25]}	ON THE BOARD	{}	{}	no	no	yes
8b	km3	32	38	23100320038	lookahead	16	3	16	{}	LOOKAHEAD ONLY, both halves hold	{"cut": null, "free": false, "queued": null, "tick": 16}	{"built": 2, "tick": 16}	no	no	yes
8b	km3	33	5	23100330005	state	26	3	25	{"coin_queued_offered": [26], "coin_queued_offered_any": [26]}	ON THE BOARD	{}	{}	no	no	yes
8b	km3	33	8	23100330008	lookahead	71	10	71	{}	LOOKAHEAD ONLY, both halves hold	{"cut": null, "free": false, "queued": 2, "tick": 71}	{"built": null, "tick": 71}	no	yes	yes
8b	km3	33	12	23100330012	state	24	3	23	{"coin_queued_offered": [24], "coin_queued_offered_any": [24]}	ON THE BOARD	{}	{}	no	no	yes
8b	km3	33	13	23100330013	state	22	3	21	{"coin_queued_offered": [22], "coin_queued_offered_any": [22]}	ON THE BOARD	{}	{}	no	no	yes
8b	km3	33	17	23100330017	state	53	7	52	{"coin_queued_offered": [53], "coin_queued_offered_any": [53]}	ON THE BOARD	{}	{}	no	no	yes
8b	km3	33	20	23100330020	lookahead	10	2	10	{}	LOOKAHEAD ONLY, both halves hold	{"cut": null, "free": true, "queued": 2, "tick": 10}	{"built": null, "tick": 10}	no	no	yes
8b	km3	33	21	23100330021	state	21	3	20	{"coin_queued_offered": [21], "coin_queued_offered_any": [21]}	ON THE BOARD	{}	{}	no	no	yes
8b	km3	33	24	23100330024	state	27	3	26	{"coin_queued_offered": [27], "coin_queued_offered_any": [27]}	ON THE BOARD	{}	{}	no	no	yes
8b	km3	33	25	23100330025	lookahead	18	3	18	{}	LOOKAHEAD ONLY, both halves hold	{"cut": null, "free": true, "queued": 2, "tick": 18}	{"built": null, "tick": 18}	no	no	yes
8b	km3	33	28	23100330028	state	25	3	24	{"coin_queued_offered": [25], "coin_queued_offered_any": [25]}	ON THE BOARD	{}	{}	no	no	yes
8b	km3	33	32	23100330032	state	25	3	24	{"coin_queued_offered": [25], "coin_queued_offered_any": [25]}	ON THE BOARD	{}	{}	no	no	yes
8b	km3	33	34	23100330034	state	32	4	31	{"coin_queued_offered": [32], "coin_queued_offered_any": [32]}	ON THE BOARD	{}	{}	no	no	yes
8b	km3	33	35	23100330035	state	44	6	43	{"coin_queued_offered": [44], "coin_queued_offered_any": [44]}	ON THE BOARD	{}	{}	no	no	yes
8b	km3	34	1	23100340001	state	94	14	93	{"coin_queued_offered": [94], "coin_queued_offered_any": [94]}	ON THE BOARD	{}	{}	no	no	yes
8b	km3	34	2	23100340002	state	50	6	49	{"coin_queued_offered": [50], "coin_queued_offered_any": [50]}	ON THE BOARD	{}	{}	no	no	yes
8b	km3	34	5	23100340005	state	47	6	46	{"coin_queued_offered": [47], "coin_queued_offered_any": [47]}	ON THE BOARD	{}	{}	no	no	yes
8b	km3	34	7	23100340007	lookahead	64	10	64	{}	LOOKAHEAD ONLY, both halves hold	{"cut": null, "free": false, "queued": 1, "tick": 64}	{"built": null, "tick": 64}	no	no	yes
8b	km3	34	8	23100340008	state	40	5	39	{"coin_queued_offered": [40], "coin_queued_offered_any": [40]}	ON THE BOARD	{}	{}	no	no	yes
8b	km3	34	17	23100340017	state	51	6	50	{"coin_queued_offered": [51], "coin_queued_offered_any": [51]}	ON THE BOARD	{}	{}	no	no	yes
8b	km3	34	28	23100340028	state	50	7	49	{"coin_queued_offered": [50], "coin_queued_offered_any": [50]}	ON THE BOARD	{}	{}	no	no	yes
8b	km3	34	32	23100340032	state	46	6	45	{"coin_queued_offered": [46], "coin_queued_offered_any": [46]}	ON THE BOARD	{}	{}	no	no	yes
8b	km3	34	34	23100340034	state	73	10	72	{"coin_queued_offered": [73], "coin_queued_offered_any": [73]}	ON THE BOARD	{}	{}	no	no	yes
8b	km3	34	35	23100340035	lookahead	86	11	86	{}	LOOKAHEAD ONLY, both halves hold	{"cut": null, "free": false, "queued": 2, "tick": 86}	{"built": null, "tick": 86}	yes	yes	yes
