# CANON_MAP.tsv — functional card-identity map. GENERATED by lib/card_canon.py; never hand-edit.
# source_sha256=2f48cb72966c23ba3794f437aa94312e4eadcb2703c32893411ee27fc63b11d9
# ids=3879 classes=2318 multi_print_classes=884
# newer_than_ALL_IDS_v2=B3 234,P-B 086,B4a 001,B4a 002,B4a 003,B4a 004,B4a 005,B4a 006,B4a 007,B4a 008,B4a 009,B4a 010,B4a 011,B4a 012,B4a 013,B4a 014,B4a 015,B4a 016,B4a 017,B4a 018,B4a 019,B4a 020,B4a 021,B4a 022,B4a 023,B4a 024,B4a 025,B4a 026,B4a 027,B4a 028,B4a 029,B4a 030,B4a 031,B4a 032,B4a 033,B4a 034,B4a 035,B4a 036,B4a 037,B4a 038,B4a 039,B4a 040,B4a 041,B4a 042,B4a 043,B4a 044,B4a 045,B4a 046,B4a 047,B4a 048,B4a 049,B4a 050,B4a 051,B4a 052,B4a 053,B4a 054,B4a 055,B4a 056,B4a 057,B4a 058,B4a 059,B4a 060,B4a 061,B4a 062,B4a 063,B4a 064,B4a 065,B4a 066,B4a 067,B4a 068,B4a 069,B4a 070,B4a 071,B4a 072,B4a 073,B4a 074,B4a 075,B4a 076,B4a 077,B4a 078,B4a 079,B4a 080,B4a 081,B4a 082,B4a 083,B4a 084,B4a 085,B4a 086,B4a 087,B4a 088,B4a 089,B4a 090,B4a 091,B4a 092,B4a 093,B4a 094,B4a 095,B4a 096,B4a 097,B4a 098,B4a 099,B4a 100,B4a 101,B4a 102,B4a 103,B4a 104,B4a 105,B4a 106,B4a 107,B4a 108,B4a 109,B4a 110,P-B 087,P-B 088,P-B 089,P-B 090,P-B 091,P-B 092,P-B 093,P-B 094
# id	base_id	fingerprint	kind	name
A1 001	A1 001	1594dfb55509	Pokemon	Bulbasaur
A1 002	A1 002	c53baaef6de3	Pokemon	Ivysaur
A1 003	A1 003	a87b80d7b5f4	Pokemon	Venusaur
A1 004	A1 004	a1b6648fe1ba	Pokemon	Venusaur ex
A1 005	A1 005	6b21f305c99b	Pokemon	Caterpie
A1 006	A1 006	13c0c77ee1d9	Pokemon	Metapod
A1 007	A1 007	14565e4219bd	Pokemon	Butterfree
A1 008	A1 008	f8466b105b10	Pokemon	Weedle
A1 009	A1 009	63efbf81b8f9	Pokemon	Kakuna
A1 010	A1 010	28b3d659151d	Pokemon	Beedrill
A1 011	A1 011	1d8b85c938cf	Pokemon	Oddish
A1 012	A1 012	2a6cb96ccebf	Pokemon	Gloom
A1 013	A1 013	6bcd414cf078	Pokemon	Vileplume
A1 014	A1 014	2fe4464f6829	Pokemon	Paras
A1 015	A1 015	794d6cb276a5	Pokemon	Parasect
A1 016	A1 016	75afb54d0173	Pokemon	Venonat
A1 017	A1 017	6b7109682fe3	Pokemon	Venomoth
A1 018	A1 018	387b3728a304	Pokemon	Bellsprout
A1 019	A1 019	0ff7adc936a7	Pokemon	Weepinbell
A1 020	A1 020	2f8ffee28af6	Pokemon	Victreebel
A1 021	A1 021	22e669d53b8f	Pokemon	Exeggcute
A1 022	A1 022	5839e3a5dcc6	Pokemon	Exeggutor
A1 023	A1 023	1a07949625f1	Pokemon	Exeggutor ex
A1 024	A1 024	771b7e637524	Pokemon	Tangela
A1 025	A1 025	d7798ef1e586	Pokemon	Scyther
A1 026	A1 026	c5dc5a361a87	Pokemon	Pinsir
A1 027	A1 027	f83c140a33c4	Pokemon	Cottonee
A1 028	A1 028	4a8083755bc2	Pokemon	Whimsicott
A1 029	A1 029	462b28ee00c8	Pokemon	Petilil
A1 030	A1 030	1940cfaf7e57	Pokemon	Lilligant
A1 031	A1 031	0deecc9f6100	Pokemon	Skiddo
A1 032	A1 032	82373feb51f8	Pokemon	Gogoat
A1 033	A1 033	a85658726ac6	Pokemon	Charmander
A1 034	A1 034	6dafd8c1f2f3	Pokemon	Charmeleon
A1 035	A1 035	b5801fe7ff47	Pokemon	Charizard
A1 036	A1 036	a3d83b9c744d	Pokemon	Charizard ex
A1 037	A1 037	2b709688648f	Pokemon	Vulpix
A1 038	A1 038	80871ed639e7	Pokemon	Ninetales
A1 039	A1 039	1bd96a2307a1	Pokemon	Growlithe
A1 040	A1 040	62eab5fd0f14	Pokemon	Arcanine
A1 041	A1 041	445a2a554fa0	Pokemon	Arcanine ex
A1 042	A1 042	9ec7350619ee	Pokemon	Ponyta
A1 043	A1 043	f050280644b1	Pokemon	Rapidash
A1 044	A1 044	c410cb3537e3	Pokemon	Magmar
A1 045	A1 045	90bca935f75c	Pokemon	Flareon
A1 046	A1 046	f50f5a159212	Pokemon	Moltres
A1 047	A1 047	cce304763e7c	Pokemon	Moltres ex
A1 048	A1 048	86c7ff03ac6a	Pokemon	Heatmor
A1 049	A1 049	64d78d226007	Pokemon	Salandit
A1 050	A1 050	4f22ad6932db	Pokemon	Salazzle
A1 051	A1 051	6f25a47a28ba	Pokemon	Sizzlipede
A1 052	A1 052	2d6c2e70b38b	Pokemon	Centiskorch
A1 053	A1 053	1efa7f427161	Pokemon	Squirtle
A1 054	A1 054	466f146748cf	Pokemon	Wartortle
A1 055	A1 055	e5c4e09bf6fc	Pokemon	Blastoise
A1 056	A1 056	4b5b7907c4be	Pokemon	Blastoise ex
A1 057	A1 057	f40ffc73367b	Pokemon	Psyduck
A1 058	A1 058	999f15a19518	Pokemon	Golduck
A1 059	A1 059	a44fb98d93b4	Pokemon	Poliwag
A1 060	A1 060	2fef30762c67	Pokemon	Poliwhirl
A1 061	A1 061	23af2e8decb8	Pokemon	Poliwrath
A1 062	A1 062	f2f4257dfd14	Pokemon	Tentacool
A1 063	A1 063	7935cbd26cbf	Pokemon	Tentacruel
A1 064	A1 064	97c14034d24b	Pokemon	Seel
A1 065	A1 065	8031321ae398	Pokemon	Dewgong
A1 066	A1 066	0ace57d9a3d5	Pokemon	Shellder
A1 067	A1 067	b36801d4df03	Pokemon	Cloyster
A1 068	A1 068	edb971c5e6d0	Pokemon	Krabby
A1 069	A1 069	d2d2fff70844	Pokemon	Kingler
A1 070	A1 070	73e97439080d	Pokemon	Horsea
A1 071	A1 071	4ff44a0c95a1	Pokemon	Seadra
A1 072	A1 072	43bc595fca2b	Pokemon	Goldeen
A1 073	A1 073	1b1d630537a2	Pokemon	Seaking
A1 074	A1 074	edb1a3bab0fc	Pokemon	Staryu
A1 075	A1 075	8cb5d9ebfb21	Pokemon	Starmie
A1 076	A1 076	66353f9ac465	Pokemon	Starmie ex
A1 077	A1 077	036722b37572	Pokemon	Magikarp
A1 078	A1 078	b1bd6606af5b	Pokemon	Gyarados
A1 079	A1 079	611da198a575	Pokemon	Lapras
A1 080	A1 080	5779ece24aa2	Pokemon	Vaporeon
A1 081	A1 081	68635ec849ab	Pokemon	Omanyte
A1 082	A1 082	90dc9ce6cc98	Pokemon	Omastar
A1 083	A1 083	dd008908d15d	Pokemon	Articuno
A1 084	A1 084	0ec6c4a3e64e	Pokemon	Articuno ex
A1 085	A1 085	81c22623e7fb	Pokemon	Ducklett
A1 086	A1 086	f79619bea7fc	Pokemon	Swanna
A1 087	A1 087	1a472fbe829f	Pokemon	Froakie
A1 088	A1 088	ab76b9b4c633	Pokemon	Frogadier
A1 089	A1 089	fcbd362ce56f	Pokemon	Greninja
A1 090	A1 090	8c35a66edf36	Pokemon	Pyukumuku
A1 091	A1 091	c726510801e4	Pokemon	Bruxish
A1 092	A1 092	5f9ae3d42c62	Pokemon	Snom
A1 093	A1 093	3d639c3d2f39	Pokemon	Frosmoth
A1 094	A1 094	a82e2059dadc	Pokemon	Pikachu
A1 095	A1 095	48773fc9e4a1	Pokemon	Raichu
A1 096	A1 096	9199d3ef0bdb	Pokemon	Pikachu ex
A1 097	A1 097	3699e7304b90	Pokemon	Magnemite
A1 098	A1 098	c77d02c503c3	Pokemon	Magneton
A1 099	A1 099	c32365180106	Pokemon	Voltorb
A1 100	A1 100	8e49a8841e5f	Pokemon	Electrode
A1 101	A1 101	3cac4909da2e	Pokemon	Electabuzz
A1 102	A1 102	7777b326b32f	Pokemon	Jolteon
A1 103	A1 103	9631a22d85f3	Pokemon	Zapdos
A1 104	A1 104	8963bb48d2eb	Pokemon	Zapdos ex
A1 105	A1 105	564d9f7ec757	Pokemon	Blitzle
A1 106	A1 106	8ff40bbb0569	Pokemon	Zebstrika
A1 107	A1 107	abd894d68cf6	Pokemon	Tynamo
A1 108	A1 108	6378073bedab	Pokemon	Eelektrik
A1 109	A1 109	bd9c00edc775	Pokemon	Eelektross
A1 110	A1 110	96a1d38e0015	Pokemon	Helioptile
A1 111	A1 111	c1cadabe4ec1	Pokemon	Heliolisk
A1 112	A1 112	ac85bf971bd0	Pokemon	Pincurchin
A1 113	A1 113	f181415a2089	Pokemon	Clefairy
A1 114	A1 114	b3118983d2fd	Pokemon	Clefable
A1 115	A1 115	0218c52de5a2	Pokemon	Abra
A1 116	A1 116	c912e859b4ec	Pokemon	Kadabra
A1 117	A1 117	67234f1d9062	Pokemon	Alakazam
A1 118	A1 118	a4ea45810da4	Pokemon	Slowpoke
A1 119	A1 119	89f83ca9ba2f	Pokemon	Slowbro
A1 120	A1 120	ddfcf1283a44	Pokemon	Gastly
A1 121	A1 121	6384a0a9c68d	Pokemon	Haunter
A1 122	A1 122	b321d366a263	Pokemon	Gengar
A1 123	A1 123	078a97675e8e	Pokemon	Gengar ex
A1 124	A1 124	198f406a36eb	Pokemon	Drowzee
A1 125	A1 125	0b09f3a44159	Pokemon	Hypno
A1 126	A1 126	e5c6b7dfaf22	Pokemon	Mr. Mime
A1 127	A1 127	12ffe314886c	Pokemon	Jynx
A1 128	A1 128	58629d6aff9c	Pokemon	Mewtwo
A1 129	A1 129	609c219d421f	Pokemon	Mewtwo ex
A1 130	A1 130	e40b399b4412	Pokemon	Ralts
A1 131	A1 131	b4460b5cffb8	Pokemon	Kirlia
A1 132	A1 132	afd976094d87	Pokemon	Gardevoir
A1 133	A1 133	dd283706a232	Pokemon	Woobat
A1 134	A1 134	78fd4a8da52f	Pokemon	Swoobat
A1 135	A1 135	dde98fdc9c35	Pokemon	Golett
A1 136	A1 136	61ef7acc19b2	Pokemon	Golurk
A1 137	A1 137	cee6474d2014	Pokemon	Sandshrew
A1 138	A1 138	b4a4b56e0216	Pokemon	Sandslash
A1 139	A1 139	97bffb70f8fc	Pokemon	Diglett
A1 140	A1 140	36b0654f679f	Pokemon	Dugtrio
A1 141	A1 141	a31fb4cafedb	Pokemon	Mankey
A1 142	A1 142	2bd6fd36fc57	Pokemon	Primeape
A1 143	A1 143	e1057f584ab9	Pokemon	Machop
A1 144	A1 144	c65f704c91ef	Pokemon	Machoke
A1 145	A1 145	d508d9d8d70c	Pokemon	Machamp
A1 146	A1 146	04ab026524e5	Pokemon	Machamp ex
A1 147	A1 147	31e5e9fa5ea4	Pokemon	Geodude
A1 148	A1 148	03eef26599de	Pokemon	Graveler
A1 149	A1 149	d97f8fc04441	Pokemon	Golem
A1 150	A1 150	dc62bdc7478f	Pokemon	Onix
A1 151	A1 151	20e11a9abe42	Pokemon	Cubone
A1 152	A1 152	ee4bd0cf227b	Pokemon	Marowak
A1 153	A1 153	3d5d2c98e602	Pokemon	Marowak ex
A1 154	A1 154	d82449520131	Pokemon	Hitmonlee
A1 155	A1 155	912f13f962c4	Pokemon	Hitmonchan
A1 156	A1 156	6149eedb8b23	Pokemon	Rhyhorn
A1 157	A1 157	2a57d2750f81	Pokemon	Rhydon
A1 158	A1 158	00ec7ea1f2c4	Pokemon	Kabuto
A1 159	A1 159	a46b7d2ec3bc	Pokemon	Kabutops
A1 160	A1 160	3d5947276b64	Pokemon	Mienfoo
A1 161	A1 161	a91dec492e32	Pokemon	Mienshao
A1 162	A1 162	c86ec304790a	Pokemon	Clobbopus
A1 163	A1 163	405d42006c47	Pokemon	Grapploct
A1 164	A1 164	efb33efb139a	Pokemon	Ekans
A1 165	A1 165	6aa5343b3ea5	Pokemon	Arbok
A1 166	A1 166	fccef17f1678	Pokemon	Nidoran♀
A1 167	A1 167	303dba34c7ed	Pokemon	Nidorina
A1 168	A1 168	c307cc8e894a	Pokemon	Nidoqueen
A1 169	A1 169	d2aba98b0d26	Pokemon	Nidoran♂
A1 170	A1 170	72d0f52a45cc	Pokemon	Nidorino
A1 171	A1 171	9149d96f1cd4	Pokemon	Nidoking
A1 172	A1 172	ec3d7488921c	Pokemon	Zubat
A1 173	A1 173	9bd4ddf0f2f5	Pokemon	Golbat
A1 174	A1 174	10930af22467	Pokemon	Grimer
A1 175	A1 175	f3051fc7bb78	Pokemon	Muk
A1 176	A1 176	58b630b74011	Pokemon	Koffing
A1 177	A1 177	229184a5c7d6	Pokemon	Weezing
A1 178	A1 178	6ee180919f75	Pokemon	Mawile
A1 179	A1 179	68fd2a57bcfc	Pokemon	Pawniard
A1 180	A1 180	03d90cfb28a5	Pokemon	Bisharp
A1 181	A1 181	5ea2ed6eca4d	Pokemon	Meltan
A1 182	A1 182	eaf6455cb560	Pokemon	Melmetal
A1 183	A1 183	022faf581cea	Pokemon	Dratini
A1 184	A1 184	817aa8c21742	Pokemon	Dragonair
A1 185	A1 185	56206e45e9f8	Pokemon	Dragonite
A1 186	A1 186	21cdec1d4cf4	Pokemon	Pidgey
A1 187	A1 187	1c26253dbf1b	Pokemon	Pidgeotto
A1 188	A1 188	99305cf73d3a	Pokemon	Pidgeot
A1 189	A1 189	27bc35b1c592	Pokemon	Rattata
A1 190	A1 190	fd9d759effbe	Pokemon	Raticate
A1 191	A1 191	208cf1f07d9d	Pokemon	Spearow
A1 192	A1 192	c561322538f4	Pokemon	Fearow
A1 193	A1 193	c7653883a6c7	Pokemon	Jigglypuff
A1 194	A1 194	32f4fb88efa3	Pokemon	Wigglytuff
A1 195	A1 195	1deb301b8bc8	Pokemon	Wigglytuff ex
A1 196	A1 196	9ee4e1e64aab	Pokemon	Meowth
A1 197	A1 197	119ba8447567	Pokemon	Persian
A1 198	A1 198	cbadf5e28371	Pokemon	Farfetch'd
A1 199	A1 199	07b31c2869ea	Pokemon	Doduo
A1 200	A1 200	661c5044f67f	Pokemon	Dodrio
A1 201	A1 201	219b2a1a00f3	Pokemon	Lickitung
A1 202	A1 202	0b0b25366b13	Pokemon	Chansey
A1 203	A1 203	796180940aa4	Pokemon	Kangaskhan
A1 204	A1 204	3fc8a69796fa	Pokemon	Tauros
A1 205	A1 205	ae2903584303	Pokemon	Ditto
A1 206	A1 206	1b90a5b6fb7b	Pokemon	Eevee
A1 207	A1 206	1b90a5b6fb7b	Pokemon	Eevee
A1 208	A1 206	1b90a5b6fb7b	Pokemon	Eevee
A1 209	A1 209	97e9f8eb2a29	Pokemon	Porygon
A1 210	A1 210	6906f9376bcd	Pokemon	Aerodactyl
A1 211	A1 211	4a521a536bca	Pokemon	Snorlax
A1 212	A1 212	8356720e1096	Pokemon	Minccino
A1 213	A1 213	5bcef94dd303	Pokemon	Cinccino
A1 214	A1 214	234d2af631c3	Pokemon	Wooloo
A1 215	A1 215	ecb8382e2daf	Pokemon	Dubwool
A1 216	A1 216	4deaea1cafc6	Trainer	Helix Fossil
A1 217	A1 217	a91472e14c76	Trainer	Dome Fossil
A1 218	A1 218	600955009453	Trainer	Old Amber
A1 219	A1 219	e3f5859357f7	Trainer	Erika
A1 220	A1 220	14f8475bf8bb	Trainer	Misty
A1 221	A1 221	21925b66342e	Trainer	Blaine
A1 222	A1 222	75ce257c2526	Trainer	Koga
A1 223	A1 223	bf579f49bfe3	Trainer	Giovanni
A1 224	A1 224	b0529e365c6d	Trainer	Brock
A1 225	A1 225	fc3dee07043b	Trainer	Sabrina
A1 226	A1 226	ddc5b767e577	Trainer	Lt. Surge
A1 227	A1 001	1594dfb55509	Pokemon	Bulbasaur
A1 228	A1 012	2a6cb96ccebf	Pokemon	Gloom
A1 229	A1 026	c5dc5a361a87	Pokemon	Pinsir
A1 230	A1 033	a85658726ac6	Pokemon	Charmander
A1 231	A1 043	f050280644b1	Pokemon	Rapidash
A1 232	A1 053	1efa7f427161	Pokemon	Squirtle
A1 233	A1 078	b1bd6606af5b	Pokemon	Gyarados
A1 234	A1 079	611da198a575	Pokemon	Lapras
A1 235	A1 100	8e49a8841e5f	Pokemon	Electrode
A1 236	A1 117	67234f1d9062	Pokemon	Alakazam
A1 237	A1 118	a4ea45810da4	Pokemon	Slowpoke
A1 238	A1 139	97bffb70f8fc	Pokemon	Diglett
A1 239	A1 151	20e11a9abe42	Pokemon	Cubone
A1 240	A1 168	c307cc8e894a	Pokemon	Nidoqueen
A1 241	A1 171	9149d96f1cd4	Pokemon	Nidoking
A1 242	A1 173	9bd4ddf0f2f5	Pokemon	Golbat
A1 243	A1 177	229184a5c7d6	Pokemon	Weezing
A1 244	A1 185	56206e45e9f8	Pokemon	Dragonite
A1 245	A1 188	99305cf73d3a	Pokemon	Pidgeot
A1 246	A1 196	9ee4e1e64aab	Pokemon	Meowth
A1 247	A1 205	ae2903584303	Pokemon	Ditto
A1 248	A1 206	1b90a5b6fb7b	Pokemon	Eevee
A1 249	A1 209	97e9f8eb2a29	Pokemon	Porygon
A1 250	A1 211	4a521a536bca	Pokemon	Snorlax
A1 251	A1 004	a1b6648fe1ba	Pokemon	Venusaur ex
A1 252	A1 023	1a07949625f1	Pokemon	Exeggutor ex
A1 253	A1 036	a3d83b9c744d	Pokemon	Charizard ex
A1 254	A1 041	445a2a554fa0	Pokemon	Arcanine ex
A1 255	A1 047	cce304763e7c	Pokemon	Moltres ex
A1 256	A1 056	4b5b7907c4be	Pokemon	Blastoise ex
A1 257	A1 076	66353f9ac465	Pokemon	Starmie ex
A1 258	A1 084	0ec6c4a3e64e	Pokemon	Articuno ex
A1 259	A1 096	9199d3ef0bdb	Pokemon	Pikachu ex
A1 260	A1 104	8963bb48d2eb	Pokemon	Zapdos ex
A1 261	A1 123	078a97675e8e	Pokemon	Gengar ex
A1 262	A1 129	609c219d421f	Pokemon	Mewtwo ex
A1 263	A1 146	04ab026524e5	Pokemon	Machamp ex
A1 264	A1 153	3d5d2c98e602	Pokemon	Marowak ex
A1 265	A1 195	1deb301b8bc8	Pokemon	Wigglytuff ex
A1 266	A1 219	e3f5859357f7	Trainer	Erika
A1 267	A1 220	14f8475bf8bb	Trainer	Misty
A1 268	A1 221	21925b66342e	Trainer	Blaine
A1 269	A1 222	75ce257c2526	Trainer	Koga
A1 270	A1 223	bf579f49bfe3	Trainer	Giovanni
A1 271	A1 224	b0529e365c6d	Trainer	Brock
A1 272	A1 225	fc3dee07043b	Trainer	Sabrina
A1 273	A1 226	ddc5b767e577	Trainer	Lt. Surge
A1 274	A1 047	cce304763e7c	Pokemon	Moltres ex
A1 275	A1 084	0ec6c4a3e64e	Pokemon	Articuno ex
A1 276	A1 104	8963bb48d2eb	Pokemon	Zapdos ex
A1 277	A1 123	078a97675e8e	Pokemon	Gengar ex
A1 278	A1 146	04ab026524e5	Pokemon	Machamp ex
A1 279	A1 195	1deb301b8bc8	Pokemon	Wigglytuff ex
A1 280	A1 036	a3d83b9c744d	Pokemon	Charizard ex
A1 281	A1 096	9199d3ef0bdb	Pokemon	Pikachu ex
A1 282	A1 129	609c219d421f	Pokemon	Mewtwo ex
A1 283	A1 283	b5a3032053aa	Pokemon	Mew
A1 284	A1 036	a3d83b9c744d	Pokemon	Charizard ex
A1 285	A1 096	9199d3ef0bdb	Pokemon	Pikachu ex
A1 286	A1 129	609c219d421f	Pokemon	Mewtwo ex
A1a 001	A1a 001	783a136bd51f	Pokemon	Exeggcute
A1a 002	A1a 002	92fe356bafbc	Pokemon	Exeggutor
A1a 003	A1a 003	61fff590ffb5	Pokemon	Celebi ex
A1a 004	A1a 004	47ac2d4f3a03	Pokemon	Snivy
A1a 005	A1a 005	8c209bb70f27	Pokemon	Servine
A1a 006	A1a 006	bf713e23f9be	Pokemon	Serperior
A1a 007	A1a 007	078f300ae9ff	Pokemon	Morelull
A1a 008	A1a 008	674c5e304718	Pokemon	Shiinotic
A1a 009	A1a 009	5f9ee7455876	Pokemon	Dhelmise
A1a 010	A1a 010	a41939ffe2b7	Pokemon	Ponyta
A1a 011	A1a 011	0c98023f8d17	Pokemon	Rapidash
A1a 012	A1a 012	e27db3813ccd	Pokemon	Magmar
A1a 013	A1a 013	7c17c1deb376	Pokemon	Larvesta
A1a 014	A1a 014	5d222e6c4016	Pokemon	Volcarona
A1a 015	A1a 015	683bba6d3c8e	Pokemon	Salandit
A1a 016	A1a 016	8b3f40303c47	Pokemon	Salazzle
A1a 017	A1a 017	29916e027280	Pokemon	Magikarp
A1a 018	A1a 018	c8cc6fb41c03	Pokemon	Gyarados ex
A1a 019	A1a 019	b6526ac72de3	Pokemon	Vaporeon
A1a 020	A1a 020	640487a13805	Pokemon	Finneon
A1a 021	A1a 021	4942411eabb9	Pokemon	Lumineon
A1a 022	A1a 022	53a6791e87db	Pokemon	Chewtle
A1a 023	A1a 023	9fb0164cb4f6	Pokemon	Drednaw
A1a 024	A1a 024	b71f0be0ae33	Pokemon	Cramorant
A1a 025	A1a 025	98b34a4000ea	Pokemon	Pikachu
A1a 026	A1a 026	035b160f22ac	Pokemon	Raichu
A1a 027	A1a 027	9948ce9e32bb	Pokemon	Electabuzz
A1a 028	A1a 028	c1642047d0b9	Pokemon	Joltik
A1a 029	A1a 029	4b91aa8fb418	Pokemon	Galvantula
A1a 030	A1a 030	db8a4d851f8f	Pokemon	Dedenne
A1a 031	A1 283	b5a3032053aa	Pokemon	Mew
A1a 032	A1a 032	ead04fdf411b	Pokemon	Mew ex
A1a 033	A1a 033	64106202e2c6	Pokemon	Sigilyph
A1a 034	A1a 034	c2e50ac5602a	Pokemon	Elgyem
A1a 035	A1a 035	64d0ebc1d410	Pokemon	Beheeyem
A1a 036	A1a 036	5c76fee56958	Pokemon	Flabébé
A1a 037	A1a 037	86ee6f631527	Pokemon	Floette
A1a 038	A1a 038	5903c6276efa	Pokemon	Florges
A1a 039	A1a 039	4a405e219937	Pokemon	Swirlix
A1a 040	A1a 040	eb4f36b9ce8a	Pokemon	Slurpuff
A1a 041	A1a 041	09a55ddce214	Pokemon	Mankey
A1a 042	A1a 042	1bf229421f89	Pokemon	Primeape
A1a 043	A1a 043	9832e4527d16	Pokemon	Geodude
A1a 044	A1a 044	cabeb1299208	Pokemon	Graveler
A1a 045	A1a 045	85606646212c	Pokemon	Golem
A1a 046	A1a 046	461e2c46fe03	Pokemon	Aerodactyl ex
A1a 047	A1a 047	9a29d1dc7786	Pokemon	Marshadow
A1a 048	A1a 048	896a8ff3f3a6	Pokemon	Stonjourner
A1a 049	A1a 049	73ef6c14779a	Pokemon	Koffing
A1a 050	A1a 050	ef31224abcf3	Pokemon	Weezing
A1a 051	A1a 051	1a3aa09f7798	Pokemon	Purrloin
A1a 052	A1a 052	6ed9ecc0368a	Pokemon	Liepard
A1a 053	A1a 053	6969577b72a7	Pokemon	Venipede
A1a 054	A1a 054	c8bed3090bc3	Pokemon	Whirlipede
A1a 055	A1a 055	4badf7574b6f	Pokemon	Scolipede
A1a 056	A1a 056	79c5f1824c37	Pokemon	Druddigon
A1a 057	A1a 057	9731931da930	Pokemon	Pidgey
A1a 058	A1a 058	7339e27b0583	Pokemon	Pidgeotto
A1a 059	A1a 059	344adf19f132	Pokemon	Pidgeot ex
A1a 060	A1a 060	b421c2f91a2f	Pokemon	Tauros
A1a 061	A1a 061	3fecce7599bd	Pokemon	Eevee
A1a 062	A1a 062	6b1c9fff9634	Pokemon	Chatot
A1a 063	A1 218	600955009453	Trainer	Old Amber
A1a 064	A1a 064	5ace20b02600	Trainer	Pokémon Flute
A1a 065	A1a 065	13b17a690aaa	Trainer	Mythical Slab
A1a 066	A1a 066	846451a8f59a	Trainer	Budding Expeditioner
A1a 067	A1a 067	44e4eb101ec8	Trainer	Blue
A1a 068	A1a 068	0bdece43bd6a	Trainer	Leaf
A1a 069	A1a 002	92fe356bafbc	Pokemon	Exeggutor
A1a 070	A1a 006	bf713e23f9be	Pokemon	Serperior
A1a 071	A1a 015	683bba6d3c8e	Pokemon	Salandit
A1a 072	A1a 019	b6526ac72de3	Pokemon	Vaporeon
A1a 073	A1a 030	db8a4d851f8f	Pokemon	Dedenne
A1a 074	A1a 047	9a29d1dc7786	Pokemon	Marshadow
A1a 075	A1a 003	61fff590ffb5	Pokemon	Celebi ex
A1a 076	A1a 018	c8cc6fb41c03	Pokemon	Gyarados ex
A1a 077	A1a 032	ead04fdf411b	Pokemon	Mew ex
A1a 078	A1a 046	461e2c46fe03	Pokemon	Aerodactyl ex
A1a 079	A1a 059	344adf19f132	Pokemon	Pidgeot ex
A1a 080	A1a 066	846451a8f59a	Trainer	Budding Expeditioner
A1a 081	A1a 067	44e4eb101ec8	Trainer	Blue
A1a 082	A1a 068	0bdece43bd6a	Trainer	Leaf
A1a 083	A1a 032	ead04fdf411b	Pokemon	Mew ex
A1a 084	A1a 046	461e2c46fe03	Pokemon	Aerodactyl ex
A1a 085	A1a 003	61fff590ffb5	Pokemon	Celebi ex
A1a 086	A1a 032	ead04fdf411b	Pokemon	Mew ex
A2 001	A2 001	333586e59799	Pokemon	Oddish
A2 002	A2 002	1c47b4578c74	Pokemon	Gloom
A2 003	A2 003	d841b40575bc	Pokemon	Bellossom
A2 004	A2 004	f548226760c5	Pokemon	Tangela
A2 005	A2 005	88e87afe0e11	Pokemon	Tangrowth
A2 006	A2 006	d2e8c73507cf	Pokemon	Yanma
A2 007	A2 007	cef666d819d8	Pokemon	Yanmega ex
A2 008	A2 008	ca6d660abfe1	Pokemon	Roselia
A2 009	A2 009	e203de04a800	Pokemon	Roserade
A2 010	A2 010	be4cbbe48e50	Pokemon	Turtwig
A2 011	A2 011	c344db6b8cc4	Pokemon	Grotle
A2 012	A2 012	14f32d28aea6	Pokemon	Torterra
A2 013	A2 013	cbca89fe5b9d	Pokemon	Kricketot
A2 014	A2 014	8cb6471e724f	Pokemon	Kricketune
A2 015	A2 015	66daf6ec724f	Pokemon	Burmy
A2 016	A2 016	d907d664a59e	Pokemon	Wormadam
A2 017	A2 017	2807a8992993	Pokemon	Combee
A2 018	A2 018	2dd76347b003	Pokemon	Vespiquen
A2 019	A2 019	db48e59c4b69	Pokemon	Carnivine
A2 020	A2 020	72d54ac7e817	Pokemon	Leafeon
A2 021	A2 021	4d1adcb7c185	Pokemon	Mow Rotom
A2 022	A2 022	1c9e301c1ee8	Pokemon	Shaymin
A2 023	A2 023	24bf3a754bd7	Pokemon	Magmar
A2 024	A2 024	1fb7f0a51c1f	Pokemon	Magmortar
A2 025	A2 025	fa3cca8910d5	Pokemon	Slugma
A2 026	A2 026	f1f5f852c905	Pokemon	Magcargo
A2 027	A2 027	fca6d88f328d	Pokemon	Chimchar
A2 028	A2 028	d1a62859bfd2	Pokemon	Monferno
A2 029	A2 029	f623f910cae1	Pokemon	Infernape ex
A2 030	A2 030	e13f49aa5a55	Pokemon	Heat Rotom
A2 031	A2 031	1b86a8759f13	Pokemon	Swinub
A2 032	A2 032	d3120b6ef959	Pokemon	Piloswine
A2 033	A2 033	877a2f21fb82	Pokemon	Mamoswine
A2 034	A2 034	fd53bb5db2c0	Pokemon	Regice
A2 035	A2 035	4205a57589b6	Pokemon	Piplup
A2 036	A2 036	705a597b0f0b	Pokemon	Prinplup
A2 037	A2 037	f5bc18a5b1be	Pokemon	Empoleon
A2 038	A2 038	633b3568a583	Pokemon	Buizel
A2 039	A2 039	eda2db108f32	Pokemon	Floatzel
A2 040	A2 040	8436bdc16db5	Pokemon	Shellos
A2 041	A2 041	7a17bc5d396b	Pokemon	Gastrodon
A2 042	A2 042	82f75710326f	Pokemon	Finneon
A2 043	A2 043	270e2dc12d4d	Pokemon	Lumineon
A2 044	A2 044	95a7ced66703	Pokemon	Snover
A2 045	A2 045	9f5cb55ae122	Pokemon	Abomasnow
A2 046	A2 046	ed15d3af9815	Pokemon	Glaceon
A2 047	A2 047	5c9c7e931e17	Pokemon	Wash Rotom
A2 048	A2 048	e511d58228e7	Pokemon	Frost Rotom
A2 049	A2 049	b38add548131	Pokemon	Palkia ex
A2 050	A2 050	89605b565f43	Pokemon	Manaphy
A2 051	A2 051	1a1e4c2a43fd	Pokemon	Magnemite
A2 052	A2 052	c42e5f5ed267	Pokemon	Magneton
A2 053	A2 053	5626947fc97e	Pokemon	Magnezone
A2 054	A2 054	2374e0263e77	Pokemon	Voltorb
A2 055	A2 055	a3badca73c92	Pokemon	Electrode
A2 056	A2 056	10cf4aad2661	Pokemon	Electabuzz
A2 057	A2 057	1360844ab05d	Pokemon	Electivire
A2 058	A2 058	a88f2bbc80e4	Pokemon	Shinx
A2 059	A2 059	86492e3388ec	Pokemon	Luxio
A2 060	A2 060	3bd4319242cd	Pokemon	Luxray
A2 061	A2 061	d9da7c8b472e	Pokemon	Pachirisu ex
A2 062	A2 062	afbea506525c	Pokemon	Rotom
A2 063	A2 063	111d19375e2b	Pokemon	Togepi
A2 064	A2 064	d67d2e4bf605	Pokemon	Togetic
A2 065	A2 065	672e463c2637	Pokemon	Togekiss
A2 066	A2 066	eb3cecc81dcc	Pokemon	Misdreavus
A2 067	A2 067	354c69858cd4	Pokemon	Mismagius ex
A2 068	A2 068	1c225f9ec351	Pokemon	Ralts
A2 069	A2 069	b851b9c01167	Pokemon	Kirlia
A2 070	A2 070	06c186a42dd3	Pokemon	Duskull
A2 071	A2 071	16eaec4ddba6	Pokemon	Dusclops
A2 072	A2 072	fc36675be609	Pokemon	Dusknoir
A2 073	A2 073	74cd559ae75c	Pokemon	Drifloon
A2 074	A2 074	04842fe6e3d1	Pokemon	Drifblim
A2 075	A2 075	4337a4d520af	Pokemon	Uxie
A2 076	A2 076	ef8a15094f2c	Pokemon	Mesprit
A2 077	A2 077	2aece9e19c83	Pokemon	Azelf
A2 078	A2 078	447023b48482	Pokemon	Giratina
A2 079	A2 079	363e95caed8a	Pokemon	Cresselia
A2 080	A2 080	8b6806ba422a	Pokemon	Rhyhorn
A2 081	A2 081	43c320f13ea8	Pokemon	Rhydon
A2 082	A2 082	3fc67b6da399	Pokemon	Rhyperior
A2 083	A2 083	a03204be60eb	Pokemon	Gligar
A2 084	A2 084	bc9ee1b35cd1	Pokemon	Gliscor
A2 085	A2 085	12b59c06d0e8	Pokemon	Hitmontop
A2 086	A2 086	b41d20bb6e54	Pokemon	Nosepass
A2 087	A2 087	6e3a88ca645a	Pokemon	Regirock
A2 088	A2 088	9d67ad02e65b	Pokemon	Cranidos
A2 089	A2 089	37317bcb7312	Pokemon	Rampardos
A2 090	A2 090	e72e6674e523	Pokemon	Wormadam
A2 091	A2 091	a02cff196547	Pokemon	Riolu
A2 092	A2 092	c4d6306bb295	Pokemon	Lucario
A2 093	A2 093	9c21d34484ad	Pokemon	Hippopotas
A2 094	A2 094	a847a7b86b4e	Pokemon	Hippowdon
A2 095	A2 095	1fe3d784bf90	Pokemon	Gallade ex
A2 096	A2 096	8fc7cd6bb4ef	Pokemon	Murkrow
A2 097	A2 097	83087919fa11	Pokemon	Honchkrow
A2 098	A2 098	ebd01dfdbe0c	Pokemon	Sneasel
A2 099	A2 099	2e29d899a179	Pokemon	Weavile ex
A2 100	A2 100	54cb356969f3	Pokemon	Poochyena
A2 101	A2 101	19d6dbc0f84d	Pokemon	Mightyena
A2 102	A2 102	dff8de5da283	Pokemon	Stunky
A2 103	A2 103	97ab5f39db26	Pokemon	Skuntank
A2 104	A2 104	1066d4e09a1a	Pokemon	Spiritomb
A2 105	A2 105	e6d0aaea5e74	Pokemon	Skorupi
A2 106	A2 106	848deb723966	Pokemon	Drapion
A2 107	A2 107	60890f5d0b18	Pokemon	Croagunk
A2 108	A2 108	998656410449	Pokemon	Toxicroak
A2 109	A2 109	411c290a213b	Pokemon	Darkrai
A2 110	A2 110	a877fbbca313	Pokemon	Darkrai ex
A2 111	A2 111	28fdc5b12601	Pokemon	Skarmory
A2 112	A2 112	14d57a7a5b0f	Pokemon	Registeel
A2 113	A2 113	788a6d43d312	Pokemon	Shieldon
A2 114	A2 114	aed69312b50d	Pokemon	Bastiodon
A2 115	A2 115	e363fcd78f59	Pokemon	Wormadam
A2 116	A2 116	8ebc079d6ed8	Pokemon	Bronzor
A2 117	A2 117	a538f419f8bd	Pokemon	Bronzong
A2 118	A2 118	632b64ba88d0	Pokemon	Probopass
A2 119	A2 119	958ee2c091ce	Pokemon	Dialga ex
A2 120	A2 120	2bba45c2657c	Pokemon	Heatran
A2 121	A2 121	dca384f69a81	Pokemon	Gible
A2 122	A2 122	2009ed002c47	Pokemon	Gabite
A2 123	A2 123	bda709bcea39	Pokemon	Garchomp
A2 124	A2 124	7f3cbe17525d	Pokemon	Lickitung
A2 125	A2 125	56d4135339ae	Pokemon	Lickilicky ex
A2 126	A2 126	48ee2060c20d	Pokemon	Eevee
A2 127	A2 127	a52006b12073	Pokemon	Porygon
A2 128	A2 128	a362a851e67f	Pokemon	Porygon2
A2 129	A2 129	46c6a5a228ba	Pokemon	Porygon-Z
A2 130	A2 130	da89a0f8a1da	Pokemon	Aipom
A2 131	A2 131	3e0e83d1a694	Pokemon	Ambipom
A2 132	A2 132	b1a0352deb09	Pokemon	Starly
A2 133	A2 133	0785aeee67fb	Pokemon	Staravia
A2 134	A2 134	d138ac761f7d	Pokemon	Staraptor
A2 135	A2 135	d962bc550112	Pokemon	Bidoof
A2 136	A2 136	3bb66b8837f1	Pokemon	Bibarel
A2 137	A2 137	0c327a3ee04c	Pokemon	Buneary
A2 138	A2 138	56d534707323	Pokemon	Lopunny
A2 139	A2 139	d7f87cb2c103	Pokemon	Glameow
A2 140	A2 140	5ee042a709c2	Pokemon	Purugly
A2 141	A2 141	332779ddb243	Pokemon	Chatot
A2 142	A2 142	895ca2bf22bf	Pokemon	Fan Rotom
A2 143	A2 143	d45273947b26	Pokemon	Regigigas
A2 144	A2 144	3efca3739b6c	Trainer	Skull Fossil
A2 145	A2 145	6832d2cc7d18	Trainer	Armor Fossil
A2 146	A2 146	0fa64b3fc771	Trainer	Pokémon Communication
A2 147	A2 147	f4c8ec9c1925	Trainer	Giant Cape
A2 148	A2 148	bbe43f66fc9f	Trainer	Rocky Helmet
A2 149	A2 149	c7e491576062	Trainer	Lum Berry
A2 150	A2 150	fff346783fd6	Trainer	Cyrus
A2 151	A2 151	fe1c277999ba	Trainer	Team Galactic Grunt
A2 152	A2 152	8d94b5c8e07e	Trainer	Cynthia
A2 153	A2 153	b870e46de075	Trainer	Volkner
A2 154	A2 154	27d6e144d72a	Trainer	Dawn
A2 155	A2 155	69b4fb67c915	Trainer	Mars
A2 156	A2 005	88e87afe0e11	Pokemon	Tangrowth
A2 157	A2 017	2807a8992993	Pokemon	Combee
A2 158	A2 019	db48e59c4b69	Pokemon	Carnivine
A2 159	A2 022	1c9e301c1ee8	Pokemon	Shaymin
A2 160	A2 033	877a2f21fb82	Pokemon	Mamoswine
A2 161	A2 041	7a17bc5d396b	Pokemon	Gastrodon
A2 162	A2 050	89605b565f43	Pokemon	Manaphy
A2 163	A2 058	a88f2bbc80e4	Pokemon	Shinx
A2 164	A2 062	afbea506525c	Pokemon	Rotom
A2 165	A2 073	74cd559ae75c	Pokemon	Drifloon
A2 166	A2 076	ef8a15094f2c	Pokemon	Mesprit
A2 167	A2 078	447023b48482	Pokemon	Giratina
A2 168	A2 079	363e95caed8a	Pokemon	Cresselia
A2 169	A2 082	3fc67b6da399	Pokemon	Rhyperior
A2 170	A2 092	c4d6306bb295	Pokemon	Lucario
A2 171	A2 093	9c21d34484ad	Pokemon	Hippopotas
A2 172	A2 104	1066d4e09a1a	Pokemon	Spiritomb
A2 173	A2 107	60890f5d0b18	Pokemon	Croagunk
A2 174	A2 120	2bba45c2657c	Pokemon	Heatran
A2 175	A2 123	bda709bcea39	Pokemon	Garchomp
A2 176	A2 134	d138ac761f7d	Pokemon	Staraptor
A2 177	A2 135	d962bc550112	Pokemon	Bidoof
A2 178	A2 139	d7f87cb2c103	Pokemon	Glameow
A2 179	A2 143	d45273947b26	Pokemon	Regigigas
A2 180	A2 007	cef666d819d8	Pokemon	Yanmega ex
A2 181	A2 029	f623f910cae1	Pokemon	Infernape ex
A2 182	A2 049	b38add548131	Pokemon	Palkia ex
A2 183	A2 061	d9da7c8b472e	Pokemon	Pachirisu ex
A2 184	A2 067	354c69858cd4	Pokemon	Mismagius ex
A2 185	A2 095	1fe3d784bf90	Pokemon	Gallade ex
A2 186	A2 099	2e29d899a179	Pokemon	Weavile ex
A2 187	A2 110	a877fbbca313	Pokemon	Darkrai ex
A2 188	A2 119	958ee2c091ce	Pokemon	Dialga ex
A2 189	A2 125	56d4135339ae	Pokemon	Lickilicky ex
A2 190	A2 150	fff346783fd6	Trainer	Cyrus
A2 191	A2 151	fe1c277999ba	Trainer	Team Galactic Grunt
A2 192	A2 152	8d94b5c8e07e	Trainer	Cynthia
A2 193	A2 153	b870e46de075	Trainer	Volkner
A2 194	A2 154	27d6e144d72a	Trainer	Dawn
A2 195	A2 155	69b4fb67c915	Trainer	Mars
A2 196	A2 007	cef666d819d8	Pokemon	Yanmega ex
A2 197	A2 029	f623f910cae1	Pokemon	Infernape ex
A2 198	A2 061	d9da7c8b472e	Pokemon	Pachirisu ex
A2 199	A2 067	354c69858cd4	Pokemon	Mismagius ex
A2 200	A2 095	1fe3d784bf90	Pokemon	Gallade ex
A2 201	A2 099	2e29d899a179	Pokemon	Weavile ex
A2 202	A2 110	a877fbbca313	Pokemon	Darkrai ex
A2 203	A2 125	56d4135339ae	Pokemon	Lickilicky ex
A2 204	A2 049	b38add548131	Pokemon	Palkia ex
A2 205	A2 119	958ee2c091ce	Pokemon	Dialga ex
A2 206	A2 049	b38add548131	Pokemon	Palkia ex
A2 207	A2 119	958ee2c091ce	Pokemon	Dialga ex
A2a 001	A2a 001	982f9b369025	Pokemon	Heracross
A2a 002	A2a 002	c07a6283ef49	Pokemon	Burmy
A2a 003	A2a 003	b3bea6ea926e	Pokemon	Mothim
A2a 004	A2a 004	68b1c6d8f97a	Pokemon	Combee
A2a 005	A2a 005	09e79a0bfc46	Pokemon	Vespiquen
A2a 006	A2a 006	ce714224e347	Pokemon	Cherubi
A2a 007	A2a 007	956089b61a2b	Pokemon	Cherrim
A2a 008	A2a 008	14c32dbeef42	Pokemon	Cherrim
A2a 009	A2a 009	4358e7c7cf56	Pokemon	Carnivine
A2a 010	A2a 010	4bc514797924	Pokemon	Leafeon ex
A2a 011	A2a 011	55d5093f3b55	Pokemon	Houndour
A2a 012	A2a 012	8008fa0a4750	Pokemon	Houndoom
A2a 013	A2a 013	c4fea9bb5263	Pokemon	Heatran
A2a 014	A2a 014	dd7075abb399	Pokemon	Marill
A2a 015	A2a 015	659e2c846997	Pokemon	Azumarill
A2a 016	A2a 016	6b0376cb45d6	Pokemon	Barboach
A2a 017	A2a 017	21699d84c03c	Pokemon	Whiscash
A2a 018	A2a 018	aa375f35ae61	Pokemon	Snorunt
A2a 019	A2a 019	7a537431c401	Pokemon	Froslass
A2a 020	A2a 020	5947faf07004	Pokemon	Snover
A2a 021	A2a 021	040a7ce53a93	Pokemon	Abomasnow
A2a 022	A2a 022	2ed15d830aa2	Pokemon	Glaceon ex
A2a 023	A2a 023	033c5002eb10	Pokemon	Origin Forme Palkia
A2a 024	A2a 024	134967f90997	Pokemon	Phione
A2a 025	A2a 025	ce6c8931c0e6	Pokemon	Pikachu
A2a 026	A2a 026	ce7d46a55422	Pokemon	Raichu
A2a 027	A2a 027	04432e6d8543	Pokemon	Electrike
A2a 028	A2a 028	a847c5d55208	Pokemon	Manectric
A2a 029	A2a 029	400b172493cd	Pokemon	Clefairy
A2a 030	A2a 030	8b1d1a6be848	Pokemon	Clefable
A2a 031	A2a 031	58a8a7c08f02	Pokemon	Gastly
A2a 032	A2a 032	7421b1c60301	Pokemon	Haunter
A2a 033	A2a 033	b0773943198e	Pokemon	Gengar
A2a 034	A2a 034	f4cd654bbdbb	Pokemon	Unown
A2a 035	A2a 035	7a4872ed5ec7	Pokemon	Rotom
A2a 036	A2a 036	077e8d7bb911	Pokemon	Sudowoodo
A2a 037	A2a 037	ddd5d71637f1	Pokemon	Phanpy
A2a 038	A2a 038	aa73048b318f	Pokemon	Donphan
A2a 039	A2a 039	6a49593049aa	Pokemon	Larvitar
A2a 040	A2a 040	e13c47532d14	Pokemon	Pupitar
A2a 041	A2a 041	dd80494b6680	Pokemon	Tyranitar
A2a 042	A2a 042	f9aa90a1c178	Pokemon	Nosepass
A2a 043	A2a 043	96da2fff72d0	Pokemon	Meditite
A2a 044	A2a 044	203ec27d58e5	Pokemon	Medicham
A2a 045	A2a 045	e0eb9f32dea7	Pokemon	Gible
A2a 046	A2a 046	9c8767d2aca9	Pokemon	Gabite
A2a 047	A2a 047	0436bf4399bb	Pokemon	Garchomp ex
A2a 048	A2a 048	8538bd2f6431	Pokemon	Zubat
A2a 049	A2a 049	ec7a71b85ccd	Pokemon	Golbat
A2a 050	A2a 050	981565515217	Pokemon	Crobat
A2a 051	A2a 051	9b8ae0835ab6	Pokemon	Croagunk
A2a 052	A2a 052	9356ff737910	Pokemon	Toxicroak
A2a 053	A2a 053	5ba3a5ac103b	Pokemon	Magnemite
A2a 054	A2a 054	d0fe0e89f318	Pokemon	Magneton
A2a 055	A2a 055	19284679d5c8	Pokemon	Magnezone
A2a 056	A2a 056	7c859e6ef9e6	Pokemon	Mawile
A2a 057	A2a 057	77c7ca05a836	Pokemon	Probopass ex
A2a 058	A2a 058	871a21c56a7f	Pokemon	Bronzor
A2a 059	A2a 059	315af41db73e	Pokemon	Bronzong
A2a 060	A2a 060	0e3914d841aa	Pokemon	Origin Forme Dialga
A2a 061	A2a 061	fbf8656b9077	Pokemon	Giratina
A2a 062	A2a 062	fafed914460f	Pokemon	Eevee
A2a 063	A2a 063	3fe25521243c	Pokemon	Snorlax
A2a 064	A2a 064	4a4f167fd572	Pokemon	Hoothoot
A2a 065	A2a 065	80018e7308d4	Pokemon	Noctowl
A2a 066	A2a 066	ae194855407c	Pokemon	Starly
A2a 067	A2a 067	22ba4d14f293	Pokemon	Staravia
A2a 068	A2a 068	b98b6bcbc645	Pokemon	Staraptor
A2a 069	A2a 069	345ce3273aa9	Pokemon	Shaymin
A2a 070	A2a 070	21a0c2882de7	Pokemon	Arceus
A2a 071	A2a 071	d24d8b43a84f	Pokemon	Arceus ex
A2a 072	A2a 072	c594de313052	Trainer	Irida
A2a 073	A2a 073	afd05112bd37	Trainer	Celestic Town Elder
A2a 074	A2a 074	0699b91562e8	Trainer	Barry
A2a 075	A2a 075	b452adbef50e	Trainer	Adaman
A2a 076	A2a 012	8008fa0a4750	Pokemon	Houndoom
A2a 077	A2a 014	dd7075abb399	Pokemon	Marill
A2a 078	A2a 034	f4cd654bbdbb	Pokemon	Unown
A2a 079	A2a 036	077e8d7bb911	Pokemon	Sudowoodo
A2a 080	A2a 053	5ba3a5ac103b	Pokemon	Magnemite
A2a 081	A2a 069	345ce3273aa9	Pokemon	Shaymin
A2a 082	A2a 010	4bc514797924	Pokemon	Leafeon ex
A2a 083	A2a 022	2ed15d830aa2	Pokemon	Glaceon ex
A2a 084	A2a 047	0436bf4399bb	Pokemon	Garchomp ex
A2a 085	A2a 057	77c7ca05a836	Pokemon	Probopass ex
A2a 086	A2a 071	d24d8b43a84f	Pokemon	Arceus ex
A2a 087	A2a 072	c594de313052	Trainer	Irida
A2a 088	A2a 073	afd05112bd37	Trainer	Celestic Town Elder
A2a 089	A2a 074	0699b91562e8	Trainer	Barry
A2a 090	A2a 075	b452adbef50e	Trainer	Adaman
A2a 091	A2a 010	4bc514797924	Pokemon	Leafeon ex
A2a 092	A2a 022	2ed15d830aa2	Pokemon	Glaceon ex
A2a 093	A2a 047	0436bf4399bb	Pokemon	Garchomp ex
A2a 094	A2a 057	77c7ca05a836	Pokemon	Probopass ex
A2a 095	A2a 071	d24d8b43a84f	Pokemon	Arceus ex
A2a 096	A2a 071	d24d8b43a84f	Pokemon	Arceus ex
A2b 001	A2b 001	90265d3b5ca1	Pokemon	Weedle
A2b 002	A2b 002	1d6b97809214	Pokemon	Kakuna
A2b 003	A2b 003	5054feea5791	Pokemon	Beedrill ex
A2b 004	A2b 004	6291b069b415	Pokemon	Pinsir
A2b 005	A2b 005	74812c60df37	Pokemon	Sprigatito
A2b 006	A2b 006	a8b37cc92118	Pokemon	Floragato
A2b 007	A2b 007	655e3c31ec3c	Pokemon	Meowscarada
A2b 008	A2b 008	67f77c2a3635	Pokemon	Charmander
A2b 009	A2b 009	dd3f3eed9cbc	Pokemon	Charmeleon
A2b 010	A2b 010	d910503fc4bb	Pokemon	Charizard ex
A2b 011	A2b 011	7589dd06ede3	Pokemon	Magmar
A2b 012	A2b 012	3ddc5bc2bfd6	Pokemon	Magmortar
A2b 013	A2b 013	8c3c631297c9	Pokemon	Paldean Tauros
A2b 014	A2b 014	d05930e0bb84	Pokemon	Tentacool
A2b 015	A2b 015	4829cb1b07c5	Pokemon	Tentacruel
A2b 016	A2b 016	1e7b1950ac29	Pokemon	Buizel
A2b 017	A2b 017	87a3131f5bfb	Pokemon	Floatzel
A2b 018	A2b 018	9c4003ac28dc	Pokemon	Wiglett
A2b 019	A2b 019	f882222e851f	Pokemon	Wugtrio ex
A2b 020	A2b 020	5cfd182508b6	Pokemon	Dondozo
A2b 021	A2b 021	b18684232a1b	Pokemon	Tatsugiri
A2b 022	A2b 022	6c3826d1f2d9	Pokemon	Pikachu ex
A2b 023	A2b 023	800ea585c220	Pokemon	Voltorb
A2b 024	A2b 024	0a0886aa797a	Pokemon	Electrode
A2b 025	A2b 025	7a2826fa75e5	Pokemon	Pachirisu
A2b 026	A2b 026	304f7a0b7e9b	Pokemon	Pawmi
A2b 027	A2b 027	131702244d00	Pokemon	Pawmo
A2b 028	A2b 028	3716fec3dfef	Pokemon	Pawmot
A2b 029	A2b 029	dff916cffb03	Pokemon	Abra
A2b 030	A2b 030	a59eeb58919c	Pokemon	Kadabra
A2b 031	A2b 031	e48a942dfd9a	Pokemon	Alakazam
A2b 032	A2b 032	01abb68ab2c9	Pokemon	Mr. Mime
A2b 033	A2b 033	85b410e72276	Pokemon	Drifloon
A2b 034	A2b 034	2ac63f006364	Pokemon	Drifblim
A2b 035	A2b 035	d2516056a970	Pokemon	Giratina ex
A2b 036	A2b 036	91d4c8acac09	Pokemon	Gimmighoul
A2b 037	A2b 037	5d043a0c1a66	Pokemon	Machop
A2b 038	A2b 038	92d250f1106d	Pokemon	Machoke
A2b 039	A2b 039	322a8a2fca36	Pokemon	Machamp
A2b 040	A2b 040	f1836cb3636f	Pokemon	Hitmonlee
A2b 041	A2b 041	1c62bb536819	Pokemon	Hitmonchan
A2b 042	A2b 042	fe599b900ba9	Pokemon	Riolu
A2b 043	A2b 043	3d699f0f71df	Pokemon	Lucario ex
A2b 044	A2b 044	e6be898a8780	Pokemon	Flamigo
A2b 045	A2b 045	b9991515727d	Pokemon	Ekans
A2b 046	A2b 046	e4b78f120e4e	Pokemon	Arbok
A2b 047	A2b 047	29fdb528f976	Pokemon	Paldean Wooper
A2b 048	A2b 048	df8f7eae5d8c	Pokemon	Paldean Clodsire ex
A2b 049	A2b 049	157d1105abcc	Pokemon	Spiritomb
A2b 050	A2b 050	64c866e5a588	Pokemon	Shroodle
A2b 051	A2b 051	c4f52e7e043d	Pokemon	Grafaiai
A2b 052	A2b 052	aba579febfd9	Pokemon	Tinkatink
A2b 053	A2b 053	0f8f53bc6b0b	Pokemon	Tinkatuff
A2b 054	A2b 054	056e74596775	Pokemon	Tinkaton ex
A2b 055	A2b 055	3ef6f2a3f853	Pokemon	Varoom
A2b 056	A2b 056	c3756d6514f0	Pokemon	Revavroom
A2b 057	A2b 057	b8c3b658c5a5	Pokemon	Gholdengo
A2b 058	A2b 058	fe8ced6d8728	Pokemon	Rattata
A2b 059	A2b 059	ceead91a0b7d	Pokemon	Raticate
A2b 060	A2b 060	dbf35bb37438	Pokemon	Jigglypuff
A2b 061	A2b 061	a473db13910a	Pokemon	Wigglytuff
A2b 062	A2b 062	b3ffcf6e0235	Pokemon	Lickitung
A2b 063	A2b 063	92f25e5d5f20	Pokemon	Lickilicky
A2b 064	A2b 064	b41e6a498ff2	Pokemon	Bidoof
A2b 065	A2b 065	8de588ff92bd	Pokemon	Bibarel ex
A2b 066	A2b 066	83f431817cac	Pokemon	Buneary
A2b 067	A2b 067	5a0489d582b3	Pokemon	Lopunny
A2b 068	A2b 068	07ec98305b1d	Pokemon	Cyclizar
A2b 069	A2b 069	2a96c26eb15e	Trainer	Iono
A2b 070	A2b 070	9d2cc3205dc2	Trainer	Pokémon Center Lady
A2b 071	A2b 071	379f0b18dca2	Trainer	Red
A2b 072	A2b 072	bebe607da630	Trainer	Team Rocket Grunt
A2b 073	A2b 007	655e3c31ec3c	Pokemon	Meowscarada
A2b 074	A2b 016	1e7b1950ac29	Pokemon	Buizel
A2b 075	A2b 021	b18684232a1b	Pokemon	Tatsugiri
A2b 076	A2b 051	c4f52e7e043d	Pokemon	Grafaiai
A2b 077	A2b 057	b8c3b658c5a5	Pokemon	Gholdengo
A2b 078	A2b 061	a473db13910a	Pokemon	Wigglytuff
A2b 079	A2b 003	5054feea5791	Pokemon	Beedrill ex
A2b 080	A2b 010	d910503fc4bb	Pokemon	Charizard ex
A2b 081	A2b 019	f882222e851f	Pokemon	Wugtrio ex
A2b 082	A2b 022	6c3826d1f2d9	Pokemon	Pikachu ex
A2b 083	A2b 035	d2516056a970	Pokemon	Giratina ex
A2b 084	A2b 043	3d699f0f71df	Pokemon	Lucario ex
A2b 085	A2b 048	df8f7eae5d8c	Pokemon	Paldean Clodsire ex
A2b 086	A2b 054	056e74596775	Pokemon	Tinkaton ex
A2b 087	A2b 065	8de588ff92bd	Pokemon	Bibarel ex
A2b 088	A2b 069	2a96c26eb15e	Trainer	Iono
A2b 089	A2b 070	9d2cc3205dc2	Trainer	Pokémon Center Lady
A2b 090	A2b 071	379f0b18dca2	Trainer	Red
A2b 091	A2b 072	bebe607da630	Trainer	Team Rocket Grunt
A2b 092	A2b 022	6c3826d1f2d9	Pokemon	Pikachu ex
A2b 093	A2b 048	df8f7eae5d8c	Pokemon	Paldean Clodsire ex
A2b 094	A2b 054	056e74596775	Pokemon	Tinkaton ex
A2b 095	A2b 065	8de588ff92bd	Pokemon	Bibarel ex
A2b 096	A2b 035	d2516056a970	Pokemon	Giratina ex
A2b 097	A2b 001	90265d3b5ca1	Pokemon	Weedle
A2b 098	A2b 002	1d6b97809214	Pokemon	Kakuna
A2b 099	A2b 008	67f77c2a3635	Pokemon	Charmander
A2b 100	A2b 009	dd3f3eed9cbc	Pokemon	Charmeleon
A2b 101	A2b 018	9c4003ac28dc	Pokemon	Wiglett
A2b 102	A2b 020	5cfd182508b6	Pokemon	Dondozo
A2b 103	A2b 025	7a2826fa75e5	Pokemon	Pachirisu
A2b 104	A2b 042	fe599b900ba9	Pokemon	Riolu
A2b 105	A2b 055	3ef6f2a3f853	Pokemon	Varoom
A2b 106	A2b 056	c3756d6514f0	Pokemon	Revavroom
A2b 107	A2b 003	5054feea5791	Pokemon	Beedrill ex
A2b 108	A2b 010	d910503fc4bb	Pokemon	Charizard ex
A2b 109	A2b 019	f882222e851f	Pokemon	Wugtrio ex
A2b 110	A2b 043	3d699f0f71df	Pokemon	Lucario ex
A2b 111	A2b 111	1b20901befde	Trainer	Poké Ball
A3 001	A3 001	119f97098156	Pokemon	Exeggcute
A3 002	A3 002	c1efb8042e82	Pokemon	Alolan Exeggutor
A3 003	A3 003	ffa3f30683f0	Pokemon	Surskit
A3 004	A3 004	de67b441aa62	Pokemon	Masquerain
A3 005	A3 005	d6a87f878632	Pokemon	Maractus
A3 006	A3 006	a639fce223ca	Pokemon	Karrablast
A3 007	A3 007	95263c48207d	Pokemon	Phantump
A3 008	A3 008	c686eaae6c02	Pokemon	Trevenant
A3 009	A3 009	91bafa7e9a18	Pokemon	Rowlet
A3 010	A3 010	664c22e52b60	Pokemon	Rowlet
A3 011	A3 011	b718cf7f7658	Pokemon	Dartrix
A3 012	A3 012	49dff193a938	Pokemon	Decidueye ex
A3 013	A3 013	f8b0ba274fd5	Pokemon	Grubbin
A3 014	A3 014	e30d6a3d085b	Pokemon	Fomantis
A3 015	A3 015	3455f23c2487	Pokemon	Lurantis
A3 016	A3 016	a1527af6df67	Pokemon	Morelull
A3 017	A3 017	d787b216f4ff	Pokemon	Shiinotic
A3 018	A3 018	ee3d7e9dcca2	Pokemon	Bounsweet
A3 019	A3 019	8de90742a2c2	Pokemon	Steenee
A3 020	A3 020	7b9d9b84d38a	Pokemon	Tsareena
A3 021	A3 021	140e3c9ce06d	Pokemon	Wimpod
A3 022	A3 022	2a45118a6e20	Pokemon	Golisopod
A3 023	A3 023	4fbabc93d3e6	Pokemon	Dhelmise ex
A3 024	A3 024	b5eb97e91aba	Pokemon	Tapu Bulu
A3 025	A3 025	fe4041c358fe	Pokemon	Growlithe
A3 026	A3 026	44e539d4ea21	Pokemon	Arcanine
A3 027	A3 027	fd7e78dff840	Pokemon	Alolan Marowak
A3 028	A3 028	f303b792ac52	Pokemon	Fletchinder
A3 029	A3 029	45be11cb4e99	Pokemon	Talonflame
A3 030	A3 030	0095172708fc	Pokemon	Litten
A3 031	A3 031	b5269747a0e5	Pokemon	Litten
A3 032	A3 032	a22359afd698	Pokemon	Torracat
A3 033	A3 033	56c61bbe8ccf	Pokemon	Incineroar ex
A3 034	A3 034	8f0d2b4e413d	Pokemon	Oricorio
A3 035	A3 035	dd5dca52f760	Pokemon	Salandit
A3 036	A3 036	b63550963208	Pokemon	Salazzle
A3 037	A3 037	a3298a6bdb29	Pokemon	Turtonator
A3 038	A3 038	233976b3b7a7	Pokemon	Alolan Sandshrew
A3 039	A3 039	1263f291cb33	Pokemon	Alolan Sandslash
A3 040	A3 040	cca5e513cdd7	Pokemon	Alolan Vulpix
A3 041	A3 041	cf031dba7ce0	Pokemon	Alolan Ninetales
A3 042	A3 042	5578546656bf	Pokemon	Shellder
A3 043	A3 043	ce64ed9685d5	Pokemon	Cloyster
A3 044	A3 044	b331b28da732	Pokemon	Lapras
A3 045	A3 045	ce3fe15de068	Pokemon	Popplio
A3 046	A3 046	2532e399c361	Pokemon	Popplio
A3 047	A3 047	4405fae9c098	Pokemon	Brionne
A3 048	A3 048	7dc20600a89b	Pokemon	Primarina
A3 049	A3 049	528e2c54c8a0	Pokemon	Crabominable ex
A3 050	A3 050	3cd852d6068d	Pokemon	Wishiwashi
A3 051	A3 051	10e38a1c1241	Pokemon	Wishiwashi ex
A3 052	A3 052	901d3eaa0ee5	Pokemon	Dewpider
A3 053	A3 053	61e6a40efe79	Pokemon	Araquanid
A3 054	A3 054	86325b8fc521	Pokemon	Pyukumuku
A3 055	A3 055	76a797c26976	Pokemon	Bruxish
A3 056	A3 056	56063a1dd9aa	Pokemon	Tapu Fini
A3 057	A3 057	6c7e75025e36	Pokemon	Pikachu
A3 058	A3 058	9020133eb75e	Pokemon	Alolan Raichu ex
A3 059	A3 059	ae569fa4ba70	Pokemon	Alolan Geodude
A3 060	A3 060	37335b906ea3	Pokemon	Alolan Graveler
A3 061	A3 061	0057a0afd790	Pokemon	Alolan Golem
A3 062	A3 062	3c384f339c51	Pokemon	Helioptile
A3 063	A3 063	f187f91a0199	Pokemon	Heliolisk
A3 064	A3 064	8f1f7c7040f6	Pokemon	Charjabug
A3 065	A3 065	e7bce7e34cca	Pokemon	Vikavolt
A3 066	A3 066	a069ae868168	Pokemon	Oricorio
A3 067	A3 067	c7752dc65916	Pokemon	Togedemaru
A3 068	A3 068	4832b43c0ef8	Pokemon	Tapu Koko
A3 069	A3 069	48e2e336d793	Pokemon	Mr. Mime
A3 070	A3 070	937628bb3511	Pokemon	Sableye
A3 071	A3 071	c7c2114addfc	Pokemon	Spoink
A3 072	A3 072	9388fca0c8b5	Pokemon	Grumpig
A3 073	A3 073	4bcb297fda98	Pokemon	Lunatone
A3 074	A3 074	d36c30a283ea	Pokemon	Shuppet
A3 075	A3 075	3551c5f176b7	Pokemon	Banette
A3 076	A3 076	33e65f589b70	Pokemon	Oricorio
A3 077	A3 077	be7b714d8112	Pokemon	Oricorio
A3 078	A3 078	b384f42633b2	Pokemon	Cutiefly
A3 079	A3 079	4752b47fed8a	Pokemon	Ribombee
A3 080	A3 080	f155893de8ab	Pokemon	Comfey
A3 081	A3 081	b062a17e2aca	Pokemon	Sandygast
A3 082	A3 082	62b651cd237f	Pokemon	Palossand
A3 083	A3 083	ff13908a31d7	Pokemon	Mimikyu
A3 084	A3 084	40bd5d5b4e01	Pokemon	Tapu Lele
A3 085	A3 085	c3ad089a79ba	Pokemon	Cosmog
A3 086	A3 086	ec31cba86bad	Pokemon	Cosmoem
A3 087	A3 087	f7fc133d0d75	Pokemon	Lunala ex
A3 088	A3 088	0ba72e5fddfe	Pokemon	Necrozma
A3 089	A3 089	41e87fdf5c68	Pokemon	Cubone
A3 090	A3 090	4d353d05e576	Pokemon	Makuhita
A3 091	A3 091	b72bc01aecc2	Pokemon	Hariyama
A3 092	A3 092	5d3405207525	Pokemon	Solrock
A3 093	A3 093	7fd11c8d4215	Pokemon	Drilbur
A3 094	A3 094	f48da41f51f4	Pokemon	Timburr
A3 095	A3 095	8fd20f480e22	Pokemon	Gurdurr
A3 096	A3 096	c6f4aa29339a	Pokemon	Conkeldurr
A3 097	A3 097	e3b2836e2622	Pokemon	Crabrawler
A3 098	A3 098	35325c64cad1	Pokemon	Rockruff
A3 099	A3 099	8460d4bef4e1	Pokemon	Rockruff
A3 100	A3 100	2333c7c69ae1	Pokemon	Lycanroc
A3 101	A3 101	fe59483569bb	Pokemon	Lycanroc
A3 102	A3 102	39a174ec7098	Pokemon	Mudbray
A3 103	A3 103	e6dd8c559e86	Pokemon	Mudsdale
A3 104	A3 104	9620c62d3912	Pokemon	Passimian ex
A3 105	A3 105	b9df1fe80fff	Pokemon	Minior
A3 106	A3 106	faa240f69ea9	Pokemon	Alolan Rattata
A3 107	A3 107	037b5dc55f45	Pokemon	Alolan Raticate
A3 108	A3 108	ff8cb8559304	Pokemon	Alolan Meowth
A3 109	A3 109	98570ed5811b	Pokemon	Alolan Persian
A3 110	A3 110	d4571c7e3793	Pokemon	Alolan Grimer
A3 111	A3 111	141ac25aa9aa	Pokemon	Alolan Muk ex
A3 112	A3 112	4106e47edfd8	Pokemon	Absol
A3 113	A3 113	55c7e3560702	Pokemon	Trubbish
A3 114	A3 114	7f37cea6da0f	Pokemon	Garbodor
A3 115	A3 115	2bb85ff449a3	Pokemon	Mareanie
A3 116	A3 116	2456074ae4a9	Pokemon	Toxapex
A3 117	A3 117	4fc00a149c4b	Pokemon	Alolan Diglett
A3 118	A3 118	45fa4fc62757	Pokemon	Alolan Dugtrio
A3 119	A3 119	963a9433d5df	Pokemon	Excadrill
A3 120	A3 120	4cfc8e8c405b	Pokemon	Escavalier
A3 121	A3 121	46f40dd6efa5	Pokemon	Klefki
A3 122	A3 122	804a2da824da	Pokemon	Solgaleo ex
A3 123	A3 123	44ce299433b3	Pokemon	Magearna
A3 124	A3 124	aad21384fbc1	Pokemon	Drampa
A3 125	A3 125	851df03e9a63	Pokemon	Jangmo-o
A3 126	A3 126	8bbf83d7af40	Pokemon	Hakamo-o
A3 127	A3 127	b8a5e7e654a0	Pokemon	Kommo-o
A3 128	A3 128	ef196c32ec3e	Pokemon	Tauros
A3 129	A3 129	097dc02ff623	Pokemon	Skitty
A3 130	A3 130	ff49fdc1efb4	Pokemon	Delcatty
A3 131	A3 131	9c1960ae5f45	Pokemon	Fletchling
A3 132	A3 132	d6ec4f073b0f	Pokemon	Hawlucha
A3 133	A3 133	2ab351601c1c	Pokemon	Pikipek
A3 134	A3 134	0b84d7dad1cb	Pokemon	Trumbeak
A3 135	A3 135	0221c0f5ea9c	Pokemon	Toucannon
A3 136	A3 136	5a8811a25f4d	Pokemon	Yungoos
A3 137	A3 137	f4ba0fa63f47	Pokemon	Gumshoos
A3 138	A3 138	406e65714730	Pokemon	Stufful
A3 139	A3 139	5558b4afa34f	Pokemon	Bewear
A3 140	A3 140	718c02b34ce3	Pokemon	Oranguru
A3 141	A3 141	8dfa20e2903f	Pokemon	Komala
A3 142	A3 142	041691d81a7f	Trainer	Big Malasada
A3 143	A3 143	068794b66528	Trainer	Fishing Net
A3 144	A3 144	87829fe1a8c1	Trainer	Rare Candy
A3 145	A3 145	3d6e6ad82e72	Trainer	Rotom Dex
A3 146	A3 146	9c51ca00216c	Trainer	Poison Barb
A3 147	A3 147	e1fd41bdde23	Trainer	Leaf Cape
A3 148	A3 148	518d5beb142b	Trainer	Acerola
A3 149	A3 149	e8a17640cf76	Trainer	Ilima
A3 150	A3 150	02274bc7a30b	Trainer	Kiawe
A3 151	A3 151	2d9ae5f97745	Trainer	Guzma
A3 152	A3 152	78e26d11e559	Trainer	Lana
A3 153	A3 153	5b6a3faa0bd7	Trainer	Sophocles
A3 154	A3 154	bd61648c733e	Trainer	Mallow
A3 155	A3 155	947a1dd2a1c2	Trainer	Lillie
A3 156	A3 002	c1efb8042e82	Pokemon	Alolan Exeggutor
A3 157	A3 016	a1527af6df67	Pokemon	Morelull
A3 158	A3 020	7b9d9b84d38a	Pokemon	Tsareena
A3 159	A3 024	b5eb97e91aba	Pokemon	Tapu Bulu
A3 160	A3 027	fd7e78dff840	Pokemon	Alolan Marowak
A3 161	A3 037	a3298a6bdb29	Pokemon	Turtonator
A3 162	A3 040	cca5e513cdd7	Pokemon	Alolan Vulpix
A3 163	A3 054	86325b8fc521	Pokemon	Pyukumuku
A3 164	A3 056	56063a1dd9aa	Pokemon	Tapu Fini
A3 165	A3 066	a069ae868168	Pokemon	Oricorio
A3 166	A3 068	4832b43c0ef8	Pokemon	Tapu Koko
A3 167	A3 078	b384f42633b2	Pokemon	Cutiefly
A3 168	A3 080	f155893de8ab	Pokemon	Comfey
A3 169	A3 081	b062a17e2aca	Pokemon	Sandygast
A3 170	A3 084	40bd5d5b4e01	Pokemon	Tapu Lele
A3 171	A3 085	c3ad089a79ba	Pokemon	Cosmog
A3 172	A3 098	35325c64cad1	Pokemon	Rockruff
A3 173	A3 103	e6dd8c559e86	Pokemon	Mudsdale
A3 174	A3 105	b9df1fe80fff	Pokemon	Minior
A3 175	A3 123	44ce299433b3	Pokemon	Magearna
A3 176	A3 124	aad21384fbc1	Pokemon	Drampa
A3 177	A3 133	2ab351601c1c	Pokemon	Pikipek
A3 178	A3 139	5558b4afa34f	Pokemon	Bewear
A3 179	A3 141	8dfa20e2903f	Pokemon	Komala
A3 180	A3 012	49dff193a938	Pokemon	Decidueye ex
A3 181	A3 023	4fbabc93d3e6	Pokemon	Dhelmise ex
A3 182	A3 033	56c61bbe8ccf	Pokemon	Incineroar ex
A3 183	A3 049	528e2c54c8a0	Pokemon	Crabominable ex
A3 184	A3 051	10e38a1c1241	Pokemon	Wishiwashi ex
A3 185	A3 058	9020133eb75e	Pokemon	Alolan Raichu ex
A3 186	A3 087	f7fc133d0d75	Pokemon	Lunala ex
A3 187	A3 104	9620c62d3912	Pokemon	Passimian ex
A3 188	A3 111	141ac25aa9aa	Pokemon	Alolan Muk ex
A3 189	A3 122	804a2da824da	Pokemon	Solgaleo ex
A3 190	A3 148	518d5beb142b	Trainer	Acerola
A3 191	A3 149	e8a17640cf76	Trainer	Ilima
A3 192	A3 150	02274bc7a30b	Trainer	Kiawe
A3 193	A3 151	2d9ae5f97745	Trainer	Guzma
A3 194	A3 152	78e26d11e559	Trainer	Lana
A3 195	A3 153	5b6a3faa0bd7	Trainer	Sophocles
A3 196	A3 154	bd61648c733e	Trainer	Mallow
A3 197	A3 155	947a1dd2a1c2	Trainer	Lillie
A3 198	A3 012	49dff193a938	Pokemon	Decidueye ex
A3 199	A3 023	4fbabc93d3e6	Pokemon	Dhelmise ex
A3 200	A3 033	56c61bbe8ccf	Pokemon	Incineroar ex
A3 201	A3 049	528e2c54c8a0	Pokemon	Crabominable ex
A3 202	A3 051	10e38a1c1241	Pokemon	Wishiwashi ex
A3 203	A3 058	9020133eb75e	Pokemon	Alolan Raichu ex
A3 204	A3 087	f7fc133d0d75	Pokemon	Lunala ex
A3 205	A3 104	9620c62d3912	Pokemon	Passimian ex
A3 206	A3 111	141ac25aa9aa	Pokemon	Alolan Muk ex
A3 207	A3 122	804a2da824da	Pokemon	Solgaleo ex
A3 208	A3 151	2d9ae5f97745	Trainer	Guzma
A3 209	A3 155	947a1dd2a1c2	Trainer	Lillie
A3 210	A1 001	1594dfb55509	Pokemon	Bulbasaur
A3 211	A1 002	c53baaef6de3	Pokemon	Ivysaur
A3 212	A1 003	a87b80d7b5f4	Pokemon	Venusaur
A3 213	A3 001	119f97098156	Pokemon	Exeggcute
A3 214	A1a 002	92fe356bafbc	Pokemon	Exeggutor
A3 215	A1 053	1efa7f427161	Pokemon	Squirtle
A3 216	A1 054	466f146748cf	Pokemon	Wartortle
A3 217	A1 055	e5c4e09bf6fc	Pokemon	Blastoise
A3 218	A1 074	edb1a3bab0fc	Pokemon	Staryu
A3 219	A1 075	8cb5d9ebfb21	Pokemon	Starmie
A3 220	A2a 031	58a8a7c08f02	Pokemon	Gastly
A3 221	A1 121	6384a0a9c68d	Pokemon	Haunter
A3 222	A1 122	b321d366a263	Pokemon	Gengar
A3 223	A1 143	e1057f584ab9	Pokemon	Machop
A3 224	A1 144	c65f704c91ef	Pokemon	Machoke
A3 225	A2b 039	322a8a2fca36	Pokemon	Machamp
A3 226	A1 151	20e11a9abe42	Pokemon	Cubone
A3 227	A1 152	ee4bd0cf227b	Pokemon	Marowak
A3 228	A2b 060	dbf35bb37438	Pokemon	Jigglypuff
A3 229	A2b 061	a473db13910a	Pokemon	Wigglytuff
A3 230	A1 004	a1b6648fe1ba	Pokemon	Venusaur ex
A3 231	A1 023	1a07949625f1	Pokemon	Exeggutor ex
A3 232	A1 056	4b5b7907c4be	Pokemon	Blastoise ex
A3 233	A1 076	66353f9ac465	Pokemon	Starmie ex
A3 234	A1 123	078a97675e8e	Pokemon	Gengar ex
A3 235	A1 146	04ab026524e5	Pokemon	Machamp ex
A3 236	A1 153	3d5d2c98e602	Pokemon	Marowak ex
A3 237	A1 195	1deb301b8bc8	Pokemon	Wigglytuff ex
A3 238	A3 087	f7fc133d0d75	Pokemon	Lunala ex
A3 239	A3 122	804a2da824da	Pokemon	Solgaleo ex
A3a 001	A3a 001	fea82a3a9fd7	Pokemon	Petilil
A3a 002	A3a 002	dd872fd2ca3b	Pokemon	Lilligant
A3a 003	A3a 003	eb089c853927	Pokemon	Rowlet
A3a 004	A3a 004	0e6789a5d6e9	Pokemon	Dartrix
A3a 005	A3a 005	78848a5fdec2	Pokemon	Decidueye
A3a 006	A3a 006	938f8df47db4	Pokemon	Buzzwole ex
A3a 007	A3a 007	0c4b31101df2	Pokemon	Pheromosa
A3a 008	A3a 008	b06a7104be8a	Pokemon	Kartana
A3a 009	A3a 009	88e4c9e97e07	Pokemon	Blacephalon
A3a 010	A3a 010	b439f0bb79cd	Pokemon	Mantine
A3a 011	A3a 011	56641b5b592f	Pokemon	Carvanha
A3a 012	A3a 012	e18194af0072	Pokemon	Sharpedo
A3a 013	A3a 013	824b45a9e424	Pokemon	Shinx
A3a 014	A3a 014	22c2cb70ef6f	Pokemon	Luxio
A3a 015	A3a 015	14590d4cd962	Pokemon	Luxray
A3a 016	A3a 016	95ec4d11dd0d	Pokemon	Blitzle
A3a 017	A3a 017	d1eef90263ad	Pokemon	Zebstrika
A3a 018	A3a 018	123686ec5dc3	Pokemon	Emolga
A3a 019	A3a 019	9d7a058a9566	Pokemon	Tapu Koko ex
A3a 020	A3a 020	042be45442e9	Pokemon	Xurkitree
A3a 021	A3a 021	cd3385dddb66	Pokemon	Zeraora
A3a 022	A3a 022	e8fc3de03eaf	Pokemon	Clefairy
A3a 023	A3a 023	acd4ace25f0f	Pokemon	Clefable
A3a 024	A3a 024	2e592f8e29cd	Pokemon	Phantump
A3a 025	A3a 025	bd1ba3d3c79a	Pokemon	Trevenant
A3a 026	A3a 026	082e7dbe5763	Pokemon	Morelull
A3a 027	A3a 027	111b9bb0c16c	Pokemon	Shiinotic
A3a 028	A3a 028	cc8c8537a1f5	Pokemon	Meditite
A3a 029	A3a 029	dd2aa4630405	Pokemon	Medicham
A3a 030	A3a 030	0f48868a652f	Pokemon	Baltoy
A3a 031	A3a 031	75752f6d334c	Pokemon	Claydol
A3a 032	A3a 032	280ee29b46c8	Pokemon	Rockruff
A3a 033	A3a 033	8e1fd5ac962b	Pokemon	Lycanroc ex
A3a 034	A3a 034	627784672e0d	Pokemon	Passimian
A3a 035	A3a 035	7d348a375382	Pokemon	Sandygast
A3a 036	A3a 036	fb88c8ceaf24	Pokemon	Palossand
A3a 037	A3a 037	d5282f3262fc	Pokemon	Alolan Meowth
A3a 038	A3a 038	1b6c69ee0b4a	Pokemon	Alolan Persian
A3a 039	A3a 039	9bc0904fb04b	Pokemon	Sandile
A3a 040	A3a 040	41bd57c3ac32	Pokemon	Krokorok
A3a 041	A3a 041	8ddab10a8d38	Pokemon	Krookodile
A3a 042	A3a 042	a5766af4fba0	Pokemon	Nihilego
A3a 043	A3a 043	92ee8c5e51f9	Pokemon	Guzzlord ex
A3a 044	A3a 044	63bf498c3623	Pokemon	Poipole
A3a 045	A3a 045	cfad1137bd7e	Pokemon	Naganadel
A3a 046	A3a 046	e9b641439f4d	Pokemon	Alolan Diglett
A3a 047	A3a 047	3d953c7b482f	Pokemon	Alolan Dugtrio ex
A3a 048	A3a 048	d2ee38bb244a	Pokemon	Aron
A3a 049	A3a 049	4f16e8ea34e6	Pokemon	Lairon
A3a 050	A3a 050	13c68806e5c2	Pokemon	Aggron
A3a 051	A3a 051	6588406821f6	Pokemon	Ferroseed
A3a 052	A3a 052	c756c55ce192	Pokemon	Ferrothorn
A3a 053	A3a 053	57b63ed31f84	Pokemon	Stakataka
A3a 054	A3a 054	bf08ff2c758f	Pokemon	Lillipup
A3a 055	A3a 055	0109f2a2ed55	Pokemon	Herdier
A3a 056	A3a 056	9f9354f4cd58	Pokemon	Stoutland
A3a 057	A3a 057	661a7e6a8c9d	Pokemon	Stufful
A3a 058	A3a 058	3f81415f480a	Pokemon	Bewear
A3a 059	A3a 059	8e4730274223	Pokemon	Oranguru
A3a 060	A3a 060	10b8691e91bb	Pokemon	Type: Null
A3a 061	A3a 061	fee676f609c1	Pokemon	Silvally
A3a 062	A3a 062	f4e50dbe5039	Pokemon	Celesteela
A3a 063	A3a 063	3abf4fa2e621	Trainer	Beast Wall
A3a 064	A3a 064	b40d15b8f52f	Trainer	Repel
A3a 065	A3a 065	b4970a09d0ad	Trainer	Electrical Cord
A3a 066	A3a 066	07a880636e50	Trainer	Beastite
A3a 067	A3a 067	72d05d620e11	Trainer	Gladion
A3a 068	A3a 068	0fcc63cbdaa4	Trainer	Looker
A3a 069	A3a 069	2cc1d4cfcc2d	Trainer	Lusamine
A3a 070	A3a 003	eb089c853927	Pokemon	Rowlet
A3a 071	A3a 007	0c4b31101df2	Pokemon	Pheromosa
A3a 072	A3a 009	88e4c9e97e07	Pokemon	Blacephalon
A3a 073	A3a 037	d5282f3262fc	Pokemon	Alolan Meowth
A3a 074	A3a 061	fee676f609c1	Pokemon	Silvally
A3a 075	A3a 062	f4e50dbe5039	Pokemon	Celesteela
A3a 076	A3a 006	938f8df47db4	Pokemon	Buzzwole ex
A3a 077	A3a 019	9d7a058a9566	Pokemon	Tapu Koko ex
A3a 078	A3a 033	8e1fd5ac962b	Pokemon	Lycanroc ex
A3a 079	A3a 043	92ee8c5e51f9	Pokemon	Guzzlord ex
A3a 080	A3a 047	3d953c7b482f	Pokemon	Alolan Dugtrio ex
A3a 081	A3a 067	72d05d620e11	Trainer	Gladion
A3a 082	A3a 068	0fcc63cbdaa4	Trainer	Looker
A3a 083	A3a 069	2cc1d4cfcc2d	Trainer	Lusamine
A3a 084	A3a 019	9d7a058a9566	Pokemon	Tapu Koko ex
A3a 085	A3a 033	8e1fd5ac962b	Pokemon	Lycanroc ex
A3a 086	A3a 043	92ee8c5e51f9	Pokemon	Guzzlord ex
A3a 087	A3a 047	3d953c7b482f	Pokemon	Alolan Dugtrio ex
A3a 088	A3a 006	938f8df47db4	Pokemon	Buzzwole ex
A3a 089	A1 039	1bd96a2307a1	Pokemon	Growlithe
A3a 090	A1 040	62eab5fd0f14	Pokemon	Arcanine
A3a 091	A1 087	1a472fbe829f	Pokemon	Froakie
A3a 092	A1 088	ab76b9b4c633	Pokemon	Frogadier
A3a 093	A1 089	fcbd362ce56f	Pokemon	Greninja
A3a 094	A1 127	12ffe314886c	Pokemon	Jynx
A3a 095	A1 186	21cdec1d4cf4	Pokemon	Pidgey
A3a 096	A1 187	1c26253dbf1b	Pokemon	Pidgeotto
A3a 097	A1 188	99305cf73d3a	Pokemon	Pidgeot
A3a 098	A1 210	6906f9376bcd	Pokemon	Aerodactyl
A3a 099	A1a 003	61fff590ffb5	Pokemon	Celebi ex
A3a 100	A1 041	445a2a554fa0	Pokemon	Arcanine ex
A3a 101	A1a 046	461e2c46fe03	Pokemon	Aerodactyl ex
A3a 102	A1a 059	344adf19f132	Pokemon	Pidgeot ex
A3a 103	A3a 042	a5766af4fba0	Pokemon	Nihilego
A3b 001	A3b 001	97ac6547c0b5	Pokemon	Tropius
A3b 002	A3b 002	5426d4374e38	Pokemon	Leafeon
A3b 003	A3b 003	3126f04eced0	Pokemon	Bounsweet
A3b 004	A3b 004	7e438dacb121	Pokemon	Steenee
A3b 005	A3b 005	54bf37ea722e	Pokemon	Tsareena
A3b 006	A3b 006	6855546e51a8	Pokemon	Applin
A3b 007	A3b 007	eea415dd74a5	Pokemon	Appletun
A3b 008	A3b 008	a22b8ecbcc42	Pokemon	Flareon
A3b 009	A3b 009	58c541a7b752	Pokemon	Flareon ex
A3b 010	A3b 010	a58240fee377	Pokemon	Torkoal
A3b 011	A3b 011	3e3b919a49be	Pokemon	Litten
A3b 012	A3b 012	f10d1622dbce	Pokemon	Torracat
A3b 013	A3b 013	89829bd2e922	Pokemon	Incineroar
A3b 014	A3b 014	26d1da550eed	Pokemon	Salandit
A3b 015	A3b 015	c56ba10ee2b6	Pokemon	Salazzle
A3b 016	A3b 016	b053c3794bee	Pokemon	Vaporeon
A3b 017	A3b 017	2fd8ea823590	Pokemon	Glaceon
A3b 018	A3b 018	2e759d8795a4	Pokemon	Vanillite
A3b 019	A3b 019	1d21ff0fbc70	Pokemon	Vanillish
A3b 020	A3b 020	2ea03c9ce703	Pokemon	Vanilluxe
A3b 021	A3b 021	2dd6ef643064	Pokemon	Alomomola
A3b 022	A3b 022	66b338fe990e	Pokemon	Popplio
A3b 023	A3b 023	db4e027af8f2	Pokemon	Brionne
A3b 024	A3b 024	c5a9dc256d55	Pokemon	Primarina ex
A3b 025	A3b 025	fcc84aa37717	Pokemon	Jolteon
A3b 026	A3b 026	8ea7ab9bba58	Pokemon	Joltik
A3b 027	A3b 027	27203cac1f81	Pokemon	Galvantula
A3b 028	A3b 028	1476bffbcddf	Pokemon	Espeon
A3b 029	A3b 029	87fa3388e372	Pokemon	Woobat
A3b 030	A3b 030	09e0c017464a	Pokemon	Swoobat
A3b 031	A3b 031	1dcfb0703a94	Pokemon	Swirlix
A3b 032	A3b 032	c4bd4d364ab8	Pokemon	Slurpuff
A3b 033	A3b 033	dd3dab01dd53	Pokemon	Sylveon
A3b 034	A3b 034	a9fd69e43055	Pokemon	Sylveon ex
A3b 035	A3b 035	3cb96ba00dcb	Pokemon	Mimikyu
A3b 036	A3b 036	3dc12083e1e5	Pokemon	Milcery
A3b 037	A3b 037	66a13c1fb8f6	Pokemon	Alcremie
A3b 038	A3b 038	e64f719696ca	Pokemon	Barboach
A3b 039	A3b 039	5ed84774ae28	Pokemon	Whiscash
A3b 040	A3b 040	e257ced8c861	Pokemon	Mienfoo
A3b 041	A3b 041	015c6c1101fd	Pokemon	Mienshao
A3b 042	A3b 042	c82c2a5a0def	Pokemon	Carbink
A3b 043	A3b 043	54cd7aadd246	Pokemon	Umbreon
A3b 044	A3b 044	6849397d0d38	Pokemon	Sableye
A3b 045	A3b 045	56488e780472	Pokemon	Purrloin
A3b 046	A3b 046	c7c3b1e59f9b	Pokemon	Liepard
A3b 047	A3b 047	d8ae74c896ab	Pokemon	Mawile
A3b 048	A3b 048	e6332527b944	Pokemon	Togedemaru
A3b 049	A3b 049	91cb717b4db9	Pokemon	Meltan
A3b 050	A3b 050	c463404a7841	Pokemon	Melmetal
A3b 051	A3b 051	dc175828c481	Pokemon	Dratini
A3b 052	A3b 052	3c105ff903d0	Pokemon	Dragonair
A3b 053	A3b 053	6439936b8412	Pokemon	Dragonite ex
A3b 054	A3b 054	4de5baab5c83	Pokemon	Drampa
A3b 055	A3b 055	1bca0f630036	Pokemon	Eevee
A3b 056	A3b 056	36d27905e658	Pokemon	Eevee ex
A3b 057	A3b 057	9ffcd2efd334	Pokemon	Snorlax ex
A3b 058	A3b 058	a09bb1628ec1	Pokemon	Aipom
A3b 059	A3b 059	0ca04371c6da	Pokemon	Ambipom
A3b 060	A3b 060	348de1cc4340	Pokemon	Chatot
A3b 061	A3b 061	0ed4d75dfb31	Pokemon	Audino
A3b 062	A3b 062	497c4b1d6cdc	Pokemon	Minccino
A3b 063	A3b 063	13dd4993b767	Pokemon	Cinccino
A3b 064	A3b 064	e237d4dcbfaf	Pokemon	Skwovet
A3b 065	A3b 065	9efbbe66d8a1	Pokemon	Greedent
A3b 066	A3b 066	c7798e5171aa	Trainer	Eevee Bag
A3b 067	A3b 067	294b0a110001	Trainer	Leftovers
A3b 068	A3b 068	83671bc0d45c	Trainer	Hau
A3b 069	A3b 069	d7328ba0bfab	Trainer	Penny
A3b 070	A3b 002	5426d4374e38	Pokemon	Leafeon
A3b 071	A3b 008	a22b8ecbcc42	Pokemon	Flareon
A3b 072	A3b 016	b053c3794bee	Pokemon	Vaporeon
A3b 073	A3b 017	2fd8ea823590	Pokemon	Glaceon
A3b 074	A3b 025	fcc84aa37717	Pokemon	Jolteon
A3b 075	A3b 028	1476bffbcddf	Pokemon	Espeon
A3b 076	A3b 033	dd3dab01dd53	Pokemon	Sylveon
A3b 077	A3b 043	54cd7aadd246	Pokemon	Umbreon
A3b 078	A3b 055	1bca0f630036	Pokemon	Eevee
A3b 079	A3b 009	58c541a7b752	Pokemon	Flareon ex
A3b 080	A3b 024	c5a9dc256d55	Pokemon	Primarina ex
A3b 081	A3b 034	a9fd69e43055	Pokemon	Sylveon ex
A3b 082	A3b 053	6439936b8412	Pokemon	Dragonite ex
A3b 083	A3b 056	36d27905e658	Pokemon	Eevee ex
A3b 084	A3b 057	9ffcd2efd334	Pokemon	Snorlax ex
A3b 085	A3b 068	83671bc0d45c	Trainer	Hau
A3b 086	A3b 069	d7328ba0bfab	Trainer	Penny
A3b 087	A3b 009	58c541a7b752	Pokemon	Flareon ex
A3b 088	A3b 024	c5a9dc256d55	Pokemon	Primarina ex
A3b 089	A3b 034	a9fd69e43055	Pokemon	Sylveon ex
A3b 090	A3b 053	6439936b8412	Pokemon	Dragonite ex
A3b 091	A3b 057	9ffcd2efd334	Pokemon	Snorlax ex
A3b 092	A3b 056	36d27905e658	Pokemon	Eevee ex
A3b 093	A2b 004	6291b069b415	Pokemon	Pinsir
A3b 094	A1 079	611da198a575	Pokemon	Lapras
A3b 095	A2 054	2374e0263e77	Pokemon	Voltorb
A3b 096	A2 055	a3badca73c92	Pokemon	Electrode
A3b 097	A2 068	1c225f9ec351	Pokemon	Ralts
A3b 098	A2 069	b851b9c01167	Pokemon	Kirlia
A3b 099	A1 132	afd976094d87	Pokemon	Gardevoir
A3b 100	A1 164	efb33efb139a	Pokemon	Ekans
A3b 101	A1 165	6aa5343b3ea5	Pokemon	Arbok
A3b 102	A1 198	cbadf5e28371	Pokemon	Farfetch'd
A3b 103	A1 047	cce304763e7c	Pokemon	Moltres ex
A3b 104	A1 084	0ec6c4a3e64e	Pokemon	Articuno ex
A3b 105	A1 104	8963bb48d2eb	Pokemon	Zapdos ex
A3b 106	A2 095	1fe3d784bf90	Pokemon	Gallade ex
A3b 107	A3b 066	c7798e5171aa	Trainer	Eevee Bag
A4 001	A4 001	51174725faf8	Pokemon	Oddish
A4 002	A4 002	73dafe49e864	Pokemon	Gloom
A4 003	A4 003	cd5844360219	Pokemon	Bellossom
A4 004	A4 004	32ff9cd86188	Pokemon	Tangela
A4 005	A4 005	2a9501713eb9	Pokemon	Tangrowth
A4 006	A4 006	db42af754a83	Pokemon	Scyther
A4 007	A4 007	acc5d22c4d46	Pokemon	Pinsir
A4 008	A4 008	f1680b226572	Pokemon	Chikorita
A4 009	A4 009	38beeeed2453	Pokemon	Bayleef
A4 010	A4 010	f96c4e405af9	Pokemon	Meganium
A4 011	A4 011	e278121d2b87	Pokemon	Ledyba
A4 012	A4 012	0c1246e64e81	Pokemon	Ledian
A4 013	A4 013	aa72af2cb881	Pokemon	Hoppip
A4 014	A4 014	299a517cb7ba	Pokemon	Skiploom
A4 015	A4 015	46c40f4a4e98	Pokemon	Jumpluff
A4 016	A4 016	0b999db36ab2	Pokemon	Sunkern
A4 017	A4 017	c03af2fc4f43	Pokemon	Sunflora
A4 018	A4 018	d5621a8c1d66	Pokemon	Yanma
A4 019	A4 019	82d8838d9920	Pokemon	Yanmega
A4 020	A4 020	d96b17e25ea3	Pokemon	Pineco
A4 021	A4 021	b0dc5f518f72	Pokemon	Shuckle ex
A4 022	A4 022	49178a3223a2	Pokemon	Heracross
A4 023	A4 023	f62f9b1354ca	Pokemon	Cherubi
A4 024	A4 024	293e6eea9e4a	Pokemon	Cherrim
A4 025	A4 025	daafd88f241b	Pokemon	Vulpix
A4 026	A4 026	003f69fc7178	Pokemon	Ninetales
A4 027	A4 027	d9b52fbcde8f	Pokemon	Cyndaquil
A4 028	A4 028	3654678f77dc	Pokemon	Quilava
A4 029	A4 029	e75fcd136a72	Pokemon	Typhlosion
A4 030	A4 030	d4c955fd6157	Pokemon	Slugma
A4 031	A4 031	e3617f387687	Pokemon	Magcargo
A4 032	A4 032	8521951c49d7	Pokemon	Magby
A4 033	A4 033	231fc3604a41	Pokemon	Entei
A4 034	A4 034	3aed39742f23	Pokemon	Ho-Oh ex
A4 035	A4 035	bfd9ce0cc94e	Pokemon	Darumaka
A4 036	A4 036	6c30603363fb	Pokemon	Darmanitan
A4 037	A4 037	3352f21c79aa	Pokemon	Heatmor
A4 038	A4 038	af7cf55765b7	Pokemon	Poliwag
A4 039	A4 039	225b66290f37	Pokemon	Poliwhirl
A4 040	A4 040	5099e68c2abf	Pokemon	Politoed
A4 041	A4 041	833cc89f04b0	Pokemon	Horsea
A4 042	A4 042	24f807fc491d	Pokemon	Seadra
A4 043	A4 043	a7482ef46f4a	Pokemon	Kingdra ex
A4 044	A4 044	f28166cabd3b	Pokemon	Magikarp
A4 045	A4 045	35a97cab0c73	Pokemon	Gyarados
A4 046	A4 046	2a4bf4bd20f9	Pokemon	Totodile
A4 047	A4 047	332cc8f5cda8	Pokemon	Croconaw
A4 048	A4 048	6a2182799aa5	Pokemon	Feraligatr
A4 049	A4 049	84a2d1c2c4db	Pokemon	Marill
A4 050	A4 050	db57fa1dcb53	Pokemon	Azumarill
A4 051	A4 051	7d37a5544a35	Pokemon	Wooper
A4 052	A4 052	d7833525b0f4	Pokemon	Quagsire
A4 053	A4 053	79974bd9161f	Pokemon	Qwilfish
A4 054	A4 054	589f2c638da7	Pokemon	Corsola
A4 055	A4 055	080015837313	Pokemon	Remoraid
A4 056	A4 056	1d848200eb38	Pokemon	Octillery
A4 057	A4 057	05945dc5c507	Pokemon	Delibird
A4 058	A4 058	e4b4162eb175	Pokemon	Mantine
A4 059	A4 059	2986559e5fa4	Pokemon	Suicune
A4 060	A4 060	f20d48a86c21	Pokemon	Corphish
A4 061	A4 061	ed24a714b814	Pokemon	Crawdaunt
A4 062	A4 062	9180428899c6	Pokemon	Ducklett
A4 063	A4 063	438f23e85f15	Pokemon	Swanna
A4 064	A4 064	f396b997a85c	Pokemon	Chinchou
A4 065	A4 065	dd7083b15333	Pokemon	Lanturn ex
A4 066	A4 066	83b18de722dc	Pokemon	Pichu
A4 067	A4 067	713fdb5c483b	Pokemon	Mareep
A4 068	A4 068	953c7d6109d5	Pokemon	Flaaffy
A4 069	A4 069	2d95aeaa2b48	Pokemon	Ampharos
A4 070	A4 070	6a7d5f636c0e	Pokemon	Elekid
A4 071	A4 071	c47a8404607f	Pokemon	Raikou
A4 072	A4 072	9bf95bb39122	Pokemon	Emolga
A4 073	A4 073	144469f34328	Pokemon	Slowpoke
A4 074	A4 074	262f9ef2cdd4	Pokemon	Slowking
A4 075	A4 075	d6d2cf555754	Pokemon	Smoochum
A4 076	A4 076	522e156620a7	Pokemon	Jynx
A4 077	A4 077	46bacbbd147b	Pokemon	Cleffa
A4 078	A4 078	cc7586376f3a	Pokemon	Togepi
A4 079	A4 079	ee55541615d9	Pokemon	Togetic
A4 080	A4 080	c6e84814d7fc	Pokemon	Togekiss
A4 081	A4 081	8c14d418eca4	Pokemon	Natu
A4 082	A4 082	8893858841d0	Pokemon	Xatu
A4 083	A4 083	40d582cded61	Pokemon	Espeon ex
A4 084	A4 084	12c1c195238e	Pokemon	Unown
A4 085	A4 085	53d308fd94fd	Pokemon	Unown
A4 086	A4 086	0782e7bc0efe	Pokemon	Wobbuffet
A4 087	A4 087	dca1be7fbd98	Pokemon	Girafarig
A4 088	A4 088	064cbb7ac9f1	Pokemon	Snubbull
A4 089	A4 089	81f512328794	Pokemon	Granbull
A4 090	A4 090	ac4a03badfef	Pokemon	Munna
A4 091	A4 091	b84d4d046421	Pokemon	Musharna
A4 092	A4 092	555a6b8d1ca7	Pokemon	Onix
A4 093	A4 093	aa739be81124	Pokemon	Sudowoodo
A4 094	A4 094	727cda82721a	Pokemon	Gligar
A4 095	A4 095	53995954b682	Pokemon	Gliscor
A4 096	A4 096	67b778aa7204	Pokemon	Swinub
A4 097	A4 097	1fee46f76be2	Pokemon	Piloswine
A4 098	A4 098	56b06ddea1ae	Pokemon	Mamoswine
A4 099	A4 099	e88575a371b4	Pokemon	Phanpy
A4 100	A4 100	2727d78ec9d5	Pokemon	Donphan ex
A4 101	A4 101	ddbe6bf77a05	Pokemon	Tyrogue
A4 102	A4 102	52940874915a	Pokemon	Hitmontop
A4 103	A4 103	d9a0a8239509	Pokemon	Larvitar
A4 104	A4 104	128f199a013f	Pokemon	Pupitar
A4 105	A4 105	ac0a64ac95c6	Pokemon	Binacle
A4 106	A4 106	044cffd07f42	Pokemon	Barbaracle
A4 107	A4 107	fbf722a32c2a	Pokemon	Zubat
A4 108	A4 108	95bc4ad33872	Pokemon	Golbat
A4 109	A4 109	545b399d1568	Pokemon	Crobat ex
A4 110	A4 110	8e9eff8efa2c	Pokemon	Spinarak
A4 111	A4 111	66b2d487556b	Pokemon	Ariados
A4 112	A4 112	72c8c6d379eb	Pokemon	Umbreon ex
A4 113	A4 113	19db73034ee3	Pokemon	Murkrow
A4 114	A4 114	09a589ac0d37	Pokemon	Honchkrow
A4 115	A4 115	df0d5a13911b	Pokemon	Sneasel
A4 116	A4 116	cc2e9d9ae138	Pokemon	Weavile
A4 117	A4 117	e72a4b2392b6	Pokemon	Houndour
A4 118	A4 118	ad85a9792208	Pokemon	Houndoom
A4 119	A4 119	67568337f60b	Pokemon	Tyranitar
A4 120	A4 120	af6ffcb44a0c	Pokemon	Absol
A4 121	A4 121	02b49c621ec3	Pokemon	Forretress
A4 122	A4 122	98bf4a0b66db	Pokemon	Steelix
A4 123	A4 123	46d673aa9cab	Pokemon	Scizor
A4 124	A4 124	8a230e2b97e9	Pokemon	Skarmory ex
A4 125	A4 125	a8b78f1931ae	Pokemon	Mawile
A4 126	A4 126	bdd253e0195f	Pokemon	Klink
A4 127	A4 127	9d7c9e5eebdd	Pokemon	Klang
A4 128	A4 128	d8571766424c	Pokemon	Klinklang
A4 129	A4 129	02de9a2d3edb	Pokemon	Spearow
A4 130	A4 130	b768c43e35f7	Pokemon	Fearow
A4 131	A4 131	28cefeafc139	Pokemon	Chansey
A4 132	A4 132	e6a7b31bfe57	Pokemon	Blissey
A4 133	A4 133	66085031f90f	Pokemon	Kangaskhan
A4 134	A4 134	369e77218620	Pokemon	Eevee
A4 135	A4 135	b182fda3ba69	Pokemon	Porygon
A4 136	A4 136	88d2c565fe5b	Pokemon	Porygon2
A4 137	A4 137	a456f1763093	Pokemon	Porygon-Z
A4 138	A4 138	8d66d7da4b3a	Pokemon	Sentret
A4 139	A4 139	cde44081fadc	Pokemon	Furret
A4 140	A4 140	681767275466	Pokemon	Hoothoot
A4 141	A4 141	43cb018bfcb2	Pokemon	Noctowl
A4 142	A4 142	65285dc027cd	Pokemon	Aipom
A4 143	A4 143	e6b2bf01c947	Pokemon	Ambipom
A4 144	A4 144	109f6fb865d9	Pokemon	Dunsparce
A4 145	A4 145	56bacce61859	Pokemon	Teddiursa
A4 146	A4 146	974f1b5f9931	Pokemon	Ursaring
A4 147	A4 147	2a0edc1bab28	Pokemon	Stantler
A4 148	A4 148	8f3ffa074e4a	Pokemon	Smeargle
A4 149	A4 149	da104f9cfd52	Pokemon	Lugia ex
A4 150	A4 150	6c99dd4e856f	Pokemon	Bouffalant
A4 151	A4 151	c14c627b55cb	Trainer	Elemental Switch
A4 152	A4 152	d54fe5cbe48c	Trainer	Squirt Bottle
A4 153	A4 153	bfa61242f8ff	Trainer	Steel Apron
A4 154	A4 154	1d48417da5b0	Trainer	Dark Pendant
A4 155	A4 155	e2cd93c65c0e	Trainer	Rescue Scarf
A4 156	A4 156	d4f7fd8a4eeb	Trainer	Will
A4 157	A4 157	8327e00b3887	Trainer	Lyra
A4 158	A4 158	4b219205fb69	Trainer	Silver
A4 159	A4 159	c95d66d584da	Trainer	Fisher
A4 160	A4 160	aef0551f8138	Trainer	Jasmine
A4 161	A4 161	7220cfd2bc6e	Trainer	Hiker
A4 162	A4 008	f1680b226572	Pokemon	Chikorita
A4 163	A4 003	cd5844360219	Pokemon	Bellossom
A4 164	A4 022	49178a3223a2	Pokemon	Heracross
A4 165	A4 027	d9b52fbcde8f	Pokemon	Cyndaquil
A4 166	A4 032	8521951c49d7	Pokemon	Magby
A4 167	A4 046	2a4bf4bd20f9	Pokemon	Totodile
A4 168	A4 053	79974bd9161f	Pokemon	Qwilfish
A4 169	A4 056	1d848200eb38	Pokemon	Octillery
A4 170	A4 057	05945dc5c507	Pokemon	Delibird
A4 171	A4 066	83b18de722dc	Pokemon	Pichu
A4 172	A4 069	2d95aeaa2b48	Pokemon	Ampharos
A4 173	A4 078	cc7586376f3a	Pokemon	Togepi
A4 174	A4 082	8893858841d0	Pokemon	Xatu
A4 175	A4 086	0782e7bc0efe	Pokemon	Wobbuffet
A4 176	A4 094	727cda82721a	Pokemon	Gligar
A4 177	A4 110	8e9eff8efa2c	Pokemon	Spinarak
A4 178	A4 113	19db73034ee3	Pokemon	Murkrow
A4 179	A4 119	67568337f60b	Pokemon	Tyranitar
A4 180	A4 123	46d673aa9cab	Pokemon	Scizor
A4 181	A4 138	8d66d7da4b3a	Pokemon	Sentret
A4 182	A4 140	681767275466	Pokemon	Hoothoot
A4 183	A4 147	2a0edc1bab28	Pokemon	Stantler
A4 184	A4 148	8f3ffa074e4a	Pokemon	Smeargle
A4 185	A4 132	e6a7b31bfe57	Pokemon	Blissey
A4 186	A4 021	b0dc5f518f72	Pokemon	Shuckle ex
A4 187	A4 034	3aed39742f23	Pokemon	Ho-Oh ex
A4 188	A4 043	a7482ef46f4a	Pokemon	Kingdra ex
A4 189	A4 065	dd7083b15333	Pokemon	Lanturn ex
A4 190	A4 083	40d582cded61	Pokemon	Espeon ex
A4 191	A4 100	2727d78ec9d5	Pokemon	Donphan ex
A4 192	A4 109	545b399d1568	Pokemon	Crobat ex
A4 193	A4 112	72c8c6d379eb	Pokemon	Umbreon ex
A4 194	A4 124	8a230e2b97e9	Pokemon	Skarmory ex
A4 195	A4 149	da104f9cfd52	Pokemon	Lugia ex
A4 196	A4 156	d4f7fd8a4eeb	Trainer	Will
A4 197	A4 157	8327e00b3887	Trainer	Lyra
A4 198	A4 158	4b219205fb69	Trainer	Silver
A4 199	A4 159	c95d66d584da	Trainer	Fisher
A4 200	A4 160	aef0551f8138	Trainer	Jasmine
A4 201	A4 161	7220cfd2bc6e	Trainer	Hiker
A4 202	A4 021	b0dc5f518f72	Pokemon	Shuckle ex
A4 203	A4 043	a7482ef46f4a	Pokemon	Kingdra ex
A4 204	A4 065	dd7083b15333	Pokemon	Lanturn ex
A4 205	A4 083	40d582cded61	Pokemon	Espeon ex
A4 206	A4 100	2727d78ec9d5	Pokemon	Donphan ex
A4 207	A4 109	545b399d1568	Pokemon	Crobat ex
A4 208	A4 112	72c8c6d379eb	Pokemon	Umbreon ex
A4 209	A4 124	8a230e2b97e9	Pokemon	Skarmory ex
A4 210	A4 034	3aed39742f23	Pokemon	Ho-Oh ex
A4 211	A4 149	da104f9cfd52	Pokemon	Lugia ex
A4 212	A4 018	d5621a8c1d66	Pokemon	Yanma
A4 213	A3b 008	a22b8ecbcc42	Pokemon	Flareon
A4 214	A1a 017	29916e027280	Pokemon	Magikarp
A4 215	A4 045	35a97cab0c73	Pokemon	Gyarados
A4 216	A1 080	5779ece24aa2	Pokemon	Vaporeon
A4 217	A1 097	3699e7304b90	Pokemon	Magnemite
A4 218	A1 098	c77d02c503c3	Pokemon	Magneton
A4 219	A3b 025	fcc84aa37717	Pokemon	Jolteon
A4 220	A2 066	eb3cecc81dcc	Pokemon	Misdreavus
A4 221	A1a 041	09a55ddce214	Pokemon	Mankey
A4 222	A1 142	2bd6fd36fc57	Pokemon	Primeape
A4 223	A1 166	fccef17f1678	Pokemon	Nidoran♀
A4 224	A1 167	303dba34c7ed	Pokemon	Nidorina
A4 225	A1 168	c307cc8e894a	Pokemon	Nidoqueen
A4 226	A1 169	d2aba98b0d26	Pokemon	Nidoran♂
A4 227	A1 170	72d0f52a45cc	Pokemon	Nidorino
A4 228	A1 171	9149d96f1cd4	Pokemon	Nidoking
A4 229	A4 115	df0d5a13911b	Pokemon	Sneasel
A4 230	A2 124	7f3cbe17525d	Pokemon	Lickitung
A4 231	A4 134	369e77218620	Pokemon	Eevee
A4 232	A2 007	cef666d819d8	Pokemon	Yanmega ex
A4 233	A2a 010	4bc514797924	Pokemon	Leafeon ex
A4 234	A1a 018	c8cc6fb41c03	Pokemon	Gyarados ex
A4 235	A2a 022	2ed15d830aa2	Pokemon	Glaceon ex
A4 236	A2 061	d9da7c8b472e	Pokemon	Pachirisu ex
A4 237	A2 067	354c69858cd4	Pokemon	Mismagius ex
A4 238	A2 099	2e29d899a179	Pokemon	Weavile ex
A4 239	A2 125	56d4135339ae	Pokemon	Lickilicky ex
A4 240	A4 034	3aed39742f23	Pokemon	Ho-Oh ex
A4 241	A4 149	da104f9cfd52	Pokemon	Lugia ex
A4a 001	A4a 001	2f10b066b1a0	Pokemon	Hoppip
A4a 002	A4a 002	da1f07409f6a	Pokemon	Skiploom
A4a 003	A4a 003	bb32850b5f7f	Pokemon	Jumpluff ex
A4a 004	A4a 004	461c01443664	Pokemon	Sunkern
A4a 005	A4a 005	bbd898c281c6	Pokemon	Sunflora
A4a 006	A4a 006	08a225e97f58	Pokemon	Celebi
A4a 007	A4a 007	e5946c905752	Pokemon	Durant
A4a 008	A4a 008	ffe3df3bbd22	Pokemon	Slugma
A4a 009	A4a 009	63bfa75d82fe	Pokemon	Magcargo
A4a 010	A4a 010	7fb6fb4a98ab	Pokemon	Entei ex
A4a 011	A4a 011	347164acbec3	Pokemon	Fletchinder
A4a 012	A4a 012	1a38893edbe4	Pokemon	Talonflame
A4a 013	A4a 013	0afd3ce0061b	Pokemon	Poliwag
A4a 014	A4a 014	fcbc00685709	Pokemon	Poliwhirl
A4a 015	A4a 015	096185c97b40	Pokemon	Tentacool
A4a 016	A4a 016	c743beece0e9	Pokemon	Tentacruel
A4a 017	A4a 017	2148197a8566	Pokemon	Slowpoke
A4a 018	A4a 018	2383129cadf8	Pokemon	Slowking
A4a 019	A4a 019	dda11b2bbb9e	Pokemon	Jynx
A4a 020	A4a 020	1fd48c6f2cea	Pokemon	Suicune ex
A4a 021	A4a 021	c41406b16a12	Pokemon	Feebas
A4a 022	A4a 022	7a666be45b6a	Pokemon	Milotic
A4a 023	A4a 023	2674148ebf2c	Pokemon	Mantyke
A4a 024	A4a 024	45e3158bcfb5	Pokemon	Cryogonal
A4a 025	A4a 025	15835f070402	Pokemon	Raikou ex
A4a 026	A4a 026	788a2b94dce7	Pokemon	Tynamo
A4a 027	A4a 027	4f348fed1ef2	Pokemon	Eelektrik
A4a 028	A4a 028	6bb497cfee67	Pokemon	Eelektross
A4a 029	A4a 029	6938af1f2907	Pokemon	Stunfisk
A4a 030	A4a 030	d493a4742859	Pokemon	Yamper
A4a 031	A4a 031	85f41280f7b7	Pokemon	Boltund
A4a 032	A4a 032	40d6a2f1a7f7	Pokemon	Misdreavus
A4a 033	A4a 033	5ed3d687d20a	Pokemon	Mismagius
A4a 034	A4a 034	b5e6d00b5e7d	Pokemon	Galarian Corsola
A4a 035	A4a 035	6d7534c85c56	Pokemon	Galarian Cursola
A4a 036	A4a 036	3b95d1932111	Pokemon	Latias
A4a 037	A4a 037	38d0083f8fa7	Pokemon	Latios
A4a 038	A4a 038	23b9bb7934ed	Pokemon	Frillish
A4a 039	A4a 039	34f43a3f7922	Pokemon	Jellicent
A4a 040	A4a 040	9124b2bf2057	Pokemon	Diglett
A4a 041	A4a 041	a3414a3d5dfd	Pokemon	Dugtrio
A4a 042	A4a 042	4c50733f0dbd	Pokemon	Poliwrath ex
A4a 043	A4a 043	dd70b13d14c4	Pokemon	Phanpy
A4a 044	A4a 044	4c671dcd8039	Pokemon	Donphan
A4a 045	A4a 045	ba58eb89aea4	Pokemon	Relicanth
A4a 046	A4a 046	5fa84b32af13	Pokemon	Dwebble
A4a 047	A4a 047	60d1a5d77f15	Pokemon	Crustle
A4a 048	A4a 048	413dbce1b4a1	Pokemon	Seviper
A4a 049	A4a 049	0be035925b1d	Pokemon	Zorua
A4a 050	A4a 050	c7331633caa7	Pokemon	Zoroark
A4a 051	A4a 051	78db40d6a7ae	Pokemon	Inkay
A4a 052	A4a 052	19a3008dad59	Pokemon	Malamar
A4a 053	A4a 053	6783e81959e8	Pokemon	Skrelp
A4a 054	A4a 054	172a7db25dbe	Pokemon	Dragalge
A4a 055	A4a 055	4c1a238ee411	Pokemon	Altaria
A4a 056	A4a 056	ca6e66d0b124	Pokemon	Farfetch'd
A4a 057	A4a 057	31e1537b4f56	Pokemon	Lickitung
A4a 058	A4a 058	18c2b0f3f9e6	Pokemon	Lickilicky
A4a 059	A4a 059	2889625b7d1a	Pokemon	Igglybuff
A4a 060	A4a 060	0a03a2a5b34a	Pokemon	Teddiursa
A4a 061	A4a 061	050d8fe6d794	Pokemon	Ursaring
A4a 062	A4a 062	7d82d22f5a07	Pokemon	Miltank
A4a 063	A4a 063	c30010ba40c4	Pokemon	Azurill
A4a 064	A4a 064	92231094e3d6	Pokemon	Swablu
A4a 065	A4a 065	7817abdd0516	Pokemon	Zangoose
A4a 066	A4a 066	31637e11b764	Pokemon	Fletchling
A4a 067	A4a 067	d26c5e08ca54	Trainer	Inflatable Boat
A4a 068	A4a 068	74e76cc37ad7	Trainer	Memory Light
A4a 069	A4a 069	7118c9a382bf	Trainer	Whitney
A4a 070	A4a 070	a3e588f28f7f	Trainer	Traveling Merchant
A4a 071	A4a 071	5cd45936780a	Trainer	Morty
A4a 072	A4a 022	7a666be45b6a	Pokemon	Milotic
A4a 073	A4a 029	6938af1f2907	Pokemon	Stunfisk
A4a 074	A4a 030	d493a4742859	Pokemon	Yamper
A4a 075	A4a 037	38d0083f8fa7	Pokemon	Latios
A4a 076	A4a 043	dd70b13d14c4	Pokemon	Phanpy
A4a 077	A4a 063	c30010ba40c4	Pokemon	Azurill
A4a 078	A4a 003	bb32850b5f7f	Pokemon	Jumpluff ex
A4a 079	A4a 010	7fb6fb4a98ab	Pokemon	Entei ex
A4a 080	A4a 020	1fd48c6f2cea	Pokemon	Suicune ex
A4a 081	A4a 025	15835f070402	Pokemon	Raikou ex
A4a 082	A4a 042	4c50733f0dbd	Pokemon	Poliwrath ex
A4a 083	A4a 069	7118c9a382bf	Trainer	Whitney
A4a 084	A4a 070	a3e588f28f7f	Trainer	Traveling Merchant
A4a 085	A4a 071	5cd45936780a	Trainer	Morty
A4a 086	A4a 003	bb32850b5f7f	Pokemon	Jumpluff ex
A4a 087	A4a 010	7fb6fb4a98ab	Pokemon	Entei ex
A4a 088	A4a 025	15835f070402	Pokemon	Raikou ex
A4a 089	A4a 042	4c50733f0dbd	Pokemon	Poliwrath ex
A4a 090	A4a 020	1fd48c6f2cea	Pokemon	Suicune ex
A4a 091	A2 027	fca6d88f328d	Pokemon	Chimchar
A4a 092	A2 028	d1a62859bfd2	Pokemon	Monferno
A4a 093	A1 057	f40ffc73367b	Pokemon	Psyduck
A4a 094	A1 058	999f15a19518	Pokemon	Golduck
A4a 095	A1 068	edb971c5e6d0	Pokemon	Krabby
A4a 096	A1 069	d2d2fff70844	Pokemon	Kingler
A4a 097	A3 054	86325b8fc521	Pokemon	Pyukumuku
A4a 098	A2a 045	e0eb9f32dea7	Pokemon	Gible
A4a 099	A2a 046	9c8767d2aca9	Pokemon	Gabite
A4a 100	A2b 047	29fdb528f976	Pokemon	Paldean Wooper
A4a 101	A2 029	f623f910cae1	Pokemon	Infernape ex
A4a 102	A1a 032	ead04fdf411b	Pokemon	Mew ex
A4a 103	A2a 047	0436bf4399bb	Pokemon	Garchomp ex
A4a 104	A2b 048	df8f7eae5d8c	Pokemon	Paldean Clodsire ex
A4a 105	A4a 023	2674148ebf2c	Pokemon	Mantyke
A4b 001	A1 001	1594dfb55509	Pokemon	Bulbasaur
A4b 002	A1 001	1594dfb55509	Pokemon	Bulbasaur
A4b 003	A1 002	c53baaef6de3	Pokemon	Ivysaur
A4b 004	A1 002	c53baaef6de3	Pokemon	Ivysaur
A4b 005	A1 004	a1b6648fe1ba	Pokemon	Venusaur ex
A4b 006	A2b 001	90265d3b5ca1	Pokemon	Weedle
A4b 007	A2b 001	90265d3b5ca1	Pokemon	Weedle
A4b 008	A2b 002	1d6b97809214	Pokemon	Kakuna
A4b 009	A2b 002	1d6b97809214	Pokemon	Kakuna
A4b 010	A2b 003	5054feea5791	Pokemon	Beedrill ex
A4b 011	A1 021	22e669d53b8f	Pokemon	Exeggcute
A4b 012	A1 021	22e669d53b8f	Pokemon	Exeggcute
A4b 013	A1 023	1a07949625f1	Pokemon	Exeggutor ex
A4b 014	A4 013	aa72af2cb881	Pokemon	Hoppip
A4b 015	A4 013	aa72af2cb881	Pokemon	Hoppip
A4b 016	A4 014	299a517cb7ba	Pokemon	Skiploom
A4b 017	A4 014	299a517cb7ba	Pokemon	Skiploom
A4b 018	A4 015	46c40f4a4e98	Pokemon	Jumpluff
A4b 019	A4 015	46c40f4a4e98	Pokemon	Jumpluff
A4b 020	A2 006	d2e8c73507cf	Pokemon	Yanma
A4b 021	A2 006	d2e8c73507cf	Pokemon	Yanma
A4b 022	A2 007	cef666d819d8	Pokemon	Yanmega ex
A4b 023	A4 021	b0dc5f518f72	Pokemon	Shuckle ex
A4b 024	A1a 003	61fff590ffb5	Pokemon	Celebi ex
A4b 025	A4 023	f62f9b1354ca	Pokemon	Cherubi
A4b 026	A4 023	f62f9b1354ca	Pokemon	Cherubi
A4b 027	A4 024	293e6eea9e4a	Pokemon	Cherrim
A4b 028	A4 024	293e6eea9e4a	Pokemon	Cherrim
A4b 029	A2a 010	4bc514797924	Pokemon	Leafeon ex
A4b 030	A2 022	1c9e301c1ee8	Pokemon	Shaymin
A4b 031	A2 022	1c9e301c1ee8	Pokemon	Shaymin
A4b 032	A1a 004	47ac2d4f3a03	Pokemon	Snivy
A4b 033	A1a 004	47ac2d4f3a03	Pokemon	Snivy
A4b 034	A1a 005	8c209bb70f27	Pokemon	Servine
A4b 035	A1a 005	8c209bb70f27	Pokemon	Servine
A4b 036	A1a 006	bf713e23f9be	Pokemon	Serperior
A4b 037	A1a 006	bf713e23f9be	Pokemon	Serperior
A4b 038	A3 010	664c22e52b60	Pokemon	Rowlet
A4b 039	A3 010	664c22e52b60	Pokemon	Rowlet
A4b 040	A3 011	b718cf7f7658	Pokemon	Dartrix
A4b 041	A3 011	b718cf7f7658	Pokemon	Dartrix
A4b 042	A3 012	49dff193a938	Pokemon	Decidueye ex
A4b 043	A3 023	4fbabc93d3e6	Pokemon	Dhelmise ex
A4b 044	A3a 006	938f8df47db4	Pokemon	Buzzwole ex
A4b 045	A3a 007	0c4b31101df2	Pokemon	Pheromosa
A4b 046	A3a 007	0c4b31101df2	Pokemon	Pheromosa
A4b 047	A3a 008	b06a7104be8a	Pokemon	Kartana
A4b 048	A3a 008	b06a7104be8a	Pokemon	Kartana
A4b 049	A2b 005	74812c60df37	Pokemon	Sprigatito
A4b 050	A2b 005	74812c60df37	Pokemon	Sprigatito
A4b 051	A2b 006	a8b37cc92118	Pokemon	Floragato
A4b 052	A2b 006	a8b37cc92118	Pokemon	Floragato
A4b 053	A2b 007	655e3c31ec3c	Pokemon	Meowscarada
A4b 054	A2b 007	655e3c31ec3c	Pokemon	Meowscarada
A4b 055	A1 033	a85658726ac6	Pokemon	Charmander
A4b 056	A1 033	a85658726ac6	Pokemon	Charmander
A4b 057	A1 034	6dafd8c1f2f3	Pokemon	Charmeleon
A4b 058	A1 034	6dafd8c1f2f3	Pokemon	Charmeleon
A4b 059	A1 036	a3d83b9c744d	Pokemon	Charizard ex
A4b 060	A2b 010	d910503fc4bb	Pokemon	Charizard ex
A4b 061	A1 039	1bd96a2307a1	Pokemon	Growlithe
A4b 062	A1 039	1bd96a2307a1	Pokemon	Growlithe
A4b 063	A1 041	445a2a554fa0	Pokemon	Arcanine ex
A4b 064	A3b 008	a22b8ecbcc42	Pokemon	Flareon
A4b 065	A3b 008	a22b8ecbcc42	Pokemon	Flareon
A4b 066	A3b 009	58c541a7b752	Pokemon	Flareon ex
A4b 067	A1 047	cce304763e7c	Pokemon	Moltres ex
A4b 068	A4 034	3aed39742f23	Pokemon	Ho-Oh ex
A4b 069	A3b 010	a58240fee377	Pokemon	Torkoal
A4b 070	A3b 010	a58240fee377	Pokemon	Torkoal
A4b 071	A2 027	fca6d88f328d	Pokemon	Chimchar
A4b 072	A2 027	fca6d88f328d	Pokemon	Chimchar
A4b 073	A2 028	d1a62859bfd2	Pokemon	Monferno
A4b 074	A2 028	d1a62859bfd2	Pokemon	Monferno
A4b 075	A2 029	f623f910cae1	Pokemon	Infernape ex
A4b 076	A2a 013	c4fea9bb5263	Pokemon	Heatran
A4b 077	A2a 013	c4fea9bb5263	Pokemon	Heatran
A4b 078	A3 030	0095172708fc	Pokemon	Litten
A4b 079	A3 030	0095172708fc	Pokemon	Litten
A4b 080	A3 032	a22359afd698	Pokemon	Torracat
A4b 081	A3 032	a22359afd698	Pokemon	Torracat
A4b 082	A3 033	56c61bbe8ccf	Pokemon	Incineroar ex
A4b 083	A1 053	1efa7f427161	Pokemon	Squirtle
A4b 084	A1 053	1efa7f427161	Pokemon	Squirtle
A4b 085	A1 054	466f146748cf	Pokemon	Wartortle
A4b 086	A1 054	466f146748cf	Pokemon	Wartortle
A4b 087	A1 056	4b5b7907c4be	Pokemon	Blastoise ex
A4b 088	A4 041	833cc89f04b0	Pokemon	Horsea
A4b 089	A4 041	833cc89f04b0	Pokemon	Horsea
A4b 090	A4 042	24f807fc491d	Pokemon	Seadra
A4b 091	A4 042	24f807fc491d	Pokemon	Seadra
A4b 092	A4 043	a7482ef46f4a	Pokemon	Kingdra ex
A4b 093	A1 074	edb1a3bab0fc	Pokemon	Staryu
A4b 094	A1 074	edb1a3bab0fc	Pokemon	Staryu
A4b 095	A1 076	66353f9ac465	Pokemon	Starmie ex
A4b 096	A1a 017	29916e027280	Pokemon	Magikarp
A4b 097	A1a 017	29916e027280	Pokemon	Magikarp
A4b 098	A1a 018	c8cc6fb41c03	Pokemon	Gyarados ex
A4b 099	A1a 019	b6526ac72de3	Pokemon	Vaporeon
A4b 100	A1a 019	b6526ac72de3	Pokemon	Vaporeon
A4b 101	A1 084	0ec6c4a3e64e	Pokemon	Articuno ex
A4b 102	A4 060	f20d48a86c21	Pokemon	Corphish
A4b 103	A4 060	f20d48a86c21	Pokemon	Corphish
A4b 104	A4 061	ed24a714b814	Pokemon	Crawdaunt
A4b 105	A4 061	ed24a714b814	Pokemon	Crawdaunt
A4b 106	A2a 022	2ed15d830aa2	Pokemon	Glaceon ex
A4b 107	A2 049	b38add548131	Pokemon	Palkia ex
A4b 108	A2 050	89605b565f43	Pokemon	Manaphy
A4b 109	A2 050	89605b565f43	Pokemon	Manaphy
A4b 110	A1 087	1a472fbe829f	Pokemon	Froakie
A4b 111	A1 087	1a472fbe829f	Pokemon	Froakie
A4b 112	A1 088	ab76b9b4c633	Pokemon	Frogadier
A4b 113	A1 088	ab76b9b4c633	Pokemon	Frogadier
A4b 114	A1 089	fcbd362ce56f	Pokemon	Greninja
A4b 115	A1 089	fcbd362ce56f	Pokemon	Greninja
A4b 116	A3b 022	66b338fe990e	Pokemon	Popplio
A4b 117	A3b 022	66b338fe990e	Pokemon	Popplio
A4b 118	A3b 023	db4e027af8f2	Pokemon	Brionne
A4b 119	A3b 023	db4e027af8f2	Pokemon	Brionne
A4b 120	A3b 024	c5a9dc256d55	Pokemon	Primarina ex
A4b 121	A3 049	528e2c54c8a0	Pokemon	Crabominable ex
A4b 122	A3 050	3cd852d6068d	Pokemon	Wishiwashi
A4b 123	A3 050	3cd852d6068d	Pokemon	Wishiwashi
A4b 124	A3 051	10e38a1c1241	Pokemon	Wishiwashi ex
A4b 125	A2b 018	9c4003ac28dc	Pokemon	Wiglett
A4b 126	A2b 018	9c4003ac28dc	Pokemon	Wiglett
A4b 127	A2b 019	f882222e851f	Pokemon	Wugtrio ex
A4b 128	A1 094	a82e2059dadc	Pokemon	Pikachu
A4b 129	A1 094	a82e2059dadc	Pokemon	Pikachu
A4b 130	A3 058	9020133eb75e	Pokemon	Alolan Raichu ex
A4b 131	A1 096	9199d3ef0bdb	Pokemon	Pikachu ex
A4b 132	A2b 022	6c3826d1f2d9	Pokemon	Pikachu ex
A4b 133	A1 097	3699e7304b90	Pokemon	Magnemite
A4b 134	A1 097	3699e7304b90	Pokemon	Magnemite
A4b 135	A1 098	c77d02c503c3	Pokemon	Magneton
A4b 136	A1 098	c77d02c503c3	Pokemon	Magneton
A4b 137	A2 053	5626947fc97e	Pokemon	Magnezone
A4b 138	A2 053	5626947fc97e	Pokemon	Magnezone
A4b 139	A1 104	8963bb48d2eb	Pokemon	Zapdos ex
A4b 140	A4 064	f396b997a85c	Pokemon	Chinchou
A4b 141	A4 064	f396b997a85c	Pokemon	Chinchou
A4b 142	A4 065	dd7083b15333	Pokemon	Lanturn ex
A4b 143	A2b 025	7a2826fa75e5	Pokemon	Pachirisu
A4b 144	A2b 025	7a2826fa75e5	Pokemon	Pachirisu
A4b 145	A2 061	d9da7c8b472e	Pokemon	Pachirisu ex
A4b 146	A3 066	a069ae868168	Pokemon	Oricorio
A4b 147	A3 066	a069ae868168	Pokemon	Oricorio
A4b 148	A3a 019	9d7a058a9566	Pokemon	Tapu Koko ex
A4b 149	A3a 021	cd3385dddb66	Pokemon	Zeraora
A4b 150	A3a 021	cd3385dddb66	Pokemon	Zeraora
A4b 151	A1 120	ddfcf1283a44	Pokemon	Gastly
A4b 152	A1 120	ddfcf1283a44	Pokemon	Gastly
A4b 153	A1 121	6384a0a9c68d	Pokemon	Haunter
A4b 154	A1 121	6384a0a9c68d	Pokemon	Haunter
A4b 155	A1 123	078a97675e8e	Pokemon	Gengar ex
A4b 156	A1 127	12ffe314886c	Pokemon	Jynx
A4b 157	A1 127	12ffe314886c	Pokemon	Jynx
A4b 158	A1 129	609c219d421f	Pokemon	Mewtwo ex
A4b 159	A1a 032	ead04fdf411b	Pokemon	Mew ex
A4b 160	A4 083	40d582cded61	Pokemon	Espeon ex
A4b 161	A2 066	eb3cecc81dcc	Pokemon	Misdreavus
A4b 162	A2 066	eb3cecc81dcc	Pokemon	Misdreavus
A4b 163	A2 067	354c69858cd4	Pokemon	Mismagius ex
A4b 164	A2 068	1c225f9ec351	Pokemon	Ralts
A4b 165	A2 068	1c225f9ec351	Pokemon	Ralts
A4b 166	A2 069	b851b9c01167	Pokemon	Kirlia
A4b 167	A2 069	b851b9c01167	Pokemon	Kirlia
A4b 168	A1 132	afd976094d87	Pokemon	Gardevoir
A4b 169	A1 132	afd976094d87	Pokemon	Gardevoir
A4b 170	A2 078	447023b48482	Pokemon	Giratina
A4b 171	A2 078	447023b48482	Pokemon	Giratina
A4b 172	A2b 035	d2516056a970	Pokemon	Giratina ex
A4b 173	A3b 031	1dcfb0703a94	Pokemon	Swirlix
A4b 174	A3b 031	1dcfb0703a94	Pokemon	Swirlix
A4b 175	A3b 032	c4bd4d364ab8	Pokemon	Slurpuff
A4b 176	A3b 032	c4bd4d364ab8	Pokemon	Slurpuff
A4b 177	A3b 034	a9fd69e43055	Pokemon	Sylveon ex
A4b 178	A3 077	be7b714d8112	Pokemon	Oricorio
A4b 179	A3 077	be7b714d8112	Pokemon	Oricorio
A4b 180	A3 085	c3ad089a79ba	Pokemon	Cosmog
A4b 181	A3 085	c3ad089a79ba	Pokemon	Cosmog
A4b 182	A3 086	ec31cba86bad	Pokemon	Cosmoem
A4b 183	A3 086	ec31cba86bad	Pokemon	Cosmoem
A4b 184	A3 087	f7fc133d0d75	Pokemon	Lunala ex
A4b 185	A3b 036	3dc12083e1e5	Pokemon	Milcery
A4b 186	A3b 036	3dc12083e1e5	Pokemon	Milcery
A4b 187	A3b 037	66a13c1fb8f6	Pokemon	Alcremie
A4b 188	A3b 037	66a13c1fb8f6	Pokemon	Alcremie
A4b 189	A1 143	e1057f584ab9	Pokemon	Machop
A4b 190	A1 143	e1057f584ab9	Pokemon	Machop
A4b 191	A1 144	c65f704c91ef	Pokemon	Machoke
A4b 192	A1 144	c65f704c91ef	Pokemon	Machoke
A4b 193	A1 146	04ab026524e5	Pokemon	Machamp ex
A4b 194	A1 151	20e11a9abe42	Pokemon	Cubone
A4b 195	A1 151	20e11a9abe42	Pokemon	Cubone
A4b 196	A1 153	3d5d2c98e602	Pokemon	Marowak ex
A4b 197	A1a 046	461e2c46fe03	Pokemon	Aerodactyl ex
A4b 198	A2a 036	077e8d7bb911	Pokemon	Sudowoodo
A4b 199	A2a 036	077e8d7bb911	Pokemon	Sudowoodo
A4b 200	A4 099	e88575a371b4	Pokemon	Phanpy
A4b 201	A4 099	e88575a371b4	Pokemon	Phanpy
A4b 202	A4 100	2727d78ec9d5	Pokemon	Donphan ex
A4b 203	A2a 042	f9aa90a1c178	Pokemon	Nosepass
A4b 204	A2a 042	f9aa90a1c178	Pokemon	Nosepass
A4b 205	A2a 045	e0eb9f32dea7	Pokemon	Gible
A4b 206	A2a 045	e0eb9f32dea7	Pokemon	Gible
A4b 207	A2a 046	9c8767d2aca9	Pokemon	Gabite
A4b 208	A2a 046	9c8767d2aca9	Pokemon	Gabite
A4b 209	A2a 047	0436bf4399bb	Pokemon	Garchomp ex
A4b 210	A2b 042	fe599b900ba9	Pokemon	Riolu
A4b 211	A2b 042	fe599b900ba9	Pokemon	Riolu
A4b 212	A2 092	c4d6306bb295	Pokemon	Lucario
A4b 213	A2 092	c4d6306bb295	Pokemon	Lucario
A4b 214	A2b 043	3d699f0f71df	Pokemon	Lucario ex
A4b 215	A2 095	1fe3d784bf90	Pokemon	Gallade ex
A4b 216	A3 093	7fd11c8d4215	Pokemon	Drilbur
A4b 217	A3 093	7fd11c8d4215	Pokemon	Drilbur
A4b 218	A3 097	e3b2836e2622	Pokemon	Crabrawler
A4b 219	A3 097	e3b2836e2622	Pokemon	Crabrawler
A4b 220	A3a 032	280ee29b46c8	Pokemon	Rockruff
A4b 221	A3a 032	280ee29b46c8	Pokemon	Rockruff
A4b 222	A3a 033	8e1fd5ac962b	Pokemon	Lycanroc ex
A4b 223	A3 104	9620c62d3912	Pokemon	Passimian ex
A4b 224	A1a 047	9a29d1dc7786	Pokemon	Marshadow
A4b 225	A1a 047	9a29d1dc7786	Pokemon	Marshadow
A4b 226	A2a 048	8538bd2f6431	Pokemon	Zubat
A4b 227	A2a 048	8538bd2f6431	Pokemon	Zubat
A4b 228	A2a 049	ec7a71b85ccd	Pokemon	Golbat
A4b 229	A2a 049	ec7a71b85ccd	Pokemon	Golbat
A4b 230	A2a 050	981565515217	Pokemon	Crobat
A4b 231	A2a 050	981565515217	Pokemon	Crobat
A4b 232	A4 109	545b399d1568	Pokemon	Crobat ex
A4b 233	A3 110	d4571c7e3793	Pokemon	Alolan Grimer
A4b 234	A3 110	d4571c7e3793	Pokemon	Alolan Grimer
A4b 235	A3 111	141ac25aa9aa	Pokemon	Alolan Muk ex
A4b 236	A2b 047	29fdb528f976	Pokemon	Paldean Wooper
A4b 237	A2b 047	29fdb528f976	Pokemon	Paldean Wooper
A4b 238	A2b 048	df8f7eae5d8c	Pokemon	Paldean Clodsire ex
A4b 239	A3b 043	54cd7aadd246	Pokemon	Umbreon
A4b 240	A3b 043	54cd7aadd246	Pokemon	Umbreon
A4b 241	A4 112	72c8c6d379eb	Pokemon	Umbreon ex
A4b 242	A2 098	ebd01dfdbe0c	Pokemon	Sneasel
A4b 243	A2 098	ebd01dfdbe0c	Pokemon	Sneasel
A4b 244	A2 099	2e29d899a179	Pokemon	Weavile ex
A4b 245	A2 110	a877fbbca313	Pokemon	Darkrai ex
A4b 246	A3a 042	a5766af4fba0	Pokemon	Nihilego
A4b 247	A3a 042	a5766af4fba0	Pokemon	Nihilego
A4b 248	A3a 043	92ee8c5e51f9	Pokemon	Guzzlord ex
A4b 249	A3a 046	e9b641439f4d	Pokemon	Alolan Diglett
A4b 250	A3a 046	e9b641439f4d	Pokemon	Alolan Diglett
A4b 251	A3a 047	3d953c7b482f	Pokemon	Alolan Dugtrio ex
A4b 252	A4 124	8a230e2b97e9	Pokemon	Skarmory ex
A4b 253	A2a 057	77c7ca05a836	Pokemon	Probopass ex
A4b 254	A2 119	958ee2c091ce	Pokemon	Dialga ex
A4b 255	A3 119	963a9433d5df	Pokemon	Excadrill
A4b 256	A3 119	963a9433d5df	Pokemon	Excadrill
A4b 257	A3 121	46f40dd6efa5	Pokemon	Klefki
A4b 258	A3 121	46f40dd6efa5	Pokemon	Klefki
A4b 259	A3 122	804a2da824da	Pokemon	Solgaleo ex
A4b 260	A3 123	44ce299433b3	Pokemon	Magearna
A4b 261	A3 123	44ce299433b3	Pokemon	Magearna
A4b 262	A2b 052	aba579febfd9	Pokemon	Tinkatink
A4b 263	A2b 052	aba579febfd9	Pokemon	Tinkatink
A4b 264	A2b 053	0f8f53bc6b0b	Pokemon	Tinkatuff
A4b 265	A2b 053	0f8f53bc6b0b	Pokemon	Tinkatuff
A4b 266	A2b 054	056e74596775	Pokemon	Tinkaton ex
A4b 267	A3b 051	dc175828c481	Pokemon	Dratini
A4b 268	A3b 051	dc175828c481	Pokemon	Dratini
A4b 269	A3b 052	3c105ff903d0	Pokemon	Dragonair
A4b 270	A3b 052	3c105ff903d0	Pokemon	Dragonair
A4b 271	A3b 053	6439936b8412	Pokemon	Dragonite ex
A4b 272	A1a 057	9731931da930	Pokemon	Pidgey
A4b 273	A1a 057	9731931da930	Pokemon	Pidgey
A4b 274	A1a 058	7339e27b0583	Pokemon	Pidgeotto
A4b 275	A1a 058	7339e27b0583	Pokemon	Pidgeotto
A4b 276	A1a 059	344adf19f132	Pokemon	Pidgeot ex
A4b 277	A1 193	c7653883a6c7	Pokemon	Jigglypuff
A4b 278	A1 193	c7653883a6c7	Pokemon	Jigglypuff
A4b 279	A1 195	1deb301b8bc8	Pokemon	Wigglytuff ex
A4b 280	A1 198	cbadf5e28371	Pokemon	Farfetch'd
A4b 281	A1 198	cbadf5e28371	Pokemon	Farfetch'd
A4b 282	A2 124	7f3cbe17525d	Pokemon	Lickitung
A4b 283	A2 124	7f3cbe17525d	Pokemon	Lickitung
A4b 284	A2 125	56d4135339ae	Pokemon	Lickilicky ex
A4b 285	A3b 055	1bca0f630036	Pokemon	Eevee
A4b 286	A3b 055	1bca0f630036	Pokemon	Eevee
A4b 287	A3b 056	36d27905e658	Pokemon	Eevee ex
A4b 288	A3b 057	9ffcd2efd334	Pokemon	Snorlax ex
A4b 289	A4 149	da104f9cfd52	Pokemon	Lugia ex
A4b 290	A3 129	097dc02ff623	Pokemon	Skitty
A4b 291	A3 129	097dc02ff623	Pokemon	Skitty
A4b 292	A3 130	ff49fdc1efb4	Pokemon	Delcatty
A4b 293	A3 130	ff49fdc1efb4	Pokemon	Delcatty
A4b 294	A2b 064	b41e6a498ff2	Pokemon	Bidoof
A4b 295	A2b 064	b41e6a498ff2	Pokemon	Bidoof
A4b 296	A2b 065	8de588ff92bd	Pokemon	Bibarel ex
A4b 297	A2a 069	345ce3273aa9	Pokemon	Shaymin
A4b 298	A2a 069	345ce3273aa9	Pokemon	Shaymin
A4b 299	A2a 071	d24d8b43a84f	Pokemon	Arceus ex
A4b 300	A3a 060	10b8691e91bb	Pokemon	Type: Null
A4b 301	A3a 060	10b8691e91bb	Pokemon	Type: Null
A4b 302	A3a 061	fee676f609c1	Pokemon	Silvally
A4b 303	A3a 061	fee676f609c1	Pokemon	Silvally
A4b 304	A3a 062	f4e50dbe5039	Pokemon	Celesteela
A4b 305	A3a 062	f4e50dbe5039	Pokemon	Celesteela
A4b 306	A2b 068	07ec98305b1d	Pokemon	Cyclizar
A4b 307	A2b 068	07ec98305b1d	Pokemon	Cyclizar
A4b 308	A3b 066	c7798e5171aa	Trainer	Eevee Bag
A4b 309	A3b 066	c7798e5171aa	Trainer	Eevee Bag
A4b 310	A4 151	c14c627b55cb	Trainer	Elemental Switch
A4b 311	A4 151	c14c627b55cb	Trainer	Elemental Switch
A4b 312	A1 218	600955009453	Trainer	Old Amber
A4b 313	A1 218	600955009453	Trainer	Old Amber
A4b 314	A3 144	87829fe1a8c1	Trainer	Rare Candy
A4b 315	A3 144	87829fe1a8c1	Trainer	Rare Candy
A4b 316	A2 146	0fa64b3fc771	Trainer	Pokémon Communication
A4b 317	A2 146	0fa64b3fc771	Trainer	Pokémon Communication
A4b 318	A3a 065	b4970a09d0ad	Trainer	Electrical Cord
A4b 319	A3a 065	b4970a09d0ad	Trainer	Electrical Cord
A4b 320	A2 147	f4c8ec9c1925	Trainer	Giant Cape
A4b 321	A2 147	f4c8ec9c1925	Trainer	Giant Cape
A4b 322	A2 148	bbe43f66fc9f	Trainer	Rocky Helmet
A4b 323	A2 148	bbe43f66fc9f	Trainer	Rocky Helmet
A4b 324	A3 147	e1fd41bdde23	Trainer	Leaf Cape
A4b 325	A3 147	e1fd41bdde23	Trainer	Leaf Cape
A4b 326	A2 150	fff346783fd6	Trainer	Cyrus
A4b 327	A2 150	fff346783fd6	Trainer	Cyrus
A4b 328	A1 219	e3f5859357f7	Trainer	Erika
A4b 329	A1 219	e3f5859357f7	Trainer	Erika
A4b 330	A2a 072	c594de313052	Trainer	Irida
A4b 331	A2a 072	c594de313052	Trainer	Irida
A4b 332	A4 157	8327e00b3887	Trainer	Lyra
A4b 333	A4 157	8327e00b3887	Trainer	Lyra
A4b 334	A1 223	bf579f49bfe3	Trainer	Giovanni
A4b 335	A1 223	bf579f49bfe3	Trainer	Giovanni
A4b 336	A4 158	4b219205fb69	Trainer	Silver
A4b 337	A4 158	4b219205fb69	Trainer	Silver
A4b 338	A1 225	fc3dee07043b	Trainer	Sabrina
A4b 339	A1 225	fc3dee07043b	Trainer	Sabrina
A4b 340	A2b 069	2a96c26eb15e	Trainer	Iono
A4b 341	A2b 069	2a96c26eb15e	Trainer	Iono
A4b 342	A2 154	27d6e144d72a	Trainer	Dawn
A4b 343	A2 154	27d6e144d72a	Trainer	Dawn
A4b 344	A2 155	69b4fb67c915	Trainer	Mars
A4b 345	A2 155	69b4fb67c915	Trainer	Mars
A4b 346	A1a 068	0bdece43bd6a	Trainer	Leaf
A4b 347	A1a 068	0bdece43bd6a	Trainer	Leaf
A4b 348	A3 155	947a1dd2a1c2	Trainer	Lillie
A4b 349	A3 155	947a1dd2a1c2	Trainer	Lillie
A4b 350	A3a 069	2cc1d4cfcc2d	Trainer	Lusamine
A4b 351	A3a 069	2cc1d4cfcc2d	Trainer	Lusamine
A4b 352	A2b 071	379f0b18dca2	Trainer	Red
A4b 353	A2b 071	379f0b18dca2	Trainer	Red
A4b 354	A2b 006	a8b37cc92118	Pokemon	Floragato
A4b 355	A4 061	ed24a714b814	Pokemon	Crawdaunt
A4b 356	A1 089	fcbd362ce56f	Pokemon	Greninja
A4b 357	A1 132	afd976094d87	Pokemon	Gardevoir
A4b 358	A3b 032	c4bd4d364ab8	Pokemon	Slurpuff
A4b 359	A1 198	cbadf5e28371	Pokemon	Farfetch'd
A4b 360	A3a 006	938f8df47db4	Pokemon	Buzzwole ex
A4b 361	A1 036	a3d83b9c744d	Pokemon	Charizard ex
A4b 362	A4 034	3aed39742f23	Pokemon	Ho-Oh ex
A4b 363	A2 049	b38add548131	Pokemon	Palkia ex
A4b 364	A1 096	9199d3ef0bdb	Pokemon	Pikachu ex
A4b 365	A1 129	609c219d421f	Pokemon	Mewtwo ex
A4b 366	A1a 032	ead04fdf411b	Pokemon	Mew ex
A4b 367	A3 087	f7fc133d0d75	Pokemon	Lunala ex
A4b 368	A2 119	958ee2c091ce	Pokemon	Dialga ex
A4b 369	A3 122	804a2da824da	Pokemon	Solgaleo ex
A4b 370	A3b 056	36d27905e658	Pokemon	Eevee ex
A4b 371	A4 149	da104f9cfd52	Pokemon	Lugia ex
A4b 372	A2a 071	d24d8b43a84f	Pokemon	Arceus ex
A4b 373	A4b 373	c0015440f616	Trainer	Professor's Research
A4b 374	A3 155	947a1dd2a1c2	Trainer	Lillie
A4b 375	A3a 069	2cc1d4cfcc2d	Trainer	Lusamine
A4b 376	A1 096	9199d3ef0bdb	Pokemon	Pikachu ex
A4b 377	A2b 035	d2516056a970	Pokemon	Giratina ex
A4b 378	A2 110	a877fbbca313	Pokemon	Darkrai ex
A4b 379	A3 144	87829fe1a8c1	Trainer	Rare Candy
B1 001	B1 001	19637ea6a920	Pokemon	Pinsir
B1 002	B1 002	951de506c786	Pokemon	Mega Pinsir ex
B1 003	B1 003	09a70e0a1ceb	Pokemon	Wurmple
B1 004	B1 004	2f2a4d6d5fdb	Pokemon	Silcoon
B1 005	B1 005	5834e98a5782	Pokemon	Beautifly
B1 006	B1 006	1d50b668dcae	Pokemon	Cascoon
B1 007	B1 007	654ef7199e82	Pokemon	Dustox
B1 008	B1 008	1789e4ff0d26	Pokemon	Seedot
B1 009	B1 009	e33c3bb99337	Pokemon	Nuzleaf
B1 010	B1 010	cc8d02eef5aa	Pokemon	Shiftry
B1 011	B1 011	b3e7ac244fd9	Pokemon	Shroomish
B1 012	B1 012	1d89b32e31e6	Pokemon	Breloom
B1 013	B1 013	9ee29c4ed8df	Pokemon	Pansage
B1 014	B1 014	72cff00e877a	Pokemon	Simisage
B1 015	B1 015	7ce822ad1630	Pokemon	Cottonee
B1 016	B1 016	c0843f2a1f71	Pokemon	Whimsicott ex
B1 017	B1 017	5350c0d49ef0	Pokemon	Petilil
B1 018	B1 018	25c8b82e3609	Pokemon	Lilligant
B1 019	B1 019	ee14f09c4a02	Pokemon	Maractus
B1 020	B1 020	3f76e9b99900	Pokemon	Virizion
B1 021	B1 021	376d10e73221	Pokemon	Skiddo
B1 022	B1 022	3e7f7df0c3b9	Pokemon	Gogoat
B1 023	B1 023	bd05b14db1de	Pokemon	Phantump
B1 024	B1 024	1342ecbe8f57	Pokemon	Trevenant
B1 025	B1 025	7436f815b927	Pokemon	Grookey
B1 026	B1 026	5a28a6bf9fdc	Pokemon	Thwackey
B1 027	B1 027	835be18f0470	Pokemon	Rillaboom
B1 028	B1 028	5df7ba096641	Pokemon	Growlithe
B1 029	B1 029	447fd61e5a43	Pokemon	Arcanine
B1 030	B1 030	ddfbec0d255e	Pokemon	Ponyta
B1 031	B1 031	d4be09bfc418	Pokemon	Rapidash ex
B1 032	B1 032	9eed5d058363	Pokemon	Ho-Oh
B1 033	B1 033	ba758ab95155	Pokemon	Torchic
B1 034	B1 034	91a729fca669	Pokemon	Combusken
B1 035	B1 035	e080645a38f3	Pokemon	Blaziken
B1 036	B1 036	00e1960361ef	Pokemon	Mega Blaziken ex
B1 037	B1 037	6c6ded0cc0a8	Pokemon	Pansear
B1 038	B1 038	2d18eccb4a2b	Pokemon	Simisear
B1 039	B1 039	fe740698cab9	Pokemon	Darumaka
B1 040	B1 040	3b1c6dd9f55d	Pokemon	Darmanitan
B1 041	B1 041	b815eb50ca3a	Pokemon	Litwick
B1 042	B1 042	cd2b7f996a61	Pokemon	Lampent
B1 043	B1 043	823021f18455	Pokemon	Chandelure
B1 044	B1 044	ab6eca9cafa6	Pokemon	Heatmor
B1 045	B1 045	7c1cd584c871	Pokemon	Litleo
B1 046	B1 046	097184e538f1	Pokemon	Pyroar
B1 047	B1 047	76af83f9b675	Pokemon	Turtonator
B1 048	B1 048	7b3192208aa5	Pokemon	Psyduck
B1 049	B1 049	2ff0b0ea5355	Pokemon	Golduck
B1 050	B1 050	e93e930b611e	Pokemon	Magikarp
B1 051	B1 051	38c7b9cb7c6f	Pokemon	Gyarados
B1 052	B1 052	ca28dfd80288	Pokemon	Mega Gyarados ex
B1 053	B1 053	c815fd9fe54e	Pokemon	Lotad
B1 054	B1 054	8ea00d40ac5f	Pokemon	Lombre
B1 055	B1 055	790ef9813387	Pokemon	Ludicolo
B1 056	B1 056	e009fc7707d0	Pokemon	Wailmer
B1 057	B1 057	73cca2e72be7	Pokemon	Wailord
B1 058	B1 058	a00ff50a2e42	Pokemon	Corphish
B1 059	B1 059	7829180f7d8b	Pokemon	Crawdaunt
B1 060	B1 060	ce960979e07d	Pokemon	Luvdisc
B1 061	B1 061	7ef70c670c72	Pokemon	Panpour
B1 062	B1 062	8442cfa7b3a4	Pokemon	Simipour
B1 063	B1 063	d9f345eda917	Pokemon	Tympole
B1 064	B1 064	2099d9e8ea16	Pokemon	Palpitoad
B1 065	B1 065	ce8336c10e93	Pokemon	Seismitoad
B1 066	B1 066	20408562b058	Pokemon	Tirtouga
B1 067	B1 067	4590c63f7ba3	Pokemon	Carracosta
B1 068	B1 068	f3cb0479fff6	Pokemon	Frillish
B1 069	B1 069	44c6999731da	Pokemon	Jellicent
B1 070	B1 070	a913f8386eb6	Pokemon	Keldeo
B1 071	B1 071	480e8f63dcc6	Pokemon	Froakie
B1 072	B1 072	42aca7746416	Pokemon	Frogadier
B1 073	B1 073	56d26ff909d0	Pokemon	Greninja ex
B1 074	B1 074	bd3db8838c8a	Pokemon	Bergmite
B1 075	B1 075	d9a0afc2748e	Pokemon	Avalugg
B1 076	B1 076	154f92309a64	Pokemon	Chewtle
B1 077	B1 077	a567f9a504db	Pokemon	Drednaw
B1 078	B1 078	795954d8cf07	Pokemon	Arrokuda
B1 079	B1 079	80002306248b	Pokemon	Barraskewda
B1 080	B1 080	1e690ad9ed32	Pokemon	Eiscue
B1 081	B1 081	9785823ef50e	Pokemon	Jolteon ex
B1 082	B1 082	4e3d73dfb92a	Pokemon	Mareep
B1 083	B1 083	80d3ebf57326	Pokemon	Flaaffy
B1 084	B1 084	da70fec45248	Pokemon	Ampharos
B1 085	B1 085	7a8877867720	Pokemon	Mega Ampharos ex
B1 086	B1 086	b7c7240ca51f	Pokemon	Shinx
B1 087	B1 087	4ab97cfd48ef	Pokemon	Luxio
B1 088	B1 088	655a8aae4abc	Pokemon	Luxray
B1 089	B1 089	0676a20666e7	Pokemon	Pachirisu
B1 090	B1 090	6852c5a2a168	Pokemon	Blitzle
B1 091	B1 091	327f4c13c885	Pokemon	Zebstrika
B1 092	B1 092	afd19938352a	Pokemon	Joltik
B1 093	B1 093	a437959f60b4	Pokemon	Galvantula
B1 094	B1 094	1223411467ef	Pokemon	Dedenne
B1 095	B1 095	e328d65a109f	Pokemon	Yamper
B1 096	B1 096	5696d65911c2	Pokemon	Boltund
B1 097	B1 097	188c55fd16cd	Pokemon	Natu
B1 098	B1 098	7d70c8561d21	Pokemon	Xatu
B1 099	B1 099	c91c62ebf70d	Pokemon	Misdreavus
B1 100	B1 100	8b195519b825	Pokemon	Mismagius
B1 101	B1 101	75a64518933d	Pokemon	Sableye
B1 102	B1 102	ec5b76b498f7	Pokemon	Mega Altaria ex
B1 103	B1 103	63edd22b35b2	Pokemon	Duskull
B1 104	B1 104	0971df2a8461	Pokemon	Dusclops
B1 105	B1 105	eaf608bd73f8	Pokemon	Dusknoir
B1 106	B1 106	8ce1ce6533b8	Pokemon	Jirachi
B1 107	B1 107	8e721170814f	Pokemon	Drifloon
B1 108	B1 108	5594a61df922	Pokemon	Drifblim
B1 109	B1 109	ee05c7a6cee6	Pokemon	Chingling
B1 110	B1 110	c5fd7dfcd5f3	Pokemon	Yamask
B1 111	B1 111	b15d5383ee02	Pokemon	Cofagrigus
B1 112	B1 112	5421e1b42412	Pokemon	Gothita
B1 113	B1 113	ae97c8c4f153	Pokemon	Gothorita
B1 114	B1 114	793463f7c0ef	Pokemon	Gothitelle
B1 115	B1 115	10a723c673b3	Pokemon	Spritzee
B1 116	B1 116	8e6be1218ede	Pokemon	Aromatisse
B1 117	B1 117	1b7e717e2d00	Pokemon	Swirlix
B1 118	B1 118	0204c2510404	Pokemon	Slurpuff
B1 119	B1 119	2a80dd2fe2fd	Pokemon	Carbink
B1 120	B1 120	8adeca039324	Pokemon	Klefki
B1 121	B1 121	90dc26b925b7	Pokemon	Indeedee ex
B1 122	B1 122	b5ffbedf2e7d	Pokemon	Sandshrew
B1 123	B1 123	c9feda97b9aa	Pokemon	Sandslash
B1 124	B1 124	87b76e60aad5	Pokemon	Hitmonchan ex
B1 125	B1 125	dad10fd73f94	Pokemon	Sudowoodo
B1 126	B1 126	a261f021e3b2	Pokemon	Makuhita
B1 127	B1 127	39cf5a3a114d	Pokemon	Hariyama
B1 128	B1 128	b7125729e1e5	Pokemon	Hippopotas
B1 129	B1 129	1fdd267ea46a	Pokemon	Hippowdon
B1 130	B1 130	c695fe7a8cc3	Pokemon	Sandile
B1 131	B1 131	72bc9fbded16	Pokemon	Krokorok
B1 132	B1 132	252b7a0cbfa9	Pokemon	Krookodile
B1 133	B1 133	d1a28cc2faee	Pokemon	Archen
B1 134	B1 134	234065be8b5b	Pokemon	Archeops
B1 135	B1 135	498d17417fa2	Pokemon	Golett
B1 136	B1 136	8032a3d051b1	Pokemon	Golurk
B1 137	B1 137	6678268e9851	Pokemon	Terrakion
B1 138	B1 138	a8025edcdcb3	Pokemon	Pancham
B1 139	B1 139	10598d2ccdf6	Pokemon	Crabrawler
B1 140	B1 140	58cb32c73da2	Pokemon	Crabominable
B1 141	B1 141	51d531cc1555	Pokemon	Stufful
B1 142	B1 142	7dba880478b4	Pokemon	Bewear
B1 143	B1 143	80dfc65df904	Pokemon	Sandygast
B1 144	B1 144	0c4da7b0b002	Pokemon	Palossand
B1 145	B1 145	c6fa9fd2ff2c	Pokemon	Rolycoly
B1 146	B1 146	20424ccfe15a	Pokemon	Carkol
B1 147	B1 147	4a1ddcfeb114	Pokemon	Coalossal
B1 148	B1 148	308fc8b73cda	Pokemon	Murkrow
B1 149	B1 149	db194157310b	Pokemon	Honchkrow
B1 150	B1 150	effd654b7273	Pokemon	Absol
B1 151	B1 151	bb9def3fb6e2	Pokemon	Mega Absol ex
B1 152	B1 152	bc076de5661c	Pokemon	Skorupi
B1 153	B1 153	0896974905d3	Pokemon	Drapion
B1 154	B1 154	ac4f7df5e3ea	Pokemon	Darkrai
B1 155	B1 155	1ce6a56b5c36	Pokemon	Deino
B1 156	B1 156	8f7d02586879	Pokemon	Zweilous
B1 157	B1 157	76e69a2e2b49	Pokemon	Hydreigon
B1 158	B1 158	4f949877449d	Pokemon	Pangoro
B1 159	B1 159	d4532c5b1583	Pokemon	Skrelp
B1 160	B1 160	249df223a9c7	Pokemon	Dragalge ex
B1 161	B1 161	afad53165e09	Pokemon	Mareanie
B1 162	B1 162	e1a071bf2984	Pokemon	Toxapex
B1 163	B1 163	28064f894565	Pokemon	Impidimp
B1 164	B1 164	6e92d0bd25f4	Pokemon	Morgrem
B1 165	B1 165	6a48f40193a9	Pokemon	Grimmsnarl
B1 166	B1 166	0430d6d2bc4a	Pokemon	Ferroseed
B1 167	B1 167	db81c50367b7	Pokemon	Ferrothorn
B1 168	B1 168	e231ad72914b	Pokemon	Durant
B1 169	B1 169	ed90aa095c2e	Pokemon	Cobalion
B1 170	B1 170	eb882c5645d4	Pokemon	Honedge
B1 171	B1 171	2a3ec132a111	Pokemon	Doublade
B1 172	B1 172	defd7e79be5e	Pokemon	Aegislash
B1 173	B1 173	1d8c4c1042fa	Pokemon	Meltan
B1 174	B1 174	602c097208c9	Pokemon	Melmetal ex
B1 175	B1 175	b1a0625629bc	Pokemon	Corviknight
B1 176	B1 176	47ec0dfe75f2	Pokemon	Druddigon
B1 177	B1 177	5b318f5648df	Pokemon	Goomy
B1 178	B1 178	7c5f92bd4e08	Pokemon	Sliggoo
B1 179	B1 179	fcfbf6b40dce	Pokemon	Goodra
B1 180	B1 180	48f822df8312	Pokemon	Pidgey
B1 181	B1 181	a8b015ce8de3	Pokemon	Pidgeotto
B1 182	B1 182	d3b77b4df339	Pokemon	Pidgeot
B1 183	B1 183	3178b689c34b	Pokemon	Tauros ex
B1 184	B1 184	1564fc1dd7e3	Pokemon	Eevee
B1 185	B1 185	eccc4b535ed0	Pokemon	Aipom
B1 186	B1 186	e22ee5abded4	Pokemon	Ambipom
B1 187	B1 187	3858c789d812	Pokemon	Miltank
B1 188	B1 188	41d9c4ce5e1a	Pokemon	Zigzagoon
B1 189	B1 189	5c005cb29ef7	Pokemon	Linoone
B1 190	B1 190	57d157533084	Pokemon	Whismur
B1 191	B1 191	a77f3fde76a4	Pokemon	Loudred
B1 192	B1 192	48841676d853	Pokemon	Exploud
B1 193	B1 193	e50a29932d2b	Pokemon	Skitty
B1 194	B1 194	2276ccecb05f	Pokemon	Delcatty
B1 195	B1 195	0a95476dbfb0	Pokemon	Spinda
B1 196	B1 196	5840c8705c9c	Pokemon	Swablu
B1 197	B1 197	1b106cda42db	Pokemon	Altaria
B1 198	B1 198	8af70a2e29a8	Pokemon	Chatot
B1 199	B1 199	f20cc625c386	Pokemon	Patrat
B1 200	B1 200	77dba9f0251e	Pokemon	Watchog
B1 201	B1 201	b873da6327ab	Pokemon	Lillipup
B1 202	B1 202	685d055f2bc6	Pokemon	Herdier
B1 203	B1 203	97b48b4b73b8	Pokemon	Stoutland
B1 204	B1 204	9e2a96257be9	Pokemon	Rufflet
B1 205	B1 205	ffb082f934bd	Pokemon	Braviary
B1 206	B1 206	d01ace0ef26a	Pokemon	Furfrou
B1 207	B1 206	d01ace0ef26a	Pokemon	Furfrou
B1 208	B1 206	d01ace0ef26a	Pokemon	Furfrou
B1 209	B1 209	0049227dc1b9	Pokemon	Rookidee
B1 210	B1 210	c56259aa6b4f	Pokemon	Corvisquire
B1 211	B1 211	d396b3a6dce6	Pokemon	Wooloo
B1 212	B1 212	bd307fe93dca	Pokemon	Dubwool
B1 213	B1 213	ab863d619a56	Trainer	Prank Spinner
B1 214	B1 214	4d375a57be24	Trainer	Plume Fossil
B1 215	B1 215	12e485a0620e	Trainer	Hitting Hammer
B1 216	B1 216	af1692ba8768	Trainer	Cover Fossil
B1 217	B1 217	b7d7472b5d0b	Trainer	Flame Patch
B1 218	B1 218	6c21784e7679	Trainer	Sitrus Berry
B1 219	B1 219	4736637c37b6	Trainer	Heavy Helmet
B1 220	B1 220	191ef1f6aead	Trainer	Lucky Mittens
B1 221	B1 221	c7dc3a058eef	Trainer	Marlon
B1 222	B1 222	c00a8bd03c4b	Trainer	Hala
B1 223	B1 223	c0b183f679cc	Trainer	May
B1 224	B1 224	d462d7d16e0f	Trainer	Fantina
B1 225	B1 225	d5d2b111c197	Trainer	Copycat
B1 226	B1 226	1aad3db858c7	Trainer	Lisia
B1 227	B1 005	5834e98a5782	Pokemon	Beautifly
B1 228	B1 021	376d10e73221	Pokemon	Skiddo
B1 229	B1 027	835be18f0470	Pokemon	Rillaboom
B1 230	B1 028	5df7ba096641	Pokemon	Growlithe
B1 231	B1 043	823021f18455	Pokemon	Chandelure
B1 232	B1 050	e93e930b611e	Pokemon	Magikarp
B1 233	B1 055	790ef9813387	Pokemon	Ludicolo
B1 234	B1 069	44c6999731da	Pokemon	Jellicent
B1 235	B1 070	a913f8386eb6	Pokemon	Keldeo
B1 236	B1 080	1e690ad9ed32	Pokemon	Eiscue
B1 237	B1 088	655a8aae4abc	Pokemon	Luxray
B1 238	B1 111	b15d5383ee02	Pokemon	Cofagrigus
B1 239	B1 112	5421e1b42412	Pokemon	Gothita
B1 240	B1 126	a261f021e3b2	Pokemon	Makuhita
B1 241	B1 129	1fdd267ea46a	Pokemon	Hippowdon
B1 242	B1 134	234065be8b5b	Pokemon	Archeops
B1 243	B1 138	a8025edcdcb3	Pokemon	Pancham
B1 244	B1 149	db194157310b	Pokemon	Honchkrow
B1 245	B1 157	76e69a2e2b49	Pokemon	Hydreigon
B1 246	B1 175	b1a0625629bc	Pokemon	Corviknight
B1 247	B1 177	5b318f5648df	Pokemon	Goomy
B1 248	B1 194	2276ccecb05f	Pokemon	Delcatty
B1 249	B1 203	97b48b4b73b8	Pokemon	Stoutland
B1 250	B1 204	9e2a96257be9	Pokemon	Rufflet
B1 251	B1 002	951de506c786	Pokemon	Mega Pinsir ex
B1 252	B1 016	c0843f2a1f71	Pokemon	Whimsicott ex
B1 253	B1 031	d4be09bfc418	Pokemon	Rapidash ex
B1 254	B1 036	00e1960361ef	Pokemon	Mega Blaziken ex
B1 255	B1 052	ca28dfd80288	Pokemon	Mega Gyarados ex
B1 256	B1 073	56d26ff909d0	Pokemon	Greninja ex
B1 257	B1 081	9785823ef50e	Pokemon	Jolteon ex
B1 258	B1 085	7a8877867720	Pokemon	Mega Ampharos ex
B1 259	B1 102	ec5b76b498f7	Pokemon	Mega Altaria ex
B1 260	B1 121	90dc26b925b7	Pokemon	Indeedee ex
B1 261	B1 124	87b76e60aad5	Pokemon	Hitmonchan ex
B1 262	B1 151	bb9def3fb6e2	Pokemon	Mega Absol ex
B1 263	B1 160	249df223a9c7	Pokemon	Dragalge ex
B1 264	B1 174	602c097208c9	Pokemon	Melmetal ex
B1 265	B1 183	3178b689c34b	Pokemon	Tauros ex
B1 266	B1 221	c7dc3a058eef	Trainer	Marlon
B1 267	B1 222	c00a8bd03c4b	Trainer	Hala
B1 268	B1 223	c0b183f679cc	Trainer	May
B1 269	B1 224	d462d7d16e0f	Trainer	Fantina
B1 270	B1 225	d5d2b111c197	Trainer	Copycat
B1 271	B1 226	1aad3db858c7	Trainer	Lisia
B1 272	B1 002	951de506c786	Pokemon	Mega Pinsir ex
B1 273	B1 016	c0843f2a1f71	Pokemon	Whimsicott ex
B1 274	B1 031	d4be09bfc418	Pokemon	Rapidash ex
B1 275	B1 073	56d26ff909d0	Pokemon	Greninja ex
B1 276	B1 081	9785823ef50e	Pokemon	Jolteon ex
B1 277	B1 085	7a8877867720	Pokemon	Mega Ampharos ex
B1 278	B1 121	90dc26b925b7	Pokemon	Indeedee ex
B1 279	B1 124	87b76e60aad5	Pokemon	Hitmonchan ex
B1 280	B1 151	bb9def3fb6e2	Pokemon	Mega Absol ex
B1 281	B1 160	249df223a9c7	Pokemon	Dragalge ex
B1 282	B1 174	602c097208c9	Pokemon	Melmetal ex
B1 283	B1 183	3178b689c34b	Pokemon	Tauros ex
B1 284	B1 036	00e1960361ef	Pokemon	Mega Blaziken ex
B1 285	B1 052	ca28dfd80288	Pokemon	Mega Gyarados ex
B1 286	B1 102	ec5b76b498f7	Pokemon	Mega Altaria ex
B1 287	A1 018	387b3728a304	Pokemon	Bellsprout
B1 288	A1 019	0ff7adc936a7	Pokemon	Weepinbell
B1 289	A1 020	2f8ffee28af6	Pokemon	Victreebel
B1 290	A3 010	664c22e52b60	Pokemon	Rowlet
B1 291	A3a 004	0e6789a5d6e9	Pokemon	Dartrix
B1 292	A1 046	f50f5a159212	Pokemon	Moltres
B1 293	A3 030	0095172708fc	Pokemon	Litten
B1 294	A3 032	a22359afd698	Pokemon	Torracat
B1 295	A4a 013	0afd3ce0061b	Pokemon	Poliwag
B1 296	A1 060	2fef30762c67	Pokemon	Poliwhirl
B1 297	A1 061	23af2e8decb8	Pokemon	Poliwrath
B1 298	A1 083	dd008908d15d	Pokemon	Articuno
B1 299	A2 050	89605b565f43	Pokemon	Manaphy
B1 300	A3 045	ce3fe15de068	Pokemon	Popplio
B1 301	A3b 023	db4e027af8f2	Pokemon	Brionne
B1 302	A1 103	9631a22d85f3	Pokemon	Zapdos
B1 303	A3 066	a069ae868168	Pokemon	Oricorio
B1 304	A3a 021	cd3385dddb66	Pokemon	Zeraora
B1 305	A1 124	198f406a36eb	Pokemon	Drowzee
B1 306	A1 125	0b09f3a44159	Pokemon	Hypno
B1 307	A1 147	31e5e9fa5ea4	Pokemon	Geodude
B1 308	A1a 044	cabeb1299208	Pokemon	Graveler
B1 309	A1a 045	85606646212c	Pokemon	Golem
B1 310	A3 098	35325c64cad1	Pokemon	Rockruff
B1 311	A3 117	4fc00a149c4b	Pokemon	Alolan Diglett
B1 312	A1 196	9ee4e1e64aab	Pokemon	Meowth
B1 313	A1 197	119ba8447567	Pokemon	Persian
B1 314	A1 199	07b31c2869ea	Pokemon	Doduo
B1 315	A1 200	661c5044f67f	Pokemon	Dodrio
B1 316	A2 135	d962bc550112	Pokemon	Bidoof
B1 317	A3 012	49dff193a938	Pokemon	Decidueye ex
B1 318	A3 033	56c61bbe8ccf	Pokemon	Incineroar ex
B1 319	A2 049	b38add548131	Pokemon	Palkia ex
B1 320	A3b 024	c5a9dc256d55	Pokemon	Primarina ex
B1 321	A2b 022	6c3826d1f2d9	Pokemon	Pikachu ex
B1 322	A3a 019	9d7a058a9566	Pokemon	Tapu Koko ex
B1 323	A3a 033	8e1fd5ac962b	Pokemon	Lycanroc ex
B1 324	A3 104	9620c62d3912	Pokemon	Passimian ex
B1 325	A3a 047	3d953c7b482f	Pokemon	Alolan Dugtrio ex
B1 326	A2 119	958ee2c091ce	Pokemon	Dialga ex
B1 327	A2b 065	8de588ff92bd	Pokemon	Bibarel ex
B1 328	A2a 071	d24d8b43a84f	Pokemon	Arceus ex
B1 329	B1 018	25c8b82e3609	Pokemon	Lilligant
B1 330	B1 120	8adeca039324	Pokemon	Klefki
B1 331	B1 217	b7d7472b5d0b	Trainer	Flame Patch
B1a 001	B1a 001	e2aad8d78bd2	Pokemon	Bulbasaur
B1a 002	B1a 002	243081ebab61	Pokemon	Ivysaur
B1a 003	B1a 003	7fbb02598d76	Pokemon	Venusaur
B1a 004	B1a 004	209bd0eecd5c	Pokemon	Mega Venusaur ex
B1a 005	B1a 005	a7640c9a66a8	Pokemon	Spinarak
B1a 006	B1a 006	9251938a19db	Pokemon	Ariados
B1a 007	B1a 007	56caca148b7e	Pokemon	Sunkern
B1a 008	B1a 008	7e4fe7cdbcdf	Pokemon	Sunflora
B1a 009	B1a 009	9b9093955f52	Pokemon	Burmy
B1a 010	B1a 010	d3b352165a30	Pokemon	Mothim
B1a 011	B1a 011	4c4e8189418a	Pokemon	Charmander
B1a 012	B1a 012	76b5790f30ce	Pokemon	Charmeleon
B1a 013	B1a 013	dead4a7b1805	Pokemon	Charizard
B1a 014	B1a 014	f1e3a2813269	Pokemon	Mega Charizard Y ex
B1a 015	B1a 015	9280e5410b52	Pokemon	Houndour
B1a 016	B1a 016	f4f1badede89	Pokemon	Houndoom
B1a 017	B1a 017	fae2dcf13f6b	Pokemon	Squirtle
B1a 018	B1a 018	6ae62bfd0ecc	Pokemon	Wartortle
B1a 019	B1a 019	f71d2fa055ba	Pokemon	Blastoise
B1a 020	B1a 020	adab5aa7c045	Pokemon	Mega Blastoise ex
B1a 021	B1a 021	0038becfe7e0	Pokemon	Basculin
B1a 022	B1a 022	a3f3991d1854	Pokemon	Clauncher
B1a 023	B1a 023	b14fb052f687	Pokemon	Clawitzer
B1a 024	B1a 024	bd9a68a8d4ad	Pokemon	Magnemite
B1a 025	B1a 025	9711fa6cd5bb	Pokemon	Magneton
B1a 026	B1a 026	f4fb5708eee2	Pokemon	Magnezone
B1a 027	B1a 027	53e990fee6a0	Pokemon	Emolga
B1a 028	B1a 028	531864be1a21	Pokemon	Helioptile
B1a 029	B1a 029	65c925931e4c	Pokemon	Heliolisk
B1a 030	B1a 030	c06afa4b266c	Pokemon	Misdreavus
B1a 031	B1a 031	1454d365a50b	Pokemon	Mismagius
B1a 032	B1a 032	cd4808e6d73d	Pokemon	Solosis
B1a 033	B1a 033	7716f613b8f2	Pokemon	Duosion
B1a 034	B1a 034	6fb18fb14c4a	Pokemon	Reuniclus
B1a 035	B1a 035	5c145ecea594	Pokemon	Spritzee
B1a 036	B1a 036	be3fb797c028	Pokemon	Aromatisse
B1a 037	B1a 037	6e0dcc2728eb	Pokemon	Xerneas
B1a 038	B1a 038	d1dc30a4b40e	Pokemon	Onix
B1a 039	B1a 039	015f5984603e	Pokemon	Makuhita
B1a 040	B1a 040	e80d822eddf3	Pokemon	Hariyama
B1a 041	B1a 041	8e3e40cc4e60	Pokemon	Nosepass
B1a 042	B1a 042	e908f65b057b	Pokemon	Mega Lopunny ex
B1a 043	B1a 043	144f1d68d035	Pokemon	Mienfoo
B1a 044	B1a 044	5ecd1e80b452	Pokemon	Mienshao
B1a 045	B1a 045	2286be90a2b3	Pokemon	Grimer
B1a 046	B1a 046	b1de69a1a69c	Pokemon	Muk
B1a 047	B1a 047	ba6caa703333	Pokemon	Purrloin
B1a 048	B1a 048	d2e24116af9b	Pokemon	Liepard
B1a 049	B1a 049	93e90a6f1727	Pokemon	Trubbish
B1a 050	B1a 050	6d47969aadf8	Pokemon	Garbodor
B1a 051	B1a 051	82cc3ace1456	Pokemon	Steelix
B1a 052	B1a 052	338b84813f5c	Pokemon	Mega Steelix ex
B1a 053	B1a 053	9cb1a3c4d315	Pokemon	Probopass
B1a 054	B1a 054	ce4571ccd842	Pokemon	Genesect
B1a 055	B1a 055	d839e07eb346	Pokemon	Ditto
B1a 056	B1a 056	541227346df4	Pokemon	Porygon
B1a 057	B1a 057	69b6ba296bdf	Pokemon	Porygon2
B1a 058	B1a 058	194dbca004c6	Pokemon	Porygon-Z
B1a 059	B1a 059	acad59f58da5	Pokemon	Starly
B1a 060	B1a 060	9618801ef504	Pokemon	Staravia
B1a 061	B1a 061	2bfcf1025ca9	Pokemon	Staraptor
B1a 062	B1a 062	c3bcdc755baf	Pokemon	Buneary
B1a 063	B1a 063	1e5962b303b2	Pokemon	Lopunny
B1a 064	B1a 064	f000290ed305	Pokemon	Bouffalant
B1a 065	B1a 065	0c3e4e96cb78	Pokemon	Furfrou
B1a 066	B1a 066	ac2e43fe93d9	Trainer	Clemont's Backpack
B1a 067	B1a 067	de4bec7df49e	Trainer	Quick-Grow Extract
B1a 068	B1a 068	177698dd52b6	Trainer	Clemont
B1a 069	B1a 069	fa7abb7a8d13	Trainer	Serena
B1a 070	B1a 006	9251938a19db	Pokemon	Ariados
B1a 071	B1a 008	7e4fe7cdbcdf	Pokemon	Sunflora
B1a 072	B1a 034	6fb18fb14c4a	Pokemon	Reuniclus
B1a 073	B1a 037	6e0dcc2728eb	Pokemon	Xerneas
B1a 074	B1a 049	93e90a6f1727	Pokemon	Trubbish
B1a 075	B1a 062	c3bcdc755baf	Pokemon	Buneary
B1a 076	B1a 004	209bd0eecd5c	Pokemon	Mega Venusaur ex
B1a 077	B1a 014	f1e3a2813269	Pokemon	Mega Charizard Y ex
B1a 078	B1a 020	adab5aa7c045	Pokemon	Mega Blastoise ex
B1a 079	B1a 042	e908f65b057b	Pokemon	Mega Lopunny ex
B1a 080	B1a 052	338b84813f5c	Pokemon	Mega Steelix ex
B1a 081	B1a 068	177698dd52b6	Trainer	Clemont
B1a 082	B1a 069	fa7abb7a8d13	Trainer	Serena
B1a 083	B1a 004	209bd0eecd5c	Pokemon	Mega Venusaur ex
B1a 084	B1a 020	adab5aa7c045	Pokemon	Mega Blastoise ex
B1a 085	B1a 042	e908f65b057b	Pokemon	Mega Lopunny ex
B1a 086	B1a 052	338b84813f5c	Pokemon	Mega Steelix ex
B1a 087	B1a 014	f1e3a2813269	Pokemon	Mega Charizard Y ex
B1a 088	A4 001	51174725faf8	Pokemon	Oddish
B1a 089	A4 002	73dafe49e864	Pokemon	Gloom
B1a 090	A1 013	6bcd414cf078	Pokemon	Vileplume
B1a 091	B1a 013	dead4a7b1805	Pokemon	Charizard
B1a 092	A3 042	5578546656bf	Pokemon	Shellder
B1a 093	A3 043	ce64ed9685d5	Pokemon	Cloyster
B1a 094	B1 122	b5ffbedf2e7d	Pokemon	Sandshrew
B1a 095	B1 123	c9feda97b9aa	Pokemon	Sandslash
B1a 096	A3a 060	10b8691e91bb	Pokemon	Type: Null
B1a 097	A3a 061	fee676f609c1	Pokemon	Silvally
B1a 098	A3a 006	938f8df47db4	Pokemon	Buzzwole ex
B1a 099	A3 087	f7fc133d0d75	Pokemon	Lunala ex
B1a 100	A3a 043	92ee8c5e51f9	Pokemon	Guzzlord ex
B1a 101	A3 122	804a2da824da	Pokemon	Solgaleo ex
B1a 102	B1 172	defd7e79be5e	Pokemon	Aegislash
B1a 103	B1a 067	de4bec7df49e	Trainer	Quick-Grow Extract
B2 001	B2 001	b492613caaf6	Pokemon	Ledyba
B2 002	B2 002	7e38af058135	Pokemon	Ledian
B2 003	B2 003	bf9a6e092e8a	Pokemon	Shuckle
B2 004	B2 004	647754cf5c41	Pokemon	Roselia
B2 005	B2 005	0cd001ee6d51	Pokemon	Roserade
B2 006	B2 006	fc582557a613	Pokemon	Cacnea
B2 007	B2 007	e57c7506dff8	Pokemon	Cacturne
B2 008	B2 008	513819920925	Pokemon	Chespin
B2 009	B2 009	5ead1fbc8081	Pokemon	Quilladin
B2 010	B2 010	44c0a4a61fb8	Pokemon	Chesnaught
B2 011	B2 011	a116b0da410f	Pokemon	Scatterbug
B2 012	B2 012	f4bca42f65bb	Pokemon	Spewpa
B2 013	B2 013	8c7d6ecafcda	Pokemon	Vivillon
B2 014	B2 014	e4624b002fa8	Pokemon	Buzzwole
B2 015	B2 015	28a0de0d36f8	Pokemon	Gossifleur
B2 016	B2 016	34737051cc07	Pokemon	Eldegoss
B2 017	B2 017	34a37c7232d9	Pokemon	Teal Mask Ogerpon ex
B2 018	B2 018	d6a5c6331d06	Pokemon	Alolan Marowak
B2 019	B2 019	4751980ad714	Pokemon	Reshiram
B2 020	B2 020	2d00d7de9f1f	Pokemon	Litleo
B2 021	B2 021	844d0c923955	Pokemon	Pyroar
B2 022	B2 022	3ad863f8488a	Pokemon	Oricorio
B2 023	B2 023	8d0d747158c6	Pokemon	Blacephalon ex
B2 024	B2 024	3dd1c7a78b94	Pokemon	Scorbunny
B2 025	B2 025	848132a41d12	Pokemon	Raboot
B2 026	B2 026	d158d4952f23	Pokemon	Cinderace
B2 027	B2 027	fe1fe293a347	Pokemon	Hearthflame Mask Ogerpon
B2 028	B2 028	b2d09519917f	Pokemon	Alolan Vulpix
B2 029	B2 029	17831e3b1395	Pokemon	Alolan Ninetales ex
B2 030	B2 030	4f0c9ea91ff5	Pokemon	Galarian Mr. Mime
B2 031	B2 031	a0f36b18eeb2	Pokemon	Galarian Mr. Rime
B2 032	B2 032	4914452ec342	Pokemon	Delibird
B2 033	B2 033	b8f3386e20a9	Pokemon	Mudkip
B2 034	B2 034	24308c2d1519	Pokemon	Marshtomp
B2 035	B2 035	e072d0212029	Pokemon	Swampert
B2 036	B2 036	57c522851336	Pokemon	Mega Swampert ex
B2 037	B2 037	f9700361f030	Pokemon	Vanillite
B2 038	B2 038	fc4df12407e7	Pokemon	Vanillish
B2 039	B2 039	62a9f6df98ef	Pokemon	Vanilluxe
B2 040	B2 040	e396588da193	Pokemon	Cryogonal
B2 041	B2 041	75d83b6042f5	Pokemon	Amaura
B2 042	B2 042	e76ba7144277	Pokemon	Aurorus
B2 043	B2 043	e4614c0cb40a	Pokemon	Chewtle
B2 044	B2 044	aeaf5d286e23	Pokemon	Drednaw
B2 045	B2 045	1b84a5f386b9	Pokemon	Cramorant
B2 046	B2 046	315719b238a5	Pokemon	Arrokuda
B2 047	B2 047	6268479a3ade	Pokemon	Barraskewda
B2 048	B2 048	db860b64582c	Pokemon	Wellspring Mask Ogerpon
B2 049	B2 049	588908ef0b09	Pokemon	Pikachu
B2 050	B2 050	844317e0f208	Pokemon	Alolan Raichu
B2 051	B2 051	8b95883aad42	Pokemon	Zapdos
B2 052	B2 052	c645b85d31ea	Pokemon	Plusle
B2 053	B2 053	ce19698652a6	Pokemon	Minun
B2 054	B2 054	b13eb547bf37	Pokemon	Toxel
B2 055	B2 055	01fd64d9cf38	Pokemon	Toxtricity ex
B2 056	B2 056	d98c4e6c5278	Pokemon	Tadbulb
B2 057	B2 057	544982836d50	Pokemon	Bellibolt
B2 058	B2 058	f64f88769f39	Pokemon	Galarian Ponyta
B2 059	B2 059	8b071730c63e	Pokemon	Galarian Rapidash
B2 060	B2 060	433e64a18dd3	Pokemon	Wobbuffet
B2 061	B2 061	d91093c53df4	Pokemon	Snubbull
B2 062	B2 062	b5339d019f15	Pokemon	Granbull
B2 063	B2 063	a2f47a083282	Pokemon	Ralts
B2 064	B2 064	7441c99cbf8a	Pokemon	Kirlia
B2 065	B2 065	dc75c5642395	Pokemon	Gardevoir
B2 066	B2 066	5d69374f59f7	Pokemon	Mega Gardevoir ex
B2 067	B2 067	5ca5d00a7c86	Pokemon	Litwick
B2 068	B2 068	a4b7c9d1650b	Pokemon	Lampent
B2 069	B2 069	23505296d5f6	Pokemon	Chandelure
B2 070	B2 070	8954464c78ca	Pokemon	Meloetta
B2 071	B2 071	b903bdef6358	Pokemon	Pumpkaboo
B2 072	B2 072	b8cb7affec33	Pokemon	Gourgeist
B2 073	B2 073	8f5908efda6e	Pokemon	Mimikyu ex
B2 074	B2 074	0683ebb57cd8	Pokemon	Sinistea
B2 075	B2 075	c1edf6302612	Pokemon	Polteageist
B2 076	B2 076	d22da9a6004b	Pokemon	Indeedee
B2 077	B2 077	15dbff518780	Pokemon	Sandshrew
B2 078	B2 078	48ea836574eb	Pokemon	Sandslash
B2 079	B2 079	e0eb550d9116	Pokemon	Machop
B2 080	B2 080	7206bedace93	Pokemon	Machoke
B2 081	B2 081	c2d5e4930b79	Pokemon	Machamp
B2 082	B2 082	5bfcbec53175	Pokemon	Cubone
B2 083	B2 083	856b00174bab	Pokemon	Meditite
B2 084	B2 084	9aab5f238701	Pokemon	Medicham
B2 085	B2 085	0a0b1cae1011	Pokemon	Roggenrola
B2 086	B2 086	c6a56a70f0e3	Pokemon	Boldore
B2 087	B2 087	9a861332d1bf	Pokemon	Gigalith ex
B2 088	B2 088	e03a48013075	Pokemon	Drilbur
B2 089	B2 089	0a958ae7d097	Pokemon	Tyrunt
B2 090	B2 090	2292ff885f17	Pokemon	Tyrantrum
B2 091	B2 091	d6320325b85a	Pokemon	Passimian
B2 092	B2 092	1ddaaf313c08	Pokemon	Falinks
B2 093	B2 093	c37ddfe11b7a	Pokemon	Cornerstone Mask Ogerpon
B2 094	B2 094	11128c852e98	Pokemon	Alolan Meowth
B2 095	B2 095	427bdf2cf30f	Pokemon	Alolan Persian
B2 096	B2 096	6a4d076ce6ce	Pokemon	Alolan Grimer
B2 097	B2 097	ce682a336398	Pokemon	Alolan Muk
B2 098	B2 098	cd84a08af31b	Pokemon	Galarian Zigzagoon
B2 099	B2 099	bab38b0add77	Pokemon	Galarian Linoone
B2 100	B2 100	192ea7a4cc93	Pokemon	Galarian Obstagoon
B2 101	B2 101	58f92af75671	Pokemon	Stunky
B2 102	B2 102	8a2a1385697c	Pokemon	Skuntank
B2 103	B2 103	7a50ee0b3e1c	Pokemon	Spiritomb
B2 104	B2 104	429af400f950	Pokemon	Purrloin
B2 105	B2 105	f55eecd2b93f	Pokemon	Liepard
B2 106	B2 106	fa84878b9bc1	Pokemon	Scraggy
B2 107	B2 107	04777d0058c2	Pokemon	Scrafty
B2 108	B2 108	112e75b99b8b	Pokemon	Yveltal
B2 109	B2 109	0e60d4b4953d	Pokemon	Guzzlord
B2 110	B2 110	88312be64802	Pokemon	Galarian Meowth
B2 111	B2 111	d748e0220a64	Pokemon	Galarian Perrserker
B2 112	B2 112	e1743fba7b5f	Pokemon	Mawile
B2 113	B2 113	7d92dd4584bc	Pokemon	Mega Mawile ex
B2 114	B2 114	8a56a09656f2	Pokemon	Excadrill
B2 115	B2 115	f10d743ce88c	Pokemon	Ferroseed
B2 116	B2 116	52958343b063	Pokemon	Ferrothorn
B2 117	B2 117	8248146ccbce	Pokemon	Galarian Stunfisk
B2 118	B2 118	6f2ab2ef07a3	Pokemon	Honedge
B2 119	B2 119	28754250ef64	Pokemon	Doublade
B2 120	B2 120	16869cb2ead0	Pokemon	Aegislash
B2 121	B2 121	ceba452513d9	Pokemon	Bagon
B2 122	B2 122	9f950eb2b195	Pokemon	Shelgon
B2 123	B2 123	4607f12d6a15	Pokemon	Salamence
B2 124	B2 124	3d41a2b9edb8	Pokemon	Meowth
B2 125	B2 125	459634e7b403	Pokemon	Persian
B2 126	B2 126	e8411acea398	Pokemon	Kangaskhan
B2 127	B2 127	2164f6c13351	Pokemon	Mega Kangaskhan ex
B2 128	B2 128	270fcbe69a3c	Pokemon	Sentret
B2 129	B2 129	63e37f58619f	Pokemon	Furret
B2 130	B2 130	53e76cf3e03f	Pokemon	Smeargle
B2 131	B2 131	e94647b5b1f2	Pokemon	Lugia
B2 132	B2 132	ea73a63d24a9	Pokemon	Taillow
B2 133	B2 133	8dbdae046d71	Pokemon	Swellow
B2 134	B2 134	6f95da3db51c	Pokemon	Slakoth
B2 135	B2 135	3585435ec96e	Pokemon	Vigoroth
B2 136	B2 136	e3ef014ae9f8	Pokemon	Slaking
B2 137	B2 137	4dffd731e923	Pokemon	Spinda
B2 138	B2 138	43e56af6e45e	Pokemon	Tornadus
B2 139	B2 139	c15f960a368e	Pokemon	Bunnelby
B2 140	B2 140	b2b1ddb54706	Pokemon	Diggersby
B2 141	B2 141	8d969263da1b	Pokemon	Furfrou
B2 142	B2 142	35cc4c427d6f	Pokemon	Tandemaus
B2 143	B2 143	413617ac5c0a	Pokemon	Maushold
B2 144	B2 144	6cff3935e2d7	Trainer	Jaw Fossil
B2 145	B2 145	15c19aaaf9a4	Trainer	Lucky Ice Pop
B2 146	B2 146	41c1c61c2517	Trainer	Sail Fossil
B2 147	B2 147	81bd3888e260	Trainer	Protective Poncho
B2 148	B2 148	7a91147d1f38	Trainer	Metal Core Barrier
B2 149	B2 149	9629b46aa705	Trainer	Diantha
B2 150	B2 150	0a6ad68f7b27	Trainer	Sightseer
B2 151	B2 151	6183664203e7	Trainer	Juggler
B2 152	B2 152	a2d8bef746c4	Trainer	Piers
B2 153	B2 153	8dc4906d632f	Trainer	Training Area
B2 154	B2 154	b20b1b781b4c	Trainer	Starting Plains
B2 155	B2 155	fa0b03670f0a	Trainer	Peculiar Plaza
B2 156	B2 006	fc582557a613	Pokemon	Cacnea
B2 157	B2 005	0cd001ee6d51	Pokemon	Roserade
B2 158	B2 013	8c7d6ecafcda	Pokemon	Vivillon
B2 159	B2 014	e4624b002fa8	Pokemon	Buzzwole
B2 160	B2 019	4751980ad714	Pokemon	Reshiram
B2 161	B2 022	3ad863f8488a	Pokemon	Oricorio
B2 162	B2 024	3dd1c7a78b94	Pokemon	Scorbunny
B2 163	B2 042	e76ba7144277	Pokemon	Aurorus
B2 164	B2 045	1b84a5f386b9	Pokemon	Cramorant
B2 165	B2 053	ce19698652a6	Pokemon	Minun
B2 166	B2 054	b13eb547bf37	Pokemon	Toxel
B2 167	B2 058	f64f88769f39	Pokemon	Galarian Ponyta
B2 168	B2 061	d91093c53df4	Pokemon	Snubbull
B2 169	B2 076	d22da9a6004b	Pokemon	Indeedee
B2 170	B2 077	15dbff518780	Pokemon	Sandshrew
B2 171	B2 090	2292ff885f17	Pokemon	Tyrantrum
B2 172	B2 092	1ddaaf313c08	Pokemon	Falinks
B2 173	B2 097	ce682a336398	Pokemon	Alolan Muk
B2 174	B2 104	429af400f950	Pokemon	Purrloin
B2 175	B2 108	112e75b99b8b	Pokemon	Yveltal
B2 176	B2 100	192ea7a4cc93	Pokemon	Galarian Obstagoon
B2 177	B2 111	d748e0220a64	Pokemon	Galarian Perrserker
B2 178	B2 123	4607f12d6a15	Pokemon	Salamence
B2 179	B2 134	6f95da3db51c	Pokemon	Slakoth
B2 180	B2 017	34a37c7232d9	Pokemon	Teal Mask Ogerpon ex
B2 181	B2 023	8d0d747158c6	Pokemon	Blacephalon ex
B2 182	B2 029	17831e3b1395	Pokemon	Alolan Ninetales ex
B2 183	B2 036	57c522851336	Pokemon	Mega Swampert ex
B2 184	B2 055	01fd64d9cf38	Pokemon	Toxtricity ex
B2 185	B2 066	5d69374f59f7	Pokemon	Mega Gardevoir ex
B2 186	B2 073	8f5908efda6e	Pokemon	Mimikyu ex
B2 187	B2 087	9a861332d1bf	Pokemon	Gigalith ex
B2 188	B2 113	7d92dd4584bc	Pokemon	Mega Mawile ex
B2 189	B2 127	2164f6c13351	Pokemon	Mega Kangaskhan ex
B2 190	B2 149	9629b46aa705	Trainer	Diantha
B2 191	B2 150	0a6ad68f7b27	Trainer	Sightseer
B2 192	B2 151	6183664203e7	Trainer	Juggler
B2 193	B2 152	a2d8bef746c4	Trainer	Piers
B2 194	B2 017	34a37c7232d9	Pokemon	Teal Mask Ogerpon ex
B2 195	B2 023	8d0d747158c6	Pokemon	Blacephalon ex
B2 196	B2 029	17831e3b1395	Pokemon	Alolan Ninetales ex
B2 197	B2 036	57c522851336	Pokemon	Mega Swampert ex
B2 198	B2 055	01fd64d9cf38	Pokemon	Toxtricity ex
B2 199	B2 073	8f5908efda6e	Pokemon	Mimikyu ex
B2 200	B2 087	9a861332d1bf	Pokemon	Gigalith ex
B2 201	B2 113	7d92dd4584bc	Pokemon	Mega Mawile ex
B2 202	B2 127	2164f6c13351	Pokemon	Mega Kangaskhan ex
B2 203	B2 066	5d69374f59f7	Pokemon	Mega Gardevoir ex
B2 204	B2 124	3d41a2b9edb8	Pokemon	Meowth
B2 205	A4 004	32ff9cd86188	Pokemon	Tangela
B2 206	A4 032	8521951c49d7	Pokemon	Magby
B2 207	A2 023	24bf3a754bd7	Pokemon	Magmar
B2 208	A4 041	833cc89f04b0	Pokemon	Horsea
B2 209	A4 042	24f807fc491d	Pokemon	Seadra
B2 210	A4a 023	2674148ebf2c	Pokemon	Mantyke
B2 211	A1 081	68635ec849ab	Pokemon	Omanyte
B2 212	A1 082	90dc9ce6cc98	Pokemon	Omastar
B2 213	A4 066	83b18de722dc	Pokemon	Pichu
B2 214	A1 113	f181415a2089	Pokemon	Clefairy
B2 215	A1 114	b3118983d2fd	Pokemon	Clefable
B2 216	A4a 036	3b95d1932111	Pokemon	Latias
B2 217	A4a 037	38d0083f8fa7	Pokemon	Latios
B2 218	A1 154	d82449520131	Pokemon	Hitmonlee
B2 219	A1 155	912f13f962c4	Pokemon	Hitmonchan
B2 220	A1 158	00ec7ea1f2c4	Pokemon	Kabuto
B2 221	A1 159	a46b7d2ec3bc	Pokemon	Kabutops
B2 222	A4 099	e88575a371b4	Pokemon	Phanpy
B2 223	A4 101	ddbe6bf77a05	Pokemon	Tyrogue
B2 224	A1a 060	b421c2f91a2f	Pokemon	Tauros
B2 225	A3b 009	58c541a7b752	Pokemon	Flareon ex
B2 226	A4 034	3aed39742f23	Pokemon	Ho-Oh ex
B2 227	A4 043	a7482ef46f4a	Pokemon	Kingdra ex
B2 228	A4 083	40d582cded61	Pokemon	Espeon ex
B2 229	A3b 034	a9fd69e43055	Pokemon	Sylveon ex
B2 230	A4 100	2727d78ec9d5	Pokemon	Donphan ex
B2 231	A4 112	72c8c6d379eb	Pokemon	Umbreon ex
B2 232	A4 149	da104f9cfd52	Pokemon	Lugia ex
B2 233	B2 070	8954464c78ca	Pokemon	Meloetta
B2 234	B2 147	81bd3888e260	Trainer	Protective Poncho
B2a 001	B2a 001	d89ccc58ee00	Pokemon	Sprigatito
B2a 002	B2a 002	cadf5422c89b	Pokemon	Floragato
B2a 003	B2a 003	ef6588fd8ae3	Pokemon	Meowscarada ex
B2a 004	B2a 004	14ff49cbf4d0	Pokemon	Tarountula
B2a 005	B2a 005	dfc60c135297	Pokemon	Spidops
B2a 006	B2a 006	415419b11c59	Pokemon	Nymble
B2a 007	B2a 007	51be880a8822	Pokemon	Smoliv
B2a 008	B2a 008	e21e33c58669	Pokemon	Dolliv
B2a 009	B2a 009	5f602c6a7ffc	Pokemon	Arboliva
B2a 010	B2a 010	6c423c8024ce	Pokemon	Bramblin
B2a 011	B2a 011	6fe3ff76f5d8	Pokemon	Brambleghast
B2a 012	B2a 012	d3feb4556e68	Pokemon	Capsakid
B2a 013	B2a 013	48792d595f9b	Pokemon	Scovillain
B2a 014	B2a 014	23d74e64991d	Pokemon	Rellor
B2a 015	B2a 015	cd81a8201729	Pokemon	Wo-Chien
B2a 016	B2a 016	3130bcdbec21	Pokemon	Fuecoco
B2a 017	B2a 017	a78341866974	Pokemon	Crocalor
B2a 018	B2a 018	9acb4511f01a	Pokemon	Skeledirge
B2a 019	B2a 019	66583375d8c1	Pokemon	Charcadet
B2a 020	B2a 020	e51a94eac504	Pokemon	Armarouge ex
B2a 021	B2a 021	d5cf5b5fe259	Pokemon	Chi-Yu
B2a 022	B2a 022	01b9d0d655f4	Pokemon	Quaxly
B2a 023	B2a 023	7c9be0e5aab7	Pokemon	Quaxwell
B2a 024	B2a 024	6cf7dd5f05d9	Pokemon	Quaquaval
B2a 025	B2a 025	83da7fe95c6a	Pokemon	Wiglett
B2a 026	B2a 026	208ae01c010d	Pokemon	Wugtrio
B2a 027	B2a 027	ada95616ac6a	Pokemon	Finizen
B2a 028	B2a 028	6ed66aef2755	Pokemon	Palafin
B2a 029	B2a 029	c07f66b899f5	Pokemon	Cetoddle
B2a 030	B2a 030	7ca4c4b3d1e2	Pokemon	Cetitan
B2a 031	B2a 031	8fe1051fcbe7	Pokemon	Veluza
B2a 032	B2a 032	a6166321fa34	Pokemon	Dondozo
B2a 033	B2a 033	8cd5726bf827	Pokemon	Tatsugiri
B2a 034	B2a 034	3cb21ff4f19f	Pokemon	Frigibax
B2a 035	B2a 035	5bf59cc5ae6e	Pokemon	Arctibax
B2a 036	B2a 036	7f71d264e40d	Pokemon	Baxcalibur
B2a 037	B2a 037	3f0be072946a	Pokemon	Chien-Pao ex
B2a 038	B2a 038	c6ec5272d369	Pokemon	Pawmi
B2a 039	B2a 039	ac49e7492d06	Pokemon	Pawmo
B2a 040	B2a 040	e99aa4447528	Pokemon	Pawmot
B2a 041	B2a 041	ea0bcf4ed387	Pokemon	Tadbulb
B2a 042	B2a 042	b3afea2d0f57	Pokemon	Bellibolt ex
B2a 043	B2a 043	4f6befe8eeae	Pokemon	Wattrel
B2a 044	B2a 044	3535dd2d5d53	Pokemon	Kilowattrel
B2a 045	B2a 045	fe44e77ea685	Pokemon	Miraidon
B2a 046	B2a 046	703333189111	Pokemon	Fidough
B2a 047	B2a 047	dea8451cbb90	Pokemon	Dachsbun
B2a 048	B2a 048	03cbad2da333	Pokemon	Ceruledge
B2a 049	B2a 049	a00f57980bbc	Pokemon	Rabsca
B2a 050	B2a 050	9a5c244ac84f	Pokemon	Flittle
B2a 051	B2a 051	9cd4318e37ed	Pokemon	Espathra
B2a 052	B2a 052	f62d89a39b5e	Pokemon	Greavard
B2a 053	B2a 053	6d6fd44cbb58	Pokemon	Houndstone
B2a 054	B2a 054	285bc5e267df	Pokemon	Gimmighoul
B2a 055	B2a 055	b03bb83200af	Pokemon	Mankey
B2a 056	B2a 056	396bb357c18c	Pokemon	Primeape
B2a 057	B2a 057	3563adc443e1	Pokemon	Annihilape
B2a 058	B2a 058	f983063a89bd	Pokemon	Paldean Tauros
B2a 059	B2a 059	a652d2549d1c	Pokemon	Toedscool
B2a 060	B2a 060	7a967bf3caf6	Pokemon	Toedscruel
B2a 061	B2a 061	b9a7a18ea362	Pokemon	Klawf
B2a 062	B2a 062	51551bc7cd3b	Pokemon	Ting-Lu
B2a 063	B2a 063	91a8437555eb	Pokemon	Koraidon
B2a 064	B2a 064	50c7c1b28597	Pokemon	Paldean Wooper
B2a 065	B2a 065	6471f674dd28	Pokemon	Paldean Clodsire
B2a 066	B2a 066	e38c476fe4bb	Pokemon	Lokix
B2a 067	B2a 067	af1cb296f38a	Pokemon	Maschiff
B2a 068	B2a 068	1c8f13176e4c	Pokemon	Mabosstiff
B2a 069	B2a 069	60161c0e9780	Pokemon	Shroodle
B2a 070	B2a 070	7fdcbf76e7ad	Pokemon	Grafaiai
B2a 071	B2a 071	d80d90343bbc	Pokemon	Bombirdier
B2a 072	B2a 072	df28fa715ca0	Pokemon	Tinkatink
B2a 073	B2a 073	60788660b301	Pokemon	Tinkatuff
B2a 074	B2a 074	d9a3728942e4	Pokemon	Tinkaton
B2a 075	B2a 075	727ef0d4d7e5	Pokemon	Varoom
B2a 076	B2a 076	f3482dcf621a	Pokemon	Revavroom
B2a 077	B2a 077	4cfdfc83b22f	Pokemon	Orthworm
B2a 078	B2a 078	1ca85c9e4ec3	Pokemon	Gholdengo ex
B2a 079	B2a 079	21545885c8cf	Pokemon	Lechonk
B2a 080	B2a 080	a158b3609c64	Pokemon	Oinkologne
B2a 081	B2a 081	63637486d2b0	Pokemon	Tandemaus
B2a 082	B2a 082	2df227543330	Pokemon	Maushold
B2a 083	B2a 083	af76eb9f35ae	Pokemon	Squawkabilly
B2a 084	B2a 084	b389bbbb25c2	Pokemon	Cyclizar
B2a 085	B2a 085	3f3e7df110fb	Pokemon	Flamigo
B2a 086	B2a 086	c9acdefdfcb8	Trainer	Electric Generator
B2a 087	B2a 087	26d455be8d6d	Trainer	Big Air Balloon
B2a 088	B2a 088	2c5ef407f016	Trainer	Team Star Grunt
B2a 089	A2b 069	2a96c26eb15e	Trainer	Iono
B2a 090	B2a 090	c40dda0fc472	Trainer	Nemona
B2a 091	B2a 091	63267ae98627	Trainer	Arven
B2a 092	A3b 069	d7328ba0bfab	Trainer	Penny
B2a 093	B2a 093	e97b0353a45b	Trainer	Mesagoza
B2a 094	B2a 016	3130bcdbec21	Pokemon	Fuecoco
B2a 095	B2a 052	f62d89a39b5e	Pokemon	Greavard
B2a 096	B2a 054	285bc5e267df	Pokemon	Gimmighoul
B2a 097	B2a 064	50c7c1b28597	Pokemon	Paldean Wooper
B2a 098	B2a 077	4cfdfc83b22f	Pokemon	Orthworm
B2a 099	B2a 082	2df227543330	Pokemon	Maushold
B2a 100	B2a 003	ef6588fd8ae3	Pokemon	Meowscarada ex
B2a 101	B2a 020	e51a94eac504	Pokemon	Armarouge ex
B2a 102	B2a 037	3f0be072946a	Pokemon	Chien-Pao ex
B2a 103	B2a 042	b3afea2d0f57	Pokemon	Bellibolt ex
B2a 104	B2a 078	1ca85c9e4ec3	Pokemon	Gholdengo ex
B2a 105	B2a 088	2c5ef407f016	Trainer	Team Star Grunt
B2a 106	A2b 069	2a96c26eb15e	Trainer	Iono
B2a 107	B2a 090	c40dda0fc472	Trainer	Nemona
B2a 108	B2a 091	63267ae98627	Trainer	Arven
B2a 109	A3b 069	d7328ba0bfab	Trainer	Penny
B2a 110	B2a 003	ef6588fd8ae3	Pokemon	Meowscarada ex
B2a 111	B2a 020	e51a94eac504	Pokemon	Armarouge ex
B2a 112	B2a 037	3f0be072946a	Pokemon	Chien-Pao ex
B2a 113	B2a 042	b3afea2d0f57	Pokemon	Bellibolt ex
B2a 114	B2a 078	1ca85c9e4ec3	Pokemon	Gholdengo ex
B2a 115	B2a 091	63267ae98627	Trainer	Arven
B2a 116	B2a 001	d89ccc58ee00	Pokemon	Sprigatito
B2a 117	B2a 002	cadf5422c89b	Pokemon	Floragato
B2a 118	A2b 007	655e3c31ec3c	Pokemon	Meowscarada
B2a 119	B2a 038	c6ec5272d369	Pokemon	Pawmi
B2a 120	B2a 039	ac49e7492d06	Pokemon	Pawmo
B2a 121	B2a 040	e99aa4447528	Pokemon	Pawmot
B2a 122	B2a 054	285bc5e267df	Pokemon	Gimmighoul
B2a 123	B2a 072	df28fa715ca0	Pokemon	Tinkatink
B2a 124	B2a 073	60788660b301	Pokemon	Tinkatuff
B2a 125	A2b 057	b8c3b658c5a5	Pokemon	Gholdengo
B2a 126	A4a 010	7fb6fb4a98ab	Pokemon	Entei ex
B2a 127	A4a 020	1fd48c6f2cea	Pokemon	Suicune ex
B2a 128	A4a 025	15835f070402	Pokemon	Raikou ex
B2a 129	A2b 054	056e74596775	Pokemon	Tinkaton ex
B2a 130	B2a 036	7f71d264e40d	Pokemon	Baxcalibur
B2a 131	B2a 086	c9acdefdfcb8	Trainer	Electric Generator
B2b 001	B2b 001	ad7dac2e0bfa	Pokemon	Scyther
B2b 002	B2b 002	ff5c07c7dab8	Pokemon	Pineco
B2b 003	B2b 003	41ea68d23caf	Pokemon	Volbeat
B2b 004	B2b 004	410afa7f2d43	Pokemon	Illumise
B2b 005	B2b 005	e37524207058	Pokemon	Phantump
B2b 006	B2b 006	b81fdc238fe4	Pokemon	Trevenant
B2b 007	B2b 007	a47d82161d40	Pokemon	Charmander
B2b 008	B2b 008	d574140c0e9e	Pokemon	Charmeleon
B2b 009	B2b 009	52f14f5cb67e	Pokemon	Mega Charizard X ex
B2b 010	B2b 010	51e5ec0a4008	Pokemon	Ponyta
B2b 011	B2b 011	576753c01ece	Pokemon	Rapidash
B2b 012	B2b 012	f5b0cd53b6b3	Pokemon	Magmar
B2b 013	B2b 013	12bc8e4c1648	Pokemon	Magmortar
B2b 014	B2b 014	b430a1902a28	Pokemon	Paldean Tauros
B2b 015	B2b 015	30eceece06b3	Pokemon	Slowpoke
B2b 016	B2b 016	7a3765d54fc6	Pokemon	Mega Slowbro ex
B2b 017	B2b 017	82c00c510a91	Pokemon	Lapras
B2b 018	B2b 018	2dabdc8d1b36	Pokemon	Piplup
B2b 019	B2b 019	f3adaef8592e	Pokemon	Prinplup
B2b 020	B2b 020	ce37ea691de0	Pokemon	Empoleon
B2b 021	B2b 021	24d27b69fa2b	Pokemon	Phione
B2b 022	B2b 022	473bb87eb8c0	Pokemon	Pikachu
B2b 023	B2b 023	ec495fee9684	Pokemon	Raichu
B2b 024	B2b 024	debd29cb2331	Pokemon	Electabuzz
B2b 025	B2b 025	26bc799da5e2	Pokemon	Electivire
B2b 026	B2b 026	1150f8fe5e39	Pokemon	Electrike
B2b 027	B2b 027	ffea4ce725ed	Pokemon	Mega Manectric ex
B2b 028	B2b 028	abd28262e47b	Pokemon	Drowzee
B2b 029	B2b 029	4390c51e75c8	Pokemon	Hypno
B2b 030	B2b 030	efde8df1cf6b	Pokemon	Mew
B2b 031	B2b 031	29806e75c84f	Pokemon	Spoink
B2b 032	B2b 032	37e9153ad3d7	Pokemon	Grumpig
B2b 033	B2b 033	dc49fe6a4501	Pokemon	Diglett
B2b 034	B2b 034	3e9fbdad67d0	Pokemon	Dugtrio
B2b 035	B2b 035	c2f14d91ddfa	Pokemon	Groudon
B2b 036	B2b 036	50d6f75c8443	Pokemon	Hawlucha
B2b 037	B2b 037	6a03cf3904ab	Pokemon	Gastly
B2b 038	B2b 038	a7cecfd3a320	Pokemon	Haunter
B2b 039	B2b 039	12c096caa9da	Pokemon	Mega Gengar ex
B2b 040	B2b 040	e81a0d19d236	Pokemon	Darkrai
B2b 041	B2b 041	bdfbff8cf37a	Pokemon	Trubbish
B2b 042	B2b 042	73bbbd683c72	Pokemon	Garbodor
B2b 043	B2b 043	04c0789d84c0	Pokemon	Zorua
B2b 044	B2b 044	d314623b8f3e	Pokemon	Zoroark
B2b 045	B2b 045	13d879c63cb7	Pokemon	Morpeko
B2b 046	B2b 046	a62ecfeb9fc3	Pokemon	Forretress
B2b 047	B2b 047	fcc8c89020ae	Pokemon	Mega Scizor ex
B2b 048	B2b 048	857f2fa60a2e	Pokemon	Kartana
B2b 049	B2b 049	812a25cdeffe	Pokemon	Varoom
B2b 050	B2b 050	32e30a8533ac	Pokemon	Revavroom
B2b 051	B2b 051	256f05cf92f9	Pokemon	Dratini
B2b 052	B2b 052	6fd2a008ef84	Pokemon	Dragonair
B2b 053	B2b 053	1fe89a4686dc	Pokemon	Dragonite
B2b 054	B2b 054	89563343b575	Pokemon	Axew
B2b 055	B2b 055	285f69bc3c47	Pokemon	Fraxure
B2b 056	B2b 056	b3769dc058ec	Pokemon	Haxorus
B2b 057	B2b 057	7efa7e2992f8	Pokemon	Druddigon
B2b 058	B2b 058	7b3ae52d304f	Pokemon	Jigglypuff
B2b 059	B2b 059	8b4501dc30f9	Pokemon	Wigglytuff
B2b 060	B2b 060	88cb71c52db6	Pokemon	Miltank
B2b 061	B2b 061	e305d70ef2a2	Pokemon	Chatot
B2b 062	B2b 062	5d55583a6063	Pokemon	Minccino
B2b 063	B2b 063	0e80543295a8	Pokemon	Cinccino
B2b 064	B2b 064	4a687c9bff80	Pokemon	Furfrou
B2b 065	B2b 065	7aeb9350e845	Trainer	Nasty Notice
B2b 066	B2b 066	e63148a8da42	Trainer	Maintenance
B2b 067	B2b 067	c47e7bd67ca2	Trainer	Iris
B2b 068	B2b 068	814694d68dd9	Trainer	Calem
B2b 069	B2b 069	a2d79d4fdf89	Trainer	Hiking Trail
B2b 070	B2b 017	82c00c510a91	Pokemon	Lapras
B2b 071	B2b 020	ce37ea691de0	Pokemon	Empoleon
B2b 072	B2b 035	c2f14d91ddfa	Pokemon	Groudon
B2b 073	B2b 045	13d879c63cb7	Pokemon	Morpeko
B2b 074	B2b 050	32e30a8533ac	Pokemon	Revavroom
B2b 075	B2b 060	88cb71c52db6	Pokemon	Miltank
B2b 076	B2b 009	52f14f5cb67e	Pokemon	Mega Charizard X ex
B2b 077	B2b 016	7a3765d54fc6	Pokemon	Mega Slowbro ex
B2b 078	B2b 027	ffea4ce725ed	Pokemon	Mega Manectric ex
B2b 079	B2b 039	12c096caa9da	Pokemon	Mega Gengar ex
B2b 080	B2b 047	fcc8c89020ae	Pokemon	Mega Scizor ex
B2b 081	B2b 067	c47e7bd67ca2	Trainer	Iris
B2b 082	B2b 068	814694d68dd9	Trainer	Calem
B2b 083	B2b 016	7a3765d54fc6	Pokemon	Mega Slowbro ex
B2b 084	B2b 027	ffea4ce725ed	Pokemon	Mega Manectric ex
B2b 085	B2b 030	efde8df1cf6b	Pokemon	Mew
B2b 086	B2b 030	efde8df1cf6b	Pokemon	Mew
B2b 087	B2b 001	ad7dac2e0bfa	Pokemon	Scyther
B2b 088	B2b 002	ff5c07c7dab8	Pokemon	Pineco
B2b 089	B2b 005	e37524207058	Pokemon	Phantump
B2b 090	B2b 006	b81fdc238fe4	Pokemon	Trevenant
B2b 091	B2b 007	a47d82161d40	Pokemon	Charmander
B2b 092	B2b 008	d574140c0e9e	Pokemon	Charmeleon
B2b 093	B2b 010	51e5ec0a4008	Pokemon	Ponyta
B2b 094	B2b 011	576753c01ece	Pokemon	Rapidash
B2b 095	B2b 015	30eceece06b3	Pokemon	Slowpoke
B2b 096	B2b 022	473bb87eb8c0	Pokemon	Pikachu
B2b 097	B2b 023	ec495fee9684	Pokemon	Raichu
B2b 098	B2b 026	1150f8fe5e39	Pokemon	Electrike
B2b 099	B2b 036	50d6f75c8443	Pokemon	Hawlucha
B2b 100	B2b 037	6a03cf3904ab	Pokemon	Gastly
B2b 101	B2b 038	a7cecfd3a320	Pokemon	Haunter
B2b 102	B2b 043	04c0789d84c0	Pokemon	Zorua
B2b 103	B2b 044	d314623b8f3e	Pokemon	Zoroark
B2b 104	B2b 046	a62ecfeb9fc3	Pokemon	Forretress
B2b 105	B2b 051	256f05cf92f9	Pokemon	Dratini
B2b 106	B2b 052	6fd2a008ef84	Pokemon	Dragonair
B2b 107	B2b 053	1fe89a4686dc	Pokemon	Dragonite
B2b 108	B2b 054	89563343b575	Pokemon	Axew
B2b 109	B2b 055	285f69bc3c47	Pokemon	Fraxure
B2b 110	B2b 056	b3769dc058ec	Pokemon	Haxorus
B2b 111	B2b 009	52f14f5cb67e	Pokemon	Mega Charizard X ex
B2b 112	B2b 016	7a3765d54fc6	Pokemon	Mega Slowbro ex
B2b 113	B2b 027	ffea4ce725ed	Pokemon	Mega Manectric ex
B2b 114	B2b 039	12c096caa9da	Pokemon	Mega Gengar ex
B2b 115	B2b 047	fcc8c89020ae	Pokemon	Mega Scizor ex
B2b 116	B2a 009	5f602c6a7ffc	Pokemon	Arboliva
B2b 117	B2 148	7a91147d1f38	Trainer	Metal Core Barrier
B3 001	B3 001	38415ac95d8d	Pokemon	Tangela
B3 002	B3 002	f65fd4e8eeb6	Pokemon	Tangrowth
B3 003	B3 003	23d71e553400	Pokemon	Heracross
B3 004	B3 004	7a37a59dcc88	Pokemon	Celebi
B3 005	B3 005	122dc5d3636d	Pokemon	Treecko
B3 006	B3 006	f3c0604c28ad	Pokemon	Grovyle
B3 007	B3 007	c7df3dd97eeb	Pokemon	Sceptile
B3 008	B3 008	9dc03ea4465c	Pokemon	Mega Sceptile ex
B3 009	B3 009	eef7d87e2e03	Pokemon	Surskit
B3 010	B3 010	260045f7c14a	Pokemon	Masquerain
B3 011	B3 011	d5ae5c29f1c1	Pokemon	Shroomish
B3 012	B3 012	e2b2469d57d9	Pokemon	Breloom
B3 013	B3 013	cc1ca59b5535	Pokemon	Budew
B3 014	B3 014	fe646bb91f1b	Pokemon	Carnivine
B3 015	B3 015	f34b691f8a4d	Pokemon	Sewaddle
B3 016	B3 016	f90bb3e1c401	Pokemon	Swadloon
B3 017	B3 017	5c6bc6342173	Pokemon	Leavanny
B3 018	B3 018	d255ee7253da	Pokemon	Durant
B3 019	B3 019	50c0387bae7b	Pokemon	Applin
B3 020	B3 020	8aa685be766a	Pokemon	Flapple
B3 021	B3 021	9c6b78fea7f8	Pokemon	Numel
B3 022	B3 022	c064ca047b64	Pokemon	Camerupt
B3 023	B3 023	c9ab1ac3268e	Pokemon	Mega Camerupt ex
B3 024	B3 024	8747538a2fdb	Pokemon	Castform Sunny Form
B3 025	B3 025	889b6e746b21	Pokemon	Victini
B3 026	B3 026	3e9d7be330d6	Pokemon	Tepig
B3 027	B3 027	ece326f18335	Pokemon	Pignite
B3 028	B3 028	926c8b6fa895	Pokemon	Emboar
B3 029	B3 029	8b3f120379d5	Pokemon	Darumaka
B3 030	B3 030	e143f9c7a190	Pokemon	Darmanitan
B3 031	B3 031	b06689221b34	Pokemon	Larvesta
B3 032	B3 032	ade9584a18dc	Pokemon	Volcarona
B3 033	B3 033	5afaa3fb13c8	Pokemon	Poliwag
B3 034	B3 034	d33a54b524cd	Pokemon	Poliwhirl
B3 035	B3 035	f0b84f1ffa50	Pokemon	Politoed
B3 036	B3 036	f018bb2db20e	Pokemon	Paldean Tauros
B3 037	B3 037	d9e25f53a101	Pokemon	Vaporeon ex
B3 038	B3 038	04fe56b07b03	Pokemon	Wooper
B3 039	B3 039	f53e3316c59a	Pokemon	Quagsire
B3 040	B3 040	94ae438055eb	Pokemon	Castform Rainy Form
B3 041	B3 041	d1eec6a7cc60	Pokemon	Castform Snowy Form
B3 042	B3 042	9dda2ec8f75a	Pokemon	Clamperl
B3 043	B3 043	e69298fa7c59	Pokemon	Huntail
B3 044	B3 044	381111108e5c	Pokemon	Gorebyss
B3 045	B3 045	841e16de0d6b	Pokemon	Regice
B3 046	B3 046	8850ac4944d7	Pokemon	Cubchoo
B3 047	B3 047	6153f61d5bd9	Pokemon	Beartic
B3 048	B3 048	e88f321db22f	Pokemon	Sobble
B3 049	B3 049	e582f8c29554	Pokemon	Drizzile
B3 050	B3 050	b52a9dd9fdc9	Pokemon	Inteleon
B3 051	B3 051	4b42f7e49549	Pokemon	Rapid Strike Urshifu
B3 052	B3 052	7ace5e0b9bff	Pokemon	Magnemite
B3 053	B3 053	59b16b29339c	Pokemon	Magneton
B3 054	B3 054	a2f04011160e	Pokemon	Magnezone ex
B3 055	B3 055	f5043ce2b809	Pokemon	Voltorb
B3 056	B3 056	e4497d3e82ea	Pokemon	Electrode
B3 057	B3 057	235040a5904d	Pokemon	Chinchou
B3 058	B3 058	8acd03726521	Pokemon	Lanturn
B3 059	B3 059	0bcdcf48b3d7	Pokemon	Zekrom
B3 060	B3 060	0940dd8e11d7	Pokemon	Toxel
B3 061	B3 061	0df4c2e7cc96	Pokemon	Toxtricity
B3 062	B3 062	7b5bf72a4172	Pokemon	Morpeko
B3 063	B3 063	2fa0776936d8	Pokemon	Ralts
B3 064	B3 064	6eb0bff3d643	Pokemon	Kirlia
B3 065	B3 065	a762fa31bada	Pokemon	Espurr
B3 066	B3 066	e5b2cef1f459	Pokemon	Meowstic
B3 067	B3 067	ec56ac843b51	Pokemon	Diancie
B3 068	B3 068	752026bc60f5	Pokemon	Oricorio
B3 069	B3 069	132400d539dd	Pokemon	Hatenna
B3 070	B3 070	ee4d6ca64b27	Pokemon	Hattrem
B3 071	B3 071	7c2472ffa280	Pokemon	Hatterene
B3 072	B3 072	10dee8501526	Pokemon	Bramblin
B3 073	B3 073	149a36df853f	Pokemon	Brambleghast
B3 074	B3 074	1f7ee1a80bb0	Pokemon	Gligar
B3 075	B3 075	038dc4c7e788	Pokemon	Gliscor
B3 076	B3 076	a67d23b83e2c	Pokemon	Trapinch
B3 077	B3 077	940936b2faac	Pokemon	Regirock
B3 078	B3 078	2cd6a49f818c	Pokemon	Bonsly
B3 079	B3 079	91f2705088bc	Pokemon	Riolu
B3 080	B3 080	ccfc7b1ce5b7	Pokemon	Lucario
B3 081	B3 081	5b30bf1e675d	Pokemon	Mega Lucario ex
B3 082	B3 082	5a52fcb163fe	Pokemon	Croagunk
B3 083	B3 083	928e6973ae84	Pokemon	Toxicroak
B3 084	B3 084	d8d4cec724bf	Pokemon	Gallade
B3 085	B3 085	fab59f751fc1	Pokemon	Throh
B3 086	B3 086	153839348573	Pokemon	Sawk
B3 087	B3 087	7e142c34cef7	Pokemon	Dwebble
B3 088	B3 088	294ec0c72e4e	Pokemon	Crustle ex
B3 089	B3 089	d7157a5eda0c	Pokemon	Meloetta
B3 090	B3 090	fe26a47fa142	Pokemon	Stufful
B3 091	B3 091	0f72f40076ff	Pokemon	Bewear
B3 092	B3 092	a130723d4d79	Pokemon	Rolycoly
B3 093	B3 093	e6f68c9898ab	Pokemon	Carkol
B3 094	B3 094	454286ad0569	Pokemon	Coalossal
B3 095	B3 095	7637f771e3fe	Pokemon	Silicobra
B3 096	B3 096	cc11feb977e7	Pokemon	Sandaconda
B3 097	B3 097	65e9b22b4ee8	Pokemon	Kubfu
B3 098	B3 098	34dcfad11a43	Pokemon	Zubat
B3 099	B3 099	0dfbfa453340	Pokemon	Golbat
B3 100	B3 100	7b9a9cece9e9	Pokemon	Crobat
B3 101	B3 101	d54518573c6f	Pokemon	Koffing
B3 102	B3 102	e8dfcf8b25e3	Pokemon	Weezing
B3 103	B3 103	4f93d996bca2	Pokemon	Qwilfish
B3 104	B3 104	9578ad5de05a	Pokemon	Seviper
B3 105	B3 105	421b5a8bef1e	Pokemon	Zorua
B3 106	B3 106	d2157cec03e6	Pokemon	Zoroark ex
B3 107	B3 107	d31222312ac8	Pokemon	Foongus
B3 108	B3 108	6e68ca090c40	Pokemon	Amoonguss
B3 109	B3 109	072037035c7b	Pokemon	Vullaby
B3 110	B3 110	7384cc28167b	Pokemon	Mandibuzz
B3 111	B3 111	4c6cfe621e73	Pokemon	Inkay
B3 112	B3 112	2c1210e574fc	Pokemon	Malamar
B3 113	B3 113	609199413181	Pokemon	Single Strike Urshifu
B3 114	B3 114	20149e6b7aab	Pokemon	Zarude
B3 115	B3 115	b023e306207e	Pokemon	Bombirdier
B3 116	B3 116	817eae89b2a6	Pokemon	Registeel
B3 117	B3 117	994f53b01f33	Pokemon	Bronzor
B3 118	B3 118	71aa39925e8b	Pokemon	Bronzong
B3 119	B3 119	68d732f60f6b	Pokemon	Pawniard
B3 120	B3 120	e78fafee718c	Pokemon	Bisharp
B3 121	B3 121	eb3463fad0d5	Pokemon	Magearna
B3 122	B3 122	6f9c973d649d	Pokemon	Meltan
B3 123	B3 123	bf4bf4c16f33	Pokemon	Melmetal
B3 124	B3 124	99b5042720ee	Pokemon	Corviknight ex
B3 125	B3 125	b0b8bf2fb475	Pokemon	Vibrava
B3 126	B3 126	5c9bb9c941e8	Pokemon	Flygon ex
B3 127	B3 127	94971a9745e0	Pokemon	Chansey
B3 128	B3 128	5daf92a1c151	Pokemon	Blissey
B3 129	B3 129	5907e924bbd4	Pokemon	Eevee
B3 130	B3 130	5a6dc6f0806d	Pokemon	Dunsparce
B3 131	B3 131	4ff3e94d7756	Pokemon	Teddiursa
B3 132	B3 132	d12225462ac2	Pokemon	Ursaring
B3 133	B3 133	8059ed015c0e	Pokemon	Castform
B3 134	B3 134	03327d687c45	Pokemon	Regigigas
B3 135	B3 135	fce1a1490095	Pokemon	Patrat
B3 136	B3 136	369e4531ef44	Pokemon	Watchog
B3 137	B3 137	44c021024be5	Pokemon	Lillipup
B3 138	B3 138	c5d84a584af5	Pokemon	Herdier
B3 139	B3 139	736922e97e61	Pokemon	Stoutland
B3 140	B3 140	21de978f9f19	Pokemon	Audino
B3 141	B3 141	ad58a759ad4c	Pokemon	Mega Audino ex
B3 142	B3 142	65b21e3ce3f8	Pokemon	Minccino
B3 143	B3 143	3b14bec20e68	Pokemon	Cinccino
B3 144	B3 144	912644283b23	Pokemon	Furfrou
B3 145	B3 145	11b35068afff	Pokemon	Rookidee
B3 146	B3 146	149e3ac44d3d	Pokemon	Corvisquire
B3 147	B3 147	5bfe11d9eb94	Trainer	Field Blower
B3 148	B3 148	e7d1375fedec	Trainer	Lucky Egg
B3 149	B3 149	22512ce05bc9	Trainer	Korrina
B3 150	B3 150	aacdcf988df9	Trainer	Cabbie
B3 151	B3 151	cf640e33fcfe	Trainer	Cheren
B3 152	B3 152	4fb76957f1d8	Trainer	Parasol Lady
B3 153	B3 153	32d2313752ce	Trainer	Fragrant Forest
B3 154	B3 154	d638bcb1abfc	Trainer	Arena of Antiquity
B3 155	B3 155	7aa7c8f2ebb7	Trainer	Bounded Field
B3 156	B3 005	122dc5d3636d	Pokemon	Treecko
B3 157	B3 006	f3c0604c28ad	Pokemon	Grovyle
B3 158	B3 011	d5ae5c29f1c1	Pokemon	Shroomish
B3 159	B3 013	cc1ca59b5535	Pokemon	Budew
B3 160	B3 020	8aa685be766a	Pokemon	Flapple
B3 161	B3 026	3e9d7be330d6	Pokemon	Tepig
B3 162	B3 039	f53e3316c59a	Pokemon	Quagsire
B3 163	B3 059	0bcdcf48b3d7	Pokemon	Zekrom
B3 164	B3 062	7b5bf72a4172	Pokemon	Morpeko
B3 165	B3 066	e5b2cef1f459	Pokemon	Meowstic
B3 166	B3 068	752026bc60f5	Pokemon	Oricorio
B3 167	B3 073	149a36df853f	Pokemon	Brambleghast
B3 168	B3 078	2cd6a49f818c	Pokemon	Bonsly
B3 169	B3 079	91f2705088bc	Pokemon	Riolu
B3 170	B3 089	d7157a5eda0c	Pokemon	Meloetta
B3 171	B3 093	e6f68c9898ab	Pokemon	Carkol
B3 172	B3 097	65e9b22b4ee8	Pokemon	Kubfu
B3 173	B3 104	9578ad5de05a	Pokemon	Seviper
B3 174	B3 105	421b5a8bef1e	Pokemon	Zorua
B3 175	B3 112	2c1210e574fc	Pokemon	Malamar
B3 176	B3 120	e78fafee718c	Pokemon	Bisharp
B3 177	B3 122	6f9c973d649d	Pokemon	Meltan
B3 178	B3 133	8059ed015c0e	Pokemon	Castform
B3 179	B3 143	3b14bec20e68	Pokemon	Cinccino
B3 180	B3 008	9dc03ea4465c	Pokemon	Mega Sceptile ex
B3 181	B3 023	c9ab1ac3268e	Pokemon	Mega Camerupt ex
B3 182	B3 037	d9e25f53a101	Pokemon	Vaporeon ex
B3 183	B3 054	a2f04011160e	Pokemon	Magnezone ex
B3 184	B3 081	5b30bf1e675d	Pokemon	Mega Lucario ex
B3 185	B3 088	294ec0c72e4e	Pokemon	Crustle ex
B3 186	B3 106	d2157cec03e6	Pokemon	Zoroark ex
B3 187	B3 124	99b5042720ee	Pokemon	Corviknight ex
B3 188	B3 126	5c9bb9c941e8	Pokemon	Flygon ex
B3 189	B3 141	ad58a759ad4c	Pokemon	Mega Audino ex
B3 190	B3 149	22512ce05bc9	Trainer	Korrina
B3 191	B3 150	aacdcf988df9	Trainer	Cabbie
B3 192	B3 151	cf640e33fcfe	Trainer	Cheren
B3 193	B3 152	4fb76957f1d8	Trainer	Parasol Lady
B3 194	B3 008	9dc03ea4465c	Pokemon	Mega Sceptile ex
B3 195	B3 023	c9ab1ac3268e	Pokemon	Mega Camerupt ex
B3 196	B3 037	d9e25f53a101	Pokemon	Vaporeon ex
B3 197	B3 054	a2f04011160e	Pokemon	Magnezone ex
B3 198	B3 088	294ec0c72e4e	Pokemon	Crustle ex
B3 199	B3 106	d2157cec03e6	Pokemon	Zoroark ex
B3 200	B3 124	99b5042720ee	Pokemon	Corviknight ex
B3 201	B3 126	5c9bb9c941e8	Pokemon	Flygon ex
B3 202	B3 141	ad58a759ad4c	Pokemon	Mega Audino ex
B3 203	B3 048	e88f321db22f	Pokemon	Sobble
B3 204	B3 081	5b30bf1e675d	Pokemon	Mega Lucario ex
B3 205	B1 015	7ce822ad1630	Pokemon	Cottonee
B3 206	B1 033	ba758ab95155	Pokemon	Torchic
B3 207	B1 034	91a729fca669	Pokemon	Combusken
B3 208	B1 035	e080645a38f3	Pokemon	Blaziken
B3 209	B1 068	f3cb0479fff6	Pokemon	Frillish
B3 210	B1 069	44c6999731da	Pokemon	Jellicent
B3 211	B1a 038	d1dc30a4b40e	Pokemon	Onix
B3 212	B3 098	34dcfad11a43	Pokemon	Zubat
B3 213	B3 099	0dfbfa453340	Pokemon	Golbat
B3 214	B3 100	7b9a9cece9e9	Pokemon	Crobat
B3 215	B1a 045	2286be90a2b3	Pokemon	Grimer
B3 216	B1a 046	b1de69a1a69c	Pokemon	Muk
B3 217	B1 150	effd654b7273	Pokemon	Absol
B3 218	B1 159	d4532c5b1583	Pokemon	Skrelp
B3 219	B1a 051	82cc3ace1456	Pokemon	Steelix
B3 220	B3 127	94971a9745e0	Pokemon	Chansey
B3 221	B3 128	5daf92a1c151	Pokemon	Blissey
B3 222	B1a 056	541227346df4	Pokemon	Porygon
B3 223	B1a 057	69b6ba296bdf	Pokemon	Porygon2
B3 224	B1a 058	194dbca004c6	Pokemon	Porygon-Z
B3 225	B1 016	c0843f2a1f71	Pokemon	Whimsicott ex
B3 226	B1 036	00e1960361ef	Pokemon	Mega Blaziken ex
B3 227	B1 073	56d26ff909d0	Pokemon	Greninja ex
B3 228	B1 081	9785823ef50e	Pokemon	Jolteon ex
B3 229	B1 124	87b76e60aad5	Pokemon	Hitmonchan ex
B3 230	B1 151	bb9def3fb6e2	Pokemon	Mega Absol ex
B3 231	B1 160	249df223a9c7	Pokemon	Dragalge ex
B3 232	B1a 052	338b84813f5c	Pokemon	Mega Steelix ex
B3 233	B3 004	7a37a59dcc88	Pokemon	Celebi
B3 234	B3 115	b023e306207e	Pokemon	Bombirdier
B3a 001	B3a 001	6aa39221b489	Pokemon	Surskit
B3a 002	B3a 002	d84447a88cd8	Pokemon	Masquerain
B3a 003	B3a 003	76f8eddc363c	Pokemon	Brute Bonnet
B3a 004	B3a 004	ee6872776c2a	Pokemon	Slither Wing
B3a 005	B3a 005	fd408a813aff	Pokemon	Iron Moth
B3a 006	B3a 006	3abbebe0716e	Pokemon	Psyduck
B3a 007	B3a 007	c48b179650ed	Pokemon	Golduck
B3a 008	B3a 008	39c106662f4a	Pokemon	Vaporeon
B3a 009	B3a 009	abe0e438bb0a	Pokemon	Buizel
B3a 010	B3a 010	939c91cc21bd	Pokemon	Floatzel
B3a 011	B3a 011	f26dd35834f3	Pokemon	Snom
B3a 012	B3a 012	066c831d3712	Pokemon	Frosmoth
B3a 013	B3a 013	f78e4a8fbe21	Pokemon	Iron Bundle ex
B3a 014	B3a 014	125fa9e350ab	Pokemon	Pawmi
B3a 015	B3a 015	99ec4f89b1a3	Pokemon	Pawmo
B3a 016	B3a 016	6fd88f8cef4a	Pokemon	Pawmot
B3a 017	B3a 017	98315ad22605	Pokemon	Iron Hands
B3a 018	B3a 018	5f490f146b99	Pokemon	Iron Thorns
B3a 019	B3a 019	dd15a0bb7e9e	Pokemon	Miraidon ex
B3a 020	B3a 020	9e8c37e6f560	Pokemon	Espeon
B3a 021	B3a 021	200cd81bd227	Pokemon	Flittle
B3a 022	B3a 022	ea9a0855cbff	Pokemon	Espathra
B3a 023	B3a 023	8c3abe7c5631	Pokemon	Greavard
B3a 024	B3a 024	2872866ca3fb	Pokemon	Houndstone
B3a 025	B3a 025	b371ab2344e8	Pokemon	Scream Tail
B3a 026	B3a 026	54b3c0a6dd98	Pokemon	Flutter Mane ex
B3a 027	B3a 027	e7030a3a8008	Pokemon	Iron Valiant
B3a 028	B3a 028	78ef4092457a	Pokemon	Iron Leaves
B3a 029	B3a 029	ca208f686a46	Pokemon	Iron Boulder
B3a 030	B3a 030	89b5dd16a859	Pokemon	Iron Crown
B3a 031	B3a 031	4e80524a9509	Pokemon	Nacli
B3a 032	B3a 032	f35f496d4f1e	Pokemon	Naclstack
B3a 033	B3a 033	73a219ca7f5b	Pokemon	Garganacl
B3a 034	B3a 034	a8b2d704aa8e	Pokemon	Great Tusk
B3a 035	B3a 035	b25919304744	Pokemon	Sandy Shocks
B3a 036	B3a 036	b218608fa70e	Pokemon	Koraidon ex
B3a 037	B3a 037	e635c16b3657	Pokemon	Umbreon
B3a 038	B3a 038	72d8387c2a62	Pokemon	Sneasel
B3a 039	B3a 039	b75ed1215e8b	Pokemon	Weavile
B3a 040	B3a 040	2df5834560f2	Pokemon	Sableye
B3a 041	B3a 041	353e41d88e9f	Pokemon	Pawniard
B3a 042	B3a 042	fbd7a2bc3580	Pokemon	Bisharp
B3a 043	B3a 043	856dae2408c2	Pokemon	Kingambit
B3a 044	B3a 044	0be5488aa17d	Pokemon	Glimmet
B3a 045	B3a 045	14a99bef5245	Pokemon	Glimmora
B3a 046	B3a 046	99ff3881a991	Pokemon	Iron Jugulis
B3a 047	B3a 047	fd605a62882a	Pokemon	Roaring Moon
B3a 048	B3a 048	135b711aad7c	Pokemon	Corviknight
B3a 049	B3a 049	70402b18d826	Pokemon	Cufant
B3a 050	B3a 050	938db33c7f36	Pokemon	Copperajah
B3a 051	B3a 051	90278ebfdf2d	Pokemon	Iron Treads
B3a 052	B3a 052	a2956479a6bf	Pokemon	Altaria
B3a 053	B3a 053	8377dbcb62a3	Pokemon	Walking Wake
B3a 054	B3a 054	7db086b20235	Pokemon	Gouging Fire
B3a 055	B3a 055	cc1b2ff496f4	Pokemon	Raging Bolt
B3a 056	B3a 056	ced1ae4c38e0	Pokemon	Eevee
B3a 057	B3a 057	55c401b6fe88	Pokemon	Girafarig
B3a 058	B3a 058	627eed9f1f37	Pokemon	Farigiraf
B3a 059	B3a 059	56e7284ca42e	Pokemon	Dunsparce
B3a 060	B3a 060	143b30b1bee5	Pokemon	Dudunsparce
B3a 061	B3a 061	f89db57c3fec	Pokemon	Swablu
B3a 062	B3a 062	3c5e9d3055c5	Pokemon	Rufflet
B3a 063	B3a 063	fc080a1ca577	Pokemon	Braviary
B3a 064	B3a 064	ad011d9fcae6	Pokemon	Hawlucha
B3a 065	B3a 065	cfedd8925b8c	Pokemon	Rookidee
B3a 066	B3a 066	08591d0d0de1	Pokemon	Corvisquire
B3a 067	B3a 067	2ee4307416c2	Pokemon	Flamigo
B3a 068	B3a 068	fccfbb3b1427	Pokemon	Terapagos ex
B3a 069	B3a 069	ed0893904e1d	Trainer	Ancient Booster Energy Capsule
B3a 070	B3a 070	e8293839f411	Trainer	Future Booster Energy Capsule
B3a 071	B3a 071	ead653acd54b	Trainer	Juliana
B3a 072	B3a 072	384d90cc80f7	Trainer	Professor Sada
B3a 073	B3a 073	7d14a04bea73	Trainer	Professor Turo
B3a 074	B3a 074	62229ce76629	Trainer	Area Zero
B3a 075	B3a 011	f26dd35834f3	Pokemon	Snom
B3a 076	B3a 021	200cd81bd227	Pokemon	Flittle
B3a 077	B3a 029	ca208f686a46	Pokemon	Iron Boulder
B3a 078	B3a 045	14a99bef5245	Pokemon	Glimmora
B3a 079	B3a 055	cc1b2ff496f4	Pokemon	Raging Bolt
B3a 080	B3a 064	ad011d9fcae6	Pokemon	Hawlucha
B3a 081	B3a 013	f78e4a8fbe21	Pokemon	Iron Bundle ex
B3a 082	B3a 019	dd15a0bb7e9e	Pokemon	Miraidon ex
B3a 083	B3a 026	54b3c0a6dd98	Pokemon	Flutter Mane ex
B3a 084	B3a 036	b218608fa70e	Pokemon	Koraidon ex
B3a 085	B3a 068	fccfbb3b1427	Pokemon	Terapagos ex
B3a 086	B3a 071	ead653acd54b	Trainer	Juliana
B3a 087	B3a 072	384d90cc80f7	Trainer	Professor Sada
B3a 088	B3a 073	7d14a04bea73	Trainer	Professor Turo
B3a 089	B3a 013	f78e4a8fbe21	Pokemon	Iron Bundle ex
B3a 090	B3a 019	dd15a0bb7e9e	Pokemon	Miraidon ex
B3a 091	B3a 026	54b3c0a6dd98	Pokemon	Flutter Mane ex
B3a 092	B3a 036	b218608fa70e	Pokemon	Koraidon ex
B3a 093	B3a 068	fccfbb3b1427	Pokemon	Terapagos ex
B3a 094	B2a 014	23d74e64991d	Pokemon	Rellor
B3a 095	B2a 019	66583375d8c1	Pokemon	Charcadet
B3a 096	B2 056	d98c4e6c5278	Pokemon	Tadbulb
B3a 097	B2a 049	a00f57980bbc	Pokemon	Rabsca
B3a 098	B2b 033	dc49fe6a4501	Pokemon	Diglett
B3a 099	B2b 034	3e9fbdad67d0	Pokemon	Dugtrio
B3a 100	B2a 061	b9a7a18ea362	Pokemon	Klawf
B3a 101	B2a 077	4cfdfc83b22f	Pokemon	Orthworm
B3a 102	B1 196	5840c8705c9c	Pokemon	Swablu
B3a 103	B1 197	1b106cda42db	Pokemon	Altaria
B3a 104	B2a 003	ef6588fd8ae3	Pokemon	Meowscarada ex
B3a 105	B2a 020	e51a94eac504	Pokemon	Armarouge ex
B3a 106	B2a 042	b3afea2d0f57	Pokemon	Bellibolt ex
B3a 107	B1 102	ec5b76b498f7	Pokemon	Mega Altaria ex
B3a 108	B3a 027	e7030a3a8008	Pokemon	Iron Valiant
B3a 109	B3a 047	fd605a62882a	Pokemon	Roaring Moon
B3b 001	B3b 001	d78653281449	Pokemon	Caterpie
B3b 002	B3b 002	c8ff712128ed	Pokemon	Metapod
B3b 003	B3b 003	c5ef01a8ac41	Pokemon	Butterfree
B3b 004	B3b 004	d36332742580	Pokemon	Cacnea
B3b 005	B3b 005	0a46a0f809f1	Pokemon	Tropius
B3b 006	B3b 006	2c129efc9a8f	Pokemon	Petilil
B3b 007	B3b 007	e1369d3d6113	Pokemon	Hisuian Lilligant
B3b 008	B3b 008	e2cc5257b841	Pokemon	Vulpix
B3b 009	B3b 009	fe58a9706336	Pokemon	Ninetales
B3b 010	B3b 010	0aac86b7c5b8	Pokemon	Growlithe
B3b 011	B3b 011	c134361ca553	Pokemon	Psyduck
B3b 012	B3b 012	5a19deabe446	Pokemon	Goldeen
B3b 013	B3b 013	60a8c612bac6	Pokemon	Seaking
B3b 014	B3b 014	478db44129ca	Pokemon	Feebas
B3b 015	B3b 015	940ea47e8f99	Pokemon	Milotic ex
B3b 016	B3b 016	0bf44017291a	Pokemon	Snorunt
B3b 017	B3b 017	9f982d3161f9	Pokemon	Froslass
B3b 018	B3b 018	36f497f54617	Pokemon	Luvdisc
B3b 019	B3b 019	923330aaeae5	Pokemon	Piplup
B3b 020	B3b 020	cef0e25f1dbd	Pokemon	Iron Bundle
B3b 021	B3b 021	475db0a906fa	Pokemon	Pikachu
B3b 022	B3b 022	5cfbddd96080	Pokemon	Raichu
B3b 023	B3b 023	17043d81f605	Pokemon	Emolga
B3b 024	B3b 024	7388c9af5825	Pokemon	Dedenne ex
B3b 025	B3b 025	22a9fd860b23	Pokemon	Yamper
B3b 026	B3b 026	2737787d52dd	Pokemon	Slowpoke
B3b 027	B3b 027	72c59baf1130	Pokemon	Slowbro
B3b 028	B3b 028	07bfd98381b2	Pokemon	Munna
B3b 029	B3b 029	d25c682249a2	Pokemon	Musharna
B3b 030	B3b 030	c72134c18cd8	Pokemon	Sylveon
B3b 031	B3b 031	969a4df0fe14	Pokemon	Carbink
B3b 032	B3b 032	56893d4289e0	Pokemon	Mega Diancie ex
B3b 033	B3b 033	0da073fb6efb	Pokemon	Enamorus
B3b 034	B3b 034	ab5decee4691	Pokemon	Fidough
B3b 035	B3b 035	3d3a17ed8e6f	Pokemon	Flutter Mane
B3b 036	B3b 036	a055e7cf7012	Pokemon	Wooper
B3b 037	B3b 037	6803112699f4	Pokemon	Quagsire
B3b 038	B3b 038	3a822c74c1f2	Pokemon	Rockruff
B3b 039	B3b 039	407a2ca04a4b	Pokemon	Sandygast
B3b 040	B3b 040	1b7edc8e8a44	Pokemon	Palossand
B3b 041	B3b 041	65b7c946c7b8	Pokemon	Mega Sableye ex
B3b 042	B3b 042	4a3615b3a1eb	Pokemon	Cacturne
B3b 043	B3b 043	a0ab1b942eef	Pokemon	Spiritomb
B3b 044	B3b 044	e523ed0847bd	Pokemon	Scraggy
B3b 045	B3b 045	df4d67c7dd72	Pokemon	Scrafty
B3b 046	B3b 046	1a782fd77627	Pokemon	Mareanie
B3b 047	B3b 047	e2ec2b4090de	Pokemon	Toxapex
B3b 048	B3b 048	16eb9c3d03d5	Pokemon	Goomy
B3b 049	B3b 049	f1369d952c67	Pokemon	Hisuian Sliggoo
B3b 050	B3b 050	e78cd9a12932	Pokemon	Hisuian Goodra
B3b 051	B3b 051	57f0f2da4eba	Pokemon	Jigglypuff
B3b 052	B3b 052	33d4ff03cb8a	Pokemon	Wigglytuff
B3b 053	B3b 053	4ad44dfb5c7b	Pokemon	Eevee
B3b 054	B3b 054	43416aa0029a	Pokemon	Munchlax
B3b 055	B3b 055	27bb075b1fe5	Pokemon	Snorlax
B3b 056	B3b 056	e5139065397e	Pokemon	Teddiursa
B3b 057	B3b 057	4a4be78ed1d5	Pokemon	Ursaring
B3b 058	B3b 058	450bc5768c4c	Pokemon	Ursaluna
B3b 059	B3b 059	882c468b9ac8	Pokemon	Hisuian Zorua
B3b 060	B3b 060	adcc011006cc	Pokemon	Hisuian Zoroark ex
B3b 061	B3b 061	8f08bb6d7a6d	Pokemon	Furfrou
B3b 062	B3b 062	6bb967230263	Pokemon	Skwovet
B3b 063	B3b 063	ff26a7e7ae24	Pokemon	Greedent
B3b 064	B3b 064	a62231407097	Trainer	Small Balloon
B3b 065	B3b 065	9eee39cd2273	Trainer	Elegant Cape
B3b 066	B3b 066	d9551498147d	Trainer	Elesa
B3b 067	B3b 067	09035769ba90	Trainer	Puppy-Loving Girl
B3b 068	B3b 068	9c78b5a62950	Trainer	Wallace
B3b 069	B3b 069	dca664d63ec7	Trainer	Kid's Room
B3b 070	B3b 008	e2cc5257b841	Pokemon	Vulpix
B3b 071	B3b 019	923330aaeae5	Pokemon	Piplup
B3b 072	B3b 021	475db0a906fa	Pokemon	Pikachu
B3b 073	B3b 030	c72134c18cd8	Pokemon	Sylveon
B3b 074	B3b 046	1a782fd77627	Pokemon	Mareanie
B3b 075	B3b 051	57f0f2da4eba	Pokemon	Jigglypuff
B3b 076	B3b 055	27bb075b1fe5	Pokemon	Snorlax
B3b 077	B3b 063	ff26a7e7ae24	Pokemon	Greedent
B3b 078	B3b 015	940ea47e8f99	Pokemon	Milotic ex
B3b 079	B3b 024	7388c9af5825	Pokemon	Dedenne ex
B3b 080	B3b 032	56893d4289e0	Pokemon	Mega Diancie ex
B3b 081	B3b 041	65b7c946c7b8	Pokemon	Mega Sableye ex
B3b 082	B3b 060	adcc011006cc	Pokemon	Hisuian Zoroark ex
B3b 083	B3b 066	d9551498147d	Trainer	Elesa
B3b 084	B3b 067	09035769ba90	Trainer	Puppy-Loving Girl
B3b 085	B3b 068	9c78b5a62950	Trainer	Wallace
B3b 086	B3b 015	940ea47e8f99	Pokemon	Milotic ex
B3b 087	B3b 032	56893d4289e0	Pokemon	Mega Diancie ex
B3b 088	B3b 041	65b7c946c7b8	Pokemon	Mega Sableye ex
B3b 089	B3b 060	adcc011006cc	Pokemon	Hisuian Zoroark ex
B3b 090	B3b 024	7388c9af5825	Pokemon	Dedenne ex
B3b 091	B3b 001	d78653281449	Pokemon	Caterpie
B3b 092	B3b 002	c8ff712128ed	Pokemon	Metapod
B3b 093	B3b 003	c5ef01a8ac41	Pokemon	Butterfree
B3b 094	B1 082	4e3d73dfb92a	Pokemon	Mareep
B3b 095	B1 083	80d3ebf57326	Pokemon	Flaaffy
B3b 096	B1 084	da70fec45248	Pokemon	Ampharos
B3b 097	B3b 027	72c59baf1130	Pokemon	Slowbro
B3b 098	B2 126	e8411acea398	Pokemon	Kangaskhan
B3b 099	B1a 055	d839e07eb346	Pokemon	Ditto
B3b 100	B3b 055	27bb075b1fe5	Pokemon	Snorlax
B3b 101	B1 052	ca28dfd80288	Pokemon	Mega Gyarados ex
B3b 102	B3 037	d9e25f53a101	Pokemon	Vaporeon ex
B3b 103	B1 085	7a8877867720	Pokemon	Mega Ampharos ex
B3b 104	B1 121	90dc26b925b7	Pokemon	Indeedee ex
B3b 105	B3b 054	43416aa0029a	Pokemon	Munchlax
B3b 106	B3b 064	a62231407097	Trainer	Small Balloon
B4 001	B4 001	9c1efa7ab0c9	Pokemon	Wurmple
B4 002	B4 002	7d9ff7903f3c	Pokemon	Silcoon
B4 003	B4 003	1c20c20433b6	Pokemon	Beautifly
B4 004	B4 004	a08ebd201d76	Pokemon	Cascoon
B4 005	B4 005	0b5c40cb80a4	Pokemon	Dustox
B4 006	B4 006	efc7ac1f4801	Pokemon	Lileep
B4 007	B4 007	e6fde88160a1	Pokemon	Cradily
B4 008	B4 008	3d72a027b97f	Pokemon	Kricketot
B4 009	B4 009	b637218a5b17	Pokemon	Kricketune
B4 010	B4 010	84732470326c	Pokemon	Combee
B4 011	B4 011	df6446cf2066	Pokemon	Vespiquen ex
B4 012	B4 012	c8af639d0643	Pokemon	Karrablast
B4 013	B4 013	6564d5e5b4f3	Pokemon	Shelmet
B4 014	B4 014	cdbdb9be8a11	Pokemon	Accelgor
B4 015	B4 015	da70b0dc198a	Pokemon	Dhelmise
B4 016	B4 016	0afd06f74706	Pokemon	Pheromosa
B4 017	B4 017	66aa0399e384	Pokemon	Poltchageist
B4 018	B4 018	a36ec86b0f04	Pokemon	Sinistcha
B4 019	B4 019	b789f2786961	Pokemon	Teal Mask Ogerpon
B4 020	B4 020	6684f917136f	Pokemon	Ponyta
B4 021	B4 021	9214ed9be1e0	Pokemon	Rapidash
B4 022	B4 022	23d074f8a4f5	Pokemon	Flareon
B4 023	B4 023	80f18cd0362d	Pokemon	Moltres
B4 024	B4 024	5b121d2b9e50	Pokemon	Cyndaquil
B4 025	B4 025	f3a553171de9	Pokemon	Quilava
B4 026	B4 026	035a3ec6a909	Pokemon	Typhlosion ex
B4 027	B4 027	d2ecbcc32971	Pokemon	Houndour
B4 028	B4 028	20ae3c2cdcb4	Pokemon	Houndoom
B4 029	B4 029	2b3afe935ed0	Pokemon	Heatmor
B4 030	B4 030	e8577ecc819d	Pokemon	Psyduck
B4 031	B4 031	86c83223f688	Pokemon	Golduck
B4 032	B4 032	ff468e4c09a4	Pokemon	Staryu
B4 033	B4 033	fb3c69748edb	Pokemon	Starmie
B4 034	B4 034	3a9b466b141e	Pokemon	Carvanha
B4 035	B4 035	de3c67ae0e58	Pokemon	Mega Sharpedo ex
B4 036	B4 036	63afbb170f1c	Pokemon	Wailmer
B4 037	B4 037	bd4ad188e5d5	Pokemon	Wailord ex
B4 038	B4 038	34dfa607cae7	Pokemon	Spheal
B4 039	B4 039	5d50000fae1b	Pokemon	Sealeo
B4 040	B4 040	0122039bea93	Pokemon	Walrein
B4 041	B4 041	5e0ffba69585	Pokemon	Kyogre
B4 042	B4 042	6f9bafb7f3d5	Pokemon	Oshawott
B4 043	B4 043	a0763a5aeda1	Pokemon	Dewott
B4 044	B4 044	9356b5d89ee9	Pokemon	Samurott
B4 045	B4 045	6668b8836e9d	Pokemon	Alomomola
B4 046	B4 046	de431010da1b	Pokemon	Dewpider
B4 047	B4 047	4f80b98af2e0	Pokemon	Araquanid
B4 048	B4 048	8ee66bbdae2f	Pokemon	Bruxish
B4 049	B4 049	3ddc60370ba3	Pokemon	Pikachu
B4 050	B4 050	b43e02fbff5d	Pokemon	Raichu
B4 051	B4 051	5966bdef5a57	Pokemon	Shinx
B4 052	B4 052	d06a4bac0eaa	Pokemon	Luxio
B4 053	B4 053	0dd153f141ad	Pokemon	Luxray
B4 054	B4 054	7a7e2e767b57	Pokemon	Pachirisu
B4 055	B4 055	6fb50c97e39a	Pokemon	Rotom ex
B4 056	B4 056	4f25ae4b2aa0	Pokemon	Tynamo
B4 057	B4 057	2bcfad6aeac4	Pokemon	Eelektrik
B4 058	B4 058	aa9409210ad7	Pokemon	Eelektross
B4 059	B4 059	9b7f3a50996d	Pokemon	Thundurus
B4 060	B4 060	a0ea28e9d2cd	Pokemon	Helioptile
B4 061	B4 061	1652b1a1f313	Pokemon	Heliolisk
B4 062	B4 062	aa91b7da2a91	Pokemon	Wattrel
B4 063	B4 063	992e9e7747fc	Pokemon	Kilowattrel
B4 064	B4 064	c6b4baebae35	Pokemon	Clefairy
B4 065	B4 065	c0950a8485ea	Pokemon	Clefable
B4 066	B4 066	baa9c68c1e28	Pokemon	Drowzee
B4 067	B4 067	ca2bff135568	Pokemon	Hypno
B4 068	B4 068	fa93ea412565	Pokemon	Mime Jr.
B4 069	B4 069	75bc3a5c674d	Pokemon	Mr. Mime
B4 070	B4 070	44bd1950b349	Pokemon	Mewtwo
B4 071	B4 071	8098c66ddd9a	Pokemon	Ralts
B4 072	B4 072	28eb5edbefc4	Pokemon	Kirlia
B4 073	B4 073	b858615676b1	Pokemon	Chimecho
B4 074	B4 074	16c7e4d4a7bf	Pokemon	Wynaut
B4 075	B4 075	d56689dfbad9	Pokemon	Woobat
B4 076	B4 076	e7565684934e	Pokemon	Swoobat
B4 077	B4 077	9920d95ae6ce	Pokemon	Hoopa
B4 078	B4 078	4cca0c130e61	Pokemon	Oricorio
B4 079	B4 079	ceaf7f28b43f	Pokemon	Makuhita
B4 080	B4 080	1516666ad20e	Pokemon	Hariyama
B4 081	B4 081	e517a6b7d774	Pokemon	Anorith
B4 082	B4 082	184e43945a5d	Pokemon	Armaldo
B4 083	B4 083	ea93e274d461	Pokemon	Groudon
B4 084	B4 084	6a921bd4806a	Pokemon	Mega Gallade ex
B4 085	B4 085	d19a3eaea350	Pokemon	Drilbur
B4 086	B4 086	c5df999fc49a	Pokemon	Excadrill
B4 087	B4 087	eed3e200373a	Pokemon	Timburr
B4 088	B4 088	42f0ddbd1f1d	Pokemon	Gurdurr
B4 089	B4 089	8a6b7cc51886	Pokemon	Conkeldurr
B4 090	B4 090	75afe2cc25b9	Pokemon	Minior
B4 091	B4 091	22e782c33cf7	Pokemon	Grimer
B4 092	B4 092	6494607e1345	Pokemon	Muk
B4 093	B4 093	602febbfa349	Pokemon	Poochyena
B4 094	B4 094	fd146a6bcda2	Pokemon	Mightyena
B4 095	B4 095	2a3c3541cc0a	Pokemon	Galarian Zigzagoon
B4 096	B4 096	66953ca542d7	Pokemon	Galarian Linoone
B4 097	B4 097	bd796dc19bdb	Pokemon	Galarian Obstagoon
B4 098	B4 098	a6343ceabe86	Pokemon	Gulpin
B4 099	B4 099	9ea0ddf697e9	Pokemon	Swalot
B4 100	B4 100	93c4c4008d66	Pokemon	Absol
B4 101	B4 101	7238ed982591	Pokemon	Vullaby
B4 102	B4 102	742979ff889c	Pokemon	Mandibuzz
B4 103	B4 103	83574595fff9	Pokemon	Hoopa ex
B4 104	B4 104	b37076873657	Pokemon	Skarmory
B4 105	B4 105	1ee118137dbb	Pokemon	Mawile
B4 106	B4 106	570f2e336f2a	Pokemon	Beldum
B4 107	B4 107	154c5af9d186	Pokemon	Metang
B4 108	B4 108	76641fc1d77f	Pokemon	Metagross
B4 109	B4 109	07f7e9cb0839	Pokemon	Mega Metagross ex
B4 110	B4 110	9126d8815485	Pokemon	Escavalier
B4 111	B4 111	d52b825b620d	Pokemon	Genesect
B4 112	B4 112	7c3577b5468b	Pokemon	Duraludon
B4 113	B4 113	195c18c77b75	Pokemon	Archaludon
B4 114	B4 114	97f8e2a58351	Pokemon	Varoom
B4 115	B4 115	55185272e4b7	Pokemon	Revavroom
B4 116	B4 116	0c1b902c0b5c	Pokemon	Dratini
B4 117	B4 117	6c12b680a399	Pokemon	Dragonair
B4 118	B4 118	85caf9dbbbf3	Pokemon	Dragonite
B4 119	B4 119	6ac667a20cdd	Pokemon	Rayquaza
B4 120	B4 120	774d81a0ab9b	Pokemon	Mega Rayquaza ex
B4 121	B4 121	7273ed6477ac	Pokemon	Noibat
B4 122	B4 122	15b07dad71bb	Pokemon	Noivern
B4 123	B4 123	e2892c45607f	Pokemon	Turtonator
B4 124	B4 124	c89d56d46237	Pokemon	Drampa
B4 125	B4 125	0bd297b91a95	Pokemon	Applin
B4 126	B4 126	53f232ca69cd	Pokemon	Dipplin
B4 127	B4 127	6302f60d7d7a	Pokemon	Hydrapple
B4 128	B4 128	18d35b13cf12	Pokemon	Cyclizar
B4 129	B4 129	dcc5fa8f74c6	Pokemon	Rattata
B4 130	B4 130	92d55e8fd770	Pokemon	Raticate
B4 131	B4 131	b045f464a81b	Pokemon	Eevee
B4 132	B4 132	d624d2f145ec	Pokemon	Aipom
B4 133	B4 133	9bbfadebce36	Pokemon	Ambipom
B4 134	B4 134	8691e9d84a9f	Pokemon	Skitty
B4 135	B4 135	10bc82a3d523	Pokemon	Delcatty
B4 136	B4 136	652e4eb80d16	Pokemon	Kecleon
B4 137	B4 137	dae4ad8cf513	Pokemon	Pidove
B4 138	B4 138	f13226fcc50e	Pokemon	Tranquill
B4 139	B4 139	0a45a6047b47	Pokemon	Unfezant
B4 140	B4 140	c34e8dcb9cef	Pokemon	Ducklett
B4 141	B4 141	c1bd339b0455	Pokemon	Swanna ex
B4 142	B4 142	62ed0c8fe050	Pokemon	Furfrou
B4 143	B4 143	d841e100a15e	Pokemon	Type: Null
B4 144	B4 144	f42e343ae0ab	Pokemon	Silvally
B4 145	B4 145	21c254918e7a	Trainer	Order Pad
B4 146	B4 146	d36a84d1812d	Trainer	Claw Fossil
B4 147	B4 147	32aa79e3d5aa	Trainer	Root Fossil
B4 148	B4 148	b791a928a490	Trainer	Deceptive Needle
B4 149	B4 149	5e56180151f1	Trainer	Clear Veil
B4 150	B4 150	70b715d34341	Trainer	Psychic
B4 151	B4 151	7576a96aa15c	Trainer	Drayden
B4 152	B4 152	3f6a1976fde3	Trainer	Skyla
B4 153	B4 153	abd4b4c27504	Trainer	Wally
B4 154	B4 154	bec1c61a5933	Trainer	Soothing Shore
B4 155	B4 155	8013eecb0b49	Trainer	Rainbow Cave
B4 156	B4 001	9c1efa7ab0c9	Pokemon	Wurmple
B4 157	B4 006	efc7ac1f4801	Pokemon	Lileep
B4 158	B4 009	b637218a5b17	Pokemon	Kricketune
B4 159	B4 014	cdbdb9be8a11	Pokemon	Accelgor
B4 160	B4 020	6684f917136f	Pokemon	Ponyta
B4 161	B4 025	f3a553171de9	Pokemon	Quilava
B4 162	B4 041	5e0ffba69585	Pokemon	Kyogre
B4 163	B4 044	9356b5d89ee9	Pokemon	Samurott
B4 164	B4 050	b43e02fbff5d	Pokemon	Raichu
B4 165	B4 062	aa91b7da2a91	Pokemon	Wattrel
B4 166	B4 064	c6b4baebae35	Pokemon	Clefairy
B4 167	B4 071	8098c66ddd9a	Pokemon	Ralts
B4 168	B4 074	16c7e4d4a7bf	Pokemon	Wynaut
B4 169	B4 078	4cca0c130e61	Pokemon	Oricorio
B4 170	B4 081	e517a6b7d774	Pokemon	Anorith
B4 171	B4 093	602febbfa349	Pokemon	Poochyena
B4 172	B4 098	a6343ceabe86	Pokemon	Gulpin
B4 173	B4 101	7238ed982591	Pokemon	Vullaby
B4 174	B4 111	d52b825b620d	Pokemon	Genesect
B4 175	B4 117	6c12b680a399	Pokemon	Dragonair
B4 176	B4 122	15b07dad71bb	Pokemon	Noivern
B4 177	B4 128	18d35b13cf12	Pokemon	Cyclizar
B4 178	B4 130	92d55e8fd770	Pokemon	Raticate
B4 179	B4 132	d624d2f145ec	Pokemon	Aipom
B4 180	B4 011	df6446cf2066	Pokemon	Vespiquen ex
B4 181	B4 026	035a3ec6a909	Pokemon	Typhlosion ex
B4 182	B4 035	de3c67ae0e58	Pokemon	Mega Sharpedo ex
B4 183	B4 037	bd4ad188e5d5	Pokemon	Wailord ex
B4 184	B4 055	6fb50c97e39a	Pokemon	Rotom ex
B4 185	B4 084	6a921bd4806a	Pokemon	Mega Gallade ex
B4 186	B4 103	83574595fff9	Pokemon	Hoopa ex
B4 187	B4 109	07f7e9cb0839	Pokemon	Mega Metagross ex
B4 188	B4 120	774d81a0ab9b	Pokemon	Mega Rayquaza ex
B4 189	B4 141	c1bd339b0455	Pokemon	Swanna ex
B4 190	B4 150	70b715d34341	Trainer	Psychic
B4 191	B4 151	7576a96aa15c	Trainer	Drayden
B4 192	B4 152	3f6a1976fde3	Trainer	Skyla
B4 193	B4 153	abd4b4c27504	Trainer	Wally
B4 194	B4 011	df6446cf2066	Pokemon	Vespiquen ex
B4 195	B4 026	035a3ec6a909	Pokemon	Typhlosion ex
B4 196	B4 035	de3c67ae0e58	Pokemon	Mega Sharpedo ex
B4 197	B4 037	bd4ad188e5d5	Pokemon	Wailord ex
B4 198	B4 084	6a921bd4806a	Pokemon	Mega Gallade ex
B4 199	B4 103	83574595fff9	Pokemon	Hoopa ex
B4 200	B4 109	07f7e9cb0839	Pokemon	Mega Metagross ex
B4 201	B4 141	c1bd339b0455	Pokemon	Swanna ex
B4 202	B4 055	6fb50c97e39a	Pokemon	Rotom ex
B4 203	B4 120	774d81a0ab9b	Pokemon	Mega Rayquaza ex
B4 204	B2 028	b2d09519917f	Pokemon	Alolan Vulpix
B4 205	B2 033	b8f3386e20a9	Pokemon	Mudkip
B4 206	B2 034	24308c2d1519	Pokemon	Marshtomp
B4 207	B2 035	e072d0212029	Pokemon	Swampert
B4 208	B2b 024	debd29cb2331	Pokemon	Electabuzz
B4 209	B2 052	c645b85d31ea	Pokemon	Plusle
B4 210	B2 053	ce19698652a6	Pokemon	Minun
B4 211	B4 069	75bc3a5c674d	Pokemon	Mr. Mime
B4 212	B4 070	44bd1950b349	Pokemon	Mewtwo
B4 213	B2 085	0a0b1cae1011	Pokemon	Roggenrola
B4 214	B2 086	c6a56a70f0e3	Pokemon	Boldore
B4 215	B2 092	1ddaaf313c08	Pokemon	Falinks
B4 216	B3 101	d54518573c6f	Pokemon	Koffing
B4 217	B3 102	e8dfcf8b25e3	Pokemon	Weezing
B4 218	B2 110	88312be64802	Pokemon	Galarian Meowth
B4 219	B2 111	d748e0220a64	Pokemon	Galarian Perrserker
B4 220	B4 129	dcc5fa8f74c6	Pokemon	Rattata
B4 221	B4 130	92d55e8fd770	Pokemon	Raticate
B4 222	B2 130	53e76cf3e03f	Pokemon	Smeargle
B4 223	B1a 062	c3bcdc755baf	Pokemon	Buneary
B4 224	B2 023	8d0d747158c6	Pokemon	Blacephalon ex
B4 225	B2 029	17831e3b1395	Pokemon	Alolan Ninetales ex
B4 226	B2 036	57c522851336	Pokemon	Mega Swampert ex
B4 227	B2 066	5d69374f59f7	Pokemon	Mega Gardevoir ex
B4 228	B1a 042	e908f65b057b	Pokemon	Mega Lopunny ex
B4 229	B2 087	9a861332d1bf	Pokemon	Gigalith ex
B4 230	B3 106	d2157cec03e6	Pokemon	Zoroark ex
B4 231	B2 127	2164f6c13351	Pokemon	Mega Kangaskhan ex
B4 232	B4 050	b43e02fbff5d	Pokemon	Raichu
B4 233	B4 117	6c12b680a399	Pokemon	Dragonair
B4a 001	B4a 001	26641b0c8930	Pokemon	Volbeat
B4a 002	B4a 002	b3b0402408e7	Pokemon	Illumise
B4a 003	B4a 003	cc1f8cf06ec1	Pokemon	Snivy
B4a 004	B4a 004	c1c406f34747	Pokemon	Servine
B4a 005	B4a 005	d5264f664f8a	Pokemon	Serperior
B4a 006	B4a 006	49e4e60e5ce4	Pokemon	Team Rocket's Magmar
B4a 007	B4a 007	518b81a487ac	Pokemon	Team Rocket's Moltres ex
B4a 008	B4a 008	617c8bfe34cf	Pokemon	Team Rocket's Houndour
B4a 009	B4a 009	20543925fe47	Pokemon	Team Rocket's Houndoom
B4a 010	B4a 010	09c970c37daf	Pokemon	Fennekin
B4a 011	B4a 011	b015bef19675	Pokemon	Braixen
B4a 012	B4a 012	9c7e7239098e	Pokemon	Delphox
B4a 013	B4a 013	6b3279eff809	Pokemon	Team Rocket's Lapras
B4a 014	B4a 014	40b6b3909d5b	Pokemon	Team Rocket's Articuno ex
B4a 015	B4a 015	00fc0ed0c257	Pokemon	Wingull
B4a 016	B4a 016	9846b24ab2f9	Pokemon	Pelipper
B4a 017	B4a 017	05f1ece8df6d	Pokemon	Hisuian Basculin
B4a 018	B4a 018	4737db3c14b4	Pokemon	Hisuian Basculegion
B4a 019	B4a 019	898ba78715c9	Pokemon	Team Rocket's Voltorb
B4a 020	B4a 020	220c50ed75de	Pokemon	Team Rocket's Electrode
B4a 021	B4a 021	94ec1a8dc786	Pokemon	Team Rocket's Zapdos ex
B4a 022	B4a 022	6828674e6481	Pokemon	Blitzle
B4a 023	B4a 023	df4c20cfddc3	Pokemon	Zebstrika
B4a 024	B4a 024	f5e2cbae3439	Pokemon	Team Rocket's Pincurchin
B4a 025	B4a 025	1dee01e33fdf	Pokemon	Team Rocket's Slowpoke
B4a 026	B4a 026	4294efbf6837	Pokemon	Team Rocket's Slowking ex
B4a 027	B4a 027	1a4703ef77ef	Pokemon	Team Rocket's Drowzee
B4a 028	B4a 028	e296574d6560	Pokemon	Team Rocket's Hypno
B4a 029	B4a 029	b7a0c05dfec4	Pokemon	Team Rocket's Mr. Mime
B4a 030	B4a 030	f0900c0be1ce	Pokemon	Team Rocket's Mewtwo
B4a 031	B4a 031	be4491bb6fec	Pokemon	Espurr
B4a 032	B4a 032	58c9577b4169	Pokemon	Meowstic
B4a 033	B4a 033	0298c21e133d	Pokemon	Oranguru
B4a 034	B4a 034	bdf9348925f2	Pokemon	Gimmighoul
B4a 035	B4a 035	a351c9145e48	Pokemon	Cubone
B4a 036	B4a 036	38ee73084604	Pokemon	Marowak
B4a 037	B4a 037	123e07591072	Pokemon	Landorus
B4a 038	B4a 038	58f1ebdfb19f	Pokemon	Team Rocket's Ekans
B4a 039	B4a 039	7f15a3955d9e	Pokemon	Team Rocket's Arbok
B4a 040	B4a 040	08c774f0cb2d	Pokemon	Team Rocket's Grimer
B4a 041	B4a 041	d8facb90a850	Pokemon	Team Rocket's Muk
B4a 042	B4a 042	63fa49654d47	Pokemon	Team Rocket's Koffing
B4a 043	B4a 043	cd231b1433d6	Pokemon	Team Rocket's Weezing ex
B4a 044	B4a 044	a50e94608ba5	Pokemon	Team Rocket's Sneasel
B4a 045	B4a 045	941ada3ee8a9	Pokemon	Togedemaru
B4a 046	B4a 046	488c4f0290fd	Pokemon	Cufant
B4a 047	B4a 047	24f64222b50f	Pokemon	Copperajah
B4a 048	B4a 048	a25c192a3085	Pokemon	Team Rocket's Tinkatink
B4a 049	B4a 049	45db8451b5a1	Pokemon	Team Rocket's Tinkatuff
B4a 050	B4a 050	5c04e6dd2e6b	Pokemon	Team Rocket's Tinkaton
B4a 051	B4a 051	35d4142bca42	Pokemon	Gholdengo
B4a 052	B4a 052	f6519207cd21	Pokemon	Gible
B4a 053	B4a 053	da0bc3375b77	Pokemon	Gabite
B4a 054	B4a 054	fe299ed84e49	Pokemon	Garchomp
B4a 055	B4a 055	45a2cebcc638	Pokemon	Duraludon
B4a 056	B4a 056	be94a02f6a01	Pokemon	Archaludon
B4a 057	B4a 057	1858f787ed92	Pokemon	Regidrago
B4a 058	B4a 058	b7b5ddcde8e2	Pokemon	Team Rocket's Rattata
B4a 059	B4a 059	1dafea3bdb48	Pokemon	Team Rocket's Raticate ex
B4a 060	B4a 060	45fd12828f5c	Pokemon	Team Rocket's Meowth
B4a 061	B4a 061	011fd84dd518	Pokemon	Team Rocket's Persian
B4a 062	B4a 062	4ba484ccda3d	Pokemon	Team Rocket's Kecleon
B4a 063	B4a 063	bdaabf444405	Pokemon	Happiny
B4a 064	B4a 064	866a9d94663a	Pokemon	Furfrou
B4a 065	B4a 065	0117894d277b	Pokemon	Lechonk
B4a 066	B4a 066	5bc7ea7742fa	Pokemon	Oinkologne
B4a 067	B4a 067	4bf0e6e0f5cd	Trainer	Team Rocket's Thieving Machine
B4a 068	B4a 068	3f0be69d0fcf	Trainer	Team Rocket's Goo-zooka
B4a 069	B4a 069	8f89819e9d23	Trainer	Team Rocket's Researcher
B4a 070	B4a 070	9b4fd77f1f9e	Trainer	Team Rocket's Master Plan
B4a 071	B4a 071	e754ef7d6dd3	Trainer	Team Rocket's Boss
B4a 072	B4a 072	9f7b4f2100e0	Trainer	Arcade
B4a 073	B4a 012	9c7e7239098e	Pokemon	Delphox
B4a 074	B4a 028	e296574d6560	Pokemon	Team Rocket's Hypno
B4a 075	B4a 050	5c04e6dd2e6b	Pokemon	Team Rocket's Tinkaton
B4a 076	B4a 062	4ba484ccda3d	Pokemon	Team Rocket's Kecleon
B4a 077	B4a 063	bdaabf444405	Pokemon	Happiny
B4a 078	B4a 065	0117894d277b	Pokemon	Lechonk
B4a 079	B4a 007	518b81a487ac	Pokemon	Team Rocket's Moltres ex
B4a 080	B4a 014	40b6b3909d5b	Pokemon	Team Rocket's Articuno ex
B4a 081	B4a 021	94ec1a8dc786	Pokemon	Team Rocket's Zapdos ex
B4a 082	B4a 026	4294efbf6837	Pokemon	Team Rocket's Slowking ex
B4a 083	B4a 043	cd231b1433d6	Pokemon	Team Rocket's Weezing ex
B4a 084	B4a 059	1dafea3bdb48	Pokemon	Team Rocket's Raticate ex
B4a 085	B4a 069	8f89819e9d23	Trainer	Team Rocket's Researcher
B4a 086	B4a 070	9b4fd77f1f9e	Trainer	Team Rocket's Master Plan
B4a 087	B4a 071	e754ef7d6dd3	Trainer	Team Rocket's Boss
B4a 088	B4a 007	518b81a487ac	Pokemon	Team Rocket's Moltres ex
B4a 089	B4a 014	40b6b3909d5b	Pokemon	Team Rocket's Articuno ex
B4a 090	B4a 021	94ec1a8dc786	Pokemon	Team Rocket's Zapdos ex
B4a 091	B4a 026	4294efbf6837	Pokemon	Team Rocket's Slowking ex
B4a 092	B4a 043	cd231b1433d6	Pokemon	Team Rocket's Weezing ex
B4a 093	B4a 059	1dafea3bdb48	Pokemon	Team Rocket's Raticate ex
B4a 094	B4a 070	9b4fd77f1f9e	Trainer	Team Rocket's Master Plan
B4a 095	B3b 008	e2cc5257b841	Pokemon	Vulpix
B4a 096	B3b 009	fe58a9706336	Pokemon	Ninetales
B4a 097	B3b 012	5a19deabe446	Pokemon	Goldeen
B4a 098	B3b 013	60a8c612bac6	Pokemon	Seaking
B4a 099	B2 054	b13eb547bf37	Pokemon	Toxel
B4a 100	B2 074	0683ebb57cd8	Pokemon	Sinistea
B4a 101	B2 075	c1edf6302612	Pokemon	Polteageist
B4a 102	B2 112	e1743fba7b5f	Pokemon	Mawile
B4a 103	B2 132	ea73a63d24a9	Pokemon	Taillow
B4a 104	B2 133	8dbdae046d71	Pokemon	Swellow
B4a 105	B1a 014	f1e3a2813269	Pokemon	Mega Charizard Y ex
B4a 106	B2 055	01fd64d9cf38	Pokemon	Toxtricity ex
B4a 107	B2 073	8f5908efda6e	Pokemon	Mimikyu ex
B4a 108	B2 113	7d92dd4584bc	Pokemon	Mega Mawile ex
B4a 109	B4a 051	35d4142bca42	Pokemon	Gholdengo
B4a 110	B4a 068	3f0be69d0fcf	Trainer	Team Rocket's Goo-zooka
P-A 001	P-A 001	1a193279901a	Trainer	Potion
P-A 002	P-A 002	96ef2870df6f	Trainer	X Speed
P-A 003	P-A 003	1134e0083384	Trainer	Hand Scope
P-A 004	P-A 004	133f89b45476	Trainer	Pokédex
P-A 005	A2b 111	1b20901befde	Trainer	Poké Ball
P-A 006	P-A 006	43fe7e79c988	Trainer	Red Card
P-A 007	A4b 373	c0015440f616	Trainer	Professor's Research
P-A 008	P-A 004	133f89b45476	Trainer	Pokédex
P-A 009	A1 094	a82e2059dadc	Pokemon	Pikachu
P-A 010	A1 128	58629d6aff9c	Pokemon	Mewtwo
P-A 011	A1 202	0b0b25366b13	Pokemon	Chansey
P-A 012	A1 196	9ee4e1e64aab	Pokemon	Meowth
P-A 013	A1 007	14565e4219bd	Pokemon	Butterfree
P-A 014	P-A 014	31e3231f35df	Pokemon	Lapras ex
P-A 015	A1 094	a82e2059dadc	Pokemon	Pikachu
P-A 016	A1 113	f181415a2089	Pokemon	Clefairy
P-A 017	P-A 017	f520f23dc02f	Pokemon	Mankey
P-A 018	A1 003	a87b80d7b5f4	Pokemon	Venusaur
P-A 019	A1 089	fcbd362ce56f	Pokemon	Greninja
P-A 020	P-A 020	8befdbb280b7	Pokemon	Haunter
P-A 021	A1 150	dc62bdc7478f	Pokemon	Onix
P-A 022	P-A 022	3a838eada01f	Pokemon	Jigglypuff
P-A 023	A1 001	1594dfb55509	Pokemon	Bulbasaur
P-A 024	A1 097	3699e7304b90	Pokemon	Magnemite
P-A 025	A1 047	cce304763e7c	Pokemon	Moltres ex
P-A 026	A1 094	a82e2059dadc	Pokemon	Pikachu
P-A 027	P-A 027	b9b3d1a12aa6	Pokemon	Snivy
P-A 028	A1a 014	5d222e6c4016	Pokemon	Volcarona
P-A 029	A1 055	e5c4e09bf6fc	Pokemon	Blastoise
P-A 030	P-A 030	d9b6aa1b17d3	Pokemon	Eevee
P-A 031	A1 213	5bcef94dd303	Pokemon	Cinccino
P-A 032	A1 033	a85658726ac6	Pokemon	Charmander
P-A 033	A1 053	1efa7f427161	Pokemon	Squirtle
P-A 034	A2 035	4205a57589b6	Pokemon	Piplup
P-A 035	A2 010	be4cbbe48e50	Pokemon	Turtwig
P-A 036	A2 057	1360844ab05d	Pokemon	Electivire
P-A 037	P-A 037	91daee10b0ef	Pokemon	Cresselia ex
P-A 038	P-A 038	9a84948d394f	Pokemon	Misdreavus
P-A 039	A2 111	28fdc5b12601	Pokemon	Skarmory
P-A 040	A2 027	fca6d88f328d	Pokemon	Chimchar
P-A 041	A2 063	111d19375e2b	Pokemon	Togepi
P-A 042	A2 110	a877fbbca313	Pokemon	Darkrai ex
P-A 043	A2a 008	14c32dbeef42	Pokemon	Cherrim
P-A 044	A2a 026	ce7d46a55422	Pokemon	Raichu
P-A 045	P-A 045	c91523df17c3	Pokemon	Nosepass
P-A 046	A2a 045	e0eb9f32dea7	Pokemon	Gible
P-A 047	P-A 047	f1fc59179c86	Pokemon	Staraptor
P-A 048	A2 050	89605b565f43	Pokemon	Manaphy
P-A 049	A2a 063	3fe25521243c	Pokemon	Snorlax
P-A 050	A1 129	609c219d421f	Pokemon	Mewtwo ex
P-A 051	A2b 068	07ec98305b1d	Pokemon	Cyclizar
P-A 052	A2b 005	74812c60df37	Pokemon	Sprigatito
P-A 053	P-A 053	a2e9c380f3bb	Pokemon	Floatzel
P-A 054	A2b 028	3716fec3dfef	Pokemon	Pawmot
P-A 055	A2b 039	322a8a2fca36	Pokemon	Machamp
P-A 056	P-A 056	d2762b788491	Pokemon	Ekans
P-A 057	A2b 064	b41e6a498ff2	Pokemon	Bidoof
P-A 058	A2b 025	7a2826fa75e5	Pokemon	Pachirisu
P-A 059	A2b 042	fe599b900ba9	Pokemon	Riolu
P-A 060	A1a 001	783a136bd51f	Pokemon	Exeggcute
P-A 061	A1 087	1a472fbe829f	Pokemon	Froakie
P-A 062	A1 198	cbadf5e28371	Pokemon	Farfetch'd
P-A 063	P-A 063	57748de89569	Pokemon	Rayquaza
P-A 064	P-A 064	93d1fb3741f3	Pokemon	Rayquaza ex
P-A 065	P-A 064	93d1fb3741f3	Pokemon	Rayquaza ex
P-A 066	A3 083	ff13908a31d7	Pokemon	Mimikyu
P-A 067	A3 085	c3ad089a79ba	Pokemon	Cosmog
P-A 068	A3 100	2333c7c69ae1	Pokemon	Lycanroc
P-A 069	A3 002	c1efb8042e82	Pokemon	Alolan Exeggutor
P-A 070	A3 041	cf031dba7ce0	Pokemon	Alolan Ninetales
P-A 071	A3 097	e3b2836e2622	Pokemon	Crabrawler
P-A 072	P-A 072	ffa153f44d4f	Pokemon	Alolan Grimer
P-A 073	P-A 073	7d095b05fe90	Pokemon	Toucannon
P-A 074	A3a 021	cd3385dddb66	Pokemon	Zeraora
P-A 075	A3a 008	b06a7104be8a	Pokemon	Kartana
P-A 076	A3a 009	88e4c9e97e07	Pokemon	Blacephalon
P-A 077	A3a 020	042be45442e9	Pokemon	Xurkitree
P-A 078	P-A 078	a3b9804b8572	Pokemon	Dawn Wings Necrozma
P-A 079	P-A 079	d9f555b9b797	Pokemon	Dusk Mane Necrozma
P-A 080	A3a 053	57b63ed31f84	Pokemon	Stakataka
P-A 081	P-A 081	459f9489449b	Pokemon	Ultra Necrozma ex
P-A 082	A3a 044	63bf498c3623	Pokemon	Poipole
P-A 083	A3a 057	661a7e6a8c9d	Pokemon	Stufful
P-A 084	A3a 019	9d7a058a9566	Pokemon	Tapu Koko ex
P-A 085	A3b 018	2e759d8795a4	Pokemon	Vanillite
P-A 086	A3b 025	fcc84aa37717	Pokemon	Jolteon
P-A 087	A3b 037	66a13c1fb8f6	Pokemon	Alcremie
P-A 088	P-A 088	30739067c92c	Pokemon	Dragonair
P-A 089	P-A 089	00f6cdfeb1c3	Pokemon	Audino
P-A 090	A3b 048	e6332527b944	Pokemon	Togedemaru
P-A 091	A3b 065	9efbbe66d8a1	Pokemon	Greedent
P-A 092	A1 206	1b90a5b6fb7b	Pokemon	Eevee
P-A 093	A4 077	46bacbbd147b	Pokemon	Cleffa
P-A 094	P-A 094	280f670b389e	Pokemon	Horsea
P-A 095	P-A 095	d2e2ec9c3c2b	Pokemon	Chinchou
P-A 096	A4 118	ad85a9792208	Pokemon	Houndoom
P-A 097	A4 133	66085031f90f	Pokemon	Kangaskhan
P-A 098	P-A 098	37cde0b416f4	Pokemon	Blissey ex
P-A 099	A4 049	84a2d1c2c4db	Pokemon	Marill
P-A 100	A4 116	cc2e9d9ae138	Pokemon	Weavile
P-A 101	A4a 036	3b95d1932111	Pokemon	Latias
P-A 102	P-A 102	b422457d8be8	Pokemon	Tropius
P-A 103	P-A 103	dae5d6f2bbb9	Pokemon	Poliwag
P-A 104	A4a 022	7a666be45b6a	Pokemon	Milotic
P-A 105	A4a 049	0be035925b1d	Pokemon	Zorua
P-A 106	A4a 050	c7331633caa7	Pokemon	Zoroark
P-A 107	A4a 062	7d82d22f5a07	Pokemon	Miltank
P-A 108	A4a 043	dd70b13d14c4	Pokemon	Phanpy
P-A 109	A3b 056	36d27905e658	Pokemon	Eevee ex
P-A 110	A4a 010	7fb6fb4a98ab	Pokemon	Entei ex
P-A 111	P-A 111	a076100700a7	Pokemon	Pikachu
P-A 112	P-A 112	ed2121bb884a	Pokemon	Raichu ex
P-A 113	A3b 035	3cb96ba00dcb	Pokemon	Mimikyu
P-A 114	P-A 114	da4a85c88593	Pokemon	Machamp
P-A 115	A2 143	d45273947b26	Pokemon	Regigigas
P-A 116	A2 022	1c9e301c1ee8	Pokemon	Shaymin
P-A 117	A4 120	af6ffcb44a0c	Pokemon	Absol
P-B 001	A2a 025	ce6c8931c0e6	Pokemon	Pikachu
P-B 002	P-B 002	c541f5fc9776	Pokemon	Petilil
P-B 003	P-B 003	7938ac1bf37d	Pokemon	Froakie
P-B 004	B1 088	655a8aae4abc	Pokemon	Luxray
P-B 005	B1 180	48f822df8312	Pokemon	Pidgey
P-B 006	P-B 006	3308d8f73c3b	Pokemon	Mega Pidgeot ex
P-B 007	B1 033	ba758ab95155	Pokemon	Torchic
P-B 008	B1 048	7b3192208aa5	Pokemon	Psyduck
P-B 009	B1 151	bb9def3fb6e2	Pokemon	Mega Absol ex
P-B 010	B1 108	5594a61df922	Pokemon	Drifblim
P-B 011	B1 184	1564fc1dd7e3	Pokemon	Eevee
P-B 012	B1a 055	d839e07eb346	Pokemon	Ditto
P-B 013	B1 029	447fd61e5a43	Pokemon	Arcanine
P-B 014	P-B 014	101507c4a454	Pokemon	Magikarp
P-B 015	B1 082	4e3d73dfb92a	Pokemon	Mareep
P-B 016	B1 132	252b7a0cbfa9	Pokemon	Krookodile
P-B 017	P-B 017	d1aa7f05d3e8	Pokemon	Swablu
P-B 018	B1a 029	65c925931e4c	Pokemon	Heliolisk
P-B 019	B1a 062	c3bcdc755baf	Pokemon	Buneary
P-B 020	B1a 012	76b5790f30ce	Pokemon	Charmeleon
P-B 021	P-B 021	335508bbb268	Pokemon	Onix
P-B 022	P-B 022	1a04c37f5838	Pokemon	Hawlucha
P-B 023	B1a 054	ce4571ccd842	Pokemon	Genesect
P-B 024	P-B 024	35dbd159675b	Pokemon	Mega Latios ex
P-B 025	B1 106	8ce1ce6533b8	Pokemon	Jirachi
P-B 026	P-B 026	b1c307b2b5b4	Pokemon	Mudkip
P-B 027	B2 052	c645b85d31ea	Pokemon	Plusle
P-B 028	P-B 028	8b3d88d478a3	Pokemon	Ralts
P-B 029	P-B 029	7d3c14a6511d	Pokemon	Mega Medicham ex
P-B 030	B2 138	43e56af6e45e	Pokemon	Tornadus
P-B 031	B2 026	d158d4952f23	Pokemon	Cinderace
P-B 032	B2 028	b2d09519917f	Pokemon	Alolan Vulpix
P-B 033	B2a 022	01b9d0d655f4	Pokemon	Quaxly
P-B 034	P-B 034	e231b2f67c8c	Pokemon	Smoliv
P-B 035	B2a 019	66583375d8c1	Pokemon	Charcadet
P-B 036	B2a 033	8cd5726bf827	Pokemon	Tatsugiri
P-B 037	P-B 037	f65e3e26d54e	Pokemon	Frigibax
P-B 038	B2a 074	d9a3728942e4	Pokemon	Tinkaton
P-B 039	B2a 038	c6ec5272d369	Pokemon	Pawmi
P-B 040	B2a 065	6471f674dd28	Pokemon	Paldean Clodsire
P-B 041	B2a 037	3f0be072946a	Pokemon	Chien-Pao ex
P-B 042	B2b 015	30eceece06b3	Pokemon	Slowpoke
P-B 043	P-B 043	c505cd1e40a6	Pokemon	Electrike
P-B 044	P-B 044	5d40b39e311b	Pokemon	Varoom
P-B 045	B2b 056	b3769dc058ec	Pokemon	Haxorus
P-B 046	B2b 061	e305d70ef2a2	Pokemon	Chatot
P-B 047	B2b 037	6a03cf3904ab	Pokemon	Gastly
P-B 048	B2b 059	8b4501dc30f9	Pokemon	Wigglytuff
P-B 049	B3 025	889b6e746b21	Pokemon	Victini
P-B 050	B2 070	8954464c78ca	Pokemon	Meloetta
P-B 051	P-B 051	a58492d7cc66	Pokemon	Zygarde
P-B 052	P-B 052	bc6365bec4be	Pokemon	Zygarde
P-B 053	P-B 053	464093c6182a	Pokemon	Zygarde ex
P-B 054	B1 184	1564fc1dd7e3	Pokemon	Eevee
P-B 055	P-B 053	464093c6182a	Pokemon	Zygarde ex
P-B 056	P-B 056	4ef3b2207ebf	Pokemon	Mega Heracross ex
P-B 057	B3 024	8747538a2fdb	Pokemon	Castform Sunny Form
P-B 058	P-B 058	f1a1f26fbc78	Pokemon	Tepig
P-B 059	P-B 059	7df440a7933c	Pokemon	Dwebble
P-B 060	B3 114	20149e6b7aab	Pokemon	Zarude
P-B 061	B3 005	122dc5d3636d	Pokemon	Treecko
P-B 062	B3 084	d8d4cec724bf	Pokemon	Gallade
P-B 063	B2a 003	ef6588fd8ae3	Pokemon	Meowscarada ex
P-B 064	P-B 064	589af34d0010	Pokemon	Charcadet
P-B 065	B3a 008	39c106662f4a	Pokemon	Vaporeon
P-B 066	P-B 066	5b405ce5cc24	Pokemon	Ceruledge ex
P-B 067	P-B 067	258733de7444	Pokemon	Pawniard
P-B 068	B3a 060	143b30b1bee5	Pokemon	Dudunsparce
P-B 069	B2a 002	cadf5422c89b	Pokemon	Floragato
P-B 070	B3a 040	2df5834560f2	Pokemon	Sableye
P-B 071	B3b 011	c134361ca553	Pokemon	Psyduck
P-B 072	P-B 072	aec2310f001d	Pokemon	Feebas
P-B 073	B3b 017	9f982d3161f9	Pokemon	Froslass
P-B 074	B3b 022	5cfbddd96080	Pokemon	Raichu
P-B 075	P-B 075	bf6ccba478c6	Pokemon	Quagsire
P-B 076	B3b 059	882c468b9ac8	Pokemon	Hisuian Zorua
P-B 077	B3b 010	0aac86b7c5b8	Pokemon	Growlithe
P-B 078	B3b 023	17043d81f605	Pokemon	Emolga
P-B 079	B3 004	7a37a59dcc88	Pokemon	Celebi
P-B 080	P-B 080	1f62ceb017bb	Pokemon	Mega Houndoom ex
P-B 081	P-B 081	f30eea203001	Pokemon	Carvanha
P-B 082	B4 049	3ddc60370ba3	Pokemon	Pikachu
P-B 083	B4 122	15b07dad71bb	Pokemon	Noivern
P-B 084	P-B 084	5b62892c8c74	Pokemon	Skitty
P-B 085	B4 054	7a7e2e767b57	Pokemon	Pachirisu
P-B 086	B4 106	570f2e336f2a	Pokemon	Beldum
P-B 087	B3 008	9dc03ea4465c	Pokemon	Mega Sceptile ex
P-B 088	P-B 088	62163af09932	Pokemon	Team Rocket's Scyther
P-B 089	B4a 013	6b3279eff809	Pokemon	Team Rocket's Lapras
P-B 090	B4a 015	00fc0ed0c257	Pokemon	Wingull
P-B 091	P-B 091	eb878dea2c13	Pokemon	Team Rocket's Wobbuffet
P-B 092	B4a 036	38ee73084604	Pokemon	Marowak
P-B 093	B4a 010	09c970c37daf	Pokemon	Fennekin
P-B 094	B4a 032	58c9577b4169	Pokemon	Meowstic
