step	bot	pairing	i	seed	held_file	held_blob	panel_file	panel_blob	old_moves	new_moves	moves_differ	differing_fields	old_winner	new_winner	old_points	new_points	exact_counters	superset_counters	vs_confused_choice	offgate_counters	no_reach_counter	full_prevention_only
8	k3	1	0	23100010000	rl/results/engine_switch_rules_2026-10/carriers/garchomp_meowth.txt	ab8af3aee5de2cedac4b972bcf4ab8e5e83cbc2e	decks/screen/opponents/t-blaziken.txt	83fdf96504271e0074b3a93a2b2c9c1f99c12b1c	72e2880222dc3b16	c6c82e22cad5f94c	yes	decisions,moves,turns	0	0	[3,2]	[3,2]	{"coin_full_prevention":[49,63],"coin_queued_offered":[16,32,63],"coin_queued_offered_any":[16,32,63]}	{"coin_defender_attack":9,"coin_queued_attack_damage":1}	{}	{"offgate_helper_by_mechanic":{"DirectDamage":[16,32,63]},"offgate_helper_choice":[16,32,63]}	no	no
8	k3	1	3	23100010003	rl/results/engine_switch_rules_2026-10/carriers/garchomp_meowth.txt	ab8af3aee5de2cedac4b972bcf4ab8e5e83cbc2e	decks/screen/opponents/t-blaziken.txt	83fdf96504271e0074b3a93a2b2c9c1f99c12b1c	79016f5c323e2411	fc378806f09a0ad5	yes	decisions,moves,points	1	1	[2,5]	[1,5]	{"coin_full_prevention":[30,44,61,76],"coin_queued_offered":[61],"coin_queued_offered_any":[61]}	{"coin_defender_attack":7,"coin_queued_attack_damage":1}	{}	{"offgate_helper_by_mechanic":{"DirectDamage":[61]},"offgate_helper_choice":[61]}	no	no
8	k3	1	4	23100010004	rl/results/engine_switch_rules_2026-10/carriers/garchomp_meowth.txt	ab8af3aee5de2cedac4b972bcf4ab8e5e83cbc2e	decks/screen/opponents/t-blaziken.txt	83fdf96504271e0074b3a93a2b2c9c1f99c12b1c	e12ae0fcca0cf83e	39f2df55d627a080	yes	decisions,discard_attacks,moves,turns	1	1	[0,3]	[0,3]	{"coin_full_prevention":[85,96,107],"coin_queued_offered":[107],"coin_queued_offered_any":[107]}	{"coin_defender_attack":5,"coin_queued_attack_damage":1}	{}	{"offgate_helper_by_mechanic":{"DirectDamage":[27]},"offgate_helper_choice":[27]}	no	no
8	k3	1	9	23100010009	rl/results/engine_switch_rules_2026-10/carriers/garchomp_meowth.txt	ab8af3aee5de2cedac4b972bcf4ab8e5e83cbc2e	decks/screen/opponents/t-blaziken.txt	83fdf96504271e0074b3a93a2b2c9c1f99c12b1c	7acf186b7df50ca6	03554764d96b7191	yes	decisions,moves	0	0	[3,2]	[3,2]	{"coin_full_prevention":[53],"coin_queued_offered":[67],"coin_queued_offered_any":[67]}	{"coin_defender_attack":7}	{}	{"offgate_helper_by_mechanic":{"DirectDamage":[37,67]},"offgate_helper_choice":[37,67]}	no	no
8	k3	1	13	23100010013	rl/results/engine_switch_rules_2026-10/carriers/garchomp_meowth.txt	ab8af3aee5de2cedac4b972bcf4ab8e5e83cbc2e	decks/screen/opponents/t-blaziken.txt	83fdf96504271e0074b3a93a2b2c9c1f99c12b1c	9cf8356317c7855f	1554e7272639d0be	yes	decisions,moves	1	1	[2,3]	[2,3]	{"coin_full_prevention":[50,74],"coin_queued_offered":[74],"coin_queued_offered_any":[74]}	{"coin_defender_attack":7,"coin_queued_attack_damage":1}	{}	{"offgate_helper_by_mechanic":{"DirectDamage":[33,74]},"offgate_helper_choice":[33,74]}	no	no
8	k3	1	18	23100010018	rl/results/engine_switch_rules_2026-10/carriers/garchomp_meowth.txt	ab8af3aee5de2cedac4b972bcf4ab8e5e83cbc2e	decks/screen/opponents/t-blaziken.txt	83fdf96504271e0074b3a93a2b2c9c1f99c12b1c	8b5d750fad2c807e	c694c8d36d20f840	yes	decisions,discard_attacks,moves,turns	1	1	[2,3]	[2,3]	{"coin_full_prevention":[77],"coin_queued_offered":[15,77],"coin_queued_offered_any":[15,77]}	{"coin_defender_attack":8,"coin_queued_attack_damage":1}	{}	{"offgate_helper_by_mechanic":{"DirectDamage":[15]},"offgate_helper_choice":[15]}	no	no
8	k3	1	29	23100010029	rl/results/engine_switch_rules_2026-10/carriers/garchomp_meowth.txt	ab8af3aee5de2cedac4b972bcf4ab8e5e83cbc2e	decks/screen/opponents/t-blaziken.txt	83fdf96504271e0074b3a93a2b2c9c1f99c12b1c	4e0d0d0930fbcd06	25f42c3df85fa9ed	yes	decisions,discard_attacks,first_deck_score,moves,points,turns,winner_seat	0	1	[3,0]	[2,5]	{"coin_full_prevention":[14,27,37,52,63],"coin_queued_offered":[14,52,63],"coin_queued_offered_any":[14,52,63]}	{"coin_defender_attack":11,"coin_queued_attack_damage":3}	{}	{"offgate_helper_by_mechanic":{"DirectDamage":[52,63,70,89]},"offgate_helper_choice":[52,63,70,89]}	no	no
8	k3	1	32	23100010032	rl/results/engine_switch_rules_2026-10/carriers/garchomp_meowth.txt	ab8af3aee5de2cedac4b972bcf4ab8e5e83cbc2e	decks/screen/opponents/t-blaziken.txt	83fdf96504271e0074b3a93a2b2c9c1f99c12b1c	e0532893753c1576	64618053a5c23a8a	yes	decisions,discard_attacks,moves,turns	1	1	[0,3]	[0,3]	{"coin_full_prevention":[32,65,93],"coin_queued_offered":[32,48],"coin_queued_offered_any":[32,48]}	{"coin_defender_attack":9,"coin_queued_attack_damage":1}	{}	{"offgate_helper_by_mechanic":{"DirectDamage":[13,48]},"offgate_helper_choice":[13,48]}	no	no
8	k3	1	35	23100010035	rl/results/engine_switch_rules_2026-10/carriers/garchomp_meowth.txt	ab8af3aee5de2cedac4b972bcf4ab8e5e83cbc2e	decks/screen/opponents/t-blaziken.txt	83fdf96504271e0074b3a93a2b2c9c1f99c12b1c	04d5d026e0922b6d	358984672d2cea70	yes	decisions,discard_attacks,first_deck_score,moves,points,turns,winner_seat	1	0	[1,3]	[3,2]	{"coin_full_prevention":[12,26,39,54,70],"coin_queued_offered":[12,26,39,54],"coin_queued_offered_any":[12,26,39,54]}	{"coin_defender_attack":11,"coin_queued_attack_damage":4}	{}	{"offgate_helper_by_mechanic":{"DirectDamage":[54]},"offgate_helper_choice":[54]}	no	no
8	k3	1	40	23100010040	rl/results/engine_switch_rules_2026-10/carriers/garchomp_meowth.txt	ab8af3aee5de2cedac4b972bcf4ab8e5e83cbc2e	decks/screen/opponents/t-blaziken.txt	83fdf96504271e0074b3a93a2b2c9c1f99c12b1c	97ab4f99fae1dfae	8b24d20ccf58b7c7	yes	decisions,moves	1	1	[2,3]	[2,3]	{"coin_full_prevention":[28,45,72],"coin_queued_offered":[83],"coin_queued_offered_any":[83]}	{"coin_defender_attack":7}	{}	{"offgate_helper_by_mechanic":{"DirectDamage":[83]},"offgate_helper_choice":[83]}	no	no
8	k3	1	42	23100010042	rl/results/engine_switch_rules_2026-10/carriers/garchomp_meowth.txt	ab8af3aee5de2cedac4b972bcf4ab8e5e83cbc2e	decks/screen/opponents/t-blaziken.txt	83fdf96504271e0074b3a93a2b2c9c1f99c12b1c	f021a58bfe2f9c52	849bbfae17488e81	yes	decisions,discard_attacks,moves,points,turns	1	1	[0,3]	[2,3]	{"coin_full_prevention":[11,33,47,62,75,91],"coin_queued_offered":[33,47],"coin_queued_offered_any":[33,47]}	{"coin_defender_attack":8,"coin_queued_attack_damage":2}	{}	{"offgate_helper_by_mechanic":{"DirectDamage":[85,106,112]},"offgate_helper_choice":[85,106,112]}	no	no
8	k3	1	47	23100010047	rl/results/engine_switch_rules_2026-10/carriers/garchomp_meowth.txt	ab8af3aee5de2cedac4b972bcf4ab8e5e83cbc2e	decks/screen/opponents/t-blaziken.txt	83fdf96504271e0074b3a93a2b2c9c1f99c12b1c	d03621bee6b55d79	06f5b5665240ec55	yes	decisions,discard_attacks,first_deck_score,moves,points,turns,winner_seat	0	1	[3,2]	[2,5]	{"coin_full_prevention":[19,30,42],"coin_queued_offered":[19,30,42],"coin_queued_offered_any":[19,30,42]}	{"coin_defender_attack":9,"coin_queued_attack_damage":3}	{}	{}	no	no
8	k3	1	50	23100010050	rl/results/engine_switch_rules_2026-10/carriers/garchomp_meowth.txt	ab8af3aee5de2cedac4b972bcf4ab8e5e83cbc2e	decks/screen/opponents/t-blaziken.txt	83fdf96504271e0074b3a93a2b2c9c1f99c12b1c	4cbcb3e5be6e269e	3bc0a0f4a9479480	yes	decisions,discard_attacks,moves,points	0	0	[3,1]	[4,1]	{"coin_full_prevention":[16,31,44]}	{"coin_defender_attack":4}	{}	{}	yes	yes
8	k3	1	54	23100010054	rl/results/engine_switch_rules_2026-10/carriers/garchomp_meowth.txt	ab8af3aee5de2cedac4b972bcf4ab8e5e83cbc2e	decks/screen/opponents/t-blaziken.txt	83fdf96504271e0074b3a93a2b2c9c1f99c12b1c	0e2440d285c83061	cce81b6ea2d2a307	yes	decisions,discard_attacks,moves,points,turns	0	0	[5,2]	[3,2]	{"coin_full_prevention":[70,88,121],"coin_queued_offered":[38,55,88],"coin_queued_offered_any":[38,55,88]}	{"coin_defender_attack":10,"coin_queued_attack_damage":1}	{}	{"offgate_helper_by_mechanic":{"DirectDamage":[38,55,78,88]},"offgate_helper_choice":[38,55,78,88]}	no	no
8	k3	1	56	23100010056	rl/results/engine_switch_rules_2026-10/carriers/garchomp_meowth.txt	ab8af3aee5de2cedac4b972bcf4ab8e5e83cbc2e	decks/screen/opponents/t-blaziken.txt	83fdf96504271e0074b3a93a2b2c9c1f99c12b1c	e4017f7af1f469c5	a38d676c7e732a91	yes	decisions,first_deck_score,moves,points,turns,winner_seat	1	0	[2,3]	[5,2]	{"coin_full_prevention":[69,81],"coin_queued_offered":[49,81],"coin_queued_offered_any":[49,81]}	{"coin_defender_attack":10,"coin_queued_attack_damage":1}	{}	{"offgate_helper_by_mechanic":{"DirectDamage":[21,34,49,81]},"offgate_helper_choice":[21,34,49,81]}	no	no
8	k3	1	57	23100010057	rl/results/engine_switch_rules_2026-10/carriers/garchomp_meowth.txt	ab8af3aee5de2cedac4b972bcf4ab8e5e83cbc2e	decks/screen/opponents/t-blaziken.txt	83fdf96504271e0074b3a93a2b2c9c1f99c12b1c	11b0f71c226a9221	a71a037b2101ec1d	yes	decisions,discard_attacks,first_deck_score,moves,points,turns,winner_seat	1	0	[2,5]	[3,2]	{"coin_full_prevention":[60,75],"coin_queued_offered":[28,44],"coin_queued_offered_any":[28,44]}	{"coin_defender_attack":8}	{}	{"offgate_helper_by_mechanic":{"DirectDamage":[28,44]},"offgate_helper_choice":[28,44]}	no	no
8	k3	1	59	23100010059	rl/results/engine_switch_rules_2026-10/carriers/garchomp_meowth.txt	ab8af3aee5de2cedac4b972bcf4ab8e5e83cbc2e	decks/screen/opponents/t-blaziken.txt	83fdf96504271e0074b3a93a2b2c9c1f99c12b1c	a3211afca1157d50	238236b48c7fee73	yes	decisions,discard_attacks,moves,points,turns	0	0	[3,2]	[3,0]	{"coin_full_prevention":[46,74],"coin_queued_offered":[29],"coin_queued_offered_any":[29]}	{"coin_defender_attack":5}	{}	{"offgate_helper_by_mechanic":{"DirectDamage":[29]},"offgate_helper_choice":[29]}	no	no
8	k3	1	61	23100010061	rl/results/engine_switch_rules_2026-10/carriers/garchomp_meowth.txt	ab8af3aee5de2cedac4b972bcf4ab8e5e83cbc2e	decks/screen/opponents/t-blaziken.txt	83fdf96504271e0074b3a93a2b2c9c1f99c12b1c	ed6530e769a31b68	822d59900387fe5f	yes	decisions,moves	0	0	[3,0]	[3,0]	{"coin_full_prevention":[78,94],"coin_queued_offered":[94],"coin_queued_offered_any":[94]}	{"coin_defender_attack":10,"coin_queued_attack_damage":1}	{}	{"offgate_helper_by_mechanic":{"DirectDamage":[23,36,51]},"offgate_helper_choice":[23,36,51]}	no	no
8	k3	1	66	23100010066	rl/results/engine_switch_rules_2026-10/carriers/garchomp_meowth.txt	ab8af3aee5de2cedac4b972bcf4ab8e5e83cbc2e	decks/screen/opponents/t-blaziken.txt	83fdf96504271e0074b3a93a2b2c9c1f99c12b1c	8d19f57c42dca15a	76fdca2fa01a9645	yes	decisions,moves	1	1	[2,3]	[2,3]	{"coin_full_prevention":[8,17,33,47,65,77],"coin_queued_offered":[47],"coin_queued_offered_any":[47]}	{"coin_defender_attack":7,"coin_queued_attack_damage":1}	{}	{"offgate_helper_by_mechanic":{"DirectDamage":[47]},"offgate_helper_choice":[47]}	no	no
8	k3	1	67	23100010067	rl/results/engine_switch_rules_2026-10/carriers/garchomp_meowth.txt	ab8af3aee5de2cedac4b972bcf4ab8e5e83cbc2e	decks/screen/opponents/t-blaziken.txt	83fdf96504271e0074b3a93a2b2c9c1f99c12b1c	678666721d7dd943	e7a82a10150b0f60	yes	decisions,discard_attacks,first_deck_score,moves,points,turns,winner_seat	1	0	[2,3]	[3,0]	{"coin_full_prevention":[26,56,99,118],"coin_queued_offered":[26,43,118],"coin_queued_offered_any":[26,43,118]}	{"coin_defender_attack":10,"coin_queued_attack_damage":2}	{}	{"offgate_helper_by_mechanic":{"DirectDamage":[43]},"offgate_helper_choice":[43]}	no	no
8	k3	1	73	23100010073	rl/results/engine_switch_rules_2026-10/carriers/garchomp_meowth.txt	ab8af3aee5de2cedac4b972bcf4ab8e5e83cbc2e	decks/screen/opponents/t-blaziken.txt	83fdf96504271e0074b3a93a2b2c9c1f99c12b1c	71aaa662e454bd6c	c0d56f1b57fb641d	yes	decisions,moves	0	0	[3,0]	[3,0]	{"coin_full_prevention":[50,65,79],"coin_queued_offered":[79],"coin_queued_offered_any":[79]}	{"coin_defender_attack":5,"coin_queued_attack_damage":1}	{}	{"offgate_helper_by_mechanic":{"DirectDamage":[27,79]},"offgate_helper_choice":[27,79]}	no	no
8	k3	1	74	23100010074	rl/results/engine_switch_rules_2026-10/carriers/garchomp_meowth.txt	ab8af3aee5de2cedac4b972bcf4ab8e5e83cbc2e	decks/screen/opponents/t-blaziken.txt	83fdf96504271e0074b3a93a2b2c9c1f99c12b1c	e66d12d60d2c2c7c	e840dc6a32fafef2	yes	decisions,moves	0	0	[5,2]	[5,2]	{"coin_full_prevention":[20,32],"coin_queued_offered":[20,32],"coin_queued_offered_any":[20,32]}	{"coin_defender_attack":4,"coin_queued_attack_damage":2}	{}	{"offgate_helper_by_mechanic":{"DirectDamage":[32,74]},"offgate_helper_choice":[32,74]}	no	no
8	k3	1	75	23100010075	rl/results/engine_switch_rules_2026-10/carriers/garchomp_meowth.txt	ab8af3aee5de2cedac4b972bcf4ab8e5e83cbc2e	decks/screen/opponents/t-blaziken.txt	83fdf96504271e0074b3a93a2b2c9c1f99c12b1c	df78f0f47266d478	7e39c1f49f7a279c	yes	decisions,discard_attacks,first_deck_score,moves,points,turns,winner_seat	0	1	[3,1]	[2,3]	{"coin_full_prevention":[34,83],"coin_queued_offered":[14,53,83],"coin_queued_offered_any":[14,53,83]}	{"coin_defender_attack":8,"coin_queued_attack_damage":1}	{}	{"offgate_helper_by_mechanic":{"DirectDamage":[14,53,83]},"offgate_helper_choice":[14,53,83]}	no	no
8	k3	1	76	23100010076	rl/results/engine_switch_rules_2026-10/carriers/garchomp_meowth.txt	ab8af3aee5de2cedac4b972bcf4ab8e5e83cbc2e	decks/screen/opponents/t-blaziken.txt	83fdf96504271e0074b3a93a2b2c9c1f99c12b1c	86fedff46f710232	3c628a32611072a9	yes	decisions,discard_attacks,first_deck_score,moves,points,turns,winner_seat	1	0	[2,3]	[3,1]	{"coin_full_prevention":[31,57,71],"coin_queued_offered":[57],"coin_queued_offered_any":[57]}	{"coin_defender_attack":8,"coin_queued_attack_damage":1}	{}	{"offgate_helper_by_mechanic":{"DirectDamage":[44,57]},"offgate_helper_choice":[44,57]}	no	no
8	k3	1	80	23100010080	rl/results/engine_switch_rules_2026-10/carriers/garchomp_meowth.txt	ab8af3aee5de2cedac4b972bcf4ab8e5e83cbc2e	decks/screen/opponents/t-blaziken.txt	83fdf96504271e0074b3a93a2b2c9c1f99c12b1c	e504afc7512ffb61	17442a370e1e5490	yes	decisions,first_deck_score,moves,points,turns,winner_seat	1	0	[1,3]	[5,2]	{"coin_full_prevention":[44,55,71,87,100],"coin_queued_offered":[100],"coin_queued_offered_any":[100]}	{"coin_defender_attack":8,"coin_queued_attack_damage":1}	{}	{"offgate_helper_by_mechanic":{"DirectDamage":[100]},"offgate_helper_choice":[100]}	no	no
8	k3	1	87	23100010087	rl/results/engine_switch_rules_2026-10/carriers/garchomp_meowth.txt	ab8af3aee5de2cedac4b972bcf4ab8e5e83cbc2e	decks/screen/opponents/t-blaziken.txt	83fdf96504271e0074b3a93a2b2c9c1f99c12b1c	4e0fd37ecd4768f2	1ae145602dbf9f4b	yes	decisions,moves	1	1	[2,2]	[2,2]	{"coin_full_prevention":[56,69],"coin_queued_offered":[41,69],"coin_queued_offered_any":[41,69]}	{"coin_defender_attack":7,"coin_queued_attack_damage":1}	{}	{"offgate_helper_by_mechanic":{"DirectDamage":[23,41,69]},"offgate_helper_choice":[23,41,69]}	no	no
8	k3	1	88	23100010088	rl/results/engine_switch_rules_2026-10/carriers/garchomp_meowth.txt	ab8af3aee5de2cedac4b972bcf4ab8e5e83cbc2e	decks/screen/opponents/t-blaziken.txt	83fdf96504271e0074b3a93a2b2c9c1f99c12b1c	be8cbc3539ad02c3	e7efa0f25c26facf	yes	decisions,discard_attacks,moves	1	1	[0,3]	[0,3]	{"coin_full_prevention":[25,41,70,84],"coin_queued_offered":[25,84],"coin_queued_offered_any":[25,84]}	{"coin_defender_attack":7,"coin_queued_attack_damage":2}	{}	{"offgate_helper_by_mechanic":{"DirectDamage":[84]},"offgate_helper_choice":[84]}	no	no
8	k3	1	90	23100010090	rl/results/engine_switch_rules_2026-10/carriers/garchomp_meowth.txt	ab8af3aee5de2cedac4b972bcf4ab8e5e83cbc2e	decks/screen/opponents/t-blaziken.txt	83fdf96504271e0074b3a93a2b2c9c1f99c12b1c	811f60d632d870c8	519b5d94eafa0745	yes	decisions,moves	1	1	[0,3]	[0,3]	{"coin_full_prevention":[12,22,37,66],"coin_queued_offered":[66],"coin_queued_offered_any":[66]}	{"coin_defender_attack":8,"coin_queued_attack_damage":1}	{}	{"offgate_helper_by_mechanic":{"DirectDamage":[66]},"offgate_helper_choice":[66]}	no	no
8	k3	1	92	23100010092	rl/results/engine_switch_rules_2026-10/carriers/garchomp_meowth.txt	ab8af3aee5de2cedac4b972bcf4ab8e5e83cbc2e	decks/screen/opponents/t-blaziken.txt	83fdf96504271e0074b3a93a2b2c9c1f99c12b1c	5e58ce5386eed78f	1a3f93932151f386	yes	decisions,discard_attacks,moves,turns	0	0	[5,1]	[5,1]	{"coin_full_prevention":[44,83],"coin_queued_offered":[44],"coin_queued_offered_any":[44]}	{"coin_defender_attack":6,"coin_queued_attack_damage":1}	{}	{}	no	no
8	k3	1	96	23100010096	rl/results/engine_switch_rules_2026-10/carriers/garchomp_meowth.txt	ab8af3aee5de2cedac4b972bcf4ab8e5e83cbc2e	decks/screen/opponents/t-blaziken.txt	83fdf96504271e0074b3a93a2b2c9c1f99c12b1c	d8aa81f30e7e58bc	4a693c4cef7d99ef	yes	decisions,moves,points,turns	1	1	[2,3]	[1,3]	{"coin_full_prevention":[42,57,71]}	{"coin_defender_attack":6}	{}	{"offgate_helper_by_mechanic":{"DirectDamage":[64]},"offgate_helper_choice":[64]}	yes	yes
8	k3	1	99	23100010099	rl/results/engine_switch_rules_2026-10/carriers/garchomp_meowth.txt	ab8af3aee5de2cedac4b972bcf4ab8e5e83cbc2e	decks/screen/opponents/t-blaziken.txt	83fdf96504271e0074b3a93a2b2c9c1f99c12b1c	e465e34a2f6242db	0b059163bf453777	yes	decisions,moves	1	1	[2,5]	[2,5]	{"coin_full_prevention":[39,52,67,83,98],"coin_queued_offered":[98],"coin_queued_offered_any":[98]}	{"coin_defender_attack":6,"coin_queued_attack_damage":1}	{}	{"offgate_helper_by_mechanic":{"DirectDamage":[98,124]},"offgate_helper_choice":[98,124]}	no	no
8	k3	1	101	23100010101	rl/results/engine_switch_rules_2026-10/carriers/garchomp_meowth.txt	ab8af3aee5de2cedac4b972bcf4ab8e5e83cbc2e	decks/screen/opponents/t-blaziken.txt	83fdf96504271e0074b3a93a2b2c9c1f99c12b1c	e23e9980f43bd4ec	c603793ba80c9221	yes	decisions,moves	1	1	[1,3]	[1,3]	{"coin_full_prevention":[52],"coin_queued_offered":[29,52],"coin_queued_offered_any":[29,52]}	{"coin_defender_attack":6,"coin_queued_attack_damage":1}	{}	{"offgate_helper_by_mechanic":{"DirectDamage":[29]},"offgate_helper_choice":[29]}	no	no
8	k3	1	106	23100010106	rl/results/engine_switch_rules_2026-10/carriers/garchomp_meowth.txt	ab8af3aee5de2cedac4b972bcf4ab8e5e83cbc2e	decks/screen/opponents/t-blaziken.txt	83fdf96504271e0074b3a93a2b2c9c1f99c12b1c	af17c3ca5a8be84a	42d2272f617d0476	yes	decisions,first_deck_score,moves,points,turns,winner_seat	1	0	[1,3]	[5,2]	{"coin_full_prevention":[17,56,69],"coin_queued_offered":[35,56],"coin_queued_offered_any":[35,56]}	{"coin_defender_attack":8,"coin_queued_attack_damage":1}	{}	{"offgate_helper_by_mechanic":{"DirectDamage":[35,56]},"offgate_helper_choice":[35,56]}	no	no
8	k3	1	108	23100010108	rl/results/engine_switch_rules_2026-10/carriers/garchomp_meowth.txt	ab8af3aee5de2cedac4b972bcf4ab8e5e83cbc2e	decks/screen/opponents/t-blaziken.txt	83fdf96504271e0074b3a93a2b2c9c1f99c12b1c	5b6b44047ad3ab98	66d0dacc9812a358	yes	decisions,discard_attacks,first_deck_score,moves,points,turns,winner_seat	0	1	[3,2]	[2,3]	{"coin_full_prevention":[116],"coin_queued_offered":[79],"coin_queued_offered_any":[79]}	{"coin_defender_attack":9}	{}	{"offgate_helper_by_mechanic":{"DirectDamage":[22,39,79]},"offgate_helper_choice":[22,39,79]}	no	no
8	k3	1	109	23100010109	rl/results/engine_switch_rules_2026-10/carriers/garchomp_meowth.txt	ab8af3aee5de2cedac4b972bcf4ab8e5e83cbc2e	decks/screen/opponents/t-blaziken.txt	83fdf96504271e0074b3a93a2b2c9c1f99c12b1c	49fd658cd67f0328	69314f1fe2ae396e	yes	decisions,moves,turns	0	0	[3,1]	[3,1]	{"coin_full_prevention":[35],"coin_queued_offered":[12,21,35,64],"coin_queued_offered_any":[12,21,35,64]}	{"coin_defender_attack":10,"coin_queued_attack_damage":1}	{}	{"offgate_helper_by_mechanic":{"DirectDamage":[12,21,64]},"offgate_helper_choice":[12,21,64]}	no	no
8	k3	1	115	23100010115	rl/results/engine_switch_rules_2026-10/carriers/garchomp_meowth.txt	ab8af3aee5de2cedac4b972bcf4ab8e5e83cbc2e	decks/screen/opponents/t-blaziken.txt	83fdf96504271e0074b3a93a2b2c9c1f99c12b1c	ae70fe74e7480d04	0b09eb7a9843226d	yes	decisions,moves	1	1	[2,3]	[2,3]	{"coin_full_prevention":[70],"coin_queued_offered":[70],"coin_queued_offered_any":[70]}	{"coin_defender_attack":4,"coin_queued_attack_damage":1}	{}	{}	no	no
8	k3	1	116	23100010116	rl/results/engine_switch_rules_2026-10/carriers/garchomp_meowth.txt	ab8af3aee5de2cedac4b972bcf4ab8e5e83cbc2e	decks/screen/opponents/t-blaziken.txt	83fdf96504271e0074b3a93a2b2c9c1f99c12b1c	f09f8f5ed8a85b26	06682256965ba3c3	yes	decisions,discard_attacks,moves,turns	1	1	[1,3]	[1,3]	{"coin_full_prevention":[33,50,69,110],"coin_queued_offered":[50],"coin_queued_offered_any":[50]}	{"coin_defender_attack":7,"coin_queued_attack_damage":1}	{}	{"offgate_helper_by_mechanic":{"DirectDamage":[50]},"offgate_helper_choice":[50]}	no	no
8	k3	1	121	23100010121	rl/results/engine_switch_rules_2026-10/carriers/garchomp_meowth.txt	ab8af3aee5de2cedac4b972bcf4ab8e5e83cbc2e	decks/screen/opponents/t-blaziken.txt	83fdf96504271e0074b3a93a2b2c9c1f99c12b1c	60fe1ad2f7c10ea0	bcd252cc8b97ba6b	yes	decisions,moves	1	1	[1,4]	[1,4]	{"coin_queued_offered":[26,41],"coin_queued_offered_any":[26,41]}	{"coin_defender_attack":5}	{}	{"offgate_helper_by_mechanic":{"DirectDamage":[26,41]},"offgate_helper_choice":[26,41]}	no	no
8	k3	1	124	23100010124	rl/results/engine_switch_rules_2026-10/carriers/garchomp_meowth.txt	ab8af3aee5de2cedac4b972bcf4ab8e5e83cbc2e	decks/screen/opponents/t-blaziken.txt	83fdf96504271e0074b3a93a2b2c9c1f99c12b1c	0e93113f3421cd86	cdef15f0a049a70f	yes	decisions,moves	1	1	[1,3]	[1,3]	{"coin_full_prevention":[86,107],"coin_queued_offered":[44,107],"coin_queued_offered_any":[44,107]}	{"coin_defender_attack":9,"coin_queued_attack_damage":1}	{}	{"offgate_helper_by_mechanic":{"DirectDamage":[44,67]},"offgate_helper_choice":[44,67]}	no	no
8	k3	1	130	23100010130	rl/results/engine_switch_rules_2026-10/carriers/garchomp_meowth.txt	ab8af3aee5de2cedac4b972bcf4ab8e5e83cbc2e	decks/screen/opponents/t-blaziken.txt	83fdf96504271e0074b3a93a2b2c9c1f99c12b1c	82a18fa4e311776b	43d8d656cba2f631	yes	decisions,discard_attacks,first_deck_score,moves,points,turns,winner_seat	0	1	[4,2]	[2,3]	{"coin_full_prevention":[53,69,88,130,141,152,163],"coin_queued_offered":[29,88],"coin_queued_offered_any":[29,88]}	{"coin_defender_attack":12,"coin_queued_attack_damage":1}	{}	{"offgate_helper_by_mechanic":{"DirectDamage":[18,29]},"offgate_helper_choice":[18,29]}	no	no
8	k3	1	132	23100010132	rl/results/engine_switch_rules_2026-10/carriers/garchomp_meowth.txt	ab8af3aee5de2cedac4b972bcf4ab8e5e83cbc2e	decks/screen/opponents/t-blaziken.txt	83fdf96504271e0074b3a93a2b2c9c1f99c12b1c	fcbc475da323abb2	afc39cec750a3b9f	yes	decisions,moves	0	0	[3,2]	[3,2]	{"coin_full_prevention":[44,60,72],"coin_queued_offered":[72],"coin_queued_offered_any":[72]}	{"coin_defender_attack":6,"coin_queued_attack_damage":1}	{}	{"offgate_helper_by_mechanic":{"DirectDamage":[72]},"offgate_helper_choice":[72]}	no	no
8	k3	1	134	23100010134	rl/results/engine_switch_rules_2026-10/carriers/garchomp_meowth.txt	ab8af3aee5de2cedac4b972bcf4ab8e5e83cbc2e	decks/screen/opponents/t-blaziken.txt	83fdf96504271e0074b3a93a2b2c9c1f99c12b1c	5926428a62cfd799	563471a12c49afc8	yes	decisions,moves	1	1	[2,3]	[2,3]	{"coin_full_prevention":[39,52,69],"coin_queued_offered":[69],"coin_queued_offered_any":[69]}	{"coin_defender_attack":7,"coin_queued_attack_damage":1}	{}	{"offgate_helper_by_mechanic":{"DirectDamage":[69]},"offgate_helper_choice":[69]}	no	no
8	k3	1	135	23100010135	rl/results/engine_switch_rules_2026-10/carriers/garchomp_meowth.txt	ab8af3aee5de2cedac4b972bcf4ab8e5e83cbc2e	decks/screen/opponents/t-blaziken.txt	83fdf96504271e0074b3a93a2b2c9c1f99c12b1c	5db31f5623728d45	9187ba70a2ebdc98	yes	decisions,discard_attacks,moves,points,turns	0	0	[3,2]	[3,0]	{"coin_queued_offered":[25,41],"coin_queued_offered_any":[25,41]}	{"coin_defender_attack":7}	{}	{"offgate_helper_by_mechanic":{"DirectDamage":[25,41]},"offgate_helper_choice":[25,41]}	no	no
8	k3	1	139	23100010139	rl/results/engine_switch_rules_2026-10/carriers/garchomp_meowth.txt	ab8af3aee5de2cedac4b972bcf4ab8e5e83cbc2e	decks/screen/opponents/t-blaziken.txt	83fdf96504271e0074b3a93a2b2c9c1f99c12b1c	1e83ce24e14c247a	1ab9833f123d6969	yes	decisions,discard_attacks,first_deck_score,moves,points,turns,winner_seat	0	1	[3,2]	[0,4]	{"coin_full_prevention":[15,34,49,68],"coin_queued_offered":[15,34],"coin_queued_offered_any":[15,34]}	{"coin_defender_attack":6,"coin_queued_attack_damage":2}	{}	{}	no	no
8	k3	1	140	23100010140	rl/results/engine_switch_rules_2026-10/carriers/garchomp_meowth.txt	ab8af3aee5de2cedac4b972bcf4ab8e5e83cbc2e	decks/screen/opponents/t-blaziken.txt	83fdf96504271e0074b3a93a2b2c9c1f99c12b1c	7793d1f23ad3bc83	bb86d50a296bf851	yes	decisions,discard_attacks,first_deck_score,moves,points,turns,winner_seat	1	0	[2,3]	[3,1]	{"coin_full_prevention":[36,47,63],"coin_queued_offered":[22,63],"coin_queued_offered_any":[22,63]}	{"coin_defender_attack":6,"coin_queued_attack_damage":1}	{}	{"offgate_helper_by_mechanic":{"DirectDamage":[22,63]},"offgate_helper_choice":[22,63]}	no	no
8	k3	1	146	23100010146	rl/results/engine_switch_rules_2026-10/carriers/garchomp_meowth.txt	ab8af3aee5de2cedac4b972bcf4ab8e5e83cbc2e	decks/screen/opponents/t-blaziken.txt	83fdf96504271e0074b3a93a2b2c9c1f99c12b1c	617ee81f4e326f78	e888038d39da7c8f	yes	decisions,discard_attacks,moves,points,turns	1	1	[0,3]	[1,3]	{"coin_full_prevention":[27,60,74],"coin_queued_offered":[27,114],"coin_queued_offered_any":[27,114]}	{"coin_defender_attack":8,"coin_queued_attack_damage":1}	{}	{"offgate_helper_by_mechanic":{"DirectDamage":[114]},"offgate_helper_choice":[114]}	no	no
8	k3	1	150	23100010150	rl/results/engine_switch_rules_2026-10/carriers/garchomp_meowth.txt	ab8af3aee5de2cedac4b972bcf4ab8e5e83cbc2e	decks/screen/opponents/t-blaziken.txt	83fdf96504271e0074b3a93a2b2c9c1f99c12b1c	23053c10ee0c8857	6676f004941fe2b9	yes	decisions,discard_attacks,moves	1	1	[1,3]	[1,3]	{"coin_full_prevention":[46,57,86]}	{"coin_defender_attack":5}	{}	{}	yes	yes
8	k3	1	160	23100010160	rl/results/engine_switch_rules_2026-10/carriers/garchomp_meowth.txt	ab8af3aee5de2cedac4b972bcf4ab8e5e83cbc2e	decks/screen/opponents/t-blaziken.txt	83fdf96504271e0074b3a93a2b2c9c1f99c12b1c	c6e6ba096657b01f	dd7c8cbf3398d80a	yes	decisions,discard_attacks,moves	1	1	[1,3]	[1,3]	{"coin_full_prevention":[48,64],"coin_queued_offered":[15],"coin_queued_offered_any":[15]}	{"coin_defender_attack":6}	{}	{"offgate_helper_by_mechanic":{"DirectDamage":[15]},"offgate_helper_choice":[15]}	no	no
8	k3	1	161	23100010161	rl/results/engine_switch_rules_2026-10/carriers/garchomp_meowth.txt	ab8af3aee5de2cedac4b972bcf4ab8e5e83cbc2e	decks/screen/opponents/t-blaziken.txt	83fdf96504271e0074b3a93a2b2c9c1f99c12b1c	b5b4b37bec39968a	32cc83a874c7b768	yes	decisions,discard_attacks,moves	0	0	[3,0]	[3,0]	{"coin_full_prevention":[46,58,86,101,120],"coin_queued_offered":[86,101],"coin_queued_offered_any":[86,101]}	{"coin_defender_attack":9,"coin_queued_attack_damage":2}	{}	{"offgate_helper_by_mechanic":{"DirectDamage":[86,101]},"offgate_helper_choice":[86,101]}	no	no
8	k3	1	164	23100010164	rl/results/engine_switch_rules_2026-10/carriers/garchomp_meowth.txt	ab8af3aee5de2cedac4b972bcf4ab8e5e83cbc2e	decks/screen/opponents/t-blaziken.txt	83fdf96504271e0074b3a93a2b2c9c1f99c12b1c	c004e77bce4d244d	3ee426cf9c044182	yes	decisions,discard_attacks,moves,points,turns	1	1	[1,3]	[0,3]	{"coin_full_prevention":[61,93],"coin_queued_offered":[93],"coin_queued_offered_any":[93]}	{"coin_defender_attack":7,"coin_queued_attack_damage":1}	{}	{"offgate_helper_by_mechanic":{"DirectDamage":[27]},"offgate_helper_choice":[27]}	no	no
8	k3	1	165	23100010165	rl/results/engine_switch_rules_2026-10/carriers/garchomp_meowth.txt	ab8af3aee5de2cedac4b972bcf4ab8e5e83cbc2e	decks/screen/opponents/t-blaziken.txt	83fdf96504271e0074b3a93a2b2c9c1f99c12b1c	c4146330f2f31b24	b6d39208a160e8c0	yes	decisions,discard_attacks,first_deck_score,moves,points,turns,winner_seat	0	1	[3,0]	[2,5]	{"coin_full_prevention":[20,39,53,82,95],"coin_queued_offered":[20,95],"coin_queued_offered_any":[20,95]}	{"coin_defender_attack":9,"coin_queued_attack_damage":2}	{}	{}	no	no
8	k3	1	168	23100010168	rl/results/engine_switch_rules_2026-10/carriers/garchomp_meowth.txt	ab8af3aee5de2cedac4b972bcf4ab8e5e83cbc2e	decks/screen/opponents/t-blaziken.txt	83fdf96504271e0074b3a93a2b2c9c1f99c12b1c	af33dad6a71ad2a2	c54faff39e21e504	yes	decisions,discard_attacks,moves,points,turns	1	1	[1,3]	[0,3]	{"coin_full_prevention":[44,76],"coin_queued_offered":[24],"coin_queued_offered_any":[24]}	{"coin_defender_attack":5}	{}	{"offgate_helper_by_mechanic":{"DirectDamage":[24]},"offgate_helper_choice":[24]}	no	no
8	k3	1	169	23100010169	rl/results/engine_switch_rules_2026-10/carriers/garchomp_meowth.txt	ab8af3aee5de2cedac4b972bcf4ab8e5e83cbc2e	decks/screen/opponents/t-blaziken.txt	83fdf96504271e0074b3a93a2b2c9c1f99c12b1c	c418e3478801656c	60404ec2668f3d94	yes	decisions,moves	0	0	[3,0]	[3,0]	{"coin_full_prevention":[51,80]}	{"coin_defender_attack":5}	{}	{}	yes	yes
8	k3	1	173	23100010173	rl/results/engine_switch_rules_2026-10/carriers/garchomp_meowth.txt	ab8af3aee5de2cedac4b972bcf4ab8e5e83cbc2e	decks/screen/opponents/t-blaziken.txt	83fdf96504271e0074b3a93a2b2c9c1f99c12b1c	16cf24f7cce19170	7aa858f9ed582dcf	yes	decisions,moves,points,turns	0	0	[3,2]	[3,1]	{"coin_full_prevention":[18,31,42]}	{"coin_defender_attack":3}	{}	{}	yes	yes
8	k3	1	177	23100010177	rl/results/engine_switch_rules_2026-10/carriers/garchomp_meowth.txt	ab8af3aee5de2cedac4b972bcf4ab8e5e83cbc2e	decks/screen/opponents/t-blaziken.txt	83fdf96504271e0074b3a93a2b2c9c1f99c12b1c	5378923bf5a28222	515b3e471f12767f	yes	decisions,discard_attacks,moves,points,turns	0	0	[3,1]	[3,2]	{"coin_full_prevention":[35],"coin_queued_offered":[35,47,59],"coin_queued_offered_any":[35,47,59]}	{"coin_defender_attack":9,"coin_queued_attack_damage":1}	{}	{"offgate_helper_by_mechanic":{"DirectDamage":[35,47,59]},"offgate_helper_choice":[35,47,59]}	no	no
8	k3	1	180	23100010180	rl/results/engine_switch_rules_2026-10/carriers/garchomp_meowth.txt	ab8af3aee5de2cedac4b972bcf4ab8e5e83cbc2e	decks/screen/opponents/t-blaziken.txt	83fdf96504271e0074b3a93a2b2c9c1f99c12b1c	c754157996e3f367	b3e1c97f934f6f06	yes	decisions,moves	1	1	[0,3]	[0,3]	{"coin_full_prevention":[57,80,96],"coin_queued_offered":[41,96],"coin_queued_offered_any":[41,96]}	{"coin_defender_attack":8,"coin_queued_attack_damage":1}	{}	{"offgate_helper_by_mechanic":{"DirectDamage":[41]},"offgate_helper_choice":[41]}	no	no
8	k3	1	184	23100010184	rl/results/engine_switch_rules_2026-10/carriers/garchomp_meowth.txt	ab8af3aee5de2cedac4b972bcf4ab8e5e83cbc2e	decks/screen/opponents/t-blaziken.txt	83fdf96504271e0074b3a93a2b2c9c1f99c12b1c	1521ca6d5bb3de5f	a17561e01b7e85f2	yes	decisions,discard_attacks,moves,points,turns	1	1	[1,3]	[0,3]	{"coin_full_prevention":[24,37,51],"coin_queued_offered":[24],"coin_queued_offered_any":[24]}	{"coin_defender_attack":7,"coin_queued_attack_damage":1}	{}	{}	no	no
8	k3	1	187	23100010187	rl/results/engine_switch_rules_2026-10/carriers/garchomp_meowth.txt	ab8af3aee5de2cedac4b972bcf4ab8e5e83cbc2e	decks/screen/opponents/t-blaziken.txt	83fdf96504271e0074b3a93a2b2c9c1f99c12b1c	b40989a999aa33a5	f695c2cf094652a2	yes	decisions,moves	1	1	[1,2]	[1,2]	{"coin_queued_offered":[29,41],"coin_queued_offered_any":[29,41]}	{"coin_defender_attack":6}	{}	{"offgate_helper_by_mechanic":{"DirectDamage":[29,41]},"offgate_helper_choice":[29,41]}	no	no
8	k3	1	189	23100010189	rl/results/engine_switch_rules_2026-10/carriers/garchomp_meowth.txt	ab8af3aee5de2cedac4b972bcf4ab8e5e83cbc2e	decks/screen/opponents/t-blaziken.txt	83fdf96504271e0074b3a93a2b2c9c1f99c12b1c	31f4dec7a54eaf55	fd2a86fdf4977614	yes	decisions,discard_attacks,first_deck_score,moves,points,turns,winner_seat	1	0	[1,5]	[3,0]	{"coin_full_prevention":[18,49,76],"coin_queued_offered":[33],"coin_queued_offered_any":[33]}	{"coin_defender_attack":6}	{}	{"offgate_helper_by_mechanic":{"DirectDamage":[33]},"offgate_helper_choice":[33]}	no	no
8	k3	1	191	23100010191	rl/results/engine_switch_rules_2026-10/carriers/garchomp_meowth.txt	ab8af3aee5de2cedac4b972bcf4ab8e5e83cbc2e	decks/screen/opponents/t-blaziken.txt	83fdf96504271e0074b3a93a2b2c9c1f99c12b1c	f12bee97fa02b310	b6843f824109d053	yes	decisions,first_deck_score,moves,points,turns,winner_seat	0	1	[3,0]	[1,3]	{"coin_full_prevention":[20,32],"coin_queued_offered":[20,32],"coin_queued_offered_any":[20,32]}	{"coin_defender_attack":4,"coin_queued_attack_damage":2}	{}	{"offgate_helper_by_mechanic":{"DirectDamage":[42]},"offgate_helper_choice":[42]}	no	no
8	k3	1	192	23100010192	rl/results/engine_switch_rules_2026-10/carriers/garchomp_meowth.txt	ab8af3aee5de2cedac4b972bcf4ab8e5e83cbc2e	decks/screen/opponents/t-blaziken.txt	83fdf96504271e0074b3a93a2b2c9c1f99c12b1c	54e0aa92860b79c8	8fcd6cef86c23f62	yes	decisions,discard_attacks,moves	1	1	[2,3]	[2,3]	{"coin_full_prevention":[14,29,49,67],"coin_queued_offered":[29,49,67],"coin_queued_offered_any":[29,49,67]}	{"coin_defender_attack":7,"coin_queued_attack_damage":3}	{}	{"offgate_helper_by_mechanic":{"DirectDamage":[49,67]},"offgate_helper_choice":[49,67]}	no	no
8	k3	1	195	23100010195	rl/results/engine_switch_rules_2026-10/carriers/garchomp_meowth.txt	ab8af3aee5de2cedac4b972bcf4ab8e5e83cbc2e	decks/screen/opponents/t-blaziken.txt	83fdf96504271e0074b3a93a2b2c9c1f99c12b1c	50e091b9f8275768	6d1af243644ff452	yes	decisions,moves	0	0	[3,1]	[3,1]	{"coin_full_prevention":[27,69],"coin_queued_offered":[69],"coin_queued_offered_any":[69]}	{"coin_defender_attack":6,"coin_queued_attack_damage":1}	{}	{}	no	no
8	k3	1	196	23100010196	rl/results/engine_switch_rules_2026-10/carriers/garchomp_meowth.txt	ab8af3aee5de2cedac4b972bcf4ab8e5e83cbc2e	decks/screen/opponents/t-blaziken.txt	83fdf96504271e0074b3a93a2b2c9c1f99c12b1c	d96d7391af29a374	efc9d93ad9d23202	yes	decisions,moves	1	1	[0,3]	[0,3]	{"coin_full_prevention":[28,42,67,82],"coin_queued_offered":[82],"coin_queued_offered_any":[82]}	{"coin_defender_attack":6,"coin_queued_attack_damage":1}	{}	{"offgate_helper_by_mechanic":{"DirectDamage":[82]},"offgate_helper_choice":[82]}	no	no
8	k3	1	197	23100010197	rl/results/engine_switch_rules_2026-10/carriers/garchomp_meowth.txt	ab8af3aee5de2cedac4b972bcf4ab8e5e83cbc2e	decks/screen/opponents/t-blaziken.txt	83fdf96504271e0074b3a93a2b2c9c1f99c12b1c	b8c6aaa0d216caa2	501a550286326fd1	yes	decisions,moves	1	1	[2,5]	[2,5]	{"coin_full_prevention":[31,47],"coin_queued_offered":[73],"coin_queued_offered_any":[73]}	{"coin_defender_attack":8}	{}	{"offgate_helper_by_mechanic":{"DirectDamage":[16,73]},"offgate_helper_choice":[16,73]}	no	no
8	k3	1	199	23100010199	rl/results/engine_switch_rules_2026-10/carriers/garchomp_meowth.txt	ab8af3aee5de2cedac4b972bcf4ab8e5e83cbc2e	decks/screen/opponents/t-blaziken.txt	83fdf96504271e0074b3a93a2b2c9c1f99c12b1c	46489d6dbaf91a01	d12c862a05dbea61	yes	decisions,moves	0	0	[3,1]	[3,1]	{"coin_full_prevention":[51,65],"coin_queued_offered":[65],"coin_queued_offered_any":[65]}	{"coin_defender_attack":5,"coin_queued_attack_damage":1}	{}	{"offgate_helper_by_mechanic":{"DirectDamage":[34]},"offgate_helper_choice":[34]}	no	no
8	k3	1	201	23100010201	rl/results/engine_switch_rules_2026-10/carriers/garchomp_meowth.txt	ab8af3aee5de2cedac4b972bcf4ab8e5e83cbc2e	decks/screen/opponents/t-blaziken.txt	83fdf96504271e0074b3a93a2b2c9c1f99c12b1c	feb57fb006810eb8	bbaa585e9b3fd4ef	yes	decisions,moves	0	0	[3,0]	[3,0]	{"coin_full_prevention":[57,72,86]}	{"coin_defender_attack":6}	{}	{}	yes	yes
8	k3	1	203	23100010203	rl/results/engine_switch_rules_2026-10/carriers/garchomp_meowth.txt	ab8af3aee5de2cedac4b972bcf4ab8e5e83cbc2e	decks/screen/opponents/t-blaziken.txt	83fdf96504271e0074b3a93a2b2c9c1f99c12b1c	3e724cd0f687f741	6e37776586e2cbeb	yes	decisions,moves,points	1	1	[2,1]	[1,1]	{"coin_full_prevention":[35,44],"coin_queued_offered":[15,24,35,44],"coin_queued_offered_any":[15,24,35,44]}	{"coin_defender_attack":8,"coin_queued_attack_damage":2}	{}	{"offgate_helper_by_mechanic":{"DirectDamage":[15,24]},"offgate_helper_choice":[15,24]}	no	no
8	k3	1	205	23100010205	rl/results/engine_switch_rules_2026-10/carriers/garchomp_meowth.txt	ab8af3aee5de2cedac4b972bcf4ab8e5e83cbc2e	decks/screen/opponents/t-blaziken.txt	83fdf96504271e0074b3a93a2b2c9c1f99c12b1c	9a9df868c0c3099a	b51f8e4cc8a03864	yes	decisions,discard_attacks,moves	0	0	[3,0]	[3,0]	{"coin_queued_offered":[15,29],"coin_queued_offered_any":[15,29]}	{"coin_defender_attack":7}	{}	{"offgate_helper_by_mechanic":{"DirectDamage":[15,29]},"offgate_helper_choice":[15,29]}	no	no
8	k3	1	206	23100010206	rl/results/engine_switch_rules_2026-10/carriers/garchomp_meowth.txt	ab8af3aee5de2cedac4b972bcf4ab8e5e83cbc2e	decks/screen/opponents/t-blaziken.txt	83fdf96504271e0074b3a93a2b2c9c1f99c12b1c	53bf0e3e1aadf61d	38a27799261a7b6d	yes	decisions,moves	1	1	[2,3]	[2,3]	{"coin_full_prevention":[76,88],"coin_queued_offered":[61,76],"coin_queued_offered_any":[61,76]}	{"coin_defender_attack":8,"coin_queued_attack_damage":1}	{}	{"offgate_helper_by_mechanic":{"DirectDamage":[61]},"offgate_helper_choice":[61]}	no	no
8	k3	1	208	23100010208	rl/results/engine_switch_rules_2026-10/carriers/garchomp_meowth.txt	ab8af3aee5de2cedac4b972bcf4ab8e5e83cbc2e	decks/screen/opponents/t-blaziken.txt	83fdf96504271e0074b3a93a2b2c9c1f99c12b1c	499dd8d796198d93	cf73c40caf2aa2e0	yes	decisions,discard_attacks,first_deck_score,moves,points,turns,winner_seat	1	0	[1,3]	[4,2]	{"coin_full_prevention":[17,40,54],"coin_queued_offered":[17,40],"coin_queued_offered_any":[17,40]}	{"coin_defender_attack":6,"coin_queued_attack_damage":2}	{}	{"offgate_helper_by_mechanic":{"DirectDamage":[40]},"offgate_helper_choice":[40]}	no	no
8	k3	1	212	23100010212	rl/results/engine_switch_rules_2026-10/carriers/garchomp_meowth.txt	ab8af3aee5de2cedac4b972bcf4ab8e5e83cbc2e	decks/screen/opponents/t-blaziken.txt	83fdf96504271e0074b3a93a2b2c9c1f99c12b1c	30615599f6a1a37c	f104d2043f1a42da	yes	decisions,discard_attacks,moves,turns	1	1	[2,3]	[2,3]	{"coin_full_prevention":[44,57],"coin_queued_offered":[57],"coin_queued_offered_any":[57]}	{"coin_defender_attack":9,"coin_queued_attack_damage":1}	{}	{"offgate_helper_by_mechanic":{"DirectDamage":[57,76]},"offgate_helper_choice":[57,76]}	no	no
8	k3	1	216	23100010216	rl/results/engine_switch_rules_2026-10/carriers/garchomp_meowth.txt	ab8af3aee5de2cedac4b972bcf4ab8e5e83cbc2e	decks/screen/opponents/t-blaziken.txt	83fdf96504271e0074b3a93a2b2c9c1f99c12b1c	21cb965edc2dae2a	6918c0b56fa144fb	yes	decisions,moves	1	1	[2,3]	[2,3]	{"coin_full_prevention":[76],"coin_queued_offered":[25,52],"coin_queued_offered_any":[25,52]}	{"coin_defender_attack":7}	{}	{"offgate_helper_by_mechanic":{"DirectDamage":[25,52,59]},"offgate_helper_choice":[25,52,59]}	no	no
8	k3	1	219	23100010219	rl/results/engine_switch_rules_2026-10/carriers/garchomp_meowth.txt	ab8af3aee5de2cedac4b972bcf4ab8e5e83cbc2e	decks/screen/opponents/t-blaziken.txt	83fdf96504271e0074b3a93a2b2c9c1f99c12b1c	709f3980fc2e79db	8d0f5e63c62f1528	yes	decisions,discard_attacks,first_deck_score,moves,points,turns,winner_seat	1	0	[2,5]	[3,0]	{"coin_full_prevention":[64,94],"coin_queued_offered":[94],"coin_queued_offered_any":[94]}	{"coin_defender_attack":7,"coin_queued_attack_damage":1}	{}	{"offgate_helper_by_mechanic":{"DirectDamage":[27]},"offgate_helper_choice":[27]}	no	no
8	k3	1	222	23100010222	rl/results/engine_switch_rules_2026-10/carriers/garchomp_meowth.txt	ab8af3aee5de2cedac4b972bcf4ab8e5e83cbc2e	decks/screen/opponents/t-blaziken.txt	83fdf96504271e0074b3a93a2b2c9c1f99c12b1c	eac03ed44ae13a95	2a68ff99bbb98e0f	yes	decisions,discard_attacks,moves,points,turns	1	1	[2,3]	[0,3]	{"coin_full_prevention":[24,54],"coin_queued_offered":[24],"coin_queued_offered_any":[24]}	{"coin_defender_attack":6,"coin_queued_attack_damage":1}	{}	{}	no	no
8	k3	1	223	23100010223	rl/results/engine_switch_rules_2026-10/carriers/garchomp_meowth.txt	ab8af3aee5de2cedac4b972bcf4ab8e5e83cbc2e	decks/screen/opponents/t-blaziken.txt	83fdf96504271e0074b3a93a2b2c9c1f99c12b1c	0dc6aaee8a3f6271	36dadf4564eef407	yes	decisions,moves	0	0	[3,0]	[3,0]	{"coin_full_prevention":[13,29,62],"coin_queued_offered":[13,29],"coin_queued_offered_any":[13,29]}	{"coin_defender_attack":6,"coin_queued_attack_damage":2}	{}	{"offgate_helper_by_mechanic":{"DirectDamage":[29]},"offgate_helper_choice":[29]}	no	no
8	k3	1	224	23100010224	rl/results/engine_switch_rules_2026-10/carriers/garchomp_meowth.txt	ab8af3aee5de2cedac4b972bcf4ab8e5e83cbc2e	decks/screen/opponents/t-blaziken.txt	83fdf96504271e0074b3a93a2b2c9c1f99c12b1c	e3c5989612503cc8	7f8d11b5f2b5b803	yes	decisions,discard_attacks,first_deck_score,moves,points,turns,winner_seat	-1	1	[3,3]	[0,3]	{"coin_queued_offered":[17,38,54],"coin_queued_offered_any":[17,38,54]}	{"coin_defender_attack":8}	{}	{"offgate_helper_by_mechanic":{"DirectDamage":[17,38,54]},"offgate_helper_choice":[17,38,54]}	no	no
8	k3	1	226	23100010226	rl/results/engine_switch_rules_2026-10/carriers/garchomp_meowth.txt	ab8af3aee5de2cedac4b972bcf4ab8e5e83cbc2e	decks/screen/opponents/t-blaziken.txt	83fdf96504271e0074b3a93a2b2c9c1f99c12b1c	f987922c9e3d628b	6a61d35ee8b92ee1	yes	decisions,moves	1	1	[0,3]	[0,3]	{"coin_full_prevention":[27,40,65],"coin_queued_offered":[65],"coin_queued_offered_any":[65]}	{"coin_defender_attack":8,"coin_queued_attack_damage":1}	{}	{"offgate_helper_by_mechanic":{"DirectDamage":[96]},"offgate_helper_choice":[96]}	no	no
8	k3	1	230	23100010230	rl/results/engine_switch_rules_2026-10/carriers/garchomp_meowth.txt	ab8af3aee5de2cedac4b972bcf4ab8e5e83cbc2e	decks/screen/opponents/t-blaziken.txt	83fdf96504271e0074b3a93a2b2c9c1f99c12b1c	69ba4b1d92e031b7	0a6e811b94a52fdc	yes	decisions,discard_attacks,moves	1	1	[0,3]	[0,3]	{"coin_full_prevention":[52,68,77],"coin_queued_offered":[68,77],"coin_queued_offered_any":[68,77]}	{"coin_defender_attack":8,"coin_queued_attack_damage":2}	{}	{}	no	no
8	k3	1	232	23100010232	rl/results/engine_switch_rules_2026-10/carriers/garchomp_meowth.txt	ab8af3aee5de2cedac4b972bcf4ab8e5e83cbc2e	decks/screen/opponents/t-blaziken.txt	83fdf96504271e0074b3a93a2b2c9c1f99c12b1c	f79489c50771fade	e6cc399df4e9bc96	yes	decisions,discard_attacks,moves,points,turns	0	0	[3,2]	[5,2]	{"coin_full_prevention":[61,73,89],"coin_queued_offered":[89],"coin_queued_offered_any":[89]}	{"coin_defender_attack":8,"coin_queued_attack_damage":1}	{}	{}	no	no
8	k3	1	234	23100010234	rl/results/engine_switch_rules_2026-10/carriers/garchomp_meowth.txt	ab8af3aee5de2cedac4b972bcf4ab8e5e83cbc2e	decks/screen/opponents/t-blaziken.txt	83fdf96504271e0074b3a93a2b2c9c1f99c12b1c	2638fc014bf5e0bf	32c6ea4a4dfe544c	yes	decisions,moves	1	1	[0,3]	[0,3]	{"coin_full_prevention":[38,74,88]}	{"coin_defender_attack":6}	{}	{"offgate_helper_by_mechanic":{"DirectDamage":[49]},"offgate_helper_choice":[49]}	yes	yes
8	k3	1	237	23100010237	rl/results/engine_switch_rules_2026-10/carriers/garchomp_meowth.txt	ab8af3aee5de2cedac4b972bcf4ab8e5e83cbc2e	decks/screen/opponents/t-blaziken.txt	83fdf96504271e0074b3a93a2b2c9c1f99c12b1c	6eb35e0e8640a887	c20dd7ebf9dc27ed	yes	decisions,discard_attacks,moves,points,turns	0	0	[3,0]	[3,2]	{"coin_full_prevention":[37,49,68,80]}	{"coin_defender_attack":4}	{}	{"offgate_helper_by_mechanic":{"DirectDamage":[107]},"offgate_helper_choice":[107]}	yes	yes
8	k3	1	239	23100010239	rl/results/engine_switch_rules_2026-10/carriers/garchomp_meowth.txt	ab8af3aee5de2cedac4b972bcf4ab8e5e83cbc2e	decks/screen/opponents/t-blaziken.txt	83fdf96504271e0074b3a93a2b2c9c1f99c12b1c	3064ede37df48566	84d9d8889180254c	yes	decisions,moves,points,turns	0	0	[3,0]	[3,1]	{"coin_full_prevention":[48,63,79,91],"coin_queued_offered":[79],"coin_queued_offered_any":[79]}	{"coin_defender_attack":8,"coin_queued_attack_damage":1}	{}	{}	no	no
8	k3	1	245	23100010245	rl/results/engine_switch_rules_2026-10/carriers/garchomp_meowth.txt	ab8af3aee5de2cedac4b972bcf4ab8e5e83cbc2e	decks/screen/opponents/t-blaziken.txt	83fdf96504271e0074b3a93a2b2c9c1f99c12b1c	68ec95d8750d6197	3f0b822f9c1a5bc7	yes	decisions,moves	0	0	[3,2]	[3,2]	{"coin_full_prevention":[42,56],"coin_queued_offered":[71],"coin_queued_offered_any":[71]}	{"coin_defender_attack":7}	{}	{"offgate_helper_by_mechanic":{"DirectDamage":[71]},"offgate_helper_choice":[71]}	no	no
8	k3	3	5	23100030005	rl/results/engine_switch_rules_2026-10/carriers/garchomp_meowth.txt	ab8af3aee5de2cedac4b972bcf4ab8e5e83cbc2e	decks/screen/opponents/t-lucario.txt	45a643d6cc167fe88bb72aec5062d7d721f48193	0ebf37f651f376da	484b17451779b9b7	yes	decisions,moves,points	0	0	[3,2]	[3,1]	{"coin_queued_offered":[27,36,48,58],"coin_queued_offered_any":[27,36,48,58]}	{"coin_defender_attack":11}	{}	{"offgate_helper_by_mechanic":{"DirectDamage":[27,36,48,58]},"offgate_helper_choice":[27,36,48,58]}	no	no
8	k3	3	9	23100030009	rl/results/engine_switch_rules_2026-10/carriers/garchomp_meowth.txt	ab8af3aee5de2cedac4b972bcf4ab8e5e83cbc2e	decks/screen/opponents/t-lucario.txt	45a643d6cc167fe88bb72aec5062d7d721f48193	418f0ac555f3ea0f	86a4be3df0c6ba86	yes	decisions,moves,points,turns	0	0	[3,2]	[3,0]	{"coin_full_prevention":[56,66,88],"coin_queued_offered":[14,29],"coin_queued_offered_any":[14,29]}	{"coin_defender_attack":9}	{}	{"offgate_helper_by_mechanic":{"DirectDamage":[14,29]},"offgate_helper_choice":[14,29]}	no	no
8	k3	3	14	23100030014	rl/results/engine_switch_rules_2026-10/carriers/garchomp_meowth.txt	ab8af3aee5de2cedac4b972bcf4ab8e5e83cbc2e	decks/screen/opponents/t-lucario.txt	45a643d6cc167fe88bb72aec5062d7d721f48193	29ab4e01cea8ea18	6cb16db93668605b	yes	decisions,first_deck_score,moves,points,turns,winner_seat	0	1	[3,1]	[1,3]	{"coin_full_prevention":[26,40,70,82,96],"coin_queued_offered":[26,96],"coin_queued_offered_any":[26,96]}	{"coin_defender_attack":8,"coin_queued_attack_damage":2}	{}	{"offgate_helper_by_mechanic":{"DirectDamage":[96]},"offgate_helper_choice":[96]}	no	no
8	k3	3	15	23100030015	rl/results/engine_switch_rules_2026-10/carriers/garchomp_meowth.txt	ab8af3aee5de2cedac4b972bcf4ab8e5e83cbc2e	decks/screen/opponents/t-lucario.txt	45a643d6cc167fe88bb72aec5062d7d721f48193	70b10f4c0d07ceb9	51bfbd3a6f33dc76	yes	decisions,first_deck_score,moves,points,turns,winner_seat	0	1	[3,2]	[2,5]	{"coin_full_prevention":[41,72],"coin_queued_offered":[26,41,87],"coin_queued_offered_any":[26,41,87]}	{"coin_defender_attack":9,"coin_queued_attack_damage":1}	{}	{"offgate_helper_by_mechanic":{"DirectDamage":[26,41,87]},"offgate_helper_choice":[26,41,87]}	no	no
8	k3	3	18	23100030018	rl/results/engine_switch_rules_2026-10/carriers/garchomp_meowth.txt	ab8af3aee5de2cedac4b972bcf4ab8e5e83cbc2e	decks/screen/opponents/t-lucario.txt	45a643d6cc167fe88bb72aec5062d7d721f48193	d26a03124e21f106	e41e218eebc67549	yes	decisions,moves	1	1	[1,3]	[1,3]	{"coin_full_prevention":[10,29,57,69,78]}	{"coin_defender_attack":7}	{}	{}	yes	yes
8	k3	3	21	23100030021	rl/results/engine_switch_rules_2026-10/carriers/garchomp_meowth.txt	ab8af3aee5de2cedac4b972bcf4ab8e5e83cbc2e	decks/screen/opponents/t-lucario.txt	45a643d6cc167fe88bb72aec5062d7d721f48193	7533de9a7a6184ee	12a3f2bd57e615a9	yes	decisions,moves	0	0	[3,0]	[3,0]	{"coin_full_prevention":[14,31,46,74,86],"coin_queued_offered":[14,31,46],"coin_queued_offered_any":[14,31,46]}	{"coin_defender_attack":9,"coin_queued_attack_damage":3}	{}	{"offgate_helper_by_mechanic":{"DirectDamage":[46,55]},"offgate_helper_choice":[46,55]}	no	no
8	k3	3	22	23100030022	rl/results/engine_switch_rules_2026-10/carriers/garchomp_meowth.txt	ab8af3aee5de2cedac4b972bcf4ab8e5e83cbc2e	decks/screen/opponents/t-lucario.txt	45a643d6cc167fe88bb72aec5062d7d721f48193	60d2e540dc089170	f0a3a1b50b5bff70	yes	decisions,moves,turns	1	1	[1,3]	[1,3]	{"coin_full_prevention":[17,57,69],"coin_queued_offered":[17,32],"coin_queued_offered_any":[17,32]}	{"coin_defender_attack":8,"coin_queued_attack_damage":1}	{}	{"offgate_helper_by_mechanic":{"DirectDamage":[32]},"offgate_helper_choice":[32]}	no	no
8	k3	3	23	23100030023	rl/results/engine_switch_rules_2026-10/carriers/garchomp_meowth.txt	ab8af3aee5de2cedac4b972bcf4ab8e5e83cbc2e	decks/screen/opponents/t-lucario.txt	45a643d6cc167fe88bb72aec5062d7d721f48193	af7c988ffc62c68d	ff9c4c3829779fec	yes	decisions,first_deck_score,moves,points,turns,winner_seat	0	1	[3,2]	[2,3]	{"coin_queued_offered":[70,83,98],"coin_queued_offered_any":[70,83,98]}	{"coin_defender_attack":10}	{}	{"offgate_helper_by_mechanic":{"DirectDamage":[70,83,98]},"offgate_helper_choice":[70,83,98]}	no	no
8	k3	3	24	23100030024	rl/results/engine_switch_rules_2026-10/carriers/garchomp_meowth.txt	ab8af3aee5de2cedac4b972bcf4ab8e5e83cbc2e	decks/screen/opponents/t-lucario.txt	45a643d6cc167fe88bb72aec5062d7d721f48193	dd4f48a2f8468495	f3592dcafc3ccb84	yes	decisions,first_deck_score,moves,points,turns,winner_seat	0	1	[3,1]	[1,3]	{"coin_full_prevention":[21,33,49,88],"coin_queued_offered":[21,33,49],"coin_queued_offered_any":[21,33,49]}	{"coin_defender_attack":9,"coin_queued_attack_damage":3}	{}	{"offgate_helper_by_mechanic":{"DirectDamage":[49]},"offgate_helper_choice":[49]}	no	no
8	k3	3	27	23100030027	rl/results/engine_switch_rules_2026-10/carriers/garchomp_meowth.txt	ab8af3aee5de2cedac4b972bcf4ab8e5e83cbc2e	decks/screen/opponents/t-lucario.txt	45a643d6cc167fe88bb72aec5062d7d721f48193	10920ff38c9c5a36	db3c6bd6a8e6033f	yes	decisions,moves,turns	0	0	[3,0]	[3,0]	{"coin_full_prevention":[22,33,58,74],"coin_queued_offered":[22,33],"coin_queued_offered_any":[22,33]}	{"coin_defender_attack":7,"coin_queued_attack_damage":2}	{}	{}	no	no
8	k3	3	29	23100030029	rl/results/engine_switch_rules_2026-10/carriers/garchomp_meowth.txt	ab8af3aee5de2cedac4b972bcf4ab8e5e83cbc2e	decks/screen/opponents/t-lucario.txt	45a643d6cc167fe88bb72aec5062d7d721f48193	0890e8beed82332e	927e15b2f04521bf	yes	decisions,moves	1	1	[1,5]	[1,5]	{"coin_full_prevention":[24,37],"coin_queued_offered":[24,37],"coin_queued_offered_any":[24,37]}	{"coin_defender_attack":7,"coin_queued_attack_damage":2}	{}	{"offgate_helper_by_mechanic":{"DirectDamage":[55]},"offgate_helper_choice":[55]}	no	no
8	k3	3	30	23100030030	rl/results/engine_switch_rules_2026-10/carriers/garchomp_meowth.txt	ab8af3aee5de2cedac4b972bcf4ab8e5e83cbc2e	decks/screen/opponents/t-lucario.txt	45a643d6cc167fe88bb72aec5062d7d721f48193	ba3a67e3d20ee222	a869635d96a7e428	yes	decisions,moves,points,turns	0	0	[5,2]	[3,0]	{"coin_queued_offered":[21,38],"coin_queued_offered_any":[21,38]}	{"coin_defender_attack":5}	{}	{"offgate_helper_by_mechanic":{"DirectDamage":[21,38]},"offgate_helper_choice":[21,38]}	no	no
8	k3	3	31	23100030031	rl/results/engine_switch_rules_2026-10/carriers/garchomp_meowth.txt	ab8af3aee5de2cedac4b972bcf4ab8e5e83cbc2e	decks/screen/opponents/t-lucario.txt	45a643d6cc167fe88bb72aec5062d7d721f48193	6bdff17edd6c78a3	a628e51ea94ab836	yes	decisions,moves,turns	0	0	[3,1]	[3,1]	{"coin_full_prevention":[15,59,81],"coin_queued_offered":[15],"coin_queued_offered_any":[15]}	{"coin_defender_attack":8,"coin_queued_attack_damage":1}	{}	{}	no	no
8	k3	3	33	23100030033	rl/results/engine_switch_rules_2026-10/carriers/garchomp_meowth.txt	ab8af3aee5de2cedac4b972bcf4ab8e5e83cbc2e	decks/screen/opponents/t-lucario.txt	45a643d6cc167fe88bb72aec5062d7d721f48193	8f76ff3b79004114	b422003688e3fddc	yes	decisions,moves,turns	0	0	[3,0]	[3,0]	{"coin_full_prevention":[67,76],"coin_queued_offered":[17,30],"coin_queued_offered_any":[17,30]}	{"coin_defender_attack":9}	{}	{"offgate_helper_by_mechanic":{"DirectDamage":[17,30]},"offgate_helper_choice":[17,30]}	no	no
8	k3	3	35	23100030035	rl/results/engine_switch_rules_2026-10/carriers/garchomp_meowth.txt	ab8af3aee5de2cedac4b972bcf4ab8e5e83cbc2e	decks/screen/opponents/t-lucario.txt	45a643d6cc167fe88bb72aec5062d7d721f48193	ec3e4b6ff1051932	efbc20e9e7038103	yes	decisions,moves	0	0	[3,0]	[3,0]	{"coin_full_prevention":[15,35,48,93,104,117],"coin_queued_offered":[48],"coin_queued_offered_any":[48]}	{"coin_defender_attack":10,"coin_queued_attack_damage":1}	{}	{"offgate_helper_by_mechanic":{"DirectDamage":[48,63]},"offgate_helper_choice":[48,63]}	no	no
8	k3	3	37	23100030037	rl/results/engine_switch_rules_2026-10/carriers/garchomp_meowth.txt	ab8af3aee5de2cedac4b972bcf4ab8e5e83cbc2e	decks/screen/opponents/t-lucario.txt	45a643d6cc167fe88bb72aec5062d7d721f48193	2bfe34f157f3b7fb	d2f3ee1e7ded809b	yes	decisions,moves,points,turns	0	0	[3,1]	[3,0]	{"coin_full_prevention":[46,76,85],"coin_queued_offered":[16],"coin_queued_offered_any":[16]}	{"coin_defender_attack":8}	{}	{"offgate_helper_by_mechanic":{"DirectDamage":[16,32]},"offgate_helper_choice":[16,32]}	no	no
8	k3	3	45	23100030045	rl/results/engine_switch_rules_2026-10/carriers/garchomp_meowth.txt	ab8af3aee5de2cedac4b972bcf4ab8e5e83cbc2e	decks/screen/opponents/t-lucario.txt	45a643d6cc167fe88bb72aec5062d7d721f48193	910bcc905f8add41	688311fbc0242409	yes	decisions,moves,points	1	1	[1,3]	[0,3]	{"coin_full_prevention":[8,23,40,56],"coin_queued_offered":[56],"coin_queued_offered_any":[56]}	{"coin_defender_attack":6,"coin_queued_attack_damage":1}	{}	{"offgate_helper_by_mechanic":{"DirectDamage":[56]},"offgate_helper_choice":[56]}	no	no
8	k3	3	46	23100030046	rl/results/engine_switch_rules_2026-10/carriers/garchomp_meowth.txt	ab8af3aee5de2cedac4b972bcf4ab8e5e83cbc2e	decks/screen/opponents/t-lucario.txt	45a643d6cc167fe88bb72aec5062d7d721f48193	5b921c93bdc9e64d	5c88f23a07c93030	yes	decisions,first_deck_score,moves,points,turns,winner_seat	1	0	[2,3]	[5,2]	{"coin_full_prevention":[33,45,80,93,105],"coin_queued_offered":[45],"coin_queued_offered_any":[45]}	{"coin_defender_attack":10,"coin_queued_attack_damage":1}	{}	{"offgate_helper_by_mechanic":{"DirectDamage":[14,45]},"offgate_helper_choice":[14,45]}	no	no
8	k3	3	49	23100030049	rl/results/engine_switch_rules_2026-10/carriers/garchomp_meowth.txt	ab8af3aee5de2cedac4b972bcf4ab8e5e83cbc2e	decks/screen/opponents/t-lucario.txt	45a643d6cc167fe88bb72aec5062d7d721f48193	63096758b73e3ed8	ccd5f40e64a3898c	yes	decisions,first_deck_score,moves,points,turns,winner_seat	0	1	[2,0]	[1,3]	{"coin_full_prevention":[14,45,57],"coin_queued_offered":[14],"coin_queued_offered_any":[14]}	{"coin_defender_attack":7,"coin_queued_attack_damage":1}	{}	{}	no	no
8	k3	3	51	23100030051	rl/results/engine_switch_rules_2026-10/carriers/garchomp_meowth.txt	ab8af3aee5de2cedac4b972bcf4ab8e5e83cbc2e	decks/screen/opponents/t-lucario.txt	45a643d6cc167fe88bb72aec5062d7d721f48193	a13199af4514646c	b68979b260134718	yes	decisions,first_deck_score,moves,points,turns,winner_seat	1	0	[1,2]	[3,2]	{"coin_full_prevention":[17,27,40],"coin_queued_offered":[17,27,40,68],"coin_queued_offered_any":[17,27,40,68]}	{"coin_defender_attack":12,"coin_queued_attack_damage":3}	{}	{"offgate_helper_by_mechanic":{"DirectDamage":[27,40,68]},"offgate_helper_choice":[27,40,68]}	no	no
8	k3	3	53	23100030053	rl/results/engine_switch_rules_2026-10/carriers/garchomp_meowth.txt	ab8af3aee5de2cedac4b972bcf4ab8e5e83cbc2e	decks/screen/opponents/t-lucario.txt	45a643d6cc167fe88bb72aec5062d7d721f48193	1472a11aa37c26de	b3b92f9472170a10	yes	decisions,moves	1	1	[2,3]	[2,3]	{"coin_full_prevention":[78,99],"coin_queued_offered":[38,52,99],"coin_queued_offered_any":[38,52,99]}	{"coin_defender_attack":9,"coin_queued_attack_damage":1}	{}	{"offgate_helper_by_mechanic":{"DirectDamage":[21,38,52,84]},"offgate_helper_choice":[21,38,52,84]}	no	no
8	k3	3	54	23100030054	rl/results/engine_switch_rules_2026-10/carriers/garchomp_meowth.txt	ab8af3aee5de2cedac4b972bcf4ab8e5e83cbc2e	decks/screen/opponents/t-lucario.txt	45a643d6cc167fe88bb72aec5062d7d721f48193	5478ddfbb6c9fb44	e91e51dbb0084eef	yes	decisions,moves	1	1	[0,3]	[0,3]	{"coin_full_prevention":[54,65],"coin_queued_offered":[17,30],"coin_queued_offered_any":[17,30]}	{"coin_defender_attack":7}	{}	{"offgate_helper_by_mechanic":{"DirectDamage":[17,30]},"offgate_helper_choice":[17,30]}	no	no
8	k3	3	56	23100030056	rl/results/engine_switch_rules_2026-10/carriers/garchomp_meowth.txt	ab8af3aee5de2cedac4b972bcf4ab8e5e83cbc2e	decks/screen/opponents/t-lucario.txt	45a643d6cc167fe88bb72aec5062d7d721f48193	f2e9c32c6d5982f0	d34eb6f9550e7651	yes	decisions,moves,points,turns	0	0	[2,1]	[5,1]	{"coin_queued_offered":[28,75],"coin_queued_offered_any":[28,75]}	{"coin_defender_attack":12}	{}	{"offgate_helper_by_mechanic":{"DirectDamage":[13,28,44,59,75]},"offgate_helper_choice":[13,28,44,59,75]}	no	no
8	k3	3	58	23100030058	rl/results/engine_switch_rules_2026-10/carriers/garchomp_meowth.txt	ab8af3aee5de2cedac4b972bcf4ab8e5e83cbc2e	decks/screen/opponents/t-lucario.txt	45a643d6cc167fe88bb72aec5062d7d721f48193	abe45e6e6810b3c4	f24b69287aac8116	yes	decisions,first_deck_score,moves,points,turns,winner_seat	0	1	[3,2]	[0,3]	{"coin_full_prevention":[60],"coin_queued_offered":[25,40],"coin_queued_offered_any":[25,40]}	{"coin_defender_attack":6}	{}	{"offgate_helper_by_mechanic":{"DirectDamage":[25,40]},"offgate_helper_choice":[25,40]}	no	no
8	k3	3	62	23100030062	rl/results/engine_switch_rules_2026-10/carriers/garchomp_meowth.txt	ab8af3aee5de2cedac4b972bcf4ab8e5e83cbc2e	decks/screen/opponents/t-lucario.txt	45a643d6cc167fe88bb72aec5062d7d721f48193	873ed3c69465a240	64c133d3bf585345	yes	decisions,moves,points,turns	1	1	[0,3]	[2,3]	{"coin_full_prevention":[18,29,42],"coin_queued_offered":[18,29,42],"coin_queued_offered_any":[18,29,42]}	{"coin_defender_attack":10,"coin_queued_attack_damage":3}	{}	{"offgate_helper_by_mechanic":{"DirectDamage":[42]},"offgate_helper_choice":[42]}	no	no
8	k3	3	65	23100030065	rl/results/engine_switch_rules_2026-10/carriers/garchomp_meowth.txt	ab8af3aee5de2cedac4b972bcf4ab8e5e83cbc2e	decks/screen/opponents/t-lucario.txt	45a643d6cc167fe88bb72aec5062d7d721f48193	4f394fa0988d2e32	893f47db001f27a4	yes	decisions,moves,points,turns	1	1	[2,3]	[1,5]	{"coin_full_prevention":[18,33,46],"coin_queued_offered":[18,33,46],"coin_queued_offered_any":[18,33,46]}	{"coin_defender_attack":9,"coin_queued_attack_damage":3}	{}	{"offgate_helper_by_mechanic":{"DirectDamage":[33,46]},"offgate_helper_choice":[33,46]}	no	no
8	k3	3	66	23100030066	rl/results/engine_switch_rules_2026-10/carriers/garchomp_meowth.txt	ab8af3aee5de2cedac4b972bcf4ab8e5e83cbc2e	decks/screen/opponents/t-lucario.txt	45a643d6cc167fe88bb72aec5062d7d721f48193	6ed4e61ecba79e26	9e00fce724748ce0	yes	decisions,first_deck_score,moves,points,turns,winner_seat	1	0	[0,3]	[5,2]	{"coin_full_prevention":[30,42,58,74],"coin_queued_offered":[30,42,91],"coin_queued_offered_any":[30,42,91]}	{"coin_defender_attack":11,"coin_queued_attack_damage":2}	{}	{"offgate_helper_by_mechanic":{"DirectDamage":[42,84,91]},"offgate_helper_choice":[42,84,91]}	no	no
8	k3	3	83	23100030083	rl/results/engine_switch_rules_2026-10/carriers/garchomp_meowth.txt	ab8af3aee5de2cedac4b972bcf4ab8e5e83cbc2e	decks/screen/opponents/t-lucario.txt	45a643d6cc167fe88bb72aec5062d7d721f48193	67a033135c2abd42	1e6dafc2a7b9b849	yes	decisions,moves,points,turns	1	1	[1,3]	[2,3]	{"coin_full_prevention":[113],"coin_queued_offered":[46,61],"coin_queued_offered_any":[46,61]}	{"coin_defender_attack":10}	{}	{"offgate_helper_by_mechanic":{"DirectDamage":[30,46,61,121]},"offgate_helper_choice":[30,46,61,121]}	no	no
8	k3	3	87	23100030087	rl/results/engine_switch_rules_2026-10/carriers/garchomp_meowth.txt	ab8af3aee5de2cedac4b972bcf4ab8e5e83cbc2e	decks/screen/opponents/t-lucario.txt	45a643d6cc167fe88bb72aec5062d7d721f48193	86984630f1200211	778e076cab4f409a	yes	decisions,moves,turns	0	0	[3,0]	[3,0]	{"coin_full_prevention":[22,77],"coin_queued_offered":[22,36],"coin_queued_offered_any":[22,36]}	{"coin_defender_attack":7,"coin_queued_attack_damage":1}	{}	{"offgate_helper_by_mechanic":{"DirectDamage":[36]},"offgate_helper_choice":[36]}	no	no
8	k3	3	88	23100030088	rl/results/engine_switch_rules_2026-10/carriers/garchomp_meowth.txt	ab8af3aee5de2cedac4b972bcf4ab8e5e83cbc2e	decks/screen/opponents/t-lucario.txt	45a643d6cc167fe88bb72aec5062d7d721f48193	6cbf2e9f59e44806	c9586e2a914d95bb	yes	decisions,moves,points	0	0	[3,1]	[3,0]	{"coin_full_prevention":[38],"coin_queued_offered":[38],"coin_queued_offered_any":[38]}	{"coin_defender_attack":4,"coin_queued_attack_damage":1}	{}	{"offgate_helper_by_mechanic":{"DirectDamage":[31]},"offgate_helper_choice":[31]}	no	no
8	k3	3	92	23100030092	rl/results/engine_switch_rules_2026-10/carriers/garchomp_meowth.txt	ab8af3aee5de2cedac4b972bcf4ab8e5e83cbc2e	decks/screen/opponents/t-lucario.txt	45a643d6cc167fe88bb72aec5062d7d721f48193	349a517f8a10ea50	587185992680ca6c	yes	decisions,first_deck_score,moves,points,turns,winner_seat	0	1	[2,2]	[2,3]	{"coin_full_prevention":[39,52,65],"coin_queued_offered":[15,27,39,52,65],"coin_queued_offered_any":[15,27,39,52,65]}	{"coin_defender_attack":12,"coin_queued_attack_damage":3}	{}	{"offgate_helper_by_mechanic":{"DirectDamage":[15,27,34,45,58,73]},"offgate_helper_choice":[15,27,34,45,58,73]}	no	no
8	k3	3	94	23100030094	rl/results/engine_switch_rules_2026-10/carriers/garchomp_meowth.txt	ab8af3aee5de2cedac4b972bcf4ab8e5e83cbc2e	decks/screen/opponents/t-lucario.txt	45a643d6cc167fe88bb72aec5062d7d721f48193	6a817884774f83b4	3b6948fa10fede22	yes	decisions,moves,points,turns	0	0	[3,0]	[5,1]	{"coin_queued_offered":[14,29,43,60],"coin_queued_offered_any":[14,29,43,60]}	{"coin_defender_attack":9}	{}	{"offgate_helper_by_mechanic":{"DirectDamage":[14,29,43,52,60]},"offgate_helper_choice":[14,29,43,52,60]}	no	no
8	k3	3	97	23100030097	rl/results/engine_switch_rules_2026-10/carriers/garchomp_meowth.txt	ab8af3aee5de2cedac4b972bcf4ab8e5e83cbc2e	decks/screen/opponents/t-lucario.txt	45a643d6cc167fe88bb72aec5062d7d721f48193	010569074669c6f9	81748b5a78fa15e2	yes	decisions,first_deck_score,moves,points,turns,winner_seat	1	0	[1,3]	[3,1]	{"coin_full_prevention":[21,35,64,76],"coin_queued_offered":[21,35],"coin_queued_offered_any":[21,35]}	{"coin_defender_attack":7,"coin_queued_attack_damage":2}	{}	{"offgate_helper_by_mechanic":{"DirectDamage":[44]},"offgate_helper_choice":[44]}	no	no
8	k3	3	99	23100030099	rl/results/engine_switch_rules_2026-10/carriers/garchomp_meowth.txt	ab8af3aee5de2cedac4b972bcf4ab8e5e83cbc2e	decks/screen/opponents/t-lucario.txt	45a643d6cc167fe88bb72aec5062d7d721f48193	d66bb5a6cbf4ec4e	bb23f213e5420686	yes	decisions,first_deck_score,moves,points,turns,winner_seat	1	0	[2,5]	[3,0]	{"coin_full_prevention":[18,32],"coin_queued_offered":[18,32,45],"coin_queued_offered_any":[18,32,45]}	{"coin_defender_attack":11,"coin_queued_attack_damage":2}	{}	{"offgate_helper_by_mechanic":{"DirectDamage":[45,76]},"offgate_helper_choice":[45,76]}	no	no
8	k3	3	101	23100030101	rl/results/engine_switch_rules_2026-10/carriers/garchomp_meowth.txt	ab8af3aee5de2cedac4b972bcf4ab8e5e83cbc2e	decks/screen/opponents/t-lucario.txt	45a643d6cc167fe88bb72aec5062d7d721f48193	bbe185c2a9bd91e7	d7b40b462de133ed	yes	decisions,first_deck_score,moves,points,turns,winner_seat	1	0	[1,2]	[3,2]	{"coin_full_prevention":[50],"coin_queued_offered":[14,24,50,64],"coin_queued_offered_any":[14,24,50,64]}	{"coin_defender_attack":11,"coin_queued_attack_damage":1}	{}	{"offgate_helper_by_mechanic":{"DirectDamage":[14,24,50,64,86]},"offgate_helper_choice":[14,24,50,64,86]}	no	no
8	k3	3	102	23100030102	rl/results/engine_switch_rules_2026-10/carriers/garchomp_meowth.txt	ab8af3aee5de2cedac4b972bcf4ab8e5e83cbc2e	decks/screen/opponents/t-lucario.txt	45a643d6cc167fe88bb72aec5062d7d721f48193	0e9e169288acbb0a	54ba842c179facd8	yes	decisions,moves,turns	1	1	[0,3]	[0,3]	{"coin_full_prevention":[17,32,59,72],"coin_queued_offered":[17,32],"coin_queued_offered_any":[17,32]}	{"coin_defender_attack":8,"coin_queued_attack_damage":2}	{}	{"offgate_helper_by_mechanic":{"DirectDamage":[41]},"offgate_helper_choice":[41]}	no	no
8	k3	3	109	23100030109	rl/results/engine_switch_rules_2026-10/carriers/garchomp_meowth.txt	ab8af3aee5de2cedac4b972bcf4ab8e5e83cbc2e	decks/screen/opponents/t-lucario.txt	45a643d6cc167fe88bb72aec5062d7d721f48193	657e0cd40227fb5d	b4a1d7b0b84807da	yes	decisions,moves	1	1	[1,4]	[1,4]	{"coin_full_prevention":[22,31,44],"coin_queued_offered":[22,31],"coin_queued_offered_any":[22,31]}	{"coin_defender_attack":5,"coin_queued_attack_damage":2}	{}	{}	no	no
8	k3	3	113	23100030113	rl/results/engine_switch_rules_2026-10/carriers/garchomp_meowth.txt	ab8af3aee5de2cedac4b972bcf4ab8e5e83cbc2e	decks/screen/opponents/t-lucario.txt	45a643d6cc167fe88bb72aec5062d7d721f48193	1520e0b924987bae	48395715c748ccf8	yes	decisions,moves,turns	0	0	[3,1]	[3,1]	{"coin_full_prevention":[73,87],"coin_queued_offered":[23,38],"coin_queued_offered_any":[23,38]}	{"coin_defender_attack":8}	{}	{"offgate_helper_by_mechanic":{"DirectDamage":[23,38]},"offgate_helper_choice":[23,38]}	no	no
8	k3	3	116	23100030116	rl/results/engine_switch_rules_2026-10/carriers/garchomp_meowth.txt	ab8af3aee5de2cedac4b972bcf4ab8e5e83cbc2e	decks/screen/opponents/t-lucario.txt	45a643d6cc167fe88bb72aec5062d7d721f48193	dda44551289ee2c5	895720d6fa424e64	yes	decisions,moves,turns	1	1	[0,3]	[0,3]	{"coin_full_prevention":[17,32,46,69,84,111],"coin_queued_offered":[17,32,46,84],"coin_queued_offered_any":[17,32,46,84]}	{"coin_defender_attack":12,"coin_queued_attack_damage":4}	{}	{"offgate_helper_by_mechanic":{"DirectDamage":[46]},"offgate_helper_choice":[46]}	no	no
8	k3	3	117	23100030117	rl/results/engine_switch_rules_2026-10/carriers/garchomp_meowth.txt	ab8af3aee5de2cedac4b972bcf4ab8e5e83cbc2e	decks/screen/opponents/t-lucario.txt	45a643d6cc167fe88bb72aec5062d7d721f48193	e1266033f3940763	2a0931f9a63a333f	yes	decisions,moves,points,turns	0	0	[3,0]	[3,2]	{"coin_full_prevention":[21,35,67],"coin_queued_offered":[21,35],"coin_queued_offered_any":[21,35]}	{"coin_defender_attack":9,"coin_queued_attack_damage":2}	{}	{"offgate_helper_by_mechanic":{"DirectDamage":[35,44,58]},"offgate_helper_choice":[35,44,58]}	no	no
8	k3	3	120	23100030120	rl/results/engine_switch_rules_2026-10/carriers/garchomp_meowth.txt	ab8af3aee5de2cedac4b972bcf4ab8e5e83cbc2e	decks/screen/opponents/t-lucario.txt	45a643d6cc167fe88bb72aec5062d7d721f48193	01e7b86d8335ea65	78acc0c664531db2	yes	decisions,moves	0	0	[3,0]	[3,0]	{"coin_queued_offered":[17,29],"coin_queued_offered_any":[17,29]}	{"coin_defender_attack":6}	{}	{"offgate_helper_by_mechanic":{"DirectDamage":[17,29,36,51]},"offgate_helper_choice":[17,29,36,51]}	no	no
8	k3	3	121	23100030121	rl/results/engine_switch_rules_2026-10/carriers/garchomp_meowth.txt	ab8af3aee5de2cedac4b972bcf4ab8e5e83cbc2e	decks/screen/opponents/t-lucario.txt	45a643d6cc167fe88bb72aec5062d7d721f48193	d375aabe9ef0e234	ad43751a31b5294c	yes	decisions,first_deck_score,moves,points,turns,winner_seat	0	1	[3,2]	[2,5]	{"coin_full_prevention":[35,48,76,89],"coin_queued_offered":[35],"coin_queued_offered_any":[35]}	{"coin_defender_attack":6,"coin_queued_attack_damage":1}	{}	{"offgate_helper_by_mechanic":{"DirectDamage":[28]},"offgate_helper_choice":[28]}	no	no
8	k3	3	122	23100030122	rl/results/engine_switch_rules_2026-10/carriers/garchomp_meowth.txt	ab8af3aee5de2cedac4b972bcf4ab8e5e83cbc2e	decks/screen/opponents/t-lucario.txt	45a643d6cc167fe88bb72aec5062d7d721f48193	955256580a9ebfb7	44e2d04d88fe6ac4	yes	decisions,moves,turns	1	1	[2,3]	[2,3]	{"coin_full_prevention":[19,36,48,59,94,108,120],"coin_queued_offered":[19,36,48,59,120],"coin_queued_offered_any":[19,36,48,59,120]}	{"coin_defender_attack":13,"coin_queued_attack_damage":5}	{}	{"offgate_helper_by_mechanic":{"DirectDamage":[36,48,59,67,120]},"offgate_helper_choice":[36,48,59,67,120]}	no	no
8	k3	3	123	23100030123	rl/results/engine_switch_rules_2026-10/carriers/garchomp_meowth.txt	ab8af3aee5de2cedac4b972bcf4ab8e5e83cbc2e	decks/screen/opponents/t-lucario.txt	45a643d6cc167fe88bb72aec5062d7d721f48193	4954b9028876aae8	9b3cd992ad90cc68	yes	decisions,first_deck_score,moves,points,turns,winner_seat	0	1	[3,1]	[2,5]	{"coin_full_prevention":[15,35,91,103],"coin_queued_offered":[15,48],"coin_queued_offered_any":[15,48]}	{"coin_defender_attack":10,"coin_queued_attack_damage":1}	{}	{"offgate_helper_by_mechanic":{"DirectDamage":[48,56]},"offgate_helper_choice":[48,56]}	no	no
8	k3	3	126	23100030126	rl/results/engine_switch_rules_2026-10/carriers/garchomp_meowth.txt	ab8af3aee5de2cedac4b972bcf4ab8e5e83cbc2e	decks/screen/opponents/t-lucario.txt	45a643d6cc167fe88bb72aec5062d7d721f48193	e036fe3939ab0da9	3bc31e03d8e30038	yes	moves	0	0	[5,2]	[5,2]	{"coin_full_prevention":[25,38],"coin_queued_offered":[38],"coin_queued_offered_any":[38]}	{"coin_defender_attack":3,"coin_queued_attack_damage":1}	{}	{}	no	no
8	k3	3	129	23100030129	rl/results/engine_switch_rules_2026-10/carriers/garchomp_meowth.txt	ab8af3aee5de2cedac4b972bcf4ab8e5e83cbc2e	decks/screen/opponents/t-lucario.txt	45a643d6cc167fe88bb72aec5062d7d721f48193	5d75a7e22191d2f4	c942287cebb83e6d	yes	decisions,moves	1	1	[1,3]	[1,3]	{"coin_full_prevention":[23,44,57],"coin_queued_offered":[23,44],"coin_queued_offered_any":[23,44]}	{"coin_defender_attack":7,"coin_queued_attack_damage":2}	{}	{}	no	no
8	k3	3	131	23100030131	rl/results/engine_switch_rules_2026-10/carriers/garchomp_meowth.txt	ab8af3aee5de2cedac4b972bcf4ab8e5e83cbc2e	decks/screen/opponents/t-lucario.txt	45a643d6cc167fe88bb72aec5062d7d721f48193	4b2e9020ec66446a	8879b7ad3352f92b	yes	decisions,moves	0	0	[3,1]	[3,1]	{"coin_full_prevention":[25,36],"coin_queued_offered":[36],"coin_queued_offered_any":[36]}	{"coin_defender_attack":4,"coin_queued_attack_damage":1}	{}	{"offgate_helper_by_mechanic":{"DirectDamage":[36]},"offgate_helper_choice":[36]}	no	no
8	k3	3	133	23100030133	rl/results/engine_switch_rules_2026-10/carriers/garchomp_meowth.txt	ab8af3aee5de2cedac4b972bcf4ab8e5e83cbc2e	decks/screen/opponents/t-lucario.txt	45a643d6cc167fe88bb72aec5062d7d721f48193	9d7094bc71089a08	2fef25bd0aec4279	yes	decisions,moves,points,turns	1	1	[1,1]	[1,5]	{"coin_full_prevention":[15,111,124],"coin_queued_offered":[15,29,41,52,67,79,95],"coin_queued_offered_any":[15,29,41,52,67,79,95]}	{"coin_defender_attack":19,"coin_queued_attack_damage":1}	{}	{"offgate_helper_by_mechanic":{"DirectDamage":[29,41,52,67,79,95]},"offgate_helper_choice":[29,41,52,67,79,95]}	no	no
8	k3	3	136	23100030136	rl/results/engine_switch_rules_2026-10/carriers/garchomp_meowth.txt	ab8af3aee5de2cedac4b972bcf4ab8e5e83cbc2e	decks/screen/opponents/t-lucario.txt	45a643d6cc167fe88bb72aec5062d7d721f48193	d06786cef42b4955	a535da0925d17943	yes	decisions,moves,points,turns	0	0	[1,1]	[5,2]	{"coin_full_prevention":[21],"coin_queued_offered":[21,34,51],"coin_queued_offered_any":[21,34,51]}	{"coin_defender_attack":10,"coin_queued_attack_damage":1}	{}	{"offgate_helper_by_mechanic":{"DirectDamage":[34,51]},"offgate_helper_choice":[34,51]}	no	no
8	k3	3	140	23100030140	rl/results/engine_switch_rules_2026-10/carriers/garchomp_meowth.txt	ab8af3aee5de2cedac4b972bcf4ab8e5e83cbc2e	decks/screen/opponents/t-lucario.txt	45a643d6cc167fe88bb72aec5062d7d721f48193	f8233bf7639ae006	ee4cb39d53c46771	yes	decisions,moves	1	1	[2,3]	[2,3]	{"coin_queued_offered":[32,47],"coin_queued_offered_any":[32,47]}	{"coin_defender_attack":9}	{}	{"offgate_helper_by_mechanic":{"DirectDamage":[32,40,47,54,68]},"offgate_helper_choice":[32,40,47,54,68]}	no	no
8	k3	3	141	23100030141	rl/results/engine_switch_rules_2026-10/carriers/garchomp_meowth.txt	ab8af3aee5de2cedac4b972bcf4ab8e5e83cbc2e	decks/screen/opponents/t-lucario.txt	45a643d6cc167fe88bb72aec5062d7d721f48193	fc719d274f0ae7be	785ea37a76a6cecb	yes	decisions,moves,turns	0	0	[3,1]	[3,1]	{"coin_full_prevention":[10,24,50,65,96],"coin_queued_offered":[96],"coin_queued_offered_any":[96]}	{"coin_defender_attack":8,"coin_queued_attack_damage":1}	{}	{}	no	no
8	k3	3	145	23100030145	rl/results/engine_switch_rules_2026-10/carriers/garchomp_meowth.txt	ab8af3aee5de2cedac4b972bcf4ab8e5e83cbc2e	decks/screen/opponents/t-lucario.txt	45a643d6cc167fe88bb72aec5062d7d721f48193	0b4a7683b9ee3eb0	7250ce30911b7a4f	yes	decisions,moves	0	0	[3,0]	[3,0]	{"coin_full_prevention":[53,67],"coin_queued_offered":[38],"coin_queued_offered_any":[38]}	{"coin_defender_attack":8}	{}	{"offgate_helper_by_mechanic":{"DirectDamage":[22,38]},"offgate_helper_choice":[22,38]}	no	no
8	k3	3	150	23100030150	rl/results/engine_switch_rules_2026-10/carriers/garchomp_meowth.txt	ab8af3aee5de2cedac4b972bcf4ab8e5e83cbc2e	decks/screen/opponents/t-lucario.txt	45a643d6cc167fe88bb72aec5062d7d721f48193	2640efe65a09fc53	2b281129155a8a21	yes	decisions,moves,turns	1	1	[0,3]	[0,3]	{"coin_full_prevention":[14,25,70,85],"coin_queued_offered":[14,25],"coin_queued_offered_any":[14,25]}	{"coin_defender_attack":7,"coin_queued_attack_damage":2}	{}	{}	no	no
8	k3	3	157	23100030157	rl/results/engine_switch_rules_2026-10/carriers/garchomp_meowth.txt	ab8af3aee5de2cedac4b972bcf4ab8e5e83cbc2e	decks/screen/opponents/t-lucario.txt	45a643d6cc167fe88bb72aec5062d7d721f48193	7c21690838dc06ee	aef424045b4b0cdb	yes	decisions,moves,points	0	0	[3,1]	[3,0]	{"coin_queued_offered":[13,23,55,70],"coin_queued_offered_any":[13,23,55,70]}	{"coin_defender_attack":11}	{}	{"offgate_helper_by_mechanic":{"DirectDamage":[13,23,41,55,70]},"offgate_helper_choice":[13,23,41,55,70]}	no	no
8	k3	3	164	23100030164	rl/results/engine_switch_rules_2026-10/carriers/garchomp_meowth.txt	ab8af3aee5de2cedac4b972bcf4ab8e5e83cbc2e	decks/screen/opponents/t-lucario.txt	45a643d6cc167fe88bb72aec5062d7d721f48193	e2af48b68cc70659	8fee2ad5b2e859b8	yes	decisions,moves,turns	1	1	[1,3]	[1,3]	{"coin_full_prevention":[30,41,70,83,97]}	{"coin_defender_attack":7}	{}	{"offgate_helper_by_mechanic":{"DirectDamage":[49]},"offgate_helper_choice":[49]}	yes	yes
8	k3	3	168	23100030168	rl/results/engine_switch_rules_2026-10/carriers/garchomp_meowth.txt	ab8af3aee5de2cedac4b972bcf4ab8e5e83cbc2e	decks/screen/opponents/t-lucario.txt	45a643d6cc167fe88bb72aec5062d7d721f48193	93d06ffeef8b2544	1af994d7968acc21	yes	decisions,first_deck_score,moves,points,turns,winner_seat	0	1	[3,2]	[1,3]	{"coin_full_prevention":[16,28,39,70,80],"coin_queued_offered":[16,28,39],"coin_queued_offered_any":[16,28,39]}	{"coin_defender_attack":9,"coin_queued_attack_damage":3}	{}	{"offgate_helper_by_mechanic":{"DirectDamage":[46]},"offgate_helper_choice":[46]}	no	no
8	k3	3	172	23100030172	rl/results/engine_switch_rules_2026-10/carriers/garchomp_meowth.txt	ab8af3aee5de2cedac4b972bcf4ab8e5e83cbc2e	decks/screen/opponents/t-lucario.txt	45a643d6cc167fe88bb72aec5062d7d721f48193	aa0e48f43f405874	ed2f0fed2a12fd03	yes	decisions,moves	1	1	[2,3]	[2,3]	{"coin_full_prevention":[27,39],"coin_queued_offered":[39],"coin_queued_offered_any":[39]}	{"coin_defender_attack":4,"coin_queued_attack_damage":1}	{}	{"offgate_helper_by_mechanic":{"DirectDamage":[39,47]},"offgate_helper_choice":[39,47]}	no	no
8	k3	3	174	23100030174	rl/results/engine_switch_rules_2026-10/carriers/garchomp_meowth.txt	ab8af3aee5de2cedac4b972bcf4ab8e5e83cbc2e	decks/screen/opponents/t-lucario.txt	45a643d6cc167fe88bb72aec5062d7d721f48193	73d6bd8581bf2535	e7b36b7c6fff3789	yes	decisions,first_deck_score,moves,points,turns,winner_seat	1	0	[2,3]	[3,1]	{"coin_full_prevention":[18,30],"coin_queued_offered":[18,30,57],"coin_queued_offered_any":[18,30,57]}	{"coin_defender_attack":8,"coin_queued_attack_damage":2}	{}	{"offgate_helper_by_mechanic":{"DirectDamage":[30,57]},"offgate_helper_choice":[30,57]}	no	no
8	k3	3	175	23100030175	rl/results/engine_switch_rules_2026-10/carriers/garchomp_meowth.txt	ab8af3aee5de2cedac4b972bcf4ab8e5e83cbc2e	decks/screen/opponents/t-lucario.txt	45a643d6cc167fe88bb72aec5062d7d721f48193	d9665ec22168f7b0	c147589ba687690f	yes	decisions,first_deck_score,moves,points,turns,winner_seat	1	0	[2,3]	[3,0]	{"coin_full_prevention":[87,100],"coin_queued_offered":[25,36],"coin_queued_offered_any":[25,36]}	{"coin_defender_attack":9}	{}	{"offgate_helper_by_mechanic":{"DirectDamage":[25,36]},"offgate_helper_choice":[25,36]}	no	no
8	k3	3	181	23100030181	rl/results/engine_switch_rules_2026-10/carriers/garchomp_meowth.txt	ab8af3aee5de2cedac4b972bcf4ab8e5e83cbc2e	decks/screen/opponents/t-lucario.txt	45a643d6cc167fe88bb72aec5062d7d721f48193	7402234d4c545817	b73e021819f07e78	yes	decisions,moves,points	0	0	[3,2]	[3,1]	{"coin_full_prevention":[39,80],"coin_queued_offered":[25,50],"coin_queued_offered_any":[25,50]}	{"coin_defender_attack":9}	{}	{"offgate_helper_by_mechanic":{"DirectDamage":[25,50]},"offgate_helper_choice":[25,50]}	no	no
8	k3	3	183	23100030183	rl/results/engine_switch_rules_2026-10/carriers/garchomp_meowth.txt	ab8af3aee5de2cedac4b972bcf4ab8e5e83cbc2e	decks/screen/opponents/t-lucario.txt	45a643d6cc167fe88bb72aec5062d7d721f48193	1b69291b8cf566d4	d06c5e33ff3c62ef	yes	decisions,moves,points,turns	0	0	[3,2]	[2,0]	{"coin_full_prevention":[16,27,54],"coin_queued_offered":[16,27],"coin_queued_offered_any":[16,27]}	{"coin_defender_attack":6,"coin_queued_attack_damage":2}	{}	{}	no	no
8	k3	3	184	23100030184	rl/results/engine_switch_rules_2026-10/carriers/garchomp_meowth.txt	ab8af3aee5de2cedac4b972bcf4ab8e5e83cbc2e	decks/screen/opponents/t-lucario.txt	45a643d6cc167fe88bb72aec5062d7d721f48193	8367a94676427f74	9d0ecc880c3967a3	yes	decisions,moves	1	1	[2,3]	[2,3]	{"coin_full_prevention":[35],"coin_queued_offered":[58],"coin_queued_offered_any":[58]}	{"coin_defender_attack":6}	{}	{"offgate_helper_by_mechanic":{"DirectDamage":[58]},"offgate_helper_choice":[58]}	no	no
8	k3	3	185	23100030185	rl/results/engine_switch_rules_2026-10/carriers/garchomp_meowth.txt	ab8af3aee5de2cedac4b972bcf4ab8e5e83cbc2e	decks/screen/opponents/t-lucario.txt	45a643d6cc167fe88bb72aec5062d7d721f48193	b169398dfe5992eb	b18efcaeea1939f8	yes	decisions,moves	0	0	[3,1]	[3,1]	{"coin_full_prevention":[15,30],"coin_queued_offered":[15],"coin_queued_offered_any":[15]}	{"coin_defender_attack":7,"coin_queued_attack_damage":1}	{}	{"offgate_helper_by_mechanic":{"DirectDamage":[75]},"offgate_helper_choice":[75]}	no	no
8	k3	3	187	23100030187	rl/results/engine_switch_rules_2026-10/carriers/garchomp_meowth.txt	ab8af3aee5de2cedac4b972bcf4ab8e5e83cbc2e	decks/screen/opponents/t-lucario.txt	45a643d6cc167fe88bb72aec5062d7d721f48193	559b0f5651e167d5	7b50318f72c72d9d	yes	decisions,moves	0	0	[3,1]	[3,1]	{"coin_full_prevention":[13,29,70,86]}	{"coin_defender_attack":6}	{}	{}	yes	yes
8	k3	3	194	23100030194	rl/results/engine_switch_rules_2026-10/carriers/garchomp_meowth.txt	ab8af3aee5de2cedac4b972bcf4ab8e5e83cbc2e	decks/screen/opponents/t-lucario.txt	45a643d6cc167fe88bb72aec5062d7d721f48193	bda4deef59852ddb	6afc18c74b39c843	yes	decisions,moves	1	1	[0,3]	[0,3]	{"coin_full_prevention":[68],"coin_queued_offered":[12,26],"coin_queued_offered_any":[12,26]}	{"coin_defender_attack":8}	{}	{"offgate_helper_by_mechanic":{"DirectDamage":[12,26]},"offgate_helper_choice":[12,26]}	no	no
8	k3	3	196	23100030196	rl/results/engine_switch_rules_2026-10/carriers/garchomp_meowth.txt	ab8af3aee5de2cedac4b972bcf4ab8e5e83cbc2e	decks/screen/opponents/t-lucario.txt	45a643d6cc167fe88bb72aec5062d7d721f48193	d185da4779b45ae0	1c1bf66fd6fe5e8a	yes	decisions,first_deck_score,moves,points,turns,winner_seat	1	0	[1,3]	[3,2]	{"coin_full_prevention":[11,57],"coin_queued_offered":[31,45],"coin_queued_offered_any":[31,45]}	{"coin_defender_attack":7}	{}	{"offgate_helper_by_mechanic":{"DirectDamage":[31,45]},"offgate_helper_choice":[31,45]}	no	no
8	k3	3	198	23100030198	rl/results/engine_switch_rules_2026-10/carriers/garchomp_meowth.txt	ab8af3aee5de2cedac4b972bcf4ab8e5e83cbc2e	decks/screen/opponents/t-lucario.txt	45a643d6cc167fe88bb72aec5062d7d721f48193	196ad95c80a0b7c1	377bd68ddd673ea4	yes	decisions,moves,points,turns	1	1	[2,3]	[0,2]	{"coin_full_prevention":[25,40,54],"coin_queued_offered":[25,40],"coin_queued_offered_any":[25,40]}	{"coin_defender_attack":5,"coin_queued_attack_damage":2}	{}	{}	no	no
8	k3	3	200	23100030200	rl/results/engine_switch_rules_2026-10/carriers/garchomp_meowth.txt	ab8af3aee5de2cedac4b972bcf4ab8e5e83cbc2e	decks/screen/opponents/t-lucario.txt	45a643d6cc167fe88bb72aec5062d7d721f48193	bd2ab4c672d8cc53	2a3a712592286b95	yes	decisions,moves	0	0	[3,2]	[3,2]	{"coin_full_prevention":[68,91],"coin_queued_offered":[38,91],"coin_queued_offered_any":[38,91]}	{"coin_defender_attack":8,"coin_queued_attack_damage":1}	{}	{"offgate_helper_by_mechanic":{"DirectDamage":[23,38,76]},"offgate_helper_choice":[23,38,76]}	no	no
8	k3	3	202	23100030202	rl/results/engine_switch_rules_2026-10/carriers/garchomp_meowth.txt	ab8af3aee5de2cedac4b972bcf4ab8e5e83cbc2e	decks/screen/opponents/t-lucario.txt	45a643d6cc167fe88bb72aec5062d7d721f48193	6529c0778c02edb1	e6acaf9efbdad29f	yes	decisions,moves,turns	1	1	[0,3]	[0,3]	{"coin_full_prevention":[57,68,79],"coin_queued_offered":[18,31],"coin_queued_offered_any":[18,31]}	{"coin_defender_attack":8}	{}	{"offgate_helper_by_mechanic":{"DirectDamage":[18,31]},"offgate_helper_choice":[18,31]}	no	no
8	k3	3	204	23100030204	rl/results/engine_switch_rules_2026-10/carriers/garchomp_meowth.txt	ab8af3aee5de2cedac4b972bcf4ab8e5e83cbc2e	decks/screen/opponents/t-lucario.txt	45a643d6cc167fe88bb72aec5062d7d721f48193	2e983dd5359470ab	26d2e538bb4dc6fb	yes	decisions,first_deck_score,moves,points,turns,winner_seat	1	0	[2,3]	[5,2]	{"coin_full_prevention":[33],"coin_queued_offered":[49],"coin_queued_offered_any":[49]}	{"coin_defender_attack":5}	{}	{"offgate_helper_by_mechanic":{"DirectDamage":[49]},"offgate_helper_choice":[49]}	no	no
8	k3	3	206	23100030206	rl/results/engine_switch_rules_2026-10/carriers/garchomp_meowth.txt	ab8af3aee5de2cedac4b972bcf4ab8e5e83cbc2e	decks/screen/opponents/t-lucario.txt	45a643d6cc167fe88bb72aec5062d7d721f48193	19724c93f4f8164e	a8d64b412a33f9b8	yes	decisions,moves	1	1	[1,3]	[1,3]	{"coin_full_prevention":[69,80],"coin_queued_offered":[51,69],"coin_queued_offered_any":[51,69]}	{"coin_defender_attack":7,"coin_queued_attack_damage":1}	{}	{"offgate_helper_by_mechanic":{"DirectDamage":[51]},"offgate_helper_choice":[51]}	no	no
8	k3	3	207	23100030207	rl/results/engine_switch_rules_2026-10/carriers/garchomp_meowth.txt	ab8af3aee5de2cedac4b972bcf4ab8e5e83cbc2e	decks/screen/opponents/t-lucario.txt	45a643d6cc167fe88bb72aec5062d7d721f48193	d5d2e5646a404aeb	d63fd89d6bfe8246	yes	decisions,moves,turns	1	1	[2,5]	[2,5]	{"coin_full_prevention":[11,22,35,65,78,94],"coin_queued_offered":[94],"coin_queued_offered_any":[94]}	{"coin_defender_attack":9,"coin_queued_attack_damage":1}	{}	{"offgate_helper_by_mechanic":{"DirectDamage":[94]},"offgate_helper_choice":[94]}	no	no
8	k3	3	210	23100030210	rl/results/engine_switch_rules_2026-10/carriers/garchomp_meowth.txt	ab8af3aee5de2cedac4b972bcf4ab8e5e83cbc2e	decks/screen/opponents/t-lucario.txt	45a643d6cc167fe88bb72aec5062d7d721f48193	d0ea88f6c1e9c4fa	4b9de75ae7c22483	yes	decisions,moves,points,turns	1	1	[1,3]	[2,3]	{"coin_full_prevention":[14,32,45,73,89,102,113],"coin_queued_offered":[14,32,45,113],"coin_queued_offered_any":[14,32,45,113]}	{"coin_defender_attack":15,"coin_queued_attack_damage":4}	{}	{"offgate_helper_by_mechanic":{"DirectDamage":[32,45,113]},"offgate_helper_choice":[32,45,113]}	no	no
8	k3	3	211	23100030211	rl/results/engine_switch_rules_2026-10/carriers/garchomp_meowth.txt	ab8af3aee5de2cedac4b972bcf4ab8e5e83cbc2e	decks/screen/opponents/t-lucario.txt	45a643d6cc167fe88bb72aec5062d7d721f48193	d42602716a080982	a3c077c0cca44798	yes	decisions,moves	0	0	[3,0]	[3,0]	{"coin_full_prevention":[65,80],"coin_queued_offered":[38],"coin_queued_offered_any":[38]}	{"coin_defender_attack":9}	{}	{"offgate_helper_by_mechanic":{"DirectDamage":[38]},"offgate_helper_choice":[38]}	no	no
8	k3	3	214	23100030214	rl/results/engine_switch_rules_2026-10/carriers/garchomp_meowth.txt	ab8af3aee5de2cedac4b972bcf4ab8e5e83cbc2e	decks/screen/opponents/t-lucario.txt	45a643d6cc167fe88bb72aec5062d7d721f48193	fb6ddbcf2840bee7	5640894c79d9def0	yes	decisions,moves	1	1	[1,3]	[1,3]	{"coin_full_prevention":[19,31],"coin_queued_offered":[19,31],"coin_queued_offered_any":[19,31]}	{"coin_defender_attack":6,"coin_queued_attack_damage":2}	{}	{"offgate_helper_by_mechanic":{"DirectDamage":[31]},"offgate_helper_choice":[31]}	no	no
8	k3	3	215	23100030215	rl/results/engine_switch_rules_2026-10/carriers/garchomp_meowth.txt	ab8af3aee5de2cedac4b972bcf4ab8e5e83cbc2e	decks/screen/opponents/t-lucario.txt	45a643d6cc167fe88bb72aec5062d7d721f48193	b13d4f3ee7d7d889	b8f8389ef0bc6f8b	yes	decisions,first_deck_score,moves,points,turns,winner_seat	0	1	[3,2]	[1,2]	{"coin_full_prevention":[18,29,40],"coin_queued_offered":[18,29,40],"coin_queued_offered_any":[18,29,40]}	{"coin_defender_attack":11,"coin_queued_attack_damage":3}	{}	{"offgate_helper_by_mechanic":{"DirectDamage":[40,55,69,77]},"offgate_helper_choice":[40,55,69,77]}	no	no
8	k3	3	217	23100030217	rl/results/engine_switch_rules_2026-10/carriers/garchomp_meowth.txt	ab8af3aee5de2cedac4b972bcf4ab8e5e83cbc2e	decks/screen/opponents/t-lucario.txt	45a643d6cc167fe88bb72aec5062d7d721f48193	4932d627ab7c93b4	9df932f811bdfa3e	yes	decisions,moves,points,turns	1	1	[2,5]	[1,3]	{"coin_full_prevention":[15,28,44],"coin_queued_offered":[15,28],"coin_queued_offered_any":[15,28]}	{"coin_defender_attack":5,"coin_queued_attack_damage":2}	{}	{"offgate_helper_by_mechanic":{"DirectDamage":[28,36,50]},"offgate_helper_choice":[28,36,50]}	no	no
8	k3	3	220	23100030220	rl/results/engine_switch_rules_2026-10/carriers/garchomp_meowth.txt	ab8af3aee5de2cedac4b972bcf4ab8e5e83cbc2e	decks/screen/opponents/t-lucario.txt	45a643d6cc167fe88bb72aec5062d7d721f48193	1f63311ccbeddad6	e3e44db551960e7d	yes	decisions,moves,turns	1	1	[1,3]	[1,3]	{"coin_full_prevention":[23,66,79],"coin_queued_offered":[66,79],"coin_queued_offered_any":[66,79]}	{"coin_defender_attack":8,"coin_queued_attack_damage":2}	{}	{"offgate_helper_by_mechanic":{"DirectDamage":[66,79]},"offgate_helper_choice":[66,79]}	no	no
8	k3	3	224	23100030224	rl/results/engine_switch_rules_2026-10/carriers/garchomp_meowth.txt	ab8af3aee5de2cedac4b972bcf4ab8e5e83cbc2e	decks/screen/opponents/t-lucario.txt	45a643d6cc167fe88bb72aec5062d7d721f48193	6d58a8dd1cc55764	c66c762b65a2abc4	yes	decisions,moves	0	0	[5,1]	[5,1]	{"coin_full_prevention":[61],"coin_queued_offered":[76],"coin_queued_offered_any":[76]}	{"coin_defender_attack":11}	{}	{"offgate_helper_by_mechanic":{"DirectDamage":[15,31,45,76]},"offgate_helper_choice":[15,31,45,76]}	no	no
8	k3	3	228	23100030228	rl/results/engine_switch_rules_2026-10/carriers/garchomp_meowth.txt	ab8af3aee5de2cedac4b972bcf4ab8e5e83cbc2e	decks/screen/opponents/t-lucario.txt	45a643d6cc167fe88bb72aec5062d7d721f48193	8119e13cb283c789	97c659b7659b08a1	yes	decisions,moves	0	0	[3,0]	[3,0]	{"coin_full_prevention":[50],"coin_queued_offered":[36,78],"coin_queued_offered_any":[36,78]}	{"coin_defender_attack":7}	{}	{"offgate_helper_by_mechanic":{"DirectDamage":[36,59,78]},"offgate_helper_choice":[36,59,78]}	no	no
8	k3	3	229	23100030229	rl/results/engine_switch_rules_2026-10/carriers/garchomp_meowth.txt	ab8af3aee5de2cedac4b972bcf4ab8e5e83cbc2e	decks/screen/opponents/t-lucario.txt	45a643d6cc167fe88bb72aec5062d7d721f48193	ebdd4dd6513bf16d	bc16631964989d7a	yes	decisions,first_deck_score,moves,points,turns,winner_seat	1	0	[2,5]	[3,2]	{"coin_full_prevention":[23,38,55,68],"coin_queued_offered":[38,55,68],"coin_queued_offered_any":[38,55,68]}	{"coin_defender_attack":10,"coin_queued_attack_damage":3}	{}	{"offgate_helper_by_mechanic":{"DirectDamage":[38,55,68]},"offgate_helper_choice":[38,55,68]}	no	no
8	k3	3	231	23100030231	rl/results/engine_switch_rules_2026-10/carriers/garchomp_meowth.txt	ab8af3aee5de2cedac4b972bcf4ab8e5e83cbc2e	decks/screen/opponents/t-lucario.txt	45a643d6cc167fe88bb72aec5062d7d721f48193	95392676900cef68	521f475d4de26905	yes	decisions,moves,points	1	1	[2,3]	[1,3]	{"coin_full_prevention":[22,35,49],"coin_queued_offered":[22,35],"coin_queued_offered_any":[22,35]}	{"coin_defender_attack":6,"coin_queued_attack_damage":2}	{}	{}	no	no
8	k3	3	234	23100030234	rl/results/engine_switch_rules_2026-10/carriers/garchomp_meowth.txt	ab8af3aee5de2cedac4b972bcf4ab8e5e83cbc2e	decks/screen/opponents/t-lucario.txt	45a643d6cc167fe88bb72aec5062d7d721f48193	b003afa6874ba24e	1d66862c4c440504	yes	decisions,moves,points	0	0	[3,2]	[3,1]	{"coin_full_prevention":[66,80,93],"coin_queued_offered":[30,42,93],"coin_queued_offered_any":[30,42,93]}	{"coin_defender_attack":10,"coin_queued_attack_damage":1}	{}	{"offgate_helper_by_mechanic":{"DirectDamage":[30,42]},"offgate_helper_choice":[30,42]}	no	no
8	k3	3	238	23100030238	rl/results/engine_switch_rules_2026-10/carriers/garchomp_meowth.txt	ab8af3aee5de2cedac4b972bcf4ab8e5e83cbc2e	decks/screen/opponents/t-lucario.txt	45a643d6cc167fe88bb72aec5062d7d721f48193	03cebebf88b2d7a3	c2062b9de646158e	yes	decisions,moves	0	0	[3,1]	[3,1]	{"coin_full_prevention":[13],"coin_queued_offered":[13,25,40],"coin_queued_offered_any":[13,25,40]}	{"coin_defender_attack":8,"coin_queued_attack_damage":1}	{}	{"offgate_helper_by_mechanic":{"DirectDamage":[25,40]},"offgate_helper_choice":[25,40]}	no	no
8	k3	3	243	23100030243	rl/results/engine_switch_rules_2026-10/carriers/garchomp_meowth.txt	ab8af3aee5de2cedac4b972bcf4ab8e5e83cbc2e	decks/screen/opponents/t-lucario.txt	45a643d6cc167fe88bb72aec5062d7d721f48193	201acd6223e658b1	7375e2d12b3abbd9	yes	decisions,moves,turns	0	0	[3,0]	[3,0]	{"coin_full_prevention":[55],"coin_queued_offered":[17,32],"coin_queued_offered_any":[17,32]}	{"coin_defender_attack":7}	{}	{"offgate_helper_by_mechanic":{"DirectDamage":[17,32]},"offgate_helper_choice":[17,32]}	no	no
8	k3	3	246	23100030246	rl/results/engine_switch_rules_2026-10/carriers/garchomp_meowth.txt	ab8af3aee5de2cedac4b972bcf4ab8e5e83cbc2e	decks/screen/opponents/t-lucario.txt	45a643d6cc167fe88bb72aec5062d7d721f48193	116a9f33b8773875	1ac7a6de8f0b2a1f	yes	decisions,first_deck_score,moves,points,turns,winner_seat	1	0	[2,3]	[5,2]	{"coin_full_prevention":[8,19,32,46,62,76],"coin_queued_offered":[32,46,62,76],"coin_queued_offered_any":[32,46,62,76]}	{"coin_defender_attack":15,"coin_queued_attack_damage":4}	{}	{"offgate_helper_by_mechanic":{"DirectDamage":[62,76]},"offgate_helper_choice":[62,76]}	no	no
8	k3	3	247	23100030247	rl/results/engine_switch_rules_2026-10/carriers/garchomp_meowth.txt	ab8af3aee5de2cedac4b972bcf4ab8e5e83cbc2e	decks/screen/opponents/t-lucario.txt	45a643d6cc167fe88bb72aec5062d7d721f48193	698529bd8e5f29b5	d52de8fe1a539371	yes	decisions,moves,turns	0	0	[3,1]	[3,1]	{"coin_full_prevention":[25,38,51,91,103],"coin_queued_offered":[51],"coin_queued_offered_any":[51]}	{"coin_defender_attack":8,"coin_queued_attack_damage":1}	{}	{"offgate_helper_by_mechanic":{"DirectDamage":[51]},"offgate_helper_choice":[51]}	no	no
8	k3	3	249	23100030249	rl/results/engine_switch_rules_2026-10/carriers/garchomp_meowth.txt	ab8af3aee5de2cedac4b972bcf4ab8e5e83cbc2e	decks/screen/opponents/t-lucario.txt	45a643d6cc167fe88bb72aec5062d7d721f48193	679e2953e276d2b9	5af4eaebaa5f0069	yes	decisions,moves,points	1	1	[2,4]	[0,3]	{"coin_full_prevention":[14],"coin_queued_offered":[14,35],"coin_queued_offered_any":[14,35]}	{"coin_defender_attack":6,"coin_queued_attack_damage":1}	{}	{"offgate_helper_by_mechanic":{"DirectDamage":[35,77]},"offgate_helper_choice":[35,77]}	no	no
8	k3	4	1	23100040001	rl/results/engine_switch_rules_2026-10/carriers/garchomp_meowth.txt	ab8af3aee5de2cedac4b972bcf4ab8e5e83cbc2e	decks/screen/opponents/t-sceptile.txt	12477c2422b898ca57beaec32e50b73c37fdd4b0	e04a4c424e63b16f	9fac69299f546e74	yes	decisions,discard_attacks,moves,points,turns	0	0	[3,1]	[3,0]	{"coin_full_prevention":[37],"coin_queued_offered":[37],"coin_queued_offered_any":[37]}	{"coin_defender_attack":9,"coin_queued_attack_damage":1}	{}	{"offgate_helper_by_mechanic":{"DirectDamage":[37,53]},"offgate_helper_choice":[37,53]}	no	no
8	k3	4	6	23100040006	rl/results/engine_switch_rules_2026-10/carriers/garchomp_meowth.txt	ab8af3aee5de2cedac4b972bcf4ab8e5e83cbc2e	decks/screen/opponents/t-sceptile.txt	12477c2422b898ca57beaec32e50b73c37fdd4b0	f2047a69618eb9b7	5ea3411650b4d8c1	yes	decisions,moves,points,turns	0	0	[2,2]	[2,1]	{"coin_full_prevention":[38,50,61,77],"coin_queued_offered":[77],"coin_queued_offered_any":[77]}	{"coin_defender_attack":6,"coin_queued_attack_damage":1}	{}	{"offgate_helper_by_mechanic":{"DirectDamage":[77]},"offgate_helper_choice":[77]}	no	no
8	k3	4	7	23100040007	rl/results/engine_switch_rules_2026-10/carriers/garchomp_meowth.txt	ab8af3aee5de2cedac4b972bcf4ab8e5e83cbc2e	decks/screen/opponents/t-sceptile.txt	12477c2422b898ca57beaec32e50b73c37fdd4b0	1812221c06328628	64d245842aeaab10	yes	decisions,moves	0	0	[3,1]	[3,1]	{"coin_full_prevention":[100],"coin_queued_offered":[100],"coin_queued_offered_any":[100]}	{"coin_defender_attack":2,"coin_queued_attack_damage":1}	{}	{}	no	no
8	k3	4	8	23100040008	rl/results/engine_switch_rules_2026-10/carriers/garchomp_meowth.txt	ab8af3aee5de2cedac4b972bcf4ab8e5e83cbc2e	decks/screen/opponents/t-sceptile.txt	12477c2422b898ca57beaec32e50b73c37fdd4b0	e8d4811ce55859cf	21ce906b6a55d300	yes	decisions,moves	1	1	[1,3]	[1,3]	{"coin_full_prevention":[32,47,101],"coin_queued_offered":[101],"coin_queued_offered_any":[101]}	{"coin_defender_attack":7,"coin_queued_attack_damage":1}	{}	{}	no	no
8	k3	4	10	23100040010	rl/results/engine_switch_rules_2026-10/carriers/garchomp_meowth.txt	ab8af3aee5de2cedac4b972bcf4ab8e5e83cbc2e	decks/screen/opponents/t-sceptile.txt	12477c2422b898ca57beaec32e50b73c37fdd4b0	8199e342f026070a	8d12fdf1e3688081	yes	decisions,moves	1	1	[0,3]	[0,3]	{"coin_full_prevention":[23,55,71,87],"coin_queued_offered":[23],"coin_queued_offered_any":[23]}	{"coin_defender_attack":7,"coin_queued_attack_damage":1}	{}	{}	no	no
8	k3	4	12	23100040012	rl/results/engine_switch_rules_2026-10/carriers/garchomp_meowth.txt	ab8af3aee5de2cedac4b972bcf4ab8e5e83cbc2e	decks/screen/opponents/t-sceptile.txt	12477c2422b898ca57beaec32e50b73c37fdd4b0	7fa12cbd2e6dc222	051950769147fc95	yes	decisions,moves	0	0	[2,1]	[2,1]	{"coin_full_prevention":[24,34,60],"coin_queued_offered":[60],"coin_queued_offered_any":[60]}	{"coin_defender_attack":5,"coin_queued_attack_damage":1}	{}	{"offgate_helper_by_mechanic":{"DirectDamage":[60]},"offgate_helper_choice":[60]}	no	no
8	k3	4	14	23100040014	rl/results/engine_switch_rules_2026-10/carriers/garchomp_meowth.txt	ab8af3aee5de2cedac4b972bcf4ab8e5e83cbc2e	decks/screen/opponents/t-sceptile.txt	12477c2422b898ca57beaec32e50b73c37fdd4b0	8c9000d530ba0f7b	30e477809af9505f	yes	decisions,moves,turns	1	1	[0,3]	[0,3]	{"coin_full_prevention":[69],"coin_queued_offered":[69],"coin_queued_offered_any":[69]}	{"coin_defender_attack":7,"coin_queued_attack_damage":1}	{}	{"offgate_helper_by_mechanic":{"DirectDamage":[51]},"offgate_helper_choice":[51]}	no	no
8	k3	4	15	23100040015	rl/results/engine_switch_rules_2026-10/carriers/garchomp_meowth.txt	ab8af3aee5de2cedac4b972bcf4ab8e5e83cbc2e	decks/screen/opponents/t-sceptile.txt	12477c2422b898ca57beaec32e50b73c37fdd4b0	53acc0aa9ff4aa8e	ee9b3b320df5d693	yes	decisions,moves	1	1	[2,3]	[2,3]	{"coin_full_prevention":[55,71],"coin_queued_offered":[71],"coin_queued_offered_any":[71]}	{"coin_defender_attack":7,"coin_queued_attack_damage":1}	{}	{"offgate_helper_by_mechanic":{"DirectDamage":[71]},"offgate_helper_choice":[71]}	no	no
8	k3	4	25	23100040025	rl/results/engine_switch_rules_2026-10/carriers/garchomp_meowth.txt	ab8af3aee5de2cedac4b972bcf4ab8e5e83cbc2e	decks/screen/opponents/t-sceptile.txt	12477c2422b898ca57beaec32e50b73c37fdd4b0	97cf0351042cf3ad	f7fd7824b68ba023	yes	decisions,moves	0	0	[3,0]	[3,0]	{"coin_full_prevention":[29],"coin_queued_offered":[29],"coin_queued_offered_any":[29]}	{"coin_defender_attack":2,"coin_queued_attack_damage":1}	{}	{"offgate_helper_by_mechanic":{"DirectDamage":[29]},"offgate_helper_choice":[29]}	no	no
8	k3	4	29	23100040029	rl/results/engine_switch_rules_2026-10/carriers/garchomp_meowth.txt	ab8af3aee5de2cedac4b972bcf4ab8e5e83cbc2e	decks/screen/opponents/t-sceptile.txt	12477c2422b898ca57beaec32e50b73c37fdd4b0	ddb8e7757d11e702	5377f5b97c777d03	yes	decisions,moves,turns	0	0	[3,0]	[3,0]	{"coin_full_prevention":[35],"coin_queued_offered":[35],"coin_queued_offered_any":[35]}	{"coin_defender_attack":6,"coin_queued_attack_damage":1}	{}	{"offgate_helper_by_mechanic":{"DirectDamage":[35]},"offgate_helper_choice":[35]}	no	no
8	k3	4	30	23100040030	rl/results/engine_switch_rules_2026-10/carriers/garchomp_meowth.txt	ab8af3aee5de2cedac4b972bcf4ab8e5e83cbc2e	decks/screen/opponents/t-sceptile.txt	12477c2422b898ca57beaec32e50b73c37fdd4b0	b8449895dd238f5a	d73c08336dd23071	yes	decisions,moves	1	1	[0,3]	[0,3]	{"coin_full_prevention":[43,56,85,98,110],"coin_queued_offered":[110],"coin_queued_offered_any":[110]}	{"coin_defender_attack":8,"coin_queued_attack_damage":1}	{}	{"offgate_helper_by_mechanic":{"DirectDamage":[110]},"offgate_helper_choice":[110]}	no	no
8	k3	4	32	23100040032	rl/results/engine_switch_rules_2026-10/carriers/garchomp_meowth.txt	ab8af3aee5de2cedac4b972bcf4ab8e5e83cbc2e	decks/screen/opponents/t-sceptile.txt	12477c2422b898ca57beaec32e50b73c37fdd4b0	ebf1433cba193b6c	5e775f18249de0af	yes	decisions,moves	1	1	[1,3]	[1,3]	{"coin_full_prevention":[45,73,87],"coin_queued_offered":[45],"coin_queued_offered_any":[45]}	{"coin_defender_attack":5,"coin_queued_attack_damage":1}	{}	{"offgate_helper_by_mechanic":{"DirectDamage":[45,53]},"offgate_helper_choice":[45,53]}	no	no
8	k3	4	33	23100040033	rl/results/engine_switch_rules_2026-10/carriers/garchomp_meowth.txt	ab8af3aee5de2cedac4b972bcf4ab8e5e83cbc2e	decks/screen/opponents/t-sceptile.txt	12477c2422b898ca57beaec32e50b73c37fdd4b0	ae8d091102e75f43	76711fcc110b0167	yes	decisions,moves,points	1	1	[1,3]	[0,3]	{"coin_full_prevention":[13,29,44,61],"coin_queued_offered":[61],"coin_queued_offered_any":[61]}	{"coin_defender_attack":7,"coin_queued_attack_damage":1}	{}	{"offgate_helper_by_mechanic":{"DirectDamage":[61]},"offgate_helper_choice":[61]}	no	no
8	k3	4	34	23100040034	rl/results/engine_switch_rules_2026-10/carriers/garchomp_meowth.txt	ab8af3aee5de2cedac4b972bcf4ab8e5e83cbc2e	decks/screen/opponents/t-sceptile.txt	12477c2422b898ca57beaec32e50b73c37fdd4b0	4aa494b764dacc08	5bdb475c6eb54b2e	yes	decisions,moves	1	1	[0,3]	[0,3]	{"coin_full_prevention":[17,32,46,59],"coin_queued_offered":[59],"coin_queued_offered_any":[59]}	{"coin_defender_attack":5,"coin_queued_attack_damage":1}	{}	{}	no	no
8	k3	4	39	23100040039	rl/results/engine_switch_rules_2026-10/carriers/garchomp_meowth.txt	ab8af3aee5de2cedac4b972bcf4ab8e5e83cbc2e	decks/screen/opponents/t-sceptile.txt	12477c2422b898ca57beaec32e50b73c37fdd4b0	14a25794415718de	088e4cbf18ef64d6	yes	decisions,moves,turns	0	0	[3,1]	[3,1]	{"coin_full_prevention":[50,62,92],"coin_queued_offered":[92],"coin_queued_offered_any":[92]}	{"coin_defender_attack":7,"coin_queued_attack_damage":1}	{}	{}	no	no
8	k3	4	40	23100040040	rl/results/engine_switch_rules_2026-10/carriers/garchomp_meowth.txt	ab8af3aee5de2cedac4b972bcf4ab8e5e83cbc2e	decks/screen/opponents/t-sceptile.txt	12477c2422b898ca57beaec32e50b73c37fdd4b0	1ca13a9fce1cf7a4	3583141e13011c53	yes	decisions,moves	1	1	[1,3]	[1,3]	{"coin_full_prevention":[11,23,40,85,99],"coin_queued_offered":[99],"coin_queued_offered_any":[99]}	{"coin_defender_attack":8,"coin_queued_attack_damage":1}	{}	{"offgate_helper_by_mechanic":{"DirectDamage":[99]},"offgate_helper_choice":[99]}	no	no
8	k3	4	43	23100040043	rl/results/engine_switch_rules_2026-10/carriers/garchomp_meowth.txt	ab8af3aee5de2cedac4b972bcf4ab8e5e83cbc2e	decks/screen/opponents/t-sceptile.txt	12477c2422b898ca57beaec32e50b73c37fdd4b0	85b6d59660b301e3	8b0581074397d9c3	yes	decisions,moves,turns	0	0	[3,0]	[3,0]	{"coin_full_prevention":[70,85]}	{"coin_defender_attack":3}	{}	{}	yes	yes
8	k3	4	51	23100040051	rl/results/engine_switch_rules_2026-10/carriers/garchomp_meowth.txt	ab8af3aee5de2cedac4b972bcf4ab8e5e83cbc2e	decks/screen/opponents/t-sceptile.txt	12477c2422b898ca57beaec32e50b73c37fdd4b0	834149b71ba91e3d	1d744813344efc11	yes	decisions,moves,turns	0	0	[3,0]	[3,0]	{"coin_full_prevention":[44,61]}	{"coin_defender_attack":5}	{}	{}	yes	yes
8	k3	4	52	23100040052	rl/results/engine_switch_rules_2026-10/carriers/garchomp_meowth.txt	ab8af3aee5de2cedac4b972bcf4ab8e5e83cbc2e	decks/screen/opponents/t-sceptile.txt	12477c2422b898ca57beaec32e50b73c37fdd4b0	fac47e7d3ca8b45b	b50b782a41b30c69	yes	decisions,moves	1	1	[0,3]	[0,3]	{"coin_full_prevention":[12,30,44],"coin_queued_offered":[30],"coin_queued_offered_any":[30]}	{"coin_defender_attack":4,"coin_queued_attack_damage":1}	{}	{"offgate_helper_by_mechanic":{"DirectDamage":[30]},"offgate_helper_choice":[30]}	no	no
8	k3	4	55	23100040055	rl/results/engine_switch_rules_2026-10/carriers/garchomp_meowth.txt	ab8af3aee5de2cedac4b972bcf4ab8e5e83cbc2e	decks/screen/opponents/t-sceptile.txt	12477c2422b898ca57beaec32e50b73c37fdd4b0	d2a82da6727e4bcc	e2c940cc4466dd99	yes	decisions,moves,points	1	1	[1,1]	[0,1]	{"coin_full_prevention":[24],"coin_queued_offered":[24],"coin_queued_offered_any":[24]}	{"coin_defender_attack":2,"coin_queued_attack_damage":1}	{}	{"offgate_helper_by_mechanic":{"DirectDamage":[24]},"offgate_helper_choice":[24]}	no	no
8	k3	4	62	23100040062	rl/results/engine_switch_rules_2026-10/carriers/garchomp_meowth.txt	ab8af3aee5de2cedac4b972bcf4ab8e5e83cbc2e	decks/screen/opponents/t-sceptile.txt	12477c2422b898ca57beaec32e50b73c37fdd4b0	8747578133cfa520	912505fabdf553d4	yes	decisions,first_deck_score,moves,points,turns,winner_seat	1	0	[0,3]	[3,2]	{"coin_full_prevention":[51,62,76],"coin_queued_offered":[76],"coin_queued_offered_any":[76]}	{"coin_defender_attack":8,"coin_queued_attack_damage":1}	{}	{"offgate_helper_by_mechanic":{"DirectDamage":[76]},"offgate_helper_choice":[76]}	no	no
8	k3	4	68	23100040068	rl/results/engine_switch_rules_2026-10/carriers/garchomp_meowth.txt	ab8af3aee5de2cedac4b972bcf4ab8e5e83cbc2e	decks/screen/opponents/t-sceptile.txt	12477c2422b898ca57beaec32e50b73c37fdd4b0	4e1bdd1f58072788	cb11971cd9f01c06	yes	decisions,moves	0	0	[3,2]	[3,2]	{"coin_full_prevention":[58],"coin_queued_offered":[58],"coin_queued_offered_any":[58]}	{"coin_defender_attack":6,"coin_queued_attack_damage":1}	{}	{"offgate_helper_by_mechanic":{"DirectDamage":[58]},"offgate_helper_choice":[58]}	no	no
8	k3	4	73	23100040073	rl/results/engine_switch_rules_2026-10/carriers/garchomp_meowth.txt	ab8af3aee5de2cedac4b972bcf4ab8e5e83cbc2e	decks/screen/opponents/t-sceptile.txt	12477c2422b898ca57beaec32e50b73c37fdd4b0	cd47d8551110eb74	d6cf67bee328de9b	yes	decisions,moves,points,turns	0	0	[3,0]	[3,2]	{"coin_full_prevention":[53,67],"coin_queued_offered":[53,67],"coin_queued_offered_any":[53,67]}	{"coin_defender_attack":9,"coin_queued_attack_damage":2}	{}	{"offgate_helper_by_mechanic":{"DirectDamage":[37,53,67,75]},"offgate_helper_choice":[37,53,67,75]}	no	no
8	k3	4	76	23100040076	rl/results/engine_switch_rules_2026-10/carriers/garchomp_meowth.txt	ab8af3aee5de2cedac4b972bcf4ab8e5e83cbc2e	decks/screen/opponents/t-sceptile.txt	12477c2422b898ca57beaec32e50b73c37fdd4b0	c7b267f34045afeb	344b715fdd940519	yes	decisions,moves	1	1	[0,3]	[0,3]	{"coin_full_prevention":[14,34,47,78],"coin_queued_offered":[78],"coin_queued_offered_any":[78]}	{"coin_defender_attack":6,"coin_queued_attack_damage":1}	{}	{"offgate_helper_by_mechanic":{"DirectDamage":[78]},"offgate_helper_choice":[78]}	no	no
8	k3	4	77	23100040077	rl/results/engine_switch_rules_2026-10/carriers/garchomp_meowth.txt	ab8af3aee5de2cedac4b972bcf4ab8e5e83cbc2e	decks/screen/opponents/t-sceptile.txt	12477c2422b898ca57beaec32e50b73c37fdd4b0	b00e784b02fb33d1	bdb70bd893e8c936	yes	decisions,moves	1	1	[2,3]	[2,3]	{"coin_full_prevention":[46,59],"coin_queued_offered":[59],"coin_queued_offered_any":[59]}	{"coin_defender_attack":7,"coin_queued_attack_damage":1}	{}	{"offgate_helper_by_mechanic":{"DirectDamage":[59]},"offgate_helper_choice":[59]}	no	no
8	k3	4	78	23100040078	rl/results/engine_switch_rules_2026-10/carriers/garchomp_meowth.txt	ab8af3aee5de2cedac4b972bcf4ab8e5e83cbc2e	decks/screen/opponents/t-sceptile.txt	12477c2422b898ca57beaec32e50b73c37fdd4b0	2830339c9e1d6c10	80a12f98dcde3701	yes	decisions,moves,turns	1	1	[1,3]	[1,3]	{"coin_full_prevention":[36,49,63],"coin_queued_offered":[36,49,63],"coin_queued_offered_any":[36,49,63]}	{"coin_defender_attack":7,"coin_queued_attack_damage":3}	{}	{"offgate_helper_by_mechanic":{"DirectDamage":[36,49,63]},"offgate_helper_choice":[36,49,63]}	no	no
8	k3	4	80	23100040080	rl/results/engine_switch_rules_2026-10/carriers/garchomp_meowth.txt	ab8af3aee5de2cedac4b972bcf4ab8e5e83cbc2e	decks/screen/opponents/t-sceptile.txt	12477c2422b898ca57beaec32e50b73c37fdd4b0	6a58a55331a89c3c	8c86c12013c5c8e5	yes	decisions,first_deck_score,moves,points,turns,winner_seat	1	0	[2,3]	[3,2]	{"coin_full_prevention":[36,50,92],"coin_queued_offered":[92],"coin_queued_offered_any":[92]}	{"coin_defender_attack":8,"coin_queued_attack_damage":1}	{}	{"offgate_helper_by_mechanic":{"DirectDamage":[92]},"offgate_helper_choice":[92]}	no	no
8	k3	4	83	23100040083	rl/results/engine_switch_rules_2026-10/carriers/garchomp_meowth.txt	ab8af3aee5de2cedac4b972bcf4ab8e5e83cbc2e	decks/screen/opponents/t-sceptile.txt	12477c2422b898ca57beaec32e50b73c37fdd4b0	629896238130fc11	4cd5039da00efade	yes	decisions,moves	0	0	[3,0]	[3,0]	{"coin_full_prevention":[27],"coin_queued_offered":[27],"coin_queued_offered_any":[27]}	{"coin_defender_attack":5,"coin_queued_attack_damage":1}	{}	{"offgate_helper_by_mechanic":{"DirectDamage":[27]},"offgate_helper_choice":[27]}	no	no
8	k3	4	88	23100040088	rl/results/engine_switch_rules_2026-10/carriers/garchomp_meowth.txt	ab8af3aee5de2cedac4b972bcf4ab8e5e83cbc2e	decks/screen/opponents/t-sceptile.txt	12477c2422b898ca57beaec32e50b73c37fdd4b0	347a85090f4eade0	5ecc0077cae104f6	yes	decisions,moves	0	0	[3,2]	[3,2]	{"coin_full_prevention":[52],"coin_queued_offered":[52],"coin_queued_offered_any":[52]}	{"coin_defender_attack":7,"coin_queued_attack_damage":1}	{}	{"offgate_helper_by_mechanic":{"DirectDamage":[52]},"offgate_helper_choice":[52]}	no	no
8	k3	4	89	23100040089	rl/results/engine_switch_rules_2026-10/carriers/garchomp_meowth.txt	ab8af3aee5de2cedac4b972bcf4ab8e5e83cbc2e	decks/screen/opponents/t-sceptile.txt	12477c2422b898ca57beaec32e50b73c37fdd4b0	1b028f716042a624	22aecf7d336ed60a	yes	decisions,moves,points	1	1	[2,3]	[1,3]	{"coin_full_prevention":[51,67],"coin_queued_offered":[67],"coin_queued_offered_any":[67]}	{"coin_defender_attack":7,"coin_queued_attack_damage":1}	{}	{"offgate_helper_by_mechanic":{"DirectDamage":[67]},"offgate_helper_choice":[67]}	no	no
8	k3	4	92	23100040092	rl/results/engine_switch_rules_2026-10/carriers/garchomp_meowth.txt	ab8af3aee5de2cedac4b972bcf4ab8e5e83cbc2e	decks/screen/opponents/t-sceptile.txt	12477c2422b898ca57beaec32e50b73c37fdd4b0	687a652a1f06fe23	eff1ecba761c6b88	yes	decisions,moves	0	0	[3,2]	[3,2]	{"coin_full_prevention":[68],"coin_queued_offered":[68],"coin_queued_offered_any":[68]}	{"coin_defender_attack":5,"coin_queued_attack_damage":1}	{}	{}	no	no
8	k3	4	93	23100040093	rl/results/engine_switch_rules_2026-10/carriers/garchomp_meowth.txt	ab8af3aee5de2cedac4b972bcf4ab8e5e83cbc2e	decks/screen/opponents/t-sceptile.txt	12477c2422b898ca57beaec32e50b73c37fdd4b0	fdda14d6b6d823c5	261ff8f3ccdd3dca	yes	decisions,moves,points	1	1	[2,3]	[1,3]	{"coin_full_prevention":[42,58],"coin_queued_offered":[42,58],"coin_queued_offered_any":[42,58]}	{"coin_defender_attack":6,"coin_queued_attack_damage":2}	{}	{"offgate_helper_by_mechanic":{"DirectDamage":[42,58]},"offgate_helper_choice":[42,58]}	no	no
8	k3	4	95	23100040095	rl/results/engine_switch_rules_2026-10/carriers/garchomp_meowth.txt	ab8af3aee5de2cedac4b972bcf4ab8e5e83cbc2e	decks/screen/opponents/t-sceptile.txt	12477c2422b898ca57beaec32e50b73c37fdd4b0	13419726711c6534	93354f5fb20b3a2f	yes	decisions,moves,points	0	0	[3,1]	[3,0]	{"coin_full_prevention":[42,60]}	{"coin_defender_attack":5}	{}	{}	yes	yes
8	k3	4	98	23100040098	rl/results/engine_switch_rules_2026-10/carriers/garchomp_meowth.txt	ab8af3aee5de2cedac4b972bcf4ab8e5e83cbc2e	decks/screen/opponents/t-sceptile.txt	12477c2422b898ca57beaec32e50b73c37fdd4b0	55fa0961d580af1e	5cf532a02740e0d5	yes	decisions,moves,points	0	0	[3,1]	[3,0]	{"coin_full_prevention":[46,57,74],"coin_queued_offered":[74],"coin_queued_offered_any":[74]}	{"coin_defender_attack":5,"coin_queued_attack_damage":1}	{}	{"offgate_helper_by_mechanic":{"DirectDamage":[65,74]},"offgate_helper_choice":[65,74]}	no	no
8	k3	4	103	23100040103	rl/results/engine_switch_rules_2026-10/carriers/garchomp_meowth.txt	ab8af3aee5de2cedac4b972bcf4ab8e5e83cbc2e	decks/screen/opponents/t-sceptile.txt	12477c2422b898ca57beaec32e50b73c37fdd4b0	de0752991ff1221b	a87edf6873165b44	yes	decisions,moves	1	1	[2,3]	[2,3]	{"coin_full_prevention":[61],"coin_queued_offered":[61],"coin_queued_offered_any":[61]}	{"coin_defender_attack":3,"coin_queued_attack_damage":1}	{}	{}	no	no
8	k3	4	104	23100040104	rl/results/engine_switch_rules_2026-10/carriers/garchomp_meowth.txt	ab8af3aee5de2cedac4b972bcf4ab8e5e83cbc2e	decks/screen/opponents/t-sceptile.txt	12477c2422b898ca57beaec32e50b73c37fdd4b0	f3f14c90f351577a	8c4f28295a702484	yes	decisions,moves	1	1	[0,3]	[0,3]	{}	{"coin_defender_attack":1}	{}	{"offgate_helper_by_mechanic":{"DirectDamage":[62]},"offgate_helper_choice":[62]}	yes	no
8	k3	4	105	23100040105	rl/results/engine_switch_rules_2026-10/carriers/garchomp_meowth.txt	ab8af3aee5de2cedac4b972bcf4ab8e5e83cbc2e	decks/screen/opponents/t-sceptile.txt	12477c2422b898ca57beaec32e50b73c37fdd4b0	f1254c87ffd6bcb1	154651deb035bb9b	yes	decisions,moves	1	1	[2,3]	[2,3]	{"coin_full_prevention":[14,30,52],"coin_queued_offered":[80],"coin_queued_offered_any":[80]}	{"coin_defender_attack":7}	{}	{"offgate_helper_by_mechanic":{"DirectDamage":[80]},"offgate_helper_choice":[80]}	no	no
8	k3	4	106	23100040106	rl/results/engine_switch_rules_2026-10/carriers/garchomp_meowth.txt	ab8af3aee5de2cedac4b972bcf4ab8e5e83cbc2e	decks/screen/opponents/t-sceptile.txt	12477c2422b898ca57beaec32e50b73c37fdd4b0	f0f3787ee9036154	6a3b36b550e9c9f3	yes	decisions,moves	0	0	[3,1]	[3,1]	{"coin_full_prevention":[14,35,49],"coin_queued_offered":[75],"coin_queued_offered_any":[75]}	{"coin_defender_attack":6}	{}	{"offgate_helper_by_mechanic":{"DirectDamage":[75]},"offgate_helper_choice":[75]}	no	no
8	k3	4	111	23100040111	rl/results/engine_switch_rules_2026-10/carriers/garchomp_meowth.txt	ab8af3aee5de2cedac4b972bcf4ab8e5e83cbc2e	decks/screen/opponents/t-sceptile.txt	12477c2422b898ca57beaec32e50b73c37fdd4b0	9cb62b5426f7a72e	de34780d78c95cf9	yes	decisions,moves	0	0	[3,0]	[3,0]	{"coin_full_prevention":[47,71],"coin_queued_offered":[71],"coin_queued_offered_any":[71]}	{"coin_defender_attack":4,"coin_queued_attack_damage":1}	{}	{"offgate_helper_by_mechanic":{"DirectDamage":[71]},"offgate_helper_choice":[71]}	no	no
8	k3	4	112	23100040112	rl/results/engine_switch_rules_2026-10/carriers/garchomp_meowth.txt	ab8af3aee5de2cedac4b972bcf4ab8e5e83cbc2e	decks/screen/opponents/t-sceptile.txt	12477c2422b898ca57beaec32e50b73c37fdd4b0	7eb9a2b756e7afa9	4d46b103a38ee45b	yes	decisions,discard_attacks,first_deck_score,moves,points,turns,winner_seat	1	0	[0,3]	[5,2]	{"coin_full_prevention":[43,57],"coin_queued_offered":[43],"coin_queued_offered_any":[43]}	{"coin_defender_attack":7,"coin_queued_attack_damage":1}	{}	{"offgate_helper_by_mechanic":{"DirectDamage":[43,66]},"offgate_helper_choice":[43,66]}	no	no
8	k3	4	115	23100040115	rl/results/engine_switch_rules_2026-10/carriers/garchomp_meowth.txt	ab8af3aee5de2cedac4b972bcf4ab8e5e83cbc2e	decks/screen/opponents/t-sceptile.txt	12477c2422b898ca57beaec32e50b73c37fdd4b0	15dc95c1eeaecb9a	be7aa4d0524a26ec	yes	decisions,moves,turns	0	0	[3,0]	[3,0]	{"coin_full_prevention":[42,71],"coin_queued_offered":[55],"coin_queued_offered_any":[55]}	{"coin_defender_attack":8}	{}	{"offgate_helper_by_mechanic":{"DirectDamage":[55]},"offgate_helper_choice":[55]}	no	no
8	k3	4	119	23100040119	rl/results/engine_switch_rules_2026-10/carriers/garchomp_meowth.txt	ab8af3aee5de2cedac4b972bcf4ab8e5e83cbc2e	decks/screen/opponents/t-sceptile.txt	12477c2422b898ca57beaec32e50b73c37fdd4b0	1db95ff8163dbcf6	ebe0aa4632d14cb7	yes	decisions,discard_attacks,first_deck_score,moves,points,turns,winner_seat	0	1	[3,0]	[2,3]	{"coin_full_prevention":[16,33,46,57,71],"coin_queued_offered":[71],"coin_queued_offered_any":[71]}	{"coin_defender_attack":6,"coin_queued_attack_damage":1}	{}	{"offgate_helper_by_mechanic":{"DirectDamage":[71]},"offgate_helper_choice":[71]}	no	no
8	k3	4	123	23100040123	rl/results/engine_switch_rules_2026-10/carriers/garchomp_meowth.txt	ab8af3aee5de2cedac4b972bcf4ab8e5e83cbc2e	decks/screen/opponents/t-sceptile.txt	12477c2422b898ca57beaec32e50b73c37fdd4b0	4d7cb12bef3ab71c	3e0dc91eedcde2ed	yes	decisions,discard_attacks,first_deck_score,moves,points,turns,winner_seat	1	0	[2,3]	[3,0]	{"coin_full_prevention":[22],"coin_queued_offered":[22],"coin_queued_offered_any":[22]}	{"coin_defender_attack":3,"coin_queued_attack_damage":1}	{}	{}	no	no
8	k3	4	124	23100040124	rl/results/engine_switch_rules_2026-10/carriers/garchomp_meowth.txt	ab8af3aee5de2cedac4b972bcf4ab8e5e83cbc2e	decks/screen/opponents/t-sceptile.txt	12477c2422b898ca57beaec32e50b73c37fdd4b0	61a0f2c88a76b4b8	c0cf6f70502ec40a	yes	decisions,moves,turns	0	0	[3,1]	[3,1]	{"coin_full_prevention":[53],"coin_queued_offered":[53],"coin_queued_offered_any":[53]}	{"coin_defender_attack":8,"coin_queued_attack_damage":1}	{}	{"offgate_helper_by_mechanic":{"DirectDamage":[40,53]},"offgate_helper_choice":[40,53]}	no	no
8	k3	4	127	23100040127	rl/results/engine_switch_rules_2026-10/carriers/garchomp_meowth.txt	ab8af3aee5de2cedac4b972bcf4ab8e5e83cbc2e	decks/screen/opponents/t-sceptile.txt	12477c2422b898ca57beaec32e50b73c37fdd4b0	ef1476fc1370c514	0738f24f01220b4b	yes	decisions,moves,points	1	1	[1,3]	[0,3]	{"coin_full_prevention":[73],"coin_queued_offered":[73],"coin_queued_offered_any":[73]}	{"coin_defender_attack":6,"coin_queued_attack_damage":1}	{}	{"offgate_helper_by_mechanic":{"DirectDamage":[73]},"offgate_helper_choice":[73]}	no	no
8	k3	4	131	23100040131	rl/results/engine_switch_rules_2026-10/carriers/garchomp_meowth.txt	ab8af3aee5de2cedac4b972bcf4ab8e5e83cbc2e	decks/screen/opponents/t-sceptile.txt	12477c2422b898ca57beaec32e50b73c37fdd4b0	34fe1e60ad55dcf9	cc5407a6713a0ee3	yes	decisions,discard_attacks,first_deck_score,moves,points,turns,winner_seat	0	1	[3,0]	[2,4]	{"coin_full_prevention":[42,61]}	{"coin_defender_attack":7}	{}	{"offgate_helper_by_mechanic":{"DirectDamage":[25,69]},"offgate_helper_choice":[25,69]}	yes	yes
8	k3	4	134	23100040134	rl/results/engine_switch_rules_2026-10/carriers/garchomp_meowth.txt	ab8af3aee5de2cedac4b972bcf4ab8e5e83cbc2e	decks/screen/opponents/t-sceptile.txt	12477c2422b898ca57beaec32e50b73c37fdd4b0	fa57d77f3a109016	a3b00d0a1a0668d5	yes	decisions,first_deck_score,moves,points,turns,winner_seat	1	0	[1,3]	[3,2]	{"coin_full_prevention":[54,96],"coin_queued_offered":[96],"coin_queued_offered_any":[96]}	{"coin_defender_attack":8,"coin_queued_attack_damage":1}	{}	{"offgate_helper_by_mechanic":{"DirectDamage":[76]},"offgate_helper_choice":[76]}	no	no
8	k3	4	135	23100040135	rl/results/engine_switch_rules_2026-10/carriers/garchomp_meowth.txt	ab8af3aee5de2cedac4b972bcf4ab8e5e83cbc2e	decks/screen/opponents/t-sceptile.txt	12477c2422b898ca57beaec32e50b73c37fdd4b0	a0badc028ebb23bb	f94e9d381edcd21a	yes	decisions,discard_attacks,moves,points,turns	0	0	[3,0]	[3,1]	{"coin_full_prevention":[19,48,62,77,94],"coin_queued_offered":[19],"coin_queued_offered_any":[19]}	{"coin_defender_attack":10,"coin_queued_attack_damage":1}	{}	{"offgate_helper_by_mechanic":{"DirectDamage":[19]},"offgate_helper_choice":[19]}	no	no
8	k3	4	136	23100040136	rl/results/engine_switch_rules_2026-10/carriers/garchomp_meowth.txt	ab8af3aee5de2cedac4b972bcf4ab8e5e83cbc2e	decks/screen/opponents/t-sceptile.txt	12477c2422b898ca57beaec32e50b73c37fdd4b0	a88cbd521f2f9869	a6f2ee2fa2e1e4a8	yes	decisions,discard_attacks,first_deck_score,moves,points,turns,winner_seat	1	0	[0,3]	[5,2]	{"coin_full_prevention":[13,31,48,81,94],"coin_queued_offered":[48],"coin_queued_offered_any":[48]}	{"coin_defender_attack":10,"coin_queued_attack_damage":1}	{}	{"offgate_helper_by_mechanic":{"DirectDamage":[48]},"offgate_helper_choice":[48]}	no	no
8	k3	4	137	23100040137	rl/results/engine_switch_rules_2026-10/carriers/garchomp_meowth.txt	ab8af3aee5de2cedac4b972bcf4ab8e5e83cbc2e	decks/screen/opponents/t-sceptile.txt	12477c2422b898ca57beaec32e50b73c37fdd4b0	6de02ca61f3ae5af	c3a08d3ae2b85627	yes	decisions,moves	0	0	[3,0]	[3,0]	{"coin_full_prevention":[62],"coin_queued_offered":[62],"coin_queued_offered_any":[62]}	{"coin_defender_attack":5,"coin_queued_attack_damage":1}	{}	{}	no	no
8	k3	4	140	23100040140	rl/results/engine_switch_rules_2026-10/carriers/garchomp_meowth.txt	ab8af3aee5de2cedac4b972bcf4ab8e5e83cbc2e	decks/screen/opponents/t-sceptile.txt	12477c2422b898ca57beaec32e50b73c37fdd4b0	ca68729705804387	4feb5ddab4b43153	yes	decisions,discard_attacks,first_deck_score,moves,points,turns,winner_seat	1	0	[1,3]	[4,2]	{"coin_full_prevention":[45],"coin_queued_offered":[32],"coin_queued_offered_any":[32]}	{"coin_defender_attack":5}	{}	{"offgate_helper_by_mechanic":{"DirectDamage":[32,53]},"offgate_helper_choice":[32,53]}	no	no
8	k3	4	142	23100040142	rl/results/engine_switch_rules_2026-10/carriers/garchomp_meowth.txt	ab8af3aee5de2cedac4b972bcf4ab8e5e83cbc2e	decks/screen/opponents/t-sceptile.txt	12477c2422b898ca57beaec32e50b73c37fdd4b0	09d321293b0d41a9	f35505b8bf62a102	yes	decisions,moves,points	0	0	[3,2]	[3,1]	{"coin_full_prevention":[27,42,62],"coin_queued_offered":[62],"coin_queued_offered_any":[62]}	{"coin_defender_attack":6,"coin_queued_attack_damage":1}	{}	{"offgate_helper_by_mechanic":{"DirectDamage":[62]},"offgate_helper_choice":[62]}	no	no
8	k3	4	144	23100040144	rl/results/engine_switch_rules_2026-10/carriers/garchomp_meowth.txt	ab8af3aee5de2cedac4b972bcf4ab8e5e83cbc2e	decks/screen/opponents/t-sceptile.txt	12477c2422b898ca57beaec32e50b73c37fdd4b0	fdb93f3215fafa25	bffa60b6e9b301d7	yes	decisions,moves,points,turns	1	1	[0,3]	[2,3]	{"coin_full_prevention":[53,64,79,89],"coin_queued_offered":[79,89],"coin_queued_offered_any":[79,89]}	{"coin_defender_attack":10,"coin_queued_attack_damage":2}	{}	{"offgate_helper_by_mechanic":{"DirectDamage":[79,89]},"offgate_helper_choice":[79,89]}	no	no
8	k3	4	145	23100040145	rl/results/engine_switch_rules_2026-10/carriers/garchomp_meowth.txt	ab8af3aee5de2cedac4b972bcf4ab8e5e83cbc2e	decks/screen/opponents/t-sceptile.txt	12477c2422b898ca57beaec32e50b73c37fdd4b0	4e70639fff8c7acd	92e0a31199dcccf6	yes	decisions,moves,turns	0	0	[3,0]	[3,0]	{"coin_full_prevention":[52,80]}	{"coin_defender_attack":4}	{}	{}	yes	yes
8	k3	4	150	23100040150	rl/results/engine_switch_rules_2026-10/carriers/garchomp_meowth.txt	ab8af3aee5de2cedac4b972bcf4ab8e5e83cbc2e	decks/screen/opponents/t-sceptile.txt	12477c2422b898ca57beaec32e50b73c37fdd4b0	bee5b9af96fdac95	56b384009fe10f7c	yes	decisions,discard_attacks,first_deck_score,moves,points,turns,winner_seat	1	0	[1,3]	[3,1]	{"coin_full_prevention":[15],"coin_queued_offered":[67],"coin_queued_offered_any":[67]}	{"coin_defender_attack":6}	{}	{"offgate_helper_by_mechanic":{"DirectDamage":[67]},"offgate_helper_choice":[67]}	no	no
8	k3	4	152	23100040152	rl/results/engine_switch_rules_2026-10/carriers/garchomp_meowth.txt	ab8af3aee5de2cedac4b972bcf4ab8e5e83cbc2e	decks/screen/opponents/t-sceptile.txt	12477c2422b898ca57beaec32e50b73c37fdd4b0	fbf802a1ac24ab2a	72206030604530b7	yes	decisions,moves,points	0	0	[3,2]	[3,1]	{"coin_full_prevention":[80],"coin_queued_offered":[80],"coin_queued_offered_any":[80]}	{"coin_defender_attack":4,"coin_queued_attack_damage":1}	{}	{"offgate_helper_by_mechanic":{"DirectDamage":[80]},"offgate_helper_choice":[80]}	no	no
8	k3	4	153	23100040153	rl/results/engine_switch_rules_2026-10/carriers/garchomp_meowth.txt	ab8af3aee5de2cedac4b972bcf4ab8e5e83cbc2e	decks/screen/opponents/t-sceptile.txt	12477c2422b898ca57beaec32e50b73c37fdd4b0	f6c97ec4617e5b88	c04a55ceb74c6c7d	yes	decisions,moves	1	1	[2,3]	[2,3]	{"coin_queued_offered":[74],"coin_queued_offered_any":[74]}	{"coin_defender_attack":7}	{}	{"offgate_helper_by_mechanic":{"DirectDamage":[74]},"offgate_helper_choice":[74]}	no	no
8	k3	4	154	23100040154	rl/results/engine_switch_rules_2026-10/carriers/garchomp_meowth.txt	ab8af3aee5de2cedac4b972bcf4ab8e5e83cbc2e	decks/screen/opponents/t-sceptile.txt	12477c2422b898ca57beaec32e50b73c37fdd4b0	9f9ccb5bebe5afa7	734457fd6b5c4317	yes	decisions,moves	1	1	[0,3]	[0,3]	{"coin_full_prevention":[65]}	{"coin_defender_attack":4}	{}	{}	yes	yes
8	k3	4	159	23100040159	rl/results/engine_switch_rules_2026-10/carriers/garchomp_meowth.txt	ab8af3aee5de2cedac4b972bcf4ab8e5e83cbc2e	decks/screen/opponents/t-sceptile.txt	12477c2422b898ca57beaec32e50b73c37fdd4b0	bc12cc287471eda4	17e8c8eb866242e8	yes	decisions,moves	1	1	[1,3]	[1,3]	{"coin_full_prevention":[46],"coin_queued_offered":[46],"coin_queued_offered_any":[46]}	{"coin_defender_attack":4,"coin_queued_attack_damage":1}	{}	{"offgate_helper_by_mechanic":{"DirectDamage":[46]},"offgate_helper_choice":[46]}	no	no
8	k3	4	160	23100040160	rl/results/engine_switch_rules_2026-10/carriers/garchomp_meowth.txt	ab8af3aee5de2cedac4b972bcf4ab8e5e83cbc2e	decks/screen/opponents/t-sceptile.txt	12477c2422b898ca57beaec32e50b73c37fdd4b0	3b546087f116e311	519c333fd079b34b	yes	decisions,moves	1	1	[1,3]	[1,3]	{"coin_full_prevention":[33],"coin_queued_offered":[33],"coin_queued_offered_any":[33]}	{"coin_defender_attack":4,"coin_queued_attack_damage":1}	{}	{"offgate_helper_by_mechanic":{"DirectDamage":[33]},"offgate_helper_choice":[33]}	no	no
8	k3	4	163	23100040163	rl/results/engine_switch_rules_2026-10/carriers/garchomp_meowth.txt	ab8af3aee5de2cedac4b972bcf4ab8e5e83cbc2e	decks/screen/opponents/t-sceptile.txt	12477c2422b898ca57beaec32e50b73c37fdd4b0	36d54a21ac9d00d4	4eecad20a5c1ee38	yes	decisions,moves	0	0	[3,0]	[3,0]	{"coin_full_prevention":[15,35,48]}	{"coin_defender_attack":5}	{}	{}	yes	yes
8	k3	4	166	23100040166	rl/results/engine_switch_rules_2026-10/carriers/garchomp_meowth.txt	ab8af3aee5de2cedac4b972bcf4ab8e5e83cbc2e	decks/screen/opponents/t-sceptile.txt	12477c2422b898ca57beaec32e50b73c37fdd4b0	e9b64e9b235b3a49	1328a3a6655d9e38	yes	decisions,moves	1	1	[0,3]	[0,3]	{"coin_full_prevention":[14,30,58],"coin_queued_offered":[30],"coin_queued_offered_any":[30]}	{"coin_defender_attack":5,"coin_queued_attack_damage":1}	{}	{"offgate_helper_by_mechanic":{"DirectDamage":[30]},"offgate_helper_choice":[30]}	no	no
8	k3	4	167	23100040167	rl/results/engine_switch_rules_2026-10/carriers/garchomp_meowth.txt	ab8af3aee5de2cedac4b972bcf4ab8e5e83cbc2e	decks/screen/opponents/t-sceptile.txt	12477c2422b898ca57beaec32e50b73c37fdd4b0	5cd4fd8fbc827eea	a3a41184658fb434	yes	decisions,moves	0	0	[3,1]	[3,1]	{"coin_full_prevention":[80],"coin_queued_offered":[80],"coin_queued_offered_any":[80]}	{"coin_defender_attack":6,"coin_queued_attack_damage":1}	{}	{}	no	no
8	k3	4	171	23100040171	rl/results/engine_switch_rules_2026-10/carriers/garchomp_meowth.txt	ab8af3aee5de2cedac4b972bcf4ab8e5e83cbc2e	decks/screen/opponents/t-sceptile.txt	12477c2422b898ca57beaec32e50b73c37fdd4b0	d6991122aeabfda5	f4e5982fec9a5d8c	yes	decisions,moves	0	0	[3,0]	[3,0]	{"coin_full_prevention":[25,68],"coin_queued_offered":[68],"coin_queued_offered_any":[68]}	{"coin_defender_attack":5,"coin_queued_attack_damage":1}	{}	{"offgate_helper_by_mechanic":{"DirectDamage":[48,68]},"offgate_helper_choice":[48,68]}	no	no
8	k3	4	174	23100040174	rl/results/engine_switch_rules_2026-10/carriers/garchomp_meowth.txt	ab8af3aee5de2cedac4b972bcf4ab8e5e83cbc2e	decks/screen/opponents/t-sceptile.txt	12477c2422b898ca57beaec32e50b73c37fdd4b0	469eb1e50e570929	73f866751defb2be	yes	decisions,discard_attacks,moves,points,turns	1	1	[0,3]	[2,3]	{"coin_full_prevention":[40,69,82,134],"coin_queued_offered":[40],"coin_queued_offered_any":[40]}	{"coin_defender_attack":12,"coin_queued_attack_damage":1}	{}	{"offgate_helper_by_mechanic":{"DirectDamage":[40,55]},"offgate_helper_choice":[40,55]}	no	no
8	k3	4	178	23100040178	rl/results/engine_switch_rules_2026-10/carriers/garchomp_meowth.txt	ab8af3aee5de2cedac4b972bcf4ab8e5e83cbc2e	decks/screen/opponents/t-sceptile.txt	12477c2422b898ca57beaec32e50b73c37fdd4b0	f90e38753d7566f0	027afc4a3036931b	yes	decisions,first_deck_score,moves,points,turns,winner_seat	1	0	[0,3]	[3,2]	{"coin_full_prevention":[21,33,47,91],"coin_queued_offered":[91],"coin_queued_offered_any":[91]}	{"coin_defender_attack":10,"coin_queued_attack_damage":1}	{}	{"offgate_helper_by_mechanic":{"DirectDamage":[91]},"offgate_helper_choice":[91]}	no	no
8	k3	4	181	23100040181	rl/results/engine_switch_rules_2026-10/carriers/garchomp_meowth.txt	ab8af3aee5de2cedac4b972bcf4ab8e5e83cbc2e	decks/screen/opponents/t-sceptile.txt	12477c2422b898ca57beaec32e50b73c37fdd4b0	c4d79b4dd40af1d4	854d19f227754774	yes	decisions,first_deck_score,moves,points,turns,winner_seat	0	1	[3,2]	[2,3]	{"coin_full_prevention":[24,37],"coin_queued_offered":[85],"coin_queued_offered_any":[85]}	{"coin_defender_attack":5}	{}	{"offgate_helper_by_mechanic":{"DirectDamage":[44,75,85]},"offgate_helper_choice":[44,75,85]}	no	no
8	k3	4	183	23100040183	rl/results/engine_switch_rules_2026-10/carriers/garchomp_meowth.txt	ab8af3aee5de2cedac4b972bcf4ab8e5e83cbc2e	decks/screen/opponents/t-sceptile.txt	12477c2422b898ca57beaec32e50b73c37fdd4b0	804dbcb04d57eace	3b8e1edb53c997b7	yes	decisions,discard_attacks,moves,points,turns	0	0	[3,1]	[3,0]	{"coin_full_prevention":[28,59],"coin_queued_offered":[28],"coin_queued_offered_any":[28]}	{"coin_defender_attack":6,"coin_queued_attack_damage":1}	{}	{}	no	no
8	k3	4	184	23100040184	rl/results/engine_switch_rules_2026-10/carriers/garchomp_meowth.txt	ab8af3aee5de2cedac4b972bcf4ab8e5e83cbc2e	decks/screen/opponents/t-sceptile.txt	12477c2422b898ca57beaec32e50b73c37fdd4b0	7ee753bca97ee6fb	22ae805e851a32b0	yes	decisions,discard_attacks,first_deck_score,moves,points,turns,winner_seat	1	0	[0,3]	[5,2]	{"coin_full_prevention":[37,93,110],"coin_queued_offered":[37],"coin_queued_offered_any":[37]}	{"coin_defender_attack":8,"coin_queued_attack_damage":1}	{}	{"offgate_helper_by_mechanic":{"DirectDamage":[37]},"offgate_helper_choice":[37]}	no	no
8	k3	4	188	23100040188	rl/results/engine_switch_rules_2026-10/carriers/garchomp_meowth.txt	ab8af3aee5de2cedac4b972bcf4ab8e5e83cbc2e	decks/screen/opponents/t-sceptile.txt	12477c2422b898ca57beaec32e50b73c37fdd4b0	5c6c59020f64702d	4a9ca9f177f066c1	yes	decisions,moves	1	1	[0,3]	[0,3]	{"coin_full_prevention":[28],"coin_queued_offered":[28],"coin_queued_offered_any":[28]}	{"coin_defender_attack":4,"coin_queued_attack_damage":1}	{}	{"offgate_helper_by_mechanic":{"DirectDamage":[28]},"offgate_helper_choice":[28]}	no	no
8	k3	4	189	23100040189	rl/results/engine_switch_rules_2026-10/carriers/garchomp_meowth.txt	ab8af3aee5de2cedac4b972bcf4ab8e5e83cbc2e	decks/screen/opponents/t-sceptile.txt	12477c2422b898ca57beaec32e50b73c37fdd4b0	53b71597f66b8742	14737a9df388dba6	yes	decisions,discard_attacks,moves,turns	0	0	[3,0]	[3,0]	{"coin_full_prevention":[84],"coin_queued_offered":[70],"coin_queued_offered_any":[70]}	{"coin_defender_attack":7}	{}	{"offgate_helper_by_mechanic":{"DirectDamage":[70]},"offgate_helper_choice":[70]}	no	no
8	k3	4	194	23100040194	rl/results/engine_switch_rules_2026-10/carriers/garchomp_meowth.txt	ab8af3aee5de2cedac4b972bcf4ab8e5e83cbc2e	decks/screen/opponents/t-sceptile.txt	12477c2422b898ca57beaec32e50b73c37fdd4b0	0706536ad986d5dc	f7c10bb4b9a144fe	yes	decisions,discard_attacks,moves,turns	1	1	[0,3]	[0,3]	{"coin_full_prevention":[17,29,42,80,96],"coin_queued_offered":[29],"coin_queued_offered_any":[29]}	{"coin_defender_attack":9,"coin_queued_attack_damage":1}	{}	{"offgate_helper_by_mechanic":{"DirectDamage":[29,53]},"offgate_helper_choice":[29,53]}	no	no
8	k3	4	201	23100040201	rl/results/engine_switch_rules_2026-10/carriers/garchomp_meowth.txt	ab8af3aee5de2cedac4b972bcf4ab8e5e83cbc2e	decks/screen/opponents/t-sceptile.txt	12477c2422b898ca57beaec32e50b73c37fdd4b0	c2fe08132dc4ad63	23f6317c96f188f4	yes	decisions,discard_attacks,moves,points,turns	0	0	[3,1]	[3,2]	{"coin_full_prevention":[33,64,76]}	{"coin_defender_attack":8}	{}	{"offgate_helper_by_mechanic":{"DirectDamage":[47]},"offgate_helper_choice":[47]}	yes	yes
8	k3	4	202	23100040202	rl/results/engine_switch_rules_2026-10/carriers/garchomp_meowth.txt	ab8af3aee5de2cedac4b972bcf4ab8e5e83cbc2e	decks/screen/opponents/t-sceptile.txt	12477c2422b898ca57beaec32e50b73c37fdd4b0	1e7872739ea52e08	010b0239c5a5b7f3	yes	decisions,moves	1	1	[1,3]	[1,3]	{"coin_full_prevention":[25,40,80]}	{"coin_defender_attack":6}	{}	{"offgate_helper_by_mechanic":{"DirectDamage":[46,61]},"offgate_helper_choice":[46,61]}	yes	yes
8	k3	4	204	23100040204	rl/results/engine_switch_rules_2026-10/carriers/garchomp_meowth.txt	ab8af3aee5de2cedac4b972bcf4ab8e5e83cbc2e	decks/screen/opponents/t-sceptile.txt	12477c2422b898ca57beaec32e50b73c37fdd4b0	075562e3f3eb4d2a	4cee2ab9d59c5d94	yes	decisions,moves	1	1	[0,3]	[0,3]	{"coin_full_prevention":[39,56]}	{"coin_defender_attack":5}	{}	{}	yes	yes
8	k3	4	205	23100040205	rl/results/engine_switch_rules_2026-10/carriers/garchomp_meowth.txt	ab8af3aee5de2cedac4b972bcf4ab8e5e83cbc2e	decks/screen/opponents/t-sceptile.txt	12477c2422b898ca57beaec32e50b73c37fdd4b0	d90c308927787559	ca811b4a715c1438	yes	decisions,discard_attacks,first_deck_score,moves,points,turns,winner_seat	1	0	[2,5]	[3,1]	{"coin_full_prevention":[72],"coin_queued_offered":[72],"coin_queued_offered_any":[72]}	{"coin_defender_attack":3,"coin_queued_attack_damage":1}	{}	{}	no	no
8	k3	4	208	23100040208	rl/results/engine_switch_rules_2026-10/carriers/garchomp_meowth.txt	ab8af3aee5de2cedac4b972bcf4ab8e5e83cbc2e	decks/screen/opponents/t-sceptile.txt	12477c2422b898ca57beaec32e50b73c37fdd4b0	98b5b4e9edba55a9	9352f8e617593b69	yes	decisions,first_deck_score,moves,points,turns,winner_seat	1	0	[0,3]	[3,2]	{"coin_full_prevention":[46,60],"coin_queued_offered":[60],"coin_queued_offered_any":[60]}	{"coin_defender_attack":7,"coin_queued_attack_damage":1}	{}	{}	no	no
8	k3	4	210	23100040210	rl/results/engine_switch_rules_2026-10/carriers/garchomp_meowth.txt	ab8af3aee5de2cedac4b972bcf4ab8e5e83cbc2e	decks/screen/opponents/t-sceptile.txt	12477c2422b898ca57beaec32e50b73c37fdd4b0	0a6805b0b58966a3	d2eecd0c021d4e83	yes	decisions,moves	1	1	[0,3]	[0,3]	{}	{"coin_defender_attack":1}	{}	{}	yes	no
8	k3	4	211	23100040211	rl/results/engine_switch_rules_2026-10/carriers/garchomp_meowth.txt	ab8af3aee5de2cedac4b972bcf4ab8e5e83cbc2e	decks/screen/opponents/t-sceptile.txt	12477c2422b898ca57beaec32e50b73c37fdd4b0	c1467fe722303db9	983c75d85947c2c9	yes	decisions,moves	0	0	[3,0]	[3,0]	{"coin_full_prevention":[23],"coin_queued_offered":[23],"coin_queued_offered_any":[23]}	{"coin_defender_attack":3,"coin_queued_attack_damage":1}	{}	{"offgate_helper_by_mechanic":{"DirectDamage":[23]},"offgate_helper_choice":[23]}	no	no
8	k3	4	212	23100040212	rl/results/engine_switch_rules_2026-10/carriers/garchomp_meowth.txt	ab8af3aee5de2cedac4b972bcf4ab8e5e83cbc2e	decks/screen/opponents/t-sceptile.txt	12477c2422b898ca57beaec32e50b73c37fdd4b0	7598e21bdfa51fb0	8dea6af5d61344e7	yes	decisions,discard_attacks,moves,points,turns	1	1	[0,3]	[2,3]	{"coin_full_prevention":[50,76],"coin_queued_offered":[50],"coin_queued_offered_any":[50]}	{"coin_defender_attack":10,"coin_queued_attack_damage":1}	{}	{"offgate_helper_by_mechanic":{"DirectDamage":[50]},"offgate_helper_choice":[50]}	no	no
8	k3	4	214	23100040214	rl/results/engine_switch_rules_2026-10/carriers/garchomp_meowth.txt	ab8af3aee5de2cedac4b972bcf4ab8e5e83cbc2e	decks/screen/opponents/t-sceptile.txt	12477c2422b898ca57beaec32e50b73c37fdd4b0	8b412c3f3ccc9762	72a8ef10e9a97527	yes	decisions,moves,points	0	0	[3,2]	[3,1]	{"coin_full_prevention":[15,36,52,70],"coin_queued_offered":[70],"coin_queued_offered_any":[70]}	{"coin_defender_attack":9,"coin_queued_attack_damage":1}	{}	{"offgate_helper_by_mechanic":{"DirectDamage":[70]},"offgate_helper_choice":[70]}	no	no
8	k3	4	215	23100040215	rl/results/engine_switch_rules_2026-10/carriers/garchomp_meowth.txt	ab8af3aee5de2cedac4b972bcf4ab8e5e83cbc2e	decks/screen/opponents/t-sceptile.txt	12477c2422b898ca57beaec32e50b73c37fdd4b0	c15e655a869323e7	731799073c8fc508	yes	decisions,moves	1	1	[2,3]	[2,3]	{"coin_full_prevention":[59],"coin_queued_offered":[59],"coin_queued_offered_any":[59]}	{"coin_defender_attack":7,"coin_queued_attack_damage":1}	{}	{"offgate_helper_by_mechanic":{"DirectDamage":[43,59]},"offgate_helper_choice":[43,59]}	no	no
8	k3	4	218	23100040218	rl/results/engine_switch_rules_2026-10/carriers/garchomp_meowth.txt	ab8af3aee5de2cedac4b972bcf4ab8e5e83cbc2e	decks/screen/opponents/t-sceptile.txt	12477c2422b898ca57beaec32e50b73c37fdd4b0	a07e6e53e43edfe3	976ff830de976937	yes	decisions,first_deck_score,moves,points,turns,winner_seat	1	0	[0,3]	[3,2]	{"coin_full_prevention":[54,66],"coin_queued_offered":[54,66],"coin_queued_offered_any":[54,66]}	{"coin_defender_attack":8,"coin_queued_attack_damage":2}	{}	{"offgate_helper_by_mechanic":{"DirectDamage":[54,66]},"offgate_helper_choice":[54,66]}	no	no
8	k3	4	220	23100040220	rl/results/engine_switch_rules_2026-10/carriers/garchomp_meowth.txt	ab8af3aee5de2cedac4b972bcf4ab8e5e83cbc2e	decks/screen/opponents/t-sceptile.txt	12477c2422b898ca57beaec32e50b73c37fdd4b0	561304d70e943e2f	08c0293f704c2de6	yes	decisions,first_deck_score,moves,points,turns,winner_seat	1	0	[0,3]	[3,1]	{"coin_full_prevention":[50,63],"coin_queued_offered":[63],"coin_queued_offered_any":[63]}	{"coin_defender_attack":7,"coin_queued_attack_damage":1}	{}	{"offgate_helper_by_mechanic":{"DirectDamage":[63]},"offgate_helper_choice":[63]}	no	no
8	k3	4	221	23100040221	rl/results/engine_switch_rules_2026-10/carriers/garchomp_meowth.txt	ab8af3aee5de2cedac4b972bcf4ab8e5e83cbc2e	decks/screen/opponents/t-sceptile.txt	12477c2422b898ca57beaec32e50b73c37fdd4b0	ea0fc2759619f0bc	67efbd282d27bde5	yes	decisions,first_deck_score,moves,points,turns,winner_seat	1	0	[2,3]	[3,2]	{"coin_full_prevention":[84],"coin_queued_offered":[84],"coin_queued_offered_any":[84]}	{"coin_defender_attack":7,"coin_queued_attack_damage":1}	{}	{}	no	no
8	k3	4	222	23100040222	rl/results/engine_switch_rules_2026-10/carriers/garchomp_meowth.txt	ab8af3aee5de2cedac4b972bcf4ab8e5e83cbc2e	decks/screen/opponents/t-sceptile.txt	12477c2422b898ca57beaec32e50b73c37fdd4b0	b5231b206387ff7b	16633f76701da6a5	yes	decisions,moves,points	0	0	[3,1]	[3,0]	{"coin_full_prevention":[52],"coin_queued_offered":[52],"coin_queued_offered_any":[52]}	{"coin_defender_attack":5,"coin_queued_attack_damage":1}	{}	{"offgate_helper_by_mechanic":{"DirectDamage":[52]},"offgate_helper_choice":[52]}	no	no
8	k3	4	223	23100040223	rl/results/engine_switch_rules_2026-10/carriers/garchomp_meowth.txt	ab8af3aee5de2cedac4b972bcf4ab8e5e83cbc2e	decks/screen/opponents/t-sceptile.txt	12477c2422b898ca57beaec32e50b73c37fdd4b0	d32353d14251cb1d	dbd8e85ffe763a98	yes	decisions,moves,turns	0	0	[3,0]	[3,0]	{"coin_full_prevention":[35,75],"coin_queued_offered":[35],"coin_queued_offered_any":[35]}	{"coin_defender_attack":6,"coin_queued_attack_damage":1}	{}	{"offgate_helper_by_mechanic":{"DirectDamage":[35]},"offgate_helper_choice":[35]}	no	no
8	k3	4	224	23100040224	rl/results/engine_switch_rules_2026-10/carriers/garchomp_meowth.txt	ab8af3aee5de2cedac4b972bcf4ab8e5e83cbc2e	decks/screen/opponents/t-sceptile.txt	12477c2422b898ca57beaec32e50b73c37fdd4b0	6eaa7585b18851b5	a596e4e44ac2c74b	yes	decisions,first_deck_score,moves,points,turns,winner_seat	1	0	[0,3]	[3,2]	{"coin_full_prevention":[39,66,81],"coin_queued_offered":[81],"coin_queued_offered_any":[81]}	{"coin_defender_attack":9,"coin_queued_attack_damage":1}	{}	{}	no	no
8	k3	4	226	23100040226	rl/results/engine_switch_rules_2026-10/carriers/garchomp_meowth.txt	ab8af3aee5de2cedac4b972bcf4ab8e5e83cbc2e	decks/screen/opponents/t-sceptile.txt	12477c2422b898ca57beaec32e50b73c37fdd4b0	31bbf304b5f88230	0e46dc1067acece0	yes	decisions,moves	1	1	[0,3]	[0,3]	{"coin_full_prevention":[25],"coin_queued_offered":[25],"coin_queued_offered_any":[25]}	{"coin_defender_attack":3,"coin_queued_attack_damage":1}	{}	{"offgate_helper_by_mechanic":{"DirectDamage":[25,38,51,62]},"offgate_helper_choice":[25,38,51,62]}	no	no
8	k3	4	227	23100040227	rl/results/engine_switch_rules_2026-10/carriers/garchomp_meowth.txt	ab8af3aee5de2cedac4b972bcf4ab8e5e83cbc2e	decks/screen/opponents/t-sceptile.txt	12477c2422b898ca57beaec32e50b73c37fdd4b0	d6c8a018023952f6	b12a93c1a6bd30d9	yes	decisions,moves	1	1	[2,3]	[2,3]	{"coin_full_prevention":[40,69],"coin_queued_offered":[69],"coin_queued_offered_any":[69]}	{"coin_defender_attack":7,"coin_queued_attack_damage":1}	{}	{"offgate_helper_by_mechanic":{"DirectDamage":[47,69]},"offgate_helper_choice":[47,69]}	no	no
8	k3	4	228	23100040228	rl/results/engine_switch_rules_2026-10/carriers/garchomp_meowth.txt	ab8af3aee5de2cedac4b972bcf4ab8e5e83cbc2e	decks/screen/opponents/t-sceptile.txt	12477c2422b898ca57beaec32e50b73c37fdd4b0	808c0e5821d3ee82	f5481427c1c83288	yes	decisions,first_deck_score,moves,points,turns,winner_seat	0	1	[3,2]	[0,3]	{"coin_full_prevention":[48,58,67],"coin_queued_offered":[33,48,58,67],"coin_queued_offered_any":[33,48,58,67]}	{"coin_defender_attack":9,"coin_queued_attack_damage":3}	{}	{"offgate_helper_by_mechanic":{"DirectDamage":[33,48,58,67]},"offgate_helper_choice":[33,48,58,67]}	no	no
8	k3	4	229	23100040229	rl/results/engine_switch_rules_2026-10/carriers/garchomp_meowth.txt	ab8af3aee5de2cedac4b972bcf4ab8e5e83cbc2e	decks/screen/opponents/t-sceptile.txt	12477c2422b898ca57beaec32e50b73c37fdd4b0	4994ff0ffec32b95	48bc99e023dfae34	yes	decisions,first_deck_score,moves,points,turns,winner_seat	0	1	[3,0]	[2,3]	{"coin_full_prevention":[33,45,56,95,111],"coin_queued_offered":[111],"coin_queued_offered_any":[111]}	{"coin_defender_attack":10,"coin_queued_attack_damage":1}	{}	{"offgate_helper_by_mechanic":{"DirectDamage":[111]},"offgate_helper_choice":[111]}	no	no
8	k3	4	230	23100040230	rl/results/engine_switch_rules_2026-10/carriers/garchomp_meowth.txt	ab8af3aee5de2cedac4b972bcf4ab8e5e83cbc2e	decks/screen/opponents/t-sceptile.txt	12477c2422b898ca57beaec32e50b73c37fdd4b0	b998cdd6de693cb0	6c90d2f8e3dda07a	yes	decisions,moves	0	0	[3,2]	[3,2]	{"coin_full_prevention":[36,51],"coin_queued_offered":[66],"coin_queued_offered_any":[66]}	{"coin_defender_attack":6}	{}	{"offgate_helper_by_mechanic":{"DirectDamage":[66]},"offgate_helper_choice":[66]}	no	no
8	k3	4	231	23100040231	rl/results/engine_switch_rules_2026-10/carriers/garchomp_meowth.txt	ab8af3aee5de2cedac4b972bcf4ab8e5e83cbc2e	decks/screen/opponents/t-sceptile.txt	12477c2422b898ca57beaec32e50b73c37fdd4b0	6b05be3407980480	5e2674159c62fc25	yes	decisions,moves,points	1	1	[1,3]	[0,3]	{"coin_full_prevention":[24,40,70],"coin_queued_offered":[70],"coin_queued_offered_any":[70]}	{"coin_defender_attack":5,"coin_queued_attack_damage":1}	{}	{"offgate_helper_by_mechanic":{"DirectDamage":[48,70]},"offgate_helper_choice":[48,70]}	no	no
8	k3	4	232	23100040232	rl/results/engine_switch_rules_2026-10/carriers/garchomp_meowth.txt	ab8af3aee5de2cedac4b972bcf4ab8e5e83cbc2e	decks/screen/opponents/t-sceptile.txt	12477c2422b898ca57beaec32e50b73c37fdd4b0	946a61bb05cc6840	bcedd3e05f0e6946	yes	decisions,moves	1	1	[0,3]	[0,3]	{"coin_full_prevention":[30],"coin_queued_offered":[30],"coin_queued_offered_any":[30]}	{"coin_defender_attack":3,"coin_queued_attack_damage":1}	{}	{"offgate_helper_by_mechanic":{"DirectDamage":[30]},"offgate_helper_choice":[30]}	no	no
8	k3	4	236	23100040236	rl/results/engine_switch_rules_2026-10/carriers/garchomp_meowth.txt	ab8af3aee5de2cedac4b972bcf4ab8e5e83cbc2e	decks/screen/opponents/t-sceptile.txt	12477c2422b898ca57beaec32e50b73c37fdd4b0	ffa9958a4b6f055f	4aa088301a2be51b	yes	decisions,moves	0	0	[3,2]	[3,2]	{"coin_full_prevention":[27,45,59,71],"coin_queued_offered":[71],"coin_queued_offered_any":[71]}	{"coin_defender_attack":5,"coin_queued_attack_damage":1}	{}	{"offgate_helper_by_mechanic":{"DirectDamage":[71]},"offgate_helper_choice":[71]}	no	no
8	k3	4	237	23100040237	rl/results/engine_switch_rules_2026-10/carriers/garchomp_meowth.txt	ab8af3aee5de2cedac4b972bcf4ab8e5e83cbc2e	decks/screen/opponents/t-sceptile.txt	12477c2422b898ca57beaec32e50b73c37fdd4b0	ad04ed664c990248	e7ac734c0f08c9d6	yes	decisions,moves	0	0	[3,0]	[3,0]	{"coin_full_prevention":[44],"coin_queued_offered":[72],"coin_queued_offered_any":[72]}	{"coin_defender_attack":4}	{}	{"offgate_helper_by_mechanic":{"DirectDamage":[72]},"offgate_helper_choice":[72]}	no	no
8	k3	4	238	23100040238	rl/results/engine_switch_rules_2026-10/carriers/garchomp_meowth.txt	ab8af3aee5de2cedac4b972bcf4ab8e5e83cbc2e	decks/screen/opponents/t-sceptile.txt	12477c2422b898ca57beaec32e50b73c37fdd4b0	189b487a93a920dc	9015b395215a5a99	yes	decisions,moves	1	1	[0,3]	[0,3]	{"coin_full_prevention":[55,98],"coin_queued_offered":[85,98],"coin_queued_offered_any":[85,98]}	{"coin_defender_attack":8,"coin_queued_attack_damage":1}	{}	{"offgate_helper_by_mechanic":{"DirectDamage":[85]},"offgate_helper_choice":[85]}	no	no
8	k3	4	239	23100040239	rl/results/engine_switch_rules_2026-10/carriers/garchomp_meowth.txt	ab8af3aee5de2cedac4b972bcf4ab8e5e83cbc2e	decks/screen/opponents/t-sceptile.txt	12477c2422b898ca57beaec32e50b73c37fdd4b0	8a2aff2085baf899	a152b1dd0455e26b	yes	decisions,discard_attacks,first_deck_score,moves,points,turns,winner_seat	0	1	[3,0]	[2,3]	{"coin_full_prevention":[39,57],"coin_queued_offered":[39,57],"coin_queued_offered_any":[39,57]}	{"coin_defender_attack":4,"coin_queued_attack_damage":2}	{}	{"offgate_helper_by_mechanic":{"DirectDamage":[39,57]},"offgate_helper_choice":[39,57]}	no	no
8	k3	4	242	23100040242	rl/results/engine_switch_rules_2026-10/carriers/garchomp_meowth.txt	ab8af3aee5de2cedac4b972bcf4ab8e5e83cbc2e	decks/screen/opponents/t-sceptile.txt	12477c2422b898ca57beaec32e50b73c37fdd4b0	907159f1770f16e2	06679b6e3cfc9db5	yes	decisions,moves,points	0	0	[3,2]	[3,1]	{"coin_full_prevention":[33,60],"coin_queued_offered":[33],"coin_queued_offered_any":[33]}	{"coin_defender_attack":6,"coin_queued_attack_damage":1}	{}	{"offgate_helper_by_mechanic":{"DirectDamage":[33]},"offgate_helper_choice":[33]}	no	no
8	k3	4	244	23100040244	rl/results/engine_switch_rules_2026-10/carriers/garchomp_meowth.txt	ab8af3aee5de2cedac4b972bcf4ab8e5e83cbc2e	decks/screen/opponents/t-sceptile.txt	12477c2422b898ca57beaec32e50b73c37fdd4b0	ec5f613136df54b4	bef9bb6c6a6f8371	yes	decisions,first_deck_score,moves,points,turns,winner_seat	1	0	[0,3]	[3,2]	{"coin_full_prevention":[40,53,67],"coin_queued_offered":[67],"coin_queued_offered_any":[67]}	{"coin_defender_attack":9,"coin_queued_attack_damage":1}	{}	{"offgate_helper_by_mechanic":{"DirectDamage":[67]},"offgate_helper_choice":[67]}	no	no
8	k3	4	248	23100040248	rl/results/engine_switch_rules_2026-10/carriers/garchomp_meowth.txt	ab8af3aee5de2cedac4b972bcf4ab8e5e83cbc2e	decks/screen/opponents/t-sceptile.txt	12477c2422b898ca57beaec32e50b73c37fdd4b0	bba70cc56fde2fe0	b694d11478915e0a	yes	decisions,moves,points	0	0	[3,2]	[3,1]	{"coin_full_prevention":[15],"coin_queued_offered":[47],"coin_queued_offered_any":[47]}	{"coin_defender_attack":7}	{}	{"offgate_helper_by_mechanic":{"DirectDamage":[32,47]},"offgate_helper_choice":[32,47]}	no	no
8	k3	4	249	23100040249	rl/results/engine_switch_rules_2026-10/carriers/garchomp_meowth.txt	ab8af3aee5de2cedac4b972bcf4ab8e5e83cbc2e	decks/screen/opponents/t-sceptile.txt	12477c2422b898ca57beaec32e50b73c37fdd4b0	ed59184edafa4f64	e5a5dfdbd2b8c1e5	yes	decisions,discard_attacks,moves,points,turns	0	0	[3,1]	[3,0]	{"coin_full_prevention":[54]}	{"coin_defender_attack":5}	{}	{"offgate_helper_by_mechanic":{"DirectDamage":[36]},"offgate_helper_choice":[36]}	yes	yes
8	k3	5	9	23100050009	rl/results/engine_switch_rules_2026-10/carriers/garchomp_meowth.txt	ab8af3aee5de2cedac4b972bcf4ab8e5e83cbc2e	decks/screen/opponents/t-suicune.txt	4de2246fc6f88665bdbf7c82c28cbdefe50f8f8c	a9867a54b2bceb21	14386fa3aacd145d	yes	abilities,decisions,moves,turns	0	0	[3,0]	[3,0]	{"coin_full_prevention":[55,70,103,116],"coin_queued_offered":[116],"coin_queued_offered_any":[116]}	{"coin_defender_attack":8,"coin_queued_attack_damage":1}	{}	{"offgate_helper_by_mechanic":{"DirectDamage":[81],"SelfDiscardAllTypeEnergyAndDamageAnyOpponentPokemon":[116]},"offgate_helper_choice":[81,116]}	no	no
8	k3	5	51	23100050051	rl/results/engine_switch_rules_2026-10/carriers/garchomp_meowth.txt	ab8af3aee5de2cedac4b972bcf4ab8e5e83cbc2e	decks/screen/opponents/t-suicune.txt	4de2246fc6f88665bdbf7c82c28cbdefe50f8f8c	7525e380ee01556a	47d909b92575ca0d	yes	decisions,moves	0	0	[3,0]	[3,0]	{"coin_full_prevention":[51],"coin_queued_offered":[64],"coin_queued_offered_any":[64]}	{"coin_defender_attack":6}	{}	{"offgate_helper_by_mechanic":{"SelfDiscardAllTypeEnergyAndDamageAnyOpponentPokemon":[64]},"offgate_helper_choice":[64]}	no	no
8	k3	5	65	23100050065	rl/results/engine_switch_rules_2026-10/carriers/garchomp_meowth.txt	ab8af3aee5de2cedac4b972bcf4ab8e5e83cbc2e	decks/screen/opponents/t-suicune.txt	4de2246fc6f88665bdbf7c82c28cbdefe50f8f8c	ef260f8087b565e5	7855ec84c621f502	yes	decisions,discard_attacks,moves,points	1	1	[2,3]	[1,4]	{"coin_full_prevention":[16,43,59],"coin_queued_offered":[29],"coin_queued_offered_any":[29]}	{"coin_defender_attack":7}	{}	{"offgate_helper_by_mechanic":{"SelfDiscardAllTypeEnergyAndDamageAnyOpponentPokemon":[29]},"offgate_helper_choice":[29]}	no	no
8	k3	5	88	23100050088	rl/results/engine_switch_rules_2026-10/carriers/garchomp_meowth.txt	ab8af3aee5de2cedac4b972bcf4ab8e5e83cbc2e	decks/screen/opponents/t-suicune.txt	4de2246fc6f88665bdbf7c82c28cbdefe50f8f8c	d99be091527e87b8	e2b3cbe5deed02e1	yes	abilities,decisions,moves,turns	0	0	[4,2]	[4,2]	{"coin_full_prevention":[41,57,70],"coin_queued_offered":[70],"coin_queued_offered_any":[70]}	{"coin_defender_attack":4,"coin_queued_attack_damage":1}	{}	{"offgate_helper_by_mechanic":{"SelfDiscardAllTypeEnergyAndDamageAnyOpponentPokemon":[70]},"offgate_helper_choice":[70]}	no	no
8	k3	5	89	23100050089	rl/results/engine_switch_rules_2026-10/carriers/garchomp_meowth.txt	ab8af3aee5de2cedac4b972bcf4ab8e5e83cbc2e	decks/screen/opponents/t-suicune.txt	4de2246fc6f88665bdbf7c82c28cbdefe50f8f8c	205aa029c14cbd24	087afabb7074954a	yes	decisions,moves	1	1	[2,4]	[2,4]	{"coin_full_prevention":[48],"coin_queued_offered":[33,91],"coin_queued_offered_any":[33,91]}	{"coin_defender_attack":8}	{}	{"offgate_helper_by_mechanic":{"SelfDiscardAllTypeEnergyAndDamageAnyOpponentPokemon":[33,91]},"offgate_helper_choice":[33,91]}	no	no
8	k3	5	98	23100050098	rl/results/engine_switch_rules_2026-10/carriers/garchomp_meowth.txt	ab8af3aee5de2cedac4b972bcf4ab8e5e83cbc2e	decks/screen/opponents/t-suicune.txt	4de2246fc6f88665bdbf7c82c28cbdefe50f8f8c	f644de9773916c86	413bdf404ad2ec6a	yes	decisions,moves	1	1	[1,3]	[1,3]	{"coin_full_prevention":[83,98,122],"coin_queued_offered":[122],"coin_queued_offered_any":[122]}	{"coin_defender_attack":8,"coin_queued_attack_damage":1}	{}	{"offgate_helper_by_mechanic":{"SelfDiscardAllTypeEnergyAndDamageAnyOpponentPokemon":[122]},"offgate_helper_choice":[122]}	no	no
8	k3	5	123	23100050123	rl/results/engine_switch_rules_2026-10/carriers/garchomp_meowth.txt	ab8af3aee5de2cedac4b972bcf4ab8e5e83cbc2e	decks/screen/opponents/t-suicune.txt	4de2246fc6f88665bdbf7c82c28cbdefe50f8f8c	2849385263650cd1	cf623335a412bc41	yes	abilities,decisions,moves,turns	0	0	[3,0]	[3,0]	{"coin_full_prevention":[20,33,66,82,126],"coin_queued_offered":[46,99],"coin_queued_offered_any":[46,99]}	{"coin_defender_attack":10}	{}	{"offgate_helper_by_mechanic":{"DirectDamage":[40],"SelfDiscardAllTypeEnergyAndDamageAnyOpponentPokemon":[46,99]},"offgate_helper_choice":[40,46,99]}	no	no
8	k3	5	130	23100050130	rl/results/engine_switch_rules_2026-10/carriers/garchomp_meowth.txt	ab8af3aee5de2cedac4b972bcf4ab8e5e83cbc2e	decks/screen/opponents/t-suicune.txt	4de2246fc6f88665bdbf7c82c28cbdefe50f8f8c	bca19507ed8de7c6	ec9fa8da2738ca29	yes	decisions,moves	0	0	[3,1]	[3,1]	{"coin_full_prevention":[57],"coin_queued_offered":[57],"coin_queued_offered_any":[57]}	{"coin_defender_attack":2,"coin_queued_attack_damage":1}	{}	{"offgate_helper_by_mechanic":{"SelfDiscardAllTypeEnergyAndDamageAnyOpponentPokemon":[57]},"offgate_helper_choice":[57]}	no	no
8	k3	5	166	23100050166	rl/results/engine_switch_rules_2026-10/carriers/garchomp_meowth.txt	ab8af3aee5de2cedac4b972bcf4ab8e5e83cbc2e	decks/screen/opponents/t-suicune.txt	4de2246fc6f88665bdbf7c82c28cbdefe50f8f8c	713ee06be07b494f	4c932ac176994955	yes	decisions,moves	1	1	[0,3]	[0,3]	{"coin_full_prevention":[91],"coin_queued_offered":[105],"coin_queued_offered_any":[105]}	{"coin_defender_attack":6}	{}	{"offgate_helper_by_mechanic":{"SelfDiscardAllTypeEnergyAndDamageAnyOpponentPokemon":[105]},"offgate_helper_choice":[105]}	no	no
8	k3	5	169	23100050169	rl/results/engine_switch_rules_2026-10/carriers/garchomp_meowth.txt	ab8af3aee5de2cedac4b972bcf4ab8e5e83cbc2e	decks/screen/opponents/t-suicune.txt	4de2246fc6f88665bdbf7c82c28cbdefe50f8f8c	8e69a229b1a452a5	beffebd6ccd792b5	yes	abilities,decisions,discard_attacks,moves	0	0	[3,0]	[3,0]	{"coin_full_prevention":[64,83]}	{"coin_defender_attack":4}	{}	{"offgate_helper_by_mechanic":{"DirectDamage":[34]},"offgate_helper_choice":[34]}	yes	yes
8	k3	5	193	23100050193	rl/results/engine_switch_rules_2026-10/carriers/garchomp_meowth.txt	ab8af3aee5de2cedac4b972bcf4ab8e5e83cbc2e	decks/screen/opponents/t-suicune.txt	4de2246fc6f88665bdbf7c82c28cbdefe50f8f8c	2a2702bd4da2f85e	b09774daf390adc2	yes	decisions,moves	0	0	[3,2]	[3,2]	{"coin_full_prevention":[93,107],"coin_queued_offered":[151],"coin_queued_offered_any":[151]}	{"coin_defender_attack":10}	{}	{"offgate_helper_by_mechanic":{"SelfDiscardAllTypeEnergyAndDamageAnyOpponentPokemon":[151]},"offgate_helper_choice":[151]}	no	no
8	k3	5	194	23100050194	rl/results/engine_switch_rules_2026-10/carriers/garchomp_meowth.txt	ab8af3aee5de2cedac4b972bcf4ab8e5e83cbc2e	decks/screen/opponents/t-suicune.txt	4de2246fc6f88665bdbf7c82c28cbdefe50f8f8c	626dda0dd366178c	fb63b7df5d999427	yes	abilities,decisions,moves,turns	1	1	[0,3]	[0,3]	{"coin_full_prevention":[81,95],"coin_queued_offered":[108],"coin_queued_offered_any":[108]}	{"coin_defender_attack":6}	{}	{"offgate_helper_by_mechanic":{"SelfDiscardAllTypeEnergyAndDamageAnyOpponentPokemon":[108]},"offgate_helper_choice":[108]}	no	no
8	k3	5	199	23100050199	rl/results/engine_switch_rules_2026-10/carriers/garchomp_meowth.txt	ab8af3aee5de2cedac4b972bcf4ab8e5e83cbc2e	decks/screen/opponents/t-suicune.txt	4de2246fc6f88665bdbf7c82c28cbdefe50f8f8c	b18a25089d6290ea	c68b80df5cad5e1e	yes	abilities,decisions,discard_attacks,moves	0	0	[3,0]	[3,0]	{"coin_full_prevention":[31,90]}	{"coin_defender_attack":5}	{}	{}	yes	yes
8	k3	5	208	23100050208	rl/results/engine_switch_rules_2026-10/carriers/garchomp_meowth.txt	ab8af3aee5de2cedac4b972bcf4ab8e5e83cbc2e	decks/screen/opponents/t-suicune.txt	4de2246fc6f88665bdbf7c82c28cbdefe50f8f8c	cf4e0997e004984a	1f09ae5bbecd365c	yes	decisions,moves	1	1	[0,3]	[0,3]	{"coin_full_prevention":[56,73],"coin_queued_offered":[104],"coin_queued_offered_any":[104]}	{"coin_defender_attack":8}	{}	{"offgate_helper_by_mechanic":{"DirectDamage":[81],"SelfDiscardAllTypeEnergyAndDamageAnyOpponentPokemon":[104]},"offgate_helper_choice":[81,104]}	no	no
8	k3	5	237	23100050237	rl/results/engine_switch_rules_2026-10/carriers/garchomp_meowth.txt	ab8af3aee5de2cedac4b972bcf4ab8e5e83cbc2e	decks/screen/opponents/t-suicune.txt	4de2246fc6f88665bdbf7c82c28cbdefe50f8f8c	f4a2947e3a914e0a	2b162720025d48b5	yes	decisions,moves	0	0	[3,0]	[3,0]	{"coin_full_prevention":[29,73],"coin_queued_offered":[115],"coin_queued_offered_any":[115]}	{"coin_defender_attack":7}	{}	{"offgate_helper_by_mechanic":{"DirectDamage":[51],"SelfDiscardAllTypeEnergyAndDamageAnyOpponentPokemon":[115]},"offgate_helper_choice":[51,115]}	no	no
8	k3	5	243	23100050243	rl/results/engine_switch_rules_2026-10/carriers/garchomp_meowth.txt	ab8af3aee5de2cedac4b972bcf4ab8e5e83cbc2e	decks/screen/opponents/t-suicune.txt	4de2246fc6f88665bdbf7c82c28cbdefe50f8f8c	386070761ca2e0c1	759fe5376f649d63	yes	abilities,decisions,discard_attacks,moves,points,turns	0	0	[3,0]	[3,1]	{"coin_full_prevention":[59,91,107,131,147],"coin_queued_offered":[107,147],"coin_queued_offered_any":[107,147]}	{"coin_defender_attack":10,"coin_queued_attack_damage":2}	{}	{"offgate_helper_by_mechanic":{"DirectDamage":[69],"SelfDiscardAllTypeEnergyAndDamageAnyOpponentPokemon":[107,147]},"offgate_helper_choice":[69,107,147]}	no	no
8	k3	6	4	23100060004	rl/results/engine_switch_rules_2026-10/carriers/garchomp_meowth.txt	ab8af3aee5de2cedac4b972bcf4ab8e5e83cbc2e	decks/screen/opponents/t-vespiquen.txt	fb36fa1fe15cbacb8740ad1c1d5f2beb5f166dd0	537131b920fbde02	e25f9ad917b797cd	yes	decisions,moves	1	1	[0,3]	[0,3]	{"coin_full_prevention":[33],"coin_queued_offered":[33],"coin_queued_offered_any":[33]}	{"coin_defender_attack":6,"coin_queued_attack_damage":1}	{}	{"offgate_discard_then_damage":[45],"offgate_helper_by_mechanic":{"OptionalDiscardBenchedBasicForExtraDamage":[44,45]},"offgate_helper_choice":[44,45]}	no	no
8	k3	6	6	23100060006	rl/results/engine_switch_rules_2026-10/carriers/garchomp_meowth.txt	ab8af3aee5de2cedac4b972bcf4ab8e5e83cbc2e	decks/screen/opponents/t-vespiquen.txt	fb36fa1fe15cbacb8740ad1c1d5f2beb5f166dd0	6354a34947ab798a	fa63028a036b265a	yes	decisions,moves	1	1	[0,3]	[0,3]	{"coin_full_prevention":[92],"coin_queued_offered":[92],"coin_queued_offered_any":[92]}	{"coin_defender_attack":8,"coin_queued_attack_damage":1}	{}	{"offgate_discard_then_damage":[57],"offgate_helper_by_mechanic":{"OptionalDiscardBenchedBasicForExtraDamage":[40,56,57,78]},"offgate_helper_choice":[40,56,57,78]}	no	no
8	k3	6	8	23100060008	rl/results/engine_switch_rules_2026-10/carriers/garchomp_meowth.txt	ab8af3aee5de2cedac4b972bcf4ab8e5e83cbc2e	decks/screen/opponents/t-vespiquen.txt	fb36fa1fe15cbacb8740ad1c1d5f2beb5f166dd0	25096b3aff926913	8cf8e1317251f6e1	yes	decisions,moves,points	0	0	[4,2]	[4,1]	{"coin_full_prevention":[13,25,43,63],"coin_queued_offered":[43,63],"coin_queued_offered_any":[43,63]}	{"coin_defender_attack":10,"coin_queued_attack_damage":2}	{}	{"offgate_discard_then_damage":[90],"offgate_helper_by_mechanic":{"OptionalDiscardBenchedBasicForExtraDamage":[79,89,90]},"offgate_helper_choice":[79,89,90]}	no	no
8	k3	6	9	23100060009	rl/results/engine_switch_rules_2026-10/carriers/garchomp_meowth.txt	ab8af3aee5de2cedac4b972bcf4ab8e5e83cbc2e	decks/screen/opponents/t-vespiquen.txt	fb36fa1fe15cbacb8740ad1c1d5f2beb5f166dd0	3adadc8b8f13df5c	b8c2ba58791031de	yes	chase_order,decisions,moves,turns	0	0	[3,0]	[3,0]	{"coin_full_prevention":[37,52,86],"coin_queued_offered":[52,86],"coin_queued_offered_any":[52,86]}	{"coin_defender_attack":10,"coin_queued_attack_damage":2}	{}	{"offgate_discard_then_damage":[69,104],"offgate_helper_by_mechanic":{"DirectDamage":[63],"OptionalDiscardBenchedBasicForExtraDamage":[68,69,103,104]},"offgate_helper_choice":[63,68,69,103,104]}	no	no
8	k3	6	11	23100060011	rl/results/engine_switch_rules_2026-10/carriers/garchomp_meowth.txt	ab8af3aee5de2cedac4b972bcf4ab8e5e83cbc2e	decks/screen/opponents/t-vespiquen.txt	fb36fa1fe15cbacb8740ad1c1d5f2beb5f166dd0	2d1dfa4fb5f71106	6693b216d62b8a1f	yes	decisions,moves	0	0	[3,0]	[3,0]	{"coin_full_prevention":[47],"coin_queued_offered":[47],"coin_queued_offered_any":[47]}	{"coin_defender_attack":6,"coin_queued_attack_damage":1}	{}	{"offgate_discard_then_damage":[65],"offgate_helper_by_mechanic":{"OptionalDiscardBenchedBasicForExtraDamage":[64,65]},"offgate_helper_choice":[64,65]}	no	no
8	k3	6	12	23100060012	rl/results/engine_switch_rules_2026-10/carriers/garchomp_meowth.txt	ab8af3aee5de2cedac4b972bcf4ab8e5e83cbc2e	decks/screen/opponents/t-vespiquen.txt	fb36fa1fe15cbacb8740ad1c1d5f2beb5f166dd0	4a4ead09b4e4103c	396d3216dccc9780	yes	decisions,moves	1	1	[2,3]	[2,3]	{"coin_full_prevention":[51],"coin_queued_offered":[51],"coin_queued_offered_any":[51]}	{"coin_defender_attack":7,"coin_queued_attack_damage":1}	{}	{"offgate_helper_by_mechanic":{"OptionalDiscardBenchedBasicForExtraDamage":[32]},"offgate_helper_choice":[32]}	no	no
8	k3	6	13	23100060013	rl/results/engine_switch_rules_2026-10/carriers/garchomp_meowth.txt	ab8af3aee5de2cedac4b972bcf4ab8e5e83cbc2e	decks/screen/opponents/t-vespiquen.txt	fb36fa1fe15cbacb8740ad1c1d5f2beb5f166dd0	eb6f10e58fc271ed	cf0fad248ed01351	yes	chase_order,decisions,moves,turns	0	0	[3,0]	[3,0]	{"coin_full_prevention":[71,87],"coin_queued_offered":[71,87],"coin_queued_offered_any":[71,87]}	{"coin_defender_attack":6,"coin_queued_attack_damage":2}	{}	{"offgate_discard_then_damage":[41],"offgate_helper_by_mechanic":{"OptionalDiscardBenchedBasicForExtraDamage":[28,40,41,56]},"offgate_helper_choice":[28,40,41,56]}	no	no
8	k3	6	20	23100060020	rl/results/engine_switch_rules_2026-10/carriers/garchomp_meowth.txt	ab8af3aee5de2cedac4b972bcf4ab8e5e83cbc2e	decks/screen/opponents/t-vespiquen.txt	fb36fa1fe15cbacb8740ad1c1d5f2beb5f166dd0	7b467f017c8bb23f	73843bc426cc6ccb	yes	chase_order,decisions,first_deck_score,moves,points,turns,winner_seat	1	0	[0,3]	[4,1]	{"coin_full_prevention":[38,75],"coin_queued_offered":[38,75],"coin_queued_offered_any":[38,75]}	{"coin_defender_attack":8,"coin_queued_attack_damage":2}	{}	{"offgate_helper_by_mechanic":{"OptionalDiscardBenchedBasicForExtraDamage":[58]},"offgate_helper_choice":[58]}	no	no
8	k3	6	21	23100060021	rl/results/engine_switch_rules_2026-10/carriers/garchomp_meowth.txt	ab8af3aee5de2cedac4b972bcf4ab8e5e83cbc2e	decks/screen/opponents/t-vespiquen.txt	fb36fa1fe15cbacb8740ad1c1d5f2beb5f166dd0	7cb8b5f49d23d5c6	f334ee8d39a5eef8	yes	chase_order,decisions,moves,points,turns	0	0	[3,0]	[3,2]	{"coin_full_prevention":[90,104],"coin_queued_offered":[90,104],"coin_queued_offered_any":[90,104]}	{"coin_defender_attack":7,"coin_queued_attack_damage":2}	{}	{"offgate_discard_then_damage":[62],"offgate_helper_by_mechanic":{"DirectDamage":[111],"OptionalDiscardBenchedBasicForExtraDamage":[61,62,75]},"offgate_helper_choice":[61,62,75,111]}	no	no
8	k3	6	26	23100060026	rl/results/engine_switch_rules_2026-10/carriers/garchomp_meowth.txt	ab8af3aee5de2cedac4b972bcf4ab8e5e83cbc2e	decks/screen/opponents/t-vespiquen.txt	fb36fa1fe15cbacb8740ad1c1d5f2beb5f166dd0	13a13f2fefd822df	349ddd63f8745d03	yes	decisions,moves,turns	1	1	[0,3]	[0,3]	{"coin_full_prevention":[27,38,55,103,116],"coin_queued_offered":[55],"coin_queued_offered_any":[55]}	{"coin_defender_attack":10,"coin_queued_attack_damage":1}	{}	{"offgate_discard_then_damage":[69],"offgate_helper_by_mechanic":{"DirectDamage":[47,63],"OptionalDiscardBenchedBasicForExtraDamage":[68,69,85]},"offgate_helper_choice":[47,63,68,69,85]}	no	no
8	k3	6	27	23100060027	rl/results/engine_switch_rules_2026-10/carriers/garchomp_meowth.txt	ab8af3aee5de2cedac4b972bcf4ab8e5e83cbc2e	decks/screen/opponents/t-vespiquen.txt	fb36fa1fe15cbacb8740ad1c1d5f2beb5f166dd0	a40cdeb889132e42	dd3e30b89f0f3fdf	yes	decisions,first_deck_score,moves,points,turns,winner_seat	0	1	[3,0]	[2,4]	{"coin_full_prevention":[72,84]}	{"coin_defender_attack":7}	{}	{"offgate_helper_by_mechanic":{"OptionalDiscardBenchedBasicForExtraDamage":[111]},"offgate_helper_choice":[111]}	yes	yes
8	k3	6	28	23100060028	rl/results/engine_switch_rules_2026-10/carriers/garchomp_meowth.txt	ab8af3aee5de2cedac4b972bcf4ab8e5e83cbc2e	decks/screen/opponents/t-vespiquen.txt	fb36fa1fe15cbacb8740ad1c1d5f2beb5f166dd0	c2381112a7e568b2	1eeafc3fd0ec92a1	yes	chase_order,decisions,moves,turns	1	1	[0,3]	[0,3]	{"coin_full_prevention":[77]}	{"coin_defender_attack":7}	{}	{"offgate_discard_then_damage":[62],"offgate_helper_by_mechanic":{"DirectDamage":[56],"OptionalDiscardBenchedBasicForExtraDamage":[45,61,62]},"offgate_helper_choice":[45,56,61,62]}	yes	yes
8	k3	6	30	23100060030	rl/results/engine_switch_rules_2026-10/carriers/garchomp_meowth.txt	ab8af3aee5de2cedac4b972bcf4ab8e5e83cbc2e	decks/screen/opponents/t-vespiquen.txt	fb36fa1fe15cbacb8740ad1c1d5f2beb5f166dd0	57e07f52a3d2681c	1f6118ddf99f94a4	yes	decisions,moves,turns	1	1	[0,3]	[0,3]	{"coin_full_prevention":[57,85],"coin_queued_offered":[85],"coin_queued_offered_any":[85]}	{"coin_defender_attack":7,"coin_queued_attack_damage":1}	{}	{"offgate_helper_by_mechanic":{"DirectDamage":[65],"OptionalDiscardBenchedBasicForExtraDamage":[72]},"offgate_helper_choice":[65,72]}	no	no
8	k3	6	33	23100060033	rl/results/engine_switch_rules_2026-10/carriers/garchomp_meowth.txt	ab8af3aee5de2cedac4b972bcf4ab8e5e83cbc2e	decks/screen/opponents/t-vespiquen.txt	fb36fa1fe15cbacb8740ad1c1d5f2beb5f166dd0	168065c5fe775c70	bf63027f3e92a006	yes	chase_order,decisions,moves	0	0	[3,0]	[3,0]	{"coin_full_prevention":[48,78,91]}	{"coin_defender_attack":6}	{}	{}	yes	yes
8	k3	6	34	23100060034	rl/results/engine_switch_rules_2026-10/carriers/garchomp_meowth.txt	ab8af3aee5de2cedac4b972bcf4ab8e5e83cbc2e	decks/screen/opponents/t-vespiquen.txt	fb36fa1fe15cbacb8740ad1c1d5f2beb5f166dd0	8472d7408cd795fd	1bfd45d1669ca187	yes	decisions,moves	1	1	[0,3]	[0,3]	{"coin_full_prevention":[83],"coin_queued_offered":[83],"coin_queued_offered_any":[83]}	{"coin_defender_attack":8,"coin_queued_attack_damage":1}	{}	{"offgate_discard_then_damage":[68],"offgate_helper_by_mechanic":{"DirectDamage":[41],"OptionalDiscardBenchedBasicForExtraDamage":[52,67,68]},"offgate_helper_choice":[41,52,67,68]}	no	no
8	k3	6	36	23100060036	rl/results/engine_switch_rules_2026-10/carriers/garchomp_meowth.txt	ab8af3aee5de2cedac4b972bcf4ab8e5e83cbc2e	decks/screen/opponents/t-vespiquen.txt	fb36fa1fe15cbacb8740ad1c1d5f2beb5f166dd0	dc1585be93a26734	54a7ebe901649866	yes	decisions,moves	0	0	[4,1]	[4,1]	{"coin_full_prevention":[24,40,55,71],"coin_queued_offered":[71],"coin_queued_offered_any":[71]}	{"coin_defender_attack":7,"coin_queued_attack_damage":1}	{}	{"offgate_discard_then_damage":[86],"offgate_helper_by_mechanic":{"DirectDamage":[80,95],"OptionalDiscardBenchedBasicForExtraDamage":[85,86]},"offgate_helper_choice":[80,85,86,95]}	no	no
8	k3	6	37	23100060037	rl/results/engine_switch_rules_2026-10/carriers/garchomp_meowth.txt	ab8af3aee5de2cedac4b972bcf4ab8e5e83cbc2e	decks/screen/opponents/t-vespiquen.txt	fb36fa1fe15cbacb8740ad1c1d5f2beb5f166dd0	585ad8b25d3bd3fb	1c00cd03248581a3	yes	decisions,moves	1	1	[1,4]	[1,4]	{"coin_full_prevention":[32,42,56],"coin_queued_offered":[56],"coin_queued_offered_any":[56]}	{"coin_defender_attack":7,"coin_queued_attack_damage":1}	{}	{}	no	no
8	k3	6	40	23100060040	rl/results/engine_switch_rules_2026-10/carriers/garchomp_meowth.txt	ab8af3aee5de2cedac4b972bcf4ab8e5e83cbc2e	decks/screen/opponents/t-vespiquen.txt	fb36fa1fe15cbacb8740ad1c1d5f2beb5f166dd0	6586362decd32e14	ef7bd6cfc544cb65	yes	chase_order,decisions,first_deck_score,moves,points,turns,winner_seat	1	0	[0,3]	[3,2]	{"coin_full_prevention":[47,64,77],"coin_queued_offered":[64,77],"coin_queued_offered_any":[64,77]}	{"coin_defender_attack":7,"coin_queued_attack_damage":2}	{}	{"offgate_helper_by_mechanic":{"DirectDamage":[86],"OptionalDiscardBenchedBasicForExtraDamage":[96]},"offgate_helper_choice":[86,96]}	no	no
8	k3	6	41	23100060041	rl/results/engine_switch_rules_2026-10/carriers/garchomp_meowth.txt	ab8af3aee5de2cedac4b972bcf4ab8e5e83cbc2e	decks/screen/opponents/t-vespiquen.txt	fb36fa1fe15cbacb8740ad1c1d5f2beb5f166dd0	2f200942fe64e597	31a80cdf26b18598	yes	chase_order,decisions,moves,points,turns	0	0	[3,0]	[3,2]	{"coin_full_prevention":[46,63],"coin_queued_offered":[46,63],"coin_queued_offered_any":[46,63]}	{"coin_defender_attack":8,"coin_queued_attack_damage":2}	{}	{"offgate_helper_by_mechanic":{"OptionalDiscardBenchedBasicForExtraDamage":[29]},"offgate_helper_choice":[29]}	no	no
8	k3	6	42	23100060042	rl/results/engine_switch_rules_2026-10/carriers/garchomp_meowth.txt	ab8af3aee5de2cedac4b972bcf4ab8e5e83cbc2e	decks/screen/opponents/t-vespiquen.txt	fb36fa1fe15cbacb8740ad1c1d5f2beb5f166dd0	3e95fe8cfade9e30	af259088686b8593	yes	decisions,moves	1	1	[0,3]	[0,3]	{"coin_full_prevention":[41,54,68],"coin_queued_offered":[54,68],"coin_queued_offered_any":[54,68]}	{"coin_defender_attack":6,"coin_queued_attack_damage":2}	{}	{"offgate_discard_then_damage":[83],"offgate_helper_by_mechanic":{"OptionalDiscardBenchedBasicForExtraDamage":[82,83]},"offgate_helper_choice":[82,83]}	no	no
8	k3	6	44	23100060044	rl/results/engine_switch_rules_2026-10/carriers/garchomp_meowth.txt	ab8af3aee5de2cedac4b972bcf4ab8e5e83cbc2e	decks/screen/opponents/t-vespiquen.txt	fb36fa1fe15cbacb8740ad1c1d5f2beb5f166dd0	e62f09b4561721d8	181973288ff487f4	yes	chase_order,decisions,moves,turns	1	1	[0,3]	[0,3]	{"coin_full_prevention":[34,51,80,106],"coin_queued_offered":[34,51],"coin_queued_offered_any":[34,51]}	{"coin_defender_attack":8,"coin_queued_attack_damage":2}	{}	{}	no	no
8	k3	6	46	23100060046	rl/results/engine_switch_rules_2026-10/carriers/garchomp_meowth.txt	ab8af3aee5de2cedac4b972bcf4ab8e5e83cbc2e	decks/screen/opponents/t-vespiquen.txt	fb36fa1fe15cbacb8740ad1c1d5f2beb5f166dd0	21fe4b454e1058a1	8ee2fab2dcee7ccc	yes	chase_order,decisions,first_deck_score,moves,points,turns,winner_seat	1	0	[2,3]	[4,2]	{"coin_full_prevention":[49,64],"coin_queued_offered":[49,64],"coin_queued_offered_any":[49,64]}	{"coin_defender_attack":10,"coin_queued_attack_damage":2}	{}	{"offgate_discard_then_damage":[76],"offgate_helper_by_mechanic":{"OptionalDiscardBenchedBasicForExtraDamage":[33,75,76]},"offgate_helper_choice":[33,75,76]}	no	no
8	k3	6	47	23100060047	rl/results/engine_switch_rules_2026-10/carriers/garchomp_meowth.txt	ab8af3aee5de2cedac4b972bcf4ab8e5e83cbc2e	decks/screen/opponents/t-vespiquen.txt	fb36fa1fe15cbacb8740ad1c1d5f2beb5f166dd0	8a77e1afa04ad9a1	55dce6e2e7a534bc	yes	decisions,moves	0	0	[3,0]	[3,0]	{"coin_full_prevention":[55],"coin_queued_offered":[55],"coin_queued_offered_any":[55]}	{"coin_defender_attack":6,"coin_queued_attack_damage":1}	{}	{"offgate_helper_by_mechanic":{"OptionalDiscardBenchedBasicForExtraDamage":[37]},"offgate_helper_choice":[37]}	no	no
8	k3	6	48	23100060048	rl/results/engine_switch_rules_2026-10/carriers/garchomp_meowth.txt	ab8af3aee5de2cedac4b972bcf4ab8e5e83cbc2e	decks/screen/opponents/t-vespiquen.txt	fb36fa1fe15cbacb8740ad1c1d5f2beb5f166dd0	9b9ec0502c71ac57	573f6b4dced539f5	yes	decisions,moves	1	1	[0,3]	[0,3]	{"coin_full_prevention":[48],"coin_queued_offered":[48],"coin_queued_offered_any":[48]}	{"coin_defender_attack":4,"coin_queued_attack_damage":1}	{}	{"offgate_discard_then_damage":[60],"offgate_helper_by_mechanic":{"OptionalDiscardBenchedBasicForExtraDamage":[34,59,60]},"offgate_helper_choice":[34,59,60]}	no	no
8	k3	6	50	23100060050	rl/results/engine_switch_rules_2026-10/carriers/garchomp_meowth.txt	ab8af3aee5de2cedac4b972bcf4ab8e5e83cbc2e	decks/screen/opponents/t-vespiquen.txt	fb36fa1fe15cbacb8740ad1c1d5f2beb5f166dd0	c5b209b17908b5d2	87e893e38db0db51	yes	decisions,moves	1	1	[0,3]	[0,3]	{"coin_full_prevention":[38,59,71],"coin_queued_offered":[71],"coin_queued_offered_any":[71]}	{"coin_defender_attack":5,"coin_queued_attack_damage":1}	{}	{}	no	no
8	k3	6	51	23100060051	rl/results/engine_switch_rules_2026-10/carriers/garchomp_meowth.txt	ab8af3aee5de2cedac4b972bcf4ab8e5e83cbc2e	decks/screen/opponents/t-vespiquen.txt	fb36fa1fe15cbacb8740ad1c1d5f2beb5f166dd0	b78908ceba0efa21	e873ebd0e83fd822	yes	decisions,moves	0	0	[3,1]	[3,1]	{"coin_full_prevention":[46,94,107],"coin_queued_offered":[94,107],"coin_queued_offered_any":[94,107]}	{"coin_defender_attack":9,"coin_queued_attack_damage":2}	{}	{"offgate_discard_then_damage":[64,78],"offgate_helper_by_mechanic":{"DirectDamage":[53,72],"OptionalDiscardBenchedBasicForExtraDamage":[63,64,77,78]},"offgate_helper_choice":[53,63,64,72,77,78]}	no	no
8	k3	6	52	23100060052	rl/results/engine_switch_rules_2026-10/carriers/garchomp_meowth.txt	ab8af3aee5de2cedac4b972bcf4ab8e5e83cbc2e	decks/screen/opponents/t-vespiquen.txt	fb36fa1fe15cbacb8740ad1c1d5f2beb5f166dd0	94b9ed7e56b873d8	e83e57c10aba9c2b	yes	chase_order,decisions,first_deck_score,moves,points,turns,winner_seat	1	0	[0,3]	[4,0]	{"coin_full_prevention":[28,40,52,70],"coin_queued_offered":[52,70],"coin_queued_offered_any":[52,70]}	{"coin_defender_attack":8,"coin_queued_attack_damage":2}	{}	{}	no	no
8	k3	6	53	23100060053	rl/results/engine_switch_rules_2026-10/carriers/garchomp_meowth.txt	ab8af3aee5de2cedac4b972bcf4ab8e5e83cbc2e	decks/screen/opponents/t-vespiquen.txt	fb36fa1fe15cbacb8740ad1c1d5f2beb5f166dd0	400d97cecdb0af8c	6d88beeee511f77c	yes	chase_order,decisions,moves,turns	0	0	[3,1]	[3,1]	{"coin_full_prevention":[40,71],"coin_queued_offered":[40,71],"coin_queued_offered_any":[40,71]}	{"coin_defender_attack":10,"coin_queued_attack_damage":2}	{}	{"offgate_discard_then_damage":[55,87],"offgate_helper_by_mechanic":{"DirectDamage":[49],"OptionalDiscardBenchedBasicForExtraDamage":[54,55,86,87,97]},"offgate_helper_choice":[49,54,55,86,87,97]}	no	no
8	k3	6	56	23100060056	rl/results/engine_switch_rules_2026-10/carriers/garchomp_meowth.txt	ab8af3aee5de2cedac4b972bcf4ab8e5e83cbc2e	decks/screen/opponents/t-vespiquen.txt	fb36fa1fe15cbacb8740ad1c1d5f2beb5f166dd0	0ba6f6f52b4c62d3	bad53665842341a7	yes	decisions,moves	1	1	[0,3]	[0,3]	{"coin_full_prevention":[47],"coin_queued_offered":[47],"coin_queued_offered_any":[47]}	{"coin_defender_attack":6,"coin_queued_attack_damage":1}	{}	{"offgate_helper_by_mechanic":{"DirectDamage":[55],"OptionalDiscardBenchedBasicForExtraDamage":[61,72]},"offgate_helper_choice":[55,61,72]}	no	no
8	k3	6	57	23100060057	rl/results/engine_switch_rules_2026-10/carriers/garchomp_meowth.txt	ab8af3aee5de2cedac4b972bcf4ab8e5e83cbc2e	decks/screen/opponents/t-vespiquen.txt	fb36fa1fe15cbacb8740ad1c1d5f2beb5f166dd0	65d80a072498deb9	ae725f26b606dec6	yes	decisions,moves	0	0	[3,0]	[3,0]	{"coin_full_prevention":[74,88],"coin_queued_offered":[74,88],"coin_queued_offered_any":[74,88]}	{"coin_defender_attack":8,"coin_queued_attack_damage":2}	{}	{"offgate_helper_by_mechanic":{"OptionalDiscardBenchedBasicForExtraDamage":[56]},"offgate_helper_choice":[56]}	no	no
8	k3	6	58	23100060058	rl/results/engine_switch_rules_2026-10/carriers/garchomp_meowth.txt	ab8af3aee5de2cedac4b972bcf4ab8e5e83cbc2e	decks/screen/opponents/t-vespiquen.txt	fb36fa1fe15cbacb8740ad1c1d5f2beb5f166dd0	8f8b63541781c646	a7cd39cfd693b72c	yes	chase_order,decisions,first_deck_score,moves,points,turns,winner_seat	1	0	[0,3]	[4,2]	{"coin_full_prevention":[60,75,91],"coin_queued_offered":[60,75,91],"coin_queued_offered_any":[60,75,91]}	{"coin_defender_attack":12,"coin_queued_attack_damage":3}	{}	{"offgate_helper_by_mechanic":{"OptionalDiscardBenchedBasicForExtraDamage":[45,111]},"offgate_helper_choice":[45,111]}	no	no
8	k3	6	63	23100060063	rl/results/engine_switch_rules_2026-10/carriers/garchomp_meowth.txt	ab8af3aee5de2cedac4b972bcf4ab8e5e83cbc2e	decks/screen/opponents/t-vespiquen.txt	fb36fa1fe15cbacb8740ad1c1d5f2beb5f166dd0	c0ed6a7f5064b26c	e66a583345bfc679	yes	chase_order,decisions,moves,turns	0	0	[3,0]	[3,0]	{"coin_full_prevention":[43,56,82,99],"coin_queued_offered":[43,56,82,99],"coin_queued_offered_any":[43,56,82,99]}	{"coin_defender_attack":10,"coin_queued_attack_damage":4}	{}	{"offgate_helper_by_mechanic":{"OptionalDiscardBenchedBasicForExtraDamage":[68]},"offgate_helper_choice":[68]}	no	no
8	k3	6	64	23100060064	rl/results/engine_switch_rules_2026-10/carriers/garchomp_meowth.txt	ab8af3aee5de2cedac4b972bcf4ab8e5e83cbc2e	decks/screen/opponents/t-vespiquen.txt	fb36fa1fe15cbacb8740ad1c1d5f2beb5f166dd0	580f5e96bdd75f69	6732fdccaa45db41	yes	decisions,moves	1	1	[0,3]	[0,3]	{"coin_full_prevention":[72],"coin_queued_offered":[72],"coin_queued_offered_any":[72]}	{"coin_defender_attack":7,"coin_queued_attack_damage":1}	{}	{"offgate_discard_then_damage":[87],"offgate_helper_by_mechanic":{"OptionalDiscardBenchedBasicForExtraDamage":[86,87]},"offgate_helper_choice":[86,87]}	no	no
8	k3	6	65	23100060065	rl/results/engine_switch_rules_2026-10/carriers/garchomp_meowth.txt	ab8af3aee5de2cedac4b972bcf4ab8e5e83cbc2e	decks/screen/opponents/t-vespiquen.txt	fb36fa1fe15cbacb8740ad1c1d5f2beb5f166dd0	68acd02641c3bdc6	2673c4ae44c1fad3	yes	chase_order,decisions,moves,turns	0	0	[3,0]	[3,0]	{"coin_full_prevention":[54,71,84],"coin_queued_offered":[54,71,84],"coin_queued_offered_any":[54,71,84]}	{"coin_defender_attack":9,"coin_queued_attack_damage":3}	{}	{"offgate_helper_by_mechanic":{"OptionalDiscardBenchedBasicForExtraDamage":[41]},"offgate_helper_choice":[41]}	no	no
8	k3	6	66	23100060066	rl/results/engine_switch_rules_2026-10/carriers/garchomp_meowth.txt	ab8af3aee5de2cedac4b972bcf4ab8e5e83cbc2e	decks/screen/opponents/t-vespiquen.txt	fb36fa1fe15cbacb8740ad1c1d5f2beb5f166dd0	427c0ea041558a78	d67f5159bdb9a2b1	yes	decisions,moves	1	1	[0,3]	[0,3]	{"coin_full_prevention":[52,66],"coin_queued_offered":[52,66],"coin_queued_offered_any":[52,66]}	{"coin_defender_attack":6,"coin_queued_attack_damage":2}	{}	{"offgate_helper_by_mechanic":{"OptionalDiscardBenchedBasicForExtraDamage":[39]},"offgate_helper_choice":[39]}	no	no
8	k3	6	67	23100060067	rl/results/engine_switch_rules_2026-10/carriers/garchomp_meowth.txt	ab8af3aee5de2cedac4b972bcf4ab8e5e83cbc2e	decks/screen/opponents/t-vespiquen.txt	fb36fa1fe15cbacb8740ad1c1d5f2beb5f166dd0	7d299cdb11f07e48	9f78c1b7587191d1	yes	decisions,first_deck_score,moves,points,turns,winner_seat	0	1	[3,0]	[2,4]	{"coin_full_prevention":[66,84],"coin_queued_offered":[66],"coin_queued_offered_any":[66]}	{"coin_defender_attack":8,"coin_queued_attack_damage":1}	{}	{"offgate_helper_by_mechanic":{"OptionalDiscardBenchedBasicForExtraDamage":[51]},"offgate_helper_choice":[51]}	no	no
8	k3	6	69	23100060069	rl/results/engine_switch_rules_2026-10/carriers/garchomp_meowth.txt	ab8af3aee5de2cedac4b972bcf4ab8e5e83cbc2e	decks/screen/opponents/t-vespiquen.txt	fb36fa1fe15cbacb8740ad1c1d5f2beb5f166dd0	55d09d2a66c5a1b6	c5fdb35c4f9b892f	yes	chase_order,decisions,moves,points,turns	1	1	[1,4]	[2,4]	{"coin_full_prevention":[43,60,77],"coin_queued_offered":[43,60,77],"coin_queued_offered_any":[43,60,77]}	{"coin_defender_attack":6,"coin_queued_attack_damage":3}	{}	{"offgate_discard_then_damage":[91],"offgate_helper_by_mechanic":{"OptionalDiscardBenchedBasicForExtraDamage":[90,91,108]},"offgate_helper_choice":[90,91,108]}	no	no
8	k3	6	71	23100060071	rl/results/engine_switch_rules_2026-10/carriers/garchomp_meowth.txt	ab8af3aee5de2cedac4b972bcf4ab8e5e83cbc2e	decks/screen/opponents/t-vespiquen.txt	fb36fa1fe15cbacb8740ad1c1d5f2beb5f166dd0	2822d59aa8dab39c	c179404b4b42be38	yes	decisions,moves,turns	0	0	[3,0]	[3,0]	{"coin_full_prevention":[11,26,60],"coin_queued_offered":[60],"coin_queued_offered_any":[60]}	{"coin_defender_attack":8,"coin_queued_attack_damage":1}	{}	{"offgate_discard_then_damage":[74],"offgate_helper_by_mechanic":{"OptionalDiscardBenchedBasicForExtraDamage":[73,74]},"offgate_helper_choice":[73,74]}	no	no
8	k3	6	72	23100060072	rl/results/engine_switch_rules_2026-10/carriers/garchomp_meowth.txt	ab8af3aee5de2cedac4b972bcf4ab8e5e83cbc2e	decks/screen/opponents/t-vespiquen.txt	fb36fa1fe15cbacb8740ad1c1d5f2beb5f166dd0	60473f8a24470c10	6a40f108c02dce15	yes	chase_order,decisions,moves,turns	1	1	[0,3]	[0,3]	{"coin_full_prevention":[72,85,113,126],"coin_queued_offered":[85,113,126],"coin_queued_offered_any":[85,113,126]}	{"coin_defender_attack":13,"coin_queued_attack_damage":3}	{}	{"offgate_helper_by_mechanic":{"OptionalDiscardBenchedBasicForExtraDamage":[98]},"offgate_helper_choice":[98]}	no	no
8	k3	6	76	23100060076	rl/results/engine_switch_rules_2026-10/carriers/garchomp_meowth.txt	ab8af3aee5de2cedac4b972bcf4ab8e5e83cbc2e	decks/screen/opponents/t-vespiquen.txt	fb36fa1fe15cbacb8740ad1c1d5f2beb5f166dd0	448bb9880adbbc8f	e2b2f4f012d49383	yes	decisions,moves	1	1	[0,3]	[0,3]	{"coin_full_prevention":[43,67,80],"coin_queued_offered":[80],"coin_queued_offered_any":[80]}	{"coin_defender_attack":6,"coin_queued_attack_damage":1}	{}	{"offgate_helper_by_mechanic":{"DirectDamage":[51]},"offgate_helper_choice":[51]}	no	no
8	k3	6	78	23100060078	rl/results/engine_switch_rules_2026-10/carriers/garchomp_meowth.txt	ab8af3aee5de2cedac4b972bcf4ab8e5e83cbc2e	decks/screen/opponents/t-vespiquen.txt	fb36fa1fe15cbacb8740ad1c1d5f2beb5f166dd0	dba4bf799c07ccbd	f67f59c1689ca69a	yes	decisions,first_deck_score,moves,points,turns,winner_seat	1	0	[2,3]	[4,2]	{"coin_full_prevention":[24,37,106],"coin_queued_offered":[106],"coin_queued_offered_any":[106]}	{"coin_defender_attack":8,"coin_queued_attack_damage":1}	{}	{"offgate_helper_by_mechanic":{"DirectDamage":[115],"OptionalDiscardBenchedBasicForExtraDamage":[90]},"offgate_helper_choice":[90,115]}	no	no
8	k3	6	79	23100060079	rl/results/engine_switch_rules_2026-10/carriers/garchomp_meowth.txt	ab8af3aee5de2cedac4b972bcf4ab8e5e83cbc2e	decks/screen/opponents/t-vespiquen.txt	fb36fa1fe15cbacb8740ad1c1d5f2beb5f166dd0	da96182c34d50edf	5ac749c425f449cb	yes	decisions,moves	1	1	[2,3]	[2,3]	{"coin_full_prevention":[42],"coin_queued_offered":[42],"coin_queued_offered_any":[42]}	{"coin_defender_attack":2,"coin_queued_attack_damage":1}	{}	{"offgate_helper_by_mechanic":{"DirectDamage":[50],"OptionalDiscardBenchedBasicForExtraDamage":[59]},"offgate_helper_choice":[50,59]}	no	no
8	k3	6	83	23100060083	rl/results/engine_switch_rules_2026-10/carriers/garchomp_meowth.txt	ab8af3aee5de2cedac4b972bcf4ab8e5e83cbc2e	decks/screen/opponents/t-vespiquen.txt	fb36fa1fe15cbacb8740ad1c1d5f2beb5f166dd0	abbe2920e4d10243	0814105b01eafac9	yes	chase_order,decisions,moves,turns	0	0	[3,0]	[3,0]	{"coin_full_prevention":[66,84,97,110],"coin_queued_offered":[84,97,110],"coin_queued_offered_any":[84,97,110]}	{"coin_defender_attack":10,"coin_queued_attack_damage":3}	{}	{}	no	no
8	k3	6	85	23100060085	rl/results/engine_switch_rules_2026-10/carriers/garchomp_meowth.txt	ab8af3aee5de2cedac4b972bcf4ab8e5e83cbc2e	decks/screen/opponents/t-vespiquen.txt	fb36fa1fe15cbacb8740ad1c1d5f2beb5f166dd0	f5ed29fab22cce73	3c0ec57de99ec4fe	yes	decisions,moves,points	1	1	[1,4]	[0,4]	{"coin_full_prevention":[32,47,62],"coin_queued_offered":[62],"coin_queued_offered_any":[62]}	{"coin_defender_attack":4,"coin_queued_attack_damage":1}	{}	{}	no	no
8	k3	6	87	23100060087	rl/results/engine_switch_rules_2026-10/carriers/garchomp_meowth.txt	ab8af3aee5de2cedac4b972bcf4ab8e5e83cbc2e	decks/screen/opponents/t-vespiquen.txt	fb36fa1fe15cbacb8740ad1c1d5f2beb5f166dd0	df5aa408da9b3563	6491c57c31b3b27f	yes	chase_order,decisions,moves,turns	0	0	[3,0]	[3,0]	{"coin_full_prevention":[45,58,86,102],"coin_queued_offered":[45,58,86],"coin_queued_offered_any":[45,58,86]}	{"coin_defender_attack":12,"coin_queued_attack_damage":3}	{}	{"offgate_discard_then_damage":[71],"offgate_helper_by_mechanic":{"OptionalDiscardBenchedBasicForExtraDamage":[28,70,71]},"offgate_helper_choice":[28,70,71]}	no	no
8	k3	6	92	23100060092	rl/results/engine_switch_rules_2026-10/carriers/garchomp_meowth.txt	ab8af3aee5de2cedac4b972bcf4ab8e5e83cbc2e	decks/screen/opponents/t-vespiquen.txt	fb36fa1fe15cbacb8740ad1c1d5f2beb5f166dd0	87bf6027e452c003	25aea0dc6f9d0f86	yes	decisions,moves	1	1	[0,3]	[0,3]	{"coin_full_prevention":[53],"coin_queued_offered":[53],"coin_queued_offered_any":[53]}	{"coin_defender_attack":6,"coin_queued_attack_damage":1}	{}	{"offgate_helper_by_mechanic":{"DirectDamage":[33],"OptionalDiscardBenchedBasicForExtraDamage":[40,68]},"offgate_helper_choice":[33,40,68]}	no	no
8	k3	6	93	23100060093	rl/results/engine_switch_rules_2026-10/carriers/garchomp_meowth.txt	ab8af3aee5de2cedac4b972bcf4ab8e5e83cbc2e	decks/screen/opponents/t-vespiquen.txt	fb36fa1fe15cbacb8740ad1c1d5f2beb5f166dd0	0ea2e07883c20998	49f1451880e612bd	yes	chase_order,decisions,first_deck_score,moves,points,turns,winner_seat	0	1	[3,0]	[2,4]	{"coin_full_prevention":[73],"coin_queued_offered":[73],"coin_queued_offered_any":[73]}	{"coin_defender_attack":8,"coin_queued_attack_damage":1}	{}	{"offgate_discard_then_damage":[87],"offgate_helper_by_mechanic":{"OptionalDiscardBenchedBasicForExtraDamage":[60,86,87]},"offgate_helper_choice":[60,86,87]}	no	no
8	k3	6	94	23100060094	rl/results/engine_switch_rules_2026-10/carriers/garchomp_meowth.txt	ab8af3aee5de2cedac4b972bcf4ab8e5e83cbc2e	decks/screen/opponents/t-vespiquen.txt	fb36fa1fe15cbacb8740ad1c1d5f2beb5f166dd0	e13279707064b933	f03bbf8cfb834f11	yes	decisions,first_deck_score,moves,points,turns,winner_seat	1	0	[0,3]	[4,1]	{"coin_full_prevention":[44,63],"coin_queued_offered":[44],"coin_queued_offered_any":[44]}	{"coin_defender_attack":9,"coin_queued_attack_damage":1}	{}	{"offgate_helper_by_mechanic":{"OptionalDiscardBenchedBasicForExtraDamage":[30,89]},"offgate_helper_choice":[30,89]}	no	no
8	k3	6	95	23100060095	rl/results/engine_switch_rules_2026-10/carriers/garchomp_meowth.txt	ab8af3aee5de2cedac4b972bcf4ab8e5e83cbc2e	decks/screen/opponents/t-vespiquen.txt	fb36fa1fe15cbacb8740ad1c1d5f2beb5f166dd0	29700712354f0b6f	73960196f0edd5fd	yes	chase_order,decisions,first_deck_score,moves,points,turns,winner_seat	0	1	[3,0]	[1,4]	{"coin_full_prevention":[30,79],"coin_queued_offered":[79],"coin_queued_offered_any":[79]}	{"coin_defender_attack":8,"coin_queued_attack_damage":1}	{}	{"offgate_discard_then_damage":[95],"offgate_helper_by_mechanic":{"OptionalDiscardBenchedBasicForExtraDamage":[94,95]},"offgate_helper_choice":[94,95]}	no	no
8	k3	6	96	23100060096	rl/results/engine_switch_rules_2026-10/carriers/garchomp_meowth.txt	ab8af3aee5de2cedac4b972bcf4ab8e5e83cbc2e	decks/screen/opponents/t-vespiquen.txt	fb36fa1fe15cbacb8740ad1c1d5f2beb5f166dd0	f74832276b7da1e5	26cfe93bf69ef207	yes	chase_order,decisions,first_deck_score,moves,points,turns,winner_seat	1	0	[0,3]	[4,2]	{"coin_full_prevention":[74],"coin_queued_offered":[74],"coin_queued_offered_any":[74]}	{"coin_defender_attack":9,"coin_queued_attack_damage":1}	{}	{"offgate_discard_then_damage":[56,85],"offgate_helper_by_mechanic":{"OptionalDiscardBenchedBasicForExtraDamage":[55,56,84,85,103]},"offgate_helper_choice":[55,56,84,85,103]}	no	no
8	k3	6	97	23100060097	rl/results/engine_switch_rules_2026-10/carriers/garchomp_meowth.txt	ab8af3aee5de2cedac4b972bcf4ab8e5e83cbc2e	decks/screen/opponents/t-vespiquen.txt	fb36fa1fe15cbacb8740ad1c1d5f2beb5f166dd0	4f2ed0241dbd19fd	1df1fed3f0bc8459	yes	decisions,moves	0	0	[3,2]	[3,2]	{"coin_full_prevention":[49,65,83],"coin_queued_offered":[65,83],"coin_queued_offered_any":[65,83]}	{"coin_defender_attack":7,"coin_queued_attack_damage":2}	{}	{}	no	no
8	k3	6	99	23100060099	rl/results/engine_switch_rules_2026-10/carriers/garchomp_meowth.txt	ab8af3aee5de2cedac4b972bcf4ab8e5e83cbc2e	decks/screen/opponents/t-vespiquen.txt	fb36fa1fe15cbacb8740ad1c1d5f2beb5f166dd0	9dd42ff2cff89ec2	4ed1337e3a2c1cb3	yes	decisions,moves	1	1	[1,4]	[1,4]	{"coin_full_prevention":[43],"coin_queued_offered":[43],"coin_queued_offered_any":[43]}	{"coin_defender_attack":3,"coin_queued_attack_damage":1}	{}	{"offgate_discard_then_damage":[56],"offgate_helper_by_mechanic":{"OptionalDiscardBenchedBasicForExtraDamage":[55,56]},"offgate_helper_choice":[55,56]}	no	no
8	k3	6	103	23100060103	rl/results/engine_switch_rules_2026-10/carriers/garchomp_meowth.txt	ab8af3aee5de2cedac4b972bcf4ab8e5e83cbc2e	decks/screen/opponents/t-vespiquen.txt	fb36fa1fe15cbacb8740ad1c1d5f2beb5f166dd0	15089adb3e070e7e	a28a1ca9d874f135	yes	decisions,moves	0	0	[3,0]	[3,0]	{"coin_full_prevention":[59,70,84],"coin_queued_offered":[84],"coin_queued_offered_any":[84]}	{"coin_defender_attack":9,"coin_queued_attack_damage":1}	{}	{"offgate_discard_then_damage":[99],"offgate_helper_by_mechanic":{"OptionalDiscardBenchedBasicForExtraDamage":[98,99]},"offgate_helper_choice":[98,99]}	no	no
8	k3	6	106	23100060106	rl/results/engine_switch_rules_2026-10/carriers/garchomp_meowth.txt	ab8af3aee5de2cedac4b972bcf4ab8e5e83cbc2e	decks/screen/opponents/t-vespiquen.txt	fb36fa1fe15cbacb8740ad1c1d5f2beb5f166dd0	1c032719807592c4	863c79f01dd36179	yes	chase_order,decisions,moves	1	1	[0,3]	[0,3]	{"coin_full_prevention":[73]}	{"coin_defender_attack":3}	{}	{}	yes	yes
8	k3	6	110	23100060110	rl/results/engine_switch_rules_2026-10/carriers/garchomp_meowth.txt	ab8af3aee5de2cedac4b972bcf4ab8e5e83cbc2e	decks/screen/opponents/t-vespiquen.txt	fb36fa1fe15cbacb8740ad1c1d5f2beb5f166dd0	0294f6a25068c6a3	452ddf078f22d253	yes	chase_order,decisions,first_deck_score,moves,points,turns,winner_seat	1	0	[1,3]	[3,2]	{"coin_full_prevention":[87,100],"coin_queued_offered":[87,100],"coin_queued_offered_any":[87,100]}	{"coin_defender_attack":11,"coin_queued_attack_damage":2}	{}	{"offgate_discard_then_damage":[116],"offgate_helper_by_mechanic":{"DirectDamage":[37,53],"OptionalDiscardBenchedBasicForExtraDamage":[115,116]},"offgate_helper_choice":[37,53,115,116]}	no	no
8	k3	6	111	23100060111	rl/results/engine_switch_rules_2026-10/carriers/garchomp_meowth.txt	ab8af3aee5de2cedac4b972bcf4ab8e5e83cbc2e	decks/screen/opponents/t-vespiquen.txt	fb36fa1fe15cbacb8740ad1c1d5f2beb5f166dd0	dd3cbbed00751e9d	0639114ea1da85e5	yes	chase_order,decisions,moves,turns	0	0	[3,0]	[3,0]	{"coin_full_prevention":[30,45,76,90,104],"coin_queued_offered":[76,90,104],"coin_queued_offered_any":[76,90,104]}	{"coin_defender_attack":14,"coin_queued_attack_damage":3}	{}	{"offgate_discard_then_damage":[62,119],"offgate_helper_by_mechanic":{"OptionalDiscardBenchedBasicForExtraDamage":[61,62,118,119]},"offgate_helper_choice":[61,62,118,119]}	no	no
8	k3	6	113	23100060113	rl/results/engine_switch_rules_2026-10/carriers/garchomp_meowth.txt	ab8af3aee5de2cedac4b972bcf4ab8e5e83cbc2e	decks/screen/opponents/t-vespiquen.txt	fb36fa1fe15cbacb8740ad1c1d5f2beb5f166dd0	c760db238178a7c0	d05ff1bea7bb13a8	yes	decisions,moves	0	0	[3,0]	[3,0]	{"coin_full_prevention":[74,89],"coin_queued_offered":[74,89],"coin_queued_offered_any":[74,89]}	{"coin_defender_attack":7,"coin_queued_attack_damage":2}	{}	{}	no	no
8	k3	6	114	23100060114	rl/results/engine_switch_rules_2026-10/carriers/garchomp_meowth.txt	ab8af3aee5de2cedac4b972bcf4ab8e5e83cbc2e	decks/screen/opponents/t-vespiquen.txt	fb36fa1fe15cbacb8740ad1c1d5f2beb5f166dd0	f7c78e6b23093372	424e0796591df810	yes	chase_order,decisions,moves,turns	1	1	[1,3]	[1,3]	{"coin_full_prevention":[26,40,71,85,98],"coin_queued_offered":[71,85,98],"coin_queued_offered_any":[71,85,98]}	{"coin_defender_attack":11,"coin_queued_attack_damage":3}	{}	{"offgate_discard_then_damage":[56],"offgate_helper_by_mechanic":{"DirectDamage":[49],"OptionalDiscardBenchedBasicForExtraDamage":[55,56]},"offgate_helper_choice":[49,55,56]}	no	no
8	k3	6	115	23100060115	rl/results/engine_switch_rules_2026-10/carriers/garchomp_meowth.txt	ab8af3aee5de2cedac4b972bcf4ab8e5e83cbc2e	decks/screen/opponents/t-vespiquen.txt	fb36fa1fe15cbacb8740ad1c1d5f2beb5f166dd0	45199882b52ab23b	a2f6cd71ed63a810	yes	decisions,moves	0	0	[3,0]	[3,0]	{"coin_full_prevention":[37],"coin_queued_offered":[37],"coin_queued_offered_any":[37]}	{"coin_defender_attack":6,"coin_queued_attack_damage":1}	{}	{"offgate_discard_then_damage":[53],"offgate_helper_by_mechanic":{"OptionalDiscardBenchedBasicForExtraDamage":[52,53,64]},"offgate_helper_choice":[52,53,64]}	no	no
8	k3	6	117	23100060117	rl/results/engine_switch_rules_2026-10/carriers/garchomp_meowth.txt	ab8af3aee5de2cedac4b972bcf4ab8e5e83cbc2e	decks/screen/opponents/t-vespiquen.txt	fb36fa1fe15cbacb8740ad1c1d5f2beb5f166dd0	0175eb374aaf906d	66e5ee1fd2f56971	yes	chase_order,decisions,first_deck_score,moves,points,turns,winner_seat	1	0	[2,4]	[3,0]	{"coin_full_prevention":[29,44,64],"coin_queued_offered":[44,64],"coin_queued_offered_any":[44,64]}	{"coin_defender_attack":9,"coin_queued_attack_damage":2}	{}	{"offgate_discard_then_damage":[78],"offgate_helper_by_mechanic":{"DirectDamage":[55,72],"OptionalDiscardBenchedBasicForExtraDamage":[77,78,87]},"offgate_helper_choice":[55,72,77,78,87]}	no	no
8	k3	6	118	23100060118	rl/results/engine_switch_rules_2026-10/carriers/garchomp_meowth.txt	ab8af3aee5de2cedac4b972bcf4ab8e5e83cbc2e	decks/screen/opponents/t-vespiquen.txt	fb36fa1fe15cbacb8740ad1c1d5f2beb5f166dd0	09877f690833ae76	e423cb778f538589	yes	decisions,moves	0	0	[3,2]	[3,2]	{"coin_full_prevention":[29,44,88],"coin_queued_offered":[88],"coin_queued_offered_any":[88]}	{"coin_defender_attack":6,"coin_queued_attack_damage":1}	{}	{"offgate_helper_by_mechanic":{"OptionalDiscardBenchedBasicForExtraDamage":[73]},"offgate_helper_choice":[73]}	no	no
8	k3	6	119	23100060119	rl/results/engine_switch_rules_2026-10/carriers/garchomp_meowth.txt	ab8af3aee5de2cedac4b972bcf4ab8e5e83cbc2e	decks/screen/opponents/t-vespiquen.txt	fb36fa1fe15cbacb8740ad1c1d5f2beb5f166dd0	1306a0bf182509db	a645aecd903c35ac	yes	decisions,moves,points	1	1	[2,4]	[1,4]	{"coin_full_prevention":[17,33,47,58,77],"coin_queued_offered":[77],"coin_queued_offered_any":[77]}	{"coin_defender_attack":7,"coin_queued_attack_damage":1}	{}	{"offgate_helper_by_mechanic":{"DirectDamage":[68]},"offgate_helper_choice":[68]}	no	no
8	k3	6	122	23100060122	rl/results/engine_switch_rules_2026-10/carriers/garchomp_meowth.txt	ab8af3aee5de2cedac4b972bcf4ab8e5e83cbc2e	decks/screen/opponents/t-vespiquen.txt	fb36fa1fe15cbacb8740ad1c1d5f2beb5f166dd0	89e69653797be4d6	070b1e2e462f5fab	yes	decisions,moves,points,turns	1	1	[0,3]	[2,3]	{"coin_full_prevention":[29,44,73,87,102],"coin_queued_offered":[73],"coin_queued_offered_any":[73]}	{"coin_defender_attack":11,"coin_queued_attack_damage":1}	{}	{"offgate_discard_then_damage":[59],"offgate_helper_by_mechanic":{"OptionalDiscardBenchedBasicForExtraDamage":[58,59,126]},"offgate_helper_choice":[58,59,126]}	no	no
8	k3	6	129	23100060129	rl/results/engine_switch_rules_2026-10/carriers/garchomp_meowth.txt	ab8af3aee5de2cedac4b972bcf4ab8e5e83cbc2e	decks/screen/opponents/t-vespiquen.txt	fb36fa1fe15cbacb8740ad1c1d5f2beb5f166dd0	da583ee0b940ae99	eb06846fc22457e9	yes	chase_order,decisions,moves,turns	0	0	[3,1]	[3,1]	{"coin_full_prevention":[57,70,82],"coin_queued_offered":[57,70,82],"coin_queued_offered_any":[57,70,82]}	{"coin_defender_attack":11,"coin_queued_attack_damage":3}	{}	{"offgate_helper_by_mechanic":{"DirectDamage":[35],"OptionalDiscardBenchedBasicForExtraDamage":[95]},"offgate_helper_choice":[35,95]}	no	no
8	k3	6	130	23100060130	rl/results/engine_switch_rules_2026-10/carriers/garchomp_meowth.txt	ab8af3aee5de2cedac4b972bcf4ab8e5e83cbc2e	decks/screen/opponents/t-vespiquen.txt	fb36fa1fe15cbacb8740ad1c1d5f2beb5f166dd0	1f719e40526162d3	ea075a8be5fb86ff	yes	decisions,moves	1	1	[0,3]	[0,3]	{"coin_full_prevention":[79],"coin_queued_offered":[79],"coin_queued_offered_any":[79]}	{"coin_defender_attack":5,"coin_queued_attack_damage":1}	{}	{"offgate_discard_then_damage":[65],"offgate_helper_by_mechanic":{"OptionalDiscardBenchedBasicForExtraDamage":[64,65]},"offgate_helper_choice":[64,65]}	no	no
8	k3	6	131	23100060131	rl/results/engine_switch_rules_2026-10/carriers/garchomp_meowth.txt	ab8af3aee5de2cedac4b972bcf4ab8e5e83cbc2e	decks/screen/opponents/t-vespiquen.txt	fb36fa1fe15cbacb8740ad1c1d5f2beb5f166dd0	e9f3c4c8d06361fc	ee8b15e836f528bb	yes	chase_order,decisions,moves,turns	0	0	[3,0]	[3,0]	{"coin_full_prevention":[31,70,84],"coin_queued_offered":[70,84],"coin_queued_offered_any":[70,84]}	{"coin_defender_attack":9,"coin_queued_attack_damage":2}	{}	{"offgate_helper_by_mechanic":{"OptionalDiscardBenchedBasicForExtraDamage":[56]},"offgate_helper_choice":[56]}	no	no
8	k3	6	132	23100060132	rl/results/engine_switch_rules_2026-10/carriers/garchomp_meowth.txt	ab8af3aee5de2cedac4b972bcf4ab8e5e83cbc2e	decks/screen/opponents/t-vespiquen.txt	fb36fa1fe15cbacb8740ad1c1d5f2beb5f166dd0	503aa23ce4c9c884	a0a1783d97daf761	yes	chase_order,decisions,moves,points,turns	0	0	[4,2]	[4,1]	{"coin_full_prevention":[65,81,94],"coin_queued_offered":[81,94],"coin_queued_offered_any":[81,94]}	{"coin_defender_attack":9,"coin_queued_attack_damage":2}	{}	{}	no	no
8	k3	6	134	23100060134	rl/results/engine_switch_rules_2026-10/carriers/garchomp_meowth.txt	ab8af3aee5de2cedac4b972bcf4ab8e5e83cbc2e	decks/screen/opponents/t-vespiquen.txt	fb36fa1fe15cbacb8740ad1c1d5f2beb5f166dd0	8762e59d96e107f2	cc522e711c586857	yes	decisions,moves,turns	1	1	[0,3]	[0,3]	{"coin_full_prevention":[17,32,43,61,102,116,130],"coin_queued_offered":[61],"coin_queued_offered_any":[61]}	{"coin_defender_attack":12,"coin_queued_attack_damage":1}	{}	{"offgate_discard_then_damage":[73],"offgate_helper_by_mechanic":{"OptionalDiscardBenchedBasicForExtraDamage":[72,73,85]},"offgate_helper_choice":[72,73,85]}	no	no
8	k3	6	135	23100060135	rl/results/engine_switch_rules_2026-10/carriers/garchomp_meowth.txt	ab8af3aee5de2cedac4b972bcf4ab8e5e83cbc2e	decks/screen/opponents/t-vespiquen.txt	fb36fa1fe15cbacb8740ad1c1d5f2beb5f166dd0	19590ab071971307	cef05f1689b604ee	yes	chase_order,decisions,first_deck_score,moves,points,turns,winner_seat	0	1	[3,0]	[2,4]	{"coin_full_prevention":[56,86,100],"coin_queued_offered":[56,86,100],"coin_queued_offered_any":[56,86,100]}	{"coin_defender_attack":12,"coin_queued_attack_damage":3}	{}	{"offgate_discard_then_damage":[71],"offgate_helper_by_mechanic":{"DirectDamage":[118],"OptionalDiscardBenchedBasicForExtraDamage":[70,71]},"offgate_helper_choice":[70,71,118]}	no	no
8	k3	6	136	23100060136	rl/results/engine_switch_rules_2026-10/carriers/garchomp_meowth.txt	ab8af3aee5de2cedac4b972bcf4ab8e5e83cbc2e	decks/screen/opponents/t-vespiquen.txt	fb36fa1fe15cbacb8740ad1c1d5f2beb5f166dd0	e7953231d876c979	18985d2affed9efd	yes	chase_order,decisions,moves	1	1	[2,3]	[2,3]	{}	{"coin_defender_attack":7}	{}	{"offgate_discard_then_damage":[78,102],"offgate_helper_by_mechanic":{"OptionalDiscardBenchedBasicForExtraDamage":[48,77,78,90,101,102]},"offgate_helper_choice":[48,77,78,90,101,102]}	yes	no
8	k3	6	138	23100060138	rl/results/engine_switch_rules_2026-10/carriers/garchomp_meowth.txt	ab8af3aee5de2cedac4b972bcf4ab8e5e83cbc2e	decks/screen/opponents/t-vespiquen.txt	fb36fa1fe15cbacb8740ad1c1d5f2beb5f166dd0	08e924a6d56a5d31	f6ea92296047741e	yes	chase_order,decisions,first_deck_score,moves,points,turns,winner_seat	1	0	[0,3]	[4,1]	{"coin_full_prevention":[42],"coin_queued_offered":[42],"coin_queued_offered_any":[42]}	{"coin_defender_attack":4,"coin_queued_attack_damage":1}	{}	{"offgate_discard_then_damage":[61],"offgate_helper_by_mechanic":{"DirectDamage":[67],"OptionalDiscardBenchedBasicForExtraDamage":[60,61]},"offgate_helper_choice":[60,61,67]}	no	no
8	k3	6	141	23100060141	rl/results/engine_switch_rules_2026-10/carriers/garchomp_meowth.txt	ab8af3aee5de2cedac4b972bcf4ab8e5e83cbc2e	decks/screen/opponents/t-vespiquen.txt	fb36fa1fe15cbacb8740ad1c1d5f2beb5f166dd0	710b56ded090ebe8	b0410432cb95b384	yes	decisions,first_deck_score,moves,points,turns,winner_seat	0	1	[3,0]	[2,4]	{"coin_full_prevention":[57,72],"coin_queued_offered":[57,72],"coin_queued_offered_any":[57,72]}	{"coin_defender_attack":8,"coin_queued_attack_damage":2}	{}	{"offgate_helper_by_mechanic":{"OptionalDiscardBenchedBasicForExtraDamage":[40]},"offgate_helper_choice":[40]}	no	no
8	k3	6	142	23100060142	rl/results/engine_switch_rules_2026-10/carriers/garchomp_meowth.txt	ab8af3aee5de2cedac4b972bcf4ab8e5e83cbc2e	decks/screen/opponents/t-vespiquen.txt	fb36fa1fe15cbacb8740ad1c1d5f2beb5f166dd0	31c72e2128a2c241	1151aadcfd7c60fd	yes	chase_order,decisions,moves,turns	1	1	[2,3]	[2,3]	{"coin_full_prevention":[29,43,58,115],"coin_queued_offered":[115],"coin_queued_offered_any":[115]}	{"coin_defender_attack":9,"coin_queued_attack_damage":1}	{}	{"offgate_helper_by_mechanic":{"OptionalDiscardBenchedBasicForExtraDamage":[99,125]},"offgate_helper_choice":[99,125]}	no	no
8	k3	6	143	23100060143	rl/results/engine_switch_rules_2026-10/carriers/garchomp_meowth.txt	ab8af3aee5de2cedac4b972bcf4ab8e5e83cbc2e	decks/screen/opponents/t-vespiquen.txt	fb36fa1fe15cbacb8740ad1c1d5f2beb5f166dd0	783df1a6bb009533	f47f27897392e058	yes	decisions,moves	0	0	[3,0]	[3,0]	{"coin_full_prevention":[31,45],"coin_queued_offered":[45],"coin_queued_offered_any":[45]}	{"coin_defender_attack":7,"coin_queued_attack_damage":1}	{}	{"offgate_discard_then_damage":[60],"offgate_helper_by_mechanic":{"OptionalDiscardBenchedBasicForExtraDamage":[59,60,75]},"offgate_helper_choice":[59,60,75]}	no	no
8	k3	6	144	23100060144	rl/results/engine_switch_rules_2026-10/carriers/garchomp_meowth.txt	ab8af3aee5de2cedac4b972bcf4ab8e5e83cbc2e	decks/screen/opponents/t-vespiquen.txt	fb36fa1fe15cbacb8740ad1c1d5f2beb5f166dd0	8bcce5aaa01b0198	9ed96ed7978694d2	yes	chase_order,decisions,moves,turns	1	1	[0,3]	[0,3]	{"coin_full_prevention":[75,99]}	{"coin_defender_attack":5}	{}	{"offgate_discard_then_damage":[57],"offgate_helper_by_mechanic":{"OptionalDiscardBenchedBasicForExtraDamage":[56,57]},"offgate_helper_choice":[56,57]}	yes	yes
8	k3	6	145	23100060145	rl/results/engine_switch_rules_2026-10/carriers/garchomp_meowth.txt	ab8af3aee5de2cedac4b972bcf4ab8e5e83cbc2e	decks/screen/opponents/t-vespiquen.txt	fb36fa1fe15cbacb8740ad1c1d5f2beb5f166dd0	100807d20ee29582	eb25428dcf3136ae	yes	decisions,moves	0	0	[3,0]	[3,0]	{"coin_full_prevention":[90],"coin_queued_offered":[90],"coin_queued_offered_any":[90]}	{"coin_defender_attack":7,"coin_queued_attack_damage":1}	{}	{"offgate_discard_then_damage":[74],"offgate_helper_by_mechanic":{"OptionalDiscardBenchedBasicForExtraDamage":[59,73,74]},"offgate_helper_choice":[59,73,74]}	no	no
8	k3	6	146	23100060146	rl/results/engine_switch_rules_2026-10/carriers/garchomp_meowth.txt	ab8af3aee5de2cedac4b972bcf4ab8e5e83cbc2e	decks/screen/opponents/t-vespiquen.txt	fb36fa1fe15cbacb8740ad1c1d5f2beb5f166dd0	52ee13a409d7fb4a	0ca310a244ca19c6	yes	decisions,moves	1	1	[1,3]	[1,3]	{"coin_full_prevention":[15,30,90],"coin_queued_offered":[90],"coin_queued_offered_any":[90]}	{"coin_defender_attack":8,"coin_queued_attack_damage":1}	{}	{}	no	no
8	k3	6	147	23100060147	rl/results/engine_switch_rules_2026-10/carriers/garchomp_meowth.txt	ab8af3aee5de2cedac4b972bcf4ab8e5e83cbc2e	decks/screen/opponents/t-vespiquen.txt	fb36fa1fe15cbacb8740ad1c1d5f2beb5f166dd0	85ca742107bddcab	d94d4f53de385d8f	yes	decisions,moves	0	0	[3,0]	[3,0]	{"coin_full_prevention":[43,68,86],"coin_queued_offered":[86],"coin_queued_offered_any":[86]}	{"coin_defender_attack":6,"coin_queued_attack_damage":1}	{}	{}	no	no
8	k3	6	149	23100060149	rl/results/engine_switch_rules_2026-10/carriers/garchomp_meowth.txt	ab8af3aee5de2cedac4b972bcf4ab8e5e83cbc2e	decks/screen/opponents/t-vespiquen.txt	fb36fa1fe15cbacb8740ad1c1d5f2beb5f166dd0	4ec3a488225d5981	8e35554c4335d21e	yes	chase_order,decisions,moves,points,turns	0	0	[3,0]	[3,2]	{"coin_full_prevention":[72,105],"coin_queued_offered":[72],"coin_queued_offered_any":[72]}	{"coin_defender_attack":10,"coin_queued_attack_damage":1}	{}	{"offgate_discard_then_damage":[57,87],"offgate_helper_by_mechanic":{"OptionalDiscardBenchedBasicForExtraDamage":[56,57,86,87]},"offgate_helper_choice":[56,57,86,87]}	no	no
8	k3	6	150	23100060150	rl/results/engine_switch_rules_2026-10/carriers/garchomp_meowth.txt	ab8af3aee5de2cedac4b972bcf4ab8e5e83cbc2e	decks/screen/opponents/t-vespiquen.txt	fb36fa1fe15cbacb8740ad1c1d5f2beb5f166dd0	cae13e5047d13d98	3d43fa02ada664d9	yes	decisions,moves	1	1	[0,3]	[0,3]	{"coin_full_prevention":[37,69],"coin_queued_offered":[69],"coin_queued_offered_any":[69]}	{"coin_defender_attack":9,"coin_queued_attack_damage":1}	{}	{"offgate_discard_then_damage":[83],"offgate_helper_by_mechanic":{"OptionalDiscardBenchedBasicForExtraDamage":[82,83,95]},"offgate_helper_choice":[82,83,95]}	no	no
8	k3	6	153	23100060153	rl/results/engine_switch_rules_2026-10/carriers/garchomp_meowth.txt	ab8af3aee5de2cedac4b972bcf4ab8e5e83cbc2e	decks/screen/opponents/t-vespiquen.txt	fb36fa1fe15cbacb8740ad1c1d5f2beb5f166dd0	9ead083916712505	7a3bef12c4da22e0	yes	decisions,moves	0	0	[3,0]	[3,0]	{"coin_full_prevention":[55],"coin_queued_offered":[55],"coin_queued_offered_any":[55]}	{"coin_defender_attack":6,"coin_queued_attack_damage":1}	{}	{"offgate_discard_then_damage":[68],"offgate_helper_by_mechanic":{"OptionalDiscardBenchedBasicForExtraDamage":[67,68]},"offgate_helper_choice":[67,68]}	no	no
8	k3	6	154	23100060154	rl/results/engine_switch_rules_2026-10/carriers/garchomp_meowth.txt	ab8af3aee5de2cedac4b972bcf4ab8e5e83cbc2e	decks/screen/opponents/t-vespiquen.txt	fb36fa1fe15cbacb8740ad1c1d5f2beb5f166dd0	3fc5540de57a9d11	bf89a2ee0a7c8b42	yes	decisions,moves,points	1	1	[0,3]	[2,3]	{"coin_full_prevention":[58]}	{"coin_defender_attack":5}	{}	{"offgate_helper_by_mechanic":{"OptionalDiscardBenchedBasicForExtraDamage":[75]},"offgate_helper_choice":[75]}	yes	yes
8	k3	6	156	23100060156	rl/results/engine_switch_rules_2026-10/carriers/garchomp_meowth.txt	ab8af3aee5de2cedac4b972bcf4ab8e5e83cbc2e	decks/screen/opponents/t-vespiquen.txt	fb36fa1fe15cbacb8740ad1c1d5f2beb5f166dd0	ae7c7a6b14799239	908bf2dcbef1caac	yes	chase_order,decisions,moves,turns	1	1	[0,3]	[0,3]	{"coin_full_prevention":[55,69,82],"coin_queued_offered":[69,82],"coin_queued_offered_any":[69,82]}	{"coin_defender_attack":7,"coin_queued_attack_damage":2}	{}	{}	no	no
8	k3	6	158	23100060158	rl/results/engine_switch_rules_2026-10/carriers/garchomp_meowth.txt	ab8af3aee5de2cedac4b972bcf4ab8e5e83cbc2e	decks/screen/opponents/t-vespiquen.txt	fb36fa1fe15cbacb8740ad1c1d5f2beb5f166dd0	9a16993d1a552b02	84c6f094bb56074c	yes	decisions,moves	1	1	[0,3]	[0,3]	{"coin_full_prevention":[57],"coin_queued_offered":[57],"coin_queued_offered_any":[57]}	{"coin_defender_attack":6,"coin_queued_attack_damage":1}	{}	{"offgate_discard_then_damage":[71,83],"offgate_helper_by_mechanic":{"OptionalDiscardBenchedBasicForExtraDamage":[70,71,82,83]},"offgate_helper_choice":[70,71,82,83]}	no	no
8	k3	6	160	23100060160	rl/results/engine_switch_rules_2026-10/carriers/garchomp_meowth.txt	ab8af3aee5de2cedac4b972bcf4ab8e5e83cbc2e	decks/screen/opponents/t-vespiquen.txt	fb36fa1fe15cbacb8740ad1c1d5f2beb5f166dd0	11c27c4872c3ba33	50629aa125412bd8	yes	chase_order,decisions,moves,turns	1	1	[0,3]	[0,3]	{"coin_full_prevention":[51,69,85],"coin_queued_offered":[51,69],"coin_queued_offered_any":[51,69]}	{"coin_defender_attack":10,"coin_queued_attack_damage":2}	{}	{"offgate_discard_then_damage":[35],"offgate_helper_by_mechanic":{"DirectDamage":[93],"OptionalDiscardBenchedBasicForExtraDamage":[34,35,101]},"offgate_helper_choice":[34,35,93,101]}	no	no
8	k3	6	163	23100060163	rl/results/engine_switch_rules_2026-10/carriers/garchomp_meowth.txt	ab8af3aee5de2cedac4b972bcf4ab8e5e83cbc2e	decks/screen/opponents/t-vespiquen.txt	fb36fa1fe15cbacb8740ad1c1d5f2beb5f166dd0	a8395d9824bf4db0	183e2c549b29a4bf	yes	decisions,moves,turns	0	0	[3,2]	[3,2]	{"coin_full_prevention":[44,58,114,126],"coin_queued_offered":[58],"coin_queued_offered_any":[58]}	{"coin_defender_attack":10,"coin_queued_attack_damage":1}	{}	{}	no	no
8	k3	6	164	23100060164	rl/results/engine_switch_rules_2026-10/carriers/garchomp_meowth.txt	ab8af3aee5de2cedac4b972bcf4ab8e5e83cbc2e	decks/screen/opponents/t-vespiquen.txt	fb36fa1fe15cbacb8740ad1c1d5f2beb5f166dd0	6f8e58778d285686	d50082730f6c219e	yes	chase_order,decisions,moves,turns	1	1	[2,3]	[2,3]	{"coin_full_prevention":[41,54,98,126],"coin_queued_offered":[126],"coin_queued_offered_any":[126]}	{"coin_defender_attack":13,"coin_queued_attack_damage":1}	{}	{"offgate_discard_then_damage":[137],"offgate_helper_by_mechanic":{"OptionalDiscardBenchedBasicForExtraDamage":[113,136,137,146]},"offgate_helper_choice":[113,136,137,146]}	no	no
8	k3	6	166	23100060166	rl/results/engine_switch_rules_2026-10/carriers/garchomp_meowth.txt	ab8af3aee5de2cedac4b972bcf4ab8e5e83cbc2e	decks/screen/opponents/t-vespiquen.txt	fb36fa1fe15cbacb8740ad1c1d5f2beb5f166dd0	b612a8586f2f9bc4	83a4365c5a47c19c	yes	decisions,moves	1	1	[0,3]	[0,3]	{"coin_full_prevention":[37,52,83],"coin_queued_offered":[52,83],"coin_queued_offered_any":[52,83]}	{"coin_defender_attack":7,"coin_queued_attack_damage":2}	{}	{"offgate_discard_then_damage":[67],"offgate_helper_by_mechanic":{"DirectDamage":[43,61],"OptionalDiscardBenchedBasicForExtraDamage":[66,67]},"offgate_helper_choice":[43,61,66,67]}	no	no
8	k3	6	167	23100060167	rl/results/engine_switch_rules_2026-10/carriers/garchomp_meowth.txt	ab8af3aee5de2cedac4b972bcf4ab8e5e83cbc2e	decks/screen/opponents/t-vespiquen.txt	fb36fa1fe15cbacb8740ad1c1d5f2beb5f166dd0	ecdf249050e509e6	22e15556672e5291	yes	decisions,moves,turns	0	0	[3,0]	[3,0]	{"coin_full_prevention":[73,88,100,117],"coin_queued_offered":[100],"coin_queued_offered_any":[100]}	{"coin_defender_attack":10,"coin_queued_attack_damage":1}	{}	{}	no	no
8	k3	6	168	23100060168	rl/results/engine_switch_rules_2026-10/carriers/garchomp_meowth.txt	ab8af3aee5de2cedac4b972bcf4ab8e5e83cbc2e	decks/screen/opponents/t-vespiquen.txt	fb36fa1fe15cbacb8740ad1c1d5f2beb5f166dd0	01d216c37e25b2ba	470cab35fdef43cd	yes	decisions,moves	1	1	[0,3]	[0,3]	{"coin_full_prevention":[54,78],"coin_queued_offered":[78],"coin_queued_offered_any":[78]}	{"coin_defender_attack":7,"coin_queued_attack_damage":1}	{}	{"offgate_helper_by_mechanic":{"OptionalDiscardBenchedBasicForExtraDamage":[65]},"offgate_helper_choice":[65]}	no	no
8	k3	6	169	23100060169	rl/results/engine_switch_rules_2026-10/carriers/garchomp_meowth.txt	ab8af3aee5de2cedac4b972bcf4ab8e5e83cbc2e	decks/screen/opponents/t-vespiquen.txt	fb36fa1fe15cbacb8740ad1c1d5f2beb5f166dd0	342c6aa8c4fa7625	6b5e20a22fefff31	yes	chase_order,decisions,moves,turns	0	0	[3,0]	[3,0]	{"coin_full_prevention":[22,36,51,69,102],"coin_queued_offered":[51,69,102],"coin_queued_offered_any":[51,69,102]}	{"coin_defender_attack":10,"coin_queued_attack_damage":3}	{}	{"offgate_helper_by_mechanic":{"OptionalDiscardBenchedBasicForExtraDamage":[84]},"offgate_helper_choice":[84]}	no	no
8	k3	6	170	23100060170	rl/results/engine_switch_rules_2026-10/carriers/garchomp_meowth.txt	ab8af3aee5de2cedac4b972bcf4ab8e5e83cbc2e	decks/screen/opponents/t-vespiquen.txt	fb36fa1fe15cbacb8740ad1c1d5f2beb5f166dd0	3ee35dc69a1770c3	f2828edf1fd2d726	yes	decisions,moves,points	0	0	[4,2]	[4,1]	{"coin_full_prevention":[43],"coin_queued_offered":[43],"coin_queued_offered_any":[43]}	{"coin_defender_attack":7,"coin_queued_attack_damage":1}	{}	{"offgate_discard_then_damage":[72],"offgate_helper_by_mechanic":{"OptionalDiscardBenchedBasicForExtraDamage":[57,71,72]},"offgate_helper_choice":[57,71,72]}	no	no
8	k3	6	180	23100060180	rl/results/engine_switch_rules_2026-10/carriers/garchomp_meowth.txt	ab8af3aee5de2cedac4b972bcf4ab8e5e83cbc2e	decks/screen/opponents/t-vespiquen.txt	fb36fa1fe15cbacb8740ad1c1d5f2beb5f166dd0	13a4dc427a71d301	395e01816960ed95	yes	chase_order,decisions,first_deck_score,moves,points,turns,winner_seat	0	1	[4,2]	[0,3]	{"coin_full_prevention":[46,61],"coin_queued_offered":[46,61],"coin_queued_offered_any":[46,61]}	{"coin_defender_attack":4,"coin_queued_attack_damage":2}	{}	{"offgate_discard_then_damage":[74],"offgate_helper_by_mechanic":{"OptionalDiscardBenchedBasicForExtraDamage":[73,74,84]},"offgate_helper_choice":[73,74,84]}	no	no
8	k3	6	181	23100060181	rl/results/engine_switch_rules_2026-10/carriers/garchomp_meowth.txt	ab8af3aee5de2cedac4b972bcf4ab8e5e83cbc2e	decks/screen/opponents/t-vespiquen.txt	fb36fa1fe15cbacb8740ad1c1d5f2beb5f166dd0	bbd5d248cdad86c5	df7e1913e36b8baf	yes	chase_order,decisions,first_deck_score,moves,points,turns,winner_seat	0	1	[3,0]	[2,4]	{"coin_full_prevention":[46,62],"coin_queued_offered":[46,62],"coin_queued_offered_any":[46,62]}	{"coin_defender_attack":9,"coin_queued_attack_damage":2}	{}	{"offgate_discard_then_damage":[74],"offgate_helper_by_mechanic":{"OptionalDiscardBenchedBasicForExtraDamage":[33,73,74]},"offgate_helper_choice":[33,73,74]}	no	no
8	k3	6	185	23100060185	rl/results/engine_switch_rules_2026-10/carriers/garchomp_meowth.txt	ab8af3aee5de2cedac4b972bcf4ab8e5e83cbc2e	decks/screen/opponents/t-vespiquen.txt	fb36fa1fe15cbacb8740ad1c1d5f2beb5f166dd0	003b6addaf431711	86737dfca6b6414e	yes	chase_order,decisions,moves,points,turns	0	0	[3,2]	[3,0]	{"coin_full_prevention":[42,58,90],"coin_queued_offered":[58,90],"coin_queued_offered_any":[58,90]}	{"coin_defender_attack":9,"coin_queued_attack_damage":2}	{}	{"offgate_discard_then_damage":[72],"offgate_helper_by_mechanic":{"OptionalDiscardBenchedBasicForExtraDamage":[71,72]},"offgate_helper_choice":[71,72]}	no	no
8	k3	6	186	23100060186	rl/results/engine_switch_rules_2026-10/carriers/garchomp_meowth.txt	ab8af3aee5de2cedac4b972bcf4ab8e5e83cbc2e	decks/screen/opponents/t-vespiquen.txt	fb36fa1fe15cbacb8740ad1c1d5f2beb5f166dd0	0c9a18710baf69e2	4431bdd925db219b	yes	decisions,moves,points	0	0	[4,1]	[4,0]	{"coin_full_prevention":[42,58,72,91],"coin_queued_offered":[72],"coin_queued_offered_any":[72]}	{"coin_defender_attack":6,"coin_queued_attack_damage":1}	{}	{}	no	no
8	k3	6	188	23100060188	rl/results/engine_switch_rules_2026-10/carriers/garchomp_meowth.txt	ab8af3aee5de2cedac4b972bcf4ab8e5e83cbc2e	decks/screen/opponents/t-vespiquen.txt	fb36fa1fe15cbacb8740ad1c1d5f2beb5f166dd0	5a1b10c26e8ad46c	168ca83f9e507156	yes	decisions,first_deck_score,moves,points,turns,winner_seat	1	0	[2,3]	[4,2]	{"coin_full_prevention":[70,85],"coin_queued_offered":[70,85],"coin_queued_offered_any":[70,85]}	{"coin_defender_attack":9,"coin_queued_attack_damage":2}	{}	{"offgate_discard_then_damage":[96],"offgate_helper_by_mechanic":{"OptionalDiscardBenchedBasicForExtraDamage":[56,95,96]},"offgate_helper_choice":[56,95,96]}	no	no
8	k3	6	189	23100060189	rl/results/engine_switch_rules_2026-10/carriers/garchomp_meowth.txt	ab8af3aee5de2cedac4b972bcf4ab8e5e83cbc2e	decks/screen/opponents/t-vespiquen.txt	fb36fa1fe15cbacb8740ad1c1d5f2beb5f166dd0	b576c66069a07420	2d3a1b74e18234b8	yes	decisions,moves	0	0	[3,0]	[3,0]	{"coin_full_prevention":[59],"coin_queued_offered":[59],"coin_queued_offered_any":[59]}	{"coin_defender_attack":8,"coin_queued_attack_damage":1}	{}	{"offgate_helper_by_mechanic":{"OptionalDiscardBenchedBasicForExtraDamage":[71,81]},"offgate_helper_choice":[71,81]}	no	no
8	k3	6	191	23100060191	rl/results/engine_switch_rules_2026-10/carriers/garchomp_meowth.txt	ab8af3aee5de2cedac4b972bcf4ab8e5e83cbc2e	decks/screen/opponents/t-vespiquen.txt	fb36fa1fe15cbacb8740ad1c1d5f2beb5f166dd0	a97251dfd96c1dad	4a320a3b6a2fd6bf	yes	decisions,moves,points	1	1	[2,3]	[1,4]	{"coin_full_prevention":[31,44,60],"coin_queued_offered":[60],"coin_queued_offered_any":[60]}	{"coin_defender_attack":6,"coin_queued_attack_damage":1}	{}	{}	no	no
8	k3	6	192	23100060192	rl/results/engine_switch_rules_2026-10/carriers/garchomp_meowth.txt	ab8af3aee5de2cedac4b972bcf4ab8e5e83cbc2e	decks/screen/opponents/t-vespiquen.txt	fb36fa1fe15cbacb8740ad1c1d5f2beb5f166dd0	b90e0bcb8822aa5c	a96e76b8bb258e71	yes	decisions,moves	1	1	[2,3]	[2,3]	{"coin_full_prevention":[31,103],"coin_queued_offered":[103],"coin_queued_offered_any":[103]}	{"coin_defender_attack":10,"coin_queued_attack_damage":1}	{}	{"offgate_discard_then_damage":[78],"offgate_helper_by_mechanic":{"OptionalDiscardBenchedBasicForExtraDamage":[61,77,78,88]},"offgate_helper_choice":[61,77,78,88]}	no	no
8	k3	6	193	23100060193	rl/results/engine_switch_rules_2026-10/carriers/garchomp_meowth.txt	ab8af3aee5de2cedac4b972bcf4ab8e5e83cbc2e	decks/screen/opponents/t-vespiquen.txt	fb36fa1fe15cbacb8740ad1c1d5f2beb5f166dd0	e1b3059aca3a4f35	d8773f36042388ad	yes	chase_order,decisions,moves,turns	0	0	[3,0]	[3,0]	{"coin_full_prevention":[56,85],"coin_queued_offered":[56,85],"coin_queued_offered_any":[56,85]}	{"coin_defender_attack":10,"coin_queued_attack_damage":2}	{}	{"offgate_discard_then_damage":[70],"offgate_helper_by_mechanic":{"OptionalDiscardBenchedBasicForExtraDamage":[40,69,70]},"offgate_helper_choice":[40,69,70]}	no	no
8	k3	6	195	23100060195	rl/results/engine_switch_rules_2026-10/carriers/garchomp_meowth.txt	ab8af3aee5de2cedac4b972bcf4ab8e5e83cbc2e	decks/screen/opponents/t-vespiquen.txt	fb36fa1fe15cbacb8740ad1c1d5f2beb5f166dd0	e4aae47a98e3366f	d47823db3b99bd20	yes	decisions,moves	0	0	[3,0]	[3,0]	{"coin_full_prevention":[73],"coin_queued_offered":[73],"coin_queued_offered_any":[73]}	{"coin_defender_attack":6,"coin_queued_attack_damage":1}	{}	{"offgate_discard_then_damage":[38],"offgate_helper_by_mechanic":{"OptionalDiscardBenchedBasicForExtraDamage":[37,38,58]},"offgate_helper_choice":[37,38,58]}	no	no
8	k3	6	202	23100060202	rl/results/engine_switch_rules_2026-10/carriers/garchomp_meowth.txt	ab8af3aee5de2cedac4b972bcf4ab8e5e83cbc2e	decks/screen/opponents/t-vespiquen.txt	fb36fa1fe15cbacb8740ad1c1d5f2beb5f166dd0	a7cd47dbee92a240	370c00eeca4aa99c	yes	chase_order,decisions,moves,turns	1	1	[0,3]	[0,3]	{"coin_full_prevention":[64,79],"coin_queued_offered":[64,79],"coin_queued_offered_any":[64,79]}	{"coin_defender_attack":8,"coin_queued_attack_damage":2}	{}	{"offgate_discard_then_damage":[37],"offgate_helper_by_mechanic":{"OptionalDiscardBenchedBasicForExtraDamage":[36,37,50]},"offgate_helper_choice":[36,37,50]}	no	no
8	k3	6	203	23100060203	rl/results/engine_switch_rules_2026-10/carriers/garchomp_meowth.txt	ab8af3aee5de2cedac4b972bcf4ab8e5e83cbc2e	decks/screen/opponents/t-vespiquen.txt	fb36fa1fe15cbacb8740ad1c1d5f2beb5f166dd0	55bbd370b68b2532	ac8e79116ea05916	yes	chase_order,decisions,first_deck_score,moves,points,turns,winner_seat	0	1	[3,1]	[2,3]	{"coin_full_prevention":[80,96]}	{"coin_defender_attack":4}	{}	{"offgate_helper_by_mechanic":{"DirectDamage":[50]},"offgate_helper_choice":[50]}	yes	yes
8	k3	6	204	23100060204	rl/results/engine_switch_rules_2026-10/carriers/garchomp_meowth.txt	ab8af3aee5de2cedac4b972bcf4ab8e5e83cbc2e	decks/screen/opponents/t-vespiquen.txt	fb36fa1fe15cbacb8740ad1c1d5f2beb5f166dd0	e9b24a907f2ec4e0	f3f103190e8e99b5	yes	decisions,moves	1	1	[1,3]	[1,3]	{"coin_full_prevention":[51,68],"coin_queued_offered":[51,68],"coin_queued_offered_any":[51,68]}	{"coin_defender_attack":6,"coin_queued_attack_damage":2}	{}	{"offgate_helper_by_mechanic":{"DirectDamage":[31]},"offgate_helper_choice":[31]}	no	no
8	k3	6	206	23100060206	rl/results/engine_switch_rules_2026-10/carriers/garchomp_meowth.txt	ab8af3aee5de2cedac4b972bcf4ab8e5e83cbc2e	decks/screen/opponents/t-vespiquen.txt	fb36fa1fe15cbacb8740ad1c1d5f2beb5f166dd0	19846bbda583c33a	b100ad1c32942230	yes	chase_order,decisions,first_deck_score,moves,points,turns,winner_seat	1	0	[0,3]	[4,2]	{"coin_full_prevention":[29,60,75],"coin_queued_offered":[60,75],"coin_queued_offered_any":[60,75]}	{"coin_defender_attack":9,"coin_queued_attack_damage":2}	{}	{"offgate_helper_by_mechanic":{"OptionalDiscardBenchedBasicForExtraDamage":[46]},"offgate_helper_choice":[46]}	no	no
8	k3	6	207	23100060207	rl/results/engine_switch_rules_2026-10/carriers/garchomp_meowth.txt	ab8af3aee5de2cedac4b972bcf4ab8e5e83cbc2e	decks/screen/opponents/t-vespiquen.txt	fb36fa1fe15cbacb8740ad1c1d5f2beb5f166dd0	ca3e289170bd18bd	ccfa7ccb78880eec	yes	decisions,moves	0	0	[3,0]	[3,0]	{"coin_full_prevention":[63],"coin_queued_offered":[63],"coin_queued_offered_any":[63]}	{"coin_defender_attack":6,"coin_queued_attack_damage":1}	{}	{}	no	no
8	k3	6	209	23100060209	rl/results/engine_switch_rules_2026-10/carriers/garchomp_meowth.txt	ab8af3aee5de2cedac4b972bcf4ab8e5e83cbc2e	decks/screen/opponents/t-vespiquen.txt	fb36fa1fe15cbacb8740ad1c1d5f2beb5f166dd0	7bd422e2bb7807f9	ad113ca2257c81f2	yes	decisions,moves,points	1	1	[2,4]	[1,4]	{"coin_full_prevention":[69,82],"coin_queued_offered":[69,82],"coin_queued_offered_any":[69,82]}	{"coin_defender_attack":9,"coin_queued_attack_damage":2}	{}	{"offgate_discard_then_damage":[53],"offgate_helper_by_mechanic":{"OptionalDiscardBenchedBasicForExtraDamage":[52,53]},"offgate_helper_choice":[52,53]}	no	no
8	k3	6	211	23100060211	rl/results/engine_switch_rules_2026-10/carriers/garchomp_meowth.txt	ab8af3aee5de2cedac4b972bcf4ab8e5e83cbc2e	decks/screen/opponents/t-vespiquen.txt	fb36fa1fe15cbacb8740ad1c1d5f2beb5f166dd0	d5f7118c334db306	9abda23a44894bdd	yes	decisions,moves	0	0	[3,1]	[3,1]	{"coin_full_prevention":[33,45,74],"coin_queued_offered":[74],"coin_queued_offered_any":[74]}	{"coin_defender_attack":7,"coin_queued_attack_damage":1}	{}	{"offgate_helper_by_mechanic":{"DirectDamage":[53],"OptionalDiscardBenchedBasicForExtraDamage":[61]},"offgate_helper_choice":[53,61]}	no	no
8	k3	6	215	23100060215	rl/results/engine_switch_rules_2026-10/carriers/garchomp_meowth.txt	ab8af3aee5de2cedac4b972bcf4ab8e5e83cbc2e	decks/screen/opponents/t-vespiquen.txt	fb36fa1fe15cbacb8740ad1c1d5f2beb5f166dd0	8060f64663e17cd0	12966fd627996f86	yes	decisions,first_deck_score,moves,points,turns,winner_seat	0	1	[3,0]	[2,4]	{"coin_full_prevention":[66]}	{"coin_defender_attack":4}	{}	{"offgate_helper_by_mechanic":{"OptionalDiscardBenchedBasicForExtraDamage":[95]},"offgate_helper_choice":[95]}	yes	yes
8	k3	6	216	23100060216	rl/results/engine_switch_rules_2026-10/carriers/garchomp_meowth.txt	ab8af3aee5de2cedac4b972bcf4ab8e5e83cbc2e	decks/screen/opponents/t-vespiquen.txt	fb36fa1fe15cbacb8740ad1c1d5f2beb5f166dd0	67e0e2d998459e2a	9176167e355e37df	yes	decisions,first_deck_score,moves,points,turns,winner_seat	1	0	[0,3]	[4,2]	{"coin_full_prevention":[83,96]}	{"coin_defender_attack":7}	{}	{"offgate_helper_by_mechanic":{"OptionalDiscardBenchedBasicForExtraDamage":[66,116]},"offgate_helper_choice":[66,116]}	yes	yes
8	k3	6	217	23100060217	rl/results/engine_switch_rules_2026-10/carriers/garchomp_meowth.txt	ab8af3aee5de2cedac4b972bcf4ab8e5e83cbc2e	decks/screen/opponents/t-vespiquen.txt	fb36fa1fe15cbacb8740ad1c1d5f2beb5f166dd0	c17d9e6fbfc73d38	34b853f1de182a6b	yes	chase_order,decisions,moves,turns	0	0	[3,0]	[3,0]	{"coin_full_prevention":[66,82],"coin_queued_offered":[66,82],"coin_queued_offered_any":[66,82]}	{"coin_defender_attack":7,"coin_queued_attack_damage":2}	{}	{}	no	no
8	k3	6	219	23100060219	rl/results/engine_switch_rules_2026-10/carriers/garchomp_meowth.txt	ab8af3aee5de2cedac4b972bcf4ab8e5e83cbc2e	decks/screen/opponents/t-vespiquen.txt	fb36fa1fe15cbacb8740ad1c1d5f2beb5f166dd0	7255587270b167d2	1e19ce4f98c050bd	yes	chase_order,decisions,moves,turns	0	0	[3,0]	[3,0]	{"coin_full_prevention":[56,67]}	{"coin_defender_attack":5}	{}	{"offgate_helper_by_mechanic":{"DirectDamage":[29]},"offgate_helper_choice":[29]}	yes	yes
8	k3	6	223	23100060223	rl/results/engine_switch_rules_2026-10/carriers/garchomp_meowth.txt	ab8af3aee5de2cedac4b972bcf4ab8e5e83cbc2e	decks/screen/opponents/t-vespiquen.txt	fb36fa1fe15cbacb8740ad1c1d5f2beb5f166dd0	bad874d872067999	642c6f622bbccc62	yes	decisions,first_deck_score,moves,points,turns,winner_seat	0	1	[3,0]	[2,3]	{"coin_full_prevention":[20,35,47,62],"coin_queued_offered":[47,62],"coin_queued_offered_any":[47,62]}	{"coin_defender_attack":8,"coin_queued_attack_damage":2}	{}	{"offgate_helper_by_mechanic":{"DirectDamage":[72],"OptionalDiscardBenchedBasicForExtraDamage":[81]},"offgate_helper_choice":[72,81]}	no	no
8	k3	6	226	23100060226	rl/results/engine_switch_rules_2026-10/carriers/garchomp_meowth.txt	ab8af3aee5de2cedac4b972bcf4ab8e5e83cbc2e	decks/screen/opponents/t-vespiquen.txt	fb36fa1fe15cbacb8740ad1c1d5f2beb5f166dd0	d55800dcfbf7b74d	d1747b0a9a3c678f	yes	decisions,moves	0	0	[4,2]	[4,2]	{"coin_full_prevention":[35,50,64],"coin_queued_offered":[64],"coin_queued_offered_any":[64]}	{"coin_defender_attack":7,"coin_queued_attack_damage":1}	{}	{"offgate_discard_then_damage":[78],"offgate_helper_by_mechanic":{"OptionalDiscardBenchedBasicForExtraDamage":[77,78]},"offgate_helper_choice":[77,78]}	no	no
8	k3	6	227	23100060227	rl/results/engine_switch_rules_2026-10/carriers/garchomp_meowth.txt	ab8af3aee5de2cedac4b972bcf4ab8e5e83cbc2e	decks/screen/opponents/t-vespiquen.txt	fb36fa1fe15cbacb8740ad1c1d5f2beb5f166dd0	a5ee90cca6c187a5	3d710955060dc2ee	yes	decisions,moves	0	0	[3,2]	[3,2]	{"coin_full_prevention":[51,81],"coin_queued_offered":[51],"coin_queued_offered_any":[51]}	{"coin_defender_attack":8,"coin_queued_attack_damage":1}	{}	{"offgate_discard_then_damage":[64],"offgate_helper_by_mechanic":{"OptionalDiscardBenchedBasicForExtraDamage":[32,63,64]},"offgate_helper_choice":[32,63,64]}	no	no
8	k3	6	230	23100060230	rl/results/engine_switch_rules_2026-10/carriers/garchomp_meowth.txt	ab8af3aee5de2cedac4b972bcf4ab8e5e83cbc2e	decks/screen/opponents/t-vespiquen.txt	fb36fa1fe15cbacb8740ad1c1d5f2beb5f166dd0	564e74636639b728	872d22c693f67627	yes	chase_order,decisions,moves,points,turns	1	1	[0,3]	[1,3]	{"coin_full_prevention":[34,49,63,77],"coin_queued_offered":[34,49,63,77],"coin_queued_offered_any":[34,49,63,77]}	{"coin_defender_attack":9,"coin_queued_attack_damage":4}	{}	{"offgate_helper_by_mechanic":{"DirectDamage":[85]},"offgate_helper_choice":[85]}	no	no
8	k3	6	231	23100060231	rl/results/engine_switch_rules_2026-10/carriers/garchomp_meowth.txt	ab8af3aee5de2cedac4b972bcf4ab8e5e83cbc2e	decks/screen/opponents/t-vespiquen.txt	fb36fa1fe15cbacb8740ad1c1d5f2beb5f166dd0	ed57962ca68bb0d2	c3bc1794c22ecbd0	yes	chase_order,decisions,moves,points,turns	0	0	[3,0]	[3,2]	{"coin_full_prevention":[52,79,93,118],"coin_queued_offered":[52,79,93,118],"coin_queued_offered_any":[52,79,93,118]}	{"coin_defender_attack":15,"coin_queued_attack_damage":4}	{}	{"offgate_discard_then_damage":[64,105],"offgate_helper_by_mechanic":{"OptionalDiscardBenchedBasicForExtraDamage":[34,63,64,104,105]},"offgate_helper_choice":[34,63,64,104,105]}	no	no
8	k3	6	234	23100060234	rl/results/engine_switch_rules_2026-10/carriers/garchomp_meowth.txt	ab8af3aee5de2cedac4b972bcf4ab8e5e83cbc2e	decks/screen/opponents/t-vespiquen.txt	fb36fa1fe15cbacb8740ad1c1d5f2beb5f166dd0	385f2fa9c68759a6	9835fbb2ae4c5c28	yes	decisions,moves	0	0	[4,2]	[4,2]	{"coin_full_prevention":[49],"coin_queued_offered":[49],"coin_queued_offered_any":[49]}	{"coin_defender_attack":9,"coin_queued_attack_damage":1}	{}	{"offgate_discard_then_damage":[77],"offgate_helper_by_mechanic":{"OptionalDiscardBenchedBasicForExtraDamage":[64,76,77]},"offgate_helper_choice":[64,76,77]}	no	no
8	k3	6	235	23100060235	rl/results/engine_switch_rules_2026-10/carriers/garchomp_meowth.txt	ab8af3aee5de2cedac4b972bcf4ab8e5e83cbc2e	decks/screen/opponents/t-vespiquen.txt	fb36fa1fe15cbacb8740ad1c1d5f2beb5f166dd0	23075a92d5220bd7	7b38dae2c774f39c	yes	chase_order,decisions,moves,turns	1	1	[2,4]	[2,4]	{"coin_full_prevention":[24,37,52,66,80,96],"coin_queued_offered":[96],"coin_queued_offered_any":[96]}	{"coin_defender_attack":12,"coin_queued_attack_damage":1}	{}	{"offgate_discard_then_damage":[108],"offgate_helper_by_mechanic":{"OptionalDiscardBenchedBasicForExtraDamage":[107,108,127]},"offgate_helper_choice":[107,108,127]}	no	no
8	k3	6	236	23100060236	rl/results/engine_switch_rules_2026-10/carriers/garchomp_meowth.txt	ab8af3aee5de2cedac4b972bcf4ab8e5e83cbc2e	decks/screen/opponents/t-vespiquen.txt	fb36fa1fe15cbacb8740ad1c1d5f2beb5f166dd0	60abb6c7e0e55728	00deae8cbff1ed0a	yes	chase_order,decisions,moves,points,turns	0	0	[4,2]	[4,1]	{"coin_full_prevention":[47,62,76],"coin_queued_offered":[76],"coin_queued_offered_any":[76]}	{"coin_defender_attack":7,"coin_queued_attack_damage":1}	{}	{}	no	no
8	k3	6	238	23100060238	rl/results/engine_switch_rules_2026-10/carriers/garchomp_meowth.txt	ab8af3aee5de2cedac4b972bcf4ab8e5e83cbc2e	decks/screen/opponents/t-vespiquen.txt	fb36fa1fe15cbacb8740ad1c1d5f2beb5f166dd0	6c2fcea8fde72989	dbdda7e0fec6b3a5	yes	decisions,moves	1	1	[0,3]	[0,3]	{"coin_full_prevention":[63],"coin_queued_offered":[63],"coin_queued_offered_any":[63]}	{"coin_defender_attack":8,"coin_queued_attack_damage":1}	{}	{"offgate_discard_then_damage":[76],"offgate_helper_by_mechanic":{"OptionalDiscardBenchedBasicForExtraDamage":[50,75,76]},"offgate_helper_choice":[50,75,76]}	no	no
8	k3	6	241	23100060241	rl/results/engine_switch_rules_2026-10/carriers/garchomp_meowth.txt	ab8af3aee5de2cedac4b972bcf4ab8e5e83cbc2e	decks/screen/opponents/t-vespiquen.txt	fb36fa1fe15cbacb8740ad1c1d5f2beb5f166dd0	2a12366a5df10b3e	8a191a93f20eb0d0	yes	decisions,moves	0	0	[3,0]	[3,0]	{"coin_full_prevention":[67],"coin_queued_offered":[67],"coin_queued_offered_any":[67]}	{"coin_defender_attack":8,"coin_queued_attack_damage":1}	{}	{"offgate_helper_by_mechanic":{"OptionalDiscardBenchedBasicForExtraDamage":[42,54]},"offgate_helper_choice":[42,54]}	no	no
8	k3	6	243	23100060243	rl/results/engine_switch_rules_2026-10/carriers/garchomp_meowth.txt	ab8af3aee5de2cedac4b972bcf4ab8e5e83cbc2e	decks/screen/opponents/t-vespiquen.txt	fb36fa1fe15cbacb8740ad1c1d5f2beb5f166dd0	4e5f32defbd4ae25	10e492128524a3e4	yes	decisions,first_deck_score,moves,points,turns,winner_seat	0	1	[3,0]	[2,4]	{"coin_full_prevention":[48,85],"coin_queued_offered":[48,85],"coin_queued_offered_any":[48,85]}	{"coin_defender_attack":8,"coin_queued_attack_damage":2}	{}	{"offgate_discard_then_damage":[67],"offgate_helper_by_mechanic":{"OptionalDiscardBenchedBasicForExtraDamage":[66,67]},"offgate_helper_choice":[66,67]}	no	no
8	k3	6	245	23100060245	rl/results/engine_switch_rules_2026-10/carriers/garchomp_meowth.txt	ab8af3aee5de2cedac4b972bcf4ab8e5e83cbc2e	decks/screen/opponents/t-vespiquen.txt	fb36fa1fe15cbacb8740ad1c1d5f2beb5f166dd0	f32ddd508ab7629e	4ec27950a37071ee	yes	chase_order,decisions,first_deck_score,moves,points,turns,winner_seat	0	1	[3,0]	[1,3]	{"coin_full_prevention":[30,46,62,79],"coin_queued_offered":[46,62,79],"coin_queued_offered_any":[46,62,79]}	{"coin_defender_attack":7,"coin_queued_attack_damage":3}	{}	{"offgate_helper_by_mechanic":{"DirectDamage":[72]},"offgate_helper_choice":[72]}	no	no
8	k3	6	246	23100060246	rl/results/engine_switch_rules_2026-10/carriers/garchomp_meowth.txt	ab8af3aee5de2cedac4b972bcf4ab8e5e83cbc2e	decks/screen/opponents/t-vespiquen.txt	fb36fa1fe15cbacb8740ad1c1d5f2beb5f166dd0	3c4b6eccea5804d9	cd262daa4f2dacd5	yes	chase_order,decisions,first_deck_score,moves,points,turns,winner_seat	1	0	[0,3]	[4,2]	{"coin_full_prevention":[64,81,129],"coin_queued_offered":[64,81],"coin_queued_offered_any":[64,81]}	{"coin_defender_attack":12,"coin_queued_attack_damage":2}	{}	{"offgate_discard_then_damage":[94],"offgate_helper_by_mechanic":{"OptionalDiscardBenchedBasicForExtraDamage":[50,93,94]},"offgate_helper_choice":[50,93,94]}	no	no
8	k3	6	247	23100060247	rl/results/engine_switch_rules_2026-10/carriers/garchomp_meowth.txt	ab8af3aee5de2cedac4b972bcf4ab8e5e83cbc2e	decks/screen/opponents/t-vespiquen.txt	fb36fa1fe15cbacb8740ad1c1d5f2beb5f166dd0	376c0be1358c4ad4	78215306f02a1d2e	yes	decisions,moves	1	1	[1,4]	[1,4]	{"coin_full_prevention":[31,48],"coin_queued_offered":[48],"coin_queued_offered_any":[48]}	{"coin_defender_attack":5,"coin_queued_attack_damage":1}	{}	{"offgate_discard_then_damage":[63],"offgate_helper_by_mechanic":{"OptionalDiscardBenchedBasicForExtraDamage":[62,63]},"offgate_helper_choice":[62,63]}	no	no
8	k3	6	249	23100060249	rl/results/engine_switch_rules_2026-10/carriers/garchomp_meowth.txt	ab8af3aee5de2cedac4b972bcf4ab8e5e83cbc2e	decks/screen/opponents/t-vespiquen.txt	fb36fa1fe15cbacb8740ad1c1d5f2beb5f166dd0	113ac7961cbfad3d	5dc95f5f19296abf	yes	chase_order,decisions,moves,turns	0	0	[3,1]	[3,1]	{"coin_full_prevention":[94,108],"coin_queued_offered":[94,108],"coin_queued_offered_any":[94,108]}	{"coin_defender_attack":13,"coin_queued_attack_damage":2}	{}	{"offgate_discard_then_damage":[63,79],"offgate_helper_by_mechanic":{"DirectDamage":[38],"OptionalDiscardBenchedBasicForExtraDamage":[62,63,78,79,119]},"offgate_helper_choice":[38,62,63,78,79,119]}	no	no
8	k3	9	1	23100090001	rl/results/engine_switch_rules_2026-10/carriers/alternates/togekiss_meowth.txt	14af182c3b0fecb75dcd6ee28d011c28e86a5f8f	decks/screen/opponents/t-blaziken.txt	83fdf96504271e0074b3a93a2b2c9c1f99c12b1c	885dd0b6d9576608	cf31d107ad5e29c8	yes	moves	1	1	[2,3]	[2,3]	{"coin_full_prevention":[44,62,73],"coin_queued_offered":[73],"coin_queued_offered_any":[73]}	{"coin_defender_attack":6,"coin_queued_attack_damage":1}	{}	{}	no	no
8	k3	9	3	23100090003	rl/results/engine_switch_rules_2026-10/carriers/alternates/togekiss_meowth.txt	14af182c3b0fecb75dcd6ee28d011c28e86a5f8f	decks/screen/opponents/t-blaziken.txt	83fdf96504271e0074b3a93a2b2c9c1f99c12b1c	d6a9f1093fcb598c	67123447a0855476	yes	decisions,moves	1	1	[2,3]	[2,3]	{"coin_full_prevention":[58,68,77],"coin_queued_offered":[20,31],"coin_queued_offered_any":[20,31]}	{"coin_defender_attack":8}	{}	{"offgate_helper_by_mechanic":{"DirectDamage":[20,31]},"offgate_helper_choice":[20,31]}	no	no
8	k3	9	7	23100090007	rl/results/engine_switch_rules_2026-10/carriers/alternates/togekiss_meowth.txt	14af182c3b0fecb75dcd6ee28d011c28e86a5f8f	decks/screen/opponents/t-blaziken.txt	83fdf96504271e0074b3a93a2b2c9c1f99c12b1c	25b6aae0dee5c795	f1a19efd1aad6bd3	yes	decisions,moves	0	0	[3,2]	[3,2]	{"coin_full_prevention":[36,47,61,79],"coin_queued_offered":[94],"coin_queued_offered_any":[94]}	{"coin_defender_attack":8}	{}	{"offgate_helper_by_mechanic":{"DirectDamage":[94]},"offgate_helper_choice":[94]}	no	no
8	k3	9	9	23100090009	rl/results/engine_switch_rules_2026-10/carriers/alternates/togekiss_meowth.txt	14af182c3b0fecb75dcd6ee28d011c28e86a5f8f	decks/screen/opponents/t-blaziken.txt	83fdf96504271e0074b3a93a2b2c9c1f99c12b1c	e203791cf17b64a6	db405c8612ffe8a7	yes	decisions,discard_attacks,moves,turns	0	0	[3,0]	[3,0]	{"coin_full_prevention":[33,65,81,95],"coin_queued_offered":[33,50],"coin_queued_offered_any":[33,50]}	{"coin_defender_attack":9,"coin_queued_attack_damage":1}	{}	{"offgate_helper_by_mechanic":{"DirectDamage":[50]},"offgate_helper_choice":[50]}	no	no
8	k3	9	11	23100090011	rl/results/engine_switch_rules_2026-10/carriers/alternates/togekiss_meowth.txt	14af182c3b0fecb75dcd6ee28d011c28e86a5f8f	decks/screen/opponents/t-blaziken.txt	83fdf96504271e0074b3a93a2b2c9c1f99c12b1c	138142afc0bab9eb	fd5d76513c5344df	yes	decisions,discard_attacks,moves,points,turns	0	0	[3,2]	[3,0]	{"coin_full_prevention":[42,51,65],"coin_queued_offered":[14],"coin_queued_offered_any":[14]}	{"coin_defender_attack":6}	{}	{"offgate_helper_by_mechanic":{"DirectDamage":[14]},"offgate_helper_choice":[14]}	no	no
8	k3	9	13	23100090013	rl/results/engine_switch_rules_2026-10/carriers/alternates/togekiss_meowth.txt	14af182c3b0fecb75dcd6ee28d011c28e86a5f8f	decks/screen/opponents/t-blaziken.txt	83fdf96504271e0074b3a93a2b2c9c1f99c12b1c	36c77023832f1781	401c29a57c663aba	yes	decisions,moves,points	1	1	[2,3]	[0,3]	{"coin_full_prevention":[57,71,82],"coin_queued_offered":[24,42,57],"coin_queued_offered_any":[24,42,57]}	{"coin_defender_attack":8,"coin_queued_attack_damage":1}	{}	{"offgate_helper_by_mechanic":{"DirectDamage":[24,42,57]},"offgate_helper_choice":[24,42,57]}	no	no
8	k3	9	15	23100090015	rl/results/engine_switch_rules_2026-10/carriers/alternates/togekiss_meowth.txt	14af182c3b0fecb75dcd6ee28d011c28e86a5f8f	decks/screen/opponents/t-blaziken.txt	83fdf96504271e0074b3a93a2b2c9c1f99c12b1c	fe29c26e561aeaf8	b799d108f538c084	yes	decisions,discard_attacks,moves,turns	0	0	[3,2]	[3,2]	{"coin_full_prevention":[46,67,95],"coin_queued_offered":[14,29,105],"coin_queued_offered_any":[14,29,105]}	{"coin_defender_attack":10}	{}	{"offgate_helper_by_mechanic":{"DirectDamage":[14,29,105]},"offgate_helper_choice":[14,29,105]}	no	no
8	k3	9	16	23100090016	rl/results/engine_switch_rules_2026-10/carriers/alternates/togekiss_meowth.txt	14af182c3b0fecb75dcd6ee28d011c28e86a5f8f	decks/screen/opponents/t-blaziken.txt	83fdf96504271e0074b3a93a2b2c9c1f99c12b1c	d2d6bf7d5924e742	2b4d05441c9b9e87	yes	decisions,discard_attacks,moves	0	0	[4,0]	[4,0]	{"coin_full_prevention":[48,72],"coin_queued_offered":[34,48],"coin_queued_offered_any":[34,48]}	{"coin_defender_attack":5,"coin_queued_attack_damage":1}	{}	{"offgate_helper_by_mechanic":{"DirectDamage":[34]},"offgate_helper_choice":[34]}	no	no
8	k3	9	22	23100090022	rl/results/engine_switch_rules_2026-10/carriers/alternates/togekiss_meowth.txt	14af182c3b0fecb75dcd6ee28d011c28e86a5f8f	decks/screen/opponents/t-blaziken.txt	83fdf96504271e0074b3a93a2b2c9c1f99c12b1c	07717e0bf335c53e	1ffa9d645a621feb	yes	decisions,moves	0	0	[3,0]	[3,0]	{"coin_full_prevention":[24,37],"coin_queued_offered":[24,49],"coin_queued_offered_any":[24,49]}	{"coin_defender_attack":6,"coin_queued_attack_damage":1}	{}	{"offgate_helper_by_mechanic":{"DirectDamage":[49]},"offgate_helper_choice":[49]}	no	no
8	k3	9	24	23100090024	rl/results/engine_switch_rules_2026-10/carriers/alternates/togekiss_meowth.txt	14af182c3b0fecb75dcd6ee28d011c28e86a5f8f	decks/screen/opponents/t-blaziken.txt	83fdf96504271e0074b3a93a2b2c9c1f99c12b1c	e9145595f4538aa8	e1bc447342109aaf	yes	decisions,discard_attacks,first_deck_score,moves,points,turns,winner_seat	0	1	[3,2]	[2,3]	{"coin_full_prevention":[55,73,87,97,111],"coin_queued_offered":[55],"coin_queued_offered_any":[55]}	{"coin_defender_attack":8,"coin_queued_attack_damage":1}	{}	{}	no	no
8	k3	9	27	23100090027	rl/results/engine_switch_rules_2026-10/carriers/alternates/togekiss_meowth.txt	14af182c3b0fecb75dcd6ee28d011c28e86a5f8f	decks/screen/opponents/t-blaziken.txt	83fdf96504271e0074b3a93a2b2c9c1f99c12b1c	10ea79b89c899085	356178332171a92f	yes	decisions,discard_attacks,first_deck_score,moves,points,turns,winner_seat	0	1	[3,0]	[2,5]	{"coin_full_prevention":[26,41,55,65,81,93,109],"coin_queued_offered":[65],"coin_queued_offered_any":[65]}	{"coin_defender_attack":8,"coin_queued_attack_damage":1}	{}	{"offgate_helper_by_mechanic":{"DirectDamage":[65]},"offgate_helper_choice":[65]}	no	no
8	k3	9	31	23100090031	rl/results/engine_switch_rules_2026-10/carriers/alternates/togekiss_meowth.txt	14af182c3b0fecb75dcd6ee28d011c28e86a5f8f	decks/screen/opponents/t-blaziken.txt	83fdf96504271e0074b3a93a2b2c9c1f99c12b1c	55dee5424a21b152	c8f74d85d7a2f20a	yes	decisions,discard_attacks,moves,points,turns	0	0	[3,1]	[3,2]	{"coin_full_prevention":[22,54,67,82],"coin_queued_offered":[67],"coin_queued_offered_any":[67]}	{"coin_defender_attack":8,"coin_queued_attack_damage":1}	{}	{"offgate_helper_by_mechanic":{"DirectDamage":[35,67]},"offgate_helper_choice":[35,67]}	no	no
8	k3	9	32	23100090032	rl/results/engine_switch_rules_2026-10/carriers/alternates/togekiss_meowth.txt	14af182c3b0fecb75dcd6ee28d011c28e86a5f8f	decks/screen/opponents/t-blaziken.txt	83fdf96504271e0074b3a93a2b2c9c1f99c12b1c	0dd4a947c46e3f44	569b355854bb00ff	yes	decisions,moves	0	0	[5,1]	[5,1]	{"coin_full_prevention":[15,60,77,90,99,112],"coin_queued_offered":[46,60],"coin_queued_offered_any":[46,60]}	{"coin_defender_attack":11,"coin_queued_attack_damage":1}	{}	{"offgate_helper_by_mechanic":{"DirectDamage":[29,46,60]},"offgate_helper_choice":[29,46,60]}	no	no
8	k3	9	33	23100090033	rl/results/engine_switch_rules_2026-10/carriers/alternates/togekiss_meowth.txt	14af182c3b0fecb75dcd6ee28d011c28e86a5f8f	decks/screen/opponents/t-blaziken.txt	83fdf96504271e0074b3a93a2b2c9c1f99c12b1c	58574aff84c4b7e4	01434daf547208e3	yes	decisions,moves	0	0	[3,1]	[3,1]	{"coin_queued_offered":[18,32,45],"coin_queued_offered_any":[18,32,45]}	{"coin_defender_attack":8}	{}	{"offgate_helper_by_mechanic":{"DirectDamage":[18,32,45]},"offgate_helper_choice":[18,32,45]}	no	no
8	k3	9	34	23100090034	rl/results/engine_switch_rules_2026-10/carriers/alternates/togekiss_meowth.txt	14af182c3b0fecb75dcd6ee28d011c28e86a5f8f	decks/screen/opponents/t-blaziken.txt	83fdf96504271e0074b3a93a2b2c9c1f99c12b1c	e9b7b0aa1a147b7f	37d91501e4f71358	yes	decisions,discard_attacks,moves	1	1	[0,3]	[0,3]	{"coin_full_prevention":[12,24,43,71,88,102],"coin_queued_offered":[102],"coin_queued_offered_any":[102]}	{"coin_defender_attack":8,"coin_queued_attack_damage":1}	{}	{}	no	no
8	k3	9	38	23100090038	rl/results/engine_switch_rules_2026-10/carriers/alternates/togekiss_meowth.txt	14af182c3b0fecb75dcd6ee28d011c28e86a5f8f	decks/screen/opponents/t-blaziken.txt	83fdf96504271e0074b3a93a2b2c9c1f99c12b1c	6004b02d6a189c23	d74c03aff3339c86	yes	decisions,discard_attacks,first_deck_score,moves,points,turns,winner_seat	1	0	[2,3]	[5,2]	{"coin_full_prevention":[79,89,102],"coin_queued_offered":[57,66],"coin_queued_offered_any":[57,66]}	{"coin_defender_attack":10}	{}	{"offgate_helper_by_mechanic":{"DirectDamage":[57,66]},"offgate_helper_choice":[57,66]}	no	no
8	k3	9	46	23100090046	rl/results/engine_switch_rules_2026-10/carriers/alternates/togekiss_meowth.txt	14af182c3b0fecb75dcd6ee28d011c28e86a5f8f	decks/screen/opponents/t-blaziken.txt	83fdf96504271e0074b3a93a2b2c9c1f99c12b1c	bcd0c343db2c57bf	ffe7db44cf630a61	yes	decisions,moves,points,turns	0	0	[5,2]	[5,0]	{"coin_full_prevention":[67,76,93,104],"coin_queued_offered":[16],"coin_queued_offered_any":[16]}	{"coin_defender_attack":8}	{}	{"offgate_helper_by_mechanic":{"DirectDamage":[16]},"offgate_helper_choice":[16]}	no	no
8	k3	9	51	23100090051	rl/results/engine_switch_rules_2026-10/carriers/alternates/togekiss_meowth.txt	14af182c3b0fecb75dcd6ee28d011c28e86a5f8f	decks/screen/opponents/t-blaziken.txt	83fdf96504271e0074b3a93a2b2c9c1f99c12b1c	88bd8b8fd532bfd7	d840e082f1bd52cf	yes	decisions,discard_attacks,first_deck_score,moves,points,turns,winner_seat	0	1	[3,2]	[1,4]	{"coin_full_prevention":[65,81,95],"coin_queued_offered":[18,34],"coin_queued_offered_any":[18,34]}	{"coin_defender_attack":9}	{}	{"offgate_helper_by_mechanic":{"DirectDamage":[18,34,50]},"offgate_helper_choice":[18,34,50]}	no	no
8	k3	9	52	23100090052	rl/results/engine_switch_rules_2026-10/carriers/alternates/togekiss_meowth.txt	14af182c3b0fecb75dcd6ee28d011c28e86a5f8f	decks/screen/opponents/t-blaziken.txt	83fdf96504271e0074b3a93a2b2c9c1f99c12b1c	995b7b4659d7ee15	c2763a7e16d9eb84	yes	decisions,discard_attacks,moves,turns	0	0	[5,2]	[5,2]	{"coin_full_prevention":[60,94],"coin_queued_offered":[46,60],"coin_queued_offered_any":[46,60]}	{"coin_defender_attack":9,"coin_queued_attack_damage":1}	{}	{"offgate_helper_by_mechanic":{"DirectDamage":[46]},"offgate_helper_choice":[46]}	no	no
8	k3	9	53	23100090053	rl/results/engine_switch_rules_2026-10/carriers/alternates/togekiss_meowth.txt	14af182c3b0fecb75dcd6ee28d011c28e86a5f8f	decks/screen/opponents/t-blaziken.txt	83fdf96504271e0074b3a93a2b2c9c1f99c12b1c	e5b069d0f9ae83e9	30594d45abf54347	yes	decisions,discard_attacks,first_deck_score,moves,points,turns,winner_seat	1	0	[2,4]	[3,0]	{"coin_full_prevention":[62,76,94],"coin_queued_offered":[94],"coin_queued_offered_any":[94]}	{"coin_defender_attack":4,"coin_queued_attack_damage":1}	{}	{"offgate_helper_by_mechanic":{"DirectDamage":[28]},"offgate_helper_choice":[28]}	no	no
8	k3	9	57	23100090057	rl/results/engine_switch_rules_2026-10/carriers/alternates/togekiss_meowth.txt	14af182c3b0fecb75dcd6ee28d011c28e86a5f8f	decks/screen/opponents/t-blaziken.txt	83fdf96504271e0074b3a93a2b2c9c1f99c12b1c	7ead708ded1176a6	7ed6942d9ca6119b	yes	decisions,moves	1	1	[1,3]	[1,3]	{"coin_full_prevention":[69],"coin_queued_offered":[22,33],"coin_queued_offered_any":[22,33]}	{"coin_defender_attack":7}	{}	{"offgate_helper_by_mechanic":{"DirectDamage":[22,33]},"offgate_helper_choice":[22,33]}	no	no
8	k3	9	60	23100090060	rl/results/engine_switch_rules_2026-10/carriers/alternates/togekiss_meowth.txt	14af182c3b0fecb75dcd6ee28d011c28e86a5f8f	decks/screen/opponents/t-blaziken.txt	83fdf96504271e0074b3a93a2b2c9c1f99c12b1c	3956fd041aae7ec9	9b315590f9c694ab	yes	decisions,moves	1	1	[0,3]	[0,3]	{"coin_full_prevention":[30,44,55,71,96,111],"coin_queued_offered":[111],"coin_queued_offered_any":[111]}	{"coin_defender_attack":8,"coin_queued_attack_damage":1}	{}	{}	no	no
8	k3	9	65	23100090065	rl/results/engine_switch_rules_2026-10/carriers/alternates/togekiss_meowth.txt	14af182c3b0fecb75dcd6ee28d011c28e86a5f8f	decks/screen/opponents/t-blaziken.txt	83fdf96504271e0074b3a93a2b2c9c1f99c12b1c	dd9659128935afea	fa2f131c43f3a562	yes	decisions,discard_attacks,first_deck_score,moves,points,turns,winner_seat	0	1	[3,2]	[2,5]	{"coin_full_prevention":[43,59,71,86,100,113,126,136],"coin_queued_offered":[113],"coin_queued_offered_any":[113]}	{"coin_defender_attack":9,"coin_queued_attack_damage":1}	{}	{"offgate_helper_by_mechanic":{"DirectDamage":[113]},"offgate_helper_choice":[113]}	no	no
8	k3	9	66	23100090066	rl/results/engine_switch_rules_2026-10/carriers/alternates/togekiss_meowth.txt	14af182c3b0fecb75dcd6ee28d011c28e86a5f8f	decks/screen/opponents/t-blaziken.txt	83fdf96504271e0074b3a93a2b2c9c1f99c12b1c	5fdd8f2ed57e463c	19fdf38f15999252	yes	decisions,moves	0	0	[1,1]	[1,1]	{"coin_full_prevention":[15,27,40,49],"coin_queued_offered":[15,27,40,49],"coin_queued_offered_any":[15,27,40,49]}	{"coin_defender_attack":8,"coin_queued_attack_damage":4}	{}	{"offgate_helper_by_mechanic":{"DirectDamage":[27]},"offgate_helper_choice":[27]}	no	no
8	k3	9	67	23100090067	rl/results/engine_switch_rules_2026-10/carriers/alternates/togekiss_meowth.txt	14af182c3b0fecb75dcd6ee28d011c28e86a5f8f	decks/screen/opponents/t-blaziken.txt	83fdf96504271e0074b3a93a2b2c9c1f99c12b1c	7881123c83b5d1e4	08f3f4df8afb0624	yes	decisions,discard_attacks,first_deck_score,moves,points,turns,winner_seat	1	0	[2,3]	[3,1]	{"coin_full_prevention":[15,64],"coin_queued_offered":[15,31,45,81],"coin_queued_offered_any":[15,31,45,81]}	{"coin_defender_attack":10,"coin_queued_attack_damage":1}	{}	{"offgate_helper_by_mechanic":{"DirectDamage":[31,45,81]},"offgate_helper_choice":[31,45,81]}	no	no
8	k3	9	70	23100090070	rl/results/engine_switch_rules_2026-10/carriers/alternates/togekiss_meowth.txt	14af182c3b0fecb75dcd6ee28d011c28e86a5f8f	decks/screen/opponents/t-blaziken.txt	83fdf96504271e0074b3a93a2b2c9c1f99c12b1c	a53ba0dcf5149943	de5b4a6487844d37	yes	decisions,moves	0	0	[5,2]	[5,2]	{"coin_full_prevention":[26,48,61,72,87,98,142],"coin_queued_offered":[112],"coin_queued_offered_any":[112]}	{"coin_defender_attack":9}	{}	{"offgate_helper_by_mechanic":{"DirectDamage":[112]},"offgate_helper_choice":[112]}	no	no
8	k3	9	71	23100090071	rl/results/engine_switch_rules_2026-10/carriers/alternates/togekiss_meowth.txt	14af182c3b0fecb75dcd6ee28d011c28e86a5f8f	decks/screen/opponents/t-blaziken.txt	83fdf96504271e0074b3a93a2b2c9c1f99c12b1c	79c275c0944c7916	ebb3019e1dfeec11	yes	decisions,moves	1	1	[0,3]	[0,3]	{"coin_full_prevention":[20,61,78],"coin_queued_offered":[34,47,61],"coin_queued_offered_any":[34,47,61]}	{"coin_defender_attack":9,"coin_queued_attack_damage":1}	{}	{"offgate_helper_by_mechanic":{"DirectDamage":[34,47,61]},"offgate_helper_choice":[34,47,61]}	no	no
8	k3	9	72	23100090072	rl/results/engine_switch_rules_2026-10/carriers/alternates/togekiss_meowth.txt	14af182c3b0fecb75dcd6ee28d011c28e86a5f8f	decks/screen/opponents/t-blaziken.txt	83fdf96504271e0074b3a93a2b2c9c1f99c12b1c	07744c1288b3a20c	506598499f4c936e	yes	decisions,discard_attacks,first_deck_score,moves,points,turns,winner_seat	1	0	[0,3]	[3,1]	{"coin_full_prevention":[15,28,42,54]}	{"coin_defender_attack":4}	{}	{}	yes	yes
8	k3	9	75	23100090075	rl/results/engine_switch_rules_2026-10/carriers/alternates/togekiss_meowth.txt	14af182c3b0fecb75dcd6ee28d011c28e86a5f8f	decks/screen/opponents/t-blaziken.txt	83fdf96504271e0074b3a93a2b2c9c1f99c12b1c	386774bdbac8bc37	aad7ce4a052602e6	yes	decisions,discard_attacks,moves,points,turns	0	0	[3,0]	[3,2]	{"coin_full_prevention":[73,87,103,118,132,144,155,165],"coin_queued_offered":[59,118,132,144],"coin_queued_offered_any":[59,118,132,144]}	{"coin_defender_attack":16,"coin_queued_attack_damage":3}	{}	{"offgate_helper_by_mechanic":{"DirectDamage":[22,59,118]},"offgate_helper_choice":[22,59,118]}	no	no
8	k3	9	76	23100090076	rl/results/engine_switch_rules_2026-10/carriers/alternates/togekiss_meowth.txt	14af182c3b0fecb75dcd6ee28d011c28e86a5f8f	decks/screen/opponents/t-blaziken.txt	83fdf96504271e0074b3a93a2b2c9c1f99c12b1c	c392b759e81964f2	9766226285834068	yes	decisions,moves	0	0	[3,1]	[3,1]	{"coin_full_prevention":[57,71,87],"coin_queued_offered":[40,57],"coin_queued_offered_any":[40,57]}	{"coin_defender_attack":7,"coin_queued_attack_damage":1}	{}	{"offgate_helper_by_mechanic":{"DirectDamage":[40,57]},"offgate_helper_choice":[40,57]}	no	no
8	k3	9	81	23100090081	rl/results/engine_switch_rules_2026-10/carriers/alternates/togekiss_meowth.txt	14af182c3b0fecb75dcd6ee28d011c28e86a5f8f	decks/screen/opponents/t-blaziken.txt	83fdf96504271e0074b3a93a2b2c9c1f99c12b1c	6e0357ec610da278	8690b4384af9b1b5	yes	decisions,discard_attacks,moves,turns	0	0	[3,2]	[3,2]	{"coin_full_prevention":[50,64,90,104],"coin_queued_offered":[21,37],"coin_queued_offered_any":[21,37]}	{"coin_defender_attack":9}	{}	{"offgate_helper_by_mechanic":{"DirectDamage":[21,37]},"offgate_helper_choice":[21,37]}	no	no
8	k3	9	86	23100090086	rl/results/engine_switch_rules_2026-10/carriers/alternates/togekiss_meowth.txt	14af182c3b0fecb75dcd6ee28d011c28e86a5f8f	decks/screen/opponents/t-blaziken.txt	83fdf96504271e0074b3a93a2b2c9c1f99c12b1c	a3fc1d61fb231a81	adffa5821286fba9	yes	decisions,discard_attacks,moves,turns	1	1	[2,3]	[2,3]	{"coin_full_prevention":[15,32,76,90,107,118,129,137],"coin_queued_offered":[32,48],"coin_queued_offered_any":[32,48]}	{"coin_defender_attack":12,"coin_queued_attack_damage":1}	{}	{"offgate_helper_by_mechanic":{"DirectDamage":[48]},"offgate_helper_choice":[48]}	no	no
8	k3	9	87	23100090087	rl/results/engine_switch_rules_2026-10/carriers/alternates/togekiss_meowth.txt	14af182c3b0fecb75dcd6ee28d011c28e86a5f8f	decks/screen/opponents/t-blaziken.txt	83fdf96504271e0074b3a93a2b2c9c1f99c12b1c	29af10c5f6461b9c	aa32b01d91cc690b	yes	decisions,discard_attacks,moves,turns	0	0	[3,2]	[3,2]	{"coin_full_prevention":[22,38,53,72,87,104,116,128],"coin_queued_offered":[87],"coin_queued_offered_any":[87]}	{"coin_defender_attack":9,"coin_queued_attack_damage":1}	{}	{"offgate_helper_by_mechanic":{"DirectDamage":[87]},"offgate_helper_choice":[87]}	no	no
8	k3	9	90	23100090090	rl/results/engine_switch_rules_2026-10/carriers/alternates/togekiss_meowth.txt	14af182c3b0fecb75dcd6ee28d011c28e86a5f8f	decks/screen/opponents/t-blaziken.txt	83fdf96504271e0074b3a93a2b2c9c1f99c12b1c	9d55b6b31bc55769	cca9beed200deb10	yes	decisions,moves	0	0	[3,1]	[3,1]	{"coin_full_prevention":[56],"coin_queued_offered":[20,32],"coin_queued_offered_any":[20,32]}	{"coin_defender_attack":6}	{}	{"offgate_helper_by_mechanic":{"DirectDamage":[20,32]},"offgate_helper_choice":[20,32]}	no	no
8	k3	9	93	23100090093	rl/results/engine_switch_rules_2026-10/carriers/alternates/togekiss_meowth.txt	14af182c3b0fecb75dcd6ee28d011c28e86a5f8f	decks/screen/opponents/t-blaziken.txt	83fdf96504271e0074b3a93a2b2c9c1f99c12b1c	25630cd5094431b4	977a7e3bb6c86c2f	yes	decisions,discard_attacks,first_deck_score,moves,points,turns,winner_seat	1	0	[2,5]	[3,2]	{"coin_full_prevention":[26,41,57,73,84,98,109,119],"coin_queued_offered":[73],"coin_queued_offered_any":[73]}	{"coin_defender_attack":9,"coin_queued_attack_damage":1}	{}	{"offgate_helper_by_mechanic":{"DirectDamage":[73]},"offgate_helper_choice":[73]}	no	no
8	k3	9	96	23100090096	rl/results/engine_switch_rules_2026-10/carriers/alternates/togekiss_meowth.txt	14af182c3b0fecb75dcd6ee28d011c28e86a5f8f	decks/screen/opponents/t-blaziken.txt	83fdf96504271e0074b3a93a2b2c9c1f99c12b1c	9421398fcd4676f0	ccf5ee9d3d33def2	yes	decisions,discard_attacks,moves,points,turns	1	1	[2,3]	[1,3]	{"coin_full_prevention":[13,26,50],"coin_queued_offered":[13,26],"coin_queued_offered_any":[13,26]}	{"coin_defender_attack":6,"coin_queued_attack_damage":2}	{}	{}	no	no
8	k3	9	97	23100090097	rl/results/engine_switch_rules_2026-10/carriers/alternates/togekiss_meowth.txt	14af182c3b0fecb75dcd6ee28d011c28e86a5f8f	decks/screen/opponents/t-blaziken.txt	83fdf96504271e0074b3a93a2b2c9c1f99c12b1c	85926eddc4d4659d	f0af5c3e709d7748	yes	decisions,moves,points	1	1	[1,1]	[2,1]	{"coin_full_prevention":[16,26],"coin_queued_offered":[16,26],"coin_queued_offered_any":[16,26]}	{"coin_defender_attack":4,"coin_queued_attack_damage":2}	{}	{"offgate_helper_by_mechanic":{"DirectDamage":[26,35,46]},"offgate_helper_choice":[26,35,46]}	no	no
8	k3	9	98	23100090098	rl/results/engine_switch_rules_2026-10/carriers/alternates/togekiss_meowth.txt	14af182c3b0fecb75dcd6ee28d011c28e86a5f8f	decks/screen/opponents/t-blaziken.txt	83fdf96504271e0074b3a93a2b2c9c1f99c12b1c	c0850d819014d29d	8e9e901bfc1b2e36	yes	decisions,discard_attacks,moves,points,turns	1	1	[1,3]	[0,3]	{"coin_full_prevention":[33,62,76],"coin_queued_offered":[33],"coin_queued_offered_any":[33]}	{"coin_defender_attack":6,"coin_queued_attack_damage":1}	{}	{}	no	no
8	k3	9	99	23100090099	rl/results/engine_switch_rules_2026-10/carriers/alternates/togekiss_meowth.txt	14af182c3b0fecb75dcd6ee28d011c28e86a5f8f	decks/screen/opponents/t-blaziken.txt	83fdf96504271e0074b3a93a2b2c9c1f99c12b1c	66c7d3da2352bf66	7cd8cef4d8a3de8e	yes	decisions,discard_attacks,moves,turns	0	0	[3,1]	[3,1]	{"coin_full_prevention":[80],"coin_queued_offered":[17,28],"coin_queued_offered_any":[17,28]}	{"coin_defender_attack":7}	{}	{"offgate_helper_by_mechanic":{"DirectDamage":[17,28]},"offgate_helper_choice":[17,28]}	no	no
8	k3	9	103	23100090103	rl/results/engine_switch_rules_2026-10/carriers/alternates/togekiss_meowth.txt	14af182c3b0fecb75dcd6ee28d011c28e86a5f8f	decks/screen/opponents/t-blaziken.txt	83fdf96504271e0074b3a93a2b2c9c1f99c12b1c	739d6e1537814859	a267bcb98b7b1e77	yes	decisions,moves	1	1	[1,3]	[1,3]	{"coin_full_prevention":[65,81,92,103],"coin_queued_offered":[17,48,65,81],"coin_queued_offered_any":[17,48,65,81]}	{"coin_defender_attack":11,"coin_queued_attack_damage":2}	{}	{"offgate_helper_by_mechanic":{"DirectDamage":[17,48,81]},"offgate_helper_choice":[17,48,81]}	no	no
8	k3	9	104	23100090104	rl/results/engine_switch_rules_2026-10/carriers/alternates/togekiss_meowth.txt	14af182c3b0fecb75dcd6ee28d011c28e86a5f8f	decks/screen/opponents/t-blaziken.txt	83fdf96504271e0074b3a93a2b2c9c1f99c12b1c	972260b1b2a0a359	d99a7cea7f7890a5	yes	decisions,discard_attacks,first_deck_score,moves,points,turns,winner_seat	0	1	[5,2]	[2,3]	{"coin_full_prevention":[77,90,103],"coin_queued_offered":[22,36,45],"coin_queued_offered_any":[22,36,45]}	{"coin_defender_attack":10}	{}	{"offgate_helper_by_mechanic":{"DirectDamage":[22,36,45]},"offgate_helper_choice":[22,36,45]}	no	no
8	k3	9	105	23100090105	rl/results/engine_switch_rules_2026-10/carriers/alternates/togekiss_meowth.txt	14af182c3b0fecb75dcd6ee28d011c28e86a5f8f	decks/screen/opponents/t-blaziken.txt	83fdf96504271e0074b3a93a2b2c9c1f99c12b1c	424e02e9c9dc480a	38d7932cd9a1a4d7	yes	decisions,discard_attacks,moves,points,turns	0	0	[3,1]	[3,2]	{"coin_full_prevention":[25,40,55,70,88,98,109,120],"coin_queued_offered":[40,55,70],"coin_queued_offered_any":[40,55,70]}	{"coin_defender_attack":12,"coin_queued_attack_damage":3}	{}	{"offgate_helper_by_mechanic":{"DirectDamage":[55,70]},"offgate_helper_choice":[55,70]}	no	no
8	k3	9	110	23100090110	rl/results/engine_switch_rules_2026-10/carriers/alternates/togekiss_meowth.txt	14af182c3b0fecb75dcd6ee28d011c28e86a5f8f	decks/screen/opponents/t-blaziken.txt	83fdf96504271e0074b3a93a2b2c9c1f99c12b1c	0f12a656e89165cd	3500c9e431c1d3aa	yes	decisions,moves	0	0	[3,0]	[3,0]	{"coin_full_prevention":[30,61],"coin_queued_offered":[47],"coin_queued_offered_any":[47]}	{"coin_defender_attack":5}	{}	{"offgate_helper_by_mechanic":{"DirectDamage":[47]},"offgate_helper_choice":[47]}	no	no
8	k3	9	113	23100090113	rl/results/engine_switch_rules_2026-10/carriers/alternates/togekiss_meowth.txt	14af182c3b0fecb75dcd6ee28d011c28e86a5f8f	decks/screen/opponents/t-blaziken.txt	83fdf96504271e0074b3a93a2b2c9c1f99c12b1c	da87e0f5e44137b0	b64ec62dbaa6e02d	yes	decisions,discard_attacks,first_deck_score,moves,points,turns,winner_seat	0	1	[3,2]	[0,5]	{"coin_full_prevention":[20,35,72,87,97,110,119],"coin_queued_offered":[20,53,72],"coin_queued_offered_any":[20,53,72]}	{"coin_defender_attack":11,"coin_queued_attack_damage":2}	{}	{"offgate_helper_by_mechanic":{"DirectDamage":[53]},"offgate_helper_choice":[53]}	no	no
8	k3	9	116	23100090116	rl/results/engine_switch_rules_2026-10/carriers/alternates/togekiss_meowth.txt	14af182c3b0fecb75dcd6ee28d011c28e86a5f8f	decks/screen/opponents/t-blaziken.txt	83fdf96504271e0074b3a93a2b2c9c1f99c12b1c	96252d973882d461	b2d2751e584d33c5	yes	decisions,discard_attacks,moves,points,turns	1	1	[1,3]	[0,3]	{"coin_full_prevention":[90,101],"coin_queued_offered":[24,40,56],"coin_queued_offered_any":[24,40,56]}	{"coin_defender_attack":10}	{}	{"offgate_helper_by_mechanic":{"DirectDamage":[24,40,56]},"offgate_helper_choice":[24,40,56]}	no	no
8	k3	9	117	23100090117	rl/results/engine_switch_rules_2026-10/carriers/alternates/togekiss_meowth.txt	14af182c3b0fecb75dcd6ee28d011c28e86a5f8f	decks/screen/opponents/t-blaziken.txt	83fdf96504271e0074b3a93a2b2c9c1f99c12b1c	fc8d189b0886d4c3	a1f848b3b5e2d2b8	yes	decisions,moves	0	0	[3,0]	[3,0]	{"coin_full_prevention":[25,37,69,79],"coin_queued_offered":[25,37],"coin_queued_offered_any":[25,37]}	{"coin_defender_attack":8,"coin_queued_attack_damage":2}	{}	{"offgate_helper_by_mechanic":{"DirectDamage":[37]},"offgate_helper_choice":[37]}	no	no
8	k3	9	120	23100090120	rl/results/engine_switch_rules_2026-10/carriers/alternates/togekiss_meowth.txt	14af182c3b0fecb75dcd6ee28d011c28e86a5f8f	decks/screen/opponents/t-blaziken.txt	83fdf96504271e0074b3a93a2b2c9c1f99c12b1c	77fc1fd5bd79b82f	bf76158cfc56524a	yes	decisions,discard_attacks,first_deck_score,moves,points,turns,winner_seat	1	0	[2,3]	[3,1]	{"coin_full_prevention":[47],"coin_queued_offered":[57],"coin_queued_offered_any":[57]}	{"coin_defender_attack":5}	{}	{"offgate_helper_by_mechanic":{"DirectDamage":[57]},"offgate_helper_choice":[57]}	no	no
8	k3	9	123	23100090123	rl/results/engine_switch_rules_2026-10/carriers/alternates/togekiss_meowth.txt	14af182c3b0fecb75dcd6ee28d011c28e86a5f8f	decks/screen/opponents/t-blaziken.txt	83fdf96504271e0074b3a93a2b2c9c1f99c12b1c	4acc17f9169ae0a5	6cec41c5019df74a	yes	decisions,first_deck_score,moves,points,turns,winner_seat	1	0	[0,3]	[3,0]	{"coin_full_prevention":[55,84,98],"coin_queued_offered":[34],"coin_queued_offered_any":[34]}	{"coin_defender_attack":8}	{}	{"offgate_helper_by_mechanic":{"DirectDamage":[15,34]},"offgate_helper_choice":[15,34]}	no	no
8	k3	9	125	23100090125	rl/results/engine_switch_rules_2026-10/carriers/alternates/togekiss_meowth.txt	14af182c3b0fecb75dcd6ee28d011c28e86a5f8f	decks/screen/opponents/t-blaziken.txt	83fdf96504271e0074b3a93a2b2c9c1f99c12b1c	d4aa2dd93e8e1aab	0008dca516599f79	yes	decisions,discard_attacks,first_deck_score,moves,points,turns,winner_seat	1	0	[0,3]	[3,1]	{"coin_full_prevention":[64,79,91],"coin_queued_offered":[16,49],"coin_queued_offered_any":[16,49]}	{"coin_defender_attack":8}	{}	{"offgate_helper_by_mechanic":{"DirectDamage":[16,49]},"offgate_helper_choice":[16,49]}	no	no
8	k3	9	128	23100090128	rl/results/engine_switch_rules_2026-10/carriers/alternates/togekiss_meowth.txt	14af182c3b0fecb75dcd6ee28d011c28e86a5f8f	decks/screen/opponents/t-blaziken.txt	83fdf96504271e0074b3a93a2b2c9c1f99c12b1c	e4a32ac0a0ad7c63	1e2d2b7673e5391c	yes	decisions,moves	0	0	[1,0]	[1,0]	{"coin_queued_offered":[18,28],"coin_queued_offered_any":[18,28]}	{"coin_defender_attack":4}	{}	{"offgate_helper_by_mechanic":{"DirectDamage":[18,28]},"offgate_helper_choice":[18,28]}	no	no
8	k3	9	129	23100090129	rl/results/engine_switch_rules_2026-10/carriers/alternates/togekiss_meowth.txt	14af182c3b0fecb75dcd6ee28d011c28e86a5f8f	decks/screen/opponents/t-blaziken.txt	83fdf96504271e0074b3a93a2b2c9c1f99c12b1c	0e51886d688c38e7	48a5a34d2450613e	yes	decisions,discard_attacks,moves,points,turns	0	0	[3,2]	[3,0]	{"coin_full_prevention":[16,30,43,57],"coin_queued_offered":[16,57],"coin_queued_offered_any":[16,57]}	{"coin_defender_attack":6,"coin_queued_attack_damage":2}	{}	{"offgate_helper_by_mechanic":{"DirectDamage":[57]},"offgate_helper_choice":[57]}	no	no
8	k3	9	130	23100090130	rl/results/engine_switch_rules_2026-10/carriers/alternates/togekiss_meowth.txt	14af182c3b0fecb75dcd6ee28d011c28e86a5f8f	decks/screen/opponents/t-blaziken.txt	83fdf96504271e0074b3a93a2b2c9c1f99c12b1c	bc8c64e9f64297c3	606459e0f3f0e575	yes	decisions,discard_attacks,moves,points,turns	0	0	[5,2]	[4,1]	{"coin_full_prevention":[75,94,106],"coin_queued_offered":[75],"coin_queued_offered_any":[75]}	{"coin_defender_attack":8,"coin_queued_attack_damage":1}	{}	{"offgate_helper_by_mechanic":{"DirectDamage":[56,75]},"offgate_helper_choice":[56,75]}	no	no
8	k3	9	133	23100090133	rl/results/engine_switch_rules_2026-10/carriers/alternates/togekiss_meowth.txt	14af182c3b0fecb75dcd6ee28d011c28e86a5f8f	decks/screen/opponents/t-blaziken.txt	83fdf96504271e0074b3a93a2b2c9c1f99c12b1c	25f8b501efd1c14a	2987e70efdc97b39	yes	decisions,discard_attacks,moves,points,turns	0	0	[3,0]	[3,1]	{"coin_full_prevention":[48,83,94],"coin_queued_offered":[17,66],"coin_queued_offered_any":[17,66]}	{"coin_defender_attack":8}	{}	{"offgate_helper_by_mechanic":{"DirectDamage":[17,66]},"offgate_helper_choice":[17,66]}	no	no
8	k3	9	140	23100090140	rl/results/engine_switch_rules_2026-10/carriers/alternates/togekiss_meowth.txt	14af182c3b0fecb75dcd6ee28d011c28e86a5f8f	decks/screen/opponents/t-blaziken.txt	83fdf96504271e0074b3a93a2b2c9c1f99c12b1c	f3abe78abad3a43d	b3399d5c70c60421	yes	decisions,discard_attacks,moves,points	0	0	[5,0]	[5,1]	{"coin_full_prevention":[13,27,40,61,78,87,96],"coin_queued_offered":[61],"coin_queued_offered_any":[61]}	{"coin_defender_attack":8,"coin_queued_attack_damage":1}	{}	{"offgate_helper_by_mechanic":{"DirectDamage":[61]},"offgate_helper_choice":[61]}	no	no
8	k3	9	142	23100090142	rl/results/engine_switch_rules_2026-10/carriers/alternates/togekiss_meowth.txt	14af182c3b0fecb75dcd6ee28d011c28e86a5f8f	decks/screen/opponents/t-blaziken.txt	83fdf96504271e0074b3a93a2b2c9c1f99c12b1c	2dc8ef2ad3019e65	efd5ded6a6246327	yes	decisions,discard_attacks,moves	1	1	[0,3]	[0,3]	{"coin_full_prevention":[29,41,71,83,98],"coin_queued_offered":[98],"coin_queued_offered_any":[98]}	{"coin_defender_attack":7,"coin_queued_attack_damage":1}	{}	{}	no	no
8	k3	9	145	23100090145	rl/results/engine_switch_rules_2026-10/carriers/alternates/togekiss_meowth.txt	14af182c3b0fecb75dcd6ee28d011c28e86a5f8f	decks/screen/opponents/t-blaziken.txt	83fdf96504271e0074b3a93a2b2c9c1f99c12b1c	5c717994ed23add3	43e77871740abee1	yes	decisions,discard_attacks,moves,turns	0	0	[3,2]	[3,2]	{"coin_full_prevention":[17,31,44,57,73,83,109],"coin_queued_offered":[57],"coin_queued_offered_any":[57]}	{"coin_defender_attack":9,"coin_queued_attack_damage":1}	{}	{"offgate_helper_by_mechanic":{"DirectDamage":[57]},"offgate_helper_choice":[57]}	no	no
8	k3	9	148	23100090148	rl/results/engine_switch_rules_2026-10/carriers/alternates/togekiss_meowth.txt	14af182c3b0fecb75dcd6ee28d011c28e86a5f8f	decks/screen/opponents/t-blaziken.txt	83fdf96504271e0074b3a93a2b2c9c1f99c12b1c	f17e8eb3031264eb	31b828a15cbebd8c	yes	decisions,moves	1	1	[1,3]	[1,3]	{"coin_full_prevention":[70],"coin_queued_offered":[20,33,44],"coin_queued_offered_any":[20,33,44]}	{"coin_defender_attack":8}	{}	{"offgate_helper_by_mechanic":{"DirectDamage":[20,33,44]},"offgate_helper_choice":[20,33,44]}	no	no
8	k3	9	154	23100090154	rl/results/engine_switch_rules_2026-10/carriers/alternates/togekiss_meowth.txt	14af182c3b0fecb75dcd6ee28d011c28e86a5f8f	decks/screen/opponents/t-blaziken.txt	83fdf96504271e0074b3a93a2b2c9c1f99c12b1c	2d2ce0a54f956b57	c1b112ae8d6ed228	yes	decisions,discard_attacks,moves	1	1	[1,3]	[1,3]	{"coin_full_prevention":[44,62,83],"coin_queued_offered":[62],"coin_queued_offered_any":[62]}	{"coin_defender_attack":6,"coin_queued_attack_damage":1}	{}	{}	no	no
8	k3	9	156	23100090156	rl/results/engine_switch_rules_2026-10/carriers/alternates/togekiss_meowth.txt	14af182c3b0fecb75dcd6ee28d011c28e86a5f8f	decks/screen/opponents/t-blaziken.txt	83fdf96504271e0074b3a93a2b2c9c1f99c12b1c	e8fa737b0912a23b	ca4b78287a269b04	yes	decisions,first_deck_score,moves,points,turns,winner_seat	0	1	[4,2]	[2,3]	{"coin_full_prevention":[30,44,94,107,120,138],"coin_queued_offered":[120],"coin_queued_offered_any":[120]}	{"coin_defender_attack":10,"coin_queued_attack_damage":1}	{}	{}	no	no
8	k3	9	158	23100090158	rl/results/engine_switch_rules_2026-10/carriers/alternates/togekiss_meowth.txt	14af182c3b0fecb75dcd6ee28d011c28e86a5f8f	decks/screen/opponents/t-blaziken.txt	83fdf96504271e0074b3a93a2b2c9c1f99c12b1c	84a7ccb862d4b433	73080219fa9785b4	yes	decisions,discard_attacks,moves,turns	1	1	[1,3]	[1,3]	{"coin_full_prevention":[52,67,82],"coin_queued_offered":[16,67],"coin_queued_offered_any":[16,67]}	{"coin_defender_attack":7,"coin_queued_attack_damage":1}	{}	{"offgate_helper_by_mechanic":{"DirectDamage":[16]},"offgate_helper_choice":[16]}	no	no
8	k3	9	163	23100090163	rl/results/engine_switch_rules_2026-10/carriers/alternates/togekiss_meowth.txt	14af182c3b0fecb75dcd6ee28d011c28e86a5f8f	decks/screen/opponents/t-blaziken.txt	83fdf96504271e0074b3a93a2b2c9c1f99c12b1c	11a949b67141a69c	cbaa3a1814aa28e2	yes	decisions,moves,points	1	1	[1,2]	[2,2]	{"coin_full_prevention":[47,60],"coin_queued_offered":[19],"coin_queued_offered_any":[19]}	{"coin_defender_attack":8}	{}	{"offgate_helper_by_mechanic":{"DirectDamage":[19,33,73]},"offgate_helper_choice":[19,33,73]}	no	no
8	k3	9	164	23100090164	rl/results/engine_switch_rules_2026-10/carriers/alternates/togekiss_meowth.txt	14af182c3b0fecb75dcd6ee28d011c28e86a5f8f	decks/screen/opponents/t-blaziken.txt	83fdf96504271e0074b3a93a2b2c9c1f99c12b1c	94849c7ec6e08444	23bda7b0fe1afcb2	yes	decisions,moves,points,turns	0	0	[1,1]	[1,0]	{"coin_full_prevention":[28,52,64],"coin_queued_offered":[13,28,41,52,64],"coin_queued_offered_any":[13,28,41,52,64]}	{"coin_defender_attack":10,"coin_queued_attack_damage":3}	{}	{"offgate_helper_by_mechanic":{"DirectDamage":[13,41,52,64]},"offgate_helper_choice":[13,41,52,64]}	no	no
8	k3	9	171	23100090171	rl/results/engine_switch_rules_2026-10/carriers/alternates/togekiss_meowth.txt	14af182c3b0fecb75dcd6ee28d011c28e86a5f8f	decks/screen/opponents/t-blaziken.txt	83fdf96504271e0074b3a93a2b2c9c1f99c12b1c	ed4e6f54f4cc47d8	5079c871c41feed1	yes	decisions,discard_attacks,moves,points,turns	0	0	[3,0]	[3,1]	{"coin_full_prevention":[29,43,54,67,86,99,111,123],"coin_queued_offered":[15,29,43,54],"coin_queued_offered_any":[15,29,43,54]}	{"coin_defender_attack":13,"coin_queued_attack_damage":3}	{}	{"offgate_helper_by_mechanic":{"DirectDamage":[15,43,54]},"offgate_helper_choice":[15,43,54]}	no	no
8	k3	9	172	23100090172	rl/results/engine_switch_rules_2026-10/carriers/alternates/togekiss_meowth.txt	14af182c3b0fecb75dcd6ee28d011c28e86a5f8f	decks/screen/opponents/t-blaziken.txt	83fdf96504271e0074b3a93a2b2c9c1f99c12b1c	472fdc739e7ec9e5	a13b8b3c6d1f96e2	yes	decisions,discard_attacks,moves,turns	1	1	[1,3]	[1,3]	{"coin_full_prevention":[16,34,67,83,92,99,106,113],"coin_queued_offered":[16],"coin_queued_offered_any":[16]}	{"coin_defender_attack":10,"coin_queued_attack_damage":1}	{}	{}	no	no
8	k3	9	173	23100090173	rl/results/engine_switch_rules_2026-10/carriers/alternates/togekiss_meowth.txt	14af182c3b0fecb75dcd6ee28d011c28e86a5f8f	decks/screen/opponents/t-blaziken.txt	83fdf96504271e0074b3a93a2b2c9c1f99c12b1c	7d5edbdfbc311f51	37d84424ff331cdc	yes	decisions,moves,points	1	1	[2,3]	[1,3]	{"coin_full_prevention":[47,63,78,90,102],"coin_queued_offered":[18,78],"coin_queued_offered_any":[18,78]}	{"coin_defender_attack":10,"coin_queued_attack_damage":1}	{}	{"offgate_helper_by_mechanic":{"DirectDamage":[18,31,78]},"offgate_helper_choice":[18,31,78]}	no	no
8	k3	9	179	23100090179	rl/results/engine_switch_rules_2026-10/carriers/alternates/togekiss_meowth.txt	14af182c3b0fecb75dcd6ee28d011c28e86a5f8f	decks/screen/opponents/t-blaziken.txt	83fdf96504271e0074b3a93a2b2c9c1f99c12b1c	7f288c108ecefcaa	431dc9b6a6cc485d	yes	decisions,discard_attacks,first_deck_score,moves,points,turns,winner_seat	0	1	[3,1]	[2,4]	{"coin_full_prevention":[17,30,48,60,73,89,100,110],"coin_queued_offered":[73],"coin_queued_offered_any":[73]}	{"coin_defender_attack":9,"coin_queued_attack_damage":1}	{}	{"offgate_helper_by_mechanic":{"DirectDamage":[73]},"offgate_helper_choice":[73]}	no	no
8	k3	9	182	23100090182	rl/results/engine_switch_rules_2026-10/carriers/alternates/togekiss_meowth.txt	14af182c3b0fecb75dcd6ee28d011c28e86a5f8f	decks/screen/opponents/t-blaziken.txt	83fdf96504271e0074b3a93a2b2c9c1f99c12b1c	4354a721fb80ccb4	2038e4f317c63962	yes	decisions,moves	1	1	[1,2]	[1,2]	{"coin_full_prevention":[53]}	{"coin_defender_attack":4}	{}	{}	yes	yes
8	k3	9	183	23100090183	rl/results/engine_switch_rules_2026-10/carriers/alternates/togekiss_meowth.txt	14af182c3b0fecb75dcd6ee28d011c28e86a5f8f	decks/screen/opponents/t-blaziken.txt	83fdf96504271e0074b3a93a2b2c9c1f99c12b1c	0306d43a7d709707	4b8a2df66ab8ce51	yes	decisions,moves	1	1	[1,3]	[1,3]	{"coin_full_prevention":[33,72],"coin_queued_offered":[46,58],"coin_queued_offered_any":[46,58]}	{"coin_defender_attack":7}	{}	{"offgate_helper_by_mechanic":{"DirectDamage":[46,58]},"offgate_helper_choice":[46,58]}	no	no
8	k3	9	185	23100090185	rl/results/engine_switch_rules_2026-10/carriers/alternates/togekiss_meowth.txt	14af182c3b0fecb75dcd6ee28d011c28e86a5f8f	decks/screen/opponents/t-blaziken.txt	83fdf96504271e0074b3a93a2b2c9c1f99c12b1c	338fa8dd9a5a8483	40daa0ce6f1a435e	yes	decisions,moves,turns	0	0	[3,1]	[3,1]	{"coin_full_prevention":[15,27],"coin_queued_offered":[15,27,38],"coin_queued_offered_any":[15,27,38]}	{"coin_defender_attack":9,"coin_queued_attack_damage":2}	{}	{"offgate_helper_by_mechanic":{"DirectDamage":[27,38]},"offgate_helper_choice":[27,38]}	no	no
8	k3	9	193	23100090193	rl/results/engine_switch_rules_2026-10/carriers/alternates/togekiss_meowth.txt	14af182c3b0fecb75dcd6ee28d011c28e86a5f8f	decks/screen/opponents/t-blaziken.txt	83fdf96504271e0074b3a93a2b2c9c1f99c12b1c	b1f1a815ff1cdf0b	9bec10836e68f44c	yes	moves	1	1	[1,3]	[1,3]	{"coin_full_prevention":[52,75,86],"coin_queued_offered":[52],"coin_queued_offered_any":[52]}	{"coin_defender_attack":7,"coin_queued_attack_damage":1}	{}	{}	no	no
8	k3	9	195	23100090195	rl/results/engine_switch_rules_2026-10/carriers/alternates/togekiss_meowth.txt	14af182c3b0fecb75dcd6ee28d011c28e86a5f8f	decks/screen/opponents/t-blaziken.txt	83fdf96504271e0074b3a93a2b2c9c1f99c12b1c	8b4a91638b1af91a	8c524d9401a26476	yes	decisions,discard_attacks,moves	-1	-1	[3,4]	[3,4]	{"coin_full_prevention":[18,33,62,74],"coin_queued_offered":[18,33],"coin_queued_offered_any":[18,33]}	{"coin_defender_attack":7,"coin_queued_attack_damage":2}	{}	{"offgate_helper_by_mechanic":{"DirectDamage":[33]},"offgate_helper_choice":[33]}	no	no
8	k3	9	197	23100090197	rl/results/engine_switch_rules_2026-10/carriers/alternates/togekiss_meowth.txt	14af182c3b0fecb75dcd6ee28d011c28e86a5f8f	decks/screen/opponents/t-blaziken.txt	83fdf96504271e0074b3a93a2b2c9c1f99c12b1c	9ed6412f75694d73	6d2b0b9939a03783	yes	decisions,moves	1	1	[1,3]	[1,3]	{"coin_full_prevention":[38,51]}	{"coin_defender_attack":6}	{}	{"offgate_helper_by_mechanic":{"DirectDamage":[61]},"offgate_helper_choice":[61]}	yes	yes
8	k3	9	198	23100090198	rl/results/engine_switch_rules_2026-10/carriers/alternates/togekiss_meowth.txt	14af182c3b0fecb75dcd6ee28d011c28e86a5f8f	decks/screen/opponents/t-blaziken.txt	83fdf96504271e0074b3a93a2b2c9c1f99c12b1c	6827812340190028	8842817ff1aebb70	yes	decisions,discard_attacks,first_deck_score,moves,points,turns,winner_seat	0	1	[5,2]	[2,3]	{"coin_full_prevention":[58,70,84,96],"coin_queued_offered":[40,70],"coin_queued_offered_any":[40,70]}	{"coin_defender_attack":11,"coin_queued_attack_damage":1}	{}	{"offgate_helper_by_mechanic":{"DirectDamage":[21,40,70]},"offgate_helper_choice":[21,40,70]}	no	no
8	k3	9	199	23100090199	rl/results/engine_switch_rules_2026-10/carriers/alternates/togekiss_meowth.txt	14af182c3b0fecb75dcd6ee28d011c28e86a5f8f	decks/screen/opponents/t-blaziken.txt	83fdf96504271e0074b3a93a2b2c9c1f99c12b1c	90f94569181147ba	e394359a4834d08d	yes	decisions,discard_attacks,first_deck_score,moves,points,turns,winner_seat	1	0	[2,4]	[3,1]	{"coin_full_prevention":[53,71,82,91]}	{"coin_defender_attack":7}	{}	{}	yes	yes
8	k3	9	201	23100090201	rl/results/engine_switch_rules_2026-10/carriers/alternates/togekiss_meowth.txt	14af182c3b0fecb75dcd6ee28d011c28e86a5f8f	decks/screen/opponents/t-blaziken.txt	83fdf96504271e0074b3a93a2b2c9c1f99c12b1c	78e1df796739a92d	b902493702cfed76	yes	decisions,discard_attacks,first_deck_score,moves,points,turns,winner_seat	1	0	[2,4]	[3,1]	{"coin_full_prevention":[36,66,80,90],"coin_queued_offered":[52,66],"coin_queued_offered_any":[52,66]}	{"coin_defender_attack":8,"coin_queued_attack_damage":1}	{}	{"offgate_helper_by_mechanic":{"DirectDamage":[52,66]},"offgate_helper_choice":[52,66]}	no	no
8	k3	9	202	23100090202	rl/results/engine_switch_rules_2026-10/carriers/alternates/togekiss_meowth.txt	14af182c3b0fecb75dcd6ee28d011c28e86a5f8f	decks/screen/opponents/t-blaziken.txt	83fdf96504271e0074b3a93a2b2c9c1f99c12b1c	b5a19252b8b88662	ab27562eb538c0b1	yes	decisions,discard_attacks,first_deck_score,moves,points,turns,winner_seat	0	1	[3,2]	[1,3]	{"coin_full_prevention":[95],"coin_queued_offered":[16,34,62],"coin_queued_offered_any":[16,34,62]}	{"coin_defender_attack":9}	{}	{"offgate_helper_by_mechanic":{"DirectDamage":[16,34,62]},"offgate_helper_choice":[16,34,62]}	no	no
8	k3	9	210	23100090210	rl/results/engine_switch_rules_2026-10/carriers/alternates/togekiss_meowth.txt	14af182c3b0fecb75dcd6ee28d011c28e86a5f8f	decks/screen/opponents/t-blaziken.txt	83fdf96504271e0074b3a93a2b2c9c1f99c12b1c	9a61fa872a9e24fc	3400e1c29c77cccb	yes	decisions,discard_attacks,first_deck_score,moves,points,turns,winner_seat	1	0	[2,3]	[3,2]	{"coin_full_prevention":[91,105,114],"coin_queued_offered":[48,79,114],"coin_queued_offered_any":[48,79,114]}	{"coin_defender_attack":12,"coin_queued_attack_damage":1}	{}	{"offgate_helper_by_mechanic":{"DirectDamage":[35,48,79]},"offgate_helper_choice":[35,48,79]}	no	no
8	k3	9	211	23100090211	rl/results/engine_switch_rules_2026-10/carriers/alternates/togekiss_meowth.txt	14af182c3b0fecb75dcd6ee28d011c28e86a5f8f	decks/screen/opponents/t-blaziken.txt	83fdf96504271e0074b3a93a2b2c9c1f99c12b1c	80cc7c606aae1291	e963917b5976309d	yes	decisions,moves,points	1	1	[1,2]	[0,2]	{"coin_full_prevention":[14,61,72],"coin_queued_offered":[14,30,43,61],"coin_queued_offered_any":[14,30,43,61]}	{"coin_defender_attack":9,"coin_queued_attack_damage":2}	{}	{"offgate_helper_by_mechanic":{"DirectDamage":[30,43]},"offgate_helper_choice":[30,43]}	no	no
8	k3	9	212	23100090212	rl/results/engine_switch_rules_2026-10/carriers/alternates/togekiss_meowth.txt	14af182c3b0fecb75dcd6ee28d011c28e86a5f8f	decks/screen/opponents/t-blaziken.txt	83fdf96504271e0074b3a93a2b2c9c1f99c12b1c	7a3f91d246ac3542	73ce87dcfb3435dc	yes	decisions,discard_attacks,moves,points,turns	0	0	[4,2]	[5,2]	{"coin_full_prevention":[60,87,102,112,120],"coin_queued_offered":[87],"coin_queued_offered_any":[87]}	{"coin_defender_attack":10,"coin_queued_attack_damage":1}	{}	{}	no	no
8	k3	9	219	23100090219	rl/results/engine_switch_rules_2026-10/carriers/alternates/togekiss_meowth.txt	14af182c3b0fecb75dcd6ee28d011c28e86a5f8f	decks/screen/opponents/t-blaziken.txt	83fdf96504271e0074b3a93a2b2c9c1f99c12b1c	607d61c99f1f4eb8	c9a06c94ecd00a1c	yes	decisions,discard_attacks,first_deck_score,moves,points,turns,winner_seat	1	0	[1,3]	[3,1]	{"coin_full_prevention":[57,70,90,101],"coin_queued_offered":[19],"coin_queued_offered_any":[19]}	{"coin_defender_attack":8}	{}	{"offgate_helper_by_mechanic":{"DirectDamage":[19]},"offgate_helper_choice":[19]}	no	no
8	k3	9	221	23100090221	rl/results/engine_switch_rules_2026-10/carriers/alternates/togekiss_meowth.txt	14af182c3b0fecb75dcd6ee28d011c28e86a5f8f	decks/screen/opponents/t-blaziken.txt	83fdf96504271e0074b3a93a2b2c9c1f99c12b1c	5c3a03fdcb3e711e	a320cde5414fed2e	yes	decisions,discard_attacks,moves,points,turns	0	0	[3,0]	[3,2]	{"coin_full_prevention":[20,31,46,62,76,87,105,120],"coin_queued_offered":[62,76,87],"coin_queued_offered_any":[62,76,87]}	{"coin_defender_attack":12,"coin_queued_attack_damage":3}	{}	{"offgate_helper_by_mechanic":{"DirectDamage":[76,87]},"offgate_helper_choice":[76,87]}	no	no
8	k3	9	224	23100090224	rl/results/engine_switch_rules_2026-10/carriers/alternates/togekiss_meowth.txt	14af182c3b0fecb75dcd6ee28d011c28e86a5f8f	decks/screen/opponents/t-blaziken.txt	83fdf96504271e0074b3a93a2b2c9c1f99c12b1c	c7c3fe12a67c1fed	1f01d9549ca7904c	yes	decisions,moves	1	1	[0,3]	[0,3]	{"coin_full_prevention":[56,75]}	{"coin_defender_attack":5}	{}	{"offgate_helper_by_mechanic":{"DirectDamage":[22]},"offgate_helper_choice":[22]}	yes	yes
8	k3	9	226	23100090226	rl/results/engine_switch_rules_2026-10/carriers/alternates/togekiss_meowth.txt	14af182c3b0fecb75dcd6ee28d011c28e86a5f8f	decks/screen/opponents/t-blaziken.txt	83fdf96504271e0074b3a93a2b2c9c1f99c12b1c	db95c8bf5b8f409d	1f9ba6909b07e03a	yes	decisions,discard_attacks,moves	1	1	[1,3]	[1,3]	{"coin_full_prevention":[57,68,79,93],"coin_queued_offered":[42,93],"coin_queued_offered_any":[42,93]}	{"coin_defender_attack":9,"coin_queued_attack_damage":1}	{}	{"offgate_helper_by_mechanic":{"DirectDamage":[42]},"offgate_helper_choice":[42]}	no	no
8	k3	9	229	23100090229	rl/results/engine_switch_rules_2026-10/carriers/alternates/togekiss_meowth.txt	14af182c3b0fecb75dcd6ee28d011c28e86a5f8f	decks/screen/opponents/t-blaziken.txt	83fdf96504271e0074b3a93a2b2c9c1f99c12b1c	7862609271f81429	0b9be8016ece9ce1	yes	decisions,moves,points,turns	1	1	[2,4]	[2,5]	{"coin_full_prevention":[41,68,91,104,126],"coin_queued_offered":[22,41,54,68],"coin_queued_offered_any":[22,41,54,68]}	{"coin_defender_attack":12,"coin_queued_attack_damage":2}	{}	{"offgate_helper_by_mechanic":{"DirectDamage":[22,41,54,68]},"offgate_helper_choice":[22,41,54,68]}	no	no
8	k3	9	232	23100090232	rl/results/engine_switch_rules_2026-10/carriers/alternates/togekiss_meowth.txt	14af182c3b0fecb75dcd6ee28d011c28e86a5f8f	decks/screen/opponents/t-blaziken.txt	83fdf96504271e0074b3a93a2b2c9c1f99c12b1c	5c6f0476f3f4f7d4	2f690b49c0385b5b	yes	decisions,discard_attacks,first_deck_score,moves,points,turns,winner_seat	0	1	[3,2]	[0,3]	{"coin_full_prevention":[56,69,85],"coin_queued_offered":[26,38],"coin_queued_offered_any":[26,38]}	{"coin_defender_attack":7}	{}	{"offgate_helper_by_mechanic":{"DirectDamage":[26,38]},"offgate_helper_choice":[26,38]}	no	no
8	k3	9	242	23100090242	rl/results/engine_switch_rules_2026-10/carriers/alternates/togekiss_meowth.txt	14af182c3b0fecb75dcd6ee28d011c28e86a5f8f	decks/screen/opponents/t-blaziken.txt	83fdf96504271e0074b3a93a2b2c9c1f99c12b1c	c3b0676af1bf07f5	5fe0870df84dffb9	yes	decisions,moves,points,turns	0	0	[4,1]	[5,2]	{"coin_full_prevention":[89,102,111],"coin_queued_offered":[13,24,42,75],"coin_queued_offered_any":[13,24,42,75]}	{"coin_defender_attack":12}	{}	{"offgate_helper_by_mechanic":{"DirectDamage":[13,24,42,75]},"offgate_helper_choice":[13,24,42,75]}	no	no
8	k3	9	243	23100090243	rl/results/engine_switch_rules_2026-10/carriers/alternates/togekiss_meowth.txt	14af182c3b0fecb75dcd6ee28d011c28e86a5f8f	decks/screen/opponents/t-blaziken.txt	83fdf96504271e0074b3a93a2b2c9c1f99c12b1c	4f090165b331eb80	b2a1b0344aa96ba4	yes	decisions,discard_attacks,moves,points	0	0	[3,2]	[3,0]	{"coin_full_prevention":[82],"coin_queued_offered":[18,30],"coin_queued_offered_any":[18,30]}	{"coin_defender_attack":8}	{}	{"offgate_helper_by_mechanic":{"DirectDamage":[18,30]},"offgate_helper_choice":[18,30]}	no	no
8	k3	9	245	23100090245	rl/results/engine_switch_rules_2026-10/carriers/alternates/togekiss_meowth.txt	14af182c3b0fecb75dcd6ee28d011c28e86a5f8f	decks/screen/opponents/t-blaziken.txt	83fdf96504271e0074b3a93a2b2c9c1f99c12b1c	94fa002c7b138086	8541e09020603a97	yes	decisions,discard_attacks,moves,turns	0	0	[3,0]	[3,0]	{"coin_full_prevention":[18,31,43,74,86,96],"coin_queued_offered":[18,31,43],"coin_queued_offered_any":[18,31,43]}	{"coin_defender_attack":10,"coin_queued_attack_damage":3}	{}	{"offgate_helper_by_mechanic":{"DirectDamage":[31,43]},"offgate_helper_choice":[31,43]}	no	no
8	k3	9	246	23100090246	rl/results/engine_switch_rules_2026-10/carriers/alternates/togekiss_meowth.txt	14af182c3b0fecb75dcd6ee28d011c28e86a5f8f	decks/screen/opponents/t-blaziken.txt	83fdf96504271e0074b3a93a2b2c9c1f99c12b1c	783b605b932050bb	1bc9b9cf01d2851d	yes	decisions,discard_attacks,moves,points,turns	1	1	[0,3]	[1,3]	{"coin_full_prevention":[41,56,72,91],"coin_queued_offered":[72],"coin_queued_offered_any":[72]}	{"coin_defender_attack":7,"coin_queued_attack_damage":1}	{}	{"offgate_helper_by_mechanic":{"DirectDamage":[72]},"offgate_helper_choice":[72]}	no	no
8	k3	9	247	23100090247	rl/results/engine_switch_rules_2026-10/carriers/alternates/togekiss_meowth.txt	14af182c3b0fecb75dcd6ee28d011c28e86a5f8f	decks/screen/opponents/t-blaziken.txt	83fdf96504271e0074b3a93a2b2c9c1f99c12b1c	0bc34ca3e646ce75	39d7d015ca50f48e	yes	decisions,moves,points	1	1	[2,5]	[1,5]	{"coin_full_prevention":[33,44,57,73,87,104,116,128],"coin_queued_offered":[87],"coin_queued_offered_any":[87]}	{"coin_defender_attack":10,"coin_queued_attack_damage":1}	{}	{"offgate_helper_by_mechanic":{"DirectDamage":[87]},"offgate_helper_choice":[87]}	no	no
8	k3	9	248	23100090248	rl/results/engine_switch_rules_2026-10/carriers/alternates/togekiss_meowth.txt	14af182c3b0fecb75dcd6ee28d011c28e86a5f8f	decks/screen/opponents/t-blaziken.txt	83fdf96504271e0074b3a93a2b2c9c1f99c12b1c	51e655fb97156ea9	d8a3eef3b543f138	yes	decisions,discard_attacks,moves,points,turns	1	1	[1,3]	[0,3]	{"coin_full_prevention":[34,49,63,77,91],"coin_queued_offered":[15],"coin_queued_offered_any":[15]}	{"coin_defender_attack":7}	{}	{"offgate_helper_by_mechanic":{"DirectDamage":[15]},"offgate_helper_choice":[15]}	no	no
8	k3	9	249	23100090249	rl/results/engine_switch_rules_2026-10/carriers/alternates/togekiss_meowth.txt	14af182c3b0fecb75dcd6ee28d011c28e86a5f8f	decks/screen/opponents/t-blaziken.txt	83fdf96504271e0074b3a93a2b2c9c1f99c12b1c	639522702962dd27	182dbe76b6bb6155	yes	decisions,discard_attacks,moves,turns	0	0	[3,2]	[3,2]	{"coin_full_prevention":[44,72,87,100,111],"coin_queued_offered":[58,72],"coin_queued_offered_any":[58,72]}	{"coin_defender_attack":11,"coin_queued_attack_damage":1}	{}	{"offgate_helper_by_mechanic":{"DirectDamage":[58,72]},"offgate_helper_choice":[58,72]}	no	no
8	k3	11	0	23100110000	rl/results/engine_switch_rules_2026-10/carriers/alternates/togekiss_meowth.txt	14af182c3b0fecb75dcd6ee28d011c28e86a5f8f	decks/screen/opponents/t-lucario.txt	45a643d6cc167fe88bb72aec5062d7d721f48193	2ed1b501dc8c5060	59ca41fe4f24efb8	yes	decisions,moves	1	1	[0,3]	[0,3]	{"coin_full_prevention":[57,71,85],"coin_queued_offered":[23,36],"coin_queued_offered_any":[23,36]}	{"coin_defender_attack":8}	{}	{"offgate_helper_by_mechanic":{"DirectDamage":[23,36]},"offgate_helper_choice":[23,36]}	no	no
8	k3	11	2	23100110002	rl/results/engine_switch_rules_2026-10/carriers/alternates/togekiss_meowth.txt	14af182c3b0fecb75dcd6ee28d011c28e86a5f8f	decks/screen/opponents/t-lucario.txt	45a643d6cc167fe88bb72aec5062d7d721f48193	71bc20a0ca9b9d24	29316f08b6939886	yes	decisions,moves,turns	0	0	[5,2]	[5,2]	{"coin_full_prevention":[7,87,100,111],"coin_queued_offered":[73],"coin_queued_offered_any":[73]}	{"coin_defender_attack":11}	{}	{"offgate_helper_by_mechanic":{"DirectDamage":[24,38,73]},"offgate_helper_choice":[24,38,73]}	no	no
8	k3	11	3	23100110003	rl/results/engine_switch_rules_2026-10/carriers/alternates/togekiss_meowth.txt	14af182c3b0fecb75dcd6ee28d011c28e86a5f8f	decks/screen/opponents/t-lucario.txt	45a643d6cc167fe88bb72aec5062d7d721f48193	5fbda02e93031061	b658485f48057c55	yes	decisions,moves	0	0	[3,1]	[3,1]	{"coin_full_prevention":[54,64,79,93],"coin_queued_offered":[38],"coin_queued_offered_any":[38]}	{"coin_defender_attack":9}	{}	{"offgate_helper_by_mechanic":{"DirectDamage":[22,38]},"offgate_helper_choice":[22,38]}	no	no
8	k3	11	15	23100110015	rl/results/engine_switch_rules_2026-10/carriers/alternates/togekiss_meowth.txt	14af182c3b0fecb75dcd6ee28d011c28e86a5f8f	decks/screen/opponents/t-lucario.txt	45a643d6cc167fe88bb72aec5062d7d721f48193	7468b4059cd544d5	722849c0c45644f2	yes	decisions,moves	0	0	[3,1]	[3,1]	{"coin_full_prevention":[19,90],"coin_queued_offered":[51],"coin_queued_offered_any":[51]}	{"coin_defender_attack":8}	{}	{"offgate_helper_by_mechanic":{"DirectDamage":[35,51]},"offgate_helper_choice":[35,51]}	no	no
8	k3	11	20	23100110020	rl/results/engine_switch_rules_2026-10/carriers/alternates/togekiss_meowth.txt	14af182c3b0fecb75dcd6ee28d011c28e86a5f8f	decks/screen/opponents/t-lucario.txt	45a643d6cc167fe88bb72aec5062d7d721f48193	69ca5ae336b638d4	68a50c1165a37175	yes	decisions,moves	0	0	[3,1]	[3,1]	{"coin_full_prevention":[36,89,103],"coin_queued_offered":[89,103],"coin_queued_offered_any":[89,103]}	{"coin_defender_attack":9,"coin_queued_attack_damage":2}	{}	{"offgate_helper_by_mechanic":{"DirectDamage":[89,103]},"offgate_helper_choice":[89,103]}	no	no
8	k3	11	24	23100110024	rl/results/engine_switch_rules_2026-10/carriers/alternates/togekiss_meowth.txt	14af182c3b0fecb75dcd6ee28d011c28e86a5f8f	decks/screen/opponents/t-lucario.txt	45a643d6cc167fe88bb72aec5062d7d721f48193	3106f2398f59b09d	1fd51f686178cc60	yes	decisions,first_deck_score,moves,points,turns,winner_seat	1	0	[1,3]	[4,0]	{"coin_full_prevention":[30,46,63,71],"coin_queued_offered":[30,46],"coin_queued_offered_any":[30,46]}	{"coin_defender_attack":8,"coin_queued_attack_damage":2}	{}	{"offgate_helper_by_mechanic":{"DirectDamage":[14]},"offgate_helper_choice":[14]}	no	no
8	k3	11	27	23100110027	rl/results/engine_switch_rules_2026-10/carriers/alternates/togekiss_meowth.txt	14af182c3b0fecb75dcd6ee28d011c28e86a5f8f	decks/screen/opponents/t-lucario.txt	45a643d6cc167fe88bb72aec5062d7d721f48193	de651768d3e267c1	8a67d7c8cb4e4ac4	yes	decisions,moves,points,turns	0	0	[3,1]	[3,0]	{"coin_full_prevention":[50],"coin_queued_offered":[20],"coin_queued_offered_any":[20]}	{"coin_defender_attack":6}	{}	{"offgate_helper_by_mechanic":{"DirectDamage":[20,37]},"offgate_helper_choice":[20,37]}	no	no
8	k3	11	30	23100110030	rl/results/engine_switch_rules_2026-10/carriers/alternates/togekiss_meowth.txt	14af182c3b0fecb75dcd6ee28d011c28e86a5f8f	decks/screen/opponents/t-lucario.txt	45a643d6cc167fe88bb72aec5062d7d721f48193	0ae0a819ac6bc5ec	959e60e253913266	yes	decisions,moves,turns	1	1	[0,3]	[0,3]	{"coin_full_prevention":[15,34,46,76],"coin_queued_offered":[15],"coin_queued_offered_any":[15]}	{"coin_defender_attack":6,"coin_queued_attack_damage":1}	{}	{}	no	no
8	k3	11	32	23100110032	rl/results/engine_switch_rules_2026-10/carriers/alternates/togekiss_meowth.txt	14af182c3b0fecb75dcd6ee28d011c28e86a5f8f	decks/screen/opponents/t-lucario.txt	45a643d6cc167fe88bb72aec5062d7d721f48193	9986af77e8a6e488	7b4416b5b388ba7c	yes	decisions,moves	0	0	[3,0]	[3,0]	{"coin_full_prevention":[13,75],"coin_queued_offered":[47],"coin_queued_offered_any":[47]}	{"coin_defender_attack":7}	{}	{"offgate_helper_by_mechanic":{"DirectDamage":[27,47]},"offgate_helper_choice":[27,47]}	no	no
8	k3	11	34	23100110034	rl/results/engine_switch_rules_2026-10/carriers/alternates/togekiss_meowth.txt	14af182c3b0fecb75dcd6ee28d011c28e86a5f8f	decks/screen/opponents/t-lucario.txt	45a643d6cc167fe88bb72aec5062d7d721f48193	af2c11d4a1238a59	2c6f4e27d515e88f	yes	decisions,moves	1	1	[1,3]	[1,3]	{"coin_full_prevention":[24,40,69],"coin_queued_offered":[24,40],"coin_queued_offered_any":[24,40]}	{"coin_defender_attack":6,"coin_queued_attack_damage":2}	{}	{"offgate_helper_by_mechanic":{"DirectDamage":[40]},"offgate_helper_choice":[40]}	no	no
8	k3	11	35	23100110035	rl/results/engine_switch_rules_2026-10/carriers/alternates/togekiss_meowth.txt	14af182c3b0fecb75dcd6ee28d011c28e86a5f8f	decks/screen/opponents/t-lucario.txt	45a643d6cc167fe88bb72aec5062d7d721f48193	47e9b2d8d0643727	f0bec98248ef398d	yes	decisions,moves	0	0	[3,1]	[3,1]	{"coin_full_prevention":[62],"coin_queued_offered":[34],"coin_queued_offered_any":[34]}	{"coin_defender_attack":5}	{}	{"offgate_helper_by_mechanic":{"DirectDamage":[16,34]},"offgate_helper_choice":[16,34]}	no	no
8	k3	11	41	23100110041	rl/results/engine_switch_rules_2026-10/carriers/alternates/togekiss_meowth.txt	14af182c3b0fecb75dcd6ee28d011c28e86a5f8f	decks/screen/opponents/t-lucario.txt	45a643d6cc167fe88bb72aec5062d7d721f48193	025dfcd484b5c071	b7009bb0fea1a474	yes	decisions,moves,points,turns	1	1	[1,5]	[2,5]	{"coin_full_prevention":[37,48,64,77,84],"coin_queued_offered":[48],"coin_queued_offered_any":[48]}	{"coin_defender_attack":6,"coin_queued_attack_damage":1}	{}	{"offgate_helper_by_mechanic":{"DirectDamage":[48]},"offgate_helper_choice":[48]}	no	no
8	k3	11	42	23100110042	rl/results/engine_switch_rules_2026-10/carriers/alternates/togekiss_meowth.txt	14af182c3b0fecb75dcd6ee28d011c28e86a5f8f	decks/screen/opponents/t-lucario.txt	45a643d6cc167fe88bb72aec5062d7d721f48193	8c0948c294d1331d	1226cd606e9dbf5f	yes	decisions,moves,points,turns	1	1	[0,3]	[2,3]	{"coin_full_prevention":[35,48,80,104],"coin_queued_offered":[19,91],"coin_queued_offered_any":[19,91]}	{"coin_defender_attack":9}	{}	{"offgate_helper_by_mechanic":{"DirectDamage":[19,91]},"offgate_helper_choice":[19,91]}	no	no
8	k3	11	48	23100110048	rl/results/engine_switch_rules_2026-10/carriers/alternates/togekiss_meowth.txt	14af182c3b0fecb75dcd6ee28d011c28e86a5f8f	decks/screen/opponents/t-lucario.txt	45a643d6cc167fe88bb72aec5062d7d721f48193	e89cea82c45e33a7	e05f086a073bf8aa	yes	decisions,moves	0	0	[3,1]	[3,1]	{"coin_full_prevention":[7,55,70],"coin_queued_offered":[25,39],"coin_queued_offered_any":[25,39]}	{"coin_defender_attack":7}	{}	{"offgate_helper_by_mechanic":{"DirectDamage":[25,39]},"offgate_helper_choice":[25,39]}	no	no
8	k3	11	51	23100110051	rl/results/engine_switch_rules_2026-10/carriers/alternates/togekiss_meowth.txt	14af182c3b0fecb75dcd6ee28d011c28e86a5f8f	decks/screen/opponents/t-lucario.txt	45a643d6cc167fe88bb72aec5062d7d721f48193	74908245bd6c0e73	3a283cee3ed689d1	yes	decisions,moves,turns	0	0	[3,2]	[3,2]	{"coin_full_prevention":[68,82,92],"coin_queued_offered":[15,29,68],"coin_queued_offered_any":[15,29,68]}	{"coin_defender_attack":10,"coin_queued_attack_damage":1}	{}	{"offgate_helper_by_mechanic":{"DirectDamage":[15,29]},"offgate_helper_choice":[15,29]}	no	no
8	k3	11	52	23100110052	rl/results/engine_switch_rules_2026-10/carriers/alternates/togekiss_meowth.txt	14af182c3b0fecb75dcd6ee28d011c28e86a5f8f	decks/screen/opponents/t-lucario.txt	45a643d6cc167fe88bb72aec5062d7d721f48193	693a2a6a5f43993f	a464b693d97d374f	yes	decisions,moves	0	0	[3,0]	[3,0]	{"coin_full_prevention":[47,58,67],"coin_queued_offered":[30,47],"coin_queued_offered_any":[30,47]}	{"coin_defender_attack":6,"coin_queued_attack_damage":1}	{}	{"offgate_helper_by_mechanic":{"DirectDamage":[30,47]},"offgate_helper_choice":[30,47]}	no	no
8	k3	11	57	23100110057	rl/results/engine_switch_rules_2026-10/carriers/alternates/togekiss_meowth.txt	14af182c3b0fecb75dcd6ee28d011c28e86a5f8f	decks/screen/opponents/t-lucario.txt	45a643d6cc167fe88bb72aec5062d7d721f48193	ded5e0781a108917	1380785923330972	yes	decisions,first_deck_score,moves,points,turns,winner_seat	1	0	[1,3]	[3,1]	{"coin_full_prevention":[79],"coin_queued_offered":[42],"coin_queued_offered_any":[42]}	{"coin_defender_attack":7}	{}	{"offgate_helper_by_mechanic":{"DirectDamage":[25,42]},"offgate_helper_choice":[25,42]}	no	no
8	k3	11	58	23100110058	rl/results/engine_switch_rules_2026-10/carriers/alternates/togekiss_meowth.txt	14af182c3b0fecb75dcd6ee28d011c28e86a5f8f	decks/screen/opponents/t-lucario.txt	45a643d6cc167fe88bb72aec5062d7d721f48193	a19470570cb56a48	88db0950a5a87646	yes	decisions,moves	1	1	[0,3]	[0,3]	{"coin_full_prevention":[77,92,104,117,128]}	{"coin_defender_attack":9}	{}	{"offgate_helper_by_mechanic":{"DirectDamage":[48]},"offgate_helper_choice":[48]}	yes	yes
8	k3	11	61	23100110061	rl/results/engine_switch_rules_2026-10/carriers/alternates/togekiss_meowth.txt	14af182c3b0fecb75dcd6ee28d011c28e86a5f8f	decks/screen/opponents/t-lucario.txt	45a643d6cc167fe88bb72aec5062d7d721f48193	2d750558dfbaec64	d87a9f0e8a8d7884	yes	decisions,moves,turns	1	1	[2,4]	[2,4]	{"coin_full_prevention":[20,34,48,62,76,90,103,118,129],"coin_queued_offered":[103],"coin_queued_offered_any":[103]}	{"coin_defender_attack":10,"coin_queued_attack_damage":1}	{}	{"offgate_helper_by_mechanic":{"DirectDamage":[103]},"offgate_helper_choice":[103]}	no	no
8	k3	11	63	23100110063	rl/results/engine_switch_rules_2026-10/carriers/alternates/togekiss_meowth.txt	14af182c3b0fecb75dcd6ee28d011c28e86a5f8f	decks/screen/opponents/t-lucario.txt	45a643d6cc167fe88bb72aec5062d7d721f48193	a2a1ca56085a1160	16b48d88c5d34775	yes	decisions,moves	0	0	[3,1]	[3,1]	{"coin_full_prevention":[82],"coin_queued_offered":[39],"coin_queued_offered_any":[39]}	{"coin_defender_attack":7}	{}	{"offgate_helper_by_mechanic":{"DirectDamage":[23,39]},"offgate_helper_choice":[23,39]}	no	no
8	k3	11	64	23100110064	rl/results/engine_switch_rules_2026-10/carriers/alternates/togekiss_meowth.txt	14af182c3b0fecb75dcd6ee28d011c28e86a5f8f	decks/screen/opponents/t-lucario.txt	45a643d6cc167fe88bb72aec5062d7d721f48193	82ebec5cc37c50bd	9c04c8d44b58f408	yes	decisions,moves	0	0	[3,2]	[3,2]	{"coin_full_prevention":[9,24,38,83],"coin_queued_offered":[83],"coin_queued_offered_any":[83]}	{"coin_defender_attack":7,"coin_queued_attack_damage":1}	{}	{}	no	no
8	k3	11	70	23100110070	rl/results/engine_switch_rules_2026-10/carriers/alternates/togekiss_meowth.txt	14af182c3b0fecb75dcd6ee28d011c28e86a5f8f	decks/screen/opponents/t-lucario.txt	45a643d6cc167fe88bb72aec5062d7d721f48193	09c5f66f6a38985a	110fca02f9e6a47a	yes	decisions,moves	1	1	[0,3]	[0,3]	{"coin_full_prevention":[60,74,90],"coin_queued_offered":[31,46],"coin_queued_offered_any":[31,46]}	{"coin_defender_attack":7}	{}	{"offgate_helper_by_mechanic":{"DirectDamage":[31,46]},"offgate_helper_choice":[31,46]}	no	no
8	k3	11	73	23100110073	rl/results/engine_switch_rules_2026-10/carriers/alternates/togekiss_meowth.txt	14af182c3b0fecb75dcd6ee28d011c28e86a5f8f	decks/screen/opponents/t-lucario.txt	45a643d6cc167fe88bb72aec5062d7d721f48193	8cdee6220bbc5ae9	480a91e9d406a8f7	yes	decisions,moves,points	1	1	[0,5]	[1,5]	{"coin_full_prevention":[64,74,85],"coin_queued_offered":[22,38],"coin_queued_offered_any":[22,38]}	{"coin_defender_attack":9}	{}	{"offgate_helper_by_mechanic":{"DirectDamage":[22,38]},"offgate_helper_choice":[22,38]}	no	no
8	k3	11	75	23100110075	rl/results/engine_switch_rules_2026-10/carriers/alternates/togekiss_meowth.txt	14af182c3b0fecb75dcd6ee28d011c28e86a5f8f	decks/screen/opponents/t-lucario.txt	45a643d6cc167fe88bb72aec5062d7d721f48193	9120dc87be038867	f23e43ab405025bb	yes	decisions,first_deck_score,moves,points,turns,winner_seat	1	0	[2,4]	[3,0]	{"coin_full_prevention":[38,52,69],"coin_queued_offered":[38],"coin_queued_offered_any":[38]}	{"coin_defender_attack":6,"coin_queued_attack_damage":1}	{}	{"offgate_helper_by_mechanic":{"DirectDamage":[18]},"offgate_helper_choice":[18]}	no	no
8	k3	11	77	23100110077	rl/results/engine_switch_rules_2026-10/carriers/alternates/togekiss_meowth.txt	14af182c3b0fecb75dcd6ee28d011c28e86a5f8f	decks/screen/opponents/t-lucario.txt	45a643d6cc167fe88bb72aec5062d7d721f48193	57144069350f3fd7	8025e7af08c80cd6	yes	decisions,moves,points,turns	0	0	[3,1]	[3,2]	{"coin_full_prevention":[25,41,67,79,89],"coin_queued_offered":[79],"coin_queued_offered_any":[79]}	{"coin_defender_attack":7,"coin_queued_attack_damage":1}	{}	{}	no	no
8	k3	11	83	23100110083	rl/results/engine_switch_rules_2026-10/carriers/alternates/togekiss_meowth.txt	14af182c3b0fecb75dcd6ee28d011c28e86a5f8f	decks/screen/opponents/t-lucario.txt	45a643d6cc167fe88bb72aec5062d7d721f48193	555df9a948fbe8dd	e371329492213c1f	yes	decisions,moves,points	1	1	[1,3]	[0,3]	{"coin_full_prevention":[25,37],"coin_queued_offered":[49],"coin_queued_offered_any":[49]}	{"coin_defender_attack":6}	{}	{"offgate_helper_by_mechanic":{"DirectDamage":[49]},"offgate_helper_choice":[49]}	no	no
8	k3	11	85	23100110085	rl/results/engine_switch_rules_2026-10/carriers/alternates/togekiss_meowth.txt	14af182c3b0fecb75dcd6ee28d011c28e86a5f8f	decks/screen/opponents/t-lucario.txt	45a643d6cc167fe88bb72aec5062d7d721f48193	f2971bb4263302a7	91031c4b496e5716	yes	decisions,moves	1	1	[1,2]	[1,2]	{"coin_queued_offered":[27,36],"coin_queued_offered_any":[27,36]}	{"coin_defender_attack":4}	{}	{"offgate_helper_by_mechanic":{"DirectDamage":[27,36]},"offgate_helper_choice":[27,36]}	no	no
8	k3	11	87	23100110087	rl/results/engine_switch_rules_2026-10/carriers/alternates/togekiss_meowth.txt	14af182c3b0fecb75dcd6ee28d011c28e86a5f8f	decks/screen/opponents/t-lucario.txt	45a643d6cc167fe88bb72aec5062d7d721f48193	03f6150efe1b2b66	6f6a6b7af9fc0a37	yes	decisions,moves,points	1	1	[1,5]	[2,5]	{"coin_full_prevention":[38,60,70,81,104,112],"coin_queued_offered":[22,38,92],"coin_queued_offered_any":[22,38,92]}	{"coin_defender_attack":11,"coin_queued_attack_damage":1}	{}	{"offgate_helper_by_mechanic":{"DirectDamage":[22,38,92]},"offgate_helper_choice":[22,38,92]}	no	no
8	k3	11	88	23100110088	rl/results/engine_switch_rules_2026-10/carriers/alternates/togekiss_meowth.txt	14af182c3b0fecb75dcd6ee28d011c28e86a5f8f	decks/screen/opponents/t-lucario.txt	45a643d6cc167fe88bb72aec5062d7d721f48193	741b9a72e46dd706	b798d4b3b2ccdf0d	yes	decisions,moves,points,turns	0	0	[5,2]	[4,1]	{"coin_full_prevention":[52,66],"coin_queued_offered":[17,36,52],"coin_queued_offered_any":[17,36,52]}	{"coin_defender_attack":8,"coin_queued_attack_damage":1}	{}	{"offgate_helper_by_mechanic":{"DirectDamage":[17,36,52]},"offgate_helper_choice":[17,36,52]}	no	no
8	k3	11	89	23100110089	rl/results/engine_switch_rules_2026-10/carriers/alternates/togekiss_meowth.txt	14af182c3b0fecb75dcd6ee28d011c28e86a5f8f	decks/screen/opponents/t-lucario.txt	45a643d6cc167fe88bb72aec5062d7d721f48193	b7d27aeda79f123e	b75cb9d0175d9f7f	yes	decisions,first_deck_score,moves,points,turns,winner_seat	1	0	[2,3]	[3,1]	{"coin_full_prevention":[64],"coin_queued_offered":[39,53],"coin_queued_offered_any":[39,53]}	{"coin_defender_attack":5}	{}	{"offgate_helper_by_mechanic":{"DirectDamage":[22,39,53]},"offgate_helper_choice":[22,39,53]}	no	no
8	k3	11	91	23100110091	rl/results/engine_switch_rules_2026-10/carriers/alternates/togekiss_meowth.txt	14af182c3b0fecb75dcd6ee28d011c28e86a5f8f	decks/screen/opponents/t-lucario.txt	45a643d6cc167fe88bb72aec5062d7d721f48193	1858cc0fb2a34fcf	364dee28cb86d53b	yes	decisions,moves,points,turns	0	0	[3,0]	[3,2]	{"coin_full_prevention":[16,30,43,56,75],"coin_queued_offered":[16,30],"coin_queued_offered_any":[16,30]}	{"coin_defender_attack":10,"coin_queued_attack_damage":2}	{}	{"offgate_helper_by_mechanic":{"DirectDamage":[88]},"offgate_helper_choice":[88]}	no	no
8	k3	11	93	23100110093	rl/results/engine_switch_rules_2026-10/carriers/alternates/togekiss_meowth.txt	14af182c3b0fecb75dcd6ee28d011c28e86a5f8f	decks/screen/opponents/t-lucario.txt	45a643d6cc167fe88bb72aec5062d7d721f48193	b8a27ec393672654	f12d3e4b0bb2a1f0	yes	decisions,moves,points,turns	0	0	[3,0]	[3,1]	{"coin_full_prevention":[31,43,55,67,85,104],"coin_queued_offered":[85],"coin_queued_offered_any":[85]}	{"coin_defender_attack":8,"coin_queued_attack_damage":1}	{}	{"offgate_helper_by_mechanic":{"DirectDamage":[85]},"offgate_helper_choice":[85]}	no	no
8	k3	11	94	23100110094	rl/results/engine_switch_rules_2026-10/carriers/alternates/togekiss_meowth.txt	14af182c3b0fecb75dcd6ee28d011c28e86a5f8f	decks/screen/opponents/t-lucario.txt	45a643d6cc167fe88bb72aec5062d7d721f48193	c78cb29cc63a1ce0	dc0b941a5f8a179a	yes	decisions,moves	1	1	[1,3]	[1,3]	{"coin_full_prevention":[15,33,58],"coin_queued_offered":[15,33],"coin_queued_offered_any":[15,33]}	{"coin_defender_attack":7,"coin_queued_attack_damage":2}	{}	{"offgate_helper_by_mechanic":{"DirectDamage":[33]},"offgate_helper_choice":[33]}	no	no
8	k3	11	96	23100110096	rl/results/engine_switch_rules_2026-10/carriers/alternates/togekiss_meowth.txt	14af182c3b0fecb75dcd6ee28d011c28e86a5f8f	decks/screen/opponents/t-lucario.txt	45a643d6cc167fe88bb72aec5062d7d721f48193	429cdfdc3aef9b61	b67610846c4cb3a9	yes	decisions,first_deck_score,moves,points,turns,winner_seat	0	1	[4,2]	[1,3]	{"coin_full_prevention":[22,64,76,88,102,115],"coin_queued_offered":[22],"coin_queued_offered_any":[22]}	{"coin_defender_attack":10,"coin_queued_attack_damage":1}	{}	{"offgate_helper_by_mechanic":{"DirectDamage":[37]},"offgate_helper_choice":[37]}	no	no
8	k3	11	98	23100110098	rl/results/engine_switch_rules_2026-10/carriers/alternates/togekiss_meowth.txt	14af182c3b0fecb75dcd6ee28d011c28e86a5f8f	decks/screen/opponents/t-lucario.txt	45a643d6cc167fe88bb72aec5062d7d721f48193	1009b7bb9a66c189	270f56388d369603	yes	decisions,moves,points	1	1	[1,3]	[0,3]	{"coin_full_prevention":[62,86],"coin_queued_offered":[18,32,46],"coin_queued_offered_any":[18,32,46]}	{"coin_defender_attack":9}	{}	{"offgate_helper_by_mechanic":{"DirectDamage":[18,32,46]},"offgate_helper_choice":[18,32,46]}	no	no
8	k3	11	99	23100110099	rl/results/engine_switch_rules_2026-10/carriers/alternates/togekiss_meowth.txt	14af182c3b0fecb75dcd6ee28d011c28e86a5f8f	decks/screen/opponents/t-lucario.txt	45a643d6cc167fe88bb72aec5062d7d721f48193	29bc38b6fc66c76c	0e4b5b77cd8fe6f3	yes	decisions,moves	1	1	[0,5]	[0,5]	{"coin_full_prevention":[62,73],"coin_queued_offered":[52],"coin_queued_offered_any":[52]}	{"coin_defender_attack":5}	{}	{"offgate_helper_by_mechanic":{"DirectDamage":[52]},"offgate_helper_choice":[52]}	no	no
8	k3	11	101	23100110101	rl/results/engine_switch_rules_2026-10/carriers/alternates/togekiss_meowth.txt	14af182c3b0fecb75dcd6ee28d011c28e86a5f8f	decks/screen/opponents/t-lucario.txt	45a643d6cc167fe88bb72aec5062d7d721f48193	3996c3e4e5da0bcc	086ea770feb86280	yes	decisions,first_deck_score,moves,points,turns,winner_seat	1	0	[2,3]	[3,0]	{"coin_full_prevention":[61,73],"coin_queued_offered":[20],"coin_queued_offered_any":[20]}	{"coin_defender_attack":6}	{}	{"offgate_helper_by_mechanic":{"DirectDamage":[20]},"offgate_helper_choice":[20]}	no	no
8	k3	11	110	23100110110	rl/results/engine_switch_rules_2026-10/carriers/alternates/togekiss_meowth.txt	14af182c3b0fecb75dcd6ee28d011c28e86a5f8f	decks/screen/opponents/t-lucario.txt	45a643d6cc167fe88bb72aec5062d7d721f48193	89b3aaa95b8d9288	fbe2aa57f00603b5	yes	decisions,moves	0	0	[2,0]	[2,0]	{"coin_full_prevention":[28,44,57],"coin_queued_offered":[44],"coin_queued_offered_any":[44]}	{"coin_defender_attack":5,"coin_queued_attack_damage":1}	{}	{"offgate_helper_by_mechanic":{"DirectDamage":[44]},"offgate_helper_choice":[44]}	no	no
8	k3	11	111	23100110111	rl/results/engine_switch_rules_2026-10/carriers/alternates/togekiss_meowth.txt	14af182c3b0fecb75dcd6ee28d011c28e86a5f8f	decks/screen/opponents/t-lucario.txt	45a643d6cc167fe88bb72aec5062d7d721f48193	7bac912995789f26	c765fff81b5622e8	yes	decisions,moves,points,turns	1	1	[1,5]	[1,3]	{"coin_full_prevention":[28,39,51],"coin_queued_offered":[28,39],"coin_queued_offered_any":[28,39]}	{"coin_defender_attack":5,"coin_queued_attack_damage":2}	{}	{}	no	no
8	k3	11	114	23100110114	rl/results/engine_switch_rules_2026-10/carriers/alternates/togekiss_meowth.txt	14af182c3b0fecb75dcd6ee28d011c28e86a5f8f	decks/screen/opponents/t-lucario.txt	45a643d6cc167fe88bb72aec5062d7d721f48193	9f4b39208a43f3a8	8a4fa2aa0a26a93b	yes	decisions,moves	0	0	[4,2]	[4,2]	{"coin_full_prevention":[41,53,66],"coin_queued_offered":[17,31,41],"coin_queued_offered_any":[17,31,41]}	{"coin_defender_attack":8,"coin_queued_attack_damage":1}	{}	{"offgate_helper_by_mechanic":{"DirectDamage":[17,31]},"offgate_helper_choice":[17,31]}	no	no
8	k3	11	116	23100110116	rl/results/engine_switch_rules_2026-10/carriers/alternates/togekiss_meowth.txt	14af182c3b0fecb75dcd6ee28d011c28e86a5f8f	decks/screen/opponents/t-lucario.txt	45a643d6cc167fe88bb72aec5062d7d721f48193	0a522c56b1d2997f	430ba185ff4b44d1	yes	decisions,first_deck_score,moves,points,turns,winner_seat	0	1	[3,2]	[0,3]	{"coin_full_prevention":[8,24,37,50,73,87,100,113],"coin_queued_offered":[24,37],"coin_queued_offered_any":[24,37]}	{"coin_defender_attack":10,"coin_queued_attack_damage":2}	{}	{}	no	no
8	k3	11	117	23100110117	rl/results/engine_switch_rules_2026-10/carriers/alternates/togekiss_meowth.txt	14af182c3b0fecb75dcd6ee28d011c28e86a5f8f	decks/screen/opponents/t-lucario.txt	45a643d6cc167fe88bb72aec5062d7d721f48193	bef7a014ebd52082	50686220755876e5	yes	decisions,moves,turns	0	0	[3,0]	[3,0]	{"coin_full_prevention":[22,34,49],"coin_queued_offered":[22,34],"coin_queued_offered_any":[22,34]}	{"coin_defender_attack":5,"coin_queued_attack_damage":2}	{}	{}	no	no
8	k3	11	118	23100110118	rl/results/engine_switch_rules_2026-10/carriers/alternates/togekiss_meowth.txt	14af182c3b0fecb75dcd6ee28d011c28e86a5f8f	decks/screen/opponents/t-lucario.txt	45a643d6cc167fe88bb72aec5062d7d721f48193	febbeca0697968fc	af37088702a044a8	yes	decisions,moves,points	0	0	[3,2]	[3,0]	{"coin_full_prevention":[41,53,69],"coin_queued_offered":[25,41],"coin_queued_offered_any":[25,41]}	{"coin_defender_attack":6,"coin_queued_attack_damage":1}	{}	{"offgate_helper_by_mechanic":{"DirectDamage":[25]},"offgate_helper_choice":[25]}	no	no
8	k3	11	120	23100110120	rl/results/engine_switch_rules_2026-10/carriers/alternates/togekiss_meowth.txt	14af182c3b0fecb75dcd6ee28d011c28e86a5f8f	decks/screen/opponents/t-lucario.txt	45a643d6cc167fe88bb72aec5062d7d721f48193	1788120bc3cd525b	88c74ba23757329e	yes	decisions,first_deck_score,moves,points,turns,winner_seat	1	0	[1,3]	[3,2]	{"coin_full_prevention":[79,93,108],"coin_queued_offered":[26,43],"coin_queued_offered_any":[26,43]}	{"coin_defender_attack":9}	{}	{"offgate_helper_by_mechanic":{"DirectDamage":[26,43]},"offgate_helper_choice":[26,43]}	no	no
8	k3	11	121	23100110121	rl/results/engine_switch_rules_2026-10/carriers/alternates/togekiss_meowth.txt	14af182c3b0fecb75dcd6ee28d011c28e86a5f8f	decks/screen/opponents/t-lucario.txt	45a643d6cc167fe88bb72aec5062d7d721f48193	fe72eb263756ca53	4ba623e44c982900	yes	decisions,first_deck_score,moves,points,turns,winner_seat	1	0	[1,2]	[3,1]	{"coin_full_prevention":[26,108],"coin_queued_offered":[38,52,61],"coin_queued_offered_any":[38,52,61]}	{"coin_defender_attack":11}	{}	{"offgate_helper_by_mechanic":{"DirectDamage":[38,52,61]},"offgate_helper_choice":[38,52,61]}	no	no
8	k3	11	122	23100110122	rl/results/engine_switch_rules_2026-10/carriers/alternates/togekiss_meowth.txt	14af182c3b0fecb75dcd6ee28d011c28e86a5f8f	decks/screen/opponents/t-lucario.txt	45a643d6cc167fe88bb72aec5062d7d721f48193	a64b48b04b296340	c0602247e8c06535	yes	decisions,moves,points,turns	1	1	[0,3]	[1,3]	{"coin_full_prevention":[35,50,84,99,113,123,132],"coin_queued_offered":[17,35,84,113],"coin_queued_offered_any":[17,35,84,113]}	{"coin_defender_attack":13,"coin_queued_attack_damage":3}	{}	{"offgate_helper_by_mechanic":{"DirectDamage":[17,84]},"offgate_helper_choice":[17,84]}	no	no
8	k3	11	123	23100110123	rl/results/engine_switch_rules_2026-10/carriers/alternates/togekiss_meowth.txt	14af182c3b0fecb75dcd6ee28d011c28e86a5f8f	decks/screen/opponents/t-lucario.txt	45a643d6cc167fe88bb72aec5062d7d721f48193	4f3f605703c6e5d2	eb979265f4b8a08f	yes	decisions,moves	0	0	[3,2]	[3,2]	{"coin_full_prevention":[26,44,55,71,100],"coin_queued_offered":[86],"coin_queued_offered_any":[86]}	{"coin_defender_attack":8}	{}	{"offgate_helper_by_mechanic":{"DirectDamage":[86]},"offgate_helper_choice":[86]}	no	no
8	k3	11	133	23100110133	rl/results/engine_switch_rules_2026-10/carriers/alternates/togekiss_meowth.txt	14af182c3b0fecb75dcd6ee28d011c28e86a5f8f	decks/screen/opponents/t-lucario.txt	45a643d6cc167fe88bb72aec5062d7d721f48193	fc52e2ddab421b2d	8b406bd40afed67b	yes	decisions,moves	1	1	[0,1]	[0,1]	{"coin_full_prevention":[24,33],"coin_queued_offered":[24,33],"coin_queued_offered_any":[24,33]}	{"coin_defender_attack":4,"coin_queued_attack_damage":2}	{}	{}	no	no
8	k3	11	135	23100110135	rl/results/engine_switch_rules_2026-10/carriers/alternates/togekiss_meowth.txt	14af182c3b0fecb75dcd6ee28d011c28e86a5f8f	decks/screen/opponents/t-lucario.txt	45a643d6cc167fe88bb72aec5062d7d721f48193	6c980e5726b86a13	4904850cab8f6b4e	yes	decisions,moves	1	1	[1,3]	[1,3]	{"coin_full_prevention":[50,61],"coin_queued_offered":[19,33],"coin_queued_offered_any":[19,33]}	{"coin_defender_attack":6}	{}	{"offgate_helper_by_mechanic":{"DirectDamage":[19,33]},"offgate_helper_choice":[19,33]}	no	no
8	k3	11	136	23100110136	rl/results/engine_switch_rules_2026-10/carriers/alternates/togekiss_meowth.txt	14af182c3b0fecb75dcd6ee28d011c28e86a5f8f	decks/screen/opponents/t-lucario.txt	45a643d6cc167fe88bb72aec5062d7d721f48193	ca68f27a000309be	363c28a5a53e99b7	yes	decisions,first_deck_score,moves,points,turns,winner_seat	1	0	[2,3]	[5,1]	{"coin_full_prevention":[37,64,75,84],"coin_queued_offered":[23,37],"coin_queued_offered_any":[23,37]}	{"coin_defender_attack":8,"coin_queued_attack_damage":1}	{}	{"offgate_helper_by_mechanic":{"DirectDamage":[23]},"offgate_helper_choice":[23]}	no	no
8	k3	11	145	23100110145	rl/results/engine_switch_rules_2026-10/carriers/alternates/togekiss_meowth.txt	14af182c3b0fecb75dcd6ee28d011c28e86a5f8f	decks/screen/opponents/t-lucario.txt	45a643d6cc167fe88bb72aec5062d7d721f48193	a9211980cfd929ce	2f1f556cd4ff170c	yes	decisions,moves,points	1	1	[1,5]	[0,5]	{"coin_full_prevention":[30,62,77,101],"coin_queued_offered":[16,30,49],"coin_queued_offered_any":[16,30,49]}	{"coin_defender_attack":9,"coin_queued_attack_damage":1}	{}	{"offgate_helper_by_mechanic":{"DirectDamage":[16,49]},"offgate_helper_choice":[16,49]}	no	no
8	k3	11	150	23100110150	rl/results/engine_switch_rules_2026-10/carriers/alternates/togekiss_meowth.txt	14af182c3b0fecb75dcd6ee28d011c28e86a5f8f	decks/screen/opponents/t-lucario.txt	45a643d6cc167fe88bb72aec5062d7d721f48193	b8ef89c7a76a8d54	e76853ca56a4e954	yes	decisions,moves	1	1	[1,3]	[1,3]	{"coin_full_prevention":[54],"coin_queued_offered":[18,31],"coin_queued_offered_any":[18,31]}	{"coin_defender_attack":6}	{}	{"offgate_helper_by_mechanic":{"DirectDamage":[18,31]},"offgate_helper_choice":[18,31]}	no	no
8	k3	11	151	23100110151	rl/results/engine_switch_rules_2026-10/carriers/alternates/togekiss_meowth.txt	14af182c3b0fecb75dcd6ee28d011c28e86a5f8f	decks/screen/opponents/t-lucario.txt	45a643d6cc167fe88bb72aec5062d7d721f48193	469bf210d16bd767	eb33ff7f57038d61	yes	decisions,moves,points	1	1	[1,3]	[0,3]	{"coin_full_prevention":[38],"coin_queued_offered":[22,38],"coin_queued_offered_any":[22,38]}	{"coin_defender_attack":6,"coin_queued_attack_damage":1}	{}	{"offgate_helper_by_mechanic":{"DirectDamage":[22,38]},"offgate_helper_choice":[22,38]}	no	no
8	k3	11	154	23100110154	rl/results/engine_switch_rules_2026-10/carriers/alternates/togekiss_meowth.txt	14af182c3b0fecb75dcd6ee28d011c28e86a5f8f	decks/screen/opponents/t-lucario.txt	45a643d6cc167fe88bb72aec5062d7d721f48193	842ffb1607d25111	86b4130dc6ed4124	yes	decisions,moves,turns	1	1	[1,3]	[1,3]	{"coin_full_prevention":[34,46,59,73],"coin_queued_offered":[34,46],"coin_queued_offered_any":[34,46]}	{"coin_defender_attack":9,"coin_queued_attack_damage":2}	{}	{"offgate_helper_by_mechanic":{"DirectDamage":[15]},"offgate_helper_choice":[15]}	no	no
8	k3	11	155	23100110155	rl/results/engine_switch_rules_2026-10/carriers/alternates/togekiss_meowth.txt	14af182c3b0fecb75dcd6ee28d011c28e86a5f8f	decks/screen/opponents/t-lucario.txt	45a643d6cc167fe88bb72aec5062d7d721f48193	3cb2b9606ff84cea	b5fe0da1eea4db02	yes	decisions,moves	0	0	[3,0]	[3,0]	{"coin_full_prevention":[18,73,87],"coin_queued_offered":[18,33,45],"coin_queued_offered_any":[18,33,45]}	{"coin_defender_attack":9,"coin_queued_attack_damage":1}	{}	{"offgate_helper_by_mechanic":{"DirectDamage":[33,45]},"offgate_helper_choice":[33,45]}	no	no
8	k3	11	157	23100110157	rl/results/engine_switch_rules_2026-10/carriers/alternates/togekiss_meowth.txt	14af182c3b0fecb75dcd6ee28d011c28e86a5f8f	decks/screen/opponents/t-lucario.txt	45a643d6cc167fe88bb72aec5062d7d721f48193	0ea8a015eec4df8e	3e7e091663eeaf1c	yes	decisions,moves,points	1	1	[1,1]	[0,1]	{"coin_queued_offered":[12,24],"coin_queued_offered_any":[12,24]}	{"coin_defender_attack":4}	{}	{"offgate_helper_by_mechanic":{"DirectDamage":[12,24]},"offgate_helper_choice":[12,24]}	no	no
8	k3	11	159	23100110159	rl/results/engine_switch_rules_2026-10/carriers/alternates/togekiss_meowth.txt	14af182c3b0fecb75dcd6ee28d011c28e86a5f8f	decks/screen/opponents/t-lucario.txt	45a643d6cc167fe88bb72aec5062d7d721f48193	97393ce48ddfe4b4	89041e5e37491357	yes	decisions,first_deck_score,moves,points,turns,winner_seat	0	1	[3,1]	[2,3]	{"coin_full_prevention":[60,77,87],"coin_queued_offered":[34],"coin_queued_offered_any":[34]}	{"coin_defender_attack":8}	{}	{"offgate_helper_by_mechanic":{"DirectDamage":[34]},"offgate_helper_choice":[34]}	no	no
8	k3	11	160	23100110160	rl/results/engine_switch_rules_2026-10/carriers/alternates/togekiss_meowth.txt	14af182c3b0fecb75dcd6ee28d011c28e86a5f8f	decks/screen/opponents/t-lucario.txt	45a643d6cc167fe88bb72aec5062d7d721f48193	d2347a4e9dfd8373	236c0f9b0bc909c7	yes	decisions,moves,points,turns	0	0	[3,1]	[5,0]	{"coin_full_prevention":[35,51,61,72,85],"coin_queued_offered":[19,51,61],"coin_queued_offered_any":[19,51,61]}	{"coin_defender_attack":9,"coin_queued_attack_damage":2}	{}	{"offgate_helper_by_mechanic":{"DirectDamage":[19]},"offgate_helper_choice":[19]}	no	no
8	k3	11	164	23100110164	rl/results/engine_switch_rules_2026-10/carriers/alternates/togekiss_meowth.txt	14af182c3b0fecb75dcd6ee28d011c28e86a5f8f	decks/screen/opponents/t-lucario.txt	45a643d6cc167fe88bb72aec5062d7d721f48193	3caeb04b7140aa30	98f4eba315894a71	yes	decisions,moves,points	0	0	[4,2]	[4,1]	{"coin_full_prevention":[68,80],"coin_queued_offered":[26,39],"coin_queued_offered_any":[26,39]}	{"coin_defender_attack":7}	{}	{"offgate_helper_by_mechanic":{"DirectDamage":[26,39]},"offgate_helper_choice":[26,39]}	no	no
8	k3	11	165	23100110165	rl/results/engine_switch_rules_2026-10/carriers/alternates/togekiss_meowth.txt	14af182c3b0fecb75dcd6ee28d011c28e86a5f8f	decks/screen/opponents/t-lucario.txt	45a643d6cc167fe88bb72aec5062d7d721f48193	55dce0bbc7a20b3f	e28da17c448f8ecf	yes	decisions,moves	1	1	[2,4]	[2,4]	{"coin_full_prevention":[10,45,60,70,83]}	{"coin_defender_attack":7}	{}	{"offgate_helper_by_mechanic":{"DirectDamage":[25]},"offgate_helper_choice":[25]}	yes	yes
8	k3	11	167	23100110167	rl/results/engine_switch_rules_2026-10/carriers/alternates/togekiss_meowth.txt	14af182c3b0fecb75dcd6ee28d011c28e86a5f8f	decks/screen/opponents/t-lucario.txt	45a643d6cc167fe88bb72aec5062d7d721f48193	3f4ec6ebcc88950a	3a088e484fdc5ea5	yes	decisions,moves	1	1	[0,5]	[0,5]	{"coin_full_prevention":[29,41,53,64],"coin_queued_offered":[41],"coin_queued_offered_any":[41]}	{"coin_defender_attack":5,"coin_queued_attack_damage":1}	{}	{}	no	no
8	k3	11	169	23100110169	rl/results/engine_switch_rules_2026-10/carriers/alternates/togekiss_meowth.txt	14af182c3b0fecb75dcd6ee28d011c28e86a5f8f	decks/screen/opponents/t-lucario.txt	45a643d6cc167fe88bb72aec5062d7d721f48193	316629ea7a5578b8	5a84459194e0a898	yes	decisions,moves	1	1	[1,1]	[1,1]	{"coin_queued_offered":[12,25],"coin_queued_offered_any":[12,25]}	{"coin_defender_attack":4}	{}	{"offgate_helper_by_mechanic":{"DirectDamage":[12,25]},"offgate_helper_choice":[12,25]}	no	no
8	k3	11	171	23100110171	rl/results/engine_switch_rules_2026-10/carriers/alternates/togekiss_meowth.txt	14af182c3b0fecb75dcd6ee28d011c28e86a5f8f	decks/screen/opponents/t-lucario.txt	45a643d6cc167fe88bb72aec5062d7d721f48193	acfabee93c4c8256	5813441b415f192b	yes	decisions,moves	0	0	[3,2]	[3,2]	{"coin_full_prevention":[24,43,60]}	{"coin_defender_attack":6}	{}	{"offgate_helper_by_mechanic":{"DirectDamage":[74]},"offgate_helper_choice":[74]}	yes	yes
8	k3	11	173	23100110173	rl/results/engine_switch_rules_2026-10/carriers/alternates/togekiss_meowth.txt	14af182c3b0fecb75dcd6ee28d011c28e86a5f8f	decks/screen/opponents/t-lucario.txt	45a643d6cc167fe88bb72aec5062d7d721f48193	d5b2a3314d0019ee	86a5aa0f13aa2c2d	yes	decisions,moves,points,turns	0	0	[3,1]	[3,0]	{"coin_full_prevention":[56,68,84]}	{"coin_defender_attack":7}	{}	{}	yes	yes
8	k3	11	178	23100110178	rl/results/engine_switch_rules_2026-10/carriers/alternates/togekiss_meowth.txt	14af182c3b0fecb75dcd6ee28d011c28e86a5f8f	decks/screen/opponents/t-lucario.txt	45a643d6cc167fe88bb72aec5062d7d721f48193	d519b73909e6eef3	85851dd778fcb32f	yes	decisions,moves,points	0	0	[5,1]	[5,2]	{"coin_full_prevention":[58,71],"coin_queued_offered":[71],"coin_queued_offered_any":[71]}	{"coin_defender_attack":8,"coin_queued_attack_damage":1}	{}	{"offgate_helper_by_mechanic":{"DirectDamage":[25,43,71]},"offgate_helper_choice":[25,43,71]}	no	no
8	k3	11	182	23100110182	rl/results/engine_switch_rules_2026-10/carriers/alternates/togekiss_meowth.txt	14af182c3b0fecb75dcd6ee28d011c28e86a5f8f	decks/screen/opponents/t-lucario.txt	45a643d6cc167fe88bb72aec5062d7d721f48193	36618dd68da3ed10	e499fd3e64088dbf	yes	decisions,moves	1	1	[2,3]	[2,3]	{"coin_full_prevention":[69,85,99,108]}	{"coin_defender_attack":5}	{}	{}	yes	yes
8	k3	11	184	23100110184	rl/results/engine_switch_rules_2026-10/carriers/alternates/togekiss_meowth.txt	14af182c3b0fecb75dcd6ee28d011c28e86a5f8f	decks/screen/opponents/t-lucario.txt	45a643d6cc167fe88bb72aec5062d7d721f48193	e26620a1ce6ea666	1f266aeb4201321e	yes	decisions,first_deck_score,moves,points,turns,winner_seat	1	0	[1,3]	[5,0]	{"coin_full_prevention":[34,49,61,77,89],"coin_queued_offered":[49],"coin_queued_offered_any":[49]}	{"coin_defender_attack":6,"coin_queued_attack_damage":1}	{}	{"offgate_helper_by_mechanic":{"DirectDamage":[49]},"offgate_helper_choice":[49]}	no	no
8	k3	11	187	23100110187	rl/results/engine_switch_rules_2026-10/carriers/alternates/togekiss_meowth.txt	14af182c3b0fecb75dcd6ee28d011c28e86a5f8f	decks/screen/opponents/t-lucario.txt	45a643d6cc167fe88bb72aec5062d7d721f48193	680b0b9a54238cc6	0e490e23dd8e32cc	yes	decisions,moves	1	1	[1,4]	[1,4]	{"coin_full_prevention":[48,73,80],"coin_queued_offered":[33,48],"coin_queued_offered_any":[33,48]}	{"coin_defender_attack":7,"coin_queued_attack_damage":1}	{}	{"offgate_helper_by_mechanic":{"DirectDamage":[16,33,48]},"offgate_helper_choice":[16,33,48]}	no	no
8	k3	11	189	23100110189	rl/results/engine_switch_rules_2026-10/carriers/alternates/togekiss_meowth.txt	14af182c3b0fecb75dcd6ee28d011c28e86a5f8f	decks/screen/opponents/t-lucario.txt	45a643d6cc167fe88bb72aec5062d7d721f48193	a35c2411b78d72f4	db99e42c3f91545e	yes	decisions,first_deck_score,moves,points,turns,winner_seat	0	1	[3,0]	[2,4]	{"coin_full_prevention":[79,92,102],"coin_queued_offered":[31,46,61],"coin_queued_offered_any":[31,46,61]}	{"coin_defender_attack":9}	{}	{"offgate_helper_by_mechanic":{"DirectDamage":[31,46,61]},"offgate_helper_choice":[31,46,61]}	no	no
8	k3	11	190	23100110190	rl/results/engine_switch_rules_2026-10/carriers/alternates/togekiss_meowth.txt	14af182c3b0fecb75dcd6ee28d011c28e86a5f8f	decks/screen/opponents/t-lucario.txt	45a643d6cc167fe88bb72aec5062d7d721f48193	cb6719a5b52c5691	f43f7b531762f1cf	yes	decisions,moves	0	0	[5,2]	[5,2]	{"coin_full_prevention":[11,23,88,99,111],"coin_queued_offered":[74],"coin_queued_offered_any":[74]}	{"coin_defender_attack":10}	{}	{"offgate_helper_by_mechanic":{"DirectDamage":[41,74]},"offgate_helper_choice":[41,74]}	no	no
8	k3	11	192	23100110192	rl/results/engine_switch_rules_2026-10/carriers/alternates/togekiss_meowth.txt	14af182c3b0fecb75dcd6ee28d011c28e86a5f8f	decks/screen/opponents/t-lucario.txt	45a643d6cc167fe88bb72aec5062d7d721f48193	121b09f6dd638773	0e9b1aaa7b0b6420	yes	decisions,moves	0	0	[5,1]	[5,1]	{"coin_full_prevention":[58,73,84,96],"coin_queued_offered":[30,43,58],"coin_queued_offered_any":[30,43,58]}	{"coin_defender_attack":11,"coin_queued_attack_damage":1}	{}	{"offgate_helper_by_mechanic":{"DirectDamage":[17,30,43,58]},"offgate_helper_choice":[17,30,43,58]}	no	no
8	k3	11	193	23100110193	rl/results/engine_switch_rules_2026-10/carriers/alternates/togekiss_meowth.txt	14af182c3b0fecb75dcd6ee28d011c28e86a5f8f	decks/screen/opponents/t-lucario.txt	45a643d6cc167fe88bb72aec5062d7d721f48193	2fc441c31f4c8701	fc9e35e685da6148	yes	decisions,moves,points	0	0	[3,1]	[3,0]	{"coin_full_prevention":[69],"coin_queued_offered":[19,30],"coin_queued_offered_any":[19,30]}	{"coin_defender_attack":8}	{}	{"offgate_helper_by_mechanic":{"DirectDamage":[19,30]},"offgate_helper_choice":[19,30]}	no	no
8	k3	11	197	23100110197	rl/results/engine_switch_rules_2026-10/carriers/alternates/togekiss_meowth.txt	14af182c3b0fecb75dcd6ee28d011c28e86a5f8f	decks/screen/opponents/t-lucario.txt	45a643d6cc167fe88bb72aec5062d7d721f48193	55adf85b417840a5	8231370c3793c222	yes	decisions,first_deck_score,moves,points,turns,winner_seat	1	0	[2,5]	[3,2]	{"coin_full_prevention":[51,65,76,94,105],"coin_queued_offered":[26],"coin_queued_offered_any":[26]}	{"coin_defender_attack":9}	{}	{"offgate_helper_by_mechanic":{"DirectDamage":[26]},"offgate_helper_choice":[26]}	no	no
8	k3	11	198	23100110198	rl/results/engine_switch_rules_2026-10/carriers/alternates/togekiss_meowth.txt	14af182c3b0fecb75dcd6ee28d011c28e86a5f8f	decks/screen/opponents/t-lucario.txt	45a643d6cc167fe88bb72aec5062d7d721f48193	2a9648314f8bf5f7	cbb3ea0d17fd88be	yes	decisions,first_deck_score,moves,points,turns,winner_seat	1	0	[0,3]	[5,2]	{"coin_full_prevention":[43,57,70,87,100,115],"coin_queued_offered":[17,28,43,100],"coin_queued_offered_any":[17,28,43,100]}	{"coin_defender_attack":12,"coin_queued_attack_damage":2}	{}	{"offgate_helper_by_mechanic":{"DirectDamage":[17,28,100]},"offgate_helper_choice":[17,28,100]}	no	no
8	k3	11	200	23100110200	rl/results/engine_switch_rules_2026-10/carriers/alternates/togekiss_meowth.txt	14af182c3b0fecb75dcd6ee28d011c28e86a5f8f	decks/screen/opponents/t-lucario.txt	45a643d6cc167fe88bb72aec5062d7d721f48193	5f8f07ed47493d5b	18c00b6cd9daa969	yes	decisions,first_deck_score,moves,points,turns,winner_seat	0	1	[3,0]	[2,3]	{"coin_full_prevention":[91],"coin_queued_offered":[53,62],"coin_queued_offered_any":[53,62]}	{"coin_defender_attack":8}	{}	{"offgate_helper_by_mechanic":{"DirectDamage":[53,62]},"offgate_helper_choice":[53,62]}	no	no
8	k3	11	201	23100110201	rl/results/engine_switch_rules_2026-10/carriers/alternates/togekiss_meowth.txt	14af182c3b0fecb75dcd6ee28d011c28e86a5f8f	decks/screen/opponents/t-lucario.txt	45a643d6cc167fe88bb72aec5062d7d721f48193	a93242f5b09a2f19	eb4e6a42d1fd4bc8	yes	decisions,moves,points	0	0	[3,1]	[3,0]	{"coin_full_prevention":[49,62],"coin_queued_offered":[13,24],"coin_queued_offered_any":[13,24]}	{"coin_defender_attack":7}	{}	{"offgate_helper_by_mechanic":{"DirectDamage":[13,24]},"offgate_helper_choice":[13,24]}	no	no
8	k3	11	204	23100110204	rl/results/engine_switch_rules_2026-10/carriers/alternates/togekiss_meowth.txt	14af182c3b0fecb75dcd6ee28d011c28e86a5f8f	decks/screen/opponents/t-lucario.txt	45a643d6cc167fe88bb72aec5062d7d721f48193	9315b1decd951d24	f60ce983aefcd596	yes	decisions,moves,turns	1	1	[1,3]	[1,3]	{"coin_full_prevention":[66,77,91,101],"coin_queued_offered":[26,41],"coin_queued_offered_any":[26,41]}	{"coin_defender_attack":10}	{}	{"offgate_helper_by_mechanic":{"DirectDamage":[26,41]},"offgate_helper_choice":[26,41]}	no	no
8	k3	11	207	23100110207	rl/results/engine_switch_rules_2026-10/carriers/alternates/togekiss_meowth.txt	14af182c3b0fecb75dcd6ee28d011c28e86a5f8f	decks/screen/opponents/t-lucario.txt	45a643d6cc167fe88bb72aec5062d7d721f48193	d9683f06e463da9c	c359c0ff884c107f	yes	decisions,moves,turns	0	0	[3,0]	[3,0]	{"coin_full_prevention":[27,39,52,86],"coin_queued_offered":[39,52],"coin_queued_offered_any":[39,52]}	{"coin_defender_attack":7,"coin_queued_attack_damage":2}	{}	{"offgate_helper_by_mechanic":{"DirectDamage":[52]},"offgate_helper_choice":[52]}	no	no
8	k3	11	210	23100110210	rl/results/engine_switch_rules_2026-10/carriers/alternates/togekiss_meowth.txt	14af182c3b0fecb75dcd6ee28d011c28e86a5f8f	decks/screen/opponents/t-lucario.txt	45a643d6cc167fe88bb72aec5062d7d721f48193	cf7b46210f69566e	be5845da3e8d86ed	yes	decisions,first_deck_score,moves,points,turns,winner_seat	1	0	[0,3]	[3,2]	{"coin_full_prevention":[15,61,78,92],"coin_queued_offered":[15,29],"coin_queued_offered_any":[15,29]}	{"coin_defender_attack":8,"coin_queued_attack_damage":1}	{}	{"offgate_helper_by_mechanic":{"DirectDamage":[29]},"offgate_helper_choice":[29]}	no	no
8	k3	11	211	23100110211	rl/results/engine_switch_rules_2026-10/carriers/alternates/togekiss_meowth.txt	14af182c3b0fecb75dcd6ee28d011c28e86a5f8f	decks/screen/opponents/t-lucario.txt	45a643d6cc167fe88bb72aec5062d7d721f48193	1ab6158af7527b37	6443d895e817dbb4	yes	decisions,moves,turns	0	0	[3,0]	[3,0]	{"coin_full_prevention":[17,29,80,91],"coin_queued_offered":[17,29,44],"coin_queued_offered_any":[17,29,44]}	{"coin_defender_attack":9,"coin_queued_attack_damage":2}	{}	{"offgate_helper_by_mechanic":{"DirectDamage":[44]},"offgate_helper_choice":[44]}	no	no
8	k3	11	212	23100110212	rl/results/engine_switch_rules_2026-10/carriers/alternates/togekiss_meowth.txt	14af182c3b0fecb75dcd6ee28d011c28e86a5f8f	decks/screen/opponents/t-lucario.txt	45a643d6cc167fe88bb72aec5062d7d721f48193	fd7ca13b124b3609	852f7c820b9109f1	yes	decisions,moves,points	0	0	[5,1]	[5,0]	{"coin_full_prevention":[61,73,94],"coin_queued_offered":[24,43,61],"coin_queued_offered_any":[24,43,61]}	{"coin_defender_attack":8,"coin_queued_attack_damage":1}	{}	{"offgate_helper_by_mechanic":{"DirectDamage":[24,43,61]},"offgate_helper_choice":[24,43,61]}	no	no
8	k3	11	214	23100110214	rl/results/engine_switch_rules_2026-10/carriers/alternates/togekiss_meowth.txt	14af182c3b0fecb75dcd6ee28d011c28e86a5f8f	decks/screen/opponents/t-lucario.txt	45a643d6cc167fe88bb72aec5062d7d721f48193	a0f758b486909df9	dab66fc10726eb88	yes	decisions,moves,points	0	0	[1,1]	[1,0]	{"coin_full_prevention":[17,27],"coin_queued_offered":[17,27],"coin_queued_offered_any":[17,27]}	{"coin_defender_attack":4,"coin_queued_attack_damage":2}	{}	{}	no	no
8	k3	11	215	23100110215	rl/results/engine_switch_rules_2026-10/carriers/alternates/togekiss_meowth.txt	14af182c3b0fecb75dcd6ee28d011c28e86a5f8f	decks/screen/opponents/t-lucario.txt	45a643d6cc167fe88bb72aec5062d7d721f48193	1505c5a0097ff767	7ef7abbac1188401	yes	decisions,moves,points	1	1	[1,1]	[0,1]	{"coin_full_prevention":[48,62],"coin_queued_offered":[15,31,48,62],"coin_queued_offered_any":[15,31,48,62]}	{"coin_defender_attack":8,"coin_queued_attack_damage":2}	{}	{"offgate_helper_by_mechanic":{"DirectDamage":[15,31,48,62]},"offgate_helper_choice":[15,31,48,62]}	no	no
8	k3	11	216	23100110216	rl/results/engine_switch_rules_2026-10/carriers/alternates/togekiss_meowth.txt	14af182c3b0fecb75dcd6ee28d011c28e86a5f8f	decks/screen/opponents/t-lucario.txt	45a643d6cc167fe88bb72aec5062d7d721f48193	33dff1bb0e6640a3	15d636ab8a082a69	yes	decisions,moves	0	0	[5,1]	[5,1]	{"coin_full_prevention":[45,61,75],"coin_queued_offered":[45],"coin_queued_offered_any":[45]}	{"coin_defender_attack":7,"coin_queued_attack_damage":1}	{}	{"offgate_helper_by_mechanic":{"DirectDamage":[45]},"offgate_helper_choice":[45]}	no	no
8	k3	11	218	23100110218	rl/results/engine_switch_rules_2026-10/carriers/alternates/togekiss_meowth.txt	14af182c3b0fecb75dcd6ee28d011c28e86a5f8f	decks/screen/opponents/t-lucario.txt	45a643d6cc167fe88bb72aec5062d7d721f48193	88ee338aee7dcf7d	10afef35b391db35	yes	moves	1	1	[1,3]	[1,3]	{"coin_full_prevention":[41,86],"coin_queued_offered":[41],"coin_queued_offered_any":[41]}	{"coin_defender_attack":7,"coin_queued_attack_damage":1}	{}	{"offgate_helper_by_mechanic":{"DirectDamage":[25]},"offgate_helper_choice":[25]}	no	no
8	k3	11	221	23100110221	rl/results/engine_switch_rules_2026-10/carriers/alternates/togekiss_meowth.txt	14af182c3b0fecb75dcd6ee28d011c28e86a5f8f	decks/screen/opponents/t-lucario.txt	45a643d6cc167fe88bb72aec5062d7d721f48193	04ef9f2670eddc12	d43082ccfec509f2	yes	decisions,moves,points	1	1	[2,5]	[1,4]	{"coin_full_prevention":[53,66,84],"coin_queued_offered":[17,53,66],"coin_queued_offered_any":[17,53,66]}	{"coin_defender_attack":10,"coin_queued_attack_damage":2}	{}	{"offgate_helper_by_mechanic":{"DirectDamage":[17,34,53,66]},"offgate_helper_choice":[17,34,53,66]}	no	no
8	k3	11	222	23100110222	rl/results/engine_switch_rules_2026-10/carriers/alternates/togekiss_meowth.txt	14af182c3b0fecb75dcd6ee28d011c28e86a5f8f	decks/screen/opponents/t-lucario.txt	45a643d6cc167fe88bb72aec5062d7d721f48193	c5a51587e575805b	188c00ba6c19db02	yes	decisions,moves	1	1	[0,3]	[0,3]	{"coin_full_prevention":[57],"coin_queued_offered":[21,30],"coin_queued_offered_any":[21,30]}	{"coin_defender_attack":6}	{}	{"offgate_helper_by_mechanic":{"DirectDamage":[21,30]},"offgate_helper_choice":[21,30]}	no	no
8	k3	11	224	23100110224	rl/results/engine_switch_rules_2026-10/carriers/alternates/togekiss_meowth.txt	14af182c3b0fecb75dcd6ee28d011c28e86a5f8f	decks/screen/opponents/t-lucario.txt	45a643d6cc167fe88bb72aec5062d7d721f48193	7363e9893a7b46dd	fb92c8ade41b2940	yes	decisions,first_deck_score,moves,points,turns,winner_seat	1	0	[0,3]	[3,2]	{"coin_full_prevention":[92,104],"coin_queued_offered":[17,45,76],"coin_queued_offered_any":[17,45,76]}	{"coin_defender_attack":11}	{}	{"offgate_helper_by_mechanic":{"DirectDamage":[17,31,45,76]},"offgate_helper_choice":[17,31,45,76]}	no	no
8	k3	11	227	23100110227	rl/results/engine_switch_rules_2026-10/carriers/alternates/togekiss_meowth.txt	14af182c3b0fecb75dcd6ee28d011c28e86a5f8f	decks/screen/opponents/t-lucario.txt	45a643d6cc167fe88bb72aec5062d7d721f48193	b8974b803db7066e	c05866d68578773a	yes	decisions,moves,points	1	1	[1,3]	[0,3]	{"coin_full_prevention":[63],"coin_queued_offered":[28,44],"coin_queued_offered_any":[28,44]}	{"coin_defender_attack":6}	{}	{"offgate_helper_by_mechanic":{"DirectDamage":[28,44]},"offgate_helper_choice":[28,44]}	no	no
8	k3	11	228	23100110228	rl/results/engine_switch_rules_2026-10/carriers/alternates/togekiss_meowth.txt	14af182c3b0fecb75dcd6ee28d011c28e86a5f8f	decks/screen/opponents/t-lucario.txt	45a643d6cc167fe88bb72aec5062d7d721f48193	1302b6e017d46ac2	95384d51bd7ba4d2	yes	decisions,moves,turns	1	1	[1,3]	[1,3]	{"coin_full_prevention":[15,31,57,69],"coin_queued_offered":[15,31],"coin_queued_offered_any":[15,31]}	{"coin_defender_attack":7,"coin_queued_attack_damage":2}	{}	{"offgate_helper_by_mechanic":{"DirectDamage":[31]},"offgate_helper_choice":[31]}	no	no
8	k3	11	230	23100110230	rl/results/engine_switch_rules_2026-10/carriers/alternates/togekiss_meowth.txt	14af182c3b0fecb75dcd6ee28d011c28e86a5f8f	decks/screen/opponents/t-lucario.txt	45a643d6cc167fe88bb72aec5062d7d721f48193	2c730282883a3b3b	81dcb3a89eab30a7	yes	decisions,moves,points,turns	0	0	[3,2]	[3,1]	{"coin_full_prevention":[66,80],"coin_queued_offered":[17,46],"coin_queued_offered_any":[17,46]}	{"coin_defender_attack":8}	{}	{"offgate_helper_by_mechanic":{"DirectDamage":[17,32,46]},"offgate_helper_choice":[17,32,46]}	no	no
8	k3	11	231	23100110231	rl/results/engine_switch_rules_2026-10/carriers/alternates/togekiss_meowth.txt	14af182c3b0fecb75dcd6ee28d011c28e86a5f8f	decks/screen/opponents/t-lucario.txt	45a643d6cc167fe88bb72aec5062d7d721f48193	fa5f5fa23d99afe0	6f719c2e4e1a0741	yes	decisions,moves,turns	1	1	[1,4]	[1,4]	{"coin_full_prevention":[66],"coin_queued_offered":[37],"coin_queued_offered_any":[37]}	{"coin_defender_attack":4}	{}	{"offgate_helper_by_mechanic":{"DirectDamage":[37]},"offgate_helper_choice":[37]}	no	no
8	k3	11	232	23100110232	rl/results/engine_switch_rules_2026-10/carriers/alternates/togekiss_meowth.txt	14af182c3b0fecb75dcd6ee28d011c28e86a5f8f	decks/screen/opponents/t-lucario.txt	45a643d6cc167fe88bb72aec5062d7d721f48193	e55154169a4f3637	1bc1dc48ac47da3d	yes	decisions,moves,points,turns	0	0	[3,1]	[3,0]	{"coin_full_prevention":[19,36,48,61,72],"coin_queued_offered":[19,36],"coin_queued_offered_any":[19,36]}	{"coin_defender_attack":7,"coin_queued_attack_damage":2}	{}	{"offgate_helper_by_mechanic":{"DirectDamage":[36]},"offgate_helper_choice":[36]}	no	no
8	k3	11	235	23100110235	rl/results/engine_switch_rules_2026-10/carriers/alternates/togekiss_meowth.txt	14af182c3b0fecb75dcd6ee28d011c28e86a5f8f	decks/screen/opponents/t-lucario.txt	45a643d6cc167fe88bb72aec5062d7d721f48193	1ed077ea1b042db8	0c1fa0c94972ac19	yes	decisions,moves	1	1	[1,4]	[1,4]	{"coin_full_prevention":[32,44,56],"coin_queued_offered":[32],"coin_queued_offered_any":[32]}	{"coin_defender_attack":4,"coin_queued_attack_damage":1}	{}	{}	no	no
8	k3	11	238	23100110238	rl/results/engine_switch_rules_2026-10/carriers/alternates/togekiss_meowth.txt	14af182c3b0fecb75dcd6ee28d011c28e86a5f8f	decks/screen/opponents/t-lucario.txt	45a643d6cc167fe88bb72aec5062d7d721f48193	1522f5a0abcd22f2	a4d50665e1d767f9	yes	decisions,first_deck_score,moves,points,turns,winner_seat	0	1	[3,2]	[1,3]	{"coin_full_prevention":[28,71,85,97,112,123,135],"coin_queued_offered":[44,123],"coin_queued_offered_any":[44,123]}	{"coin_defender_attack":11,"coin_queued_attack_damage":1}	{}	{"offgate_helper_by_mechanic":{"DirectDamage":[44]},"offgate_helper_choice":[44]}	no	no
8	k3	11	240	23100110240	rl/results/engine_switch_rules_2026-10/carriers/alternates/togekiss_meowth.txt	14af182c3b0fecb75dcd6ee28d011c28e86a5f8f	decks/screen/opponents/t-lucario.txt	45a643d6cc167fe88bb72aec5062d7d721f48193	226534dc64cd405e	52ba075ba4e527a1	yes	decisions,first_deck_score,moves,points,turns,winner_seat	0	1	[3,1]	[0,3]	{"coin_full_prevention":[20,33,48,68,84,98,113],"coin_queued_offered":[20,33],"coin_queued_offered_any":[20,33]}	{"coin_defender_attack":9,"coin_queued_attack_damage":2}	{}	{}	no	no
8	k3	11	241	23100110241	rl/results/engine_switch_rules_2026-10/carriers/alternates/togekiss_meowth.txt	14af182c3b0fecb75dcd6ee28d011c28e86a5f8f	decks/screen/opponents/t-lucario.txt	45a643d6cc167fe88bb72aec5062d7d721f48193	76186bfe08d6e9a6	8850ef1c80982733	yes	decisions,first_deck_score,moves,points,turns,winner_seat	1	0	[2,5]	[3,2]	{"coin_full_prevention":[70,80,92,107],"coin_queued_offered":[25,37,51],"coin_queued_offered_any":[25,37,51]}	{"coin_defender_attack":10}	{}	{"offgate_helper_by_mechanic":{"DirectDamage":[25,37,51]},"offgate_helper_choice":[25,37,51]}	no	no
8	k3	11	243	23100110243	rl/results/engine_switch_rules_2026-10/carriers/alternates/togekiss_meowth.txt	14af182c3b0fecb75dcd6ee28d011c28e86a5f8f	decks/screen/opponents/t-lucario.txt	45a643d6cc167fe88bb72aec5062d7d721f48193	ebb6edca93109975	b53d8bafa095a697	yes	decisions,moves	1	1	[2,5]	[2,5]	{"coin_full_prevention":[45,58,69],"coin_queued_offered":[16,30],"coin_queued_offered_any":[16,30]}	{"coin_defender_attack":7}	{}	{"offgate_helper_by_mechanic":{"DirectDamage":[16,30]},"offgate_helper_choice":[16,30]}	no	no
8	k3	11	246	23100110246	rl/results/engine_switch_rules_2026-10/carriers/alternates/togekiss_meowth.txt	14af182c3b0fecb75dcd6ee28d011c28e86a5f8f	decks/screen/opponents/t-lucario.txt	45a643d6cc167fe88bb72aec5062d7d721f48193	5640d3ade8c8cc6e	4faf789e59aafb12	yes	decisions,first_deck_score,moves,points,turns,winner_seat	1	0	[2,3]	[5,0]	{"coin_full_prevention":[27,36,48,74,85],"coin_queued_offered":[27,36,60],"coin_queued_offered_any":[27,36,60]}	{"coin_defender_attack":9,"coin_queued_attack_damage":2}	{}	{"offgate_helper_by_mechanic":{"DirectDamage":[60]},"offgate_helper_choice":[60]}	no	no
8	k3	11	248	23100110248	rl/results/engine_switch_rules_2026-10/carriers/alternates/togekiss_meowth.txt	14af182c3b0fecb75dcd6ee28d011c28e86a5f8f	decks/screen/opponents/t-lucario.txt	45a643d6cc167fe88bb72aec5062d7d721f48193	e89e7ce5cdd56d14	55082add51fa2528	yes	decisions,moves,turns	1	1	[1,3]	[1,3]	{"coin_full_prevention":[81,91]}	{"coin_defender_attack":6}	{}	{}	yes	yes
8	k3	12	1	23100120001	rl/results/engine_switch_rules_2026-10/carriers/alternates/togekiss_meowth.txt	14af182c3b0fecb75dcd6ee28d011c28e86a5f8f	decks/screen/opponents/t-sceptile.txt	12477c2422b898ca57beaec32e50b73c37fdd4b0	35f8aaff890a3aa0	76621d1d7a9d961d	yes	decisions,moves,points	1	1	[2,3]	[1,3]	{"coin_full_prevention":[41,54,66,103,112],"coin_queued_offered":[41],"coin_queued_offered_any":[41]}	{"coin_defender_attack":8,"coin_queued_attack_damage":1}	{}	{"offgate_helper_by_mechanic":{"DirectDamage":[41]},"offgate_helper_choice":[41]}	no	no
8	k3	12	3	23100120003	rl/results/engine_switch_rules_2026-10/carriers/alternates/togekiss_meowth.txt	14af182c3b0fecb75dcd6ee28d011c28e86a5f8f	decks/screen/opponents/t-sceptile.txt	12477c2422b898ca57beaec32e50b73c37fdd4b0	4bcdf377a121dcce	f96c9003dc8e4267	yes	decisions,discard_attacks,first_deck_score,moves,points,turns,winner_seat	0	1	[3,0]	[1,3]	{"coin_full_prevention":[30,63,77,92,101],"coin_queued_offered":[30],"coin_queued_offered_any":[30]}	{"coin_defender_attack":8,"coin_queued_attack_damage":1}	{}	{"offgate_helper_by_mechanic":{"DirectDamage":[30]},"offgate_helper_choice":[30]}	no	no
8	k3	12	4	23100120004	rl/results/engine_switch_rules_2026-10/carriers/alternates/togekiss_meowth.txt	14af182c3b0fecb75dcd6ee28d011c28e86a5f8f	decks/screen/opponents/t-sceptile.txt	12477c2422b898ca57beaec32e50b73c37fdd4b0	d57ae95125bb6688	7b4cc32a1a8bb64a	yes	decisions,discard_attacks,moves,turns	1	1	[0,3]	[0,3]	{"coin_full_prevention":[14,42,56,77,94]}	{"coin_defender_attack":8}	{}	{}	yes	yes
8	k3	12	6	23100120006	rl/results/engine_switch_rules_2026-10/carriers/alternates/togekiss_meowth.txt	14af182c3b0fecb75dcd6ee28d011c28e86a5f8f	decks/screen/opponents/t-sceptile.txt	12477c2422b898ca57beaec32e50b73c37fdd4b0	d2d9bc339a48c8a4	53ffdd8b34fbe984	yes	decisions,moves,points,turns	0	0	[3,1]	[3,0]	{"coin_full_prevention":[32,69,83,92,100],"coin_queued_offered":[32,49],"coin_queued_offered_any":[32,49]}	{"coin_defender_attack":9,"coin_queued_attack_damage":1}	{}	{"offgate_helper_by_mechanic":{"DirectDamage":[32,49]},"offgate_helper_choice":[32,49]}	no	no
8	k3	12	7	23100120007	rl/results/engine_switch_rules_2026-10/carriers/alternates/togekiss_meowth.txt	14af182c3b0fecb75dcd6ee28d011c28e86a5f8f	decks/screen/opponents/t-sceptile.txt	12477c2422b898ca57beaec32e50b73c37fdd4b0	bfe2b361a5574568	52f3c3bc0df61757	yes	decisions,moves	0	0	[3,0]	[3,0]	{"coin_full_prevention":[27,60,74]}	{"coin_defender_attack":5}	{}	{}	yes	yes
8	k3	12	8	23100120008	rl/results/engine_switch_rules_2026-10/carriers/alternates/togekiss_meowth.txt	14af182c3b0fecb75dcd6ee28d011c28e86a5f8f	decks/screen/opponents/t-sceptile.txt	12477c2422b898ca57beaec32e50b73c37fdd4b0	e6c0c9d84b1bfa1a	018e8321c030d363	yes	decisions,discard_attacks,moves,points,turns	1	1	[0,3]	[1,3]	{"coin_full_prevention":[40,56,100,115],"coin_queued_offered":[100],"coin_queued_offered_any":[100]}	{"coin_defender_attack":9,"coin_queued_attack_damage":1}	{}	{}	no	no
8	k3	12	9	23100120009	rl/results/engine_switch_rules_2026-10/carriers/alternates/togekiss_meowth.txt	14af182c3b0fecb75dcd6ee28d011c28e86a5f8f	decks/screen/opponents/t-sceptile.txt	12477c2422b898ca57beaec32e50b73c37fdd4b0	78f6995ec8f4f19c	56bf7283991898db	yes	decisions,first_deck_score,moves,points,turns,winner_seat	0	1	[3,0]	[2,3]	{"coin_full_prevention":[48,62,76,87,98,109,119,125,131],"coin_queued_offered":[76],"coin_queued_offered_any":[76]}	{"coin_defender_attack":12,"coin_queued_attack_damage":1}	{}	{"offgate_helper_by_mechanic":{"DirectDamage":[76]},"offgate_helper_choice":[76]}	no	no
8	k3	12	10	23100120010	rl/results/engine_switch_rules_2026-10/carriers/alternates/togekiss_meowth.txt	14af182c3b0fecb75dcd6ee28d011c28e86a5f8f	decks/screen/opponents/t-sceptile.txt	12477c2422b898ca57beaec32e50b73c37fdd4b0	c1ff98ad74183d15	ae4f92bc4fe2ee81	yes	decisions,discard_attacks,first_deck_score,moves,points,turns,winner_seat	1	0	[1,3]	[3,2]	{"coin_full_prevention":[20,31,45,64,79,91,103,115,123,131],"coin_queued_offered":[64,79],"coin_queued_offered_any":[64,79]}	{"coin_defender_attack":12,"coin_queued_attack_damage":2}	{}	{"offgate_helper_by_mechanic":{"DirectDamage":[64,79]},"offgate_helper_choice":[64,79]}	no	no
8	k3	12	11	23100120011	rl/results/engine_switch_rules_2026-10/carriers/alternates/togekiss_meowth.txt	14af182c3b0fecb75dcd6ee28d011c28e86a5f8f	decks/screen/opponents/t-sceptile.txt	12477c2422b898ca57beaec32e50b73c37fdd4b0	40e7fbc619c4594e	60caec6cd032fa9e	yes	decisions,moves,points	1	1	[2,3]	[1,3]	{"coin_full_prevention":[41,56,75,87,103,117,124,131],"coin_queued_offered":[41,56],"coin_queued_offered_any":[41,56]}	{"coin_defender_attack":10,"coin_queued_attack_damage":2}	{}	{"offgate_helper_by_mechanic":{"DirectDamage":[41,56]},"offgate_helper_choice":[41,56]}	no	no
8	k3	12	12	23100120012	rl/results/engine_switch_rules_2026-10/carriers/alternates/togekiss_meowth.txt	14af182c3b0fecb75dcd6ee28d011c28e86a5f8f	decks/screen/opponents/t-sceptile.txt	12477c2422b898ca57beaec32e50b73c37fdd4b0	24062c27d7af72fe	b1f175c822c2ffc1	yes	decisions,moves	0	0	[3,2]	[3,2]	{"coin_full_prevention":[50,60,73,88,99,112,125,134,141],"coin_queued_offered":[88],"coin_queued_offered_any":[88]}	{"coin_defender_attack":12,"coin_queued_attack_damage":1}	{}	{}	no	no
8	k3	12	13	23100120013	rl/results/engine_switch_rules_2026-10/carriers/alternates/togekiss_meowth.txt	14af182c3b0fecb75dcd6ee28d011c28e86a5f8f	decks/screen/opponents/t-sceptile.txt	12477c2422b898ca57beaec32e50b73c37fdd4b0	5a32709fb6931254	54eacf8ed758de11	yes	decisions,discard_attacks,first_deck_score,moves,points,turns,winner_seat	0	1	[3,0]	[2,4]	{"coin_full_prevention":[37,69,79,96,110,120],"coin_queued_offered":[37],"coin_queued_offered_any":[37]}	{"coin_defender_attack":9,"coin_queued_attack_damage":1}	{}	{"offgate_helper_by_mechanic":{"DirectDamage":[37]},"offgate_helper_choice":[37]}	no	no
8	k3	12	14	23100120014	rl/results/engine_switch_rules_2026-10/carriers/alternates/togekiss_meowth.txt	14af182c3b0fecb75dcd6ee28d011c28e86a5f8f	decks/screen/opponents/t-sceptile.txt	12477c2422b898ca57beaec32e50b73c37fdd4b0	06a2d5a5c54e54e0	3fee901fe4c0b77c	yes	decisions,moves,points	0	0	[3,1]	[3,0]	{"coin_full_prevention":[36,48,59,73,90,102,112,120,128],"coin_queued_offered":[90],"coin_queued_offered_any":[90]}	{"coin_defender_attack":10,"coin_queued_attack_damage":1}	{}	{"offgate_helper_by_mechanic":{"DirectDamage":[90]},"offgate_helper_choice":[90]}	no	no
8	k3	12	15	23100120015	rl/results/engine_switch_rules_2026-10/carriers/alternates/togekiss_meowth.txt	14af182c3b0fecb75dcd6ee28d011c28e86a5f8f	decks/screen/opponents/t-sceptile.txt	12477c2422b898ca57beaec32e50b73c37fdd4b0	5426c6915a5ec27b	a3fb4cdd24f3f962	yes	decisions,moves	1	1	[2,3]	[2,3]	{"coin_full_prevention":[32,45,57,82,95,109,120,127],"coin_queued_offered":[82],"coin_queued_offered_any":[82]}	{"coin_defender_attack":11,"coin_queued_attack_damage":1}	{}	{"offgate_helper_by_mechanic":{"DirectDamage":[82]},"offgate_helper_choice":[82]}	no	no
8	k3	12	18	23100120018	rl/results/engine_switch_rules_2026-10/carriers/alternates/togekiss_meowth.txt	14af182c3b0fecb75dcd6ee28d011c28e86a5f8f	decks/screen/opponents/t-sceptile.txt	12477c2422b898ca57beaec32e50b73c37fdd4b0	2ef48c6138722821	2d18b642763059c1	yes	decisions,moves,points	0	0	[3,2]	[3,1]	{"coin_full_prevention":[67,75,89,95,104],"coin_queued_offered":[55],"coin_queued_offered_any":[55]}	{"coin_defender_attack":9}	{}	{"offgate_helper_by_mechanic":{"DirectDamage":[55]},"offgate_helper_choice":[55]}	no	no
8	k3	12	22	23100120022	rl/results/engine_switch_rules_2026-10/carriers/alternates/togekiss_meowth.txt	14af182c3b0fecb75dcd6ee28d011c28e86a5f8f	decks/screen/opponents/t-sceptile.txt	12477c2422b898ca57beaec32e50b73c37fdd4b0	c295f0e9dd302ff7	e2cedce131e2dad1	yes	decisions,first_deck_score,moves,points,turns,winner_seat	1	0	[0,3]	[3,2]	{"coin_full_prevention":[46,62,81,95,105,116,124,131],"coin_queued_offered":[81],"coin_queued_offered_any":[81]}	{"coin_defender_attack":11,"coin_queued_attack_damage":1}	{}	{}	no	no
8	k3	12	23	23100120023	rl/results/engine_switch_rules_2026-10/carriers/alternates/togekiss_meowth.txt	14af182c3b0fecb75dcd6ee28d011c28e86a5f8f	decks/screen/opponents/t-sceptile.txt	12477c2422b898ca57beaec32e50b73c37fdd4b0	cf3f6592503f1752	247c5390a6fb797a	yes	decisions,moves	0	0	[3,1]	[3,1]	{"coin_full_prevention":[57,72,85],"coin_queued_offered":[85],"coin_queued_offered_any":[85]}	{"coin_defender_attack":5,"coin_queued_attack_damage":1}	{}	{"offgate_helper_by_mechanic":{"DirectDamage":[85]},"offgate_helper_choice":[85]}	no	no
8	k3	12	25	23100120025	rl/results/engine_switch_rules_2026-10/carriers/alternates/togekiss_meowth.txt	14af182c3b0fecb75dcd6ee28d011c28e86a5f8f	decks/screen/opponents/t-sceptile.txt	12477c2422b898ca57beaec32e50b73c37fdd4b0	f268d24ef3196e75	847f692645fffa94	yes	decisions,moves	0	0	[3,0]	[3,0]	{"coin_full_prevention":[45,60]}	{"coin_defender_attack":3}	{}	{}	yes	yes
8	k3	12	27	23100120027	rl/results/engine_switch_rules_2026-10/carriers/alternates/togekiss_meowth.txt	14af182c3b0fecb75dcd6ee28d011c28e86a5f8f	decks/screen/opponents/t-sceptile.txt	12477c2422b898ca57beaec32e50b73c37fdd4b0	306cf5addcd8ae04	4e3b6efba939f28e	yes	decisions,discard_attacks,moves	0	0	[3,0]	[3,0]	{"coin_full_prevention":[56,85]}	{"coin_defender_attack":5}	{}	{}	yes	yes
8	k3	12	28	23100120028	rl/results/engine_switch_rules_2026-10/carriers/alternates/togekiss_meowth.txt	14af182c3b0fecb75dcd6ee28d011c28e86a5f8f	decks/screen/opponents/t-sceptile.txt	12477c2422b898ca57beaec32e50b73c37fdd4b0	77eb2f8b4f384166	1bc989e0f7d2ead6	yes	decisions,moves,points,turns	1	1	[0,3]	[2,3]	{"coin_full_prevention":[45,64,78,89,100,106],"coin_queued_offered":[64],"coin_queued_offered_any":[64]}	{"coin_defender_attack":9,"coin_queued_attack_damage":1}	{}	{}	no	no
8	k3	12	29	23100120029	rl/results/engine_switch_rules_2026-10/carriers/alternates/togekiss_meowth.txt	14af182c3b0fecb75dcd6ee28d011c28e86a5f8f	decks/screen/opponents/t-sceptile.txt	12477c2422b898ca57beaec32e50b73c37fdd4b0	2ae0a708676d4c0b	2ce4061fbc5b2c03	yes	decisions,moves	1	1	[2,3]	[2,3]	{"coin_full_prevention":[50,62,78,89,102,112,120,130],"coin_queued_offered":[78],"coin_queued_offered_any":[78]}	{"coin_defender_attack":11,"coin_queued_attack_damage":1}	{}	{}	no	no
8	k3	12	30	23100120030	rl/results/engine_switch_rules_2026-10/carriers/alternates/togekiss_meowth.txt	14af182c3b0fecb75dcd6ee28d011c28e86a5f8f	decks/screen/opponents/t-sceptile.txt	12477c2422b898ca57beaec32e50b73c37fdd4b0	6cda66b282946f23	33df8cc704f596b3	yes	decisions,discard_attacks,first_deck_score,moves,points,turns,winner_seat	1	0	[0,3]	[3,2]	{"coin_full_prevention":[76,93,105,115,124]}	{"coin_defender_attack":9}	{}	{"offgate_helper_by_mechanic":{"DirectDamage":[40,58]},"offgate_helper_choice":[40,58]}	yes	yes
8	k3	12	31	23100120031	rl/results/engine_switch_rules_2026-10/carriers/alternates/togekiss_meowth.txt	14af182c3b0fecb75dcd6ee28d011c28e86a5f8f	decks/screen/opponents/t-sceptile.txt	12477c2422b898ca57beaec32e50b73c37fdd4b0	821ff9b2c8fb6387	671b494c8503e9d3	yes	decisions,discard_attacks,moves	0	0	[3,0]	[3,0]	{"coin_full_prevention":[36,66]}	{"coin_defender_attack":3}	{}	{}	yes	yes
8	k3	12	32	23100120032	rl/results/engine_switch_rules_2026-10/carriers/alternates/togekiss_meowth.txt	14af182c3b0fecb75dcd6ee28d011c28e86a5f8f	decks/screen/opponents/t-sceptile.txt	12477c2422b898ca57beaec32e50b73c37fdd4b0	49ce048858dce1d3	11069150c5152653	yes	decisions,first_deck_score,moves,points,turns,winner_seat	1	0	[0,3]	[3,2]	{"coin_full_prevention":[39,55,73,86],"coin_queued_offered":[39],"coin_queued_offered_any":[39]}	{"coin_defender_attack":5,"coin_queued_attack_damage":1}	{}	{"offgate_helper_by_mechanic":{"DirectDamage":[39]},"offgate_helper_choice":[39]}	no	no
8	k3	12	33	23100120033	rl/results/engine_switch_rules_2026-10/carriers/alternates/togekiss_meowth.txt	14af182c3b0fecb75dcd6ee28d011c28e86a5f8f	decks/screen/opponents/t-sceptile.txt	12477c2422b898ca57beaec32e50b73c37fdd4b0	43b404e0cad5e1c3	c4b93817a2e9d70d	yes	decisions,moves	0	0	[3,0]	[3,0]	{"coin_full_prevention":[19,65],"coin_queued_offered":[65],"coin_queued_offered_any":[65]}	{"coin_defender_attack":8,"coin_queued_attack_damage":1}	{}	{"offgate_helper_by_mechanic":{"DirectDamage":[36,49]},"offgate_helper_choice":[36,49]}	no	no
8	k3	12	35	23100120035	rl/results/engine_switch_rules_2026-10/carriers/alternates/togekiss_meowth.txt	14af182c3b0fecb75dcd6ee28d011c28e86a5f8f	decks/screen/opponents/t-sceptile.txt	12477c2422b898ca57beaec32e50b73c37fdd4b0	ed6d5f7f77694f0a	cbcc2e0cec52458b	yes	decisions,discard_attacks,moves,points,turns	0	0	[3,2]	[3,1]	{"coin_full_prevention":[47,55,73,83,108]}	{"coin_defender_attack":7}	{}	{}	yes	yes
8	k3	12	39	23100120039	rl/results/engine_switch_rules_2026-10/carriers/alternates/togekiss_meowth.txt	14af182c3b0fecb75dcd6ee28d011c28e86a5f8f	decks/screen/opponents/t-sceptile.txt	12477c2422b898ca57beaec32e50b73c37fdd4b0	fe6c34480e99f829	ccaf2700c0a75133	yes	decisions,moves	1	1	[1,3]	[1,3]	{"coin_full_prevention":[19,33,51,65,79,94,103,112,122,132,140],"coin_queued_offered":[79],"coin_queued_offered_any":[79]}	{"coin_defender_attack":12,"coin_queued_attack_damage":1}	{}	{"offgate_helper_by_mechanic":{"DirectDamage":[79]},"offgate_helper_choice":[79]}	no	no
8	k3	12	40	23100120040	rl/results/engine_switch_rules_2026-10/carriers/alternates/togekiss_meowth.txt	14af182c3b0fecb75dcd6ee28d011c28e86a5f8f	decks/screen/opponents/t-sceptile.txt	12477c2422b898ca57beaec32e50b73c37fdd4b0	c697c6622f628a56	a247f7e343bb7571	yes	decisions,first_deck_score,moves,points,turns,winner_seat	0	1	[3,2]	[1,3]	{"coin_full_prevention":[22,40,51,65,77,89,100],"coin_queued_offered":[65],"coin_queued_offered_any":[65]}	{"coin_defender_attack":8,"coin_queued_attack_damage":1}	{}	{"offgate_helper_by_mechanic":{"DirectDamage":[65]},"offgate_helper_choice":[65]}	no	no
8	k3	12	44	23100120044	rl/results/engine_switch_rules_2026-10/carriers/alternates/togekiss_meowth.txt	14af182c3b0fecb75dcd6ee28d011c28e86a5f8f	decks/screen/opponents/t-sceptile.txt	12477c2422b898ca57beaec32e50b73c37fdd4b0	f02aacef5c1c5a18	63f5d3f99b794ad8	yes	decisions,moves	1	1	[0,3]	[0,3]	{"coin_full_prevention":[48,59,76],"coin_queued_offered":[76],"coin_queued_offered_any":[76]}	{"coin_defender_attack":6,"coin_queued_attack_damage":1}	{}	{}	no	no
8	k3	12	48	23100120048	rl/results/engine_switch_rules_2026-10/carriers/alternates/togekiss_meowth.txt	14af182c3b0fecb75dcd6ee28d011c28e86a5f8f	decks/screen/opponents/t-sceptile.txt	12477c2422b898ca57beaec32e50b73c37fdd4b0	8341bcced212eaed	7982c18f68653eec	yes	decisions,discard_attacks,moves,turns	1	1	[0,3]	[0,3]	{"coin_full_prevention":[49,67,83,94,111],"coin_queued_offered":[67],"coin_queued_offered_any":[67]}	{"coin_defender_attack":8,"coin_queued_attack_damage":1}	{}	{"offgate_helper_by_mechanic":{"DirectDamage":[67]},"offgate_helper_choice":[67]}	no	no
8	k3	12	52	23100120052	rl/results/engine_switch_rules_2026-10/carriers/alternates/togekiss_meowth.txt	14af182c3b0fecb75dcd6ee28d011c28e86a5f8f	decks/screen/opponents/t-sceptile.txt	12477c2422b898ca57beaec32e50b73c37fdd4b0	f49a98385f891dc8	6f0af072be66f557	yes	decisions,first_deck_score,moves,points,turns,winner_seat	1	0	[0,3]	[3,2]	{"coin_full_prevention":[30,64,76,90,101,110,118,125],"coin_queued_offered":[76],"coin_queued_offered_any":[76]}	{"coin_defender_attack":10,"coin_queued_attack_damage":1}	{}	{}	no	no
8	k3	12	53	23100120053	rl/results/engine_switch_rules_2026-10/carriers/alternates/togekiss_meowth.txt	14af182c3b0fecb75dcd6ee28d011c28e86a5f8f	decks/screen/opponents/t-sceptile.txt	12477c2422b898ca57beaec32e50b73c37fdd4b0	b9c81ebd1590896b	214e98c0de8c0910	yes	decisions,discard_attacks,first_deck_score,moves,points,turns,winner_seat	0	1	[3,2]	[2,5]	{"coin_full_prevention":[34,74,80,91,102,111],"coin_queued_offered":[91],"coin_queued_offered_any":[91]}	{"coin_defender_attack":9,"coin_queued_attack_damage":1}	{}	{"offgate_helper_by_mechanic":{"DirectDamage":[91]},"offgate_helper_choice":[91]}	no	no
8	k3	12	54	23100120054	rl/results/engine_switch_rules_2026-10/carriers/alternates/togekiss_meowth.txt	14af182c3b0fecb75dcd6ee28d011c28e86a5f8f	decks/screen/opponents/t-sceptile.txt	12477c2422b898ca57beaec32e50b73c37fdd4b0	aa69768fbeb736e1	cdbd9884244fadb9	yes	decisions,moves	0	0	[3,2]	[3,2]	{"coin_full_prevention":[49,63,76,88,98,108,114,123],"coin_queued_offered":[63],"coin_queued_offered_any":[63]}	{"coin_defender_attack":10,"coin_queued_attack_damage":1}	{}	{"offgate_helper_by_mechanic":{"DirectDamage":[63]},"offgate_helper_choice":[63]}	no	no
8	k3	12	56	23100120056	rl/results/engine_switch_rules_2026-10/carriers/alternates/togekiss_meowth.txt	14af182c3b0fecb75dcd6ee28d011c28e86a5f8f	decks/screen/opponents/t-sceptile.txt	12477c2422b898ca57beaec32e50b73c37fdd4b0	371008bc89ec03e2	86377b7ebaa0c434	yes	decisions,discard_attacks,moves,turns	1	1	[0,3]	[0,3]	{"coin_full_prevention":[36,58,70],"coin_queued_offered":[36],"coin_queued_offered_any":[36]}	{"coin_defender_attack":6,"coin_queued_attack_damage":1}	{}	{}	no	no
8	k3	12	57	23100120057	rl/results/engine_switch_rules_2026-10/carriers/alternates/togekiss_meowth.txt	14af182c3b0fecb75dcd6ee28d011c28e86a5f8f	decks/screen/opponents/t-sceptile.txt	12477c2422b898ca57beaec32e50b73c37fdd4b0	bc0c70a13ee7c609	343769b269c701f9	yes	decisions,discard_attacks,moves,points,turns	0	0	[3,1]	[3,0]	{"coin_full_prevention":[58,76,92,107,118,127]}	{"coin_defender_attack":8}	{}	{}	yes	yes
8	k3	12	60	23100120060	rl/results/engine_switch_rules_2026-10/carriers/alternates/togekiss_meowth.txt	14af182c3b0fecb75dcd6ee28d011c28e86a5f8f	decks/screen/opponents/t-sceptile.txt	12477c2422b898ca57beaec32e50b73c37fdd4b0	5ede6133e3e3a1a4	8d660cb112f391f2	yes	decisions,discard_attacks,first_deck_score,moves,points,turns,winner_seat	1	0	[0,3]	[3,2]	{"coin_full_prevention":[45,61,71,83,95,129],"coin_queued_offered":[45,61],"coin_queued_offered_any":[45,61]}	{"coin_defender_attack":10,"coin_queued_attack_damage":2}	{}	{"offgate_helper_by_mechanic":{"DirectDamage":[45,61]},"offgate_helper_choice":[45,61]}	no	no
8	k3	12	61	23100120061	rl/results/engine_switch_rules_2026-10/carriers/alternates/togekiss_meowth.txt	14af182c3b0fecb75dcd6ee28d011c28e86a5f8f	decks/screen/opponents/t-sceptile.txt	12477c2422b898ca57beaec32e50b73c37fdd4b0	44c4ab920ce1f987	ca7a033e1b8ad846	yes	decisions,moves	1	1	[2,3]	[2,3]	{"coin_full_prevention":[34,51,65,77,89,98],"coin_queued_offered":[34],"coin_queued_offered_any":[34]}	{"coin_defender_attack":8,"coin_queued_attack_damage":1}	{}	{"offgate_helper_by_mechanic":{"DirectDamage":[34]},"offgate_helper_choice":[34]}	no	no
8	k3	12	62	23100120062	rl/results/engine_switch_rules_2026-10/carriers/alternates/togekiss_meowth.txt	14af182c3b0fecb75dcd6ee28d011c28e86a5f8f	decks/screen/opponents/t-sceptile.txt	12477c2422b898ca57beaec32e50b73c37fdd4b0	e824fe77b8f1123a	92cb3367da039a23	yes	decisions,moves	1	1	[0,3]	[0,3]	{"coin_full_prevention":[53,68,80]}	{"coin_defender_attack":4}	{}	{}	yes	yes
8	k3	12	63	23100120063	rl/results/engine_switch_rules_2026-10/carriers/alternates/togekiss_meowth.txt	14af182c3b0fecb75dcd6ee28d011c28e86a5f8f	decks/screen/opponents/t-sceptile.txt	12477c2422b898ca57beaec32e50b73c37fdd4b0	5e2ca42853dc0645	7af0ade70856c1cc	yes	decisions,discard_attacks,moves,points,turns	0	0	[3,0]	[3,1]	{"coin_full_prevention":[47,62,75,89,103],"coin_queued_offered":[62],"coin_queued_offered_any":[62]}	{"coin_defender_attack":7,"coin_queued_attack_damage":1}	{}	{"offgate_helper_by_mechanic":{"DirectDamage":[62]},"offgate_helper_choice":[62]}	no	no
8	k3	12	64	23100120064	rl/results/engine_switch_rules_2026-10/carriers/alternates/togekiss_meowth.txt	14af182c3b0fecb75dcd6ee28d011c28e86a5f8f	decks/screen/opponents/t-sceptile.txt	12477c2422b898ca57beaec32e50b73c37fdd4b0	c15074560aeac178	a4ad672f5cde195c	yes	decisions,moves	0	0	[3,1]	[3,1]	{"coin_full_prevention":[42,55,72,82,91,102,112,119],"coin_queued_offered":[42,55],"coin_queued_offered_any":[42,55]}	{"coin_defender_attack":10,"coin_queued_attack_damage":2}	{}	{"offgate_helper_by_mechanic":{"DirectDamage":[55]},"offgate_helper_choice":[55]}	no	no
8	k3	12	66	23100120066	rl/results/engine_switch_rules_2026-10/carriers/alternates/togekiss_meowth.txt	14af182c3b0fecb75dcd6ee28d011c28e86a5f8f	decks/screen/opponents/t-sceptile.txt	12477c2422b898ca57beaec32e50b73c37fdd4b0	24cff56139227b36	f1918a62fa689c0d	yes	decisions,discard_attacks,first_deck_score,moves,points,turns,winner_seat	1	0	[2,3]	[3,0]	{"coin_full_prevention":[34,47,59,73,82],"coin_queued_offered":[59],"coin_queued_offered_any":[59]}	{"coin_defender_attack":7,"coin_queued_attack_damage":1}	{}	{"offgate_helper_by_mechanic":{"DirectDamage":[59]},"offgate_helper_choice":[59]}	no	no
8	k3	12	67	23100120067	rl/results/engine_switch_rules_2026-10/carriers/alternates/togekiss_meowth.txt	14af182c3b0fecb75dcd6ee28d011c28e86a5f8f	decks/screen/opponents/t-sceptile.txt	12477c2422b898ca57beaec32e50b73c37fdd4b0	b71563fc5d6bdb88	b1c0e6f12b7ccd01	yes	decisions,first_deck_score,moves,points,turns,winner_seat	0	1	[3,1]	[1,3]	{"coin_full_prevention":[33,51,63,81,93,108,123,132,141,148,155],"coin_queued_offered":[108,123,132],"coin_queued_offered_any":[108,123,132]}	{"coin_defender_attack":15,"coin_queued_attack_damage":3}	{}	{"offgate_helper_by_mechanic":{"DirectDamage":[123,132]},"offgate_helper_choice":[123,132]}	no	no
8	k3	12	69	23100120069	rl/results/engine_switch_rules_2026-10/carriers/alternates/togekiss_meowth.txt	14af182c3b0fecb75dcd6ee28d011c28e86a5f8f	decks/screen/opponents/t-sceptile.txt	12477c2422b898ca57beaec32e50b73c37fdd4b0	f879c65462e11acf	27eaa49d9d5eb2e4	yes	decisions,moves,points	1	1	[2,3]	[1,3]	{"coin_full_prevention":[16,36,51,64,76,88,98],"coin_queued_offered":[36,51,64],"coin_queued_offered_any":[36,51,64]}	{"coin_defender_attack":10,"coin_queued_attack_damage":3}	{}	{"offgate_helper_by_mechanic":{"DirectDamage":[51,64]},"offgate_helper_choice":[51,64]}	no	no
8	k3	12	71	23100120071	rl/results/engine_switch_rules_2026-10/carriers/alternates/togekiss_meowth.txt	14af182c3b0fecb75dcd6ee28d011c28e86a5f8f	decks/screen/opponents/t-sceptile.txt	12477c2422b898ca57beaec32e50b73c37fdd4b0	3291a57c69fe9142	5f70362b58e06383	yes	decisions,moves,turns	0	0	[3,0]	[3,0]	{"coin_full_prevention":[79,90]}	{"coin_defender_attack":6}	{}	{"offgate_helper_by_mechanic":{"DirectDamage":[58]},"offgate_helper_choice":[58]}	yes	yes
8	k3	12	73	23100120073	rl/results/engine_switch_rules_2026-10/carriers/alternates/togekiss_meowth.txt	14af182c3b0fecb75dcd6ee28d011c28e86a5f8f	decks/screen/opponents/t-sceptile.txt	12477c2422b898ca57beaec32e50b73c37fdd4b0	e5817b84c22e4568	29483bc800059a52	yes	decisions,moves,points	1	1	[2,3]	[1,3]	{"coin_full_prevention":[43,59,71,93,114],"coin_queued_offered":[43],"coin_queued_offered_any":[43]}	{"coin_defender_attack":8,"coin_queued_attack_damage":1}	{}	{}	no	no
8	k3	12	75	23100120075	rl/results/engine_switch_rules_2026-10/carriers/alternates/togekiss_meowth.txt	14af182c3b0fecb75dcd6ee28d011c28e86a5f8f	decks/screen/opponents/t-sceptile.txt	12477c2422b898ca57beaec32e50b73c37fdd4b0	d22bfdbc65f8ce35	80d9ed14d7e24cb3	yes	decisions,moves,turns	1	1	[2,3]	[2,3]	{"coin_full_prevention":[25,39,54,68,82,91,102],"coin_queued_offered":[68],"coin_queued_offered_any":[68]}	{"coin_defender_attack":10,"coin_queued_attack_damage":1}	{}	{"offgate_helper_by_mechanic":{"DirectDamage":[68]},"offgate_helper_choice":[68]}	no	no
8	k3	12	78	23100120078	rl/results/engine_switch_rules_2026-10/carriers/alternates/togekiss_meowth.txt	14af182c3b0fecb75dcd6ee28d011c28e86a5f8f	decks/screen/opponents/t-sceptile.txt	12477c2422b898ca57beaec32e50b73c37fdd4b0	2bccdb21a133bc2e	e62df4b949336a55	yes	decisions,discard_attacks,moves,points,turns	1	1	[1,3]	[2,3]	{"coin_full_prevention":[45,55,64,76,87,95,107]}	{"coin_defender_attack":8}	{}	{}	yes	yes
8	k3	12	79	23100120079	rl/results/engine_switch_rules_2026-10/carriers/alternates/togekiss_meowth.txt	14af182c3b0fecb75dcd6ee28d011c28e86a5f8f	decks/screen/opponents/t-sceptile.txt	12477c2422b898ca57beaec32e50b73c37fdd4b0	09589f3d04c980a5	232075dc39fdc943	yes	decisions,moves,points,turns	0	0	[3,0]	[3,2]	{"coin_full_prevention":[50,66,78],"coin_queued_offered":[78],"coin_queued_offered_any":[78]}	{"coin_defender_attack":8,"coin_queued_attack_damage":1}	{}	{"offgate_helper_by_mechanic":{"DirectDamage":[78]},"offgate_helper_choice":[78]}	no	no
8	k3	12	80	23100120080	rl/results/engine_switch_rules_2026-10/carriers/alternates/togekiss_meowth.txt	14af182c3b0fecb75dcd6ee28d011c28e86a5f8f	decks/screen/opponents/t-sceptile.txt	12477c2422b898ca57beaec32e50b73c37fdd4b0	84d494ea5180d194	ad6fe1ef9897a035	yes	decisions,first_deck_score,moves,points,turns,winner_seat	1	0	[1,3]	[3,2]	{"coin_full_prevention":[15,31,42,91,101,115,126,133],"coin_queued_offered":[78],"coin_queued_offered_any":[78]}	{"coin_defender_attack":11}	{}	{"offgate_helper_by_mechanic":{"DirectDamage":[78]},"offgate_helper_choice":[78]}	no	no
8	k3	12	81	23100120081	rl/results/engine_switch_rules_2026-10/carriers/alternates/togekiss_meowth.txt	14af182c3b0fecb75dcd6ee28d011c28e86a5f8f	decks/screen/opponents/t-sceptile.txt	12477c2422b898ca57beaec32e50b73c37fdd4b0	e29ded38ab1cb4b3	1d8e59ff069441ab	yes	decisions,discard_attacks,moves,points,turns	0	0	[3,1]	[3,2]	{"coin_full_prevention":[39,53,65,77,104,115,123]}	{"coin_defender_attack":9}	{}	{}	yes	yes
8	k3	12	82	23100120082	rl/results/engine_switch_rules_2026-10/carriers/alternates/togekiss_meowth.txt	14af182c3b0fecb75dcd6ee28d011c28e86a5f8f	decks/screen/opponents/t-sceptile.txt	12477c2422b898ca57beaec32e50b73c37fdd4b0	78b57a2fe56d0dd7	90d1a98f381fcb67	yes	decisions,moves,points,turns	1	1	[1,3]	[2,3]	{"coin_full_prevention":[24,37,78,93,106,116],"coin_queued_offered":[93],"coin_queued_offered_any":[93]}	{"coin_defender_attack":9,"coin_queued_attack_damage":1}	{}	{"offgate_helper_by_mechanic":{"DirectDamage":[93]},"offgate_helper_choice":[93]}	no	no
8	k3	12	83	23100120083	rl/results/engine_switch_rules_2026-10/carriers/alternates/togekiss_meowth.txt	14af182c3b0fecb75dcd6ee28d011c28e86a5f8f	decks/screen/opponents/t-sceptile.txt	12477c2422b898ca57beaec32e50b73c37fdd4b0	361d444a7bda39f6	1c45f939e5ae99c7	yes	decisions,first_deck_score,moves,points,turns,winner_seat	0	1	[3,0]	[2,3]	{"coin_full_prevention":[50,76,87,97,109,118,126],"coin_queued_offered":[76],"coin_queued_offered_any":[76]}	{"coin_defender_attack":11,"coin_queued_attack_damage":1}	{}	{}	no	no
8	k3	12	84	23100120084	rl/results/engine_switch_rules_2026-10/carriers/alternates/togekiss_meowth.txt	14af182c3b0fecb75dcd6ee28d011c28e86a5f8f	decks/screen/opponents/t-sceptile.txt	12477c2422b898ca57beaec32e50b73c37fdd4b0	31a477e066e678af	7959168151eca8a8	yes	decisions,moves,points	0	0	[3,2]	[3,1]	{"coin_full_prevention":[14,44,55,71,90,103,113,124,132,138,144],"coin_queued_offered":[90],"coin_queued_offered_any":[90]}	{"coin_defender_attack":13,"coin_queued_attack_damage":1}	{}	{"offgate_helper_by_mechanic":{"DirectDamage":[90]},"offgate_helper_choice":[90]}	no	no
8	k3	12	85	23100120085	rl/results/engine_switch_rules_2026-10/carriers/alternates/togekiss_meowth.txt	14af182c3b0fecb75dcd6ee28d011c28e86a5f8f	decks/screen/opponents/t-sceptile.txt	12477c2422b898ca57beaec32e50b73c37fdd4b0	42e283d0808f33ed	1467741207c8cdab	yes	decisions,moves,points	1	1	[2,3]	[1,3]	{"coin_full_prevention":[50,62,73,83,95],"coin_queued_offered":[50],"coin_queued_offered_any":[50]}	{"coin_defender_attack":9,"coin_queued_attack_damage":1}	{}	{"offgate_helper_by_mechanic":{"DirectDamage":[50]},"offgate_helper_choice":[50]}	no	no
8	k3	12	86	23100120086	rl/results/engine_switch_rules_2026-10/carriers/alternates/togekiss_meowth.txt	14af182c3b0fecb75dcd6ee28d011c28e86a5f8f	decks/screen/opponents/t-sceptile.txt	12477c2422b898ca57beaec32e50b73c37fdd4b0	6dd7d8dd7961db6d	0476729dccbc76cc	yes	decisions,moves,points,turns	1	1	[0,3]	[1,3]	{"coin_full_prevention":[35,61],"coin_queued_offered":[35,49,61],"coin_queued_offered_any":[35,49,61]}	{"coin_defender_attack":8,"coin_queued_attack_damage":2}	{}	{"offgate_helper_by_mechanic":{"DirectDamage":[35,49,61]},"offgate_helper_choice":[35,49,61]}	no	no
8	k3	12	87	23100120087	rl/results/engine_switch_rules_2026-10/carriers/alternates/togekiss_meowth.txt	14af182c3b0fecb75dcd6ee28d011c28e86a5f8f	decks/screen/opponents/t-sceptile.txt	12477c2422b898ca57beaec32e50b73c37fdd4b0	0f7c42ca8b419e10	893f3333c943fb58	yes	decisions,discard_attacks,first_deck_score,moves,points,turns,winner_seat	1	0	[2,3]	[3,0]	{"coin_full_prevention":[44,55,78]}	{"coin_defender_attack":4}	{}	{}	yes	yes
8	k3	12	88	23100120088	rl/results/engine_switch_rules_2026-10/carriers/alternates/togekiss_meowth.txt	14af182c3b0fecb75dcd6ee28d011c28e86a5f8f	decks/screen/opponents/t-sceptile.txt	12477c2422b898ca57beaec32e50b73c37fdd4b0	268b674cf6de60e4	0c3c133434aef0dd	yes	decisions,moves,turns	1	1	[0,3]	[0,3]	{"coin_full_prevention":[31,59,72],"coin_queued_offered":[31],"coin_queued_offered_any":[31]}	{"coin_defender_attack":7,"coin_queued_attack_damage":1}	{}	{}	no	no
8	k3	12	89	23100120089	rl/results/engine_switch_rules_2026-10/carriers/alternates/togekiss_meowth.txt	14af182c3b0fecb75dcd6ee28d011c28e86a5f8f	decks/screen/opponents/t-sceptile.txt	12477c2422b898ca57beaec32e50b73c37fdd4b0	03951dc613eff5b7	63da9c2ca03cd072	yes	decisions,moves,points,turns	0	0	[3,0]	[3,2]	{"coin_full_prevention":[45,58,76,88,98],"coin_queued_offered":[76],"coin_queued_offered_any":[76]}	{"coin_defender_attack":10,"coin_queued_attack_damage":1}	{}	{"offgate_helper_by_mechanic":{"DirectDamage":[76]},"offgate_helper_choice":[76]}	no	no
8	k3	12	91	23100120091	rl/results/engine_switch_rules_2026-10/carriers/alternates/togekiss_meowth.txt	14af182c3b0fecb75dcd6ee28d011c28e86a5f8f	decks/screen/opponents/t-sceptile.txt	12477c2422b898ca57beaec32e50b73c37fdd4b0	20049758e2ce039f	76a0e801774d8bc6	yes	decisions,moves,points,turns	1	1	[2,4]	[1,4]	{"coin_full_prevention":[18,39,52,65,82,95,107,122],"coin_queued_offered":[52],"coin_queued_offered_any":[52]}	{"coin_defender_attack":9,"coin_queued_attack_damage":1}	{}	{"offgate_helper_by_mechanic":{"DirectDamage":[52]},"offgate_helper_choice":[52]}	no	no
8	k3	12	94	23100120094	rl/results/engine_switch_rules_2026-10/carriers/alternates/togekiss_meowth.txt	14af182c3b0fecb75dcd6ee28d011c28e86a5f8f	decks/screen/opponents/t-sceptile.txt	12477c2422b898ca57beaec32e50b73c37fdd4b0	d9ee051e5a3a5cc5	5f19b5464df09169	yes	decisions,discard_attacks,moves,turns	1	1	[0,3]	[0,3]	{"coin_full_prevention":[29,60,76],"coin_queued_offered":[29],"coin_queued_offered_any":[29]}	{"coin_defender_attack":6,"coin_queued_attack_damage":1}	{}	{"offgate_helper_by_mechanic":{"DirectDamage":[29]},"offgate_helper_choice":[29]}	no	no
8	k3	12	95	23100120095	rl/results/engine_switch_rules_2026-10/carriers/alternates/togekiss_meowth.txt	14af182c3b0fecb75dcd6ee28d011c28e86a5f8f	decks/screen/opponents/t-sceptile.txt	12477c2422b898ca57beaec32e50b73c37fdd4b0	fdbb8b50a6ee2d47	7f62e0bfef1e0ef8	yes	decisions,discard_attacks,moves,turns	0	0	[3,0]	[3,0]	{"coin_full_prevention":[29,44,54],"coin_queued_offered":[29],"coin_queued_offered_any":[29]}	{"coin_defender_attack":7,"coin_queued_attack_damage":1}	{}	{"offgate_helper_by_mechanic":{"DirectDamage":[29]},"offgate_helper_choice":[29]}	no	no
8	k3	12	96	23100120096	rl/results/engine_switch_rules_2026-10/carriers/alternates/togekiss_meowth.txt	14af182c3b0fecb75dcd6ee28d011c28e86a5f8f	decks/screen/opponents/t-sceptile.txt	12477c2422b898ca57beaec32e50b73c37fdd4b0	78d775149dbbc7f1	a7c3c296be49f109	yes	decisions,discard_attacks,moves,points,turns	1	1	[0,3]	[1,3]	{"coin_full_prevention":[66,79,105]}	{"coin_defender_attack":5}	{}	{}	yes	yes
8	k3	12	97	23100120097	rl/results/engine_switch_rules_2026-10/carriers/alternates/togekiss_meowth.txt	14af182c3b0fecb75dcd6ee28d011c28e86a5f8f	decks/screen/opponents/t-sceptile.txt	12477c2422b898ca57beaec32e50b73c37fdd4b0	756518a7fcd3486d	bf395fd639f219da	yes	decisions,discard_attacks,moves,turns	0	0	[3,2]	[3,2]	{"coin_full_prevention":[67,78,87,101]}	{"coin_defender_attack":8}	{}	{}	yes	yes
8	k3	12	98	23100120098	rl/results/engine_switch_rules_2026-10/carriers/alternates/togekiss_meowth.txt	14af182c3b0fecb75dcd6ee28d011c28e86a5f8f	decks/screen/opponents/t-sceptile.txt	12477c2422b898ca57beaec32e50b73c37fdd4b0	266389015e759c6f	4690f6a14bd381d1	yes	decisions,moves	1	1	[2,3]	[2,3]	{"coin_full_prevention":[28,47,62,78,89,98],"coin_queued_offered":[78,89],"coin_queued_offered_any":[78,89]}	{"coin_defender_attack":10,"coin_queued_attack_damage":2}	{}	{"offgate_helper_by_mechanic":{"DirectDamage":[78,89]},"offgate_helper_choice":[78,89]}	no	no
8	k3	12	99	23100120099	rl/results/engine_switch_rules_2026-10/carriers/alternates/togekiss_meowth.txt	14af182c3b0fecb75dcd6ee28d011c28e86a5f8f	decks/screen/opponents/t-sceptile.txt	12477c2422b898ca57beaec32e50b73c37fdd4b0	87bec64a6178a2eb	c833c2e11124c3d4	yes	decisions,moves,points,turns	0	0	[3,0]	[3,1]	{"coin_full_prevention":[39,50,60],"coin_queued_offered":[39,50,60],"coin_queued_offered_any":[39,50,60]}	{"coin_defender_attack":6,"coin_queued_attack_damage":3}	{}	{"offgate_helper_by_mechanic":{"DirectDamage":[39,50,60]},"offgate_helper_choice":[39,50,60]}	no	no
8	k3	12	100	23100120100	rl/results/engine_switch_rules_2026-10/carriers/alternates/togekiss_meowth.txt	14af182c3b0fecb75dcd6ee28d011c28e86a5f8f	decks/screen/opponents/t-sceptile.txt	12477c2422b898ca57beaec32e50b73c37fdd4b0	19497f6fb0cf7794	c3a2852cd4628326	yes	decisions,discard_attacks,moves,turns	1	1	[0,3]	[0,3]	{"coin_full_prevention":[33,63],"coin_queued_offered":[33],"coin_queued_offered_any":[33]}	{"coin_defender_attack":6,"coin_queued_attack_damage":1}	{}	{}	no	no
8	k3	12	102	23100120102	rl/results/engine_switch_rules_2026-10/carriers/alternates/togekiss_meowth.txt	14af182c3b0fecb75dcd6ee28d011c28e86a5f8f	decks/screen/opponents/t-sceptile.txt	12477c2422b898ca57beaec32e50b73c37fdd4b0	7701ae7d3ab23565	c7b6d3baa4222910	yes	decisions,moves,points	0	0	[3,1]	[3,0]	{"coin_full_prevention":[37,61,71],"coin_queued_offered":[37],"coin_queued_offered_any":[37]}	{"coin_defender_attack":5,"coin_queued_attack_damage":1}	{}	{"offgate_helper_by_mechanic":{"DirectDamage":[37]},"offgate_helper_choice":[37]}	no	no
8	k3	12	103	23100120103	rl/results/engine_switch_rules_2026-10/carriers/alternates/togekiss_meowth.txt	14af182c3b0fecb75dcd6ee28d011c28e86a5f8f	decks/screen/opponents/t-sceptile.txt	12477c2422b898ca57beaec32e50b73c37fdd4b0	5de5a67cbc5c21f7	3c0d86e93d812c66	yes	decisions,moves	1	1	[1,3]	[1,3]	{"coin_full_prevention":[48,58,76,103,111],"coin_queued_offered":[91],"coin_queued_offered_any":[91]}	{"coin_defender_attack":8}	{}	{"offgate_helper_by_mechanic":{"DirectDamage":[91]},"offgate_helper_choice":[91]}	no	no
8	k3	12	104	23100120104	rl/results/engine_switch_rules_2026-10/carriers/alternates/togekiss_meowth.txt	14af182c3b0fecb75dcd6ee28d011c28e86a5f8f	decks/screen/opponents/t-sceptile.txt	12477c2422b898ca57beaec32e50b73c37fdd4b0	843db0aaf2aa9f8c	b24df1e2f5820e28	yes	decisions,first_deck_score,moves,points,turns,winner_seat	1	0	[1,3]	[3,2]	{"coin_full_prevention":[33,76,90,102,112,122,130],"coin_queued_offered":[33],"coin_queued_offered_any":[33]}	{"coin_defender_attack":11,"coin_queued_attack_damage":1}	{}	{"offgate_helper_by_mechanic":{"DirectDamage":[33]},"offgate_helper_choice":[33]}	no	no
8	k3	12	106	23100120106	rl/results/engine_switch_rules_2026-10/carriers/alternates/togekiss_meowth.txt	14af182c3b0fecb75dcd6ee28d011c28e86a5f8f	decks/screen/opponents/t-sceptile.txt	12477c2422b898ca57beaec32e50b73c37fdd4b0	27cd87af2c0e8e27	3870135614fe7f41	yes	decisions,moves	1	1	[0,3]	[0,3]	{"coin_full_prevention":[56,68,82,95]}	{"coin_defender_attack":6}	{}	{}	yes	yes
8	k3	12	110	23100120110	rl/results/engine_switch_rules_2026-10/carriers/alternates/togekiss_meowth.txt	14af182c3b0fecb75dcd6ee28d011c28e86a5f8f	decks/screen/opponents/t-sceptile.txt	12477c2422b898ca57beaec32e50b73c37fdd4b0	b35e3895798e1d8b	f1f17eda9e756f03	yes	decisions,moves,points	1	1	[1,3]	[0,3]	{"coin_full_prevention":[65,103]}	{"coin_defender_attack":6}	{}	{}	yes	yes
8	k3	12	111	23100120111	rl/results/engine_switch_rules_2026-10/carriers/alternates/togekiss_meowth.txt	14af182c3b0fecb75dcd6ee28d011c28e86a5f8f	decks/screen/opponents/t-sceptile.txt	12477c2422b898ca57beaec32e50b73c37fdd4b0	4ea1a0656b20b7f3	bfbad7e299fb0d37	yes	decisions,moves	0	0	[3,2]	[3,2]	{"coin_full_prevention":[41,55,69,79,87,101],"coin_queued_offered":[55],"coin_queued_offered_any":[55]}	{"coin_defender_attack":8,"coin_queued_attack_damage":1}	{}	{"offgate_helper_by_mechanic":{"DirectDamage":[55]},"offgate_helper_choice":[55]}	no	no
8	k3	12	112	23100120112	rl/results/engine_switch_rules_2026-10/carriers/alternates/togekiss_meowth.txt	14af182c3b0fecb75dcd6ee28d011c28e86a5f8f	decks/screen/opponents/t-sceptile.txt	12477c2422b898ca57beaec32e50b73c37fdd4b0	67448f82bfab2897	5d63e7a10f9eb8bb	yes	decisions,discard_attacks,moves	1	1	[2,3]	[2,3]	{"coin_full_prevention":[57,65,77,90,108]}	{"coin_defender_attack":6}	{}	{}	yes	yes
8	k3	12	114	23100120114	rl/results/engine_switch_rules_2026-10/carriers/alternates/togekiss_meowth.txt	14af182c3b0fecb75dcd6ee28d011c28e86a5f8f	decks/screen/opponents/t-sceptile.txt	12477c2422b898ca57beaec32e50b73c37fdd4b0	4f718cb4f3ab38f8	698f94eb6c6114b1	yes	decisions,discard_attacks,moves,turns	1	1	[0,3]	[0,3]	{"coin_full_prevention":[13,24,53,71],"coin_queued_offered":[71],"coin_queued_offered_any":[71]}	{"coin_defender_attack":7,"coin_queued_attack_damage":1}	{}	{"offgate_helper_by_mechanic":{"DirectDamage":[71]},"offgate_helper_choice":[71]}	no	no
8	k3	12	115	23100120115	rl/results/engine_switch_rules_2026-10/carriers/alternates/togekiss_meowth.txt	14af182c3b0fecb75dcd6ee28d011c28e86a5f8f	decks/screen/opponents/t-sceptile.txt	12477c2422b898ca57beaec32e50b73c37fdd4b0	e5850087194efc83	9542abbc35ae1ce8	yes	decisions,moves,points	1	1	[2,3]	[1,3]	{"coin_full_prevention":[37,63,78,86,97,110,120,128],"coin_queued_offered":[50,63],"coin_queued_offered_any":[50,63]}	{"coin_defender_attack":13,"coin_queued_attack_damage":1}	{}	{"offgate_helper_by_mechanic":{"DirectDamage":[50,63]},"offgate_helper_choice":[50,63]}	no	no
8	k3	12	118	23100120118	rl/results/engine_switch_rules_2026-10/carriers/alternates/togekiss_meowth.txt	14af182c3b0fecb75dcd6ee28d011c28e86a5f8f	decks/screen/opponents/t-sceptile.txt	12477c2422b898ca57beaec32e50b73c37fdd4b0	9e57e96bb3efab1c	71e69563246817f2	yes	decisions,moves,turns	1	1	[0,3]	[0,3]	{"coin_full_prevention":[32,74],"coin_queued_offered":[32],"coin_queued_offered_any":[32]}	{"coin_defender_attack":6,"coin_queued_attack_damage":1}	{}	{"offgate_helper_by_mechanic":{"DirectDamage":[32]},"offgate_helper_choice":[32]}	no	no
8	k3	12	120	23100120120	rl/results/engine_switch_rules_2026-10/carriers/alternates/togekiss_meowth.txt	14af182c3b0fecb75dcd6ee28d011c28e86a5f8f	decks/screen/opponents/t-sceptile.txt	12477c2422b898ca57beaec32e50b73c37fdd4b0	958f87e172324066	d20790885b80f07e	yes	decisions,first_deck_score,moves,points,turns,winner_seat	1	0	[0,3]	[3,2]	{"coin_full_prevention":[45,56,68,81,93,104,111],"coin_queued_offered":[81],"coin_queued_offered_any":[81]}	{"coin_defender_attack":10,"coin_queued_attack_damage":1}	{}	{"offgate_helper_by_mechanic":{"DirectDamage":[81]},"offgate_helper_choice":[81]}	no	no
8	k3	12	123	23100120123	rl/results/engine_switch_rules_2026-10/carriers/alternates/togekiss_meowth.txt	14af182c3b0fecb75dcd6ee28d011c28e86a5f8f	decks/screen/opponents/t-sceptile.txt	12477c2422b898ca57beaec32e50b73c37fdd4b0	0d6711143e7d5f91	a5531859b9ec0394	yes	decisions,discard_attacks,first_deck_score,moves,points,turns,winner_seat	1	0	[2,3]	[3,2]	{"coin_full_prevention":[25,40,50,64,77,88,98,113,125],"coin_queued_offered":[98],"coin_queued_offered_any":[98]}	{"coin_defender_attack":11,"coin_queued_attack_damage":1}	{}	{"offgate_helper_by_mechanic":{"DirectDamage":[98]},"offgate_helper_choice":[98]}	no	no
8	k3	12	127	23100120127	rl/results/engine_switch_rules_2026-10/carriers/alternates/togekiss_meowth.txt	14af182c3b0fecb75dcd6ee28d011c28e86a5f8f	decks/screen/opponents/t-sceptile.txt	12477c2422b898ca57beaec32e50b73c37fdd4b0	ad1d357bc5ab0ba7	19a1e426911aab76	yes	decisions,moves	0	0	[3,0]	[3,0]	{"coin_full_prevention":[62,76],"coin_queued_offered":[76],"coin_queued_offered_any":[76]}	{"coin_defender_attack":5,"coin_queued_attack_damage":1}	{}	{}	no	no
8	k3	12	128	23100120128	rl/results/engine_switch_rules_2026-10/carriers/alternates/togekiss_meowth.txt	14af182c3b0fecb75dcd6ee28d011c28e86a5f8f	decks/screen/opponents/t-sceptile.txt	12477c2422b898ca57beaec32e50b73c37fdd4b0	00d04d005db550d6	190e8dec2fa44d17	yes	decisions,discard_attacks,moves	1	1	[0,3]	[0,3]	{"coin_full_prevention":[55,70]}	{"coin_defender_attack":5}	{}	{}	yes	yes
8	k3	12	132	23100120132	rl/results/engine_switch_rules_2026-10/carriers/alternates/togekiss_meowth.txt	14af182c3b0fecb75dcd6ee28d011c28e86a5f8f	decks/screen/opponents/t-sceptile.txt	12477c2422b898ca57beaec32e50b73c37fdd4b0	27c9e242f1dc15b1	50cc5b31abaeb1d2	yes	decisions,discard_attacks,moves,turns	1	1	[0,3]	[0,3]	{"coin_full_prevention":[35,65],"coin_queued_offered":[35],"coin_queued_offered_any":[35]}	{"coin_defender_attack":5,"coin_queued_attack_damage":1}	{}	{"offgate_helper_by_mechanic":{"DirectDamage":[35]},"offgate_helper_choice":[35]}	no	no
8	k3	12	133	23100120133	rl/results/engine_switch_rules_2026-10/carriers/alternates/togekiss_meowth.txt	14af182c3b0fecb75dcd6ee28d011c28e86a5f8f	decks/screen/opponents/t-sceptile.txt	12477c2422b898ca57beaec32e50b73c37fdd4b0	3ca2593a709c3fe2	84ed0e33fd1dea7d	yes	decisions,moves	0	0	[3,0]	[3,0]	{"coin_full_prevention":[30,61],"coin_queued_offered":[30,61],"coin_queued_offered_any":[30,61]}	{"coin_defender_attack":5,"coin_queued_attack_damage":2}	{}	{"offgate_helper_by_mechanic":{"DirectDamage":[30,61]},"offgate_helper_choice":[30,61]}	no	no
8	k3	12	134	23100120134	rl/results/engine_switch_rules_2026-10/carriers/alternates/togekiss_meowth.txt	14af182c3b0fecb75dcd6ee28d011c28e86a5f8f	decks/screen/opponents/t-sceptile.txt	12477c2422b898ca57beaec32e50b73c37fdd4b0	c0a62ac723f61c2f	489cc66a60e6c2e2	yes	decisions,moves,points	0	0	[1,1]	[1,0]	{"coin_full_prevention":[23,36,51],"coin_queued_offered":[51],"coin_queued_offered_any":[51]}	{"coin_defender_attack":4,"coin_queued_attack_damage":1}	{}	{"offgate_helper_by_mechanic":{"DirectDamage":[51]},"offgate_helper_choice":[51]}	no	no
8	k3	12	136	23100120136	rl/results/engine_switch_rules_2026-10/carriers/alternates/togekiss_meowth.txt	14af182c3b0fecb75dcd6ee28d011c28e86a5f8f	decks/screen/opponents/t-sceptile.txt	12477c2422b898ca57beaec32e50b73c37fdd4b0	7b1224f9e8fc5321	11cfb4726514d442	yes	decisions,moves	0	0	[3,2]	[3,2]	{"coin_full_prevention":[12,30,49,87,98],"coin_queued_offered":[30,49],"coin_queued_offered_any":[30,49]}	{"coin_defender_attack":9,"coin_queued_attack_damage":2}	{}	{"offgate_helper_by_mechanic":{"DirectDamage":[30,49]},"offgate_helper_choice":[30,49]}	no	no
8	k3	12	137	23100120137	rl/results/engine_switch_rules_2026-10/carriers/alternates/togekiss_meowth.txt	14af182c3b0fecb75dcd6ee28d011c28e86a5f8f	decks/screen/opponents/t-sceptile.txt	12477c2422b898ca57beaec32e50b73c37fdd4b0	a02fb6d93b064510	f351c577c97ed06f	yes	decisions,discard_attacks,moves	0	0	[3,0]	[3,0]	{"coin_full_prevention":[49,63,76]}	{"coin_defender_attack":5}	{}	{}	yes	yes
8	k3	12	140	23100120140	rl/results/engine_switch_rules_2026-10/carriers/alternates/togekiss_meowth.txt	14af182c3b0fecb75dcd6ee28d011c28e86a5f8f	decks/screen/opponents/t-sceptile.txt	12477c2422b898ca57beaec32e50b73c37fdd4b0	e54fdadb4732b26f	19b80362ac407445	yes	decisions,first_deck_score,moves,points,turns,winner_seat	1	0	[2,3]	[3,2]	{"coin_full_prevention":[55,68,79,97,109,119,126,133],"coin_queued_offered":[97],"coin_queued_offered_any":[97]}	{"coin_defender_attack":11,"coin_queued_attack_damage":1}	{}	{}	no	no
8	k3	12	141	23100120141	rl/results/engine_switch_rules_2026-10/carriers/alternates/togekiss_meowth.txt	14af182c3b0fecb75dcd6ee28d011c28e86a5f8f	decks/screen/opponents/t-sceptile.txt	12477c2422b898ca57beaec32e50b73c37fdd4b0	22ff3eca1636cd48	155d566d2c5523a1	yes	decisions,moves	0	0	[3,0]	[3,0]	{"coin_full_prevention":[41,56,96],"coin_queued_offered":[41],"coin_queued_offered_any":[41]}	{"coin_defender_attack":6,"coin_queued_attack_damage":1}	{}	{"offgate_helper_by_mechanic":{"DirectDamage":[41]},"offgate_helper_choice":[41]}	no	no
8	k3	12	143	23100120143	rl/results/engine_switch_rules_2026-10/carriers/alternates/togekiss_meowth.txt	14af182c3b0fecb75dcd6ee28d011c28e86a5f8f	decks/screen/opponents/t-sceptile.txt	12477c2422b898ca57beaec32e50b73c37fdd4b0	9656a317a03dc2fe	11622cda6821112f	yes	decisions,moves	0	0	[3,2]	[3,2]	{"coin_full_prevention":[35,92],"coin_queued_offered":[35],"coin_queued_offered_any":[35]}	{"coin_defender_attack":8,"coin_queued_attack_damage":1}	{}	{"offgate_helper_by_mechanic":{"DirectDamage":[35]},"offgate_helper_choice":[35]}	no	no
8	k3	12	144	23100120144	rl/results/engine_switch_rules_2026-10/carriers/alternates/togekiss_meowth.txt	14af182c3b0fecb75dcd6ee28d011c28e86a5f8f	decks/screen/opponents/t-sceptile.txt	12477c2422b898ca57beaec32e50b73c37fdd4b0	0e356f7b491c6928	1937823bbe9d0742	yes	decisions,moves	1	1	[0,3]	[0,3]	{}	{"coin_defender_attack":4}	{}	{}	yes	no
8	k3	12	145	23100120145	rl/results/engine_switch_rules_2026-10/carriers/alternates/togekiss_meowth.txt	14af182c3b0fecb75dcd6ee28d011c28e86a5f8f	decks/screen/opponents/t-sceptile.txt	12477c2422b898ca57beaec32e50b73c37fdd4b0	e707fe547609aa35	3d2a2f140eb85fde	yes	decisions,discard_attacks,moves,turns	0	0	[3,0]	[3,0]	{"coin_full_prevention":[65,77,86]}	{"coin_defender_attack":6}	{}	{}	yes	yes
8	k3	12	149	23100120149	rl/results/engine_switch_rules_2026-10/carriers/alternates/togekiss_meowth.txt	14af182c3b0fecb75dcd6ee28d011c28e86a5f8f	decks/screen/opponents/t-sceptile.txt	12477c2422b898ca57beaec32e50b73c37fdd4b0	4be4b24f9b720b67	8c007cf35da2b893	yes	decisions,moves	0	0	[3,2]	[3,2]	{"coin_full_prevention":[59,74,86,98,107],"coin_queued_offered":[59],"coin_queued_offered_any":[59]}	{"coin_defender_attack":9,"coin_queued_attack_damage":1}	{}	{"offgate_helper_by_mechanic":{"DirectDamage":[59]},"offgate_helper_choice":[59]}	no	no
8	k3	12	150	23100120150	rl/results/engine_switch_rules_2026-10/carriers/alternates/togekiss_meowth.txt	14af182c3b0fecb75dcd6ee28d011c28e86a5f8f	decks/screen/opponents/t-sceptile.txt	12477c2422b898ca57beaec32e50b73c37fdd4b0	e89443a95934afbf	b8dce4fe36a595e0	yes	decisions,discard_attacks,first_deck_score,moves,points,turns,winner_seat	1	0	[1,3]	[3,0]	{"coin_full_prevention":[32,46,60,74,91,103,114,124,134,141],"coin_queued_offered":[74,91,103],"coin_queued_offered_any":[74,91,103]}	{"coin_defender_attack":13,"coin_queued_attack_damage":3}	{}	{"offgate_helper_by_mechanic":{"DirectDamage":[74]},"offgate_helper_choice":[74]}	no	no
8	k3	12	151	23100120151	rl/results/engine_switch_rules_2026-10/carriers/alternates/togekiss_meowth.txt	14af182c3b0fecb75dcd6ee28d011c28e86a5f8f	decks/screen/opponents/t-sceptile.txt	12477c2422b898ca57beaec32e50b73c37fdd4b0	1944d95f776702b5	f626770947ed668a	yes	decisions,first_deck_score,moves,points,turns,winner_seat	0	1	[3,0]	[2,3]	{"coin_full_prevention":[38,57,71,85,96,119,128,134,140],"coin_queued_offered":[85],"coin_queued_offered_any":[85]}	{"coin_defender_attack":12,"coin_queued_attack_damage":1}	{}	{"offgate_helper_by_mechanic":{"DirectDamage":[85]},"offgate_helper_choice":[85]}	no	no
8	k3	12	153	23100120153	rl/results/engine_switch_rules_2026-10/carriers/alternates/togekiss_meowth.txt	14af182c3b0fecb75dcd6ee28d011c28e86a5f8f	decks/screen/opponents/t-sceptile.txt	12477c2422b898ca57beaec32e50b73c37fdd4b0	956944ee1a0c8f76	e146bfea37d09f55	yes	decisions,discard_attacks,moves,points,turns	0	0	[3,0]	[3,1]	{"coin_full_prevention":[12,31,50,68,82,93,103],"coin_queued_offered":[31],"coin_queued_offered_any":[31]}	{"coin_defender_attack":8,"coin_queued_attack_damage":1}	{}	{}	no	no
8	k3	12	154	23100120154	rl/results/engine_switch_rules_2026-10/carriers/alternates/togekiss_meowth.txt	14af182c3b0fecb75dcd6ee28d011c28e86a5f8f	decks/screen/opponents/t-sceptile.txt	12477c2422b898ca57beaec32e50b73c37fdd4b0	87924df1f051f36c	9dc6e1e8c62e23b5	yes	decisions,moves	1	1	[0,3]	[0,3]	{"coin_full_prevention":[24,39]}	{"coin_defender_attack":5}	{}	{}	yes	yes
8	k3	12	157	23100120157	rl/results/engine_switch_rules_2026-10/carriers/alternates/togekiss_meowth.txt	14af182c3b0fecb75dcd6ee28d011c28e86a5f8f	decks/screen/opponents/t-sceptile.txt	12477c2422b898ca57beaec32e50b73c37fdd4b0	0cb2672e033243bb	fc787f0c010d2f35	yes	decisions,moves	0	0	[3,0]	[3,0]	{"coin_full_prevention":[31,63],"coin_queued_offered":[31],"coin_queued_offered_any":[31]}	{"coin_defender_attack":5,"coin_queued_attack_damage":1}	{}	{"offgate_helper_by_mechanic":{"DirectDamage":[31]},"offgate_helper_choice":[31]}	no	no
8	k3	12	158	23100120158	rl/results/engine_switch_rules_2026-10/carriers/alternates/togekiss_meowth.txt	14af182c3b0fecb75dcd6ee28d011c28e86a5f8f	decks/screen/opponents/t-sceptile.txt	12477c2422b898ca57beaec32e50b73c37fdd4b0	3b2978094f7a4ae7	ea9e8e100f5334c2	yes	decisions,moves	0	0	[3,1]	[3,1]	{"coin_full_prevention":[15,93,106,117,127,135,143],"coin_queued_offered":[76],"coin_queued_offered_any":[76]}	{"coin_defender_attack":12}	{}	{"offgate_helper_by_mechanic":{"DirectDamage":[76]},"offgate_helper_choice":[76]}	no	no
8	k3	12	164	23100120164	rl/results/engine_switch_rules_2026-10/carriers/alternates/togekiss_meowth.txt	14af182c3b0fecb75dcd6ee28d011c28e86a5f8f	decks/screen/opponents/t-sceptile.txt	12477c2422b898ca57beaec32e50b73c37fdd4b0	ede4a6912a3cf087	5c4091a47f9e54f5	yes	decisions,discard_attacks,moves,turns	1	1	[0,3]	[0,3]	{"coin_full_prevention":[37,53,64],"coin_queued_offered":[37,53,64],"coin_queued_offered_any":[37,53,64]}	{"coin_defender_attack":8,"coin_queued_attack_damage":3}	{}	{"offgate_helper_by_mechanic":{"DirectDamage":[37,64]},"offgate_helper_choice":[37,64]}	no	no
8	k3	12	165	23100120165	rl/results/engine_switch_rules_2026-10/carriers/alternates/togekiss_meowth.txt	14af182c3b0fecb75dcd6ee28d011c28e86a5f8f	decks/screen/opponents/t-sceptile.txt	12477c2422b898ca57beaec32e50b73c37fdd4b0	7211835670d41001	c91a40ce913d8b57	yes	decisions,first_deck_score,moves,points,turns,winner_seat	1	0	[2,3]	[3,2]	{"coin_full_prevention":[30,43,59,90,102,114],"coin_queued_offered":[90],"coin_queued_offered_any":[90]}	{"coin_defender_attack":9,"coin_queued_attack_damage":1}	{}	{"offgate_helper_by_mechanic":{"DirectDamage":[90]},"offgate_helper_choice":[90]}	no	no
8	k3	12	167	23100120167	rl/results/engine_switch_rules_2026-10/carriers/alternates/togekiss_meowth.txt	14af182c3b0fecb75dcd6ee28d011c28e86a5f8f	decks/screen/opponents/t-sceptile.txt	12477c2422b898ca57beaec32e50b73c37fdd4b0	93de38aa36dc04ef	8b580be29c3cfd2e	yes	decisions,moves,points	1	1	[2,3]	[1,3]	{"coin_full_prevention":[46,58,72,86,100,113,123,131],"coin_queued_offered":[86],"coin_queued_offered_any":[86]}	{"coin_defender_attack":11,"coin_queued_attack_damage":1}	{}	{"offgate_helper_by_mechanic":{"DirectDamage":[86]},"offgate_helper_choice":[86]}	no	no
8	k3	12	168	23100120168	rl/results/engine_switch_rules_2026-10/carriers/alternates/togekiss_meowth.txt	14af182c3b0fecb75dcd6ee28d011c28e86a5f8f	decks/screen/opponents/t-sceptile.txt	12477c2422b898ca57beaec32e50b73c37fdd4b0	2cb4ceb06afecf1a	e9072f9f61617c1f	yes	decisions,moves,points,turns	1	1	[1,3]	[2,3]	{"coin_full_prevention":[29,42,58,89,101,113],"coin_queued_offered":[101,113],"coin_queued_offered_any":[101,113]}	{"coin_defender_attack":9,"coin_queued_attack_damage":2}	{}	{"offgate_helper_by_mechanic":{"DirectDamage":[101,113]},"offgate_helper_choice":[101,113]}	no	no
8	k3	12	169	23100120169	rl/results/engine_switch_rules_2026-10/carriers/alternates/togekiss_meowth.txt	14af182c3b0fecb75dcd6ee28d011c28e86a5f8f	decks/screen/opponents/t-sceptile.txt	12477c2422b898ca57beaec32e50b73c37fdd4b0	64cc3e4d3c4a40bb	2cb4315c2d5729b3	yes	decisions,moves,points,turns	0	0	[3,2]	[3,1]	{"coin_full_prevention":[40,51,80,96,107,119],"coin_queued_offered":[65],"coin_queued_offered_any":[65]}	{"coin_defender_attack":8}	{}	{"offgate_helper_by_mechanic":{"DirectDamage":[65]},"offgate_helper_choice":[65]}	no	no
8	k3	12	170	23100120170	rl/results/engine_switch_rules_2026-10/carriers/alternates/togekiss_meowth.txt	14af182c3b0fecb75dcd6ee28d011c28e86a5f8f	decks/screen/opponents/t-sceptile.txt	12477c2422b898ca57beaec32e50b73c37fdd4b0	0f2913961d0c0fcc	25e6f74286117c12	yes	decisions,first_deck_score,moves,points,turns,winner_seat	1	0	[1,3]	[3,2]	{"coin_full_prevention":[25,40,56,96,107,115,122,130],"coin_queued_offered":[96],"coin_queued_offered_any":[96]}	{"coin_defender_attack":11,"coin_queued_attack_damage":1}	{}	{"offgate_helper_by_mechanic":{"DirectDamage":[96]},"offgate_helper_choice":[96]}	no	no
8	k3	12	171	23100120171	rl/results/engine_switch_rules_2026-10/carriers/alternates/togekiss_meowth.txt	14af182c3b0fecb75dcd6ee28d011c28e86a5f8f	decks/screen/opponents/t-sceptile.txt	12477c2422b898ca57beaec32e50b73c37fdd4b0	fc294f3262d79247	4560cc8617ef1687	yes	decisions,moves,points	1	1	[2,3]	[1,3]	{"coin_full_prevention":[16,34,52,64,79,92,106,116,124],"coin_queued_offered":[52,64],"coin_queued_offered_any":[52,64]}	{"coin_defender_attack":11,"coin_queued_attack_damage":2}	{}	{"offgate_helper_by_mechanic":{"DirectDamage":[52,64]},"offgate_helper_choice":[52,64]}	no	no
8	k3	12	174	23100120174	rl/results/engine_switch_rules_2026-10/carriers/alternates/togekiss_meowth.txt	14af182c3b0fecb75dcd6ee28d011c28e86a5f8f	decks/screen/opponents/t-sceptile.txt	12477c2422b898ca57beaec32e50b73c37fdd4b0	05e27a63d0adb63d	1f8584c697c6f359	yes	decisions,discard_attacks,moves,points,turns	0	0	[3,1]	[5,1]	{"coin_full_prevention":[22,48,58,69,81,91,99]}	{"coin_defender_attack":8}	{}	{}	yes	yes
8	k3	12	176	23100120176	rl/results/engine_switch_rules_2026-10/carriers/alternates/togekiss_meowth.txt	14af182c3b0fecb75dcd6ee28d011c28e86a5f8f	decks/screen/opponents/t-sceptile.txt	12477c2422b898ca57beaec32e50b73c37fdd4b0	522f86e2328a39e9	ffa6217d2accae35	yes	decisions,moves	1	1	[0,3]	[0,3]	{"coin_full_prevention":[41,54,69],"coin_queued_offered":[69],"coin_queued_offered_any":[69]}	{"coin_defender_attack":5,"coin_queued_attack_damage":1}	{}	{}	no	no
8	k3	12	177	23100120177	rl/results/engine_switch_rules_2026-10/carriers/alternates/togekiss_meowth.txt	14af182c3b0fecb75dcd6ee28d011c28e86a5f8f	decks/screen/opponents/t-sceptile.txt	12477c2422b898ca57beaec32e50b73c37fdd4b0	a7cc896c8892c51a	b739110720978e0e	yes	decisions,discard_attacks,first_deck_score,moves,points,turns,winner_seat	1	0	[2,3]	[3,1]	{"coin_full_prevention":[59,74,89,103,114]}	{"coin_defender_attack":8}	{}	{}	yes	yes
8	k3	12	178	23100120178	rl/results/engine_switch_rules_2026-10/carriers/alternates/togekiss_meowth.txt	14af182c3b0fecb75dcd6ee28d011c28e86a5f8f	decks/screen/opponents/t-sceptile.txt	12477c2422b898ca57beaec32e50b73c37fdd4b0	64d73a34cdfe808a	a04d44d8321abeea	yes	decisions,moves,points	0	0	[3,2]	[3,1]	{"coin_full_prevention":[39,53,67,81,93,104],"coin_queued_offered":[81],"coin_queued_offered_any":[81]}	{"coin_defender_attack":7,"coin_queued_attack_damage":1}	{}	{"offgate_helper_by_mechanic":{"DirectDamage":[81]},"offgate_helper_choice":[81]}	no	no
8	k3	12	180	23100120180	rl/results/engine_switch_rules_2026-10/carriers/alternates/togekiss_meowth.txt	14af182c3b0fecb75dcd6ee28d011c28e86a5f8f	decks/screen/opponents/t-sceptile.txt	12477c2422b898ca57beaec32e50b73c37fdd4b0	a1c8bcb3a6b62a21	fd87468a9fcd23fd	yes	decisions,moves,points	0	0	[3,2]	[3,1]	{"coin_full_prevention":[56,74,91,104,114,122,129],"coin_queued_offered":[91],"coin_queued_offered_any":[91]}	{"coin_defender_attack":10,"coin_queued_attack_damage":1}	{}	{}	no	no
8	k3	12	181	23100120181	rl/results/engine_switch_rules_2026-10/carriers/alternates/togekiss_meowth.txt	14af182c3b0fecb75dcd6ee28d011c28e86a5f8f	decks/screen/opponents/t-sceptile.txt	12477c2422b898ca57beaec32e50b73c37fdd4b0	4ef62bc0ebf93335	b7aaae6c59001685	yes	decisions,discard_attacks,first_deck_score,moves,points,turns,winner_seat	0	1	[3,2]	[2,5]	{"coin_full_prevention":[25,37,60,75,86,100,116,125,132],"coin_queued_offered":[100],"coin_queued_offered_any":[100]}	{"coin_defender_attack":11,"coin_queued_attack_damage":1}	{}	{"offgate_helper_by_mechanic":{"DirectDamage":[100]},"offgate_helper_choice":[100]}	no	no
8	k3	12	183	23100120183	rl/results/engine_switch_rules_2026-10/carriers/alternates/togekiss_meowth.txt	14af182c3b0fecb75dcd6ee28d011c28e86a5f8f	decks/screen/opponents/t-sceptile.txt	12477c2422b898ca57beaec32e50b73c37fdd4b0	994a167d5261b0fd	a2401d754173b13e	yes	decisions,moves	1	1	[2,2]	[2,2]	{"coin_full_prevention":[14,25,39,51,66,81],"coin_queued_offered":[39,51],"coin_queued_offered_any":[39,51]}	{"coin_defender_attack":8,"coin_queued_attack_damage":2}	{}	{"offgate_helper_by_mechanic":{"DirectDamage":[39,51]},"offgate_helper_choice":[39,51]}	no	no
8	k3	12	184	23100120184	rl/results/engine_switch_rules_2026-10/carriers/alternates/togekiss_meowth.txt	14af182c3b0fecb75dcd6ee28d011c28e86a5f8f	decks/screen/opponents/t-sceptile.txt	12477c2422b898ca57beaec32e50b73c37fdd4b0	ba404326531b13e4	6e323438dc821771	yes	decisions,moves,points	0	0	[3,2]	[3,0]	{"coin_full_prevention":[37,50,65,78,91,104,114,122,130],"coin_queued_offered":[78],"coin_queued_offered_any":[78]}	{"coin_defender_attack":11,"coin_queued_attack_damage":1}	{}	{"offgate_helper_by_mechanic":{"DirectDamage":[78]},"offgate_helper_choice":[78]}	no	no
8	k3	12	187	23100120187	rl/results/engine_switch_rules_2026-10/carriers/alternates/togekiss_meowth.txt	14af182c3b0fecb75dcd6ee28d011c28e86a5f8f	decks/screen/opponents/t-sceptile.txt	12477c2422b898ca57beaec32e50b73c37fdd4b0	401c927d94fd0162	150eb3929bbc446c	yes	decisions,discard_attacks,moves,turns	0	0	[3,0]	[3,0]	{"coin_full_prevention":[20,34,51,80,93],"coin_queued_offered":[51],"coin_queued_offered_any":[51]}	{"coin_defender_attack":7,"coin_queued_attack_damage":1}	{}	{"offgate_helper_by_mechanic":{"DirectDamage":[51]},"offgate_helper_choice":[51]}	no	no
8	k3	12	188	23100120188	rl/results/engine_switch_rules_2026-10/carriers/alternates/togekiss_meowth.txt	14af182c3b0fecb75dcd6ee28d011c28e86a5f8f	decks/screen/opponents/t-sceptile.txt	12477c2422b898ca57beaec32e50b73c37fdd4b0	3565521da5c161c5	fac70de182954a93	yes	decisions,discard_attacks,moves,turns	1	1	[0,3]	[0,3]	{"coin_full_prevention":[14,27,59,92],"coin_queued_offered":[59],"coin_queued_offered_any":[59]}	{"coin_defender_attack":7,"coin_queued_attack_damage":1}	{}	{"offgate_helper_by_mechanic":{"DirectDamage":[59]},"offgate_helper_choice":[59]}	no	no
8	k3	12	190	23100120190	rl/results/engine_switch_rules_2026-10/carriers/alternates/togekiss_meowth.txt	14af182c3b0fecb75dcd6ee28d011c28e86a5f8f	decks/screen/opponents/t-sceptile.txt	12477c2422b898ca57beaec32e50b73c37fdd4b0	7a977afb9ffa444f	7383873741c3ba4f	yes	decisions,moves,points,turns	1	1	[1,3]	[2,3]	{"coin_full_prevention":[33,44,82,92,104,111],"coin_queued_offered":[33,44],"coin_queued_offered_any":[33,44]}	{"coin_defender_attack":12,"coin_queued_attack_damage":2}	{}	{"offgate_helper_by_mechanic":{"DirectDamage":[33,44]},"offgate_helper_choice":[33,44]}	no	no
8	k3	12	191	23100120191	rl/results/engine_switch_rules_2026-10/carriers/alternates/togekiss_meowth.txt	14af182c3b0fecb75dcd6ee28d011c28e86a5f8f	decks/screen/opponents/t-sceptile.txt	12477c2422b898ca57beaec32e50b73c37fdd4b0	ed06386f2fcb12a7	f866525ff3554b14	yes	decisions,discard_attacks,first_deck_score,moves,points,turns,winner_seat	1	0	[2,3]	[3,0]	{"coin_full_prevention":[27,37,71,86,103,118]}	{"coin_defender_attack":8}	{}	{}	yes	yes
8	k3	12	193	23100120193	rl/results/engine_switch_rules_2026-10/carriers/alternates/togekiss_meowth.txt	14af182c3b0fecb75dcd6ee28d011c28e86a5f8f	decks/screen/opponents/t-sceptile.txt	12477c2422b898ca57beaec32e50b73c37fdd4b0	26e0946595eb99f9	8bb0e363859623d6	yes	decisions,moves	0	0	[3,0]	[3,0]	{"coin_full_prevention":[37,53,70],"coin_queued_offered":[70],"coin_queued_offered_any":[70]}	{"coin_defender_attack":6,"coin_queued_attack_damage":1}	{}	{"offgate_helper_by_mechanic":{"DirectDamage":[70]},"offgate_helper_choice":[70]}	no	no
8	k3	12	194	23100120194	rl/results/engine_switch_rules_2026-10/carriers/alternates/togekiss_meowth.txt	14af182c3b0fecb75dcd6ee28d011c28e86a5f8f	decks/screen/opponents/t-sceptile.txt	12477c2422b898ca57beaec32e50b73c37fdd4b0	1fc6181edbd55242	3aabf460968df954	yes	decisions,first_deck_score,moves,points,turns,winner_seat	1	0	[2,3]	[3,1]	{"coin_full_prevention":[34,45,55,67,86],"coin_queued_offered":[34],"coin_queued_offered_any":[34]}	{"coin_defender_attack":7,"coin_queued_attack_damage":1}	{}	{"offgate_helper_by_mechanic":{"DirectDamage":[34]},"offgate_helper_choice":[34]}	no	no
8	k3	12	196	23100120196	rl/results/engine_switch_rules_2026-10/carriers/alternates/togekiss_meowth.txt	14af182c3b0fecb75dcd6ee28d011c28e86a5f8f	decks/screen/opponents/t-sceptile.txt	12477c2422b898ca57beaec32e50b73c37fdd4b0	d74ed9b0564db683	f34e365d8bd41e6f	yes	decisions,discard_attacks,moves,points,turns	1	1	[0,3]	[1,3]	{"coin_full_prevention":[16,29,41,57,70,86,104,119,130,140],"coin_queued_offered":[29],"coin_queued_offered_any":[29]}	{"coin_defender_attack":11,"coin_queued_attack_damage":1}	{}	{"offgate_helper_by_mechanic":{"DirectDamage":[29]},"offgate_helper_choice":[29]}	no	no
8	k3	12	200	23100120200	rl/results/engine_switch_rules_2026-10/carriers/alternates/togekiss_meowth.txt	14af182c3b0fecb75dcd6ee28d011c28e86a5f8f	decks/screen/opponents/t-sceptile.txt	12477c2422b898ca57beaec32e50b73c37fdd4b0	8d5963cd74d26adc	3268396ee9417efe	yes	decisions,moves,turns	1	1	[0,3]	[0,3]	{"coin_full_prevention":[47,61,74]}	{"coin_defender_attack":6}	{}	{}	yes	yes
8	k3	12	201	23100120201	rl/results/engine_switch_rules_2026-10/carriers/alternates/togekiss_meowth.txt	14af182c3b0fecb75dcd6ee28d011c28e86a5f8f	decks/screen/opponents/t-sceptile.txt	12477c2422b898ca57beaec32e50b73c37fdd4b0	decd6f2cd9d2470e	644729ace7c7b882	yes	decisions,discard_attacks,moves,points,turns	0	0	[3,0]	[3,1]	{"coin_full_prevention":[15,32,52,86,98,108,118,130],"coin_queued_offered":[32],"coin_queued_offered_any":[32]}	{"coin_defender_attack":10,"coin_queued_attack_damage":1}	{}	{"offgate_helper_by_mechanic":{"DirectDamage":[32]},"offgate_helper_choice":[32]}	no	no
8	k3	12	203	23100120203	rl/results/engine_switch_rules_2026-10/carriers/alternates/togekiss_meowth.txt	14af182c3b0fecb75dcd6ee28d011c28e86a5f8f	decks/screen/opponents/t-sceptile.txt	12477c2422b898ca57beaec32e50b73c37fdd4b0	1113037c67b1eef7	579baf7e6b3538fd	yes	decisions,first_deck_score,moves,points,turns,winner_seat	0	1	[3,2]	[2,3]	{"coin_full_prevention":[39,54,70,83,97,107,117,123,129],"coin_queued_offered":[83],"coin_queued_offered_any":[83]}	{"coin_defender_attack":11,"coin_queued_attack_damage":1}	{}	{"offgate_helper_by_mechanic":{"DirectDamage":[83]},"offgate_helper_choice":[83]}	no	no
8	k3	12	204	23100120204	rl/results/engine_switch_rules_2026-10/carriers/alternates/togekiss_meowth.txt	14af182c3b0fecb75dcd6ee28d011c28e86a5f8f	decks/screen/opponents/t-sceptile.txt	12477c2422b898ca57beaec32e50b73c37fdd4b0	19a3aeb211e2ebfb	b1d3e2a75c8030bb	yes	decisions,moves,turns	1	1	[1,3]	[1,3]	{"coin_full_prevention":[30,58,74,89],"coin_queued_offered":[74,89],"coin_queued_offered_any":[74,89]}	{"coin_defender_attack":8,"coin_queued_attack_damage":2}	{}	{}	no	no
8	k3	12	206	23100120206	rl/results/engine_switch_rules_2026-10/carriers/alternates/togekiss_meowth.txt	14af182c3b0fecb75dcd6ee28d011c28e86a5f8f	decks/screen/opponents/t-sceptile.txt	12477c2422b898ca57beaec32e50b73c37fdd4b0	c302ec9b2cbc47e9	035145203ca589aa	yes	decisions,discard_attacks,moves	1	1	[0,3]	[0,3]	{"coin_full_prevention":[58]}	{"coin_defender_attack":5}	{}	{}	yes	yes
8	k3	12	207	23100120207	rl/results/engine_switch_rules_2026-10/carriers/alternates/togekiss_meowth.txt	14af182c3b0fecb75dcd6ee28d011c28e86a5f8f	decks/screen/opponents/t-sceptile.txt	12477c2422b898ca57beaec32e50b73c37fdd4b0	460e58aeeac77478	c5b4a2f8f0305cdd	yes	decisions,discard_attacks,moves,turns	0	0	[3,2]	[3,2]	{"coin_full_prevention":[28,45,73,87,99],"coin_queued_offered":[87],"coin_queued_offered_any":[87]}	{"coin_defender_attack":7,"coin_queued_attack_damage":1}	{}	{}	no	no
8	k3	12	210	23100120210	rl/results/engine_switch_rules_2026-10/carriers/alternates/togekiss_meowth.txt	14af182c3b0fecb75dcd6ee28d011c28e86a5f8f	decks/screen/opponents/t-sceptile.txt	12477c2422b898ca57beaec32e50b73c37fdd4b0	ea21cafc6daba069	7f3249163e6e3ae6	yes	decisions,moves,points,turns	1	1	[0,3]	[2,3]	{"coin_full_prevention":[60,75,88,98,107,116,130],"coin_queued_offered":[75],"coin_queued_offered_any":[75]}	{"coin_defender_attack":8,"coin_queued_attack_damage":1}	{}	{"offgate_helper_by_mechanic":{"DirectDamage":[75]},"offgate_helper_choice":[75]}	no	no
8	k3	12	211	23100120211	rl/results/engine_switch_rules_2026-10/carriers/alternates/togekiss_meowth.txt	14af182c3b0fecb75dcd6ee28d011c28e86a5f8f	decks/screen/opponents/t-sceptile.txt	12477c2422b898ca57beaec32e50b73c37fdd4b0	10721bc5be458cf0	bf532fd8d813a4f7	yes	decisions,discard_attacks,first_deck_score,moves,points,turns,winner_seat	1	0	[2,3]	[3,0]	{"coin_full_prevention":[58,73],"coin_queued_offered":[46],"coin_queued_offered_any":[46]}	{"coin_defender_attack":6}	{}	{"offgate_helper_by_mechanic":{"DirectDamage":[46]},"offgate_helper_choice":[46]}	no	no
8	k3	12	212	23100120212	rl/results/engine_switch_rules_2026-10/carriers/alternates/togekiss_meowth.txt	14af182c3b0fecb75dcd6ee28d011c28e86a5f8f	decks/screen/opponents/t-sceptile.txt	12477c2422b898ca57beaec32e50b73c37fdd4b0	60183290613d030d	b5ca7becebfc1aac	yes	decisions,discard_attacks,moves,points,turns	0	0	[3,2]	[4,2]	{"coin_full_prevention":[52,62,75,105,115,124],"coin_queued_offered":[75],"coin_queued_offered_any":[75]}	{"coin_defender_attack":10,"coin_queued_attack_damage":1}	{}	{}	no	no
8	k3	12	215	23100120215	rl/results/engine_switch_rules_2026-10/carriers/alternates/togekiss_meowth.txt	14af182c3b0fecb75dcd6ee28d011c28e86a5f8f	decks/screen/opponents/t-sceptile.txt	12477c2422b898ca57beaec32e50b73c37fdd4b0	fe61d7a87d1725c9	69c1d57552d9cc09	yes	decisions,discard_attacks,moves,turns	0	0	[3,0]	[3,0]	{"coin_full_prevention":[21,31,64],"coin_queued_offered":[64],"coin_queued_offered_any":[64]}	{"coin_defender_attack":6,"coin_queued_attack_damage":1}	{}	{}	no	no
8	k3	12	216	23100120216	rl/results/engine_switch_rules_2026-10/carriers/alternates/togekiss_meowth.txt	14af182c3b0fecb75dcd6ee28d011c28e86a5f8f	decks/screen/opponents/t-sceptile.txt	12477c2422b898ca57beaec32e50b73c37fdd4b0	564697958cbbdc0e	a48d2d35ed10e84e	yes	decisions,moves	0	0	[3,2]	[3,2]	{"coin_full_prevention":[13,60,79,95,105,115,123],"coin_queued_offered":[60],"coin_queued_offered_any":[60]}	{"coin_defender_attack":11,"coin_queued_attack_damage":1}	{}	{"offgate_helper_by_mechanic":{"DirectDamage":[46,60]},"offgate_helper_choice":[46,60]}	no	no
8	k3	12	217	23100120217	rl/results/engine_switch_rules_2026-10/carriers/alternates/togekiss_meowth.txt	14af182c3b0fecb75dcd6ee28d011c28e86a5f8f	decks/screen/opponents/t-sceptile.txt	12477c2422b898ca57beaec32e50b73c37fdd4b0	e111bfff84f31f5b	d58f8734057f0f79	yes	decisions,discard_attacks,moves,points,turns	0	0	[3,1]	[3,0]	{"coin_full_prevention":[11,28,60,73]}	{"coin_defender_attack":5}	{}	{}	yes	yes
8	k3	12	218	23100120218	rl/results/engine_switch_rules_2026-10/carriers/alternates/togekiss_meowth.txt	14af182c3b0fecb75dcd6ee28d011c28e86a5f8f	decks/screen/opponents/t-sceptile.txt	12477c2422b898ca57beaec32e50b73c37fdd4b0	3a488bc50805800e	b5ffeda03b4f3964	yes	decisions,moves	1	1	[1,3]	[1,3]	{"coin_full_prevention":[34,49,63],"coin_queued_offered":[34,49,63],"coin_queued_offered_any":[34,49,63]}	{"coin_defender_attack":9,"coin_queued_attack_damage":3}	{}	{"offgate_helper_by_mechanic":{"DirectDamage":[34]},"offgate_helper_choice":[34]}	no	no
8	k3	12	219	23100120219	rl/results/engine_switch_rules_2026-10/carriers/alternates/togekiss_meowth.txt	14af182c3b0fecb75dcd6ee28d011c28e86a5f8f	decks/screen/opponents/t-sceptile.txt	12477c2422b898ca57beaec32e50b73c37fdd4b0	a217a08d1b67837f	b8c6ec4549994748	yes	decisions,discard_attacks,moves	0	0	[3,0]	[3,0]	{"coin_full_prevention":[48,65]}	{"coin_defender_attack":3}	{}	{}	yes	yes
8	k3	12	220	23100120220	rl/results/engine_switch_rules_2026-10/carriers/alternates/togekiss_meowth.txt	14af182c3b0fecb75dcd6ee28d011c28e86a5f8f	decks/screen/opponents/t-sceptile.txt	12477c2422b898ca57beaec32e50b73c37fdd4b0	ed3d8825a510afde	bd866dc6907e4e45	yes	decisions,first_deck_score,moves,points,turns,winner_seat	1	0	[0,3]	[3,2]	{"coin_full_prevention":[44,58,74,89,104,126,134,140,146],"coin_queued_offered":[74,104],"coin_queued_offered_any":[74,104]}	{"coin_defender_attack":14,"coin_queued_attack_damage":2}	{}	{"offgate_helper_by_mechanic":{"DirectDamage":[74,104]},"offgate_helper_choice":[74,104]}	no	no
8	k3	12	224	23100120224	rl/results/engine_switch_rules_2026-10/carriers/alternates/togekiss_meowth.txt	14af182c3b0fecb75dcd6ee28d011c28e86a5f8f	decks/screen/opponents/t-sceptile.txt	12477c2422b898ca57beaec32e50b73c37fdd4b0	22f36ff655ccb70e	2feb3b161e2fcea8	yes	decisions,discard_attacks,moves,points,turns	1	1	[2,3]	[0,3]	{"coin_full_prevention":[15,28,39,83,100,111],"coin_queued_offered":[83],"coin_queued_offered_any":[83]}	{"coin_defender_attack":9,"coin_queued_attack_damage":1}	{}	{"offgate_helper_by_mechanic":{"DirectDamage":[83]},"offgate_helper_choice":[83]}	no	no
8	k3	12	225	23100120225	rl/results/engine_switch_rules_2026-10/carriers/alternates/togekiss_meowth.txt	14af182c3b0fecb75dcd6ee28d011c28e86a5f8f	decks/screen/opponents/t-sceptile.txt	12477c2422b898ca57beaec32e50b73c37fdd4b0	97170b8e40ebe48f	0c5e8c04123ed32e	yes	decisions,discard_attacks,moves,points,turns	0	0	[3,0]	[3,1]	{"coin_full_prevention":[44,72,87,99,111,122]}	{"coin_defender_attack":8}	{}	{}	yes	yes
8	k3	12	226	23100120226	rl/results/engine_switch_rules_2026-10/carriers/alternates/togekiss_meowth.txt	14af182c3b0fecb75dcd6ee28d011c28e86a5f8f	decks/screen/opponents/t-sceptile.txt	12477c2422b898ca57beaec32e50b73c37fdd4b0	9a03546f309341ee	6b5607e747977fb8	yes	decisions,discard_attacks,moves,points,turns	1	1	[0,3]	[1,3]	{"coin_full_prevention":[41,58,87,99,109]}	{"coin_defender_attack":6}	{}	{}	yes	yes
8	k3	12	229	23100120229	rl/results/engine_switch_rules_2026-10/carriers/alternates/togekiss_meowth.txt	14af182c3b0fecb75dcd6ee28d011c28e86a5f8f	decks/screen/opponents/t-sceptile.txt	12477c2422b898ca57beaec32e50b73c37fdd4b0	b73f5450375165ac	e3b5d08700835ba4	yes	decisions,moves	1	1	[1,4]	[1,4]	{"coin_full_prevention":[16,34,47,63,78,90,101,111],"coin_queued_offered":[34],"coin_queued_offered_any":[34]}	{"coin_defender_attack":9,"coin_queued_attack_damage":1}	{}	{"offgate_helper_by_mechanic":{"DirectDamage":[34]},"offgate_helper_choice":[34]}	no	no
8	k3	12	230	23100120230	rl/results/engine_switch_rules_2026-10/carriers/alternates/togekiss_meowth.txt	14af182c3b0fecb75dcd6ee28d011c28e86a5f8f	decks/screen/opponents/t-sceptile.txt	12477c2422b898ca57beaec32e50b73c37fdd4b0	5f6937a1e994b154	7b81b40d3fe30303	yes	decisions,moves	1	1	[0,3]	[0,3]	{"coin_full_prevention":[32],"coin_queued_offered":[32],"coin_queued_offered_any":[32]}	{"coin_defender_attack":3,"coin_queued_attack_damage":1}	{}	{"offgate_helper_by_mechanic":{"DirectDamage":[32]},"offgate_helper_choice":[32]}	no	no
8	k3	12	233	23100120233	rl/results/engine_switch_rules_2026-10/carriers/alternates/togekiss_meowth.txt	14af182c3b0fecb75dcd6ee28d011c28e86a5f8f	decks/screen/opponents/t-sceptile.txt	12477c2422b898ca57beaec32e50b73c37fdd4b0	49f2d46e69ecc148	7aa47704bdb8670c	yes	decisions,first_deck_score,moves,points,turns,winner_seat	0	1	[3,2]	[2,3]	{"coin_full_prevention":[44,60,74,86,98,112,124,133],"coin_queued_offered":[112,124,133],"coin_queued_offered_any":[112,124,133]}	{"coin_defender_attack":12,"coin_queued_attack_damage":3}	{}	{"offgate_helper_by_mechanic":{"DirectDamage":[112,124,133]},"offgate_helper_choice":[112,124,133]}	no	no
8	k3	12	235	23100120235	rl/results/engine_switch_rules_2026-10/carriers/alternates/togekiss_meowth.txt	14af182c3b0fecb75dcd6ee28d011c28e86a5f8f	decks/screen/opponents/t-sceptile.txt	12477c2422b898ca57beaec32e50b73c37fdd4b0	1af691636fdd3b4c	761973db6586e272	yes	decisions,moves	0	0	[3,2]	[3,2]	{"coin_full_prevention":[41,56,71,81,93],"coin_queued_offered":[93],"coin_queued_offered_any":[93]}	{"coin_defender_attack":9,"coin_queued_attack_damage":1}	{}	{"offgate_helper_by_mechanic":{"DirectDamage":[93]},"offgate_helper_choice":[93]}	no	no
8	k3	12	236	23100120236	rl/results/engine_switch_rules_2026-10/carriers/alternates/togekiss_meowth.txt	14af182c3b0fecb75dcd6ee28d011c28e86a5f8f	decks/screen/opponents/t-sceptile.txt	12477c2422b898ca57beaec32e50b73c37fdd4b0	88a18cb752ee95d0	9fe6b5bf76f18791	yes	decisions,moves,turns	1	1	[0,3]	[0,3]	{"coin_full_prevention":[46,62,78]}	{"coin_defender_attack":5}	{}	{}	yes	yes
8	k3	12	242	23100120242	rl/results/engine_switch_rules_2026-10/carriers/alternates/togekiss_meowth.txt	14af182c3b0fecb75dcd6ee28d011c28e86a5f8f	decks/screen/opponents/t-sceptile.txt	12477c2422b898ca57beaec32e50b73c37fdd4b0	02c9132966117043	634f6b4a389a83a0	yes	decisions,moves	1	1	[0,3]	[0,3]	{"coin_full_prevention":[50,64,78]}	{"coin_defender_attack":6}	{}	{}	yes	yes
8	k3	12	247	23100120247	rl/results/engine_switch_rules_2026-10/carriers/alternates/togekiss_meowth.txt	14af182c3b0fecb75dcd6ee28d011c28e86a5f8f	decks/screen/opponents/t-sceptile.txt	12477c2422b898ca57beaec32e50b73c37fdd4b0	b39c3ff5dad424d0	0fa392bd003f8c14	yes	decisions,moves	0	0	[3,0]	[3,0]	{"coin_full_prevention":[36,47],"coin_queued_offered":[36,47],"coin_queued_offered_any":[36,47]}	{"coin_defender_attack":4,"coin_queued_attack_damage":2}	{}	{"offgate_helper_by_mechanic":{"DirectDamage":[36,47]},"offgate_helper_choice":[36,47]}	no	no
8	k3	12	248	23100120248	rl/results/engine_switch_rules_2026-10/carriers/alternates/togekiss_meowth.txt	14af182c3b0fecb75dcd6ee28d011c28e86a5f8f	decks/screen/opponents/t-sceptile.txt	12477c2422b898ca57beaec32e50b73c37fdd4b0	e6a5aae33e80080a	10ffc4cee77d5844	yes	decisions,moves	1	1	[2,3]	[2,3]	{"coin_full_prevention":[25,39,54,69,81,89,105],"coin_queued_offered":[105],"coin_queued_offered_any":[105]}	{"coin_defender_attack":9,"coin_queued_attack_damage":1}	{}	{"offgate_helper_by_mechanic":{"DirectDamage":[105]},"offgate_helper_choice":[105]}	no	no
8	k3	13	3	23100130003	rl/results/engine_switch_rules_2026-10/carriers/alternates/togekiss_meowth.txt	14af182c3b0fecb75dcd6ee28d011c28e86a5f8f	decks/screen/opponents/t-suicune.txt	4de2246fc6f88665bdbf7c82c28cbdefe50f8f8c	c8dd4c05cda7598c	240ad689c4650ece	yes	decisions,moves	0	0	[3,1]	[3,1]	{"coin_full_prevention":[35,55,90,103,115,127,140],"coin_queued_offered":[149],"coin_queued_offered_any":[149]}	{"coin_defender_attack":10}	{}	{"offgate_helper_by_mechanic":{"SelfDiscardAllTypeEnergyAndDamageAnyOpponentPokemon":[149]},"offgate_helper_choice":[149]}	no	no
8	k3	13	7	23100130007	rl/results/engine_switch_rules_2026-10/carriers/alternates/togekiss_meowth.txt	14af182c3b0fecb75dcd6ee28d011c28e86a5f8f	decks/screen/opponents/t-suicune.txt	4de2246fc6f88665bdbf7c82c28cbdefe50f8f8c	a10d68c51cf72f7a	002e7a927a3aa7b8	yes	abilities,decisions,discard_attacks,first_deck_score,moves,points,turns,winner_seat	0	1	[3,0]	[2,4]	{"coin_full_prevention":[46,59,94,107,120,132],"coin_queued_offered":[94,107],"coin_queued_offered_any":[94,107]}	{"coin_defender_attack":9,"coin_queued_attack_damage":2}	{}	{}	no	no
8	k3	13	15	23100130015	rl/results/engine_switch_rules_2026-10/carriers/alternates/togekiss_meowth.txt	14af182c3b0fecb75dcd6ee28d011c28e86a5f8f	decks/screen/opponents/t-suicune.txt	4de2246fc6f88665bdbf7c82c28cbdefe50f8f8c	0339ff49cb66b037	c42027933c6186b7	yes	decisions,moves	1	1	[2,4]	[2,4]	{"coin_full_prevention":[40,54,67,83],"coin_queued_offered":[94],"coin_queued_offered_any":[94]}	{"coin_defender_attack":7}	{}	{"offgate_helper_by_mechanic":{"SelfDiscardAllTypeEnergyAndDamageAnyOpponentPokemon":[94]},"offgate_helper_choice":[94]}	no	no
8	k3	13	18	23100130018	rl/results/engine_switch_rules_2026-10/carriers/alternates/togekiss_meowth.txt	14af182c3b0fecb75dcd6ee28d011c28e86a5f8f	decks/screen/opponents/t-suicune.txt	4de2246fc6f88665bdbf7c82c28cbdefe50f8f8c	119c95163764e715	2debbdeb06d2a568	yes	abilities,decisions,discard_attacks,moves,points,turns	1	1	[1,3]	[0,3]	{"coin_full_prevention":[76],"coin_queued_offered":[39,56],"coin_queued_offered_any":[39,56]}	{"coin_defender_attack":5}	{}	{"offgate_helper_by_mechanic":{"SelfDiscardAllTypeEnergyAndDamageAnyOpponentPokemon":[39,56]},"offgate_helper_choice":[39,56]}	no	no
8	k3	13	19	23100130019	rl/results/engine_switch_rules_2026-10/carriers/alternates/togekiss_meowth.txt	14af182c3b0fecb75dcd6ee28d011c28e86a5f8f	decks/screen/opponents/t-suicune.txt	4de2246fc6f88665bdbf7c82c28cbdefe50f8f8c	b0d89237e08ebe16	3c2c2c7913207d63	yes	decisions,moves	0	0	[3,2]	[3,2]	{"coin_full_prevention":[15,27,40,52,67,83],"coin_queued_offered":[97,124],"coin_queued_offered_any":[97,124]}	{"coin_defender_attack":11}	{}	{"offgate_helper_by_mechanic":{"SelfDiscardAllTypeEnergyAndDamageAnyOpponentPokemon":[97,124]},"offgate_helper_choice":[97,124]}	no	no
8	k3	13	22	23100130022	rl/results/engine_switch_rules_2026-10/carriers/alternates/togekiss_meowth.txt	14af182c3b0fecb75dcd6ee28d011c28e86a5f8f	decks/screen/opponents/t-suicune.txt	4de2246fc6f88665bdbf7c82c28cbdefe50f8f8c	54944d605778ceb4	00db824eb59acd29	yes	decisions,moves	1	1	[2,3]	[2,3]	{"coin_full_prevention":[44,58,74,88,98,114,123,135,155,163,171],"coin_queued_offered":[145],"coin_queued_offered_any":[145]}	{"coin_defender_attack":14}	{}	{"offgate_helper_by_mechanic":{"SelfDiscardAllTypeEnergyAndDamageAnyOpponentPokemon":[145]},"offgate_helper_choice":[145]}	no	no
8	k3	13	23	23100130023	rl/results/engine_switch_rules_2026-10/carriers/alternates/togekiss_meowth.txt	14af182c3b0fecb75dcd6ee28d011c28e86a5f8f	decks/screen/opponents/t-suicune.txt	4de2246fc6f88665bdbf7c82c28cbdefe50f8f8c	1d0ead754bb25b54	3c5049d931d7f7b6	yes	decisions,discard_attacks,moves	0	0	[3,2]	[3,2]	{"coin_full_prevention":[24,36,72,91,109,121,133,144,153,162,171]}	{"coin_defender_attack":12}	{}	{}	yes	yes
8	k3	13	28	23100130028	rl/results/engine_switch_rules_2026-10/carriers/alternates/togekiss_meowth.txt	14af182c3b0fecb75dcd6ee28d011c28e86a5f8f	decks/screen/opponents/t-suicune.txt	4de2246fc6f88665bdbf7c82c28cbdefe50f8f8c	17866c2566e6e9e4	3c1d85afbd11cb45	yes	abilities,decisions,discard_attacks,moves,turns	1	1	[2,3]	[2,3]	{"coin_full_prevention":[27,41,56,72,101,118,131,142,152,162,171,180]}	{"coin_defender_attack":13}	{}	{}	yes	yes
8	k3	13	31	23100130031	rl/results/engine_switch_rules_2026-10/carriers/alternates/togekiss_meowth.txt	14af182c3b0fecb75dcd6ee28d011c28e86a5f8f	decks/screen/opponents/t-suicune.txt	4de2246fc6f88665bdbf7c82c28cbdefe50f8f8c	2ac38a6b36a06509	bfeef33f9ae0fc95	yes	abilities,decisions,discard_attacks,moves,turns	0	0	[3,2]	[3,2]	{"coin_full_prevention":[15,28,78,109,120],"coin_queued_offered":[43,92,120],"coin_queued_offered_any":[43,92,120]}	{"coin_defender_attack":10,"coin_queued_attack_damage":1}	{}	{"offgate_helper_by_mechanic":{"SelfDiscardAllTypeEnergyAndDamageAnyOpponentPokemon":[43,92]},"offgate_helper_choice":[43,92]}	no	no
8	k3	13	33	23100130033	rl/results/engine_switch_rules_2026-10/carriers/alternates/togekiss_meowth.txt	14af182c3b0fecb75dcd6ee28d011c28e86a5f8f	decks/screen/opponents/t-suicune.txt	4de2246fc6f88665bdbf7c82c28cbdefe50f8f8c	0d5b52e302975619	f18bef6961a51c52	yes	decisions,moves,turns	0	0	[3,2]	[3,2]	{"coin_full_prevention":[32,45,82,98,113,126,136,146,155,165,174,181,189],"coin_queued_offered":[165],"coin_queued_offered_any":[165]}	{"coin_defender_attack":15,"coin_queued_attack_damage":1}	{}	{}	no	no
8	k3	13	34	23100130034	rl/results/engine_switch_rules_2026-10/carriers/alternates/togekiss_meowth.txt	14af182c3b0fecb75dcd6ee28d011c28e86a5f8f	decks/screen/opponents/t-suicune.txt	4de2246fc6f88665bdbf7c82c28cbdefe50f8f8c	ce69fe61d51b2425	02853d8b9e81fac9	yes	decisions,moves	0	0	[4,2]	[4,2]	{"coin_full_prevention":[29,46,62,76,92],"coin_queued_offered":[108],"coin_queued_offered_any":[108]}	{"coin_defender_attack":7}	{}	{"offgate_helper_by_mechanic":{"SelfDiscardAllTypeEnergyAndDamageAnyOpponentPokemon":[108]},"offgate_helper_choice":[108]}	no	no
8	k3	13	36	23100130036	rl/results/engine_switch_rules_2026-10/carriers/alternates/togekiss_meowth.txt	14af182c3b0fecb75dcd6ee28d011c28e86a5f8f	decks/screen/opponents/t-suicune.txt	4de2246fc6f88665bdbf7c82c28cbdefe50f8f8c	f3e6afdb073b2e9d	c5853b6c1c7f25de	yes	decisions,moves,points,turns	1	1	[1,3]	[0,3]	{"coin_full_prevention":[27,36,51,65,95,109,122],"coin_queued_offered":[122],"coin_queued_offered_any":[122]}	{"coin_defender_attack":9,"coin_queued_attack_damage":1}	{}	{}	no	no
8	k3	13	41	23100130041	rl/results/engine_switch_rules_2026-10/carriers/alternates/togekiss_meowth.txt	14af182c3b0fecb75dcd6ee28d011c28e86a5f8f	decks/screen/opponents/t-suicune.txt	4de2246fc6f88665bdbf7c82c28cbdefe50f8f8c	ba701d5baa48cac8	5e4ba443ea90431f	yes	decisions,moves	1	1	[1,3]	[1,3]	{"coin_full_prevention":[48,65,77],"coin_queued_offered":[88],"coin_queued_offered_any":[88]}	{"coin_defender_attack":5}	{}	{"offgate_helper_by_mechanic":{"SelfDiscardAllTypeEnergyAndDamageAnyOpponentPokemon":[88]},"offgate_helper_choice":[88]}	no	no
8	k3	13	44	23100130044	rl/results/engine_switch_rules_2026-10/carriers/alternates/togekiss_meowth.txt	14af182c3b0fecb75dcd6ee28d011c28e86a5f8f	decks/screen/opponents/t-suicune.txt	4de2246fc6f88665bdbf7c82c28cbdefe50f8f8c	bf1bff0c9dc0591e	76c086d0dc0c33cb	yes	decisions,discard_attacks,first_deck_score,moves,points,turns,winner_seat	1	0	[2,3]	[4,2]	{"coin_full_prevention":[50,67,84,115],"coin_queued_offered":[100],"coin_queued_offered_any":[100]}	{"coin_defender_attack":6}	{}	{"offgate_helper_by_mechanic":{"SelfDiscardAllTypeEnergyAndDamageAnyOpponentPokemon":[100]},"offgate_helper_choice":[100]}	no	no
8	k3	13	46	23100130046	rl/results/engine_switch_rules_2026-10/carriers/alternates/togekiss_meowth.txt	14af182c3b0fecb75dcd6ee28d011c28e86a5f8f	decks/screen/opponents/t-suicune.txt	4de2246fc6f88665bdbf7c82c28cbdefe50f8f8c	301f9efc7828d694	b92c95e6aae28148	yes	abilities,decisions,discard_attacks,moves,turns	1	1	[1,3]	[1,3]	{"coin_full_prevention":[31,45,72,93,114,128,139],"coin_queued_offered":[114],"coin_queued_offered_any":[114]}	{"coin_defender_attack":10,"coin_queued_attack_damage":1}	{}	{}	no	no
8	k3	13	50	23100130050	rl/results/engine_switch_rules_2026-10/carriers/alternates/togekiss_meowth.txt	14af182c3b0fecb75dcd6ee28d011c28e86a5f8f	decks/screen/opponents/t-suicune.txt	4de2246fc6f88665bdbf7c82c28cbdefe50f8f8c	a4ad05926efbb999	b08ec0f4e2e7c40a	yes	decisions,discard_attacks,moves	1	1	[2,3]	[2,3]	{"coin_full_prevention":[30,42,58,93],"coin_queued_offered":[73],"coin_queued_offered_any":[73]}	{"coin_defender_attack":6}	{}	{"offgate_helper_by_mechanic":{"SelfDiscardAllTypeEnergyAndDamageAnyOpponentPokemon":[73]},"offgate_helper_choice":[73]}	no	no
8	k3	13	53	23100130053	rl/results/engine_switch_rules_2026-10/carriers/alternates/togekiss_meowth.txt	14af182c3b0fecb75dcd6ee28d011c28e86a5f8f	decks/screen/opponents/t-suicune.txt	4de2246fc6f88665bdbf7c82c28cbdefe50f8f8c	3066be84eb04c93a	f60dea7fb36e7858	yes	abilities,decisions,moves,turns	0	0	[3,2]	[3,2]	{"coin_full_prevention":[34,54,92,105,120],"coin_queued_offered":[66],"coin_queued_offered_any":[66]}	{"coin_defender_attack":7}	{}	{"offgate_helper_by_mechanic":{"SelfDiscardAllTypeEnergyAndDamageAnyOpponentPokemon":[66]},"offgate_helper_choice":[66]}	no	no
8	k3	13	57	23100130057	rl/results/engine_switch_rules_2026-10/carriers/alternates/togekiss_meowth.txt	14af182c3b0fecb75dcd6ee28d011c28e86a5f8f	decks/screen/opponents/t-suicune.txt	4de2246fc6f88665bdbf7c82c28cbdefe50f8f8c	9ac3c64d71f910df	a056f6d1f1e8174a	yes	abilities,decisions,discard_attacks,moves,turns	0	0	[3,1]	[3,1]	{"coin_full_prevention":[43,57,75,90,105,119,130,140,150,159,166]}	{"coin_defender_attack":12}	{}	{}	yes	yes
8	k3	13	61	23100130061	rl/results/engine_switch_rules_2026-10/carriers/alternates/togekiss_meowth.txt	14af182c3b0fecb75dcd6ee28d011c28e86a5f8f	decks/screen/opponents/t-suicune.txt	4de2246fc6f88665bdbf7c82c28cbdefe50f8f8c	98a4a7711774a3b5	28cb6a999541dc52	yes	decisions,first_deck_score,moves,points,turns,winner_seat	0	1	[3,2]	[2,4]	{"coin_full_prevention":[40,51,71,86,100,112,136],"coin_queued_offered":[125],"coin_queued_offered_any":[125]}	{"coin_defender_attack":9}	{}	{"offgate_helper_by_mechanic":{"SelfDiscardAllTypeEnergyAndDamageAnyOpponentPokemon":[125]},"offgate_helper_choice":[125]}	no	no
8	k3	13	66	23100130066	rl/results/engine_switch_rules_2026-10/carriers/alternates/togekiss_meowth.txt	14af182c3b0fecb75dcd6ee28d011c28e86a5f8f	decks/screen/opponents/t-suicune.txt	4de2246fc6f88665bdbf7c82c28cbdefe50f8f8c	7a0e14f18d552f1e	c3a06e80ba090b3b	yes	abilities,decisions,discard_attacks,first_deck_score,moves,points,turns,winner_seat	1	0	[2,3]	[3,1]	{"coin_full_prevention":[36,46,62],"coin_queued_offered":[36],"coin_queued_offered_any":[36]}	{"coin_defender_attack":5,"coin_queued_attack_damage":1}	{}	{}	no	no
8	k3	13	78	23100130078	rl/results/engine_switch_rules_2026-10/carriers/alternates/togekiss_meowth.txt	14af182c3b0fecb75dcd6ee28d011c28e86a5f8f	decks/screen/opponents/t-suicune.txt	4de2246fc6f88665bdbf7c82c28cbdefe50f8f8c	feccd3dac4064dc8	489d97270b798ff5	yes	decisions,first_deck_score,moves,points,turns,winner_seat	1	0	[2,3]	[4,1]	{"coin_full_prevention":[31,46,62,87,98,110,121,130,138,148,168,176],"coin_queued_offered":[157],"coin_queued_offered_any":[157]}	{"coin_defender_attack":14}	{}	{"offgate_helper_by_mechanic":{"SelfDiscardAllTypeEnergyAndDamageAnyOpponentPokemon":[157]},"offgate_helper_choice":[157]}	no	no
8	k3	13	80	23100130080	rl/results/engine_switch_rules_2026-10/carriers/alternates/togekiss_meowth.txt	14af182c3b0fecb75dcd6ee28d011c28e86a5f8f	decks/screen/opponents/t-suicune.txt	4de2246fc6f88665bdbf7c82c28cbdefe50f8f8c	5b442d8cdea3bb0d	b13e3e5042742f0f	yes	decisions,discard_attacks,moves	1	1	[0,3]	[0,3]	{"coin_full_prevention":[50,60,72,85]}	{"coin_defender_attack":5}	{}	{}	yes	yes
8	k3	13	94	23100130094	rl/results/engine_switch_rules_2026-10/carriers/alternates/togekiss_meowth.txt	14af182c3b0fecb75dcd6ee28d011c28e86a5f8f	decks/screen/opponents/t-suicune.txt	4de2246fc6f88665bdbf7c82c28cbdefe50f8f8c	db2e5e62f3a787ca	15da35268a8fa37f	yes	decisions,moves	1	1	[0,3]	[0,3]	{"coin_full_prevention":[37,66],"coin_queued_offered":[80],"coin_queued_offered_any":[80]}	{"coin_defender_attack":6}	{}	{"offgate_helper_by_mechanic":{"SelfDiscardAllTypeEnergyAndDamageAnyOpponentPokemon":[80]},"offgate_helper_choice":[80]}	no	no
8	k3	13	95	23100130095	rl/results/engine_switch_rules_2026-10/carriers/alternates/togekiss_meowth.txt	14af182c3b0fecb75dcd6ee28d011c28e86a5f8f	decks/screen/opponents/t-suicune.txt	4de2246fc6f88665bdbf7c82c28cbdefe50f8f8c	17590452534ba0d9	e9db088efcf3555f	yes	decisions,moves	0	0	[3,0]	[3,0]	{"coin_full_prevention":[48,83],"coin_queued_offered":[68,96],"coin_queued_offered_any":[68,96]}	{"coin_defender_attack":7}	{}	{"offgate_helper_by_mechanic":{"SelfDiscardAllTypeEnergyAndDamageAnyOpponentPokemon":[68,96]},"offgate_helper_choice":[68,96]}	no	no
8	k3	13	96	23100130096	rl/results/engine_switch_rules_2026-10/carriers/alternates/togekiss_meowth.txt	14af182c3b0fecb75dcd6ee28d011c28e86a5f8f	decks/screen/opponents/t-suicune.txt	4de2246fc6f88665bdbf7c82c28cbdefe50f8f8c	db79522b5340a967	12de73ba028282bd	yes	abilities,decisions,first_deck_score,moves,points,turns,winner_seat	1	0	[2,3]	[4,2]	{"coin_full_prevention":[23,54,85,102,115,132],"coin_queued_offered":[41,71,115],"coin_queued_offered_any":[41,71,115]}	{"coin_defender_attack":11,"coin_queued_attack_damage":1}	{}	{"offgate_helper_by_mechanic":{"SelfDiscardAllTypeEnergyAndDamageAnyOpponentPokemon":[41,71]},"offgate_helper_choice":[41,71]}	no	no
8	k3	13	101	23100130101	rl/results/engine_switch_rules_2026-10/carriers/alternates/togekiss_meowth.txt	14af182c3b0fecb75dcd6ee28d011c28e86a5f8f	decks/screen/opponents/t-suicune.txt	4de2246fc6f88665bdbf7c82c28cbdefe50f8f8c	89a1d83efa7a4c61	46af1ae5829b7173	yes	decisions,moves	0	0	[3,2]	[3,2]	{"coin_full_prevention":[26,39,62,78,97,109,121,135,146],"coin_queued_offered":[156],"coin_queued_offered_any":[156]}	{"coin_defender_attack":11}	{}	{"offgate_helper_by_mechanic":{"SelfDiscardAllTypeEnergyAndDamageAnyOpponentPokemon":[156]},"offgate_helper_choice":[156]}	no	no
8	k3	13	103	23100130103	rl/results/engine_switch_rules_2026-10/carriers/alternates/togekiss_meowth.txt	14af182c3b0fecb75dcd6ee28d011c28e86a5f8f	decks/screen/opponents/t-suicune.txt	4de2246fc6f88665bdbf7c82c28cbdefe50f8f8c	b011241ebf142b87	c59d34893663d6ad	yes	abilities,decisions,moves,turns	0	0	[3,2]	[3,2]	{"coin_full_prevention":[32,48,66,84,98,110,124,137,160,169],"coin_queued_offered":[149],"coin_queued_offered_any":[149]}	{"coin_defender_attack":12}	{}	{"offgate_helper_by_mechanic":{"SelfDiscardAllTypeEnergyAndDamageAnyOpponentPokemon":[149]},"offgate_helper_choice":[149]}	no	no
8	k3	13	105	23100130105	rl/results/engine_switch_rules_2026-10/carriers/alternates/togekiss_meowth.txt	14af182c3b0fecb75dcd6ee28d011c28e86a5f8f	decks/screen/opponents/t-suicune.txt	4de2246fc6f88665bdbf7c82c28cbdefe50f8f8c	3672508d922f0c85	3d3532bce95be4d9	yes	decisions,discard_attacks,moves	0	0	[3,2]	[3,2]	{"coin_full_prevention":[54,75,90,102,115,127,136,144]}	{"coin_defender_attack":9}	{}	{}	yes	yes
8	k3	13	111	23100130111	rl/results/engine_switch_rules_2026-10/carriers/alternates/togekiss_meowth.txt	14af182c3b0fecb75dcd6ee28d011c28e86a5f8f	decks/screen/opponents/t-suicune.txt	4de2246fc6f88665bdbf7c82c28cbdefe50f8f8c	dec98deabd149d00	5505e3cc91d5533c	yes	abilities,decisions,first_deck_score,moves,points,turns,winner_seat	1	0	[1,3]	[3,2]	{"coin_full_prevention":[32,45,59,90,105,119,132,143,153,163,173,186],"coin_queued_offered":[59],"coin_queued_offered_any":[59]}	{"coin_defender_attack":15,"coin_queued_attack_damage":1}	{}	{}	no	no
8	k3	13	113	23100130113	rl/results/engine_switch_rules_2026-10/carriers/alternates/togekiss_meowth.txt	14af182c3b0fecb75dcd6ee28d011c28e86a5f8f	decks/screen/opponents/t-suicune.txt	4de2246fc6f88665bdbf7c82c28cbdefe50f8f8c	77ea9f6541ad8ddf	b47db8d73dbebee0	yes	abilities,decisions,moves,points,turns	0	0	[3,2]	[3,1]	{"coin_full_prevention":[28,41,76,91,107,121],"coin_queued_offered":[121],"coin_queued_offered_any":[121]}	{"coin_defender_attack":8,"coin_queued_attack_damage":1}	{}	{}	no	no
8	k3	13	124	23100130124	rl/results/engine_switch_rules_2026-10/carriers/alternates/togekiss_meowth.txt	14af182c3b0fecb75dcd6ee28d011c28e86a5f8f	decks/screen/opponents/t-suicune.txt	4de2246fc6f88665bdbf7c82c28cbdefe50f8f8c	05017520e8c3819a	5b1e7b8d8e4fcf85	yes	decisions,discard_attacks,first_deck_score,moves,points,turns,winner_seat	1	0	[2,3]	[4,2]	{"coin_full_prevention":[43,57,68,82,92,106,121,130,138,148,155]}	{"coin_defender_attack":12}	{}	{}	yes	yes
8	k3	13	125	23100130125	rl/results/engine_switch_rules_2026-10/carriers/alternates/togekiss_meowth.txt	14af182c3b0fecb75dcd6ee28d011c28e86a5f8f	decks/screen/opponents/t-suicune.txt	4de2246fc6f88665bdbf7c82c28cbdefe50f8f8c	dc19fe86b3ff6065	85d18ae020879969	yes	decisions,moves	0	0	[3,2]	[3,2]	{"coin_full_prevention":[50,68,97],"coin_queued_offered":[82,108],"coin_queued_offered_any":[82,108]}	{"coin_defender_attack":8}	{}	{"offgate_helper_by_mechanic":{"SelfDiscardAllTypeEnergyAndDamageAnyOpponentPokemon":[82,108]},"offgate_helper_choice":[82,108]}	no	no
8	k3	13	137	23100130137	rl/results/engine_switch_rules_2026-10/carriers/alternates/togekiss_meowth.txt	14af182c3b0fecb75dcd6ee28d011c28e86a5f8f	decks/screen/opponents/t-suicune.txt	4de2246fc6f88665bdbf7c82c28cbdefe50f8f8c	f98495f9e884f67b	8d6d4d81694c5b31	yes	abilities,decisions,discard_attacks,moves,turns	0	0	[3,2]	[3,2]	{"coin_full_prevention":[31,49,81,97,111],"coin_queued_offered":[63],"coin_queued_offered_any":[63]}	{"coin_defender_attack":7}	{}	{"offgate_helper_by_mechanic":{"SelfDiscardAllTypeEnergyAndDamageAnyOpponentPokemon":[63]},"offgate_helper_choice":[63]}	no	no
8	k3	13	138	23100130138	rl/results/engine_switch_rules_2026-10/carriers/alternates/togekiss_meowth.txt	14af182c3b0fecb75dcd6ee28d011c28e86a5f8f	decks/screen/opponents/t-suicune.txt	4de2246fc6f88665bdbf7c82c28cbdefe50f8f8c	4107cbd070bb0935	84901518f015f7d6	yes	decisions,discard_attacks,moves	1	1	[0,3]	[0,3]	{"coin_full_prevention":[43,70,85,101]}	{"coin_defender_attack":5}	{}	{}	yes	yes
8	k3	13	144	23100130144	rl/results/engine_switch_rules_2026-10/carriers/alternates/togekiss_meowth.txt	14af182c3b0fecb75dcd6ee28d011c28e86a5f8f	decks/screen/opponents/t-suicune.txt	4de2246fc6f88665bdbf7c82c28cbdefe50f8f8c	7850384de425c5db	429dbdf0a201df64	yes	decisions,moves	1	1	[0,3]	[0,3]	{"coin_full_prevention":[25,50,68,88],"coin_queued_offered":[38,68],"coin_queued_offered_any":[38,68]}	{"coin_defender_attack":7,"coin_queued_attack_damage":1}	{}	{"offgate_helper_by_mechanic":{"SelfDiscardAllTypeEnergyAndDamageAnyOpponentPokemon":[38]},"offgate_helper_choice":[38]}	no	no
8	k3	13	145	23100130145	rl/results/engine_switch_rules_2026-10/carriers/alternates/togekiss_meowth.txt	14af182c3b0fecb75dcd6ee28d011c28e86a5f8f	decks/screen/opponents/t-suicune.txt	4de2246fc6f88665bdbf7c82c28cbdefe50f8f8c	3475d931ffcfb40b	ba5effdc49aeed5b	yes	abilities,decisions,discard_attacks,moves,turns	0	0	[3,2]	[3,2]	{"coin_full_prevention":[16,53,79,94,106,118,129,139,149,159],"coin_queued_offered":[38,67],"coin_queued_offered_any":[38,67]}	{"coin_defender_attack":14}	{}	{"offgate_helper_by_mechanic":{"SelfDiscardAllTypeEnergyAndDamageAnyOpponentPokemon":[38,67]},"offgate_helper_choice":[38,67]}	no	no
8	k3	13	149	23100130149	rl/results/engine_switch_rules_2026-10/carriers/alternates/togekiss_meowth.txt	14af182c3b0fecb75dcd6ee28d011c28e86a5f8f	decks/screen/opponents/t-suicune.txt	4de2246fc6f88665bdbf7c82c28cbdefe50f8f8c	ebf3bc33db3ad39d	e52aca0443c1547c	yes	abilities,decisions,discard_attacks,moves,turns	0	0	[3,2]	[3,2]	{"coin_full_prevention":[40,58,74,87,106,120,131,142,165,175],"coin_queued_offered":[154],"coin_queued_offered_any":[154]}	{"coin_defender_attack":12}	{}	{"offgate_helper_by_mechanic":{"SelfDiscardAllTypeEnergyAndDamageAnyOpponentPokemon":[154]},"offgate_helper_choice":[154]}	no	no
8	k3	13	156	23100130156	rl/results/engine_switch_rules_2026-10/carriers/alternates/togekiss_meowth.txt	14af182c3b0fecb75dcd6ee28d011c28e86a5f8f	decks/screen/opponents/t-suicune.txt	4de2246fc6f88665bdbf7c82c28cbdefe50f8f8c	4450e8d7c9d0e133	b921ed9219e50206	yes	decisions,moves	0	0	[4,2]	[4,2]	{"coin_full_prevention":[70,88,101,116],"coin_queued_offered":[34,101],"coin_queued_offered_any":[34,101]}	{"coin_defender_attack":9,"coin_queued_attack_damage":1}	{}	{"offgate_helper_by_mechanic":{"SelfDiscardAllTypeEnergyAndDamageAnyOpponentPokemon":[34]},"offgate_helper_choice":[34]}	no	no
8	k3	13	161	23100130161	rl/results/engine_switch_rules_2026-10/carriers/alternates/togekiss_meowth.txt	14af182c3b0fecb75dcd6ee28d011c28e86a5f8f	decks/screen/opponents/t-suicune.txt	4de2246fc6f88665bdbf7c82c28cbdefe50f8f8c	f755e9ef8b364ade	5390ba3ca2ced945	yes	decisions,moves	0	0	[3,0]	[3,0]	{"coin_full_prevention":[50,61,88,103,116,131],"coin_queued_offered":[131],"coin_queued_offered_any":[131]}	{"coin_defender_attack":9,"coin_queued_attack_damage":1}	{}	{}	no	no
8	k3	13	165	23100130165	rl/results/engine_switch_rules_2026-10/carriers/alternates/togekiss_meowth.txt	14af182c3b0fecb75dcd6ee28d011c28e86a5f8f	decks/screen/opponents/t-suicune.txt	4de2246fc6f88665bdbf7c82c28cbdefe50f8f8c	0a37a3d7f1921688	c997d16f0258177c	yes	abilities,decisions,discard_attacks,first_deck_score,moves,points,turns,winner_seat	0	1	[3,2]	[2,4]	{"coin_full_prevention":[23,39,57],"coin_queued_offered":[69,93],"coin_queued_offered_any":[69,93]}	{"coin_defender_attack":7}	{}	{"offgate_helper_by_mechanic":{"SelfDiscardAllTypeEnergyAndDamageAnyOpponentPokemon":[69,93]},"offgate_helper_choice":[69,93]}	no	no
8	k3	13	169	23100130169	rl/results/engine_switch_rules_2026-10/carriers/alternates/togekiss_meowth.txt	14af182c3b0fecb75dcd6ee28d011c28e86a5f8f	decks/screen/opponents/t-suicune.txt	4de2246fc6f88665bdbf7c82c28cbdefe50f8f8c	3b857e757e248f86	381191e508412575	yes	abilities,decisions,moves,points,turns	0	0	[3,2]	[3,0]	{"coin_full_prevention":[16,26,38,71,89,102,118],"coin_queued_offered":[118],"coin_queued_offered_any":[118]}	{"coin_defender_attack":9,"coin_queued_attack_damage":1}	{}	{}	no	no
8	k3	13	172	23100130172	rl/results/engine_switch_rules_2026-10/carriers/alternates/togekiss_meowth.txt	14af182c3b0fecb75dcd6ee28d011c28e86a5f8f	decks/screen/opponents/t-suicune.txt	4de2246fc6f88665bdbf7c82c28cbdefe50f8f8c	92f1916755d766f3	c22fdc9d8bc7e609	yes	abilities,decisions,discard_attacks,moves	1	1	[2,3]	[2,3]	{"coin_full_prevention":[46,60,87,100,113,128,139],"coin_queued_offered":[128,139],"coin_queued_offered_any":[128,139]}	{"coin_defender_attack":11,"coin_queued_attack_damage":2}	{}	{}	no	no
8	k3	13	176	23100130176	rl/results/engine_switch_rules_2026-10/carriers/alternates/togekiss_meowth.txt	14af182c3b0fecb75dcd6ee28d011c28e86a5f8f	decks/screen/opponents/t-suicune.txt	4de2246fc6f88665bdbf7c82c28cbdefe50f8f8c	69ad2ac280d922da	886246d9ee79b4ab	yes	decisions,moves	0	0	[4,1]	[4,1]	{"coin_full_prevention":[25,32,47,75],"coin_queued_offered":[47],"coin_queued_offered_any":[47]}	{"coin_defender_attack":5,"coin_queued_attack_damage":1}	{}	{}	no	no
8	k3	13	178	23100130178	rl/results/engine_switch_rules_2026-10/carriers/alternates/togekiss_meowth.txt	14af182c3b0fecb75dcd6ee28d011c28e86a5f8f	decks/screen/opponents/t-suicune.txt	4de2246fc6f88665bdbf7c82c28cbdefe50f8f8c	bce182d668f4b70a	c5bbcf5e51536347	yes	abilities,decisions,moves,turns	1	1	[2,3]	[2,3]	{"coin_full_prevention":[32,46,61,79,110,123,135],"coin_queued_offered":[95],"coin_queued_offered_any":[95]}	{"coin_defender_attack":9}	{}	{"offgate_helper_by_mechanic":{"SelfDiscardAllTypeEnergyAndDamageAnyOpponentPokemon":[95]},"offgate_helper_choice":[95]}	no	no
8	k3	13	189	23100130189	rl/results/engine_switch_rules_2026-10/carriers/alternates/togekiss_meowth.txt	14af182c3b0fecb75dcd6ee28d011c28e86a5f8f	decks/screen/opponents/t-suicune.txt	4de2246fc6f88665bdbf7c82c28cbdefe50f8f8c	f9fae8b989aef51a	f6a15bcb36e61cd4	yes	decisions,first_deck_score,moves,points,turns,winner_seat	0	1	[3,1]	[2,3]	{"coin_full_prevention":[40,55,69,83,97,113,122],"coin_queued_offered":[97],"coin_queued_offered_any":[97]}	{"coin_defender_attack":10,"coin_queued_attack_damage":1}	{}	{}	no	no
8	k3	13	198	23100130198	rl/results/engine_switch_rules_2026-10/carriers/alternates/togekiss_meowth.txt	14af182c3b0fecb75dcd6ee28d011c28e86a5f8f	decks/screen/opponents/t-suicune.txt	4de2246fc6f88665bdbf7c82c28cbdefe50f8f8c	d097405f904c6fda	5728377f4096e2df	yes	decisions,moves	0	0	[4,2]	[4,2]	{"coin_full_prevention":[28,40,63,75,96,109,120,132,153],"coin_queued_offered":[143],"coin_queued_offered_any":[143]}	{"coin_defender_attack":11}	{}	{"offgate_helper_by_mechanic":{"SelfDiscardAllTypeEnergyAndDamageAnyOpponentPokemon":[143]},"offgate_helper_choice":[143]}	no	no
8	k3	13	205	23100130205	rl/results/engine_switch_rules_2026-10/carriers/alternates/togekiss_meowth.txt	14af182c3b0fecb75dcd6ee28d011c28e86a5f8f	decks/screen/opponents/t-suicune.txt	4de2246fc6f88665bdbf7c82c28cbdefe50f8f8c	dd833a8b5c1769fe	a030a0ab6bf90dc6	yes	abilities,decisions,moves,points,turns	1	1	[1,3]	[1,4]	{"coin_full_prevention":[40,49,78],"coin_queued_offered":[64],"coin_queued_offered_any":[64]}	{"coin_defender_attack":5}	{}	{"offgate_helper_by_mechanic":{"SelfDiscardAllTypeEnergyAndDamageAnyOpponentPokemon":[64]},"offgate_helper_choice":[64]}	no	no
8	k3	13	228	23100130228	rl/results/engine_switch_rules_2026-10/carriers/alternates/togekiss_meowth.txt	14af182c3b0fecb75dcd6ee28d011c28e86a5f8f	decks/screen/opponents/t-suicune.txt	4de2246fc6f88665bdbf7c82c28cbdefe50f8f8c	89b20089b8fc5aea	4e7a2b6c3f669378	yes	decisions,discard_attacks,moves	1	1	[2,3]	[2,3]	{"coin_full_prevention":[73,88,104,118,129,139]}	{"coin_defender_attack":7}	{}	{}	yes	yes
8	k3	13	229	23100130229	rl/results/engine_switch_rules_2026-10/carriers/alternates/togekiss_meowth.txt	14af182c3b0fecb75dcd6ee28d011c28e86a5f8f	decks/screen/opponents/t-suicune.txt	4de2246fc6f88665bdbf7c82c28cbdefe50f8f8c	36d8940f5132fae3	ad71ed87082375c3	yes	decisions,moves	0	0	[3,2]	[3,2]	{"coin_full_prevention":[52,63,75,110],"coin_queued_offered":[90,110],"coin_queued_offered_any":[90,110]}	{"coin_defender_attack":8,"coin_queued_attack_damage":1}	{}	{"offgate_helper_by_mechanic":{"SelfDiscardAllTypeEnergyAndDamageAnyOpponentPokemon":[90]},"offgate_helper_choice":[90]}	no	no
8	k3	13	238	23100130238	rl/results/engine_switch_rules_2026-10/carriers/alternates/togekiss_meowth.txt	14af182c3b0fecb75dcd6ee28d011c28e86a5f8f	decks/screen/opponents/t-suicune.txt	4de2246fc6f88665bdbf7c82c28cbdefe50f8f8c	9e6c5f3ea4976bee	6b0758c2550ab870	yes	decisions,moves	1	1	[2,3]	[2,3]	{"coin_full_prevention":[25,42,60,78,89,103,122,134,145,156],"coin_queued_offered":[167],"coin_queued_offered_any":[167]}	{"coin_defender_attack":12}	{}	{"offgate_helper_by_mechanic":{"SelfDiscardAllTypeEnergyAndDamageAnyOpponentPokemon":[167]},"offgate_helper_choice":[167]}	no	no
8	k3	13	242	23100130242	rl/results/engine_switch_rules_2026-10/carriers/alternates/togekiss_meowth.txt	14af182c3b0fecb75dcd6ee28d011c28e86a5f8f	decks/screen/opponents/t-suicune.txt	4de2246fc6f88665bdbf7c82c28cbdefe50f8f8c	155f82a4fab9822b	3ad9f3d81167f13b	yes	decisions,discard_attacks,first_deck_score,moves,points,turns,winner_seat	0	1	[4,2]	[2,3]	{"coin_full_prevention":[41,57,75,107],"coin_queued_offered":[90,107],"coin_queued_offered_any":[90,107]}	{"coin_defender_attack":7,"coin_queued_attack_damage":1}	{}	{"offgate_helper_by_mechanic":{"SelfDiscardAllTypeEnergyAndDamageAnyOpponentPokemon":[90]},"offgate_helper_choice":[90]}	no	no
8	k3	13	246	23100130246	rl/results/engine_switch_rules_2026-10/carriers/alternates/togekiss_meowth.txt	14af182c3b0fecb75dcd6ee28d011c28e86a5f8f	decks/screen/opponents/t-suicune.txt	4de2246fc6f88665bdbf7c82c28cbdefe50f8f8c	4ad3c945de1069d4	3e23689dd1942203	yes	decisions,first_deck_score,moves,points,turns,winner_seat	1	0	[2,3]	[4,2]	{"coin_full_prevention":[27,40,61,74,96,110,122,134,144,164,171],"coin_queued_offered":[156],"coin_queued_offered_any":[156]}	{"coin_defender_attack":13}	{}	{"offgate_helper_by_mechanic":{"SelfDiscardAllTypeEnergyAndDamageAnyOpponentPokemon":[156]},"offgate_helper_choice":[156]}	no	no
8	k3	13	248	23100130248	rl/results/engine_switch_rules_2026-10/carriers/alternates/togekiss_meowth.txt	14af182c3b0fecb75dcd6ee28d011c28e86a5f8f	decks/screen/opponents/t-suicune.txt	4de2246fc6f88665bdbf7c82c28cbdefe50f8f8c	70777f770162e94e	ec3431dea5f87d7d	yes	abilities,decisions,moves,turns	1	1	[1,3]	[1,3]	{"coin_full_prevention":[46,61,75,86,101,113,126,138,149,159,168],"coin_queued_offered":[149],"coin_queued_offered_any":[149]}	{"coin_defender_attack":12,"coin_queued_attack_damage":1}	{}	{}	no	no
8	k3	14	1	23100140001	rl/results/engine_switch_rules_2026-10/carriers/alternates/togekiss_meowth.txt	14af182c3b0fecb75dcd6ee28d011c28e86a5f8f	decks/screen/opponents/t-vespiquen.txt	fb36fa1fe15cbacb8740ad1c1d5f2beb5f166dd0	cde4a476d1270568	e345a77b9eb7addf	yes	chase_order,decisions,moves,turns	0	0	[3,0]	[3,0]	{"coin_full_prevention":[68,85,98,113,127],"coin_queued_offered":[97,98,113,127],"coin_queued_offered_any":[97,98,113,127]}	{"coin_defender_attack":13,"coin_queued_attack_damage":3}	{}	{"offgate_helper_by_mechanic":{"OptionalDiscardBenchedBasicForExtraDamage":[137]},"offgate_helper_choice":[137]}	no	no
8	k3	14	3	23100140003	rl/results/engine_switch_rules_2026-10/carriers/alternates/togekiss_meowth.txt	14af182c3b0fecb75dcd6ee28d011c28e86a5f8f	decks/screen/opponents/t-vespiquen.txt	fb36fa1fe15cbacb8740ad1c1d5f2beb5f166dd0	3019b91331aa35dd	6ea181806fe5c602	yes	chase_order,decisions,moves,turns	0	0	[3,0]	[3,0]	{"coin_full_prevention":[12,25,36,76,105],"coin_queued_offered":[75,76,105],"coin_queued_offered_any":[75,76,105]}	{"coin_defender_attack":10,"coin_queued_attack_damage":2}	{}	{"offgate_helper_by_mechanic":{"OptionalDiscardBenchedBasicForExtraDamage":[92]},"offgate_helper_choice":[92]}	no	no
8	k3	14	4	23100140004	rl/results/engine_switch_rules_2026-10/carriers/alternates/togekiss_meowth.txt	14af182c3b0fecb75dcd6ee28d011c28e86a5f8f	decks/screen/opponents/t-vespiquen.txt	fb36fa1fe15cbacb8740ad1c1d5f2beb5f166dd0	dc87fcc8188252e4	26480f1eb406004d	yes	decisions,moves	1	1	[0,3]	[0,3]	{"coin_full_prevention":[62,75,90],"coin_queued_offered":[90],"coin_queued_offered_any":[90]}	{"coin_defender_attack":7,"coin_queued_attack_damage":1}	{}	{}	no	no
8	k3	14	5	23100140005	rl/results/engine_switch_rules_2026-10/carriers/alternates/togekiss_meowth.txt	14af182c3b0fecb75dcd6ee28d011c28e86a5f8f	decks/screen/opponents/t-vespiquen.txt	fb36fa1fe15cbacb8740ad1c1d5f2beb5f166dd0	da214bead1cae099	ef971236223bfe95	yes	chase_order,decisions,first_deck_score,moves,points,turns,winner_seat	0	1	[3,2]	[2,4]	{"coin_full_prevention":[35,82,98,111,124],"coin_queued_offered":[81,82,97,98],"coin_queued_offered_any":[81,82,97,98]}	{"coin_defender_attack":9,"coin_queued_attack_damage":2}	{}	{}	no	no
8	k3	14	6	23100140006	rl/results/engine_switch_rules_2026-10/carriers/alternates/togekiss_meowth.txt	14af182c3b0fecb75dcd6ee28d011c28e86a5f8f	decks/screen/opponents/t-vespiquen.txt	fb36fa1fe15cbacb8740ad1c1d5f2beb5f166dd0	6187a8d5518c586d	998c7d33554a504e	yes	decisions,moves	1	1	[2,3]	[2,3]	{"coin_full_prevention":[29,40,69,83,110],"coin_queued_offered":[109,110],"coin_queued_offered_any":[109,110]}	{"coin_defender_attack":8,"coin_queued_attack_damage":1}	{}	{}	no	no
8	k3	14	8	23100140008	rl/results/engine_switch_rules_2026-10/carriers/alternates/togekiss_meowth.txt	14af182c3b0fecb75dcd6ee28d011c28e86a5f8f	decks/screen/opponents/t-vespiquen.txt	fb36fa1fe15cbacb8740ad1c1d5f2beb5f166dd0	f6618b800b0d2561	445a7291041b2a32	yes	chase_order,decisions,moves	1	1	[0,3]	[0,3]	{"coin_full_prevention":[13,27,54],"coin_queued_offered":[53,54],"coin_queued_offered_any":[53,54]}	{"coin_defender_attack":4,"coin_queued_attack_damage":1}	{}	{"offgate_helper_by_mechanic":{"OptionalDiscardBenchedBasicForExtraDamage":[39]},"offgate_helper_choice":[39]}	no	no
8	k3	14	9	23100140009	rl/results/engine_switch_rules_2026-10/carriers/alternates/togekiss_meowth.txt	14af182c3b0fecb75dcd6ee28d011c28e86a5f8f	decks/screen/opponents/t-vespiquen.txt	fb36fa1fe15cbacb8740ad1c1d5f2beb5f166dd0	65c308905f6374f6	9a12988abafe9aef	yes	decisions,moves	0	0	[2,0]	[2,0]	{"coin_full_prevention":[12,27],"coin_queued_offered":[27],"coin_queued_offered_any":[27]}	{"coin_defender_attack":3,"coin_queued_attack_damage":1}	{}	{"offgate_discard_then_damage":[41],"offgate_helper_by_mechanic":{"OptionalDiscardBenchedBasicForExtraDamage":[40,41]},"offgate_helper_choice":[40,41]}	no	no
8	k3	14	10	23100140010	rl/results/engine_switch_rules_2026-10/carriers/alternates/togekiss_meowth.txt	14af182c3b0fecb75dcd6ee28d011c28e86a5f8f	decks/screen/opponents/t-vespiquen.txt	fb36fa1fe15cbacb8740ad1c1d5f2beb5f166dd0	d251400513270d7b	2d81bf2e08f36e3d	yes	decisions,moves,points,turns	0	0	[4,2]	[4,1]	{"coin_full_prevention":[32,50,66,81,95],"coin_queued_offered":[50,65,66],"coin_queued_offered_any":[50,65,66]}	{"coin_defender_attack":7,"coin_queued_attack_damage":2}	{}	{}	no	no
8	k3	14	11	23100140011	rl/results/engine_switch_rules_2026-10/carriers/alternates/togekiss_meowth.txt	14af182c3b0fecb75dcd6ee28d011c28e86a5f8f	decks/screen/opponents/t-vespiquen.txt	fb36fa1fe15cbacb8740ad1c1d5f2beb5f166dd0	0f721291fa0c9d97	442be3a0454e63b9	yes	chase_order,decisions,moves,turns	0	0	[3,0]	[3,0]	{"coin_full_prevention":[38,59,75,92,113,125,136,149],"coin_queued_offered":[38,59,74,75,148,149],"coin_queued_offered_any":[38,59,74,75,148,149]}	{"coin_defender_attack":12,"coin_queued_attack_damage":4}	{}	{}	no	no
8	k3	14	12	23100140012	rl/results/engine_switch_rules_2026-10/carriers/alternates/togekiss_meowth.txt	14af182c3b0fecb75dcd6ee28d011c28e86a5f8f	decks/screen/opponents/t-vespiquen.txt	fb36fa1fe15cbacb8740ad1c1d5f2beb5f166dd0	700bb18fe7633df9	123467eb582f3c64	yes	decisions,moves	1	1	[0,3]	[0,3]	{"coin_full_prevention":[62,78],"coin_queued_offered":[61,62,78],"coin_queued_offered_any":[61,62,78]}	{"coin_defender_attack":7,"coin_queued_attack_damage":2}	{}	{"offgate_helper_by_mechanic":{"OptionalDiscardBenchedBasicForExtraDamage":[48]},"offgate_helper_choice":[48]}	no	no
8	k3	14	13	23100140013	rl/results/engine_switch_rules_2026-10/carriers/alternates/togekiss_meowth.txt	14af182c3b0fecb75dcd6ee28d011c28e86a5f8f	decks/screen/opponents/t-vespiquen.txt	fb36fa1fe15cbacb8740ad1c1d5f2beb5f166dd0	8fd4dc1fc6815c58	309bb4657ec2e274	yes	chase_order,decisions,moves,turns	0	0	[3,0]	[3,0]	{"coin_full_prevention":[28,41,55,84,101],"coin_queued_offered":[55,84,100,101],"coin_queued_offered_any":[55,84,100,101]}	{"coin_defender_attack":10,"coin_queued_attack_damage":3}	{}	{"offgate_helper_by_mechanic":{"OptionalDiscardBenchedBasicForExtraDamage":[69]},"offgate_helper_choice":[69]}	no	no
8	k3	14	14	23100140014	rl/results/engine_switch_rules_2026-10/carriers/alternates/togekiss_meowth.txt	14af182c3b0fecb75dcd6ee28d011c28e86a5f8f	decks/screen/opponents/t-vespiquen.txt	fb36fa1fe15cbacb8740ad1c1d5f2beb5f166dd0	fe6e64b0df140df3	694c47910071588b	yes	chase_order,decisions,first_deck_score,moves,points,turns,winner_seat	1	0	[0,3]	[4,1]	{"coin_full_prevention":[30,50,62,77,90,101],"coin_queued_offered":[62,76,77,89,90,100,101],"coin_queued_offered_any":[62,76,77,89,90,100,101]}	{"coin_defender_attack":10,"coin_queued_attack_damage":4}	{}	{}	no	no
8	k3	14	16	23100140016	rl/results/engine_switch_rules_2026-10/carriers/alternates/togekiss_meowth.txt	14af182c3b0fecb75dcd6ee28d011c28e86a5f8f	decks/screen/opponents/t-vespiquen.txt	fb36fa1fe15cbacb8740ad1c1d5f2beb5f166dd0	b34c6825b2ed183d	2268ad29f02a234a	yes	chase_order,decisions,first_deck_score,moves,points,turns,winner_seat	1	0	[0,3]	[4,2]	{"coin_full_prevention":[37,51,63,76,91,105,117],"coin_queued_offered":[90,91,104,105],"coin_queued_offered_any":[90,91,104,105]}	{"coin_defender_attack":9,"coin_queued_attack_damage":2}	{}	{}	no	no
8	k3	14	17	23100140017	rl/results/engine_switch_rules_2026-10/carriers/alternates/togekiss_meowth.txt	14af182c3b0fecb75dcd6ee28d011c28e86a5f8f	decks/screen/opponents/t-vespiquen.txt	fb36fa1fe15cbacb8740ad1c1d5f2beb5f166dd0	e9efb1963db4b03d	369283225023b2ac	yes	decisions,moves	1	1	[2,4]	[2,4]	{"coin_full_prevention":[41,53,66,87,101,111],"coin_queued_offered":[66,86,87],"coin_queued_offered_any":[66,86,87]}	{"coin_defender_attack":9,"coin_queued_attack_damage":2}	{}	{}	no	no
8	k3	14	18	23100140018	rl/results/engine_switch_rules_2026-10/carriers/alternates/togekiss_meowth.txt	14af182c3b0fecb75dcd6ee28d011c28e86a5f8f	decks/screen/opponents/t-vespiquen.txt	fb36fa1fe15cbacb8740ad1c1d5f2beb5f166dd0	d9b64f3f14c4a553	e078f3c981eb0362	yes	chase_order,decisions,moves,turns	1	1	[0,3]	[0,3]	{"coin_full_prevention":[67,81,96],"coin_queued_offered":[66,67,81,96],"coin_queued_offered_any":[66,67,81,96]}	{"coin_defender_attack":8,"coin_queued_attack_damage":3}	{}	{}	no	no
8	k3	14	19	23100140019	rl/results/engine_switch_rules_2026-10/carriers/alternates/togekiss_meowth.txt	14af182c3b0fecb75dcd6ee28d011c28e86a5f8f	decks/screen/opponents/t-vespiquen.txt	fb36fa1fe15cbacb8740ad1c1d5f2beb5f166dd0	da6871ce1d636d5e	e2f75d3c59a9428c	yes	chase_order,decisions,first_deck_score,moves,points,turns,winner_seat	0	1	[3,0]	[2,4]	{"coin_full_prevention":[56,69,84,97],"coin_queued_offered":[55,56,68,69,84,97],"coin_queued_offered_any":[55,56,68,69,84,97]}	{"coin_defender_attack":12,"coin_queued_attack_damage":4}	{}	{}	no	no
8	k3	14	20	23100140020	rl/results/engine_switch_rules_2026-10/carriers/alternates/togekiss_meowth.txt	14af182c3b0fecb75dcd6ee28d011c28e86a5f8f	decks/screen/opponents/t-vespiquen.txt	fb36fa1fe15cbacb8740ad1c1d5f2beb5f166dd0	1191df847febf62b	425379fa8a986ba6	yes	chase_order,decisions,moves,points,turns	1	1	[0,3]	[2,3]	{"coin_full_prevention":[41,50,66,82,96,110,125],"coin_queued_offered":[65,66,82,96,110,124,125],"coin_queued_offered_any":[65,66,82,96,110,124,125]}	{"coin_defender_attack":14,"coin_queued_attack_damage":5}	{}	{"offgate_helper_by_mechanic":{"OptionalDiscardBenchedBasicForExtraDamage":[139]},"offgate_helper_choice":[139]}	no	no
8	k3	14	21	23100140021	rl/results/engine_switch_rules_2026-10/carriers/alternates/togekiss_meowth.txt	14af182c3b0fecb75dcd6ee28d011c28e86a5f8f	decks/screen/opponents/t-vespiquen.txt	fb36fa1fe15cbacb8740ad1c1d5f2beb5f166dd0	cf2daab4201dee9e	8847587afa91e552	yes	chase_order,decisions,first_deck_score,moves,points,turns,winner_seat	0	1	[3,0]	[1,4]	{"coin_full_prevention":[26,37,53,74,102],"coin_queued_offered":[53,73,74],"coin_queued_offered_any":[53,73,74]}	{"coin_defender_attack":8,"coin_queued_attack_damage":2}	{}	{}	no	no
8	k3	14	22	23100140022	rl/results/engine_switch_rules_2026-10/carriers/alternates/togekiss_meowth.txt	14af182c3b0fecb75dcd6ee28d011c28e86a5f8f	decks/screen/opponents/t-vespiquen.txt	fb36fa1fe15cbacb8740ad1c1d5f2beb5f166dd0	661e18a1e72af17b	fe5981188b22d890	yes	chase_order,decisions,moves,turns	1	1	[2,3]	[2,3]	{"coin_full_prevention":[25,39,52,67,82,97,110,121],"coin_queued_offered":[81,82,97,109,110,120,121],"coin_queued_offered_any":[81,82,97,109,110,120,121]}	{"coin_defender_attack":12,"coin_queued_attack_damage":4}	{}	{}	no	no
8	k3	14	23	23100140023	rl/results/engine_switch_rules_2026-10/carriers/alternates/togekiss_meowth.txt	14af182c3b0fecb75dcd6ee28d011c28e86a5f8f	decks/screen/opponents/t-vespiquen.txt	fb36fa1fe15cbacb8740ad1c1d5f2beb5f166dd0	8ed556e092858091	70116545cb3f98f9	yes	chase_order,decisions,moves	0	0	[3,2]	[3,2]	{"coin_full_prevention":[52,68,77,89],"coin_queued_offered":[88,89],"coin_queued_offered_any":[88,89]}	{"coin_defender_attack":8,"coin_queued_attack_damage":1}	{}	{"offgate_helper_by_mechanic":{"OptionalDiscardBenchedBasicForExtraDamage":[100]},"offgate_helper_choice":[100]}	no	no
8	k3	14	24	23100140024	rl/results/engine_switch_rules_2026-10/carriers/alternates/togekiss_meowth.txt	14af182c3b0fecb75dcd6ee28d011c28e86a5f8f	decks/screen/opponents/t-vespiquen.txt	fb36fa1fe15cbacb8740ad1c1d5f2beb5f166dd0	6f4b779457afd588	45f94404e33a87a1	yes	decisions,moves,points	0	0	[4,2]	[4,1]	{"coin_full_prevention":[14,28,59,88],"coin_queued_offered":[59],"coin_queued_offered_any":[59]}	{"coin_defender_attack":6,"coin_queued_attack_damage":1}	{}	{}	no	no
8	k3	14	25	23100140025	rl/results/engine_switch_rules_2026-10/carriers/alternates/togekiss_meowth.txt	14af182c3b0fecb75dcd6ee28d011c28e86a5f8f	decks/screen/opponents/t-vespiquen.txt	fb36fa1fe15cbacb8740ad1c1d5f2beb5f166dd0	e1cd6926aa5e48c6	359528137e30c1b2	yes	chase_order,decisions,first_deck_score,moves,points,turns,winner_seat	0	1	[3,0]	[1,4]	{"coin_full_prevention":[27,40,58,70,84,96,106],"coin_queued_offered":[58,70,83,84],"coin_queued_offered_any":[58,70,83,84]}	{"coin_defender_attack":10,"coin_queued_attack_damage":3}	{}	{}	no	no
8	k3	14	26	23100140026	rl/results/engine_switch_rules_2026-10/carriers/alternates/togekiss_meowth.txt	14af182c3b0fecb75dcd6ee28d011c28e86a5f8f	decks/screen/opponents/t-vespiquen.txt	fb36fa1fe15cbacb8740ad1c1d5f2beb5f166dd0	421cea4c3ce03aa5	e5f7dab3bbcc5307	yes	chase_order,decisions,first_deck_score,moves,points,turns,winner_seat	1	0	[0,2]	[4,2]	{"coin_full_prevention":[46,59,75,89,98],"coin_queued_offered":[46,59,74,75],"coin_queued_offered_any":[46,59,74,75]}	{"coin_defender_attack":10,"coin_queued_attack_damage":3}	{}	{}	no	no
8	k3	14	27	23100140027	rl/results/engine_switch_rules_2026-10/carriers/alternates/togekiss_meowth.txt	14af182c3b0fecb75dcd6ee28d011c28e86a5f8f	decks/screen/opponents/t-vespiquen.txt	fb36fa1fe15cbacb8740ad1c1d5f2beb5f166dd0	4c62ae8179518b4b	3dff514571695fb3	yes	chase_order,decisions,moves,turns	0	0	[3,2]	[3,2]	{"coin_full_prevention":[53,65,75],"coin_queued_offered":[65,75],"coin_queued_offered_any":[65,75]}	{"coin_defender_attack":9,"coin_queued_attack_damage":2}	{}	{"offgate_discard_then_damage":[88],"offgate_helper_by_mechanic":{"OptionalDiscardBenchedBasicForExtraDamage":[87,88]},"offgate_helper_choice":[87,88]}	no	no
8	k3	14	28	23100140028	rl/results/engine_switch_rules_2026-10/carriers/alternates/togekiss_meowth.txt	14af182c3b0fecb75dcd6ee28d011c28e86a5f8f	decks/screen/opponents/t-vespiquen.txt	fb36fa1fe15cbacb8740ad1c1d5f2beb5f166dd0	26ecbc81cba102ce	2d7d524b9b083e45	yes	chase_order,decisions,moves,turns	1	1	[2,3]	[2,3]	{"coin_full_prevention":[28,39,52,63,83],"coin_queued_offered":[51,52,62,63,83],"coin_queued_offered_any":[51,52,62,63,83]}	{"coin_defender_attack":10,"coin_queued_attack_damage":3}	{}	{"offgate_discard_then_damage":[96],"offgate_helper_by_mechanic":{"OptionalDiscardBenchedBasicForExtraDamage":[95,96]},"offgate_helper_choice":[95,96]}	no	no
8	k3	14	29	23100140029	rl/results/engine_switch_rules_2026-10/carriers/alternates/togekiss_meowth.txt	14af182c3b0fecb75dcd6ee28d011c28e86a5f8f	decks/screen/opponents/t-vespiquen.txt	fb36fa1fe15cbacb8740ad1c1d5f2beb5f166dd0	3ef0fe6418734f19	6e07d38b473fc447	yes	chase_order,decisions,moves	0	0	[3,0]	[3,0]	{"coin_full_prevention":[46,61,75,88],"coin_queued_offered":[87,88],"coin_queued_offered_any":[87,88]}	{"coin_defender_attack":7,"coin_queued_attack_damage":1}	{}	{}	no	no
8	k3	14	30	23100140030	rl/results/engine_switch_rules_2026-10/carriers/alternates/togekiss_meowth.txt	14af182c3b0fecb75dcd6ee28d011c28e86a5f8f	decks/screen/opponents/t-vespiquen.txt	fb36fa1fe15cbacb8740ad1c1d5f2beb5f166dd0	5e73300f78aba7b9	0296476b57cae522	yes	chase_order,decisions,moves,points,turns	1	1	[0,3]	[2,3]	{"coin_full_prevention":[61,74],"coin_queued_offered":[60,61],"coin_queued_offered_any":[60,61]}	{"coin_defender_attack":8,"coin_queued_attack_damage":1}	{}	{"offgate_helper_by_mechanic":{"OptionalDiscardBenchedBasicForExtraDamage":[47]},"offgate_helper_choice":[47]}	no	no
8	k3	14	31	23100140031	rl/results/engine_switch_rules_2026-10/carriers/alternates/togekiss_meowth.txt	14af182c3b0fecb75dcd6ee28d011c28e86a5f8f	decks/screen/opponents/t-vespiquen.txt	fb36fa1fe15cbacb8740ad1c1d5f2beb5f166dd0	b040b3347da7ba94	42b1b944bc90870f	yes	chase_order,decisions,moves	0	0	[3,0]	[3,0]	{"coin_full_prevention":[67,75,86]}	{"coin_defender_attack":6}	{}	{}	yes	yes
8	k3	14	32	23100140032	rl/results/engine_switch_rules_2026-10/carriers/alternates/togekiss_meowth.txt	14af182c3b0fecb75dcd6ee28d011c28e86a5f8f	decks/screen/opponents/t-vespiquen.txt	fb36fa1fe15cbacb8740ad1c1d5f2beb5f166dd0	932557cddbf8dfd1	e76399e6917078f1	yes	decisions,moves	1	1	[0,3]	[0,3]	{"coin_full_prevention":[47,61,80],"coin_queued_offered":[61,80],"coin_queued_offered_any":[61,80]}	{"coin_defender_attack":6,"coin_queued_attack_damage":2}	{}	{}	no	no
8	k3	14	34	23100140034	rl/results/engine_switch_rules_2026-10/carriers/alternates/togekiss_meowth.txt	14af182c3b0fecb75dcd6ee28d011c28e86a5f8f	decks/screen/opponents/t-vespiquen.txt	fb36fa1fe15cbacb8740ad1c1d5f2beb5f166dd0	7010ad9495b7f8dd	5a57a1c5aa3eb9de	yes	chase_order,decisions,moves,turns	1	1	[2,3]	[2,3]	{"coin_full_prevention":[60,70,80,94,108,122],"coin_queued_offered":[94,108,121,122],"coin_queued_offered_any":[94,108,121,122]}	{"coin_defender_attack":12,"coin_queued_attack_damage":3}	{}	{}	no	no
8	k3	14	35	23100140035	rl/results/engine_switch_rules_2026-10/carriers/alternates/togekiss_meowth.txt	14af182c3b0fecb75dcd6ee28d011c28e86a5f8f	decks/screen/opponents/t-vespiquen.txt	fb36fa1fe15cbacb8740ad1c1d5f2beb5f166dd0	4e82e448f123d346	72b6fb805a560a70	yes	chase_order,decisions,moves,turns	0	0	[3,0]	[3,0]	{"coin_full_prevention":[31,47,61,75,92],"coin_queued_offered":[47,61,74,75,92],"coin_queued_offered_any":[47,61,74,75,92]}	{"coin_defender_attack":10,"coin_queued_attack_damage":4}	{}	{}	no	no
8	k3	14	36	23100140036	rl/results/engine_switch_rules_2026-10/carriers/alternates/togekiss_meowth.txt	14af182c3b0fecb75dcd6ee28d011c28e86a5f8f	decks/screen/opponents/t-vespiquen.txt	fb36fa1fe15cbacb8740ad1c1d5f2beb5f166dd0	9b7c483277f80e0f	28d6456fda0bc644	yes	chase_order,decisions,moves	1	1	[0,3]	[0,3]	{"coin_full_prevention":[28,40,72,89]}	{"coin_defender_attack":5}	{}	{}	yes	yes
8	k3	14	37	23100140037	rl/results/engine_switch_rules_2026-10/carriers/alternates/togekiss_meowth.txt	14af182c3b0fecb75dcd6ee28d011c28e86a5f8f	decks/screen/opponents/t-vespiquen.txt	fb36fa1fe15cbacb8740ad1c1d5f2beb5f166dd0	8c219f3123307897	82e59f4f4adfbcf1	yes	decisions,moves	0	0	[3,0]	[3,0]	{"coin_full_prevention":[27,40,71,86],"coin_queued_offered":[86],"coin_queued_offered_any":[86]}	{"coin_defender_attack":6,"coin_queued_attack_damage":1}	{}	{}	no	no
8	k3	14	38	23100140038	rl/results/engine_switch_rules_2026-10/carriers/alternates/togekiss_meowth.txt	14af182c3b0fecb75dcd6ee28d011c28e86a5f8f	decks/screen/opponents/t-vespiquen.txt	fb36fa1fe15cbacb8740ad1c1d5f2beb5f166dd0	5f0446bd91085d38	f57fbceab37bc0a1	yes	chase_order,decisions,first_deck_score,moves,points,turns,winner_seat	1	0	[2,3]	[4,2]	{"coin_full_prevention":[27,42,59,81,112,127,140,148,158,166],"coin_queued_offered":[111,112,127,139,140],"coin_queued_offered_any":[111,112,127,139,140]}	{"coin_defender_attack":14,"coin_queued_attack_damage":3}	{}	{}	no	no
8	k3	14	39	23100140039	rl/results/engine_switch_rules_2026-10/carriers/alternates/togekiss_meowth.txt	14af182c3b0fecb75dcd6ee28d011c28e86a5f8f	decks/screen/opponents/t-vespiquen.txt	fb36fa1fe15cbacb8740ad1c1d5f2beb5f166dd0	231f0390240c6b5b	9e75473e730f3b46	yes	chase_order,decisions,first_deck_score,moves,points,turns,winner_seat	0	1	[3,2]	[2,4]	{"coin_full_prevention":[56,65,78,98,122],"coin_queued_offered":[78,98,121,122],"coin_queued_offered_any":[78,98,121,122]}	{"coin_defender_attack":11,"coin_queued_attack_damage":3}	{}	{"offgate_helper_by_mechanic":{"OptionalDiscardBenchedBasicForExtraDamage":[110]},"offgate_helper_choice":[110]}	no	no
8	k3	14	41	23100140041	rl/results/engine_switch_rules_2026-10/carriers/alternates/togekiss_meowth.txt	14af182c3b0fecb75dcd6ee28d011c28e86a5f8f	decks/screen/opponents/t-vespiquen.txt	fb36fa1fe15cbacb8740ad1c1d5f2beb5f166dd0	95ba30c83453bba0	1e7ee9d48aa7654b	yes	chase_order,decisions,moves	0	0	[3,0]	[3,0]	{"coin_full_prevention":[42,60,77],"coin_queued_offered":[42,60,76,77],"coin_queued_offered_any":[42,60,76,77]}	{"coin_defender_attack":6,"coin_queued_attack_damage":3}	{}	{}	no	no
8	k3	14	43	23100140043	rl/results/engine_switch_rules_2026-10/carriers/alternates/togekiss_meowth.txt	14af182c3b0fecb75dcd6ee28d011c28e86a5f8f	decks/screen/opponents/t-vespiquen.txt	fb36fa1fe15cbacb8740ad1c1d5f2beb5f166dd0	6435e00f85879810	a1261be005f4c1ac	yes	chase_order,decisions,first_deck_score,moves,points,turns,winner_seat	0	1	[3,0]	[2,4]	{"coin_full_prevention":[17,31,70,87,103,116,127,139],"coin_queued_offered":[102,103,115,116],"coin_queued_offered_any":[102,103,115,116]}	{"coin_defender_attack":11,"coin_queued_attack_damage":2}	{}	{}	no	no
8	k3	14	44	23100140044	rl/results/engine_switch_rules_2026-10/carriers/alternates/togekiss_meowth.txt	14af182c3b0fecb75dcd6ee28d011c28e86a5f8f	decks/screen/opponents/t-vespiquen.txt	fb36fa1fe15cbacb8740ad1c1d5f2beb5f166dd0	4e65cb31de311262	85f3410762643911	yes	decisions,moves	1	1	[0,3]	[0,3]	{"coin_full_prevention":[61,74],"coin_queued_offered":[61,74],"coin_queued_offered_any":[61,74]}	{"coin_defender_attack":7,"coin_queued_attack_damage":2}	{}	{"offgate_helper_by_mechanic":{"OptionalDiscardBenchedBasicForExtraDamage":[47]},"offgate_helper_choice":[47]}	no	no
8	k3	14	45	23100140045	rl/results/engine_switch_rules_2026-10/carriers/alternates/togekiss_meowth.txt	14af182c3b0fecb75dcd6ee28d011c28e86a5f8f	decks/screen/opponents/t-vespiquen.txt	fb36fa1fe15cbacb8740ad1c1d5f2beb5f166dd0	b2175b0b77d967eb	19d44cec3eef2db1	yes	chase_order,decisions,moves,turns	0	0	[3,2]	[3,2]	{"coin_full_prevention":[44,60,70,103,118,129],"coin_queued_offered":[102,103,118,129],"coin_queued_offered_any":[102,103,118,129]}	{"coin_defender_attack":10,"coin_queued_attack_damage":3}	{}	{}	no	no
8	k3	14	46	23100140046	rl/results/engine_switch_rules_2026-10/carriers/alternates/togekiss_meowth.txt	14af182c3b0fecb75dcd6ee28d011c28e86a5f8f	decks/screen/opponents/t-vespiquen.txt	fb36fa1fe15cbacb8740ad1c1d5f2beb5f166dd0	9f800dca9881b3dc	d691720292852dfa	yes	chase_order,decisions,moves,turns	1	1	[0,3]	[0,3]	{"coin_full_prevention":[15,26,60],"coin_queued_offered":[60],"coin_queued_offered_any":[60]}	{"coin_defender_attack":8,"coin_queued_attack_damage":1}	{}	{"offgate_helper_by_mechanic":{"OptionalDiscardBenchedBasicForExtraDamage":[43,73]},"offgate_helper_choice":[43,73]}	no	no
8	k3	14	47	23100140047	rl/results/engine_switch_rules_2026-10/carriers/alternates/togekiss_meowth.txt	14af182c3b0fecb75dcd6ee28d011c28e86a5f8f	decks/screen/opponents/t-vespiquen.txt	fb36fa1fe15cbacb8740ad1c1d5f2beb5f166dd0	7d24e31c21cf0ef1	8e239c4ace139b98	yes	moves	0	0	[3,0]	[3,0]	{"coin_full_prevention":[58,103],"coin_queued_offered":[102,103],"coin_queued_offered_any":[102,103]}	{"coin_defender_attack":6,"coin_queued_attack_damage":1}	{}	{}	no	no
8	k3	14	48	23100140048	rl/results/engine_switch_rules_2026-10/carriers/alternates/togekiss_meowth.txt	14af182c3b0fecb75dcd6ee28d011c28e86a5f8f	decks/screen/opponents/t-vespiquen.txt	fb36fa1fe15cbacb8740ad1c1d5f2beb5f166dd0	99bb7cf0b7bd9fb4	a889dcf296f7f4dc	yes	chase_order,decisions,moves,turns	1	1	[2,3]	[2,3]	{"coin_full_prevention":[18,32,51,66,79,91,105,119,130],"coin_queued_offered":[90,91,105,119,130],"coin_queued_offered_any":[90,91,105,119,130]}	{"coin_defender_attack":13,"coin_queued_attack_damage":4}	{}	{}	no	no
8	k3	14	49	23100140049	rl/results/engine_switch_rules_2026-10/carriers/alternates/togekiss_meowth.txt	14af182c3b0fecb75dcd6ee28d011c28e86a5f8f	decks/screen/opponents/t-vespiquen.txt	fb36fa1fe15cbacb8740ad1c1d5f2beb5f166dd0	5ec80ca4a33b4bc5	62b5526f26bf73ec	yes	chase_order,decisions,moves	0	0	[3,2]	[3,2]	{"coin_full_prevention":[27,47,63,75,89,101],"coin_queued_offered":[89,100,101],"coin_queued_offered_any":[89,100,101]}	{"coin_defender_attack":8,"coin_queued_attack_damage":2}	{}	{}	no	no
8	k3	14	50	23100140050	rl/results/engine_switch_rules_2026-10/carriers/alternates/togekiss_meowth.txt	14af182c3b0fecb75dcd6ee28d011c28e86a5f8f	decks/screen/opponents/t-vespiquen.txt	fb36fa1fe15cbacb8740ad1c1d5f2beb5f166dd0	de3307c2863151c0	715dfea259f2a40e	yes	moves	1	1	[1,3]	[1,3]	{"coin_full_prevention":[18,37,53,66,77,99],"coin_queued_offered":[98,99],"coin_queued_offered_any":[98,99]}	{"coin_defender_attack":9,"coin_queued_attack_damage":1}	{}	{"offgate_discard_then_damage":[115],"offgate_helper_by_mechanic":{"OptionalDiscardBenchedBasicForExtraDamage":[114,115]},"offgate_helper_choice":[114,115]}	no	no
8	k3	14	52	23100140052	rl/results/engine_switch_rules_2026-10/carriers/alternates/togekiss_meowth.txt	14af182c3b0fecb75dcd6ee28d011c28e86a5f8f	decks/screen/opponents/t-vespiquen.txt	fb36fa1fe15cbacb8740ad1c1d5f2beb5f166dd0	319a953fcc7f3858	2c5641b2e6117811	yes	chase_order,decisions,moves,turns	1	1	[0,3]	[0,3]	{"coin_full_prevention":[21,34,75,87,101],"coin_queued_offered":[86,87,100,101],"coin_queued_offered_any":[86,87,100,101]}	{"coin_defender_attack":7,"coin_queued_attack_damage":2}	{}	{}	no	no
8	k3	14	53	23100140053	rl/results/engine_switch_rules_2026-10/carriers/alternates/togekiss_meowth.txt	14af182c3b0fecb75dcd6ee28d011c28e86a5f8f	decks/screen/opponents/t-vespiquen.txt	fb36fa1fe15cbacb8740ad1c1d5f2beb5f166dd0	a93c50688659061d	0def6a013c211163	yes	chase_order,decisions,first_deck_score,moves,points,turns,winner_seat	0	1	[3,2]	[2,4]	{"coin_full_prevention":[24,71,82,95],"coin_queued_offered":[82,95],"coin_queued_offered_any":[82,95]}	{"coin_defender_attack":7,"coin_queued_attack_damage":2}	{}	{}	no	no
8	k3	14	54	23100140054	rl/results/engine_switch_rules_2026-10/carriers/alternates/togekiss_meowth.txt	14af182c3b0fecb75dcd6ee28d011c28e86a5f8f	decks/screen/opponents/t-vespiquen.txt	fb36fa1fe15cbacb8740ad1c1d5f2beb5f166dd0	bf22bef3f2bd77bd	b6c78262bcb1a116	yes	chase_order,decisions,first_deck_score,moves,points,turns,winner_seat	1	0	[1,3]	[3,2]	{"coin_full_prevention":[31,45,77,94],"coin_queued_offered":[76,77,93,94],"coin_queued_offered_any":[76,77,93,94]}	{"coin_defender_attack":9,"coin_queued_attack_damage":2}	{}	{"offgate_discard_then_damage":[61],"offgate_helper_by_mechanic":{"OptionalDiscardBenchedBasicForExtraDamage":[60,61]},"offgate_helper_choice":[60,61]}	no	no
8	k3	14	55	23100140055	rl/results/engine_switch_rules_2026-10/carriers/alternates/togekiss_meowth.txt	14af182c3b0fecb75dcd6ee28d011c28e86a5f8f	decks/screen/opponents/t-vespiquen.txt	fb36fa1fe15cbacb8740ad1c1d5f2beb5f166dd0	0064c58571667a00	3a7a57c2b3f71c95	yes	chase_order,decisions,moves,turns	0	0	[3,0]	[3,0]	{"coin_full_prevention":[42,57,70,84,101,115,129,144,158],"coin_queued_offered":[84,101,115,128,129,144,158],"coin_queued_offered_any":[84,101,115,128,129,144,158]}	{"coin_defender_attack":19,"coin_queued_attack_damage":6}	{}	{"offgate_helper_by_mechanic":{"OptionalDiscardBenchedBasicForExtraDamage":[168]},"offgate_helper_choice":[168]}	no	no
8	k3	14	57	23100140057	rl/results/engine_switch_rules_2026-10/carriers/alternates/togekiss_meowth.txt	14af182c3b0fecb75dcd6ee28d011c28e86a5f8f	decks/screen/opponents/t-vespiquen.txt	fb36fa1fe15cbacb8740ad1c1d5f2beb5f166dd0	455f00ee384d4adf	a5e2c937c5873712	yes	chase_order,decisions,moves,points	1	1	[1,4]	[0,4]	{"coin_full_prevention":[30,46,77,88],"coin_queued_offered":[76,77,88],"coin_queued_offered_any":[76,77,88]}	{"coin_defender_attack":7,"coin_queued_attack_damage":2}	{}	{}	no	no
8	k3	14	58	23100140058	rl/results/engine_switch_rules_2026-10/carriers/alternates/togekiss_meowth.txt	14af182c3b0fecb75dcd6ee28d011c28e86a5f8f	decks/screen/opponents/t-vespiquen.txt	fb36fa1fe15cbacb8740ad1c1d5f2beb5f166dd0	dcc2bb14bdcb28d0	c291bb207244584d	yes	chase_order,decisions,moves,turns	1	1	[0,2]	[0,2]	{"coin_full_prevention":[32,47],"coin_queued_offered":[31,32,46,47],"coin_queued_offered_any":[31,32,46,47]}	{"coin_defender_attack":4,"coin_queued_attack_damage":2}	{}	{"offgate_discard_then_damage":[58],"offgate_helper_by_mechanic":{"OptionalDiscardBenchedBasicForExtraDamage":[57,58]},"offgate_helper_choice":[57,58]}	no	no
8	k3	14	59	23100140059	rl/results/engine_switch_rules_2026-10/carriers/alternates/togekiss_meowth.txt	14af182c3b0fecb75dcd6ee28d011c28e86a5f8f	decks/screen/opponents/t-vespiquen.txt	fb36fa1fe15cbacb8740ad1c1d5f2beb5f166dd0	78ff08caf8ac5277	0f3aec6bd7f330e8	yes	decisions,moves	0	0	[3,1]	[3,1]	{"coin_full_prevention":[49,61,73,87,101],"coin_queued_offered":[72,73,87,101],"coin_queued_offered_any":[72,73,87,101]}	{"coin_defender_attack":9,"coin_queued_attack_damage":3}	{}	{}	no	no
8	k3	14	60	23100140060	rl/results/engine_switch_rules_2026-10/carriers/alternates/togekiss_meowth.txt	14af182c3b0fecb75dcd6ee28d011c28e86a5f8f	decks/screen/opponents/t-vespiquen.txt	fb36fa1fe15cbacb8740ad1c1d5f2beb5f166dd0	e00bfd739472f1e9	95f98b50a0f38c87	yes	chase_order,decisions,moves,turns	1	1	[0,3]	[0,3]	{"coin_full_prevention":[40,67,81],"coin_queued_offered":[40,66,67,80,81],"coin_queued_offered_any":[40,66,67,80,81]}	{"coin_defender_attack":8,"coin_queued_attack_damage":3}	{}	{"offgate_helper_by_mechanic":{"OptionalDiscardBenchedBasicForExtraDamage":[54]},"offgate_helper_choice":[54]}	no	no
8	k3	14	62	23100140062	rl/results/engine_switch_rules_2026-10/carriers/alternates/togekiss_meowth.txt	14af182c3b0fecb75dcd6ee28d011c28e86a5f8f	decks/screen/opponents/t-vespiquen.txt	fb36fa1fe15cbacb8740ad1c1d5f2beb5f166dd0	1df87e567d810134	b37ffc583085332d	yes	chase_order,decisions,moves	1	1	[0,3]	[0,3]	{"coin_full_prevention":[13,24,79,96,113],"coin_queued_offered":[95,96,113],"coin_queued_offered_any":[95,96,113]}	{"coin_defender_attack":10,"coin_queued_attack_damage":2}	{}	{}	no	no
8	k3	14	63	23100140063	rl/results/engine_switch_rules_2026-10/carriers/alternates/togekiss_meowth.txt	14af182c3b0fecb75dcd6ee28d011c28e86a5f8f	decks/screen/opponents/t-vespiquen.txt	fb36fa1fe15cbacb8740ad1c1d5f2beb5f166dd0	a4bd37309f34d1ed	87e0c58527ab0e44	yes	chase_order,decisions,first_deck_score,moves,points,turns,winner_seat	0	1	[3,0]	[2,4]	{"coin_full_prevention":[28,42,60,78,91],"coin_queued_offered":[60,77,78],"coin_queued_offered_any":[60,77,78]}	{"coin_defender_attack":8,"coin_queued_attack_damage":2}	{}	{}	no	no
8	k3	14	64	23100140064	rl/results/engine_switch_rules_2026-10/carriers/alternates/togekiss_meowth.txt	14af182c3b0fecb75dcd6ee28d011c28e86a5f8f	decks/screen/opponents/t-vespiquen.txt	fb36fa1fe15cbacb8740ad1c1d5f2beb5f166dd0	00a32623f10683a4	e2bfd5f255511ced	yes	chase_order,decisions,moves,turns	1	1	[0,3]	[0,3]	{"coin_full_prevention":[25,43,58,77,94],"coin_queued_offered":[58,76,77,94],"coin_queued_offered_any":[58,76,77,94]}	{"coin_defender_attack":10,"coin_queued_attack_damage":3}	{}	{"offgate_discard_then_damage":[107],"offgate_helper_by_mechanic":{"OptionalDiscardBenchedBasicForExtraDamage":[106,107]},"offgate_helper_choice":[106,107]}	no	no
8	k3	14	65	23100140065	rl/results/engine_switch_rules_2026-10/carriers/alternates/togekiss_meowth.txt	14af182c3b0fecb75dcd6ee28d011c28e86a5f8f	decks/screen/opponents/t-vespiquen.txt	fb36fa1fe15cbacb8740ad1c1d5f2beb5f166dd0	4cb62e9ab3cabe52	87dee45e7f454a35	yes	decisions,moves	0	0	[3,0]	[3,0]	{"coin_full_prevention":[44,60],"coin_queued_offered":[60],"coin_queued_offered_any":[60]}	{"coin_defender_attack":4,"coin_queued_attack_damage":1}	{}	{"offgate_helper_by_mechanic":{"OptionalDiscardBenchedBasicForExtraDamage":[72]},"offgate_helper_choice":[72]}	no	no
8	k3	14	66	23100140066	rl/results/engine_switch_rules_2026-10/carriers/alternates/togekiss_meowth.txt	14af182c3b0fecb75dcd6ee28d011c28e86a5f8f	decks/screen/opponents/t-vespiquen.txt	fb36fa1fe15cbacb8740ad1c1d5f2beb5f166dd0	bbfce6d2e633a589	6f1f84aedda06d06	yes	chase_order,decisions,moves,turns	1	1	[0,3]	[0,3]	{"coin_full_prevention":[45,60,73,84,115,127],"coin_queued_offered":[115,127],"coin_queued_offered_any":[115,127]}	{"coin_defender_attack":11,"coin_queued_attack_damage":2}	{}	{"offgate_helper_by_mechanic":{"OptionalDiscardBenchedBasicForExtraDamage":[98]},"offgate_helper_choice":[98]}	no	no
8	k3	14	67	23100140067	rl/results/engine_switch_rules_2026-10/carriers/alternates/togekiss_meowth.txt	14af182c3b0fecb75dcd6ee28d011c28e86a5f8f	decks/screen/opponents/t-vespiquen.txt	fb36fa1fe15cbacb8740ad1c1d5f2beb5f166dd0	bd1c77b5293a84e4	df21fb9ba6b262be	yes	chase_order,decisions,first_deck_score,moves,points,turns,winner_seat	0	1	[3,0]	[2,4]	{"coin_full_prevention":[80,93,108,116,126,135],"coin_queued_offered":[79,80,92,93],"coin_queued_offered_any":[79,80,92,93]}	{"coin_defender_attack":11,"coin_queued_attack_damage":2}	{}	{}	no	no
8	k3	14	68	23100140068	rl/results/engine_switch_rules_2026-10/carriers/alternates/togekiss_meowth.txt	14af182c3b0fecb75dcd6ee28d011c28e86a5f8f	decks/screen/opponents/t-vespiquen.txt	fb36fa1fe15cbacb8740ad1c1d5f2beb5f166dd0	99e43a2968cc5c62	64113210d2d5189a	yes	chase_order,decisions,first_deck_score,moves,points,turns,winner_seat	1	0	[2,3]	[4,0]	{"coin_full_prevention":[41,59,73,82,91],"coin_queued_offered":[41,58,59],"coin_queued_offered_any":[41,58,59]}	{"coin_defender_attack":7,"coin_queued_attack_damage":2}	{}	{}	no	no
8	k3	14	69	23100140069	rl/results/engine_switch_rules_2026-10/carriers/alternates/togekiss_meowth.txt	14af182c3b0fecb75dcd6ee28d011c28e86a5f8f	decks/screen/opponents/t-vespiquen.txt	fb36fa1fe15cbacb8740ad1c1d5f2beb5f166dd0	a1bb05f8541d7170	f50933ca90320db2	yes	chase_order,decisions,moves	0	0	[3,2]	[3,2]	{"coin_full_prevention":[34,49,74,85]}	{"coin_defender_attack":5}	{}	{}	yes	yes
8	k3	14	71	23100140071	rl/results/engine_switch_rules_2026-10/carriers/alternates/togekiss_meowth.txt	14af182c3b0fecb75dcd6ee28d011c28e86a5f8f	decks/screen/opponents/t-vespiquen.txt	fb36fa1fe15cbacb8740ad1c1d5f2beb5f166dd0	3dd76e99d4cc4f58	e0f148f9ff7c7008	yes	chase_order,decisions,first_deck_score,moves,points,turns,winner_seat	0	1	[2,0]	[0,4]	{"coin_full_prevention":[40,56,68,80],"coin_queued_offered":[40,55,56],"coin_queued_offered_any":[40,55,56]}	{"coin_defender_attack":6,"coin_queued_attack_damage":2}	{}	{}	no	no
8	k3	14	72	23100140072	rl/results/engine_switch_rules_2026-10/carriers/alternates/togekiss_meowth.txt	14af182c3b0fecb75dcd6ee28d011c28e86a5f8f	decks/screen/opponents/t-vespiquen.txt	fb36fa1fe15cbacb8740ad1c1d5f2beb5f166dd0	bf6e12c0280d176f	adcad9b429b3b2f0	yes	decisions,first_deck_score,moves,points,turns,winner_seat	1	0	[2,3]	[4,2]	{"coin_full_prevention":[24,41,59,69,89,105],"coin_queued_offered":[88,89,104,105],"coin_queued_offered_any":[88,89,104,105]}	{"coin_defender_attack":8,"coin_queued_attack_damage":2}	{}	{}	no	no
8	k3	14	73	23100140073	rl/results/engine_switch_rules_2026-10/carriers/alternates/togekiss_meowth.txt	14af182c3b0fecb75dcd6ee28d011c28e86a5f8f	decks/screen/opponents/t-vespiquen.txt	fb36fa1fe15cbacb8740ad1c1d5f2beb5f166dd0	be5c97c6e111c2af	5589c088770e40ab	yes	chase_order,decisions,moves,points,turns	0	0	[3,0]	[3,2]	{"coin_full_prevention":[30,45,62,79,95,109,120],"coin_queued_offered":[62,79,94,95,108,109],"coin_queued_offered_any":[62,79,94,95,108,109]}	{"coin_defender_attack":11,"coin_queued_attack_damage":4}	{}	{}	no	no
8	k3	14	74	23100140074	rl/results/engine_switch_rules_2026-10/carriers/alternates/togekiss_meowth.txt	14af182c3b0fecb75dcd6ee28d011c28e86a5f8f	decks/screen/opponents/t-vespiquen.txt	fb36fa1fe15cbacb8740ad1c1d5f2beb5f166dd0	b03c183fae449bb3	ca0e70907de85cf1	yes	chase_order,decisions,moves,turns	1	1	[0,3]	[0,3]	{"coin_full_prevention":[54,70,82],"coin_queued_offered":[54,70,82],"coin_queued_offered_any":[54,70,82]}	{"coin_defender_attack":10,"coin_queued_attack_damage":3}	{}	{"offgate_helper_by_mechanic":{"OptionalDiscardBenchedBasicForExtraDamage":[36]},"offgate_helper_choice":[36]}	no	no
8	k3	14	77	23100140077	rl/results/engine_switch_rules_2026-10/carriers/alternates/togekiss_meowth.txt	14af182c3b0fecb75dcd6ee28d011c28e86a5f8f	decks/screen/opponents/t-vespiquen.txt	fb36fa1fe15cbacb8740ad1c1d5f2beb5f166dd0	799d1a8a7687efec	49f2663c20c1615e	yes	decisions,moves,points,turns	0	0	[3,2]	[3,0]	{"coin_full_prevention":[56],"coin_queued_offered":[55,56],"coin_queued_offered_any":[55,56]}	{"coin_defender_attack":6,"coin_queued_attack_damage":1}	{}	{"offgate_discard_then_damage":[40],"offgate_helper_by_mechanic":{"OptionalDiscardBenchedBasicForExtraDamage":[39,40,68]},"offgate_helper_choice":[39,40,68]}	no	no
8	k3	14	78	23100140078	rl/results/engine_switch_rules_2026-10/carriers/alternates/togekiss_meowth.txt	14af182c3b0fecb75dcd6ee28d011c28e86a5f8f	decks/screen/opponents/t-vespiquen.txt	fb36fa1fe15cbacb8740ad1c1d5f2beb5f166dd0	f9b5f0cbdf660518	8f3c54837c48789c	yes	chase_order,decisions,first_deck_score,moves,points,turns,winner_seat	1	0	[0,3]	[4,2]	{"coin_full_prevention":[26,37,51,69,83,95,109,126,137],"coin_queued_offered":[51,68,69,83,95,109],"coin_queued_offered_any":[51,68,69,83,95,109]}	{"coin_defender_attack":14,"coin_queued_attack_damage":5}	{}	{}	no	no
8	k3	14	79	23100140079	rl/results/engine_switch_rules_2026-10/carriers/alternates/togekiss_meowth.txt	14af182c3b0fecb75dcd6ee28d011c28e86a5f8f	decks/screen/opponents/t-vespiquen.txt	fb36fa1fe15cbacb8740ad1c1d5f2beb5f166dd0	c12a84ae613869df	22220b17ee0f2832	yes	chase_order,decisions,first_deck_score,moves,points,turns,winner_seat	0	1	[3,2]	[2,4]	{"coin_full_prevention":[31,43,76,91,123],"coin_queued_offered":[75,76,90,91],"coin_queued_offered_any":[75,76,90,91]}	{"coin_defender_attack":10,"coin_queued_attack_damage":2}	{}	{}	no	no
8	k3	14	82	23100140082	rl/results/engine_switch_rules_2026-10/carriers/alternates/togekiss_meowth.txt	14af182c3b0fecb75dcd6ee28d011c28e86a5f8f	decks/screen/opponents/t-vespiquen.txt	fb36fa1fe15cbacb8740ad1c1d5f2beb5f166dd0	f3ed5ed5d940ddc5	a0c222ea689257a4	yes	decisions,first_deck_score,moves,points,turns,winner_seat	1	0	[0,3]	[4,2]	{"coin_full_prevention":[30,45,64,81,94,111],"coin_queued_offered":[64,80,81],"coin_queued_offered_any":[64,80,81]}	{"coin_defender_attack":8,"coin_queued_attack_damage":2}	{}	{}	no	no
8	k3	14	83	23100140083	rl/results/engine_switch_rules_2026-10/carriers/alternates/togekiss_meowth.txt	14af182c3b0fecb75dcd6ee28d011c28e86a5f8f	decks/screen/opponents/t-vespiquen.txt	fb36fa1fe15cbacb8740ad1c1d5f2beb5f166dd0	db7dd6651f6e1be1	34664769c7eab749	yes	chase_order,decisions,first_deck_score,moves,points,turns,winner_seat	0	1	[3,0]	[1,4]	{"coin_full_prevention":[44,59,71,86,100,112],"coin_queued_offered":[70,71,85,86,99,100],"coin_queued_offered_any":[70,71,85,86,99,100]}	{"coin_defender_attack":10,"coin_queued_attack_damage":3}	{}	{}	no	no
8	k3	14	85	23100140085	rl/results/engine_switch_rules_2026-10/carriers/alternates/togekiss_meowth.txt	14af182c3b0fecb75dcd6ee28d011c28e86a5f8f	decks/screen/opponents/t-vespiquen.txt	fb36fa1fe15cbacb8740ad1c1d5f2beb5f166dd0	02e13eb1d7e2b084	290388b38ae08fbb	yes	chase_order,decisions,first_deck_score,moves,points,turns,winner_seat	0	1	[3,0]	[2,4]	{"coin_full_prevention":[25,40,54,83,106,119],"coin_queued_offered":[54,83],"coin_queued_offered_any":[54,83]}	{"coin_defender_attack":10,"coin_queued_attack_damage":2}	{}	{"offgate_helper_by_mechanic":{"OptionalDiscardBenchedBasicForExtraDamage":[66]},"offgate_helper_choice":[66]}	no	no
8	k3	14	86	23100140086	rl/results/engine_switch_rules_2026-10/carriers/alternates/togekiss_meowth.txt	14af182c3b0fecb75dcd6ee28d011c28e86a5f8f	decks/screen/opponents/t-vespiquen.txt	fb36fa1fe15cbacb8740ad1c1d5f2beb5f166dd0	dbbdc711c25315a3	80aab955f12cb3d8	yes	chase_order,decisions,first_deck_score,moves,points,turns,winner_seat	1	0	[0,3]	[4,1]	{"coin_full_prevention":[48,60,73,100,112],"coin_queued_offered":[60,72,73,99,100,111,112],"coin_queued_offered_any":[60,72,73,99,100,111,112]}	{"coin_defender_attack":12,"coin_queued_attack_damage":4}	{}	{}	no	no
8	k3	14	87	23100140087	rl/results/engine_switch_rules_2026-10/carriers/alternates/togekiss_meowth.txt	14af182c3b0fecb75dcd6ee28d011c28e86a5f8f	decks/screen/opponents/t-vespiquen.txt	fb36fa1fe15cbacb8740ad1c1d5f2beb5f166dd0	be37a33e8f3983f2	809fdd9cf67ee580	yes	chase_order,decisions,moves,points,turns	0	0	[3,0]	[3,2]	{"coin_full_prevention":[47,57,75,87],"coin_queued_offered":[74,75,86,87],"coin_queued_offered_any":[74,75,86,87]}	{"coin_defender_attack":7,"coin_queued_attack_damage":2}	{}	{}	no	no
8	k3	14	89	23100140089	rl/results/engine_switch_rules_2026-10/carriers/alternates/togekiss_meowth.txt	14af182c3b0fecb75dcd6ee28d011c28e86a5f8f	decks/screen/opponents/t-vespiquen.txt	fb36fa1fe15cbacb8740ad1c1d5f2beb5f166dd0	82259ce950b04455	aad1e90a9ae66fb4	yes	decisions,moves	0	0	[3,0]	[3,0]	{"coin_full_prevention":[34,51],"coin_queued_offered":[34,51],"coin_queued_offered_any":[34,51]}	{"coin_defender_attack":4,"coin_queued_attack_damage":2}	{}	{"offgate_discard_then_damage":[64],"offgate_helper_by_mechanic":{"OptionalDiscardBenchedBasicForExtraDamage":[63,64]},"offgate_helper_choice":[63,64]}	no	no
8	k3	14	90	23100140090	rl/results/engine_switch_rules_2026-10/carriers/alternates/togekiss_meowth.txt	14af182c3b0fecb75dcd6ee28d011c28e86a5f8f	decks/screen/opponents/t-vespiquen.txt	fb36fa1fe15cbacb8740ad1c1d5f2beb5f166dd0	1e587fbb78669bac	a2275c6977175c76	yes	decisions,moves	1	1	[2,3]	[2,3]	{"coin_full_prevention":[22,34,48,80,92,106,122],"coin_queued_offered":[105,106,121,122],"coin_queued_offered_any":[105,106,121,122]}	{"coin_defender_attack":10,"coin_queued_attack_damage":2}	{}	{}	no	no
8	k3	14	92	23100140092	rl/results/engine_switch_rules_2026-10/carriers/alternates/togekiss_meowth.txt	14af182c3b0fecb75dcd6ee28d011c28e86a5f8f	decks/screen/opponents/t-vespiquen.txt	fb36fa1fe15cbacb8740ad1c1d5f2beb5f166dd0	534573f6094832a0	5846a245c47b0e50	yes	decisions,moves	1	1	[1,3]	[1,3]	{"coin_full_prevention":[49,61,80,94],"coin_queued_offered":[93,94],"coin_queued_offered_any":[93,94]}	{"coin_defender_attack":6,"coin_queued_attack_damage":1}	{}	{}	no	no
8	k3	14	94	23100140094	rl/results/engine_switch_rules_2026-10/carriers/alternates/togekiss_meowth.txt	14af182c3b0fecb75dcd6ee28d011c28e86a5f8f	decks/screen/opponents/t-vespiquen.txt	fb36fa1fe15cbacb8740ad1c1d5f2beb5f166dd0	e03ae413fbf94118	a3e1075b5310d61d	yes	chase_order,decisions,moves,turns	1	1	[0,3]	[0,3]	{"coin_full_prevention":[28,47,58,72,88],"coin_queued_offered":[72,88],"coin_queued_offered_any":[72,88]}	{"coin_defender_attack":10,"coin_queued_attack_damage":2}	{}	{"offgate_helper_by_mechanic":{"OptionalDiscardBenchedBasicForExtraDamage":[99]},"offgate_helper_choice":[99]}	no	no
8	k3	14	96	23100140096	rl/results/engine_switch_rules_2026-10/carriers/alternates/togekiss_meowth.txt	14af182c3b0fecb75dcd6ee28d011c28e86a5f8f	decks/screen/opponents/t-vespiquen.txt	fb36fa1fe15cbacb8740ad1c1d5f2beb5f166dd0	a83cbcaa3c796974	4de31b1728795e7c	yes	chase_order,decisions,moves,turns	1	1	[0,3]	[0,3]	{"coin_full_prevention":[66,78,92,109,121],"coin_queued_offered":[108,109,120,121],"coin_queued_offered_any":[108,109,120,121]}	{"coin_defender_attack":10,"coin_queued_attack_damage":2}	{}	{}	no	no
8	k3	14	98	23100140098	rl/results/engine_switch_rules_2026-10/carriers/alternates/togekiss_meowth.txt	14af182c3b0fecb75dcd6ee28d011c28e86a5f8f	decks/screen/opponents/t-vespiquen.txt	fb36fa1fe15cbacb8740ad1c1d5f2beb5f166dd0	cb870bfd59178142	21f874cf9cd80024	yes	chase_order,decisions,moves,turns	1	1	[0,3]	[0,3]	{"coin_full_prevention":[53,67,96],"coin_queued_offered":[53,67,95,96],"coin_queued_offered_any":[53,67,95,96]}	{"coin_defender_attack":10,"coin_queued_attack_damage":3}	{}	{"offgate_helper_by_mechanic":{"OptionalDiscardBenchedBasicForExtraDamage":[83]},"offgate_helper_choice":[83]}	no	no
8	k3	14	99	23100140099	rl/results/engine_switch_rules_2026-10/carriers/alternates/togekiss_meowth.txt	14af182c3b0fecb75dcd6ee28d011c28e86a5f8f	decks/screen/opponents/t-vespiquen.txt	fb36fa1fe15cbacb8740ad1c1d5f2beb5f166dd0	a75628f04f037355	cdb39d9cd7838d4a	yes	chase_order,decisions,first_deck_score,moves,points,turns,winner_seat	0	1	[3,0]	[1,4]	{"coin_full_prevention":[48,60,74,89,101],"coin_queued_offered":[73,74,88,89,100,101],"coin_queued_offered_any":[73,74,88,89,100,101]}	{"coin_defender_attack":8,"coin_queued_attack_damage":3}	{}	{}	no	no
8	k3	14	100	23100140100	rl/results/engine_switch_rules_2026-10/carriers/alternates/togekiss_meowth.txt	14af182c3b0fecb75dcd6ee28d011c28e86a5f8f	decks/screen/opponents/t-vespiquen.txt	fb36fa1fe15cbacb8740ad1c1d5f2beb5f166dd0	6dd4370b69d25006	c1e64092fe8bb142	yes	chase_order,decisions,first_deck_score,moves,points,turns,winner_seat	1	0	[0,3]	[4,0]	{"coin_full_prevention":[37,53,70,84,96],"coin_queued_offered":[37,53,69,70,83,84,95,96],"coin_queued_offered_any":[37,53,69,70,83,84,95,96]}	{"coin_defender_attack":10,"coin_queued_attack_damage":5}	{}	{}	no	no
8	k3	14	101	23100140101	rl/results/engine_switch_rules_2026-10/carriers/alternates/togekiss_meowth.txt	14af182c3b0fecb75dcd6ee28d011c28e86a5f8f	decks/screen/opponents/t-vespiquen.txt	fb36fa1fe15cbacb8740ad1c1d5f2beb5f166dd0	177c803198a736f8	a7c4ac28082d8d1e	yes	chase_order,decisions,moves,points,turns	0	0	[3,0]	[3,2]	{"coin_full_prevention":[21,34,48,83,95,115],"coin_queued_offered":[48,83,95,114,115],"coin_queued_offered_any":[48,83,95,114,115]}	{"coin_defender_attack":12,"coin_queued_attack_damage":4}	{}	{"offgate_helper_by_mechanic":{"OptionalDiscardBenchedBasicForExtraDamage":[63]},"offgate_helper_choice":[63]}	no	no
8	k3	14	102	23100140102	rl/results/engine_switch_rules_2026-10/carriers/alternates/togekiss_meowth.txt	14af182c3b0fecb75dcd6ee28d011c28e86a5f8f	decks/screen/opponents/t-vespiquen.txt	fb36fa1fe15cbacb8740ad1c1d5f2beb5f166dd0	006eb02795c9c5ef	18f1faa07e9515a6	yes	chase_order,decisions,moves,turns	1	1	[0,3]	[0,3]	{"coin_full_prevention":[73,93],"coin_queued_offered":[73,93],"coin_queued_offered_any":[73,93]}	{"coin_defender_attack":8,"coin_queued_attack_damage":2}	{}	{}	no	no
8	k3	14	103	23100140103	rl/results/engine_switch_rules_2026-10/carriers/alternates/togekiss_meowth.txt	14af182c3b0fecb75dcd6ee28d011c28e86a5f8f	decks/screen/opponents/t-vespiquen.txt	fb36fa1fe15cbacb8740ad1c1d5f2beb5f166dd0	27aeffdf2ccd7458	ab10408afb72fd1c	yes	chase_order,decisions,moves	0	0	[3,0]	[3,0]	{"coin_full_prevention":[54,66]}	{"coin_defender_attack":4}	{}	{}	yes	yes
8	k3	14	104	23100140104	rl/results/engine_switch_rules_2026-10/carriers/alternates/togekiss_meowth.txt	14af182c3b0fecb75dcd6ee28d011c28e86a5f8f	decks/screen/opponents/t-vespiquen.txt	fb36fa1fe15cbacb8740ad1c1d5f2beb5f166dd0	11a48fdaa9fb010b	9536f85f51182212	yes	chase_order,decisions,moves	1	1	[0,3]	[0,3]	{"coin_full_prevention":[34,47,75,89]}	{"coin_defender_attack":5}	{}	{}	yes	yes
8	k3	14	105	23100140105	rl/results/engine_switch_rules_2026-10/carriers/alternates/togekiss_meowth.txt	14af182c3b0fecb75dcd6ee28d011c28e86a5f8f	decks/screen/opponents/t-vespiquen.txt	fb36fa1fe15cbacb8740ad1c1d5f2beb5f166dd0	122c2bc7575b4018	c72cd62f4e8e9ecc	yes	chase_order,decisions,first_deck_score,moves,points,turns,winner_seat	0	1	[3,0]	[2,4]	{"coin_full_prevention":[63,75,90,108],"coin_queued_offered":[89,90,107,108],"coin_queued_offered_any":[89,90,107,108]}	{"coin_defender_attack":8,"coin_queued_attack_damage":2}	{}	{}	no	no
8	k3	14	106	23100140106	rl/results/engine_switch_rules_2026-10/carriers/alternates/togekiss_meowth.txt	14af182c3b0fecb75dcd6ee28d011c28e86a5f8f	decks/screen/opponents/t-vespiquen.txt	fb36fa1fe15cbacb8740ad1c1d5f2beb5f166dd0	34bcff8830778823	f547fa86f62543c4	yes	chase_order,decisions,moves	1	1	[0,3]	[0,3]	{"coin_full_prevention":[34,47,62,77],"coin_queued_offered":[46,47,62,76,77],"coin_queued_offered_any":[46,47,62,76,77]}	{"coin_defender_attack":8,"coin_queued_attack_damage":3}	{}	{}	no	no
8	k3	14	107	23100140107	rl/results/engine_switch_rules_2026-10/carriers/alternates/togekiss_meowth.txt	14af182c3b0fecb75dcd6ee28d011c28e86a5f8f	decks/screen/opponents/t-vespiquen.txt	fb36fa1fe15cbacb8740ad1c1d5f2beb5f166dd0	8584addc65de36a6	5a74b36a8ec51bdb	yes	chase_order,decisions,moves	0	0	[3,2]	[3,2]	{"coin_full_prevention":[32,46,65,77,105],"coin_queued_offered":[104,105],"coin_queued_offered_any":[104,105]}	{"coin_defender_attack":9,"coin_queued_attack_damage":1}	{}	{"offgate_helper_by_mechanic":{"OptionalDiscardBenchedBasicForExtraDamage":[91]},"offgate_helper_choice":[91]}	no	no
8	k3	14	108	23100140108	rl/results/engine_switch_rules_2026-10/carriers/alternates/togekiss_meowth.txt	14af182c3b0fecb75dcd6ee28d011c28e86a5f8f	decks/screen/opponents/t-vespiquen.txt	fb36fa1fe15cbacb8740ad1c1d5f2beb5f166dd0	5b1ed31b53b2accb	b13fba346297e7ba	yes	chase_order,decisions,moves	1	1	[2,3]	[2,3]	{"coin_full_prevention":[41,59,75,88,104,118],"coin_queued_offered":[88,103,104,118],"coin_queued_offered_any":[88,103,104,118]}	{"coin_defender_attack":10,"coin_queued_attack_damage":3}	{}	{}	no	no
8	k3	14	109	23100140109	rl/results/engine_switch_rules_2026-10/carriers/alternates/togekiss_meowth.txt	14af182c3b0fecb75dcd6ee28d011c28e86a5f8f	decks/screen/opponents/t-vespiquen.txt	fb36fa1fe15cbacb8740ad1c1d5f2beb5f166dd0	46d15a9b10c5e4b1	1197298acbaee420	yes	decisions,first_deck_score,moves,points,turns,winner_seat	0	1	[3,2]	[1,4]	{"coin_full_prevention":[19,35,52,62,74,85],"coin_queued_offered":[74,85],"coin_queued_offered_any":[74,85]}	{"coin_defender_attack":8,"coin_queued_attack_damage":2}	{}	{}	no	no
8	k3	14	110	23100140110	rl/results/engine_switch_rules_2026-10/carriers/alternates/togekiss_meowth.txt	14af182c3b0fecb75dcd6ee28d011c28e86a5f8f	decks/screen/opponents/t-vespiquen.txt	fb36fa1fe15cbacb8740ad1c1d5f2beb5f166dd0	027a5bc1e3d5c2e3	da9b36fd5a2e9e67	yes	chase_order,decisions,first_deck_score,moves,points,turns,winner_seat	1	0	[0,3]	[4,1]	{"coin_full_prevention":[53,66,78],"coin_queued_offered":[52,53,65,66,77,78],"coin_queued_offered_any":[52,53,65,66,77,78]}	{"coin_defender_attack":9,"coin_queued_attack_damage":3}	{}	{}	no	no
8	k3	14	111	23100140111	rl/results/engine_switch_rules_2026-10/carriers/alternates/togekiss_meowth.txt	14af182c3b0fecb75dcd6ee28d011c28e86a5f8f	decks/screen/opponents/t-vespiquen.txt	fb36fa1fe15cbacb8740ad1c1d5f2beb5f166dd0	0ae6ca0e65b3d6e5	8cdf6ec24b960897	yes	decisions,first_deck_score,moves,points,turns,winner_seat	0	1	[3,2]	[1,4]	{"coin_full_prevention":[21,34,52,65,98,111,123],"coin_queued_offered":[52,64,65],"coin_queued_offered_any":[52,64,65]}	{"coin_defender_attack":10,"coin_queued_attack_damage":2}	{}	{}	no	no
8	k3	14	112	23100140112	rl/results/engine_switch_rules_2026-10/carriers/alternates/togekiss_meowth.txt	14af182c3b0fecb75dcd6ee28d011c28e86a5f8f	decks/screen/opponents/t-vespiquen.txt	fb36fa1fe15cbacb8740ad1c1d5f2beb5f166dd0	07f32871c519cf93	db4e708d7c709b6b	yes	chase_order,decisions,first_deck_score,moves,points,turns,winner_seat	1	0	[1,3]	[3,0]	{"coin_full_prevention":[33,49,63,79,93],"coin_queued_offered":[78,79,92,93],"coin_queued_offered_any":[78,79,92,93]}	{"coin_defender_attack":7,"coin_queued_attack_damage":2}	{}	{}	no	no
8	k3	14	113	23100140113	rl/results/engine_switch_rules_2026-10/carriers/alternates/togekiss_meowth.txt	14af182c3b0fecb75dcd6ee28d011c28e86a5f8f	decks/screen/opponents/t-vespiquen.txt	fb36fa1fe15cbacb8740ad1c1d5f2beb5f166dd0	fd9db04d1a730e71	4f2238b5950d2ae1	yes	chase_order,decisions,moves,turns	0	0	[3,2]	[3,2]	{"coin_full_prevention":[34,45,57,85,101],"coin_queued_offered":[57,85,101],"coin_queued_offered_any":[57,85,101]}	{"coin_defender_attack":12,"coin_queued_attack_damage":3}	{}	{"offgate_discard_then_damage":[117],"offgate_helper_by_mechanic":{"OptionalDiscardBenchedBasicForExtraDamage":[70,116,117]},"offgate_helper_choice":[70,116,117]}	no	no
8	k3	14	114	23100140114	rl/results/engine_switch_rules_2026-10/carriers/alternates/togekiss_meowth.txt	14af182c3b0fecb75dcd6ee28d011c28e86a5f8f	decks/screen/opponents/t-vespiquen.txt	fb36fa1fe15cbacb8740ad1c1d5f2beb5f166dd0	a3fcca1d462500e3	64674d7b76a4350c	yes	chase_order,decisions,moves,turns	1	1	[2,3]	[2,3]	{"coin_full_prevention":[55,68,79,90,116],"coin_queued_offered":[79,90,116],"coin_queued_offered_any":[79,90,116]}	{"coin_defender_attack":11,"coin_queued_attack_damage":3}	{}	{"offgate_helper_by_mechanic":{"OptionalDiscardBenchedBasicForExtraDamage":[100]},"offgate_helper_choice":[100]}	no	no
8	k3	14	115	23100140115	rl/results/engine_switch_rules_2026-10/carriers/alternates/togekiss_meowth.txt	14af182c3b0fecb75dcd6ee28d011c28e86a5f8f	decks/screen/opponents/t-vespiquen.txt	fb36fa1fe15cbacb8740ad1c1d5f2beb5f166dd0	3cd9fa1db04019a5	b5b3d0c4683cfcfe	yes	chase_order,decisions,first_deck_score,moves,points,turns,winner_seat	0	1	[3,0]	[2,4]	{"coin_full_prevention":[64,75,92,109,122,136],"coin_queued_offered":[91,92,109,122,135,136],"coin_queued_offered_any":[91,92,109,122,135,136]}	{"coin_defender_attack":11,"coin_queued_attack_damage":4}	{}	{}	no	no
8	k3	14	116	23100140116	rl/results/engine_switch_rules_2026-10/carriers/alternates/togekiss_meowth.txt	14af182c3b0fecb75dcd6ee28d011c28e86a5f8f	decks/screen/opponents/t-vespiquen.txt	fb36fa1fe15cbacb8740ad1c1d5f2beb5f166dd0	1460b61d83954d3b	1a2da95b8d806f8e	yes	chase_order,decisions,first_deck_score,moves,points,turns,winner_seat	1	0	[0,3]	[4,2]	{"coin_full_prevention":[20,36,49,61,88,104,117,130,143],"coin_queued_offered":[61,88,104,116,117],"coin_queued_offered_any":[61,88,104,116,117]}	{"coin_defender_attack":15,"coin_queued_attack_damage":4}	{}	{"offgate_helper_by_mechanic":{"OptionalDiscardBenchedBasicForExtraDamage":[73]},"offgate_helper_choice":[73]}	no	no
8	k3	14	117	23100140117	rl/results/engine_switch_rules_2026-10/carriers/alternates/togekiss_meowth.txt	14af182c3b0fecb75dcd6ee28d011c28e86a5f8f	decks/screen/opponents/t-vespiquen.txt	fb36fa1fe15cbacb8740ad1c1d5f2beb5f166dd0	b1aae9465d1a44e1	504e31168e9ef899	yes	chase_order,decisions,first_deck_score,moves,points,turns,winner_seat	0	1	[3,2]	[2,4]	{"coin_full_prevention":[21,38,88,101,114],"coin_queued_offered":[100,101,113,114],"coin_queued_offered_any":[100,101,113,114]}	{"coin_defender_attack":9,"coin_queued_attack_damage":2}	{}	{}	no	no
8	k3	14	118	23100140118	rl/results/engine_switch_rules_2026-10/carriers/alternates/togekiss_meowth.txt	14af182c3b0fecb75dcd6ee28d011c28e86a5f8f	decks/screen/opponents/t-vespiquen.txt	fb36fa1fe15cbacb8740ad1c1d5f2beb5f166dd0	0f8a33ab04301bf7	746b2e32137d49d7	yes	chase_order,decisions,moves,turns	1	1	[0,3]	[0,3]	{"coin_full_prevention":[34,48,62,76,104,119],"coin_queued_offered":[47,48,62,76,104,119],"coin_queued_offered_any":[47,48,62,76,104,119]}	{"coin_defender_attack":14,"coin_queued_attack_damage":5}	{}	{"offgate_helper_by_mechanic":{"OptionalDiscardBenchedBasicForExtraDamage":[88]},"offgate_helper_choice":[88]}	no	no
8	k3	14	119	23100140119	rl/results/engine_switch_rules_2026-10/carriers/alternates/togekiss_meowth.txt	14af182c3b0fecb75dcd6ee28d011c28e86a5f8f	decks/screen/opponents/t-vespiquen.txt	fb36fa1fe15cbacb8740ad1c1d5f2beb5f166dd0	9d0333b0f04fd9f5	5628b30655f33460	yes	chase_order,decisions,moves,turns	0	0	[3,2]	[3,2]	{"coin_full_prevention":[46,75,88,105],"coin_queued_offered":[74,75,88,105],"coin_queued_offered_any":[74,75,88,105]}	{"coin_defender_attack":8,"coin_queued_attack_damage":3}	{}	{}	no	no
8	k3	14	121	23100140121	rl/results/engine_switch_rules_2026-10/carriers/alternates/togekiss_meowth.txt	14af182c3b0fecb75dcd6ee28d011c28e86a5f8f	decks/screen/opponents/t-vespiquen.txt	fb36fa1fe15cbacb8740ad1c1d5f2beb5f166dd0	b334ace11292102f	5c8befd2e6b79fc5	yes	chase_order,decisions,moves,points,turns	0	0	[3,0]	[3,2]	{"coin_full_prevention":[10,21,36,72,109,122],"coin_queued_offered":[36,72,108,109,121,122],"coin_queued_offered_any":[36,72,108,109,121,122]}	{"coin_defender_attack":14,"coin_queued_attack_damage":4}	{}	{"offgate_discard_then_damage":[88],"offgate_helper_by_mechanic":{"OptionalDiscardBenchedBasicForExtraDamage":[51,87,88]},"offgate_helper_choice":[51,87,88]}	no	no
8	k3	14	122	23100140122	rl/results/engine_switch_rules_2026-10/carriers/alternates/togekiss_meowth.txt	14af182c3b0fecb75dcd6ee28d011c28e86a5f8f	decks/screen/opponents/t-vespiquen.txt	fb36fa1fe15cbacb8740ad1c1d5f2beb5f166dd0	244e5cacca8c25b7	53273d866923b528	yes	chase_order,decisions,first_deck_score,moves,points,turns,winner_seat	1	0	[0,3]	[4,2]	{"coin_full_prevention":[17,30,53,69,83,97,108],"coin_queued_offered":[53,68,69,82,83],"coin_queued_offered_any":[53,68,69,82,83]}	{"coin_defender_attack":10,"coin_queued_attack_damage":3}	{}	{}	no	no
8	k3	14	124	23100140124	rl/results/engine_switch_rules_2026-10/carriers/alternates/togekiss_meowth.txt	14af182c3b0fecb75dcd6ee28d011c28e86a5f8f	decks/screen/opponents/t-vespiquen.txt	fb36fa1fe15cbacb8740ad1c1d5f2beb5f166dd0	feeb683dff4931dc	ce7f6a8fc544e1e4	yes	chase_order,decisions,moves,turns	1	1	[0,3]	[0,3]	{"coin_full_prevention":[63,77,93],"coin_queued_offered":[63,77,93],"coin_queued_offered_any":[63,77,93]}	{"coin_defender_attack":10,"coin_queued_attack_damage":3}	{}	{"offgate_helper_by_mechanic":{"OptionalDiscardBenchedBasicForExtraDamage":[49]},"offgate_helper_choice":[49]}	no	no
8	k3	14	125	23100140125	rl/results/engine_switch_rules_2026-10/carriers/alternates/togekiss_meowth.txt	14af182c3b0fecb75dcd6ee28d011c28e86a5f8f	decks/screen/opponents/t-vespiquen.txt	fb36fa1fe15cbacb8740ad1c1d5f2beb5f166dd0	8259b11e5289bf6d	568c42084507ee34	yes	chase_order,decisions,moves,turns	0	0	[3,0]	[3,0]	{"coin_full_prevention":[52,64,93,107,120,133],"coin_queued_offered":[92,93,106,107,120,133],"coin_queued_offered_any":[92,93,106,107,120,133]}	{"coin_defender_attack":14,"coin_queued_attack_damage":4}	{}	{"offgate_helper_by_mechanic":{"OptionalDiscardBenchedBasicForExtraDamage":[78]},"offgate_helper_choice":[78]}	no	no
8	k3	14	126	23100140126	rl/results/engine_switch_rules_2026-10/carriers/alternates/togekiss_meowth.txt	14af182c3b0fecb75dcd6ee28d011c28e86a5f8f	decks/screen/opponents/t-vespiquen.txt	fb36fa1fe15cbacb8740ad1c1d5f2beb5f166dd0	cb69a1d27a14ab72	0c6bafd3681e2991	yes	chase_order,decisions,moves,turns	0	0	[4,2]	[4,2]	{"coin_full_prevention":[30,44,58,78,106,123,136,150,163,171],"coin_queued_offered":[105,106,123,136,149,150],"coin_queued_offered_any":[105,106,123,136,149,150]}	{"coin_defender_attack":15,"coin_queued_attack_damage":4}	{}	{}	no	no
8	k3	14	127	23100140127	rl/results/engine_switch_rules_2026-10/carriers/alternates/togekiss_meowth.txt	14af182c3b0fecb75dcd6ee28d011c28e86a5f8f	decks/screen/opponents/t-vespiquen.txt	fb36fa1fe15cbacb8740ad1c1d5f2beb5f166dd0	c571b9e84e8874da	e4e5975aec44c5a7	yes	chase_order,decisions,moves,points,turns	0	0	[3,0]	[3,2]	{"coin_full_prevention":[22,35,51,67,85,115,126,136],"coin_queued_offered":[51,66,67,126,136],"coin_queued_offered_any":[51,66,67,126,136]}	{"coin_defender_attack":12,"coin_queued_attack_damage":4}	{}	{}	no	no
8	k3	14	128	23100140128	rl/results/engine_switch_rules_2026-10/carriers/alternates/togekiss_meowth.txt	14af182c3b0fecb75dcd6ee28d011c28e86a5f8f	decks/screen/opponents/t-vespiquen.txt	fb36fa1fe15cbacb8740ad1c1d5f2beb5f166dd0	12fb6d4e0715311b	8d0047cdcdd6c96e	yes	chase_order,decisions,moves,turns	1	1	[0,3]	[0,3]	{"coin_full_prevention":[27,58,68,79]}	{"coin_defender_attack":5}	{}	{}	yes	yes
8	k3	14	129	23100140129	rl/results/engine_switch_rules_2026-10/carriers/alternates/togekiss_meowth.txt	14af182c3b0fecb75dcd6ee28d011c28e86a5f8f	decks/screen/opponents/t-vespiquen.txt	fb36fa1fe15cbacb8740ad1c1d5f2beb5f166dd0	e1d15103693f00a3	0dc66f943ac9d9b0	yes	chase_order,decisions,moves,turns	0	0	[3,0]	[3,0]	{"coin_full_prevention":[22,33,80,95],"coin_queued_offered":[79,80,94,95],"coin_queued_offered_any":[79,80,94,95]}	{"coin_defender_attack":8,"coin_queued_attack_damage":2}	{}	{}	no	no
8	k3	14	130	23100140130	rl/results/engine_switch_rules_2026-10/carriers/alternates/togekiss_meowth.txt	14af182c3b0fecb75dcd6ee28d011c28e86a5f8f	decks/screen/opponents/t-vespiquen.txt	fb36fa1fe15cbacb8740ad1c1d5f2beb5f166dd0	758b47cd6027090d	5f000cef8f895470	yes	chase_order,decisions,first_deck_score,moves,points,turns,winner_seat	1	0	[0,3]	[4,2]	{"coin_full_prevention":[25,38,92,104,116,125],"coin_queued_offered":[91,92],"coin_queued_offered_any":[91,92]}	{"coin_defender_attack":11,"coin_queued_attack_damage":1}	{}	{"offgate_discard_then_damage":[74],"offgate_helper_by_mechanic":{"OptionalDiscardBenchedBasicForExtraDamage":[55,73,74]},"offgate_helper_choice":[55,73,74]}	no	no
8	k3	14	131	23100140131	rl/results/engine_switch_rules_2026-10/carriers/alternates/togekiss_meowth.txt	14af182c3b0fecb75dcd6ee28d011c28e86a5f8f	decks/screen/opponents/t-vespiquen.txt	fb36fa1fe15cbacb8740ad1c1d5f2beb5f166dd0	c5721e338fbfc4d6	a1ed5bbf24a3cd78	yes	chase_order,decisions,moves,turns	0	0	[3,2]	[3,2]	{"coin_full_prevention":[34,44,53,68,85,100,130],"coin_queued_offered":[67,68,85,100],"coin_queued_offered_any":[67,68,85,100]}	{"coin_defender_attack":11,"coin_queued_attack_damage":3}	{}	{}	no	no
8	k3	14	132	23100140132	rl/results/engine_switch_rules_2026-10/carriers/alternates/togekiss_meowth.txt	14af182c3b0fecb75dcd6ee28d011c28e86a5f8f	decks/screen/opponents/t-vespiquen.txt	fb36fa1fe15cbacb8740ad1c1d5f2beb5f166dd0	1be9c061bf8cc4ae	424ff9dd2de27ac2	yes	decisions,moves	1	1	[0,3]	[0,3]	{"coin_full_prevention":[69],"coin_queued_offered":[69],"coin_queued_offered_any":[69]}	{"coin_defender_attack":5,"coin_queued_attack_damage":1}	{}	{}	no	no
8	k3	14	133	23100140133	rl/results/engine_switch_rules_2026-10/carriers/alternates/togekiss_meowth.txt	14af182c3b0fecb75dcd6ee28d011c28e86a5f8f	decks/screen/opponents/t-vespiquen.txt	fb36fa1fe15cbacb8740ad1c1d5f2beb5f166dd0	14b626c7b77d64bd	6155d05a07cbecc0	yes	chase_order,decisions,moves	0	0	[3,0]	[3,0]	{"coin_full_prevention":[19,37],"coin_queued_offered":[37],"coin_queued_offered_any":[37]}	{"coin_defender_attack":3,"coin_queued_attack_damage":1}	{}	{"offgate_discard_then_damage":[62],"offgate_helper_by_mechanic":{"OptionalDiscardBenchedBasicForExtraDamage":[50,61,62]},"offgate_helper_choice":[50,61,62]}	no	no
8	k3	14	134	23100140134	rl/results/engine_switch_rules_2026-10/carriers/alternates/togekiss_meowth.txt	14af182c3b0fecb75dcd6ee28d011c28e86a5f8f	decks/screen/opponents/t-vespiquen.txt	fb36fa1fe15cbacb8740ad1c1d5f2beb5f166dd0	c57ac62f21cb6b5f	0cec6663e4ff2aad	yes	chase_order,decisions,moves	1	1	[0,3]	[0,3]	{"coin_full_prevention":[81],"coin_queued_offered":[80,81],"coin_queued_offered_any":[80,81]}	{"coin_defender_attack":5,"coin_queued_attack_damage":1}	{}	{}	no	no
8	k3	14	136	23100140136	rl/results/engine_switch_rules_2026-10/carriers/alternates/togekiss_meowth.txt	14af182c3b0fecb75dcd6ee28d011c28e86a5f8f	decks/screen/opponents/t-vespiquen.txt	fb36fa1fe15cbacb8740ad1c1d5f2beb5f166dd0	aea476d75d04d6ba	f0280e5e7198ce59	yes	chase_order,decisions,moves	1	1	[2,3]	[2,3]	{"coin_full_prevention":[35,66,78,90,104],"coin_queued_offered":[65,66,89,90,104],"coin_queued_offered_any":[65,66,89,90,104]}	{"coin_defender_attack":11,"coin_queued_attack_damage":3}	{}	{"offgate_helper_by_mechanic":{"OptionalDiscardBenchedBasicForExtraDamage":[52]},"offgate_helper_choice":[52]}	no	no
8	k3	14	137	23100140137	rl/results/engine_switch_rules_2026-10/carriers/alternates/togekiss_meowth.txt	14af182c3b0fecb75dcd6ee28d011c28e86a5f8f	decks/screen/opponents/t-vespiquen.txt	fb36fa1fe15cbacb8740ad1c1d5f2beb5f166dd0	a76580cc412461c3	50ee1603cd5502db	yes	chase_order,decisions,moves,turns	0	0	[3,0]	[3,0]	{"coin_full_prevention":[54,69,83,100],"coin_queued_offered":[53,54,68,69,83,100],"coin_queued_offered_any":[53,54,68,69,83,100]}	{"coin_defender_attack":10,"coin_queued_attack_damage":4}	{}	{}	no	no
8	k3	14	139	23100140139	rl/results/engine_switch_rules_2026-10/carriers/alternates/togekiss_meowth.txt	14af182c3b0fecb75dcd6ee28d011c28e86a5f8f	decks/screen/opponents/t-vespiquen.txt	fb36fa1fe15cbacb8740ad1c1d5f2beb5f166dd0	27396ba1c6668f4c	7686edc511776551	yes	chase_order,decisions,first_deck_score,moves,points,turns,winner_seat	0	1	[3,2]	[1,4]	{"coin_full_prevention":[29,46,79,92],"coin_queued_offered":[78,79,92],"coin_queued_offered_any":[78,79,92]}	{"coin_defender_attack":8,"coin_queued_attack_damage":2}	{}	{"offgate_helper_by_mechanic":{"OptionalDiscardBenchedBasicForExtraDamage":[62]},"offgate_helper_choice":[62]}	no	no
8	k3	14	140	23100140140	rl/results/engine_switch_rules_2026-10/carriers/alternates/togekiss_meowth.txt	14af182c3b0fecb75dcd6ee28d011c28e86a5f8f	decks/screen/opponents/t-vespiquen.txt	fb36fa1fe15cbacb8740ad1c1d5f2beb5f166dd0	d34b49ca387ef01d	e9ba7f9f91259a10	yes	chase_order,decisions,moves,points,turns	1	1	[0,3]	[2,3]	{"coin_full_prevention":[58,70,85,97,110],"coin_queued_offered":[58,70,84,85,110],"coin_queued_offered_any":[58,70,84,85,110]}	{"coin_defender_attack":11,"coin_queued_attack_damage":4}	{}	{"offgate_helper_by_mechanic":{"OptionalDiscardBenchedBasicForExtraDamage":[41]},"offgate_helper_choice":[41]}	no	no
8	k3	14	141	23100140141	rl/results/engine_switch_rules_2026-10/carriers/alternates/togekiss_meowth.txt	14af182c3b0fecb75dcd6ee28d011c28e86a5f8f	decks/screen/opponents/t-vespiquen.txt	fb36fa1fe15cbacb8740ad1c1d5f2beb5f166dd0	9fec7ce977ab78c9	bff6bc4b0f7af287	yes	chase_order,decisions,moves,points,turns	0	0	[1,0]	[2,0]	{"coin_full_prevention":[37,52],"coin_queued_offered":[36,37,51,52],"coin_queued_offered_any":[36,37,51,52]}	{"coin_defender_attack":4,"coin_queued_attack_damage":2}	{}	{"offgate_helper_by_mechanic":{"OptionalDiscardBenchedBasicForExtraDamage":[62]},"offgate_helper_choice":[62]}	no	no
8	k3	14	142	23100140142	rl/results/engine_switch_rules_2026-10/carriers/alternates/togekiss_meowth.txt	14af182c3b0fecb75dcd6ee28d011c28e86a5f8f	decks/screen/opponents/t-vespiquen.txt	fb36fa1fe15cbacb8740ad1c1d5f2beb5f166dd0	b411c6b9b05e5d18	ec98c9c3d7482bf6	yes	chase_order,decisions,moves,points,turns	1	1	[0,3]	[2,3]	{"coin_full_prevention":[71,95,111,127,139,150],"coin_queued_offered":[94,95,111,127,149,150],"coin_queued_offered_any":[94,95,111,127,149,150]}	{"coin_defender_attack":13,"coin_queued_attack_damage":4}	{}	{}	no	no
8	k3	14	143	23100140143	rl/results/engine_switch_rules_2026-10/carriers/alternates/togekiss_meowth.txt	14af182c3b0fecb75dcd6ee28d011c28e86a5f8f	decks/screen/opponents/t-vespiquen.txt	fb36fa1fe15cbacb8740ad1c1d5f2beb5f166dd0	f4d3a0b6e07edcee	44fcd5fe9453f29c	yes	chase_order,decisions,moves,turns	0	0	[3,2]	[3,2]	{"coin_full_prevention":[46,60,70,81,93],"coin_queued_offered":[81,93],"coin_queued_offered_any":[81,93]}	{"coin_defender_attack":9,"coin_queued_attack_damage":2}	{}	{"offgate_helper_by_mechanic":{"OptionalDiscardBenchedBasicForExtraDamage":[103]},"offgate_helper_choice":[103]}	no	no
8	k3	14	144	23100140144	rl/results/engine_switch_rules_2026-10/carriers/alternates/togekiss_meowth.txt	14af182c3b0fecb75dcd6ee28d011c28e86a5f8f	decks/screen/opponents/t-vespiquen.txt	fb36fa1fe15cbacb8740ad1c1d5f2beb5f166dd0	72040e87d3253bf3	87fb54911bfd9796	yes	chase_order,decisions,moves,points,turns	1	1	[0,3]	[2,3]	{"coin_full_prevention":[17,29,45,62,76,90,105],"coin_queued_offered":[90,105],"coin_queued_offered_any":[90,105]}	{"coin_defender_attack":9,"coin_queued_attack_damage":2}	{}	{}	no	no
8	k3	14	145	23100140145	rl/results/engine_switch_rules_2026-10/carriers/alternates/togekiss_meowth.txt	14af182c3b0fecb75dcd6ee28d011c28e86a5f8f	decks/screen/opponents/t-vespiquen.txt	fb36fa1fe15cbacb8740ad1c1d5f2beb5f166dd0	c440a5a08d728f81	45d693ae859f1b94	yes	decisions,moves	0	0	[3,0]	[3,0]	{"coin_full_prevention":[55],"coin_queued_offered":[55],"coin_queued_offered_any":[55]}	{"coin_defender_attack":6,"coin_queued_attack_damage":1}	{}	{"offgate_helper_by_mechanic":{"OptionalDiscardBenchedBasicForExtraDamage":[66]},"offgate_helper_choice":[66]}	no	no
8	k3	14	146	23100140146	rl/results/engine_switch_rules_2026-10/carriers/alternates/togekiss_meowth.txt	14af182c3b0fecb75dcd6ee28d011c28e86a5f8f	decks/screen/opponents/t-vespiquen.txt	fb36fa1fe15cbacb8740ad1c1d5f2beb5f166dd0	6eef025e32ff9074	f4f09fe87c1766d8	yes	chase_order,decisions,first_deck_score,moves,points,turns,winner_seat	1	0	[0,3]	[4,2]	{"coin_full_prevention":[53,68,84,98,111,121],"coin_queued_offered":[53,67,68],"coin_queued_offered_any":[53,67,68]}	{"coin_defender_attack":9,"coin_queued_attack_damage":2}	{}	{}	no	no
8	k3	14	148	23100140148	rl/results/engine_switch_rules_2026-10/carriers/alternates/togekiss_meowth.txt	14af182c3b0fecb75dcd6ee28d011c28e86a5f8f	decks/screen/opponents/t-vespiquen.txt	fb36fa1fe15cbacb8740ad1c1d5f2beb5f166dd0	34eaaf2ceed31fea	f9d1ff31a01901bd	yes	chase_order,decisions,moves,turns	1	1	[0,3]	[0,3]	{"coin_full_prevention":[45,58,69,83,108],"coin_queued_offered":[57,58,69],"coin_queued_offered_any":[57,58,69]}	{"coin_defender_attack":9,"coin_queued_attack_damage":2}	{}	{}	no	no
8	k3	14	149	23100140149	rl/results/engine_switch_rules_2026-10/carriers/alternates/togekiss_meowth.txt	14af182c3b0fecb75dcd6ee28d011c28e86a5f8f	decks/screen/opponents/t-vespiquen.txt	fb36fa1fe15cbacb8740ad1c1d5f2beb5f166dd0	df1c53c89a178b1e	8f050e90b59b4fe2	yes	chase_order,decisions,moves,turns	0	0	[3,0]	[3,0]	{"coin_full_prevention":[65,80],"coin_queued_offered":[65,80],"coin_queued_offered_any":[65,80]}	{"coin_defender_attack":9,"coin_queued_attack_damage":2}	{}	{"offgate_helper_by_mechanic":{"OptionalDiscardBenchedBasicForExtraDamage":[91]},"offgate_helper_choice":[91]}	no	no
8	k3	14	150	23100140150	rl/results/engine_switch_rules_2026-10/carriers/alternates/togekiss_meowth.txt	14af182c3b0fecb75dcd6ee28d011c28e86a5f8f	decks/screen/opponents/t-vespiquen.txt	fb36fa1fe15cbacb8740ad1c1d5f2beb5f166dd0	e1a172119bacc694	50404f2e44f932e8	yes	chase_order,decisions,moves,points,turns	1	1	[0,3]	[2,3]	{"coin_full_prevention":[30,45,61,76,89,104],"coin_queued_offered":[44,45,61,76,89,103,104],"coin_queued_offered_any":[44,45,61,76,89,103,104]}	{"coin_defender_attack":14,"coin_queued_attack_damage":5}	{}	{}	no	no
8	k3	14	151	23100140151	rl/results/engine_switch_rules_2026-10/carriers/alternates/togekiss_meowth.txt	14af182c3b0fecb75dcd6ee28d011c28e86a5f8f	decks/screen/opponents/t-vespiquen.txt	fb36fa1fe15cbacb8740ad1c1d5f2beb5f166dd0	1439aab9ef2b0309	39213c4451449988	yes	decisions,moves	0	0	[3,0]	[3,0]	{"coin_full_prevention":[24,41,56,73,88],"coin_queued_offered":[56,72,73,88],"coin_queued_offered_any":[56,72,73,88]}	{"coin_defender_attack":8,"coin_queued_attack_damage":3}	{}	{}	no	no
8	k3	14	152	23100140152	rl/results/engine_switch_rules_2026-10/carriers/alternates/togekiss_meowth.txt	14af182c3b0fecb75dcd6ee28d011c28e86a5f8f	decks/screen/opponents/t-vespiquen.txt	fb36fa1fe15cbacb8740ad1c1d5f2beb5f166dd0	5f20b23a104b557d	dda51d3a30af3114	yes	chase_order,decisions,moves,turns	1	1	[0,3]	[0,3]	{"coin_full_prevention":[19,36,53,68,83,96],"coin_queued_offered":[53,67,68,83,95,96],"coin_queued_offered_any":[53,67,68,83,95,96]}	{"coin_defender_attack":10,"coin_queued_attack_damage":4}	{}	{}	no	no
8	k3	14	153	23100140153	rl/results/engine_switch_rules_2026-10/carriers/alternates/togekiss_meowth.txt	14af182c3b0fecb75dcd6ee28d011c28e86a5f8f	decks/screen/opponents/t-vespiquen.txt	fb36fa1fe15cbacb8740ad1c1d5f2beb5f166dd0	ac8ed651a3ae1d5a	d04661e4b3a99517	yes	chase_order,decisions,moves	0	0	[3,0]	[3,0]	{"coin_full_prevention":[41,53,70,84],"coin_queued_offered":[53,69,70,84],"coin_queued_offered_any":[53,69,70,84]}	{"coin_defender_attack":8,"coin_queued_attack_damage":3}	{}	{}	no	no
8	k3	14	154	23100140154	rl/results/engine_switch_rules_2026-10/carriers/alternates/togekiss_meowth.txt	14af182c3b0fecb75dcd6ee28d011c28e86a5f8f	decks/screen/opponents/t-vespiquen.txt	fb36fa1fe15cbacb8740ad1c1d5f2beb5f166dd0	84360b3a7f4203a8	ff31f4d29bfc80ef	yes	chase_order,decisions,moves,points,turns	1	1	[0,3]	[2,3]	{"coin_full_prevention":[43,58,70,88,102],"coin_queued_offered":[43,58,70,87,88,101,102],"coin_queued_offered_any":[43,58,70,87,88,101,102]}	{"coin_defender_attack":10,"coin_queued_attack_damage":5}	{}	{}	no	no
8	k3	14	155	23100140155	rl/results/engine_switch_rules_2026-10/carriers/alternates/togekiss_meowth.txt	14af182c3b0fecb75dcd6ee28d011c28e86a5f8f	decks/screen/opponents/t-vespiquen.txt	fb36fa1fe15cbacb8740ad1c1d5f2beb5f166dd0	5931a45c5c68906a	69d19fe0b84aa3db	yes	chase_order,decisions,moves,turns	0	0	[3,2]	[3,2]	{"coin_full_prevention":[34,64,78,94,106],"coin_queued_offered":[93,94,105,106],"coin_queued_offered_any":[93,94,105,106]}	{"coin_defender_attack":8,"coin_queued_attack_damage":2}	{}	{}	no	no
8	k3	14	156	23100140156	rl/results/engine_switch_rules_2026-10/carriers/alternates/togekiss_meowth.txt	14af182c3b0fecb75dcd6ee28d011c28e86a5f8f	decks/screen/opponents/t-vespiquen.txt	fb36fa1fe15cbacb8740ad1c1d5f2beb5f166dd0	ce5be153da02bc04	aa856f5269fa197b	yes	decisions,moves	1	1	[0,3]	[0,3]	{"coin_full_prevention":[65,78],"coin_queued_offered":[65,77,78],"coin_queued_offered_any":[65,77,78]}	{"coin_defender_attack":8,"coin_queued_attack_damage":2}	{}	{"offgate_helper_by_mechanic":{"OptionalDiscardBenchedBasicForExtraDamage":[88]},"offgate_helper_choice":[88]}	no	no
8	k3	14	157	23100140157	rl/results/engine_switch_rules_2026-10/carriers/alternates/togekiss_meowth.txt	14af182c3b0fecb75dcd6ee28d011c28e86a5f8f	decks/screen/opponents/t-vespiquen.txt	fb36fa1fe15cbacb8740ad1c1d5f2beb5f166dd0	616dcacf9b24ac59	f8c296189e3f762e	yes	chase_order,decisions,moves	0	0	[3,0]	[3,0]	{"coin_full_prevention":[41,56,72],"coin_queued_offered":[56,71,72],"coin_queued_offered_any":[56,71,72]}	{"coin_defender_attack":6,"coin_queued_attack_damage":2}	{}	{"offgate_discard_then_damage":[87],"offgate_helper_by_mechanic":{"OptionalDiscardBenchedBasicForExtraDamage":[86,87]},"offgate_helper_choice":[86,87]}	no	no
8	k3	14	158	23100140158	rl/results/engine_switch_rules_2026-10/carriers/alternates/togekiss_meowth.txt	14af182c3b0fecb75dcd6ee28d011c28e86a5f8f	decks/screen/opponents/t-vespiquen.txt	fb36fa1fe15cbacb8740ad1c1d5f2beb5f166dd0	7e1330e8667b6e7d	3ad825d7f9d0820c	yes	chase_order,decisions,moves,points,turns	1	1	[0,3]	[2,3]	{"coin_full_prevention":[72,85,100],"coin_queued_offered":[71,72,84,85],"coin_queued_offered_any":[71,72,84,85]}	{"coin_defender_attack":9,"coin_queued_attack_damage":2}	{}	{}	no	no
8	k3	14	159	23100140159	rl/results/engine_switch_rules_2026-10/carriers/alternates/togekiss_meowth.txt	14af182c3b0fecb75dcd6ee28d011c28e86a5f8f	decks/screen/opponents/t-vespiquen.txt	fb36fa1fe15cbacb8740ad1c1d5f2beb5f166dd0	6eb89985e22e5011	4fc1cf3b2796e76c	yes	chase_order,decisions,first_deck_score,moves,points,turns,winner_seat	0	1	[3,2]	[1,4]	{"coin_full_prevention":[47,59,99],"coin_queued_offered":[98,99],"coin_queued_offered_any":[98,99]}	{"coin_defender_attack":7,"coin_queued_attack_damage":1}	{}	{"offgate_helper_by_mechanic":{"OptionalDiscardBenchedBasicForExtraDamage":[86]},"offgate_helper_choice":[86]}	no	no
8	k3	14	160	23100140160	rl/results/engine_switch_rules_2026-10/carriers/alternates/togekiss_meowth.txt	14af182c3b0fecb75dcd6ee28d011c28e86a5f8f	decks/screen/opponents/t-vespiquen.txt	fb36fa1fe15cbacb8740ad1c1d5f2beb5f166dd0	3b250c079489b56b	edcdb6a09e5f8f32	yes	decisions,moves	1	1	[2,3]	[2,3]	{"coin_full_prevention":[47,59,107,119],"coin_queued_offered":[106,107,118,119],"coin_queued_offered_any":[106,107,118,119]}	{"coin_defender_attack":8,"coin_queued_attack_damage":2}	{}	{}	no	no
8	k3	14	162	23100140162	rl/results/engine_switch_rules_2026-10/carriers/alternates/togekiss_meowth.txt	14af182c3b0fecb75dcd6ee28d011c28e86a5f8f	decks/screen/opponents/t-vespiquen.txt	fb36fa1fe15cbacb8740ad1c1d5f2beb5f166dd0	3e85de85504d75d8	bd0a40487138b546	yes	chase_order,decisions,first_deck_score,moves,points,turns,winner_seat	1	0	[1,3]	[3,0]	{"coin_full_prevention":[31,46,61,74],"coin_queued_offered":[60,61,73,74],"coin_queued_offered_any":[60,61,73,74]}	{"coin_defender_attack":7,"coin_queued_attack_damage":2}	{}	{}	no	no
8	k3	14	163	23100140163	rl/results/engine_switch_rules_2026-10/carriers/alternates/togekiss_meowth.txt	14af182c3b0fecb75dcd6ee28d011c28e86a5f8f	decks/screen/opponents/t-vespiquen.txt	fb36fa1fe15cbacb8740ad1c1d5f2beb5f166dd0	86d5bea3b7da3008	a9a6fc220d980571	yes	chase_order,decisions,moves,points,turns	0	0	[3,0]	[3,2]	{"coin_full_prevention":[45,61,74,89],"coin_queued_offered":[45,60,61,73,74,89],"coin_queued_offered_any":[45,60,61,73,74,89]}	{"coin_defender_attack":8,"coin_queued_attack_damage":4}	{}	{}	no	no
8	k3	14	164	23100140164	rl/results/engine_switch_rules_2026-10/carriers/alternates/togekiss_meowth.txt	14af182c3b0fecb75dcd6ee28d011c28e86a5f8f	decks/screen/opponents/t-vespiquen.txt	fb36fa1fe15cbacb8740ad1c1d5f2beb5f166dd0	1ea6f05574b9136b	da7d847d1692832b	yes	chase_order,decisions,moves	1	1	[0,3]	[0,3]	{"coin_full_prevention":[47,62,78,93],"coin_queued_offered":[62,77,78,92,93],"coin_queued_offered_any":[62,77,78,92,93]}	{"coin_defender_attack":8,"coin_queued_attack_damage":3}	{}	{}	no	no
8	k3	14	165	23100140165	rl/results/engine_switch_rules_2026-10/carriers/alternates/togekiss_meowth.txt	14af182c3b0fecb75dcd6ee28d011c28e86a5f8f	decks/screen/opponents/t-vespiquen.txt	fb36fa1fe15cbacb8740ad1c1d5f2beb5f166dd0	5ef9c53527b2de31	0501dc52bfd13f3e	yes	chase_order,decisions,first_deck_score,moves,points,turns,winner_seat	0	1	[3,1]	[0,3]	{"coin_full_prevention":[55,69],"coin_queued_offered":[54,55,68,69],"coin_queued_offered_any":[54,55,68,69]}	{"coin_defender_attack":4,"coin_queued_attack_damage":2}	{}	{}	no	no
8	k3	14	166	23100140166	rl/results/engine_switch_rules_2026-10/carriers/alternates/togekiss_meowth.txt	14af182c3b0fecb75dcd6ee28d011c28e86a5f8f	decks/screen/opponents/t-vespiquen.txt	fb36fa1fe15cbacb8740ad1c1d5f2beb5f166dd0	83946463595e3932	671ed81ab3e80746	yes	chase_order,decisions,moves	1	1	[0,3]	[0,3]	{"coin_full_prevention":[51,66,96],"coin_queued_offered":[95,96],"coin_queued_offered_any":[95,96]}	{"coin_defender_attack":7,"coin_queued_attack_damage":1}	{}	{}	no	no
8	k3	14	167	23100140167	rl/results/engine_switch_rules_2026-10/carriers/alternates/togekiss_meowth.txt	14af182c3b0fecb75dcd6ee28d011c28e86a5f8f	decks/screen/opponents/t-vespiquen.txt	fb36fa1fe15cbacb8740ad1c1d5f2beb5f166dd0	972f5bdb091ab7db	d67372b3a7526c7a	yes	chase_order,decisions,first_deck_score,moves,points,turns,winner_seat	0	1	[3,0]	[1,4]	{"coin_full_prevention":[47,65,78,96,112,125],"coin_queued_offered":[47,65,78,95,96],"coin_queued_offered_any":[47,65,78,95,96]}	{"coin_defender_attack":12,"coin_queued_attack_damage":4}	{}	{}	no	no
8	k3	14	168	23100140168	rl/results/engine_switch_rules_2026-10/carriers/alternates/togekiss_meowth.txt	14af182c3b0fecb75dcd6ee28d011c28e86a5f8f	decks/screen/opponents/t-vespiquen.txt	fb36fa1fe15cbacb8740ad1c1d5f2beb5f166dd0	86e658323722de5a	c91c1786285ac624	yes	chase_order,decisions,moves,turns	1	1	[0,3]	[0,3]	{"coin_full_prevention":[52,66,95,110,126],"coin_queued_offered":[66,95,110,125,126],"coin_queued_offered_any":[66,95,110,125,126]}	{"coin_defender_attack":13,"coin_queued_attack_damage":4}	{}	{"offgate_helper_by_mechanic":{"OptionalDiscardBenchedBasicForExtraDamage":[81]},"offgate_helper_choice":[81]}	no	no
8	k3	14	169	23100140169	rl/results/engine_switch_rules_2026-10/carriers/alternates/togekiss_meowth.txt	14af182c3b0fecb75dcd6ee28d011c28e86a5f8f	decks/screen/opponents/t-vespiquen.txt	fb36fa1fe15cbacb8740ad1c1d5f2beb5f166dd0	8b94a1a201595a6c	a02458c2da1c5156	yes	chase_order,decisions,moves,turns	0	0	[3,0]	[3,0]	{"coin_full_prevention":[45,62,79],"coin_queued_offered":[44,45,62,78,79],"coin_queued_offered_any":[44,45,62,78,79]}	{"coin_defender_attack":10,"coin_queued_attack_damage":3}	{}	{"offgate_helper_by_mechanic":{"OptionalDiscardBenchedBasicForExtraDamage":[91]},"offgate_helper_choice":[91]}	no	no
8	k3	14	170	23100140170	rl/results/engine_switch_rules_2026-10/carriers/alternates/togekiss_meowth.txt	14af182c3b0fecb75dcd6ee28d011c28e86a5f8f	decks/screen/opponents/t-vespiquen.txt	fb36fa1fe15cbacb8740ad1c1d5f2beb5f166dd0	e02754765b018aac	d20b1fe10720bb82	yes	chase_order,decisions,moves	1	1	[0,3]	[0,3]	{"coin_full_prevention":[46],"coin_queued_offered":[46],"coin_queued_offered_any":[46]}	{"coin_defender_attack":3,"coin_queued_attack_damage":1}	{}	{"offgate_helper_by_mechanic":{"OptionalDiscardBenchedBasicForExtraDamage":[60]},"offgate_helper_choice":[60]}	no	no
8	k3	14	172	23100140172	rl/results/engine_switch_rules_2026-10/carriers/alternates/togekiss_meowth.txt	14af182c3b0fecb75dcd6ee28d011c28e86a5f8f	decks/screen/opponents/t-vespiquen.txt	fb36fa1fe15cbacb8740ad1c1d5f2beb5f166dd0	44e50845f4de8aef	b718ecb7068751b8	yes	chase_order,decisions,moves,turns	1	1	[0,3]	[0,3]	{"coin_full_prevention":[15,30,62,74],"coin_queued_offered":[30,62,74],"coin_queued_offered_any":[30,62,74]}	{"coin_defender_attack":9,"coin_queued_attack_damage":3}	{}	{"offgate_helper_by_mechanic":{"OptionalDiscardBenchedBasicForExtraDamage":[48]},"offgate_helper_choice":[48]}	no	no
8	k3	14	173	23100140173	rl/results/engine_switch_rules_2026-10/carriers/alternates/togekiss_meowth.txt	14af182c3b0fecb75dcd6ee28d011c28e86a5f8f	decks/screen/opponents/t-vespiquen.txt	fb36fa1fe15cbacb8740ad1c1d5f2beb5f166dd0	559f4353e7fcf60c	259cd1c4f877b865	yes	decisions,moves	0	0	[3,0]	[3,0]	{"coin_full_prevention":[18,51,64,76,91,109],"coin_queued_offered":[91,109],"coin_queued_offered_any":[91,109]}	{"coin_defender_attack":9,"coin_queued_attack_damage":2}	{}	{}	no	no
8	k3	14	174	23100140174	rl/results/engine_switch_rules_2026-10/carriers/alternates/togekiss_meowth.txt	14af182c3b0fecb75dcd6ee28d011c28e86a5f8f	decks/screen/opponents/t-vespiquen.txt	fb36fa1fe15cbacb8740ad1c1d5f2beb5f166dd0	7e647c08954e85e2	bbc4b2021b0a5902	yes	chase_order,decisions,moves,turns	1	1	[0,3]	[0,3]	{"coin_full_prevention":[14,54,71,87],"coin_queued_offered":[54,70,71,87],"coin_queued_offered_any":[54,70,71,87]}	{"coin_defender_attack":9,"coin_queued_attack_damage":3}	{}	{"offgate_helper_by_mechanic":{"OptionalDiscardBenchedBasicForExtraDamage":[34]},"offgate_helper_choice":[34]}	no	no
8	k3	14	175	23100140175	rl/results/engine_switch_rules_2026-10/carriers/alternates/togekiss_meowth.txt	14af182c3b0fecb75dcd6ee28d011c28e86a5f8f	decks/screen/opponents/t-vespiquen.txt	fb36fa1fe15cbacb8740ad1c1d5f2beb5f166dd0	293c292a0e466bb0	0ca0573695f71460	yes	chase_order,decisions,first_deck_score,moves,points,turns,winner_seat	0	1	[3,0]	[0,4]	{"coin_full_prevention":[35,59,70,85],"coin_queued_offered":[59,70],"coin_queued_offered_any":[59,70]}	{"coin_defender_attack":6,"coin_queued_attack_damage":2}	{}	{}	no	no
8	k3	14	176	23100140176	rl/results/engine_switch_rules_2026-10/carriers/alternates/togekiss_meowth.txt	14af182c3b0fecb75dcd6ee28d011c28e86a5f8f	decks/screen/opponents/t-vespiquen.txt	fb36fa1fe15cbacb8740ad1c1d5f2beb5f166dd0	a172b5f9abe7a39e	9ac3136dbbb79f81	yes	chase_order,decisions,moves,turns	1	1	[0,3]	[0,3]	{"coin_full_prevention":[37,54,67],"coin_queued_offered":[36,37,54,67],"coin_queued_offered_any":[36,37,54,67]}	{"coin_defender_attack":7,"coin_queued_attack_damage":3}	{}	{}	no	no
8	k3	14	177	23100140177	rl/results/engine_switch_rules_2026-10/carriers/alternates/togekiss_meowth.txt	14af182c3b0fecb75dcd6ee28d011c28e86a5f8f	decks/screen/opponents/t-vespiquen.txt	fb36fa1fe15cbacb8740ad1c1d5f2beb5f166dd0	db6522e8456b4fbe	db16d3631dd20bf3	yes	chase_order,decisions,moves,points	1	1	[2,4]	[1,4]	{"coin_full_prevention":[41,58,68,83,94],"coin_queued_offered":[83,94],"coin_queued_offered_any":[83,94]}	{"coin_defender_attack":7,"coin_queued_attack_damage":2}	{}	{}	no	no
8	k3	14	178	23100140178	rl/results/engine_switch_rules_2026-10/carriers/alternates/togekiss_meowth.txt	14af182c3b0fecb75dcd6ee28d011c28e86a5f8f	decks/screen/opponents/t-vespiquen.txt	fb36fa1fe15cbacb8740ad1c1d5f2beb5f166dd0	b14fbb60d03475a5	b14fb8c887ec1811	yes	chase_order,decisions,moves,turns	1	1	[0,3]	[0,3]	{"coin_full_prevention":[44,62,75,102,116]}	{"coin_defender_attack":8}	{}	{}	yes	yes
8	k3	14	179	23100140179	rl/results/engine_switch_rules_2026-10/carriers/alternates/togekiss_meowth.txt	14af182c3b0fecb75dcd6ee28d011c28e86a5f8f	decks/screen/opponents/t-vespiquen.txt	fb36fa1fe15cbacb8740ad1c1d5f2beb5f166dd0	b75b177bf7927ed9	8726c1d9fac601a9	yes	chase_order,decisions,moves,turns	0	0	[3,2]	[3,2]	{"coin_full_prevention":[63,72,85,98,109,124],"coin_queued_offered":[97,98,108,109],"coin_queued_offered_any":[97,98,108,109]}	{"coin_defender_attack":12,"coin_queued_attack_damage":2}	{}	{}	no	no
8	k3	14	181	23100140181	rl/results/engine_switch_rules_2026-10/carriers/alternates/togekiss_meowth.txt	14af182c3b0fecb75dcd6ee28d011c28e86a5f8f	decks/screen/opponents/t-vespiquen.txt	fb36fa1fe15cbacb8740ad1c1d5f2beb5f166dd0	46d4f62124556674	2a9ab643840ba334	yes	chase_order,decisions,moves,points,turns	0	0	[2,0]	[3,0]	{"coin_full_prevention":[36,53,66],"coin_queued_offered":[35,36,53,66],"coin_queued_offered_any":[35,36,53,66]}	{"coin_defender_attack":9,"coin_queued_attack_damage":3}	{}	{"offgate_discard_then_damage":[81],"offgate_helper_by_mechanic":{"OptionalDiscardBenchedBasicForExtraDamage":[80,81]},"offgate_helper_choice":[80,81]}	no	no
8	k3	14	182	23100140182	rl/results/engine_switch_rules_2026-10/carriers/alternates/togekiss_meowth.txt	14af182c3b0fecb75dcd6ee28d011c28e86a5f8f	decks/screen/opponents/t-vespiquen.txt	fb36fa1fe15cbacb8740ad1c1d5f2beb5f166dd0	eaeab501340346f0	50782a1dfe889aa4	yes	chase_order,decisions,moves,turns	1	1	[0,3]	[0,3]	{"coin_full_prevention":[29,64,82],"coin_queued_offered":[64,81,82],"coin_queued_offered_any":[64,81,82]}	{"coin_defender_attack":6,"coin_queued_attack_damage":2}	{}	{}	no	no
8	k3	14	183	23100140183	rl/results/engine_switch_rules_2026-10/carriers/alternates/togekiss_meowth.txt	14af182c3b0fecb75dcd6ee28d011c28e86a5f8f	decks/screen/opponents/t-vespiquen.txt	fb36fa1fe15cbacb8740ad1c1d5f2beb5f166dd0	7abcfa6ae6207732	b97b8fec66696971	yes	chase_order,decisions,moves,points,turns	0	0	[3,0]	[3,2]	{"coin_full_prevention":[37,81,96,108,120],"coin_queued_offered":[95,96,108,120],"coin_queued_offered_any":[95,96,108,120]}	{"coin_defender_attack":12,"coin_queued_attack_damage":3}	{}	{"offgate_helper_by_mechanic":{"OptionalDiscardBenchedBasicForExtraDamage":[130]},"offgate_helper_choice":[130]}	no	no
8	k3	14	184	23100140184	rl/results/engine_switch_rules_2026-10/carriers/alternates/togekiss_meowth.txt	14af182c3b0fecb75dcd6ee28d011c28e86a5f8f	decks/screen/opponents/t-vespiquen.txt	fb36fa1fe15cbacb8740ad1c1d5f2beb5f166dd0	018e778360b42e83	4fcd4229d5df7ede	yes	decisions,moves,turns	1	1	[2,3]	[2,3]	{"coin_full_prevention":[55,69,81,89],"coin_queued_offered":[55,68,69],"coin_queued_offered_any":[55,68,69]}	{"coin_defender_attack":8,"coin_queued_attack_damage":2}	{}	{"offgate_helper_by_mechanic":{"OptionalDiscardBenchedBasicForExtraDamage":[37]},"offgate_helper_choice":[37]}	no	no
8	k3	14	185	23100140185	rl/results/engine_switch_rules_2026-10/carriers/alternates/togekiss_meowth.txt	14af182c3b0fecb75dcd6ee28d011c28e86a5f8f	decks/screen/opponents/t-vespiquen.txt	fb36fa1fe15cbacb8740ad1c1d5f2beb5f166dd0	5726ca001bb92721	41bfe5ee41a85fe9	yes	chase_order,decisions,first_deck_score,moves,points,turns,winner_seat	0	1	[3,0]	[2,4]	{"coin_full_prevention":[54,67,81,91,114],"coin_queued_offered":[54,66,67],"coin_queued_offered_any":[54,66,67]}	{"coin_defender_attack":10,"coin_queued_attack_damage":2}	{}	{}	no	no
8	k3	14	186	23100140186	rl/results/engine_switch_rules_2026-10/carriers/alternates/togekiss_meowth.txt	14af182c3b0fecb75dcd6ee28d011c28e86a5f8f	decks/screen/opponents/t-vespiquen.txt	fb36fa1fe15cbacb8740ad1c1d5f2beb5f166dd0	b7a32f175155feff	ce9342002592fc28	yes	chase_order,decisions,first_deck_score,moves,points,turns,winner_seat	1	0	[0,3]	[4,2]	{"coin_full_prevention":[61,77,93,107,120,130],"coin_queued_offered":[61,77,92,93,106,107,119,120],"coin_queued_offered_any":[61,77,92,93,106,107,119,120]}	{"coin_defender_attack":13,"coin_queued_attack_damage":5}	{}	{}	no	no
8	k3	14	187	23100140187	rl/results/engine_switch_rules_2026-10/carriers/alternates/togekiss_meowth.txt	14af182c3b0fecb75dcd6ee28d011c28e86a5f8f	decks/screen/opponents/t-vespiquen.txt	fb36fa1fe15cbacb8740ad1c1d5f2beb5f166dd0	a36bfa6053dcb74c	1019a8cd0f4d29c2	yes	decisions,moves	0	0	[3,0]	[3,0]	{"coin_full_prevention":[49,59,73,90],"coin_queued_offered":[73,90],"coin_queued_offered_any":[73,90]}	{"coin_defender_attack":8,"coin_queued_attack_damage":2}	{}	{}	no	no
8	k3	14	188	23100140188	rl/results/engine_switch_rules_2026-10/carriers/alternates/togekiss_meowth.txt	14af182c3b0fecb75dcd6ee28d011c28e86a5f8f	decks/screen/opponents/t-vespiquen.txt	fb36fa1fe15cbacb8740ad1c1d5f2beb5f166dd0	aca2df57cfc3639c	7435be65aadbb9cf	yes	chase_order,decisions,moves,points,turns	1	1	[0,3]	[2,3]	{"coin_full_prevention":[60,78,92,103,116,130,137],"coin_queued_offered":[60,78,91,92,103],"coin_queued_offered_any":[60,78,91,92,103]}	{"coin_defender_attack":15,"coin_queued_attack_damage":4}	{}	{"offgate_helper_by_mechanic":{"OptionalDiscardBenchedBasicForExtraDamage":[44]},"offgate_helper_choice":[44]}	no	no
8	k3	14	189	23100140189	rl/results/engine_switch_rules_2026-10/carriers/alternates/togekiss_meowth.txt	14af182c3b0fecb75dcd6ee28d011c28e86a5f8f	decks/screen/opponents/t-vespiquen.txt	fb36fa1fe15cbacb8740ad1c1d5f2beb5f166dd0	ed96fac6b89dcb5d	38c90287530a1679	yes	chase_order,decisions,first_deck_score,moves,points,turns,winner_seat	0	1	[3,1]	[1,3]	{"coin_full_prevention":[49,64,77,93,104],"coin_queued_offered":[92,93,103,104],"coin_queued_offered_any":[92,93,103,104]}	{"coin_defender_attack":9,"coin_queued_attack_damage":2}	{}	{}	no	no
8	k3	14	190	23100140190	rl/results/engine_switch_rules_2026-10/carriers/alternates/togekiss_meowth.txt	14af182c3b0fecb75dcd6ee28d011c28e86a5f8f	decks/screen/opponents/t-vespiquen.txt	fb36fa1fe15cbacb8740ad1c1d5f2beb5f166dd0	89da61a5ca0e1749	2b38c4ea58e40e9c	yes	chase_order,decisions,first_deck_score,moves,points,turns,winner_seat	1	0	[0,3]	[4,2]	{"coin_full_prevention":[23,38,52,68,88,101,113,122,130],"coin_queued_offered":[87,88,100,101,112,113],"coin_queued_offered_any":[87,88,100,101,112,113]}	{"coin_defender_attack":12,"coin_queued_attack_damage":3}	{}	{}	no	no
8	k3	14	191	23100140191	rl/results/engine_switch_rules_2026-10/carriers/alternates/togekiss_meowth.txt	14af182c3b0fecb75dcd6ee28d011c28e86a5f8f	decks/screen/opponents/t-vespiquen.txt	fb36fa1fe15cbacb8740ad1c1d5f2beb5f166dd0	8f475310dde07573	d1c3525cb96e1ba1	yes	chase_order,decisions,moves,points,turns	0	0	[3,0]	[3,2]	{"coin_full_prevention":[45,62,74,91,102],"coin_queued_offered":[45,62,73,74],"coin_queued_offered_any":[45,62,73,74]}	{"coin_defender_attack":10,"coin_queued_attack_damage":3}	{}	{}	no	no
8	k3	14	192	23100140192	rl/results/engine_switch_rules_2026-10/carriers/alternates/togekiss_meowth.txt	14af182c3b0fecb75dcd6ee28d011c28e86a5f8f	decks/screen/opponents/t-vespiquen.txt	fb36fa1fe15cbacb8740ad1c1d5f2beb5f166dd0	b24a2f8caf73d48a	1957deedb010d19d	yes	chase_order,decisions,moves,turns	1	1	[2,3]	[2,3]	{"coin_full_prevention":[40,55,72,88,102,119],"coin_queued_offered":[87,88,101,102,118,119],"coin_queued_offered_any":[87,88,101,102,118,119]}	{"coin_defender_attack":10,"coin_queued_attack_damage":3}	{}	{}	no	no
8	k3	14	194	23100140194	rl/results/engine_switch_rules_2026-10/carriers/alternates/togekiss_meowth.txt	14af182c3b0fecb75dcd6ee28d011c28e86a5f8f	decks/screen/opponents/t-vespiquen.txt	fb36fa1fe15cbacb8740ad1c1d5f2beb5f166dd0	ca961b151a2c6ef8	fe78fbc3fa1069d3	yes	decisions,moves	1	1	[0,3]	[0,3]	{"coin_full_prevention":[61],"coin_queued_offered":[61],"coin_queued_offered_any":[61]}	{"coin_defender_attack":5,"coin_queued_attack_damage":1}	{}	{"offgate_discard_then_damage":[42],"offgate_helper_by_mechanic":{"OptionalDiscardBenchedBasicForExtraDamage":[41,42]},"offgate_helper_choice":[41,42]}	no	no
8	k3	14	195	23100140195	rl/results/engine_switch_rules_2026-10/carriers/alternates/togekiss_meowth.txt	14af182c3b0fecb75dcd6ee28d011c28e86a5f8f	decks/screen/opponents/t-vespiquen.txt	fb36fa1fe15cbacb8740ad1c1d5f2beb5f166dd0	7da910e5c6c95962	ae97f20cb667ddec	yes	chase_order,decisions,moves,points,turns	0	0	[3,0]	[3,2]	{"coin_full_prevention":[49,60,77,109],"coin_queued_offered":[48,49,60],"coin_queued_offered_any":[48,49,60]}	{"coin_defender_attack":9,"coin_queued_attack_damage":2}	{}	{}	no	no
8	k3	14	197	23100140197	rl/results/engine_switch_rules_2026-10/carriers/alternates/togekiss_meowth.txt	14af182c3b0fecb75dcd6ee28d011c28e86a5f8f	decks/screen/opponents/t-vespiquen.txt	fb36fa1fe15cbacb8740ad1c1d5f2beb5f166dd0	291f7dc03ac9932b	078d7b3f0553f484	yes	chase_order,decisions,moves,points,turns	0	0	[3,0]	[3,2]	{"coin_full_prevention":[57,73,89,102],"coin_queued_offered":[73,88,89,101,102],"coin_queued_offered_any":[73,88,89,101,102]}	{"coin_defender_attack":12,"coin_queued_attack_damage":3}	{}	{}	no	no
8	k3	14	199	23100140199	rl/results/engine_switch_rules_2026-10/carriers/alternates/togekiss_meowth.txt	14af182c3b0fecb75dcd6ee28d011c28e86a5f8f	decks/screen/opponents/t-vespiquen.txt	fb36fa1fe15cbacb8740ad1c1d5f2beb5f166dd0	6d0ba7a122153c4f	08129c91f723ef71	yes	chase_order,decisions,moves,points,turns	0	0	[3,0]	[3,2]	{"coin_full_prevention":[47,81,96,110,132,139],"coin_queued_offered":[95,96,109,110],"coin_queued_offered_any":[95,96,109,110]}	{"coin_defender_attack":12,"coin_queued_attack_damage":2}	{}	{}	no	no
8	k3	14	201	23100140201	rl/results/engine_switch_rules_2026-10/carriers/alternates/togekiss_meowth.txt	14af182c3b0fecb75dcd6ee28d011c28e86a5f8f	decks/screen/opponents/t-vespiquen.txt	fb36fa1fe15cbacb8740ad1c1d5f2beb5f166dd0	1e69a358b58bff83	963e3d452a7500e2	yes	decisions,moves	0	0	[3,0]	[3,0]	{"coin_full_prevention":[48,63,88],"coin_queued_offered":[63,88],"coin_queued_offered_any":[63,88]}	{"coin_defender_attack":8,"coin_queued_attack_damage":2}	{}	{"offgate_helper_by_mechanic":{"OptionalDiscardBenchedBasicForExtraDamage":[75]},"offgate_helper_choice":[75]}	no	no
8	k3	14	202	23100140202	rl/results/engine_switch_rules_2026-10/carriers/alternates/togekiss_meowth.txt	14af182c3b0fecb75dcd6ee28d011c28e86a5f8f	decks/screen/opponents/t-vespiquen.txt	fb36fa1fe15cbacb8740ad1c1d5f2beb5f166dd0	89cdee6834d6dbc5	17044cc20790014a	yes	decisions,moves	1	1	[2,3]	[2,3]	{"coin_full_prevention":[72,84,95,111],"coin_queued_offered":[110,111],"coin_queued_offered_any":[110,111]}	{"coin_defender_attack":8,"coin_queued_attack_damage":1}	{}	{}	no	no
8	k3	14	203	23100140203	rl/results/engine_switch_rules_2026-10/carriers/alternates/togekiss_meowth.txt	14af182c3b0fecb75dcd6ee28d011c28e86a5f8f	decks/screen/opponents/t-vespiquen.txt	fb36fa1fe15cbacb8740ad1c1d5f2beb5f166dd0	e5d48440e174ba3f	c864e52906b603dc	yes	chase_order,decisions,moves,points,turns	0	0	[3,0]	[3,2]	{"coin_full_prevention":[33,51,68,84,101,119,129,141],"coin_queued_offered":[51,67,68,84,140,141],"coin_queued_offered_any":[51,67,68,84,140,141]}	{"coin_defender_attack":13,"coin_queued_attack_damage":4}	{}	{}	no	no
8	k3	14	204	23100140204	rl/results/engine_switch_rules_2026-10/carriers/alternates/togekiss_meowth.txt	14af182c3b0fecb75dcd6ee28d011c28e86a5f8f	decks/screen/opponents/t-vespiquen.txt	fb36fa1fe15cbacb8740ad1c1d5f2beb5f166dd0	f7acce43a9e61116	21b79f2894600c7b	yes	decisions,moves,points,turns	1	1	[0,1]	[2,1]	{"coin_full_prevention":[37,50],"coin_queued_offered":[36,37,50],"coin_queued_offered_any":[36,37,50]}	{"coin_defender_attack":4,"coin_queued_attack_damage":2}	{}	{}	no	no
8	k3	14	205	23100140205	rl/results/engine_switch_rules_2026-10/carriers/alternates/togekiss_meowth.txt	14af182c3b0fecb75dcd6ee28d011c28e86a5f8f	decks/screen/opponents/t-vespiquen.txt	fb36fa1fe15cbacb8740ad1c1d5f2beb5f166dd0	c59902d915f7fe5c	cf39955f010b583f	yes	chase_order,decisions,first_deck_score,moves,points,turns,winner_seat	0	1	[3,0]	[1,4]	{"coin_full_prevention":[25,42,58,71,85,98],"coin_queued_offered":[58,70,71],"coin_queued_offered_any":[58,70,71]}	{"coin_defender_attack":8,"coin_queued_attack_damage":2}	{}	{}	no	no
8	k3	14	206	23100140206	rl/results/engine_switch_rules_2026-10/carriers/alternates/togekiss_meowth.txt	14af182c3b0fecb75dcd6ee28d011c28e86a5f8f	decks/screen/opponents/t-vespiquen.txt	fb36fa1fe15cbacb8740ad1c1d5f2beb5f166dd0	e5e8cf8f7b1ef9af	47ea034dddd5eb6c	yes	chase_order,decisions,first_deck_score,moves,points,turns,winner_seat	1	0	[2,3]	[4,2]	{"coin_full_prevention":[30,44,72,86,97],"coin_queued_offered":[85,86,96,97],"coin_queued_offered_any":[85,86,96,97]}	{"coin_defender_attack":8,"coin_queued_attack_damage":2}	{}	{}	no	no
8	k3	14	207	23100140207	rl/results/engine_switch_rules_2026-10/carriers/alternates/togekiss_meowth.txt	14af182c3b0fecb75dcd6ee28d011c28e86a5f8f	decks/screen/opponents/t-vespiquen.txt	fb36fa1fe15cbacb8740ad1c1d5f2beb5f166dd0	91a52352fb7b1fa9	4f51d25e0838d0f5	yes	chase_order,decisions,moves,turns	0	0	[3,0]	[3,0]	{"coin_full_prevention":[44,58,74],"coin_queued_offered":[44,58,73,74],"coin_queued_offered_any":[44,58,73,74]}	{"coin_defender_attack":7,"coin_queued_attack_damage":3}	{}	{}	no	no
8	k3	14	208	23100140208	rl/results/engine_switch_rules_2026-10/carriers/alternates/togekiss_meowth.txt	14af182c3b0fecb75dcd6ee28d011c28e86a5f8f	decks/screen/opponents/t-vespiquen.txt	fb36fa1fe15cbacb8740ad1c1d5f2beb5f166dd0	08ea4bcdd293895d	270befcaa3cbb39c	yes	chase_order,decisions,first_deck_score,moves,points,turns,winner_seat	1	0	[2,3]	[4,1]	{"coin_full_prevention":[52,60,75,86,101,117,129],"coin_queued_offered":[74,75,85,86],"coin_queued_offered_any":[74,75,85,86]}	{"coin_defender_attack":10,"coin_queued_attack_damage":2}	{}	{}	no	no
8	k3	14	210	23100140210	rl/results/engine_switch_rules_2026-10/carriers/alternates/togekiss_meowth.txt	14af182c3b0fecb75dcd6ee28d011c28e86a5f8f	decks/screen/opponents/t-vespiquen.txt	fb36fa1fe15cbacb8740ad1c1d5f2beb5f166dd0	55bbcb21ba399cc5	26c675c329c362c4	yes	chase_order,decisions,first_deck_score,moves,points,turns,winner_seat	0	1	[4,1]	[0,3]	{"coin_full_prevention":[47],"coin_queued_offered":[46,47],"coin_queued_offered_any":[46,47]}	{"coin_defender_attack":2,"coin_queued_attack_damage":1}	{}	{"offgate_helper_by_mechanic":{"OptionalDiscardBenchedBasicForExtraDamage":[59]},"offgate_helper_choice":[59]}	no	no
8	k3	14	211	23100140211	rl/results/engine_switch_rules_2026-10/carriers/alternates/togekiss_meowth.txt	14af182c3b0fecb75dcd6ee28d011c28e86a5f8f	decks/screen/opponents/t-vespiquen.txt	fb36fa1fe15cbacb8740ad1c1d5f2beb5f166dd0	872c5dfba75bae69	7e08dbd5c8c5c58e	yes	decisions,moves	0	0	[2,0]	[2,0]	{"coin_full_prevention":[38],"coin_queued_offered":[38],"coin_queued_offered_any":[38]}	{"coin_defender_attack":4,"coin_queued_attack_damage":1}	{}	{}	no	no
8	k3	14	212	23100140212	rl/results/engine_switch_rules_2026-10/carriers/alternates/togekiss_meowth.txt	14af182c3b0fecb75dcd6ee28d011c28e86a5f8f	decks/screen/opponents/t-vespiquen.txt	fb36fa1fe15cbacb8740ad1c1d5f2beb5f166dd0	546f66481ab9f15d	37864e505cddff28	yes	decisions,moves	1	1	[1,3]	[1,3]	{"coin_full_prevention":[45,56,73,98],"coin_queued_offered":[97,98],"coin_queued_offered_any":[97,98]}	{"coin_defender_attack":7,"coin_queued_attack_damage":1}	{}	{}	no	no
8	k3	14	213	23100140213	rl/results/engine_switch_rules_2026-10/carriers/alternates/togekiss_meowth.txt	14af182c3b0fecb75dcd6ee28d011c28e86a5f8f	decks/screen/opponents/t-vespiquen.txt	fb36fa1fe15cbacb8740ad1c1d5f2beb5f166dd0	8029dd4b7b8748c5	c408c5cc3ec438c4	yes	decisions,moves	0	0	[3,0]	[3,0]	{"coin_full_prevention":[31,43,72],"coin_queued_offered":[72],"coin_queued_offered_any":[72]}	{"coin_defender_attack":5,"coin_queued_attack_damage":1}	{}	{}	no	no
8	k3	14	214	23100140214	rl/results/engine_switch_rules_2026-10/carriers/alternates/togekiss_meowth.txt	14af182c3b0fecb75dcd6ee28d011c28e86a5f8f	decks/screen/opponents/t-vespiquen.txt	fb36fa1fe15cbacb8740ad1c1d5f2beb5f166dd0	17e3cfee49409c51	0a3186885cc63be9	yes	chase_order,decisions,first_deck_score,moves,points,turns,winner_seat	1	0	[2,3]	[4,2]	{"coin_full_prevention":[41,55,81,94,109,118],"coin_queued_offered":[54,55,81,94,109,118],"coin_queued_offered_any":[54,55,81,94,109,118]}	{"coin_defender_attack":14,"coin_queued_attack_damage":5}	{}	{"offgate_helper_by_mechanic":{"OptionalDiscardBenchedBasicForExtraDamage":[68]},"offgate_helper_choice":[68]}	no	no
8	k3	14	215	23100140215	rl/results/engine_switch_rules_2026-10/carriers/alternates/togekiss_meowth.txt	14af182c3b0fecb75dcd6ee28d011c28e86a5f8f	decks/screen/opponents/t-vespiquen.txt	fb36fa1fe15cbacb8740ad1c1d5f2beb5f166dd0	f5849fb5993cf847	08a9f616c53996a5	yes	chase_order,decisions,moves	0	0	[3,0]	[3,0]	{"coin_full_prevention":[46,62,76,92],"coin_queued_offered":[91,92],"coin_queued_offered_any":[91,92]}	{"coin_defender_attack":7,"coin_queued_attack_damage":1}	{}	{}	no	no
8	k3	14	216	23100140216	rl/results/engine_switch_rules_2026-10/carriers/alternates/togekiss_meowth.txt	14af182c3b0fecb75dcd6ee28d011c28e86a5f8f	decks/screen/opponents/t-vespiquen.txt	fb36fa1fe15cbacb8740ad1c1d5f2beb5f166dd0	6e86da0bac9d4b2c	bf7fcc3e37975795	yes	chase_order,decisions,moves	1	1	[1,3]	[1,3]	{"coin_full_prevention":[48,59,89,103,116],"coin_queued_offered":[115,116],"coin_queued_offered_any":[115,116]}	{"coin_defender_attack":11,"coin_queued_attack_damage":1}	{}	{"offgate_helper_by_mechanic":{"OptionalDiscardBenchedBasicForExtraDamage":[131]},"offgate_helper_choice":[131]}	no	no
8	k3	14	217	23100140217	rl/results/engine_switch_rules_2026-10/carriers/alternates/togekiss_meowth.txt	14af182c3b0fecb75dcd6ee28d011c28e86a5f8f	decks/screen/opponents/t-vespiquen.txt	fb36fa1fe15cbacb8740ad1c1d5f2beb5f166dd0	4657ac752b4a264d	5250b777d70c67f9	yes	decisions,moves	0	0	[3,2]	[3,2]	{"coin_full_prevention":[53,65,76],"coin_queued_offered":[75,76],"coin_queued_offered_any":[75,76]}	{"coin_defender_attack":7,"coin_queued_attack_damage":1}	{}	{}	no	no
8	k3	14	218	23100140218	rl/results/engine_switch_rules_2026-10/carriers/alternates/togekiss_meowth.txt	14af182c3b0fecb75dcd6ee28d011c28e86a5f8f	decks/screen/opponents/t-vespiquen.txt	fb36fa1fe15cbacb8740ad1c1d5f2beb5f166dd0	b8187beeef113843	9ba79ac9d722fa90	yes	chase_order,decisions,moves,turns	1	1	[0,3]	[0,3]	{"coin_full_prevention":[45,57,74,89,119],"coin_queued_offered":[57,74,89,119],"coin_queued_offered_any":[57,74,89,119]}	{"coin_defender_attack":13,"coin_queued_attack_damage":4}	{}	{"offgate_discard_then_damage":[102],"offgate_helper_by_mechanic":{"OptionalDiscardBenchedBasicForExtraDamage":[101,102]},"offgate_helper_choice":[101,102]}	no	no
8	k3	14	220	23100140220	rl/results/engine_switch_rules_2026-10/carriers/alternates/togekiss_meowth.txt	14af182c3b0fecb75dcd6ee28d011c28e86a5f8f	decks/screen/opponents/t-vespiquen.txt	fb36fa1fe15cbacb8740ad1c1d5f2beb5f166dd0	883b52ab76f428ed	ad1831491d9a078f	yes	decisions,moves	1	1	[0,1]	[0,1]	{"coin_full_prevention":[13,24,35],"coin_queued_offered":[35],"coin_queued_offered_any":[35]}	{"coin_defender_attack":4,"coin_queued_attack_damage":1}	{}	{}	no	no
8	k3	14	221	23100140221	rl/results/engine_switch_rules_2026-10/carriers/alternates/togekiss_meowth.txt	14af182c3b0fecb75dcd6ee28d011c28e86a5f8f	decks/screen/opponents/t-vespiquen.txt	fb36fa1fe15cbacb8740ad1c1d5f2beb5f166dd0	f7bcdd0e144b0111	86947f992b1c420d	yes	chase_order,decisions,moves,turns	0	0	[3,0]	[3,0]	{"coin_full_prevention":[57,75,89],"coin_queued_offered":[88,89],"coin_queued_offered_any":[88,89]}	{"coin_defender_attack":6,"coin_queued_attack_damage":1}	{}	{}	no	no
8	k3	14	222	23100140222	rl/results/engine_switch_rules_2026-10/carriers/alternates/togekiss_meowth.txt	14af182c3b0fecb75dcd6ee28d011c28e86a5f8f	decks/screen/opponents/t-vespiquen.txt	fb36fa1fe15cbacb8740ad1c1d5f2beb5f166dd0	2232e0d5fb0737de	067e197bf5f4f10f	yes	chase_order,decisions,moves,turns	1	1	[0,3]	[0,3]	{"coin_full_prevention":[42,68,87,100],"coin_queued_offered":[42,68,87,100],"coin_queued_offered_any":[42,68,87,100]}	{"coin_defender_attack":10,"coin_queued_attack_damage":4}	{}	{"offgate_discard_then_damage":[55],"offgate_helper_by_mechanic":{"OptionalDiscardBenchedBasicForExtraDamage":[54,55]},"offgate_helper_choice":[54,55]}	no	no
8	k3	14	223	23100140223	rl/results/engine_switch_rules_2026-10/carriers/alternates/togekiss_meowth.txt	14af182c3b0fecb75dcd6ee28d011c28e86a5f8f	decks/screen/opponents/t-vespiquen.txt	fb36fa1fe15cbacb8740ad1c1d5f2beb5f166dd0	4b1c36149b8dc478	72b4278e9270e51d	yes	chase_order,decisions,moves,turns	0	0	[3,0]	[3,0]	{"coin_full_prevention":[61,74,87,100],"coin_queued_offered":[60,61,73,74,87,100],"coin_queued_offered_any":[60,61,73,74,87,100]}	{"coin_defender_attack":10,"coin_queued_attack_damage":4}	{}	{}	no	no
8	k3	14	224	23100140224	rl/results/engine_switch_rules_2026-10/carriers/alternates/togekiss_meowth.txt	14af182c3b0fecb75dcd6ee28d011c28e86a5f8f	decks/screen/opponents/t-vespiquen.txt	fb36fa1fe15cbacb8740ad1c1d5f2beb5f166dd0	963d058ac6ff1a92	17b6430e218d8819	yes	chase_order,decisions,moves,turns	1	1	[0,3]	[0,3]	{"coin_full_prevention":[50],"coin_queued_offered":[49,50],"coin_queued_offered_any":[49,50]}	{"coin_defender_attack":4,"coin_queued_attack_damage":1}	{}	{"offgate_helper_by_mechanic":{"OptionalDiscardBenchedBasicForExtraDamage":[33]},"offgate_helper_choice":[33]}	no	no
8	k3	14	225	23100140225	rl/results/engine_switch_rules_2026-10/carriers/alternates/togekiss_meowth.txt	14af182c3b0fecb75dcd6ee28d011c28e86a5f8f	decks/screen/opponents/t-vespiquen.txt	fb36fa1fe15cbacb8740ad1c1d5f2beb5f166dd0	5ddfd4b003a0d22c	f4798f9b09535ce4	yes	chase_order,decisions,first_deck_score,moves,points,turns,winner_seat	0	1	[3,0]	[2,4]	{"coin_full_prevention":[44,54,66,77],"coin_queued_offered":[66,77],"coin_queued_offered_any":[66,77]}	{"coin_defender_attack":7,"coin_queued_attack_damage":2}	{}	{}	no	no
8	k3	14	226	23100140226	rl/results/engine_switch_rules_2026-10/carriers/alternates/togekiss_meowth.txt	14af182c3b0fecb75dcd6ee28d011c28e86a5f8f	decks/screen/opponents/t-vespiquen.txt	fb36fa1fe15cbacb8740ad1c1d5f2beb5f166dd0	3568427cbe2bb471	431895bd08902fc2	yes	chase_order,decisions,moves,turns	1	1	[0,3]	[0,3]	{"coin_full_prevention":[31,47,63,80,92],"coin_queued_offered":[31,47,63,79,80,91,92],"coin_queued_offered_any":[31,47,63,79,80,91,92]}	{"coin_defender_attack":11,"coin_queued_attack_damage":5}	{}	{}	no	no
8	k3	14	228	23100140228	rl/results/engine_switch_rules_2026-10/carriers/alternates/togekiss_meowth.txt	14af182c3b0fecb75dcd6ee28d011c28e86a5f8f	decks/screen/opponents/t-vespiquen.txt	fb36fa1fe15cbacb8740ad1c1d5f2beb5f166dd0	736f74599ce9a89f	285889aa4a84f6f4	yes	decisions,first_deck_score,moves,points,turns,winner_seat	1	0	[0,3]	[4,2]	{"coin_full_prevention":[33,49,67,109,120,132,143,151],"coin_queued_offered":[108,109],"coin_queued_offered_any":[108,109]}	{"coin_defender_attack":12,"coin_queued_attack_damage":1}	{}	{"offgate_helper_by_mechanic":{"OptionalDiscardBenchedBasicForExtraDamage":[96]},"offgate_helper_choice":[96]}	no	no
8	k3	14	229	23100140229	rl/results/engine_switch_rules_2026-10/carriers/alternates/togekiss_meowth.txt	14af182c3b0fecb75dcd6ee28d011c28e86a5f8f	decks/screen/opponents/t-vespiquen.txt	fb36fa1fe15cbacb8740ad1c1d5f2beb5f166dd0	c5d17a5118cc3870	d0413c5d6d308258	yes	chase_order,decisions,first_deck_score,moves,points,turns,winner_seat	0	1	[3,2]	[2,4]	{"coin_full_prevention":[30,41,56,82,93,109,137],"coin_queued_offered":[109,136,137],"coin_queued_offered_any":[109,136,137]}	{"coin_defender_attack":13,"coin_queued_attack_damage":2}	{}	{"offgate_helper_by_mechanic":{"OptionalDiscardBenchedBasicForExtraDamage":[125]},"offgate_helper_choice":[125]}	no	no
8	k3	14	230	23100140230	rl/results/engine_switch_rules_2026-10/carriers/alternates/togekiss_meowth.txt	14af182c3b0fecb75dcd6ee28d011c28e86a5f8f	decks/screen/opponents/t-vespiquen.txt	fb36fa1fe15cbacb8740ad1c1d5f2beb5f166dd0	70e014b584b9fe1f	981e6a8bf1bb1281	yes	chase_order,decisions,first_deck_score,moves,points,turns,winner_seat	1	0	[2,3]	[4,2]	{"coin_full_prevention":[65,81,100,115,128,139],"coin_queued_offered":[81,99,100,127,128,138,139],"coin_queued_offered_any":[81,99,100,127,128,138,139]}	{"coin_defender_attack":13,"coin_queued_attack_damage":4}	{}	{}	no	no
8	k3	14	231	23100140231	rl/results/engine_switch_rules_2026-10/carriers/alternates/togekiss_meowth.txt	14af182c3b0fecb75dcd6ee28d011c28e86a5f8f	decks/screen/opponents/t-vespiquen.txt	fb36fa1fe15cbacb8740ad1c1d5f2beb5f166dd0	cf444ee473696f72	8f75bce3924cd35e	yes	decisions,moves	0	0	[2,0]	[2,0]	{"coin_full_prevention":[47],"coin_queued_offered":[47],"coin_queued_offered_any":[47]}	{"coin_defender_attack":3,"coin_queued_attack_damage":1}	{}	{}	no	no
8	k3	14	232	23100140232	rl/results/engine_switch_rules_2026-10/carriers/alternates/togekiss_meowth.txt	14af182c3b0fecb75dcd6ee28d011c28e86a5f8f	decks/screen/opponents/t-vespiquen.txt	fb36fa1fe15cbacb8740ad1c1d5f2beb5f166dd0	7b910fbd75c6b171	f51701291b006474	yes	decisions,moves	1	1	[0,3]	[0,3]	{"coin_full_prevention":[71],"coin_queued_offered":[71],"coin_queued_offered_any":[71]}	{"coin_defender_attack":8,"coin_queued_attack_damage":1}	{}	{"offgate_discard_then_damage":[89],"offgate_helper_by_mechanic":{"OptionalDiscardBenchedBasicForExtraDamage":[54,88,89]},"offgate_helper_choice":[54,88,89]}	no	no
8	k3	14	233	23100140233	rl/results/engine_switch_rules_2026-10/carriers/alternates/togekiss_meowth.txt	14af182c3b0fecb75dcd6ee28d011c28e86a5f8f	decks/screen/opponents/t-vespiquen.txt	fb36fa1fe15cbacb8740ad1c1d5f2beb5f166dd0	19d65f63fcc5f8dd	a456063468d996d2	yes	chase_order,decisions,moves,turns	0	0	[3,0]	[3,0]	{"coin_full_prevention":[56,70,102],"coin_queued_offered":[56,70,101,102],"coin_queued_offered_any":[56,70,101,102]}	{"coin_defender_attack":11,"coin_queued_attack_damage":3}	{}	{"offgate_helper_by_mechanic":{"OptionalDiscardBenchedBasicForExtraDamage":[88]},"offgate_helper_choice":[88]}	no	no
8	k3	14	234	23100140234	rl/results/engine_switch_rules_2026-10/carriers/alternates/togekiss_meowth.txt	14af182c3b0fecb75dcd6ee28d011c28e86a5f8f	decks/screen/opponents/t-vespiquen.txt	fb36fa1fe15cbacb8740ad1c1d5f2beb5f166dd0	1831eec988b988df	b0fadfc9f0da9e63	yes	chase_order,decisions,moves,turns	1	1	[0,3]	[0,3]	{"coin_full_prevention":[41,66,80],"coin_queued_offered":[41,66,80],"coin_queued_offered_any":[41,66,80]}	{"coin_defender_attack":9,"coin_queued_attack_damage":3}	{}	{"offgate_discard_then_damage":[53],"offgate_helper_by_mechanic":{"OptionalDiscardBenchedBasicForExtraDamage":[52,53]},"offgate_helper_choice":[52,53]}	no	no
8	k3	14	235	23100140235	rl/results/engine_switch_rules_2026-10/carriers/alternates/togekiss_meowth.txt	14af182c3b0fecb75dcd6ee28d011c28e86a5f8f	decks/screen/opponents/t-vespiquen.txt	fb36fa1fe15cbacb8740ad1c1d5f2beb5f166dd0	685edd5049a18fb4	668127042d6b72e5	yes	chase_order,decisions,first_deck_score,moves,points,turns,winner_seat	0	1	[3,0]	[1,4]	{"coin_full_prevention":[20,39,54,69,85,98,117,132,145,156,167],"coin_queued_offered":[39,54,69,85,97,98,144,145,155,156],"coin_queued_offered_any":[39,54,69,85,97,98,144,145,155,156]}	{"coin_defender_attack":18,"coin_queued_attack_damage":7}	{}	{}	no	no
8	k3	14	236	23100140236	rl/results/engine_switch_rules_2026-10/carriers/alternates/togekiss_meowth.txt	14af182c3b0fecb75dcd6ee28d011c28e86a5f8f	decks/screen/opponents/t-vespiquen.txt	fb36fa1fe15cbacb8740ad1c1d5f2beb5f166dd0	dac9cb2ff080c426	8f778389ea32db0c	yes	chase_order,decisions,moves,turns	1	1	[0,3]	[0,3]	{"coin_full_prevention":[27,38,54,70,97,111],"coin_queued_offered":[37,38,54,70,97,111],"coin_queued_offered_any":[37,38,54,70,97,111]}	{"coin_defender_attack":13,"coin_queued_attack_damage":5}	{}	{"offgate_helper_by_mechanic":{"OptionalDiscardBenchedBasicForExtraDamage":[83]},"offgate_helper_choice":[83]}	no	no
8	k3	14	237	23100140237	rl/results/engine_switch_rules_2026-10/carriers/alternates/togekiss_meowth.txt	14af182c3b0fecb75dcd6ee28d011c28e86a5f8f	decks/screen/opponents/t-vespiquen.txt	fb36fa1fe15cbacb8740ad1c1d5f2beb5f166dd0	8d6003ec7f57a667	18e6808394720758	yes	chase_order,decisions,moves,turns	0	0	[3,0]	[3,0]	{"coin_full_prevention":[76,92,107,123,136,148,160],"coin_queued_offered":[76,92,106,107,123,136,148,159,160],"coin_queued_offered_any":[76,92,106,107,123,136,148,159,160]}	{"coin_defender_attack":18,"coin_queued_attack_damage":7}	{}	{}	no	no
8	k3	14	238	23100140238	rl/results/engine_switch_rules_2026-10/carriers/alternates/togekiss_meowth.txt	14af182c3b0fecb75dcd6ee28d011c28e86a5f8f	decks/screen/opponents/t-vespiquen.txt	fb36fa1fe15cbacb8740ad1c1d5f2beb5f166dd0	958bb762d3a5058c	fd85bc0944ceb61f	yes	chase_order,decisions,moves,points,turns	1	1	[2,3]	[0,3]	{"coin_full_prevention":[39,54],"coin_queued_offered":[39,54],"coin_queued_offered_any":[39,54]}	{"coin_defender_attack":4,"coin_queued_attack_damage":2}	{}	{"offgate_helper_by_mechanic":{"OptionalDiscardBenchedBasicForExtraDamage":[66]},"offgate_helper_choice":[66]}	no	no
8	k3	14	240	23100140240	rl/results/engine_switch_rules_2026-10/carriers/alternates/togekiss_meowth.txt	14af182c3b0fecb75dcd6ee28d011c28e86a5f8f	decks/screen/opponents/t-vespiquen.txt	fb36fa1fe15cbacb8740ad1c1d5f2beb5f166dd0	d384960e5374dab9	2c995fc9be37223f	yes	decisions,moves	1	1	[0,3]	[0,3]	{"coin_full_prevention":[50,64],"coin_queued_offered":[50,63,64],"coin_queued_offered_any":[50,63,64]}	{"coin_defender_attack":6,"coin_queued_attack_damage":2}	{}	{"offgate_helper_by_mechanic":{"OptionalDiscardBenchedBasicForExtraDamage":[33]},"offgate_helper_choice":[33]}	no	no
8	k3	14	241	23100140241	rl/results/engine_switch_rules_2026-10/carriers/alternates/togekiss_meowth.txt	14af182c3b0fecb75dcd6ee28d011c28e86a5f8f	decks/screen/opponents/t-vespiquen.txt	fb36fa1fe15cbacb8740ad1c1d5f2beb5f166dd0	41d22df99aabd563	6047159ae155d2ce	yes	chase_order,decisions,moves,turns	0	0	[3,0]	[3,0]	{"coin_full_prevention":[53,66,83,100,112],"coin_queued_offered":[82,83,100,112],"coin_queued_offered_any":[82,83,100,112]}	{"coin_defender_attack":10,"coin_queued_attack_damage":3}	{}	{}	no	no
8	k3	14	242	23100140242	rl/results/engine_switch_rules_2026-10/carriers/alternates/togekiss_meowth.txt	14af182c3b0fecb75dcd6ee28d011c28e86a5f8f	decks/screen/opponents/t-vespiquen.txt	fb36fa1fe15cbacb8740ad1c1d5f2beb5f166dd0	0c01d4b49490648d	c7de3c2c0184e830	yes	chase_order,decisions,first_deck_score,moves,points,turns,winner_seat	1	0	[0,3]	[4,2]	{"coin_full_prevention":[61,75,88],"coin_queued_offered":[74,75,87,88],"coin_queued_offered_any":[74,75,87,88]}	{"coin_defender_attack":8,"coin_queued_attack_damage":2}	{}	{}	no	no
8	k3	14	243	23100140243	rl/results/engine_switch_rules_2026-10/carriers/alternates/togekiss_meowth.txt	14af182c3b0fecb75dcd6ee28d011c28e86a5f8f	decks/screen/opponents/t-vespiquen.txt	fb36fa1fe15cbacb8740ad1c1d5f2beb5f166dd0	83b81939c1180c4a	827bcf13b18e661b	yes	chase_order,decisions,moves	0	0	[3,2]	[3,2]	{"coin_full_prevention":[83,100],"coin_queued_offered":[99,100],"coin_queued_offered_any":[99,100]}	{"coin_defender_attack":6,"coin_queued_attack_damage":1}	{}	{}	no	no
8	k3	14	244	23100140244	rl/results/engine_switch_rules_2026-10/carriers/alternates/togekiss_meowth.txt	14af182c3b0fecb75dcd6ee28d011c28e86a5f8f	decks/screen/opponents/t-vespiquen.txt	fb36fa1fe15cbacb8740ad1c1d5f2beb5f166dd0	3c0e6370ec3d84e0	d2aaf1aae6c4e367	yes	chase_order,decisions,moves,turns	1	1	[0,3]	[0,3]	{"coin_full_prevention":[58,71,87],"coin_queued_offered":[58,71,87],"coin_queued_offered_any":[58,71,87]}	{"coin_defender_attack":8,"coin_queued_attack_damage":3}	{}	{"offgate_discard_then_damage":[42],"offgate_helper_by_mechanic":{"OptionalDiscardBenchedBasicForExtraDamage":[41,42]},"offgate_helper_choice":[41,42]}	no	no
8	k3	14	245	23100140245	rl/results/engine_switch_rules_2026-10/carriers/alternates/togekiss_meowth.txt	14af182c3b0fecb75dcd6ee28d011c28e86a5f8f	decks/screen/opponents/t-vespiquen.txt	fb36fa1fe15cbacb8740ad1c1d5f2beb5f166dd0	c197f3f19100b8ec	8da7a262ea92ca00	yes	chase_order,decisions,moves,points,turns	0	0	[2,0]	[3,0]	{"coin_full_prevention":[39,71,90],"coin_queued_offered":[39,71,90],"coin_queued_offered_any":[39,71,90]}	{"coin_defender_attack":8,"coin_queued_attack_damage":3}	{}	{"offgate_discard_then_damage":[51],"offgate_helper_by_mechanic":{"OptionalDiscardBenchedBasicForExtraDamage":[50,51]},"offgate_helper_choice":[50,51]}	no	no
8	k3	14	247	23100140247	rl/results/engine_switch_rules_2026-10/carriers/alternates/togekiss_meowth.txt	14af182c3b0fecb75dcd6ee28d011c28e86a5f8f	decks/screen/opponents/t-vespiquen.txt	fb36fa1fe15cbacb8740ad1c1d5f2beb5f166dd0	5433be9726abbd26	7de78db7a145a3d2	yes	chase_order,decisions,moves,turns	0	0	[3,0]	[3,0]	{"coin_full_prevention":[49,70,83,97,112,126],"coin_queued_offered":[97,111,112,125,126],"coin_queued_offered_any":[97,111,112,125,126]}	{"coin_defender_attack":10,"coin_queued_attack_damage":3}	{}	{}	no	no
8	k3	14	248	23100140248	rl/results/engine_switch_rules_2026-10/carriers/alternates/togekiss_meowth.txt	14af182c3b0fecb75dcd6ee28d011c28e86a5f8f	decks/screen/opponents/t-vespiquen.txt	fb36fa1fe15cbacb8740ad1c1d5f2beb5f166dd0	0410bcf77e6d6bbd	49584e2b39036246	yes	decisions,moves	1	1	[0,3]	[0,3]	{"coin_full_prevention":[34,55],"coin_queued_offered":[55],"coin_queued_offered_any":[55]}	{"coin_defender_attack":4,"coin_queued_attack_damage":1}	{}	{}	no	no
8	k3	17	5	23100170005	rl/results/engine_switch_rules_2026-10/carriers/alternates/hisuian_goodra.txt	f21212d6ef071322c22bdb1bc0a61639562a8bb6	decks/screen/opponents/t-blaziken.txt	83fdf96504271e0074b3a93a2b2c9c1f99c12b1c	b1ab54dbbbe6b68a	860039cdee29f980	yes	decisions,discard_attacks,moves,turns	0	0	[3,1]	[3,1]	{"coin_cut_recorded":[85,97],"coin_queued_offered":[97],"coin_queued_offered_any":[97]}	{"coin_defender_attack":8,"coin_queued_attack_damage":1}	{}	{"offgate_helper_by_mechanic":{"DirectDamage":[37,51]},"offgate_helper_choice":[37,51]}	no	no
8	k3	17	15	23100170015	rl/results/engine_switch_rules_2026-10/carriers/alternates/hisuian_goodra.txt	f21212d6ef071322c22bdb1bc0a61639562a8bb6	decks/screen/opponents/t-blaziken.txt	83fdf96504271e0074b3a93a2b2c9c1f99c12b1c	0c1421a0a9c66aab	e2b354ac75e933fa	yes	decisions,discard_attacks,first_deck_score,moves,points,turns,winner_seat	0	1	[3,0]	[1,3]	{"coin_cut_recorded":[70],"coin_queued_offered":[46],"coin_queued_offered_any":[46]}	{"coin_defender_attack":6}	{}	{"offgate_helper_by_mechanic":{"DirectDamage":[32,46]},"offgate_helper_choice":[32,46]}	no	no
8	k3	17	20	23100170020	rl/results/engine_switch_rules_2026-10/carriers/alternates/hisuian_goodra.txt	f21212d6ef071322c22bdb1bc0a61639562a8bb6	decks/screen/opponents/t-blaziken.txt	83fdf96504271e0074b3a93a2b2c9c1f99c12b1c	12815169a7578425	64f223e57382681f	yes	decisions,discard_attacks,moves	1	1	[0,3]	[0,3]	{"coin_cut_recorded":[29,66,73],"coin_queued_offered":[29],"coin_queued_offered_any":[29]}	{"coin_defender_attack":6,"coin_queued_attack_damage":1}	{}	{"offgate_helper_by_mechanic":{"DirectDamage":[13,29]},"offgate_helper_choice":[13,29]}	no	no
8	k3	17	40	23100170040	rl/results/engine_switch_rules_2026-10/carriers/alternates/hisuian_goodra.txt	f21212d6ef071322c22bdb1bc0a61639562a8bb6	decks/screen/opponents/t-blaziken.txt	83fdf96504271e0074b3a93a2b2c9c1f99c12b1c	abb5a0c7975cafbf	5ee4c8489568543f	yes	decisions,discard_attacks,moves,turns	1	1	[1,3]	[1,3]	{"coin_cut_recorded":[69,85,95],"coin_queued_offered":[69],"coin_queued_offered_any":[69]}	{"coin_defender_attack":5,"coin_queued_attack_damage":1}	{}	{"offgate_helper_by_mechanic":{"DirectDamage":[27]},"offgate_helper_choice":[27]}	no	no
8	k3	17	45	23100170045	rl/results/engine_switch_rules_2026-10/carriers/alternates/hisuian_goodra.txt	f21212d6ef071322c22bdb1bc0a61639562a8bb6	decks/screen/opponents/t-blaziken.txt	83fdf96504271e0074b3a93a2b2c9c1f99c12b1c	708030de07d2737e	e634e8bc689e635a	yes	abilities,decisions,discard_attacks,moves,turns	1	1	[1,4]	[1,4]	{"coin_cut_recorded":[92],"coin_queued_offered":[31,42],"coin_queued_offered_any":[31,42]}	{"coin_defender_attack":7}	{}	{"offgate_helper_by_mechanic":{"DirectDamage":[14,31,42]},"offgate_helper_choice":[14,31,42]}	no	no
8	k3	17	55	23100170055	rl/results/engine_switch_rules_2026-10/carriers/alternates/hisuian_goodra.txt	f21212d6ef071322c22bdb1bc0a61639562a8bb6	decks/screen/opponents/t-blaziken.txt	83fdf96504271e0074b3a93a2b2c9c1f99c12b1c	66e35ffe166353f8	77a453decedb22f9	yes	decisions,first_deck_score,moves,points,turns,winner_seat	1	0	[2,4]	[3,2]	{"coin_cut_recorded":[71,84,96,106],"coin_queued_offered":[71,84],"coin_queued_offered_any":[71,84]}	{"coin_defender_attack":9,"coin_queued_attack_damage":2}	{}	{}	no	no
8	k3	17	63	23100170063	rl/results/engine_switch_rules_2026-10/carriers/alternates/hisuian_goodra.txt	f21212d6ef071322c22bdb1bc0a61639562a8bb6	decks/screen/opponents/t-blaziken.txt	83fdf96504271e0074b3a93a2b2c9c1f99c12b1c	66dbd8ac75c68b9d	20dd522184eef87e	yes	decisions,discard_attacks,moves,points,turns	0	0	[3,1]	[3,2]	{"coin_cut_recorded":[101,107]}	{"coin_defender_attack":5}	{}	{}	no	no
8	k3	17	67	23100170067	rl/results/engine_switch_rules_2026-10/carriers/alternates/hisuian_goodra.txt	f21212d6ef071322c22bdb1bc0a61639562a8bb6	decks/screen/opponents/t-blaziken.txt	83fdf96504271e0074b3a93a2b2c9c1f99c12b1c	b5a3aef93dff850e	637f5e6461395444	yes	abilities,decisions,discard_attacks,first_deck_score,moves,points,turns,winner_seat	0	1	[3,0]	[1,3]	{"coin_cut_recorded":[38,66],"coin_queued_offered":[38],"coin_queued_offered_any":[38]}	{"coin_defender_attack":4,"coin_queued_attack_damage":1}	{}	{}	no	no
8	k3	17	73	23100170073	rl/results/engine_switch_rules_2026-10/carriers/alternates/hisuian_goodra.txt	f21212d6ef071322c22bdb1bc0a61639562a8bb6	decks/screen/opponents/t-blaziken.txt	83fdf96504271e0074b3a93a2b2c9c1f99c12b1c	7a52c90674644107	eaf7a7e6f270cc6d	yes	decisions,moves	0	0	[3,2]	[3,2]	{"coin_cut_recorded":[59,76,87,103,117,127],"coin_queued_offered":[76,87],"coin_queued_offered_any":[76,87]}	{"coin_defender_attack":9,"coin_queued_attack_damage":2}	{}	{}	no	no
8	k3	17	90	23100170090	rl/results/engine_switch_rules_2026-10/carriers/alternates/hisuian_goodra.txt	f21212d6ef071322c22bdb1bc0a61639562a8bb6	decks/screen/opponents/t-blaziken.txt	83fdf96504271e0074b3a93a2b2c9c1f99c12b1c	55fa359e5bb4bb9d	2b44b051b57eb72d	yes	decisions,discard_attacks,moves	1	1	[1,3]	[1,3]	{"coin_cut_recorded":[28,35,45,62,78,101]}	{"coin_defender_attack":6}	{}	{}	no	no
8	k3	17	105	23100170105	rl/results/engine_switch_rules_2026-10/carriers/alternates/hisuian_goodra.txt	f21212d6ef071322c22bdb1bc0a61639562a8bb6	decks/screen/opponents/t-blaziken.txt	83fdf96504271e0074b3a93a2b2c9c1f99c12b1c	da6c6b8e6e8dc7c3	b12686f168ea942c	yes	decisions,moves	1	1	[1,5]	[1,5]	{"coin_cut_recorded":[62,91],"coin_queued_offered":[62],"coin_queued_offered_any":[62]}	{"coin_defender_attack":4,"coin_queued_attack_damage":1}	{}	{"offgate_helper_by_mechanic":{"DirectDamage":[23,62]},"offgate_helper_choice":[23,62]}	no	no
8	k3	17	112	23100170112	rl/results/engine_switch_rules_2026-10/carriers/alternates/hisuian_goodra.txt	f21212d6ef071322c22bdb1bc0a61639562a8bb6	decks/screen/opponents/t-blaziken.txt	83fdf96504271e0074b3a93a2b2c9c1f99c12b1c	c5c3c4acf427a3b2	4a1697c7e007b920	yes	decisions,discard_attacks,first_deck_score,moves,points,turns,winner_seat	1	0	[1,3]	[4,2]	{"coin_queued_offered":[37],"coin_queued_offered_any":[37]}	{"coin_defender_attack":4}	{}	{"offgate_helper_by_mechanic":{"DirectDamage":[19,37]},"offgate_helper_choice":[19,37]}	no	no
8	k3	17	127	23100170127	rl/results/engine_switch_rules_2026-10/carriers/alternates/hisuian_goodra.txt	f21212d6ef071322c22bdb1bc0a61639562a8bb6	decks/screen/opponents/t-blaziken.txt	83fdf96504271e0074b3a93a2b2c9c1f99c12b1c	cae196dc230546c8	17d4bd054c1c68e7	yes	decisions,moves	0	0	[3,1]	[3,1]	{"coin_cut_recorded":[58,72],"coin_queued_offered":[29],"coin_queued_offered_any":[29]}	{"coin_defender_attack":6}	{}	{"offgate_helper_by_mechanic":{"DirectDamage":[15,29]},"offgate_helper_choice":[15,29]}	no	no
8	k3	17	132	23100170132	rl/results/engine_switch_rules_2026-10/carriers/alternates/hisuian_goodra.txt	f21212d6ef071322c22bdb1bc0a61639562a8bb6	decks/screen/opponents/t-blaziken.txt	83fdf96504271e0074b3a93a2b2c9c1f99c12b1c	ee40bd5ab25a5846	31fc00066fa0107c	yes	decisions,moves	0	0	[5,2]	[5,2]	{"coin_cut_recorded":[59,75,109],"coin_queued_offered":[75],"coin_queued_offered_any":[75]}	{"coin_defender_attack":8,"coin_queued_attack_damage":1}	{}	{"offgate_helper_by_mechanic":{"DirectDamage":[33,45,75]},"offgate_helper_choice":[33,45,75]}	no	no
8	k3	17	136	23100170136	rl/results/engine_switch_rules_2026-10/carriers/alternates/hisuian_goodra.txt	f21212d6ef071322c22bdb1bc0a61639562a8bb6	decks/screen/opponents/t-blaziken.txt	83fdf96504271e0074b3a93a2b2c9c1f99c12b1c	a01a802f4d810a69	e2bb45b1d112eace	yes	decisions,discard_attacks,moves	0	0	[3,1]	[3,1]	{"coin_cut_recorded":[66],"coin_queued_offered":[41],"coin_queued_offered_any":[41]}	{"coin_defender_attack":6}	{}	{"offgate_helper_by_mechanic":{"DirectDamage":[30,41]},"offgate_helper_choice":[30,41]}	no	no
8	k3	17	140	23100170140	rl/results/engine_switch_rules_2026-10/carriers/alternates/hisuian_goodra.txt	f21212d6ef071322c22bdb1bc0a61639562a8bb6	decks/screen/opponents/t-blaziken.txt	83fdf96504271e0074b3a93a2b2c9c1f99c12b1c	391a6acbb7393225	a9b7f6013c50c2e3	yes	decisions,moves	0	0	[2,0]	[2,0]	{"coin_cut_recorded":[48],"coin_queued_offered":[48],"coin_queued_offered_any":[48]}	{"coin_defender_attack":3,"coin_queued_attack_damage":1}	{}	{"offgate_helper_by_mechanic":{"DirectDamage":[48]},"offgate_helper_choice":[48]}	no	no
8	k3	17	145	23100170145	rl/results/engine_switch_rules_2026-10/carriers/alternates/hisuian_goodra.txt	f21212d6ef071322c22bdb1bc0a61639562a8bb6	decks/screen/opponents/t-blaziken.txt	83fdf96504271e0074b3a93a2b2c9c1f99c12b1c	29a079733aaf5a7d	399f813f31a5ff7a	yes	decisions,moves	1	1	[1,3]	[1,3]	{"coin_cut_recorded":[53,68,82],"coin_queued_offered":[68],"coin_queued_offered_any":[68]}	{"coin_defender_attack":5,"coin_queued_attack_damage":1}	{}	{"offgate_helper_by_mechanic":{"DirectDamage":[68]},"offgate_helper_choice":[68]}	no	no
8	k3	17	184	23100170184	rl/results/engine_switch_rules_2026-10/carriers/alternates/hisuian_goodra.txt	f21212d6ef071322c22bdb1bc0a61639562a8bb6	decks/screen/opponents/t-blaziken.txt	83fdf96504271e0074b3a93a2b2c9c1f99c12b1c	95a4acab296d659b	791dbe5cc8b6ebfc	yes	abilities,decisions,first_deck_score,moves,points,turns,winner_seat	1	0	[2,3]	[5,2]	{"coin_cut_recorded":[26,56,108],"coin_queued_offered":[26,43,56],"coin_queued_offered_any":[26,43,56]}	{"coin_defender_attack":10,"coin_queued_attack_damage":2}	{}	{"offgate_helper_by_mechanic":{"DirectDamage":[14,43,56]},"offgate_helper_choice":[14,43,56]}	no	no
8	k3	17	200	23100170200	rl/results/engine_switch_rules_2026-10/carriers/alternates/hisuian_goodra.txt	f21212d6ef071322c22bdb1bc0a61639562a8bb6	decks/screen/opponents/t-blaziken.txt	83fdf96504271e0074b3a93a2b2c9c1f99c12b1c	0b460e53d9b1f1fb	cf0fddd8924fb8b4	yes	abilities,decisions,discard_attacks,first_deck_score,moves,points,turns,winner_seat	1	0	[2,3]	[5,2]	{"coin_cut_recorded":[58,72,85,96],"coin_queued_offered":[72],"coin_queued_offered_any":[72]}	{"coin_defender_attack":6,"coin_queued_attack_damage":1}	{}	{"offgate_helper_by_mechanic":{"DirectDamage":[72]},"offgate_helper_choice":[72]}	no	no
8	k3	17	210	23100170210	rl/results/engine_switch_rules_2026-10/carriers/alternates/hisuian_goodra.txt	f21212d6ef071322c22bdb1bc0a61639562a8bb6	decks/screen/opponents/t-blaziken.txt	83fdf96504271e0074b3a93a2b2c9c1f99c12b1c	b624d299f87a01ea	67e4b685516c10ca	yes	abilities,decisions,discard_attacks,first_deck_score,moves,points,turns,winner_seat	1	0	[0,3]	[4,2]	{"coin_cut_recorded":[74,88],"coin_queued_offered":[38],"coin_queued_offered_any":[38]}	{"coin_defender_attack":8}	{}	{"offgate_helper_by_mechanic":{"DirectDamage":[24,38,48,57]},"offgate_helper_choice":[24,38,48,57]}	no	no
8	k3	17	217	23100170217	rl/results/engine_switch_rules_2026-10/carriers/alternates/hisuian_goodra.txt	f21212d6ef071322c22bdb1bc0a61639562a8bb6	decks/screen/opponents/t-blaziken.txt	83fdf96504271e0074b3a93a2b2c9c1f99c12b1c	9089d8d1bf15b15a	0d1b68756ffcad7f	yes	decisions,moves	0	0	[3,1]	[3,1]	{"coin_cut_recorded":[36,59],"coin_queued_offered":[36],"coin_queued_offered_any":[36]}	{"coin_defender_attack":4,"coin_queued_attack_damage":1}	{}	{"offgate_helper_by_mechanic":{"DirectDamage":[23]},"offgate_helper_choice":[23]}	no	no
8	k3	17	222	23100170222	rl/results/engine_switch_rules_2026-10/carriers/alternates/hisuian_goodra.txt	f21212d6ef071322c22bdb1bc0a61639562a8bb6	decks/screen/opponents/t-blaziken.txt	83fdf96504271e0074b3a93a2b2c9c1f99c12b1c	ff9cdeb2ef692393	7aee24e7a019da67	yes	decisions,discard_attacks,moves,points	1	1	[2,3]	[1,3]	{"coin_cut_recorded":[86,108]}	{"coin_defender_attack":4}	{}	{"offgate_helper_by_mechanic":{"DirectDamage":[39,54]},"offgate_helper_choice":[39,54]}	no	no
8	k3	17	229	23100170229	rl/results/engine_switch_rules_2026-10/carriers/alternates/hisuian_goodra.txt	f21212d6ef071322c22bdb1bc0a61639562a8bb6	decks/screen/opponents/t-blaziken.txt	83fdf96504271e0074b3a93a2b2c9c1f99c12b1c	35cc90fbddede60a	85e8ed132cadb1a4	yes	decisions,moves	0	0	[3,1]	[3,1]	{"coin_cut_recorded":[40,61,78,87],"coin_queued_offered":[61],"coin_queued_offered_any":[61]}	{"coin_defender_attack":5,"coin_queued_attack_damage":1}	{}	{"offgate_helper_by_mechanic":{"DirectDamage":[61]},"offgate_helper_choice":[61]}	no	no
8	k3	17	242	23100170242	rl/results/engine_switch_rules_2026-10/carriers/alternates/hisuian_goodra.txt	f21212d6ef071322c22bdb1bc0a61639562a8bb6	decks/screen/opponents/t-blaziken.txt	83fdf96504271e0074b3a93a2b2c9c1f99c12b1c	07bc3378d2f2a7de	047237ed02aae790	yes	abilities,decisions,discard_attacks,moves	1	1	[2,3]	[2,3]	{"coin_cut_recorded":[30,57,86,97,107],"coin_queued_offered":[30],"coin_queued_offered_any":[30]}	{"coin_defender_attack":9,"coin_queued_attack_damage":1}	{}	{"offgate_helper_by_mechanic":{"DirectDamage":[71]},"offgate_helper_choice":[71]}	no	no
8	k3	18	49	23100180049	rl/results/engine_switch_rules_2026-10/carriers/alternates/hisuian_goodra.txt	f21212d6ef071322c22bdb1bc0a61639562a8bb6	decks/screen/opponents/t-hydreigon.txt	8dbc3bd03649858f753719a5ea7425e1c3d7c06e	ef83d55f7c9dd160	0c0bcbfd478d59bc	yes	moves	1	1	[1,5]	[1,5]	{"coin_cut_recorded":[60,71,81,93]}	{"coin_defender_attack":4}	{}	{}	no	no
8	k3	18	106	23100180106	rl/results/engine_switch_rules_2026-10/carriers/alternates/hisuian_goodra.txt	f21212d6ef071322c22bdb1bc0a61639562a8bb6	decks/screen/opponents/t-hydreigon.txt	8dbc3bd03649858f753719a5ea7425e1c3d7c06e	c71e2b7aec03547d	f0ca78c013017471	yes	moves	0	0	[5,0]	[5,0]	{"coin_cut_recorded":[32,41,60,75]}	{"coin_defender_attack":4}	{}	{}	no	no
8	k3	18	113	23100180113	rl/results/engine_switch_rules_2026-10/carriers/alternates/hisuian_goodra.txt	f21212d6ef071322c22bdb1bc0a61639562a8bb6	decks/screen/opponents/t-hydreigon.txt	8dbc3bd03649858f753719a5ea7425e1c3d7c06e	4daefb4be6ab5eef	7c67405a58f83a86	yes	moves	1	1	[1,3]	[1,3]	{"coin_cut_recorded":[81,95]}	{"coin_defender_attack":3}	{}	{}	no	no
8	k3	18	145	23100180145	rl/results/engine_switch_rules_2026-10/carriers/alternates/hisuian_goodra.txt	f21212d6ef071322c22bdb1bc0a61639562a8bb6	decks/screen/opponents/t-hydreigon.txt	8dbc3bd03649858f753719a5ea7425e1c3d7c06e	7ec211aad66f7198	507bd461f2b28c89	yes	moves	0	0	[3,1]	[3,1]	{"coin_cut_recorded":[75,88,102]}	{"coin_defender_attack":3}	{}	{}	no	no
8	k3	18	152	23100180152	rl/results/engine_switch_rules_2026-10/carriers/alternates/hisuian_goodra.txt	f21212d6ef071322c22bdb1bc0a61639562a8bb6	decks/screen/opponents/t-hydreigon.txt	8dbc3bd03649858f753719a5ea7425e1c3d7c06e	6c2fd0a48702828b	25c044dad94eff52	yes	moves	0	0	[3,0]	[3,0]	{"coin_cut_recorded":[30,43,83]}	{"coin_defender_attack":3}	{}	{}	no	no
8	k3	18	154	23100180154	rl/results/engine_switch_rules_2026-10/carriers/alternates/hisuian_goodra.txt	f21212d6ef071322c22bdb1bc0a61639562a8bb6	decks/screen/opponents/t-hydreigon.txt	8dbc3bd03649858f753719a5ea7425e1c3d7c06e	1f6d5a2c365b1c6a	8362c857e1cd0d36	yes	moves	0	0	[5,0]	[5,0]	{"coin_cut_recorded":[23,62,75,87]}	{"coin_defender_attack":4}	{}	{}	no	no
8	k3	18	173	23100180173	rl/results/engine_switch_rules_2026-10/carriers/alternates/hisuian_goodra.txt	f21212d6ef071322c22bdb1bc0a61639562a8bb6	decks/screen/opponents/t-hydreigon.txt	8dbc3bd03649858f753719a5ea7425e1c3d7c06e	ce9fba500b93d1f0	4cb6486b8c61211d	yes	moves	1	1	[1,4]	[1,4]	{"coin_cut_recorded":[48]}	{"coin_defender_attack":3}	{}	{}	no	no
8	k3	18	174	23100180174	rl/results/engine_switch_rules_2026-10/carriers/alternates/hisuian_goodra.txt	f21212d6ef071322c22bdb1bc0a61639562a8bb6	decks/screen/opponents/t-hydreigon.txt	8dbc3bd03649858f753719a5ea7425e1c3d7c06e	4d21ec1526c03f52	0a47d26d277d3df1	yes	moves	0	0	[5,0]	[5,0]	{"coin_cut_recorded":[45,76,85]}	{"coin_defender_attack":3}	{}	{}	no	no
8	k3	18	180	23100180180	rl/results/engine_switch_rules_2026-10/carriers/alternates/hisuian_goodra.txt	f21212d6ef071322c22bdb1bc0a61639562a8bb6	decks/screen/opponents/t-hydreigon.txt	8dbc3bd03649858f753719a5ea7425e1c3d7c06e	ff7a4dfdc3e0ac07	152207db5a85f239	yes	moves	0	0	[3,2]	[3,2]	{"coin_cut_recorded":[93,115,125]}	{"coin_defender_attack":4}	{}	{}	no	no
8	k3	18	210	23100180210	rl/results/engine_switch_rules_2026-10/carriers/alternates/hisuian_goodra.txt	f21212d6ef071322c22bdb1bc0a61639562a8bb6	decks/screen/opponents/t-hydreigon.txt	8dbc3bd03649858f753719a5ea7425e1c3d7c06e	1eae9ffb3fbd86bb	f970b2f938050f99	yes	moves	0	0	[5,2]	[5,2]	{"coin_cut_recorded":[41,66]}	{"coin_defender_attack":4}	{}	{}	no	no
8	k3	18	229	23100180229	rl/results/engine_switch_rules_2026-10/carriers/alternates/hisuian_goodra.txt	f21212d6ef071322c22bdb1bc0a61639562a8bb6	decks/screen/opponents/t-hydreigon.txt	8dbc3bd03649858f753719a5ea7425e1c3d7c06e	30cba7fe0c62dca5	8e96ed0a962d5785	yes	moves	1	1	[2,4]	[2,4]	{"coin_cut_recorded":[39,48,58]}	{"coin_defender_attack":5}	{}	{}	no	no
8	k3	18	241	23100180241	rl/results/engine_switch_rules_2026-10/carriers/alternates/hisuian_goodra.txt	f21212d6ef071322c22bdb1bc0a61639562a8bb6	decks/screen/opponents/t-hydreigon.txt	8dbc3bd03649858f753719a5ea7425e1c3d7c06e	81e2ee60d20b25da	817ad702460fc5ab	yes	moves	1	1	[1,4]	[1,4]	{"coin_cut_recorded":[44,55,66,81]}	{"coin_defender_attack":5}	{}	{}	no	no
8	k3	19	0	23100190000	rl/results/engine_switch_rules_2026-10/carriers/alternates/hisuian_goodra.txt	f21212d6ef071322c22bdb1bc0a61639562a8bb6	decks/screen/opponents/t-lucario.txt	45a643d6cc167fe88bb72aec5062d7d721f48193	3e92bb51e2b8dace	847ee19d7aae7447	yes	decisions,moves,points,turns	0	0	[4,1]	[3,0]	{"coin_cut_recorded":[63],"coin_queued_offered":[36],"coin_queued_offered_any":[36]}	{"coin_defender_attack":4}	{}	{"offgate_helper_by_mechanic":{"DirectDamage":[36]},"offgate_helper_choice":[36]}	no	no
8	k3	19	1	23100190001	rl/results/engine_switch_rules_2026-10/carriers/alternates/hisuian_goodra.txt	f21212d6ef071322c22bdb1bc0a61639562a8bb6	decks/screen/opponents/t-lucario.txt	45a643d6cc167fe88bb72aec5062d7d721f48193	945ba1521c3ef20a	5b3446c8e086627b	yes	decisions,moves	0	0	[3,0]	[3,0]	{"coin_cut_recorded":[54,61,68,77,88,113]}	{"coin_defender_attack":11}	{}	{"offgate_helper_by_mechanic":{"DirectDamage":[29,42]},"offgate_helper_choice":[29,42]}	no	no
8	k3	19	12	23100190012	rl/results/engine_switch_rules_2026-10/carriers/alternates/hisuian_goodra.txt	f21212d6ef071322c22bdb1bc0a61639562a8bb6	decks/screen/opponents/t-lucario.txt	45a643d6cc167fe88bb72aec5062d7d721f48193	147ce267dd26065a	00e39a6b2e39be90	yes	abilities,decisions,moves,turns	0	0	[3,1]	[3,1]	{"coin_cut_recorded":[35,74],"coin_queued_offered":[35],"coin_queued_offered_any":[35]}	{"coin_defender_attack":6,"coin_queued_attack_damage":1}	{}	{"offgate_helper_by_mechanic":{"DirectDamage":[23,35,62]},"offgate_helper_choice":[23,35,62]}	no	no
8	k3	19	15	23100190015	rl/results/engine_switch_rules_2026-10/carriers/alternates/hisuian_goodra.txt	f21212d6ef071322c22bdb1bc0a61639562a8bb6	decks/screen/opponents/t-lucario.txt	45a643d6cc167fe88bb72aec5062d7d721f48193	f5885be0dd3e1a86	0fb5fe3a684ce022	yes	decisions,moves	1	1	[2,3]	[2,3]	{"coin_cut_recorded":[41],"coin_queued_offered":[41],"coin_queued_offered_any":[41]}	{"coin_defender_attack":4,"coin_queued_attack_damage":1}	{}	{"offgate_helper_by_mechanic":{"DirectDamage":[28,41]},"offgate_helper_choice":[28,41]}	no	no
8	k3	19	17	23100190017	rl/results/engine_switch_rules_2026-10/carriers/alternates/hisuian_goodra.txt	f21212d6ef071322c22bdb1bc0a61639562a8bb6	decks/screen/opponents/t-lucario.txt	45a643d6cc167fe88bb72aec5062d7d721f48193	c77ed601cc68e762	2bc6c52288f5bfde	yes	decisions,moves	0	0	[3,0]	[3,0]	{"coin_cut_recorded":[53,65],"coin_queued_offered":[33],"coin_queued_offered_any":[33]}	{"coin_defender_attack":5}	{}	{"offgate_helper_by_mechanic":{"DirectDamage":[21,33]},"offgate_helper_choice":[21,33]}	no	no
8	k3	19	22	23100190022	rl/results/engine_switch_rules_2026-10/carriers/alternates/hisuian_goodra.txt	f21212d6ef071322c22bdb1bc0a61639562a8bb6	decks/screen/opponents/t-lucario.txt	45a643d6cc167fe88bb72aec5062d7d721f48193	d3729a36874fbf27	c3f91b9ddff99e1a	yes	decisions,moves	0	0	[3,0]	[3,0]	{"coin_cut_recorded":[50,62],"coin_queued_offered":[40],"coin_queued_offered_any":[40]}	{"coin_defender_attack":6}	{}	{"offgate_helper_by_mechanic":{"DirectDamage":[29,40]},"offgate_helper_choice":[29,40]}	no	no
8	k3	19	23	23100190023	rl/results/engine_switch_rules_2026-10/carriers/alternates/hisuian_goodra.txt	f21212d6ef071322c22bdb1bc0a61639562a8bb6	decks/screen/opponents/t-lucario.txt	45a643d6cc167fe88bb72aec5062d7d721f48193	9f37359fcd37497e	257588b83921c852	yes	decisions,moves	1	1	[1,3]	[1,3]	{"coin_cut_recorded":[63,74],"coin_queued_offered":[63],"coin_queued_offered_any":[63]}	{"coin_defender_attack":6,"coin_queued_attack_damage":1}	{}	{"offgate_helper_by_mechanic":{"DirectDamage":[33,63]},"offgate_helper_choice":[33,63]}	no	no
8	k3	19	36	23100190036	rl/results/engine_switch_rules_2026-10/carriers/alternates/hisuian_goodra.txt	f21212d6ef071322c22bdb1bc0a61639562a8bb6	decks/screen/opponents/t-lucario.txt	45a643d6cc167fe88bb72aec5062d7d721f48193	efb3de09b9824bf7	617e5039dc40f48f	yes	decisions,moves,points,turns	0	0	[5,2]	[3,1]	{"coin_cut_recorded":[66],"coin_queued_offered":[40],"coin_queued_offered_any":[40]}	{"coin_defender_attack":4}	{}	{"offgate_helper_by_mechanic":{"DirectDamage":[23,40]},"offgate_helper_choice":[23,40]}	no	no
8	k3	19	37	23100190037	rl/results/engine_switch_rules_2026-10/carriers/alternates/hisuian_goodra.txt	f21212d6ef071322c22bdb1bc0a61639562a8bb6	decks/screen/opponents/t-lucario.txt	45a643d6cc167fe88bb72aec5062d7d721f48193	75830b753be86a15	67ad046f695e1dad	yes	abilities,decisions,first_deck_score,moves,points,turns,winner_seat	1	0	[2,4]	[3,1]	{"coin_cut_recorded":[89,97],"coin_queued_offered":[48],"coin_queued_offered_any":[48]}	{"coin_defender_attack":7}	{}	{"offgate_helper_by_mechanic":{"DirectDamage":[16,27,36,48,75]},"offgate_helper_choice":[16,27,36,48,75]}	no	no
8	k3	19	44	23100190044	rl/results/engine_switch_rules_2026-10/carriers/alternates/hisuian_goodra.txt	f21212d6ef071322c22bdb1bc0a61639562a8bb6	decks/screen/opponents/t-lucario.txt	45a643d6cc167fe88bb72aec5062d7d721f48193	fbdfc5c0963e0139	a55b1fda906ade37	yes	abilities,decisions,first_deck_score,moves,points,turns,winner_seat	1	0	[1,3]	[3,2]	{"coin_cut_recorded":[49,85,94],"coin_queued_offered":[49],"coin_queued_offered_any":[49]}	{"coin_defender_attack":6,"coin_queued_attack_damage":1}	{}	{"offgate_helper_by_mechanic":{"DirectDamage":[33,49]},"offgate_helper_choice":[33,49]}	no	no
8	k3	19	49	23100190049	rl/results/engine_switch_rules_2026-10/carriers/alternates/hisuian_goodra.txt	f21212d6ef071322c22bdb1bc0a61639562a8bb6	decks/screen/opponents/t-lucario.txt	45a643d6cc167fe88bb72aec5062d7d721f48193	bb73d4aaaa21c3d8	064e008da2b75a5d	yes	decisions,moves,turns	0	0	[3,1]	[3,1]	{"coin_cut_recorded":[58,64,80]}	{"coin_defender_attack":6}	{}	{}	no	no
8	k3	19	73	23100190073	rl/results/engine_switch_rules_2026-10/carriers/alternates/hisuian_goodra.txt	f21212d6ef071322c22bdb1bc0a61639562a8bb6	decks/screen/opponents/t-lucario.txt	45a643d6cc167fe88bb72aec5062d7d721f48193	6a4e48df9b4a9103	b833bd9680fc27bb	yes	abilities,decisions,first_deck_score,moves,points,turns,winner_seat	1	0	[2,4]	[3,1]	{"coin_cut_recorded":[70,82],"coin_queued_offered":[38,49],"coin_queued_offered_any":[38,49]}	{"coin_defender_attack":7}	{}	{"offgate_helper_by_mechanic":{"DirectDamage":[38,49]},"offgate_helper_choice":[38,49]}	no	no
8	k3	19	76	23100190076	rl/results/engine_switch_rules_2026-10/carriers/alternates/hisuian_goodra.txt	f21212d6ef071322c22bdb1bc0a61639562a8bb6	decks/screen/opponents/t-lucario.txt	45a643d6cc167fe88bb72aec5062d7d721f48193	165656aa9b997442	0567df0b68a54238	yes	decisions,moves,points	0	0	[3,2]	[4,2]	{"coin_cut_recorded":[47],"coin_queued_offered":[47],"coin_queued_offered_any":[47]}	{"coin_defender_attack":5,"coin_queued_attack_damage":1}	{}	{"offgate_helper_by_mechanic":{"DirectDamage":[21,47]},"offgate_helper_choice":[21,47]}	no	no
8	k3	19	91	23100190091	rl/results/engine_switch_rules_2026-10/carriers/alternates/hisuian_goodra.txt	f21212d6ef071322c22bdb1bc0a61639562a8bb6	decks/screen/opponents/t-lucario.txt	45a643d6cc167fe88bb72aec5062d7d721f48193	8d59eb0d54e17769	43289edea2589d7d	yes	abilities,decisions,first_deck_score,moves,points,turns,winner_seat	0	1	[3,0]	[1,3]	{"coin_cut_recorded":[61],"coin_queued_offered":[30],"coin_queued_offered_any":[30]}	{"coin_defender_attack":4}	{}	{"offgate_helper_by_mechanic":{"DirectDamage":[17,30]},"offgate_helper_choice":[17,30]}	no	no
8	k3	19	92	23100190092	rl/results/engine_switch_rules_2026-10/carriers/alternates/hisuian_goodra.txt	f21212d6ef071322c22bdb1bc0a61639562a8bb6	decks/screen/opponents/t-lucario.txt	45a643d6cc167fe88bb72aec5062d7d721f48193	e84ecf9638688cf2	ab25bb688e1d3920	yes	decisions,first_deck_score,moves,points,turns,winner_seat	1	0	[0,3]	[3,1]	{"coin_cut_recorded":[44,74],"coin_queued_offered":[44],"coin_queued_offered_any":[44]}	{"coin_defender_attack":6,"coin_queued_attack_damage":1}	{}	{"offgate_helper_by_mechanic":{"DirectDamage":[31]},"offgate_helper_choice":[31]}	no	no
8	k3	19	105	23100190105	rl/results/engine_switch_rules_2026-10/carriers/alternates/hisuian_goodra.txt	f21212d6ef071322c22bdb1bc0a61639562a8bb6	decks/screen/opponents/t-lucario.txt	45a643d6cc167fe88bb72aec5062d7d721f48193	e46240cf2c26780a	5f95d159fe3968ef	yes	abilities,decisions,moves,points,turns	1	1	[0,3]	[2,5]	{"coin_cut_recorded":[56,82,92],"coin_queued_offered":[41],"coin_queued_offered_any":[41]}	{"coin_defender_attack":8}	{}	{"offgate_helper_by_mechanic":{"DirectDamage":[25,41,69]},"offgate_helper_choice":[25,41,69]}	no	no
8	k3	19	113	23100190113	rl/results/engine_switch_rules_2026-10/carriers/alternates/hisuian_goodra.txt	f21212d6ef071322c22bdb1bc0a61639562a8bb6	decks/screen/opponents/t-lucario.txt	45a643d6cc167fe88bb72aec5062d7d721f48193	fa37e28468a0089b	6399373503cfd028	yes	abilities,decisions,first_deck_score,moves,points,turns,winner_seat	1	0	[2,4]	[3,1]	{"coin_cut_recorded":[66],"coin_queued_offered":[32,42],"coin_queued_offered_any":[32,42]}	{"coin_defender_attack":6}	{}	{"offgate_helper_by_mechanic":{"DirectDamage":[32,42]},"offgate_helper_choice":[32,42]}	no	no
8	k3	19	138	23100190138	rl/results/engine_switch_rules_2026-10/carriers/alternates/hisuian_goodra.txt	f21212d6ef071322c22bdb1bc0a61639562a8bb6	decks/screen/opponents/t-lucario.txt	45a643d6cc167fe88bb72aec5062d7d721f48193	36e35cd19cf1517e	82d24aae63f7d36b	yes	decisions,first_deck_score,moves,points,turns,winner_seat	1	0	[1,3]	[4,1]	{"coin_cut_recorded":[43,56,80],"coin_queued_offered":[43,56],"coin_queued_offered_any":[43,56]}	{"coin_defender_attack":7,"coin_queued_attack_damage":2}	{}	{"offgate_helper_by_mechanic":{"DirectDamage":[16,43,56]},"offgate_helper_choice":[16,43,56]}	no	no
8	k3	19	142	23100190142	rl/results/engine_switch_rules_2026-10/carriers/alternates/hisuian_goodra.txt	f21212d6ef071322c22bdb1bc0a61639562a8bb6	decks/screen/opponents/t-lucario.txt	45a643d6cc167fe88bb72aec5062d7d721f48193	b426a3fcc89436ba	891fc9139b9992e6	yes	decisions,moves	1	1	[2,3]	[2,3]	{"coin_cut_recorded":[45,85],"coin_queued_offered":[45],"coin_queued_offered_any":[45]}	{"coin_defender_attack":5,"coin_queued_attack_damage":1}	{}	{"offgate_helper_by_mechanic":{"DirectDamage":[18,29]},"offgate_helper_choice":[18,29]}	no	no
8	k3	19	146	23100190146	rl/results/engine_switch_rules_2026-10/carriers/alternates/hisuian_goodra.txt	f21212d6ef071322c22bdb1bc0a61639562a8bb6	decks/screen/opponents/t-lucario.txt	45a643d6cc167fe88bb72aec5062d7d721f48193	b7b6d14895559a69	a441747f5416d963	yes	decisions,moves	0	0	[3,1]	[3,1]	{"coin_cut_recorded":[35,77],"coin_queued_offered":[35],"coin_queued_offered_any":[35]}	{"coin_defender_attack":6,"coin_queued_attack_damage":1}	{}	{"offgate_helper_by_mechanic":{"DirectDamage":[23,35,63]},"offgate_helper_choice":[23,35,63]}	no	no
8	k3	19	153	23100190153	rl/results/engine_switch_rules_2026-10/carriers/alternates/hisuian_goodra.txt	f21212d6ef071322c22bdb1bc0a61639562a8bb6	decks/screen/opponents/t-lucario.txt	45a643d6cc167fe88bb72aec5062d7d721f48193	08f424549598718d	f33990547776ade1	yes	decisions,first_deck_score,moves,points,turns,winner_seat	1	0	[1,3]	[3,0]	{"coin_cut_recorded":[47,69,81],"coin_queued_offered":[33,47],"coin_queued_offered_any":[33,47]}	{"coin_defender_attack":7,"coin_queued_attack_damage":1}	{}	{"offgate_helper_by_mechanic":{"DirectDamage":[33,47]},"offgate_helper_choice":[33,47]}	no	no
8	k3	19	163	23100190163	rl/results/engine_switch_rules_2026-10/carriers/alternates/hisuian_goodra.txt	f21212d6ef071322c22bdb1bc0a61639562a8bb6	decks/screen/opponents/t-lucario.txt	45a643d6cc167fe88bb72aec5062d7d721f48193	e5ea3eeed8cc3ecc	db2271695b89122f	yes	decisions,moves	0	0	[2,0]	[2,0]	{"coin_cut_recorded":[44,53]}	{"coin_defender_attack":4}	{}	{"offgate_helper_by_mechanic":{"DirectDamage":[16,34]},"offgate_helper_choice":[16,34]}	no	no
8	k3	19	168	23100190168	rl/results/engine_switch_rules_2026-10/carriers/alternates/hisuian_goodra.txt	f21212d6ef071322c22bdb1bc0a61639562a8bb6	decks/screen/opponents/t-lucario.txt	45a643d6cc167fe88bb72aec5062d7d721f48193	4910436eb4428da7	cb504f53066f9834	yes	abilities,decisions,first_deck_score,moves,points,turns,winner_seat	1	0	[1,3]	[5,2]	{"coin_cut_recorded":[40,52],"coin_queued_offered":[29,40,52],"coin_queued_offered_any":[29,40,52]}	{"coin_defender_attack":10,"coin_queued_attack_damage":2}	{}	{"offgate_helper_by_mechanic":{"DirectDamage":[13,29,40,52]},"offgate_helper_choice":[13,29,40,52]}	no	no
8	k3	19	181	23100190181	rl/results/engine_switch_rules_2026-10/carriers/alternates/hisuian_goodra.txt	f21212d6ef071322c22bdb1bc0a61639562a8bb6	decks/screen/opponents/t-lucario.txt	45a643d6cc167fe88bb72aec5062d7d721f48193	cc1e127086e5326e	54b2d9b9b832bc90	yes	abilities,decisions,moves,points	1	1	[1,5]	[1,4]	{"coin_cut_recorded":[51,64,74,85,95],"coin_queued_offered":[34],"coin_queued_offered_any":[34]}	{"coin_defender_attack":7}	{}	{"offgate_helper_by_mechanic":{"DirectDamage":[19,34]},"offgate_helper_choice":[19,34]}	no	no
8	k3	19	187	23100190187	rl/results/engine_switch_rules_2026-10/carriers/alternates/hisuian_goodra.txt	f21212d6ef071322c22bdb1bc0a61639562a8bb6	decks/screen/opponents/t-lucario.txt	45a643d6cc167fe88bb72aec5062d7d721f48193	1500456ba3764014	94bb8dc1bb9ecfee	yes	abilities,decisions,moves	1	1	[1,3]	[1,3]	{"coin_cut_recorded":[49,63],"coin_queued_offered":[49],"coin_queued_offered_any":[49]}	{"coin_defender_attack":6,"coin_queued_attack_damage":1}	{}	{"offgate_helper_by_mechanic":{"DirectDamage":[35,49,79]},"offgate_helper_choice":[35,49,79]}	no	no
8	k3	19	189	23100190189	rl/results/engine_switch_rules_2026-10/carriers/alternates/hisuian_goodra.txt	f21212d6ef071322c22bdb1bc0a61639562a8bb6	decks/screen/opponents/t-lucario.txt	45a643d6cc167fe88bb72aec5062d7d721f48193	48f53e7a1f70b86e	73a8798b62c12df9	yes	decisions,moves	1	1	[0,3]	[0,3]	{"coin_cut_recorded":[29,40,48,61,74],"coin_queued_offered":[61],"coin_queued_offered_any":[61]}	{"coin_defender_attack":6,"coin_queued_attack_damage":1}	{}	{"offgate_helper_by_mechanic":{"DirectDamage":[61]},"offgate_helper_choice":[61]}	no	no
8	k3	19	208	23100190208	rl/results/engine_switch_rules_2026-10/carriers/alternates/hisuian_goodra.txt	f21212d6ef071322c22bdb1bc0a61639562a8bb6	decks/screen/opponents/t-lucario.txt	45a643d6cc167fe88bb72aec5062d7d721f48193	a598fbabe1e9daa1	2b55e6734ac1f14a	yes	abilities,decisions,moves,points	0	0	[3,1]	[5,1]	{"coin_cut_recorded":[61,83,96],"coin_queued_offered":[34],"coin_queued_offered_any":[34]}	{"coin_defender_attack":8}	{}	{"offgate_helper_by_mechanic":{"DirectDamage":[34,71]},"offgate_helper_choice":[34,71]}	no	no
8	k3	19	214	23100190214	rl/results/engine_switch_rules_2026-10/carriers/alternates/hisuian_goodra.txt	f21212d6ef071322c22bdb1bc0a61639562a8bb6	decks/screen/opponents/t-lucario.txt	45a643d6cc167fe88bb72aec5062d7d721f48193	b9920287380ad74d	586457948984172f	yes	abilities,decisions,moves,points,turns	0	0	[3,1]	[3,0]	{"coin_cut_recorded":[71],"coin_queued_offered":[45],"coin_queued_offered_any":[45]}	{"coin_defender_attack":7}	{}	{"offgate_helper_by_mechanic":{"DirectDamage":[45,57]},"offgate_helper_choice":[45,57]}	no	no
8	k3	19	224	23100190224	rl/results/engine_switch_rules_2026-10/carriers/alternates/hisuian_goodra.txt	f21212d6ef071322c22bdb1bc0a61639562a8bb6	decks/screen/opponents/t-lucario.txt	45a643d6cc167fe88bb72aec5062d7d721f48193	e9904fd3d169930a	413909e695ac8375	yes	abilities,decisions,moves	1	1	[0,3]	[0,3]	{"coin_cut_recorded":[66,79,91],"coin_queued_offered":[30],"coin_queued_offered_any":[30]}	{"coin_defender_attack":6}	{}	{"offgate_helper_by_mechanic":{"DirectDamage":[14,30]},"offgate_helper_choice":[14,30]}	no	no
8	k3	19	247	23100190247	rl/results/engine_switch_rules_2026-10/carriers/alternates/hisuian_goodra.txt	f21212d6ef071322c22bdb1bc0a61639562a8bb6	decks/screen/opponents/t-lucario.txt	45a643d6cc167fe88bb72aec5062d7d721f48193	0600668c84b8cc0f	0987dcd71738bea5	yes	abilities,decisions,moves,turns	1	1	[1,4]	[1,4]	{"coin_cut_recorded":[40,53,65,77],"coin_queued_offered":[40],"coin_queued_offered_any":[40]}	{"coin_defender_attack":7,"coin_queued_attack_damage":1}	{}	{"offgate_helper_by_mechanic":{"DirectDamage":[23,40]},"offgate_helper_choice":[23,40]}	no	no
8	k3	20	73	23100200073	rl/results/engine_switch_rules_2026-10/carriers/alternates/hisuian_goodra.txt	f21212d6ef071322c22bdb1bc0a61639562a8bb6	decks/screen/opponents/t-sceptile.txt	12477c2422b898ca57beaec32e50b73c37fdd4b0	0620701f198c5f69	9027f45b43c9e761	yes	abilities,decisions,discard_attacks,moves,points,turns	1	1	[1,3]	[1,5]	{"coin_cut_recorded":[64,76,86,96,110]}	{"coin_defender_attack":7}	{}	{}	no	no
8	k3	20	89	23100200089	rl/results/engine_switch_rules_2026-10/carriers/alternates/hisuian_goodra.txt	f21212d6ef071322c22bdb1bc0a61639562a8bb6	decks/screen/opponents/t-sceptile.txt	12477c2422b898ca57beaec32e50b73c37fdd4b0	3182b1a1843536de	9dc37941bd7c7d69	yes	abilities,decisions,moves,turns	1	1	[2,3]	[2,3]	{"coin_queued_offered":[34,46],"coin_queued_offered_any":[34,46]}	{"coin_defender_attack":6}	{}	{"offgate_helper_by_mechanic":{"DirectDamage":[34,46]},"offgate_helper_choice":[34,46]}	no	no
8	k3	20	91	23100200091	rl/results/engine_switch_rules_2026-10/carriers/alternates/hisuian_goodra.txt	f21212d6ef071322c22bdb1bc0a61639562a8bb6	decks/screen/opponents/t-sceptile.txt	12477c2422b898ca57beaec32e50b73c37fdd4b0	46cf2ae210359a7a	cec2f9c441023485	yes	abilities,decisions,moves	1	1	[1,3]	[1,3]	{"coin_cut_recorded":[33,68,81,95,108],"coin_queued_offered":[108],"coin_queued_offered_any":[108]}	{"coin_defender_attack":8,"coin_queued_attack_damage":1}	{}	{"offgate_helper_by_mechanic":{"DirectDamage":[108]},"offgate_helper_choice":[108]}	no	no
8	k3	20	139	23100200139	rl/results/engine_switch_rules_2026-10/carriers/alternates/hisuian_goodra.txt	f21212d6ef071322c22bdb1bc0a61639562a8bb6	decks/screen/opponents/t-sceptile.txt	12477c2422b898ca57beaec32e50b73c37fdd4b0	4ba2b32063857692	2894af6c1144e36b	yes	decisions,discard_attacks,first_deck_score,moves,points,turns,winner_seat	1	0	[2,3]	[3,2]	{"coin_cut_recorded":[79,86,94,108,118],"coin_queued_offered":[35],"coin_queued_offered_any":[35]}	{"coin_defender_attack":9}	{}	{"offgate_helper_by_mechanic":{"DirectDamage":[35]},"offgate_helper_choice":[35]}	no	no
8	k3	20	160	23100200160	rl/results/engine_switch_rules_2026-10/carriers/alternates/hisuian_goodra.txt	f21212d6ef071322c22bdb1bc0a61639562a8bb6	decks/screen/opponents/t-sceptile.txt	12477c2422b898ca57beaec32e50b73c37fdd4b0	d1a28350e619f280	4a45f6511f6e2dba	yes	decisions,moves	0	0	[3,2]	[3,2]	{"coin_cut_recorded":[73,83,92]}	{"coin_defender_attack":8}	{}	{"offgate_helper_by_mechanic":{"DirectDamage":[30,63]},"offgate_helper_choice":[30,63]}	no	no
8	k3	20	173	23100200173	rl/results/engine_switch_rules_2026-10/carriers/alternates/hisuian_goodra.txt	f21212d6ef071322c22bdb1bc0a61639562a8bb6	decks/screen/opponents/t-sceptile.txt	12477c2422b898ca57beaec32e50b73c37fdd4b0	c1597f89a3202624	fdb7e5adf4331fe4	yes	decisions,discard_attacks,moves,points,turns	1	1	[1,3]	[2,4]	{"coin_cut_recorded":[36,72,83,95]}	{"coin_defender_attack":6}	{}	{}	no	no
8	k3	20	174	23100200174	rl/results/engine_switch_rules_2026-10/carriers/alternates/hisuian_goodra.txt	f21212d6ef071322c22bdb1bc0a61639562a8bb6	decks/screen/opponents/t-sceptile.txt	12477c2422b898ca57beaec32e50b73c37fdd4b0	078552292189ccc5	31ce86ab6306599a	yes	decisions,moves	0	0	[3,1]	[3,1]	{"coin_cut_recorded":[54,69,82,89],"coin_queued_offered":[69],"coin_queued_offered_any":[69]}	{"coin_defender_attack":7,"coin_queued_attack_damage":1}	{}	{"offgate_helper_by_mechanic":{"DirectDamage":[69]},"offgate_helper_choice":[69]}	no	no
8	k3	20	196	23100200196	rl/results/engine_switch_rules_2026-10/carriers/alternates/hisuian_goodra.txt	f21212d6ef071322c22bdb1bc0a61639562a8bb6	decks/screen/opponents/t-sceptile.txt	12477c2422b898ca57beaec32e50b73c37fdd4b0	a22abb52091ec1a2	b2470f5c73ae7051	yes	decisions,moves	0	0	[3,1]	[3,1]	{"coin_cut_recorded":[56,69,82,96],"coin_queued_offered":[82],"coin_queued_offered_any":[82]}	{"coin_defender_attack":7,"coin_queued_attack_damage":1}	{}	{"offgate_helper_by_mechanic":{"DirectDamage":[82]},"offgate_helper_choice":[82]}	no	no
8	k3	20	201	23100200201	rl/results/engine_switch_rules_2026-10/carriers/alternates/hisuian_goodra.txt	f21212d6ef071322c22bdb1bc0a61639562a8bb6	decks/screen/opponents/t-sceptile.txt	12477c2422b898ca57beaec32e50b73c37fdd4b0	90779a8c8d5b55fb	9859af713b93fa4d	yes	decisions,moves	0	0	[3,0]	[3,0]	{"coin_cut_recorded":[67,79,88,101],"coin_queued_offered":[101],"coin_queued_offered_any":[101]}	{"coin_defender_attack":7,"coin_queued_attack_damage":1}	{}	{}	no	no
8	k3	20	209	23100200209	rl/results/engine_switch_rules_2026-10/carriers/alternates/hisuian_goodra.txt	f21212d6ef071322c22bdb1bc0a61639562a8bb6	decks/screen/opponents/t-sceptile.txt	12477c2422b898ca57beaec32e50b73c37fdd4b0	f7d482c25384d844	17d5c6a8f8f9af33	yes	decisions,moves	1	1	[0,3]	[0,3]	{"coin_cut_recorded":[25,37,51,67,80],"coin_queued_offered":[67],"coin_queued_offered_any":[67]}	{"coin_defender_attack":6,"coin_queued_attack_damage":1}	{}	{"offgate_helper_by_mechanic":{"DirectDamage":[67]},"offgate_helper_choice":[67]}	no	no
8	k3	21	15	23100210015	rl/results/engine_switch_rules_2026-10/carriers/alternates/hisuian_goodra.txt	f21212d6ef071322c22bdb1bc0a61639562a8bb6	decks/screen/opponents/t-suicune.txt	4de2246fc6f88665bdbf7c82c28cbdefe50f8f8c	ed37decaf98f3c8f	9a7b6e165106d3c3	yes	abilities,decisions,discard_attacks,first_deck_score,moves,points,turns,winner_seat	0	1	[3,2]	[2,4]	{"coin_cut_recorded":[55],"coin_queued_offered":[68],"coin_queued_offered_any":[68]}	{"coin_defender_attack":4}	{}	{"offgate_helper_by_mechanic":{"SelfDiscardAllTypeEnergyAndDamageAnyOpponentPokemon":[68]},"offgate_helper_choice":[68]}	no	no
8	k3	21	29	23100210029	rl/results/engine_switch_rules_2026-10/carriers/alternates/hisuian_goodra.txt	f21212d6ef071322c22bdb1bc0a61639562a8bb6	decks/screen/opponents/t-suicune.txt	4de2246fc6f88665bdbf7c82c28cbdefe50f8f8c	72d717a642667d42	74b9604858373607	yes	abilities,decisions,moves	1	1	[2,4]	[2,4]	{"coin_cut_recorded":[75,88,105,129,138],"coin_queued_offered":[148],"coin_queued_offered_any":[148]}	{"coin_defender_attack":8}	{}	{"offgate_helper_by_mechanic":{"SelfDiscardAllTypeEnergyAndDamageAnyOpponentPokemon":[148]},"offgate_helper_choice":[148]}	no	no
8	k3	21	42	23100210042	rl/results/engine_switch_rules_2026-10/carriers/alternates/hisuian_goodra.txt	f21212d6ef071322c22bdb1bc0a61639562a8bb6	decks/screen/opponents/t-suicune.txt	4de2246fc6f88665bdbf7c82c28cbdefe50f8f8c	7fd6f4a4ee473931	fd1271eac0a7fbb4	yes	decisions,discard_attacks,first_deck_score,moves,points,turns,winner_seat	0	1	[3,2]	[2,3]	{"coin_cut_recorded":[58,66,82,97,110,119],"coin_queued_offered":[119],"coin_queued_offered_any":[119]}	{"coin_defender_attack":8,"coin_queued_attack_damage":1}	{}	{}	no	no
8	k3	21	49	23100210049	rl/results/engine_switch_rules_2026-10/carriers/alternates/hisuian_goodra.txt	f21212d6ef071322c22bdb1bc0a61639562a8bb6	decks/screen/opponents/t-suicune.txt	4de2246fc6f88665bdbf7c82c28cbdefe50f8f8c	9a89deb1bd1475f1	da9963a70eba34bb	yes	decisions,moves	0	0	[3,0]	[3,0]	{"coin_cut_recorded":[61,72,88],"coin_queued_offered":[88],"coin_queued_offered_any":[88]}	{"coin_defender_attack":4,"coin_queued_attack_damage":1}	{}	{"offgate_helper_by_mechanic":{"SelfDiscardAllTypeEnergyAndDamageAnyOpponentPokemon":[88]},"offgate_helper_choice":[88]}	no	no
8	k3	21	54	23100210054	rl/results/engine_switch_rules_2026-10/carriers/alternates/hisuian_goodra.txt	f21212d6ef071322c22bdb1bc0a61639562a8bb6	decks/screen/opponents/t-suicune.txt	4de2246fc6f88665bdbf7c82c28cbdefe50f8f8c	479df5b252c6e421	8161f059c6c8a4e6	yes	abilities,decisions,discard_attacks,first_deck_score,moves,points,turns,winner_seat	1	0	[0,3]	[3,2]	{"coin_cut_recorded":[43,76,92,108,119],"coin_queued_offered":[56],"coin_queued_offered_any":[56]}	{"coin_defender_attack":7}	{}	{"offgate_helper_by_mechanic":{"SelfDiscardAllTypeEnergyAndDamageAnyOpponentPokemon":[56]},"offgate_helper_choice":[56]}	no	no
8	k3	21	70	23100210070	rl/results/engine_switch_rules_2026-10/carriers/alternates/hisuian_goodra.txt	f21212d6ef071322c22bdb1bc0a61639562a8bb6	decks/screen/opponents/t-suicune.txt	4de2246fc6f88665bdbf7c82c28cbdefe50f8f8c	9264e2b7780d3293	3039bc7ee2384af2	yes	decisions,moves	1	1	[2,3]	[2,3]	{"coin_cut_recorded":[64,75,87,100,113,125],"coin_queued_offered":[125],"coin_queued_offered_any":[125]}	{"coin_defender_attack":7,"coin_queued_attack_damage":1}	{}	{}	no	no
8	k3	21	85	23100210085	rl/results/engine_switch_rules_2026-10/carriers/alternates/hisuian_goodra.txt	f21212d6ef071322c22bdb1bc0a61639562a8bb6	decks/screen/opponents/t-suicune.txt	4de2246fc6f88665bdbf7c82c28cbdefe50f8f8c	739347250940b1eb	5374658590987499	yes	decisions,first_deck_score,moves,points,turns,winner_seat	0	1	[3,2]	[2,4]	{"coin_cut_recorded":[25,60,79,106],"coin_queued_offered":[37,91],"coin_queued_offered_any":[37,91]}	{"coin_defender_attack":8}	{}	{"offgate_helper_by_mechanic":{"SelfDiscardAllTypeEnergyAndDamageAnyOpponentPokemon":[37,91]},"offgate_helper_choice":[37,91]}	no	no
8	k3	21	106	23100210106	rl/results/engine_switch_rules_2026-10/carriers/alternates/hisuian_goodra.txt	f21212d6ef071322c22bdb1bc0a61639562a8bb6	decks/screen/opponents/t-suicune.txt	4de2246fc6f88665bdbf7c82c28cbdefe50f8f8c	0c710e6ef38e839b	1ff738071b25493f	yes	decisions,discard_attacks,first_deck_score,moves,points,turns,winner_seat	0	1	[3,2]	[1,3]	{"coin_cut_recorded":[66,78,91,103,116],"coin_queued_offered":[116],"coin_queued_offered_any":[116]}	{"coin_defender_attack":6,"coin_queued_attack_damage":1}	{}	{}	no	no
8	k3	21	107	23100210107	rl/results/engine_switch_rules_2026-10/carriers/alternates/hisuian_goodra.txt	f21212d6ef071322c22bdb1bc0a61639562a8bb6	decks/screen/opponents/t-suicune.txt	4de2246fc6f88665bdbf7c82c28cbdefe50f8f8c	eb18a6b6a57156dc	73433b9d53baf5f6	yes	decisions,discard_attacks,first_deck_score,moves,points,turns,winner_seat	1	0	[2,3]	[3,2]	{"coin_cut_recorded":[61,69,85,98,111,122],"coin_queued_offered":[122],"coin_queued_offered_any":[122]}	{"coin_defender_attack":7,"coin_queued_attack_damage":1}	{}	{}	no	no
8	k3	21	111	23100210111	rl/results/engine_switch_rules_2026-10/carriers/alternates/hisuian_goodra.txt	f21212d6ef071322c22bdb1bc0a61639562a8bb6	decks/screen/opponents/t-suicune.txt	4de2246fc6f88665bdbf7c82c28cbdefe50f8f8c	bb00a0e9ecfbeacc	1c7ae6a9f3cae919	yes	decisions,moves	0	0	[3,1]	[3,1]	{"coin_cut_recorded":[54,70,83,95,107,118],"coin_queued_offered":[118],"coin_queued_offered_any":[118]}	{"coin_defender_attack":7,"coin_queued_attack_damage":1}	{}	{}	no	no
8	k3	21	115	23100210115	rl/results/engine_switch_rules_2026-10/carriers/alternates/hisuian_goodra.txt	f21212d6ef071322c22bdb1bc0a61639562a8bb6	decks/screen/opponents/t-suicune.txt	4de2246fc6f88665bdbf7c82c28cbdefe50f8f8c	8294ae9df5c97b57	0cdfe92b2c720a72	yes	abilities,decisions,moves	1	1	[1,4]	[1,4]	{"coin_cut_recorded":[28,36,51,81],"coin_queued_offered":[65],"coin_queued_offered_any":[65]}	{"coin_defender_attack":6}	{}	{"offgate_helper_by_mechanic":{"SelfDiscardAllTypeEnergyAndDamageAnyOpponentPokemon":[65]},"offgate_helper_choice":[65]}	no	no
8	k3	21	123	23100210123	rl/results/engine_switch_rules_2026-10/carriers/alternates/hisuian_goodra.txt	f21212d6ef071322c22bdb1bc0a61639562a8bb6	decks/screen/opponents/t-suicune.txt	4de2246fc6f88665bdbf7c82c28cbdefe50f8f8c	31f728c71eed6758	43017180f1bd21bc	yes	decisions,moves	1	1	[1,4]	[1,4]	{"coin_cut_recorded":[31,39,56,69,83,104],"coin_queued_offered":[83],"coin_queued_offered_any":[83]}	{"coin_defender_attack":7,"coin_queued_attack_damage":1}	{}	{"offgate_helper_by_mechanic":{"SelfDiscardAllTypeEnergyAndDamageAnyOpponentPokemon":[83]},"offgate_helper_choice":[83]}	no	no
8	k3	21	124	23100210124	rl/results/engine_switch_rules_2026-10/carriers/alternates/hisuian_goodra.txt	f21212d6ef071322c22bdb1bc0a61639562a8bb6	decks/screen/opponents/t-suicune.txt	4de2246fc6f88665bdbf7c82c28cbdefe50f8f8c	81f274a6046a1efe	deea5729dee2a39b	yes	abilities,decisions,moves	1	1	[2,3]	[2,3]	{"coin_cut_recorded":[61,97],"coin_queued_offered":[79,97],"coin_queued_offered_any":[79,97]}	{"coin_defender_attack":6,"coin_queued_attack_damage":1}	{}	{"offgate_helper_by_mechanic":{"SelfDiscardAllTypeEnergyAndDamageAnyOpponentPokemon":[79]},"offgate_helper_choice":[79]}	no	no
8	k3	21	127	23100210127	rl/results/engine_switch_rules_2026-10/carriers/alternates/hisuian_goodra.txt	f21212d6ef071322c22bdb1bc0a61639562a8bb6	decks/screen/opponents/t-suicune.txt	4de2246fc6f88665bdbf7c82c28cbdefe50f8f8c	492298c27907bcdd	39302dd4de76e9c5	yes	decisions,moves	1	1	[2,4]	[2,4]	{"coin_cut_recorded":[57,74,86,105,121],"coin_queued_offered":[86],"coin_queued_offered_any":[86]}	{"coin_defender_attack":7,"coin_queued_attack_damage":1}	{}	{"offgate_helper_by_mechanic":{"SelfDiscardAllTypeEnergyAndDamageAnyOpponentPokemon":[86]},"offgate_helper_choice":[86]}	no	no
8	k3	21	200	23100210200	rl/results/engine_switch_rules_2026-10/carriers/alternates/hisuian_goodra.txt	f21212d6ef071322c22bdb1bc0a61639562a8bb6	decks/screen/opponents/t-suicune.txt	4de2246fc6f88665bdbf7c82c28cbdefe50f8f8c	74e6124c746675d8	189b9aeac40a20c6	yes	abilities,decisions,discard_attacks,first_deck_score,moves,points,turns,winner_seat	0	1	[3,2]	[2,3]	{"coin_cut_recorded":[50,66,80,92,105,118,131,143],"coin_queued_offered":[131,143],"coin_queued_offered_any":[131,143]}	{"coin_defender_attack":10,"coin_queued_attack_damage":2}	{}	{}	no	no
8	k3	21	210	23100210210	rl/results/engine_switch_rules_2026-10/carriers/alternates/hisuian_goodra.txt	f21212d6ef071322c22bdb1bc0a61639562a8bb6	decks/screen/opponents/t-suicune.txt	4de2246fc6f88665bdbf7c82c28cbdefe50f8f8c	07702cc1956d4611	d70191d0030ed86c	yes	decisions,moves	1	1	[0,3]	[0,3]	{"coin_cut_recorded":[59,69,82,91,101,110,122],"coin_queued_offered":[122],"coin_queued_offered_any":[122]}	{"coin_defender_attack":9,"coin_queued_attack_damage":1}	{}	{}	no	no
8	k3	21	211	23100210211	rl/results/engine_switch_rules_2026-10/carriers/alternates/hisuian_goodra.txt	f21212d6ef071322c22bdb1bc0a61639562a8bb6	decks/screen/opponents/t-suicune.txt	4de2246fc6f88665bdbf7c82c28cbdefe50f8f8c	f652a6f06cc90fcb	06e89f68665c4e7a	yes	abilities,decisions,first_deck_score,moves,points,turns,winner_seat	0	1	[3,0]	[2,4]	{"coin_cut_recorded":[55,69,84,96],"coin_queued_offered":[84],"coin_queued_offered_any":[84]}	{"coin_defender_attack":6,"coin_queued_attack_damage":1}	{}	{}	no	no
8	k3	21	231	23100210231	rl/results/engine_switch_rules_2026-10/carriers/alternates/hisuian_goodra.txt	f21212d6ef071322c22bdb1bc0a61639562a8bb6	decks/screen/opponents/t-suicune.txt	4de2246fc6f88665bdbf7c82c28cbdefe50f8f8c	11bf69d349388d76	cd6dee4deeac6bab	yes	abilities,decisions,first_deck_score,moves,points,turns,winner_seat	0	1	[3,0]	[1,4]	{"coin_cut_recorded":[66],"coin_queued_offered":[40],"coin_queued_offered_any":[40]}	{"coin_defender_attack":3}	{}	{"offgate_helper_by_mechanic":{"SelfDiscardAllTypeEnergyAndDamageAnyOpponentPokemon":[40]},"offgate_helper_choice":[40]}	no	no
8	k3	21	243	23100210243	rl/results/engine_switch_rules_2026-10/carriers/alternates/hisuian_goodra.txt	f21212d6ef071322c22bdb1bc0a61639562a8bb6	decks/screen/opponents/t-suicune.txt	4de2246fc6f88665bdbf7c82c28cbdefe50f8f8c	51ec1868d6353c40	0f87ce2a7a0bba91	yes	decisions,moves	0	0	[3,0]	[3,0]	{"coin_cut_recorded":[53,66,78,92,104],"coin_queued_offered":[104],"coin_queued_offered_any":[104]}	{"coin_defender_attack":7,"coin_queued_attack_damage":1}	{}	{}	no	no
8	k3	21	248	23100210248	rl/results/engine_switch_rules_2026-10/carriers/alternates/hisuian_goodra.txt	f21212d6ef071322c22bdb1bc0a61639562a8bb6	decks/screen/opponents/t-suicune.txt	4de2246fc6f88665bdbf7c82c28cbdefe50f8f8c	cef558d65c085b65	27b9ccd4daca99c6	yes	decisions,moves	1	1	[2,3]	[2,3]	{"coin_cut_recorded":[87,98,111,121,130,138,149],"coin_queued_offered":[149],"coin_queued_offered_any":[149]}	{"coin_defender_attack":9,"coin_queued_attack_damage":1}	{}	{}	no	no
8	k3	22	1	23100220001	rl/results/engine_switch_rules_2026-10/carriers/alternates/hisuian_goodra.txt	f21212d6ef071322c22bdb1bc0a61639562a8bb6	decks/screen/opponents/t-vespiquen.txt	fb36fa1fe15cbacb8740ad1c1d5f2beb5f166dd0	dadb41c2c28aa9a7	06fa0dec991fed8e	yes	chase_order,decisions,moves	0	0	[3,0]	[3,0]	{"coin_cut_recorded":[55,74],"coin_queued_offered":[54,55,73,74],"coin_queued_offered_any":[54,55,73,74]}	{"coin_defender_attack":4,"coin_queued_attack_damage":2}	{}	{"offgate_helper_by_mechanic":{"OptionalDiscardBenchedBasicForExtraDamage":[88]},"offgate_helper_choice":[88]}	no	no
8	k3	22	3	23100220003	rl/results/engine_switch_rules_2026-10/carriers/alternates/hisuian_goodra.txt	f21212d6ef071322c22bdb1bc0a61639562a8bb6	decks/screen/opponents/t-vespiquen.txt	fb36fa1fe15cbacb8740ad1c1d5f2beb5f166dd0	e73f8c546c3f49ab	650baa1c383dc942	yes	chase_order,decisions,moves	0	0	[3,0]	[3,0]	{"coin_cut_recorded":[56,66,84,97],"coin_queued_offered":[55,56,65,66,83,84],"coin_queued_offered_any":[55,56,65,66,83,84]}	{"coin_defender_attack":8,"coin_queued_attack_damage":3}	{}	{}	no	no
8	k3	22	5	23100220005	rl/results/engine_switch_rules_2026-10/carriers/alternates/hisuian_goodra.txt	f21212d6ef071322c22bdb1bc0a61639562a8bb6	decks/screen/opponents/t-vespiquen.txt	fb36fa1fe15cbacb8740ad1c1d5f2beb5f166dd0	6fa59734e7369081	e121dd16db77d61c	yes	chase_order,decisions,first_deck_score,moves,points,turns,winner_seat	0	1	[3,2]	[2,4]	{"coin_cut_recorded":[66,78,88,103,114],"coin_queued_offered":[65,66,77,78],"coin_queued_offered_any":[65,66,77,78]}	{"coin_defender_attack":9,"coin_queued_attack_damage":2}	{}	{}	no	no
8	k3	22	6	23100220006	rl/results/engine_switch_rules_2026-10/carriers/alternates/hisuian_goodra.txt	f21212d6ef071322c22bdb1bc0a61639562a8bb6	decks/screen/opponents/t-vespiquen.txt	fb36fa1fe15cbacb8740ad1c1d5f2beb5f166dd0	ebc2ab8f25d8f193	605e9998b6c1f8d2	yes	chase_order,decisions,moves	1	1	[0,3]	[0,3]	{"coin_cut_recorded":[38,52,64],"coin_queued_offered":[51,52,63,64],"coin_queued_offered_any":[51,52,63,64]}	{"coin_defender_attack":5,"coin_queued_attack_damage":2}	{}	{"offgate_discard_then_damage":[91],"offgate_helper_by_mechanic":{"OptionalDiscardBenchedBasicForExtraDamage":[77,90,91]},"offgate_helper_choice":[77,90,91]}	no	no
8	k3	22	7	23100220007	rl/results/engine_switch_rules_2026-10/carriers/alternates/hisuian_goodra.txt	f21212d6ef071322c22bdb1bc0a61639562a8bb6	decks/screen/opponents/t-vespiquen.txt	fb36fa1fe15cbacb8740ad1c1d5f2beb5f166dd0	86249b103a47d43b	0739fdf54c3559f1	yes	abilities,chase_order,decisions,first_deck_score,moves,points,turns,winner_seat	0	1	[3,2]	[2,4]	{"coin_cut_recorded":[33,45,61,76,89,100],"coin_queued_offered":[60,61,75,76],"coin_queued_offered_any":[60,61,75,76]}	{"coin_defender_attack":8,"coin_queued_attack_damage":2}	{}	{}	no	no
8	k3	22	8	23100220008	rl/results/engine_switch_rules_2026-10/carriers/alternates/hisuian_goodra.txt	f21212d6ef071322c22bdb1bc0a61639562a8bb6	decks/screen/opponents/t-vespiquen.txt	fb36fa1fe15cbacb8740ad1c1d5f2beb5f166dd0	6bd20ea812b41cb8	45ba779baff5d81b	yes	decisions,moves	0	0	[4,2]	[4,2]	{"coin_cut_recorded":[98],"coin_queued_offered":[97,98],"coin_queued_offered_any":[97,98]}	{"coin_defender_attack":6,"coin_queued_attack_damage":1}	{}	{"offgate_discard_then_damage":[86],"offgate_helper_by_mechanic":{"OptionalDiscardBenchedBasicForExtraDamage":[85,86]},"offgate_helper_choice":[85,86]}	no	no
8	k3	22	10	23100220010	rl/results/engine_switch_rules_2026-10/carriers/alternates/hisuian_goodra.txt	f21212d6ef071322c22bdb1bc0a61639562a8bb6	decks/screen/opponents/t-vespiquen.txt	fb36fa1fe15cbacb8740ad1c1d5f2beb5f166dd0	922b468f80ac7c90	a333d5f15699918d	yes	chase_order,decisions,moves	0	0	[4,2]	[4,2]	{"coin_cut_recorded":[35,50,63],"coin_queued_offered":[49,50,62,63],"coin_queued_offered_any":[49,50,62,63]}	{"coin_defender_attack":7,"coin_queued_attack_damage":2}	{}	{}	no	no
8	k3	22	12	23100220012	rl/results/engine_switch_rules_2026-10/carriers/alternates/hisuian_goodra.txt	f21212d6ef071322c22bdb1bc0a61639562a8bb6	decks/screen/opponents/t-vespiquen.txt	fb36fa1fe15cbacb8740ad1c1d5f2beb5f166dd0	6dc665641ed8baa3	90a430ecdc44fb0b	yes	chase_order,decisions,moves	1	1	[2,3]	[2,3]	{"coin_cut_recorded":[31,42,52,98,110],"coin_queued_offered":[97,98,109,110],"coin_queued_offered_any":[97,98,109,110]}	{"coin_defender_attack":10,"coin_queued_attack_damage":2}	{}	{"offgate_helper_by_mechanic":{"OptionalDiscardBenchedBasicForExtraDamage":[80]},"offgate_helper_choice":[80]}	no	no
8	k3	22	13	23100220013	rl/results/engine_switch_rules_2026-10/carriers/alternates/hisuian_goodra.txt	f21212d6ef071322c22bdb1bc0a61639562a8bb6	decks/screen/opponents/t-vespiquen.txt	fb36fa1fe15cbacb8740ad1c1d5f2beb5f166dd0	4cabe5273975dfa9	0e27927cfc554ef6	yes	abilities,chase_order,decisions,moves,turns	0	0	[3,2]	[3,2]	{"coin_cut_recorded":[58,73,94,108,117],"coin_queued_offered":[57,58,72,73],"coin_queued_offered_any":[57,58,72,73]}	{"coin_defender_attack":10,"coin_queued_attack_damage":2}	{}	{"offgate_helper_by_mechanic":{"OptionalDiscardBenchedBasicForExtraDamage":[44]},"offgate_helper_choice":[44]}	no	no
8	k3	22	15	23100220015	rl/results/engine_switch_rules_2026-10/carriers/alternates/hisuian_goodra.txt	f21212d6ef071322c22bdb1bc0a61639562a8bb6	decks/screen/opponents/t-vespiquen.txt	fb36fa1fe15cbacb8740ad1c1d5f2beb5f166dd0	3eba6308b7cf72d8	59fd144a1117b594	yes	abilities,chase_order,decisions,moves,points,turns	0	0	[3,0]	[3,2]	{"coin_cut_recorded":[67,84,101],"coin_queued_offered":[66,67,83,84],"coin_queued_offered_any":[66,67,83,84]}	{"coin_defender_attack":7,"coin_queued_attack_damage":2}	{}	{}	no	no
8	k3	22	16	23100220016	rl/results/engine_switch_rules_2026-10/carriers/alternates/hisuian_goodra.txt	f21212d6ef071322c22bdb1bc0a61639562a8bb6	decks/screen/opponents/t-vespiquen.txt	fb36fa1fe15cbacb8740ad1c1d5f2beb5f166dd0	0fc9390fb88192c4	c1202d6af2a54941	yes	chase_order,decisions,moves	1	1	[2,3]	[2,3]	{"coin_cut_recorded":[49,58,70],"coin_queued_offered":[69,70],"coin_queued_offered_any":[69,70]}	{"coin_defender_attack":5,"coin_queued_attack_damage":1}	{}	{"offgate_helper_by_mechanic":{"OptionalDiscardBenchedBasicForExtraDamage":[83]},"offgate_helper_choice":[83]}	no	no
8	k3	22	17	23100220017	rl/results/engine_switch_rules_2026-10/carriers/alternates/hisuian_goodra.txt	f21212d6ef071322c22bdb1bc0a61639562a8bb6	decks/screen/opponents/t-vespiquen.txt	fb36fa1fe15cbacb8740ad1c1d5f2beb5f166dd0	168878163bf7b556	d113221fa1d2413c	yes	chase_order,decisions,moves	0	0	[3,0]	[3,0]	{"coin_cut_recorded":[81,96],"coin_queued_offered":[80,81,95,96],"coin_queued_offered_any":[80,81,95,96]}	{"coin_defender_attack":4,"coin_queued_attack_damage":2}	{}	{"offgate_discard_then_damage":[65],"offgate_helper_by_mechanic":{"OptionalDiscardBenchedBasicForExtraDamage":[64,65]},"offgate_helper_choice":[64,65]}	no	no
8	k3	22	18	23100220018	rl/results/engine_switch_rules_2026-10/carriers/alternates/hisuian_goodra.txt	f21212d6ef071322c22bdb1bc0a61639562a8bb6	decks/screen/opponents/t-vespiquen.txt	fb36fa1fe15cbacb8740ad1c1d5f2beb5f166dd0	b373a10e8dc56c78	8e0c73d2f409c817	yes	moves	1	1	[0,3]	[0,3]	{"coin_cut_recorded":[35,47],"coin_queued_offered":[46,47],"coin_queued_offered_any":[46,47]}	{"coin_defender_attack":3,"coin_queued_attack_damage":1}	{}	{"offgate_discard_then_damage":[58,70],"offgate_helper_by_mechanic":{"OptionalDiscardBenchedBasicForExtraDamage":[57,58,69,70]},"offgate_helper_choice":[57,58,69,70]}	no	no
8	k3	22	19	23100220019	rl/results/engine_switch_rules_2026-10/carriers/alternates/hisuian_goodra.txt	f21212d6ef071322c22bdb1bc0a61639562a8bb6	decks/screen/opponents/t-vespiquen.txt	fb36fa1fe15cbacb8740ad1c1d5f2beb5f166dd0	9f2f66ef4663cc57	a6c931006e3463d2	yes	abilities,chase_order,decisions,moves,points	1	1	[2,4]	[1,4]	{"coin_cut_recorded":[67,80,89,101,114],"coin_queued_offered":[100,101,113,114],"coin_queued_offered_any":[100,101,113,114]}	{"coin_defender_attack":7,"coin_queued_attack_damage":2}	{}	{}	no	no
8	k3	22	20	23100220020	rl/results/engine_switch_rules_2026-10/carriers/alternates/hisuian_goodra.txt	f21212d6ef071322c22bdb1bc0a61639562a8bb6	decks/screen/opponents/t-vespiquen.txt	fb36fa1fe15cbacb8740ad1c1d5f2beb5f166dd0	a70deef4d762a061	ac079123ca746413	yes	chase_order,decisions,moves	1	1	[0,3]	[0,3]	{"coin_cut_recorded":[70,89],"coin_queued_offered":[69,70,88,89],"coin_queued_offered_any":[69,70,88,89]}	{"coin_defender_attack":6,"coin_queued_attack_damage":2}	{}	{"offgate_helper_by_mechanic":{"OptionalDiscardBenchedBasicForExtraDamage":[101]},"offgate_helper_choice":[101]}	no	no
8	k3	22	21	23100220021	rl/results/engine_switch_rules_2026-10/carriers/alternates/hisuian_goodra.txt	f21212d6ef071322c22bdb1bc0a61639562a8bb6	decks/screen/opponents/t-vespiquen.txt	fb36fa1fe15cbacb8740ad1c1d5f2beb5f166dd0	91fd430f835f10cd	3f7971638882cf23	yes	abilities,chase_order,decisions,first_deck_score,moves,points,turns,winner_seat	1	0	[2,4]	[3,2]	{"coin_cut_recorded":[53,72,85,102,114],"coin_queued_offered":[71,72,84,85,101,102],"coin_queued_offered_any":[71,72,84,85,101,102]}	{"coin_defender_attack":9,"coin_queued_attack_damage":3}	{}	{}	no	no
8	k3	22	22	23100220022	rl/results/engine_switch_rules_2026-10/carriers/alternates/hisuian_goodra.txt	f21212d6ef071322c22bdb1bc0a61639562a8bb6	decks/screen/opponents/t-vespiquen.txt	fb36fa1fe15cbacb8740ad1c1d5f2beb5f166dd0	f01f80db8e2277f1	1c2f451457880407	yes	abilities,chase_order,decisions,moves,points	0	0	[3,1]	[2,2]	{"coin_cut_recorded":[39,49,78],"coin_queued_offered":[38,39,48,49,77,78],"coin_queued_offered_any":[38,39,48,49,77,78]}	{"coin_defender_attack":8,"coin_queued_attack_damage":3}	{}	{"offgate_discard_then_damage":[61],"offgate_helper_by_mechanic":{"OptionalDiscardBenchedBasicForExtraDamage":[60,61]},"offgate_helper_choice":[60,61]}	no	no
8	k3	22	23	23100220023	rl/results/engine_switch_rules_2026-10/carriers/alternates/hisuian_goodra.txt	f21212d6ef071322c22bdb1bc0a61639562a8bb6	decks/screen/opponents/t-vespiquen.txt	fb36fa1fe15cbacb8740ad1c1d5f2beb5f166dd0	d5d4139595873c6d	48be6348d13162f7	yes	abilities,chase_order,decisions,moves,points,turns	0	0	[3,0]	[3,2]	{"coin_cut_recorded":[35,50,67],"coin_queued_offered":[34,35,49,50],"coin_queued_offered_any":[34,35,49,50]}	{"coin_defender_attack":8,"coin_queued_attack_damage":2}	{}	{}	no	no
8	k3	22	25	23100220025	rl/results/engine_switch_rules_2026-10/carriers/alternates/hisuian_goodra.txt	f21212d6ef071322c22bdb1bc0a61639562a8bb6	decks/screen/opponents/t-vespiquen.txt	fb36fa1fe15cbacb8740ad1c1d5f2beb5f166dd0	e5580b81e3afa182	15c8c243eb802a0a	yes	chase_order,decisions,first_deck_score,moves,points,turns,winner_seat	0	1	[3,0]	[2,4]	{"coin_cut_recorded":[67,75,86,111],"coin_queued_offered":[66,67,75,86],"coin_queued_offered_any":[66,67,75,86]}	{"coin_defender_attack":10,"coin_queued_attack_damage":3}	{}	{"offgate_helper_by_mechanic":{"OptionalDiscardBenchedBasicForExtraDamage":[57]},"offgate_helper_choice":[57]}	no	no
8	k3	22	27	23100220027	rl/results/engine_switch_rules_2026-10/carriers/alternates/hisuian_goodra.txt	f21212d6ef071322c22bdb1bc0a61639562a8bb6	decks/screen/opponents/t-vespiquen.txt	fb36fa1fe15cbacb8740ad1c1d5f2beb5f166dd0	a9565083ef2b26bb	764abea88bf9cf06	yes	chase_order,decisions,moves	1	1	[2,4]	[2,4]	{"coin_cut_recorded":[71,84,97],"coin_queued_offered":[83,84,96,97],"coin_queued_offered_any":[83,84,96,97]}	{"coin_defender_attack":6,"coin_queued_attack_damage":2}	{}	{}	no	no
8	k3	22	29	23100220029	rl/results/engine_switch_rules_2026-10/carriers/alternates/hisuian_goodra.txt	f21212d6ef071322c22bdb1bc0a61639562a8bb6	decks/screen/opponents/t-vespiquen.txt	fb36fa1fe15cbacb8740ad1c1d5f2beb5f166dd0	a7b669defa640789	6f6b51250ff690aa	yes	chase_order,decisions,moves	0	0	[3,0]	[3,0]	{"coin_cut_recorded":[41,58],"coin_queued_offered":[40,41],"coin_queued_offered_any":[40,41]}	{"coin_defender_attack":5,"coin_queued_attack_damage":1}	{}	{"offgate_helper_by_mechanic":{"OptionalDiscardBenchedBasicForExtraDamage":[26]},"offgate_helper_choice":[26]}	no	no
8	k3	22	31	23100220031	rl/results/engine_switch_rules_2026-10/carriers/alternates/hisuian_goodra.txt	f21212d6ef071322c22bdb1bc0a61639562a8bb6	decks/screen/opponents/t-vespiquen.txt	fb36fa1fe15cbacb8740ad1c1d5f2beb5f166dd0	bad0bd9d66317fcf	00eb2b0e74d81146	yes	decisions,moves	0	0	[3,2]	[3,2]	{"coin_cut_recorded":[56,69,79,95],"coin_queued_offered":[94,95],"coin_queued_offered_any":[94,95]}	{"coin_defender_attack":5,"coin_queued_attack_damage":1}	{}	{"offgate_discard_then_damage":[118],"offgate_helper_by_mechanic":{"OptionalDiscardBenchedBasicForExtraDamage":[105,117,118]},"offgate_helper_choice":[105,117,118]}	no	no
8	k3	22	32	23100220032	rl/results/engine_switch_rules_2026-10/carriers/alternates/hisuian_goodra.txt	f21212d6ef071322c22bdb1bc0a61639562a8bb6	decks/screen/opponents/t-vespiquen.txt	fb36fa1fe15cbacb8740ad1c1d5f2beb5f166dd0	436ecb8bcf48800b	28326ccd84e72dc3	yes	chase_order,decisions,moves	0	0	[4,2]	[4,2]	{"coin_cut_recorded":[94],"coin_queued_offered":[93,94],"coin_queued_offered_any":[93,94]}	{"coin_defender_attack":5,"coin_queued_attack_damage":1}	{}	{}	no	no
8	k3	22	33	23100220033	rl/results/engine_switch_rules_2026-10/carriers/alternates/hisuian_goodra.txt	f21212d6ef071322c22bdb1bc0a61639562a8bb6	decks/screen/opponents/t-vespiquen.txt	fb36fa1fe15cbacb8740ad1c1d5f2beb5f166dd0	0856dd44d229f262	b6fb18897b51555f	yes	chase_order,decisions,moves,turns	0	0	[3,0]	[3,0]	{"coin_cut_recorded":[38,52],"coin_queued_offered":[37,38,51,52],"coin_queued_offered_any":[37,38,51,52]}	{"coin_defender_attack":6,"coin_queued_attack_damage":2}	{}	{"offgate_discard_then_damage":[68],"offgate_helper_by_mechanic":{"OptionalDiscardBenchedBasicForExtraDamage":[67,68]},"offgate_helper_choice":[67,68]}	no	no
8	k3	22	34	23100220034	rl/results/engine_switch_rules_2026-10/carriers/alternates/hisuian_goodra.txt	f21212d6ef071322c22bdb1bc0a61639562a8bb6	decks/screen/opponents/t-vespiquen.txt	fb36fa1fe15cbacb8740ad1c1d5f2beb5f166dd0	75605375f2dd2909	c332a100c08f405e	yes	chase_order,decisions,moves,points	1	1	[0,3]	[2,3]	{"coin_cut_recorded":[61,78,92],"coin_queued_offered":[77,78,91,92],"coin_queued_offered_any":[77,78,91,92]}	{"coin_defender_attack":6,"coin_queued_attack_damage":2}	{}	{"offgate_helper_by_mechanic":{"OptionalDiscardBenchedBasicForExtraDamage":[105,122]},"offgate_helper_choice":[105,122]}	no	no
8	k3	22	35	23100220035	rl/results/engine_switch_rules_2026-10/carriers/alternates/hisuian_goodra.txt	f21212d6ef071322c22bdb1bc0a61639562a8bb6	decks/screen/opponents/t-vespiquen.txt	fb36fa1fe15cbacb8740ad1c1d5f2beb5f166dd0	85a8524a9120481c	9c2d5b1c63e251fd	yes	chase_order,decisions,moves	0	0	[3,2]	[3,2]	{"coin_cut_recorded":[84,98],"coin_queued_offered":[83,84,97,98],"coin_queued_offered_any":[83,84,97,98]}	{"coin_defender_attack":9,"coin_queued_attack_damage":2}	{}	{"offgate_helper_by_mechanic":{"OptionalDiscardBenchedBasicForExtraDamage":[69]},"offgate_helper_choice":[69]}	no	no
8	k3	22	37	23100220037	rl/results/engine_switch_rules_2026-10/carriers/alternates/hisuian_goodra.txt	f21212d6ef071322c22bdb1bc0a61639562a8bb6	decks/screen/opponents/t-vespiquen.txt	fb36fa1fe15cbacb8740ad1c1d5f2beb5f166dd0	441c8aa4b22bff15	cecb17ea83509cac	yes	decisions,moves	1	1	[2,4]	[2,4]	{"coin_cut_recorded":[37,73,88,102],"coin_queued_offered":[87,88,101,102],"coin_queued_offered_any":[87,88,101,102]}	{"coin_defender_attack":8,"coin_queued_attack_damage":2}	{}	{}	no	no
8	k3	22	38	23100220038	rl/results/engine_switch_rules_2026-10/carriers/alternates/hisuian_goodra.txt	f21212d6ef071322c22bdb1bc0a61639562a8bb6	decks/screen/opponents/t-vespiquen.txt	fb36fa1fe15cbacb8740ad1c1d5f2beb5f166dd0	8165d4244f8a6d3e	a8731f8f63e53d6d	yes	chase_order,decisions,moves	0	0	[4,2]	[4,2]	{"coin_cut_recorded":[73,86,98,111],"coin_queued_offered":[97,98,110,111],"coin_queued_offered_any":[97,98,110,111]}	{"coin_defender_attack":8,"coin_queued_attack_damage":2}	{}	{}	no	no
8	k3	22	39	23100220039	rl/results/engine_switch_rules_2026-10/carriers/alternates/hisuian_goodra.txt	f21212d6ef071322c22bdb1bc0a61639562a8bb6	decks/screen/opponents/t-vespiquen.txt	fb36fa1fe15cbacb8740ad1c1d5f2beb5f166dd0	6906fb5dc2e47a61	107079b9757679bb	yes	chase_order,decisions,moves	0	0	[3,0]	[3,0]	{"coin_cut_recorded":[35,104],"coin_queued_offered":[103,104],"coin_queued_offered_any":[103,104]}	{"coin_defender_attack":7,"coin_queued_attack_damage":1}	{}	{}	no	no
8	k3	22	40	23100220040	rl/results/engine_switch_rules_2026-10/carriers/alternates/hisuian_goodra.txt	f21212d6ef071322c22bdb1bc0a61639562a8bb6	decks/screen/opponents/t-vespiquen.txt	fb36fa1fe15cbacb8740ad1c1d5f2beb5f166dd0	b59bb372546161d7	f7d638336521652f	yes	abilities,decisions,first_deck_score,moves,points,turns,winner_seat	0	1	[4,2]	[2,3]	{"coin_cut_recorded":[25,38,52,72,86],"coin_queued_offered":[51,52,72],"coin_queued_offered_any":[51,52,72]}	{"coin_defender_attack":7,"coin_queued_attack_damage":2}	{}	{}	no	no
8	k3	22	41	23100220041	rl/results/engine_switch_rules_2026-10/carriers/alternates/hisuian_goodra.txt	f21212d6ef071322c22bdb1bc0a61639562a8bb6	decks/screen/opponents/t-vespiquen.txt	fb36fa1fe15cbacb8740ad1c1d5f2beb5f166dd0	3d20babfe1839e67	8bead714cf853ed2	yes	decisions,moves	0	0	[3,0]	[3,0]	{"coin_cut_recorded":[45,61],"coin_queued_offered":[44,45],"coin_queued_offered_any":[44,45]}	{"coin_defender_attack":3,"coin_queued_attack_damage":1}	{}	{}	no	no
8	k3	22	44	23100220044	rl/results/engine_switch_rules_2026-10/carriers/alternates/hisuian_goodra.txt	f21212d6ef071322c22bdb1bc0a61639562a8bb6	decks/screen/opponents/t-vespiquen.txt	fb36fa1fe15cbacb8740ad1c1d5f2beb5f166dd0	8bddc833a605f6cb	537d1b522ef5b743	yes	chase_order,decisions,moves,turns	1	1	[0,3]	[0,3]	{"coin_cut_recorded":[86,99,108],"coin_queued_offered":[85,86,98,99],"coin_queued_offered_any":[85,86,98,99]}	{"coin_defender_attack":5,"coin_queued_attack_damage":2}	{}	{"offgate_discard_then_damage":[70],"offgate_helper_by_mechanic":{"OptionalDiscardBenchedBasicForExtraDamage":[54,69,70]},"offgate_helper_choice":[54,69,70]}	no	no
8	k3	22	46	23100220046	rl/results/engine_switch_rules_2026-10/carriers/alternates/hisuian_goodra.txt	f21212d6ef071322c22bdb1bc0a61639562a8bb6	decks/screen/opponents/t-vespiquen.txt	fb36fa1fe15cbacb8740ad1c1d5f2beb5f166dd0	f8e13e142b2b9477	4e0630af7604c3fd	yes	chase_order,decisions,moves,points,turns	1	1	[0,2]	[0,3]	{"coin_cut_recorded":[27,38],"coin_queued_offered":[26,27,37,38],"coin_queued_offered_any":[26,27,37,38]}	{"coin_defender_attack":4,"coin_queued_attack_damage":2}	{}	{"offgate_discard_then_damage":[61],"offgate_helper_by_mechanic":{"OptionalDiscardBenchedBasicForExtraDamage":[50,60,61]},"offgate_helper_choice":[50,60,61]}	no	no
8	k3	22	47	23100220047	rl/results/engine_switch_rules_2026-10/carriers/alternates/hisuian_goodra.txt	f21212d6ef071322c22bdb1bc0a61639562a8bb6	decks/screen/opponents/t-vespiquen.txt	fb36fa1fe15cbacb8740ad1c1d5f2beb5f166dd0	d59497a1541c9d9e	ddfd40dfe6c3a16d	yes	moves	1	1	[1,3]	[1,3]	{"coin_cut_recorded":[72],"coin_queued_offered":[71,72],"coin_queued_offered_any":[71,72]}	{"coin_defender_attack":4,"coin_queued_attack_damage":1}	{}	{}	no	no
8	k3	22	49	23100220049	rl/results/engine_switch_rules_2026-10/carriers/alternates/hisuian_goodra.txt	f21212d6ef071322c22bdb1bc0a61639562a8bb6	decks/screen/opponents/t-vespiquen.txt	fb36fa1fe15cbacb8740ad1c1d5f2beb5f166dd0	3d6172b19764f42e	9b10580de365820e	yes	abilities,chase_order,decisions,first_deck_score,moves,points,turns,winner_seat	0	1	[3,2]	[1,4]	{"coin_cut_recorded":[37,51,63,77,86,96],"coin_queued_offered":[50,51,62,63],"coin_queued_offered_any":[50,51,62,63]}	{"coin_defender_attack":8,"coin_queued_attack_damage":2}	{}	{}	no	no
8	k3	22	50	23100220050	rl/results/engine_switch_rules_2026-10/carriers/alternates/hisuian_goodra.txt	f21212d6ef071322c22bdb1bc0a61639562a8bb6	decks/screen/opponents/t-vespiquen.txt	fb36fa1fe15cbacb8740ad1c1d5f2beb5f166dd0	3e6556f2016dad56	7ce12a1eb84290f7	yes	chase_order,decisions,moves	0	0	[4,1]	[4,1]	{"coin_cut_recorded":[63,76],"coin_queued_offered":[62,63,75,76],"coin_queued_offered_any":[62,63,75,76]}	{"coin_defender_attack":5,"coin_queued_attack_damage":2}	{}	{}	no	no
8	k3	22	52	23100220052	rl/results/engine_switch_rules_2026-10/carriers/alternates/hisuian_goodra.txt	f21212d6ef071322c22bdb1bc0a61639562a8bb6	decks/screen/opponents/t-vespiquen.txt	fb36fa1fe15cbacb8740ad1c1d5f2beb5f166dd0	45b26aec2920162d	11e474157136cc77	yes	chase_order,decisions,moves	1	1	[2,3]	[2,3]	{"coin_cut_recorded":[44,55,68],"coin_queued_offered":[67,68],"coin_queued_offered_any":[67,68]}	{"coin_defender_attack":7,"coin_queued_attack_damage":1}	{}	{"offgate_discard_then_damage":[81],"offgate_helper_by_mechanic":{"OptionalDiscardBenchedBasicForExtraDamage":[80,81]},"offgate_helper_choice":[80,81]}	no	no
8	k3	22	54	23100220054	rl/results/engine_switch_rules_2026-10/carriers/alternates/hisuian_goodra.txt	f21212d6ef071322c22bdb1bc0a61639562a8bb6	decks/screen/opponents/t-vespiquen.txt	fb36fa1fe15cbacb8740ad1c1d5f2beb5f166dd0	3d836e5890c8b07f	5d0c25e84bff8713	yes	abilities,chase_order,decisions,first_deck_score,moves,points,turns,winner_seat	1	0	[0,3]	[4,2]	{"coin_cut_recorded":[87,100,115,129,143,160],"coin_queued_offered":[114,115,128,129,159,160],"coin_queued_offered_any":[114,115,128,129,159,160]}	{"coin_defender_attack":9,"coin_queued_attack_damage":3}	{}	{}	no	no
8	k3	22	55	23100220055	rl/results/engine_switch_rules_2026-10/carriers/alternates/hisuian_goodra.txt	f21212d6ef071322c22bdb1bc0a61639562a8bb6	decks/screen/opponents/t-vespiquen.txt	fb36fa1fe15cbacb8740ad1c1d5f2beb5f166dd0	5ab78d3fa88456a6	9625e296cd005b2a	yes	moves	0	0	[3,0]	[3,0]	{"coin_cut_recorded":[60],"coin_queued_offered":[59,60],"coin_queued_offered_any":[59,60]}	{"coin_defender_attack":2,"coin_queued_attack_damage":1}	{}	{"offgate_discard_then_damage":[71],"offgate_helper_by_mechanic":{"OptionalDiscardBenchedBasicForExtraDamage":[70,71]},"offgate_helper_choice":[70,71]}	no	no
8	k3	22	57	23100220057	rl/results/engine_switch_rules_2026-10/carriers/alternates/hisuian_goodra.txt	f21212d6ef071322c22bdb1bc0a61639562a8bb6	decks/screen/opponents/t-vespiquen.txt	fb36fa1fe15cbacb8740ad1c1d5f2beb5f166dd0	3ec41c01d5b75e1f	d5ca39a6b667c684	yes	decisions,moves	0	0	[3,0]	[3,0]	{"coin_cut_recorded":[95,104],"coin_queued_offered":[94,95],"coin_queued_offered_any":[94,95]}	{"coin_defender_attack":5,"coin_queued_attack_damage":1}	{}	{"offgate_discard_then_damage":[66,81],"offgate_helper_by_mechanic":{"OptionalDiscardBenchedBasicForExtraDamage":[65,66,80,81]},"offgate_helper_choice":[65,66,80,81]}	no	no
8	k3	22	58	23100220058	rl/results/engine_switch_rules_2026-10/carriers/alternates/hisuian_goodra.txt	f21212d6ef071322c22bdb1bc0a61639562a8bb6	decks/screen/opponents/t-vespiquen.txt	fb36fa1fe15cbacb8740ad1c1d5f2beb5f166dd0	2ed6a7d8c1c18b6a	8897c51351ddbd0a	yes	decisions,moves	1	1	[0,3]	[0,3]	{"coin_cut_recorded":[32,45],"coin_queued_offered":[31,32,44,45],"coin_queued_offered_any":[31,32,44,45]}	{"coin_defender_attack":4,"coin_queued_attack_damage":2}	{}	{"offgate_helper_by_mechanic":{"OptionalDiscardBenchedBasicForExtraDamage":[60,69]},"offgate_helper_choice":[60,69]}	no	no
8	k3	22	59	23100220059	rl/results/engine_switch_rules_2026-10/carriers/alternates/hisuian_goodra.txt	f21212d6ef071322c22bdb1bc0a61639562a8bb6	decks/screen/opponents/t-vespiquen.txt	fb36fa1fe15cbacb8740ad1c1d5f2beb5f166dd0	5bfd75e923585c02	0760e8f6f7e227f7	yes	chase_order,decisions,moves	0	0	[3,0]	[3,0]	{"coin_cut_recorded":[76,88],"coin_queued_offered":[75,76,87,88],"coin_queued_offered_any":[75,76,87,88]}	{"coin_defender_attack":4,"coin_queued_attack_damage":2}	{}	{"offgate_helper_by_mechanic":{"OptionalDiscardBenchedBasicForExtraDamage":[60]},"offgate_helper_choice":[60]}	no	no
8	k3	22	60	23100220060	rl/results/engine_switch_rules_2026-10/carriers/alternates/hisuian_goodra.txt	f21212d6ef071322c22bdb1bc0a61639562a8bb6	decks/screen/opponents/t-vespiquen.txt	fb36fa1fe15cbacb8740ad1c1d5f2beb5f166dd0	889fb0d49cf08984	9d95585ecbffe953	yes	chase_order,decisions,first_deck_score,moves,points,turns,winner_seat	1	0	[0,3]	[4,0]	{"coin_cut_recorded":[44,58,70,82,92,104],"coin_queued_offered":[57,58,69,70],"coin_queued_offered_any":[57,58,69,70]}	{"coin_defender_attack":8,"coin_queued_attack_damage":2}	{}	{}	no	no
8	k3	22	61	23100220061	rl/results/engine_switch_rules_2026-10/carriers/alternates/hisuian_goodra.txt	f21212d6ef071322c22bdb1bc0a61639562a8bb6	decks/screen/opponents/t-vespiquen.txt	fb36fa1fe15cbacb8740ad1c1d5f2beb5f166dd0	e2156c449e744c9f	96daef9a041c8bc8	yes	abilities,decisions,moves	0	0	[3,2]	[3,2]	{"coin_cut_recorded":[39,65,81,94],"coin_queued_offered":[64,65],"coin_queued_offered_any":[64,65]}	{"coin_defender_attack":7,"coin_queued_attack_damage":1}	{}	{"offgate_helper_by_mechanic":{"OptionalDiscardBenchedBasicForExtraDamage":[51]},"offgate_helper_choice":[51]}	no	no
8	k3	22	62	23100220062	rl/results/engine_switch_rules_2026-10/carriers/alternates/hisuian_goodra.txt	f21212d6ef071322c22bdb1bc0a61639562a8bb6	decks/screen/opponents/t-vespiquen.txt	fb36fa1fe15cbacb8740ad1c1d5f2beb5f166dd0	07f381616492d945	06b460ee1c41b480	yes	moves	1	1	[0,3]	[0,3]	{"coin_cut_recorded":[65],"coin_queued_offered":[64,65],"coin_queued_offered_any":[64,65]}	{"coin_defender_attack":4,"coin_queued_attack_damage":1}	{}	{"offgate_discard_then_damage":[78],"offgate_helper_by_mechanic":{"OptionalDiscardBenchedBasicForExtraDamage":[77,78]},"offgate_helper_choice":[77,78]}	no	no
8	k3	22	63	23100220063	rl/results/engine_switch_rules_2026-10/carriers/alternates/hisuian_goodra.txt	f21212d6ef071322c22bdb1bc0a61639562a8bb6	decks/screen/opponents/t-vespiquen.txt	fb36fa1fe15cbacb8740ad1c1d5f2beb5f166dd0	437500eab338d58c	cf40bb66b7400178	yes	chase_order,decisions,moves	0	0	[3,2]	[3,2]	{"coin_cut_recorded":[75,89],"coin_queued_offered":[88,89],"coin_queued_offered_any":[88,89]}	{"coin_defender_attack":7,"coin_queued_attack_damage":1}	{}	{"offgate_discard_then_damage":[102],"offgate_helper_by_mechanic":{"OptionalDiscardBenchedBasicForExtraDamage":[101,102]},"offgate_helper_choice":[101,102]}	no	no
8	k3	22	64	23100220064	rl/results/engine_switch_rules_2026-10/carriers/alternates/hisuian_goodra.txt	f21212d6ef071322c22bdb1bc0a61639562a8bb6	decks/screen/opponents/t-vespiquen.txt	fb36fa1fe15cbacb8740ad1c1d5f2beb5f166dd0	7ffbf757179d3cec	044bcc9c0f78cbd3	yes	chase_order,decisions,moves	1	1	[0,3]	[0,3]	{"coin_cut_recorded":[46,58],"coin_queued_offered":[45,46,57,58],"coin_queued_offered_any":[45,46,57,58]}	{"coin_defender_attack":6,"coin_queued_attack_damage":2}	{}	{"offgate_discard_then_damage":[69],"offgate_helper_by_mechanic":{"OptionalDiscardBenchedBasicForExtraDamage":[68,69,83]},"offgate_helper_choice":[68,69,83]}	no	no
8	k3	22	65	23100220065	rl/results/engine_switch_rules_2026-10/carriers/alternates/hisuian_goodra.txt	f21212d6ef071322c22bdb1bc0a61639562a8bb6	decks/screen/opponents/t-vespiquen.txt	fb36fa1fe15cbacb8740ad1c1d5f2beb5f166dd0	f50481e6502e5d56	7db449cfd538db8b	yes	chase_order,decisions,moves,turns	0	0	[3,0]	[3,0]	{"coin_cut_recorded":[33,44],"coin_queued_offered":[32,33,43,44],"coin_queued_offered_any":[32,33,43,44]}	{"coin_defender_attack":4,"coin_queued_attack_damage":2}	{}	{"offgate_discard_then_damage":[69],"offgate_helper_by_mechanic":{"OptionalDiscardBenchedBasicForExtraDamage":[58,68,69]},"offgate_helper_choice":[58,68,69]}	no	no
8	k3	22	67	23100220067	rl/results/engine_switch_rules_2026-10/carriers/alternates/hisuian_goodra.txt	f21212d6ef071322c22bdb1bc0a61639562a8bb6	decks/screen/opponents/t-vespiquen.txt	fb36fa1fe15cbacb8740ad1c1d5f2beb5f166dd0	d2f9bce3e20e0e9f	f3675bab2c841aed	yes	chase_order,decisions,moves,points,turns	0	0	[3,0]	[3,2]	{"coin_cut_recorded":[41,51,63],"coin_queued_offered":[50,51,62,63],"coin_queued_offered_any":[50,51,62,63]}	{"coin_defender_attack":5,"coin_queued_attack_damage":2}	{}	{"offgate_discard_then_damage":[86],"offgate_helper_by_mechanic":{"OptionalDiscardBenchedBasicForExtraDamage":[85,86]},"offgate_helper_choice":[85,86]}	no	no
8	k3	22	70	23100220070	rl/results/engine_switch_rules_2026-10/carriers/alternates/hisuian_goodra.txt	f21212d6ef071322c22bdb1bc0a61639562a8bb6	decks/screen/opponents/t-vespiquen.txt	fb36fa1fe15cbacb8740ad1c1d5f2beb5f166dd0	d58419055012db6f	a6851b57247af538	yes	chase_order,decisions,moves	1	1	[0,3]	[0,3]	{"coin_cut_recorded":[78,94],"coin_queued_offered":[77,78,93,94],"coin_queued_offered_any":[77,78,93,94]}	{"coin_defender_attack":4,"coin_queued_attack_damage":2}	{}	{}	no	no
8	k3	22	73	23100220073	rl/results/engine_switch_rules_2026-10/carriers/alternates/hisuian_goodra.txt	f21212d6ef071322c22bdb1bc0a61639562a8bb6	decks/screen/opponents/t-vespiquen.txt	fb36fa1fe15cbacb8740ad1c1d5f2beb5f166dd0	2a7941f1128bd65e	5a7bc74595a32935	yes	chase_order,decisions,moves	0	0	[3,0]	[3,0]	{"coin_cut_recorded":[81,93],"coin_queued_offered":[80,81,92,93],"coin_queued_offered_any":[80,81,92,93]}	{"coin_defender_attack":4,"coin_queued_attack_damage":2}	{}	{"offgate_discard_then_damage":[66],"offgate_helper_by_mechanic":{"OptionalDiscardBenchedBasicForExtraDamage":[52,65,66]},"offgate_helper_choice":[52,65,66]}	no	no
8	k3	22	74	23100220074	rl/results/engine_switch_rules_2026-10/carriers/alternates/hisuian_goodra.txt	f21212d6ef071322c22bdb1bc0a61639562a8bb6	decks/screen/opponents/t-vespiquen.txt	fb36fa1fe15cbacb8740ad1c1d5f2beb5f166dd0	ea3655f4750352d7	b889274647c8bbee	yes	chase_order,decisions,first_deck_score,moves,points,turns,winner_seat	1	0	[1,3]	[3,1]	{"coin_cut_recorded":[74,86],"coin_queued_offered":[73,74,85,86],"coin_queued_offered_any":[73,74,85,86]}	{"coin_defender_attack":7,"coin_queued_attack_damage":2}	{}	{}	no	no
8	k3	22	77	23100220077	rl/results/engine_switch_rules_2026-10/carriers/alternates/hisuian_goodra.txt	f21212d6ef071322c22bdb1bc0a61639562a8bb6	decks/screen/opponents/t-vespiquen.txt	fb36fa1fe15cbacb8740ad1c1d5f2beb5f166dd0	dbb60e2a9e33e46b	df2e9b65ce93427a	yes	decisions,moves	0	0	[3,2]	[3,2]	{"coin_cut_recorded":[64,75,88,101,114],"coin_queued_offered":[63,64],"coin_queued_offered_any":[63,64]}	{"coin_defender_attack":9,"coin_queued_attack_damage":1}	{}	{"offgate_helper_by_mechanic":{"OptionalDiscardBenchedBasicForExtraDamage":[51]},"offgate_helper_choice":[51]}	no	no
8	k3	22	79	23100220079	rl/results/engine_switch_rules_2026-10/carriers/alternates/hisuian_goodra.txt	f21212d6ef071322c22bdb1bc0a61639562a8bb6	decks/screen/opponents/t-vespiquen.txt	fb36fa1fe15cbacb8740ad1c1d5f2beb5f166dd0	4a54044d8e5b2d3f	6fecc6584a4f9c58	yes	abilities,chase_order,decisions,first_deck_score,moves,points,turns,winner_seat	0	1	[3,0]	[1,4]	{"coin_cut_recorded":[55,67,79,97],"coin_queued_offered":[54,55,66,67],"coin_queued_offered_any":[54,55,66,67]}	{"coin_defender_attack":6,"coin_queued_attack_damage":2}	{}	{}	no	no
8	k3	22	81	23100220081	rl/results/engine_switch_rules_2026-10/carriers/alternates/hisuian_goodra.txt	f21212d6ef071322c22bdb1bc0a61639562a8bb6	decks/screen/opponents/t-vespiquen.txt	fb36fa1fe15cbacb8740ad1c1d5f2beb5f166dd0	9da6e16253bc81d9	dc51127e4a697304	yes	chase_order,decisions,moves,turns	0	0	[3,2]	[3,2]	{"coin_cut_recorded":[84,95,110],"coin_queued_offered":[83,84,94,95,109,110],"coin_queued_offered_any":[83,84,94,95,109,110]}	{"coin_defender_attack":9,"coin_queued_attack_damage":3}	{}	{"offgate_helper_by_mechanic":{"OptionalDiscardBenchedBasicForExtraDamage":[40,69]},"offgate_helper_choice":[40,69]}	no	no
8	k3	22	83	23100220083	rl/results/engine_switch_rules_2026-10/carriers/alternates/hisuian_goodra.txt	f21212d6ef071322c22bdb1bc0a61639562a8bb6	decks/screen/opponents/t-vespiquen.txt	fb36fa1fe15cbacb8740ad1c1d5f2beb5f166dd0	9d4800a830afaebf	49efff92daf999f4	yes	chase_order,decisions,moves	0	0	[3,0]	[3,0]	{"coin_cut_recorded":[86,95],"coin_queued_offered":[85,86,94,95],"coin_queued_offered_any":[85,86,94,95]}	{"coin_defender_attack":4,"coin_queued_attack_damage":2}	{}	{"offgate_discard_then_damage":[67],"offgate_helper_by_mechanic":{"OptionalDiscardBenchedBasicForExtraDamage":[51,66,67]},"offgate_helper_choice":[51,66,67]}	no	no
8	k3	22	85	23100220085	rl/results/engine_switch_rules_2026-10/carriers/alternates/hisuian_goodra.txt	f21212d6ef071322c22bdb1bc0a61639562a8bb6	decks/screen/opponents/t-vespiquen.txt	fb36fa1fe15cbacb8740ad1c1d5f2beb5f166dd0	4706303459e9644c	50e94b77fee17294	yes	chase_order,decisions,moves	1	1	[2,4]	[2,4]	{"coin_cut_recorded":[32,45,62,79,94],"coin_queued_offered":[78,79,93,94],"coin_queued_offered_any":[78,79,93,94]}	{"coin_defender_attack":7,"coin_queued_attack_damage":2}	{}	{}	no	no
8	k3	22	86	23100220086	rl/results/engine_switch_rules_2026-10/carriers/alternates/hisuian_goodra.txt	f21212d6ef071322c22bdb1bc0a61639562a8bb6	decks/screen/opponents/t-vespiquen.txt	fb36fa1fe15cbacb8740ad1c1d5f2beb5f166dd0	7fbb8a8a619bf7fb	4448dafab4120f47	yes	chase_order,decisions,moves	0	0	[4,2]	[4,2]	{"coin_cut_recorded":[63,79,93],"coin_queued_offered":[78,79,92,93],"coin_queued_offered_any":[78,79,92,93]}	{"coin_defender_attack":5,"coin_queued_attack_damage":2}	{}	{}	no	no
8	k3	22	87	23100220087	rl/results/engine_switch_rules_2026-10/carriers/alternates/hisuian_goodra.txt	f21212d6ef071322c22bdb1bc0a61639562a8bb6	decks/screen/opponents/t-vespiquen.txt	fb36fa1fe15cbacb8740ad1c1d5f2beb5f166dd0	8d1a6f3f0716aae6	18fdf6dc777431d1	yes	decisions,moves	0	0	[3,0]	[3,0]	{"coin_cut_recorded":[77,92],"coin_queued_offered":[76,77],"coin_queued_offered_any":[76,77]}	{"coin_defender_attack":7,"coin_queued_attack_damage":1}	{}	{"offgate_helper_by_mechanic":{"OptionalDiscardBenchedBasicForExtraDamage":[53,65]},"offgate_helper_choice":[53,65]}	no	no
8	k3	22	88	23100220088	rl/results/engine_switch_rules_2026-10/carriers/alternates/hisuian_goodra.txt	f21212d6ef071322c22bdb1bc0a61639562a8bb6	decks/screen/opponents/t-vespiquen.txt	fb36fa1fe15cbacb8740ad1c1d5f2beb5f166dd0	1df890188afe32c3	26e5bdf17c0d09dd	yes	abilities,chase_order,decisions,moves,turns	1	1	[0,3]	[0,3]	{"coin_cut_recorded":[81],"coin_queued_offered":[80,81],"coin_queued_offered_any":[80,81]}	{"coin_defender_attack":2,"coin_queued_attack_damage":1}	{}	{}	no	no
8	k3	22	89	23100220089	rl/results/engine_switch_rules_2026-10/carriers/alternates/hisuian_goodra.txt	f21212d6ef071322c22bdb1bc0a61639562a8bb6	decks/screen/opponents/t-vespiquen.txt	fb36fa1fe15cbacb8740ad1c1d5f2beb5f166dd0	606ac4b980064f37	59470fbbce73d168	yes	chase_order,decisions,moves	0	0	[3,0]	[3,0]	{"coin_cut_recorded":[67,76],"coin_queued_offered":[66,67,75,76],"coin_queued_offered_any":[66,67,75,76]}	{"coin_defender_attack":4,"coin_queued_attack_damage":2}	{}	{"offgate_discard_then_damage":[52],"offgate_helper_by_mechanic":{"OptionalDiscardBenchedBasicForExtraDamage":[38,51,52]},"offgate_helper_choice":[38,51,52]}	no	no
8	k3	22	90	23100220090	rl/results/engine_switch_rules_2026-10/carriers/alternates/hisuian_goodra.txt	f21212d6ef071322c22bdb1bc0a61639562a8bb6	decks/screen/opponents/t-vespiquen.txt	fb36fa1fe15cbacb8740ad1c1d5f2beb5f166dd0	43c80027cae124b3	bdb19c93c709d84b	yes	chase_order,decisions,moves	1	1	[2,3]	[2,3]	{"coin_cut_recorded":[51,64],"coin_queued_offered":[63,64],"coin_queued_offered_any":[63,64]}	{"coin_defender_attack":5,"coin_queued_attack_damage":1}	{}	{"offgate_discard_then_damage":[75],"offgate_helper_by_mechanic":{"OptionalDiscardBenchedBasicForExtraDamage":[74,75]},"offgate_helper_choice":[74,75]}	no	no
8	k3	22	91	23100220091	rl/results/engine_switch_rules_2026-10/carriers/alternates/hisuian_goodra.txt	f21212d6ef071322c22bdb1bc0a61639562a8bb6	decks/screen/opponents/t-vespiquen.txt	fb36fa1fe15cbacb8740ad1c1d5f2beb5f166dd0	ad0cc054213c7738	0a351262f1c77b0e	yes	chase_order,decisions,moves,points,turns	0	0	[3,0]	[3,2]	{"coin_cut_recorded":[75,89,100,115],"coin_queued_offered":[74,75,88,89,100],"coin_queued_offered_any":[74,75,88,89,100]}	{"coin_defender_attack":9,"coin_queued_attack_damage":3}	{}	{"offgate_helper_by_mechanic":{"OptionalDiscardBenchedBasicForExtraDamage":[60]},"offgate_helper_choice":[60]}	no	no
8	k3	22	92	23100220092	rl/results/engine_switch_rules_2026-10/carriers/alternates/hisuian_goodra.txt	f21212d6ef071322c22bdb1bc0a61639562a8bb6	decks/screen/opponents/t-vespiquen.txt	fb36fa1fe15cbacb8740ad1c1d5f2beb5f166dd0	7f720a0ac00c94bc	ea6cad613c7e12b9	yes	chase_order,decisions,moves	1	1	[0,3]	[0,3]	{"coin_cut_recorded":[41,51],"coin_queued_offered":[40,41,50,51],"coin_queued_offered_any":[40,41,50,51]}	{"coin_defender_attack":7,"coin_queued_attack_damage":2}	{}	{"offgate_helper_by_mechanic":{"OptionalDiscardBenchedBasicForExtraDamage":[29]},"offgate_helper_choice":[29]}	no	no
8	k3	22	93	23100220093	rl/results/engine_switch_rules_2026-10/carriers/alternates/hisuian_goodra.txt	f21212d6ef071322c22bdb1bc0a61639562a8bb6	decks/screen/opponents/t-vespiquen.txt	fb36fa1fe15cbacb8740ad1c1d5f2beb5f166dd0	6b40ce21197e4b0f	7984956a1c149bc7	yes	chase_order,decisions,moves,points	0	0	[3,2]	[3,0]	{"coin_cut_recorded":[52,66],"coin_queued_offered":[65,66],"coin_queued_offered_any":[65,66]}	{"coin_defender_attack":7,"coin_queued_attack_damage":1}	{}	{"offgate_discard_then_damage":[79],"offgate_helper_by_mechanic":{"OptionalDiscardBenchedBasicForExtraDamage":[78,79]},"offgate_helper_choice":[78,79]}	no	no
8	k3	22	94	23100220094	rl/results/engine_switch_rules_2026-10/carriers/alternates/hisuian_goodra.txt	f21212d6ef071322c22bdb1bc0a61639562a8bb6	decks/screen/opponents/t-vespiquen.txt	fb36fa1fe15cbacb8740ad1c1d5f2beb5f166dd0	fabe7a23d4f39b23	b7a13503067e57de	yes	chase_order,decisions,moves	1	1	[0,3]	[0,3]	{"coin_cut_recorded":[73,82],"coin_queued_offered":[72,73,81,82],"coin_queued_offered_any":[72,73,81,82]}	{"coin_defender_attack":4,"coin_queued_attack_damage":2}	{}	{"offgate_discard_then_damage":[56],"offgate_helper_by_mechanic":{"OptionalDiscardBenchedBasicForExtraDamage":[45,55,56]},"offgate_helper_choice":[45,55,56]}	no	no
8	k3	22	95	23100220095	rl/results/engine_switch_rules_2026-10/carriers/alternates/hisuian_goodra.txt	f21212d6ef071322c22bdb1bc0a61639562a8bb6	decks/screen/opponents/t-vespiquen.txt	fb36fa1fe15cbacb8740ad1c1d5f2beb5f166dd0	fc81325bb88892b8	513ebfa7ce06ffbb	yes	decisions,moves	0	0	[3,2]	[3,2]	{"coin_cut_recorded":[32,71,84,95],"coin_queued_offered":[70,71],"coin_queued_offered_any":[70,71]}	{"coin_defender_attack":10,"coin_queued_attack_damage":1}	{}	{"offgate_helper_by_mechanic":{"OptionalDiscardBenchedBasicForExtraDamage":[56]},"offgate_helper_choice":[56]}	no	no
8	k3	22	96	23100220096	rl/results/engine_switch_rules_2026-10/carriers/alternates/hisuian_goodra.txt	f21212d6ef071322c22bdb1bc0a61639562a8bb6	decks/screen/opponents/t-vespiquen.txt	fb36fa1fe15cbacb8740ad1c1d5f2beb5f166dd0	ec576460beb436ba	820a817ed4b70333	yes	chase_order,decisions,moves	1	1	[0,3]	[0,3]	{"coin_cut_recorded":[67,83,96],"coin_queued_offered":[95,96],"coin_queued_offered_any":[95,96]}	{"coin_defender_attack":4,"coin_queued_attack_damage":1}	{}	{"offgate_discard_then_damage":[107],"offgate_helper_by_mechanic":{"OptionalDiscardBenchedBasicForExtraDamage":[106,107]},"offgate_helper_choice":[106,107]}	no	no
8	k3	22	98	23100220098	rl/results/engine_switch_rules_2026-10/carriers/alternates/hisuian_goodra.txt	f21212d6ef071322c22bdb1bc0a61639562a8bb6	decks/screen/opponents/t-vespiquen.txt	fb36fa1fe15cbacb8740ad1c1d5f2beb5f166dd0	b68bdb230532eda1	f2f7affd2d76530f	yes	chase_order,decisions,moves,turns	1	1	[2,3]	[2,3]	{"coin_cut_recorded":[78,88],"coin_queued_offered":[77,78],"coin_queued_offered_any":[77,78]}	{"coin_defender_attack":7,"coin_queued_attack_damage":1}	{}	{"offgate_discard_then_damage":[65],"offgate_helper_by_mechanic":{"OptionalDiscardBenchedBasicForExtraDamage":[64,65]},"offgate_helper_choice":[64,65]}	no	no
8	k3	22	99	23100220099	rl/results/engine_switch_rules_2026-10/carriers/alternates/hisuian_goodra.txt	f21212d6ef071322c22bdb1bc0a61639562a8bb6	decks/screen/opponents/t-vespiquen.txt	fb36fa1fe15cbacb8740ad1c1d5f2beb5f166dd0	e841e55148814565	8c80e37362b3cdd5	yes	moves	1	1	[1,4]	[1,4]	{"coin_cut_recorded":[70],"coin_queued_offered":[69,70],"coin_queued_offered_any":[69,70]}	{"coin_defender_attack":4,"coin_queued_attack_damage":1}	{}	{}	no	no
8	k3	22	101	23100220101	rl/results/engine_switch_rules_2026-10/carriers/alternates/hisuian_goodra.txt	f21212d6ef071322c22bdb1bc0a61639562a8bb6	decks/screen/opponents/t-vespiquen.txt	fb36fa1fe15cbacb8740ad1c1d5f2beb5f166dd0	3822df9517302c15	c56daf2e145dddd6	yes	abilities,chase_order,decisions,first_deck_score,moves,points,turns,winner_seat	0	1	[3,0]	[2,4]	{"coin_cut_recorded":[62,78,90,103,115],"coin_queued_offered":[61,62,77,78,102,103],"coin_queued_offered_any":[61,62,77,78,102,103]}	{"coin_defender_attack":9,"coin_queued_attack_damage":3}	{}	{}	no	no
8	k3	22	102	23100220102	rl/results/engine_switch_rules_2026-10/carriers/alternates/hisuian_goodra.txt	f21212d6ef071322c22bdb1bc0a61639562a8bb6	decks/screen/opponents/t-vespiquen.txt	fb36fa1fe15cbacb8740ad1c1d5f2beb5f166dd0	58cf10d684ba847d	8521490a1aa44e8c	yes	decisions,moves,points	0	0	[3,1]	[3,2]	{"coin_cut_recorded":[48,61,74,90],"coin_queued_offered":[73,74,89,90],"coin_queued_offered_any":[73,74,89,90]}	{"coin_defender_attack":8,"coin_queued_attack_damage":2}	{}	{}	no	no
8	k3	22	103	23100220103	rl/results/engine_switch_rules_2026-10/carriers/alternates/hisuian_goodra.txt	f21212d6ef071322c22bdb1bc0a61639562a8bb6	decks/screen/opponents/t-vespiquen.txt	fb36fa1fe15cbacb8740ad1c1d5f2beb5f166dd0	caca1a2faaf1a16e	cac7e21cd85e173f	yes	chase_order,decisions,moves	0	0	[3,0]	[3,0]	{"coin_cut_recorded":[37,48],"coin_queued_offered":[36,37,47,48],"coin_queued_offered_any":[36,37,47,48]}	{"coin_defender_attack":4,"coin_queued_attack_damage":2}	{}	{"offgate_discard_then_damage":[65],"offgate_helper_by_mechanic":{"OptionalDiscardBenchedBasicForExtraDamage":[64,65]},"offgate_helper_choice":[64,65]}	no	no
8	k3	22	104	23100220104	rl/results/engine_switch_rules_2026-10/carriers/alternates/hisuian_goodra.txt	f21212d6ef071322c22bdb1bc0a61639562a8bb6	decks/screen/opponents/t-vespiquen.txt	fb36fa1fe15cbacb8740ad1c1d5f2beb5f166dd0	305f7fac06827dee	0ed48b317b9d4c2e	yes	chase_order,decisions,moves	1	1	[2,3]	[2,3]	{"coin_cut_recorded":[59,78],"coin_queued_offered":[58,59],"coin_queued_offered_any":[58,59]}	{"coin_defender_attack":7,"coin_queued_attack_damage":1}	{}	{"offgate_discard_then_damage":[42],"offgate_helper_by_mechanic":{"OptionalDiscardBenchedBasicForExtraDamage":[41,42]},"offgate_helper_choice":[41,42]}	no	no
8	k3	22	106	23100220106	rl/results/engine_switch_rules_2026-10/carriers/alternates/hisuian_goodra.txt	f21212d6ef071322c22bdb1bc0a61639562a8bb6	decks/screen/opponents/t-vespiquen.txt	fb36fa1fe15cbacb8740ad1c1d5f2beb5f166dd0	582316c19b785861	1dabb6d855e5aee6	yes	abilities,chase_order,decisions,first_deck_score,moves,points,turns,winner_seat	0	1	[4,2]	[2,3]	{"coin_cut_recorded":[68,83,97,106],"coin_queued_offered":[67,68,82,83],"coin_queued_offered_any":[67,68,82,83]}	{"coin_defender_attack":9,"coin_queued_attack_damage":2}	{}	{}	no	no
8	k3	22	110	23100220110	rl/results/engine_switch_rules_2026-10/carriers/alternates/hisuian_goodra.txt	f21212d6ef071322c22bdb1bc0a61639562a8bb6	decks/screen/opponents/t-vespiquen.txt	fb36fa1fe15cbacb8740ad1c1d5f2beb5f166dd0	6d0a5daf4a56646e	42b960b9b3baec11	yes	chase_order,decisions,moves,turns	1	1	[2,3]	[2,3]	{"coin_cut_recorded":[57,70],"coin_queued_offered":[56,57,69,70],"coin_queued_offered_any":[56,57,69,70]}	{"coin_defender_attack":6,"coin_queued_attack_damage":2}	{}	{"offgate_helper_by_mechanic":{"OptionalDiscardBenchedBasicForExtraDamage":[45,82]},"offgate_helper_choice":[45,82]}	no	no
8	k3	22	112	23100220112	rl/results/engine_switch_rules_2026-10/carriers/alternates/hisuian_goodra.txt	f21212d6ef071322c22bdb1bc0a61639562a8bb6	decks/screen/opponents/t-vespiquen.txt	fb36fa1fe15cbacb8740ad1c1d5f2beb5f166dd0	3c774bffb8ecdb9a	fb46cf36023e3e73	yes	abilities,chase_order,decisions,moves,turns	1	1	[0,3]	[0,3]	{"coin_cut_recorded":[25,41,54],"coin_queued_offered":[40,41,53,54],"coin_queued_offered_any":[40,41,53,54]}	{"coin_defender_attack":5,"coin_queued_attack_damage":2}	{}	{"offgate_discard_then_damage":[83],"offgate_helper_by_mechanic":{"OptionalDiscardBenchedBasicForExtraDamage":[71,82,83]},"offgate_helper_choice":[71,82,83]}	no	no
8	k3	22	114	23100220114	rl/results/engine_switch_rules_2026-10/carriers/alternates/hisuian_goodra.txt	f21212d6ef071322c22bdb1bc0a61639562a8bb6	decks/screen/opponents/t-vespiquen.txt	fb36fa1fe15cbacb8740ad1c1d5f2beb5f166dd0	eb79d54277be316d	6fd64d3c1bb74c41	yes	chase_order,decisions,moves	1	1	[2,3]	[2,3]	{"coin_cut_recorded":[88,98],"coin_queued_offered":[87,88,97,98],"coin_queued_offered_any":[87,88,97,98]}	{"coin_defender_attack":9,"coin_queued_attack_damage":2}	{}	{"offgate_helper_by_mechanic":{"OptionalDiscardBenchedBasicForExtraDamage":[70]},"offgate_helper_choice":[70]}	no	no
8	k3	22	115	23100220115	rl/results/engine_switch_rules_2026-10/carriers/alternates/hisuian_goodra.txt	f21212d6ef071322c22bdb1bc0a61639562a8bb6	decks/screen/opponents/t-vespiquen.txt	fb36fa1fe15cbacb8740ad1c1d5f2beb5f166dd0	44705d280e19dd1f	fe380b528b7ac58c	yes	chase_order,decisions,moves	0	0	[3,0]	[3,0]	{"coin_cut_recorded":[52,65],"coin_queued_offered":[51,52,64,65],"coin_queued_offered_any":[51,52,64,65]}	{"coin_defender_attack":4,"coin_queued_attack_damage":2}	{}	{"offgate_discard_then_damage":[78,90],"offgate_helper_by_mechanic":{"OptionalDiscardBenchedBasicForExtraDamage":[77,78,89,90]},"offgate_helper_choice":[77,78,89,90]}	no	no
8	k3	22	117	23100220117	rl/results/engine_switch_rules_2026-10/carriers/alternates/hisuian_goodra.txt	f21212d6ef071322c22bdb1bc0a61639562a8bb6	decks/screen/opponents/t-vespiquen.txt	fb36fa1fe15cbacb8740ad1c1d5f2beb5f166dd0	482f837b4009408a	0d61f4861591b871	yes	chase_order,decisions,moves	0	0	[3,0]	[3,0]	{"coin_cut_recorded":[90,100],"coin_queued_offered":[89,90,99,100],"coin_queued_offered_any":[89,90,99,100]}	{"coin_defender_attack":6,"coin_queued_attack_damage":2}	{}	{"offgate_discard_then_damage":[60],"offgate_helper_by_mechanic":{"OptionalDiscardBenchedBasicForExtraDamage":[59,60,76]},"offgate_helper_choice":[59,60,76]}	no	no
8	k3	22	118	23100220118	rl/results/engine_switch_rules_2026-10/carriers/alternates/hisuian_goodra.txt	f21212d6ef071322c22bdb1bc0a61639562a8bb6	decks/screen/opponents/t-vespiquen.txt	fb36fa1fe15cbacb8740ad1c1d5f2beb5f166dd0	9f2fc6d67bf0a39a	764891bc4db0398a	yes	chase_order,decisions,moves	1	1	[0,3]	[0,3]	{"coin_cut_recorded":[51,61],"coin_queued_offered":[50,51,60,61],"coin_queued_offered_any":[50,51,60,61]}	{"coin_defender_attack":6,"coin_queued_attack_damage":2}	{}	{"offgate_helper_by_mechanic":{"OptionalDiscardBenchedBasicForExtraDamage":[28,41]},"offgate_helper_choice":[28,41]}	no	no
8	k3	22	120	23100220120	rl/results/engine_switch_rules_2026-10/carriers/alternates/hisuian_goodra.txt	f21212d6ef071322c22bdb1bc0a61639562a8bb6	decks/screen/opponents/t-vespiquen.txt	fb36fa1fe15cbacb8740ad1c1d5f2beb5f166dd0	7485ced484d981d3	a70efcb24b6116bc	yes	abilities,chase_order,decisions,first_deck_score,moves,points,turns,winner_seat	1	0	[0,3]	[4,2]	{"coin_cut_recorded":[68,79,93,110,121,131],"coin_queued_offered":[67,68,78,79,92,93],"coin_queued_offered_any":[67,68,78,79,92,93]}	{"coin_defender_attack":11,"coin_queued_attack_damage":3}	{}	{"offgate_helper_by_mechanic":{"OptionalDiscardBenchedBasicForExtraDamage":[56]},"offgate_helper_choice":[56]}	no	no
8	k3	22	121	23100220121	rl/results/engine_switch_rules_2026-10/carriers/alternates/hisuian_goodra.txt	f21212d6ef071322c22bdb1bc0a61639562a8bb6	decks/screen/opponents/t-vespiquen.txt	fb36fa1fe15cbacb8740ad1c1d5f2beb5f166dd0	07a461ef38d1c0c8	5d7e5809e83d9f9e	yes	abilities,chase_order,decisions,moves,turns	0	0	[3,0]	[3,0]	{"coin_cut_recorded":[77,88,99],"coin_queued_offered":[76,77,87,88],"coin_queued_offered_any":[76,77,87,88]}	{"coin_defender_attack":8,"coin_queued_attack_damage":2}	{}	{"offgate_discard_then_damage":[63],"offgate_helper_by_mechanic":{"OptionalDiscardBenchedBasicForExtraDamage":[62,63]},"offgate_helper_choice":[62,63]}	no	no
8	k3	22	122	23100220122	rl/results/engine_switch_rules_2026-10/carriers/alternates/hisuian_goodra.txt	f21212d6ef071322c22bdb1bc0a61639562a8bb6	decks/screen/opponents/t-vespiquen.txt	fb36fa1fe15cbacb8740ad1c1d5f2beb5f166dd0	426561d42c18733d	d1165ba490377c4f	yes	abilities,chase_order,decisions,first_deck_score,moves,points,turns,winner_seat	1	0	[2,3]	[4,2]	{"coin_cut_recorded":[55,66,76,89],"coin_queued_offered":[54,55],"coin_queued_offered_any":[54,55]}	{"coin_defender_attack":7,"coin_queued_attack_damage":1}	{}	{"offgate_helper_by_mechanic":{"OptionalDiscardBenchedBasicForExtraDamage":[43]},"offgate_helper_choice":[43]}	no	no
8	k3	22	123	23100220123	rl/results/engine_switch_rules_2026-10/carriers/alternates/hisuian_goodra.txt	f21212d6ef071322c22bdb1bc0a61639562a8bb6	decks/screen/opponents/t-vespiquen.txt	fb36fa1fe15cbacb8740ad1c1d5f2beb5f166dd0	69418d24e9b08699	3e1db443553a7ea1	yes	chase_order,decisions,moves	0	0	[3,0]	[3,0]	{"coin_cut_recorded":[62,76],"coin_queued_offered":[61,62,75,76],"coin_queued_offered_any":[61,62,75,76]}	{"coin_defender_attack":4,"coin_queued_attack_damage":2}	{}	{"offgate_discard_then_damage":[88],"offgate_helper_by_mechanic":{"OptionalDiscardBenchedBasicForExtraDamage":[87,88]},"offgate_helper_choice":[87,88]}	no	no
8	k3	22	124	23100220124	rl/results/engine_switch_rules_2026-10/carriers/alternates/hisuian_goodra.txt	f21212d6ef071322c22bdb1bc0a61639562a8bb6	decks/screen/opponents/t-vespiquen.txt	fb36fa1fe15cbacb8740ad1c1d5f2beb5f166dd0	a26a169c72bc2227	270a3d5090025f06	yes	abilities,chase_order,decisions,first_deck_score,moves,points,turns,winner_seat	1	0	[2,3]	[4,1]	{"coin_cut_recorded":[40,54,69,82,97],"coin_queued_offered":[53,54,68,69],"coin_queued_offered_any":[53,54,68,69]}	{"coin_defender_attack":7,"coin_queued_attack_damage":2}	{}	{}	no	no
8	k3	22	127	23100220127	rl/results/engine_switch_rules_2026-10/carriers/alternates/hisuian_goodra.txt	f21212d6ef071322c22bdb1bc0a61639562a8bb6	decks/screen/opponents/t-vespiquen.txt	fb36fa1fe15cbacb8740ad1c1d5f2beb5f166dd0	4c60f413132e1c8e	e8a33d31da121860	yes	chase_order,decisions,moves	0	0	[3,2]	[3,2]	{"coin_cut_recorded":[48,62,76],"coin_queued_offered":[75,76],"coin_queued_offered_any":[75,76]}	{"coin_defender_attack":7,"coin_queued_attack_damage":1}	{}	{"offgate_discard_then_damage":[90],"offgate_helper_by_mechanic":{"OptionalDiscardBenchedBasicForExtraDamage":[89,90]},"offgate_helper_choice":[89,90]}	no	no
8	k3	22	128	23100220128	rl/results/engine_switch_rules_2026-10/carriers/alternates/hisuian_goodra.txt	f21212d6ef071322c22bdb1bc0a61639562a8bb6	decks/screen/opponents/t-vespiquen.txt	fb36fa1fe15cbacb8740ad1c1d5f2beb5f166dd0	1178627a811f6479	2fc18f35d3e1bde0	yes	chase_order,decisions,moves	1	1	[0,2]	[0,2]	{"coin_cut_recorded":[49,61],"coin_queued_offered":[48,49,60,61],"coin_queued_offered_any":[48,49,60,61]}	{"coin_defender_attack":4,"coin_queued_attack_damage":2}	{}	{"offgate_helper_by_mechanic":{"OptionalDiscardBenchedBasicForExtraDamage":[34]},"offgate_helper_choice":[34]}	no	no
8	k3	22	130	23100220130	rl/results/engine_switch_rules_2026-10/carriers/alternates/hisuian_goodra.txt	f21212d6ef071322c22bdb1bc0a61639562a8bb6	decks/screen/opponents/t-vespiquen.txt	fb36fa1fe15cbacb8740ad1c1d5f2beb5f166dd0	21bda7aabd634804	b334522c2e83bf14	yes	abilities,chase_order,decisions,moves	1	1	[0,3]	[0,3]	{"coin_cut_recorded":[35,51],"coin_queued_offered":[34,35,50,51],"coin_queued_offered_any":[34,35,50,51]}	{"coin_defender_attack":8,"coin_queued_attack_damage":2}	{}	{"offgate_discard_then_damage":[67,82],"offgate_helper_by_mechanic":{"OptionalDiscardBenchedBasicForExtraDamage":[66,67,81,82]},"offgate_helper_choice":[66,67,81,82]}	no	no
8	k3	22	131	23100220131	rl/results/engine_switch_rules_2026-10/carriers/alternates/hisuian_goodra.txt	f21212d6ef071322c22bdb1bc0a61639562a8bb6	decks/screen/opponents/t-vespiquen.txt	fb36fa1fe15cbacb8740ad1c1d5f2beb5f166dd0	5a1629129d77788a	44d5fc493f3f45ed	yes	chase_order,decisions,moves	0	0	[3,0]	[3,0]	{"coin_cut_recorded":[71,81],"coin_queued_offered":[70,71,80,81],"coin_queued_offered_any":[70,71,80,81]}	{"coin_defender_attack":5,"coin_queued_attack_damage":2}	{}	{}	no	no
8	k3	22	132	23100220132	rl/results/engine_switch_rules_2026-10/carriers/alternates/hisuian_goodra.txt	f21212d6ef071322c22bdb1bc0a61639562a8bb6	decks/screen/opponents/t-vespiquen.txt	fb36fa1fe15cbacb8740ad1c1d5f2beb5f166dd0	fb437a42f52932c2	1315ac63ec217629	yes	chase_order,decisions,first_deck_score,moves,points,turns,winner_seat	1	0	[0,3]	[4,1]	{"coin_cut_recorded":[48,62,74,86],"coin_queued_offered":[47,48,61,62],"coin_queued_offered_any":[47,48,61,62]}	{"coin_defender_attack":7,"coin_queued_attack_damage":2}	{}	{}	no	no
8	k3	22	133	23100220133	rl/results/engine_switch_rules_2026-10/carriers/alternates/hisuian_goodra.txt	f21212d6ef071322c22bdb1bc0a61639562a8bb6	decks/screen/opponents/t-vespiquen.txt	fb36fa1fe15cbacb8740ad1c1d5f2beb5f166dd0	97a4ee7680f3b16c	564a514de7076478	yes	abilities,chase_order,decisions,moves,turns	0	0	[3,2]	[3,2]	{"coin_cut_recorded":[71,86,98],"coin_queued_offered":[85,86,97,98],"coin_queued_offered_any":[85,86,97,98]}	{"coin_defender_attack":6,"coin_queued_attack_damage":2}	{}	{}	no	no
8	k3	22	134	23100220134	rl/results/engine_switch_rules_2026-10/carriers/alternates/hisuian_goodra.txt	f21212d6ef071322c22bdb1bc0a61639562a8bb6	decks/screen/opponents/t-vespiquen.txt	fb36fa1fe15cbacb8740ad1c1d5f2beb5f166dd0	1b6cc60885469772	bbb5ce8c9aee5cfd	yes	decisions,moves,points,turns	0	0	[3,2]	[4,2]	{"coin_cut_recorded":[83,94,102],"coin_queued_offered":[82,83],"coin_queued_offered_any":[82,83]}	{"coin_defender_attack":7,"coin_queued_attack_damage":1}	{}	{"offgate_helper_by_mechanic":{"OptionalDiscardBenchedBasicForExtraDamage":[71]},"offgate_helper_choice":[71]}	no	no
8	k3	22	136	23100220136	rl/results/engine_switch_rules_2026-10/carriers/alternates/hisuian_goodra.txt	f21212d6ef071322c22bdb1bc0a61639562a8bb6	decks/screen/opponents/t-vespiquen.txt	fb36fa1fe15cbacb8740ad1c1d5f2beb5f166dd0	523e191928ecaed2	b625bb94ff938c85	yes	chase_order,decisions,moves	1	1	[0,3]	[0,3]	{"coin_cut_recorded":[39,51],"coin_queued_offered":[38,39,50,51],"coin_queued_offered_any":[38,39,50,51]}	{"coin_defender_attack":4,"coin_queued_attack_damage":2}	{}	{"offgate_discard_then_damage":[62],"offgate_helper_by_mechanic":{"OptionalDiscardBenchedBasicForExtraDamage":[61,62,72]},"offgate_helper_choice":[61,62,72]}	no	no
8	k3	22	138	23100220138	rl/results/engine_switch_rules_2026-10/carriers/alternates/hisuian_goodra.txt	f21212d6ef071322c22bdb1bc0a61639562a8bb6	decks/screen/opponents/t-vespiquen.txt	fb36fa1fe15cbacb8740ad1c1d5f2beb5f166dd0	67f247a99156ed98	794ce0f69f88111d	yes	chase_order,decisions,moves	1	1	[2,3]	[2,3]	{"coin_cut_recorded":[49,60,72,88],"coin_queued_offered":[87,88],"coin_queued_offered_any":[87,88]}	{"coin_defender_attack":5,"coin_queued_attack_damage":1}	{}	{"offgate_discard_then_damage":[102],"offgate_helper_by_mechanic":{"OptionalDiscardBenchedBasicForExtraDamage":[101,102]},"offgate_helper_choice":[101,102]}	no	no
8	k3	22	140	23100220140	rl/results/engine_switch_rules_2026-10/carriers/alternates/hisuian_goodra.txt	f21212d6ef071322c22bdb1bc0a61639562a8bb6	decks/screen/opponents/t-vespiquen.txt	fb36fa1fe15cbacb8740ad1c1d5f2beb5f166dd0	4dbd6332638f673a	841d26dfd83dc63f	yes	chase_order,decisions,moves,turns	1	1	[2,3]	[2,3]	{"coin_cut_recorded":[46,60],"coin_queued_offered":[45,46,59,60],"coin_queued_offered_any":[45,46,59,60]}	{"coin_defender_attack":4,"coin_queued_attack_damage":2}	{}	{}	no	no
8	k3	22	141	23100220141	rl/results/engine_switch_rules_2026-10/carriers/alternates/hisuian_goodra.txt	f21212d6ef071322c22bdb1bc0a61639562a8bb6	decks/screen/opponents/t-vespiquen.txt	fb36fa1fe15cbacb8740ad1c1d5f2beb5f166dd0	6ebf0b41d0f280f6	a061eaaad3a428b4	yes	decisions,moves	0	0	[3,0]	[3,0]	{"coin_cut_recorded":[31,47],"coin_queued_offered":[46,47],"coin_queued_offered_any":[46,47]}	{"coin_defender_attack":3,"coin_queued_attack_damage":1}	{}	{"offgate_discard_then_damage":[60,73],"offgate_helper_by_mechanic":{"OptionalDiscardBenchedBasicForExtraDamage":[59,60,72,73]},"offgate_helper_choice":[59,60,72,73]}	no	no
8	k3	22	143	23100220143	rl/results/engine_switch_rules_2026-10/carriers/alternates/hisuian_goodra.txt	f21212d6ef071322c22bdb1bc0a61639562a8bb6	decks/screen/opponents/t-vespiquen.txt	fb36fa1fe15cbacb8740ad1c1d5f2beb5f166dd0	ec3a794669e38cfd	648467306ff1736e	yes	abilities,chase_order,decisions,first_deck_score,moves,points,turns,winner_seat	0	1	[3,2]	[2,4]	{"coin_cut_recorded":[78,93,107],"coin_queued_offered":[92,93,106,107],"coin_queued_offered_any":[92,93,106,107]}	{"coin_defender_attack":6,"coin_queued_attack_damage":2}	{}	{}	no	no
8	k3	22	144	23100220144	rl/results/engine_switch_rules_2026-10/carriers/alternates/hisuian_goodra.txt	f21212d6ef071322c22bdb1bc0a61639562a8bb6	decks/screen/opponents/t-vespiquen.txt	fb36fa1fe15cbacb8740ad1c1d5f2beb5f166dd0	a69a49a3f11c038a	fd261af1c16649be	yes	chase_order,decisions,moves	1	1	[0,3]	[0,3]	{"coin_cut_recorded":[49,66],"coin_queued_offered":[48,49,65,66],"coin_queued_offered_any":[48,49,65,66]}	{"coin_defender_attack":4,"coin_queued_attack_damage":2}	{}	{"offgate_helper_by_mechanic":{"OptionalDiscardBenchedBasicForExtraDamage":[76,86]},"offgate_helper_choice":[76,86]}	no	no
8	k3	22	145	23100220145	rl/results/engine_switch_rules_2026-10/carriers/alternates/hisuian_goodra.txt	f21212d6ef071322c22bdb1bc0a61639562a8bb6	decks/screen/opponents/t-vespiquen.txt	fb36fa1fe15cbacb8740ad1c1d5f2beb5f166dd0	2f284fbca32e692b	36af2269fc4a64e0	yes	chase_order,decisions,moves,turns	0	0	[3,0]	[3,0]	{"coin_cut_recorded":[39,53,66],"coin_queued_offered":[52,53,65,66],"coin_queued_offered_any":[52,53,65,66]}	{"coin_defender_attack":7,"coin_queued_attack_damage":2}	{}	{"offgate_discard_then_damage":[79,93],"offgate_helper_by_mechanic":{"OptionalDiscardBenchedBasicForExtraDamage":[78,79,92,93]},"offgate_helper_choice":[78,79,92,93]}	no	no
8	k3	22	146	23100220146	rl/results/engine_switch_rules_2026-10/carriers/alternates/hisuian_goodra.txt	f21212d6ef071322c22bdb1bc0a61639562a8bb6	decks/screen/opponents/t-vespiquen.txt	fb36fa1fe15cbacb8740ad1c1d5f2beb5f166dd0	604369d4403cc365	6b088047be84bcc7	yes	decisions,first_deck_score,moves,points,turns,winner_seat	1	0	[2,3]	[4,2]	{"coin_cut_recorded":[52,60,75,87],"coin_queued_offered":[74,75,86,87],"coin_queued_offered_any":[74,75,86,87]}	{"coin_defender_attack":7,"coin_queued_attack_damage":2}	{}	{}	no	no
8	k3	22	147	23100220147	rl/results/engine_switch_rules_2026-10/carriers/alternates/hisuian_goodra.txt	f21212d6ef071322c22bdb1bc0a61639562a8bb6	decks/screen/opponents/t-vespiquen.txt	fb36fa1fe15cbacb8740ad1c1d5f2beb5f166dd0	5c03a1f894029b6f	cc552d66f260ea07	yes	chase_order,decisions,moves	0	0	[3,0]	[3,0]	{"coin_cut_recorded":[42,57],"coin_queued_offered":[41,42,56,57],"coin_queued_offered_any":[41,42,56,57]}	{"coin_defender_attack":4,"coin_queued_attack_damage":2}	{}	{"offgate_discard_then_damage":[68,86],"offgate_helper_by_mechanic":{"OptionalDiscardBenchedBasicForExtraDamage":[67,68,85,86]},"offgate_helper_choice":[67,68,85,86]}	no	no
8	k3	22	148	23100220148	rl/results/engine_switch_rules_2026-10/carriers/alternates/hisuian_goodra.txt	f21212d6ef071322c22bdb1bc0a61639562a8bb6	decks/screen/opponents/t-vespiquen.txt	fb36fa1fe15cbacb8740ad1c1d5f2beb5f166dd0	0642cc4c0ba81ee4	6ab731c1ba89a7ef	yes	decisions,moves	0	0	[4,2]	[4,2]	{"coin_cut_recorded":[64,107],"coin_queued_offered":[106,107],"coin_queued_offered_any":[106,107]}	{"coin_defender_attack":6,"coin_queued_attack_damage":1}	{}	{}	no	no
8	k3	22	151	23100220151	rl/results/engine_switch_rules_2026-10/carriers/alternates/hisuian_goodra.txt	f21212d6ef071322c22bdb1bc0a61639562a8bb6	decks/screen/opponents/t-vespiquen.txt	fb36fa1fe15cbacb8740ad1c1d5f2beb5f166dd0	b0b61263a5bd590e	6468ac2b5b6bec8d	yes	chase_order,decisions,moves	1	1	[2,4]	[2,4]	{"coin_cut_recorded":[65,75,91,103,117],"coin_queued_offered":[102,103,116,117],"coin_queued_offered_any":[102,103,116,117]}	{"coin_defender_attack":8,"coin_queued_attack_damage":2}	{}	{}	no	no
8	k3	22	152	23100220152	rl/results/engine_switch_rules_2026-10/carriers/alternates/hisuian_goodra.txt	f21212d6ef071322c22bdb1bc0a61639562a8bb6	decks/screen/opponents/t-vespiquen.txt	fb36fa1fe15cbacb8740ad1c1d5f2beb5f166dd0	39a089de9baa65e2	8a0ec58d3435d071	yes	chase_order,decisions,first_deck_score,moves,points,turns,winner_seat	1	0	[1,3]	[3,2]	{"coin_cut_recorded":[81,92],"coin_queued_offered":[80,81,91,92],"coin_queued_offered_any":[80,81,91,92]}	{"coin_defender_attack":5,"coin_queued_attack_damage":2}	{}	{}	no	no
8	k3	22	153	23100220153	rl/results/engine_switch_rules_2026-10/carriers/alternates/hisuian_goodra.txt	f21212d6ef071322c22bdb1bc0a61639562a8bb6	decks/screen/opponents/t-vespiquen.txt	fb36fa1fe15cbacb8740ad1c1d5f2beb5f166dd0	c0a316dc49a3a014	3720da69573aded3	yes	chase_order,decisions,moves,turns	0	0	[3,0]	[3,0]	{"coin_cut_recorded":[69,84,94],"coin_queued_offered":[68,69,83,84],"coin_queued_offered_any":[68,69,83,84]}	{"coin_defender_attack":5,"coin_queued_attack_damage":2}	{}	{}	no	no
8	k3	22	154	23100220154	rl/results/engine_switch_rules_2026-10/carriers/alternates/hisuian_goodra.txt	f21212d6ef071322c22bdb1bc0a61639562a8bb6	decks/screen/opponents/t-vespiquen.txt	fb36fa1fe15cbacb8740ad1c1d5f2beb5f166dd0	f112426ee5ea47dc	0a0ec0e478e0a937	yes	chase_order,decisions,moves,turns	1	1	[0,3]	[0,3]	{"coin_cut_recorded":[71,87,100],"coin_queued_offered":[86,87,99,100],"coin_queued_offered_any":[86,87,99,100]}	{"coin_defender_attack":5,"coin_queued_attack_damage":2}	{}	{"offgate_discard_then_damage":[114],"offgate_helper_by_mechanic":{"OptionalDiscardBenchedBasicForExtraDamage":[113,114]},"offgate_helper_choice":[113,114]}	no	no
8	k3	22	155	23100220155	rl/results/engine_switch_rules_2026-10/carriers/alternates/hisuian_goodra.txt	f21212d6ef071322c22bdb1bc0a61639562a8bb6	decks/screen/opponents/t-vespiquen.txt	fb36fa1fe15cbacb8740ad1c1d5f2beb5f166dd0	5cd18904401f9162	fd77cc3cb3691a90	yes	chase_order,decisions,moves,turns	0	0	[3,0]	[3,0]	{"coin_cut_recorded":[93,104,115,124],"coin_queued_offered":[92,93,103,104,114,115],"coin_queued_offered_any":[92,93,103,104,114,115]}	{"coin_defender_attack":11,"coin_queued_attack_damage":3}	{}	{"offgate_helper_by_mechanic":{"OptionalDiscardBenchedBasicForExtraDamage":[82]},"offgate_helper_choice":[82]}	no	no
8	k3	22	158	23100220158	rl/results/engine_switch_rules_2026-10/carriers/alternates/hisuian_goodra.txt	f21212d6ef071322c22bdb1bc0a61639562a8bb6	decks/screen/opponents/t-vespiquen.txt	fb36fa1fe15cbacb8740ad1c1d5f2beb5f166dd0	4d9e1276a806d9d6	bd6281fd5e7c2dbb	yes	decisions,moves	1	1	[0,3]	[0,3]	{"coin_cut_recorded":[86,98],"coin_queued_offered":[85,86],"coin_queued_offered_any":[85,86]}	{"coin_defender_attack":5,"coin_queued_attack_damage":1}	{}	{"offgate_helper_by_mechanic":{"OptionalDiscardBenchedBasicForExtraDamage":[53,73]},"offgate_helper_choice":[53,73]}	no	no
8	k3	22	159	23100220159	rl/results/engine_switch_rules_2026-10/carriers/alternates/hisuian_goodra.txt	f21212d6ef071322c22bdb1bc0a61639562a8bb6	decks/screen/opponents/t-vespiquen.txt	fb36fa1fe15cbacb8740ad1c1d5f2beb5f166dd0	df39ca24bdd6bd4c	b1479120fc123695	yes	chase_order,decisions,moves	0	0	[3,2]	[3,2]	{"coin_cut_recorded":[38,84,97],"coin_queued_offered":[83,84],"coin_queued_offered_any":[83,84]}	{"coin_defender_attack":9,"coin_queued_attack_damage":1}	{}	{"offgate_helper_by_mechanic":{"OptionalDiscardBenchedBasicForExtraDamage":[27,67]},"offgate_helper_choice":[27,67]}	no	no
8	k3	22	161	23100220161	rl/results/engine_switch_rules_2026-10/carriers/alternates/hisuian_goodra.txt	f21212d6ef071322c22bdb1bc0a61639562a8bb6	decks/screen/opponents/t-vespiquen.txt	fb36fa1fe15cbacb8740ad1c1d5f2beb5f166dd0	8f247d229b222019	7a29b48a4d9af4ab	yes	decisions,moves	0	0	[3,0]	[3,0]	{"coin_cut_recorded":[38,49],"coin_queued_offered":[48,49],"coin_queued_offered_any":[48,49]}	{"coin_defender_attack":3,"coin_queued_attack_damage":1}	{}	{"offgate_discard_then_damage":[62,77],"offgate_helper_by_mechanic":{"OptionalDiscardBenchedBasicForExtraDamage":[61,62,76,77]},"offgate_helper_choice":[61,62,76,77]}	no	no
8	k3	22	163	23100220163	rl/results/engine_switch_rules_2026-10/carriers/alternates/hisuian_goodra.txt	f21212d6ef071322c22bdb1bc0a61639562a8bb6	decks/screen/opponents/t-vespiquen.txt	fb36fa1fe15cbacb8740ad1c1d5f2beb5f166dd0	36c1148ce4e54583	d5ed234d606926b3	yes	decisions,moves	0	0	[3,0]	[3,0]	{"coin_cut_recorded":[73,83],"coin_queued_offered":[72,73],"coin_queued_offered_any":[72,73]}	{"coin_defender_attack":6,"coin_queued_attack_damage":1}	{}	{"offgate_helper_by_mechanic":{"OptionalDiscardBenchedBasicForExtraDamage":[60]},"offgate_helper_choice":[60]}	no	no
8	k3	22	164	23100220164	rl/results/engine_switch_rules_2026-10/carriers/alternates/hisuian_goodra.txt	f21212d6ef071322c22bdb1bc0a61639562a8bb6	decks/screen/opponents/t-vespiquen.txt	fb36fa1fe15cbacb8740ad1c1d5f2beb5f166dd0	4c7fc6100f88c3cc	8da035ceb62c0af3	yes	chase_order,decisions,moves	1	1	[2,3]	[2,3]	{"coin_cut_recorded":[84,94,108],"coin_queued_offered":[93,94,107,108],"coin_queued_offered_any":[93,94,107,108]}	{"coin_defender_attack":5,"coin_queued_attack_damage":2}	{}	{}	no	no
8	k3	22	165	23100220165	rl/results/engine_switch_rules_2026-10/carriers/alternates/hisuian_goodra.txt	f21212d6ef071322c22bdb1bc0a61639562a8bb6	decks/screen/opponents/t-vespiquen.txt	fb36fa1fe15cbacb8740ad1c1d5f2beb5f166dd0	8cc788a757998bb8	b64391c7ef8a567b	yes	chase_order,decisions,moves,points	0	0	[3,2]	[3,0]	{"coin_cut_recorded":[77,91,103],"coin_queued_offered":[90,91,102,103],"coin_queued_offered_any":[90,91,102,103]}	{"coin_defender_attack":6,"coin_queued_attack_damage":2}	{}	{}	no	no
8	k3	22	167	23100220167	rl/results/engine_switch_rules_2026-10/carriers/alternates/hisuian_goodra.txt	f21212d6ef071322c22bdb1bc0a61639562a8bb6	decks/screen/opponents/t-vespiquen.txt	fb36fa1fe15cbacb8740ad1c1d5f2beb5f166dd0	5ec230beb9df66e7	ac35309f50090495	yes	chase_order,decisions,moves	1	1	[2,4]	[2,4]	{"coin_cut_recorded":[47,60],"coin_queued_offered":[46,47,59,60],"coin_queued_offered_any":[46,47,59,60]}	{"coin_defender_attack":6,"coin_queued_attack_damage":2}	{}	{}	no	no
8	k3	22	168	23100220168	rl/results/engine_switch_rules_2026-10/carriers/alternates/hisuian_goodra.txt	f21212d6ef071322c22bdb1bc0a61639562a8bb6	decks/screen/opponents/t-vespiquen.txt	fb36fa1fe15cbacb8740ad1c1d5f2beb5f166dd0	0e04aa403c38710b	f5e81dbab67f6278	yes	chase_order,decisions,first_deck_score,moves,points,turns,winner_seat	1	0	[0,3]	[4,1]	{"coin_cut_recorded":[72,84,95,105],"coin_queued_offered":[71,72,83,84],"coin_queued_offered_any":[71,72,83,84]}	{"coin_defender_attack":7,"coin_queued_attack_damage":2}	{}	{}	no	no
8	k3	22	172	23100220172	rl/results/engine_switch_rules_2026-10/carriers/alternates/hisuian_goodra.txt	f21212d6ef071322c22bdb1bc0a61639562a8bb6	decks/screen/opponents/t-vespiquen.txt	fb36fa1fe15cbacb8740ad1c1d5f2beb5f166dd0	3679dd40b213393c	f6cdc57c9c82ad48	yes	decisions,moves	1	1	[0,3]	[0,3]	{"coin_cut_recorded":[63,77],"coin_queued_offered":[63,76,77],"coin_queued_offered_any":[63,76,77]}	{"coin_defender_attack":4,"coin_queued_attack_damage":2}	{}	{"offgate_discard_then_damage":[45],"offgate_helper_by_mechanic":{"OptionalDiscardBenchedBasicForExtraDamage":[33,44,45]},"offgate_helper_choice":[33,44,45]}	no	no
8	k3	22	173	23100220173	rl/results/engine_switch_rules_2026-10/carriers/alternates/hisuian_goodra.txt	f21212d6ef071322c22bdb1bc0a61639562a8bb6	decks/screen/opponents/t-vespiquen.txt	fb36fa1fe15cbacb8740ad1c1d5f2beb5f166dd0	9f20527a26a8e6f0	e2c7a23a04ab1349	yes	abilities,chase_order,decisions,moves	0	0	[3,0]	[3,0]	{"coin_cut_recorded":[54,70],"coin_queued_offered":[53,54,69,70],"coin_queued_offered_any":[53,54,69,70]}	{"coin_defender_attack":5,"coin_queued_attack_damage":2}	{}	{"offgate_discard_then_damage":[82],"offgate_helper_by_mechanic":{"OptionalDiscardBenchedBasicForExtraDamage":[81,82,91]},"offgate_helper_choice":[81,82,91]}	no	no
8	k3	22	174	23100220174	rl/results/engine_switch_rules_2026-10/carriers/alternates/hisuian_goodra.txt	f21212d6ef071322c22bdb1bc0a61639562a8bb6	decks/screen/opponents/t-vespiquen.txt	fb36fa1fe15cbacb8740ad1c1d5f2beb5f166dd0	f471c1db8b6d2a91	31af848cd4b54919	yes	chase_order,decisions,moves	0	0	[4,2]	[4,2]	{"coin_cut_recorded":[67,84,95],"coin_queued_offered":[94,95],"coin_queued_offered_any":[94,95]}	{"coin_defender_attack":6,"coin_queued_attack_damage":1}	{}	{}	no	no
8	k3	22	175	23100220175	rl/results/engine_switch_rules_2026-10/carriers/alternates/hisuian_goodra.txt	f21212d6ef071322c22bdb1bc0a61639562a8bb6	decks/screen/opponents/t-vespiquen.txt	fb36fa1fe15cbacb8740ad1c1d5f2beb5f166dd0	507433b906bfa8d9	731809e44d3bc0c4	yes	decisions,first_deck_score,moves,points,turns,winner_seat	0	1	[3,2]	[2,4]	{"coin_cut_recorded":[42,52,75,86],"coin_queued_offered":[74,75,85,86],"coin_queued_offered_any":[74,75,85,86]}	{"coin_defender_attack":7,"coin_queued_attack_damage":2}	{}	{}	no	no
8	k3	22	176	23100220176	rl/results/engine_switch_rules_2026-10/carriers/alternates/hisuian_goodra.txt	f21212d6ef071322c22bdb1bc0a61639562a8bb6	decks/screen/opponents/t-vespiquen.txt	fb36fa1fe15cbacb8740ad1c1d5f2beb5f166dd0	ec7542c6633af2b6	ace44245f0e0e88c	yes	chase_order,decisions,moves,points,turns	1	1	[0,3]	[2,3]	{"coin_cut_recorded":[57,73,88],"coin_queued_offered":[56,57,72,73,87,88],"coin_queued_offered_any":[56,57,72,73,87,88]}	{"coin_defender_attack":8,"coin_queued_attack_damage":3}	{}	{"offgate_helper_by_mechanic":{"OptionalDiscardBenchedBasicForExtraDamage":[45]},"offgate_helper_choice":[45]}	no	no
8	k3	22	177	23100220177	rl/results/engine_switch_rules_2026-10/carriers/alternates/hisuian_goodra.txt	f21212d6ef071322c22bdb1bc0a61639562a8bb6	decks/screen/opponents/t-vespiquen.txt	fb36fa1fe15cbacb8740ad1c1d5f2beb5f166dd0	62dd35b53edc3631	7cd8e2ed8177079e	yes	chase_order,decisions,moves	0	0	[3,0]	[3,0]	{"coin_cut_recorded":[83,92],"coin_queued_offered":[82,83,91,92],"coin_queued_offered_any":[82,83,91,92]}	{"coin_defender_attack":4,"coin_queued_attack_damage":2}	{}	{"offgate_discard_then_damage":[67],"offgate_helper_by_mechanic":{"OptionalDiscardBenchedBasicForExtraDamage":[53,66,67]},"offgate_helper_choice":[53,66,67]}	no	no
8	k3	22	178	23100220178	rl/results/engine_switch_rules_2026-10/carriers/alternates/hisuian_goodra.txt	f21212d6ef071322c22bdb1bc0a61639562a8bb6	decks/screen/opponents/t-vespiquen.txt	fb36fa1fe15cbacb8740ad1c1d5f2beb5f166dd0	1ac74749d1fe1226	fc6e268cd91ab103	yes	chase_order,decisions,moves	0	0	[4,2]	[4,2]	{"coin_cut_recorded":[53,81],"coin_queued_offered":[80,81],"coin_queued_offered_any":[80,81]}	{"coin_defender_attack":4,"coin_queued_attack_damage":1}	{}	{"offgate_discard_then_damage":[96],"offgate_helper_by_mechanic":{"OptionalDiscardBenchedBasicForExtraDamage":[95,96]},"offgate_helper_choice":[95,96]}	no	no
8	k3	22	181	23100220181	rl/results/engine_switch_rules_2026-10/carriers/alternates/hisuian_goodra.txt	f21212d6ef071322c22bdb1bc0a61639562a8bb6	decks/screen/opponents/t-vespiquen.txt	fb36fa1fe15cbacb8740ad1c1d5f2beb5f166dd0	10dd5a9349ff3083	45fcdadf0ea74d7d	yes	abilities,chase_order,decisions,moves,points	1	1	[1,4]	[2,4]	{"coin_cut_recorded":[36,46,59,73,90],"coin_queued_offered":[58,59,72,73],"coin_queued_offered_any":[58,59,72,73]}	{"coin_defender_attack":8,"coin_queued_attack_damage":2}	{}	{}	no	no
8	k3	22	182	23100220182	rl/results/engine_switch_rules_2026-10/carriers/alternates/hisuian_goodra.txt	f21212d6ef071322c22bdb1bc0a61639562a8bb6	decks/screen/opponents/t-vespiquen.txt	fb36fa1fe15cbacb8740ad1c1d5f2beb5f166dd0	cfa7de04a0362849	9be8c53dbdbf9de6	yes	chase_order,decisions,moves	0	0	[4,1]	[4,1]	{"coin_cut_recorded":[30,50,61,76,92],"coin_queued_offered":[75,76,91,92],"coin_queued_offered_any":[75,76,91,92]}	{"coin_defender_attack":7,"coin_queued_attack_damage":2}	{}	{}	no	no
8	k3	22	183	23100220183	rl/results/engine_switch_rules_2026-10/carriers/alternates/hisuian_goodra.txt	f21212d6ef071322c22bdb1bc0a61639562a8bb6	decks/screen/opponents/t-vespiquen.txt	fb36fa1fe15cbacb8740ad1c1d5f2beb5f166dd0	521709124fbf468d	eda8e65970f564ac	yes	chase_order,decisions,moves	0	0	[3,0]	[3,0]	{"coin_cut_recorded":[86,96],"coin_queued_offered":[85,86],"coin_queued_offered_any":[85,86]}	{"coin_defender_attack":3,"coin_queued_attack_damage":1}	{}	{"offgate_helper_by_mechanic":{"OptionalDiscardBenchedBasicForExtraDamage":[39,56]},"offgate_helper_choice":[39,56]}	no	no
8	k3	22	186	23100220186	rl/results/engine_switch_rules_2026-10/carriers/alternates/hisuian_goodra.txt	f21212d6ef071322c22bdb1bc0a61639562a8bb6	decks/screen/opponents/t-vespiquen.txt	fb36fa1fe15cbacb8740ad1c1d5f2beb5f166dd0	8aaeb96f3f0f9b59	a2bc322585d72dca	yes	abilities,chase_order,decisions,moves	0	0	[4,1]	[4,1]	{"coin_cut_recorded":[42,53,66,77],"coin_queued_offered":[65,66,76,77],"coin_queued_offered_any":[65,66,76,77]}	{"coin_defender_attack":6,"coin_queued_attack_damage":2}	{}	{}	no	no
8	k3	22	187	23100220187	rl/results/engine_switch_rules_2026-10/carriers/alternates/hisuian_goodra.txt	f21212d6ef071322c22bdb1bc0a61639562a8bb6	decks/screen/opponents/t-vespiquen.txt	fb36fa1fe15cbacb8740ad1c1d5f2beb5f166dd0	8880f9dee8b22917	77cef28e94699d93	yes	abilities,chase_order,decisions,moves,points	1	1	[2,4]	[1,4]	{"coin_cut_recorded":[66,81,94],"coin_queued_offered":[65,66,80,81,94],"coin_queued_offered_any":[65,66,80,81,94]}	{"coin_defender_attack":9,"coin_queued_attack_damage":3}	{}	{"offgate_helper_by_mechanic":{"OptionalDiscardBenchedBasicForExtraDamage":[52]},"offgate_helper_choice":[52]}	no	no
8	k3	22	188	23100220188	rl/results/engine_switch_rules_2026-10/carriers/alternates/hisuian_goodra.txt	f21212d6ef071322c22bdb1bc0a61639562a8bb6	decks/screen/opponents/t-vespiquen.txt	fb36fa1fe15cbacb8740ad1c1d5f2beb5f166dd0	f90c060f9ba1d875	7dd604dced254eb2	yes	chase_order,decisions,moves	1	1	[2,3]	[2,3]	{"coin_cut_recorded":[65,78,95,106],"coin_queued_offered":[64,65,77,78],"coin_queued_offered_any":[64,65,77,78]}	{"coin_defender_attack":7,"coin_queued_attack_damage":2}	{}	{}	no	no
8	k3	22	189	23100220189	rl/results/engine_switch_rules_2026-10/carriers/alternates/hisuian_goodra.txt	f21212d6ef071322c22bdb1bc0a61639562a8bb6	decks/screen/opponents/t-vespiquen.txt	fb36fa1fe15cbacb8740ad1c1d5f2beb5f166dd0	58fc0b4cca86206d	3516fdd8ef70af68	yes	chase_order,decisions,first_deck_score,moves,points,turns,winner_seat	0	1	[3,2]	[1,4]	{"coin_cut_recorded":[57,70,83],"coin_queued_offered":[69,70,82,83],"coin_queued_offered_any":[69,70,82,83]}	{"coin_defender_attack":7,"coin_queued_attack_damage":2}	{}	{}	no	no
8	k3	22	193	23100220193	rl/results/engine_switch_rules_2026-10/carriers/alternates/hisuian_goodra.txt	f21212d6ef071322c22bdb1bc0a61639562a8bb6	decks/screen/opponents/t-vespiquen.txt	fb36fa1fe15cbacb8740ad1c1d5f2beb5f166dd0	6bca849d5905b85c	77cb8eeccb1f46b4	yes	abilities,chase_order,decisions,moves	1	1	[2,4]	[2,4]	{"coin_cut_recorded":[69,81,96,112,123],"coin_queued_offered":[111,112,122,123],"coin_queued_offered_any":[111,112,122,123]}	{"coin_defender_attack":7,"coin_queued_attack_damage":2}	{}	{}	no	no
8	k3	22	194	23100220194	rl/results/engine_switch_rules_2026-10/carriers/alternates/hisuian_goodra.txt	f21212d6ef071322c22bdb1bc0a61639562a8bb6	decks/screen/opponents/t-vespiquen.txt	fb36fa1fe15cbacb8740ad1c1d5f2beb5f166dd0	bf6f0a5f356041e4	fa0876bb85ca53d4	yes	abilities,chase_order,decisions,moves	0	0	[4,2]	[4,2]	{"coin_cut_recorded":[75,89,102],"coin_queued_offered":[74,75,88,89],"coin_queued_offered_any":[74,75,88,89]}	{"coin_defender_attack":7,"coin_queued_attack_damage":2}	{}	{"offgate_discard_then_damage":[60],"offgate_helper_by_mechanic":{"OptionalDiscardBenchedBasicForExtraDamage":[59,60]},"offgate_helper_choice":[59,60]}	no	no
8	k3	22	196	23100220196	rl/results/engine_switch_rules_2026-10/carriers/alternates/hisuian_goodra.txt	f21212d6ef071322c22bdb1bc0a61639562a8bb6	decks/screen/opponents/t-vespiquen.txt	fb36fa1fe15cbacb8740ad1c1d5f2beb5f166dd0	409165158ea59d1d	3278ca0c1c82d075	yes	chase_order,decisions,moves,turns	1	1	[0,3]	[0,3]	{"coin_cut_recorded":[70,81,95],"coin_queued_offered":[69,70,80,81,94,95],"coin_queued_offered_any":[69,70,80,81,94,95]}	{"coin_defender_attack":6,"coin_queued_attack_damage":3}	{}	{"offgate_helper_by_mechanic":{"OptionalDiscardBenchedBasicForExtraDamage":[56]},"offgate_helper_choice":[56]}	no	no
8	k3	22	198	23100220198	rl/results/engine_switch_rules_2026-10/carriers/alternates/hisuian_goodra.txt	f21212d6ef071322c22bdb1bc0a61639562a8bb6	decks/screen/opponents/t-vespiquen.txt	fb36fa1fe15cbacb8740ad1c1d5f2beb5f166dd0	e78d5e3bcc1a0135	671c87f74d4dfb37	yes	chase_order,decisions,moves	1	1	[0,3]	[0,3]	{"coin_cut_recorded":[77,90],"coin_queued_offered":[76,77],"coin_queued_offered_any":[76,77]}	{"coin_defender_attack":3,"coin_queued_attack_damage":1}	{}	{"offgate_helper_by_mechanic":{"OptionalDiscardBenchedBasicForExtraDamage":[48]},"offgate_helper_choice":[48]}	no	no
8	k3	22	200	23100220200	rl/results/engine_switch_rules_2026-10/carriers/alternates/hisuian_goodra.txt	f21212d6ef071322c22bdb1bc0a61639562a8bb6	decks/screen/opponents/t-vespiquen.txt	fb36fa1fe15cbacb8740ad1c1d5f2beb5f166dd0	5fdd608c42859b7c	745d21766efab097	yes	abilities,chase_order,decisions,first_deck_score,moves,points,turns,winner_seat	0	1	[4,2]	[2,3]	{"coin_cut_recorded":[70,87,102,112],"coin_queued_offered":[86,87],"coin_queued_offered_any":[86,87]}	{"coin_defender_attack":7,"coin_queued_attack_damage":1}	{}	{}	no	no
8	k3	22	201	23100220201	rl/results/engine_switch_rules_2026-10/carriers/alternates/hisuian_goodra.txt	f21212d6ef071322c22bdb1bc0a61639562a8bb6	decks/screen/opponents/t-vespiquen.txt	fb36fa1fe15cbacb8740ad1c1d5f2beb5f166dd0	96e79e0c04a9d9ec	4556a8e16eaa7904	yes	chase_order,decisions,moves	1	1	[1,4]	[1,4]	{"coin_cut_recorded":[39,52,65,97],"coin_queued_offered":[51,52,64,65],"coin_queued_offered_any":[51,52,64,65]}	{"coin_defender_attack":6,"coin_queued_attack_damage":2}	{}	{}	no	no
8	k3	22	202	23100220202	rl/results/engine_switch_rules_2026-10/carriers/alternates/hisuian_goodra.txt	f21212d6ef071322c22bdb1bc0a61639562a8bb6	decks/screen/opponents/t-vespiquen.txt	fb36fa1fe15cbacb8740ad1c1d5f2beb5f166dd0	8a257f809c926d77	60342bb0d07b0beb	yes	chase_order,decisions,moves	1	1	[2,3]	[2,3]	{"coin_cut_recorded":[97,109,121,135,149],"coin_queued_offered":[134,135,148,149],"coin_queued_offered_any":[134,135,148,149]}	{"coin_defender_attack":13,"coin_queued_attack_damage":2}	{}	{"offgate_helper_by_mechanic":{"OptionalDiscardBenchedBasicForExtraDamage":[163]},"offgate_helper_choice":[163]}	no	no
8	k3	22	203	23100220203	rl/results/engine_switch_rules_2026-10/carriers/alternates/hisuian_goodra.txt	f21212d6ef071322c22bdb1bc0a61639562a8bb6	decks/screen/opponents/t-vespiquen.txt	fb36fa1fe15cbacb8740ad1c1d5f2beb5f166dd0	8361b6b4ebecbb09	8ad8dcfd0c07d854	yes	moves	0	0	[3,0]	[3,0]	{"coin_cut_recorded":[30,40],"coin_queued_offered":[39,40],"coin_queued_offered_any":[39,40]}	{"coin_defender_attack":3,"coin_queued_attack_damage":1}	{}	{"offgate_discard_then_damage":[55,68],"offgate_helper_by_mechanic":{"OptionalDiscardBenchedBasicForExtraDamage":[54,55,67,68]},"offgate_helper_choice":[54,55,67,68]}	no	no
8	k3	22	206	23100220206	rl/results/engine_switch_rules_2026-10/carriers/alternates/hisuian_goodra.txt	f21212d6ef071322c22bdb1bc0a61639562a8bb6	decks/screen/opponents/t-vespiquen.txt	fb36fa1fe15cbacb8740ad1c1d5f2beb5f166dd0	26dc84a4a4a7f799	95f050de9c173748	yes	abilities,chase_order,decisions,moves,turns	1	1	[0,3]	[0,3]	{"coin_cut_recorded":[51,66],"coin_queued_offered":[50,51,65,66],"coin_queued_offered_any":[50,51,65,66]}	{"coin_defender_attack":7,"coin_queued_attack_damage":2}	{}	{"offgate_discard_then_damage":[82],"offgate_helper_by_mechanic":{"OptionalDiscardBenchedBasicForExtraDamage":[81,82]},"offgate_helper_choice":[81,82]}	no	no
8	k3	22	207	23100220207	rl/results/engine_switch_rules_2026-10/carriers/alternates/hisuian_goodra.txt	f21212d6ef071322c22bdb1bc0a61639562a8bb6	decks/screen/opponents/t-vespiquen.txt	fb36fa1fe15cbacb8740ad1c1d5f2beb5f166dd0	47aca149a50616d0	eb1a64ecf8687e0f	yes	abilities,chase_order,decisions,moves,turns	0	0	[3,0]	[3,0]	{"coin_cut_recorded":[81,94],"coin_queued_offered":[80,81],"coin_queued_offered_any":[80,81]}	{"coin_defender_attack":3,"coin_queued_attack_damage":1}	{}	{}	no	no
8	k3	22	208	23100220208	rl/results/engine_switch_rules_2026-10/carriers/alternates/hisuian_goodra.txt	f21212d6ef071322c22bdb1bc0a61639562a8bb6	decks/screen/opponents/t-vespiquen.txt	fb36fa1fe15cbacb8740ad1c1d5f2beb5f166dd0	e547ee5252e7e8c6	a36a86b7d16de7af	yes	abilities,chase_order,decisions,moves,points,turns	1	1	[2,3]	[0,3]	{"coin_cut_recorded":[42,56,68],"coin_queued_offered":[55,56,67,68],"coin_queued_offered_any":[55,56,67,68]}	{"coin_defender_attack":5,"coin_queued_attack_damage":2}	{}	{"offgate_discard_then_damage":[78,93],"offgate_helper_by_mechanic":{"OptionalDiscardBenchedBasicForExtraDamage":[77,78,92,93]},"offgate_helper_choice":[77,78,92,93]}	no	no
8	k3	22	209	23100220209	rl/results/engine_switch_rules_2026-10/carriers/alternates/hisuian_goodra.txt	f21212d6ef071322c22bdb1bc0a61639562a8bb6	decks/screen/opponents/t-vespiquen.txt	fb36fa1fe15cbacb8740ad1c1d5f2beb5f166dd0	811f8bf221e39066	7c4707b7761a15b5	yes	abilities,chase_order,decisions,moves,turns	1	1	[1,4]	[1,4]	{"coin_cut_recorded":[45,57,69,99],"coin_queued_offered":[44,45,56,57],"coin_queued_offered_any":[44,45,56,57]}	{"coin_defender_attack":8,"coin_queued_attack_damage":2}	{}	{"offgate_discard_then_damage":[87],"offgate_helper_by_mechanic":{"OptionalDiscardBenchedBasicForExtraDamage":[86,87]},"offgate_helper_choice":[86,87]}	no	no
8	k3	22	211	23100220211	rl/results/engine_switch_rules_2026-10/carriers/alternates/hisuian_goodra.txt	f21212d6ef071322c22bdb1bc0a61639562a8bb6	decks/screen/opponents/t-vespiquen.txt	fb36fa1fe15cbacb8740ad1c1d5f2beb5f166dd0	53ff65240ab8810f	19ff834d7bd2cc0f	yes	chase_order,decisions,moves	1	1	[2,4]	[2,4]	{"coin_cut_recorded":[44,57,70,86],"coin_queued_offered":[69,70,85,86],"coin_queued_offered_any":[69,70,85,86]}	{"coin_defender_attack":7,"coin_queued_attack_damage":2}	{}	{}	no	no
8	k3	22	214	23100220214	rl/results/engine_switch_rules_2026-10/carriers/alternates/hisuian_goodra.txt	f21212d6ef071322c22bdb1bc0a61639562a8bb6	decks/screen/opponents/t-vespiquen.txt	fb36fa1fe15cbacb8740ad1c1d5f2beb5f166dd0	70650fb6962f8985	b1b00dd09ab41951	yes	chase_order,decisions,moves	1	1	[0,3]	[0,3]	{"coin_cut_recorded":[70,80],"coin_queued_offered":[69,70],"coin_queued_offered_any":[69,70]}	{"coin_defender_attack":5,"coin_queued_attack_damage":1}	{}	{"offgate_helper_by_mechanic":{"OptionalDiscardBenchedBasicForExtraDamage":[45,58]},"offgate_helper_choice":[45,58]}	no	no
8	k3	22	215	23100220215	rl/results/engine_switch_rules_2026-10/carriers/alternates/hisuian_goodra.txt	f21212d6ef071322c22bdb1bc0a61639562a8bb6	decks/screen/opponents/t-vespiquen.txt	fb36fa1fe15cbacb8740ad1c1d5f2beb5f166dd0	f32b5253c9b5d62e	e554cdea4adaef66	yes	abilities,decisions,first_deck_score,moves,points,turns,winner_seat	1	0	[2,4]	[3,2]	{"coin_cut_recorded":[54,69],"coin_queued_offered":[53,54],"coin_queued_offered_any":[53,54]}	{"coin_defender_attack":6,"coin_queued_attack_damage":1}	{}	{"offgate_discard_then_damage":[37],"offgate_helper_by_mechanic":{"OptionalDiscardBenchedBasicForExtraDamage":[36,37]},"offgate_helper_choice":[36,37]}	no	no
8	k3	22	216	23100220216	rl/results/engine_switch_rules_2026-10/carriers/alternates/hisuian_goodra.txt	f21212d6ef071322c22bdb1bc0a61639562a8bb6	decks/screen/opponents/t-vespiquen.txt	fb36fa1fe15cbacb8740ad1c1d5f2beb5f166dd0	67eff67fbb689fbb	eb0df4a20ada9361	yes	chase_order,decisions,moves	1	1	[2,3]	[2,3]	{"coin_cut_recorded":[61,77],"coin_queued_offered":[76,77],"coin_queued_offered_any":[76,77]}	{"coin_defender_attack":3,"coin_queued_attack_damage":1}	{}	{"offgate_discard_then_damage":[88],"offgate_helper_by_mechanic":{"OptionalDiscardBenchedBasicForExtraDamage":[87,88]},"offgate_helper_choice":[87,88]}	no	no
8	k3	22	218	23100220218	rl/results/engine_switch_rules_2026-10/carriers/alternates/hisuian_goodra.txt	f21212d6ef071322c22bdb1bc0a61639562a8bb6	decks/screen/opponents/t-vespiquen.txt	fb36fa1fe15cbacb8740ad1c1d5f2beb5f166dd0	11e30b97503d066d	69209618aad3abe4	yes	abilities,chase_order,decisions,moves,points,turns	1	1	[0,3]	[2,3]	{"coin_cut_recorded":[38,55,67],"coin_queued_offered":[37,38,54,55],"coin_queued_offered_any":[37,38,54,55]}	{"coin_defender_attack":6,"coin_queued_attack_damage":2}	{}	{}	no	no
8	k3	22	222	23100220222	rl/results/engine_switch_rules_2026-10/carriers/alternates/hisuian_goodra.txt	f21212d6ef071322c22bdb1bc0a61639562a8bb6	decks/screen/opponents/t-vespiquen.txt	fb36fa1fe15cbacb8740ad1c1d5f2beb5f166dd0	36b7f189bb23ac18	1d03cbe6ecd67982	yes	abilities,decisions,moves,turns	1	1	[2,3]	[2,3]	{"coin_cut_recorded":[64,77,86],"coin_queued_offered":[63,64],"coin_queued_offered_any":[63,64]}	{"coin_defender_attack":6,"coin_queued_attack_damage":1}	{}	{"offgate_helper_by_mechanic":{"OptionalDiscardBenchedBasicForExtraDamage":[50]},"offgate_helper_choice":[50]}	no	no
8	k3	22	223	23100220223	rl/results/engine_switch_rules_2026-10/carriers/alternates/hisuian_goodra.txt	f21212d6ef071322c22bdb1bc0a61639562a8bb6	decks/screen/opponents/t-vespiquen.txt	fb36fa1fe15cbacb8740ad1c1d5f2beb5f166dd0	1d802a7c9d2ae6fb	8fdaad6c21641e10	yes	abilities,chase_order,decisions,moves,points,turns	0	0	[2,0]	[3,2]	{"coin_cut_recorded":[38,53,63],"coin_queued_offered":[37,38,52,53],"coin_queued_offered_any":[37,38,52,53]}	{"coin_defender_attack":5,"coin_queued_attack_damage":2}	{}	{}	no	no
8	k3	22	224	23100220224	rl/results/engine_switch_rules_2026-10/carriers/alternates/hisuian_goodra.txt	f21212d6ef071322c22bdb1bc0a61639562a8bb6	decks/screen/opponents/t-vespiquen.txt	fb36fa1fe15cbacb8740ad1c1d5f2beb5f166dd0	ce54f48e79c11075	1b456354439d143a	yes	chase_order,decisions,moves,points	1	1	[2,3]	[0,3]	{"coin_cut_recorded":[31,43,51,60,71],"coin_queued_offered":[70,71],"coin_queued_offered_any":[70,71]}	{"coin_defender_attack":8,"coin_queued_attack_damage":1}	{}	{"offgate_discard_then_damage":[83,98],"offgate_helper_by_mechanic":{"OptionalDiscardBenchedBasicForExtraDamage":[82,83,97,98]},"offgate_helper_choice":[82,83,97,98]}	no	no
8	k3	22	226	23100220226	rl/results/engine_switch_rules_2026-10/carriers/alternates/hisuian_goodra.txt	f21212d6ef071322c22bdb1bc0a61639562a8bb6	decks/screen/opponents/t-vespiquen.txt	fb36fa1fe15cbacb8740ad1c1d5f2beb5f166dd0	ac55e60c419abb65	2853ff85e4257f81	yes	moves	0	0	[2,0]	[2,0]	{"coin_cut_recorded":[42,51],"coin_queued_offered":[41,42],"coin_queued_offered_any":[41,42]}	{"coin_defender_attack":3,"coin_queued_attack_damage":1}	{}	{}	no	no
8	k3	22	228	23100220228	rl/results/engine_switch_rules_2026-10/carriers/alternates/hisuian_goodra.txt	f21212d6ef071322c22bdb1bc0a61639562a8bb6	decks/screen/opponents/t-vespiquen.txt	fb36fa1fe15cbacb8740ad1c1d5f2beb5f166dd0	93f42e012c732ff6	eb85e8cfdb6b8694	yes	chase_order,decisions,moves	1	1	[2,3]	[2,3]	{"coin_cut_recorded":[49,62,78],"coin_queued_offered":[61,62,77,78],"coin_queued_offered_any":[61,62,77,78]}	{"coin_defender_attack":9,"coin_queued_attack_damage":2}	{}	{"offgate_helper_by_mechanic":{"OptionalDiscardBenchedBasicForExtraDamage":[96]},"offgate_helper_choice":[96]}	no	no
8	k3	22	230	23100220230	rl/results/engine_switch_rules_2026-10/carriers/alternates/hisuian_goodra.txt	f21212d6ef071322c22bdb1bc0a61639562a8bb6	decks/screen/opponents/t-vespiquen.txt	fb36fa1fe15cbacb8740ad1c1d5f2beb5f166dd0	2bbbdce0a5154227	60929d76b4da3377	yes	chase_order,decisions,moves,turns	1	1	[2,3]	[2,3]	{"coin_cut_recorded":[78,95],"coin_queued_offered":[77,78,94,95],"coin_queued_offered_any":[77,78,94,95]}	{"coin_defender_attack":7,"coin_queued_attack_damage":2}	{}	{"offgate_helper_by_mechanic":{"OptionalDiscardBenchedBasicForExtraDamage":[64]},"offgate_helper_choice":[64]}	no	no
8	k3	22	231	23100220231	rl/results/engine_switch_rules_2026-10/carriers/alternates/hisuian_goodra.txt	f21212d6ef071322c22bdb1bc0a61639562a8bb6	decks/screen/opponents/t-vespiquen.txt	fb36fa1fe15cbacb8740ad1c1d5f2beb5f166dd0	f9b1a1a2550a1dee	6fbbae1b048d8234	yes	decisions,moves	0	0	[3,0]	[3,0]	{"coin_cut_recorded":[52,66],"coin_queued_offered":[51,52,65,66],"coin_queued_offered_any":[51,52,65,66]}	{"coin_defender_attack":6,"coin_queued_attack_damage":2}	{}	{"offgate_helper_by_mechanic":{"OptionalDiscardBenchedBasicForExtraDamage":[36,77]},"offgate_helper_choice":[36,77]}	no	no
8	k3	22	232	23100220232	rl/results/engine_switch_rules_2026-10/carriers/alternates/hisuian_goodra.txt	f21212d6ef071322c22bdb1bc0a61639562a8bb6	decks/screen/opponents/t-vespiquen.txt	fb36fa1fe15cbacb8740ad1c1d5f2beb5f166dd0	c28271224c9a3c36	9df65e5e65c0e199	yes	chase_order,decisions,moves	1	1	[0,3]	[0,3]	{"coin_cut_recorded":[53,67],"coin_queued_offered":[52,53,66,67],"coin_queued_offered_any":[52,53,66,67]}	{"coin_defender_attack":5,"coin_queued_attack_damage":2}	{}	{"offgate_helper_by_mechanic":{"OptionalDiscardBenchedBasicForExtraDamage":[76,88]},"offgate_helper_choice":[76,88]}	no	no
8	k3	22	233	23100220233	rl/results/engine_switch_rules_2026-10/carriers/alternates/hisuian_goodra.txt	f21212d6ef071322c22bdb1bc0a61639562a8bb6	decks/screen/opponents/t-vespiquen.txt	fb36fa1fe15cbacb8740ad1c1d5f2beb5f166dd0	e7b59451d173aea5	c93e78cec8dca8b3	yes	chase_order,decisions,moves	0	0	[3,0]	[3,0]	{"coin_cut_recorded":[77,89],"coin_queued_offered":[76,77,88,89],"coin_queued_offered_any":[76,77,88,89]}	{"coin_defender_attack":8,"coin_queued_attack_damage":2}	{}	{"offgate_helper_by_mechanic":{"OptionalDiscardBenchedBasicForExtraDamage":[64]},"offgate_helper_choice":[64]}	no	no
8	k3	22	236	23100220236	rl/results/engine_switch_rules_2026-10/carriers/alternates/hisuian_goodra.txt	f21212d6ef071322c22bdb1bc0a61639562a8bb6	decks/screen/opponents/t-vespiquen.txt	fb36fa1fe15cbacb8740ad1c1d5f2beb5f166dd0	1829126d738939c3	9e08e2339d4e35d0	yes	chase_order,decisions,first_deck_score,moves,points,turns,winner_seat	1	0	[2,3]	[4,2]	{"coin_cut_recorded":[63,74,86,97],"coin_queued_offered":[85,86,96,97],"coin_queued_offered_any":[85,86,96,97]}	{"coin_defender_attack":6,"coin_queued_attack_damage":2}	{}	{}	no	no
8	k3	22	238	23100220238	rl/results/engine_switch_rules_2026-10/carriers/alternates/hisuian_goodra.txt	f21212d6ef071322c22bdb1bc0a61639562a8bb6	decks/screen/opponents/t-vespiquen.txt	fb36fa1fe15cbacb8740ad1c1d5f2beb5f166dd0	c3475a869c1ad7f5	4737fedd80a90dc5	yes	chase_order,decisions,moves	1	1	[0,3]	[0,3]	{"coin_cut_recorded":[76,85],"coin_queued_offered":[75,76,84,85],"coin_queued_offered_any":[75,76,84,85]}	{"coin_defender_attack":7,"coin_queued_attack_damage":2}	{}	{"offgate_helper_by_mechanic":{"OptionalDiscardBenchedBasicForExtraDamage":[63]},"offgate_helper_choice":[63]}	no	no
8	k3	22	239	23100220239	rl/results/engine_switch_rules_2026-10/carriers/alternates/hisuian_goodra.txt	f21212d6ef071322c22bdb1bc0a61639562a8bb6	decks/screen/opponents/t-vespiquen.txt	fb36fa1fe15cbacb8740ad1c1d5f2beb5f166dd0	f0627620376a7bc9	69269b8676d652cc	yes	abilities,decisions,moves,points,turns	0	0	[3,0]	[3,2]	{"coin_cut_recorded":[71,93,105,116],"coin_queued_offered":[70,71],"coin_queued_offered_any":[70,71]}	{"coin_defender_attack":9,"coin_queued_attack_damage":1}	{}	{"offgate_discard_then_damage":[53],"offgate_helper_by_mechanic":{"OptionalDiscardBenchedBasicForExtraDamage":[52,53,131]},"offgate_helper_choice":[52,53,131]}	no	no
8	k3	22	241	23100220241	rl/results/engine_switch_rules_2026-10/carriers/alternates/hisuian_goodra.txt	f21212d6ef071322c22bdb1bc0a61639562a8bb6	decks/screen/opponents/t-vespiquen.txt	fb36fa1fe15cbacb8740ad1c1d5f2beb5f166dd0	4d03ed15f643ab78	4c8b5e7f0fd8db68	yes	chase_order,decisions,moves	0	0	[3,1]	[3,1]	{"coin_cut_recorded":[89,103],"coin_queued_offered":[102,103],"coin_queued_offered_any":[102,103]}	{"coin_defender_attack":5,"coin_queued_attack_damage":1}	{}	{}	no	no
8	k3	22	242	23100220242	rl/results/engine_switch_rules_2026-10/carriers/alternates/hisuian_goodra.txt	f21212d6ef071322c22bdb1bc0a61639562a8bb6	decks/screen/opponents/t-vespiquen.txt	fb36fa1fe15cbacb8740ad1c1d5f2beb5f166dd0	8ece70e528bf1411	1d25a546750c4eba	yes	decisions,moves	1	1	[0,3]	[0,3]	{"coin_cut_recorded":[68,77],"coin_queued_offered":[67,68],"coin_queued_offered_any":[67,68]}	{"coin_defender_attack":5,"coin_queued_attack_damage":1}	{}	{"offgate_discard_then_damage":[40],"offgate_helper_by_mechanic":{"OptionalDiscardBenchedBasicForExtraDamage":[39,40,55]},"offgate_helper_choice":[39,40,55]}	no	no
8	k3	22	243	23100220243	rl/results/engine_switch_rules_2026-10/carriers/alternates/hisuian_goodra.txt	f21212d6ef071322c22bdb1bc0a61639562a8bb6	decks/screen/opponents/t-vespiquen.txt	fb36fa1fe15cbacb8740ad1c1d5f2beb5f166dd0	7b88e8c42004c5eb	7ea5ecdf80974d4f	yes	abilities,chase_order,decisions,first_deck_score,moves,points,turns,winner_seat	0	1	[3,0]	[2,2]	{"coin_cut_recorded":[44,58,70],"coin_queued_offered":[43,44,57,58,69,70],"coin_queued_offered_any":[43,44,57,58,69,70]}	{"coin_defender_attack":8,"coin_queued_attack_damage":3}	{}	{"offgate_discard_then_damage":[88],"offgate_helper_by_mechanic":{"OptionalDiscardBenchedBasicForExtraDamage":[87,88]},"offgate_helper_choice":[87,88]}	no	no
8	k3	22	246	23100220246	rl/results/engine_switch_rules_2026-10/carriers/alternates/hisuian_goodra.txt	f21212d6ef071322c22bdb1bc0a61639562a8bb6	decks/screen/opponents/t-vespiquen.txt	fb36fa1fe15cbacb8740ad1c1d5f2beb5f166dd0	8814a0e6851c84b5	f5fe0b7257bc79c2	yes	chase_order,decisions,moves	1	1	[0,3]	[0,3]	{"coin_cut_recorded":[80,92],"coin_queued_offered":[79,80,91,92],"coin_queued_offered_any":[79,80,91,92]}	{"coin_defender_attack":5,"coin_queued_attack_damage":2}	{}	{}	no	no
8	k3	22	247	23100220247	rl/results/engine_switch_rules_2026-10/carriers/alternates/hisuian_goodra.txt	f21212d6ef071322c22bdb1bc0a61639562a8bb6	decks/screen/opponents/t-vespiquen.txt	fb36fa1fe15cbacb8740ad1c1d5f2beb5f166dd0	7cb9c488752635b7	8e8f616674e3a6ff	yes	chase_order,decisions,moves	0	0	[3,0]	[3,0]	{"coin_cut_recorded":[70,80],"coin_queued_offered":[69,70,79,80],"coin_queued_offered_any":[69,70,79,80]}	{"coin_defender_attack":6,"coin_queued_attack_damage":2}	{}	{"offgate_discard_then_damage":[52],"offgate_helper_by_mechanic":{"OptionalDiscardBenchedBasicForExtraDamage":[38,51,52]},"offgate_helper_choice":[38,51,52]}	no	no
8	k3	22	248	23100220248	rl/results/engine_switch_rules_2026-10/carriers/alternates/hisuian_goodra.txt	f21212d6ef071322c22bdb1bc0a61639562a8bb6	decks/screen/opponents/t-vespiquen.txt	fb36fa1fe15cbacb8740ad1c1d5f2beb5f166dd0	c836fe1f1e566354	4aae03834df45f0a	yes	abilities,chase_order,decisions,moves,points,turns	1	1	[0,3]	[2,3]	{"coin_cut_recorded":[48,60,73,87],"coin_queued_offered":[59,60,72,73,86,87],"coin_queued_offered_any":[59,60,72,73,86,87]}	{"coin_defender_attack":9,"coin_queued_attack_damage":3}	{}	{}	no	no
8	k3	22	249	23100220249	rl/results/engine_switch_rules_2026-10/carriers/alternates/hisuian_goodra.txt	f21212d6ef071322c22bdb1bc0a61639562a8bb6	decks/screen/opponents/t-vespiquen.txt	fb36fa1fe15cbacb8740ad1c1d5f2beb5f166dd0	c202f885ab5a0a38	c823581f898ab055	yes	abilities,chase_order,decisions,moves	1	1	[1,4]	[1,4]	{"coin_cut_recorded":[54,85],"coin_queued_offered":[84,85],"coin_queued_offered_any":[84,85]}	{"coin_defender_attack":4,"coin_queued_attack_damage":1}	{}	{}	no	no
8	k3	31	12	23100310012	rl/results/engine_switch_rules_2026-10/carriers/alternates/houndoom_victini.txt	e78530111c591a249bfad650781a1890e280c32b	decks/screen/opponents/t-weezing.txt	54e9e222b4bd1f3670f39f5c6779c3950b88a362	b2db9a66f250b772	6a947a5ad9c66463	yes	decisions,moves	1	1	[2,3]	[2,3]	{"vs_confused_choice_chosen":[45],"vs_confused_choice_offered":[45],"vs_confusion_first_built":[33,44]}	{"vs_confused_attack":2}	{"first":45,"n":1}	{}	no	no
8	k3	31	74	23100310074	rl/results/engine_switch_rules_2026-10/carriers/alternates/houndoom_victini.txt	e78530111c591a249bfad650781a1890e280c32b	decks/screen/opponents/t-weezing.txt	54e9e222b4bd1f3670f39f5c6779c3950b88a362	71be0fdd58c562fc	968dc6209e3a10a8	yes	decisions,moves	1	1	[2,4]	[2,4]	{"vs_confused_choice_chosen":[60],"vs_confused_choice_offered":[60],"vs_confusion_first_built":[59]}	{"vs_confused_attack":1}	{"first":60,"n":1}	{}	no	no
8	k3	31	81	23100310081	rl/results/engine_switch_rules_2026-10/carriers/alternates/houndoom_victini.txt	e78530111c591a249bfad650781a1890e280c32b	decks/screen/opponents/t-weezing.txt	54e9e222b4bd1f3670f39f5c6779c3950b88a362	e52ea52506045d1a	425b1f6f8b09f840	yes	decisions,moves	1	1	[2,3]	[2,3]	{"vs_confused_choice_chosen":[72],"vs_confused_choice_offered":[72],"vs_confusion_first_built":[61,71]}	{"vs_confused_attack":2}	{"first":72,"n":1}	{}	no	no
8	k3	31	114	23100310114	rl/results/engine_switch_rules_2026-10/carriers/alternates/houndoom_victini.txt	e78530111c591a249bfad650781a1890e280c32b	decks/screen/opponents/t-weezing.txt	54e9e222b4bd1f3670f39f5c6779c3950b88a362	84899cee35b2dc77	4ff3e983231ac7a8	yes	decisions,moves	1	1	[0,4]	[0,4]	{"vs_confused_choice_chosen":[68],"vs_confused_choice_offered":[68],"vs_confusion_first_built":[57,67]}	{"vs_confused_attack":2}	{"first":68,"n":1}	{}	no	no
8	k3	31	121	23100310121	rl/results/engine_switch_rules_2026-10/carriers/alternates/houndoom_victini.txt	e78530111c591a249bfad650781a1890e280c32b	decks/screen/opponents/t-weezing.txt	54e9e222b4bd1f3670f39f5c6779c3950b88a362	16492729b6e20dbb	519d36cc23fef59a	yes	decisions,moves	0	0	[4,0]	[4,0]	{"vs_confusion_first_built":[68]}	{"vs_confused_attack":1}	{}	{}	no	no
8	k3	31	127	23100310127	rl/results/engine_switch_rules_2026-10/carriers/alternates/houndoom_victini.txt	e78530111c591a249bfad650781a1890e280c32b	decks/screen/opponents/t-weezing.txt	54e9e222b4bd1f3670f39f5c6779c3950b88a362	a1ac512d0f97e741	ce75529d21e44e7f	yes	decisions,moves,points,turns	0	0	[4,0]	[4,2]	{"vs_confused_choice_chosen":[54,86],"vs_confused_choice_offered":[54,86],"vs_confusion_first_built":[53,72,85]}	{"vs_confused_attack":3}	{"first":54,"n":2}	{}	no	no
8	k3	31	173	23100310173	rl/results/engine_switch_rules_2026-10/carriers/alternates/houndoom_victini.txt	e78530111c591a249bfad650781a1890e280c32b	decks/screen/opponents/t-weezing.txt	54e9e222b4bd1f3670f39f5c6779c3950b88a362	337c28ec3b25a74b	f53e6faa3f3b8771	yes	decisions,moves	0	0	[4,2]	[4,2]	{"vs_confused_choice_chosen":[55],"vs_confused_choice_offered":[55],"vs_confusion_first_built":[54]}	{"vs_confused_attack":1}	{"first":55,"n":1}	{}	no	no
8	k3	31	176	23100310176	rl/results/engine_switch_rules_2026-10/carriers/alternates/houndoom_victini.txt	e78530111c591a249bfad650781a1890e280c32b	decks/screen/opponents/t-weezing.txt	54e9e222b4bd1f3670f39f5c6779c3950b88a362	f2101d15c5311ec2	1f677e91ccdc93a7	yes	decisions,moves	1	1	[0,3]	[0,3]	{"vs_confused_choice_chosen":[44],"vs_confused_choice_offered":[44],"vs_confusion_first_built":[43]}	{"vs_confused_attack":1}	{"first":44,"n":1}	{}	no	no
8	k3	31	180	23100310180	rl/results/engine_switch_rules_2026-10/carriers/alternates/houndoom_victini.txt	e78530111c591a249bfad650781a1890e280c32b	decks/screen/opponents/t-weezing.txt	54e9e222b4bd1f3670f39f5c6779c3950b88a362	9aa697b6f107f096	fca2176b99d227a3	yes	decisions,moves	1	1	[2,4]	[2,4]	{"vs_confused_choice_chosen":[73,85],"vs_confused_choice_offered":[73,85],"vs_confusion_first_built":[72,84]}	{"vs_confused_attack":2}	{"first":73,"n":2}	{}	no	no
8	k3	31	189	23100310189	rl/results/engine_switch_rules_2026-10/carriers/alternates/houndoom_victini.txt	e78530111c591a249bfad650781a1890e280c32b	decks/screen/opponents/t-weezing.txt	54e9e222b4bd1f3670f39f5c6779c3950b88a362	dbf654a4402b0cc3	bc74af559dfee3ec	yes	decisions,first_deck_score,moves,points,turns,winner_seat	0	1	[4,2]	[1,4]	{"vs_confused_choice_chosen":[79],"vs_confused_choice_offered":[79],"vs_confusion_first_built":[78]}	{"vs_confused_attack":1}	{"first":79,"n":1}	{}	no	no
8	k3	31	190	23100310190	rl/results/engine_switch_rules_2026-10/carriers/alternates/houndoom_victini.txt	e78530111c591a249bfad650781a1890e280c32b	decks/screen/opponents/t-weezing.txt	54e9e222b4bd1f3670f39f5c6779c3950b88a362	76c53953333f0ef0	c3ec046ce29fa761	yes	decisions,moves	0	0	[4,2]	[4,2]	{"vs_confused_choice_chosen":[66,81],"vs_confused_choice_offered":[66,81],"vs_confusion_first_built":[65,80]}	{"vs_confused_attack":2}	{"first":66,"n":2}	{}	no	no
8	k3	31	240	23100310240	rl/results/engine_switch_rules_2026-10/carriers/alternates/houndoom_victini.txt	e78530111c591a249bfad650781a1890e280c32b	decks/screen/opponents/t-weezing.txt	54e9e222b4bd1f3670f39f5c6779c3950b88a362	3a750c08ca252a6b	a88678d9e29d2e80	yes	decisions,moves	1	1	[0,5]	[0,5]	{"vs_confused_choice_chosen":[78],"vs_confused_choice_offered":[78],"vs_confusion_first_built":[77]}	{"vs_confused_attack":1}	{"first":78,"n":1}	{}	no	no
