step	bot	pairing	i	kind	k	verdict_8c	verdict_v2	changed	coin_v1	coin_v2	vs	counters	v2_path
8	km3	1	0	state	17	ON THE BOARD	ON THE BOARD	no				{"coin_queued_offered": [17], "coin_queued_offered_any": [17]}	
8	km3	1	3	lookahead	26	LOOKAHEAD ONLY, both halves hold	LOOKAHEAD ONLY, both halves hold	no	{"cut": null, "free": true, "queued": 1}	{"cut": null, "free": true, "queued": 1, "truncated": false}	{"built": null}	{}	Attack(Attack { energy_required: [Fire], title: "Tongue Whip", fixed_damage: 0, effect:...
8	km3	1	4	lookahead	53	LOOKAHEAD ONLY, both halves hold	LOOKAHEAD ONLY, both halves hold	no	{"cut": null, "free": false, "queued": 2}	{"cut": null, "free": false, "queued": 2, "truncated": false}	{"built": null}	{}	Retreat(3) ; Attack(Attack { energy_required: [Fire], title: "Tongue Whip", fixed_damage: 0, effect:...
8	km3	1	10	lookahead	43	LOOKAHEAD ONLY, both halves hold	LOOKAHEAD ONLY, both halves hold	no	{"cut": null, "free": false, "queued": 2}	{"cut": null, "free": false, "queued": 2, "truncated": false}	{"built": null}	{}	Retreat(1) ; Attack(Attack { energy_required: [Fire], title: "Tongue Whip", fixed_damage: 0, effect:...
8	km3	1	13	lookahead	48	LOOKAHEAD ONLY, both halves hold	LOOKAHEAD ONLY, both halves hold	no	{"cut": null, "free": true, "queued": 2}	{"cut": null, "free": true, "queued": 2, "truncated": false}	{"built": null}	{}	Retreat(2) ; Attack(Attack { energy_required: [Fire], title: "Tongue Whip", fixed_damage: 0, effect:...
8	km3	1	29	state	14	ON THE BOARD	ON THE BOARD	no				{"coin_queued_offered": [14], "coin_queued_offered_any": [14]}	
8	km3	1	30	lookahead	49	LOOKAHEAD ONLY, both halves hold	LOOKAHEAD ONLY, both halves hold	no	{"cut": null, "free": false, "queued": 2}	{"cut": null, "free": false, "queued": 2, "truncated": false}	{"built": null}	{}	Retreat(2) ; Attack(Attack { energy_required: [Fire], title: "Tongue Whip", fixed_damage: 0, effect:...
8	km3	1	32	state	32	ON THE BOARD	ON THE BOARD	no				{"coin_queued_offered": [32], "coin_queued_offered_any": [32]}	
8	km3	1	35	lookahead	13	LOOKAHEAD ONLY, both halves hold	LOOKAHEAD ONLY, both halves hold	no	{"cut": null, "free": true, "queued": 1}	{"cut": null, "free": true, "queued": 1, "truncated": false}	{"built": null}	{}	Attack(Attack { energy_required: [Fire], title: "Tongue Whip", fixed_damage: 0, effect:...
8	km3	1	36	state	15	ON THE BOARD	ON THE BOARD	no				{"coin_queued_offered": [15], "coin_queued_offered_any": [15]}	
8	km3	1	47	lookahead	13	LOOKAHEAD ONLY, both halves hold	LOOKAHEAD ONLY, both halves hold	no	{"cut": null, "free": true, "queued": 2}	{"cut": null, "free": true, "queued": 2, "truncated": false}	{"built": null}	{}	Attach { attachments: [(1, Fire, 0)], is_turn_energy: true } ; Attack(Attack { energy_required: [Fire], title: "Tongue Whip", fixed_damage: 0, effect:...
8	km3	1	50	lookahead	41	LOOKAHEAD ONLY, both halves hold	LOOKAHEAD ONLY, both halves hold	no	{"cut": null, "free": false, "queued": 2}	{"cut": null, "free": false, "queued": 2, "truncated": false}	{"built": null}	{}	Retreat(2) ; Attack(Attack { energy_required: [Fire], title: "Tongue Whip", fixed_damage: 0, effect:...
8	km3	1	55	state	22	ON THE BOARD	ON THE BOARD	no				{"coin_queued_offered": [22], "coin_queued_offered_any": [22]}	
8	km3	1	57	state	28	ON THE BOARD	ON THE BOARD	no				{"coin_queued_offered": [28], "coin_queued_offered_any": [28]}	
8	km3	1	59	state	29	ON THE BOARD	ON THE BOARD	no				{"coin_queued_offered": [29], "coin_queued_offered_any": [29]}	
8	km3	1	60	state	64	ON THE BOARD	ON THE BOARD	no				{"coin_queued_offered": [64], "coin_queued_offered_any": [64]}	
8	km3	1	61	lookahead	71	LOOKAHEAD ONLY, both halves hold	LOOKAHEAD ONLY, both halves hold	no	{"cut": null, "free": true, "queued": 3}	{"cut": null, "free": true, "queued": 3, "truncated": false}	{"built": null}	{}	Attach { attachments: [(1, Fire, 2)], is_turn_energy: true } ; Retreat(2) ; Attack(Attack { energy_required: [Fire], title: "Tongue Whip", fixed_damage: 0, effect:...
8	km3	1	66	lookahead	41	LOOKAHEAD ONLY, both halves hold	LOOKAHEAD ONLY, both halves hold	no	{"cut": null, "free": true, "queued": 3}	{"cut": null, "free": true, "queued": 3, "truncated": false}	{"built": null}	{}	Attach { attachments: [(1, Fire, 2)], is_turn_energy: true } ; Retreat(2) ; Attack(Attack { energy_required: [Fire], title: "Tongue Whip", fixed_damage: 0, effect:...
8	km3	1	74	lookahead	18	LOOKAHEAD ONLY, both halves hold	LOOKAHEAD ONLY, both halves hold	no	{"cut": null, "free": true, "queued": 2}	{"cut": null, "free": true, "queued": 2, "truncated": false}	{"built": null}	{}	Attach { attachments: [(1, Fire, 0)], is_turn_energy: true } ; Attack(Attack { energy_required: [Fire], title: "Tongue Whip", fixed_damage: 0, effect:...
8	km3	1	75	state	14	ON THE BOARD	ON THE BOARD	no				{"coin_queued_offered": [14], "coin_queued_offered_any": [14]}	
8	km3	1	76	state	59	ON THE BOARD	ON THE BOARD	no				{"coin_queued_offered": [59], "coin_queued_offered_any": [59]}	
8	km3	1	79	lookahead	38	LOOKAHEAD ONLY, both halves hold	LOOKAHEAD ONLY, both halves hold	no	{"cut": null, "free": true, "queued": 1}	{"cut": null, "free": true, "queued": 1, "truncated": false}	{"built": null}	{}	Attack(Attack { energy_required: [Fire], title: "Tongue Whip", fixed_damage: 0, effect:...
8	km3	1	87	state	41	ON THE BOARD	ON THE BOARD	no				{"coin_queued_offered": [41], "coin_queued_offered_any": [41]}	
8	km3	1	96	lookahead	68	LOOKAHEAD ONLY, both halves hold	LOOKAHEAD ONLY, both halves hold	no	{"cut": null, "free": false, "queued": 2}	{"cut": null, "free": false, "queued": 2, "truncated": false}	{"built": null}	{}	Retreat(3) ; Attack(Attack { energy_required: [Fire], title: "Tongue Whip", fixed_damage: 0, effect:...
8	km3	1	101	state	29	ON THE BOARD	ON THE BOARD	no				{"coin_queued_offered": [29], "coin_queued_offered_any": [29]}	
8	km3	1	115	lookahead	71	LOOKAHEAD ONLY, both halves hold	LOOKAHEAD ONLY, both halves hold	no	{"cut": null, "free": true, "queued": 1}	{"cut": null, "free": true, "queued": 1, "truncated": false}	{"built": null}	{}	Attack(Attack { energy_required: [Fire], title: "Tongue Whip", fixed_damage: 0, effect:...
8	km3	1	116	state	41	ON THE BOARD	ON THE BOARD	no				{"coin_queued_offered": [41], "coin_queued_offered_any": [41]}	
8	km3	1	121	state	26	ON THE BOARD	ON THE BOARD	no				{"coin_queued_offered": [26], "coin_queued_offered_any": [26]}	
8	km3	1	124	state	76	ON THE BOARD	ON THE BOARD	no				{"coin_queued_offered": [76], "coin_queued_offered_any": [76]}	
8	km3	1	127	lookahead	59	LOOKAHEAD ONLY, both halves hold	LOOKAHEAD ONLY, both halves hold	no	{"cut": null, "free": false, "queued": 2}	{"cut": null, "free": false, "queued": 2, "truncated": false}	{"built": null}	{}	Retreat(3) ; Attack(Attack { energy_required: [Fire], title: "Tongue Whip", fixed_damage: 0, effect:...
8	km3	1	131	lookahead	83	LOOKAHEAD ONLY, both halves hold	LOOKAHEAD ONLY, both halves hold	no	{"cut": null, "free": true, "queued": 3}	{"cut": null, "free": true, "queued": 3, "truncated": false}	{"built": null}	{}	Attach { attachments: [(1, Fire, 1)], is_turn_energy: true } ; Retreat(1) ; Attack(Attack { energy_required: [Fire], title: "Tongue Whip", fixed_damage: 0, effect:...
8	km3	1	133	state	48	ON THE BOARD	ON THE BOARD	no				{"coin_queued_offered": [48], "coin_queued_offered_any": [48]}	
8	km3	1	134	lookahead	69	LOOKAHEAD ONLY, both halves hold	LOOKAHEAD ONLY, both halves hold	no	{"cut": null, "free": false, "queued": 2}	{"cut": null, "free": false, "queued": 2, "truncated": false}	{"built": null}	{}	Retreat(2) ; Attack(Attack { energy_required: [Fire], title: "Tongue Whip", fixed_damage: 0, effect:...
8	km3	1	135	state	24	ON THE BOARD	ON THE BOARD	no				{"coin_queued_offered": [24], "coin_queued_offered_any": [24]}	
8	km3	1	136	lookahead	67	LOOKAHEAD ONLY, both halves hold	LOOKAHEAD ONLY, both halves hold	no	{"cut": null, "free": false, "queued": 1}	{"cut": null, "free": false, "queued": 1, "truncated": false}	{"built": null}	{}	Attack(Attack { energy_required: [Fire], title: "Tongue Whip", fixed_damage: 0, effect:...
8	km3	1	139	lookahead	10	LOOKAHEAD ONLY, both halves hold	LOOKAHEAD ONLY, both halves hold	no	{"cut": null, "free": true, "queued": 2}	{"cut": null, "free": true, "queued": 2, "truncated": false}	{"built": null}	{}	Attach { attachments: [(1, Fire, 0)], is_turn_energy: true } ; Attack(Attack { energy_required: [Fire], title: "Tongue Whip", fixed_damage: 0, effect:...
8	km3	1	140	state	22	ON THE BOARD	ON THE BOARD	no				{"coin_queued_offered": [22], "coin_queued_offered_any": [22]}	
8	km3	1	141	state	94	ON THE BOARD	ON THE BOARD	no				{"coin_queued_offered": [94], "coin_queued_offered_any": [94]}	
8	km3	1	144	lookahead	38	LOOKAHEAD ONLY, both halves hold	LOOKAHEAD ONLY, both halves hold	no	{"cut": null, "free": true, "queued": 2}	{"cut": null, "free": true, "queued": 2, "truncated": false}	{"built": null}	{}	Play { trainer_card: B1 217 Flame Patch } ; Attack(Attack { energy_required: [Fire], title: "Tongue Whip", fixed_damage: 0, effect:...
8	km3	1	146	lookahead	15	LOOKAHEAD ONLY, both halves hold	LOOKAHEAD ONLY, both halves hold	no	{"cut": null, "free": true, "queued": 2}	{"cut": null, "free": true, "queued": 2, "truncated": false}	{"built": null}	{}	Attach { attachments: [(1, Fire, 0)], is_turn_energy: true } ; Attack(Attack { energy_required: [Fire], title: "Tongue Whip", fixed_damage: 0, effect:...
8	km3	1	151	state	24	ON THE BOARD	ON THE BOARD	no				{"coin_queued_offered": [24], "coin_queued_offered_any": [24]}	
8	km3	1	152	state	23	ON THE BOARD	ON THE BOARD	no				{"coin_queued_offered": [23], "coin_queued_offered_any": [23]}	
8	km3	1	154	state	69	ON THE BOARD	ON THE BOARD	no				{"coin_queued_offered": [69], "coin_queued_offered_any": [69]}	
8	km3	1	160	state	15	ON THE BOARD	ON THE BOARD	no				{"coin_queued_offered": [15], "coin_queued_offered_any": [15]}	
8	km3	1	165	state	63	ON THE BOARD	ON THE BOARD	no				{"coin_queued_offered": [63], "coin_queued_offered_any": [63]}	
8	km3	1	166	state	19	ON THE BOARD	ON THE BOARD	no				{"coin_queued_offered": [19], "coin_queued_offered_any": [19]}	
8	km3	1	173	lookahead	109	LOOKAHEAD ONLY, both halves hold	LOOKAHEAD ONLY, both halves hold	no	{"cut": null, "free": false, "queued": 2}	{"cut": null, "free": false, "queued": 2, "truncated": false}	{"built": null}	{}	Retreat(3) ; Attack(Attack { energy_required: [Fire], title: "Tongue Whip", fixed_damage: 0, effect:...
8	km3	1	179	state	73	ON THE BOARD	ON THE BOARD	no				{"coin_queued_offered": [73], "coin_queued_offered_any": [73]}	
8	km3	1	181	state	59	ON THE BOARD	ON THE BOARD	no				{"coin_queued_offered": [59], "coin_queued_offered_any": [59]}	
8	km3	1	184	state	22	ON THE BOARD	ON THE BOARD	no				{"coin_queued_offered": [22], "coin_queued_offered_any": [22]}	
8	km3	1	187	lookahead	114	LOOKAHEAD ONLY, both halves hold	LOOKAHEAD ONLY, both halves hold	no	{"cut": null, "free": false, "queued": 1}	{"cut": null, "free": false, "queued": 1, "truncated": false}	{"built": null}	{}	Attack(Attack { energy_required: [Fire], title: "Tongue Whip", fixed_damage: 0, effect:...
8	km3	1	189	state	33	ON THE BOARD	ON THE BOARD	no				{"coin_queued_offered": [33], "coin_queued_offered_any": [33]}	
8	km3	1	191	state	20	ON THE BOARD	ON THE BOARD	no				{"coin_queued_offered": [20], "coin_queued_offered_any": [20]}	
8	km3	1	192	lookahead	107	LOOKAHEAD ONLY, both halves hold	LOOKAHEAD ONLY, both halves hold	no	{"cut": null, "free": false, "queued": 1}	{"cut": null, "free": false, "queued": 1, "truncated": false}	{"built": null}	{}	Attack(Attack { energy_required: [Fire], title: "Tongue Whip", fixed_damage: 0, effect:...
8	km3	1	197	lookahead	93	LOOKAHEAD ONLY, both halves hold	LOOKAHEAD ONLY, both halves hold	no	{"cut": null, "free": false, "queued": 2}	{"cut": null, "free": false, "queued": 2, "truncated": false}	{"built": null}	{}	Retreat(3) ; Attack(Attack { energy_required: [Fire], title: "Tongue Whip", fixed_damage: 0, effect:...
8	km3	1	201	lookahead	9	LOOKAHEAD ONLY, both halves hold	LOOKAHEAD ONLY, both halves hold	no	{"cut": null, "free": true, "queued": 2}	{"cut": null, "free": true, "queued": 2, "truncated": false}	{"built": null}	{}	Attach { attachments: [(1, Fire, 0)], is_turn_energy: true } ; Attack(Attack { energy_required: [Fire], title: "Tongue Whip", fixed_damage: 0, effect:...
8	km3	1	202	state	28	ON THE BOARD	ON THE BOARD	no				{"coin_queued_offered": [28], "coin_queued_offered_any": [28]}	
8	km3	1	206	state	62	ON THE BOARD	ON THE BOARD	no				{"coin_queued_offered": [62], "coin_queued_offered_any": [62]}	
8	km3	1	208	state	17	ON THE BOARD	ON THE BOARD	no				{"coin_queued_offered": [17], "coin_queued_offered_any": [17]}	
8	km3	1	210	state	16	ON THE BOARD	ON THE BOARD	no				{"coin_queued_offered": [16], "coin_queued_offered_any": [16]}	
8	km3	1	212	state	55	ON THE BOARD	ON THE BOARD	no				{"coin_queued_offered": [55], "coin_queued_offered_any": [55]}	
8	km3	1	213	state	52	ON THE BOARD	ON THE BOARD	no				{"coin_queued_offered": [52], "coin_queued_offered_any": [52]}	
8	km3	1	215	state	16	ON THE BOARD	ON THE BOARD	no				{"coin_queued_offered": [16], "coin_queued_offered_any": [16]}	
8	km3	1	217	lookahead	106	LOOKAHEAD ONLY, both halves hold	LOOKAHEAD ONLY, both halves hold	no	{"cut": null, "free": false, "queued": 2}	{"cut": null, "free": false, "queued": 2, "truncated": false}	{"built": null}	{}	Retreat(3) ; Attack(Attack { energy_required: [Fire], title: "Tongue Whip", fixed_damage: 0, effect:...
8	km3	1	219	lookahead	92	LOOKAHEAD ONLY, both halves hold	LOOKAHEAD ONLY, both halves hold	no	{"cut": null, "free": true, "queued": 1}	{"cut": null, "free": true, "queued": 1, "truncated": false}	{"built": null}	{}	Attack(Attack { energy_required: [Fire], title: "Tongue Whip", fixed_damage: 0, effect:...
8	km3	1	222	lookahead	22	LOOKAHEAD ONLY, both halves hold	LOOKAHEAD ONLY, both halves hold	no	{"cut": null, "free": true, "queued": 2}	{"cut": null, "free": true, "queued": 2, "truncated": false}	{"built": null}	{}	Attach { attachments: [(1, Fire, 0)], is_turn_energy: true } ; Attack(Attack { energy_required: [Fire], title: "Tongue Whip", fixed_damage: 0, effect:...
8	km3	1	223	lookahead	11	LOOKAHEAD ONLY, both halves hold	LOOKAHEAD ONLY, both halves hold	no	{"cut": null, "free": true, "queued": 1}	{"cut": null, "free": true, "queued": 1, "truncated": false}	{"built": null}	{}	Attack(Attack { energy_required: [Fire], title: "Tongue Whip", fixed_damage: 0, effect:...
8	km3	1	224	state	17	ON THE BOARD	ON THE BOARD	no				{"coin_queued_offered": [17], "coin_queued_offered_any": [17]}	
8	km3	1	228	state	23	ON THE BOARD	ON THE BOARD	no				{"coin_queued_offered": [23], "coin_queued_offered_any": [23]}	
8	km3	1	229	state	70	ON THE BOARD	ON THE BOARD	no				{"coin_queued_offered": [70], "coin_queued_offered_any": [70]}	
8	km3	1	230	state	19	ON THE BOARD	ON THE BOARD	no				{"coin_queued_offered": [19], "coin_queued_offered_any": [19]}	
8	km3	1	232	lookahead	85	LOOKAHEAD ONLY, both halves hold	LOOKAHEAD ONLY, both halves hold	no	{"cut": null, "free": true, "queued": 3}	{"cut": null, "free": true, "queued": 3, "truncated": false}	{"built": null}	{}	Attach { attachments: [(1, Fire, 1)], is_turn_energy: true } ; Retreat(1) ; Attack(Attack { energy_required: [Fire], title: "Tongue Whip", fixed_damage: 0, effect:...
8	km3	1	241	state	34	ON THE BOARD	ON THE BOARD	no				{"coin_queued_offered": [34], "coin_queued_offered_any": [34]}	
8	km3	1	250	lookahead	62	LOOKAHEAD ONLY, both halves hold	LOOKAHEAD ONLY, both halves hold	no	{"cut": null, "free": true, "queued": 3}	{"cut": null, "free": true, "queued": 3, "truncated": false}	{"built": null}	{}	Play { trainer_card: B1 225 Copycat } ; Play { trainer_card: B1 217 Flame Patch } ; Attack(Attack { energy_required: [Fire], title: "Tongue Whip", fixed_damage: 0, effect:...
8	km3	1	256	state	84	ON THE BOARD	ON THE BOARD	no				{"coin_queued_offered": [84], "coin_queued_offered_any": [84]}	
8	km3	1	257	lookahead	11	LOOKAHEAD ONLY, both halves hold	LOOKAHEAD ONLY, both halves hold	no	{"cut": null, "free": true, "queued": 2}	{"cut": null, "free": true, "queued": 2, "truncated": false}	{"built": null}	{}	Attach { attachments: [(1, Fire, 0)], is_turn_energy: true } ; Attack(Attack { energy_required: [Fire], title: "Tongue Whip", fixed_damage: 0, effect:...
8	km3	1	263	state	18	ON THE BOARD	ON THE BOARD	no				{"coin_queued_offered": [18], "coin_queued_offered_any": [18]}	
8	km3	1	269	state	37	ON THE BOARD	ON THE BOARD	no				{"coin_queued_offered": [37], "coin_queued_offered_any": [37]}	
8	km3	1	271	state	17	ON THE BOARD	ON THE BOARD	no				{"coin_queued_offered": [17], "coin_queued_offered_any": [17]}	
8	km3	1	277	lookahead	74	LOOKAHEAD ONLY, both halves hold	LOOKAHEAD ONLY, both halves hold	no	{"cut": null, "free": false, "queued": 2}	{"cut": null, "free": false, "queued": 2, "truncated": false}	{"built": null}	{}	Retreat(2) ; Attack(Attack { energy_required: [Fire], title: "Tongue Whip", fixed_damage: 0, effect:...
8	km3	1	279	lookahead	92	LOOKAHEAD ONLY, both halves hold	LOOKAHEAD ONLY, both halves hold	no	{"cut": null, "free": true, "queued": 3}	{"cut": null, "free": true, "queued": 3, "truncated": false}	{"built": null}	{}	Attach { attachments: [(1, Fire, 1)], is_turn_energy: true } ; Retreat(1) ; Attack(Attack { energy_required: [Fire], title: "Tongue Whip", fixed_damage: 0, effect:...
8	km3	1	282	state	20	ON THE BOARD	ON THE BOARD	no				{"coin_queued_offered": [20], "coin_queued_offered_any": [20]}	
8	km3	1	283	state	18	ON THE BOARD	ON THE BOARD	no				{"coin_queued_offered": [18], "coin_queued_offered_any": [18]}	
8	km3	1	287	lookahead	56	LOOKAHEAD ONLY, both halves hold	LOOKAHEAD ONLY, both halves hold	no	{"cut": null, "free": false, "queued": 2}	{"cut": null, "free": false, "queued": 2, "truncated": false}	{"built": null}	{}	Retreat(3) ; Attack(Attack { energy_required: [Fire], title: "Tongue Whip", fixed_damage: 0, effect:...
8	km3	1	291	lookahead	45	LOOKAHEAD ONLY, both halves hold	LOOKAHEAD ONLY, both halves hold	no	{"cut": null, "free": false, "queued": 2}	{"cut": null, "free": false, "queued": 2, "truncated": false}	{"built": null}	{}	Retreat(3) ; Attack(Attack { energy_required: [Fire], title: "Tongue Whip", fixed_damage: 0, effect:...
8	km3	1	295	lookahead	77	LOOKAHEAD ONLY, both halves hold	LOOKAHEAD ONLY, both halves hold	no	{"cut": null, "free": true, "queued": 2}	{"cut": null, "free": true, "queued": 2, "truncated": false}	{"built": null}	{}	Attach { attachments: [(1, Fire, 0)], is_turn_energy: true } ; Attack(Attack { energy_required: [Fire], title: "Tongue Whip", fixed_damage: 0, effect:...
8	km3	1	302	state	16	ON THE BOARD	ON THE BOARD	no				{"coin_queued_offered": [16], "coin_queued_offered_any": [16]}	
8	km3	1	304	state	14	ON THE BOARD	ON THE BOARD	no				{"coin_queued_offered": [14], "coin_queued_offered_any": [14]}	
8	km3	1	307	state	44	ON THE BOARD	ON THE BOARD	no				{"coin_queued_offered": [44], "coin_queued_offered_any": [44]}	
8	km3	1	309	state	44	ON THE BOARD	ON THE BOARD	no				{"coin_queued_offered": [44], "coin_queued_offered_any": [44]}	
8	km3	1	311	state	30	ON THE BOARD	ON THE BOARD	no				{"coin_queued_offered": [30], "coin_queued_offered_any": [30]}	
8	km3	1	319	state	106	ON THE BOARD	ON THE BOARD	no				{"coin_queued_offered": [106], "coin_queued_offered_any": [106]}	
8	km3	1	321	lookahead	57	LOOKAHEAD ONLY, both halves hold	LOOKAHEAD ONLY, both halves hold	no	{"cut": null, "free": true, "queued": 1}	{"cut": null, "free": true, "queued": 1, "truncated": false}	{"built": null}	{}	Attack(Attack { energy_required: [Fire], title: "Tongue Whip", fixed_damage: 0, effect:...
8	km3	1	322	state	19	ON THE BOARD	ON THE BOARD	no				{"coin_queued_offered": [19], "coin_queued_offered_any": [19]}	
8	km3	1	328	state	16	ON THE BOARD	ON THE BOARD	no				{"coin_queued_offered": [16], "coin_queued_offered_any": [16]}	
8	km3	1	333	lookahead	17	LOOKAHEAD ONLY, both halves hold	LOOKAHEAD ONLY, both halves hold	no	{"cut": null, "free": true, "queued": 2}	{"cut": null, "free": true, "queued": 2, "truncated": false}	{"built": null}	{}	Attach { attachments: [(1, Fire, 0)], is_turn_energy: true } ; Attack(Attack { energy_required: [Fire], title: "Tongue Whip", fixed_damage: 0, effect:...
8	km3	1	335	state	29	ON THE BOARD	ON THE BOARD	no				{"coin_queued_offered": [29], "coin_queued_offered_any": [29]}	
8	km3	1	336	lookahead	11	LOOKAHEAD ONLY, both halves hold	LOOKAHEAD ONLY, both halves hold	no	{"cut": null, "free": true, "queued": 2}	{"cut": null, "free": true, "queued": 2, "truncated": false}	{"built": null}	{}	Attach { attachments: [(1, Fire, 0)], is_turn_energy: true } ; Attack(Attack { energy_required: [Fire], title: "Tongue Whip", fixed_damage: 0, effect:...
8	km3	1	337	state	17	ON THE BOARD	ON THE BOARD	no				{"coin_queued_offered": [17], "coin_queued_offered_any": [17]}	
8	km3	1	338	state	11	ON THE BOARD	ON THE BOARD	no				{"coin_queued_offered": [11], "coin_queued_offered_any": [11]}	
8	km3	1	341	lookahead	85	LOOKAHEAD ONLY, both halves hold	LOOKAHEAD ONLY, both halves hold	no	{"cut": null, "free": true, "queued": 3}	{"cut": null, "free": true, "queued": 3, "truncated": false}	{"built": null}	{}	Attach { attachments: [(1, Fire, 3)], is_turn_energy: true } ; Retreat(3) ; Attack(Attack { energy_required: [Fire], title: "Tongue Whip", fixed_damage: 0, effect:...
8	km3	1	343	state	60	ON THE BOARD	ON THE BOARD	no				{"coin_queued_offered": [60], "coin_queued_offered_any": [60]}	
8	km3	1	344	state	15	ON THE BOARD	ON THE BOARD	no				{"coin_queued_offered": [15], "coin_queued_offered_any": [15]}	
8	km3	1	345	state	62	ON THE BOARD	ON THE BOARD	no				{"coin_queued_offered": [62], "coin_queued_offered_any": [62]}	
8	km3	1	350	state	14	ON THE BOARD	ON THE BOARD	no				{"coin_queued_offered": [14], "coin_queued_offered_any": [14]}	
8	km3	1	355	state	14	ON THE BOARD	ON THE BOARD	no				{"coin_queued_offered": [14], "coin_queued_offered_any": [14]}	
8	km3	1	363	state	16	ON THE BOARD	ON THE BOARD	no				{"coin_queued_offered": [16], "coin_queued_offered_any": [16]}	
8	km3	1	364	state	32	ON THE BOARD	ON THE BOARD	no				{"coin_queued_offered": [32], "coin_queued_offered_any": [32]}	
8	km3	1	371	lookahead	15	LOOKAHEAD ONLY, both halves hold	LOOKAHEAD ONLY, both halves hold	no	{"cut": null, "free": true, "queued": 3}	{"cut": null, "free": true, "queued": 3, "truncated": false}	{"built": null}	{}	Retreat(3) ; Play { trainer_card: B1 217 Flame Patch } ; Attack(Attack { energy_required: [Fire], title: "Tongue Whip", fixed_damage: 0, effect:...
8	km3	1	372	state	62	ON THE BOARD	ON THE BOARD	no				{"coin_queued_offered": [62], "coin_queued_offered_any": [62]}	
8	km3	1	376	lookahead	100	LOOKAHEAD ONLY, both halves hold	LOOKAHEAD ONLY, both halves hold	no	{"cut": null, "free": true, "queued": 3}	{"cut": null, "free": true, "queued": 3, "truncated": false}	{"built": null}	{}	Attach { attachments: [(1, Fire, 1)], is_turn_energy: true } ; Retreat(1) ; Attack(Attack { energy_required: [Fire], title: "Tongue Whip", fixed_damage: 0, effect:...
8	km3	1	377	state	19	ON THE BOARD	ON THE BOARD	no				{"coin_queued_offered": [19], "coin_queued_offered_any": [19]}	
8	km3	1	378	lookahead	59	LOOKAHEAD ONLY, both halves hold	LOOKAHEAD ONLY, both halves hold	no	{"cut": null, "free": false, "queued": 2}	{"cut": null, "free": false, "queued": 2, "truncated": false}	{"built": null}	{}	Retreat(2) ; Attack(Attack { energy_required: [Fire], title: "Tongue Whip", fixed_damage: 0, effect:...
8	km3	1	381	lookahead	18	LOOKAHEAD ONLY, both halves hold	LOOKAHEAD ONLY, both halves hold	no	{"cut": null, "free": true, "queued": 2}	{"cut": null, "free": true, "queued": 2, "truncated": false}	{"built": null}	{}	Attach { attachments: [(1, Fire, 0)], is_turn_energy: true } ; Attack(Attack { energy_required: [Fire], title: "Tongue Whip", fixed_damage: 0, effect:...
8	km3	1	382	state	13	ON THE BOARD	ON THE BOARD	no				{"coin_queued_offered": [13], "coin_queued_offered_any": [13]}	
8	km3	1	387	lookahead	56	LOOKAHEAD ONLY, both halves hold	LOOKAHEAD ONLY, both halves hold	no	{"cut": null, "free": false, "queued": 2}	{"cut": null, "free": false, "queued": 2, "truncated": false}	{"built": null}	{}	Retreat(2) ; Attack(Attack { energy_required: [Fire], title: "Tongue Whip", fixed_damage: 0, effect:...
8	km3	1	389	state	39	ON THE BOARD	ON THE BOARD	no				{"coin_queued_offered": [39], "coin_queued_offered_any": [39]}	
8	km3	1	393	state	38	ON THE BOARD	ON THE BOARD	no				{"coin_queued_offered": [38], "coin_queued_offered_any": [38]}	
8	km3	1	395	state	59	ON THE BOARD	ON THE BOARD	no				{"coin_queued_offered": [59], "coin_queued_offered_any": [59]}	
8	km3	1	399	lookahead	81	UNEXPLAINED	LOOKAHEAD ONLY, both halves hold	yes	{"cut": null, "free": false, "queued": null}	{"cut": null, "free": true, "queued": 3, "truncated": false}	{"built": null}	{}	Promote { player: 0, in_play_idx: 3 } ; (free) EndTurn ; DrawCard { amount: 1 } ; Attack(Attack { energy_required: [Fire], title: "Tongue Whip", fixed_damage: 0, effect:...
8	km3	1	404	lookahead	107	LOOKAHEAD ONLY, both halves hold	LOOKAHEAD ONLY, both halves hold	no	{"cut": null, "free": false, "queued": 1}	{"cut": null, "free": false, "queued": 1, "truncated": false}	{"built": null}	{}	Attack(Attack { energy_required: [Fire], title: "Tongue Whip", fixed_damage: 0, effect:...
8	km3	1	407	lookahead	104	LOOKAHEAD ONLY, both halves hold	LOOKAHEAD ONLY, both halves hold	no	{"cut": null, "free": false, "queued": 2}	{"cut": null, "free": false, "queued": 2, "truncated": false}	{"built": null}	{}	Play { trainer_card: B1 217 Flame Patch } ; Attack(Attack { energy_required: [Fire], title: "Tongue Whip", fixed_damage: 0, effect:...
8	km3	1	408	state	17	ON THE BOARD	ON THE BOARD	no				{"coin_queued_offered": [17], "coin_queued_offered_any": [17]}	
8	km3	1	409	state	67	ON THE BOARD	ON THE BOARD	no				{"coin_queued_offered": [67], "coin_queued_offered_any": [67]}	
8	km3	1	416	state	59	ON THE BOARD	ON THE BOARD	no				{"coin_queued_offered": [59], "coin_queued_offered_any": [59]}	
8	km3	1	420	lookahead	104	LOOKAHEAD ONLY, both halves hold	LOOKAHEAD ONLY, both halves hold	no	{"cut": null, "free": true, "queued": 3}	{"cut": null, "free": true, "queued": 3, "truncated": false}	{"built": null}	{}	Attach { attachments: [(1, Fire, 1)], is_turn_energy: true } ; Retreat(1) ; Attack(Attack { energy_required: [Fire], title: "Tongue Whip", fixed_damage: 0, effect:...
8	km3	1	421	state	24	ON THE BOARD	ON THE BOARD	no				{"coin_queued_offered": [24], "coin_queued_offered_any": [24]}	
8	km3	1	424	state	37	ON THE BOARD	ON THE BOARD	no				{"coin_queued_offered": [37], "coin_queued_offered_any": [37]}	
8	km3	1	428	state	68	ON THE BOARD	ON THE BOARD	no				{"coin_queued_offered": [68], "coin_queued_offered_any": [68]}	
8	km3	1	431	lookahead	18	LOOKAHEAD ONLY, both halves hold	LOOKAHEAD ONLY, both halves hold	no	{"cut": null, "free": true, "queued": 2}	{"cut": null, "free": true, "queued": 2, "truncated": false}	{"built": null}	{}	Attach { attachments: [(1, Fire, 0)], is_turn_energy: true } ; Attack(Attack { energy_required: [Fire], title: "Tongue Whip", fixed_damage: 0, effect:...
8	km3	1	436	state	97	ON THE BOARD	ON THE BOARD	no				{"coin_queued_offered": [97], "coin_queued_offered_any": [97]}	
8	km3	1	437	state	22	ON THE BOARD	ON THE BOARD	no				{"coin_queued_offered": [22], "coin_queued_offered_any": [22]}	
8	km3	1	439	state	29	ON THE BOARD	ON THE BOARD	no				{"coin_queued_offered": [29], "coin_queued_offered_any": [29]}	
8	km3	1	444	lookahead	87	LOOKAHEAD ONLY, both halves hold	LOOKAHEAD ONLY, both halves hold	no	{"cut": null, "free": true, "queued": 3}	{"cut": null, "free": true, "queued": 3, "truncated": false}	{"built": null}	{}	Attach { attachments: [(1, Fire, 1)], is_turn_energy: true } ; Retreat(1) ; Attack(Attack { energy_required: [Fire], title: "Tongue Whip", fixed_damage: 0, effect:...
8	km3	1	450	state	22	ON THE BOARD	ON THE BOARD	no				{"coin_queued_offered": [22], "coin_queued_offered_any": [22]}	
8	km3	1	451	lookahead	17	LOOKAHEAD ONLY, both halves hold	LOOKAHEAD ONLY, both halves hold	no	{"cut": null, "free": true, "queued": 1}	{"cut": null, "free": true, "queued": 1, "truncated": false}	{"built": null}	{}	Attack(Attack { energy_required: [Fire], title: "Tongue Whip", fixed_damage: 0, effect:...
8	km3	1	454	lookahead	92	LOOKAHEAD ONLY, both halves hold	LOOKAHEAD ONLY, both halves hold	no	{"cut": null, "free": false, "queued": 2}	{"cut": null, "free": false, "queued": 2, "truncated": false}	{"built": null}	{}	Retreat(3) ; Attack(Attack { energy_required: [Fire], title: "Tongue Whip", fixed_damage: 0, effect:...
8	km3	1	455	state	25	ON THE BOARD	ON THE BOARD	no				{"coin_queued_offered": [25], "coin_queued_offered_any": [25]}	
8	km3	1	456	lookahead	14	LOOKAHEAD ONLY, both halves hold	LOOKAHEAD ONLY, both halves hold	no	{"cut": null, "free": true, "queued": 2}	{"cut": null, "free": true, "queued": 2, "truncated": false}	{"built": null}	{}	Attach { attachments: [(1, Fire, 0)], is_turn_energy: true } ; Attack(Attack { energy_required: [Fire], title: "Tongue Whip", fixed_damage: 0, effect:...
8	km3	1	460	lookahead	74	LOOKAHEAD ONLY, both halves hold	LOOKAHEAD ONLY, both halves hold	no	{"cut": null, "free": true, "queued": 3}	{"cut": null, "free": true, "queued": 3, "truncated": false}	{"built": null}	{}	Attach { attachments: [(1, Fire, 2)], is_turn_energy: true } ; Retreat(2) ; Attack(Attack { energy_required: [Fire], title: "Tongue Whip", fixed_damage: 0, effect:...
8	km3	1	470	lookahead	92	LOOKAHEAD ONLY, both halves hold	LOOKAHEAD ONLY, both halves hold	no	{"cut": null, "free": true, "queued": 3}	{"cut": null, "free": true, "queued": 3, "truncated": false}	{"built": null}	{}	Attach { attachments: [(1, Fire, 1)], is_turn_energy: true } ; Retreat(1) ; Attack(Attack { energy_required: [Fire], title: "Tongue Whip", fixed_damage: 0, effect:...
8	km3	1	471	state	13	ON THE BOARD	ON THE BOARD	no				{"coin_queued_offered": [13], "coin_queued_offered_any": [13]}	
8	km3	1	472	state	22	ON THE BOARD	ON THE BOARD	no				{"coin_queued_offered": [22], "coin_queued_offered_any": [22]}	
8	km3	1	473	state	13	ON THE BOARD	ON THE BOARD	no				{"coin_queued_offered": [13], "coin_queued_offered_any": [13]}	
8	km3	1	478	lookahead	19	LOOKAHEAD ONLY, both halves hold	LOOKAHEAD ONLY, both halves hold	no	{"cut": null, "free": true, "queued": 2}	{"cut": null, "free": true, "queued": 2, "truncated": false}	{"built": null}	{}	Attach { attachments: [(1, Fire, 0)], is_turn_energy: true } ; Attack(Attack { energy_required: [Fire], title: "Tongue Whip", fixed_damage: 0, effect:...
8	km3	1	482	state	27	ON THE BOARD	ON THE BOARD	no				{"coin_queued_offered": [27], "coin_queued_offered_any": [27]}	
8	km3	1	485	state	42	ON THE BOARD	ON THE BOARD	no				{"coin_queued_offered": [42], "coin_queued_offered_any": [42]}	
8	km3	1	487	lookahead	19	LOOKAHEAD ONLY, both halves hold	LOOKAHEAD ONLY, both halves hold	no	{"cut": null, "free": true, "queued": 2}	{"cut": null, "free": true, "queued": 2, "truncated": false}	{"built": null}	{}	Attach { attachments: [(1, Fire, 0)], is_turn_energy: true } ; Attack(Attack { energy_required: [Fire], title: "Tongue Whip", fixed_damage: 0, effect:...
8	km3	1	488	state	20	ON THE BOARD	ON THE BOARD	no				{"coin_queued_offered": [20], "coin_queued_offered_any": [20]}	
8	km3	1	491	lookahead	8	LOOKAHEAD ONLY, both halves hold	LOOKAHEAD ONLY, both halves hold	no	{"cut": null, "free": true, "queued": 2}	{"cut": null, "free": true, "queued": 2, "truncated": false}	{"built": null}	{}	Attach { attachments: [(1, Fire, 0)], is_turn_energy: true } ; Attack(Attack { energy_required: [Fire], title: "Tongue Whip", fixed_damage: 0, effect:...
8	k3	1	0	state	16	ON THE BOARD	ON THE BOARD	no				{"coin_queued_offered": [16], "coin_queued_offered_any": [16]}	
8	k3	1	3	lookahead	26	LOOKAHEAD ONLY, both halves hold	LOOKAHEAD ONLY, both halves hold	no	{"cut": null, "free": true, "queued": 1}	{"cut": null, "free": true, "queued": 1, "truncated": false}	{"built": null}	{}	Attack(Attack { energy_required: [Fire], title: "Tongue Whip", fixed_damage: 0, effect:...
8	k3	1	4	lookahead	103	LOOKAHEAD ONLY, both halves hold	LOOKAHEAD ONLY, both halves hold	no	{"cut": null, "free": true, "queued": 3}	{"cut": null, "free": true, "queued": 3, "truncated": false}	{"built": null}	{}	Attach { attachments: [(1, Fire, 1)], is_turn_energy: true } ; Retreat(1) ; Attack(Attack { energy_required: [Fire], title: "Tongue Whip", fixed_damage: 0, effect:...
8	k3	1	9	state	67	ON THE BOARD	ON THE BOARD	no				{"coin_queued_offered": [67], "coin_queued_offered_any": [67]}	
8	k3	1	13	state	74	ON THE BOARD	ON THE BOARD	no				{"coin_queued_offered": [74], "coin_queued_offered_any": [74]}	
8	k3	1	18	state	15	ON THE BOARD	ON THE BOARD	no				{"coin_queued_offered": [15], "coin_queued_offered_any": [15]}	
8	k3	1	29	state	14	ON THE BOARD	ON THE BOARD	no				{"coin_queued_offered": [14], "coin_queued_offered_any": [14]}	
8	k3	1	32	state	32	ON THE BOARD	ON THE BOARD	no				{"coin_queued_offered": [32], "coin_queued_offered_any": [32]}	
8	k3	1	35	state	12	ON THE BOARD	ON THE BOARD	no				{"coin_queued_offered": [12], "coin_queued_offered_any": [12]}	
8	k3	1	40	state	83	ON THE BOARD	ON THE BOARD	no				{"coin_queued_offered": [83], "coin_queued_offered_any": [83]}	
8	k3	1	42	lookahead	30	LOOKAHEAD ONLY, both halves hold	LOOKAHEAD ONLY, both halves hold	no	{"cut": null, "free": true, "queued": 3}	{"cut": null, "free": true, "queued": 3, "truncated": false}	{"built": null}	{}	Retreat(3) ; Play { trainer_card: B1 217 Flame Patch } ; Attack(Attack { energy_required: [Fire], title: "Tongue Whip", fixed_damage: 0, effect:...
8	k3	1	47	lookahead	13	LOOKAHEAD ONLY, both halves hold	LOOKAHEAD ONLY, both halves hold	no	{"cut": null, "free": true, "queued": 2}	{"cut": null, "free": true, "queued": 2, "truncated": false}	{"built": null}	{}	Attach { attachments: [(1, Fire, 0)], is_turn_energy: true } ; Attack(Attack { energy_required: [Fire], title: "Tongue Whip", fixed_damage: 0, effect:...
8	k3	1	50	lookahead	41	LOOKAHEAD ONLY, both halves hold	LOOKAHEAD ONLY, both halves hold	no	{"cut": null, "free": false, "queued": 2}	{"cut": null, "free": false, "queued": 2, "truncated": false}	{"built": null}	{}	Retreat(2) ; Attack(Attack { energy_required: [Fire], title: "Tongue Whip", fixed_damage: 0, effect:...
8	k3	1	54	state	38	ON THE BOARD	ON THE BOARD	no				{"coin_queued_offered": [38], "coin_queued_offered_any": [38]}	
8	k3	1	56	state	49	ON THE BOARD	ON THE BOARD	no				{"coin_queued_offered": [49], "coin_queued_offered_any": [49]}	
8	k3	1	57	state	28	ON THE BOARD	ON THE BOARD	no				{"coin_queued_offered": [28], "coin_queued_offered_any": [28]}	
8	k3	1	59	state	29	ON THE BOARD	ON THE BOARD	no				{"coin_queued_offered": [29], "coin_queued_offered_any": [29]}	
8	k3	1	61	lookahead	90	LOOKAHEAD ONLY, both halves hold	LOOKAHEAD ONLY, both halves hold	no	{"cut": null, "free": true, "queued": 1}	{"cut": null, "free": true, "queued": 1, "truncated": false}	{"built": null}	{}	Attack(Attack { energy_required: [Fire], title: "Tongue Whip", fixed_damage: 0, effect:...
8	k3	1	66	state	47	ON THE BOARD	ON THE BOARD	no				{"coin_queued_offered": [47], "coin_queued_offered_any": [47]}	
8	k3	1	67	state	26	ON THE BOARD	ON THE BOARD	no				{"coin_queued_offered": [26], "coin_queued_offered_any": [26]}	
8	k3	1	73	state	79	ON THE BOARD	ON THE BOARD	no				{"coin_queued_offered": [79], "coin_queued_offered_any": [79]}	
8	k3	1	74	state	20	ON THE BOARD	ON THE BOARD	no				{"coin_queued_offered": [20], "coin_queued_offered_any": [20]}	
8	k3	1	75	state	14	ON THE BOARD	ON THE BOARD	no				{"coin_queued_offered": [14], "coin_queued_offered_any": [14]}	
8	k3	1	76	state	57	ON THE BOARD	ON THE BOARD	no				{"coin_queued_offered": [57], "coin_queued_offered_any": [57]}	
8	k3	1	80	lookahead	97	LOOKAHEAD ONLY, both halves hold	LOOKAHEAD ONLY, both halves hold	no	{"cut": null, "free": false, "queued": 1}	{"cut": null, "free": false, "queued": 1, "truncated": false}	{"built": null}	{}	Attack(Attack { energy_required: [Fire], title: "Tongue Whip", fixed_damage: 0, effect:...
8	k3	1	87	state	41	ON THE BOARD	ON THE BOARD	no				{"coin_queued_offered": [41], "coin_queued_offered_any": [41]}	
8	k3	1	88	lookahead	21	LOOKAHEAD ONLY, both halves hold	LOOKAHEAD ONLY, both halves hold	no	{"cut": null, "free": true, "queued": 2}	{"cut": null, "free": true, "queued": 2, "truncated": false}	{"built": null}	{}	Attach { attachments: [(1, Fire, 0)], is_turn_energy: true } ; Attack(Attack { energy_required: [Fire], title: "Tongue Whip", fixed_damage: 0, effect:...
8	k3	1	90	lookahead	61	LOOKAHEAD ONLY, both halves hold	LOOKAHEAD ONLY, both halves hold	no	{"cut": null, "free": false, "queued": 2}	{"cut": null, "free": false, "queued": 2, "truncated": false}	{"built": null}	{}	Retreat(2) ; Attack(Attack { energy_required: [Fire], title: "Tongue Whip", fixed_damage: 0, effect:...
8	k3	1	92	state	44	ON THE BOARD	ON THE BOARD	no				{"coin_queued_offered": [44], "coin_queued_offered_any": [44]}	
8	k3	1	96	lookahead	68	LOOKAHEAD ONLY, both halves hold	LOOKAHEAD ONLY, both halves hold	no	{"cut": null, "free": false, "queued": 2}	{"cut": null, "free": false, "queued": 2, "truncated": false}	{"built": null}	{}	Retreat(3) ; Attack(Attack { energy_required: [Fire], title: "Tongue Whip", fixed_damage: 0, effect:...
8	k3	1	99	state	98	ON THE BOARD	ON THE BOARD	no				{"coin_queued_offered": [98], "coin_queued_offered_any": [98]}	
8	k3	1	101	state	29	ON THE BOARD	ON THE BOARD	no				{"coin_queued_offered": [29], "coin_queued_offered_any": [29]}	
8	k3	1	106	state	35	ON THE BOARD	ON THE BOARD	no				{"coin_queued_offered": [35], "coin_queued_offered_any": [35]}	
8	k3	1	108	state	79	ON THE BOARD	ON THE BOARD	no				{"coin_queued_offered": [79], "coin_queued_offered_any": [79]}	
8	k3	1	109	state	12	ON THE BOARD	ON THE BOARD	no				{"coin_queued_offered": [12], "coin_queued_offered_any": [12]}	
8	k3	1	115	state	70	ON THE BOARD	ON THE BOARD	no				{"coin_queued_offered": [70], "coin_queued_offered_any": [70]}	
8	k3	1	116	state	50	ON THE BOARD	ON THE BOARD	no				{"coin_queued_offered": [50], "coin_queued_offered_any": [50]}	
8	k3	1	121	state	26	ON THE BOARD	ON THE BOARD	no				{"coin_queued_offered": [26], "coin_queued_offered_any": [26]}	
8	k3	1	124	state	44	ON THE BOARD	ON THE BOARD	no				{"coin_queued_offered": [44], "coin_queued_offered_any": [44]}	
8	k3	1	130	state	29	ON THE BOARD	ON THE BOARD	no				{"coin_queued_offered": [29], "coin_queued_offered_any": [29]}	
8	k3	1	132	state	72	ON THE BOARD	ON THE BOARD	no				{"coin_queued_offered": [72], "coin_queued_offered_any": [72]}	
8	k3	1	134	state	69	ON THE BOARD	ON THE BOARD	no				{"coin_queued_offered": [69], "coin_queued_offered_any": [69]}	
8	k3	1	135	state	25	ON THE BOARD	ON THE BOARD	no				{"coin_queued_offered": [25], "coin_queued_offered_any": [25]}	
8	k3	1	139	lookahead	10	LOOKAHEAD ONLY, both halves hold	LOOKAHEAD ONLY, both halves hold	no	{"cut": null, "free": true, "queued": 2}	{"cut": null, "free": true, "queued": 2, "truncated": false}	{"built": null}	{}	Attach { attachments: [(1, Fire, 0)], is_turn_energy: true } ; Attack(Attack { energy_required: [Fire], title: "Tongue Whip", fixed_damage: 0, effect:...
8	k3	1	140	state	22	ON THE BOARD	ON THE BOARD	no				{"coin_queued_offered": [22], "coin_queued_offered_any": [22]}	
8	k3	1	146	lookahead	22	LOOKAHEAD ONLY, both halves hold	LOOKAHEAD ONLY, both halves hold	no	{"cut": null, "free": true, "queued": 2}	{"cut": null, "free": true, "queued": 2, "truncated": false}	{"built": null}	{}	Attach { attachments: [(1, Fire, 0)], is_turn_energy: true } ; Attack(Attack { energy_required: [Fire], title: "Tongue Whip", fixed_damage: 0, effect:...
8	k3	1	150	lookahead	70	LOOKAHEAD ONLY, both halves hold	LOOKAHEAD ONLY, both halves hold	no	{"cut": null, "free": false, "queued": 1}	{"cut": null, "free": false, "queued": 1, "truncated": false}	{"built": null}	{}	Attack(Attack { energy_required: [Fire], title: "Tongue Whip", fixed_damage: 0, effect:...
8	k3	1	160	state	15	ON THE BOARD	ON THE BOARD	no				{"coin_queued_offered": [15], "coin_queued_offered_any": [15]}	
8	k3	1	161	state	86	ON THE BOARD	ON THE BOARD	no				{"coin_queued_offered": [86], "coin_queued_offered_any": [86]}	
8	k3	1	164	lookahead	74	LOOKAHEAD ONLY, both halves hold	LOOKAHEAD ONLY, both halves hold	no	{"cut": null, "free": false, "queued": 1}	{"cut": null, "free": false, "queued": 1, "truncated": false}	{"built": null}	{}	Attack(Attack { energy_required: [Fire], title: "Tongue Whip", fixed_damage: 0, effect:...
8	k3	1	165	lookahead	17	LOOKAHEAD ONLY, both halves hold	LOOKAHEAD ONLY, both halves hold	no	{"cut": null, "free": true, "queued": 1}	{"cut": null, "free": true, "queued": 1, "truncated": false}	{"built": null}	{}	Attack(Attack { energy_required: [Fire], title: "Tongue Whip", fixed_damage: 0, effect:...
8	k3	1	168	state	24	ON THE BOARD	ON THE BOARD	no				{"coin_queued_offered": [24], "coin_queued_offered_any": [24]}	
8	k3	1	169	lookahead	79	LOOKAHEAD ONLY, both halves hold	LOOKAHEAD ONLY, both halves hold	no	{"cut": null, "free": false, "queued": 2}	{"cut": null, "free": false, "queued": 2, "truncated": false}	{"built": null}	{}	Retreat(3) ; Attack(Attack { energy_required: [Fire], title: "Tongue Whip", fixed_damage: 0, effect:...
8	k3	1	173	lookahead	40	LOOKAHEAD ONLY, both halves hold	LOOKAHEAD ONLY, both halves hold	no	{"cut": null, "free": true, "queued": 2}	{"cut": null, "free": true, "queued": 2, "truncated": false}	{"built": null}	{}	Retreat(3) ; Attack(Attack { energy_required: [Fire], title: "Tongue Whip", fixed_damage: 0, effect:...
8	k3	1	177	lookahead	32	LOOKAHEAD ONLY, both halves hold	LOOKAHEAD ONLY, both halves hold	no	{"cut": null, "free": false, "queued": 2}	{"cut": null, "free": false, "queued": 2, "truncated": false}	{"built": null}	{}	Play { trainer_card: B1 217 Flame Patch } ; Attack(Attack { energy_required: [Fire], title: "Tongue Whip", fixed_damage: 0, effect:...
8	k3	1	180	state	41	ON THE BOARD	ON THE BOARD	no				{"coin_queued_offered": [41], "coin_queued_offered_any": [41]}	
8	k3	1	184	state	24	ON THE BOARD	ON THE BOARD	no				{"coin_queued_offered": [24], "coin_queued_offered_any": [24]}	
8	k3	1	187	state	29	ON THE BOARD	ON THE BOARD	no				{"coin_queued_offered": [29], "coin_queued_offered_any": [29]}	
8	k3	1	189	state	33	ON THE BOARD	ON THE BOARD	no				{"coin_queued_offered": [33], "coin_queued_offered_any": [33]}	
8	k3	1	191	state	20	ON THE BOARD	ON THE BOARD	no				{"coin_queued_offered": [20], "coin_queued_offered_any": [20]}	
8	k3	1	192	lookahead	26	LOOKAHEAD ONLY, both halves hold	LOOKAHEAD ONLY, both halves hold	no	{"cut": null, "free": true, "queued": 1}	{"cut": null, "free": true, "queued": 1, "truncated": false}	{"built": null}	{}	Attack(Attack { energy_required: [Fire], title: "Tongue Whip", fixed_damage: 0, effect:...
8	k3	1	195	state	69	ON THE BOARD	ON THE BOARD	no				{"coin_queued_offered": [69], "coin_queued_offered_any": [69]}	
8	k3	1	196	state	82	ON THE BOARD	ON THE BOARD	no				{"coin_queued_offered": [82], "coin_queued_offered_any": [82]}	
8	k3	1	197	state	73	ON THE BOARD	ON THE BOARD	no				{"coin_queued_offered": [73], "coin_queued_offered_any": [73]}	
8	k3	1	199	lookahead	61	LOOKAHEAD ONLY, both halves hold	LOOKAHEAD ONLY, both halves hold	no	{"cut": null, "free": true, "queued": 1}	{"cut": null, "free": true, "queued": 1, "truncated": false}	{"built": null}	{}	Attack(Attack { energy_required: [Fire], title: "Tongue Whip", fixed_damage: 0, effect:...
8	k3	1	201	lookahead	9	LOOKAHEAD ONLY, both halves hold	LOOKAHEAD ONLY, both halves hold	no	{"cut": null, "free": true, "queued": 2}	{"cut": null, "free": true, "queued": 2, "truncated": false}	{"built": null}	{}	Attach { attachments: [(1, Fire, 0)], is_turn_energy: true } ; Attack(Attack { energy_required: [Fire], title: "Tongue Whip", fixed_damage: 0, effect:...
8	k3	1	203	state	15	ON THE BOARD	ON THE BOARD	no				{"coin_queued_offered": [15], "coin_queued_offered_any": [15]}	
8	k3	1	205	state	15	ON THE BOARD	ON THE BOARD	no				{"coin_queued_offered": [15], "coin_queued_offered_any": [15]}	
8	k3	1	206	state	61	ON THE BOARD	ON THE BOARD	no				{"coin_queued_offered": [61], "coin_queued_offered_any": [61]}	
8	k3	1	208	state	17	ON THE BOARD	ON THE BOARD	no				{"coin_queued_offered": [17], "coin_queued_offered_any": [17]}	
8	k3	1	212	state	57	ON THE BOARD	ON THE BOARD	no				{"coin_queued_offered": [57], "coin_queued_offered_any": [57]}	
8	k3	1	216	state	25	ON THE BOARD	ON THE BOARD	no				{"coin_queued_offered": [25], "coin_queued_offered_any": [25]}	
8	k3	1	219	lookahead	77	LOOKAHEAD ONLY, both halves hold	LOOKAHEAD ONLY, both halves hold	no	{"cut": null, "free": false, "queued": 1}	{"cut": null, "free": false, "queued": 1, "truncated": false}	{"built": null}	{}	Attack(Attack { energy_required: [Fire], title: "Tongue Whip", fixed_damage: 0, effect:...
8	k3	1	222	state	24	ON THE BOARD	ON THE BOARD	no				{"coin_queued_offered": [24], "coin_queued_offered_any": [24]}	
8	k3	1	223	state	13	ON THE BOARD	ON THE BOARD	no				{"coin_queued_offered": [13], "coin_queued_offered_any": [13]}	
8	k3	1	224	state	17	ON THE BOARD	ON THE BOARD	no				{"coin_queued_offered": [17], "coin_queued_offered_any": [17]}	
8	k3	1	226	state	65	ON THE BOARD	ON THE BOARD	no				{"coin_queued_offered": [65], "coin_queued_offered_any": [65]}	
8	k3	1	230	lookahead	64	LOOKAHEAD ONLY, both halves hold	LOOKAHEAD ONLY, both halves hold	no	{"cut": null, "free": true, "queued": 3}	{"cut": null, "free": true, "queued": 3, "truncated": false}	{"built": null}	{}	Attach { attachments: [(1, Fire, 1)], is_turn_energy: true } ; Retreat(1) ; Attack(Attack { energy_required: [Fire], title: "Tongue Whip", fixed_damage: 0, effect:...
8	k3	1	232	lookahead	85	LOOKAHEAD ONLY, both halves hold	LOOKAHEAD ONLY, both halves hold	no	{"cut": null, "free": true, "queued": 3}	{"cut": null, "free": true, "queued": 3, "truncated": false}	{"built": null}	{}	Attach { attachments: [(1, Fire, 1)], is_turn_energy: true } ; Retreat(1) ; Attack(Attack { energy_required: [Fire], title: "Tongue Whip", fixed_damage: 0, effect:...
8	k3	1	234	lookahead	87	LOOKAHEAD ONLY, both halves hold	LOOKAHEAD ONLY, both halves hold	no	{"cut": null, "free": false, "queued": 1}	{"cut": null, "free": false, "queued": 1, "truncated": false}	{"built": null}	{}	Attack(Attack { energy_required: [Fire], title: "Tongue Whip", fixed_damage: 0, effect:...
8	k3	1	237	lookahead	64	LOOKAHEAD ONLY, both halves hold	LOOKAHEAD ONLY, both halves hold	no	{"cut": null, "free": false, "queued": 1}	{"cut": null, "free": false, "queued": 1, "truncated": false}	{"built": null}	{}	Attack(Attack { energy_required: [Fire], title: "Tongue Whip", fixed_damage: 0, effect:...
8	k3	1	239	lookahead	74	LOOKAHEAD ONLY, both halves hold	LOOKAHEAD ONLY, both halves hold	no	{"cut": null, "free": true, "queued": 3}	{"cut": null, "free": true, "queued": 3, "truncated": false}	{"built": null}	{}	Attach { attachments: [(1, Fire, 3)], is_turn_energy: true } ; Retreat(3) ; Attack(Attack { energy_required: [Fire], title: "Tongue Whip", fixed_damage: 0, effect:...
8	k3	1	245	state	71	ON THE BOARD	ON THE BOARD	no				{"coin_queued_offered": [71], "coin_queued_offered_any": [71]}	
8	km3	3	5	state	27	ON THE BOARD	ON THE BOARD	no				{"coin_queued_offered": [27], "coin_queued_offered_any": [27]}	
8	km3	3	6	state	91	ON THE BOARD	ON THE BOARD	no				{"coin_queued_offered": [91], "coin_queued_offered_any": [91]}	
8	km3	3	9	state	14	ON THE BOARD	ON THE BOARD	no				{"coin_queued_offered": [14], "coin_queued_offered_any": [14]}	
8	km3	3	14	lookahead	18	LOOKAHEAD ONLY, both halves hold	LOOKAHEAD ONLY, both halves hold	no	{"cut": null, "free": true, "queued": 2}	{"cut": null, "free": true, "queued": 2, "truncated": false}	{"built": null}	{}	Attach { attachments: [(1, Fighting, 0)], is_turn_energy: true } ; Attack(Attack { energy_required: [Fighting], title: "Stretch Kick", fixed_damage: 0, ef...
8	km3	3	15	state	22	ON THE BOARD	ON THE BOARD	no				{"coin_queued_offered": [22], "coin_queued_offered_any": [22]}	
8	km3	3	21	lookahead	9	LOOKAHEAD ONLY, both halves hold	LOOKAHEAD ONLY, both halves hold	no	{"cut": null, "free": true, "queued": 2}	{"cut": null, "free": true, "queued": 2, "truncated": false}	{"built": null}	{}	Attach { attachments: [(1, Fighting, 0)], is_turn_energy: true } ; Attack(Attack { energy_required: [Fighting], title: "Stretch Kick", fixed_damage: 0, ef...
8	km3	3	22	lookahead	11	LOOKAHEAD ONLY, both halves hold	LOOKAHEAD ONLY, both halves hold	no	{"cut": null, "free": true, "queued": 3}	{"cut": null, "free": true, "queued": 3, "truncated": false}	{"built": null}	{}	Attach { attachments: [(1, Fighting, 2)], is_turn_energy: true } ; Retreat(2) ; Attack(Attack { energy_required: [Fighting], title: "Stretch Kick", fixed_damage: 0, ef...
8	km3	3	25	lookahead	92	LOOKAHEAD ONLY, both halves hold	LOOKAHEAD ONLY, both halves hold	no	{"cut": null, "free": false, "queued": 2}	{"cut": null, "free": false, "queued": 2, "truncated": false}	{"built": null}	{}	Retreat(2) ; Attack(Attack { energy_required: [Fighting], title: "Stretch Kick", fixed_damage: 0, ef...
8	km3	3	27	lookahead	19	LOOKAHEAD ONLY, both halves hold	LOOKAHEAD ONLY, both halves hold	no	{"cut": null, "free": true, "queued": 1}	{"cut": null, "free": true, "queued": 1, "truncated": false}	{"built": null}	{}	Attack(Attack { energy_required: [Fighting], title: "Stretch Kick", fixed_damage: 0, ef...
8	km3	3	29	lookahead	19	LOOKAHEAD ONLY, both halves hold	LOOKAHEAD ONLY, both halves hold	no	{"cut": null, "free": true, "queued": 2}	{"cut": null, "free": true, "queued": 2, "truncated": false}	{"built": null}	{}	Attach { attachments: [(1, Fighting, 0)], is_turn_energy: true } ; Attack(Attack { energy_required: [Fighting], title: "Stretch Kick", fixed_damage: 0, ef...
8	km3	3	30	state	22	ON THE BOARD	ON THE BOARD	no				{"coin_queued_offered": [22], "coin_queued_offered_any": [22]}	
8	km3	3	31	lookahead	10	LOOKAHEAD ONLY, both halves hold	LOOKAHEAD ONLY, both halves hold	no	{"cut": null, "free": true, "queued": 2}	{"cut": null, "free": true, "queued": 2, "truncated": false}	{"built": null}	{}	Attach { attachments: [(1, Fighting, 0)], is_turn_energy: true } ; Attack(Attack { energy_required: [Fighting], title: "Stretch Kick", fixed_damage: 0, ef...
8	km3	3	33	lookahead	11	LOOKAHEAD ONLY, both halves hold	LOOKAHEAD ONLY, both halves hold	no	{"cut": null, "free": true, "queued": 2}	{"cut": null, "free": true, "queued": 2, "truncated": false}	{"built": null}	{}	Attach { attachments: [(1, Fighting, 0)], is_turn_energy: true } ; Attack(Attack { energy_required: [Fighting], title: "Stretch Kick", fixed_damage: 0, ef...
8	km3	3	34	state	20	ON THE BOARD	ON THE BOARD	no				{"coin_queued_offered": [20], "coin_queued_offered_any": [20]}	
8	km3	3	35	lookahead	45	LOOKAHEAD ONLY, both halves hold	LOOKAHEAD ONLY, both halves hold	no	{"cut": null, "free": false, "queued": 2}	{"cut": null, "free": false, "queued": 2, "truncated": false}	{"built": null}	{}	Retreat(2) ; Attack(Attack { energy_required: [Fighting], title: "Stretch Kick", fixed_damage: 0, ef...
8	km3	3	37	state	16	ON THE BOARD	ON THE BOARD	no				{"coin_queued_offered": [16], "coin_queued_offered_any": [16]}	
8	km3	3	39	state	39	ON THE BOARD	ON THE BOARD	no				{"coin_queued_offered": [39], "coin_queued_offered_any": [39]}	
8	km3	3	43	state	27	ON THE BOARD	ON THE BOARD	no				{"coin_queued_offered": [27], "coin_queued_offered_any": [27]}	
8	km3	3	45	state	56	ON THE BOARD	ON THE BOARD	no				{"coin_queued_offered": [56], "coin_queued_offered_any": [56]}	
8	km3	3	46	state	45	ON THE BOARD	ON THE BOARD	no				{"coin_queued_offered": [45], "coin_queued_offered_any": [45]}	
8	km3	3	49	lookahead	9	LOOKAHEAD ONLY, both halves hold	LOOKAHEAD ONLY, both halves hold	no	{"cut": null, "free": true, "queued": 2}	{"cut": null, "free": true, "queued": 2, "truncated": false}	{"built": null}	{}	Attach { attachments: [(1, Fighting, 0)], is_turn_energy: true } ; Attack(Attack { energy_required: [Fighting], title: "Stretch Kick", fixed_damage: 0, ef...
8	km3	3	51	lookahead	14	LOOKAHEAD ONLY, both halves hold	LOOKAHEAD ONLY, both halves hold	no	{"cut": null, "free": true, "queued": 2}	{"cut": null, "free": true, "queued": 2, "truncated": false}	{"built": null}	{}	Attach { attachments: [(1, Fighting, 0)], is_turn_energy: true } ; Attack(Attack { energy_required: [Fighting], title: "Stretch Kick", fixed_damage: 0, ef...
8	km3	3	54	lookahead	14	LOOKAHEAD ONLY, both halves hold	LOOKAHEAD ONLY, both halves hold	no	{"cut": null, "free": true, "queued": 2}	{"cut": null, "free": true, "queued": 2, "truncated": false}	{"built": null}	{}	Retreat(3) ; Attack(Attack { energy_required: [Fighting], title: "Stretch Kick", fixed_damage: 0, ef...
8	km3	3	55	lookahead	46	LOOKAHEAD ONLY, both halves hold	LOOKAHEAD ONLY, both halves hold	no	{"cut": null, "free": true, "queued": 1}	{"cut": null, "free": true, "queued": 1, "truncated": false}	{"built": null}	{}	Attack(Attack { energy_required: [Fighting], title: "Stretch Kick", fixed_damage: 0, ef...
8	km3	3	56	state	31	ON THE BOARD	ON THE BOARD	no				{"coin_queued_offered": [31], "coin_queued_offered_any": [31]}	
8	km3	3	58	state	28	ON THE BOARD	ON THE BOARD	no				{"coin_queued_offered": [28], "coin_queued_offered_any": [28]}	
8	km3	3	62	lookahead	13	LOOKAHEAD ONLY, both halves hold	LOOKAHEAD ONLY, both halves hold	no	{"cut": null, "free": true, "queued": 2}	{"cut": null, "free": true, "queued": 2, "truncated": false}	{"built": null}	{}	Attach { attachments: [(1, Fighting, 0)], is_turn_energy: true } ; Attack(Attack { energy_required: [Fighting], title: "Stretch Kick", fixed_damage: 0, ef...
8	km3	3	65	state	18	ON THE BOARD	ON THE BOARD	no				{"coin_queued_offered": [18], "coin_queued_offered_any": [18]}	
8	km3	3	66	state	30	ON THE BOARD	ON THE BOARD	no				{"coin_queued_offered": [30], "coin_queued_offered_any": [30]}	
8	km3	3	69	lookahead	17	LOOKAHEAD ONLY, both halves hold	LOOKAHEAD ONLY, both halves hold	no	{"cut": null, "free": true, "queued": 2}	{"cut": null, "free": true, "queued": 2, "truncated": false}	{"built": null}	{}	Attach { attachments: [(1, Fighting, 0)], is_turn_energy: true } ; Attack(Attack { energy_required: [Fighting], title: "Stretch Kick", fixed_damage: 0, ef...
8	km3	3	82	state	25	ON THE BOARD	ON THE BOARD	no				{"coin_queued_offered": [25], "coin_queued_offered_any": [25]}	
8	km3	3	83	state	34	ON THE BOARD	ON THE BOARD	no				{"coin_queued_offered": [34], "coin_queued_offered_any": [34]}	
8	km3	3	87	state	22	ON THE BOARD	ON THE BOARD	no				{"coin_queued_offered": [22], "coin_queued_offered_any": [22]}	
8	km3	3	88	lookahead	35	LOOKAHEAD ONLY, both halves hold	LOOKAHEAD ONLY, both halves hold	no	{"cut": null, "free": true, "queued": 2}	{"cut": null, "free": true, "queued": 2, "truncated": false}	{"built": null}	{}	Attach { attachments: [(1, Fighting, 0)], is_turn_energy: true } ; Attack(Attack { energy_required: [Fighting], title: "Stretch Kick", fixed_damage: 0, ef...
8	km3	3	92	state	15	ON THE BOARD	ON THE BOARD	no				{"coin_queued_offered": [15], "coin_queued_offered_any": [15]}	
8	km3	3	97	lookahead	13	LOOKAHEAD ONLY, both halves hold	LOOKAHEAD ONLY, both halves hold	no	{"cut": null, "free": true, "queued": 2}	{"cut": null, "free": true, "queued": 2, "truncated": false}	{"built": null}	{}	Attach { attachments: [(1, Fighting, 0)], is_turn_energy: true } ; Attack(Attack { energy_required: [Fighting], title: "Stretch Kick", fixed_damage: 0, ef...
8	km3	3	99	lookahead	15	LOOKAHEAD ONLY, both halves hold	LOOKAHEAD ONLY, both halves hold	no	{"cut": null, "free": true, "queued": 1}	{"cut": null, "free": true, "queued": 1, "truncated": false}	{"built": null}	{}	Attack(Attack { energy_required: [Fighting], title: "Stretch Kick", fixed_damage: 0, ef...
8	km3	3	101	state	14	ON THE BOARD	ON THE BOARD	no				{"coin_queued_offered": [14], "coin_queued_offered_any": [14]}	
8	km3	3	102	lookahead	14	LOOKAHEAD ONLY, both halves hold	LOOKAHEAD ONLY, both halves hold	no	{"cut": null, "free": true, "queued": 1}	{"cut": null, "free": true, "queued": 1, "truncated": false}	{"built": null}	{}	Attack(Attack { energy_required: [Fighting], title: "Stretch Kick", fixed_damage: 0, ef...
8	km3	3	105	state	31	ON THE BOARD	ON THE BOARD	no				{"coin_queued_offered": [31], "coin_queued_offered_any": [31]}	
8	km3	3	109	state	22	ON THE BOARD	ON THE BOARD	no				{"coin_queued_offered": [22], "coin_queued_offered_any": [22]}	
8	km3	3	113	state	23	ON THE BOARD	ON THE BOARD	no				{"coin_queued_offered": [23], "coin_queued_offered_any": [23]}	
8	km3	3	114	state	16	ON THE BOARD	ON THE BOARD	no				{"coin_queued_offered": [16], "coin_queued_offered_any": [16]}	
8	km3	3	116	lookahead	14	LOOKAHEAD ONLY, both halves hold	LOOKAHEAD ONLY, both halves hold	no	{"cut": null, "free": true, "queued": 1}	{"cut": null, "free": true, "queued": 1, "truncated": false}	{"built": null}	{}	Attack(Attack { energy_required: [Fighting], title: "Stretch Kick", fixed_damage: 0, ef...
8	km3	3	117	lookahead	19	LOOKAHEAD ONLY, both halves hold	LOOKAHEAD ONLY, both halves hold	no	{"cut": null, "free": true, "queued": 1}	{"cut": null, "free": true, "queued": 1, "truncated": false}	{"built": null}	{}	Attack(Attack { energy_required: [Fighting], title: "Stretch Kick", fixed_damage: 0, ef...
8	km3	3	118	state	53	ON THE BOARD	ON THE BOARD	no				{"coin_queued_offered": [53], "coin_queued_offered_any": [53]}	
8	km3	3	119	state	56	ON THE BOARD	ON THE BOARD	no				{"coin_queued_offered": [56], "coin_queued_offered_any": [56]}	
8	km3	3	120	state	17	ON THE BOARD	ON THE BOARD	no				{"coin_queued_offered": [17], "coin_queued_offered_any": [17]}	
8	km3	3	122	lookahead	14	LOOKAHEAD ONLY, both halves hold	LOOKAHEAD ONLY, both halves hold	no	{"cut": null, "free": true, "queued": 2}	{"cut": null, "free": true, "queued": 2, "truncated": false}	{"built": null}	{}	Attach { attachments: [(1, Fighting, 0)], is_turn_energy: true } ; Attack(Attack { energy_required: [Fighting], title: "Stretch Kick", fixed_damage: 0, ef...
8	km3	3	123	lookahead	12	LOOKAHEAD ONLY, both halves hold	LOOKAHEAD ONLY, both halves hold	no	{"cut": null, "free": true, "queued": 2}	{"cut": null, "free": true, "queued": 2, "truncated": false}	{"built": null}	{}	Attach { attachments: [(1, Fighting, 0)], is_turn_energy: true } ; Attack(Attack { energy_required: [Fighting], title: "Stretch Kick", fixed_damage: 0, ef...
8	km3	3	129	state	23	ON THE BOARD	ON THE BOARD	no				{"coin_queued_offered": [23], "coin_queued_offered_any": [23]}	
8	km3	3	131	state	37	ON THE BOARD	ON THE BOARD	no				{"coin_queued_offered": [37], "coin_queued_offered_any": [37]}	
8	km3	3	133	state	15	ON THE BOARD	ON THE BOARD	no				{"coin_queued_offered": [15], "coin_queued_offered_any": [15]}	
8	km3	3	136	state	20	ON THE BOARD	ON THE BOARD	no				{"coin_queued_offered": [20], "coin_queued_offered_any": [20]}	
8	km3	3	138	state	24	ON THE BOARD	ON THE BOARD	no				{"coin_queued_offered": [24], "coin_queued_offered_any": [24]}	
8	km3	3	139	state	43	ON THE BOARD	ON THE BOARD	no				{"coin_queued_offered": [43], "coin_queued_offered_any": [43]}	
8	km3	3	140	state	32	ON THE BOARD	ON THE BOARD	no				{"coin_queued_offered": [32], "coin_queued_offered_any": [32]}	
8	km3	3	145	state	38	ON THE BOARD	ON THE BOARD	no				{"coin_queued_offered": [38], "coin_queued_offered_any": [38]}	
8	km3	3	150	lookahead	9	LOOKAHEAD ONLY, both halves hold	LOOKAHEAD ONLY, both halves hold	no	{"cut": null, "free": true, "queued": 2}	{"cut": null, "free": true, "queued": 2, "truncated": false}	{"built": null}	{}	Attach { attachments: [(1, Fighting, 0)], is_turn_energy: true } ; Attack(Attack { energy_required: [Fighting], title: "Stretch Kick", fixed_damage: 0, ef...
8	km3	3	151	state	68	ON THE BOARD	ON THE BOARD	no				{"coin_queued_offered": [68], "coin_queued_offered_any": [68]}	
8	km3	3	160	lookahead	35	LOOKAHEAD ONLY, both halves hold	LOOKAHEAD ONLY, both halves hold	no	{"cut": null, "free": true, "queued": 2}	{"cut": null, "free": true, "queued": 2, "truncated": false}	{"built": null}	{}	Retreat(2) ; Attack(Attack { energy_required: [Fighting], title: "Stretch Kick", fixed_damage: 0, ef...
8	km3	3	162	state	48	ON THE BOARD	ON THE BOARD	no				{"coin_queued_offered": [48], "coin_queued_offered_any": [48]}	
8	km3	3	168	state	16	ON THE BOARD	ON THE BOARD	no				{"coin_queued_offered": [16], "coin_queued_offered_any": [16]}	
8	km3	3	172	state	39	ON THE BOARD	ON THE BOARD	no				{"coin_queued_offered": [39], "coin_queued_offered_any": [39]}	
8	km3	3	174	state	19	ON THE BOARD	ON THE BOARD	no				{"coin_queued_offered": [19], "coin_queued_offered_any": [19]}	
8	km3	3	175	state	25	ON THE BOARD	ON THE BOARD	no				{"coin_queued_offered": [25], "coin_queued_offered_any": [25]}	
8	km3	3	176	state	82	ON THE BOARD	ON THE BOARD	no				{"coin_queued_offered": [82], "coin_queued_offered_any": [82]}	
8	km3	3	181	state	26	ON THE BOARD	ON THE BOARD	no				{"coin_queued_offered": [26], "coin_queued_offered_any": [26]}	
8	km3	3	183	lookahead	13	LOOKAHEAD ONLY, both halves hold	LOOKAHEAD ONLY, both halves hold	no	{"cut": null, "free": true, "queued": 1}	{"cut": null, "free": true, "queued": 1, "truncated": false}	{"built": null}	{}	Attack(Attack { energy_required: [Fighting], title: "Stretch Kick", fixed_damage: 0, ef...
8	km3	3	185	lookahead	10	LOOKAHEAD ONLY, both halves hold	LOOKAHEAD ONLY, both halves hold	no	{"cut": null, "free": true, "queued": 2}	{"cut": null, "free": true, "queued": 2, "truncated": false}	{"built": null}	{}	Attach { attachments: [(1, Fighting, 0)], is_turn_energy: true } ; Attack(Attack { energy_required: [Fighting], title: "Stretch Kick", fixed_damage: 0, ef...
8	km3	3	194	lookahead	12	LOOKAHEAD ONLY, both halves hold	LOOKAHEAD ONLY, both halves hold	no	{"cut": null, "free": true, "queued": 2}	{"cut": null, "free": true, "queued": 2, "truncated": false}	{"built": null}	{}	Attach { attachments: [(1, Fighting, 0)], is_turn_energy: true } ; Attack(Attack { energy_required: [Fighting], title: "Stretch Kick", fixed_damage: 0, ef...
8	km3	3	196	state	44	ON THE BOARD	ON THE BOARD	no				{"coin_queued_offered": [44], "coin_queued_offered_any": [44]}	
8	km3	3	198	lookahead	19	LOOKAHEAD ONLY, both halves hold	LOOKAHEAD ONLY, both halves hold	no	{"cut": null, "free": true, "queued": 2}	{"cut": null, "free": true, "queued": 2, "truncated": false}	{"built": null}	{}	Attach { attachments: [(1, Fighting, 0)], is_turn_energy: true } ; Attack(Attack { energy_required: [Fighting], title: "Stretch Kick", fixed_damage: 0, ef...
8	km3	3	199	state	19	ON THE BOARD	ON THE BOARD	no				{"coin_queued_offered": [19], "coin_queued_offered_any": [19]}	
8	km3	3	202	state	18	ON THE BOARD	ON THE BOARD	no				{"coin_queued_offered": [18], "coin_queued_offered_any": [18]}	
8	km3	3	204	lookahead	22	LOOKAHEAD ONLY, both halves hold	LOOKAHEAD ONLY, both halves hold	no	{"cut": null, "free": true, "queued": 2}	{"cut": null, "free": true, "queued": 2, "truncated": false}	{"built": null}	{}	Attach { attachments: [(1, Fighting, 0)], is_turn_energy: true } ; Attack(Attack { energy_required: [Fighting], title: "Stretch Kick", fixed_damage: 0, ef...
8	km3	3	210	lookahead	10	LOOKAHEAD ONLY, both halves hold	LOOKAHEAD ONLY, both halves hold	no	{"cut": null, "free": true, "queued": 2}	{"cut": null, "free": true, "queued": 2, "truncated": false}	{"built": null}	{}	Attach { attachments: [(1, Fighting, 0)], is_turn_energy: true } ; Attack(Attack { energy_required: [Fighting], title: "Stretch Kick", fixed_damage: 0, ef...
8	km3	3	213	state	17	ON THE BOARD	ON THE BOARD	no				{"coin_queued_offered": [17], "coin_queued_offered_any": [17]}	
8	km3	3	214	lookahead	14	LOOKAHEAD ONLY, both halves hold	LOOKAHEAD ONLY, both halves hold	no	{"cut": null, "free": true, "queued": 2}	{"cut": null, "free": true, "queued": 2, "truncated": false}	{"built": null}	{}	Attach { attachments: [(1, Fighting, 0)], is_turn_energy: true } ; Attack(Attack { energy_required: [Fighting], title: "Stretch Kick", fixed_damage: 0, ef...
8	km3	3	215	lookahead	15	LOOKAHEAD ONLY, both halves hold	LOOKAHEAD ONLY, both halves hold	no	{"cut": null, "free": true, "queued": 1}	{"cut": null, "free": true, "queued": 1, "truncated": false}	{"built": null}	{}	Attack(Attack { energy_required: [Fighting], title: "Stretch Kick", fixed_damage: 0, ef...
8	km3	3	216	state	63	ON THE BOARD	ON THE BOARD	no				{"coin_queued_offered": [63], "coin_queued_offered_any": [63]}	
8	km3	3	217	lookahead	12	LOOKAHEAD ONLY, both halves hold	LOOKAHEAD ONLY, both halves hold	no	{"cut": null, "free": true, "queued": 3}	{"cut": null, "free": true, "queued": 3, "truncated": false}	{"built": null}	{}	Attach { attachments: [(1, Fighting, 2)], is_turn_energy: true } ; Retreat(2) ; Attack(Attack { energy_required: [Fighting], title: "Stretch Kick", fixed_damage: 0, ef...
8	km3	3	226	state	96	ON THE BOARD	ON THE BOARD	no				{"coin_queued_offered": [96], "coin_queued_offered_any": [96]}	
8	km3	3	230	state	47	ON THE BOARD	ON THE BOARD	no				{"coin_queued_offered": [47], "coin_queued_offered_any": [47]}	
8	km3	3	231	lookahead	16	LOOKAHEAD ONLY, both halves hold	LOOKAHEAD ONLY, both halves hold	no	{"cut": null, "free": true, "queued": 2}	{"cut": null, "free": true, "queued": 2, "truncated": false}	{"built": null}	{}	Attach { attachments: [(1, Fighting, 0)], is_turn_energy: true } ; Attack(Attack { energy_required: [Fighting], title: "Stretch Kick", fixed_damage: 0, ef...
8	km3	3	238	state	15	ON THE BOARD	ON THE BOARD	no				{"coin_queued_offered": [15], "coin_queued_offered_any": [15]}	
8	km3	3	240	state	61	ON THE BOARD	ON THE BOARD	no				{"coin_queued_offered": [61], "coin_queued_offered_any": [61]}	
8	km3	3	243	state	23	ON THE BOARD	ON THE BOARD	no				{"coin_queued_offered": [23], "coin_queued_offered_any": [23]}	
8	km3	3	249	state	17	ON THE BOARD	ON THE BOARD	no				{"coin_queued_offered": [17], "coin_queued_offered_any": [17]}	
8	km3	3	251	state	17	ON THE BOARD	ON THE BOARD	no				{"coin_queued_offered": [17], "coin_queued_offered_any": [17]}	
8	km3	3	252	state	65	ON THE BOARD	ON THE BOARD	no				{"coin_queued_offered": [65], "coin_queued_offered_any": [65]}	
8	km3	3	257	state	56	ON THE BOARD	ON THE BOARD	no				{"coin_queued_offered": [56], "coin_queued_offered_any": [56]}	
8	km3	3	258	lookahead	12	LOOKAHEAD ONLY, both halves hold	LOOKAHEAD ONLY, both halves hold	no	{"cut": null, "free": true, "queued": 3}	{"cut": null, "free": true, "queued": 3, "truncated": false}	{"built": null}	{}	Attach { attachments: [(1, Fighting, 2)], is_turn_energy: true } ; Retreat(2) ; Attack(Attack { energy_required: [Fighting], title: "Stretch Kick", fixed_damage: 0, ef...
8	km3	3	264	state	52	ON THE BOARD	ON THE BOARD	no				{"coin_queued_offered": [52], "coin_queued_offered_any": [52]}	
8	km3	3	272	lookahead	13	LOOKAHEAD ONLY, both halves hold	LOOKAHEAD ONLY, both halves hold	no	{"cut": null, "free": true, "queued": 1}	{"cut": null, "free": true, "queued": 1, "truncated": false}	{"built": null}	{}	Attack(Attack { energy_required: [Fighting], title: "Stretch Kick", fixed_damage: 0, ef...
8	km3	3	274	lookahead	29	LOOKAHEAD ONLY, both halves hold	LOOKAHEAD ONLY, both halves hold	no	{"cut": null, "free": true, "queued": 2}	{"cut": null, "free": true, "queued": 2, "truncated": false}	{"built": null}	{}	Attach { attachments: [(1, Fighting, 0)], is_turn_energy: true } ; Attack(Attack { energy_required: [Fighting], title: "Stretch Kick", fixed_damage: 0, ef...
8	km3	3	276	lookahead	13	LOOKAHEAD ONLY, both halves hold	LOOKAHEAD ONLY, both halves hold	no	{"cut": null, "free": true, "queued": 1}	{"cut": null, "free": true, "queued": 1, "truncated": false}	{"built": null}	{}	Attack(Attack { energy_required: [Fighting], title: "Stretch Kick", fixed_damage: 0, ef...
8	km3	3	280	lookahead	17	LOOKAHEAD ONLY, both halves hold	LOOKAHEAD ONLY, both halves hold	no	{"cut": null, "free": true, "queued": 1}	{"cut": null, "free": true, "queued": 1, "truncated": false}	{"built": null}	{}	Attack(Attack { energy_required: [Fighting], title: "Stretch Kick", fixed_damage: 0, ef...
8	km3	3	282	state	15	ON THE BOARD	ON THE BOARD	no				{"coin_queued_offered": [15], "coin_queued_offered_any": [15]}	
8	km3	3	283	state	18	ON THE BOARD	ON THE BOARD	no				{"coin_queued_offered": [18], "coin_queued_offered_any": [18]}	
8	km3	3	286	state	18	ON THE BOARD	ON THE BOARD	no				{"coin_queued_offered": [18], "coin_queued_offered_any": [18]}	
8	km3	3	288	state	20	ON THE BOARD	ON THE BOARD	no				{"coin_queued_offered": [20], "coin_queued_offered_any": [20]}	
8	km3	3	291	lookahead	11	LOOKAHEAD ONLY, both halves hold	LOOKAHEAD ONLY, both halves hold	no	{"cut": null, "free": true, "queued": 3}	{"cut": null, "free": true, "queued": 3, "truncated": false}	{"built": null}	{}	Attach { attachments: [(1, Fighting, 3)], is_turn_energy: true } ; Retreat(3) ; Attack(Attack { energy_required: [Fighting], title: "Stretch Kick", fixed_damage: 0, ef...
8	km3	3	293	state	30	ON THE BOARD	ON THE BOARD	no				{"coin_queued_offered": [30], "coin_queued_offered_any": [30]}	
8	km3	3	296	state	16	ON THE BOARD	ON THE BOARD	no				{"coin_queued_offered": [16], "coin_queued_offered_any": [16]}	
8	km3	3	301	state	17	ON THE BOARD	ON THE BOARD	no				{"coin_queued_offered": [17], "coin_queued_offered_any": [17]}	
8	km3	3	304	state	19	ON THE BOARD	ON THE BOARD	no				{"coin_queued_offered": [19], "coin_queued_offered_any": [19]}	
8	km3	3	307	lookahead	14	LOOKAHEAD ONLY, both halves hold	LOOKAHEAD ONLY, both halves hold	no	{"cut": null, "free": true, "queued": 2}	{"cut": null, "free": true, "queued": 2, "truncated": false}	{"built": null}	{}	Attach { attachments: [(1, Fighting, 0)], is_turn_energy: true } ; Attack(Attack { energy_required: [Fighting], title: "Stretch Kick", fixed_damage: 0, ef...
8	km3	3	311	lookahead	15	LOOKAHEAD ONLY, both halves hold	LOOKAHEAD ONLY, both halves hold	no	{"cut": null, "free": true, "queued": 2}	{"cut": null, "free": true, "queued": 2, "truncated": false}	{"built": null}	{}	Attach { attachments: [(1, Fighting, 0)], is_turn_energy: true } ; Attack(Attack { energy_required: [Fighting], title: "Stretch Kick", fixed_damage: 0, ef...
8	km3	3	318	lookahead	9	LOOKAHEAD ONLY, both halves hold	LOOKAHEAD ONLY, both halves hold	no	{"cut": null, "free": true, "queued": 2}	{"cut": null, "free": true, "queued": 2, "truncated": false}	{"built": null}	{}	Attach { attachments: [(1, Fighting, 0)], is_turn_energy: true } ; Attack(Attack { energy_required: [Fighting], title: "Stretch Kick", fixed_damage: 0, ef...
8	km3	3	321	state	31	ON THE BOARD	ON THE BOARD	no				{"coin_queued_offered": [31], "coin_queued_offered_any": [31]}	
8	km3	3	325	lookahead	42	LOOKAHEAD ONLY, both halves hold	LOOKAHEAD ONLY, both halves hold	no	{"cut": null, "free": true, "queued": 2}	{"cut": null, "free": true, "queued": 2, "truncated": false}	{"built": null}	{}	Attach { attachments: [(1, Fighting, 0)], is_turn_energy: true } ; Attack(Attack { energy_required: [Fighting], title: "Stretch Kick", fixed_damage: 0, ef...
8	km3	3	327	state	13	ON THE BOARD	ON THE BOARD	no				{"coin_queued_offered": [13], "coin_queued_offered_any": [13]}	
8	km3	3	332	lookahead	18	LOOKAHEAD ONLY, both halves hold	LOOKAHEAD ONLY, both halves hold	no	{"cut": null, "free": true, "queued": 2}	{"cut": null, "free": true, "queued": 2, "truncated": false}	{"built": null}	{}	Attach { attachments: [(1, Fighting, 0)], is_turn_energy: true } ; Attack(Attack { energy_required: [Fighting], title: "Stretch Kick", fixed_damage: 0, ef...
8	km3	3	335	lookahead	13	LOOKAHEAD ONLY, both halves hold	LOOKAHEAD ONLY, both halves hold	no	{"cut": null, "free": true, "queued": 2}	{"cut": null, "free": true, "queued": 2, "truncated": false}	{"built": null}	{}	Attach { attachments: [(1, Fighting, 0)], is_turn_energy: true } ; Attack(Attack { energy_required: [Fighting], title: "Stretch Kick", fixed_damage: 0, ef...
8	km3	3	336	state	18	ON THE BOARD	ON THE BOARD	no				{"coin_queued_offered": [18], "coin_queued_offered_any": [18]}	
8	km3	3	337	lookahead	13	LOOKAHEAD ONLY, both halves hold	LOOKAHEAD ONLY, both halves hold	no	{"cut": null, "free": true, "queued": 2}	{"cut": null, "free": true, "queued": 2, "truncated": false}	{"built": null}	{}	Retreat(3) ; Attack(Attack { energy_required: [Fighting], title: "Stretch Kick", fixed_damage: 0, ef...
8	km3	3	338	state	20	ON THE BOARD	ON THE BOARD	no				{"coin_queued_offered": [20], "coin_queued_offered_any": [20]}	
8	km3	3	340	state	38	ON THE BOARD	ON THE BOARD	no				{"coin_queued_offered": [38], "coin_queued_offered_any": [38]}	
8	km3	3	346	state	34	ON THE BOARD	ON THE BOARD	no				{"coin_queued_offered": [34], "coin_queued_offered_any": [34]}	
8	km3	3	349	lookahead	17	LOOKAHEAD ONLY, both halves hold	LOOKAHEAD ONLY, both halves hold	no	{"cut": null, "free": true, "queued": 2}	{"cut": null, "free": true, "queued": 2, "truncated": false}	{"built": null}	{}	Retreat(2) ; Attack(Attack { energy_required: [Fighting], title: "Stretch Kick", fixed_damage: 0, ef...
8	km3	3	350	lookahead	34	LOOKAHEAD ONLY, both halves hold	LOOKAHEAD ONLY, both halves hold	no	{"cut": null, "free": true, "queued": 1}	{"cut": null, "free": true, "queued": 1, "truncated": false}	{"built": null}	{}	Attack(Attack { energy_required: [Fighting], title: "Stretch Kick", fixed_damage: 0, ef...
8	km3	3	354	lookahead	13	LOOKAHEAD ONLY, both halves hold	LOOKAHEAD ONLY, both halves hold	no	{"cut": null, "free": true, "queued": 3}	{"cut": null, "free": true, "queued": 3, "truncated": false}	{"built": null}	{}	Attach { attachments: [(1, Fighting, 2)], is_turn_energy: true } ; Retreat(2) ; Attack(Attack { energy_required: [Fighting], title: "Stretch Kick", fixed_damage: 0, ef...
8	km3	3	358	lookahead	17	LOOKAHEAD ONLY, both halves hold	LOOKAHEAD ONLY, both halves hold	no	{"cut": null, "free": true, "queued": 1}	{"cut": null, "free": true, "queued": 1, "truncated": false}	{"built": null}	{}	Attack(Attack { energy_required: [Fighting], title: "Stretch Kick", fixed_damage: 0, ef...
8	km3	3	366	state	64	ON THE BOARD	ON THE BOARD	no				{"coin_queued_offered": [64], "coin_queued_offered_any": [64]}	
8	km3	3	368	state	20	ON THE BOARD	ON THE BOARD	no				{"coin_queued_offered": [20], "coin_queued_offered_any": [20]}	
8	km3	3	371	state	17	ON THE BOARD	ON THE BOARD	no				{"coin_queued_offered": [17], "coin_queued_offered_any": [17]}	
8	km3	3	373	state	15	ON THE BOARD	ON THE BOARD	no				{"coin_queued_offered": [15], "coin_queued_offered_any": [15]}	
8	km3	3	378	lookahead	53	LOOKAHEAD ONLY, both halves hold	LOOKAHEAD ONLY, both halves hold	no	{"cut": null, "free": false, "queued": 2}	{"cut": null, "free": false, "queued": 2, "truncated": false}	{"built": null}	{}	Retreat(3) ; Attack(Attack { energy_required: [Fighting], title: "Stretch Kick", fixed_damage: 0, ef...
8	km3	3	379	state	39	ON THE BOARD	ON THE BOARD	no				{"coin_queued_offered": [39], "coin_queued_offered_any": [39]}	
8	km3	3	381	lookahead	37	LOOKAHEAD ONLY, both halves hold	LOOKAHEAD ONLY, both halves hold	no	{"cut": null, "free": true, "queued": 2}	{"cut": null, "free": true, "queued": 2, "truncated": false}	{"built": null}	{}	Attach { attachments: [(1, Fighting, 0)], is_turn_energy: true } ; Attack(Attack { energy_required: [Fighting], title: "Stretch Kick", fixed_damage: 0, ef...
8	km3	3	383	state	25	ON THE BOARD	ON THE BOARD	no				{"coin_queued_offered": [25], "coin_queued_offered_any": [25]}	
8	km3	3	385	lookahead	17	LOOKAHEAD ONLY, both halves hold	LOOKAHEAD ONLY, both halves hold	no	{"cut": null, "free": true, "queued": 1}	{"cut": null, "free": true, "queued": 1, "truncated": false}	{"built": null}	{}	Attack(Attack { energy_required: [Fighting], title: "Stretch Kick", fixed_damage: 0, ef...
8	km3	3	388	state	20	ON THE BOARD	ON THE BOARD	no				{"coin_queued_offered": [20], "coin_queued_offered_any": [20]}	
8	km3	3	390	state	73	ON THE BOARD	ON THE BOARD	no				{"coin_queued_offered": [73], "coin_queued_offered_any": [73]}	
8	km3	3	392	state	22	ON THE BOARD	ON THE BOARD	no				{"coin_queued_offered": [22], "coin_queued_offered_any": [22]}	
8	km3	3	393	lookahead	13	LOOKAHEAD ONLY, both halves hold	LOOKAHEAD ONLY, both halves hold	no	{"cut": null, "free": true, "queued": 1}	{"cut": null, "free": true, "queued": 1, "truncated": false}	{"built": null}	{}	Attack(Attack { energy_required: [Fighting], title: "Stretch Kick", fixed_damage: 0, ef...
8	km3	3	395	state	47	ON THE BOARD	ON THE BOARD	no				{"coin_queued_offered": [47], "coin_queued_offered_any": [47]}	
8	km3	3	397	state	15	ON THE BOARD	ON THE BOARD	no				{"coin_queued_offered": [15], "coin_queued_offered_any": [15]}	
8	km3	3	399	lookahead	10	LOOKAHEAD ONLY, both halves hold	LOOKAHEAD ONLY, both halves hold	no	{"cut": null, "free": true, "queued": 2}	{"cut": null, "free": true, "queued": 2, "truncated": false}	{"built": null}	{}	Attach { attachments: [(1, Fighting, 0)], is_turn_energy: true } ; Attack(Attack { energy_required: [Fighting], title: "Stretch Kick", fixed_damage: 0, ef...
8	km3	3	402	state	22	ON THE BOARD	ON THE BOARD	no				{"coin_queued_offered": [22], "coin_queued_offered_any": [22]}	
8	km3	3	404	state	89	ON THE BOARD	ON THE BOARD	no				{"coin_queued_offered": [89], "coin_queued_offered_any": [89]}	
8	km3	3	411	state	63	ON THE BOARD	ON THE BOARD	no				{"coin_queued_offered": [63], "coin_queued_offered_any": [63]}	
8	km3	3	413	lookahead	14	LOOKAHEAD ONLY, both halves hold	LOOKAHEAD ONLY, both halves hold	no	{"cut": null, "free": true, "queued": 2}	{"cut": null, "free": true, "queued": 2, "truncated": false}	{"built": null}	{}	Attach { attachments: [(1, Fighting, 0)], is_turn_energy: true } ; Attack(Attack { energy_required: [Fighting], title: "Stretch Kick", fixed_damage: 0, ef...
8	km3	3	414	state	15	ON THE BOARD	ON THE BOARD	no				{"coin_queued_offered": [15], "coin_queued_offered_any": [15]}	
8	km3	3	416	state	21	ON THE BOARD	ON THE BOARD	no				{"coin_queued_offered": [21], "coin_queued_offered_any": [21]}	
8	km3	3	421	state	19	ON THE BOARD	ON THE BOARD	no				{"coin_queued_offered": [19], "coin_queued_offered_any": [19]}	
8	km3	3	425	state	24	ON THE BOARD	ON THE BOARD	no				{"coin_queued_offered": [24], "coin_queued_offered_any": [24]}	
8	km3	3	426	state	22	ON THE BOARD	ON THE BOARD	no				{"coin_queued_offered": [22], "coin_queued_offered_any": [22]}	
8	km3	3	427	lookahead	32	LOOKAHEAD ONLY, both halves hold	LOOKAHEAD ONLY, both halves hold	no	{"cut": null, "free": true, "queued": 2}	{"cut": null, "free": true, "queued": 2, "truncated": false}	{"built": null}	{}	Attach { attachments: [(1, Fighting, 0)], is_turn_energy: true } ; Attack(Attack { energy_required: [Fighting], title: "Stretch Kick", fixed_damage: 0, ef...
8	km3	3	432	state	15	ON THE BOARD	ON THE BOARD	no				{"coin_queued_offered": [15], "coin_queued_offered_any": [15]}	
8	km3	3	434	state	24	ON THE BOARD	ON THE BOARD	no				{"coin_queued_offered": [24], "coin_queued_offered_any": [24]}	
8	km3	3	438	state	24	ON THE BOARD	ON THE BOARD	no				{"coin_queued_offered": [24], "coin_queued_offered_any": [24]}	
8	km3	3	439	state	40	ON THE BOARD	ON THE BOARD	no				{"coin_queued_offered": [40], "coin_queued_offered_any": [40]}	
8	km3	3	440	state	67	ON THE BOARD	ON THE BOARD	no				{"coin_queued_offered": [67], "coin_queued_offered_any": [67]}	
8	km3	3	455	state	42	ON THE BOARD	ON THE BOARD	no				{"coin_queued_offered": [42], "coin_queued_offered_any": [42]}	
8	km3	3	463	lookahead	36	LOOKAHEAD ONLY, both halves hold	LOOKAHEAD ONLY, both halves hold	no	{"cut": null, "free": false, "queued": 2}	{"cut": null, "free": false, "queued": 2, "truncated": false}	{"built": null}	{}	Retreat(3) ; Attack(Attack { energy_required: [Fighting], title: "Stretch Kick", fixed_damage: 0, ef...
8	km3	3	467	state	11	ON THE BOARD	ON THE BOARD	no				{"coin_queued_offered": [11], "coin_queued_offered_any": [11]}	
8	km3	3	470	state	38	ON THE BOARD	ON THE BOARD	no				{"coin_queued_offered": [38], "coin_queued_offered_any": [38]}	
8	km3	3	471	state	14	ON THE BOARD	ON THE BOARD	no				{"coin_queued_offered": [14], "coin_queued_offered_any": [14]}	
8	km3	3	473	state	14	ON THE BOARD	ON THE BOARD	no				{"coin_queued_offered": [14], "coin_queued_offered_any": [14]}	
8	km3	3	474	lookahead	18	LOOKAHEAD ONLY, both halves hold	LOOKAHEAD ONLY, both halves hold	no	{"cut": null, "free": true, "queued": 2}	{"cut": null, "free": true, "queued": 2, "truncated": false}	{"built": null}	{}	Attach { attachments: [(1, Fighting, 0)], is_turn_energy: true } ; Attack(Attack { energy_required: [Fighting], title: "Stretch Kick", fixed_damage: 0, ef...
8	km3	3	475	state	39	ON THE BOARD	ON THE BOARD	no				{"coin_queued_offered": [39], "coin_queued_offered_any": [39]}	
8	km3	3	476	lookahead	25	LOOKAHEAD ONLY, both halves hold	LOOKAHEAD ONLY, both halves hold	no	{"cut": null, "free": true, "queued": 1}	{"cut": null, "free": true, "queued": 1, "truncated": false}	{"built": null}	{}	Attack(Attack { energy_required: [Fighting], title: "Stretch Kick", fixed_damage: 0, ef...
8	km3	3	486	lookahead	14	LOOKAHEAD ONLY, both halves hold	LOOKAHEAD ONLY, both halves hold	no	{"cut": null, "free": true, "queued": 1}	{"cut": null, "free": true, "queued": 1, "truncated": false}	{"built": null}	{}	Attack(Attack { energy_required: [Fighting], title: "Stretch Kick", fixed_damage: 0, ef...
8	km3	3	487	state	38	ON THE BOARD	ON THE BOARD	no				{"coin_queued_offered": [38], "coin_queued_offered_any": [38]}	
8	km3	3	488	state	20	ON THE BOARD	ON THE BOARD	no				{"coin_queued_offered": [20], "coin_queued_offered_any": [20]}	
8	km3	3	491	state	22	ON THE BOARD	ON THE BOARD	no				{"coin_queued_offered": [22], "coin_queued_offered_any": [22]}	
8	km3	3	492	state	19	ON THE BOARD	ON THE BOARD	no				{"coin_queued_offered": [19], "coin_queued_offered_any": [19]}	
8	km3	3	493	lookahead	13	LOOKAHEAD ONLY, both halves hold	LOOKAHEAD ONLY, both halves hold	no	{"cut": null, "free": true, "queued": 2}	{"cut": null, "free": true, "queued": 2, "truncated": false}	{"built": null}	{}	Retreat(3) ; Attack(Attack { energy_required: [Fighting], title: "Stretch Kick", fixed_damage: 0, ef...
8	km3	3	497	state	25	ON THE BOARD	ON THE BOARD	no				{"coin_queued_offered": [25], "coin_queued_offered_any": [25]}	
8	k3	3	5	state	27	ON THE BOARD	ON THE BOARD	no				{"coin_queued_offered": [27], "coin_queued_offered_any": [27]}	
8	k3	3	9	state	14	ON THE BOARD	ON THE BOARD	no				{"coin_queued_offered": [14], "coin_queued_offered_any": [14]}	
8	k3	3	14	lookahead	19	LOOKAHEAD ONLY, both halves hold	LOOKAHEAD ONLY, both halves hold	no	{"cut": null, "free": true, "queued": 2}	{"cut": null, "free": true, "queued": 2, "truncated": false}	{"built": null}	{}	Attach { attachments: [(1, Fighting, 0)], is_turn_energy: true } ; Attack(Attack { energy_required: [Fighting], title: "Stretch Kick", fixed_damage: 0, ef...
8	k3	3	15	state	26	ON THE BOARD	ON THE BOARD	no				{"coin_queued_offered": [26], "coin_queued_offered_any": [26]}	
8	k3	3	18	lookahead	69	LOOKAHEAD ONLY, both halves hold	LOOKAHEAD ONLY, both halves hold	no	{"cut": null, "free": false, "queued": 2}	{"cut": null, "free": false, "queued": 2, "truncated": false}	{"built": null}	{}	Retreat(2) ; Attack(Attack { energy_required: [Fighting], title: "Stretch Kick", fixed_damage: 0, ef...
8	k3	3	21	lookahead	9	LOOKAHEAD ONLY, both halves hold	LOOKAHEAD ONLY, both halves hold	no	{"cut": null, "free": true, "queued": 2}	{"cut": null, "free": true, "queued": 2, "truncated": false}	{"built": null}	{}	Attach { attachments: [(1, Fighting, 0)], is_turn_energy: true } ; Attack(Attack { energy_required: [Fighting], title: "Stretch Kick", fixed_damage: 0, ef...
8	k3	3	22	lookahead	12	LOOKAHEAD ONLY, both halves hold	LOOKAHEAD ONLY, both halves hold	no	{"cut": null, "free": true, "queued": 3}	{"cut": null, "free": true, "queued": 3, "truncated": false}	{"built": null}	{}	Attach { attachments: [(1, Fighting, 2)], is_turn_energy: true } ; Retreat(2) ; Attack(Attack { energy_required: [Fighting], title: "Stretch Kick", fixed_damage: 0, ef...
8	k3	3	23	state	70	ON THE BOARD	ON THE BOARD	no				{"coin_queued_offered": [70], "coin_queued_offered_any": [70]}	
8	k3	3	24	state	21	ON THE BOARD	ON THE BOARD	no				{"coin_queued_offered": [21], "coin_queued_offered_any": [21]}	
8	k3	3	27	lookahead	19	LOOKAHEAD ONLY, both halves hold	LOOKAHEAD ONLY, both halves hold	no	{"cut": null, "free": true, "queued": 1}	{"cut": null, "free": true, "queued": 1, "truncated": false}	{"built": null}	{}	Attack(Attack { energy_required: [Fighting], title: "Stretch Kick", fixed_damage: 0, ef...
8	k3	3	29	lookahead	20	LOOKAHEAD ONLY, both halves hold	LOOKAHEAD ONLY, both halves hold	no	{"cut": null, "free": true, "queued": 2}	{"cut": null, "free": true, "queued": 2, "truncated": false}	{"built": null}	{}	Attach { attachments: [(1, Fighting, 0)], is_turn_energy: true } ; Attack(Attack { energy_required: [Fighting], title: "Stretch Kick", fixed_damage: 0, ef...
8	k3	3	30	state	21	ON THE BOARD	ON THE BOARD	no				{"coin_queued_offered": [21], "coin_queued_offered_any": [21]}	
8	k3	3	31	lookahead	10	LOOKAHEAD ONLY, both halves hold	LOOKAHEAD ONLY, both halves hold	no	{"cut": null, "free": true, "queued": 2}	{"cut": null, "free": true, "queued": 2, "truncated": false}	{"built": null}	{}	Attach { attachments: [(1, Fighting, 0)], is_turn_energy: true } ; Attack(Attack { energy_required: [Fighting], title: "Stretch Kick", fixed_damage: 0, ef...
8	k3	3	33	state	17	ON THE BOARD	ON THE BOARD	no				{"coin_queued_offered": [17], "coin_queued_offered_any": [17]}	
8	k3	3	35	state	48	ON THE BOARD	ON THE BOARD	no				{"coin_queued_offered": [48], "coin_queued_offered_any": [48]}	
8	k3	3	37	state	16	ON THE BOARD	ON THE BOARD	no				{"coin_queued_offered": [16], "coin_queued_offered_any": [16]}	
8	k3	3	45	state	56	ON THE BOARD	ON THE BOARD	no				{"coin_queued_offered": [56], "coin_queued_offered_any": [56]}	
8	k3	3	46	state	45	ON THE BOARD	ON THE BOARD	no				{"coin_queued_offered": [45], "coin_queued_offered_any": [45]}	
8	k3	3	49	lookahead	9	LOOKAHEAD ONLY, both halves hold	LOOKAHEAD ONLY, both halves hold	no	{"cut": null, "free": true, "queued": 2}	{"cut": null, "free": true, "queued": 2, "truncated": false}	{"built": null}	{}	Attach { attachments: [(1, Fighting, 0)], is_turn_energy: true } ; Attack(Attack { energy_required: [Fighting], title: "Stretch Kick", fixed_damage: 0, ef...
8	k3	3	51	lookahead	14	LOOKAHEAD ONLY, both halves hold	LOOKAHEAD ONLY, both halves hold	no	{"cut": null, "free": true, "queued": 2}	{"cut": null, "free": true, "queued": 2, "truncated": false}	{"built": null}	{}	Attach { attachments: [(1, Fighting, 0)], is_turn_energy: true } ; Attack(Attack { energy_required: [Fighting], title: "Stretch Kick", fixed_damage: 0, ef...
8	k3	3	53	state	38	ON THE BOARD	ON THE BOARD	no				{"coin_queued_offered": [38], "coin_queued_offered_any": [38]}	
8	k3	3	54	state	17	ON THE BOARD	ON THE BOARD	no				{"coin_queued_offered": [17], "coin_queued_offered_any": [17]}	
8	k3	3	56	state	28	ON THE BOARD	ON THE BOARD	no				{"coin_queued_offered": [28], "coin_queued_offered_any": [28]}	
8	k3	3	58	state	25	ON THE BOARD	ON THE BOARD	no				{"coin_queued_offered": [25], "coin_queued_offered_any": [25]}	
8	k3	3	62	lookahead	13	LOOKAHEAD ONLY, both halves hold	LOOKAHEAD ONLY, both halves hold	no	{"cut": null, "free": true, "queued": 2}	{"cut": null, "free": true, "queued": 2, "truncated": false}	{"built": null}	{}	Attach { attachments: [(1, Fighting, 0)], is_turn_energy: true } ; Attack(Attack { energy_required: [Fighting], title: "Stretch Kick", fixed_damage: 0, ef...
8	k3	3	65	state	18	ON THE BOARD	ON THE BOARD	no				{"coin_queued_offered": [18], "coin_queued_offered_any": [18]}	
8	k3	3	66	state	30	ON THE BOARD	ON THE BOARD	no				{"coin_queued_offered": [30], "coin_queued_offered_any": [30]}	
8	k3	3	83	state	46	ON THE BOARD	ON THE BOARD	no				{"coin_queued_offered": [46], "coin_queued_offered_any": [46]}	
8	k3	3	87	state	22	ON THE BOARD	ON THE BOARD	no				{"coin_queued_offered": [22], "coin_queued_offered_any": [22]}	
8	k3	3	88	lookahead	35	LOOKAHEAD ONLY, both halves hold	LOOKAHEAD ONLY, both halves hold	no	{"cut": null, "free": true, "queued": 2}	{"cut": null, "free": true, "queued": 2, "truncated": false}	{"built": null}	{}	Attach { attachments: [(1, Fighting, 0)], is_turn_energy: true } ; Attack(Attack { energy_required: [Fighting], title: "Stretch Kick", fixed_damage: 0, ef...
8	k3	3	92	state	15	ON THE BOARD	ON THE BOARD	no				{"coin_queued_offered": [15], "coin_queued_offered_any": [15]}	
8	k3	3	94	state	14	ON THE BOARD	ON THE BOARD	no				{"coin_queued_offered": [14], "coin_queued_offered_any": [14]}	
8	k3	3	97	lookahead	13	LOOKAHEAD ONLY, both halves hold	LOOKAHEAD ONLY, both halves hold	no	{"cut": null, "free": true, "queued": 2}	{"cut": null, "free": true, "queued": 2, "truncated": false}	{"built": null}	{}	Attach { attachments: [(1, Fighting, 0)], is_turn_energy: true } ; Attack(Attack { energy_required: [Fighting], title: "Stretch Kick", fixed_damage: 0, ef...
8	k3	3	99	lookahead	15	LOOKAHEAD ONLY, both halves hold	LOOKAHEAD ONLY, both halves hold	no	{"cut": null, "free": true, "queued": 1}	{"cut": null, "free": true, "queued": 1, "truncated": false}	{"built": null}	{}	Attack(Attack { energy_required: [Fighting], title: "Stretch Kick", fixed_damage: 0, ef...
8	k3	3	101	state	14	ON THE BOARD	ON THE BOARD	no				{"coin_queued_offered": [14], "coin_queued_offered_any": [14]}	
8	k3	3	102	lookahead	14	LOOKAHEAD ONLY, both halves hold	LOOKAHEAD ONLY, both halves hold	no	{"cut": null, "free": true, "queued": 1}	{"cut": null, "free": true, "queued": 1, "truncated": false}	{"built": null}	{}	Attack(Attack { energy_required: [Fighting], title: "Stretch Kick", fixed_damage: 0, ef...
8	k3	3	109	state	22	ON THE BOARD	ON THE BOARD	no				{"coin_queued_offered": [22], "coin_queued_offered_any": [22]}	
8	k3	3	113	state	23	ON THE BOARD	ON THE BOARD	no				{"coin_queued_offered": [23], "coin_queued_offered_any": [23]}	
8	k3	3	116	lookahead	14	LOOKAHEAD ONLY, both halves hold	LOOKAHEAD ONLY, both halves hold	no	{"cut": null, "free": true, "queued": 1}	{"cut": null, "free": true, "queued": 1, "truncated": false}	{"built": null}	{}	Attack(Attack { energy_required: [Fighting], title: "Stretch Kick", fixed_damage: 0, ef...
8	k3	3	117	lookahead	17	LOOKAHEAD ONLY, both halves hold	LOOKAHEAD ONLY, both halves hold	no	{"cut": null, "free": true, "queued": 2}	{"cut": null, "free": true, "queued": 2, "truncated": false}	{"built": null}	{}	Attach { attachments: [(1, Fighting, 0)], is_turn_energy: true } ; Attack(Attack { energy_required: [Fighting], title: "Stretch Kick", fixed_damage: 0, ef...
8	k3	3	120	state	17	ON THE BOARD	ON THE BOARD	no				{"coin_queued_offered": [17], "coin_queued_offered_any": [17]}	
8	k3	3	121	state	35	ON THE BOARD	ON THE BOARD	no				{"coin_queued_offered": [35], "coin_queued_offered_any": [35]}	
8	k3	3	122	lookahead	14	LOOKAHEAD ONLY, both halves hold	LOOKAHEAD ONLY, both halves hold	no	{"cut": null, "free": true, "queued": 2}	{"cut": null, "free": true, "queued": 2, "truncated": false}	{"built": null}	{}	Attach { attachments: [(1, Fighting, 0)], is_turn_energy: true } ; Attack(Attack { energy_required: [Fighting], title: "Stretch Kick", fixed_damage: 0, ef...
8	k3	3	123	lookahead	12	LOOKAHEAD ONLY, both halves hold	LOOKAHEAD ONLY, both halves hold	no	{"cut": null, "free": true, "queued": 2}	{"cut": null, "free": true, "queued": 2, "truncated": false}	{"built": null}	{}	Attach { attachments: [(1, Fighting, 0)], is_turn_energy: true } ; Attack(Attack { energy_required: [Fighting], title: "Stretch Kick", fixed_damage: 0, ef...
8	k3	3	126	state	38	ON THE BOARD	ON THE BOARD	no				{"coin_queued_offered": [38], "coin_queued_offered_any": [38]}	
8	k3	3	129	state	23	ON THE BOARD	ON THE BOARD	no				{"coin_queued_offered": [23], "coin_queued_offered_any": [23]}	
8	k3	3	131	state	36	ON THE BOARD	ON THE BOARD	no				{"coin_queued_offered": [36], "coin_queued_offered_any": [36]}	
8	k3	3	133	lookahead	10	LOOKAHEAD ONLY, both halves hold	LOOKAHEAD ONLY, both halves hold	no	{"cut": null, "free": true, "queued": 2}	{"cut": null, "free": true, "queued": 2, "truncated": false}	{"built": null}	{}	Attach { attachments: [(1, Fighting, 0)], is_turn_energy: true } ; Attack(Attack { energy_required: [Fighting], title: "Stretch Kick", fixed_damage: 0, ef...
8	k3	3	136	state	21	ON THE BOARD	ON THE BOARD	no				{"coin_queued_offered": [21], "coin_queued_offered_any": [21]}	
8	k3	3	140	state	32	ON THE BOARD	ON THE BOARD	no				{"coin_queued_offered": [32], "coin_queued_offered_any": [32]}	
8	k3	3	141	lookahead	50	LOOKAHEAD ONLY, both halves hold	LOOKAHEAD ONLY, both halves hold	no	{"cut": null, "free": false, "queued": 2}	{"cut": null, "free": false, "queued": 2, "truncated": false}	{"built": null}	{}	Retreat(3) ; Attack(Attack { energy_required: [Fighting], title: "Stretch Kick", fixed_damage: 0, ef...
8	k3	3	145	state	38	ON THE BOARD	ON THE BOARD	no				{"coin_queued_offered": [38], "coin_queued_offered_any": [38]}	
8	k3	3	150	lookahead	9	LOOKAHEAD ONLY, both halves hold	LOOKAHEAD ONLY, both halves hold	no	{"cut": null, "free": true, "queued": 2}	{"cut": null, "free": true, "queued": 2, "truncated": false}	{"built": null}	{}	Attach { attachments: [(1, Fighting, 0)], is_turn_energy: true } ; Attack(Attack { energy_required: [Fighting], title: "Stretch Kick", fixed_damage: 0, ef...
8	k3	3	157	state	13	ON THE BOARD	ON THE BOARD	no				{"coin_queued_offered": [13], "coin_queued_offered_any": [13]}	
8	k3	3	164	lookahead	69	LOOKAHEAD ONLY, both halves hold	LOOKAHEAD ONLY, both halves hold	no	{"cut": null, "free": true, "queued": 1}	{"cut": null, "free": true, "queued": 1, "truncated": false}	{"built": null}	{}	Attack(Attack { energy_required: [Fighting], title: "Stretch Kick", fixed_damage: 0, ef...
8	k3	3	168	state	16	ON THE BOARD	ON THE BOARD	no				{"coin_queued_offered": [16], "coin_queued_offered_any": [16]}	
8	k3	3	172	state	39	ON THE BOARD	ON THE BOARD	no				{"coin_queued_offered": [39], "coin_queued_offered_any": [39]}	
8	k3	3	174	state	18	ON THE BOARD	ON THE BOARD	no				{"coin_queued_offered": [18], "coin_queued_offered_any": [18]}	
8	k3	3	175	state	25	ON THE BOARD	ON THE BOARD	no				{"coin_queued_offered": [25], "coin_queued_offered_any": [25]}	
8	k3	3	181	state	25	ON THE BOARD	ON THE BOARD	no				{"coin_queued_offered": [25], "coin_queued_offered_any": [25]}	
8	k3	3	183	lookahead	13	LOOKAHEAD ONLY, both halves hold	LOOKAHEAD ONLY, both halves hold	no	{"cut": null, "free": true, "queued": 1}	{"cut": null, "free": true, "queued": 1, "truncated": false}	{"built": null}	{}	Attack(Attack { energy_required: [Fighting], title: "Stretch Kick", fixed_damage: 0, ef...
8	k3	3	184	state	58	ON THE BOARD	ON THE BOARD	no				{"coin_queued_offered": [58], "coin_queued_offered_any": [58]}	
8	k3	3	185	lookahead	10	LOOKAHEAD ONLY, both halves hold	LOOKAHEAD ONLY, both halves hold	no	{"cut": null, "free": true, "queued": 2}	{"cut": null, "free": true, "queued": 2, "truncated": false}	{"built": null}	{}	Attach { attachments: [(1, Fighting, 0)], is_turn_energy: true } ; Attack(Attack { energy_required: [Fighting], title: "Stretch Kick", fixed_damage: 0, ef...
8	k3	3	187	lookahead	84	LOOKAHEAD ONLY, both halves hold	LOOKAHEAD ONLY, both halves hold	no	{"cut": null, "free": false, "queued": 2}	{"cut": null, "free": false, "queued": 2, "truncated": false}	{"built": null}	{}	Retreat(2) ; Attack(Attack { energy_required: [Fighting], title: "Stretch Kick", fixed_damage: 0, ef...
8	k3	3	194	state	12	ON THE BOARD	ON THE BOARD	no				{"coin_queued_offered": [12], "coin_queued_offered_any": [12]}	
8	k3	3	196	state	31	ON THE BOARD	ON THE BOARD	no				{"coin_queued_offered": [31], "coin_queued_offered_any": [31]}	
8	k3	3	198	lookahead	19	LOOKAHEAD ONLY, both halves hold	LOOKAHEAD ONLY, both halves hold	no	{"cut": null, "free": true, "queued": 2}	{"cut": null, "free": true, "queued": 2, "truncated": false}	{"built": null}	{}	Attach { attachments: [(1, Fighting, 0)], is_turn_energy: true } ; Attack(Attack { energy_required: [Fighting], title: "Stretch Kick", fixed_damage: 0, ef...
8	k3	3	200	state	38	ON THE BOARD	ON THE BOARD	no				{"coin_queued_offered": [38], "coin_queued_offered_any": [38]}	
8	k3	3	202	state	18	ON THE BOARD	ON THE BOARD	no				{"coin_queued_offered": [18], "coin_queued_offered_any": [18]}	
8	k3	3	204	state	49	ON THE BOARD	ON THE BOARD	no				{"coin_queued_offered": [49], "coin_queued_offered_any": [49]}	
8	k3	3	206	state	51	ON THE BOARD	ON THE BOARD	no				{"coin_queued_offered": [51], "coin_queued_offered_any": [51]}	
8	k3	3	207	lookahead	61	LOOKAHEAD ONLY, both halves hold	LOOKAHEAD ONLY, both halves hold	no	{"cut": null, "free": false, "queued": 2}	{"cut": null, "free": false, "queued": 2, "truncated": false}	{"built": null}	{}	Retreat(1) ; Attack(Attack { energy_required: [Fighting], title: "Stretch Kick", fixed_damage: 0, ef...
8	k3	3	210	lookahead	10	LOOKAHEAD ONLY, both halves hold	LOOKAHEAD ONLY, both halves hold	no	{"cut": null, "free": true, "queued": 2}	{"cut": null, "free": true, "queued": 2, "truncated": false}	{"built": null}	{}	Attach { attachments: [(1, Fighting, 0)], is_turn_energy: true } ; Attack(Attack { energy_required: [Fighting], title: "Stretch Kick", fixed_damage: 0, ef...
8	k3	3	211	state	38	ON THE BOARD	ON THE BOARD	no				{"coin_queued_offered": [38], "coin_queued_offered_any": [38]}	
8	k3	3	214	lookahead	14	LOOKAHEAD ONLY, both halves hold	LOOKAHEAD ONLY, both halves hold	no	{"cut": null, "free": true, "queued": 2}	{"cut": null, "free": true, "queued": 2, "truncated": false}	{"built": null}	{}	Attach { attachments: [(1, Fighting, 0)], is_turn_energy: true } ; Attack(Attack { energy_required: [Fighting], title: "Stretch Kick", fixed_damage: 0, ef...
8	k3	3	215	lookahead	13	LOOKAHEAD ONLY, both halves hold	LOOKAHEAD ONLY, both halves hold	no	{"cut": null, "free": true, "queued": 2}	{"cut": null, "free": true, "queued": 2, "truncated": false}	{"built": null}	{}	Attach { attachments: [(1, Fighting, 0)], is_turn_energy: true } ; Attack(Attack { energy_required: [Fighting], title: "Stretch Kick", fixed_damage: 0, ef...
8	k3	3	217	state	15	ON THE BOARD	ON THE BOARD	no				{"coin_queued_offered": [15], "coin_queued_offered_any": [15]}	
8	k3	3	220	state	66	ON THE BOARD	ON THE BOARD	no				{"coin_queued_offered": [66], "coin_queued_offered_any": [66]}	
8	k3	3	224	state	76	ON THE BOARD	ON THE BOARD	no				{"coin_queued_offered": [76], "coin_queued_offered_any": [76]}	
8	k3	3	228	state	36	ON THE BOARD	ON THE BOARD	no				{"coin_queued_offered": [36], "coin_queued_offered_any": [36]}	
8	k3	3	229	state	38	ON THE BOARD	ON THE BOARD	no				{"coin_queued_offered": [38], "coin_queued_offered_any": [38]}	
8	k3	3	231	lookahead	15	LOOKAHEAD ONLY, both halves hold	LOOKAHEAD ONLY, both halves hold	no	{"cut": null, "free": true, "queued": 2}	{"cut": null, "free": true, "queued": 2, "truncated": false}	{"built": null}	{}	Attach { attachments: [(1, Fighting, 0)], is_turn_energy: true } ; Attack(Attack { energy_required: [Fighting], title: "Stretch Kick", fixed_damage: 0, ef...
8	k3	3	234	state	30	ON THE BOARD	ON THE BOARD	no				{"coin_queued_offered": [30], "coin_queued_offered_any": [30]}	
8	k3	3	238	lookahead	10	LOOKAHEAD ONLY, both halves hold	LOOKAHEAD ONLY, both halves hold	no	{"cut": null, "free": true, "queued": 2}	{"cut": null, "free": true, "queued": 2, "truncated": false}	{"built": null}	{}	Attach { attachments: [(1, Fighting, 0)], is_turn_energy: true } ; Attack(Attack { energy_required: [Fighting], title: "Stretch Kick", fixed_damage: 0, ef...
8	k3	3	243	state	17	ON THE BOARD	ON THE BOARD	no				{"coin_queued_offered": [17], "coin_queued_offered_any": [17]}	
8	k3	3	246	state	32	ON THE BOARD	ON THE BOARD	no				{"coin_queued_offered": [32], "coin_queued_offered_any": [32]}	
8	k3	3	247	state	51	ON THE BOARD	ON THE BOARD	no				{"coin_queued_offered": [51], "coin_queued_offered_any": [51]}	
8	k3	3	249	state	14	ON THE BOARD	ON THE BOARD	no				{"coin_queued_offered": [14], "coin_queued_offered_any": [14]}	
8	km3	4	0	state	68	ON THE BOARD	ON THE BOARD	no				{"coin_queued_offered": [68], "coin_queued_offered_any": [68]}	
8	km3	4	1	state	37	ON THE BOARD	ON THE BOARD	no				{"coin_queued_offered": [37], "coin_queued_offered_any": [37]}	
8	km3	4	7	lookahead	84	UNEXPLAINED	LOOKAHEAD ONLY, both halves hold	yes	{"cut": null, "free": false, "queued": null}	{"cut": null, "free": true, "queued": 3, "truncated": false}	{"built": null}	{}	Promote { player: 0, in_play_idx: 3 } ; (free) EndTurn ; DrawCard { amount: 1 } ; Attack(Attack { energy_required: [Grass, Grass], title: "Slicing Snipe", fixed_damage: ...
8	km3	4	12	state	69	ON THE BOARD	ON THE BOARD	no				{"coin_queued_offered": [69], "coin_queued_offered_any": [69]}	
8	km3	4	15	state	82	ON THE BOARD	ON THE BOARD	no				{"coin_queued_offered": [82], "coin_queued_offered_any": [82]}	
8	km3	4	18	lookahead	80	LOOKAHEAD ONLY, both halves hold	LOOKAHEAD ONLY, both halves hold	no	{"cut": null, "free": true, "queued": 3}	{"cut": null, "free": true, "queued": 3, "truncated": false}	{"built": null}	{}	Attach { attachments: [(1, Grass, 2)], is_turn_energy: true } ; Retreat(2) ; Attack(Attack { energy_required: [Grass, Grass], title: "Slicing Snipe", fixed_damage: ...
8	km3	4	25	state	29	ON THE BOARD	ON THE BOARD	no				{"coin_queued_offered": [29], "coin_queued_offered_any": [29]}	
8	km3	4	28	state	28	ON THE BOARD	ON THE BOARD	no				{"coin_queued_offered": [28], "coin_queued_offered_any": [28]}	
8	km3	4	29	state	35	ON THE BOARD	ON THE BOARD	no				{"coin_queued_offered": [35], "coin_queued_offered_any": [35]}	
8	km3	4	32	state	45	ON THE BOARD	ON THE BOARD	no				{"coin_queued_offered": [45], "coin_queued_offered_any": [45]}	
8	km3	4	33	state	61	ON THE BOARD	ON THE BOARD	no				{"coin_queued_offered": [61], "coin_queued_offered_any": [61]}	
8	km3	4	40	state	85	ON THE BOARD	ON THE BOARD	no				{"coin_queued_offered": [85], "coin_queued_offered_any": [85]}	
8	km3	4	46	state	35	ON THE BOARD	ON THE BOARD	no				{"coin_queued_offered": [35], "coin_queued_offered_any": [35]}	
8	km3	4	52	state	30	ON THE BOARD	ON THE BOARD	no				{"coin_queued_offered": [30], "coin_queued_offered_any": [30]}	
8	km3	4	55	state	24	ON THE BOARD	ON THE BOARD	no				{"coin_queued_offered": [24], "coin_queued_offered_any": [24]}	
8	km3	4	59	lookahead	67	LOOKAHEAD ONLY, both halves hold	LOOKAHEAD ONLY, both halves hold	no	{"cut": null, "free": false, "queued": 2}	{"cut": null, "free": false, "queued": 2, "truncated": false}	{"built": null}	{}	Retreat(2) ; Attack(Attack { energy_required: [Grass, Grass], title: "Slicing Snipe", fixed_damage: ...
8	km3	4	62	lookahead	53	LOOKAHEAD ONLY, both halves hold	LOOKAHEAD ONLY, both halves hold	no	{"cut": null, "free": false, "queued": 2}	{"cut": null, "free": false, "queued": 2, "truncated": false}	{"built": null}	{}	Retreat(3) ; Attack(Attack { energy_required: [Grass, Grass], title: "Slicing Snipe", fixed_damage: ...
8	km3	4	73	lookahead	55	LOOKAHEAD ONLY, both halves hold	LOOKAHEAD ONLY, both halves hold	no	{"cut": null, "free": false, "queued": 1}	{"cut": null, "free": false, "queued": 1, "truncated": false}	{"built": null}	{}	Attack(Attack { energy_required: [Grass, Grass], title: "Slicing Snipe", fixed_damage: ...
8	km3	4	76	state	118	ON THE BOARD	ON THE BOARD	no				{"coin_queued_offered": [118], "coin_queued_offered_any": [118]}	
8	km3	4	78	state	36	ON THE BOARD	ON THE BOARD	no				{"coin_queued_offered": [36], "coin_queued_offered_any": [36]}	
8	km3	4	80	state	75	ON THE BOARD	ON THE BOARD	no				{"coin_queued_offered": [75], "coin_queued_offered_any": [75]}	
8	km3	4	81	state	47	ON THE BOARD	ON THE BOARD	no				{"coin_queued_offered": [47], "coin_queued_offered_any": [47]}	
8	km3	4	82	state	94	ON THE BOARD	ON THE BOARD	no				{"coin_queued_offered": [94], "coin_queued_offered_any": [94]}	
8	km3	4	83	state	27	ON THE BOARD	ON THE BOARD	no				{"coin_queued_offered": [27], "coin_queued_offered_any": [27]}	
8	km3	4	92	lookahead	64	LOOKAHEAD ONLY, both halves hold	LOOKAHEAD ONLY, both halves hold	no	{"cut": null, "free": true, "queued": 3}	{"cut": null, "free": true, "queued": 3, "truncated": false}	{"built": null}	{}	Attach { attachments: [(1, Grass, 3)], is_turn_energy: true } ; Retreat(3) ; Attack(Attack { energy_required: [Grass, Grass], title: "Slicing Snipe", fixed_damage: ...
8	km3	4	104	lookahead	66	LOOKAHEAD ONLY, both halves hold	LOOKAHEAD ONLY, both halves hold	no	{"cut": null, "free": true, "queued": 3}	{"cut": null, "free": true, "queued": 3, "truncated": false}	{"built": null}	{}	Attach { attachments: [(1, Grass, 3)], is_turn_energy: true } ; Retreat(3) ; Attack(Attack { energy_required: [Grass, Grass], title: "Slicing Snipe", fixed_damage: ...
8	km3	4	106	lookahead	82	NEEDS A JUDGMENT	LOOKAHEAD ONLY, both halves hold	yes	{"cut": null, "free": false, "queued": 3}	{"cut": null, "free": false, "queued": 2, "truncated": false}	{"built": null}	{}	Play { trainer_card: B1a 067 Quick-Grow Extract } ; (free) ChooseRandomEvolutionTarget { in_play_idx: 0, energy_type: Grass } ; Attack(Attack { energy_required: [Grass, Grass], title: "Slicing Snipe", fixed_damage: ...
8	km3	4	111	lookahead	68	LOOKAHEAD ONLY, both halves hold	LOOKAHEAD ONLY, both halves hold	no	{"cut": null, "free": false, "queued": 1}	{"cut": null, "free": false, "queued": 1, "truncated": false}	{"built": null}	{}	Attack(Attack { energy_required: [Grass, Grass], title: "Slicing Snipe", fixed_damage: ...
8	km3	4	112	state	43	ON THE BOARD	ON THE BOARD	no				{"coin_queued_offered": [43], "coin_queued_offered_any": [43]}	
8	km3	4	115	state	55	ON THE BOARD	ON THE BOARD	no				{"coin_queued_offered": [55], "coin_queued_offered_any": [55]}	
8	km3	4	116	state	30	ON THE BOARD	ON THE BOARD	no				{"coin_queued_offered": [30], "coin_queued_offered_any": [30]}	
8	km3	4	123	lookahead	17	LOOKAHEAD ONLY, both halves hold	LOOKAHEAD ONLY, both halves hold	no	{"cut": null, "free": true, "queued": 2}	{"cut": null, "free": true, "queued": 2, "truncated": false}	{"built": null}	{}	Attach { attachments: [(1, Grass, 0)], is_turn_energy: true } ; Attack(Attack { energy_required: [Grass, Grass], title: "Slicing Snipe", fixed_damage: ...
8	km3	4	126	state	79	ON THE BOARD	ON THE BOARD	no				{"coin_queued_offered": [79], "coin_queued_offered_any": [79]}	
8	km3	4	127	state	73	ON THE BOARD	ON THE BOARD	no				{"coin_queued_offered": [73], "coin_queued_offered_any": [73]}	
8	km3	4	130	lookahead	52	LOOKAHEAD ONLY, both halves hold	LOOKAHEAD ONLY, both halves hold	no	{"cut": null, "free": false, "queued": 2}	{"cut": null, "free": false, "queued": 2, "truncated": false}	{"built": null}	{}	Retreat(3) ; Attack(Attack { energy_required: [Grass, Grass], title: "Slicing Snipe", fixed_damage: ...
8	km3	4	131	lookahead	37	LOOKAHEAD ONLY, both halves hold	LOOKAHEAD ONLY, both halves hold	no	{"cut": null, "free": false, "queued": 1}	{"cut": null, "free": false, "queued": 1, "truncated": false}	{"built": null}	{}	Attack(Attack { energy_required: [Grass, Grass], title: "Slicing Snipe", fixed_damage: ...
8	km3	4	134	lookahead	93	LOOKAHEAD ONLY, both halves hold	LOOKAHEAD ONLY, both halves hold	no	{"cut": null, "free": true, "queued": 3}	{"cut": null, "free": true, "queued": 3, "truncated": false}	{"built": null}	{}	Attach { attachments: [(1, Grass, 3)], is_turn_energy: true } ; Retreat(3) ; Attack(Attack { energy_required: [Grass, Grass], title: "Slicing Snipe", fixed_damage: ...
8	km3	4	135	state	19	ON THE BOARD	ON THE BOARD	no				{"coin_queued_offered": [19], "coin_queued_offered_any": [19]}	
8	km3	4	137	lookahead	71	LOOKAHEAD ONLY, both halves hold	LOOKAHEAD ONLY, both halves hold	no	{"cut": null, "free": true, "queued": 3}	{"cut": null, "free": true, "queued": 3, "truncated": false}	{"built": null}	{}	Attach { attachments: [(1, Grass, 2)], is_turn_energy: true } ; Retreat(2) ; Attack(Attack { energy_required: [Grass, Grass], title: "Slicing Snipe", fixed_damage: ...
8	km3	4	140	state	32	ON THE BOARD	ON THE BOARD	no				{"coin_queued_offered": [32], "coin_queued_offered_any": [32]}	
8	km3	4	142	lookahead	80	LOOKAHEAD ONLY, both halves hold	LOOKAHEAD ONLY, both halves hold	no	{"cut": null, "free": true, "queued": 3}	{"cut": null, "free": true, "queued": 3, "truncated": false}	{"built": null}	{}	Attach { attachments: [(1, Grass, 3)], is_turn_energy: true } ; Retreat(3) ; Attack(Attack { energy_required: [Grass, Grass], title: "Slicing Snipe", fixed_damage: ...
8	km3	4	143	lookahead	69	LOOKAHEAD ONLY, both halves hold	LOOKAHEAD ONLY, both halves hold	no	{"cut": null, "free": false, "queued": 2}	{"cut": null, "free": false, "queued": 2, "truncated": false}	{"built": null}	{}	Retreat(3) ; Attack(Attack { energy_required: [Grass, Grass], title: "Slicing Snipe", fixed_damage: ...
8	km3	4	145	lookahead	52	LOOKAHEAD ONLY, both halves hold	LOOKAHEAD ONLY, both halves hold	no	{"cut": null, "free": true, "queued": 2}	{"cut": null, "free": true, "queued": 2, "truncated": false}	{"built": null}	{}	Retreat(3) ; Attack(Attack { energy_required: [Grass, Grass], title: "Slicing Snipe", fixed_damage: ...
8	km3	4	150	state	77	ON THE BOARD	ON THE BOARD	no				{"coin_queued_offered": [77], "coin_queued_offered_any": [77]}	
8	km3	4	152	state	80	ON THE BOARD	ON THE BOARD	no				{"coin_queued_offered": [80], "coin_queued_offered_any": [80]}	
8	km3	4	153	state	92	ON THE BOARD	ON THE BOARD	no				{"coin_queued_offered": [92], "coin_queued_offered_any": [92]}	
8	km3	4	154	lookahead	64	LOOKAHEAD ONLY, both halves hold	LOOKAHEAD ONLY, both halves hold	no	{"cut": null, "free": false, "queued": 2}	{"cut": null, "free": false, "queued": 2, "truncated": false}	{"built": null}	{}	Retreat(3) ; Attack(Attack { energy_required: [Grass, Grass], title: "Slicing Snipe", fixed_damage: ...
8	km3	4	155	lookahead	65	LOOKAHEAD ONLY, both halves hold	LOOKAHEAD ONLY, both halves hold	no	{"cut": null, "free": false, "queued": 2}	{"cut": null, "free": false, "queued": 2, "truncated": false}	{"built": null}	{}	Retreat(3) ; Attack(Attack { energy_required: [Grass, Grass], title: "Slicing Snipe", fixed_damage: ...
8	km3	4	157	lookahead	69	LOOKAHEAD ONLY, both halves hold	LOOKAHEAD ONLY, both halves hold	no	{"cut": null, "free": false, "queued": 2}	{"cut": null, "free": false, "queued": 2, "truncated": false}	{"built": null}	{}	Retreat(3) ; Attack(Attack { energy_required: [Grass, Grass], title: "Slicing Snipe", fixed_damage: ...
8	km3	4	159	state	46	ON THE BOARD	ON THE BOARD	no				{"coin_queued_offered": [46], "coin_queued_offered_any": [46]}	
8	km3	4	160	state	33	ON THE BOARD	ON THE BOARD	no				{"coin_queued_offered": [33], "coin_queued_offered_any": [33]}	
8	km3	4	163	state	91	ON THE BOARD	ON THE BOARD	no				{"coin_queued_offered": [91], "coin_queued_offered_any": [91]}	
8	km3	4	166	lookahead	58	LOOKAHEAD ONLY, both halves hold	LOOKAHEAD ONLY, both halves hold	no	{"cut": null, "free": false, "queued": 1}	{"cut": null, "free": false, "queued": 1, "truncated": false}	{"built": null}	{}	Attack(Attack { energy_required: [Grass, Grass], title: "Slicing Snipe", fixed_damage: ...
8	km3	4	167	lookahead	67	LOOKAHEAD ONLY, both halves hold	LOOKAHEAD ONLY, both halves hold	no	{"cut": null, "free": true, "queued": 3}	{"cut": null, "free": true, "queued": 3, "truncated": false}	{"built": null}	{}	Attach { attachments: [(1, Grass, 3)], is_turn_energy: true } ; Retreat(3) ; Attack(Attack { energy_required: [Grass, Grass], title: "Slicing Snipe", fixed_damage: ...
8	km3	4	169	lookahead	70	LOOKAHEAD ONLY, both halves hold	LOOKAHEAD ONLY, both halves hold	no	{"cut": null, "free": false, "queued": 2}	{"cut": null, "free": false, "queued": 2, "truncated": false}	{"built": null}	{}	Retreat(2) ; Attack(Attack { energy_required: [Grass, Grass], title: "Slicing Snipe", fixed_damage: ...
8	km3	4	172	state	38	ON THE BOARD	ON THE BOARD	no				{"coin_queued_offered": [38], "coin_queued_offered_any": [38]}	
8	km3	4	174	state	40	ON THE BOARD	ON THE BOARD	no				{"coin_queued_offered": [40], "coin_queued_offered_any": [40]}	
8	km3	4	183	state	24	ON THE BOARD	ON THE BOARD	no				{"coin_queued_offered": [24], "coin_queued_offered_any": [24]}	
8	km3	4	184	state	32	ON THE BOARD	ON THE BOARD	no				{"coin_queued_offered": [32], "coin_queued_offered_any": [32]}	
8	km3	4	188	state	28	ON THE BOARD	ON THE BOARD	no				{"coin_queued_offered": [28], "coin_queued_offered_any": [28]}	
8	km3	4	192	lookahead	75	LOOKAHEAD ONLY, both halves hold	LOOKAHEAD ONLY, both halves hold	no	{"cut": null, "free": false, "queued": 1}	{"cut": null, "free": false, "queued": 1, "truncated": false}	{"built": null}	{}	Attack(Attack { energy_required: [Grass, Grass], title: "Slicing Snipe", fixed_damage: ...
8	km3	4	194	state	30	ON THE BOARD	ON THE BOARD	no				{"coin_queued_offered": [30], "coin_queued_offered_any": [30]}	
8	km3	4	202	lookahead	51	LOOKAHEAD ONLY, both halves hold	LOOKAHEAD ONLY, both halves hold	no	{"cut": null, "free": false, "queued": 2}	{"cut": null, "free": false, "queued": 2, "truncated": false}	{"built": null}	{}	Retreat(3) ; Attack(Attack { energy_required: [Grass, Grass], title: "Slicing Snipe", fixed_damage: ...
8	km3	4	204	lookahead	56	LOOKAHEAD ONLY, both halves hold	LOOKAHEAD ONLY, both halves hold	no	{"cut": null, "free": false, "queued": 2}	{"cut": null, "free": false, "queued": 2, "truncated": false}	{"built": null}	{}	Retreat(3) ; Attack(Attack { energy_required: [Grass, Grass], title: "Slicing Snipe", fixed_damage: ...
8	km3	4	205	lookahead	69	LOOKAHEAD ONLY, both halves hold	LOOKAHEAD ONLY, both halves hold	no	{"cut": null, "free": true, "queued": 3}	{"cut": null, "free": true, "queued": 3, "truncated": false}	{"built": null}	{}	Attach { attachments: [(1, Grass, 2)], is_turn_energy: true } ; Retreat(2) ; Attack(Attack { energy_required: [Grass, Grass], title: "Slicing Snipe", fixed_damage: ...
8	km3	4	211	state	23	ON THE BOARD	ON THE BOARD	no				{"coin_queued_offered": [23], "coin_queued_offered_any": [23]}	
8	km3	4	212	state	38	ON THE BOARD	ON THE BOARD	no				{"coin_queued_offered": [38], "coin_queued_offered_any": [38]}	
8	km3	4	215	state	59	ON THE BOARD	ON THE BOARD	no				{"coin_queued_offered": [59], "coin_queued_offered_any": [59]}	
8	km3	4	218	state	52	ON THE BOARD	ON THE BOARD	no				{"coin_queued_offered": [52], "coin_queued_offered_any": [52]}	
8	km3	4	220	lookahead	50	LOOKAHEAD ONLY, both halves hold	LOOKAHEAD ONLY, both halves hold	no	{"cut": null, "free": false, "queued": 2}	{"cut": null, "free": false, "queued": 2, "truncated": false}	{"built": null}	{}	Retreat(3) ; Attack(Attack { energy_required: [Grass, Grass], title: "Slicing Snipe", fixed_damage: ...
8	km3	4	222	state	56	ON THE BOARD	ON THE BOARD	no				{"coin_queued_offered": [56], "coin_queued_offered_any": [56]}	
8	km3	4	223	state	35	ON THE BOARD	ON THE BOARD	no				{"coin_queued_offered": [35], "coin_queued_offered_any": [35]}	
8	km3	4	226	lookahead	24	LOOKAHEAD ONLY, both halves hold	LOOKAHEAD ONLY, both halves hold	no	{"cut": null, "free": true, "queued": 2}	{"cut": null, "free": true, "queued": 2, "truncated": false}	{"built": null}	{}	Attach { attachments: [(1, Grass, 0)], is_turn_energy: true } ; Attack(Attack { energy_required: [Grass, Grass], title: "Slicing Snipe", fixed_damage: ...
8	km3	4	227	state	86	ON THE BOARD	ON THE BOARD	no				{"coin_queued_offered": [86], "coin_queued_offered_any": [86]}	
8	km3	4	228	state	33	ON THE BOARD	ON THE BOARD	no				{"coin_queued_offered": [33], "coin_queued_offered_any": [33]}	
8	km3	4	229	lookahead	88	LOOKAHEAD ONLY, both halves hold	LOOKAHEAD ONLY, both halves hold	no	{"cut": null, "free": false, "queued": 2}	{"cut": null, "free": false, "queued": 2, "truncated": false}	{"built": null}	{}	Retreat(2) ; Attack(Attack { energy_required: [Grass, Grass], title: "Slicing Snipe", fixed_damage: ...
8	km3	4	230	state	80	ON THE BOARD	ON THE BOARD	no				{"coin_queued_offered": [80], "coin_queued_offered_any": [80]}	
8	km3	4	231	state	61	ON THE BOARD	ON THE BOARD	no				{"coin_queued_offered": [61], "coin_queued_offered_any": [61]}	
8	km3	4	232	state	26	ON THE BOARD	ON THE BOARD	no				{"coin_queued_offered": [26], "coin_queued_offered_any": [26]}	
8	km3	4	235	state	26	ON THE BOARD	ON THE BOARD	no				{"coin_queued_offered": [26], "coin_queued_offered_any": [26]}	
8	km3	4	236	state	71	ON THE BOARD	ON THE BOARD	no				{"coin_queued_offered": [71], "coin_queued_offered_any": [71]}	
8	km3	4	237	state	58	ON THE BOARD	ON THE BOARD	no				{"coin_queued_offered": [58], "coin_queued_offered_any": [58]}	
8	km3	4	238	lookahead	95	LOOKAHEAD ONLY, both halves hold	LOOKAHEAD ONLY, both halves hold	no	{"cut": null, "free": true, "queued": 1}	{"cut": null, "free": true, "queued": 1, "truncated": false}	{"built": null}	{}	Attack(Attack { energy_required: [Grass, Grass], title: "Slicing Snipe", fixed_damage: ...
8	km3	4	239	state	39	ON THE BOARD	ON THE BOARD	no				{"coin_queued_offered": [39], "coin_queued_offered_any": [39]}	
8	km3	4	242	state	38	ON THE BOARD	ON THE BOARD	no				{"coin_queued_offered": [38], "coin_queued_offered_any": [38]}	
8	km3	4	245	state	73	ON THE BOARD	ON THE BOARD	no				{"coin_queued_offered": [73], "coin_queued_offered_any": [73]}	
8	km3	4	246	state	65	ON THE BOARD	ON THE BOARD	no				{"coin_queued_offered": [65], "coin_queued_offered_any": [65]}	
8	km3	4	249	lookahead	50	LOOKAHEAD ONLY, both halves hold	LOOKAHEAD ONLY, both halves hold	no	{"cut": null, "free": false, "queued": 1}	{"cut": null, "free": false, "queued": 1, "truncated": false}	{"built": null}	{}	Attack(Attack { energy_required: [Grass, Grass], title: "Slicing Snipe", fixed_damage: ...
8	km3	4	250	state	43	ON THE BOARD	ON THE BOARD	no				{"coin_queued_offered": [43], "coin_queued_offered_any": [43]}	
8	km3	4	260	state	34	ON THE BOARD	ON THE BOARD	no				{"coin_queued_offered": [34], "coin_queued_offered_any": [34]}	
8	km3	4	264	lookahead	35	LOOKAHEAD ONLY, both halves hold	LOOKAHEAD ONLY, both halves hold	no	{"cut": null, "free": false, "queued": 2}	{"cut": null, "free": false, "queued": 2, "truncated": false}	{"built": null}	{}	Attach { attachments: [(1, Grass, 0)], is_turn_energy: true } ; Attack(Attack { energy_required: [Grass, Grass], title: "Slicing Snipe", fixed_damage: ...
8	km3	4	267	state	37	ON THE BOARD	ON THE BOARD	no				{"coin_queued_offered": [37], "coin_queued_offered_any": [37]}	
8	km3	4	268	lookahead	39	LOOKAHEAD ONLY, both halves hold	LOOKAHEAD ONLY, both halves hold	no	{"cut": null, "free": true, "queued": 3}	{"cut": null, "free": true, "queued": 3, "truncated": false}	{"built": null}	{}	Evolve { evolution: Pokemon(B3 006 Grovyle), in_play_idx: 0, from_deck: false } ; Attach { attachments: [(1, Grass, 0)], is_turn_energy: true } ; Attack(Attack { energy_required: [Grass, Grass], title: "Slicing Snipe", fixed_damage: ...
8	km3	4	270	state	50	ON THE BOARD	ON THE BOARD	no				{"coin_queued_offered": [50], "coin_queued_offered_any": [50]}	
8	km3	4	275	state	33	ON THE BOARD	ON THE BOARD	no				{"coin_queued_offered": [33], "coin_queued_offered_any": [33]}	
8	km3	4	276	state	72	ON THE BOARD	ON THE BOARD	no				{"coin_queued_offered": [72], "coin_queued_offered_any": [72]}	
8	km3	4	280	lookahead	46	LOOKAHEAD ONLY, both halves hold	LOOKAHEAD ONLY, both halves hold	no	{"cut": null, "free": false, "queued": 2}	{"cut": null, "free": false, "queued": 2, "truncated": false}	{"built": null}	{}	Attach { attachments: [(1, Grass, 0)], is_turn_energy: true } ; Attack(Attack { energy_required: [Grass, Grass], title: "Slicing Snipe", fixed_damage: ...
8	km3	4	286	state	24	ON THE BOARD	ON THE BOARD	no				{"coin_queued_offered": [24], "coin_queued_offered_any": [24]}	
8	km3	4	287	state	35	ON THE BOARD	ON THE BOARD	no				{"coin_queued_offered": [35], "coin_queued_offered_any": [35]}	
8	km3	4	289	state	29	ON THE BOARD	ON THE BOARD	no				{"coin_queued_offered": [29], "coin_queued_offered_any": [29]}	
8	km3	4	291	lookahead	35	LOOKAHEAD ONLY, both halves hold	LOOKAHEAD ONLY, both halves hold	no	{"cut": null, "free": false, "queued": 2}	{"cut": null, "free": false, "queued": 2, "truncated": false}	{"built": null}	{}	Attach { attachments: [(1, Grass, 0)], is_turn_energy: true } ; Attack(Attack { energy_required: [Grass, Grass], title: "Slicing Snipe", fixed_damage: ...
8	km3	4	292	lookahead	29	LOOKAHEAD ONLY, both halves hold	LOOKAHEAD ONLY, both halves hold	no	{"cut": null, "free": false, "queued": 2}	{"cut": null, "free": false, "queued": 2, "truncated": false}	{"built": null}	{}	Attach { attachments: [(1, Grass, 0)], is_turn_energy: true } ; Attack(Attack { energy_required: [Grass, Grass], title: "Slicing Snipe", fixed_damage: ...
8	km3	4	296	lookahead	72	LOOKAHEAD ONLY, both halves hold	LOOKAHEAD ONLY, both halves hold	no	{"cut": null, "free": true, "queued": 2}	{"cut": null, "free": true, "queued": 2, "truncated": false}	{"built": null}	{}	Retreat(2) ; Attack(Attack { energy_required: [Grass, Grass], title: "Slicing Snipe", fixed_damage: ...
8	km3	4	298	state	35	ON THE BOARD	ON THE BOARD	no				{"coin_queued_offered": [35], "coin_queued_offered_any": [35]}	
8	km3	4	299	state	30	ON THE BOARD	ON THE BOARD	no				{"coin_queued_offered": [30], "coin_queued_offered_any": [30]}	
8	km3	4	300	lookahead	48	LOOKAHEAD ONLY, both halves hold	LOOKAHEAD ONLY, both halves hold	no	{"cut": null, "free": true, "queued": 2}	{"cut": null, "free": true, "queued": 2, "truncated": false}	{"built": null}	{}	Retreat(3) ; Attack(Attack { energy_required: [Grass, Grass], title: "Slicing Snipe", fixed_damage: ...
8	km3	4	305	state	32	ON THE BOARD	ON THE BOARD	no				{"coin_queued_offered": [32], "coin_queued_offered_any": [32]}	
8	km3	4	309	state	67	ON THE BOARD	ON THE BOARD	no				{"coin_queued_offered": [67], "coin_queued_offered_any": [67]}	
8	km3	4	311	state	36	ON THE BOARD	ON THE BOARD	no				{"coin_queued_offered": [36], "coin_queued_offered_any": [36]}	
8	km3	4	313	lookahead	33	LOOKAHEAD ONLY, both halves hold	LOOKAHEAD ONLY, both halves hold	no	{"cut": null, "free": false, "queued": 2}	{"cut": null, "free": false, "queued": 2, "truncated": false}	{"built": null}	{}	Attach { attachments: [(1, Grass, 0)], is_turn_energy: true } ; Attack(Attack { energy_required: [Grass, Grass], title: "Slicing Snipe", fixed_damage: ...
8	km3	4	315	state	25	ON THE BOARD	ON THE BOARD	no				{"coin_queued_offered": [25], "coin_queued_offered_any": [25]}	
8	km3	4	318	state	29	ON THE BOARD	ON THE BOARD	no				{"coin_queued_offered": [29], "coin_queued_offered_any": [29]}	
8	km3	4	320	state	82	ON THE BOARD	ON THE BOARD	no				{"coin_queued_offered": [82], "coin_queued_offered_any": [82]}	
8	km3	4	321	lookahead	64	LOOKAHEAD ONLY, both halves hold	LOOKAHEAD ONLY, both halves hold	no	{"cut": null, "free": false, "queued": 2}	{"cut": null, "free": false, "queued": 2, "truncated": false}	{"built": null}	{}	Retreat(3) ; Attack(Attack { energy_required: [Grass, Grass], title: "Slicing Snipe", fixed_damage: ...
8	km3	4	322	state	61	ON THE BOARD	ON THE BOARD	no				{"coin_queued_offered": [61], "coin_queued_offered_any": [61]}	
8	km3	4	324	lookahead	66	LOOKAHEAD ONLY, both halves hold	LOOKAHEAD ONLY, both halves hold	no	{"cut": null, "free": true, "queued": 3}	{"cut": null, "free": true, "queued": 3, "truncated": false}	{"built": null}	{}	Attach { attachments: [(1, Grass, 3)], is_turn_energy: true } ; Retreat(3) ; Attack(Attack { energy_required: [Grass, Grass], title: "Slicing Snipe", fixed_damage: ...
8	km3	4	326	lookahead	94	LOOKAHEAD ONLY, both halves hold	LOOKAHEAD ONLY, both halves hold	no	{"cut": null, "free": false, "queued": 2}	{"cut": null, "free": false, "queued": 2, "truncated": false}	{"built": null}	{}	Retreat(2) ; Attack(Attack { energy_required: [Grass, Grass], title: "Slicing Snipe", fixed_damage: ...
8	km3	4	329	state	83	ON THE BOARD	ON THE BOARD	no				{"coin_queued_offered": [83], "coin_queued_offered_any": [83]}	
8	km3	4	331	lookahead	81	LOOKAHEAD ONLY, both halves hold	LOOKAHEAD ONLY, both halves hold	no	{"cut": null, "free": true, "queued": 3}	{"cut": null, "free": true, "queued": 3, "truncated": false}	{"built": null}	{}	Attach { attachments: [(1, Grass, 2)], is_turn_energy: true } ; Retreat(2) ; Attack(Attack { energy_required: [Grass, Grass], title: "Slicing Snipe", fixed_damage: ...
8	km3	4	333	state	33	ON THE BOARD	ON THE BOARD	no				{"coin_queued_offered": [33], "coin_queued_offered_any": [33]}	
8	km3	4	334	lookahead	34	LOOKAHEAD ONLY, both halves hold	LOOKAHEAD ONLY, both halves hold	no	{"cut": null, "free": false, "queued": 2}	{"cut": null, "free": false, "queued": 2, "truncated": false}	{"built": null}	{}	Attach { attachments: [(1, Grass, 0)], is_turn_energy: true } ; Attack(Attack { energy_required: [Grass, Grass], title: "Slicing Snipe", fixed_damage: ...
8	km3	4	348	lookahead	61	LOOKAHEAD ONLY, both halves hold	LOOKAHEAD ONLY, both halves hold	no	{"cut": null, "free": false, "queued": 2}	{"cut": null, "free": false, "queued": 2, "truncated": false}	{"built": null}	{}	Retreat(3) ; Attack(Attack { energy_required: [Grass, Grass], title: "Slicing Snipe", fixed_damage: ...
8	km3	4	349	state	75	ON THE BOARD	ON THE BOARD	no				{"coin_queued_offered": [75], "coin_queued_offered_any": [75]}	
8	km3	4	350	state	33	ON THE BOARD	ON THE BOARD	no				{"coin_queued_offered": [33], "coin_queued_offered_any": [33]}	
8	km3	4	352	lookahead	38	LOOKAHEAD ONLY, both halves hold	LOOKAHEAD ONLY, both halves hold	no	{"cut": null, "free": false, "queued": 2}	{"cut": null, "free": false, "queued": 2, "truncated": false}	{"built": null}	{}	Attach { attachments: [(1, Grass, 0)], is_turn_energy: true } ; Attack(Attack { energy_required: [Grass, Grass], title: "Slicing Snipe", fixed_damage: ...
8	km3	4	356	state	66	ON THE BOARD	ON THE BOARD	no				{"coin_queued_offered": [66], "coin_queued_offered_any": [66]}	
8	km3	4	358	lookahead	49	LOOKAHEAD ONLY, both halves hold	LOOKAHEAD ONLY, both halves hold	no	{"cut": null, "free": false, "queued": 2}	{"cut": null, "free": false, "queued": 2, "truncated": false}	{"built": null}	{}	Retreat(3) ; Attack(Attack { energy_required: [Grass, Grass], title: "Slicing Snipe", fixed_damage: ...
8	km3	4	360	lookahead	57	UNEXPLAINED	LOOKAHEAD ONLY, both halves hold	yes	{"cut": null, "free": false, "queued": null}	{"cut": null, "free": true, "queued": 3, "truncated": false}	{"built": null}	{}	Promote { player: 1, in_play_idx: 3 } ; (free) EndTurn ; DrawCard { amount: 1 } ; Attack(Attack { energy_required: [Grass, Grass], title: "Slicing Snipe", fixed_damage: ...
8	km3	4	361	state	69	ON THE BOARD	ON THE BOARD	no				{"coin_queued_offered": [69], "coin_queued_offered_any": [69]}	
8	km3	4	362	state	48	ON THE BOARD	ON THE BOARD	no				{"coin_queued_offered": [48], "coin_queued_offered_any": [48]}	
8	km3	4	363	lookahead	56	LOOKAHEAD ONLY, both halves hold	LOOKAHEAD ONLY, both halves hold	no	{"cut": null, "free": false, "queued": 2}	{"cut": null, "free": false, "queued": 2, "truncated": false}	{"built": null}	{}	Retreat(3) ; Attack(Attack { energy_required: [Grass, Grass], title: "Slicing Snipe", fixed_damage: ...
8	km3	4	370	state	53	ON THE BOARD	ON THE BOARD	no				{"coin_queued_offered": [53], "coin_queued_offered_any": [53]}	
8	km3	4	371	state	26	ON THE BOARD	ON THE BOARD	no				{"coin_queued_offered": [26], "coin_queued_offered_any": [26]}	
8	km3	4	376	lookahead	52	LOOKAHEAD ONLY, both halves hold	LOOKAHEAD ONLY, both halves hold	no	{"cut": null, "free": false, "queued": 2}	{"cut": null, "free": false, "queued": 2, "truncated": false}	{"built": null}	{}	Retreat(2) ; Attack(Attack { energy_required: [Grass, Grass], title: "Slicing Snipe", fixed_damage: ...
8	km3	4	377	lookahead	56	LOOKAHEAD ONLY, both halves hold	LOOKAHEAD ONLY, both halves hold	no	{"cut": null, "free": true, "queued": 3}	{"cut": null, "free": true, "queued": 3, "truncated": false}	{"built": null}	{}	Attach { attachments: [(1, Grass, 3)], is_turn_energy: true } ; Retreat(3) ; Attack(Attack { energy_required: [Grass, Grass], title: "Slicing Snipe", fixed_damage: ...
8	km3	4	380	lookahead	64	LOOKAHEAD ONLY, both halves hold	LOOKAHEAD ONLY, both halves hold	no	{"cut": null, "free": false, "queued": 2}	{"cut": null, "free": false, "queued": 2, "truncated": false}	{"built": null}	{}	Retreat(2) ; Attack(Attack { energy_required: [Grass, Grass], title: "Slicing Snipe", fixed_damage: ...
8	km3	4	382	state	33	ON THE BOARD	ON THE BOARD	no				{"coin_queued_offered": [33], "coin_queued_offered_any": [33]}	
8	km3	4	384	lookahead	79	LOOKAHEAD ONLY, both halves hold	LOOKAHEAD ONLY, both halves hold	no	{"cut": null, "free": true, "queued": 3}	{"cut": null, "free": true, "queued": 3, "truncated": false}	{"built": null}	{}	Attach { attachments: [(1, Grass, 2)], is_turn_energy: true } ; Retreat(2) ; Attack(Attack { energy_required: [Grass, Grass], title: "Slicing Snipe", fixed_damage: ...
8	km3	4	385	lookahead	27	LOOKAHEAD ONLY, both halves hold	LOOKAHEAD ONLY, both halves hold	no	{"cut": null, "free": true, "queued": 3}	{"cut": null, "free": true, "queued": 3, "truncated": false}	{"built": null}	{}	Play { trainer_card: B1 225 Copycat } ; Play { trainer_card: B1a 067 Quick-Grow Extract } ; (free) ChooseRandomEvolutionTarget { in_play_idx: 0, energy_type: Grass } ; Attack(Attack { energy_required: [Grass, Grass], title: "Slicing Snipe",
8	km3	4	390	state	43	ON THE BOARD	ON THE BOARD	no				{"coin_queued_offered": [43], "coin_queued_offered_any": [43]}	
8	km3	4	391	state	101	ON THE BOARD	ON THE BOARD	no				{"coin_queued_offered": [101], "coin_queued_offered_any": [101]}	
8	km3	4	392	lookahead	61	LOOKAHEAD ONLY, both halves hold	LOOKAHEAD ONLY, both halves hold	no	{"cut": null, "free": true, "queued": 3}	{"cut": null, "free": true, "queued": 3, "truncated": false}	{"built": null}	{}	Attach { attachments: [(1, Grass, 3)], is_turn_energy: true } ; Retreat(3) ; Attack(Attack { energy_required: [Grass, Grass], title: "Slicing Snipe", fixed_damage: ...
8	km3	4	393	lookahead	107	LOOKAHEAD ONLY, both halves hold	LOOKAHEAD ONLY, both halves hold	no	{"cut": null, "free": true, "queued": 3}	{"cut": null, "free": true, "queued": 3, "truncated": false}	{"built": null}	{}	Attach { attachments: [(1, Grass, 3)], is_turn_energy: true } ; Retreat(3) ; Attack(Attack { energy_required: [Grass, Grass], title: "Slicing Snipe", fixed_damage: ...
8	km3	4	399	lookahead	62	LOOKAHEAD ONLY, both halves hold	LOOKAHEAD ONLY, both halves hold	no	{"cut": null, "free": false, "queued": 2}	{"cut": null, "free": false, "queued": 2, "truncated": false}	{"built": null}	{}	Retreat(3) ; Attack(Attack { energy_required: [Grass, Grass], title: "Slicing Snipe", fixed_damage: ...
8	km3	4	400	lookahead	83	LOOKAHEAD ONLY, both halves hold	LOOKAHEAD ONLY, both halves hold	no	{"cut": null, "free": true, "queued": 3}	{"cut": null, "free": true, "queued": 3, "truncated": false}	{"built": null}	{}	Attach { attachments: [(1, Grass, 3)], is_turn_energy: true } ; Retreat(3) ; Attack(Attack { energy_required: [Grass, Grass], title: "Slicing Snipe", fixed_damage: ...
8	km3	4	404	state	77	ON THE BOARD	ON THE BOARD	no				{"coin_queued_offered": [77], "coin_queued_offered_any": [77]}	
8	km3	4	409	state	82	ON THE BOARD	ON THE BOARD	no				{"coin_queued_offered": [82], "coin_queued_offered_any": [82]}	
8	km3	4	410	state	60	ON THE BOARD	ON THE BOARD	no				{"coin_queued_offered": [60], "coin_queued_offered_any": [60]}	
8	km3	4	411	lookahead	40	LOOKAHEAD ONLY, both halves hold	LOOKAHEAD ONLY, both halves hold	no	{"cut": null, "free": false, "queued": 1}	{"cut": null, "free": false, "queued": 1, "truncated": false}	{"built": null}	{}	Attack(Attack { energy_required: [Grass, Grass], title: "Slicing Snipe", fixed_damage: ...
8	km3	4	412	lookahead	40	LOOKAHEAD ONLY, both halves hold	LOOKAHEAD ONLY, both halves hold	no	{"cut": null, "free": false, "queued": 2}	{"cut": null, "free": false, "queued": 2, "truncated": false}	{"built": null}	{}	Attach { attachments: [(1, Grass, 0)], is_turn_energy: true } ; Attack(Attack { energy_required: [Grass, Grass], title: "Slicing Snipe", fixed_damage: ...
8	km3	4	414	lookahead	77	LOOKAHEAD ONLY, both halves hold	LOOKAHEAD ONLY, both halves hold	no	{"cut": null, "free": true, "queued": 3}	{"cut": null, "free": true, "queued": 3, "truncated": false}	{"built": null}	{}	Attach { attachments: [(1, Grass, 2)], is_turn_energy: true } ; Retreat(2) ; Attack(Attack { energy_required: [Grass, Grass], title: "Slicing Snipe", fixed_damage: ...
8	km3	4	415	state	38	ON THE BOARD	ON THE BOARD	no				{"coin_queued_offered": [38], "coin_queued_offered_any": [38]}	
8	km3	4	417	state	70	ON THE BOARD	ON THE BOARD	no				{"coin_queued_offered": [70], "coin_queued_offered_any": [70]}	
8	km3	4	419	state	64	ON THE BOARD	ON THE BOARD	no				{"coin_queued_offered": [64], "coin_queued_offered_any": [64]}	
8	km3	4	421	state	64	ON THE BOARD	ON THE BOARD	no				{"coin_queued_offered": [64], "coin_queued_offered_any": [64]}	
8	km3	4	422	state	95	ON THE BOARD	ON THE BOARD	no				{"coin_queued_offered": [95], "coin_queued_offered_any": [95]}	
8	km3	4	423	state	49	ON THE BOARD	ON THE BOARD	no				{"coin_queued_offered": [49], "coin_queued_offered_any": [49]}	
8	km3	4	424	lookahead	58	LOOKAHEAD ONLY, both halves hold	LOOKAHEAD ONLY, both halves hold	no	{"cut": null, "free": false, "queued": 2}	{"cut": null, "free": false, "queued": 2, "truncated": false}	{"built": null}	{}	Retreat(3) ; Attack(Attack { energy_required: [Grass, Grass], title: "Slicing Snipe", fixed_damage: ...
8	km3	4	425	state	81	ON THE BOARD	ON THE BOARD	no				{"coin_queued_offered": [81], "coin_queued_offered_any": [81]}	
8	km3	4	428	lookahead	70	LOOKAHEAD ONLY, both halves hold	LOOKAHEAD ONLY, both halves hold	no	{"cut": null, "free": false, "queued": 2}	{"cut": null, "free": false, "queued": 2, "truncated": false}	{"built": null}	{}	Retreat(2) ; Attack(Attack { energy_required: [Grass, Grass], title: "Slicing Snipe", fixed_damage: ...
8	km3	4	432	lookahead	56	LOOKAHEAD ONLY, both halves hold	LOOKAHEAD ONLY, both halves hold	no	{"cut": null, "free": false, "queued": 2}	{"cut": null, "free": false, "queued": 2, "truncated": false}	{"built": null}	{}	Retreat(3) ; Attack(Attack { energy_required: [Grass, Grass], title: "Slicing Snipe", fixed_damage: ...
8	km3	4	437	lookahead	72	LOOKAHEAD ONLY, both halves hold	LOOKAHEAD ONLY, both halves hold	no	{"cut": null, "free": false, "queued": 2}	{"cut": null, "free": false, "queued": 2, "truncated": false}	{"built": null}	{}	Retreat(2) ; Attack(Attack { energy_required: [Grass, Grass], title: "Slicing Snipe", fixed_damage: ...
8	km3	4	438	state	32	ON THE BOARD	ON THE BOARD	no				{"coin_queued_offered": [32], "coin_queued_offered_any": [32]}	
8	km3	4	442	state	97	ON THE BOARD	ON THE BOARD	no				{"coin_queued_offered": [97], "coin_queued_offered_any": [97]}	
8	km3	4	444	state	75	ON THE BOARD	ON THE BOARD	no				{"coin_queued_offered": [75], "coin_queued_offered_any": [75]}	
8	km3	4	446	lookahead	90	LOOKAHEAD ONLY, both halves hold	LOOKAHEAD ONLY, both halves hold	no	{"cut": null, "free": false, "queued": 2}	{"cut": null, "free": false, "queued": 2, "truncated": false}	{"built": null}	{}	Retreat(2) ; Attack(Attack { energy_required: [Grass, Grass], title: "Slicing Snipe", fixed_damage: ...
8	km3	4	449	state	28	ON THE BOARD	ON THE BOARD	no				{"coin_queued_offered": [28], "coin_queued_offered_any": [28]}	
8	km3	4	456	lookahead	65	LOOKAHEAD ONLY, both halves hold	LOOKAHEAD ONLY, both halves hold	no	{"cut": null, "free": false, "queued": 2}	{"cut": null, "free": false, "queued": 2, "truncated": false}	{"built": null}	{}	Retreat(3) ; Attack(Attack { energy_required: [Grass, Grass], title: "Slicing Snipe", fixed_damage: ...
8	km3	4	459	state	26	ON THE BOARD	ON THE BOARD	no				{"coin_queued_offered": [26], "coin_queued_offered_any": [26]}	
8	km3	4	462	state	85	ON THE BOARD	ON THE BOARD	no				{"coin_queued_offered": [85], "coin_queued_offered_any": [85]}	
8	km3	4	463	lookahead	63	LOOKAHEAD ONLY, both halves hold	LOOKAHEAD ONLY, both halves hold	no	{"cut": null, "free": true, "queued": 2}	{"cut": null, "free": true, "queued": 2, "truncated": false}	{"built": null}	{}	Attach { attachments: [(1, Grass, 0)], is_turn_energy: true } ; Attack(Attack { energy_required: [Grass, Grass], title: "Slicing Snipe", fixed_damage: ...
8	km3	4	467	lookahead	41	LOOKAHEAD ONLY, both halves hold	LOOKAHEAD ONLY, both halves hold	no	{"cut": null, "free": false, "queued": 2}	{"cut": null, "free": false, "queued": 2, "truncated": false}	{"built": null}	{}	Attach { attachments: [(1, Grass, 0)], is_turn_energy: true } ; Attack(Attack { energy_required: [Grass, Grass], title: "Slicing Snipe", fixed_damage: ...
8	km3	4	468	state	73	ON THE BOARD	ON THE BOARD	no				{"coin_queued_offered": [73], "coin_queued_offered_any": [73]}	
8	km3	4	469	state	47	ON THE BOARD	ON THE BOARD	no				{"coin_queued_offered": [47], "coin_queued_offered_any": [47]}	
8	km3	4	472	state	59	ON THE BOARD	ON THE BOARD	no				{"coin_queued_offered": [59], "coin_queued_offered_any": [59]}	
8	km3	4	474	state	57	ON THE BOARD	ON THE BOARD	no				{"coin_queued_offered": [57], "coin_queued_offered_any": [57]}	
8	km3	4	476	state	67	ON THE BOARD	ON THE BOARD	no				{"coin_queued_offered": [67], "coin_queued_offered_any": [67]}	
8	km3	4	478	lookahead	59	LOOKAHEAD ONLY, both halves hold	LOOKAHEAD ONLY, both halves hold	no	{"cut": null, "free": false, "queued": 2}	{"cut": null, "free": false, "queued": 2, "truncated": false}	{"built": null}	{}	Retreat(2) ; Attack(Attack { energy_required: [Grass, Grass], title: "Slicing Snipe", fixed_damage: ...
8	km3	4	480	state	32	ON THE BOARD	ON THE BOARD	no				{"coin_queued_offered": [32], "coin_queued_offered_any": [32]}	
8	km3	4	482	lookahead	34	LOOKAHEAD ONLY, both halves hold	LOOKAHEAD ONLY, both halves hold	no	{"cut": null, "free": false, "queued": 2}	{"cut": null, "free": false, "queued": 2, "truncated": false}	{"built": null}	{}	Attach { attachments: [(1, Grass, 0)], is_turn_energy: true } ; Attack(Attack { energy_required: [Grass, Grass], title: "Slicing Snipe", fixed_damage: ...
8	km3	4	484	lookahead	56	LOOKAHEAD ONLY, both halves hold	LOOKAHEAD ONLY, both halves hold	no	{"cut": null, "free": true, "queued": 3}	{"cut": null, "free": true, "queued": 3, "truncated": false}	{"built": null}	{}	Attach { attachments: [(1, Grass, 0)], is_turn_energy: true } ; Retreat(3) ; Attack(Attack { energy_required: [Grass, Grass], title: "Slicing Snipe", fixed_damage: ...
8	km3	4	486	state	85	ON THE BOARD	ON THE BOARD	no				{"coin_queued_offered": [85], "coin_queued_offered_any": [85]}	
8	km3	4	488	state	27	ON THE BOARD	ON THE BOARD	no				{"coin_queued_offered": [27], "coin_queued_offered_any": [27]}	
8	km3	4	489	lookahead	49	LOOKAHEAD ONLY, both halves hold	LOOKAHEAD ONLY, both halves hold	no	{"cut": null, "free": true, "queued": 3}	{"cut": null, "free": true, "queued": 3, "truncated": false}	{"built": null}	{}	Attach { attachments: [(1, Grass, 3)], is_turn_energy: true } ; Retreat(3) ; Attack(Attack { energy_required: [Grass, Grass], title: "Slicing Snipe", fixed_damage: ...
8	km3	4	490	state	29	ON THE BOARD	ON THE BOARD	no				{"coin_queued_offered": [29], "coin_queued_offered_any": [29]}	
8	km3	4	492	state	81	ON THE BOARD	ON THE BOARD	no				{"coin_queued_offered": [81], "coin_queued_offered_any": [81]}	
8	km3	4	494	state	29	ON THE BOARD	ON THE BOARD	no				{"coin_queued_offered": [29], "coin_queued_offered_any": [29]}	
8	km3	4	497	state	41	ON THE BOARD	ON THE BOARD	no				{"coin_queued_offered": [41], "coin_queued_offered_any": [41]}	
8	km3	4	498	state	77	ON THE BOARD	ON THE BOARD	no				{"coin_queued_offered": [77], "coin_queued_offered_any": [77]}	
8	k3	4	1	state	37	ON THE BOARD	ON THE BOARD	no				{"coin_queued_offered": [37], "coin_queued_offered_any": [37]}	
8	k3	4	6	lookahead	50	LOOKAHEAD ONLY, both halves hold	LOOKAHEAD ONLY, both halves hold	no	{"cut": null, "free": false, "queued": 2}	{"cut": null, "free": false, "queued": 2, "truncated": false}	{"built": null}	{}	Retreat(3) ; Attack(Attack { energy_required: [Grass, Grass], title: "Slicing Snipe", fixed_damage: ...
8	k3	4	7	lookahead	95	UNEXPLAINED	LOOKAHEAD ONLY, both halves hold	yes	{"cut": null, "free": false, "queued": null}	{"cut": null, "free": true, "queued": 3, "truncated": false}	{"built": null}	{}	Promote { player: 0, in_play_idx: 2 } ; (free) EndTurn ; DrawCard { amount: 1 } ; Attack(Attack { energy_required: [Grass, Grass], title: "Slicing Snipe", fixed_damage: ...
8	k3	4	8	lookahead	98	LOOKAHEAD ONLY, both halves hold	LOOKAHEAD ONLY, both halves hold	no	{"cut": null, "free": true, "queued": 3}	{"cut": null, "free": true, "queued": 3, "truncated": false}	{"built": null}	{}	Attach { attachments: [(1, Grass, 2)], is_turn_energy: true } ; Retreat(2) ; Attack(Attack { energy_required: [Grass, Grass], title: "Slicing Snipe", fixed_damage: ...
8	k3	4	10	state	23	ON THE BOARD	ON THE BOARD	no				{"coin_queued_offered": [23], "coin_queued_offered_any": [23]}	
8	k3	4	12	state	60	ON THE BOARD	ON THE BOARD	no				{"coin_queued_offered": [60], "coin_queued_offered_any": [60]}	
8	k3	4	14	lookahead	64	LOOKAHEAD ONLY, both halves hold	LOOKAHEAD ONLY, both halves hold	no	{"cut": null, "free": true, "queued": 3}	{"cut": null, "free": true, "queued": 3, "truncated": false}	{"built": null}	{}	Attach { attachments: [(1, Grass, 0)], is_turn_energy: true } ; Retreat(3) ; Attack(Attack { energy_required: [Grass, Grass], title: "Slicing Snipe", fixed_damage: ...
8	k3	4	15	state	71	ON THE BOARD	ON THE BOARD	no				{"coin_queued_offered": [71], "coin_queued_offered_any": [71]}	
8	k3	4	25	state	29	ON THE BOARD	ON THE BOARD	no				{"coin_queued_offered": [29], "coin_queued_offered_any": [29]}	
8	k3	4	29	state	35	ON THE BOARD	ON THE BOARD	no				{"coin_queued_offered": [35], "coin_queued_offered_any": [35]}	
8	k3	4	30	lookahead	98	LOOKAHEAD ONLY, both halves hold	LOOKAHEAD ONLY, both halves hold	no	{"cut": null, "free": false, "queued": 2}	{"cut": null, "free": false, "queued": 2, "truncated": false}	{"built": null}	{}	Retreat(2) ; Attack(Attack { energy_required: [Grass, Grass], title: "Slicing Snipe", fixed_damage: ...
8	k3	4	32	state	45	ON THE BOARD	ON THE BOARD	no				{"coin_queued_offered": [45], "coin_queued_offered_any": [45]}	
8	k3	4	33	state	61	ON THE BOARD	ON THE BOARD	no				{"coin_queued_offered": [61], "coin_queued_offered_any": [61]}	
8	k3	4	34	lookahead	54	LOOKAHEAD ONLY, both halves hold	LOOKAHEAD ONLY, both halves hold	no	{"cut": null, "free": true, "queued": 3}	{"cut": null, "free": true, "queued": 3, "truncated": false}	{"built": null}	{}	Attach { attachments: [(1, Grass, 3)], is_turn_energy: true } ; Retreat(3) ; Attack(Attack { energy_required: [Grass, Grass], title: "Slicing Snipe", fixed_damage: ...
8	k3	4	39	lookahead	62	LOOKAHEAD ONLY, both halves hold	LOOKAHEAD ONLY, both halves hold	no	{"cut": null, "free": false, "queued": 2}	{"cut": null, "free": false, "queued": 2, "truncated": false}	{"built": null}	{}	Retreat(2) ; Attack(Attack { energy_required: [Grass, Grass], title: "Slicing Snipe", fixed_damage: ...
8	k3	4	40	lookahead	97	LOOKAHEAD ONLY, both halves hold	LOOKAHEAD ONLY, both halves hold	no	{"cut": null, "free": false, "queued": 1}	{"cut": null, "free": false, "queued": 1, "truncated": false}	{"built": null}	{}	Attack(Attack { energy_required: [Grass, Grass], title: "Slicing Snipe", fixed_damage: ...
8	k3	4	43	lookahead	70	LOOKAHEAD ONLY, both halves hold	LOOKAHEAD ONLY, both halves hold	no	{"cut": null, "free": false, "queued": 2}	{"cut": null, "free": false, "queued": 2, "truncated": false}	{"built": null}	{}	Retreat(2) ; Attack(Attack { energy_required: [Grass, Grass], title: "Slicing Snipe", fixed_damage: ...
8	k3	4	51	lookahead	44	LOOKAHEAD ONLY, both halves hold	LOOKAHEAD ONLY, both halves hold	no	{"cut": null, "free": false, "queued": 2}	{"cut": null, "free": false, "queued": 2, "truncated": false}	{"built": null}	{}	Retreat(3) ; Attack(Attack { energy_required: [Grass, Grass], title: "Slicing Snipe", fixed_damage: ...
8	k3	4	52	state	30	ON THE BOARD	ON THE BOARD	no				{"coin_queued_offered": [30], "coin_queued_offered_any": [30]}	
8	k3	4	55	state	24	ON THE BOARD	ON THE BOARD	no				{"coin_queued_offered": [24], "coin_queued_offered_any": [24]}	
8	k3	4	62	lookahead	51	LOOKAHEAD ONLY, both halves hold	LOOKAHEAD ONLY, both halves hold	no	{"cut": null, "free": false, "queued": 2}	{"cut": null, "free": false, "queued": 2, "truncated": false}	{"built": null}	{}	Retreat(3) ; Attack(Attack { energy_required: [Grass, Grass], title: "Slicing Snipe", fixed_damage: ...
8	k3	4	68	state	58	ON THE BOARD	ON THE BOARD	no				{"coin_queued_offered": [58], "coin_queued_offered_any": [58]}	
8	k3	4	73	state	53	ON THE BOARD	ON THE BOARD	no				{"coin_queued_offered": [53], "coin_queued_offered_any": [53]}	
8	k3	4	76	state	78	ON THE BOARD	ON THE BOARD	no				{"coin_queued_offered": [78], "coin_queued_offered_any": [78]}	
8	k3	4	77	state	59	ON THE BOARD	ON THE BOARD	no				{"coin_queued_offered": [59], "coin_queued_offered_any": [59]}	
8	k3	4	78	state	36	ON THE BOARD	ON THE BOARD	no				{"coin_queued_offered": [36], "coin_queued_offered_any": [36]}	
8	k3	4	80	state	92	ON THE BOARD	ON THE BOARD	no				{"coin_queued_offered": [92], "coin_queued_offered_any": [92]}	
8	k3	4	83	state	27	ON THE BOARD	ON THE BOARD	no				{"coin_queued_offered": [27], "coin_queued_offered_any": [27]}	
8	k3	4	88	state	52	ON THE BOARD	ON THE BOARD	no				{"coin_queued_offered": [52], "coin_queued_offered_any": [52]}	
8	k3	4	89	state	67	ON THE BOARD	ON THE BOARD	no				{"coin_queued_offered": [67], "coin_queued_offered_any": [67]}	
8	k3	4	92	lookahead	64	LOOKAHEAD ONLY, both halves hold	LOOKAHEAD ONLY, both halves hold	no	{"cut": null, "free": true, "queued": 3}	{"cut": null, "free": true, "queued": 3, "truncated": false}	{"built": null}	{}	Attach { attachments: [(1, Grass, 3)], is_turn_energy: true } ; Retreat(3) ; Attack(Attack { energy_required: [Grass, Grass], title: "Slicing Snipe", fixed_damage: ...
8	k3	4	93	state	42	ON THE BOARD	ON THE BOARD	no				{"coin_queued_offered": [42], "coin_queued_offered_any": [42]}	
8	k3	4	95	lookahead	60	LOOKAHEAD ONLY, both halves hold	LOOKAHEAD ONLY, both halves hold	no	{"cut": null, "free": false, "queued": 2}	{"cut": null, "free": false, "queued": 2, "truncated": false}	{"built": null}	{}	Retreat(2) ; Attack(Attack { energy_required: [Grass, Grass], title: "Slicing Snipe", fixed_damage: ...
8	k3	4	98	state	74	ON THE BOARD	ON THE BOARD	no				{"coin_queued_offered": [74], "coin_queued_offered_any": [74]}	
8	k3	4	103	lookahead	58	LOOKAHEAD ONLY, both halves hold	LOOKAHEAD ONLY, both halves hold	no	{"cut": null, "free": true, "queued": 3}	{"cut": null, "free": true, "queued": 3, "truncated": false}	{"built": null}	{}	Attach { attachments: [(1, Grass, 2)], is_turn_energy: true } ; Retreat(2) ; Attack(Attack { energy_required: [Grass, Grass], title: "Slicing Snipe", fixed_damage: ...
8	k3	4	104	lookahead	66	LOOKAHEAD ONLY, both halves hold	LOOKAHEAD ONLY, both halves hold	no	{"cut": null, "free": true, "queued": 3}	{"cut": null, "free": true, "queued": 3, "truncated": false}	{"built": null}	{}	Attach { attachments: [(1, Grass, 3)], is_turn_energy: true } ; Retreat(3) ; Attack(Attack { energy_required: [Grass, Grass], title: "Slicing Snipe", fixed_damage: ...
8	k3	4	105	state	80	ON THE BOARD	ON THE BOARD	no				{"coin_queued_offered": [80], "coin_queued_offered_any": [80]}	
8	k3	4	106	state	75	ON THE BOARD	ON THE BOARD	no				{"coin_queued_offered": [75], "coin_queued_offered_any": [75]}	
8	k3	4	111	lookahead	68	LOOKAHEAD ONLY, both halves hold	LOOKAHEAD ONLY, both halves hold	no	{"cut": null, "free": false, "queued": 1}	{"cut": null, "free": false, "queued": 1, "truncated": false}	{"built": null}	{}	Attack(Attack { energy_required: [Grass, Grass], title: "Slicing Snipe", fixed_damage: ...
8	k3	4	112	state	43	ON THE BOARD	ON THE BOARD	no				{"coin_queued_offered": [43], "coin_queued_offered_any": [43]}	
8	k3	4	115	state	55	ON THE BOARD	ON THE BOARD	no				{"coin_queued_offered": [55], "coin_queued_offered_any": [55]}	
8	k3	4	119	state	71	ON THE BOARD	ON THE BOARD	no				{"coin_queued_offered": [71], "coin_queued_offered_any": [71]}	
8	k3	4	123	lookahead	18	LOOKAHEAD ONLY, both halves hold	LOOKAHEAD ONLY, both halves hold	no	{"cut": null, "free": true, "queued": 1}	{"cut": null, "free": true, "queued": 1, "truncated": false}	{"built": null}	{}	Attack(Attack { energy_required: [Grass, Grass], title: "Slicing Snipe", fixed_damage: ...
8	k3	4	124	state	53	ON THE BOARD	ON THE BOARD	no				{"coin_queued_offered": [53], "coin_queued_offered_any": [53]}	
8	k3	4	127	state	73	ON THE BOARD	ON THE BOARD	no				{"coin_queued_offered": [73], "coin_queued_offered_any": [73]}	
8	k3	4	131	lookahead	37	LOOKAHEAD ONLY, both halves hold	LOOKAHEAD ONLY, both halves hold	no	{"cut": null, "free": false, "queued": 1}	{"cut": null, "free": false, "queued": 1, "truncated": false}	{"built": null}	{}	Attack(Attack { energy_required: [Grass, Grass], title: "Slicing Snipe", fixed_damage: ...
8	k3	4	134	lookahead	93	LOOKAHEAD ONLY, both halves hold	LOOKAHEAD ONLY, both halves hold	no	{"cut": null, "free": true, "queued": 3}	{"cut": null, "free": true, "queued": 3, "truncated": false}	{"built": null}	{}	Attach { attachments: [(1, Grass, 3)], is_turn_energy: true } ; Retreat(3) ; Attack(Attack { energy_required: [Grass, Grass], title: "Slicing Snipe", fixed_damage: ...
8	k3	4	135	state	19	ON THE BOARD	ON THE BOARD	no				{"coin_queued_offered": [19], "coin_queued_offered_any": [19]}	
8	k3	4	136	state	48	ON THE BOARD	ON THE BOARD	no				{"coin_queued_offered": [48], "coin_queued_offered_any": [48]}	
8	k3	4	137	lookahead	57	LOOKAHEAD ONLY, both halves hold	LOOKAHEAD ONLY, both halves hold	no	{"cut": null, "free": true, "queued": 3}	{"cut": null, "free": true, "queued": 3, "truncated": false}	{"built": null}	{}	Attach { attachments: [(1, Grass, 3)], is_turn_energy: true } ; Retreat(3) ; Attack(Attack { energy_required: [Grass, Grass], title: "Slicing Snipe", fixed_damage: ...
8	k3	4	140	state	32	ON THE BOARD	ON THE BOARD	no				{"coin_queued_offered": [32], "coin_queued_offered_any": [32]}	
8	k3	4	142	state	62	ON THE BOARD	ON THE BOARD	no				{"coin_queued_offered": [62], "coin_queued_offered_any": [62]}	
8	k3	4	144	lookahead	64	LOOKAHEAD ONLY, both halves hold	LOOKAHEAD ONLY, both halves hold	no	{"cut": null, "free": false, "queued": 2}	{"cut": null, "free": false, "queued": 2, "truncated": false}	{"built": null}	{}	Retreat(2) ; Attack(Attack { energy_required: [Grass, Grass], title: "Slicing Snipe", fixed_damage: ...
8	k3	4	145	lookahead	52	LOOKAHEAD ONLY, both halves hold	LOOKAHEAD ONLY, both halves hold	no	{"cut": null, "free": true, "queued": 2}	{"cut": null, "free": true, "queued": 2, "truncated": false}	{"built": null}	{}	Retreat(3) ; Attack(Attack { energy_required: [Grass, Grass], title: "Slicing Snipe", fixed_damage: ...
8	k3	4	150	state	67	ON THE BOARD	ON THE BOARD	no				{"coin_queued_offered": [67], "coin_queued_offered_any": [67]}	
8	k3	4	152	state	80	ON THE BOARD	ON THE BOARD	no				{"coin_queued_offered": [80], "coin_queued_offered_any": [80]}	
8	k3	4	153	state	74	ON THE BOARD	ON THE BOARD	no				{"coin_queued_offered": [74], "coin_queued_offered_any": [74]}	
8	k3	4	154	lookahead	62	LOOKAHEAD ONLY, both halves hold	LOOKAHEAD ONLY, both halves hold	no	{"cut": null, "free": false, "queued": 2}	{"cut": null, "free": false, "queued": 2, "truncated": false}	{"built": null}	{}	Retreat(3) ; Attack(Attack { energy_required: [Grass, Grass], title: "Slicing Snipe", fixed_damage: ...
8	k3	4	159	state	46	ON THE BOARD	ON THE BOARD	no				{"coin_queued_offered": [46], "coin_queued_offered_any": [46]}	
8	k3	4	160	state	33	ON THE BOARD	ON THE BOARD	no				{"coin_queued_offered": [33], "coin_queued_offered_any": [33]}	
8	k3	4	163	lookahead	48	LOOKAHEAD ONLY, both halves hold	LOOKAHEAD ONLY, both halves hold	no	{"cut": null, "free": false, "queued": 2}	{"cut": null, "free": false, "queued": 2, "truncated": false}	{"built": null}	{}	Retreat(3) ; Attack(Attack { energy_required: [Grass, Grass], title: "Slicing Snipe", fixed_damage: ...
8	k3	4	166	state	30	ON THE BOARD	ON THE BOARD	no				{"coin_queued_offered": [30], "coin_queued_offered_any": [30]}	
8	k3	4	167	lookahead	77	LOOKAHEAD ONLY, both halves hold	LOOKAHEAD ONLY, both halves hold	no	{"cut": null, "free": true, "queued": 3}	{"cut": null, "free": true, "queued": 3, "truncated": false}	{"built": null}	{}	Attach { attachments: [(1, Grass, 3)], is_turn_energy: true } ; Retreat(3) ; Attack(Attack { energy_required: [Grass, Grass], title: "Slicing Snipe", fixed_damage: ...
8	k3	4	171	state	68	ON THE BOARD	ON THE BOARD	no				{"coin_queued_offered": [68], "coin_queued_offered_any": [68]}	
8	k3	4	174	state	40	ON THE BOARD	ON THE BOARD	no				{"coin_queued_offered": [40], "coin_queued_offered_any": [40]}	
8	k3	4	178	lookahead	89	LOOKAHEAD ONLY, both halves hold	LOOKAHEAD ONLY, both halves hold	no	{"cut": null, "free": false, "queued": 1}	{"cut": null, "free": false, "queued": 1, "truncated": false}	{"built": null}	{}	Attack(Attack { energy_required: [Grass, Grass], title: "Slicing Snipe", fixed_damage: ...
8	k3	4	181	state	85	ON THE BOARD	ON THE BOARD	no				{"coin_queued_offered": [85], "coin_queued_offered_any": [85]}	
8	k3	4	183	lookahead	24	LOOKAHEAD ONLY, both halves hold	LOOKAHEAD ONLY, both halves hold	no	{"cut": null, "free": true, "queued": 1}	{"cut": null, "free": true, "queued": 1, "truncated": false}	{"built": null}	{}	Attack(Attack { energy_required: [Grass, Grass], title: "Slicing Snipe", fixed_damage: ...
8	k3	4	184	state	37	ON THE BOARD	ON THE BOARD	no				{"coin_queued_offered": [37], "coin_queued_offered_any": [37]}	
8	k3	4	188	state	28	ON THE BOARD	ON THE BOARD	no				{"coin_queued_offered": [28], "coin_queued_offered_any": [28]}	
8	k3	4	189	state	70	ON THE BOARD	ON THE BOARD	no				{"coin_queued_offered": [70], "coin_queued_offered_any": [70]}	
8	k3	4	194	state	29	ON THE BOARD	ON THE BOARD	no				{"coin_queued_offered": [29], "coin_queued_offered_any": [29]}	
8	k3	4	201	lookahead	59	LOOKAHEAD ONLY, both halves hold	LOOKAHEAD ONLY, both halves hold	no	{"cut": null, "free": false, "queued": 1}	{"cut": null, "free": false, "queued": 1, "truncated": false}	{"built": null}	{}	Attack(Attack { energy_required: [Grass, Grass], title: "Slicing Snipe", fixed_damage: ...
8	k3	4	202	lookahead	79	LOOKAHEAD ONLY, both halves hold	LOOKAHEAD ONLY, both halves hold	no	{"cut": null, "free": false, "queued": 2}	{"cut": null, "free": false, "queued": 2, "truncated": false}	{"built": null}	{}	Retreat(3) ; Attack(Attack { energy_required: [Grass, Grass], title: "Slicing Snipe", fixed_damage: ...
8	k3	4	204	lookahead	53	LOOKAHEAD ONLY, both halves hold	LOOKAHEAD ONLY, both halves hold	no	{"cut": null, "free": false, "queued": 2}	{"cut": null, "free": false, "queued": 2, "truncated": false}	{"built": null}	{}	Retreat(2) ; Attack(Attack { energy_required: [Grass, Grass], title: "Slicing Snipe", fixed_damage: ...
8	k3	4	205	lookahead	69	LOOKAHEAD ONLY, both halves hold	LOOKAHEAD ONLY, both halves hold	no	{"cut": null, "free": true, "queued": 3}	{"cut": null, "free": true, "queued": 3, "truncated": false}	{"built": null}	{}	Attach { attachments: [(1, Grass, 2)], is_turn_energy: true } ; Retreat(2) ; Attack(Attack { energy_required: [Grass, Grass], title: "Slicing Snipe", fixed_damage: ...
8	k3	4	208	lookahead	57	LOOKAHEAD ONLY, both halves hold	LOOKAHEAD ONLY, both halves hold	no	{"cut": null, "free": true, "queued": 3}	{"cut": null, "free": true, "queued": 3, "truncated": false}	{"built": null}	{}	Attach { attachments: [(1, Grass, 2)], is_turn_energy: true } ; Retreat(2) ; Attack(Attack { energy_required: [Grass, Grass], title: "Slicing Snipe", fixed_damage: ...
8	k3	4	210	lookahead	46	LOOKAHEAD ONLY, both halves hold	LOOKAHEAD ONLY, both halves hold	no	{"cut": null, "free": true, "queued": 3}	{"cut": null, "free": true, "queued": 3, "truncated": false}	{"built": null}	{}	Attach { attachments: [(1, Grass, 3)], is_turn_energy: true } ; Retreat(3) ; Attack(Attack { energy_required: [Grass, Grass], title: "Slicing Snipe", fixed_damage: ...
8	k3	4	211	state	23	ON THE BOARD	ON THE BOARD	no				{"coin_queued_offered": [23], "coin_queued_offered_any": [23]}	
8	k3	4	212	state	50	ON THE BOARD	ON THE BOARD	no				{"coin_queued_offered": [50], "coin_queued_offered_any": [50]}	
8	k3	4	214	state	70	ON THE BOARD	ON THE BOARD	no				{"coin_queued_offered": [70], "coin_queued_offered_any": [70]}	
8	k3	4	215	state	59	ON THE BOARD	ON THE BOARD	no				{"coin_queued_offered": [59], "coin_queued_offered_any": [59]}	
8	k3	4	218	state	54	ON THE BOARD	ON THE BOARD	no				{"coin_queued_offered": [54], "coin_queued_offered_any": [54]}	
8	k3	4	220	lookahead	50	LOOKAHEAD ONLY, both halves hold	LOOKAHEAD ONLY, both halves hold	no	{"cut": null, "free": false, "queued": 2}	{"cut": null, "free": false, "queued": 2, "truncated": false}	{"built": null}	{}	Retreat(3) ; Attack(Attack { energy_required: [Grass, Grass], title: "Slicing Snipe", fixed_damage: ...
8	k3	4	221	lookahead	72	LOOKAHEAD ONLY, both halves hold	LOOKAHEAD ONLY, both halves hold	no	{"cut": null, "free": false, "queued": 2}	{"cut": null, "free": false, "queued": 2, "truncated": false}	{"built": null}	{}	Retreat(2) ; Attack(Attack { energy_required: [Grass, Grass], title: "Slicing Snipe", fixed_damage: ...
8	k3	4	222	state	52	ON THE BOARD	ON THE BOARD	no				{"coin_queued_offered": [52], "coin_queued_offered_any": [52]}	
8	k3	4	223	state	35	ON THE BOARD	ON THE BOARD	no				{"coin_queued_offered": [35], "coin_queued_offered_any": [35]}	
8	k3	4	224	lookahead	77	LOOKAHEAD ONLY, both halves hold	LOOKAHEAD ONLY, both halves hold	no	{"cut": null, "free": true, "queued": 3}	{"cut": null, "free": true, "queued": 3, "truncated": false}	{"built": null}	{}	Attach { attachments: [(1, Grass, 3)], is_turn_energy: true } ; Retreat(3) ; Attack(Attack { energy_required: [Grass, Grass], title: "Slicing Snipe", fixed_damage: ...
8	k3	4	226	state	25	ON THE BOARD	ON THE BOARD	no				{"coin_queued_offered": [25], "coin_queued_offered_any": [25]}	
8	k3	4	227	state	69	ON THE BOARD	ON THE BOARD	no				{"coin_queued_offered": [69], "coin_queued_offered_any": [69]}	
8	k3	4	228	state	33	ON THE BOARD	ON THE BOARD	no				{"coin_queued_offered": [33], "coin_queued_offered_any": [33]}	
8	k3	4	229	lookahead	95	LOOKAHEAD ONLY, both halves hold	LOOKAHEAD ONLY, both halves hold	no	{"cut": null, "free": false, "queued": 2}	{"cut": null, "free": false, "queued": 2, "truncated": false}	{"built": null}	{}	Retreat(2) ; Attack(Attack { energy_required: [Grass, Grass], title: "Slicing Snipe", fixed_damage: ...
8	k3	4	230	state	66	ON THE BOARD	ON THE BOARD	no				{"coin_queued_offered": [66], "coin_queued_offered_any": [66]}	
8	k3	4	231	state	70	ON THE BOARD	ON THE BOARD	no				{"coin_queued_offered": [70], "coin_queued_offered_any": [70]}	
8	k3	4	232	state	30	ON THE BOARD	ON THE BOARD	no				{"coin_queued_offered": [30], "coin_queued_offered_any": [30]}	
8	k3	4	236	state	71	ON THE BOARD	ON THE BOARD	no				{"coin_queued_offered": [71], "coin_queued_offered_any": [71]}	
8	k3	4	237	state	72	ON THE BOARD	ON THE BOARD	no				{"coin_queued_offered": [72], "coin_queued_offered_any": [72]}	
8	k3	4	238	state	85	ON THE BOARD	ON THE BOARD	no				{"coin_queued_offered": [85], "coin_queued_offered_any": [85]}	
8	k3	4	239	state	39	ON THE BOARD	ON THE BOARD	no				{"coin_queued_offered": [39], "coin_queued_offered_any": [39]}	
8	k3	4	242	state	33	ON THE BOARD	ON THE BOARD	no				{"coin_queued_offered": [33], "coin_queued_offered_any": [33]}	
8	k3	4	244	lookahead	53	LOOKAHEAD ONLY, both halves hold	LOOKAHEAD ONLY, both halves hold	no	{"cut": null, "free": false, "queued": 2}	{"cut": null, "free": false, "queued": 2, "truncated": false}	{"built": null}	{}	Retreat(3) ; Attack(Attack { energy_required: [Grass, Grass], title: "Slicing Snipe", fixed_damage: ...
8	k3	4	248	state	47	ON THE BOARD	ON THE BOARD	no				{"coin_queued_offered": [47], "coin_queued_offered_any": [47]}	
8	k3	4	249	lookahead	49	LOOKAHEAD ONLY, both halves hold	LOOKAHEAD ONLY, both halves hold	no	{"cut": null, "free": false, "queued": 1}	{"cut": null, "free": false, "queued": 1, "truncated": false}	{"built": null}	{}	Attack(Attack { energy_required: [Grass, Grass], title: "Slicing Snipe", fixed_damage: ...
8	km3	5	15	state	87	ON THE BOARD	ON THE BOARD	no				{"coin_queued_offered": [87], "coin_queued_offered_any": [87]}	
8	km3	5	51	state	64	ON THE BOARD	ON THE BOARD	no				{"coin_queued_offered": [64], "coin_queued_offered_any": [64]}	
8	km3	5	65	state	33	ON THE BOARD	ON THE BOARD	no				{"coin_queued_offered": [33], "coin_queued_offered_any": [33]}	
8	km3	5	82	state	71	ON THE BOARD	ON THE BOARD	no				{"coin_queued_offered": [71], "coin_queued_offered_any": [71]}	
8	km3	5	146	lookahead	93	LOOKAHEAD ONLY, both halves hold	LOOKAHEAD ONLY, both halves hold	no	{"cut": null, "free": false, "queued": 1}	{"cut": null, "free": false, "queued": 1, "truncated": false}	{"built": null}	{}	Attack(Attack { energy_required: [Water, Water, Water], title: "Diving Icicles", fixed_...
8	km3	5	155	state	43	ON THE BOARD	ON THE BOARD	no				{"coin_queued_offered": [43], "coin_queued_offered_any": [43]}	
8	km3	5	157	lookahead	69	LOOKAHEAD ONLY, both halves hold	LOOKAHEAD ONLY, both halves hold	no	{"cut": null, "free": false, "queued": 2}	{"cut": null, "free": false, "queued": 2, "truncated": false}	{"built": null}	{}	Retreat(1) ; Attack(Attack { energy_required: [Water, Water, Water], title: "Diving Icicles", fixed_...
8	km3	5	166	state	107	ON THE BOARD	ON THE BOARD	no				{"coin_queued_offered": [107], "coin_queued_offered_any": [107]}	
8	km3	5	169	state	80	ON THE BOARD	ON THE BOARD	no				{"coin_queued_offered": [80], "coin_queued_offered_any": [80]}	
8	km3	5	170	lookahead	60	LOOKAHEAD ONLY, both halves hold	LOOKAHEAD ONLY, both halves hold	no	{"cut": null, "free": true, "queued": 2}	{"cut": null, "free": true, "queued": 2, "truncated": false}	{"built": null}	{}	Retreat(3) ; Attack(Attack { energy_required: [Water, Water, Water], title: "Diving Icicles", fixed_...
8	km3	5	199	lookahead	88	LOOKAHEAD ONLY, both halves hold	LOOKAHEAD ONLY, both halves hold	no	{"cut": null, "free": false, "queued": 2}	{"cut": null, "free": false, "queued": 2, "truncated": false}	{"built": null}	{}	Retreat(3) ; Attack(Attack { energy_required: [Water, Water, Water], title: "Diving Icicles", fixed_...
8	km3	5	210	state	121	ON THE BOARD	ON THE BOARD	no				{"coin_queued_offered": [121], "coin_queued_offered_any": [121]}	
8	km3	5	271	state	39	ON THE BOARD	ON THE BOARD	no				{"coin_queued_offered": [39], "coin_queued_offered_any": [39]}	
8	km3	5	280	state	40	ON THE BOARD	ON THE BOARD	no				{"coin_queued_offered": [40], "coin_queued_offered_any": [40]}	
8	km3	5	281	state	138	ON THE BOARD	ON THE BOARD	no				{"coin_queued_offered": [138], "coin_queued_offered_any": [138]}	
8	km3	5	287	state	93	ON THE BOARD	ON THE BOARD	no				{"coin_queued_offered": [93], "coin_queued_offered_any": [93]}	
8	km3	5	305	lookahead	67	LOOKAHEAD ONLY, both halves hold	LOOKAHEAD ONLY, both halves hold	no	{"cut": null, "free": true, "queued": 2}	{"cut": null, "free": true, "queued": 2, "truncated": false}	{"built": null}	{}	Retreat(1) ; Attack(Attack { energy_required: [Water, Water, Water], title: "Diving Icicles", fixed_...
8	km3	5	332	state	47	ON THE BOARD	ON THE BOARD	no				{"coin_queued_offered": [47], "coin_queued_offered_any": [47]}	
8	km3	5	354	state	42	ON THE BOARD	ON THE BOARD	no				{"coin_queued_offered": [42], "coin_queued_offered_any": [42]}	
8	km3	5	358	state	38	ON THE BOARD	ON THE BOARD	no				{"coin_queued_offered": [38], "coin_queued_offered_any": [38]}	
8	km3	5	397	state	96	ON THE BOARD	ON THE BOARD	no				{"coin_queued_offered": [96], "coin_queued_offered_any": [96]}	
8	km3	5	451	state	127	ON THE BOARD	ON THE BOARD	no				{"coin_queued_offered": [127], "coin_queued_offered_any": [127]}	
8	k3	5	9	lookahead	101	LOOKAHEAD ONLY, both halves hold	LOOKAHEAD ONLY, both halves hold	no	{"cut": null, "free": false, "queued": 2}	{"cut": null, "free": false, "queued": 2, "truncated": false}	{"built": null}	{}	Retreat(3) ; Attack(Attack { energy_required: [Water, Water, Water], title: "Diving Icicles", fixed_...
8	k3	5	51	state	64	ON THE BOARD	ON THE BOARD	no				{"coin_queued_offered": [64], "coin_queued_offered_any": [64]}	
8	k3	5	65	state	29	ON THE BOARD	ON THE BOARD	no				{"coin_queued_offered": [29], "coin_queued_offered_any": [29]}	
8	k3	5	88	state	70	ON THE BOARD	ON THE BOARD	no				{"coin_queued_offered": [70], "coin_queued_offered_any": [70]}	
8	k3	5	89	state	33	ON THE BOARD	ON THE BOARD	no				{"coin_queued_offered": [33], "coin_queued_offered_any": [33]}	
8	k3	5	98	state	122	ON THE BOARD	ON THE BOARD	no				{"coin_queued_offered": [122], "coin_queued_offered_any": [122]}	
8	k3	5	123	state	46	ON THE BOARD	ON THE BOARD	no				{"coin_queued_offered": [46], "coin_queued_offered_any": [46]}	
8	k3	5	130	state	57	ON THE BOARD	ON THE BOARD	no				{"coin_queued_offered": [57], "coin_queued_offered_any": [57]}	
8	k3	5	166	state	105	ON THE BOARD	ON THE BOARD	no				{"coin_queued_offered": [105], "coin_queued_offered_any": [105]}	
8	k3	5	169	lookahead	77	LOOKAHEAD ONLY, both halves hold	LOOKAHEAD ONLY, both halves hold	no	{"cut": null, "free": false, "queued": 2}	{"cut": null, "free": false, "queued": 2, "truncated": false}	{"built": null}	{}	Retreat(2) ; Attack(Attack { energy_required: [Water, Water, Water], title: "Diving Icicles", fixed_...
8	k3	5	193	state	151	ON THE BOARD	ON THE BOARD	no				{"coin_queued_offered": [151], "coin_queued_offered_any": [151]}	
8	k3	5	194	lookahead	81	LOOKAHEAD ONLY, both halves hold	LOOKAHEAD ONLY, both halves hold	no	{"cut": null, "free": true, "queued": 2}	{"cut": null, "free": true, "queued": 2, "truncated": false}	{"built": null}	{}	Retreat(2) ; Attack(Attack { energy_required: [Water, Water, Water], title: "Diving Icicles", fixed_...
8	k3	5	199	lookahead	88	LOOKAHEAD ONLY, both halves hold	LOOKAHEAD ONLY, both halves hold	no	{"cut": null, "free": false, "queued": 2}	{"cut": null, "free": false, "queued": 2, "truncated": false}	{"built": null}	{}	Retreat(3) ; Attack(Attack { energy_required: [Water, Water, Water], title: "Diving Icicles", fixed_...
8	k3	5	208	state	104	ON THE BOARD	ON THE BOARD	no				{"coin_queued_offered": [104], "coin_queued_offered_any": [104]}	
8	k3	5	237	state	115	ON THE BOARD	ON THE BOARD	no				{"coin_queued_offered": [115], "coin_queued_offered_any": [115]}	
8	k3	5	243	state	107	ON THE BOARD	ON THE BOARD	no				{"coin_queued_offered": [107], "coin_queued_offered_any": [107]}	
8	km3	6	2	state	58	ON THE BOARD	ON THE BOARD	no				{"coin_queued_offered": [58], "coin_queued_offered_any": [58]}	
8	km3	6	3	state	73	ON THE BOARD	ON THE BOARD	no				{"coin_queued_offered": [73], "coin_queued_offered_any": [73]}	
8	km3	6	4	state	33	ON THE BOARD	ON THE BOARD	no				{"coin_queued_offered": [33], "coin_queued_offered_any": [33]}	
8	km3	6	8	state	30	ON THE BOARD	ON THE BOARD	no				{"coin_queued_offered": [30], "coin_queued_offered_any": [30]}	
8	km3	6	9	state	56	ON THE BOARD	ON THE BOARD	no				{"coin_queued_offered": [56], "coin_queued_offered_any": [56]}	
8	km3	6	16	state	85	ON THE BOARD	ON THE BOARD	no				{"coin_queued_offered": [85], "coin_queued_offered_any": [85]}	
8	km3	6	17	state	47	ON THE BOARD	ON THE BOARD	no				{"coin_queued_offered": [47], "coin_queued_offered_any": [47]}	
8	km3	6	18	state	41	ON THE BOARD	ON THE BOARD	no				{"coin_queued_offered": [41], "coin_queued_offered_any": [41]}	
8	km3	6	19	state	58	ON THE BOARD	ON THE BOARD	no				{"coin_queued_offered": [58], "coin_queued_offered_any": [58]}	
8	km3	6	20	state	38	ON THE BOARD	ON THE BOARD	no				{"coin_queued_offered": [38], "coin_queued_offered_any": [38]}	
8	km3	6	21	state	90	ON THE BOARD	ON THE BOARD	no				{"coin_queued_offered": [90], "coin_queued_offered_any": [90]}	
8	km3	6	25	state	110	ON THE BOARD	ON THE BOARD	no				{"coin_queued_offered": [110], "coin_queued_offered_any": [110]}	
8	km3	6	26	state	39	ON THE BOARD	ON THE BOARD	no				{"coin_queued_offered": [39], "coin_queued_offered_any": [39]}	
8	km3	6	28	lookahead	73	LOOKAHEAD ONLY, both halves hold	LOOKAHEAD ONLY, both halves hold	no	{"cut": null, "free": false, "queued": 1}	{"cut": null, "free": false, "queued": 1, "truncated": false}	{"built": null}	{}	Attack(Attack { energy_required: [Grass, Grass], title: "Chase Order", fixed_damage: 70...
8	km3	6	29	lookahead	63	LOOKAHEAD ONLY, both halves hold	LOOKAHEAD ONLY, both halves hold	no	{"cut": null, "free": false, "queued": 1}	{"cut": null, "free": false, "queued": 1, "truncated": false}	{"built": null}	{}	Attack(Attack { energy_required: [Grass, Grass], title: "Chase Order", fixed_damage: 70...
8	km3	6	30	lookahead	55	LOOKAHEAD ONLY, both halves hold	LOOKAHEAD ONLY, both halves hold	no	{"cut": null, "free": false, "queued": 2}	{"cut": null, "free": false, "queued": 2, "truncated": false}	{"built": null}	{}	Retreat(3) ; Attack(Attack { energy_required: [Grass, Grass], title: "Chase Order", fixed_damage: 70...
8	km3	6	31	state	87	ON THE BOARD	ON THE BOARD	no				{"coin_queued_offered": [87], "coin_queued_offered_any": [87]}	
8	km3	6	33	state	98	ON THE BOARD	ON THE BOARD	no				{"coin_queued_offered": [98], "coin_queued_offered_any": [98]}	
8	km3	6	34	lookahead	58	LOOKAHEAD ONLY, both halves hold	LOOKAHEAD ONLY, both halves hold	no	{"cut": null, "free": false, "queued": 1}	{"cut": null, "free": false, "queued": 1, "truncated": false}	{"built": null}	{}	Attack(Attack { energy_required: [Grass, Grass], title: "Chase Order", fixed_damage: 70...
8	km3	6	36	lookahead	76	LOOKAHEAD ONLY, both halves hold	LOOKAHEAD ONLY, both halves hold	no	{"cut": null, "free": false, "queued": 1}	{"cut": null, "free": false, "queued": 1, "truncated": false}	{"built": null}	{}	Attack(Attack { energy_required: [Grass, Grass], title: "Chase Order", fixed_damage: 70...
8	km3	6	41	state	33	ON THE BOARD	ON THE BOARD	no				{"coin_queued_offered": [33], "coin_queued_offered_any": [33]}	
8	km3	6	42	state	81	ON THE BOARD	ON THE BOARD	no				{"coin_queued_offered": [81], "coin_queued_offered_any": [81]}	
8	km3	6	44	state	34	ON THE BOARD	ON THE BOARD	no				{"coin_queued_offered": [34], "coin_queued_offered_any": [34]}	
8	km3	6	46	state	50	ON THE BOARD	ON THE BOARD	no				{"coin_queued_offered": [50], "coin_queued_offered_any": [50]}	
8	km3	6	47	state	55	ON THE BOARD	ON THE BOARD	no				{"coin_queued_offered": [55], "coin_queued_offered_any": [55]}	
8	km3	6	48	state	48	ON THE BOARD	ON THE BOARD	no				{"coin_queued_offered": [48], "coin_queued_offered_any": [48]}	
8	km3	6	49	state	47	ON THE BOARD	ON THE BOARD	no				{"coin_queued_offered": [47], "coin_queued_offered_any": [47]}	
8	km3	6	50	state	58	ON THE BOARD	ON THE BOARD	no				{"coin_queued_offered": [58], "coin_queued_offered_any": [58]}	
8	km3	6	51	state	94	ON THE BOARD	ON THE BOARD	no				{"coin_queued_offered": [94], "coin_queued_offered_any": [94]}	
8	km3	6	53	state	41	ON THE BOARD	ON THE BOARD	no				{"coin_queued_offered": [41], "coin_queued_offered_any": [41]}	
8	km3	6	56	state	47	ON THE BOARD	ON THE BOARD	no				{"coin_queued_offered": [47], "coin_queued_offered_any": [47]}	
8	km3	6	57	state	75	ON THE BOARD	ON THE BOARD	no				{"coin_queued_offered": [75], "coin_queued_offered_any": [75]}	
8	km3	6	58	lookahead	59	LOOKAHEAD ONLY, both halves hold	LOOKAHEAD ONLY, both halves hold	no	{"cut": null, "free": false, "queued": 1}	{"cut": null, "free": false, "queued": 1, "truncated": false}	{"built": null}	{}	Attack(Attack { energy_required: [Grass, Grass], title: "Chase Order", fixed_damage: 70...
8	km3	6	59	state	81	ON THE BOARD	ON THE BOARD	no				{"coin_queued_offered": [81], "coin_queued_offered_any": [81]}	
8	km3	6	60	lookahead	67	LOOKAHEAD ONLY, both halves hold	LOOKAHEAD ONLY, both halves hold	no	{"cut": null, "free": false, "queued": 1}	{"cut": null, "free": false, "queued": 1, "truncated": false}	{"built": null}	{}	Attack(Attack { energy_required: [Grass, Grass], title: "Chase Order", fixed_damage: 70...
8	km3	6	64	state	69	ON THE BOARD	ON THE BOARD	no				{"coin_queued_offered": [69], "coin_queued_offered_any": [69]}	
8	km3	6	65	lookahead	74	LOOKAHEAD ONLY, both halves hold	LOOKAHEAD ONLY, both halves hold	no	{"cut": null, "free": false, "queued": 1}	{"cut": null, "free": false, "queued": 1, "truncated": false}	{"built": null}	{}	Attack(Attack { energy_required: [Grass, Grass], title: "Chase Order", fixed_damage: 70...
8	km3	6	66	state	55	ON THE BOARD	ON THE BOARD	no				{"coin_queued_offered": [55], "coin_queued_offered_any": [55]}	
8	km3	6	67	state	69	ON THE BOARD	ON THE BOARD	no				{"coin_queued_offered": [69], "coin_queued_offered_any": [69]}	
8	km3	6	69	state	43	ON THE BOARD	ON THE BOARD	no				{"coin_queued_offered": [43], "coin_queued_offered_any": [43]}	
8	km3	6	70	state	59	ON THE BOARD	ON THE BOARD	no				{"coin_queued_offered": [59], "coin_queued_offered_any": [59]}	
8	km3	6	72	state	105	ON THE BOARD	ON THE BOARD	no				{"coin_queued_offered": [105], "coin_queued_offered_any": [105]}	
8	km3	6	79	state	42	ON THE BOARD	ON THE BOARD	no				{"coin_queued_offered": [42], "coin_queued_offered_any": [42]}	
8	km3	6	85	state	65	ON THE BOARD	ON THE BOARD	no				{"coin_queued_offered": [65], "coin_queued_offered_any": [65]}	
8	km3	6	86	state	72	ON THE BOARD	ON THE BOARD	no				{"coin_queued_offered": [72], "coin_queued_offered_any": [72]}	
8	km3	6	87	state	45	ON THE BOARD	ON THE BOARD	no				{"coin_queued_offered": [45], "coin_queued_offered_any": [45]}	
8	km3	6	92	state	56	ON THE BOARD	ON THE BOARD	no				{"coin_queued_offered": [56], "coin_queued_offered_any": [56]}	
8	km3	6	94	state	44	ON THE BOARD	ON THE BOARD	no				{"coin_queued_offered": [44], "coin_queued_offered_any": [44]}	
8	km3	6	95	lookahead	66	LOOKAHEAD ONLY, both halves hold	LOOKAHEAD ONLY, both halves hold	no	{"cut": null, "free": false, "queued": 2}	{"cut": null, "free": false, "queued": 2, "truncated": false}	{"built": null}	{}	Retreat(3) ; Attack(Attack { energy_required: [Grass, Grass], title: "Chase Order", fixed_damage: 70...
8	km3	6	96	lookahead	71	LOOKAHEAD ONLY, both halves hold	LOOKAHEAD ONLY, both halves hold	no	{"cut": null, "free": false, "queued": 1}	{"cut": null, "free": false, "queued": 1, "truncated": false}	{"built": null}	{}	Attack(Attack { energy_required: [Grass, Grass], title: "Chase Order", fixed_damage: 70...
8	km3	6	97	state	88	ON THE BOARD	ON THE BOARD	no				{"coin_queued_offered": [88], "coin_queued_offered_any": [88]}	
8	km3	6	99	state	46	ON THE BOARD	ON THE BOARD	no				{"coin_queued_offered": [46], "coin_queued_offered_any": [46]}	
8	km3	6	101	lookahead	70	LOOKAHEAD ONLY, both halves hold	LOOKAHEAD ONLY, both halves hold	no	{"cut": null, "free": false, "queued": 1}	{"cut": null, "free": false, "queued": 1, "truncated": false}	{"built": null}	{}	Attack(Attack { energy_required: [Grass, Grass], title: "Chase Order", fixed_damage: 70...
8	km3	6	103	state	86	ON THE BOARD	ON THE BOARD	no				{"coin_queued_offered": [86], "coin_queued_offered_any": [86]}	
8	km3	6	105	state	61	ON THE BOARD	ON THE BOARD	no				{"coin_queued_offered": [61], "coin_queued_offered_any": [61]}	
8	km3	6	106	state	55	ON THE BOARD	ON THE BOARD	no				{"coin_queued_offered": [55], "coin_queued_offered_any": [55]}	
8	km3	6	107	state	71	ON THE BOARD	ON THE BOARD	no				{"coin_queued_offered": [71], "coin_queued_offered_any": [71]}	
8	km3	6	110	state	87	ON THE BOARD	ON THE BOARD	no				{"coin_queued_offered": [87], "coin_queued_offered_any": [87]}	
8	km3	6	111	state	77	ON THE BOARD	ON THE BOARD	no				{"coin_queued_offered": [77], "coin_queued_offered_any": [77]}	
8	km3	6	113	state	74	ON THE BOARD	ON THE BOARD	no				{"coin_queued_offered": [74], "coin_queued_offered_any": [74]}	
8	km3	6	115	state	38	ON THE BOARD	ON THE BOARD	no				{"coin_queued_offered": [38], "coin_queued_offered_any": [38]}	
8	km3	6	117	state	44	ON THE BOARD	ON THE BOARD	no				{"coin_queued_offered": [44], "coin_queued_offered_any": [44]}	
8	km3	6	119	state	50	ON THE BOARD	ON THE BOARD	no				{"coin_queued_offered": [50], "coin_queued_offered_any": [50]}	
8	km3	6	123	state	52	ON THE BOARD	ON THE BOARD	no				{"coin_queued_offered": [52], "coin_queued_offered_any": [52]}	
8	km3	6	127	lookahead	105	LOOKAHEAD ONLY, both halves hold	LOOKAHEAD ONLY, both halves hold	no	{"cut": null, "free": false, "queued": 1}	{"cut": null, "free": false, "queued": 1, "truncated": false}	{"built": null}	{}	Attack(Attack { energy_required: [Grass, Grass], title: "Chase Order", fixed_damage: 70...
8	km3	6	129	state	76	ON THE BOARD	ON THE BOARD	no				{"coin_queued_offered": [76], "coin_queued_offered_any": [76]}	
8	km3	6	130	lookahead	76	LOOKAHEAD ONLY, both halves hold	LOOKAHEAD ONLY, both halves hold	no	{"cut": null, "free": false, "queued": 1}	{"cut": null, "free": false, "queued": 1, "truncated": false}	{"built": null}	{}	Attack(Attack { energy_required: [Grass, Grass], title: "Chase Order", fixed_damage: 70...
8	km3	6	131	lookahead	71	LOOKAHEAD ONLY, both halves hold	LOOKAHEAD ONLY, both halves hold	no	{"cut": null, "free": false, "queued": 1}	{"cut": null, "free": false, "queued": 1, "truncated": false}	{"built": null}	{}	Attack(Attack { energy_required: [Grass, Grass], title: "Chase Order", fixed_damage: 70...
8	km3	6	132	state	66	ON THE BOARD	ON THE BOARD	no				{"coin_queued_offered": [66], "coin_queued_offered_any": [66]}	
8	km3	6	134	state	61	ON THE BOARD	ON THE BOARD	no				{"coin_queued_offered": [61], "coin_queued_offered_any": [61]}	
8	km3	6	135	state	33	ON THE BOARD	ON THE BOARD	no				{"coin_queued_offered": [33], "coin_queued_offered_any": [33]}	
8	km3	6	137	lookahead	70	LOOKAHEAD ONLY, both halves hold	LOOKAHEAD ONLY, both halves hold	no	{"cut": null, "free": false, "queued": 2}	{"cut": null, "free": false, "queued": 2, "truncated": false}	{"built": null}	{}	Retreat(2) ; Attack(Attack { energy_required: [Grass, Grass], title: "Chase Order", fixed_damage: 70...
8	km3	6	140	state	60	ON THE BOARD	ON THE BOARD	no				{"coin_queued_offered": [60], "coin_queued_offered_any": [60]}	
8	km3	6	141	state	63	ON THE BOARD	ON THE BOARD	no				{"coin_queued_offered": [63], "coin_queued_offered_any": [63]}	
8	km3	6	144	lookahead	69	LOOKAHEAD ONLY, both halves hold	LOOKAHEAD ONLY, both halves hold	no	{"cut": null, "free": false, "queued": 1}	{"cut": null, "free": false, "queued": 1, "truncated": false}	{"built": null}	{}	Attack(Attack { energy_required: [Grass, Grass], title: "Chase Order", fixed_damage: 70...
8	km3	6	145	lookahead	86	LOOKAHEAD ONLY, both halves hold	LOOKAHEAD ONLY, both halves hold	no	{"cut": null, "free": false, "queued": 1}	{"cut": null, "free": false, "queued": 1, "truncated": false}	{"built": null}	{}	Attack(Attack { energy_required: [Grass, Grass], title: "Chase Order", fixed_damage: 70...
8	km3	6	147	state	85	ON THE BOARD	ON THE BOARD	no				{"coin_queued_offered": [85], "coin_queued_offered_any": [85]}	
8	km3	6	148	state	48	ON THE BOARD	ON THE BOARD	no				{"coin_queued_offered": [48], "coin_queued_offered_any": [48]}	
8	km3	6	149	lookahead	70	LOOKAHEAD ONLY, both halves hold	LOOKAHEAD ONLY, both halves hold	no	{"cut": null, "free": false, "queued": 2}	{"cut": null, "free": false, "queued": 2, "truncated": false}	{"built": null}	{}	Retreat(3) ; Attack(Attack { energy_required: [Grass, Grass], title: "Chase Order", fixed_damage: 70...
8	km3	6	150	state	71	ON THE BOARD	ON THE BOARD	no				{"coin_queued_offered": [71], "coin_queued_offered_any": [71]}	
8	km3	6	153	state	55	ON THE BOARD	ON THE BOARD	no				{"coin_queued_offered": [55], "coin_queued_offered_any": [55]}	
8	km3	6	154	lookahead	59	LOOKAHEAD ONLY, both halves hold	LOOKAHEAD ONLY, both halves hold	no	{"cut": null, "free": false, "queued": 2}	{"cut": null, "free": false, "queued": 2, "truncated": false}	{"built": null}	{}	Retreat(2) ; Attack(Attack { energy_required: [Grass, Grass], title: "Chase Order", fixed_damage: 70...
8	km3	6	156	lookahead	72	LOOKAHEAD ONLY, both halves hold	LOOKAHEAD ONLY, both halves hold	no	{"cut": null, "free": false, "queued": 2}	{"cut": null, "free": false, "queued": 2, "truncated": false}	{"built": null}	{}	Retreat(3) ; Attack(Attack { energy_required: [Grass, Grass], title: "Chase Order", fixed_damage: 70...
8	km3	6	158	state	57	ON THE BOARD	ON THE BOARD	no				{"coin_queued_offered": [57], "coin_queued_offered_any": [57]}	
8	km3	6	160	state	51	ON THE BOARD	ON THE BOARD	no				{"coin_queued_offered": [51], "coin_queued_offered_any": [51]}	
8	km3	6	162	state	57	ON THE BOARD	ON THE BOARD	no				{"coin_queued_offered": [57], "coin_queued_offered_any": [57]}	
8	km3	6	163	state	63	ON THE BOARD	ON THE BOARD	no				{"coin_queued_offered": [63], "coin_queued_offered_any": [63]}	
8	km3	6	166	state	69	ON THE BOARD	ON THE BOARD	no				{"coin_queued_offered": [69], "coin_queued_offered_any": [69]}	
8	km3	6	167	lookahead	76	LOOKAHEAD ONLY, both halves hold	LOOKAHEAD ONLY, both halves hold	no	{"cut": null, "free": false, "queued": 2}	{"cut": null, "free": false, "queued": 2, "truncated": false}	{"built": null}	{}	Retreat(3) ; Attack(Attack { energy_required: [Grass, Grass], title: "Chase Order", fixed_damage: 70...
8	km3	6	169	state	58	ON THE BOARD	ON THE BOARD	no				{"coin_queued_offered": [58], "coin_queued_offered_any": [58]}	
8	km3	6	170	state	43	ON THE BOARD	ON THE BOARD	no				{"coin_queued_offered": [43], "coin_queued_offered_any": [43]}	
8	km3	6	171	state	56	ON THE BOARD	ON THE BOARD	no				{"coin_queued_offered": [56], "coin_queued_offered_any": [56]}	
8	km3	6	177	state	84	ON THE BOARD	ON THE BOARD	no				{"coin_queued_offered": [84], "coin_queued_offered_any": [84]}	
8	km3	6	179	lookahead	83	LOOKAHEAD ONLY, both halves hold	LOOKAHEAD ONLY, both halves hold	no	{"cut": null, "free": false, "queued": 1}	{"cut": null, "free": false, "queued": 1, "truncated": false}	{"built": null}	{}	Attack(Attack { energy_required: [Grass, Grass], title: "Chase Order", fixed_damage: 70...
8	km3	6	180	lookahead	61	LOOKAHEAD ONLY, both halves hold	LOOKAHEAD ONLY, both halves hold	no	{"cut": null, "free": false, "queued": 1}	{"cut": null, "free": false, "queued": 1, "truncated": false}	{"built": null}	{}	Attack(Attack { energy_required: [Grass, Grass], title: "Chase Order", fixed_damage: 70...
8	km3	6	181	state	48	ON THE BOARD	ON THE BOARD	no				{"coin_queued_offered": [48], "coin_queued_offered_any": [48]}	
8	km3	6	182	state	91	ON THE BOARD	ON THE BOARD	no				{"coin_queued_offered": [91], "coin_queued_offered_any": [91]}	
8	km3	6	185	state	92	ON THE BOARD	ON THE BOARD	no				{"coin_queued_offered": [92], "coin_queued_offered_any": [92]}	
8	km3	6	188	state	72	ON THE BOARD	ON THE BOARD	no				{"coin_queued_offered": [72], "coin_queued_offered_any": [72]}	
8	km3	6	191	state	63	ON THE BOARD	ON THE BOARD	no				{"coin_queued_offered": [63], "coin_queued_offered_any": [63]}	
8	km3	6	193	state	64	ON THE BOARD	ON THE BOARD	no				{"coin_queued_offered": [64], "coin_queued_offered_any": [64]}	
8	km3	6	195	state	77	ON THE BOARD	ON THE BOARD	no				{"coin_queued_offered": [77], "coin_queued_offered_any": [77]}	
8	km3	6	197	state	51	ON THE BOARD	ON THE BOARD	no				{"coin_queued_offered": [51], "coin_queued_offered_any": [51]}	
8	km3	6	199	state	36	ON THE BOARD	ON THE BOARD	no				{"coin_queued_offered": [36], "coin_queued_offered_any": [36]}	
8	km3	6	202	lookahead	62	LOOKAHEAD ONLY, both halves hold	LOOKAHEAD ONLY, both halves hold	no	{"cut": null, "free": false, "queued": 1}	{"cut": null, "free": false, "queued": 1, "truncated": false}	{"built": null}	{}	Attack(Attack { energy_required: [Grass, Grass], title: "Chase Order", fixed_damage: 70...
8	km3	6	204	state	52	ON THE BOARD	ON THE BOARD	no				{"coin_queued_offered": [52], "coin_queued_offered_any": [52]}	
8	km3	6	207	state	61	ON THE BOARD	ON THE BOARD	no				{"coin_queued_offered": [61], "coin_queued_offered_any": [61]}	
8	km3	6	208	state	55	ON THE BOARD	ON THE BOARD	no				{"coin_queued_offered": [55], "coin_queued_offered_any": [55]}	
8	km3	6	210	lookahead	98	LOOKAHEAD ONLY, both halves hold	LOOKAHEAD ONLY, both halves hold	no	{"cut": null, "free": false, "queued": 2}	{"cut": null, "free": false, "queued": 2, "truncated": false}	{"built": null}	{}	Retreat(3) ; Attack(Attack { energy_required: [Grass, Grass], title: "Chase Order", fixed_damage: 70...
8	km3	6	215	lookahead	72	LOOKAHEAD ONLY, both halves hold	LOOKAHEAD ONLY, both halves hold	no	{"cut": null, "free": false, "queued": 2}	{"cut": null, "free": false, "queued": 2, "truncated": false}	{"built": null}	{}	Retreat(3) ; Attack(Attack { energy_required: [Grass, Grass], title: "Chase Order", fixed_damage: 70...
8	km3	6	216	state	71	ON THE BOARD	ON THE BOARD	no				{"coin_queued_offered": [71], "coin_queued_offered_any": [71]}	
8	km3	6	217	lookahead	57	LOOKAHEAD ONLY, both halves hold	LOOKAHEAD ONLY, both halves hold	no	{"cut": null, "free": false, "queued": 1}	{"cut": null, "free": false, "queued": 1, "truncated": false}	{"built": null}	{}	Attack(Attack { energy_required: [Grass, Grass], title: "Chase Order", fixed_damage: 70...
8	km3	6	219	lookahead	55	LOOKAHEAD ONLY, both halves hold	LOOKAHEAD ONLY, both halves hold	no	{"cut": null, "free": false, "queued": 2}	{"cut": null, "free": false, "queued": 2, "truncated": false}	{"built": null}	{}	Retreat(1) ; Attack(Attack { energy_required: [Grass, Grass], title: "Chase Order", fixed_damage: 70...
8	km3	6	222	state	85	ON THE BOARD	ON THE BOARD	no				{"coin_queued_offered": [85], "coin_queued_offered_any": [85]}	
8	km3	6	223	state	47	ON THE BOARD	ON THE BOARD	no				{"coin_queued_offered": [47], "coin_queued_offered_any": [47]}	
8	km3	6	225	lookahead	76	LOOKAHEAD ONLY, both halves hold	LOOKAHEAD ONLY, both halves hold	no	{"cut": null, "free": false, "queued": 2}	{"cut": null, "free": false, "queued": 2, "truncated": false}	{"built": null}	{}	Retreat(1) ; Attack(Attack { energy_required: [Grass, Grass], title: "Chase Order", fixed_damage: 70...
8	km3	6	226	state	65	ON THE BOARD	ON THE BOARD	no				{"coin_queued_offered": [65], "coin_queued_offered_any": [65]}	
8	km3	6	230	state	62	ON THE BOARD	ON THE BOARD	no				{"coin_queued_offered": [62], "coin_queued_offered_any": [62]}	
8	km3	6	231	state	54	ON THE BOARD	ON THE BOARD	no				{"coin_queued_offered": [54], "coin_queued_offered_any": [54]}	
8	km3	6	234	state	54	ON THE BOARD	ON THE BOARD	no				{"coin_queued_offered": [54], "coin_queued_offered_any": [54]}	
8	km3	6	235	state	103	ON THE BOARD	ON THE BOARD	no				{"coin_queued_offered": [103], "coin_queued_offered_any": [103]}	
8	km3	6	236	state	58	ON THE BOARD	ON THE BOARD	no				{"coin_queued_offered": [58], "coin_queued_offered_any": [58]}	
8	km3	6	238	lookahead	90	LOOKAHEAD ONLY, both halves hold	LOOKAHEAD ONLY, both halves hold	no	{"cut": null, "free": false, "queued": 1}	{"cut": null, "free": false, "queued": 1, "truncated": false}	{"built": null}	{}	Attack(Attack { energy_required: [Grass, Grass], title: "Chase Order", fixed_damage: 70...
8	km3	6	239	lookahead	90	LOOKAHEAD ONLY, both halves hold	LOOKAHEAD ONLY, both halves hold	no	{"cut": null, "free": false, "queued": 1}	{"cut": null, "free": false, "queued": 1, "truncated": false}	{"built": null}	{}	Attack(Attack { energy_required: [Grass, Grass], title: "Chase Order", fixed_damage: 70...
8	km3	6	241	lookahead	57	LOOKAHEAD ONLY, both halves hold	LOOKAHEAD ONLY, both halves hold	no	{"cut": null, "free": false, "queued": 2}	{"cut": null, "free": false, "queued": 2, "truncated": false}	{"built": null}	{}	Retreat(2) ; Attack(Attack { energy_required: [Grass, Grass], title: "Chase Order", fixed_damage: 70...
8	km3	6	242	state	104	ON THE BOARD	ON THE BOARD	no				{"coin_queued_offered": [104], "coin_queued_offered_any": [104]}	
8	km3	6	243	state	50	ON THE BOARD	ON THE BOARD	no				{"coin_queued_offered": [50], "coin_queued_offered_any": [50]}	
8	km3	6	245	lookahead	60	LOOKAHEAD ONLY, both halves hold	LOOKAHEAD ONLY, both halves hold	no	{"cut": null, "free": false, "queued": 1}	{"cut": null, "free": false, "queued": 1, "truncated": false}	{"built": null}	{}	Attack(Attack { energy_required: [Grass, Grass], title: "Chase Order", fixed_damage: 70...
8	km3	6	246	state	67	ON THE BOARD	ON THE BOARD	no				{"coin_queued_offered": [67], "coin_queued_offered_any": [67]}	
8	km3	6	247	state	67	ON THE BOARD	ON THE BOARD	no				{"coin_queued_offered": [67], "coin_queued_offered_any": [67]}	
8	km3	6	249	state	51	ON THE BOARD	ON THE BOARD	no				{"coin_queued_offered": [51], "coin_queued_offered_any": [51]}	
8	km3	6	250	state	56	ON THE BOARD	ON THE BOARD	no				{"coin_queued_offered": [56], "coin_queued_offered_any": [56]}	
8	km3	6	251	lookahead	64	LOOKAHEAD ONLY, both halves hold	LOOKAHEAD ONLY, both halves hold	no	{"cut": null, "free": false, "queued": 1}	{"cut": null, "free": false, "queued": 1, "truncated": false}	{"built": null}	{}	Attack(Attack { energy_required: [Grass, Grass], title: "Chase Order", fixed_damage: 70...
8	km3	6	252	state	55	ON THE BOARD	ON THE BOARD	no				{"coin_queued_offered": [55], "coin_queued_offered_any": [55]}	
8	km3	6	253	state	62	ON THE BOARD	ON THE BOARD	no				{"coin_queued_offered": [62], "coin_queued_offered_any": [62]}	
8	km3	6	254	lookahead	84	LOOKAHEAD ONLY, both halves hold	LOOKAHEAD ONLY, both halves hold	no	{"cut": null, "free": false, "queued": 1}	{"cut": null, "free": false, "queued": 1, "truncated": false}	{"built": null}	{}	Attack(Attack { energy_required: [Grass, Grass], title: "Chase Order", fixed_damage: 70...
8	km3	6	256	state	59	ON THE BOARD	ON THE BOARD	no				{"coin_queued_offered": [59], "coin_queued_offered_any": [59]}	
8	km3	6	264	state	92	ON THE BOARD	ON THE BOARD	no				{"coin_queued_offered": [92], "coin_queued_offered_any": [92]}	
8	km3	6	267	lookahead	70	LOOKAHEAD ONLY, both halves hold	LOOKAHEAD ONLY, both halves hold	no	{"cut": null, "free": false, "queued": 2}	{"cut": null, "free": false, "queued": 2, "truncated": false}	{"built": null}	{}	Retreat(3) ; Attack(Attack { energy_required: [Grass, Grass], title: "Chase Order", fixed_damage: 70...
8	km3	6	268	lookahead	82	LOOKAHEAD ONLY, both halves hold	LOOKAHEAD ONLY, both halves hold	no	{"cut": null, "free": false, "queued": 1}	{"cut": null, "free": false, "queued": 1, "truncated": false}	{"built": null}	{}	Attack(Attack { energy_required: [Grass, Grass], title: "Chase Order", fixed_damage: 70...
8	km3	6	270	lookahead	66	LOOKAHEAD ONLY, both halves hold	LOOKAHEAD ONLY, both halves hold	no	{"cut": null, "free": false, "queued": 1}	{"cut": null, "free": false, "queued": 1, "truncated": false}	{"built": null}	{}	Attack(Attack { energy_required: [Grass, Grass], title: "Chase Order", fixed_damage: 70...
8	km3	6	272	lookahead	70	LOOKAHEAD ONLY, both halves hold	LOOKAHEAD ONLY, both halves hold	no	{"cut": null, "free": false, "queued": 1}	{"cut": null, "free": false, "queued": 1, "truncated": false}	{"built": null}	{}	Attack(Attack { energy_required: [Grass, Grass], title: "Chase Order", fixed_damage: 70...
8	km3	6	273	state	77	ON THE BOARD	ON THE BOARD	no				{"coin_queued_offered": [77], "coin_queued_offered_any": [77]}	
8	km3	6	277	state	74	ON THE BOARD	ON THE BOARD	no				{"coin_queued_offered": [74], "coin_queued_offered_any": [74]}	
8	km3	6	278	state	49	ON THE BOARD	ON THE BOARD	no				{"coin_queued_offered": [49], "coin_queued_offered_any": [49]}	
8	km3	6	283	state	98	ON THE BOARD	ON THE BOARD	no				{"coin_queued_offered": [98], "coin_queued_offered_any": [98]}	
8	km3	6	284	lookahead	83	LOOKAHEAD ONLY, both halves hold	LOOKAHEAD ONLY, both halves hold	no	{"cut": null, "free": false, "queued": 1}	{"cut": null, "free": false, "queued": 1, "truncated": false}	{"built": null}	{}	Attack(Attack { energy_required: [Grass, Grass], title: "Chase Order", fixed_damage: 70...
8	km3	6	286	state	62	ON THE BOARD	ON THE BOARD	no				{"coin_queued_offered": [62], "coin_queued_offered_any": [62]}	
8	km3	6	287	lookahead	55	LOOKAHEAD ONLY, both halves hold	LOOKAHEAD ONLY, both halves hold	no	{"cut": null, "free": false, "queued": 1}	{"cut": null, "free": false, "queued": 1, "truncated": false}	{"built": null}	{}	Attack(Attack { energy_required: [Grass, Grass], title: "Chase Order", fixed_damage: 70...
8	km3	6	290	lookahead	98	LOOKAHEAD ONLY, both halves hold	LOOKAHEAD ONLY, both halves hold	no	{"cut": null, "free": false, "queued": 2}	{"cut": null, "free": false, "queued": 2, "truncated": false}	{"built": null}	{}	Retreat(2) ; Attack(Attack { energy_required: [Grass, Grass], title: "Chase Order", fixed_damage: 70...
8	km3	6	291	state	76	ON THE BOARD	ON THE BOARD	no				{"coin_queued_offered": [76], "coin_queued_offered_any": [76]}	
8	km3	6	292	state	51	ON THE BOARD	ON THE BOARD	no				{"coin_queued_offered": [51], "coin_queued_offered_any": [51]}	
8	km3	6	293	state	63	ON THE BOARD	ON THE BOARD	no				{"coin_queued_offered": [63], "coin_queued_offered_any": [63]}	
8	km3	6	294	state	60	ON THE BOARD	ON THE BOARD	no				{"coin_queued_offered": [60], "coin_queued_offered_any": [60]}	
8	km3	6	295	state	69	ON THE BOARD	ON THE BOARD	no				{"coin_queued_offered": [69], "coin_queued_offered_any": [69]}	
8	km3	6	296	state	49	ON THE BOARD	ON THE BOARD	no				{"coin_queued_offered": [49], "coin_queued_offered_any": [49]}	
8	km3	6	299	lookahead	68	LOOKAHEAD ONLY, both halves hold	LOOKAHEAD ONLY, both halves hold	no	{"cut": null, "free": false, "queued": 2}	{"cut": null, "free": false, "queued": 2, "truncated": false}	{"built": null}	{}	Retreat(3) ; Attack(Attack { energy_required: [Grass, Grass], title: "Chase Order", fixed_damage: 70...
8	km3	6	300	state	61	ON THE BOARD	ON THE BOARD	no				{"coin_queued_offered": [61], "coin_queued_offered_any": [61]}	
8	km3	6	301	state	51	ON THE BOARD	ON THE BOARD	no				{"coin_queued_offered": [51], "coin_queued_offered_any": [51]}	
8	km3	6	306	state	55	ON THE BOARD	ON THE BOARD	no				{"coin_queued_offered": [55], "coin_queued_offered_any": [55]}	
8	km3	6	307	state	53	ON THE BOARD	ON THE BOARD	no				{"coin_queued_offered": [53], "coin_queued_offered_any": [53]}	
8	km3	6	308	lookahead	70	LOOKAHEAD ONLY, both halves hold	LOOKAHEAD ONLY, both halves hold	no	{"cut": null, "free": false, "queued": 2}	{"cut": null, "free": false, "queued": 2, "truncated": false}	{"built": null}	{}	Retreat(3) ; Attack(Attack { energy_required: [Grass, Grass], title: "Chase Order", fixed_damage: 70...
8	km3	6	311	state	42	ON THE BOARD	ON THE BOARD	no				{"coin_queued_offered": [42], "coin_queued_offered_any": [42]}	
8	km3	6	316	state	52	ON THE BOARD	ON THE BOARD	no				{"coin_queued_offered": [52], "coin_queued_offered_any": [52]}	
8	km3	6	317	state	69	ON THE BOARD	ON THE BOARD	no				{"coin_queued_offered": [69], "coin_queued_offered_any": [69]}	
8	km3	6	318	state	55	ON THE BOARD	ON THE BOARD	no				{"coin_queued_offered": [55], "coin_queued_offered_any": [55]}	
8	km3	6	319	lookahead	57	LOOKAHEAD ONLY, both halves hold	LOOKAHEAD ONLY, both halves hold	no	{"cut": null, "free": false, "queued": 1}	{"cut": null, "free": false, "queued": 1, "truncated": false}	{"built": null}	{}	Attack(Attack { energy_required: [Grass, Grass], title: "Chase Order", fixed_damage: 70...
8	km3	6	320	state	47	ON THE BOARD	ON THE BOARD	no				{"coin_queued_offered": [47], "coin_queued_offered_any": [47]}	
8	km3	6	323	state	47	ON THE BOARD	ON THE BOARD	no				{"coin_queued_offered": [47], "coin_queued_offered_any": [47]}	
8	km3	6	324	lookahead	79	LOOKAHEAD ONLY, both halves hold	LOOKAHEAD ONLY, both halves hold	no	{"cut": null, "free": false, "queued": 1}	{"cut": null, "free": false, "queued": 1, "truncated": false}	{"built": null}	{}	Attack(Attack { energy_required: [Grass, Grass], title: "Chase Order", fixed_damage: 70...
8	km3	6	326	state	48	ON THE BOARD	ON THE BOARD	no				{"coin_queued_offered": [48], "coin_queued_offered_any": [48]}	
8	km3	6	330	lookahead	69	LOOKAHEAD ONLY, both halves hold	LOOKAHEAD ONLY, both halves hold	no	{"cut": null, "free": false, "queued": 2}	{"cut": null, "free": false, "queued": 2, "truncated": false}	{"built": null}	{}	Place(Pokemon(A4 021 Shuckle ex), 1) ; Attack(Attack { energy_required: [Grass, Grass], title: "Chase Order", fixed_damage: 70...
8	km3	6	334	lookahead	79	LOOKAHEAD ONLY, both halves hold	LOOKAHEAD ONLY, both halves hold	no	{"cut": null, "free": false, "queued": 1}	{"cut": null, "free": false, "queued": 1, "truncated": false}	{"built": null}	{}	Attack(Attack { energy_required: [Grass, Grass], title: "Chase Order", fixed_damage: 70...
8	km3	6	338	state	40	ON THE BOARD	ON THE BOARD	no				{"coin_queued_offered": [40], "coin_queued_offered_any": [40]}	
8	km3	6	339	lookahead	69	LOOKAHEAD ONLY, both halves hold	LOOKAHEAD ONLY, both halves hold	no	{"cut": null, "free": false, "queued": 2}	{"cut": null, "free": false, "queued": 2, "truncated": false}	{"built": null}	{}	Retreat(2) ; Attack(Attack { energy_required: [Grass, Grass], title: "Chase Order", fixed_damage: 70...
8	km3	6	340	state	44	ON THE BOARD	ON THE BOARD	no				{"coin_queued_offered": [44], "coin_queued_offered_any": [44]}	
8	km3	6	341	state	103	ON THE BOARD	ON THE BOARD	no				{"coin_queued_offered": [103], "coin_queued_offered_any": [103]}	
8	km3	6	343	state	79	ON THE BOARD	ON THE BOARD	no				{"coin_queued_offered": [79], "coin_queued_offered_any": [79]}	
8	km3	6	346	state	55	ON THE BOARD	ON THE BOARD	no				{"coin_queued_offered": [55], "coin_queued_offered_any": [55]}	
8	km3	6	352	lookahead	53	LOOKAHEAD ONLY, both halves hold	LOOKAHEAD ONLY, both halves hold	no	{"cut": null, "free": false, "queued": 2}	{"cut": null, "free": false, "queued": 2, "truncated": false}	{"built": null}	{}	Retreat(3) ; Attack(Attack { energy_required: [Grass, Grass], title: "Chase Order", fixed_damage: 70...
8	km3	6	356	state	54	ON THE BOARD	ON THE BOARD	no				{"coin_queued_offered": [54], "coin_queued_offered_any": [54]}	
8	km3	6	357	state	67	ON THE BOARD	ON THE BOARD	no				{"coin_queued_offered": [67], "coin_queued_offered_any": [67]}	
8	km3	6	359	state	54	ON THE BOARD	ON THE BOARD	no				{"coin_queued_offered": [54], "coin_queued_offered_any": [54]}	
8	km3	6	361	state	54	ON THE BOARD	ON THE BOARD	no				{"coin_queued_offered": [54], "coin_queued_offered_any": [54]}	
8	km3	6	362	state	46	ON THE BOARD	ON THE BOARD	no				{"coin_queued_offered": [46], "coin_queued_offered_any": [46]}	
8	km3	6	363	state	70	ON THE BOARD	ON THE BOARD	no				{"coin_queued_offered": [70], "coin_queued_offered_any": [70]}	
8	km3	6	367	state	45	ON THE BOARD	ON THE BOARD	no				{"coin_queued_offered": [45], "coin_queued_offered_any": [45]}	
8	km3	6	368	state	55	ON THE BOARD	ON THE BOARD	no				{"coin_queued_offered": [55], "coin_queued_offered_any": [55]}	
8	km3	6	369	state	62	ON THE BOARD	ON THE BOARD	no				{"coin_queued_offered": [62], "coin_queued_offered_any": [62]}	
8	km3	6	370	lookahead	49	LOOKAHEAD ONLY, both halves hold	LOOKAHEAD ONLY, both halves hold	no	{"cut": null, "free": false, "queued": 2}	{"cut": null, "free": false, "queued": 2, "truncated": false}	{"built": null}	{}	Retreat(3) ; Attack(Attack { energy_required: [Grass, Grass], title: "Chase Order", fixed_damage: 70...
8	km3	6	371	lookahead	81	LOOKAHEAD ONLY, both halves hold	LOOKAHEAD ONLY, both halves hold	no	{"cut": null, "free": false, "queued": 2}	{"cut": null, "free": false, "queued": 2, "truncated": false}	{"built": null}	{}	Retreat(2) ; Attack(Attack { energy_required: [Grass, Grass], title: "Chase Order", fixed_damage: 70...
8	km3	6	373	state	41	ON THE BOARD	ON THE BOARD	no				{"coin_queued_offered": [41], "coin_queued_offered_any": [41]}	
8	km3	6	374	state	71	ON THE BOARD	ON THE BOARD	no				{"coin_queued_offered": [71], "coin_queued_offered_any": [71]}	
8	km3	6	375	state	71	ON THE BOARD	ON THE BOARD	no				{"coin_queued_offered": [71], "coin_queued_offered_any": [71]}	
8	km3	6	380	state	67	ON THE BOARD	ON THE BOARD	no				{"coin_queued_offered": [67], "coin_queued_offered_any": [67]}	
8	km3	6	381	state	66	ON THE BOARD	ON THE BOARD	no				{"coin_queued_offered": [66], "coin_queued_offered_any": [66]}	
8	km3	6	382	state	71	ON THE BOARD	ON THE BOARD	no				{"coin_queued_offered": [71], "coin_queued_offered_any": [71]}	
8	km3	6	385	lookahead	73	LOOKAHEAD ONLY, both halves hold	LOOKAHEAD ONLY, both halves hold	no	{"cut": null, "free": false, "queued": 2}	{"cut": null, "free": false, "queued": 2, "truncated": false}	{"built": null}	{}	Retreat(1) ; Attack(Attack { energy_required: [Grass, Grass], title: "Chase Order", fixed_damage: 70...
8	km3	6	386	lookahead	73	LOOKAHEAD ONLY, both halves hold	LOOKAHEAD ONLY, both halves hold	no	{"cut": null, "free": false, "queued": 2}	{"cut": null, "free": false, "queued": 2, "truncated": false}	{"built": null}	{}	Retreat(3) ; Attack(Attack { energy_required: [Grass, Grass], title: "Chase Order", fixed_damage: 70...
8	km3	6	388	state	79	ON THE BOARD	ON THE BOARD	no				{"coin_queued_offered": [79], "coin_queued_offered_any": [79]}	
8	km3	6	390	state	43	ON THE BOARD	ON THE BOARD	no				{"coin_queued_offered": [43], "coin_queued_offered_any": [43]}	
8	km3	6	391	state	55	ON THE BOARD	ON THE BOARD	no				{"coin_queued_offered": [55], "coin_queued_offered_any": [55]}	
8	km3	6	394	state	42	ON THE BOARD	ON THE BOARD	no				{"coin_queued_offered": [42], "coin_queued_offered_any": [42]}	
8	km3	6	398	state	37	ON THE BOARD	ON THE BOARD	no				{"coin_queued_offered": [37], "coin_queued_offered_any": [37]}	
8	km3	6	399	state	55	ON THE BOARD	ON THE BOARD	no				{"coin_queued_offered": [55], "coin_queued_offered_any": [55]}	
8	km3	6	400	state	75	ON THE BOARD	ON THE BOARD	no				{"coin_queued_offered": [75], "coin_queued_offered_any": [75]}	
8	km3	6	402	state	67	ON THE BOARD	ON THE BOARD	no				{"coin_queued_offered": [67], "coin_queued_offered_any": [67]}	
8	km3	6	409	state	67	ON THE BOARD	ON THE BOARD	no				{"coin_queued_offered": [67], "coin_queued_offered_any": [67]}	
8	km3	6	410	state	56	ON THE BOARD	ON THE BOARD	no				{"coin_queued_offered": [56], "coin_queued_offered_any": [56]}	
8	km3	6	411	state	64	ON THE BOARD	ON THE BOARD	no				{"coin_queued_offered": [64], "coin_queued_offered_any": [64]}	
8	km3	6	415	state	54	ON THE BOARD	ON THE BOARD	no				{"coin_queued_offered": [54], "coin_queued_offered_any": [54]}	
8	km3	6	416	state	63	ON THE BOARD	ON THE BOARD	no				{"coin_queued_offered": [63], "coin_queued_offered_any": [63]}	
8	km3	6	418	state	44	ON THE BOARD	ON THE BOARD	no				{"coin_queued_offered": [44], "coin_queued_offered_any": [44]}	
8	km3	6	419	state	71	ON THE BOARD	ON THE BOARD	no				{"coin_queued_offered": [71], "coin_queued_offered_any": [71]}	
8	km3	6	420	state	47	ON THE BOARD	ON THE BOARD	no				{"coin_queued_offered": [47], "coin_queued_offered_any": [47]}	
8	km3	6	422	state	53	ON THE BOARD	ON THE BOARD	no				{"coin_queued_offered": [53], "coin_queued_offered_any": [53]}	
8	km3	6	424	state	58	ON THE BOARD	ON THE BOARD	no				{"coin_queued_offered": [58], "coin_queued_offered_any": [58]}	
8	km3	6	425	state	70	ON THE BOARD	ON THE BOARD	no				{"coin_queued_offered": [70], "coin_queued_offered_any": [70]}	
8	km3	6	426	state	69	ON THE BOARD	ON THE BOARD	no				{"coin_queued_offered": [69], "coin_queued_offered_any": [69]}	
8	km3	6	428	state	49	ON THE BOARD	ON THE BOARD	no				{"coin_queued_offered": [49], "coin_queued_offered_any": [49]}	
8	km3	6	430	state	72	ON THE BOARD	ON THE BOARD	no				{"coin_queued_offered": [72], "coin_queued_offered_any": [72]}	
8	km3	6	431	lookahead	95	LOOKAHEAD ONLY, both halves hold	LOOKAHEAD ONLY, both halves hold	no	{"cut": null, "free": false, "queued": 2}	{"cut": null, "free": false, "queued": 2, "truncated": false}	{"built": null}	{}	Retreat(1) ; Attack(Attack { energy_required: [Grass, Grass], title: "Chase Order", fixed_damage: 70...
8	km3	6	434	state	55	ON THE BOARD	ON THE BOARD	no				{"coin_queued_offered": [55], "coin_queued_offered_any": [55]}	
8	km3	6	435	state	51	ON THE BOARD	ON THE BOARD	no				{"coin_queued_offered": [51], "coin_queued_offered_any": [51]}	
8	km3	6	436	lookahead	112	LOOKAHEAD ONLY, both halves hold	LOOKAHEAD ONLY, both halves hold	no	{"cut": null, "free": false, "queued": 1}	{"cut": null, "free": false, "queued": 1, "truncated": false}	{"built": null}	{}	Attack(Attack { energy_required: [Grass, Grass], title: "Chase Order", fixed_damage: 70...
8	km3	6	437	state	58	ON THE BOARD	ON THE BOARD	no				{"coin_queued_offered": [58], "coin_queued_offered_any": [58]}	
8	km3	6	439	state	99	ON THE BOARD	ON THE BOARD	no				{"coin_queued_offered": [99], "coin_queued_offered_any": [99]}	
8	km3	6	440	state	68	ON THE BOARD	ON THE BOARD	no				{"coin_queued_offered": [68], "coin_queued_offered_any": [68]}	
8	km3	6	445	state	50	ON THE BOARD	ON THE BOARD	no				{"coin_queued_offered": [50], "coin_queued_offered_any": [50]}	
8	km3	6	448	state	92	ON THE BOARD	ON THE BOARD	no				{"coin_queued_offered": [92], "coin_queued_offered_any": [92]}	
8	km3	6	450	state	41	ON THE BOARD	ON THE BOARD	no				{"coin_queued_offered": [41], "coin_queued_offered_any": [41]}	
8	km3	6	451	state	69	ON THE BOARD	ON THE BOARD	no				{"coin_queued_offered": [69], "coin_queued_offered_any": [69]}	
8	km3	6	454	state	50	ON THE BOARD	ON THE BOARD	no				{"coin_queued_offered": [50], "coin_queued_offered_any": [50]}	
8	km3	6	455	state	55	ON THE BOARD	ON THE BOARD	no				{"coin_queued_offered": [55], "coin_queued_offered_any": [55]}	
8	km3	6	457	state	61	ON THE BOARD	ON THE BOARD	no				{"coin_queued_offered": [61], "coin_queued_offered_any": [61]}	
8	km3	6	460	state	60	ON THE BOARD	ON THE BOARD	no				{"coin_queued_offered": [60], "coin_queued_offered_any": [60]}	
8	km3	6	462	state	66	ON THE BOARD	ON THE BOARD	no				{"coin_queued_offered": [66], "coin_queued_offered_any": [66]}	
8	km3	6	463	state	68	ON THE BOARD	ON THE BOARD	no				{"coin_queued_offered": [68], "coin_queued_offered_any": [68]}	
8	km3	6	464	lookahead	76	LOOKAHEAD ONLY, both halves hold	LOOKAHEAD ONLY, both halves hold	no	{"cut": null, "free": false, "queued": 2}	{"cut": null, "free": false, "queued": 2, "truncated": false}	{"built": null}	{}	Retreat(2) ; Attack(Attack { energy_required: [Grass, Grass], title: "Chase Order", fixed_damage: 70...
8	km3	6	465	lookahead	60	LOOKAHEAD ONLY, both halves hold	LOOKAHEAD ONLY, both halves hold	no	{"cut": null, "free": false, "queued": 1}	{"cut": null, "free": false, "queued": 1, "truncated": false}	{"built": null}	{}	Attack(Attack { energy_required: [Grass, Grass], title: "Chase Order", fixed_damage: 70...
8	km3	6	467	lookahead	71	LOOKAHEAD ONLY, both halves hold	LOOKAHEAD ONLY, both halves hold	no	{"cut": null, "free": false, "queued": 2}	{"cut": null, "free": false, "queued": 2, "truncated": false}	{"built": null}	{}	Retreat(3) ; Attack(Attack { energy_required: [Grass, Grass], title: "Chase Order", fixed_damage: 70...
8	km3	6	468	state	48	ON THE BOARD	ON THE BOARD	no				{"coin_queued_offered": [48], "coin_queued_offered_any": [48]}	
8	km3	6	471	state	54	ON THE BOARD	ON THE BOARD	no				{"coin_queued_offered": [54], "coin_queued_offered_any": [54]}	
8	km3	6	472	lookahead	103	LOOKAHEAD ONLY, both halves hold	LOOKAHEAD ONLY, both halves hold	no	{"cut": null, "free": false, "queued": 1}	{"cut": null, "free": false, "queued": 1, "truncated": false}	{"built": null}	{}	Attack(Attack { energy_required: [Grass, Grass], title: "Chase Order", fixed_damage: 70...
8	km3	6	474	state	87	ON THE BOARD	ON THE BOARD	no				{"coin_queued_offered": [87], "coin_queued_offered_any": [87]}	
8	km3	6	475	state	77	ON THE BOARD	ON THE BOARD	no				{"coin_queued_offered": [77], "coin_queued_offered_any": [77]}	
8	km3	6	477	state	52	ON THE BOARD	ON THE BOARD	no				{"coin_queued_offered": [52], "coin_queued_offered_any": [52]}	
8	km3	6	480	state	64	ON THE BOARD	ON THE BOARD	no				{"coin_queued_offered": [64], "coin_queued_offered_any": [64]}	
8	km3	6	481	lookahead	67	LOOKAHEAD ONLY, both halves hold	LOOKAHEAD ONLY, both halves hold	no	{"cut": null, "free": false, "queued": 2}	{"cut": null, "free": false, "queued": 2, "truncated": false}	{"built": null}	{}	Retreat(3) ; Attack(Attack { energy_required: [Grass, Grass], title: "Chase Order", fixed_damage: 70...
8	km3	6	482	state	58	ON THE BOARD	ON THE BOARD	no				{"coin_queued_offered": [58], "coin_queued_offered_any": [58]}	
8	km3	6	483	state	91	ON THE BOARD	ON THE BOARD	no				{"coin_queued_offered": [91], "coin_queued_offered_any": [91]}	
8	km3	6	485	state	70	ON THE BOARD	ON THE BOARD	no				{"coin_queued_offered": [70], "coin_queued_offered_any": [70]}	
8	km3	6	487	state	84	ON THE BOARD	ON THE BOARD	no				{"coin_queued_offered": [84], "coin_queued_offered_any": [84]}	
8	km3	6	488	state	86	ON THE BOARD	ON THE BOARD	no				{"coin_queued_offered": [86], "coin_queued_offered_any": [86]}	
8	km3	6	495	state	54	ON THE BOARD	ON THE BOARD	no				{"coin_queued_offered": [54], "coin_queued_offered_any": [54]}	
8	km3	6	498	state	82	ON THE BOARD	ON THE BOARD	no				{"coin_queued_offered": [82], "coin_queued_offered_any": [82]}	
8	km3	6	499	lookahead	88	LOOKAHEAD ONLY, both halves hold	LOOKAHEAD ONLY, both halves hold	no	{"cut": null, "free": false, "queued": 2}	{"cut": null, "free": false, "queued": 2, "truncated": false}	{"built": null}	{}	Retreat(3) ; Attack(Attack { energy_required: [Grass, Grass], title: "Chase Order", fixed_damage: 70...
8	k3	6	4	state	33	ON THE BOARD	ON THE BOARD	no				{"coin_queued_offered": [33], "coin_queued_offered_any": [33]}	
8	k3	6	6	lookahead	89	LOOKAHEAD ONLY, both halves hold	LOOKAHEAD ONLY, both halves hold	no	{"cut": null, "free": false, "queued": 1}	{"cut": null, "free": false, "queued": 1, "truncated": false}	{"built": null}	{}	Attack(Attack { energy_required: [Grass, Grass], title: "Chase Order", fixed_damage: 70...
8	k3	6	8	state	43	ON THE BOARD	ON THE BOARD	no				{"coin_queued_offered": [43], "coin_queued_offered_any": [43]}	
8	k3	6	9	state	52	ON THE BOARD	ON THE BOARD	no				{"coin_queued_offered": [52], "coin_queued_offered_any": [52]}	
8	k3	6	11	state	47	ON THE BOARD	ON THE BOARD	no				{"coin_queued_offered": [47], "coin_queued_offered_any": [47]}	
8	k3	6	12	state	51	ON THE BOARD	ON THE BOARD	no				{"coin_queued_offered": [51], "coin_queued_offered_any": [51]}	
8	k3	6	13	lookahead	67	LOOKAHEAD ONLY, both halves hold	LOOKAHEAD ONLY, both halves hold	no	{"cut": null, "free": false, "queued": 1}	{"cut": null, "free": false, "queued": 1, "truncated": false}	{"built": null}	{}	Attack(Attack { energy_required: [Grass, Grass], title: "Chase Order", fixed_damage: 70...
8	k3	6	20	state	38	ON THE BOARD	ON THE BOARD	no				{"coin_queued_offered": [38], "coin_queued_offered_any": [38]}	
8	k3	6	21	state	90	ON THE BOARD	ON THE BOARD	no				{"coin_queued_offered": [90], "coin_queued_offered_any": [90]}	
8	k3	6	26	state	55	ON THE BOARD	ON THE BOARD	no				{"coin_queued_offered": [55], "coin_queued_offered_any": [55]}	
8	k3	6	27	lookahead	84	LOOKAHEAD ONLY, both halves hold	LOOKAHEAD ONLY, both halves hold	no	{"cut": null, "free": false, "queued": 2}	{"cut": null, "free": false, "queued": 2, "truncated": false}	{"built": null}	{}	Retreat(2) ; Attack(Attack { energy_required: [Grass, Grass], title: "Chase Order", fixed_damage: 70...
8	k3	6	28	lookahead	73	LOOKAHEAD ONLY, both halves hold	LOOKAHEAD ONLY, both halves hold	no	{"cut": null, "free": false, "queued": 1}	{"cut": null, "free": false, "queued": 1, "truncated": false}	{"built": null}	{}	Attack(Attack { energy_required: [Grass, Grass], title: "Chase Order", fixed_damage: 70...
8	k3	6	30	lookahead	55	LOOKAHEAD ONLY, both halves hold	LOOKAHEAD ONLY, both halves hold	no	{"cut": null, "free": false, "queued": 2}	{"cut": null, "free": false, "queued": 2, "truncated": false}	{"built": null}	{}	Retreat(3) ; Attack(Attack { energy_required: [Grass, Grass], title: "Chase Order", fixed_damage: 70...
8	k3	6	33	lookahead	91	LOOKAHEAD ONLY, both halves hold	LOOKAHEAD ONLY, both halves hold	no	{"cut": null, "free": false, "queued": 2}	{"cut": null, "free": false, "queued": 2, "truncated": false}	{"built": null}	{}	Retreat(2) ; Attack(Attack { energy_required: [Grass, Grass], title: "Chase Order", fixed_damage: 70...
8	k3	6	34	lookahead	79	LOOKAHEAD ONLY, both halves hold	LOOKAHEAD ONLY, both halves hold	no	{"cut": null, "free": false, "queued": 1}	{"cut": null, "free": false, "queued": 1, "truncated": false}	{"built": null}	{}	Attack(Attack { energy_required: [Grass, Grass], title: "Chase Order", fixed_damage: 70...
8	k3	6	36	state	71	ON THE BOARD	ON THE BOARD	no				{"coin_queued_offered": [71], "coin_queued_offered_any": [71]}	
8	k3	6	37	state	56	ON THE BOARD	ON THE BOARD	no				{"coin_queued_offered": [56], "coin_queued_offered_any": [56]}	
8	k3	6	40	state	64	ON THE BOARD	ON THE BOARD	no				{"coin_queued_offered": [64], "coin_queued_offered_any": [64]}	
8	k3	6	41	lookahead	25	LOOKAHEAD ONLY, both halves hold	LOOKAHEAD ONLY, both halves hold	no	{"cut": null, "free": false, "queued": 2}	{"cut": null, "free": false, "queued": 2, "truncated": false}	{"built": null}	{}	Place(Pokemon(A4 021 Shuckle ex), 1) ; Attack(Attack { energy_required: [Grass, Grass], title: "Chase Order", fixed_damage: 70...
8	k3	6	42	state	54	ON THE BOARD	ON THE BOARD	no				{"coin_queued_offered": [54], "coin_queued_offered_any": [54]}	
8	k3	6	44	state	34	ON THE BOARD	ON THE BOARD	no				{"coin_queued_offered": [34], "coin_queued_offered_any": [34]}	
8	k3	6	46	state	49	ON THE BOARD	ON THE BOARD	no				{"coin_queued_offered": [49], "coin_queued_offered_any": [49]}	
8	k3	6	47	state	55	ON THE BOARD	ON THE BOARD	no				{"coin_queued_offered": [55], "coin_queued_offered_any": [55]}	
8	k3	6	48	state	48	ON THE BOARD	ON THE BOARD	no				{"coin_queued_offered": [48], "coin_queued_offered_any": [48]}	
8	k3	6	50	state	71	ON THE BOARD	ON THE BOARD	no				{"coin_queued_offered": [71], "coin_queued_offered_any": [71]}	
8	k3	6	51	state	94	ON THE BOARD	ON THE BOARD	no				{"coin_queued_offered": [94], "coin_queued_offered_any": [94]}	
8	k3	6	52	state	52	ON THE BOARD	ON THE BOARD	no				{"coin_queued_offered": [52], "coin_queued_offered_any": [52]}	
8	k3	6	53	state	40	ON THE BOARD	ON THE BOARD	no				{"coin_queued_offered": [40], "coin_queued_offered_any": [40]}	
8	k3	6	56	state	47	ON THE BOARD	ON THE BOARD	no				{"coin_queued_offered": [47], "coin_queued_offered_any": [47]}	
8	k3	6	57	state	74	ON THE BOARD	ON THE BOARD	no				{"coin_queued_offered": [74], "coin_queued_offered_any": [74]}	
8	k3	6	58	lookahead	56	LOOKAHEAD ONLY, both halves hold	LOOKAHEAD ONLY, both halves hold	no	{"cut": null, "free": false, "queued": 1}	{"cut": null, "free": false, "queued": 1, "truncated": false}	{"built": null}	{}	Attack(Attack { energy_required: [Grass, Grass], title: "Chase Order", fixed_damage: 70...
8	k3	6	63	state	43	ON THE BOARD	ON THE BOARD	no				{"coin_queued_offered": [43], "coin_queued_offered_any": [43]}	
8	k3	6	64	state	72	ON THE BOARD	ON THE BOARD	no				{"coin_queued_offered": [72], "coin_queued_offered_any": [72]}	
8	k3	6	65	state	54	ON THE BOARD	ON THE BOARD	no				{"coin_queued_offered": [54], "coin_queued_offered_any": [54]}	
8	k3	6	66	state	52	ON THE BOARD	ON THE BOARD	no				{"coin_queued_offered": [52], "coin_queued_offered_any": [52]}	
8	k3	6	67	state	66	ON THE BOARD	ON THE BOARD	no				{"coin_queued_offered": [66], "coin_queued_offered_any": [66]}	
8	k3	6	69	state	43	ON THE BOARD	ON THE BOARD	no				{"coin_queued_offered": [43], "coin_queued_offered_any": [43]}	
8	k3	6	71	state	60	ON THE BOARD	ON THE BOARD	no				{"coin_queued_offered": [60], "coin_queued_offered_any": [60]}	
8	k3	6	72	state	85	ON THE BOARD	ON THE BOARD	no				{"coin_queued_offered": [85], "coin_queued_offered_any": [85]}	
8	k3	6	76	state	80	ON THE BOARD	ON THE BOARD	no				{"coin_queued_offered": [80], "coin_queued_offered_any": [80]}	
8	k3	6	78	lookahead	104	LOOKAHEAD ONLY, both halves hold	LOOKAHEAD ONLY, both halves hold	no	{"cut": null, "free": false, "queued": 1}	{"cut": null, "free": false, "queued": 1, "truncated": false}	{"built": null}	{}	Attack(Attack { energy_required: [Grass, Grass], title: "Chase Order", fixed_damage: 70...
8	k3	6	79	state	42	ON THE BOARD	ON THE BOARD	no				{"coin_queued_offered": [42], "coin_queued_offered_any": [42]}	
8	k3	6	83	state	84	ON THE BOARD	ON THE BOARD	no				{"coin_queued_offered": [84], "coin_queued_offered_any": [84]}	
8	k3	6	85	state	62	ON THE BOARD	ON THE BOARD	no				{"coin_queued_offered": [62], "coin_queued_offered_any": [62]}	
8	k3	6	87	state	45	ON THE BOARD	ON THE BOARD	no				{"coin_queued_offered": [45], "coin_queued_offered_any": [45]}	
8	k3	6	92	state	53	ON THE BOARD	ON THE BOARD	no				{"coin_queued_offered": [53], "coin_queued_offered_any": [53]}	
8	k3	6	93	lookahead	71	LOOKAHEAD ONLY, both halves hold	LOOKAHEAD ONLY, both halves hold	no	{"cut": null, "free": false, "queued": 1}	{"cut": null, "free": false, "queued": 1, "truncated": false}	{"built": null}	{}	Attack(Attack { energy_required: [Grass, Grass], title: "Chase Order", fixed_damage: 70...
8	k3	6	94	state	44	ON THE BOARD	ON THE BOARD	no				{"coin_queued_offered": [44], "coin_queued_offered_any": [44]}	
8	k3	6	95	state	79	ON THE BOARD	ON THE BOARD	no				{"coin_queued_offered": [79], "coin_queued_offered_any": [79]}	
8	k3	6	96	lookahead	71	LOOKAHEAD ONLY, both halves hold	LOOKAHEAD ONLY, both halves hold	no	{"cut": null, "free": false, "queued": 1}	{"cut": null, "free": false, "queued": 1, "truncated": false}	{"built": null}	{}	Attack(Attack { energy_required: [Grass, Grass], title: "Chase Order", fixed_damage: 70...
8	k3	6	97	state	65	ON THE BOARD	ON THE BOARD	no				{"coin_queued_offered": [65], "coin_queued_offered_any": [65]}	
8	k3	6	99	state	43	ON THE BOARD	ON THE BOARD	no				{"coin_queued_offered": [43], "coin_queued_offered_any": [43]}	
8	k3	6	103	state	84	ON THE BOARD	ON THE BOARD	no				{"coin_queued_offered": [84], "coin_queued_offered_any": [84]}	
8	k3	6	106	lookahead	71	LOOKAHEAD ONLY, both halves hold	LOOKAHEAD ONLY, both halves hold	no	{"cut": null, "free": false, "queued": 2}	{"cut": null, "free": false, "queued": 2, "truncated": false}	{"built": null}	{}	Retreat(3) ; Attack(Attack { energy_required: [Grass, Grass], title: "Chase Order", fixed_damage: 70...
8	k3	6	110	state	87	ON THE BOARD	ON THE BOARD	no				{"coin_queued_offered": [87], "coin_queued_offered_any": [87]}	
8	k3	6	111	state	76	ON THE BOARD	ON THE BOARD	no				{"coin_queued_offered": [76], "coin_queued_offered_any": [76]}	
8	k3	6	113	state	74	ON THE BOARD	ON THE BOARD	no				{"coin_queued_offered": [74], "coin_queued_offered_any": [74]}	
8	k3	6	114	state	71	ON THE BOARD	ON THE BOARD	no				{"coin_queued_offered": [71], "coin_queued_offered_any": [71]}	
8	k3	6	115	state	37	ON THE BOARD	ON THE BOARD	no				{"coin_queued_offered": [37], "coin_queued_offered_any": [37]}	
8	k3	6	117	state	44	ON THE BOARD	ON THE BOARD	no				{"coin_queued_offered": [44], "coin_queued_offered_any": [44]}	
8	k3	6	118	state	88	ON THE BOARD	ON THE BOARD	no				{"coin_queued_offered": [88], "coin_queued_offered_any": [88]}	
8	k3	6	119	state	77	ON THE BOARD	ON THE BOARD	no				{"coin_queued_offered": [77], "coin_queued_offered_any": [77]}	
8	k3	6	122	state	73	ON THE BOARD	ON THE BOARD	no				{"coin_queued_offered": [73], "coin_queued_offered_any": [73]}	
8	k3	6	129	state	57	ON THE BOARD	ON THE BOARD	no				{"coin_queued_offered": [57], "coin_queued_offered_any": [57]}	
8	k3	6	130	lookahead	76	LOOKAHEAD ONLY, both halves hold	LOOKAHEAD ONLY, both halves hold	no	{"cut": null, "free": false, "queued": 1}	{"cut": null, "free": false, "queued": 1, "truncated": false}	{"built": null}	{}	Attack(Attack { energy_required: [Grass, Grass], title: "Chase Order", fixed_damage: 70...
8	k3	6	131	lookahead	68	LOOKAHEAD ONLY, both halves hold	LOOKAHEAD ONLY, both halves hold	no	{"cut": null, "free": false, "queued": 1}	{"cut": null, "free": false, "queued": 1, "truncated": false}	{"built": null}	{}	Attack(Attack { energy_required: [Grass, Grass], title: "Chase Order", fixed_damage: 70...
8	k3	6	132	state	81	ON THE BOARD	ON THE BOARD	no				{"coin_queued_offered": [81], "coin_queued_offered_any": [81]}	
8	k3	6	134	state	61	ON THE BOARD	ON THE BOARD	no				{"coin_queued_offered": [61], "coin_queued_offered_any": [61]}	
8	k3	6	135	state	56	ON THE BOARD	ON THE BOARD	no				{"coin_queued_offered": [56], "coin_queued_offered_any": [56]}	
8	k3	6	136	lookahead	113	LOOKAHEAD ONLY, both halves hold	LOOKAHEAD ONLY, both halves hold	no	{"cut": null, "free": false, "queued": 1}	{"cut": null, "free": false, "queued": 1, "truncated": false}	{"built": null}	{}	Attack(Attack { energy_required: [Grass, Grass], title: "Chase Order", fixed_damage: 70...
8	k3	6	138	state	42	ON THE BOARD	ON THE BOARD	no				{"coin_queued_offered": [42], "coin_queued_offered_any": [42]}	
8	k3	6	141	state	57	ON THE BOARD	ON THE BOARD	no				{"coin_queued_offered": [57], "coin_queued_offered_any": [57]}	
8	k3	6	142	lookahead	112	LOOKAHEAD ONLY, both halves hold	LOOKAHEAD ONLY, both halves hold	no	{"cut": null, "free": false, "queued": 1}	{"cut": null, "free": false, "queued": 1, "truncated": false}	{"built": null}	{}	Attack(Attack { energy_required: [Grass, Grass], title: "Chase Order", fixed_damage: 70...
8	k3	6	143	state	45	ON THE BOARD	ON THE BOARD	no				{"coin_queued_offered": [45], "coin_queued_offered_any": [45]}	
8	k3	6	144	lookahead	70	LOOKAHEAD ONLY, both halves hold	LOOKAHEAD ONLY, both halves hold	no	{"cut": null, "free": false, "queued": 1}	{"cut": null, "free": false, "queued": 1, "truncated": false}	{"built": null}	{}	Attack(Attack { energy_required: [Grass, Grass], title: "Chase Order", fixed_damage: 70...
8	k3	6	145	lookahead	86	LOOKAHEAD ONLY, both halves hold	LOOKAHEAD ONLY, both halves hold	no	{"cut": null, "free": false, "queued": 1}	{"cut": null, "free": false, "queued": 1, "truncated": false}	{"built": null}	{}	Attack(Attack { energy_required: [Grass, Grass], title: "Chase Order", fixed_damage: 70...
8	k3	6	146	state	90	ON THE BOARD	ON THE BOARD	no				{"coin_queued_offered": [90], "coin_queued_offered_any": [90]}	
8	k3	6	147	lookahead	84	LOOKAHEAD ONLY, both halves hold	LOOKAHEAD ONLY, both halves hold	no	{"cut": null, "free": false, "queued": 1}	{"cut": null, "free": false, "queued": 1, "truncated": false}	{"built": null}	{}	Attack(Attack { energy_required: [Grass, Grass], title: "Chase Order", fixed_damage: 70...
8	k3	6	149	lookahead	68	LOOKAHEAD ONLY, both halves hold	LOOKAHEAD ONLY, both halves hold	no	{"cut": null, "free": false, "queued": 1}	{"cut": null, "free": false, "queued": 1, "truncated": false}	{"built": null}	{}	Attack(Attack { energy_required: [Grass, Grass], title: "Chase Order", fixed_damage: 70...
8	k3	6	150	state	69	ON THE BOARD	ON THE BOARD	no				{"coin_queued_offered": [69], "coin_queued_offered_any": [69]}	
8	k3	6	153	state	55	ON THE BOARD	ON THE BOARD	no				{"coin_queued_offered": [55], "coin_queued_offered_any": [55]}	
8	k3	6	154	lookahead	58	LOOKAHEAD ONLY, both halves hold	LOOKAHEAD ONLY, both halves hold	no	{"cut": null, "free": false, "queued": 2}	{"cut": null, "free": false, "queued": 2, "truncated": false}	{"built": null}	{}	Retreat(2) ; Attack(Attack { energy_required: [Grass, Grass], title: "Chase Order", fixed_damage: 70...
8	k3	6	156	state	69	ON THE BOARD	ON THE BOARD	no				{"coin_queued_offered": [69], "coin_queued_offered_any": [69]}	
8	k3	6	158	state	57	ON THE BOARD	ON THE BOARD	no				{"coin_queued_offered": [57], "coin_queued_offered_any": [57]}	
8	k3	6	160	state	51	ON THE BOARD	ON THE BOARD	no				{"coin_queued_offered": [51], "coin_queued_offered_any": [51]}	
8	k3	6	163	state	58	ON THE BOARD	ON THE BOARD	no				{"coin_queued_offered": [58], "coin_queued_offered_any": [58]}	
8	k3	6	164	lookahead	124	LOOKAHEAD ONLY, both halves hold	LOOKAHEAD ONLY, both halves hold	no	{"cut": null, "free": false, "queued": 1}	{"cut": null, "free": false, "queued": 1, "truncated": false}	{"built": null}	{}	Attack(Attack { energy_required: [Grass, Grass], title: "Chase Order", fixed_damage: 70...
8	k3	6	166	state	52	ON THE BOARD	ON THE BOARD	no				{"coin_queued_offered": [52], "coin_queued_offered_any": [52]}	
8	k3	6	167	lookahead	98	LOOKAHEAD ONLY, both halves hold	LOOKAHEAD ONLY, both halves hold	no	{"cut": null, "free": false, "queued": 1}	{"cut": null, "free": false, "queued": 1, "truncated": false}	{"built": null}	{}	Attack(Attack { energy_required: [Grass, Grass], title: "Chase Order", fixed_damage: 70...
8	k3	6	168	lookahead	76	LOOKAHEAD ONLY, both halves hold	LOOKAHEAD ONLY, both halves hold	no	{"cut": null, "free": false, "queued": 1}	{"cut": null, "free": false, "queued": 1, "truncated": false}	{"built": null}	{}	Attack(Attack { energy_required: [Grass, Grass], title: "Chase Order", fixed_damage: 70...
8	k3	6	169	state	51	ON THE BOARD	ON THE BOARD	no				{"coin_queued_offered": [51], "coin_queued_offered_any": [51]}	
8	k3	6	170	state	43	ON THE BOARD	ON THE BOARD	no				{"coin_queued_offered": [43], "coin_queued_offered_any": [43]}	
8	k3	6	180	state	46	ON THE BOARD	ON THE BOARD	no				{"coin_queued_offered": [46], "coin_queued_offered_any": [46]}	
8	k3	6	181	state	46	ON THE BOARD	ON THE BOARD	no				{"coin_queued_offered": [46], "coin_queued_offered_any": [46]}	
8	k3	6	185	state	58	ON THE BOARD	ON THE BOARD	no				{"coin_queued_offered": [58], "coin_queued_offered_any": [58]}	
8	k3	6	186	state	72	ON THE BOARD	ON THE BOARD	no				{"coin_queued_offered": [72], "coin_queued_offered_any": [72]}	
8	k3	6	188	state	70	ON THE BOARD	ON THE BOARD	no				{"coin_queued_offered": [70], "coin_queued_offered_any": [70]}	
8	k3	6	189	state	59	ON THE BOARD	ON THE BOARD	no				{"coin_queued_offered": [59], "coin_queued_offered_any": [59]}	
8	k3	6	191	state	60	ON THE BOARD	ON THE BOARD	no				{"coin_queued_offered": [60], "coin_queued_offered_any": [60]}	
8	k3	6	192	lookahead	100	LOOKAHEAD ONLY, both halves hold	LOOKAHEAD ONLY, both halves hold	no	{"cut": null, "free": false, "queued": 1}	{"cut": null, "free": false, "queued": 1, "truncated": false}	{"built": null}	{}	Attack(Attack { energy_required: [Grass, Grass], title: "Chase Order", fixed_damage: 70...
8	k3	6	193	state	56	ON THE BOARD	ON THE BOARD	no				{"coin_queued_offered": [56], "coin_queued_offered_any": [56]}	
8	k3	6	195	lookahead	69	LOOKAHEAD ONLY, both halves hold	LOOKAHEAD ONLY, both halves hold	no	{"cut": null, "free": false, "queued": 1}	{"cut": null, "free": false, "queued": 1, "truncated": false}	{"built": null}	{}	Attack(Attack { energy_required: [Grass, Grass], title: "Chase Order", fixed_damage: 70...
8	k3	6	202	lookahead	62	LOOKAHEAD ONLY, both halves hold	LOOKAHEAD ONLY, both halves hold	no	{"cut": null, "free": false, "queued": 1}	{"cut": null, "free": false, "queued": 1, "truncated": false}	{"built": null}	{}	Attack(Attack { energy_required: [Grass, Grass], title: "Chase Order", fixed_damage: 70...
8	k3	6	203	lookahead	96	LOOKAHEAD ONLY, both halves hold	LOOKAHEAD ONLY, both halves hold	no	{"cut": null, "free": false, "queued": 2}	{"cut": null, "free": false, "queued": 2, "truncated": false}	{"built": null}	{}	Retreat(2) ; Attack(Attack { energy_required: [Grass, Grass], title: "Chase Order", fixed_damage: 70...
8	k3	6	204	state	51	ON THE BOARD	ON THE BOARD	no				{"coin_queued_offered": [51], "coin_queued_offered_any": [51]}	
8	k3	6	206	lookahead	41	LOOKAHEAD ONLY, both halves hold	LOOKAHEAD ONLY, both halves hold	no	{"cut": null, "free": false, "queued": 2}	{"cut": null, "free": false, "queued": 2, "truncated": false}	{"built": null}	{}	Place(Pokemon(A4 021 Shuckle ex), 1) ; Attack(Attack { energy_required: [Grass, Grass], title: "Chase Order", fixed_damage: 70...
8	k3	6	207	state	63	ON THE BOARD	ON THE BOARD	no				{"coin_queued_offered": [63], "coin_queued_offered_any": [63]}	
8	k3	6	209	state	69	ON THE BOARD	ON THE BOARD	no				{"coin_queued_offered": [69], "coin_queued_offered_any": [69]}	
8	k3	6	211	lookahead	72	LOOKAHEAD ONLY, both halves hold	LOOKAHEAD ONLY, both halves hold	no	{"cut": null, "free": false, "queued": 1}	{"cut": null, "free": false, "queued": 1, "truncated": false}	{"built": null}	{}	Attack(Attack { energy_required: [Grass, Grass], title: "Chase Order", fixed_damage: 70...
8	k3	6	215	lookahead	66	LOOKAHEAD ONLY, both halves hold	LOOKAHEAD ONLY, both halves hold	no	{"cut": null, "free": false, "queued": 2}	{"cut": null, "free": false, "queued": 2, "truncated": false}	{"built": null}	{}	Retreat(3) ; Attack(Attack { energy_required: [Grass, Grass], title: "Chase Order", fixed_damage: 70...
8	k3	6	216	lookahead	78	LOOKAHEAD ONLY, both halves hold	LOOKAHEAD ONLY, both halves hold	no	{"cut": null, "free": false, "queued": 1}	{"cut": null, "free": false, "queued": 1, "truncated": false}	{"built": null}	{}	Attack(Attack { energy_required: [Grass, Grass], title: "Chase Order", fixed_damage: 70...
8	k3	6	217	state	66	ON THE BOARD	ON THE BOARD	no				{"coin_queued_offered": [66], "coin_queued_offered_any": [66]}	
8	k3	6	219	lookahead	54	LOOKAHEAD ONLY, both halves hold	LOOKAHEAD ONLY, both halves hold	no	{"cut": null, "free": false, "queued": 2}	{"cut": null, "free": false, "queued": 2, "truncated": false}	{"built": null}	{}	Retreat(3) ; Attack(Attack { energy_required: [Grass, Grass], title: "Chase Order", fixed_damage: 70...
8	k3	6	223	state	47	ON THE BOARD	ON THE BOARD	no				{"coin_queued_offered": [47], "coin_queued_offered_any": [47]}	
8	k3	6	226	state	64	ON THE BOARD	ON THE BOARD	no				{"coin_queued_offered": [64], "coin_queued_offered_any": [64]}	
8	k3	6	227	state	51	ON THE BOARD	ON THE BOARD	no				{"coin_queued_offered": [51], "coin_queued_offered_any": [51]}	
8	k3	6	230	state	34	ON THE BOARD	ON THE BOARD	no				{"coin_queued_offered": [34], "coin_queued_offered_any": [34]}	
8	k3	6	231	state	52	ON THE BOARD	ON THE BOARD	no				{"coin_queued_offered": [52], "coin_queued_offered_any": [52]}	
8	k3	6	234	state	49	ON THE BOARD	ON THE BOARD	no				{"coin_queued_offered": [49], "coin_queued_offered_any": [49]}	
8	k3	6	235	lookahead	78	LOOKAHEAD ONLY, both halves hold	LOOKAHEAD ONLY, both halves hold	no	{"cut": null, "free": false, "queued": 2}	{"cut": null, "free": false, "queued": 2, "truncated": false}	{"built": null}	{}	Retreat(3) ; Attack(Attack { energy_required: [Grass, Grass], title: "Chase Order", fixed_damage: 70...
8	k3	6	236	state	76	ON THE BOARD	ON THE BOARD	no				{"coin_queued_offered": [76], "coin_queued_offered_any": [76]}	
8	k3	6	238	state	63	ON THE BOARD	ON THE BOARD	no				{"coin_queued_offered": [63], "coin_queued_offered_any": [63]}	
8	k3	6	241	lookahead	65	LOOKAHEAD ONLY, both halves hold	LOOKAHEAD ONLY, both halves hold	no	{"cut": null, "free": false, "queued": 1}	{"cut": null, "free": false, "queued": 1, "truncated": false}	{"built": null}	{}	Attack(Attack { energy_required: [Grass, Grass], title: "Chase Order", fixed_damage: 70...
8	k3	6	243	state	48	ON THE BOARD	ON THE BOARD	no				{"coin_queued_offered": [48], "coin_queued_offered_any": [48]}	
8	k3	6	245	state	46	ON THE BOARD	ON THE BOARD	no				{"coin_queued_offered": [46], "coin_queued_offered_any": [46]}	
8	k3	6	246	state	64	ON THE BOARD	ON THE BOARD	no				{"coin_queued_offered": [64], "coin_queued_offered_any": [64]}	
8	k3	6	247	state	48	ON THE BOARD	ON THE BOARD	no				{"coin_queued_offered": [48], "coin_queued_offered_any": [48]}	
8	k3	6	249	state	94	ON THE BOARD	ON THE BOARD	no				{"coin_queued_offered": [94], "coin_queued_offered_any": [94]}	
8	km3	9	3	state	20	ON THE BOARD	ON THE BOARD	no				{"coin_queued_offered": [20], "coin_queued_offered_any": [20]}	
8	km3	9	5	lookahead	39	LOOKAHEAD ONLY, both halves hold	LOOKAHEAD ONLY, both halves hold	no	{"cut": null, "free": true, "queued": 3}	{"cut": null, "free": true, "queued": 3, "truncated": false}	{"built": null}	{}	Attach { attachments: [(1, Fire, 3)], is_turn_energy: true } ; Retreat(3) ; Attack(Attack { energy_required: [Fire], title: "Tongue Whip", fixed_damage: 0, effect:...
8	km3	9	8	state	51	ON THE BOARD	ON THE BOARD	no				{"coin_queued_offered": [51], "coin_queued_offered_any": [51]}	
8	km3	9	9	lookahead	32	LOOKAHEAD ONLY, both halves hold	LOOKAHEAD ONLY, both halves hold	no	{"cut": null, "free": true, "queued": 2}	{"cut": null, "free": true, "queued": 2, "truncated": false}	{"built": null}	{}	Play { trainer_card: B1 217 Flame Patch } ; Attack(Attack { energy_required: [Fire], title: "Tongue Whip", fixed_damage: 0, effect:...
8	km3	9	11	state	14	ON THE BOARD	ON THE BOARD	no				{"coin_queued_offered": [14], "coin_queued_offered_any": [14]}	
8	km3	9	12	state	23	ON THE BOARD	ON THE BOARD	no				{"coin_queued_offered": [23], "coin_queued_offered_any": [23]}	
8	km3	9	13	state	24	ON THE BOARD	ON THE BOARD	no				{"coin_queued_offered": [24], "coin_queued_offered_any": [24]}	
8	km3	9	15	state	14	ON THE BOARD	ON THE BOARD	no				{"coin_queued_offered": [14], "coin_queued_offered_any": [14]}	
8	km3	9	18	state	66	ON THE BOARD	ON THE BOARD	no				{"coin_queued_offered": [66], "coin_queued_offered_any": [66]}	
8	km3	9	21	state	89	ON THE BOARD	ON THE BOARD	no				{"coin_queued_offered": [89], "coin_queued_offered_any": [89]}	
8	km3	9	22	lookahead	22	LOOKAHEAD ONLY, both halves hold	LOOKAHEAD ONLY, both halves hold	no	{"cut": null, "free": true, "queued": 2}	{"cut": null, "free": true, "queued": 2, "truncated": false}	{"built": null}	{}	Attach { attachments: [(1, Fire, 0)], is_turn_energy: true } ; Attack(Attack { energy_required: [Fire], title: "Tongue Whip", fixed_damage: 0, effect:...
8	km3	9	27	lookahead	21	LOOKAHEAD ONLY, both halves hold	LOOKAHEAD ONLY, both halves hold	no	{"cut": null, "free": true, "queued": 2}	{"cut": null, "free": true, "queued": 2, "truncated": false}	{"built": null}	{}	Attach { attachments: [(1, Fire, 0)], is_turn_energy: true } ; Attack(Attack { energy_required: [Fire], title: "Tongue Whip", fixed_damage: 0, effect:...
8	km3	9	28	state	44	ON THE BOARD	ON THE BOARD	no				{"coin_queued_offered": [44], "coin_queued_offered_any": [44]}	
8	km3	9	31	lookahead	35	LOOKAHEAD ONLY, both halves hold	LOOKAHEAD ONLY, both halves hold	no	{"cut": null, "free": true, "queued": 2}	{"cut": null, "free": true, "queued": 2, "truncated": false}	{"built": null}	{}	Retreat(2) ; Attack(Attack { energy_required: [Fire], title: "Tongue Whip", fixed_damage: 0, effect:...
8	km3	9	32	lookahead	43	LOOKAHEAD ONLY, both halves hold	LOOKAHEAD ONLY, both halves hold	no	{"cut": null, "free": false, "queued": 2}	{"cut": null, "free": false, "queued": 2, "truncated": false}	{"built": null}	{}	Retreat(2) ; Attack(Attack { energy_required: [Fire], title: "Tongue Whip", fixed_damage: 0, effect:...
8	km3	9	33	state	18	ON THE BOARD	ON THE BOARD	no				{"coin_queued_offered": [18], "coin_queued_offered_any": [18]}	
8	km3	9	35	state	23	ON THE BOARD	ON THE BOARD	no				{"coin_queued_offered": [23], "coin_queued_offered_any": [23]}	
8	km3	9	46	state	16	ON THE BOARD	ON THE BOARD	no				{"coin_queued_offered": [16], "coin_queued_offered_any": [16]}	
8	km3	9	51	state	18	ON THE BOARD	ON THE BOARD	no				{"coin_queued_offered": [18], "coin_queued_offered_any": [18]}	
8	km3	9	53	lookahead	120	LOOKAHEAD ONLY, both halves hold	LOOKAHEAD ONLY, both halves hold	no	{"cut": null, "free": true, "queued": 3}	{"cut": null, "free": true, "queued": 3, "truncated": false}	{"built": null}	{}	Attach { attachments: [(1, Fire, 3)], is_turn_energy: true } ; Retreat(3) ; Attack(Attack { energy_required: [Fire], title: "Tongue Whip", fixed_damage: 0, effect:...
8	km3	9	57	state	22	ON THE BOARD	ON THE BOARD	no				{"coin_queued_offered": [22], "coin_queued_offered_any": [22]}	
8	km3	9	60	state	46	ON THE BOARD	ON THE BOARD	no				{"coin_queued_offered": [46], "coin_queued_offered_any": [46]}	
8	km3	9	63	state	30	ON THE BOARD	ON THE BOARD	no				{"coin_queued_offered": [30], "coin_queued_offered_any": [30]}	
8	km3	9	65	state	115	ON THE BOARD	ON THE BOARD	no				{"coin_queued_offered": [115], "coin_queued_offered_any": [115]}	
8	km3	9	66	lookahead	11	LOOKAHEAD ONLY, both halves hold	LOOKAHEAD ONLY, both halves hold	no	{"cut": null, "free": true, "queued": 1}	{"cut": null, "free": true, "queued": 1, "truncated": false}	{"built": null}	{}	Attack(Attack { energy_required: [Fire], title: "Tongue Whip", fixed_damage: 0, effect:...
8	km3	9	67	lookahead	10	LOOKAHEAD ONLY, both halves hold	LOOKAHEAD ONLY, both halves hold	no	{"cut": null, "free": true, "queued": 2}	{"cut": null, "free": true, "queued": 2, "truncated": false}	{"built": null}	{}	Attach { attachments: [(1, Fire, 0)], is_turn_energy: true } ; Attack(Attack { energy_required: [Fire], title: "Tongue Whip", fixed_damage: 0, effect:...
8	km3	9	68	lookahead	80	LOOKAHEAD ONLY, both halves hold	LOOKAHEAD ONLY, both halves hold	no	{"cut": null, "free": true, "queued": 3}	{"cut": null, "free": true, "queued": 3, "truncated": false}	{"built": null}	{}	Attach { attachments: [(1, Fire, 1)], is_turn_energy: true } ; Retreat(1) ; Attack(Attack { energy_required: [Fire], title: "Tongue Whip", fixed_damage: 0, effect:...
8	km3	9	69	state	68	ON THE BOARD	ON THE BOARD	no				{"coin_queued_offered": [68], "coin_queued_offered_any": [68]}	
8	km3	9	70	state	115	ON THE BOARD	ON THE BOARD	no				{"coin_queued_offered": [115], "coin_queued_offered_any": [115]}	
8	km3	9	71	state	38	ON THE BOARD	ON THE BOARD	no				{"coin_queued_offered": [38], "coin_queued_offered_any": [38]}	
8	km3	9	72	lookahead	43	LOOKAHEAD ONLY, both halves hold	LOOKAHEAD ONLY, both halves hold	no	{"cut": null, "free": false, "queued": 2}	{"cut": null, "free": false, "queued": 2, "truncated": false}	{"built": null}	{}	Retreat(3) ; Attack(Attack { energy_required: [Fire], title: "Tongue Whip", fixed_damage: 0, effect:...
8	km3	9	73	lookahead	58	LOOKAHEAD ONLY, both halves hold	LOOKAHEAD ONLY, both halves hold	no	{"cut": null, "free": false, "queued": 2}	{"cut": null, "free": false, "queued": 2, "truncated": false}	{"built": null}	{}	Retreat(1) ; Attack(Attack { energy_required: [Fire], title: "Tongue Whip", fixed_damage: 0, effect:...
8	km3	9	75	state	40	ON THE BOARD	ON THE BOARD	no				{"coin_queued_offered": [40], "coin_queued_offered_any": [40]}	
8	km3	9	76	lookahead	17	LOOKAHEAD ONLY, both halves hold	LOOKAHEAD ONLY, both halves hold	no	{"cut": null, "free": true, "queued": 2}	{"cut": null, "free": true, "queued": 2, "truncated": false}	{"built": null}	{}	Attach { attachments: [(1, Fire, 0)], is_turn_energy: true } ; Attack(Attack { energy_required: [Fire], title: "Tongue Whip", fixed_damage: 0, effect:...
8	km3	9	81	state	21	ON THE BOARD	ON THE BOARD	no				{"coin_queued_offered": [21], "coin_queued_offered_any": [21]}	
8	km3	9	87	state	87	ON THE BOARD	ON THE BOARD	no				{"coin_queued_offered": [87], "coin_queued_offered_any": [87]}	
8	km3	9	90	state	20	ON THE BOARD	ON THE BOARD	no				{"coin_queued_offered": [20], "coin_queued_offered_any": [20]}	
8	km3	9	94	lookahead	91	LOOKAHEAD ONLY, both halves hold	LOOKAHEAD ONLY, both halves hold	no	{"cut": null, "free": false, "queued": 2}	{"cut": null, "free": false, "queued": 2, "truncated": false}	{"built": null}	{}	Retreat(1) ; Attack(Attack { energy_required: [Fire], title: "Tongue Whip", fixed_damage: 0, effect:...
8	km3	9	96	lookahead	10	LOOKAHEAD ONLY, both halves hold	LOOKAHEAD ONLY, both halves hold	no	{"cut": null, "free": true, "queued": 1}	{"cut": null, "free": true, "queued": 1, "truncated": false}	{"built": null}	{}	Attack(Attack { energy_required: [Fire], title: "Tongue Whip", fixed_damage: 0, effect:...
8	km3	9	97	lookahead	10	LOOKAHEAD ONLY, both halves hold	LOOKAHEAD ONLY, both halves hold	no	{"cut": null, "free": true, "queued": 2}	{"cut": null, "free": true, "queued": 2, "truncated": false}	{"built": null}	{}	Attach { attachments: [(1, Fire, 0)], is_turn_energy: true } ; Attack(Attack { energy_required: [Fire], title: "Tongue Whip", fixed_damage: 0, effect:...
8	km3	9	99	state	19	ON THE BOARD	ON THE BOARD	no				{"coin_queued_offered": [19], "coin_queued_offered_any": [19]}	
8	km3	9	100	state	19	ON THE BOARD	ON THE BOARD	no				{"coin_queued_offered": [19], "coin_queued_offered_any": [19]}	
8	km3	9	103	state	17	ON THE BOARD	ON THE BOARD	no				{"coin_queued_offered": [17], "coin_queued_offered_any": [17]}	
8	km3	9	104	state	46	ON THE BOARD	ON THE BOARD	no				{"coin_queued_offered": [46], "coin_queued_offered_any": [46]}	
8	km3	9	108	state	28	ON THE BOARD	ON THE BOARD	no				{"coin_queued_offered": [28], "coin_queued_offered_any": [28]}	
8	km3	9	110	state	18	ON THE BOARD	ON THE BOARD	no				{"coin_queued_offered": [18], "coin_queued_offered_any": [18]}	
8	km3	9	113	lookahead	13	LOOKAHEAD ONLY, both halves hold	LOOKAHEAD ONLY, both halves hold	no	{"cut": null, "free": true, "queued": 3}	{"cut": null, "free": true, "queued": 3, "truncated": false}	{"built": null}	{}	Retreat(3) ; Play { trainer_card: B1 217 Flame Patch } ; Attack(Attack { energy_required: [Fire], title: "Tongue Whip", fixed_damage: 0, effect:...
8	km3	9	116	state	24	ON THE BOARD	ON THE BOARD	no				{"coin_queued_offered": [24], "coin_queued_offered_any": [24]}	
8	km3	9	119	lookahead	59	LOOKAHEAD ONLY, both halves hold	LOOKAHEAD ONLY, both halves hold	no	{"cut": null, "free": true, "queued": 3}	{"cut": null, "free": true, "queued": 3, "truncated": false}	{"built": null}	{}	Attach { attachments: [(1, Fire, 1)], is_turn_energy: true } ; Retreat(1) ; Attack(Attack { energy_required: [Fire], title: "Tongue Whip", fixed_damage: 0, effect:...
8	km3	9	125	state	18	ON THE BOARD	ON THE BOARD	no				{"coin_queued_offered": [18], "coin_queued_offered_any": [18]}	
8	km3	9	128	state	18	ON THE BOARD	ON THE BOARD	no				{"coin_queued_offered": [18], "coin_queued_offered_any": [18]}	
8	km3	9	129	lookahead	11	LOOKAHEAD ONLY, both halves hold	LOOKAHEAD ONLY, both halves hold	no	{"cut": null, "free": true, "queued": 2}	{"cut": null, "free": true, "queued": 2, "truncated": false}	{"built": null}	{}	Attach { attachments: [(1, Fire, 0)], is_turn_energy: true } ; Attack(Attack { energy_required: [Fire], title: "Tongue Whip", fixed_damage: 0, effect:...
8	km3	9	132	lookahead	58	LOOKAHEAD ONLY, both halves hold	LOOKAHEAD ONLY, both halves hold	no	{"cut": null, "free": false, "queued": 2}	{"cut": null, "free": false, "queued": 2, "truncated": false}	{"built": null}	{}	Retreat(3) ; Attack(Attack { energy_required: [Fire], title: "Tongue Whip", fixed_damage: 0, effect:...
8	km3	9	133	state	17	ON THE BOARD	ON THE BOARD	no				{"coin_queued_offered": [17], "coin_queued_offered_any": [17]}	
8	km3	9	140	lookahead	29	LOOKAHEAD ONLY, both halves hold	LOOKAHEAD ONLY, both halves hold	no	{"cut": null, "free": true, "queued": 2}	{"cut": null, "free": true, "queued": 2, "truncated": false}	{"built": null}	{}	Play { trainer_card: B1 217 Flame Patch } ; Attack(Attack { energy_required: [Fire], title: "Tongue Whip", fixed_damage: 0, effect:...
8	km3	9	144	state	87	ON THE BOARD	ON THE BOARD	no				{"coin_queued_offered": [87], "coin_queued_offered_any": [87]}	
8	km3	9	145	lookahead	48	LOOKAHEAD ONLY, both halves hold	LOOKAHEAD ONLY, both halves hold	no	{"cut": null, "free": false, "queued": 2}	{"cut": null, "free": false, "queued": 2, "truncated": false}	{"built": null}	{}	Retreat(2) ; Attack(Attack { energy_required: [Fire], title: "Tongue Whip", fixed_damage: 0, effect:...
8	km3	9	148	state	23	ON THE BOARD	ON THE BOARD	no				{"coin_queued_offered": [23], "coin_queued_offered_any": [23]}	
8	km3	9	154	state	62	ON THE BOARD	ON THE BOARD	no				{"coin_queued_offered": [62], "coin_queued_offered_any": [62]}	
8	km3	9	158	state	16	ON THE BOARD	ON THE BOARD	no				{"coin_queued_offered": [16], "coin_queued_offered_any": [16]}	
8	km3	9	161	state	24	ON THE BOARD	ON THE BOARD	no				{"coin_queued_offered": [24], "coin_queued_offered_any": [24]}	
8	km3	9	163	state	19	ON THE BOARD	ON THE BOARD	no				{"coin_queued_offered": [19], "coin_queued_offered_any": [19]}	
8	km3	9	164	state	31	ON THE BOARD	ON THE BOARD	no				{"coin_queued_offered": [31], "coin_queued_offered_any": [31]}	
8	km3	9	165	lookahead	101	LOOKAHEAD ONLY, both halves hold	LOOKAHEAD ONLY, both halves hold	no	{"cut": null, "free": true, "queued": 3}	{"cut": null, "free": true, "queued": 3, "truncated": false}	{"built": null}	{}	Attach { attachments: [(1, Fire, 3)], is_turn_energy: true } ; Retreat(3) ; Attack(Attack { energy_required: [Fire], title: "Tongue Whip", fixed_damage: 0, effect:...
8	km3	9	170	state	31	ON THE BOARD	ON THE BOARD	no				{"coin_queued_offered": [31], "coin_queued_offered_any": [31]}	
8	km3	9	171	state	17	ON THE BOARD	ON THE BOARD	no				{"coin_queued_offered": [17], "coin_queued_offered_any": [17]}	
8	km3	9	172	lookahead	13	LOOKAHEAD ONLY, both halves hold	LOOKAHEAD ONLY, both halves hold	no	{"cut": null, "free": true, "queued": 2}	{"cut": null, "free": true, "queued": 2, "truncated": false}	{"built": null}	{}	Attach { attachments: [(1, Fire, 0)], is_turn_energy: true } ; Attack(Attack { energy_required: [Fire], title: "Tongue Whip", fixed_damage: 0, effect:...
8	km3	9	176	lookahead	78	LOOKAHEAD ONLY, both halves hold	LOOKAHEAD ONLY, both halves hold	no	{"cut": null, "free": false, "queued": 2}	{"cut": null, "free": false, "queued": 2, "truncated": false}	{"built": null}	{}	Retreat(3) ; Attack(Attack { energy_required: [Fire], title: "Tongue Whip", fixed_damage: 0, effect:...
8	km3	9	179	state	77	ON THE BOARD	ON THE BOARD	no				{"coin_queued_offered": [77], "coin_queued_offered_any": [77]}	
8	km3	9	182	lookahead	11	LOOKAHEAD ONLY, both halves hold	LOOKAHEAD ONLY, both halves hold	no	{"cut": null, "free": true, "queued": 2}	{"cut": null, "free": true, "queued": 2, "truncated": false}	{"built": null}	{}	Attach { attachments: [(1, Fire, 0)], is_turn_energy: true } ; Attack(Attack { energy_required: [Fire], title: "Tongue Whip", fixed_damage: 0, effect:...
8	km3	9	183	state	46	ON THE BOARD	ON THE BOARD	no				{"coin_queued_offered": [46], "coin_queued_offered_any": [46]}	
8	km3	9	184	lookahead	13	LOOKAHEAD ONLY, both halves hold	LOOKAHEAD ONLY, both halves hold	no	{"cut": null, "free": true, "queued": 3}	{"cut": null, "free": true, "queued": 3, "truncated": false}	{"built": null}	{}	Retreat(3) ; Play { trainer_card: B1 217 Flame Patch } ; Attack(Attack { energy_required: [Fire], title: "Tongue Whip", fixed_damage: 0, effect:...
8	km3	9	185	lookahead	11	LOOKAHEAD ONLY, both halves hold	LOOKAHEAD ONLY, both halves hold	no	{"cut": null, "free": true, "queued": 2}	{"cut": null, "free": true, "queued": 2, "truncated": false}	{"built": null}	{}	Attach { attachments: [(1, Fire, 0)], is_turn_energy: true } ; Attack(Attack { energy_required: [Fire], title: "Tongue Whip", fixed_damage: 0, effect:...
8	km3	9	194	state	55	ON THE BOARD	ON THE BOARD	no				{"coin_queued_offered": [55], "coin_queued_offered_any": [55]}	
8	km3	9	195	lookahead	12	LOOKAHEAD ONLY, both halves hold	LOOKAHEAD ONLY, both halves hold	no	{"cut": null, "free": true, "queued": 2}	{"cut": null, "free": true, "queued": 2, "truncated": false}	{"built": null}	{}	Attach { attachments: [(1, Fire, 0)], is_turn_energy: true } ; Attack(Attack { energy_required: [Fire], title: "Tongue Whip", fixed_damage: 0, effect:...
8	km3	9	196	lookahead	107	LOOKAHEAD ONLY, both halves hold	LOOKAHEAD ONLY, both halves hold	no	{"cut": null, "free": true, "queued": 3}	{"cut": null, "free": true, "queued": 3, "truncated": false}	{"built": null}	{}	Attach { attachments: [(1, Fire, 1)], is_turn_energy: true } ; Retreat(1) ; Attack(Attack { energy_required: [Fire], title: "Tongue Whip", fixed_damage: 0, effect:...
8	km3	9	197	lookahead	12	LOOKAHEAD ONLY, both halves hold	LOOKAHEAD ONLY, both halves hold	no	{"cut": null, "free": true, "queued": 2}	{"cut": null, "free": true, "queued": 2, "truncated": false}	{"built": null}	{}	Attach { attachments: [(1, Fire, 0)], is_turn_energy: true } ; Attack(Attack { energy_required: [Fire], title: "Tongue Whip", fixed_damage: 0, effect:...
8	km3	9	198	lookahead	42	LOOKAHEAD ONLY, both halves hold	LOOKAHEAD ONLY, both halves hold	no	{"cut": null, "free": false, "queued": 1}	{"cut": null, "free": false, "queued": 1, "truncated": false}	{"built": null}	{}	Attack(Attack { energy_required: [Fire], title: "Tongue Whip", fixed_damage: 0, effect:...
8	km3	9	199	lookahead	77	LOOKAHEAD ONLY, both halves hold	LOOKAHEAD ONLY, both halves hold	no	{"cut": null, "free": false, "queued": 2}	{"cut": null, "free": false, "queued": 2, "truncated": false}	{"built": null}	{}	Retreat(3) ; Attack(Attack { energy_required: [Fire], title: "Tongue Whip", fixed_damage: 0, effect:...
8	km3	9	202	state	16	ON THE BOARD	ON THE BOARD	no				{"coin_queued_offered": [16], "coin_queued_offered_any": [16]}	
8	km3	9	211	lookahead	10	LOOKAHEAD ONLY, both halves hold	LOOKAHEAD ONLY, both halves hold	no	{"cut": null, "free": true, "queued": 2}	{"cut": null, "free": true, "queued": 2, "truncated": false}	{"built": null}	{}	Attach { attachments: [(1, Fire, 0)], is_turn_energy: true } ; Attack(Attack { energy_required: [Fire], title: "Tongue Whip", fixed_damage: 0, effect:...
8	km3	9	212	lookahead	85	LOOKAHEAD ONLY, both halves hold	LOOKAHEAD ONLY, both halves hold	no	{"cut": null, "free": false, "queued": 2}	{"cut": null, "free": false, "queued": 2, "truncated": false}	{"built": null}	{}	Retreat(1) ; Attack(Attack { energy_required: [Fire], title: "Tongue Whip", fixed_damage: 0, effect:...
8	km3	9	219	state	19	ON THE BOARD	ON THE BOARD	no				{"coin_queued_offered": [19], "coin_queued_offered_any": [19]}	
8	km3	9	224	lookahead	38	LOOKAHEAD ONLY, both halves hold	LOOKAHEAD ONLY, both halves hold	no	{"cut": null, "free": true, "queued": 1}	{"cut": null, "free": true, "queued": 1, "truncated": false}	{"built": null}	{}	Attack(Attack { energy_required: [Fire], title: "Tongue Whip", fixed_damage: 0, effect:...
8	km3	9	225	state	31	ON THE BOARD	ON THE BOARD	no				{"coin_queued_offered": [31], "coin_queued_offered_any": [31]}	
8	km3	9	229	state	20	ON THE BOARD	ON THE BOARD	no				{"coin_queued_offered": [20], "coin_queued_offered_any": [20]}	
8	km3	9	232	state	26	ON THE BOARD	ON THE BOARD	no				{"coin_queued_offered": [26], "coin_queued_offered_any": [26]}	
8	km3	9	242	state	13	ON THE BOARD	ON THE BOARD	no				{"coin_queued_offered": [13], "coin_queued_offered_any": [13]}	
8	km3	9	243	state	18	ON THE BOARD	ON THE BOARD	no				{"coin_queued_offered": [18], "coin_queued_offered_any": [18]}	
8	km3	9	245	state	17	ON THE BOARD	ON THE BOARD	no				{"coin_queued_offered": [17], "coin_queued_offered_any": [17]}	
8	km3	9	246	state	82	ON THE BOARD	ON THE BOARD	no				{"coin_queued_offered": [82], "coin_queued_offered_any": [82]}	
8	km3	9	247	lookahead	57	LOOKAHEAD ONLY, both halves hold	LOOKAHEAD ONLY, both halves hold	no	{"cut": null, "free": false, "queued": 2}	{"cut": null, "free": false, "queued": 2, "truncated": false}	{"built": null}	{}	Retreat(2) ; Attack(Attack { energy_required: [Fire], title: "Tongue Whip", fixed_damage: 0, effect:...
8	km3	9	248	state	15	ON THE BOARD	ON THE BOARD	no				{"coin_queued_offered": [15], "coin_queued_offered_any": [15]}	
8	km3	9	250	state	17	ON THE BOARD	ON THE BOARD	no				{"coin_queued_offered": [17], "coin_queued_offered_any": [17]}	
8	km3	9	253	state	53	ON THE BOARD	ON THE BOARD	no				{"coin_queued_offered": [53], "coin_queued_offered_any": [53]}	
8	km3	9	254	state	36	ON THE BOARD	ON THE BOARD	no				{"coin_queued_offered": [36], "coin_queued_offered_any": [36]}	
8	km3	9	255	state	26	ON THE BOARD	ON THE BOARD	no				{"coin_queued_offered": [26], "coin_queued_offered_any": [26]}	
8	km3	9	257	lookahead	12	LOOKAHEAD ONLY, both halves hold	LOOKAHEAD ONLY, both halves hold	no	{"cut": null, "free": true, "queued": 2}	{"cut": null, "free": true, "queued": 2, "truncated": false}	{"built": null}	{}	Attach { attachments: [(1, Fire, 0)], is_turn_energy: true } ; Attack(Attack { energy_required: [Fire], title: "Tongue Whip", fixed_damage: 0, effect:...
8	km3	9	261	state	19	ON THE BOARD	ON THE BOARD	no				{"coin_queued_offered": [19], "coin_queued_offered_any": [19]}	
8	km3	9	262	lookahead	10	LOOKAHEAD ONLY, both halves hold	LOOKAHEAD ONLY, both halves hold	no	{"cut": null, "free": true, "queued": 2}	{"cut": null, "free": true, "queued": 2, "truncated": false}	{"built": null}	{}	Attach { attachments: [(1, Fire, 0)], is_turn_energy: true } ; Attack(Attack { energy_required: [Fire], title: "Tongue Whip", fixed_damage: 0, effect:...
8	km3	9	263	lookahead	13	LOOKAHEAD ONLY, both halves hold	LOOKAHEAD ONLY, both halves hold	no	{"cut": null, "free": true, "queued": 1}	{"cut": null, "free": true, "queued": 1, "truncated": false}	{"built": null}	{}	Attack(Attack { energy_required: [Fire], title: "Tongue Whip", fixed_damage: 0, effect:...
8	km3	9	265	state	68	ON THE BOARD	ON THE BOARD	no				{"coin_queued_offered": [68], "coin_queued_offered_any": [68]}	
8	km3	9	268	lookahead	11	LOOKAHEAD ONLY, both halves hold	LOOKAHEAD ONLY, both halves hold	no	{"cut": null, "free": true, "queued": 2}	{"cut": null, "free": true, "queued": 2, "truncated": false}	{"built": null}	{}	Attach { attachments: [(1, Fire, 0)], is_turn_energy: true } ; Attack(Attack { energy_required: [Fire], title: "Tongue Whip", fixed_damage: 0, effect:...
8	km3	9	273	lookahead	100	LOOKAHEAD ONLY, both halves hold	LOOKAHEAD ONLY, both halves hold	no	{"cut": null, "free": true, "queued": 3}	{"cut": null, "free": true, "queued": 3, "truncated": false}	{"built": null}	{}	Attach { attachments: [(1, Fire, 3)], is_turn_energy: true } ; Retreat(3) ; Attack(Attack { energy_required: [Fire], title: "Tongue Whip", fixed_damage: 0, effect:...
8	km3	9	275	lookahead	14	LOOKAHEAD ONLY, both halves hold	LOOKAHEAD ONLY, both halves hold	no	{"cut": null, "free": true, "queued": 2}	{"cut": null, "free": true, "queued": 2, "truncated": false}	{"built": null}	{}	Attach { attachments: [(1, Fire, 0)], is_turn_energy: true } ; Attack(Attack { energy_required: [Fire], title: "Tongue Whip", fixed_damage: 0, effect:...
8	km3	9	278	state	35	ON THE BOARD	ON THE BOARD	no				{"coin_queued_offered": [35], "coin_queued_offered_any": [35]}	
8	km3	9	279	state	20	ON THE BOARD	ON THE BOARD	no				{"coin_queued_offered": [20], "coin_queued_offered_any": [20]}	
8	km3	9	281	state	59	ON THE BOARD	ON THE BOARD	no				{"coin_queued_offered": [59], "coin_queued_offered_any": [59]}	
8	km3	9	282	state	18	ON THE BOARD	ON THE BOARD	no				{"coin_queued_offered": [18], "coin_queued_offered_any": [18]}	
8	km3	9	286	state	41	ON THE BOARD	ON THE BOARD	no				{"coin_queued_offered": [41], "coin_queued_offered_any": [41]}	
8	km3	9	287	state	16	ON THE BOARD	ON THE BOARD	no				{"coin_queued_offered": [16], "coin_queued_offered_any": [16]}	
8	km3	9	293	lookahead	86	LOOKAHEAD ONLY, both halves hold	LOOKAHEAD ONLY, both halves hold	no	{"cut": null, "free": false, "queued": 2}	{"cut": null, "free": false, "queued": 2, "truncated": false}	{"built": null}	{}	Retreat(2) ; Attack(Attack { energy_required: [Fire], title: "Tongue Whip", fixed_damage: 0, effect:...
8	km3	9	294	lookahead	46	LOOKAHEAD ONLY, both halves hold	LOOKAHEAD ONLY, both halves hold	no	{"cut": null, "free": false, "queued": 1}	{"cut": null, "free": false, "queued": 1, "truncated": false}	{"built": null}	{}	Attack(Attack { energy_required: [Fire], title: "Tongue Whip", fixed_damage: 0, effect:...
8	km3	9	296	state	31	ON THE BOARD	ON THE BOARD	no				{"coin_queued_offered": [31], "coin_queued_offered_any": [31]}	
8	km3	9	297	lookahead	91	LOOKAHEAD ONLY, both halves hold	LOOKAHEAD ONLY, both halves hold	no	{"cut": null, "free": true, "queued": 1}	{"cut": null, "free": true, "queued": 1, "truncated": false}	{"built": null}	{}	Attack(Attack { energy_required: [Fire], title: "Tongue Whip", fixed_damage: 0, effect:...
8	km3	9	300	state	57	ON THE BOARD	ON THE BOARD	no				{"coin_queued_offered": [57], "coin_queued_offered_any": [57]}	
8	km3	9	306	state	16	ON THE BOARD	ON THE BOARD	no				{"coin_queued_offered": [16], "coin_queued_offered_any": [16]}	
8	km3	9	309	state	42	ON THE BOARD	ON THE BOARD	no				{"coin_queued_offered": [42], "coin_queued_offered_any": [42]}	
8	km3	9	315	lookahead	42	LOOKAHEAD ONLY, both halves hold	LOOKAHEAD ONLY, both halves hold	no	{"cut": null, "free": false, "queued": 2}	{"cut": null, "free": false, "queued": 2, "truncated": false}	{"built": null}	{}	Retreat(3) ; Attack(Attack { energy_required: [Fire], title: "Tongue Whip", fixed_damage: 0, effect:...
8	km3	9	317	state	59	ON THE BOARD	ON THE BOARD	no				{"coin_queued_offered": [59], "coin_queued_offered_any": [59]}	
8	km3	9	318	state	27	ON THE BOARD	ON THE BOARD	no				{"coin_queued_offered": [27], "coin_queued_offered_any": [27]}	
8	km3	9	319	state	77	ON THE BOARD	ON THE BOARD	no				{"coin_queued_offered": [77], "coin_queued_offered_any": [77]}	
8	km3	9	321	state	54	ON THE BOARD	ON THE BOARD	no				{"coin_queued_offered": [54], "coin_queued_offered_any": [54]}	
8	km3	9	323	state	26	ON THE BOARD	ON THE BOARD	no				{"coin_queued_offered": [26], "coin_queued_offered_any": [26]}	
8	km3	9	327	lookahead	105	LOOKAHEAD ONLY, both halves hold	LOOKAHEAD ONLY, both halves hold	no	{"cut": null, "free": true, "queued": 1}	{"cut": null, "free": true, "queued": 1, "truncated": false}	{"built": null}	{}	Attack(Attack { energy_required: [Fire], title: "Tongue Whip", fixed_damage: 0, effect:...
8	km3	9	329	lookahead	91	LOOKAHEAD ONLY, both halves hold	LOOKAHEAD ONLY, both halves hold	no	{"cut": null, "free": true, "queued": 3}	{"cut": null, "free": true, "queued": 3, "truncated": false}	{"built": null}	{}	Attach { attachments: [(1, Fire, 1)], is_turn_energy: true } ; Retreat(1) ; Attack(Attack { energy_required: [Fire], title: "Tongue Whip", fixed_damage: 0, effect:...
8	km3	9	332	state	36	ON THE BOARD	ON THE BOARD	no				{"coin_queued_offered": [36], "coin_queued_offered_any": [36]}	
8	km3	9	334	state	67	ON THE BOARD	ON THE BOARD	no				{"coin_queued_offered": [67], "coin_queued_offered_any": [67]}	
8	km3	9	336	state	21	ON THE BOARD	ON THE BOARD	no				{"coin_queued_offered": [21], "coin_queued_offered_any": [21]}	
8	km3	9	339	state	33	ON THE BOARD	ON THE BOARD	no				{"coin_queued_offered": [33], "coin_queued_offered_any": [33]}	
8	km3	9	341	state	14	ON THE BOARD	ON THE BOARD	no				{"coin_queued_offered": [14], "coin_queued_offered_any": [14]}	
8	km3	9	343	state	54	ON THE BOARD	ON THE BOARD	no				{"coin_queued_offered": [54], "coin_queued_offered_any": [54]}	
8	km3	9	347	state	82	ON THE BOARD	ON THE BOARD	no				{"coin_queued_offered": [82], "coin_queued_offered_any": [82]}	
8	km3	9	348	lookahead	49	LOOKAHEAD ONLY, both halves hold	LOOKAHEAD ONLY, both halves hold	no	{"cut": null, "free": false, "queued": 2}	{"cut": null, "free": false, "queued": 2, "truncated": false}	{"built": null}	{}	Retreat(2) ; Attack(Attack { energy_required: [Fire], title: "Tongue Whip", fixed_damage: 0, effect:...
8	km3	9	352	state	72	ON THE BOARD	ON THE BOARD	no				{"coin_queued_offered": [72], "coin_queued_offered_any": [72]}	
8	km3	9	354	state	29	ON THE BOARD	ON THE BOARD	no				{"coin_queued_offered": [29], "coin_queued_offered_any": [29]}	
8	km3	9	356	lookahead	11	LOOKAHEAD ONLY, both halves hold	LOOKAHEAD ONLY, both halves hold	no	{"cut": null, "free": true, "queued": 1}	{"cut": null, "free": true, "queued": 1, "truncated": false}	{"built": null}	{}	Attack(Attack { energy_required: [Fire], title: "Tongue Whip", fixed_damage: 0, effect:...
8	km3	9	359	lookahead	10	LOOKAHEAD ONLY, both halves hold	LOOKAHEAD ONLY, both halves hold	no	{"cut": null, "free": true, "queued": 2}	{"cut": null, "free": true, "queued": 2, "truncated": false}	{"built": null}	{}	Attach { attachments: [(1, Fire, 0)], is_turn_energy: true } ; Attack(Attack { energy_required: [Fire], title: "Tongue Whip", fixed_damage: 0, effect:...
8	km3	9	360	state	34	ON THE BOARD	ON THE BOARD	no				{"coin_queued_offered": [34], "coin_queued_offered_any": [34]}	
8	km3	9	362	lookahead	90	LOOKAHEAD ONLY, both halves hold	LOOKAHEAD ONLY, both halves hold	no	{"cut": null, "free": false, "queued": 2}	{"cut": null, "free": false, "queued": 2, "truncated": false}	{"built": null}	{}	Retreat(1) ; Attack(Attack { energy_required: [Fire], title: "Tongue Whip", fixed_damage: 0, effect:...
8	km3	9	368	state	114	ON THE BOARD	ON THE BOARD	no				{"coin_queued_offered": [114], "coin_queued_offered_any": [114]}	
8	km3	9	369	state	74	ON THE BOARD	ON THE BOARD	no				{"coin_queued_offered": [74], "coin_queued_offered_any": [74]}	
8	km3	9	370	lookahead	9	LOOKAHEAD ONLY, both halves hold	LOOKAHEAD ONLY, both halves hold	no	{"cut": null, "free": true, "queued": 2}	{"cut": null, "free": true, "queued": 2, "truncated": false}	{"built": null}	{}	Attach { attachments: [(1, Fire, 0)], is_turn_energy: true } ; Attack(Attack { energy_required: [Fire], title: "Tongue Whip", fixed_damage: 0, effect:...
8	km3	9	372	state	22	ON THE BOARD	ON THE BOARD	no				{"coin_queued_offered": [22], "coin_queued_offered_any": [22]}	
8	km3	9	376	state	14	ON THE BOARD	ON THE BOARD	no				{"coin_queued_offered": [14], "coin_queued_offered_any": [14]}	
8	km3	9	377	state	16	ON THE BOARD	ON THE BOARD	no				{"coin_queued_offered": [16], "coin_queued_offered_any": [16]}	
8	km3	9	378	state	40	ON THE BOARD	ON THE BOARD	no				{"coin_queued_offered": [40], "coin_queued_offered_any": [40]}	
8	km3	9	381	state	67	ON THE BOARD	ON THE BOARD	no				{"coin_queued_offered": [67], "coin_queued_offered_any": [67]}	
8	km3	9	385	lookahead	30	LOOKAHEAD ONLY, both halves hold	LOOKAHEAD ONLY, both halves hold	no	{"cut": null, "free": true, "queued": 3}	{"cut": null, "free": true, "queued": 3, "truncated": false}	{"built": null}	{}	Attach { attachments: [(1, Fire, 1)], is_turn_energy: true } ; Retreat(1) ; Attack(Attack { energy_required: [Fire], title: "Tongue Whip", fixed_damage: 0, effect:...
8	km3	9	387	state	45	ON THE BOARD	ON THE BOARD	no				{"coin_queued_offered": [45], "coin_queued_offered_any": [45]}	
8	km3	9	388	state	54	ON THE BOARD	ON THE BOARD	no				{"coin_queued_offered": [54], "coin_queued_offered_any": [54]}	
8	km3	9	391	lookahead	54	LOOKAHEAD ONLY, both halves hold	LOOKAHEAD ONLY, both halves hold	no	{"cut": null, "free": false, "queued": 2}	{"cut": null, "free": false, "queued": 2, "truncated": false}	{"built": null}	{}	Retreat(2) ; Attack(Attack { energy_required: [Fire], title: "Tongue Whip", fixed_damage: 0, effect:...
8	km3	9	392	state	17	ON THE BOARD	ON THE BOARD	no				{"coin_queued_offered": [17], "coin_queued_offered_any": [17]}	
8	km3	9	398	lookahead	78	LOOKAHEAD ONLY, both halves hold	LOOKAHEAD ONLY, both halves hold	no	{"cut": null, "free": false, "queued": 1}	{"cut": null, "free": false, "queued": 1, "truncated": false}	{"built": null}	{}	Attack(Attack { energy_required: [Fire], title: "Tongue Whip", fixed_damage: 0, effect:...
8	km3	9	403	state	34	ON THE BOARD	ON THE BOARD	no				{"coin_queued_offered": [34], "coin_queued_offered_any": [34]}	
8	km3	9	404	state	23	ON THE BOARD	ON THE BOARD	no				{"coin_queued_offered": [23], "coin_queued_offered_any": [23]}	
8	km3	9	406	state	14	ON THE BOARD	ON THE BOARD	no				{"coin_queued_offered": [14], "coin_queued_offered_any": [14]}	
8	km3	9	409	state	37	ON THE BOARD	ON THE BOARD	no				{"coin_queued_offered": [37], "coin_queued_offered_any": [37]}	
8	km3	9	411	state	26	ON THE BOARD	ON THE BOARD	no				{"coin_queued_offered": [26], "coin_queued_offered_any": [26]}	
8	km3	9	426	state	103	ON THE BOARD	ON THE BOARD	no				{"coin_queued_offered": [103], "coin_queued_offered_any": [103]}	
8	km3	9	429	state	15	ON THE BOARD	ON THE BOARD	no				{"coin_queued_offered": [15], "coin_queued_offered_any": [15]}	
8	km3	9	430	state	36	ON THE BOARD	ON THE BOARD	no				{"coin_queued_offered": [36], "coin_queued_offered_any": [36]}	
8	km3	9	432	state	31	ON THE BOARD	ON THE BOARD	no				{"coin_queued_offered": [31], "coin_queued_offered_any": [31]}	
8	km3	9	435	state	72	ON THE BOARD	ON THE BOARD	no				{"coin_queued_offered": [72], "coin_queued_offered_any": [72]}	
8	km3	9	437	state	29	ON THE BOARD	ON THE BOARD	no				{"coin_queued_offered": [29], "coin_queued_offered_any": [29]}	
8	km3	9	440	lookahead	21	LOOKAHEAD ONLY, both halves hold	LOOKAHEAD ONLY, both halves hold	no	{"cut": null, "free": true, "queued": 2}	{"cut": null, "free": true, "queued": 2, "truncated": false}	{"built": null}	{}	Attach { attachments: [(1, Fire, 0)], is_turn_energy: true } ; Attack(Attack { energy_required: [Fire], title: "Tongue Whip", fixed_damage: 0, effect:...
8	km3	9	441	state	41	ON THE BOARD	ON THE BOARD	no				{"coin_queued_offered": [41], "coin_queued_offered_any": [41]}	
8	km3	9	442	state	15	ON THE BOARD	ON THE BOARD	no				{"coin_queued_offered": [15], "coin_queued_offered_any": [15]}	
8	km3	9	445	state	15	ON THE BOARD	ON THE BOARD	no				{"coin_queued_offered": [15], "coin_queued_offered_any": [15]}	
8	km3	9	446	lookahead	72	LOOKAHEAD ONLY, both halves hold	LOOKAHEAD ONLY, both halves hold	no	{"cut": null, "free": true, "queued": 2}	{"cut": null, "free": true, "queued": 2, "truncated": false}	{"built": null}	{}	Play { trainer_card: B1 217 Flame Patch } ; Attack(Attack { energy_required: [Fire], title: "Tongue Whip", fixed_damage: 0, effect:...
8	km3	9	447	state	39	ON THE BOARD	ON THE BOARD	no				{"coin_queued_offered": [39], "coin_queued_offered_any": [39]}	
8	km3	9	449	lookahead	20	LOOKAHEAD ONLY, both halves hold	LOOKAHEAD ONLY, both halves hold	no	{"cut": null, "free": true, "queued": 2}	{"cut": null, "free": true, "queued": 2, "truncated": false}	{"built": null}	{}	Attach { attachments: [(1, Fire, 0)], is_turn_energy: true } ; Attack(Attack { energy_required: [Fire], title: "Tongue Whip", fixed_damage: 0, effect:...
8	km3	9	452	state	15	ON THE BOARD	ON THE BOARD	no				{"coin_queued_offered": [15], "coin_queued_offered_any": [15]}	
8	km3	9	456	state	19	ON THE BOARD	ON THE BOARD	no				{"coin_queued_offered": [19], "coin_queued_offered_any": [19]}	
8	km3	9	457	lookahead	43	LOOKAHEAD ONLY, both halves hold	LOOKAHEAD ONLY, both halves hold	no	{"cut": null, "free": false, "queued": 2}	{"cut": null, "free": false, "queued": 2, "truncated": false}	{"built": null}	{}	Retreat(3) ; Attack(Attack { energy_required: [Fire], title: "Tongue Whip", fixed_damage: 0, effect:...
8	km3	9	459	state	49	ON THE BOARD	ON THE BOARD	no				{"coin_queued_offered": [49], "coin_queued_offered_any": [49]}	
8	km3	9	461	lookahead	105	LOOKAHEAD ONLY, both halves hold	LOOKAHEAD ONLY, both halves hold	no	{"cut": null, "free": true, "queued": 3}	{"cut": null, "free": true, "queued": 3, "truncated": false}	{"built": null}	{}	Attach { attachments: [(1, Fire, 3)], is_turn_energy: true } ; Retreat(3) ; Attack(Attack { energy_required: [Fire], title: "Tongue Whip", fixed_damage: 0, effect:...
8	km3	9	464	lookahead	107	LOOKAHEAD ONLY, both halves hold	LOOKAHEAD ONLY, both halves hold	no	{"cut": null, "free": true, "queued": 3}	{"cut": null, "free": true, "queued": 3, "truncated": false}	{"built": null}	{}	Attach { attachments: [(1, Fire, 2)], is_turn_energy: true } ; Retreat(2) ; Attack(Attack { energy_required: [Fire], title: "Tongue Whip", fixed_damage: 0, effect:...
8	km3	9	468	state	31	ON THE BOARD	ON THE BOARD	no				{"coin_queued_offered": [31], "coin_queued_offered_any": [31]}	
8	km3	9	470	state	26	ON THE BOARD	ON THE BOARD	no				{"coin_queued_offered": [26], "coin_queued_offered_any": [26]}	
8	km3	9	473	lookahead	15	LOOKAHEAD ONLY, both halves hold	LOOKAHEAD ONLY, both halves hold	no	{"cut": null, "free": true, "queued": 1}	{"cut": null, "free": true, "queued": 1, "truncated": false}	{"built": null}	{}	Attack(Attack { energy_required: [Fire], title: "Tongue Whip", fixed_damage: 0, effect:...
8	km3	9	474	lookahead	11	LOOKAHEAD ONLY, both halves hold	LOOKAHEAD ONLY, both halves hold	no	{"cut": null, "free": true, "queued": 2}	{"cut": null, "free": true, "queued": 2, "truncated": false}	{"built": null}	{}	Attach { attachments: [(1, Fire, 0)], is_turn_energy: true } ; Attack(Attack { energy_required: [Fire], title: "Tongue Whip", fixed_damage: 0, effect:...
8	km3	9	483	state	15	ON THE BOARD	ON THE BOARD	no				{"coin_queued_offered": [15], "coin_queued_offered_any": [15]}	
8	km3	9	487	lookahead	28	LOOKAHEAD ONLY, both halves hold	LOOKAHEAD ONLY, both halves hold	no	{"cut": null, "free": false, "queued": 1}	{"cut": null, "free": false, "queued": 1, "truncated": false}	{"built": null}	{}	Attack(Attack { energy_required: [Fire], title: "Tongue Whip", fixed_damage: 0, effect:...
8	km3	9	489	state	36	ON THE BOARD	ON THE BOARD	no				{"coin_queued_offered": [36], "coin_queued_offered_any": [36]}	
8	km3	9	491	lookahead	54	LOOKAHEAD ONLY, both halves hold	LOOKAHEAD ONLY, both halves hold	no	{"cut": null, "free": true, "queued": 1}	{"cut": null, "free": true, "queued": 1, "truncated": false}	{"built": null}	{}	Attack(Attack { energy_required: [Fire], title: "Tongue Whip", fixed_damage: 0, effect:...
8	km3	9	494	state	14	ON THE BOARD	ON THE BOARD	no				{"coin_queued_offered": [14], "coin_queued_offered_any": [14]}	
8	km3	9	495	state	46	ON THE BOARD	ON THE BOARD	no				{"coin_queued_offered": [46], "coin_queued_offered_any": [46]}	
8	km3	9	499	state	40	ON THE BOARD	ON THE BOARD	no				{"coin_queued_offered": [40], "coin_queued_offered_any": [40]}	
8	k3	9	1	state	73	ON THE BOARD	ON THE BOARD	no				{"coin_queued_offered": [73], "coin_queued_offered_any": [73]}	
8	k3	9	3	state	20	ON THE BOARD	ON THE BOARD	no				{"coin_queued_offered": [20], "coin_queued_offered_any": [20]}	
8	k3	9	7	state	94	ON THE BOARD	ON THE BOARD	no				{"coin_queued_offered": [94], "coin_queued_offered_any": [94]}	
8	k3	9	9	state	33	ON THE BOARD	ON THE BOARD	no				{"coin_queued_offered": [33], "coin_queued_offered_any": [33]}	
8	k3	9	11	state	14	ON THE BOARD	ON THE BOARD	no				{"coin_queued_offered": [14], "coin_queued_offered_any": [14]}	
8	k3	9	13	state	24	ON THE BOARD	ON THE BOARD	no				{"coin_queued_offered": [24], "coin_queued_offered_any": [24]}	
8	k3	9	15	state	14	ON THE BOARD	ON THE BOARD	no				{"coin_queued_offered": [14], "coin_queued_offered_any": [14]}	
8	k3	9	16	state	34	ON THE BOARD	ON THE BOARD	no				{"coin_queued_offered": [34], "coin_queued_offered_any": [34]}	
8	k3	9	22	state	24	ON THE BOARD	ON THE BOARD	no				{"coin_queued_offered": [24], "coin_queued_offered_any": [24]}	
8	k3	9	24	state	55	ON THE BOARD	ON THE BOARD	no				{"coin_queued_offered": [55], "coin_queued_offered_any": [55]}	
8	k3	9	27	lookahead	21	LOOKAHEAD ONLY, both halves hold	LOOKAHEAD ONLY, both halves hold	no	{"cut": null, "free": true, "queued": 2}	{"cut": null, "free": true, "queued": 2, "truncated": false}	{"built": null}	{}	Attach { attachments: [(1, Fire, 0)], is_turn_energy: true } ; Attack(Attack { energy_required: [Fire], title: "Tongue Whip", fixed_damage: 0, effect:...
8	k3	9	31	lookahead	49	LOOKAHEAD ONLY, both halves hold	LOOKAHEAD ONLY, both halves hold	no	{"cut": null, "free": false, "queued": 1}	{"cut": null, "free": false, "queued": 1, "truncated": false}	{"built": null}	{}	Attack(Attack { energy_required: [Fire], title: "Tongue Whip", fixed_damage: 0, effect:...
8	k3	9	32	state	46	ON THE BOARD	ON THE BOARD	no				{"coin_queued_offered": [46], "coin_queued_offered_any": [46]}	
8	k3	9	33	state	18	ON THE BOARD	ON THE BOARD	no				{"coin_queued_offered": [18], "coin_queued_offered_any": [18]}	
8	k3	9	34	lookahead	97	LOOKAHEAD ONLY, both halves hold	LOOKAHEAD ONLY, both halves hold	no	{"cut": null, "free": true, "queued": 3}	{"cut": null, "free": true, "queued": 3, "truncated": false}	{"built": null}	{}	Attach { attachments: [(1, Fire, 2)], is_turn_energy: true } ; Retreat(2) ; Attack(Attack { energy_required: [Fire], title: "Tongue Whip", fixed_damage: 0, effect:...
8	k3	9	38	state	57	ON THE BOARD	ON THE BOARD	no				{"coin_queued_offered": [57], "coin_queued_offered_any": [57]}	
8	k3	9	46	state	16	ON THE BOARD	ON THE BOARD	no				{"coin_queued_offered": [16], "coin_queued_offered_any": [16]}	
8	k3	9	51	state	18	ON THE BOARD	ON THE BOARD	no				{"coin_queued_offered": [18], "coin_queued_offered_any": [18]}	
8	k3	9	52	state	46	ON THE BOARD	ON THE BOARD	no				{"coin_queued_offered": [46], "coin_queued_offered_any": [46]}	
8	k3	9	53	lookahead	87	LOOKAHEAD ONLY, both halves hold	LOOKAHEAD ONLY, both halves hold	no	{"cut": null, "free": true, "queued": 3}	{"cut": null, "free": true, "queued": 3, "truncated": false}	{"built": null}	{}	Attach { attachments: [(1, Fire, 3)], is_turn_energy: true } ; Retreat(3) ; Attack(Attack { energy_required: [Fire], title: "Tongue Whip", fixed_damage: 0, effect:...
8	k3	9	57	state	22	ON THE BOARD	ON THE BOARD	no				{"coin_queued_offered": [22], "coin_queued_offered_any": [22]}	
8	k3	9	60	lookahead	106	LOOKAHEAD ONLY, both halves hold	LOOKAHEAD ONLY, both halves hold	no	{"cut": null, "free": true, "queued": 3}	{"cut": null, "free": true, "queued": 3, "truncated": false}	{"built": null}	{}	Attach { attachments: [(1, Fire, 2)], is_turn_energy: true } ; Retreat(2) ; Attack(Attack { energy_required: [Fire], title: "Tongue Whip", fixed_damage: 0, effect:...
8	k3	9	65	state	113	ON THE BOARD	ON THE BOARD	no				{"coin_queued_offered": [113], "coin_queued_offered_any": [113]}	
8	k3	9	66	lookahead	10	LOOKAHEAD ONLY, both halves hold	LOOKAHEAD ONLY, both halves hold	no	{"cut": null, "free": true, "queued": 2}	{"cut": null, "free": true, "queued": 2, "truncated": false}	{"built": null}	{}	Attach { attachments: [(1, Fire, 0)], is_turn_energy: true } ; Attack(Attack { energy_required: [Fire], title: "Tongue Whip", fixed_damage: 0, effect:...
8	k3	9	67	lookahead	10	LOOKAHEAD ONLY, both halves hold	LOOKAHEAD ONLY, both halves hold	no	{"cut": null, "free": true, "queued": 2}	{"cut": null, "free": true, "queued": 2, "truncated": false}	{"built": null}	{}	Attach { attachments: [(1, Fire, 0)], is_turn_energy: true } ; Attack(Attack { energy_required: [Fire], title: "Tongue Whip", fixed_damage: 0, effect:...
8	k3	9	70	state	112	ON THE BOARD	ON THE BOARD	no				{"coin_queued_offered": [112], "coin_queued_offered_any": [112]}	
8	k3	9	71	state	34	ON THE BOARD	ON THE BOARD	no				{"coin_queued_offered": [34], "coin_queued_offered_any": [34]}	
8	k3	9	72	lookahead	42	LOOKAHEAD ONLY, both halves hold	LOOKAHEAD ONLY, both halves hold	no	{"cut": null, "free": false, "queued": 2}	{"cut": null, "free": false, "queued": 2, "truncated": false}	{"built": null}	{}	Retreat(3) ; Attack(Attack { energy_required: [Fire], title: "Tongue Whip", fixed_damage: 0, effect:...
8	k3	9	75	lookahead	37	LOOKAHEAD ONLY, both halves hold	LOOKAHEAD ONLY, both halves hold	no	{"cut": null, "free": true, "queued": 1}	{"cut": null, "free": true, "queued": 1, "truncated": false}	{"built": null}	{}	Attack(Attack { energy_required: [Fire], title: "Tongue Whip", fixed_damage: 0, effect:...
8	k3	9	76	state	40	ON THE BOARD	ON THE BOARD	no				{"coin_queued_offered": [40], "coin_queued_offered_any": [40]}	
8	k3	9	81	state	21	ON THE BOARD	ON THE BOARD	no				{"coin_queued_offered": [21], "coin_queued_offered_any": [21]}	
8	k3	9	86	lookahead	29	LOOKAHEAD ONLY, both halves hold	LOOKAHEAD ONLY, both halves hold	no	{"cut": null, "free": true, "queued": 2}	{"cut": null, "free": true, "queued": 2, "truncated": false}	{"built": null}	{}	Attach { attachments: [(1, Fire, 0)], is_turn_energy: true } ; Attack(Attack { energy_required: [Fire], title: "Tongue Whip", fixed_damage: 0, effect:...
8	k3	9	87	state	87	ON THE BOARD	ON THE BOARD	no				{"coin_queued_offered": [87], "coin_queued_offered_any": [87]}	
8	k3	9	90	state	20	ON THE BOARD	ON THE BOARD	no				{"coin_queued_offered": [20], "coin_queued_offered_any": [20]}	
8	k3	9	93	lookahead	41	LOOKAHEAD ONLY, both halves hold	LOOKAHEAD ONLY, both halves hold	no	{"cut": null, "free": false, "queued": 2}	{"cut": null, "free": false, "queued": 2, "truncated": false}	{"built": null}	{}	Retreat(2) ; Attack(Attack { energy_required: [Fire], title: "Tongue Whip", fixed_damage: 0, effect:...
8	k3	9	96	lookahead	10	LOOKAHEAD ONLY, both halves hold	LOOKAHEAD ONLY, both halves hold	no	{"cut": null, "free": true, "queued": 1}	{"cut": null, "free": true, "queued": 1, "truncated": false}	{"built": null}	{}	Attack(Attack { energy_required: [Fire], title: "Tongue Whip", fixed_damage: 0, effect:...
8	k3	9	97	lookahead	10	LOOKAHEAD ONLY, both halves hold	LOOKAHEAD ONLY, both halves hold	no	{"cut": null, "free": true, "queued": 2}	{"cut": null, "free": true, "queued": 2, "truncated": false}	{"built": null}	{}	Attach { attachments: [(1, Fire, 0)], is_turn_energy: true } ; Attack(Attack { energy_required: [Fire], title: "Tongue Whip", fixed_damage: 0, effect:...
8	k3	9	98	lookahead	29	LOOKAHEAD ONLY, both halves hold	LOOKAHEAD ONLY, both halves hold	no	{"cut": null, "free": true, "queued": 2}	{"cut": null, "free": true, "queued": 2, "truncated": false}	{"built": null}	{}	Play { trainer_card: B1 217 Flame Patch } ; Attack(Attack { energy_required: [Fire], title: "Tongue Whip", fixed_damage: 0, effect:...
8	k3	9	99	state	17	ON THE BOARD	ON THE BOARD	no				{"coin_queued_offered": [17], "coin_queued_offered_any": [17]}	
8	k3	9	103	state	17	ON THE BOARD	ON THE BOARD	no				{"coin_queued_offered": [17], "coin_queued_offered_any": [17]}	
8	k3	9	104	state	22	ON THE BOARD	ON THE BOARD	no				{"coin_queued_offered": [22], "coin_queued_offered_any": [22]}	
8	k3	9	105	state	40	ON THE BOARD	ON THE BOARD	no				{"coin_queued_offered": [40], "coin_queued_offered_any": [40]}	
8	k3	9	110	lookahead	43	LOOKAHEAD ONLY, both halves hold	LOOKAHEAD ONLY, both halves hold	no	{"cut": null, "free": false, "queued": 1}	{"cut": null, "free": false, "queued": 1, "truncated": false}	{"built": null}	{}	Attack(Attack { energy_required: [Fire], title: "Tongue Whip", fixed_damage: 0, effect:...
8	k3	9	113	lookahead	13	LOOKAHEAD ONLY, both halves hold	LOOKAHEAD ONLY, both halves hold	no	{"cut": null, "free": true, "queued": 3}	{"cut": null, "free": true, "queued": 3, "truncated": false}	{"built": null}	{}	Retreat(3) ; Play { trainer_card: B1 217 Flame Patch } ; Attack(Attack { energy_required: [Fire], title: "Tongue Whip", fixed_damage: 0, effect:...
8	k3	9	116	state	24	ON THE BOARD	ON THE BOARD	no				{"coin_queued_offered": [24], "coin_queued_offered_any": [24]}	
8	k3	9	117	lookahead	22	LOOKAHEAD ONLY, both halves hold	LOOKAHEAD ONLY, both halves hold	no	{"cut": null, "free": true, "queued": 2}	{"cut": null, "free": true, "queued": 2, "truncated": false}	{"built": null}	{}	Play { trainer_card: B1 217 Flame Patch } ; Attack(Attack { energy_required: [Fire], title: "Tongue Whip", fixed_damage: 0, effect:...
8	k3	9	120	lookahead	47	LOOKAHEAD ONLY, both halves hold	LOOKAHEAD ONLY, both halves hold	no	{"cut": null, "free": true, "queued": 2}	{"cut": null, "free": true, "queued": 2, "truncated": false}	{"built": null}	{}	Retreat(3) ; Attack(Attack { energy_required: [Fire], title: "Tongue Whip", fixed_damage: 0, effect:...
8	k3	9	123	state	34	ON THE BOARD	ON THE BOARD	no				{"coin_queued_offered": [34], "coin_queued_offered_any": [34]}	
8	k3	9	125	state	16	ON THE BOARD	ON THE BOARD	no				{"coin_queued_offered": [16], "coin_queued_offered_any": [16]}	
8	k3	9	128	state	18	ON THE BOARD	ON THE BOARD	no				{"coin_queued_offered": [18], "coin_queued_offered_any": [18]}	
8	k3	9	129	lookahead	11	LOOKAHEAD ONLY, both halves hold	LOOKAHEAD ONLY, both halves hold	no	{"cut": null, "free": true, "queued": 2}	{"cut": null, "free": true, "queued": 2, "truncated": false}	{"built": null}	{}	Attach { attachments: [(1, Fire, 0)], is_turn_energy: true } ; Attack(Attack { energy_required: [Fire], title: "Tongue Whip", fixed_damage: 0, effect:...
8	k3	9	130	state	75	ON THE BOARD	ON THE BOARD	no				{"coin_queued_offered": [75], "coin_queued_offered_any": [75]}	
8	k3	9	133	state	17	ON THE BOARD	ON THE BOARD	no				{"coin_queued_offered": [17], "coin_queued_offered_any": [17]}	
8	k3	9	140	state	61	ON THE BOARD	ON THE BOARD	no				{"coin_queued_offered": [61], "coin_queued_offered_any": [61]}	
8	k3	9	142	lookahead	92	LOOKAHEAD ONLY, both halves hold	LOOKAHEAD ONLY, both halves hold	no	{"cut": null, "free": true, "queued": 3}	{"cut": null, "free": true, "queued": 3, "truncated": false}	{"built": null}	{}	Attach { attachments: [(1, Fire, 1)], is_turn_energy: true } ; Retreat(1) ; Attack(Attack { energy_required: [Fire], title: "Tongue Whip", fixed_damage: 0, effect:...
8	k3	9	145	state	57	ON THE BOARD	ON THE BOARD	no				{"coin_queued_offered": [57], "coin_queued_offered_any": [57]}	
8	k3	9	148	state	20	ON THE BOARD	ON THE BOARD	no				{"coin_queued_offered": [20], "coin_queued_offered_any": [20]}	
8	k3	9	154	state	62	ON THE BOARD	ON THE BOARD	no				{"coin_queued_offered": [62], "coin_queued_offered_any": [62]}	
8	k3	9	156	lookahead	115	LOOKAHEAD ONLY, both halves hold	LOOKAHEAD ONLY, both halves hold	no	{"cut": null, "free": true, "queued": 3}	{"cut": null, "free": true, "queued": 3, "truncated": false}	{"built": null}	{}	Attach { attachments: [(1, Fire, 2)], is_turn_energy: true } ; Retreat(2) ; Attack(Attack { energy_required: [Fire], title: "Tongue Whip", fixed_damage: 0, effect:...
8	k3	9	158	state	16	ON THE BOARD	ON THE BOARD	no				{"coin_queued_offered": [16], "coin_queued_offered_any": [16]}	
8	k3	9	163	state	19	ON THE BOARD	ON THE BOARD	no				{"coin_queued_offered": [19], "coin_queued_offered_any": [19]}	
8	k3	9	164	state	13	ON THE BOARD	ON THE BOARD	no				{"coin_queued_offered": [13], "coin_queued_offered_any": [13]}	
8	k3	9	171	state	15	ON THE BOARD	ON THE BOARD	no				{"coin_queued_offered": [15], "coin_queued_offered_any": [15]}	
8	k3	9	172	lookahead	13	LOOKAHEAD ONLY, both halves hold	LOOKAHEAD ONLY, both halves hold	no	{"cut": null, "free": true, "queued": 2}	{"cut": null, "free": true, "queued": 2, "truncated": false}	{"built": null}	{}	Attach { attachments: [(1, Fire, 0)], is_turn_energy: true } ; Attack(Attack { energy_required: [Fire], title: "Tongue Whip", fixed_damage: 0, effect:...
8	k3	9	173	state	18	ON THE BOARD	ON THE BOARD	no				{"coin_queued_offered": [18], "coin_queued_offered_any": [18]}	
8	k3	9	179	state	73	ON THE BOARD	ON THE BOARD	no				{"coin_queued_offered": [73], "coin_queued_offered_any": [73]}	
8	k3	9	182	lookahead	11	LOOKAHEAD ONLY, both halves hold	LOOKAHEAD ONLY, both halves hold	no	{"cut": null, "free": true, "queued": 2}	{"cut": null, "free": true, "queued": 2, "truncated": false}	{"built": null}	{}	Attach { attachments: [(1, Fire, 0)], is_turn_energy: true } ; Attack(Attack { energy_required: [Fire], title: "Tongue Whip", fixed_damage: 0, effect:...
8	k3	9	183	state	46	ON THE BOARD	ON THE BOARD	no				{"coin_queued_offered": [46], "coin_queued_offered_any": [46]}	
8	k3	9	185	lookahead	11	LOOKAHEAD ONLY, both halves hold	LOOKAHEAD ONLY, both halves hold	no	{"cut": null, "free": true, "queued": 2}	{"cut": null, "free": true, "queued": 2, "truncated": false}	{"built": null}	{}	Attach { attachments: [(1, Fire, 0)], is_turn_energy: true } ; Attack(Attack { energy_required: [Fire], title: "Tongue Whip", fixed_damage: 0, effect:...
8	k3	9	193	state	52	ON THE BOARD	ON THE BOARD	no				{"coin_queued_offered": [52], "coin_queued_offered_any": [52]}	
8	k3	9	195	lookahead	12	LOOKAHEAD ONLY, both halves hold	LOOKAHEAD ONLY, both halves hold	no	{"cut": null, "free": true, "queued": 2}	{"cut": null, "free": true, "queued": 2, "truncated": false}	{"built": null}	{}	Attach { attachments: [(1, Fire, 0)], is_turn_energy: true } ; Attack(Attack { energy_required: [Fire], title: "Tongue Whip", fixed_damage: 0, effect:...
8	k3	9	197	lookahead	12	LOOKAHEAD ONLY, both halves hold	LOOKAHEAD ONLY, both halves hold	no	{"cut": null, "free": true, "queued": 2}	{"cut": null, "free": true, "queued": 2, "truncated": false}	{"built": null}	{}	Attach { attachments: [(1, Fire, 0)], is_turn_energy: true } ; Attack(Attack { energy_required: [Fire], title: "Tongue Whip", fixed_damage: 0, effect:...
8	k3	9	198	lookahead	37	LOOKAHEAD ONLY, both halves hold	LOOKAHEAD ONLY, both halves hold	no	{"cut": null, "free": false, "queued": 1}	{"cut": null, "free": false, "queued": 1, "truncated": false}	{"built": null}	{}	Attack(Attack { energy_required: [Fire], title: "Tongue Whip", fixed_damage: 0, effect:...
8	k3	9	199	lookahead	66	LOOKAHEAD ONLY, both halves hold	LOOKAHEAD ONLY, both halves hold	no	{"cut": null, "free": false, "queued": 2}	{"cut": null, "free": false, "queued": 2, "truncated": false}	{"built": null}	{}	Retreat(3) ; Attack(Attack { energy_required: [Fire], title: "Tongue Whip", fixed_damage: 0, effect:...
8	k3	9	201	state	52	ON THE BOARD	ON THE BOARD	no				{"coin_queued_offered": [52], "coin_queued_offered_any": [52]}	
8	k3	9	202	state	16	ON THE BOARD	ON THE BOARD	no				{"coin_queued_offered": [16], "coin_queued_offered_any": [16]}	
8	k3	9	210	state	48	ON THE BOARD	ON THE BOARD	no				{"coin_queued_offered": [48], "coin_queued_offered_any": [48]}	
8	k3	9	211	lookahead	10	LOOKAHEAD ONLY, both halves hold	LOOKAHEAD ONLY, both halves hold	no	{"cut": null, "free": true, "queued": 2}	{"cut": null, "free": true, "queued": 2, "truncated": false}	{"built": null}	{}	Attach { attachments: [(1, Fire, 0)], is_turn_energy: true } ; Attack(Attack { energy_required: [Fire], title: "Tongue Whip", fixed_damage: 0, effect:...
8	k3	9	212	lookahead	75	LOOKAHEAD ONLY, both halves hold	LOOKAHEAD ONLY, both halves hold	no	{"cut": null, "free": true, "queued": 2}	{"cut": null, "free": true, "queued": 2, "truncated": false}	{"built": null}	{}	Retreat(1) ; Attack(Attack { energy_required: [Fire], title: "Tongue Whip", fixed_damage: 0, effect:...
8	k3	9	219	state	19	ON THE BOARD	ON THE BOARD	no				{"coin_queued_offered": [19], "coin_queued_offered_any": [19]}	
8	k3	9	221	lookahead	42	LOOKAHEAD ONLY, both halves hold	LOOKAHEAD ONLY, both halves hold	no	{"cut": null, "free": true, "queued": 2}	{"cut": null, "free": true, "queued": 2, "truncated": false}	{"built": null}	{}	Retreat(3) ; Attack(Attack { energy_required: [Fire], title: "Tongue Whip", fixed_damage: 0, effect:...
8	k3	9	224	lookahead	38	LOOKAHEAD ONLY, both halves hold	LOOKAHEAD ONLY, both halves hold	no	{"cut": null, "free": true, "queued": 1}	{"cut": null, "free": true, "queued": 1, "truncated": false}	{"built": null}	{}	Attack(Attack { energy_required: [Fire], title: "Tongue Whip", fixed_damage: 0, effect:...
8	k3	9	226	state	42	ON THE BOARD	ON THE BOARD	no				{"coin_queued_offered": [42], "coin_queued_offered_any": [42]}	
8	k3	9	229	state	22	ON THE BOARD	ON THE BOARD	no				{"coin_queued_offered": [22], "coin_queued_offered_any": [22]}	
8	k3	9	232	state	26	ON THE BOARD	ON THE BOARD	no				{"coin_queued_offered": [26], "coin_queued_offered_any": [26]}	
8	k3	9	242	state	13	ON THE BOARD	ON THE BOARD	no				{"coin_queued_offered": [13], "coin_queued_offered_any": [13]}	
8	k3	9	243	state	18	ON THE BOARD	ON THE BOARD	no				{"coin_queued_offered": [18], "coin_queued_offered_any": [18]}	
8	k3	9	245	lookahead	15	LOOKAHEAD ONLY, both halves hold	LOOKAHEAD ONLY, both halves hold	no	{"cut": null, "free": true, "queued": 2}	{"cut": null, "free": true, "queued": 2, "truncated": false}	{"built": null}	{}	Attach { attachments: [(1, Fire, 0)], is_turn_energy: true } ; Attack(Attack { energy_required: [Fire], title: "Tongue Whip", fixed_damage: 0, effect:...
8	k3	9	246	lookahead	70	LOOKAHEAD ONLY, both halves hold	LOOKAHEAD ONLY, both halves hold	no	{"cut": null, "free": false, "queued": 1}	{"cut": null, "free": false, "queued": 1, "truncated": false}	{"built": null}	{}	Attack(Attack { energy_required: [Fire], title: "Tongue Whip", fixed_damage: 0, effect:...
8	k3	9	247	state	87	ON THE BOARD	ON THE BOARD	no				{"coin_queued_offered": [87], "coin_queued_offered_any": [87]}	
8	k3	9	248	state	15	ON THE BOARD	ON THE BOARD	no				{"coin_queued_offered": [15], "coin_queued_offered_any": [15]}	
8	k3	9	249	state	58	ON THE BOARD	ON THE BOARD	no				{"coin_queued_offered": [58], "coin_queued_offered_any": [58]}	
8	km3	11	0	state	23	ON THE BOARD	ON THE BOARD	no				{"coin_queued_offered": [23], "coin_queued_offered_any": [23]}	
8	km3	11	2	state	71	ON THE BOARD	ON THE BOARD	no				{"coin_queued_offered": [71], "coin_queued_offered_any": [71]}	
8	km3	11	3	state	22	ON THE BOARD	ON THE BOARD	no				{"coin_queued_offered": [22], "coin_queued_offered_any": [22]}	
8	km3	11	15	state	54	ON THE BOARD	ON THE BOARD	no				{"coin_queued_offered": [54], "coin_queued_offered_any": [54]}	
8	km3	11	16	state	43	ON THE BOARD	ON THE BOARD	no				{"coin_queued_offered": [43], "coin_queued_offered_any": [43]}	
8	km3	11	17	state	70	ON THE BOARD	ON THE BOARD	no				{"coin_queued_offered": [70], "coin_queued_offered_any": [70]}	
8	km3	11	21	state	26	ON THE BOARD	ON THE BOARD	no				{"coin_queued_offered": [26], "coin_queued_offered_any": [26]}	
8	km3	11	22	lookahead	19	LOOKAHEAD ONLY, both halves hold	LOOKAHEAD ONLY, both halves hold	no	{"cut": null, "free": true, "queued": 3}	{"cut": null, "free": true, "queued": 3, "truncated": false}	{"built": null}	{}	Attach { attachments: [(1, Fighting, 3)], is_turn_energy: true } ; Retreat(3) ; Attack(Attack { energy_required: [Fighting], title: "Stretch Kick", fixed_damage: 0, ef...
8	km3	11	24	state	30	ON THE BOARD	ON THE BOARD	no				{"coin_queued_offered": [30], "coin_queued_offered_any": [30]}	
8	km3	11	27	state	21	ON THE BOARD	ON THE BOARD	no				{"coin_queued_offered": [21], "coin_queued_offered_any": [21]}	
8	km3	11	30	lookahead	10	LOOKAHEAD ONLY, both halves hold	LOOKAHEAD ONLY, both halves hold	no	{"cut": null, "free": true, "queued": 2}	{"cut": null, "free": true, "queued": 2, "truncated": false}	{"built": null}	{}	Attach { attachments: [(1, Fighting, 0)], is_turn_energy: true } ; Attack(Attack { energy_required: [Fighting], title: "Stretch Kick", fixed_damage: 0, ef...
8	km3	11	32	lookahead	36	LOOKAHEAD ONLY, both halves hold	LOOKAHEAD ONLY, both halves hold	no	{"cut": null, "free": true, "queued": 2}	{"cut": null, "free": true, "queued": 2, "truncated": false}	{"built": null}	{}	Retreat(1) ; Attack(Attack { energy_required: [Fighting], title: "Stretch Kick", fixed_damage: 0, ef...
8	km3	11	34	state	27	ON THE BOARD	ON THE BOARD	no				{"coin_queued_offered": [27], "coin_queued_offered_any": [27]}	
8	km3	11	42	state	19	ON THE BOARD	ON THE BOARD	no				{"coin_queued_offered": [19], "coin_queued_offered_any": [19]}	
8	km3	11	47	lookahead	19	LOOKAHEAD ONLY, both halves hold	LOOKAHEAD ONLY, both halves hold	no	{"cut": null, "free": true, "queued": 1}	{"cut": null, "free": true, "queued": 1, "truncated": false}	{"built": null}	{}	Attack(Attack { energy_required: [Fighting], title: "Stretch Kick", fixed_damage: 0, ef...
8	km3	11	48	state	44	ON THE BOARD	ON THE BOARD	no				{"coin_queued_offered": [44], "coin_queued_offered_any": [44]}	
8	km3	11	50	state	38	ON THE BOARD	ON THE BOARD	no				{"coin_queued_offered": [38], "coin_queued_offered_any": [38]}	
8	km3	11	51	state	15	ON THE BOARD	ON THE BOARD	no				{"coin_queued_offered": [15], "coin_queued_offered_any": [15]}	
8	km3	11	52	state	30	ON THE BOARD	ON THE BOARD	no				{"coin_queued_offered": [30], "coin_queued_offered_any": [30]}	
8	km3	11	53	lookahead	9	LOOKAHEAD ONLY, both halves hold	LOOKAHEAD ONLY, both halves hold	no	{"cut": null, "free": true, "queued": 2}	{"cut": null, "free": true, "queued": 2, "truncated": false}	{"built": null}	{}	Attach { attachments: [(1, Fighting, 0)], is_turn_energy: true } ; Attack(Attack { energy_required: [Fighting], title: "Stretch Kick", fixed_damage: 0, ef...
8	km3	11	57	state	45	ON THE BOARD	ON THE BOARD	no				{"coin_queued_offered": [45], "coin_queued_offered_any": [45]}	
8	km3	11	58	lookahead	33	LOOKAHEAD ONLY, both halves hold	LOOKAHEAD ONLY, both halves hold	no	{"cut": null, "free": true, "queued": 2}	{"cut": null, "free": true, "queued": 2, "truncated": false}	{"built": null}	{}	Retreat(2) ; Attack(Attack { energy_required: [Fighting], title: "Stretch Kick", fixed_damage: 0, ef...
8	km3	11	61	lookahead	48	LOOKAHEAD ONLY, both halves hold	LOOKAHEAD ONLY, both halves hold	no	{"cut": null, "free": false, "queued": 2}	{"cut": null, "free": false, "queued": 2, "truncated": false}	{"built": null}	{}	Retreat(2) ; Attack(Attack { energy_required: [Fighting], title: "Stretch Kick", fixed_damage: 0, ef...
8	km3	11	63	state	40	ON THE BOARD	ON THE BOARD	no				{"coin_queued_offered": [40], "coin_queued_offered_any": [40]}	
8	km3	11	67	lookahead	91	LOOKAHEAD ONLY, both halves hold	LOOKAHEAD ONLY, both halves hold	no	{"cut": null, "free": false, "queued": 2}	{"cut": null, "free": false, "queued": 2, "truncated": false}	{"built": null}	{}	Retreat(1) ; Attack(Attack { energy_required: [Fighting], title: "Stretch Kick", fixed_damage: 0, ef...
8	km3	11	70	state	31	ON THE BOARD	ON THE BOARD	no				{"coin_queued_offered": [31], "coin_queued_offered_any": [31]}	
8	km3	11	71	state	33	ON THE BOARD	ON THE BOARD	no				{"coin_queued_offered": [33], "coin_queued_offered_any": [33]}	
8	km3	11	73	state	22	ON THE BOARD	ON THE BOARD	no				{"coin_queued_offered": [22], "coin_queued_offered_any": [22]}	
8	km3	11	75	lookahead	34	LOOKAHEAD ONLY, both halves hold	LOOKAHEAD ONLY, both halves hold	no	{"cut": null, "free": true, "queued": 1}	{"cut": null, "free": true, "queued": 1, "truncated": false}	{"built": null}	{}	Attack(Attack { energy_required: [Fighting], title: "Stretch Kick", fixed_damage: 0, ef...
8	km3	11	77	state	50	ON THE BOARD	ON THE BOARD	no				{"coin_queued_offered": [50], "coin_queued_offered_any": [50]}	
8	km3	11	81	state	34	ON THE BOARD	ON THE BOARD	no				{"coin_queued_offered": [34], "coin_queued_offered_any": [34]}	
8	km3	11	83	state	29	ON THE BOARD	ON THE BOARD	no				{"coin_queued_offered": [29], "coin_queued_offered_any": [29]}	
8	km3	11	85	state	29	ON THE BOARD	ON THE BOARD	no				{"coin_queued_offered": [29], "coin_queued_offered_any": [29]}	
8	km3	11	87	state	22	ON THE BOARD	ON THE BOARD	no				{"coin_queued_offered": [22], "coin_queued_offered_any": [22]}	
8	km3	11	89	state	38	ON THE BOARD	ON THE BOARD	no				{"coin_queued_offered": [38], "coin_queued_offered_any": [38]}	
8	km3	11	91	lookahead	9	LOOKAHEAD ONLY, both halves hold	LOOKAHEAD ONLY, both halves hold	no	{"cut": null, "free": true, "queued": 2}	{"cut": null, "free": true, "queued": 2, "truncated": false}	{"built": null}	{}	Attach { attachments: [(1, Fighting, 0)], is_turn_energy: true } ; Attack(Attack { energy_required: [Fighting], title: "Stretch Kick", fixed_damage: 0, ef...
8	km3	11	92	lookahead	62	LOOKAHEAD ONLY, both halves hold	LOOKAHEAD ONLY, both halves hold	no	{"cut": null, "free": false, "queued": 1}	{"cut": null, "free": false, "queued": 1, "truncated": false}	{"built": null}	{}	Attack(Attack { energy_required: [Fighting], title: "Stretch Kick", fixed_damage: 0, ef...
8	km3	11	93	lookahead	58	LOOKAHEAD ONLY, both halves hold	LOOKAHEAD ONLY, both halves hold	no	{"cut": null, "free": false, "queued": 2}	{"cut": null, "free": false, "queued": 2, "truncated": false}	{"built": null}	{}	Retreat(2) ; Attack(Attack { energy_required: [Fighting], title: "Stretch Kick", fixed_damage: 0, ef...
8	km3	11	94	lookahead	10	LOOKAHEAD ONLY, both halves hold	LOOKAHEAD ONLY, both halves hold	no	{"cut": null, "free": true, "queued": 2}	{"cut": null, "free": true, "queued": 2, "truncated": false}	{"built": null}	{}	Attach { attachments: [(1, Fighting, 0)], is_turn_energy: true } ; Attack(Attack { energy_required: [Fighting], title: "Stretch Kick", fixed_damage: 0, ef...
8	km3	11	96	state	23	ON THE BOARD	ON THE BOARD	no				{"coin_queued_offered": [23], "coin_queued_offered_any": [23]}	
8	km3	11	98	state	16	ON THE BOARD	ON THE BOARD	no				{"coin_queued_offered": [16], "coin_queued_offered_any": [16]}	
8	km3	11	99	state	52	ON THE BOARD	ON THE BOARD	no				{"coin_queued_offered": [52], "coin_queued_offered_any": [52]}	
8	km3	11	101	state	20	ON THE BOARD	ON THE BOARD	no				{"coin_queued_offered": [20], "coin_queued_offered_any": [20]}	
8	km3	11	111	lookahead	25	LOOKAHEAD ONLY, both halves hold	LOOKAHEAD ONLY, both halves hold	no	{"cut": null, "free": true, "queued": 1}	{"cut": null, "free": true, "queued": 1, "truncated": false}	{"built": null}	{}	Attack(Attack { energy_required: [Fighting], title: "Stretch Kick", fixed_damage: 0, ef...
8	km3	11	114	state	17	ON THE BOARD	ON THE BOARD	no				{"coin_queued_offered": [17], "coin_queued_offered_any": [17]}	
8	km3	11	116	lookahead	18	LOOKAHEAD ONLY, both halves hold	LOOKAHEAD ONLY, both halves hold	no	{"cut": null, "free": true, "queued": 3}	{"cut": null, "free": true, "queued": 3, "truncated": false}	{"built": null}	{}	Attach { attachments: [(1, Fighting, 3)], is_turn_energy: true } ; Retreat(3) ; Attack(Attack { energy_required: [Fighting], title: "Stretch Kick", fixed_damage: 0, ef...
8	km3	11	117	lookahead	17	LOOKAHEAD ONLY, both halves hold	LOOKAHEAD ONLY, both halves hold	no	{"cut": null, "free": true, "queued": 2}	{"cut": null, "free": true, "queued": 2, "truncated": false}	{"built": null}	{}	Attach { attachments: [(1, Fighting, 0)], is_turn_energy: true } ; Attack(Attack { energy_required: [Fighting], title: "Stretch Kick", fixed_damage: 0, ef...
8	km3	11	118	state	28	ON THE BOARD	ON THE BOARD	no				{"coin_queued_offered": [28], "coin_queued_offered_any": [28]}	
8	km3	11	122	state	17	ON THE BOARD	ON THE BOARD	no				{"coin_queued_offered": [17], "coin_queued_offered_any": [17]}	
8	km3	11	125	state	30	ON THE BOARD	ON THE BOARD	no				{"coin_queued_offered": [30], "coin_queued_offered_any": [30]}	
8	km3	11	126	lookahead	22	LOOKAHEAD ONLY, both halves hold	LOOKAHEAD ONLY, both halves hold	no	{"cut": null, "free": true, "queued": 2}	{"cut": null, "free": true, "queued": 2, "truncated": false}	{"built": null}	{}	Attach { attachments: [(1, Fighting, 0)], is_turn_energy: true } ; Attack(Attack { energy_required: [Fighting], title: "Stretch Kick", fixed_damage: 0, ef...
8	km3	11	131	state	27	ON THE BOARD	ON THE BOARD	no				{"coin_queued_offered": [27], "coin_queued_offered_any": [27]}	
8	km3	11	132	state	28	ON THE BOARD	ON THE BOARD	no				{"coin_queued_offered": [28], "coin_queued_offered_any": [28]}	
8	km3	11	133	state	22	ON THE BOARD	ON THE BOARD	no				{"coin_queued_offered": [22], "coin_queued_offered_any": [22]}	
8	km3	11	134	state	27	ON THE BOARD	ON THE BOARD	no				{"coin_queued_offered": [27], "coin_queued_offered_any": [27]}	
8	km3	11	135	state	19	ON THE BOARD	ON THE BOARD	no				{"coin_queued_offered": [19], "coin_queued_offered_any": [19]}	
8	km3	11	136	state	24	ON THE BOARD	ON THE BOARD	no				{"coin_queued_offered": [24], "coin_queued_offered_any": [24]}	
8	km3	11	144	state	50	ON THE BOARD	ON THE BOARD	no				{"coin_queued_offered": [50], "coin_queued_offered_any": [50]}	
8	km3	11	145	state	18	ON THE BOARD	ON THE BOARD	no				{"coin_queued_offered": [18], "coin_queued_offered_any": [18]}	
8	km3	11	146	lookahead	11	LOOKAHEAD ONLY, both halves hold	LOOKAHEAD ONLY, both halves hold	no	{"cut": null, "free": true, "queued": 2}	{"cut": null, "free": true, "queued": 2, "truncated": false}	{"built": null}	{}	Attach { attachments: [(1, Fighting, 0)], is_turn_energy: true } ; Attack(Attack { energy_required: [Fighting], title: "Stretch Kick", fixed_damage: 0, ef...
8	km3	11	150	state	18	ON THE BOARD	ON THE BOARD	no				{"coin_queued_offered": [18], "coin_queued_offered_any": [18]}	
8	km3	11	151	state	23	ON THE BOARD	ON THE BOARD	no				{"coin_queued_offered": [23], "coin_queued_offered_any": [23]}	
8	km3	11	154	state	34	ON THE BOARD	ON THE BOARD	no				{"coin_queued_offered": [34], "coin_queued_offered_any": [34]}	
8	km3	11	155	state	18	ON THE BOARD	ON THE BOARD	no				{"coin_queued_offered": [18], "coin_queued_offered_any": [18]}	
8	km3	11	157	state	12	ON THE BOARD	ON THE BOARD	no				{"coin_queued_offered": [12], "coin_queued_offered_any": [12]}	
8	km3	11	159	state	26	ON THE BOARD	ON THE BOARD	no				{"coin_queued_offered": [26], "coin_queued_offered_any": [26]}	
8	km3	11	160	state	19	ON THE BOARD	ON THE BOARD	no				{"coin_queued_offered": [19], "coin_queued_offered_any": [19]}	
8	km3	11	165	lookahead	57	LOOKAHEAD ONLY, both halves hold	LOOKAHEAD ONLY, both halves hold	no	{"cut": null, "free": false, "queued": 1}	{"cut": null, "free": false, "queued": 1, "truncated": false}	{"built": null}	{}	Attack(Attack { energy_required: [Fighting], title: "Stretch Kick", fixed_damage: 0, ef...
8	km3	11	167	lookahead	37	LOOKAHEAD ONLY, both halves hold	LOOKAHEAD ONLY, both halves hold	no	{"cut": null, "free": true, "queued": 1}	{"cut": null, "free": true, "queued": 1, "truncated": false}	{"built": null}	{}	Attack(Attack { energy_required: [Fighting], title: "Stretch Kick", fixed_damage: 0, ef...
8	km3	11	169	state	12	ON THE BOARD	ON THE BOARD	no				{"coin_queued_offered": [12], "coin_queued_offered_any": [12]}	
8	km3	11	172	state	80	ON THE BOARD	ON THE BOARD	no				{"coin_queued_offered": [80], "coin_queued_offered_any": [80]}	
8	km3	11	178	state	79	ON THE BOARD	ON THE BOARD	no				{"coin_queued_offered": [79], "coin_queued_offered_any": [79]}	
8	km3	11	190	state	78	ON THE BOARD	ON THE BOARD	no				{"coin_queued_offered": [78], "coin_queued_offered_any": [78]}	
8	km3	11	192	state	30	ON THE BOARD	ON THE BOARD	no				{"coin_queued_offered": [30], "coin_queued_offered_any": [30]}	
8	km3	11	193	state	16	ON THE BOARD	ON THE BOARD	no				{"coin_queued_offered": [16], "coin_queued_offered_any": [16]}	
8	km3	11	197	state	20	ON THE BOARD	ON THE BOARD	no				{"coin_queued_offered": [20], "coin_queued_offered_any": [20]}	
8	km3	11	198	state	17	ON THE BOARD	ON THE BOARD	no				{"coin_queued_offered": [17], "coin_queued_offered_any": [17]}	
8	km3	11	200	state	39	ON THE BOARD	ON THE BOARD	no				{"coin_queued_offered": [39], "coin_queued_offered_any": [39]}	
8	km3	11	201	state	12	ON THE BOARD	ON THE BOARD	no				{"coin_queued_offered": [12], "coin_queued_offered_any": [12]}	
8	km3	11	204	state	24	ON THE BOARD	ON THE BOARD	no				{"coin_queued_offered": [24], "coin_queued_offered_any": [24]}	
8	km3	11	207	state	42	ON THE BOARD	ON THE BOARD	no				{"coin_queued_offered": [42], "coin_queued_offered_any": [42]}	
8	km3	11	208	state	50	ON THE BOARD	ON THE BOARD	no				{"coin_queued_offered": [50], "coin_queued_offered_any": [50]}	
8	km3	11	210	state	15	ON THE BOARD	ON THE BOARD	no				{"coin_queued_offered": [15], "coin_queued_offered_any": [15]}	
8	km3	11	211	lookahead	12	LOOKAHEAD ONLY, both halves hold	LOOKAHEAD ONLY, both halves hold	no	{"cut": null, "free": true, "queued": 2}	{"cut": null, "free": true, "queued": 2, "truncated": false}	{"built": null}	{}	Attach { attachments: [(1, Fighting, 0)], is_turn_energy: true } ; Attack(Attack { energy_required: [Fighting], title: "Stretch Kick", fixed_damage: 0, ef...
8	km3	11	212	state	22	ON THE BOARD	ON THE BOARD	no				{"coin_queued_offered": [22], "coin_queued_offered_any": [22]}	
8	km3	11	214	lookahead	9	LOOKAHEAD ONLY, both halves hold	LOOKAHEAD ONLY, both halves hold	no	{"cut": null, "free": true, "queued": 2}	{"cut": null, "free": true, "queued": 2, "truncated": false}	{"built": null}	{}	Attach { attachments: [(1, Fighting, 0)], is_turn_energy: true } ; Attack(Attack { energy_required: [Fighting], title: "Stretch Kick", fixed_damage: 0, ef...
8	km3	11	215	state	16	ON THE BOARD	ON THE BOARD	no				{"coin_queued_offered": [16], "coin_queued_offered_any": [16]}	
8	km3	11	216	state	41	ON THE BOARD	ON THE BOARD	no				{"coin_queued_offered": [41], "coin_queued_offered_any": [41]}	
8	km3	11	218	state	41	ON THE BOARD	ON THE BOARD	no				{"coin_queued_offered": [41], "coin_queued_offered_any": [41]}	
8	km3	11	220	state	54	ON THE BOARD	ON THE BOARD	no				{"coin_queued_offered": [54], "coin_queued_offered_any": [54]}	
8	km3	11	221	state	17	ON THE BOARD	ON THE BOARD	no				{"coin_queued_offered": [17], "coin_queued_offered_any": [17]}	
8	km3	11	224	state	17	ON THE BOARD	ON THE BOARD	no				{"coin_queued_offered": [17], "coin_queued_offered_any": [17]}	
8	km3	11	228	lookahead	11	LOOKAHEAD ONLY, both halves hold	LOOKAHEAD ONLY, both halves hold	no	{"cut": null, "free": true, "queued": 3}	{"cut": null, "free": true, "queued": 3, "truncated": false}	{"built": null}	{}	Attach { attachments: [(1, Fighting, 2)], is_turn_energy: true } ; Retreat(2) ; Attack(Attack { energy_required: [Fighting], title: "Stretch Kick", fixed_damage: 0, ef...
8	km3	11	230	state	17	ON THE BOARD	ON THE BOARD	no				{"coin_queued_offered": [17], "coin_queued_offered_any": [17]}	
8	km3	11	231	state	37	ON THE BOARD	ON THE BOARD	no				{"coin_queued_offered": [37], "coin_queued_offered_any": [37]}	
8	km3	11	232	lookahead	10	LOOKAHEAD ONLY, both halves hold	LOOKAHEAD ONLY, both halves hold	no	{"cut": null, "free": true, "queued": 2}	{"cut": null, "free": true, "queued": 2, "truncated": false}	{"built": null}	{}	Attach { attachments: [(1, Fighting, 0)], is_turn_energy: true } ; Attack(Attack { energy_required: [Fighting], title: "Stretch Kick", fixed_damage: 0, ef...
8	km3	11	235	state	32	ON THE BOARD	ON THE BOARD	no				{"coin_queued_offered": [32], "coin_queued_offered_any": [32]}	
8	km3	11	240	lookahead	19	LOOKAHEAD ONLY, both halves hold	LOOKAHEAD ONLY, both halves hold	no	{"cut": null, "free": true, "queued": 2}	{"cut": null, "free": true, "queued": 2, "truncated": false}	{"built": null}	{}	Attach { attachments: [(1, Fighting, 0)], is_turn_energy: true } ; Attack(Attack { energy_required: [Fighting], title: "Stretch Kick", fixed_damage: 0, ef...
8	km3	11	241	state	25	ON THE BOARD	ON THE BOARD	no				{"coin_queued_offered": [25], "coin_queued_offered_any": [25]}	
8	km3	11	243	state	16	ON THE BOARD	ON THE BOARD	no				{"coin_queued_offered": [16], "coin_queued_offered_any": [16]}	
8	km3	11	245	state	36	ON THE BOARD	ON THE BOARD	no				{"coin_queued_offered": [36], "coin_queued_offered_any": [36]}	
8	km3	11	246	state	27	ON THE BOARD	ON THE BOARD	no				{"coin_queued_offered": [27], "coin_queued_offered_any": [27]}	
8	km3	11	248	lookahead	20	LOOKAHEAD ONLY, both halves hold	LOOKAHEAD ONLY, both halves hold	no	{"cut": null, "free": true, "queued": 2}	{"cut": null, "free": true, "queued": 2, "truncated": false}	{"built": null}	{}	Attach { attachments: [(1, Fighting, 0)], is_turn_energy: true } ; Attack(Attack { energy_required: [Fighting], title: "Stretch Kick", fixed_damage: 0, ef...
8	km3	11	249	state	36	ON THE BOARD	ON THE BOARD	no				{"coin_queued_offered": [36], "coin_queued_offered_any": [36]}	
8	km3	11	250	state	17	ON THE BOARD	ON THE BOARD	no				{"coin_queued_offered": [17], "coin_queued_offered_any": [17]}	
8	km3	11	251	lookahead	31	LOOKAHEAD ONLY, both halves hold	LOOKAHEAD ONLY, both halves hold	no	{"cut": null, "free": false, "queued": 1}	{"cut": null, "free": false, "queued": 1, "truncated": false}	{"built": null}	{}	Attack(Attack { energy_required: [Fighting], title: "Stretch Kick", fixed_damage: 0, ef...
8	km3	11	252	state	17	ON THE BOARD	ON THE BOARD	no				{"coin_queued_offered": [17], "coin_queued_offered_any": [17]}	
8	km3	11	254	state	42	ON THE BOARD	ON THE BOARD	no				{"coin_queued_offered": [42], "coin_queued_offered_any": [42]}	
8	km3	11	255	state	22	ON THE BOARD	ON THE BOARD	no				{"coin_queued_offered": [22], "coin_queued_offered_any": [22]}	
8	km3	11	256	state	17	ON THE BOARD	ON THE BOARD	no				{"coin_queued_offered": [17], "coin_queued_offered_any": [17]}	
8	km3	11	258	lookahead	19	LOOKAHEAD ONLY, both halves hold	LOOKAHEAD ONLY, both halves hold	no	{"cut": null, "free": true, "queued": 2}	{"cut": null, "free": true, "queued": 2, "truncated": false}	{"built": null}	{}	Attach { attachments: [(1, Fighting, 0)], is_turn_energy: true } ; Attack(Attack { energy_required: [Fighting], title: "Stretch Kick", fixed_damage: 0, ef...
8	km3	11	259	state	25	ON THE BOARD	ON THE BOARD	no				{"coin_queued_offered": [25], "coin_queued_offered_any": [25]}	
8	km3	11	261	lookahead	13	LOOKAHEAD ONLY, both halves hold	LOOKAHEAD ONLY, both halves hold	no	{"cut": null, "free": true, "queued": 3}	{"cut": null, "free": true, "queued": 3, "truncated": false}	{"built": null}	{}	Attach { attachments: [(1, Fighting, 3)], is_turn_energy: true } ; Retreat(3) ; Attack(Attack { energy_required: [Fighting], title: "Stretch Kick", fixed_damage: 0, ef...
8	km3	11	265	state	29	ON THE BOARD	ON THE BOARD	no				{"coin_queued_offered": [29], "coin_queued_offered_any": [29]}	
8	km3	11	267	state	31	ON THE BOARD	ON THE BOARD	no				{"coin_queued_offered": [31], "coin_queued_offered_any": [31]}	
8	km3	11	268	state	27	ON THE BOARD	ON THE BOARD	no				{"coin_queued_offered": [27], "coin_queued_offered_any": [27]}	
8	km3	11	270	state	45	ON THE BOARD	ON THE BOARD	no				{"coin_queued_offered": [45], "coin_queued_offered_any": [45]}	
8	km3	11	272	state	15	ON THE BOARD	ON THE BOARD	no				{"coin_queued_offered": [15], "coin_queued_offered_any": [15]}	
8	km3	11	277	state	23	ON THE BOARD	ON THE BOARD	no				{"coin_queued_offered": [23], "coin_queued_offered_any": [23]}	
8	km3	11	280	state	50	ON THE BOARD	ON THE BOARD	no				{"coin_queued_offered": [50], "coin_queued_offered_any": [50]}	
8	km3	11	283	state	34	ON THE BOARD	ON THE BOARD	no				{"coin_queued_offered": [34], "coin_queued_offered_any": [34]}	
8	km3	11	285	state	40	ON THE BOARD	ON THE BOARD	no				{"coin_queued_offered": [40], "coin_queued_offered_any": [40]}	
8	km3	11	286	state	35	ON THE BOARD	ON THE BOARD	no				{"coin_queued_offered": [35], "coin_queued_offered_any": [35]}	
8	km3	11	297	lookahead	17	LOOKAHEAD ONLY, both halves hold	LOOKAHEAD ONLY, both halves hold	no	{"cut": null, "free": false, "queued": 2}	{"cut": null, "free": false, "queued": 2, "truncated": false}	{"built": null}	{}	Attach { attachments: [(1, Fighting, 0)], is_turn_energy: true } ; Attack(Attack { energy_required: [Fighting], title: "Stretch Kick", fixed_damage: 0, ef...
8	km3	11	300	state	24	ON THE BOARD	ON THE BOARD	no				{"coin_queued_offered": [24], "coin_queued_offered_any": [24]}	
8	km3	11	302	lookahead	10	LOOKAHEAD ONLY, both halves hold	LOOKAHEAD ONLY, both halves hold	no	{"cut": null, "free": true, "queued": 2}	{"cut": null, "free": true, "queued": 2, "truncated": false}	{"built": null}	{}	Attach { attachments: [(1, Fighting, 0)], is_turn_energy: true } ; Attack(Attack { energy_required: [Fighting], title: "Stretch Kick", fixed_damage: 0, ef...
8	km3	11	308	state	18	ON THE BOARD	ON THE BOARD	no				{"coin_queued_offered": [18], "coin_queued_offered_any": [18]}	
8	km3	11	309	state	31	ON THE BOARD	ON THE BOARD	no				{"coin_queued_offered": [31], "coin_queued_offered_any": [31]}	
8	km3	11	311	state	20	ON THE BOARD	ON THE BOARD	no				{"coin_queued_offered": [20], "coin_queued_offered_any": [20]}	
8	km3	11	314	state	17	ON THE BOARD	ON THE BOARD	no				{"coin_queued_offered": [17], "coin_queued_offered_any": [17]}	
8	km3	11	319	lookahead	10	LOOKAHEAD ONLY, both halves hold	LOOKAHEAD ONLY, both halves hold	no	{"cut": null, "free": true, "queued": 2}	{"cut": null, "free": true, "queued": 2, "truncated": false}	{"built": null}	{}	Attach { attachments: [(1, Fighting, 0)], is_turn_energy: true } ; Attack(Attack { energy_required: [Fighting], title: "Stretch Kick", fixed_damage: 0, ef...
8	km3	11	322	state	18	ON THE BOARD	ON THE BOARD	no				{"coin_queued_offered": [18], "coin_queued_offered_any": [18]}	
8	km3	11	324	state	22	ON THE BOARD	ON THE BOARD	no				{"coin_queued_offered": [22], "coin_queued_offered_any": [22]}	
8	km3	11	326	lookahead	12	LOOKAHEAD ONLY, both halves hold	LOOKAHEAD ONLY, both halves hold	no	{"cut": null, "free": true, "queued": 2}	{"cut": null, "free": true, "queued": 2, "truncated": false}	{"built": null}	{}	Attach { attachments: [(1, Fighting, 0)], is_turn_energy: true } ; Attack(Attack { energy_required: [Fighting], title: "Stretch Kick", fixed_damage: 0, ef...
8	km3	11	327	lookahead	11	LOOKAHEAD ONLY, both halves hold	LOOKAHEAD ONLY, both halves hold	no	{"cut": null, "free": true, "queued": 2}	{"cut": null, "free": true, "queued": 2, "truncated": false}	{"built": null}	{}	Attach { attachments: [(1, Fighting, 0)], is_turn_energy: true } ; Attack(Attack { energy_required: [Fighting], title: "Stretch Kick", fixed_damage: 0, ef...
8	km3	11	329	lookahead	26	LOOKAHEAD ONLY, both halves hold	LOOKAHEAD ONLY, both halves hold	no	{"cut": null, "free": true, "queued": 3}	{"cut": null, "free": true, "queued": 3, "truncated": false}	{"built": null}	{}	Attach { attachments: [(1, Fighting, 2)], is_turn_energy: true } ; Retreat(2) ; Attack(Attack { energy_required: [Fighting], title: "Stretch Kick", fixed_damage: 0, ef...
8	km3	11	333	state	18	ON THE BOARD	ON THE BOARD	no				{"coin_queued_offered": [18], "coin_queued_offered_any": [18]}	
8	km3	11	336	lookahead	16	LOOKAHEAD ONLY, both halves hold	LOOKAHEAD ONLY, both halves hold	no	{"cut": null, "free": true, "queued": 2}	{"cut": null, "free": true, "queued": 2, "truncated": false}	{"built": null}	{}	Attach { attachments: [(1, Fighting, 0)], is_turn_energy: true } ; Attack(Attack { energy_required: [Fighting], title: "Stretch Kick", fixed_damage: 0, ef...
8	km3	11	337	lookahead	15	LOOKAHEAD ONLY, both halves hold	LOOKAHEAD ONLY, both halves hold	no	{"cut": null, "free": true, "queued": 2}	{"cut": null, "free": true, "queued": 2, "truncated": false}	{"built": null}	{}	Attach { attachments: [(1, Fighting, 0)], is_turn_energy: true } ; Attack(Attack { energy_required: [Fighting], title: "Stretch Kick", fixed_damage: 0, ef...
8	km3	11	339	state	21	ON THE BOARD	ON THE BOARD	no				{"coin_queued_offered": [21], "coin_queued_offered_any": [21]}	
8	km3	11	346	state	20	ON THE BOARD	ON THE BOARD	no				{"coin_queued_offered": [20], "coin_queued_offered_any": [20]}	
8	km3	11	360	state	42	ON THE BOARD	ON THE BOARD	no				{"coin_queued_offered": [42], "coin_queued_offered_any": [42]}	
8	km3	11	369	state	49	ON THE BOARD	ON THE BOARD	no				{"coin_queued_offered": [49], "coin_queued_offered_any": [49]}	
8	km3	11	371	state	22	ON THE BOARD	ON THE BOARD	no				{"coin_queued_offered": [22], "coin_queued_offered_any": [22]}	
8	km3	11	372	lookahead	30	LOOKAHEAD ONLY, both halves hold	LOOKAHEAD ONLY, both halves hold	no	{"cut": null, "free": true, "queued": 1}	{"cut": null, "free": true, "queued": 1, "truncated": false}	{"built": null}	{}	Attack(Attack { energy_required: [Fighting], title: "Stretch Kick", fixed_damage: 0, ef...
8	km3	11	373	state	18	ON THE BOARD	ON THE BOARD	no				{"coin_queued_offered": [18], "coin_queued_offered_any": [18]}	
8	km3	11	377	state	16	ON THE BOARD	ON THE BOARD	no				{"coin_queued_offered": [16], "coin_queued_offered_any": [16]}	
8	km3	11	378	state	15	ON THE BOARD	ON THE BOARD	no				{"coin_queued_offered": [15], "coin_queued_offered_any": [15]}	
8	km3	11	380	state	16	ON THE BOARD	ON THE BOARD	no				{"coin_queued_offered": [16], "coin_queued_offered_any": [16]}	
8	km3	11	382	lookahead	82	LOOKAHEAD ONLY, both halves hold	LOOKAHEAD ONLY, both halves hold	no	{"cut": null, "free": true, "queued": 1}	{"cut": null, "free": true, "queued": 1, "truncated": false}	{"built": null}	{}	Attack(Attack { energy_required: [Fighting], title: "Stretch Kick", fixed_damage: 0, ef...
8	km3	11	387	lookahead	10	LOOKAHEAD ONLY, both halves hold	LOOKAHEAD ONLY, both halves hold	no	{"cut": null, "free": true, "queued": 2}	{"cut": null, "free": true, "queued": 2, "truncated": false}	{"built": null}	{}	Attach { attachments: [(1, Fighting, 0)], is_turn_energy: true } ; Attack(Attack { energy_required: [Fighting], title: "Stretch Kick", fixed_damage: 0, ef...
8	km3	11	388	lookahead	22	LOOKAHEAD ONLY, both halves hold	LOOKAHEAD ONLY, both halves hold	no	{"cut": null, "free": true, "queued": 2}	{"cut": null, "free": true, "queued": 2, "truncated": false}	{"built": null}	{}	Attach { attachments: [(1, Fighting, 0)], is_turn_energy: true } ; Attack(Attack { energy_required: [Fighting], title: "Stretch Kick", fixed_damage: 0, ef...
8	km3	11	392	lookahead	11	LOOKAHEAD ONLY, both halves hold	LOOKAHEAD ONLY, both halves hold	no	{"cut": null, "free": true, "queued": 2}	{"cut": null, "free": true, "queued": 2, "truncated": false}	{"built": null}	{}	Attach { attachments: [(1, Fighting, 0)], is_turn_energy: true } ; Attack(Attack { energy_required: [Fighting], title: "Stretch Kick", fixed_damage: 0, ef...
8	km3	11	395	state	37	ON THE BOARD	ON THE BOARD	no				{"coin_queued_offered": [37], "coin_queued_offered_any": [37]}	
8	km3	11	398	state	14	ON THE BOARD	ON THE BOARD	no				{"coin_queued_offered": [14], "coin_queued_offered_any": [14]}	
8	km3	11	403	lookahead	13	LOOKAHEAD ONLY, both halves hold	LOOKAHEAD ONLY, both halves hold	no	{"cut": null, "free": true, "queued": 2}	{"cut": null, "free": true, "queued": 2, "truncated": false}	{"built": null}	{}	Attach { attachments: [(1, Fighting, 0)], is_turn_energy: true } ; Attack(Attack { energy_required: [Fighting], title: "Stretch Kick", fixed_damage: 0, ef...
8	km3	11	408	state	45	ON THE BOARD	ON THE BOARD	no				{"coin_queued_offered": [45], "coin_queued_offered_any": [45]}	
8	km3	11	412	lookahead	37	LOOKAHEAD ONLY, both halves hold	LOOKAHEAD ONLY, both halves hold	no	{"cut": null, "free": true, "queued": 1}	{"cut": null, "free": true, "queued": 1, "truncated": false}	{"built": null}	{}	Attack(Attack { energy_required: [Fighting], title: "Stretch Kick", fixed_damage: 0, ef...
8	km3	11	413	lookahead	10	LOOKAHEAD ONLY, both halves hold	LOOKAHEAD ONLY, both halves hold	no	{"cut": null, "free": true, "queued": 2}	{"cut": null, "free": true, "queued": 2, "truncated": false}	{"built": null}	{}	Attach { attachments: [(1, Fighting, 0)], is_turn_energy: true } ; Attack(Attack { energy_required: [Fighting], title: "Stretch Kick", fixed_damage: 0, ef...
8	km3	11	416	lookahead	11	LOOKAHEAD ONLY, both halves hold	LOOKAHEAD ONLY, both halves hold	no	{"cut": null, "free": true, "queued": 2}	{"cut": null, "free": true, "queued": 2, "truncated": false}	{"built": null}	{}	Attach { attachments: [(1, Fighting, 0)], is_turn_energy: true } ; Attack(Attack { energy_required: [Fighting], title: "Stretch Kick", fixed_damage: 0, ef...
8	km3	11	418	state	19	ON THE BOARD	ON THE BOARD	no				{"coin_queued_offered": [19], "coin_queued_offered_any": [19]}	
8	km3	11	423	lookahead	31	LOOKAHEAD ONLY, both halves hold	LOOKAHEAD ONLY, both halves hold	no	{"cut": null, "free": true, "queued": 3}	{"cut": null, "free": true, "queued": 3, "truncated": false}	{"built": null}	{}	Attach { attachments: [(1, Fighting, 0)], is_turn_energy: true } ; Retreat(1) ; Attack(Attack { energy_required: [Fighting], title: "Stretch Kick", fixed_damage: 0, ef...
8	km3	11	424	lookahead	42	LOOKAHEAD ONLY, both halves hold	LOOKAHEAD ONLY, both halves hold	no	{"cut": null, "free": true, "queued": 2}	{"cut": null, "free": true, "queued": 2, "truncated": false}	{"built": null}	{}	Attach { attachments: [(1, Fighting, 0)], is_turn_energy: true } ; Attack(Attack { energy_required: [Fighting], title: "Stretch Kick", fixed_damage: 0, ef...
8	km3	11	432	state	30	ON THE BOARD	ON THE BOARD	no				{"coin_queued_offered": [30], "coin_queued_offered_any": [30]}	
8	km3	11	433	state	18	ON THE BOARD	ON THE BOARD	no				{"coin_queued_offered": [18], "coin_queued_offered_any": [18]}	
8	km3	11	435	state	20	ON THE BOARD	ON THE BOARD	no				{"coin_queued_offered": [20], "coin_queued_offered_any": [20]}	
8	km3	11	438	state	35	ON THE BOARD	ON THE BOARD	no				{"coin_queued_offered": [35], "coin_queued_offered_any": [35]}	
8	km3	11	441	state	41	ON THE BOARD	ON THE BOARD	no				{"coin_queued_offered": [41], "coin_queued_offered_any": [41]}	
8	km3	11	443	state	17	ON THE BOARD	ON THE BOARD	no				{"coin_queued_offered": [17], "coin_queued_offered_any": [17]}	
8	km3	11	444	state	18	ON THE BOARD	ON THE BOARD	no				{"coin_queued_offered": [18], "coin_queued_offered_any": [18]}	
8	km3	11	448	state	37	ON THE BOARD	ON THE BOARD	no				{"coin_queued_offered": [37], "coin_queued_offered_any": [37]}	
8	km3	11	450	state	24	ON THE BOARD	ON THE BOARD	no				{"coin_queued_offered": [24], "coin_queued_offered_any": [24]}	
8	km3	11	458	lookahead	55	LOOKAHEAD ONLY, both halves hold	LOOKAHEAD ONLY, both halves hold	no	{"cut": null, "free": false, "queued": 1}	{"cut": null, "free": false, "queued": 1, "truncated": false}	{"built": null}	{}	Attack(Attack { energy_required: [Fighting], title: "Stretch Kick", fixed_damage: 0, ef...
8	km3	11	462	lookahead	49	LOOKAHEAD ONLY, both halves hold	LOOKAHEAD ONLY, both halves hold	no	{"cut": null, "free": false, "queued": 2}	{"cut": null, "free": false, "queued": 2, "truncated": false}	{"built": null}	{}	Retreat(3) ; Attack(Attack { energy_required: [Fighting], title: "Stretch Kick", fixed_damage: 0, ef...
8	km3	11	465	lookahead	130	LOOKAHEAD ONLY, both halves hold	LOOKAHEAD ONLY, both halves hold	no	{"cut": null, "free": false, "queued": 2}	{"cut": null, "free": false, "queued": 2, "truncated": false}	{"built": null}	{}	Retreat(1) ; Attack(Attack { energy_required: [Fighting], title: "Stretch Kick", fixed_damage: 0, ef...
8	km3	11	466	state	13	ON THE BOARD	ON THE BOARD	no				{"coin_queued_offered": [13], "coin_queued_offered_any": [13]}	
8	km3	11	467	state	36	ON THE BOARD	ON THE BOARD	no				{"coin_queued_offered": [36], "coin_queued_offered_any": [36]}	
8	km3	11	468	state	31	ON THE BOARD	ON THE BOARD	no				{"coin_queued_offered": [31], "coin_queued_offered_any": [31]}	
8	km3	11	470	lookahead	54	LOOKAHEAD ONLY, both halves hold	LOOKAHEAD ONLY, both halves hold	no	{"cut": null, "free": false, "queued": 2}	{"cut": null, "free": false, "queued": 2, "truncated": false}	{"built": null}	{}	Retreat(1) ; Attack(Attack { energy_required: [Fighting], title: "Stretch Kick", fixed_damage: 0, ef...
8	km3	11	473	lookahead	14	LOOKAHEAD ONLY, both halves hold	LOOKAHEAD ONLY, both halves hold	no	{"cut": null, "free": true, "queued": 2}	{"cut": null, "free": true, "queued": 2, "truncated": false}	{"built": null}	{}	Attach { attachments: [(1, Fighting, 0)], is_turn_energy: true } ; Attack(Attack { energy_required: [Fighting], title: "Stretch Kick", fixed_damage: 0, ef...
8	km3	11	474	state	24	ON THE BOARD	ON THE BOARD	no				{"coin_queued_offered": [24], "coin_queued_offered_any": [24]}	
8	km3	11	475	state	22	ON THE BOARD	ON THE BOARD	no				{"coin_queued_offered": [22], "coin_queued_offered_any": [22]}	
8	km3	11	477	state	16	ON THE BOARD	ON THE BOARD	no				{"coin_queued_offered": [16], "coin_queued_offered_any": [16]}	
8	km3	11	480	lookahead	22	LOOKAHEAD ONLY, both halves hold	LOOKAHEAD ONLY, both halves hold	no	{"cut": null, "free": true, "queued": 2}	{"cut": null, "free": true, "queued": 2, "truncated": false}	{"built": null}	{}	Retreat(2) ; Attack(Attack { energy_required: [Fighting], title: "Stretch Kick", fixed_damage: 0, ef...
8	km3	11	481	state	46	ON THE BOARD	ON THE BOARD	no				{"coin_queued_offered": [46], "coin_queued_offered_any": [46]}	
8	km3	11	484	lookahead	30	LOOKAHEAD ONLY, both halves hold	LOOKAHEAD ONLY, both halves hold	no	{"cut": null, "free": true, "queued": 2}	{"cut": null, "free": true, "queued": 2, "truncated": false}	{"built": null}	{}	Retreat(2) ; Attack(Attack { energy_required: [Fighting], title: "Stretch Kick", fixed_damage: 0, ef...
8	km3	11	486	state	15	ON THE BOARD	ON THE BOARD	no				{"coin_queued_offered": [15], "coin_queued_offered_any": [15]}	
8	km3	11	490	state	16	ON THE BOARD	ON THE BOARD	no				{"coin_queued_offered": [16], "coin_queued_offered_any": [16]}	
8	km3	11	497	state	20	ON THE BOARD	ON THE BOARD	no				{"coin_queued_offered": [20], "coin_queued_offered_any": [20]}	
8	km3	11	498	state	20	ON THE BOARD	ON THE BOARD	no				{"coin_queued_offered": [20], "coin_queued_offered_any": [20]}	
8	k3	11	0	state	23	ON THE BOARD	ON THE BOARD	no				{"coin_queued_offered": [23], "coin_queued_offered_any": [23]}	
8	k3	11	2	state	73	ON THE BOARD	ON THE BOARD	no				{"coin_queued_offered": [73], "coin_queued_offered_any": [73]}	
8	k3	11	3	state	38	ON THE BOARD	ON THE BOARD	no				{"coin_queued_offered": [38], "coin_queued_offered_any": [38]}	
8	k3	11	15	state	51	ON THE BOARD	ON THE BOARD	no				{"coin_queued_offered": [51], "coin_queued_offered_any": [51]}	
8	k3	11	20	state	89	ON THE BOARD	ON THE BOARD	no				{"coin_queued_offered": [89], "coin_queued_offered_any": [89]}	
8	k3	11	24	state	30	ON THE BOARD	ON THE BOARD	no				{"coin_queued_offered": [30], "coin_queued_offered_any": [30]}	
8	k3	11	27	state	20	ON THE BOARD	ON THE BOARD	no				{"coin_queued_offered": [20], "coin_queued_offered_any": [20]}	
8	k3	11	30	lookahead	10	LOOKAHEAD ONLY, both halves hold	LOOKAHEAD ONLY, both halves hold	no	{"cut": null, "free": true, "queued": 2}	{"cut": null, "free": true, "queued": 2, "truncated": false}	{"built": null}	{}	Attach { attachments: [(1, Fighting, 0)], is_turn_energy: true } ; Attack(Attack { energy_required: [Fighting], title: "Stretch Kick", fixed_damage: 0, ef...
8	k3	11	32	state	47	ON THE BOARD	ON THE BOARD	no				{"coin_queued_offered": [47], "coin_queued_offered_any": [47]}	
8	k3	11	34	state	24	ON THE BOARD	ON THE BOARD	no				{"coin_queued_offered": [24], "coin_queued_offered_any": [24]}	
8	k3	11	35	state	34	ON THE BOARD	ON THE BOARD	no				{"coin_queued_offered": [34], "coin_queued_offered_any": [34]}	
8	k3	11	41	state	48	ON THE BOARD	ON THE BOARD	no				{"coin_queued_offered": [48], "coin_queued_offered_any": [48]}	
8	k3	11	42	state	19	ON THE BOARD	ON THE BOARD	no				{"coin_queued_offered": [19], "coin_queued_offered_any": [19]}	
8	k3	11	48	state	25	ON THE BOARD	ON THE BOARD	no				{"coin_queued_offered": [25], "coin_queued_offered_any": [25]}	
8	k3	11	51	state	15	ON THE BOARD	ON THE BOARD	no				{"coin_queued_offered": [15], "coin_queued_offered_any": [15]}	
8	k3	11	52	state	30	ON THE BOARD	ON THE BOARD	no				{"coin_queued_offered": [30], "coin_queued_offered_any": [30]}	
8	k3	11	57	state	42	ON THE BOARD	ON THE BOARD	no				{"coin_queued_offered": [42], "coin_queued_offered_any": [42]}	
8	k3	11	58	lookahead	33	LOOKAHEAD ONLY, both halves hold	LOOKAHEAD ONLY, both halves hold	no	{"cut": null, "free": true, "queued": 2}	{"cut": null, "free": true, "queued": 2, "truncated": false}	{"built": null}	{}	Retreat(2) ; Attack(Attack { energy_required: [Fighting], title: "Stretch Kick", fixed_damage: 0, ef...
8	k3	11	61	lookahead	48	LOOKAHEAD ONLY, both halves hold	LOOKAHEAD ONLY, both halves hold	no	{"cut": null, "free": false, "queued": 2}	{"cut": null, "free": false, "queued": 2, "truncated": false}	{"built": null}	{}	Retreat(2) ; Attack(Attack { energy_required: [Fighting], title: "Stretch Kick", fixed_damage: 0, ef...
8	k3	11	63	state	39	ON THE BOARD	ON THE BOARD	no				{"coin_queued_offered": [39], "coin_queued_offered_any": [39]}	
8	k3	11	64	state	83	ON THE BOARD	ON THE BOARD	no				{"coin_queued_offered": [83], "coin_queued_offered_any": [83]}	
8	k3	11	70	state	31	ON THE BOARD	ON THE BOARD	no				{"coin_queued_offered": [31], "coin_queued_offered_any": [31]}	
8	k3	11	73	state	22	ON THE BOARD	ON THE BOARD	no				{"coin_queued_offered": [22], "coin_queued_offered_any": [22]}	
8	k3	11	75	lookahead	35	LOOKAHEAD ONLY, both halves hold	LOOKAHEAD ONLY, both halves hold	no	{"cut": null, "free": true, "queued": 1}	{"cut": null, "free": true, "queued": 1, "truncated": false}	{"built": null}	{}	Attack(Attack { energy_required: [Fighting], title: "Stretch Kick", fixed_damage: 0, ef...
8	k3	11	77	lookahead	76	LOOKAHEAD ONLY, both halves hold	LOOKAHEAD ONLY, both halves hold	no	{"cut": null, "free": true, "queued": 3}	{"cut": null, "free": true, "queued": 3, "truncated": false}	{"built": null}	{}	Attach { attachments: [(1, Fighting, 3)], is_turn_energy: true } ; Retreat(3) ; Attack(Attack { energy_required: [Fighting], title: "Stretch Kick", fixed_damage: 0, ef...
8	k3	11	83	state	49	ON THE BOARD	ON THE BOARD	no				{"coin_queued_offered": [49], "coin_queued_offered_any": [49]}	
8	k3	11	85	state	27	ON THE BOARD	ON THE BOARD	no				{"coin_queued_offered": [27], "coin_queued_offered_any": [27]}	
8	k3	11	87	state	22	ON THE BOARD	ON THE BOARD	no				{"coin_queued_offered": [22], "coin_queued_offered_any": [22]}	
8	k3	11	88	state	17	ON THE BOARD	ON THE BOARD	no				{"coin_queued_offered": [17], "coin_queued_offered_any": [17]}	
8	k3	11	89	state	39	ON THE BOARD	ON THE BOARD	no				{"coin_queued_offered": [39], "coin_queued_offered_any": [39]}	
8	k3	11	91	lookahead	9	LOOKAHEAD ONLY, both halves hold	LOOKAHEAD ONLY, both halves hold	no	{"cut": null, "free": true, "queued": 2}	{"cut": null, "free": true, "queued": 2, "truncated": false}	{"built": null}	{}	Attach { attachments: [(1, Fighting, 0)], is_turn_energy: true } ; Attack(Attack { energy_required: [Fighting], title: "Stretch Kick", fixed_damage: 0, ef...
8	k3	11	93	lookahead	43	LOOKAHEAD ONLY, both halves hold	LOOKAHEAD ONLY, both halves hold	no	{"cut": null, "free": false, "queued": 2}	{"cut": null, "free": false, "queued": 2, "truncated": false}	{"built": null}	{}	Retreat(2) ; Attack(Attack { energy_required: [Fighting], title: "Stretch Kick", fixed_damage: 0, ef...
8	k3	11	94	lookahead	10	LOOKAHEAD ONLY, both halves hold	LOOKAHEAD ONLY, both halves hold	no	{"cut": null, "free": true, "queued": 2}	{"cut": null, "free": true, "queued": 2, "truncated": false}	{"built": null}	{}	Attach { attachments: [(1, Fighting, 0)], is_turn_energy: true } ; Attack(Attack { energy_required: [Fighting], title: "Stretch Kick", fixed_damage: 0, ef...
8	k3	11	96	state	22	ON THE BOARD	ON THE BOARD	no				{"coin_queued_offered": [22], "coin_queued_offered_any": [22]}	
8	k3	11	98	state	18	ON THE BOARD	ON THE BOARD	no				{"coin_queued_offered": [18], "coin_queued_offered_any": [18]}	
8	k3	11	99	state	52	ON THE BOARD	ON THE BOARD	no				{"coin_queued_offered": [52], "coin_queued_offered_any": [52]}	
8	k3	11	101	state	20	ON THE BOARD	ON THE BOARD	no				{"coin_queued_offered": [20], "coin_queued_offered_any": [20]}	
8	k3	11	110	state	44	ON THE BOARD	ON THE BOARD	no				{"coin_queued_offered": [44], "coin_queued_offered_any": [44]}	
8	k3	11	111	lookahead	25	LOOKAHEAD ONLY, both halves hold	LOOKAHEAD ONLY, both halves hold	no	{"cut": null, "free": true, "queued": 1}	{"cut": null, "free": true, "queued": 1, "truncated": false}	{"built": null}	{}	Attack(Attack { energy_required: [Fighting], title: "Stretch Kick", fixed_damage: 0, ef...
8	k3	11	114	state	17	ON THE BOARD	ON THE BOARD	no				{"coin_queued_offered": [17], "coin_queued_offered_any": [17]}	
8	k3	11	116	lookahead	18	LOOKAHEAD ONLY, both halves hold	LOOKAHEAD ONLY, both halves hold	no	{"cut": null, "free": true, "queued": 3}	{"cut": null, "free": true, "queued": 3, "truncated": false}	{"built": null}	{}	Attach { attachments: [(1, Fighting, 3)], is_turn_energy: true } ; Retreat(3) ; Attack(Attack { energy_required: [Fighting], title: "Stretch Kick", fixed_damage: 0, ef...
8	k3	11	117	lookahead	17	LOOKAHEAD ONLY, both halves hold	LOOKAHEAD ONLY, both halves hold	no	{"cut": null, "free": true, "queued": 2}	{"cut": null, "free": true, "queued": 2, "truncated": false}	{"built": null}	{}	Attach { attachments: [(1, Fighting, 0)], is_turn_energy: true } ; Attack(Attack { energy_required: [Fighting], title: "Stretch Kick", fixed_damage: 0, ef...
8	k3	11	118	state	25	ON THE BOARD	ON THE BOARD	no				{"coin_queued_offered": [25], "coin_queued_offered_any": [25]}	
8	k3	11	120	state	26	ON THE BOARD	ON THE BOARD	no				{"coin_queued_offered": [26], "coin_queued_offered_any": [26]}	
8	k3	11	121	state	38	ON THE BOARD	ON THE BOARD	no				{"coin_queued_offered": [38], "coin_queued_offered_any": [38]}	
8	k3	11	122	state	17	ON THE BOARD	ON THE BOARD	no				{"coin_queued_offered": [17], "coin_queued_offered_any": [17]}	
8	k3	11	123	state	86	ON THE BOARD	ON THE BOARD	no				{"coin_queued_offered": [86], "coin_queued_offered_any": [86]}	
8	k3	11	133	lookahead	19	LOOKAHEAD ONLY, both halves hold	LOOKAHEAD ONLY, both halves hold	no	{"cut": null, "free": true, "queued": 2}	{"cut": null, "free": true, "queued": 2, "truncated": false}	{"built": null}	{}	Attach { attachments: [(1, Fighting, 0)], is_turn_energy: true } ; Attack(Attack { energy_required: [Fighting], title: "Stretch Kick", fixed_damage: 0, ef...
8	k3	11	135	state	19	ON THE BOARD	ON THE BOARD	no				{"coin_queued_offered": [19], "coin_queued_offered_any": [19]}	
8	k3	11	136	state	23	ON THE BOARD	ON THE BOARD	no				{"coin_queued_offered": [23], "coin_queued_offered_any": [23]}	
8	k3	11	145	state	16	ON THE BOARD	ON THE BOARD	no				{"coin_queued_offered": [16], "coin_queued_offered_any": [16]}	
8	k3	11	150	state	18	ON THE BOARD	ON THE BOARD	no				{"coin_queued_offered": [18], "coin_queued_offered_any": [18]}	
8	k3	11	151	state	22	ON THE BOARD	ON THE BOARD	no				{"coin_queued_offered": [22], "coin_queued_offered_any": [22]}	
8	k3	11	154	state	34	ON THE BOARD	ON THE BOARD	no				{"coin_queued_offered": [34], "coin_queued_offered_any": [34]}	
8	k3	11	155	state	18	ON THE BOARD	ON THE BOARD	no				{"coin_queued_offered": [18], "coin_queued_offered_any": [18]}	
8	k3	11	157	state	12	ON THE BOARD	ON THE BOARD	no				{"coin_queued_offered": [12], "coin_queued_offered_any": [12]}	
8	k3	11	159	state	34	ON THE BOARD	ON THE BOARD	no				{"coin_queued_offered": [34], "coin_queued_offered_any": [34]}	
8	k3	11	160	state	19	ON THE BOARD	ON THE BOARD	no				{"coin_queued_offered": [19], "coin_queued_offered_any": [19]}	
8	k3	11	164	state	26	ON THE BOARD	ON THE BOARD	no				{"coin_queued_offered": [26], "coin_queued_offered_any": [26]}	
8	k3	11	165	lookahead	57	LOOKAHEAD ONLY, both halves hold	LOOKAHEAD ONLY, both halves hold	no	{"cut": null, "free": false, "queued": 1}	{"cut": null, "free": false, "queued": 1, "truncated": false}	{"built": null}	{}	Attack(Attack { energy_required: [Fighting], title: "Stretch Kick", fixed_damage: 0, ef...
8	k3	11	167	lookahead	28	LOOKAHEAD ONLY, both halves hold	LOOKAHEAD ONLY, both halves hold	no	{"cut": null, "free": true, "queued": 2}	{"cut": null, "free": true, "queued": 2, "truncated": false}	{"built": null}	{}	Retreat(1) ; Attack(Attack { energy_required: [Fighting], title: "Stretch Kick", fixed_damage: 0, ef...
8	k3	11	169	state	12	ON THE BOARD	ON THE BOARD	no				{"coin_queued_offered": [12], "coin_queued_offered_any": [12]}	
8	k3	11	171	lookahead	19	LOOKAHEAD ONLY, both halves hold	LOOKAHEAD ONLY, both halves hold	no	{"cut": null, "free": true, "queued": 2}	{"cut": null, "free": true, "queued": 2, "truncated": false}	{"built": null}	{}	Attach { attachments: [(1, Fighting, 0)], is_turn_energy: true } ; Attack(Attack { energy_required: [Fighting], title: "Stretch Kick", fixed_damage: 0, ef...
8	k3	11	173	lookahead	23	LOOKAHEAD ONLY, both halves hold	LOOKAHEAD ONLY, both halves hold	no	{"cut": null, "free": true, "queued": 2}	{"cut": null, "free": true, "queued": 2, "truncated": false}	{"built": null}	{}	Retreat(1) ; Attack(Attack { energy_required: [Fighting], title: "Stretch Kick", fixed_damage: 0, ef...
8	k3	11	178	state	71	ON THE BOARD	ON THE BOARD	no				{"coin_queued_offered": [71], "coin_queued_offered_any": [71]}	
8	k3	11	182	lookahead	96	LOOKAHEAD ONLY, both halves hold	LOOKAHEAD ONLY, both halves hold	no	{"cut": null, "free": true, "queued": 1}	{"cut": null, "free": true, "queued": 1, "truncated": false}	{"built": null}	{}	Attack(Attack { energy_required: [Fighting], title: "Stretch Kick", fixed_damage: 0, ef...
8	k3	11	184	state	49	ON THE BOARD	ON THE BOARD	no				{"coin_queued_offered": [49], "coin_queued_offered_any": [49]}	
8	k3	11	187	state	33	ON THE BOARD	ON THE BOARD	no				{"coin_queued_offered": [33], "coin_queued_offered_any": [33]}	
8	k3	11	189	state	31	ON THE BOARD	ON THE BOARD	no				{"coin_queued_offered": [31], "coin_queued_offered_any": [31]}	
8	k3	11	190	lookahead	57	LOOKAHEAD ONLY, both halves hold	LOOKAHEAD ONLY, both halves hold	no	{"cut": null, "free": false, "queued": 1}	{"cut": null, "free": false, "queued": 1, "truncated": false}	{"built": null}	{}	Attack(Attack { energy_required: [Fighting], title: "Stretch Kick", fixed_damage: 0, ef...
8	k3	11	192	state	30	ON THE BOARD	ON THE BOARD	no				{"coin_queued_offered": [30], "coin_queued_offered_any": [30]}	
8	k3	11	193	state	19	ON THE BOARD	ON THE BOARD	no				{"coin_queued_offered": [19], "coin_queued_offered_any": [19]}	
8	k3	11	197	state	26	ON THE BOARD	ON THE BOARD	no				{"coin_queued_offered": [26], "coin_queued_offered_any": [26]}	
8	k3	11	198	state	17	ON THE BOARD	ON THE BOARD	no				{"coin_queued_offered": [17], "coin_queued_offered_any": [17]}	
8	k3	11	200	lookahead	40	LOOKAHEAD ONLY, both halves hold	LOOKAHEAD ONLY, both halves hold	no	{"cut": null, "free": false, "queued": 2}	{"cut": null, "free": false, "queued": 2, "truncated": false}	{"built": null}	{}	Retreat(2) ; Attack(Attack { energy_required: [Fighting], title: "Stretch Kick", fixed_damage: 0, ef...
8	k3	11	201	state	13	ON THE BOARD	ON THE BOARD	no				{"coin_queued_offered": [13], "coin_queued_offered_any": [13]}	
8	k3	11	204	state	26	ON THE BOARD	ON THE BOARD	no				{"coin_queued_offered": [26], "coin_queued_offered_any": [26]}	
8	k3	11	207	lookahead	36	LOOKAHEAD ONLY, both halves hold	LOOKAHEAD ONLY, both halves hold	no	{"cut": null, "free": true, "queued": 3}	{"cut": null, "free": true, "queued": 3, "truncated": false}	{"built": null}	{}	Attach { attachments: [(1, Fighting, 1)], is_turn_energy: true } ; Retreat(1) ; Attack(Attack { energy_required: [Fighting], title: "Stretch Kick", fixed_damage: 0, ef...
8	k3	11	210	state	15	ON THE BOARD	ON THE BOARD	no				{"coin_queued_offered": [15], "coin_queued_offered_any": [15]}	
8	k3	11	211	lookahead	12	LOOKAHEAD ONLY, both halves hold	LOOKAHEAD ONLY, both halves hold	no	{"cut": null, "free": true, "queued": 2}	{"cut": null, "free": true, "queued": 2, "truncated": false}	{"built": null}	{}	Attach { attachments: [(1, Fighting, 0)], is_turn_energy: true } ; Attack(Attack { energy_required: [Fighting], title: "Stretch Kick", fixed_damage: 0, ef...
8	k3	11	212	state	24	ON THE BOARD	ON THE BOARD	no				{"coin_queued_offered": [24], "coin_queued_offered_any": [24]}	
8	k3	11	214	lookahead	12	LOOKAHEAD ONLY, both halves hold	LOOKAHEAD ONLY, both halves hold	no	{"cut": null, "free": true, "queued": 2}	{"cut": null, "free": true, "queued": 2, "truncated": false}	{"built": null}	{}	Attach { attachments: [(1, Fighting, 0)], is_turn_energy: true } ; Attack(Attack { energy_required: [Fighting], title: "Stretch Kick", fixed_damage: 0, ef...
8	k3	11	215	state	15	ON THE BOARD	ON THE BOARD	no				{"coin_queued_offered": [15], "coin_queued_offered_any": [15]}	
8	k3	11	216	state	45	ON THE BOARD	ON THE BOARD	no				{"coin_queued_offered": [45], "coin_queued_offered_any": [45]}	
8	k3	11	218	state	41	ON THE BOARD	ON THE BOARD	no				{"coin_queued_offered": [41], "coin_queued_offered_any": [41]}	
8	k3	11	221	state	17	ON THE BOARD	ON THE BOARD	no				{"coin_queued_offered": [17], "coin_queued_offered_any": [17]}	
8	k3	11	222	state	21	ON THE BOARD	ON THE BOARD	no				{"coin_queued_offered": [21], "coin_queued_offered_any": [21]}	
8	k3	11	224	state	17	ON THE BOARD	ON THE BOARD	no				{"coin_queued_offered": [17], "coin_queued_offered_any": [17]}	
8	k3	11	227	state	28	ON THE BOARD	ON THE BOARD	no				{"coin_queued_offered": [28], "coin_queued_offered_any": [28]}	
8	k3	11	228	lookahead	11	LOOKAHEAD ONLY, both halves hold	LOOKAHEAD ONLY, both halves hold	no	{"cut": null, "free": true, "queued": 3}	{"cut": null, "free": true, "queued": 3, "truncated": false}	{"built": null}	{}	Attach { attachments: [(1, Fighting, 2)], is_turn_energy: true } ; Retreat(2) ; Attack(Attack { energy_required: [Fighting], title: "Stretch Kick", fixed_damage: 0, ef...
8	k3	11	230	state	17	ON THE BOARD	ON THE BOARD	no				{"coin_queued_offered": [17], "coin_queued_offered_any": [17]}	
8	k3	11	231	state	37	ON THE BOARD	ON THE BOARD	no				{"coin_queued_offered": [37], "coin_queued_offered_any": [37]}	
8	k3	11	232	lookahead	10	LOOKAHEAD ONLY, both halves hold	LOOKAHEAD ONLY, both halves hold	no	{"cut": null, "free": true, "queued": 2}	{"cut": null, "free": true, "queued": 2, "truncated": false}	{"built": null}	{}	Attach { attachments: [(1, Fighting, 0)], is_turn_energy: true } ; Attack(Attack { energy_required: [Fighting], title: "Stretch Kick", fixed_damage: 0, ef...
8	k3	11	235	state	32	ON THE BOARD	ON THE BOARD	no				{"coin_queued_offered": [32], "coin_queued_offered_any": [32]}	
8	k3	11	238	state	44	ON THE BOARD	ON THE BOARD	no				{"coin_queued_offered": [44], "coin_queued_offered_any": [44]}	
8	k3	11	240	state	20	ON THE BOARD	ON THE BOARD	no				{"coin_queued_offered": [20], "coin_queued_offered_any": [20]}	
8	k3	11	241	state	25	ON THE BOARD	ON THE BOARD	no				{"coin_queued_offered": [25], "coin_queued_offered_any": [25]}	
8	k3	11	243	state	16	ON THE BOARD	ON THE BOARD	no				{"coin_queued_offered": [16], "coin_queued_offered_any": [16]}	
8	k3	11	246	state	27	ON THE BOARD	ON THE BOARD	no				{"coin_queued_offered": [27], "coin_queued_offered_any": [27]}	
8	k3	11	248	lookahead	20	LOOKAHEAD ONLY, both halves hold	LOOKAHEAD ONLY, both halves hold	no	{"cut": null, "free": true, "queued": 2}	{"cut": null, "free": true, "queued": 2, "truncated": false}	{"built": null}	{}	Attach { attachments: [(1, Fighting, 0)], is_turn_energy: true } ; Attack(Attack { energy_required: [Fighting], title: "Stretch Kick", fixed_damage: 0, ef...
8	km3	12	1	state	41	ON THE BOARD	ON THE BOARD	no				{"coin_queued_offered": [41], "coin_queued_offered_any": [41]}	
8	km3	12	3	state	30	ON THE BOARD	ON THE BOARD	no				{"coin_queued_offered": [30], "coin_queued_offered_any": [30]}	
8	km3	12	4	lookahead	58	LOOKAHEAD ONLY, both halves hold	LOOKAHEAD ONLY, both halves hold	no	{"cut": null, "free": false, "queued": 1}	{"cut": null, "free": false, "queued": 1, "truncated": false}	{"built": null}	{}	Attack(Attack { energy_required: [Grass, Grass], title: "Slicing Snipe", fixed_damage: ...
8	km3	12	6	state	32	ON THE BOARD	ON THE BOARD	no				{"coin_queued_offered": [32], "coin_queued_offered_any": [32]}	
8	km3	12	7	state	93	ON THE BOARD	ON THE BOARD	no				{"coin_queued_offered": [93], "coin_queued_offered_any": [93]}	
8	km3	12	8	lookahead	75	LOOKAHEAD ONLY, both halves hold	LOOKAHEAD ONLY, both halves hold	no	{"cut": null, "free": true, "queued": 3}	{"cut": null, "free": true, "queued": 3, "truncated": false}	{"built": null}	{}	Attach { attachments: [(1, Grass, 2)], is_turn_energy: true } ; Retreat(2) ; Attack(Attack { energy_required: [Grass, Grass], title: "Slicing Snipe", fixed_damage: ...
8	km3	12	9	lookahead	62	LOOKAHEAD ONLY, both halves hold	LOOKAHEAD ONLY, both halves hold	no	{"cut": null, "free": false, "queued": 2}	{"cut": null, "free": false, "queued": 2, "truncated": false}	{"built": null}	{}	Retreat(2) ; Attack(Attack { energy_required: [Grass, Grass], title: "Slicing Snipe", fixed_damage: ...
8	km3	12	10	state	64	ON THE BOARD	ON THE BOARD	no				{"coin_queued_offered": [64], "coin_queued_offered_any": [64]}	
8	km3	12	11	state	41	ON THE BOARD	ON THE BOARD	no				{"coin_queued_offered": [41], "coin_queued_offered_any": [41]}	
8	km3	12	12	lookahead	86	LOOKAHEAD ONLY, both halves hold	LOOKAHEAD ONLY, both halves hold	no	{"cut": null, "free": true, "queued": 3}	{"cut": null, "free": true, "queued": 3, "truncated": false}	{"built": null}	{}	Attach { attachments: [(1, Grass, 3)], is_turn_energy: true } ; Retreat(3) ; Attack(Attack { energy_required: [Grass, Grass], title: "Slicing Snipe", fixed_damage: ...
8	km3	12	13	state	37	ON THE BOARD	ON THE BOARD	no				{"coin_queued_offered": [37], "coin_queued_offered_any": [37]}	
8	km3	12	14	lookahead	93	LOOKAHEAD ONLY, both halves hold	LOOKAHEAD ONLY, both halves hold	no	{"cut": null, "free": true, "queued": 2}	{"cut": null, "free": true, "queued": 2, "truncated": false}	{"built": null}	{}	Retreat(3) ; Attack(Attack { energy_required: [Grass, Grass], title: "Slicing Snipe", fixed_damage: ...
8	km3	12	15	lookahead	68	LOOKAHEAD ONLY, both halves hold	LOOKAHEAD ONLY, both halves hold	no	{"cut": null, "free": true, "queued": 3}	{"cut": null, "free": true, "queued": 3, "truncated": false}	{"built": null}	{}	Attach { attachments: [(1, Grass, 2)], is_turn_energy: true } ; Retreat(2) ; Attack(Attack { energy_required: [Grass, Grass], title: "Slicing Snipe", fixed_damage: ...
8	km3	12	17	lookahead	55	LOOKAHEAD ONLY, both halves hold	LOOKAHEAD ONLY, both halves hold	no	{"cut": null, "free": true, "queued": 3}	{"cut": null, "free": true, "queued": 3, "truncated": false}	{"built": null}	{}	Attach { attachments: [(1, Grass, 3)], is_turn_energy: true } ; Retreat(3) ; Attack(Attack { energy_required: [Grass, Grass], title: "Slicing Snipe", fixed_damage: ...
8	km3	12	18	state	55	ON THE BOARD	ON THE BOARD	no				{"coin_queued_offered": [55], "coin_queued_offered_any": [55]}	
8	km3	12	23	lookahead	86	LOOKAHEAD ONLY, both halves hold	LOOKAHEAD ONLY, both halves hold	no	{"cut": null, "free": false, "queued": 1}	{"cut": null, "free": false, "queued": 1, "truncated": false}	{"built": null}	{}	Attack(Attack { energy_required: [Grass, Grass], title: "Slicing Snipe", fixed_damage: ...
8	km3	12	25	lookahead	45	LOOKAHEAD ONLY, both halves hold	LOOKAHEAD ONLY, both halves hold	no	{"cut": null, "free": false, "queued": 2}	{"cut": null, "free": false, "queued": 2, "truncated": false}	{"built": null}	{}	Retreat(2) ; Attack(Attack { energy_required: [Grass, Grass], title: "Slicing Snipe", fixed_damage: ...
8	km3	12	28	state	75	ON THE BOARD	ON THE BOARD	no				{"coin_queued_offered": [75], "coin_queued_offered_any": [75]}	
8	km3	12	29	state	63	ON THE BOARD	ON THE BOARD	no				{"coin_queued_offered": [63], "coin_queued_offered_any": [63]}	
8	km3	12	31	lookahead	33	LOOKAHEAD ONLY, both halves hold	LOOKAHEAD ONLY, both halves hold	no	{"cut": null, "free": false, "queued": 2}	{"cut": null, "free": false, "queued": 2, "truncated": false}	{"built": null}	{}	Attach { attachments: [(1, Grass, 0)], is_turn_energy: true } ; Attack(Attack { energy_required: [Grass, Grass], title: "Slicing Snipe", fixed_damage: ...
8	km3	12	32	state	41	ON THE BOARD	ON THE BOARD	no				{"coin_queued_offered": [41], "coin_queued_offered_any": [41]}	
8	km3	12	35	lookahead	73	LOOKAHEAD ONLY, both halves hold	LOOKAHEAD ONLY, both halves hold	no	{"cut": null, "free": false, "queued": 2}	{"cut": null, "free": false, "queued": 2, "truncated": false}	{"built": null}	{}	Retreat(3) ; Attack(Attack { energy_required: [Grass, Grass], title: "Slicing Snipe", fixed_damage: ...
8	km3	12	39	lookahead	76	LOOKAHEAD ONLY, both halves hold	LOOKAHEAD ONLY, both halves hold	no	{"cut": null, "free": false, "queued": 2}	{"cut": null, "free": false, "queued": 2, "truncated": false}	{"built": null}	{}	Retreat(3) ; Attack(Attack { energy_required: [Grass, Grass], title: "Slicing Snipe", fixed_damage: ...
8	km3	12	40	lookahead	51	LOOKAHEAD ONLY, both halves hold	LOOKAHEAD ONLY, both halves hold	no	{"cut": null, "free": false, "queued": 2}	{"cut": null, "free": false, "queued": 2, "truncated": false}	{"built": null}	{}	Retreat(3) ; Attack(Attack { energy_required: [Grass, Grass], title: "Slicing Snipe", fixed_damage: ...
8	km3	12	42	lookahead	78	LOOKAHEAD ONLY, both halves hold	LOOKAHEAD ONLY, both halves hold	no	{"cut": null, "free": false, "queued": 2}	{"cut": null, "free": false, "queued": 2, "truncated": false}	{"built": null}	{}	Retreat(2) ; Attack(Attack { energy_required: [Grass, Grass], title: "Slicing Snipe", fixed_damage: ...
8	km3	12	45	state	78	ON THE BOARD	ON THE BOARD	no				{"coin_queued_offered": [78], "coin_queued_offered_any": [78]}	
8	km3	12	48	state	68	ON THE BOARD	ON THE BOARD	no				{"coin_queued_offered": [68], "coin_queued_offered_any": [68]}	
8	km3	12	54	state	64	ON THE BOARD	ON THE BOARD	no				{"coin_queued_offered": [64], "coin_queued_offered_any": [64]}	
8	km3	12	56	lookahead	31	LOOKAHEAD ONLY, both halves hold	LOOKAHEAD ONLY, both halves hold	no	{"cut": null, "free": true, "queued": 2}	{"cut": null, "free": true, "queued": 2, "truncated": false}	{"built": null}	{}	Attach { attachments: [(1, Grass, 0)], is_turn_energy: true } ; Attack(Attack { energy_required: [Grass, Grass], title: "Slicing Snipe", fixed_damage: ...
8	km3	12	57	lookahead	58	LOOKAHEAD ONLY, both halves hold	LOOKAHEAD ONLY, both halves hold	no	{"cut": null, "free": true, "queued": 2}	{"cut": null, "free": true, "queued": 2, "truncated": false}	{"built": null}	{}	Retreat(3) ; Attack(Attack { energy_required: [Grass, Grass], title: "Slicing Snipe", fixed_damage: ...
8	km3	12	60	lookahead	37	LOOKAHEAD ONLY, both halves hold	LOOKAHEAD ONLY, both halves hold	no	{"cut": null, "free": false, "queued": 2}	{"cut": null, "free": false, "queued": 2, "truncated": false}	{"built": null}	{}	Attach { attachments: [(1, Grass, 0)], is_turn_energy: true } ; Attack(Attack { energy_required: [Grass, Grass], title: "Slicing Snipe", fixed_damage: ...
8	km3	12	62	lookahead	78	LOOKAHEAD ONLY, both halves hold	LOOKAHEAD ONLY, both halves hold	no	{"cut": null, "free": true, "queued": 3}	{"cut": null, "free": true, "queued": 3, "truncated": false}	{"built": null}	{}	Attach { attachments: [(1, Grass, 2)], is_turn_energy: true } ; Retreat(2) ; Attack(Attack { energy_required: [Grass, Grass], title: "Slicing Snipe", fixed_damage: ...
8	km3	12	63	state	67	ON THE BOARD	ON THE BOARD	no				{"coin_queued_offered": [67], "coin_queued_offered_any": [67]}	
8	km3	12	64	lookahead	37	LOOKAHEAD ONLY, both halves hold	LOOKAHEAD ONLY, both halves hold	no	{"cut": null, "free": true, "queued": 2}	{"cut": null, "free": true, "queued": 2, "truncated": false}	{"built": null}	{}	Attach { attachments: [(1, Grass, 0)], is_turn_energy: true } ; Attack(Attack { energy_required: [Grass, Grass], title: "Slicing Snipe", fixed_damage: ...
8	km3	12	66	state	59	ON THE BOARD	ON THE BOARD	no				{"coin_queued_offered": [59], "coin_queued_offered_any": [59]}	
8	km3	12	69	lookahead	29	LOOKAHEAD ONLY, both halves hold	LOOKAHEAD ONLY, both halves hold	no	{"cut": null, "free": true, "queued": 3}	{"cut": null, "free": true, "limit": 600000, "queued": 3, "truncated": false}	{"built": null}	{}	Evolve { evolution: Pokemon(B3 006 Grovyle), in_play_idx: 0, from_deck: false } ; Attach { attachments: [(1, Grass, 0)], is_turn_energy: true } ; Attack(Attack { energy_required: [Grass, Grass], title: "Slicing Snipe", fixed_damage: ...
8	km3	12	71	lookahead	77	LOOKAHEAD ONLY, both halves hold	LOOKAHEAD ONLY, both halves hold	no	{"cut": null, "free": false, "queued": 2}	{"cut": null, "free": false, "queued": 2, "truncated": false}	{"built": null}	{}	Retreat(3) ; Attack(Attack { energy_required: [Grass, Grass], title: "Slicing Snipe", fixed_damage: ...
8	km3	12	73	lookahead	37	LOOKAHEAD ONLY, both halves hold	LOOKAHEAD ONLY, both halves hold	no	{"cut": null, "free": true, "queued": 2}	{"cut": null, "free": true, "queued": 2, "truncated": false}	{"built": null}	{}	Attach { attachments: [(1, Grass, 0)], is_turn_energy: true } ; Attack(Attack { energy_required: [Grass, Grass], title: "Slicing Snipe", fixed_damage: ...
8	km3	12	75	state	91	ON THE BOARD	ON THE BOARD	no				{"coin_queued_offered": [91], "coin_queued_offered_any": [91]}	
8	km3	12	78	lookahead	40	LOOKAHEAD ONLY, both halves hold	LOOKAHEAD ONLY, both halves hold	no	{"cut": null, "free": true, "queued": 2}	{"cut": null, "free": true, "queued": 2, "truncated": false}	{"built": null}	{}	Attach { attachments: [(1, Grass, 0)], is_turn_energy: true } ; Attack(Attack { energy_required: [Grass, Grass], title: "Slicing Snipe", fixed_damage: ...
8	km3	12	80	state	80	ON THE BOARD	ON THE BOARD	no				{"coin_queued_offered": [80], "coin_queued_offered_any": [80]}	
8	km3	12	81	lookahead	74	LOOKAHEAD ONLY, both halves hold	LOOKAHEAD ONLY, both halves hold	no	{"cut": null, "free": true, "queued": 2}	{"cut": null, "free": true, "queued": 2, "truncated": false}	{"built": null}	{}	Retreat(2) ; Attack(Attack { energy_required: [Grass, Grass], title: "Slicing Snipe", fixed_damage: ...
8	km3	12	82	state	56	ON THE BOARD	ON THE BOARD	no				{"coin_queued_offered": [56], "coin_queued_offered_any": [56]}	
8	km3	12	83	state	70	ON THE BOARD	ON THE BOARD	no				{"coin_queued_offered": [70], "coin_queued_offered_any": [70]}	
8	km3	12	85	state	49	ON THE BOARD	ON THE BOARD	no				{"coin_queued_offered": [49], "coin_queued_offered_any": [49]}	
8	km3	12	87	lookahead	38	LOOKAHEAD ONLY, both halves hold	LOOKAHEAD ONLY, both halves hold	no	{"cut": null, "free": false, "queued": 2}	{"cut": null, "free": false, "queued": 2, "truncated": false}	{"built": null}	{}	Attach { attachments: [(1, Grass, 0)], is_turn_energy: true } ; Attack(Attack { energy_required: [Grass, Grass], title: "Slicing Snipe", fixed_damage: ...
8	km3	12	88	state	31	ON THE BOARD	ON THE BOARD	no				{"coin_queued_offered": [31], "coin_queued_offered_any": [31]}	
8	km3	12	89	lookahead	58	LOOKAHEAD ONLY, both halves hold	LOOKAHEAD ONLY, both halves hold	no	{"cut": null, "free": false, "queued": 2}	{"cut": null, "free": false, "queued": 2, "truncated": false}	{"built": null}	{}	Retreat(2) ; Attack(Attack { energy_required: [Grass, Grass], title: "Slicing Snipe", fixed_damage: ...
8	km3	12	91	state	53	ON THE BOARD	ON THE BOARD	no				{"coin_queued_offered": [53], "coin_queued_offered_any": [53]}	
8	km3	12	94	state	29	ON THE BOARD	ON THE BOARD	no				{"coin_queued_offered": [29], "coin_queued_offered_any": [29]}	
8	km3	12	95	state	29	ON THE BOARD	ON THE BOARD	no				{"coin_queued_offered": [29], "coin_queued_offered_any": [29]}	
8	km3	12	98	state	78	ON THE BOARD	ON THE BOARD	no				{"coin_queued_offered": [78], "coin_queued_offered_any": [78]}	
8	km3	12	99	state	39	ON THE BOARD	ON THE BOARD	no				{"coin_queued_offered": [39], "coin_queued_offered_any": [39]}	
8	km3	12	100	state	35	ON THE BOARD	ON THE BOARD	no				{"coin_queued_offered": [35], "coin_queued_offered_any": [35]}	
8	km3	12	102	state	37	ON THE BOARD	ON THE BOARD	no				{"coin_queued_offered": [37], "coin_queued_offered_any": [37]}	
8	km3	12	104	state	38	ON THE BOARD	ON THE BOARD	no				{"coin_queued_offered": [38], "coin_queued_offered_any": [38]}	
8	km3	12	106	lookahead	64	LOOKAHEAD ONLY, both halves hold	LOOKAHEAD ONLY, both halves hold	no	{"cut": null, "free": true, "queued": 3}	{"cut": null, "free": true, "queued": 3, "truncated": false}	{"built": null}	{}	Attach { attachments: [(1, Grass, 3)], is_turn_energy: true } ; Retreat(3) ; Attack(Attack { energy_required: [Grass, Grass], title: "Slicing Snipe", fixed_damage: ...
8	km3	12	110	lookahead	90	LOOKAHEAD ONLY, both halves hold	LOOKAHEAD ONLY, both halves hold	no	{"cut": null, "free": true, "queued": 2}	{"cut": null, "free": true, "queued": 2, "truncated": false}	{"built": null}	{}	Retreat(2) ; Attack(Attack { energy_required: [Grass, Grass], title: "Slicing Snipe", fixed_damage: ...
8	km3	12	111	state	55	ON THE BOARD	ON THE BOARD	no				{"coin_queued_offered": [55], "coin_queued_offered_any": [55]}	
8	km3	12	115	state	50	ON THE BOARD	ON THE BOARD	no				{"coin_queued_offered": [50], "coin_queued_offered_any": [50]}	
8	km3	12	118	state	32	ON THE BOARD	ON THE BOARD	no				{"coin_queued_offered": [32], "coin_queued_offered_any": [32]}	
8	km3	12	120	state	88	ON THE BOARD	ON THE BOARD	no				{"coin_queued_offered": [88], "coin_queued_offered_any": [88]}	
8	km3	12	121	state	55	ON THE BOARD	ON THE BOARD	no				{"coin_queued_offered": [55], "coin_queued_offered_any": [55]}	
8	km3	12	123	state	97	ON THE BOARD	ON THE BOARD	no				{"coin_queued_offered": [97], "coin_queued_offered_any": [97]}	
8	km3	12	124	state	37	ON THE BOARD	ON THE BOARD	no				{"coin_queued_offered": [37], "coin_queued_offered_any": [37]}	
8	km3	12	127	state	78	ON THE BOARD	ON THE BOARD	no				{"coin_queued_offered": [78], "coin_queued_offered_any": [78]}	
8	km3	12	128	lookahead	82	LOOKAHEAD ONLY, both halves hold	LOOKAHEAD ONLY, both halves hold	no	{"cut": null, "free": false, "queued": 1}	{"cut": null, "free": false, "queued": 1, "truncated": false}	{"built": null}	{}	Attack(Attack { energy_required: [Grass, Grass], title: "Slicing Snipe", fixed_damage: ...
8	km3	12	132	state	35	ON THE BOARD	ON THE BOARD	no				{"coin_queued_offered": [35], "coin_queued_offered_any": [35]}	
8	km3	12	133	state	30	ON THE BOARD	ON THE BOARD	no				{"coin_queued_offered": [30], "coin_queued_offered_any": [30]}	
8	km3	12	134	state	51	ON THE BOARD	ON THE BOARD	no				{"coin_queued_offered": [51], "coin_queued_offered_any": [51]}	
8	km3	12	136	state	30	ON THE BOARD	ON THE BOARD	no				{"coin_queued_offered": [30], "coin_queued_offered_any": [30]}	
8	km3	12	137	lookahead	63	LOOKAHEAD ONLY, both halves hold	LOOKAHEAD ONLY, both halves hold	no	{"cut": null, "free": false, "queued": 2}	{"cut": null, "free": false, "queued": 2, "truncated": false}	{"built": null}	{}	Retreat(3) ; Attack(Attack { energy_required: [Grass, Grass], title: "Slicing Snipe", fixed_damage: ...
8	km3	12	138	state	32	ON THE BOARD	ON THE BOARD	no				{"coin_queued_offered": [32], "coin_queued_offered_any": [32]}	
8	km3	12	140	lookahead	72	LOOKAHEAD ONLY, both halves hold	LOOKAHEAD ONLY, both halves hold	no	{"cut": null, "free": false, "queued": 2}	{"cut": null, "free": false, "queued": 2, "truncated": false}	{"built": null}	{}	Retreat(2) ; Attack(Attack { energy_required: [Grass, Grass], title: "Slicing Snipe", fixed_damage: ...
8	km3	12	141	state	41	ON THE BOARD	ON THE BOARD	no				{"coin_queued_offered": [41], "coin_queued_offered_any": [41]}	
8	km3	12	142	lookahead	56	LOOKAHEAD ONLY, both halves hold	LOOKAHEAD ONLY, both halves hold	no	{"cut": null, "free": false, "queued": 2}	{"cut": null, "free": false, "queued": 2, "truncated": false}	{"built": null}	{}	Retreat(2) ; Attack(Attack { energy_required: [Grass, Grass], title: "Slicing Snipe", fixed_damage: ...
8	km3	12	143	state	34	ON THE BOARD	ON THE BOARD	no				{"coin_queued_offered": [34], "coin_queued_offered_any": [34]}	
8	km3	12	144	lookahead	63	LOOKAHEAD ONLY, both halves hold	LOOKAHEAD ONLY, both halves hold	no	{"cut": null, "free": true, "queued": 3}	{"cut": null, "free": true, "queued": 3, "truncated": false}	{"built": null}	{}	Attach { attachments: [(1, Grass, 2)], is_turn_energy: true } ; Retreat(2) ; Attack(Attack { energy_required: [Grass, Grass], title: "Slicing Snipe", fixed_damage: ...
8	km3	12	145	lookahead	75	LOOKAHEAD ONLY, both halves hold	LOOKAHEAD ONLY, both halves hold	no	{"cut": null, "free": true, "queued": 1}	{"cut": null, "free": true, "queued": 1, "truncated": false}	{"built": null}	{}	Attack(Attack { energy_required: [Grass, Grass], title: "Slicing Snipe", fixed_damage: ...
8	km3	12	148	lookahead	87	LOOKAHEAD ONLY, both halves hold	LOOKAHEAD ONLY, both halves hold	no	{"cut": null, "free": true, "queued": 3}	{"cut": null, "free": true, "queued": 3, "truncated": true}	{"built": null}	{}	Attach { attachments: [(1, Grass, 2)], is_turn_energy: true } ; Retreat(2) ; Attack(Attack { energy_required: [Grass, Grass], title: "Slicing Snipe", fixed_damage: ...
8	km3	12	149	state	59	ON THE BOARD	ON THE BOARD	no				{"coin_queued_offered": [59], "coin_queued_offered_any": [59]}	
8	km3	12	150	lookahead	69	LOOKAHEAD ONLY, both halves hold	LOOKAHEAD ONLY, both halves hold	no	{"cut": null, "free": false, "queued": 2}	{"cut": null, "free": false, "queued": 2, "truncated": false}	{"built": null}	{}	Retreat(2) ; Attack(Attack { energy_required: [Grass, Grass], title: "Slicing Snipe", fixed_damage: ...
8	km3	12	151	state	85	ON THE BOARD	ON THE BOARD	no				{"coin_queued_offered": [85], "coin_queued_offered_any": [85]}	
8	km3	12	153	state	31	ON THE BOARD	ON THE BOARD	no				{"coin_queued_offered": [31], "coin_queued_offered_any": [31]}	
8	km3	12	154	state	76	ON THE BOARD	ON THE BOARD	no				{"coin_queued_offered": [76], "coin_queued_offered_any": [76]}	
8	km3	12	156	lookahead	22	LOOKAHEAD ONLY, both halves hold	LOOKAHEAD ONLY, both halves hold	no	{"cut": null, "free": true, "queued": 3}	{"cut": null, "free": true, "queued": 3, "truncated": false}	{"built": null}	{}	Evolve { evolution: Pokemon(B3 006 Grovyle), in_play_idx: 0, from_deck: false } ; Attach { attachments: [(1, Grass, 0)], is_turn_energy: true } ; Attack(Attack { energy_required: [Grass, Grass], title: "Slicing Snipe", fixed_damage: ...
8	km3	12	157	state	31	ON THE BOARD	ON THE BOARD	no				{"coin_queued_offered": [31], "coin_queued_offered_any": [31]}	
8	km3	12	158	state	52	ON THE BOARD	ON THE BOARD	no				{"coin_queued_offered": [52], "coin_queued_offered_any": [52]}	
8	km3	12	162	lookahead	66	LOOKAHEAD ONLY, both halves hold	LOOKAHEAD ONLY, both halves hold	no	{"cut": null, "free": false, "queued": 1}	{"cut": null, "free": false, "queued": 1, "truncated": false}	{"built": null}	{}	Attack(Attack { energy_required: [Grass, Grass], title: "Slicing Snipe", fixed_damage: ...
8	km3	12	164	state	37	ON THE BOARD	ON THE BOARD	no				{"coin_queued_offered": [37], "coin_queued_offered_any": [37]}	
8	km3	12	165	state	92	ON THE BOARD	ON THE BOARD	no				{"coin_queued_offered": [92], "coin_queued_offered_any": [92]}	
8	km3	12	167	state	88	ON THE BOARD	ON THE BOARD	no				{"coin_queued_offered": [88], "coin_queued_offered_any": [88]}	
8	km3	12	168	lookahead	99	LOOKAHEAD ONLY, both halves hold	LOOKAHEAD ONLY, both halves hold	no	{"cut": null, "free": false, "queued": 1}	{"cut": null, "free": false, "queued": 1, "truncated": false}	{"built": null}	{}	Attack(Attack { energy_required: [Grass, Grass], title: "Slicing Snipe", fixed_damage: ...
8	km3	12	169	lookahead	92	LOOKAHEAD ONLY, both halves hold	LOOKAHEAD ONLY, both halves hold	no	{"cut": null, "free": false, "queued": 2}	{"cut": null, "free": false, "queued": 2, "truncated": false}	{"built": null}	{}	Retreat(2) ; Attack(Attack { energy_required: [Grass, Grass], title: "Slicing Snipe", fixed_damage: ...
8	km3	12	171	state	73	ON THE BOARD	ON THE BOARD	no				{"coin_queued_offered": [73], "coin_queued_offered_any": [73]}	
8	km3	12	176	state	74	ON THE BOARD	ON THE BOARD	no				{"coin_queued_offered": [74], "coin_queued_offered_any": [74]}	
8	km3	12	178	lookahead	104	LOOKAHEAD ONLY, both halves hold	LOOKAHEAD ONLY, both halves hold	no	{"cut": null, "free": false, "queued": 2}	{"cut": null, "free": false, "queued": 2, "truncated": false}	{"built": null}	{}	Retreat(3) ; Attack(Attack { energy_required: [Grass, Grass], title: "Slicing Snipe", fixed_damage: ...
8	km3	12	180	lookahead	58	LOOKAHEAD ONLY, both halves hold	LOOKAHEAD ONLY, both halves hold	no	{"cut": null, "free": false, "queued": 2}	{"cut": null, "free": false, "queued": 2, "truncated": false}	{"built": null}	{}	Retreat(3) ; Attack(Attack { energy_required: [Grass, Grass], title: "Slicing Snipe", fixed_damage: ...
8	km3	12	181	lookahead	83	LOOKAHEAD ONLY, both halves hold	LOOKAHEAD ONLY, both halves hold	no	{"cut": null, "free": false, "queued": 2}	{"cut": null, "free": false, "queued": 2, "truncated": false}	{"built": null}	{}	Retreat(2) ; Attack(Attack { energy_required: [Grass, Grass], title: "Slicing Snipe", fixed_damage: ...
8	km3	12	183	state	39	ON THE BOARD	ON THE BOARD	no				{"coin_queued_offered": [39], "coin_queued_offered_any": [39]}	
8	km3	12	185	lookahead	47	LOOKAHEAD ONLY, both halves hold	LOOKAHEAD ONLY, both halves hold	no	{"cut": null, "free": false, "queued": 2}	{"cut": null, "free": false, "queued": 2, "truncated": false}	{"built": null}	{}	Retreat(3) ; Attack(Attack { energy_required: [Grass, Grass], title: "Slicing Snipe", fixed_damage: ...
8	km3	12	187	lookahead	43	LOOKAHEAD ONLY, both halves hold	LOOKAHEAD ONLY, both halves hold	no	{"cut": null, "free": true, "queued": 1}	{"cut": null, "free": true, "queued": 1, "truncated": false}	{"built": null}	{}	Attack(Attack { energy_required: [Grass, Grass], title: "Slicing Snipe", fixed_damage: ...
8	km3	12	188	state	32	ON THE BOARD	ON THE BOARD	no				{"coin_queued_offered": [32], "coin_queued_offered_any": [32]}	
8	km3	12	189	lookahead	80	LOOKAHEAD ONLY, both halves hold	LOOKAHEAD ONLY, both halves hold	no	{"cut": null, "free": true, "queued": 3}	{"cut": null, "free": true, "queued": 3, "truncated": false}	{"built": null}	{}	Attach { attachments: [(1, Grass, 3)], is_turn_energy: true } ; Retreat(3) ; Attack(Attack { energy_required: [Grass, Grass], title: "Slicing Snipe", fixed_damage: ...
8	km3	12	190	state	33	ON THE BOARD	ON THE BOARD	no				{"coin_queued_offered": [33], "coin_queued_offered_any": [33]}	
8	km3	12	191	lookahead	76	LOOKAHEAD ONLY, both halves hold	LOOKAHEAD ONLY, both halves hold	no	{"cut": null, "free": true, "queued": 1}	{"cut": null, "free": true, "queued": 1, "truncated": false}	{"built": null}	{}	Attack(Attack { energy_required: [Grass, Grass], title: "Slicing Snipe", fixed_damage: ...
8	km3	12	193	lookahead	79	LOOKAHEAD ONLY, both halves hold	LOOKAHEAD ONLY, both halves hold	no	{"cut": null, "free": false, "queued": 1}	{"cut": null, "free": false, "queued": 1, "truncated": false}	{"built": null}	{}	Attack(Attack { energy_required: [Grass, Grass], title: "Slicing Snipe", fixed_damage: ...
8	km3	12	194	state	34	ON THE BOARD	ON THE BOARD	no				{"coin_queued_offered": [34], "coin_queued_offered_any": [34]}	
8	km3	12	196	state	31	ON THE BOARD	ON THE BOARD	no				{"coin_queued_offered": [31], "coin_queued_offered_any": [31]}	
8	km3	12	198	state	32	ON THE BOARD	ON THE BOARD	no				{"coin_queued_offered": [32], "coin_queued_offered_any": [32]}	
8	km3	12	200	lookahead	49	LOOKAHEAD ONLY, both halves hold	LOOKAHEAD ONLY, both halves hold	no	{"cut": null, "free": false, "queued": 2}	{"cut": null, "free": false, "queued": 2, "truncated": false}	{"built": null}	{}	Retreat(3) ; Attack(Attack { energy_required: [Grass, Grass], title: "Slicing Snipe", fixed_damage: ...
8	km3	12	201	state	33	ON THE BOARD	ON THE BOARD	no				{"coin_queued_offered": [33], "coin_queued_offered_any": [33]}	
8	km3	12	203	lookahead	68	LOOKAHEAD ONLY, both halves hold	LOOKAHEAD ONLY, both halves hold	no	{"cut": null, "free": true, "queued": 3}	{"cut": null, "free": true, "queued": 3, "truncated": false}	{"built": null}	{}	Attach { attachments: [(1, Grass, 2)], is_turn_energy: true } ; Retreat(2) ; Attack(Attack { energy_required: [Grass, Grass], title: "Slicing Snipe", fixed_damage: ...
8	km3	12	204	state	64	ON THE BOARD	ON THE BOARD	no				{"coin_queued_offered": [64], "coin_queued_offered_any": [64]}	
8	km3	12	206	lookahead	56	LOOKAHEAD ONLY, both halves hold	LOOKAHEAD ONLY, both halves hold	no	{"cut": null, "free": false, "queued": 2}	{"cut": null, "free": false, "queued": 2, "truncated": false}	{"built": null}	{}	Retreat(3) ; Attack(Attack { energy_required: [Grass, Grass], title: "Slicing Snipe", fixed_damage: ...
8	km3	12	207	state	89	ON THE BOARD	ON THE BOARD	no				{"coin_queued_offered": [89], "coin_queued_offered_any": [89]}	
8	km3	12	210	lookahead	54	LOOKAHEAD ONLY, both halves hold	LOOKAHEAD ONLY, both halves hold	no	{"cut": null, "free": true, "queued": 2}	{"cut": null, "free": true, "queued": 2, "truncated": false}	{"built": null}	{}	Retreat(3) ; Attack(Attack { energy_required: [Grass, Grass], title: "Slicing Snipe", fixed_damage: ...
8	km3	12	211	state	46	ON THE BOARD	ON THE BOARD	no				{"coin_queued_offered": [46], "coin_queued_offered_any": [46]}	
8	km3	12	212	lookahead	63	LOOKAHEAD ONLY, both halves hold	LOOKAHEAD ONLY, both halves hold	no	{"cut": null, "free": false, "queued": 2}	{"cut": null, "free": false, "queued": 2, "truncated": false}	{"built": null}	{}	Retreat(3) ; Attack(Attack { energy_required: [Grass, Grass], title: "Slicing Snipe", fixed_damage: ...
8	km3	12	215	lookahead	55	LOOKAHEAD ONLY, both halves hold	LOOKAHEAD ONLY, both halves hold	no	{"cut": null, "free": true, "queued": 3}	{"cut": null, "free": true, "queued": 3, "truncated": false}	{"built": null}	{}	Attach { attachments: [(1, Grass, 3)], is_turn_energy: true } ; Retreat(3) ; Attack(Attack { energy_required: [Grass, Grass], title: "Slicing Snipe", fixed_damage: ...
8	km3	12	216	lookahead	56	LOOKAHEAD ONLY, both halves hold	LOOKAHEAD ONLY, both halves hold	no	{"cut": null, "free": false, "queued": 1}	{"cut": null, "free": false, "queued": 1, "truncated": false}	{"built": null}	{}	Attack(Attack { energy_required: [Grass, Grass], title: "Slicing Snipe", fixed_damage: ...
8	km3	12	217	lookahead	22	LOOKAHEAD ONLY, both halves hold	LOOKAHEAD ONLY, both halves hold	no	{"cut": null, "free": true, "queued": 2}	{"cut": null, "free": true, "queued": 2, "truncated": false}	{"built": null}	{}	Attach { attachments: [(1, Grass, 0)], is_turn_energy: true } ; Attack(Attack { energy_required: [Grass, Grass], title: "Slicing Snipe", fixed_damage: ...
8	km3	12	218	state	35	ON THE BOARD	ON THE BOARD	no				{"coin_queued_offered": [35], "coin_queued_offered_any": [35]}	
8	km3	12	219	lookahead	63	LOOKAHEAD ONLY, both halves hold	LOOKAHEAD ONLY, both halves hold	no	{"cut": null, "free": false, "queued": 1}	{"cut": null, "free": false, "queued": 1, "truncated": false}	{"built": null}	{}	Attack(Attack { energy_required: [Grass, Grass], title: "Slicing Snipe", fixed_damage: ...
8	km3	12	221	lookahead	62	LOOKAHEAD ONLY, both halves hold	LOOKAHEAD ONLY, both halves hold	no	{"cut": null, "free": true, "queued": 3}	{"cut": null, "free": true, "queued": 3, "truncated": false}	{"built": null}	{}	Attach { attachments: [(1, Grass, 2)], is_turn_energy: true } ; Retreat(2) ; Attack(Attack { energy_required: [Grass, Grass], title: "Slicing Snipe", fixed_damage: ...
8	km3	12	224	state	61	ON THE BOARD	ON THE BOARD	no				{"coin_queued_offered": [61], "coin_queued_offered_any": [61]}	
8	km3	12	225	lookahead	72	LOOKAHEAD ONLY, both halves hold	LOOKAHEAD ONLY, both halves hold	no	{"cut": null, "free": false, "queued": 2}	{"cut": null, "free": false, "queued": 2, "truncated": false}	{"built": null}	{}	Retreat(3) ; Attack(Attack { energy_required: [Grass, Grass], title: "Slicing Snipe", fixed_damage: ...
8	km3	12	226	lookahead	38	LOOKAHEAD ONLY, both halves hold	LOOKAHEAD ONLY, both halves hold	no	{"cut": null, "free": false, "queued": 2}	{"cut": null, "free": false, "queued": 2, "truncated": false}	{"built": null}	{}	Attach { attachments: [(1, Grass, 0)], is_turn_energy: true } ; Attack(Attack { energy_required: [Grass, Grass], title: "Slicing Snipe", fixed_damage: ...
8	km3	12	229	state	34	ON THE BOARD	ON THE BOARD	no				{"coin_queued_offered": [34], "coin_queued_offered_any": [34]}	
8	km3	12	230	state	32	ON THE BOARD	ON THE BOARD	no				{"coin_queued_offered": [32], "coin_queued_offered_any": [32]}	
8	km3	12	233	lookahead	97	LOOKAHEAD ONLY, both halves hold	LOOKAHEAD ONLY, both halves hold	no	{"cut": null, "free": true, "queued": 3}	{"cut": null, "free": true, "queued": 3, "truncated": false}	{"built": null}	{}	Attach { attachments: [(1, Grass, 3)], is_turn_energy: true } ; Retreat(3) ; Attack(Attack { energy_required: [Grass, Grass], title: "Slicing Snipe", fixed_damage: ...
8	km3	12	235	lookahead	28	LOOKAHEAD ONLY, both halves hold	LOOKAHEAD ONLY, both halves hold	no	{"cut": null, "free": true, "queued": 3}	{"cut": null, "free": true, "queued": 3, "truncated": false}	{"built": null}	{}	ChooseRandomEvolutionTarget { in_play_idx: 0, energy_type: Grass } ; Attach { attachments: [(1, Grass, 0)], is_turn_energy: true } ; Attack(Attack { energy_required: [Grass, Grass], title: "Slicing Snipe", fixed_damage: ...
8	km3	12	236	lookahead	46	LOOKAHEAD ONLY, both halves hold	LOOKAHEAD ONLY, both halves hold	no	{"cut": null, "free": true, "queued": 2}	{"cut": null, "free": true, "queued": 2, "truncated": false}	{"built": null}	{}	Retreat(3) ; Attack(Attack { energy_required: [Grass, Grass], title: "Slicing Snipe", fixed_damage: ...
8	km3	12	238	state	57	ON THE BOARD	ON THE BOARD	no				{"coin_queued_offered": [57], "coin_queued_offered_any": [57]}	
8	km3	12	239	lookahead	108	LOOKAHEAD ONLY, both halves hold	LOOKAHEAD ONLY, both halves hold	no	{"cut": null, "free": true, "queued": 3}	{"cut": null, "free": true, "queued": 3, "truncated": false}	{"built": null}	{}	Attach { attachments: [(1, Grass, 3)], is_turn_energy: true } ; Retreat(3) ; Attack(Attack { energy_required: [Grass, Grass], title: "Slicing Snipe", fixed_damage: ...
8	km3	12	242	lookahead	46	LOOKAHEAD ONLY, both halves hold	LOOKAHEAD ONLY, both halves hold	no	{"cut": null, "free": true, "queued": 3}	{"cut": null, "free": true, "queued": 3, "truncated": false}	{"built": null}	{}	Attach { attachments: [(1, Grass, 3)], is_turn_energy: true } ; Retreat(3) ; Attack(Attack { energy_required: [Grass, Grass], title: "Slicing Snipe", fixed_damage: ...
8	km3	12	247	state	38	ON THE BOARD	ON THE BOARD	no				{"coin_queued_offered": [38], "coin_queued_offered_any": [38]}	
8	km3	12	248	lookahead	102	LOOKAHEAD ONLY, both halves hold	LOOKAHEAD ONLY, both halves hold	no	{"cut": null, "free": true, "queued": 3}	{"cut": null, "free": true, "queued": 3, "truncated": false}	{"built": null}	{}	Evolve { evolution: Pokemon(B3 006 Grovyle), in_play_idx: 0, from_deck: false } ; Attach { attachments: [(1, Grass, 0)], is_turn_energy: true } ; Attack(Attack { energy_required: [Grass, Grass], title: "Slicing Snipe", fixed_damage: ...
8	km3	12	250	state	89	ON THE BOARD	ON THE BOARD	no				{"coin_queued_offered": [89], "coin_queued_offered_any": [89]}	
8	km3	12	251	state	31	ON THE BOARD	ON THE BOARD	no				{"coin_queued_offered": [31], "coin_queued_offered_any": [31]}	
8	km3	12	253	lookahead	46	LOOKAHEAD ONLY, both halves hold	LOOKAHEAD ONLY, both halves hold	no	{"cut": null, "free": true, "queued": 2}	{"cut": null, "free": true, "queued": 2, "truncated": false}	{"built": null}	{}	Retreat(3) ; Attack(Attack { energy_required: [Grass, Grass], title: "Slicing Snipe", fixed_damage: ...
8	km3	12	254	lookahead	108	LOOKAHEAD ONLY, both halves hold	LOOKAHEAD ONLY, both halves hold	no	{"cut": null, "free": true, "queued": 3}	{"cut": null, "free": true, "queued": 3, "truncated": false}	{"built": null}	{}	Attach { attachments: [(1, Grass, 2)], is_turn_energy: true } ; Retreat(2) ; Attack(Attack { energy_required: [Grass, Grass], title: "Slicing Snipe", fixed_damage: ...
8	km3	12	255	state	43	ON THE BOARD	ON THE BOARD	no				{"coin_queued_offered": [43], "coin_queued_offered_any": [43]}	
8	km3	12	256	state	83	ON THE BOARD	ON THE BOARD	no				{"coin_queued_offered": [83], "coin_queued_offered_any": [83]}	
8	km3	12	260	lookahead	75	LOOKAHEAD ONLY, both halves hold	LOOKAHEAD ONLY, both halves hold	no	{"cut": null, "free": false, "queued": 1}	{"cut": null, "free": false, "queued": 1, "truncated": false}	{"built": null}	{}	Attack(Attack { energy_required: [Grass, Grass], title: "Slicing Snipe", fixed_damage: ...
8	km3	12	265	lookahead	87	LOOKAHEAD ONLY, both halves hold	LOOKAHEAD ONLY, both halves hold	no	{"cut": null, "free": true, "queued": 1}	{"cut": null, "free": true, "queued": 1, "truncated": false}	{"built": null}	{}	Attack(Attack { energy_required: [Grass, Grass], title: "Slicing Snipe", fixed_damage: ...
8	km3	12	266	state	61	ON THE BOARD	ON THE BOARD	no				{"coin_queued_offered": [61], "coin_queued_offered_any": [61]}	
8	km3	12	267	lookahead	68	LOOKAHEAD ONLY, both halves hold	LOOKAHEAD ONLY, both halves hold	no	{"cut": null, "free": false, "queued": 1}	{"cut": null, "free": false, "queued": 1, "truncated": false}	{"built": null}	{}	Attack(Attack { energy_required: [Grass, Grass], title: "Slicing Snipe", fixed_damage: ...
8	km3	12	269	lookahead	45	LOOKAHEAD ONLY, both halves hold	LOOKAHEAD ONLY, both halves hold	no	{"cut": null, "free": false, "queued": 2}	{"cut": null, "free": false, "queued": 2, "truncated": false}	{"built": null}	{}	Retreat(2) ; Attack(Attack { energy_required: [Grass, Grass], title: "Slicing Snipe", fixed_damage: ...
8	km3	12	270	state	33	ON THE BOARD	ON THE BOARD	no				{"coin_queued_offered": [33], "coin_queued_offered_any": [33]}	
8	km3	12	273	lookahead	34	LOOKAHEAD ONLY, both halves hold	LOOKAHEAD ONLY, both halves hold	no	{"cut": null, "free": true, "queued": 2}	{"cut": null, "free": true, "queued": 2, "truncated": false}	{"built": null}	{}	Attach { attachments: [(1, Grass, 0)], is_turn_energy: true } ; Attack(Attack { energy_required: [Grass, Grass], title: "Slicing Snipe", fixed_damage: ...
8	km3	12	274	state	35	ON THE BOARD	ON THE BOARD	no				{"coin_queued_offered": [35], "coin_queued_offered_any": [35]}	
8	km3	12	275	lookahead	51	LOOKAHEAD ONLY, both halves hold	LOOKAHEAD ONLY, both halves hold	no	{"cut": null, "free": true, "queued": 1}	{"cut": null, "free": true, "queued": 1, "truncated": false}	{"built": null}	{}	Attack(Attack { energy_required: [Grass, Grass], title: "Slicing Snipe", fixed_damage: ...
8	km3	12	277	state	84	ON THE BOARD	ON THE BOARD	no				{"coin_queued_offered": [84], "coin_queued_offered_any": [84]}	
8	km3	12	278	state	66	ON THE BOARD	ON THE BOARD	no				{"coin_queued_offered": [66], "coin_queued_offered_any": [66]}	
8	km3	12	279	state	28	ON THE BOARD	ON THE BOARD	no				{"coin_queued_offered": [28], "coin_queued_offered_any": [28]}	
8	km3	12	280	lookahead	36	LOOKAHEAD ONLY, both halves hold	LOOKAHEAD ONLY, both halves hold	no	{"cut": null, "free": false, "queued": 2}	{"cut": null, "free": false, "queued": 2, "truncated": false}	{"built": null}	{}	Attach { attachments: [(1, Grass, 0)], is_turn_energy: true } ; Attack(Attack { energy_required: [Grass, Grass], title: "Slicing Snipe", fixed_damage: ...
8	km3	12	281	state	68	ON THE BOARD	ON THE BOARD	no				{"coin_queued_offered": [68], "coin_queued_offered_any": [68]}	
8	km3	12	282	lookahead	38	LOOKAHEAD ONLY, both halves hold	LOOKAHEAD ONLY, both halves hold	no	{"cut": null, "free": true, "queued": 2}	{"cut": null, "free": true, "queued": 2, "truncated": false}	{"built": null}	{}	Attach { attachments: [(1, Grass, 0)], is_turn_energy: true } ; Attack(Attack { energy_required: [Grass, Grass], title: "Slicing Snipe", fixed_damage: ...
8	km3	12	284	lookahead	78	LOOKAHEAD ONLY, both halves hold	LOOKAHEAD ONLY, both halves hold	no	{"cut": null, "free": false, "queued": 1}	{"cut": null, "free": false, "queued": 1, "truncated": false}	{"built": null}	{}	Attack(Attack { energy_required: [Grass, Grass], title: "Slicing Snipe", fixed_damage: ...
8	km3	12	285	state	42	ON THE BOARD	ON THE BOARD	no				{"coin_queued_offered": [42], "coin_queued_offered_any": [42]}	
8	km3	12	287	lookahead	58	LOOKAHEAD ONLY, both halves hold	LOOKAHEAD ONLY, both halves hold	no	{"cut": null, "free": false, "queued": 2}	{"cut": null, "free": false, "queued": 2, "truncated": false}	{"built": null}	{}	Retreat(3) ; Attack(Attack { energy_required: [Grass, Grass], title: "Slicing Snipe", fixed_damage: ...
8	km3	12	289	state	42	ON THE BOARD	ON THE BOARD	no				{"coin_queued_offered": [42], "coin_queued_offered_any": [42]}	
8	km3	12	291	lookahead	77	LOOKAHEAD ONLY, both halves hold	LOOKAHEAD ONLY, both halves hold	no	{"cut": null, "free": false, "queued": 2}	{"cut": null, "free": false, "queued": 2, "truncated": false}	{"built": null}	{}	Retreat(3) ; Attack(Attack { energy_required: [Grass, Grass], title: "Slicing Snipe", fixed_damage: ...
8	km3	12	292	lookahead	63	LOOKAHEAD ONLY, both halves hold	LOOKAHEAD ONLY, both halves hold	no	{"cut": null, "free": true, "queued": 3}	{"cut": null, "free": true, "queued": 3, "truncated": false}	{"built": null}	{}	Attach { attachments: [(1, Grass, 2)], is_turn_energy: true } ; Retreat(2) ; Attack(Attack { energy_required: [Grass, Grass], title: "Slicing Snipe", fixed_damage: ...
8	km3	12	293	lookahead	27	LOOKAHEAD ONLY, both halves hold	LOOKAHEAD ONLY, both halves hold	no	{"cut": null, "free": true, "queued": 3}	{"cut": null, "free": true, "queued": 3, "truncated": false}	{"built": null}	{}	Evolve { evolution: Pokemon(B3 006 Grovyle), in_play_idx: 0, from_deck: false } ; Attach { attachments: [(1, Grass, 0)], is_turn_energy: true } ; Attack(Attack { energy_required: [Grass, Grass], title: "Slicing Snipe", fixed_damage: ...
8	km3	12	296	lookahead	89	LOOKAHEAD ONLY, both halves hold	LOOKAHEAD ONLY, both halves hold	no	{"cut": null, "free": true, "queued": 1}	{"cut": null, "free": true, "queued": 1, "truncated": false}	{"built": null}	{}	Attack(Attack { energy_required: [Grass, Grass], title: "Slicing Snipe", fixed_damage: ...
8	km3	12	297	state	27	ON THE BOARD	ON THE BOARD	no				{"coin_queued_offered": [27], "coin_queued_offered_any": [27]}	
8	km3	12	300	lookahead	51	LOOKAHEAD ONLY, both halves hold	LOOKAHEAD ONLY, both halves hold	no	{"cut": null, "free": true, "queued": 3}	{"cut": null, "free": true, "queued": 3, "truncated": false}	{"built": null}	{}	Attach { attachments: [(1, Grass, 3)], is_turn_energy: true } ; Retreat(3) ; Attack(Attack { energy_required: [Grass, Grass], title: "Slicing Snipe", fixed_damage: ...
8	km3	12	301	lookahead	32	LOOKAHEAD ONLY, both halves hold	LOOKAHEAD ONLY, both halves hold	no	{"cut": null, "free": true, "queued": 2}	{"cut": null, "free": true, "queued": 2, "truncated": false}	{"built": null}	{}	Attach { attachments: [(1, Grass, 0)], is_turn_energy: true } ; Attack(Attack { energy_required: [Grass, Grass], title: "Slicing Snipe", fixed_damage: ...
8	km3	12	305	lookahead	68	LOOKAHEAD ONLY, both halves hold	LOOKAHEAD ONLY, both halves hold	no	{"cut": null, "free": true, "queued": 2}	{"cut": null, "free": true, "queued": 2, "truncated": false}	{"built": null}	{}	Retreat(2) ; Attack(Attack { energy_required: [Grass, Grass], title: "Slicing Snipe", fixed_damage: ...
8	km3	12	309	state	65	ON THE BOARD	ON THE BOARD	no				{"coin_queued_offered": [65], "coin_queued_offered_any": [65]}	
8	km3	12	317	state	28	ON THE BOARD	ON THE BOARD	no				{"coin_queued_offered": [28], "coin_queued_offered_any": [28]}	
8	km3	12	319	lookahead	27	LOOKAHEAD ONLY, both halves hold	LOOKAHEAD ONLY, both halves hold	no	{"cut": null, "free": true, "queued": 2}	{"cut": null, "free": true, "queued": 2, "truncated": false}	{"built": null}	{}	Attach { attachments: [(1, Grass, 0)], is_turn_energy: true } ; Attack(Attack { energy_required: [Grass, Grass], title: "Slicing Snipe", fixed_damage: ...
8	km3	12	320	state	67	ON THE BOARD	ON THE BOARD	no				{"coin_queued_offered": [67], "coin_queued_offered_any": [67]}	
8	km3	12	321	lookahead	58	LOOKAHEAD ONLY, both halves hold	LOOKAHEAD ONLY, both halves hold	no	{"cut": null, "free": true, "queued": 3}	{"cut": null, "free": true, "queued": 3, "truncated": false}	{"built": null}	{}	Attach { attachments: [(1, Grass, 2)], is_turn_energy: true } ; Retreat(2) ; Attack(Attack { energy_required: [Grass, Grass], title: "Slicing Snipe", fixed_damage: ...
8	km3	12	322	lookahead	92	LOOKAHEAD ONLY, both halves hold	LOOKAHEAD ONLY, both halves hold	no	{"cut": null, "free": true, "queued": 2}	{"cut": null, "free": true, "queued": 2, "truncated": false}	{"built": null}	{}	Retreat(2) ; Attack(Attack { energy_required: [Grass, Grass], title: "Slicing Snipe", fixed_damage: ...
8	km3	12	323	lookahead	44	LOOKAHEAD ONLY, both halves hold	LOOKAHEAD ONLY, both halves hold	no	{"cut": null, "free": false, "queued": 2}	{"cut": null, "free": false, "queued": 2, "truncated": false}	{"built": null}	{}	Retreat(3) ; Attack(Attack { energy_required: [Grass, Grass], title: "Slicing Snipe", fixed_damage: ...
8	km3	12	325	state	34	ON THE BOARD	ON THE BOARD	no				{"coin_queued_offered": [34], "coin_queued_offered_any": [34]}	
8	km3	12	328	lookahead	82	LOOKAHEAD ONLY, both halves hold	LOOKAHEAD ONLY, both halves hold	no	{"cut": null, "free": true, "queued": 2}	{"cut": null, "free": true, "queued": 2, "truncated": false}	{"built": null}	{}	Retreat(2) ; Attack(Attack { energy_required: [Grass, Grass], title: "Slicing Snipe", fixed_damage: ...
8	km3	12	329	state	74	ON THE BOARD	ON THE BOARD	no				{"coin_queued_offered": [74], "coin_queued_offered_any": [74]}	
8	km3	12	330	lookahead	42	LOOKAHEAD ONLY, both halves hold	LOOKAHEAD ONLY, both halves hold	no	{"cut": null, "free": false, "queued": 1}	{"cut": null, "free": false, "queued": 1, "truncated": false}	{"built": null}	{}	Attack(Attack { energy_required: [Grass, Grass], title: "Slicing Snipe", fixed_damage: ...
8	km3	12	333	state	35	ON THE BOARD	ON THE BOARD	no				{"coin_queued_offered": [35], "coin_queued_offered_any": [35]}	
8	km3	12	334	state	79	ON THE BOARD	ON THE BOARD	no				{"coin_queued_offered": [79], "coin_queued_offered_any": [79]}	
8	km3	12	335	state	81	ON THE BOARD	ON THE BOARD	no				{"coin_queued_offered": [81], "coin_queued_offered_any": [81]}	
8	km3	12	340	state	35	ON THE BOARD	ON THE BOARD	no				{"coin_queued_offered": [35], "coin_queued_offered_any": [35]}	
8	km3	12	341	lookahead	18	LOOKAHEAD ONLY, both halves hold	LOOKAHEAD ONLY, both halves hold	no	{"cut": null, "free": true, "queued": 1}	{"cut": null, "free": true, "queued": 1, "truncated": false}	{"built": null}	{}	Attack(Attack { energy_required: [Grass, Grass], title: "Slicing Snipe", fixed_damage: ...
8	km3	12	342	lookahead	85	LOOKAHEAD ONLY, both halves hold	LOOKAHEAD ONLY, both halves hold	no	{"cut": null, "free": false, "queued": 1}	{"cut": null, "free": false, "queued": 1, "truncated": false}	{"built": null}	{}	Attack(Attack { energy_required: [Grass, Grass], title: "Slicing Snipe", fixed_damage: ...
8	km3	12	343	state	77	ON THE BOARD	ON THE BOARD	no				{"coin_queued_offered": [77], "coin_queued_offered_any": [77]}	
8	km3	12	346	lookahead	73	LOOKAHEAD ONLY, both halves hold	LOOKAHEAD ONLY, both halves hold	no	{"cut": null, "free": true, "queued": 3}	{"cut": null, "free": true, "queued": 3, "truncated": false}	{"built": null}	{}	Attach { attachments: [(1, Grass, 2)], is_turn_energy: true } ; Retreat(2) ; Attack(Attack { energy_required: [Grass, Grass], title: "Slicing Snipe", fixed_damage: ...
8	km3	12	350	state	44	ON THE BOARD	ON THE BOARD	no				{"coin_queued_offered": [44], "coin_queued_offered_any": [44]}	
8	km3	12	351	state	31	ON THE BOARD	ON THE BOARD	no				{"coin_queued_offered": [31], "coin_queued_offered_any": [31]}	
8	km3	12	353	lookahead	59	LOOKAHEAD ONLY, both halves hold	LOOKAHEAD ONLY, both halves hold	no	{"cut": null, "free": false, "queued": 2}	{"cut": null, "free": false, "queued": 2, "truncated": false}	{"built": null}	{}	Retreat(2) ; Attack(Attack { energy_required: [Grass, Grass], title: "Slicing Snipe", fixed_damage: ...
8	km3	12	357	state	30	ON THE BOARD	ON THE BOARD	no				{"coin_queued_offered": [30], "coin_queued_offered_any": [30]}	
8	km3	12	358	lookahead	26	LOOKAHEAD ONLY, both halves hold	LOOKAHEAD ONLY, both halves hold	no	{"cut": null, "free": false, "queued": 2}	{"cut": null, "free": false, "queued": 2, "truncated": false}	{"built": null}	{}	Attach { attachments: [(1, Grass, 0)], is_turn_energy: true } ; Attack(Attack { energy_required: [Grass, Grass], title: "Slicing Snipe", fixed_damage: ...
8	km3	12	364	lookahead	46	LOOKAHEAD ONLY, both halves hold	LOOKAHEAD ONLY, both halves hold	no	{"cut": null, "free": true, "queued": 3}	{"cut": null, "free": true, "queued": 3, "truncated": false}	{"built": null}	{}	Attach { attachments: [(1, Grass, 2)], is_turn_energy: true } ; Retreat(2) ; Attack(Attack { energy_required: [Grass, Grass], title: "Slicing Snipe", fixed_damage: ...
8	km3	12	366	state	90	ON THE BOARD	ON THE BOARD	no				{"coin_queued_offered": [90], "coin_queued_offered_any": [90]}	
8	km3	12	367	lookahead	57	LOOKAHEAD ONLY, both halves hold	LOOKAHEAD ONLY, both halves hold	no	{"cut": null, "free": false, "queued": 2}	{"cut": null, "free": false, "queued": 2, "truncated": false}	{"built": null}	{}	Retreat(3) ; Attack(Attack { energy_required: [Grass, Grass], title: "Slicing Snipe", fixed_damage: ...
8	km3	12	368	state	92	ON THE BOARD	ON THE BOARD	no				{"coin_queued_offered": [92], "coin_queued_offered_any": [92]}	
8	km3	12	369	lookahead	65	LOOKAHEAD ONLY, both halves hold	LOOKAHEAD ONLY, both halves hold	no	{"cut": null, "free": false, "queued": 2}	{"cut": null, "free": false, "queued": 2, "truncated": false}	{"built": null}	{}	Retreat(2) ; Attack(Attack { energy_required: [Grass, Grass], title: "Slicing Snipe", fixed_damage: ...
8	km3	12	370	lookahead	95	LOOKAHEAD ONLY, both halves hold	LOOKAHEAD ONLY, both halves hold	no	{"cut": null, "free": false, "queued": 2}	{"cut": null, "free": false, "queued": 2, "truncated": false}	{"built": null}	{}	Retreat(2) ; Attack(Attack { energy_required: [Grass, Grass], title: "Slicing Snipe", fixed_damage: ...
8	km3	12	373	state	28	ON THE BOARD	ON THE BOARD	no				{"coin_queued_offered": [28], "coin_queued_offered_any": [28]}	
8	km3	12	374	lookahead	48	LOOKAHEAD ONLY, both halves hold	LOOKAHEAD ONLY, both halves hold	no	{"cut": null, "free": false, "queued": 2}	{"cut": null, "free": false, "queued": 2, "truncated": false}	{"built": null}	{}	Retreat(3) ; Attack(Attack { energy_required: [Grass, Grass], title: "Slicing Snipe", fixed_damage: ...
8	km3	12	375	lookahead	49	LOOKAHEAD ONLY, both halves hold	LOOKAHEAD ONLY, both halves hold	no	{"cut": null, "free": true, "queued": 3}	{"cut": null, "free": true, "queued": 3, "truncated": false}	{"built": null}	{}	Attach { attachments: [(1, Grass, 2)], is_turn_energy: true } ; Retreat(2) ; Attack(Attack { energy_required: [Grass, Grass], title: "Slicing Snipe", fixed_damage: ...
8	km3	12	377	state	45	ON THE BOARD	ON THE BOARD	no				{"coin_queued_offered": [45], "coin_queued_offered_any": [45]}	
8	km3	12	378	lookahead	115	LOOKAHEAD ONLY, both halves hold	LOOKAHEAD ONLY, both halves hold	no	{"cut": null, "free": false, "queued": 2}	{"cut": null, "free": false, "queued": 2, "truncated": false}	{"built": null}	{}	Retreat(3) ; Attack(Attack { energy_required: [Grass, Grass], title: "Slicing Snipe", fixed_damage: ...
8	km3	12	379	lookahead	69	LOOKAHEAD ONLY, both halves hold	LOOKAHEAD ONLY, both halves hold	no	{"cut": null, "free": false, "queued": 2}	{"cut": null, "free": false, "queued": 2, "truncated": false}	{"built": null}	{}	Retreat(3) ; Attack(Attack { energy_required: [Grass, Grass], title: "Slicing Snipe", fixed_damage: ...
8	km3	12	383	state	66	ON THE BOARD	ON THE BOARD	no				{"coin_queued_offered": [66], "coin_queued_offered_any": [66]}	
8	km3	12	384	lookahead	79	LOOKAHEAD ONLY, both halves hold	LOOKAHEAD ONLY, both halves hold	no	{"cut": null, "free": false, "queued": 2}	{"cut": null, "free": false, "queued": 2, "truncated": false}	{"built": null}	{}	Retreat(3) ; Attack(Attack { energy_required: [Grass, Grass], title: "Slicing Snipe", fixed_damage: ...
8	km3	12	385	state	34	ON THE BOARD	ON THE BOARD	no				{"coin_queued_offered": [34], "coin_queued_offered_any": [34]}	
8	km3	12	386	state	29	ON THE BOARD	ON THE BOARD	no				{"coin_queued_offered": [29], "coin_queued_offered_any": [29]}	
8	km3	12	389	state	102	ON THE BOARD	ON THE BOARD	no				{"coin_queued_offered": [102], "coin_queued_offered_any": [102]}	
8	km3	12	392	lookahead	63	LOOKAHEAD ONLY, both halves hold	LOOKAHEAD ONLY, both halves hold	no	{"cut": null, "free": false, "queued": 2}	{"cut": null, "free": false, "queued": 2, "truncated": false}	{"built": null}	{}	Retreat(3) ; Attack(Attack { energy_required: [Grass, Grass], title: "Slicing Snipe", fixed_damage: ...
8	km3	12	393	lookahead	42	LOOKAHEAD ONLY, both halves hold	LOOKAHEAD ONLY, both halves hold	no	{"cut": null, "free": false, "queued": 2}	{"cut": null, "free": false, "queued": 2, "truncated": false}	{"built": null}	{}	Attach { attachments: [(1, Grass, 0)], is_turn_energy: true } ; Attack(Attack { energy_required: [Grass, Grass], title: "Slicing Snipe", fixed_damage: ...
8	km3	12	396	state	96	ON THE BOARD	ON THE BOARD	no				{"coin_queued_offered": [96], "coin_queued_offered_any": [96]}	
8	km3	12	397	lookahead	51	LOOKAHEAD ONLY, both halves hold	LOOKAHEAD ONLY, both halves hold	no	{"cut": null, "free": false, "queued": 2}	{"cut": null, "free": false, "queued": 2, "truncated": false}	{"built": null}	{}	Retreat(3) ; Attack(Attack { energy_required: [Grass, Grass], title: "Slicing Snipe", fixed_damage: ...
8	km3	12	398	lookahead	59	LOOKAHEAD ONLY, both halves hold	LOOKAHEAD ONLY, both halves hold	no	{"cut": null, "free": false, "queued": 2}	{"cut": null, "free": false, "queued": 2, "truncated": false}	{"built": null}	{}	Retreat(3) ; Attack(Attack { energy_required: [Grass, Grass], title: "Slicing Snipe", fixed_damage: ...
8	km3	12	400	lookahead	88	LOOKAHEAD ONLY, both halves hold	LOOKAHEAD ONLY, both halves hold	no	{"cut": null, "free": true, "queued": 1}	{"cut": null, "free": true, "queued": 1, "truncated": false}	{"built": null}	{}	Attack(Attack { energy_required: [Grass, Grass], title: "Slicing Snipe", fixed_damage: ...
8	km3	12	402	state	46	ON THE BOARD	ON THE BOARD	no				{"coin_queued_offered": [46], "coin_queued_offered_any": [46]}	
8	km3	12	407	state	34	ON THE BOARD	ON THE BOARD	no				{"coin_queued_offered": [34], "coin_queued_offered_any": [34]}	
8	km3	12	410	state	108	ON THE BOARD	ON THE BOARD	no				{"coin_queued_offered": [108], "coin_queued_offered_any": [108]}	
8	km3	12	411	lookahead	47	LOOKAHEAD ONLY, both halves hold	LOOKAHEAD ONLY, both halves hold	no	{"cut": null, "free": false, "queued": 2}	{"cut": null, "free": false, "queued": 2, "truncated": false}	{"built": null}	{}	Retreat(3) ; Attack(Attack { energy_required: [Grass, Grass], title: "Slicing Snipe", fixed_damage: ...
8	km3	12	414	state	50	ON THE BOARD	ON THE BOARD	no				{"coin_queued_offered": [50], "coin_queued_offered_any": [50]}	
8	km3	12	415	lookahead	82	LOOKAHEAD ONLY, both halves hold	LOOKAHEAD ONLY, both halves hold	no	{"cut": null, "free": true, "queued": 3}	{"cut": null, "free": true, "queued": 3, "truncated": false}	{"built": null}	{}	Attach { attachments: [(1, Grass, 3)], is_turn_energy: true } ; Retreat(3) ; Attack(Attack { energy_required: [Grass, Grass], title: "Slicing Snipe", fixed_damage: ...
8	km3	12	418	lookahead	34	LOOKAHEAD ONLY, both halves hold	LOOKAHEAD ONLY, both halves hold	no	{"cut": null, "free": false, "queued": 1}	{"cut": null, "free": false, "queued": 1, "truncated": false}	{"built": null}	{}	Attack(Attack { energy_required: [Grass, Grass], title: "Slicing Snipe", fixed_damage: ...
8	km3	12	420	lookahead	73	LOOKAHEAD ONLY, both halves hold	LOOKAHEAD ONLY, both halves hold	no	{"cut": null, "free": true, "queued": 3}	{"cut": null, "free": true, "queued": 3, "truncated": false}	{"built": null}	{}	Attach { attachments: [(1, Grass, 2)], is_turn_energy: true } ; Retreat(2) ; Attack(Attack { energy_required: [Grass, Grass], title: "Slicing Snipe", fixed_damage: ...
8	km3	12	424	state	39	ON THE BOARD	ON THE BOARD	no				{"coin_queued_offered": [39], "coin_queued_offered_any": [39]}	
8	km3	12	425	state	29	ON THE BOARD	ON THE BOARD	no				{"coin_queued_offered": [29], "coin_queued_offered_any": [29]}	
8	km3	12	430	state	34	ON THE BOARD	ON THE BOARD	no				{"coin_queued_offered": [34], "coin_queued_offered_any": [34]}	
8	km3	12	434	lookahead	100	LOOKAHEAD ONLY, both halves hold	LOOKAHEAD ONLY, both halves hold	no	{"cut": null, "free": true, "queued": 3}	{"cut": null, "free": true, "queued": 3, "truncated": false}	{"built": null}	{}	Attach { attachments: [(1, Grass, 2)], is_turn_energy: true } ; Retreat(2) ; Attack(Attack { energy_required: [Grass, Grass], title: "Slicing Snipe", fixed_damage: ...
8	km3	12	435	state	36	ON THE BOARD	ON THE BOARD	no				{"coin_queued_offered": [36], "coin_queued_offered_any": [36]}	
8	km3	12	436	lookahead	65	LOOKAHEAD ONLY, both halves hold	LOOKAHEAD ONLY, both halves hold	no	{"cut": null, "free": true, "queued": 2}	{"cut": null, "free": true, "queued": 2, "truncated": false}	{"built": null}	{}	Retreat(3) ; Attack(Attack { energy_required: [Grass, Grass], title: "Slicing Snipe", fixed_damage: ...
8	km3	12	437	lookahead	48	LOOKAHEAD ONLY, both halves hold	LOOKAHEAD ONLY, both halves hold	no	{"cut": null, "free": false, "queued": 2}	{"cut": null, "free": false, "queued": 2, "truncated": false}	{"built": null}	{}	Retreat(3) ; Attack(Attack { energy_required: [Grass, Grass], title: "Slicing Snipe", fixed_damage: ...
8	km3	12	438	state	38	ON THE BOARD	ON THE BOARD	no				{"coin_queued_offered": [38], "coin_queued_offered_any": [38]}	
8	km3	12	439	lookahead	57	LOOKAHEAD ONLY, both halves hold	LOOKAHEAD ONLY, both halves hold	no	{"cut": null, "free": false, "queued": 2}	{"cut": null, "free": false, "queued": 2, "truncated": false}	{"built": null}	{}	Retreat(3) ; Attack(Attack { energy_required: [Grass, Grass], title: "Slicing Snipe", fixed_damage: ...
8	km3	12	441	state	70	ON THE BOARD	ON THE BOARD	no				{"coin_queued_offered": [70], "coin_queued_offered_any": [70]}	
8	km3	12	442	lookahead	46	LOOKAHEAD ONLY, both halves hold	LOOKAHEAD ONLY, both halves hold	no	{"cut": null, "free": true, "queued": 2}	{"cut": null, "free": true, "queued": 2, "truncated": false}	{"built": null}	{}	Retreat(3) ; Attack(Attack { energy_required: [Grass, Grass], title: "Slicing Snipe", fixed_damage: ...
8	km3	12	446	lookahead	72	LOOKAHEAD ONLY, both halves hold	LOOKAHEAD ONLY, both halves hold	no	{"cut": null, "free": false, "queued": 2}	{"cut": null, "free": false, "queued": 2, "truncated": false}	{"built": null}	{}	Retreat(3) ; Attack(Attack { energy_required: [Grass, Grass], title: "Slicing Snipe", fixed_damage: ...
8	km3	12	448	state	44	ON THE BOARD	ON THE BOARD	no				{"coin_queued_offered": [44], "coin_queued_offered_any": [44]}	
8	km3	12	449	state	57	ON THE BOARD	ON THE BOARD	no				{"coin_queued_offered": [57], "coin_queued_offered_any": [57]}	
8	km3	12	450	state	78	ON THE BOARD	ON THE BOARD	no				{"coin_queued_offered": [78], "coin_queued_offered_any": [78]}	
8	km3	12	453	state	40	ON THE BOARD	ON THE BOARD	no				{"coin_queued_offered": [40], "coin_queued_offered_any": [40]}	
8	km3	12	454	lookahead	42	LOOKAHEAD ONLY, both halves hold	LOOKAHEAD ONLY, both halves hold	no	{"cut": null, "free": false, "queued": 2}	{"cut": null, "free": false, "queued": 2, "truncated": false}	{"built": null}	{}	Attach { attachments: [(1, Grass, 0)], is_turn_energy: true } ; Attack(Attack { energy_required: [Grass, Grass], title: "Slicing Snipe", fixed_damage: ...
8	km3	12	458	state	28	ON THE BOARD	ON THE BOARD	no				{"coin_queued_offered": [28], "coin_queued_offered_any": [28]}	
8	km3	12	459	lookahead	56	LOOKAHEAD ONLY, both halves hold	LOOKAHEAD ONLY, both halves hold	no	{"cut": null, "free": true, "queued": 3}	{"cut": null, "free": true, "queued": 3, "truncated": false}	{"built": null}	{}	Attach { attachments: [(1, Grass, 3)], is_turn_energy: true } ; Retreat(3) ; Attack(Attack { energy_required: [Grass, Grass], title: "Slicing Snipe", fixed_damage: ...
8	km3	12	460	state	77	ON THE BOARD	ON THE BOARD	no				{"coin_queued_offered": [77], "coin_queued_offered_any": [77]}	
8	km3	12	461	state	62	ON THE BOARD	ON THE BOARD	no				{"coin_queued_offered": [62], "coin_queued_offered_any": [62]}	
8	km3	12	462	state	80	ON THE BOARD	ON THE BOARD	no				{"coin_queued_offered": [80], "coin_queued_offered_any": [80]}	
8	km3	12	464	state	34	ON THE BOARD	ON THE BOARD	no				{"coin_queued_offered": [34], "coin_queued_offered_any": [34]}	
8	km3	12	467	state	73	ON THE BOARD	ON THE BOARD	no				{"coin_queued_offered": [73], "coin_queued_offered_any": [73]}	
8	km3	12	468	state	40	ON THE BOARD	ON THE BOARD	no				{"coin_queued_offered": [40], "coin_queued_offered_any": [40]}	
8	km3	12	470	lookahead	60	LOOKAHEAD ONLY, both halves hold	LOOKAHEAD ONLY, both halves hold	no	{"cut": null, "free": false, "queued": 2}	{"cut": null, "free": false, "queued": 2, "truncated": false}	{"built": null}	{}	Retreat(3) ; Attack(Attack { energy_required: [Grass, Grass], title: "Slicing Snipe", fixed_damage: ...
8	km3	12	471	state	33	ON THE BOARD	ON THE BOARD	no				{"coin_queued_offered": [33], "coin_queued_offered_any": [33]}	
8	km3	12	472	state	33	ON THE BOARD	ON THE BOARD	no				{"coin_queued_offered": [33], "coin_queued_offered_any": [33]}	
8	km3	12	474	state	65	ON THE BOARD	ON THE BOARD	no				{"coin_queued_offered": [65], "coin_queued_offered_any": [65]}	
8	km3	12	477	state	35	ON THE BOARD	ON THE BOARD	no				{"coin_queued_offered": [35], "coin_queued_offered_any": [35]}	
8	km3	12	478	state	84	ON THE BOARD	ON THE BOARD	no				{"coin_queued_offered": [84], "coin_queued_offered_any": [84]}	
8	km3	12	482	state	41	ON THE BOARD	ON THE BOARD	no				{"coin_queued_offered": [41], "coin_queued_offered_any": [41]}	
8	km3	12	484	lookahead	46	LOOKAHEAD ONLY, both halves hold	LOOKAHEAD ONLY, both halves hold	no	{"cut": null, "free": false, "queued": 2}	{"cut": null, "free": false, "queued": 2, "truncated": false}	{"built": null}	{}	Retreat(3) ; Attack(Attack { energy_required: [Grass, Grass], title: "Slicing Snipe", fixed_damage: ...
8	km3	12	485	lookahead	59	LOOKAHEAD ONLY, both halves hold	LOOKAHEAD ONLY, both halves hold	no	{"cut": null, "free": true, "queued": 3}	{"cut": null, "free": true, "queued": 3, "truncated": false}	{"built": null}	{}	Attach { attachments: [(1, Grass, 2)], is_turn_energy: true } ; Retreat(2) ; Attack(Attack { energy_required: [Grass, Grass], title: "Slicing Snipe", fixed_damage: ...
8	km3	12	487	state	27	ON THE BOARD	ON THE BOARD	no				{"coin_queued_offered": [27], "coin_queued_offered_any": [27]}	
8	km3	12	489	state	30	ON THE BOARD	ON THE BOARD	no				{"coin_queued_offered": [30], "coin_queued_offered_any": [30]}	
8	km3	12	490	state	40	ON THE BOARD	ON THE BOARD	no				{"coin_queued_offered": [40], "coin_queued_offered_any": [40]}	
8	km3	12	492	lookahead	66	LOOKAHEAD ONLY, both halves hold	LOOKAHEAD ONLY, both halves hold	no	{"cut": null, "free": true, "queued": 3}	{"cut": null, "free": true, "queued": 3, "truncated": false}	{"built": null}	{}	Attach { attachments: [(1, Grass, 2)], is_turn_energy: true } ; Retreat(2) ; Attack(Attack { energy_required: [Grass, Grass], title: "Slicing Snipe", fixed_damage: ...
8	km3	12	494	lookahead	75	LOOKAHEAD ONLY, both halves hold	LOOKAHEAD ONLY, both halves hold	no	{"cut": null, "free": false, "queued": 2}	{"cut": null, "free": false, "queued": 2, "truncated": false}	{"built": null}	{}	Retreat(3) ; Attack(Attack { energy_required: [Grass, Grass], title: "Slicing Snipe", fixed_damage: ...
8	km3	12	495	lookahead	44	LOOKAHEAD ONLY, both halves hold	LOOKAHEAD ONLY, both halves hold	no	{"cut": null, "free": false, "queued": 2}	{"cut": null, "free": false, "queued": 2, "truncated": false}	{"built": null}	{}	Retreat(2) ; Attack(Attack { energy_required: [Grass, Grass], title: "Slicing Snipe", fixed_damage: ...
8	km3	12	496	state	40	ON THE BOARD	ON THE BOARD	no				{"coin_queued_offered": [40], "coin_queued_offered_any": [40]}	
8	km3	12	497	state	75	ON THE BOARD	ON THE BOARD	no				{"coin_queued_offered": [75], "coin_queued_offered_any": [75]}	
8	km3	12	498	lookahead	33	LOOKAHEAD ONLY, both halves hold	LOOKAHEAD ONLY, both halves hold	no	{"cut": null, "free": true, "queued": 2}	{"cut": null, "free": true, "queued": 2, "truncated": false}	{"built": null}	{}	Attach { attachments: [(1, Grass, 0)], is_turn_energy: true } ; Attack(Attack { energy_required: [Grass, Grass], title: "Slicing Snipe", fixed_damage: ...
8	km3	12	499	state	31	ON THE BOARD	ON THE BOARD	no				{"coin_queued_offered": [31], "coin_queued_offered_any": [31]}	
8	k3	12	1	state	41	ON THE BOARD	ON THE BOARD	no				{"coin_queued_offered": [41], "coin_queued_offered_any": [41]}	
8	k3	12	3	state	30	ON THE BOARD	ON THE BOARD	no				{"coin_queued_offered": [30], "coin_queued_offered_any": [30]}	
8	k3	12	4	lookahead	38	LOOKAHEAD ONLY, both halves hold	LOOKAHEAD ONLY, both halves hold	no	{"cut": null, "free": false, "queued": 1}	{"cut": null, "free": false, "queued": 1, "truncated": false}	{"built": null}	{}	Attack(Attack { energy_required: [Grass, Grass], title: "Slicing Snipe", fixed_damage: ...
8	k3	12	6	state	32	ON THE BOARD	ON THE BOARD	no				{"coin_queued_offered": [32], "coin_queued_offered_any": [32]}	
8	k3	12	7	lookahead	74	LOOKAHEAD ONLY, both halves hold	LOOKAHEAD ONLY, both halves hold	no	{"cut": null, "free": false, "queued": 2}	{"cut": null, "free": false, "queued": 2, "truncated": false}	{"built": null}	{}	Retreat(2) ; Attack(Attack { energy_required: [Grass, Grass], title: "Slicing Snipe", fixed_damage: ...
8	k3	12	8	lookahead	97	LOOKAHEAD ONLY, both halves hold	LOOKAHEAD ONLY, both halves hold	no	{"cut": null, "free": true, "queued": 3}	{"cut": null, "free": true, "queued": 3, "truncated": false}	{"built": null}	{}	Attach { attachments: [(1, Grass, 2)], is_turn_energy: true } ; Retreat(2) ; Attack(Attack { energy_required: [Grass, Grass], title: "Slicing Snipe", fixed_damage: ...
8	k3	12	9	lookahead	62	LOOKAHEAD ONLY, both halves hold	LOOKAHEAD ONLY, both halves hold	no	{"cut": null, "free": false, "queued": 2}	{"cut": null, "free": false, "queued": 2, "truncated": false}	{"built": null}	{}	Retreat(2) ; Attack(Attack { energy_required: [Grass, Grass], title: "Slicing Snipe", fixed_damage: ...
8	k3	12	10	state	64	ON THE BOARD	ON THE BOARD	no				{"coin_queued_offered": [64], "coin_queued_offered_any": [64]}	
8	k3	12	11	state	41	ON THE BOARD	ON THE BOARD	no				{"coin_queued_offered": [41], "coin_queued_offered_any": [41]}	
8	k3	12	12	lookahead	73	LOOKAHEAD ONLY, both halves hold	LOOKAHEAD ONLY, both halves hold	no	{"cut": null, "free": false, "queued": 2}	{"cut": null, "free": false, "queued": 2, "truncated": false}	{"built": null}	{}	Retreat(3) ; Attack(Attack { energy_required: [Grass, Grass], title: "Slicing Snipe", fixed_damage: ...
8	k3	12	13	state	37	ON THE BOARD	ON THE BOARD	no				{"coin_queued_offered": [37], "coin_queued_offered_any": [37]}	
8	k3	12	14	state	90	ON THE BOARD	ON THE BOARD	no				{"coin_queued_offered": [90], "coin_queued_offered_any": [90]}	
8	k3	12	15	state	82	ON THE BOARD	ON THE BOARD	no				{"coin_queued_offered": [82], "coin_queued_offered_any": [82]}	
8	k3	12	18	state	55	ON THE BOARD	ON THE BOARD	no				{"coin_queued_offered": [55], "coin_queued_offered_any": [55]}	
8	k3	12	22	lookahead	78	LOOKAHEAD ONLY, both halves hold	LOOKAHEAD ONLY, both halves hold	no	{"cut": null, "free": true, "queued": 3}	{"cut": null, "free": true, "queued": 3, "truncated": false}	{"built": null}	{}	Attach { attachments: [(1, Grass, 2)], is_turn_energy: true } ; Retreat(2) ; Attack(Attack { energy_required: [Grass, Grass], title: "Slicing Snipe", fixed_damage: ...
8	k3	12	23	lookahead	83	LOOKAHEAD ONLY, both halves hold	LOOKAHEAD ONLY, both halves hold	no	{"cut": null, "free": false, "queued": 1}	{"cut": null, "free": false, "queued": 1, "truncated": false}	{"built": null}	{}	Attack(Attack { energy_required: [Grass, Grass], title: "Slicing Snipe", fixed_damage: ...
8	k3	12	25	lookahead	45	LOOKAHEAD ONLY, both halves hold	LOOKAHEAD ONLY, both halves hold	no	{"cut": null, "free": false, "queued": 2}	{"cut": null, "free": false, "queued": 2, "truncated": false}	{"built": null}	{}	Retreat(2) ; Attack(Attack { energy_required: [Grass, Grass], title: "Slicing Snipe", fixed_damage: ...
8	k3	12	27	lookahead	82	LOOKAHEAD ONLY, both halves hold	LOOKAHEAD ONLY, both halves hold	no	{"cut": null, "free": true, "queued": 1}	{"cut": null, "free": true, "queued": 1, "truncated": false}	{"built": null}	{}	Attack(Attack { energy_required: [Grass, Grass], title: "Slicing Snipe", fixed_damage: ...
8	k3	12	28	lookahead	57	LOOKAHEAD ONLY, both halves hold	LOOKAHEAD ONLY, both halves hold	no	{"cut": null, "free": true, "queued": 3}	{"cut": null, "free": true, "queued": 3, "truncated": false}	{"built": null}	{}	Attach { attachments: [(1, Grass, 3)], is_turn_energy: true } ; Retreat(3) ; Attack(Attack { energy_required: [Grass, Grass], title: "Slicing Snipe", fixed_damage: ...
8	k3	12	29	lookahead	75	LOOKAHEAD ONLY, both halves hold	LOOKAHEAD ONLY, both halves hold	no	{"cut": null, "free": true, "queued": 3}	{"cut": null, "free": true, "queued": 3, "truncated": false}	{"built": null}	{}	Attach { attachments: [(1, Grass, 3)], is_turn_energy: true } ; Retreat(3) ; Attack(Attack { energy_required: [Grass, Grass], title: "Slicing Snipe", fixed_damage: ...
8	k3	12	30	lookahead	72	LOOKAHEAD ONLY, both halves hold	LOOKAHEAD ONLY, both halves hold	no	{"cut": null, "free": false, "queued": 2}	{"cut": null, "free": false, "queued": 2, "truncated": false}	{"built": null}	{}	ChooseRandomEvolutionTarget { in_play_idx: 2, energy_type: Grass } ; Attack(Attack { energy_required: [Grass, Grass], title: "Slicing Snipe", fixed_damage: ...
8	k3	12	31	lookahead	32	LOOKAHEAD ONLY, both halves hold	LOOKAHEAD ONLY, both halves hold	no	{"cut": null, "free": false, "queued": 2}	{"cut": null, "free": false, "queued": 2, "truncated": false}	{"built": null}	{}	Attach { attachments: [(1, Grass, 0)], is_turn_energy: true } ; Attack(Attack { energy_required: [Grass, Grass], title: "Slicing Snipe", fixed_damage: ...
8	k3	12	32	state	39	ON THE BOARD	ON THE BOARD	no				{"coin_queued_offered": [39], "coin_queued_offered_any": [39]}	
8	k3	12	33	lookahead	61	LOOKAHEAD ONLY, both halves hold	LOOKAHEAD ONLY, both halves hold	no	{"cut": null, "free": true, "queued": 1}	{"cut": null, "free": true, "queued": 1, "truncated": false}	{"built": null}	{}	Attack(Attack { energy_required: [Grass, Grass], title: "Slicing Snipe", fixed_damage: ...
8	k3	12	35	lookahead	73	LOOKAHEAD ONLY, both halves hold	LOOKAHEAD ONLY, both halves hold	no	{"cut": null, "free": false, "queued": 2}	{"cut": null, "free": false, "queued": 2, "truncated": false}	{"built": null}	{}	Retreat(3) ; Attack(Attack { energy_required: [Grass, Grass], title: "Slicing Snipe", fixed_damage: ...
8	k3	12	39	state	79	ON THE BOARD	ON THE BOARD	no				{"coin_queued_offered": [79], "coin_queued_offered_any": [79]}	
8	k3	12	40	lookahead	51	LOOKAHEAD ONLY, both halves hold	LOOKAHEAD ONLY, both halves hold	no	{"cut": null, "free": false, "queued": 2}	{"cut": null, "free": false, "queued": 2, "truncated": false}	{"built": null}	{}	Retreat(3) ; Attack(Attack { energy_required: [Grass, Grass], title: "Slicing Snipe", fixed_damage: ...
8	k3	12	44	lookahead	73	LOOKAHEAD ONLY, both halves hold	LOOKAHEAD ONLY, both halves hold	no	{"cut": null, "free": true, "queued": 3}	{"cut": null, "free": true, "queued": 3, "truncated": false}	{"built": null}	{}	Attach { attachments: [(1, Grass, 2)], is_turn_energy: true } ; Retreat(2) ; Attack(Attack { energy_required: [Grass, Grass], title: "Slicing Snipe", fixed_damage: ...
8	k3	12	48	state	67	ON THE BOARD	ON THE BOARD	no				{"coin_queued_offered": [67], "coin_queued_offered_any": [67]}	
8	k3	12	52	lookahead	72	LOOKAHEAD ONLY, both halves hold	LOOKAHEAD ONLY, both halves hold	no	{"cut": null, "free": true, "queued": 3}	{"cut": null, "free": true, "queued": 3, "truncated": false}	{"built": null}	{}	Attach { attachments: [(1, Grass, 3)], is_turn_energy: true } ; Retreat(3) ; Attack(Attack { energy_required: [Grass, Grass], title: "Slicing Snipe", fixed_damage: ...
8	k3	12	53	state	91	ON THE BOARD	ON THE BOARD	no				{"coin_queued_offered": [91], "coin_queued_offered_any": [91]}	
8	k3	12	54	state	63	ON THE BOARD	ON THE BOARD	no				{"coin_queued_offered": [63], "coin_queued_offered_any": [63]}	
8	k3	12	56	lookahead	31	LOOKAHEAD ONLY, both halves hold	LOOKAHEAD ONLY, both halves hold	no	{"cut": null, "free": true, "queued": 2}	{"cut": null, "free": true, "queued": 2, "truncated": false}	{"built": null}	{}	Attach { attachments: [(1, Grass, 0)], is_turn_energy: true } ; Attack(Attack { energy_required: [Grass, Grass], title: "Slicing Snipe", fixed_damage: ...
8	k3	12	57	lookahead	58	LOOKAHEAD ONLY, both halves hold	LOOKAHEAD ONLY, both halves hold	no	{"cut": null, "free": true, "queued": 2}	{"cut": null, "free": true, "queued": 2, "truncated": false}	{"built": null}	{}	Retreat(3) ; Attack(Attack { energy_required: [Grass, Grass], title: "Slicing Snipe", fixed_damage: ...
8	k3	12	60	state	45	ON THE BOARD	ON THE BOARD	no				{"coin_queued_offered": [45], "coin_queued_offered_any": [45]}	
8	k3	12	61	state	34	ON THE BOARD	ON THE BOARD	no				{"coin_queued_offered": [34], "coin_queued_offered_any": [34]}	
8	k3	12	62	lookahead	68	LOOKAHEAD ONLY, both halves hold	LOOKAHEAD ONLY, both halves hold	no	{"cut": null, "free": true, "queued": 2}	{"cut": null, "free": true, "queued": 2, "truncated": false}	{"built": null}	{}	Retreat(2) ; Attack(Attack { energy_required: [Grass, Grass], title: "Slicing Snipe", fixed_damage: ...
8	k3	12	63	state	62	ON THE BOARD	ON THE BOARD	no				{"coin_queued_offered": [62], "coin_queued_offered_any": [62]}	
8	k3	12	64	lookahead	37	LOOKAHEAD ONLY, both halves hold	LOOKAHEAD ONLY, both halves hold	no	{"cut": null, "free": true, "queued": 2}	{"cut": null, "free": true, "queued": 2, "truncated": false}	{"built": null}	{}	Attach { attachments: [(1, Grass, 0)], is_turn_energy: true } ; Attack(Attack { energy_required: [Grass, Grass], title: "Slicing Snipe", fixed_damage: ...
8	k3	12	66	state	59	ON THE BOARD	ON THE BOARD	no				{"coin_queued_offered": [59], "coin_queued_offered_any": [59]}	
8	k3	12	67	lookahead	105	LOOKAHEAD ONLY, both halves hold	LOOKAHEAD ONLY, both halves hold	no	{"cut": null, "free": true, "queued": 3}	{"cut": null, "free": true, "queued": 3, "truncated": false}	{"built": null}	{}	Attach { attachments: [(1, Grass, 2)], is_turn_energy: true } ; Retreat(2) ; Attack(Attack { energy_required: [Grass, Grass], title: "Slicing Snipe", fixed_damage: ...
8	k3	12	69	lookahead	29	LOOKAHEAD ONLY, both halves hold	LOOKAHEAD ONLY, both halves hold	no	{"cut": null, "free": true, "queued": 3}	{"cut": null, "free": true, "limit": 600000, "queued": 3, "truncated": false}	{"built": null}	{}	Evolve { evolution: Pokemon(B3 006 Grovyle), in_play_idx: 0, from_deck: false } ; Attach { attachments: [(1, Grass, 0)], is_turn_energy: true } ; Attack(Attack { energy_required: [Grass, Grass], title: "Slicing Snipe", fixed_damage: ...
8	k3	12	71	lookahead	72	LOOKAHEAD ONLY, both halves hold	LOOKAHEAD ONLY, both halves hold	no	{"cut": null, "free": true, "queued": 1}	{"cut": null, "free": true, "queued": 1, "truncated": false}	{"built": null}	{}	Attack(Attack { energy_required: [Grass, Grass], title: "Slicing Snipe", fixed_damage: ...
8	k3	12	73	lookahead	37	LOOKAHEAD ONLY, both halves hold	LOOKAHEAD ONLY, both halves hold	no	{"cut": null, "free": true, "queued": 2}	{"cut": null, "free": true, "queued": 2, "truncated": false}	{"built": null}	{}	Attach { attachments: [(1, Grass, 0)], is_turn_energy: true } ; Attack(Attack { energy_required: [Grass, Grass], title: "Slicing Snipe", fixed_damage: ...
8	k3	12	75	state	68	ON THE BOARD	ON THE BOARD	no				{"coin_queued_offered": [68], "coin_queued_offered_any": [68]}	
8	k3	12	78	lookahead	40	LOOKAHEAD ONLY, both halves hold	LOOKAHEAD ONLY, both halves hold	no	{"cut": null, "free": true, "queued": 2}	{"cut": null, "free": true, "queued": 2, "truncated": false}	{"built": null}	{}	Attach { attachments: [(1, Grass, 0)], is_turn_energy: true } ; Attack(Attack { energy_required: [Grass, Grass], title: "Slicing Snipe", fixed_damage: ...
8	k3	12	79	lookahead	50	LOOKAHEAD ONLY, both halves hold	LOOKAHEAD ONLY, both halves hold	no	{"cut": null, "free": false, "queued": 2}	{"cut": null, "free": false, "queued": 2, "truncated": false}	{"built": null}	{}	Retreat(3) ; Attack(Attack { energy_required: [Grass, Grass], title: "Slicing Snipe", fixed_damage: ...
8	k3	12	80	state	78	ON THE BOARD	ON THE BOARD	no				{"coin_queued_offered": [78], "coin_queued_offered_any": [78]}	
8	k3	12	81	lookahead	102	LOOKAHEAD ONLY, both halves hold	LOOKAHEAD ONLY, both halves hold	no	{"cut": null, "free": true, "queued": 2}	{"cut": null, "free": true, "queued": 2, "truncated": false}	{"built": null}	{}	Retreat(2) ; Attack(Attack { energy_required: [Grass, Grass], title: "Slicing Snipe", fixed_damage: ...
8	k3	12	82	state	93	ON THE BOARD	ON THE BOARD	no				{"coin_queued_offered": [93], "coin_queued_offered_any": [93]}	
8	k3	12	83	lookahead	73	LOOKAHEAD ONLY, both halves hold	LOOKAHEAD ONLY, both halves hold	no	{"cut": null, "free": true, "queued": 3}	{"cut": null, "free": true, "queued": 3, "truncated": false}	{"built": null}	{}	Attach { attachments: [(1, Grass, 2)], is_turn_energy: true } ; Retreat(2) ; Attack(Attack { energy_required: [Grass, Grass], title: "Slicing Snipe", fixed_damage: ...
8	k3	12	84	state	90	ON THE BOARD	ON THE BOARD	no				{"coin_queued_offered": [90], "coin_queued_offered_any": [90]}	
8	k3	12	85	state	50	ON THE BOARD	ON THE BOARD	no				{"coin_queued_offered": [50], "coin_queued_offered_any": [50]}	
8	k3	12	86	state	35	ON THE BOARD	ON THE BOARD	no				{"coin_queued_offered": [35], "coin_queued_offered_any": [35]}	
8	k3	12	87	lookahead	38	LOOKAHEAD ONLY, both halves hold	LOOKAHEAD ONLY, both halves hold	no	{"cut": null, "free": false, "queued": 2}	{"cut": null, "free": false, "queued": 2, "truncated": false}	{"built": null}	{}	Attach { attachments: [(1, Grass, 0)], is_turn_energy: true } ; Attack(Attack { energy_required: [Grass, Grass], title: "Slicing Snipe", fixed_damage: ...
8	k3	12	88	state	31	ON THE BOARD	ON THE BOARD	no				{"coin_queued_offered": [31], "coin_queued_offered_any": [31]}	
8	k3	12	89	lookahead	58	LOOKAHEAD ONLY, both halves hold	LOOKAHEAD ONLY, both halves hold	no	{"cut": null, "free": false, "queued": 2}	{"cut": null, "free": false, "queued": 2, "truncated": false}	{"built": null}	{}	Retreat(2) ; Attack(Attack { energy_required: [Grass, Grass], title: "Slicing Snipe", fixed_damage: ...
8	k3	12	91	state	52	ON THE BOARD	ON THE BOARD	no				{"coin_queued_offered": [52], "coin_queued_offered_any": [52]}	
8	k3	12	94	state	29	ON THE BOARD	ON THE BOARD	no				{"coin_queued_offered": [29], "coin_queued_offered_any": [29]}	
8	k3	12	95	state	29	ON THE BOARD	ON THE BOARD	no				{"coin_queued_offered": [29], "coin_queued_offered_any": [29]}	
8	k3	12	96	lookahead	60	LOOKAHEAD ONLY, both halves hold	LOOKAHEAD ONLY, both halves hold	no	{"cut": null, "free": false, "queued": 2}	{"cut": null, "free": false, "queued": 2, "truncated": true}	{"built": null}	{}	Retreat(3) ; Attack(Attack { energy_required: [Grass, Grass], title: "Slicing Snipe", fixed_damage: ...
8	k3	12	97	lookahead	78	LOOKAHEAD ONLY, both halves hold	LOOKAHEAD ONLY, both halves hold	no	{"cut": null, "free": true, "queued": 2}	{"cut": null, "free": true, "queued": 2, "truncated": false}	{"built": null}	{}	Retreat(3) ; Attack(Attack { energy_required: [Grass, Grass], title: "Slicing Snipe", fixed_damage: ...
8	k3	12	98	state	78	ON THE BOARD	ON THE BOARD	no				{"coin_queued_offered": [78], "coin_queued_offered_any": [78]}	
8	k3	12	99	state	39	ON THE BOARD	ON THE BOARD	no				{"coin_queued_offered": [39], "coin_queued_offered_any": [39]}	
8	k3	12	100	state	33	ON THE BOARD	ON THE BOARD	no				{"coin_queued_offered": [33], "coin_queued_offered_any": [33]}	
8	k3	12	102	state	37	ON THE BOARD	ON THE BOARD	no				{"coin_queued_offered": [37], "coin_queued_offered_any": [37]}	
8	k3	12	103	state	91	ON THE BOARD	ON THE BOARD	no				{"coin_queued_offered": [91], "coin_queued_offered_any": [91]}	
8	k3	12	104	state	33	ON THE BOARD	ON THE BOARD	no				{"coin_queued_offered": [33], "coin_queued_offered_any": [33]}	
8	k3	12	106	lookahead	64	LOOKAHEAD ONLY, both halves hold	LOOKAHEAD ONLY, both halves hold	no	{"cut": null, "free": true, "queued": 3}	{"cut": null, "free": true, "queued": 3, "truncated": false}	{"built": null}	{}	Attach { attachments: [(1, Grass, 3)], is_turn_energy: true } ; Retreat(3) ; Attack(Attack { energy_required: [Grass, Grass], title: "Slicing Snipe", fixed_damage: ...
8	k3	12	110	lookahead	90	LOOKAHEAD ONLY, both halves hold	LOOKAHEAD ONLY, both halves hold	no	{"cut": null, "free": true, "queued": 2}	{"cut": null, "free": true, "queued": 2, "truncated": false}	{"built": null}	{}	Retreat(2) ; Attack(Attack { energy_required: [Grass, Grass], title: "Slicing Snipe", fixed_damage: ...
8	k3	12	111	state	55	ON THE BOARD	ON THE BOARD	no				{"coin_queued_offered": [55], "coin_queued_offered_any": [55]}	
8	k3	12	112	lookahead	77	LOOKAHEAD ONLY, both halves hold	LOOKAHEAD ONLY, both halves hold	no	{"cut": null, "free": true, "queued": 2}	{"cut": null, "free": true, "queued": 2, "truncated": false}	{"built": null}	{}	Retreat(2) ; Attack(Attack { energy_required: [Grass, Grass], title: "Slicing Snipe", fixed_damage: ...
8	k3	12	114	state	71	ON THE BOARD	ON THE BOARD	no				{"coin_queued_offered": [71], "coin_queued_offered_any": [71]}	
8	k3	12	115	state	50	ON THE BOARD	ON THE BOARD	no				{"coin_queued_offered": [50], "coin_queued_offered_any": [50]}	
8	k3	12	118	state	32	ON THE BOARD	ON THE BOARD	no				{"coin_queued_offered": [32], "coin_queued_offered_any": [32]}	
8	k3	12	120	state	81	ON THE BOARD	ON THE BOARD	no				{"coin_queued_offered": [81], "coin_queued_offered_any": [81]}	
8	k3	12	123	state	98	ON THE BOARD	ON THE BOARD	no				{"coin_queued_offered": [98], "coin_queued_offered_any": [98]}	
8	k3	12	127	lookahead	73	LOOKAHEAD ONLY, both halves hold	LOOKAHEAD ONLY, both halves hold	no	{"cut": null, "free": true, "queued": 3}	{"cut": null, "free": true, "queued": 3, "truncated": false}	{"built": null}	{}	Attach { attachments: [(1, Grass, 2)], is_turn_energy: true } ; Retreat(2) ; Attack(Attack { energy_required: [Grass, Grass], title: "Slicing Snipe", fixed_damage: ...
8	k3	12	128	lookahead	82	LOOKAHEAD ONLY, both halves hold	LOOKAHEAD ONLY, both halves hold	no	{"cut": null, "free": false, "queued": 1}	{"cut": null, "free": false, "queued": 1, "truncated": false}	{"built": null}	{}	Attack(Attack { energy_required: [Grass, Grass], title: "Slicing Snipe", fixed_damage: ...
8	k3	12	132	state	35	ON THE BOARD	ON THE BOARD	no				{"coin_queued_offered": [35], "coin_queued_offered_any": [35]}	
8	k3	12	133	state	30	ON THE BOARD	ON THE BOARD	no				{"coin_queued_offered": [30], "coin_queued_offered_any": [30]}	
8	k3	12	134	state	51	ON THE BOARD	ON THE BOARD	no				{"coin_queued_offered": [51], "coin_queued_offered_any": [51]}	
8	k3	12	136	state	30	ON THE BOARD	ON THE BOARD	no				{"coin_queued_offered": [30], "coin_queued_offered_any": [30]}	
8	k3	12	137	lookahead	63	LOOKAHEAD ONLY, both halves hold	LOOKAHEAD ONLY, both halves hold	no	{"cut": null, "free": false, "queued": 2}	{"cut": null, "free": false, "queued": 2, "truncated": false}	{"built": null}	{}	Retreat(3) ; Attack(Attack { energy_required: [Grass, Grass], title: "Slicing Snipe", fixed_damage: ...
8	k3	12	140	lookahead	94	LOOKAHEAD ONLY, both halves hold	LOOKAHEAD ONLY, both halves hold	no	{"cut": null, "free": true, "queued": 3}	{"cut": null, "free": true, "queued": 3, "truncated": false}	{"built": null}	{}	Attach { attachments: [(1, Grass, 2)], is_turn_energy: true } ; Retreat(2) ; Attack(Attack { energy_required: [Grass, Grass], title: "Slicing Snipe", fixed_damage: ...
8	k3	12	141	state	41	ON THE BOARD	ON THE BOARD	no				{"coin_queued_offered": [41], "coin_queued_offered_any": [41]}	
8	k3	12	143	state	35	ON THE BOARD	ON THE BOARD	no				{"coin_queued_offered": [35], "coin_queued_offered_any": [35]}	
8	k3	12	144	lookahead	63	LOOKAHEAD ONLY, both halves hold	LOOKAHEAD ONLY, both halves hold	no	{"cut": null, "free": true, "queued": 3}	{"cut": null, "free": true, "queued": 3, "truncated": false}	{"built": null}	{}	Attach { attachments: [(1, Grass, 2)], is_turn_energy: true } ; Retreat(2) ; Attack(Attack { energy_required: [Grass, Grass], title: "Slicing Snipe", fixed_damage: ...
8	k3	12	145	lookahead	75	LOOKAHEAD ONLY, both halves hold	LOOKAHEAD ONLY, both halves hold	no	{"cut": null, "free": true, "queued": 1}	{"cut": null, "free": true, "queued": 1, "truncated": false}	{"built": null}	{}	Attack(Attack { energy_required: [Grass, Grass], title: "Slicing Snipe", fixed_damage: ...
8	k3	12	149	state	59	ON THE BOARD	ON THE BOARD	no				{"coin_queued_offered": [59], "coin_queued_offered_any": [59]}	
8	k3	12	150	state	74	ON THE BOARD	ON THE BOARD	no				{"coin_queued_offered": [74], "coin_queued_offered_any": [74]}	
8	k3	12	151	state	85	ON THE BOARD	ON THE BOARD	no				{"coin_queued_offered": [85], "coin_queued_offered_any": [85]}	
8	k3	12	153	lookahead	24	LOOKAHEAD ONLY, both halves hold	LOOKAHEAD ONLY, both halves hold	no	{"cut": null, "free": true, "queued": 3}	{"cut": null, "free": true, "queued": 3, "truncated": false}	{"built": null}	{}	Evolve { evolution: Pokemon(B3 006 Grovyle), in_play_idx: 0, from_deck: false } ; Attach { attachments: [(1, Grass, 0)], is_turn_energy: true } ; Attack(Attack { energy_required: [Grass, Grass], title: "Slicing Snipe", fixed_damage: ...
8	k3	12	154	lookahead	71	LOOKAHEAD ONLY, both halves hold	LOOKAHEAD ONLY, both halves hold	no	{"cut": null, "free": false, "queued": 2}	{"cut": null, "free": false, "queued": 2, "truncated": false}	{"built": null}	{}	Retreat(2) ; Attack(Attack { energy_required: [Grass, Grass], title: "Slicing Snipe", fixed_damage: ...
8	k3	12	157	state	31	ON THE BOARD	ON THE BOARD	no				{"coin_queued_offered": [31], "coin_queued_offered_any": [31]}	
8	k3	12	158	state	76	ON THE BOARD	ON THE BOARD	no				{"coin_queued_offered": [76], "coin_queued_offered_any": [76]}	
8	k3	12	164	state	37	ON THE BOARD	ON THE BOARD	no				{"coin_queued_offered": [37], "coin_queued_offered_any": [37]}	
8	k3	12	165	state	90	ON THE BOARD	ON THE BOARD	no				{"coin_queued_offered": [90], "coin_queued_offered_any": [90]}	
8	k3	12	167	state	86	ON THE BOARD	ON THE BOARD	no				{"coin_queued_offered": [86], "coin_queued_offered_any": [86]}	
8	k3	12	168	lookahead	99	LOOKAHEAD ONLY, both halves hold	LOOKAHEAD ONLY, both halves hold	no	{"cut": null, "free": false, "queued": 1}	{"cut": null, "free": false, "queued": 1, "truncated": false}	{"built": null}	{}	Attack(Attack { energy_required: [Grass, Grass], title: "Slicing Snipe", fixed_damage: ...
8	k3	12	169	state	65	ON THE BOARD	ON THE BOARD	no				{"coin_queued_offered": [65], "coin_queued_offered_any": [65]}	
8	k3	12	170	state	96	ON THE BOARD	ON THE BOARD	no				{"coin_queued_offered": [96], "coin_queued_offered_any": [96]}	
8	k3	12	171	state	52	ON THE BOARD	ON THE BOARD	no				{"coin_queued_offered": [52], "coin_queued_offered_any": [52]}	
8	k3	12	174	lookahead	78	LOOKAHEAD ONLY, both halves hold	LOOKAHEAD ONLY, both halves hold	no	{"cut": null, "free": false, "queued": 1}	{"cut": null, "free": false, "queued": 1, "truncated": false}	{"built": null}	{}	Attack(Attack { energy_required: [Grass, Grass], title: "Slicing Snipe", fixed_damage: ...
8	k3	12	176	lookahead	64	LOOKAHEAD ONLY, both halves hold	LOOKAHEAD ONLY, both halves hold	no	{"cut": null, "free": true, "queued": 3}	{"cut": null, "free": true, "queued": 3, "truncated": false}	{"built": null}	{}	Attach { attachments: [(1, Grass, 2)], is_turn_energy: true } ; Retreat(2) ; Attack(Attack { energy_required: [Grass, Grass], title: "Slicing Snipe", fixed_damage: ...
8	k3	12	177	lookahead	71	LOOKAHEAD ONLY, both halves hold	LOOKAHEAD ONLY, both halves hold	no	{"cut": null, "free": false, "queued": 2}	{"cut": null, "free": false, "queued": 2, "truncated": true}	{"built": null}	{}	Retreat(3) ; Attack(Attack { energy_required: [Grass, Grass], title: "Slicing Snipe", fixed_damage: ...
8	k3	12	178	state	81	ON THE BOARD	ON THE BOARD	no				{"coin_queued_offered": [81], "coin_queued_offered_any": [81]}	
8	k3	12	180	lookahead	88	LOOKAHEAD ONLY, both halves hold	LOOKAHEAD ONLY, both halves hold	no	{"cut": null, "free": true, "queued": 3}	{"cut": null, "free": true, "queued": 3, "truncated": false}	{"built": null}	{}	Attach { attachments: [(1, Grass, 2)], is_turn_energy: true } ; Retreat(2) ; Attack(Attack { energy_required: [Grass, Grass], title: "Slicing Snipe", fixed_damage: ...
8	k3	12	181	state	100	ON THE BOARD	ON THE BOARD	no				{"coin_queued_offered": [100], "coin_queued_offered_any": [100]}	
8	k3	12	183	state	39	ON THE BOARD	ON THE BOARD	no				{"coin_queued_offered": [39], "coin_queued_offered_any": [39]}	
8	k3	12	184	lookahead	65	LOOKAHEAD ONLY, both halves hold	LOOKAHEAD ONLY, both halves hold	no	{"cut": null, "free": false, "queued": 2}	{"cut": null, "free": false, "queued": 2, "truncated": false}	{"built": null}	{}	Retreat(2) ; Attack(Attack { energy_required: [Grass, Grass], title: "Slicing Snipe", fixed_damage: ...
8	k3	12	187	state	51	ON THE BOARD	ON THE BOARD	no				{"coin_queued_offered": [51], "coin_queued_offered_any": [51]}	
8	k3	12	188	state	59	ON THE BOARD	ON THE BOARD	no				{"coin_queued_offered": [59], "coin_queued_offered_any": [59]}	
8	k3	12	190	state	33	ON THE BOARD	ON THE BOARD	no				{"coin_queued_offered": [33], "coin_queued_offered_any": [33]}	
8	k3	12	191	lookahead	103	LOOKAHEAD ONLY, both halves hold	LOOKAHEAD ONLY, both halves hold	no	{"cut": null, "free": false, "queued": 2}	{"cut": null, "free": false, "queued": 2, "truncated": false}	{"built": null}	{}	Retreat(2) ; Attack(Attack { energy_required: [Grass, Grass], title: "Slicing Snipe", fixed_damage: ...
8	k3	12	193	state	70	ON THE BOARD	ON THE BOARD	no				{"coin_queued_offered": [70], "coin_queued_offered_any": [70]}	
8	k3	12	194	state	34	ON THE BOARD	ON THE BOARD	no				{"coin_queued_offered": [34], "coin_queued_offered_any": [34]}	
8	k3	12	196	state	29	ON THE BOARD	ON THE BOARD	no				{"coin_queued_offered": [29], "coin_queued_offered_any": [29]}	
8	k3	12	200	lookahead	47	LOOKAHEAD ONLY, both halves hold	LOOKAHEAD ONLY, both halves hold	no	{"cut": null, "free": false, "queued": 2}	{"cut": null, "free": false, "queued": 2, "truncated": false}	{"built": null}	{}	Retreat(3) ; Attack(Attack { energy_required: [Grass, Grass], title: "Slicing Snipe", fixed_damage: ...
8	k3	12	201	state	32	ON THE BOARD	ON THE BOARD	no				{"coin_queued_offered": [32], "coin_queued_offered_any": [32]}	
8	k3	12	203	state	83	ON THE BOARD	ON THE BOARD	no				{"coin_queued_offered": [83], "coin_queued_offered_any": [83]}	
8	k3	12	204	lookahead	68	LOOKAHEAD ONLY, both halves hold	LOOKAHEAD ONLY, both halves hold	no	{"cut": null, "free": true, "queued": 3}	{"cut": null, "free": true, "queued": 3, "truncated": false}	{"built": null}	{}	Evolve { evolution: Pokemon(B3 006 Grovyle), in_play_idx: 0, from_deck: false } ; Attach { attachments: [(1, Grass, 0)], is_turn_energy: true } ; Attack(Attack { energy_required: [Grass, Grass], title: "Slicing Snipe", fixed_damage: ...
8	k3	12	206	lookahead	56	LOOKAHEAD ONLY, both halves hold	LOOKAHEAD ONLY, both halves hold	no	{"cut": null, "free": false, "queued": 2}	{"cut": null, "free": false, "queued": 2, "truncated": false}	{"built": null}	{}	Retreat(3) ; Attack(Attack { energy_required: [Grass, Grass], title: "Slicing Snipe", fixed_damage: ...
8	k3	12	207	lookahead	84	LOOKAHEAD ONLY, both halves hold	LOOKAHEAD ONLY, both halves hold	no	{"cut": null, "free": true, "queued": 3}	{"cut": null, "free": true, "queued": 3, "truncated": false}	{"built": null}	{}	Attach { attachments: [(1, Grass, 3)], is_turn_energy: true } ; Retreat(3) ; Attack(Attack { energy_required: [Grass, Grass], title: "Slicing Snipe", fixed_damage: ...
8	k3	12	210	lookahead	72	LOOKAHEAD ONLY, both halves hold	LOOKAHEAD ONLY, both halves hold	no	{"cut": null, "free": false, "queued": 1}	{"cut": null, "free": false, "queued": 1, "truncated": false}	{"built": null}	{}	Attack(Attack { energy_required: [Grass, Grass], title: "Slicing Snipe", fixed_damage: ...
8	k3	12	211	state	46	ON THE BOARD	ON THE BOARD	no				{"coin_queued_offered": [46], "coin_queued_offered_any": [46]}	
8	k3	12	212	lookahead	62	LOOKAHEAD ONLY, both halves hold	LOOKAHEAD ONLY, both halves hold	no	{"cut": null, "free": false, "queued": 2}	{"cut": null, "free": false, "queued": 2, "truncated": false}	{"built": null}	{}	Retreat(3) ; Attack(Attack { energy_required: [Grass, Grass], title: "Slicing Snipe", fixed_damage: ...
8	k3	12	215	lookahead	56	LOOKAHEAD ONLY, both halves hold	LOOKAHEAD ONLY, both halves hold	no	{"cut": null, "free": true, "queued": 3}	{"cut": null, "free": true, "queued": 3, "truncated": false}	{"built": null}	{}	Attach { attachments: [(1, Grass, 3)], is_turn_energy: true } ; Retreat(3) ; Attack(Attack { energy_required: [Grass, Grass], title: "Slicing Snipe", fixed_damage: ...
8	k3	12	216	state	60	ON THE BOARD	ON THE BOARD	no				{"coin_queued_offered": [60], "coin_queued_offered_any": [60]}	
8	k3	12	217	lookahead	22	LOOKAHEAD ONLY, both halves hold	LOOKAHEAD ONLY, both halves hold	no	{"cut": null, "free": true, "queued": 2}	{"cut": null, "free": true, "queued": 2, "truncated": false}	{"built": null}	{}	Attach { attachments: [(1, Grass, 0)], is_turn_energy: true } ; Attack(Attack { energy_required: [Grass, Grass], title: "Slicing Snipe", fixed_damage: ...
8	k3	12	218	state	34	ON THE BOARD	ON THE BOARD	no				{"coin_queued_offered": [34], "coin_queued_offered_any": [34]}	
8	k3	12	219	lookahead	63	LOOKAHEAD ONLY, both halves hold	LOOKAHEAD ONLY, both halves hold	no	{"cut": null, "free": false, "queued": 1}	{"cut": null, "free": false, "queued": 1, "truncated": false}	{"built": null}	{}	Attack(Attack { energy_required: [Grass, Grass], title: "Slicing Snipe", fixed_damage: ...
8	k3	12	220	state	74	ON THE BOARD	ON THE BOARD	no				{"coin_queued_offered": [74], "coin_queued_offered_any": [74]}	
8	k3	12	224	state	83	ON THE BOARD	ON THE BOARD	no				{"coin_queued_offered": [83], "coin_queued_offered_any": [83]}	
8	k3	12	225	lookahead	69	LOOKAHEAD ONLY, both halves hold	LOOKAHEAD ONLY, both halves hold	no	{"cut": null, "free": false, "queued": 2}	{"cut": null, "free": false, "queued": 2, "truncated": false}	{"built": null}	{}	Retreat(3) ; Attack(Attack { energy_required: [Grass, Grass], title: "Slicing Snipe", fixed_damage: ...
8	k3	12	226	lookahead	39	LOOKAHEAD ONLY, both halves hold	LOOKAHEAD ONLY, both halves hold	no	{"cut": null, "free": false, "queued": 2}	{"cut": null, "free": false, "queued": 2, "truncated": false}	{"built": null}	{}	Attach { attachments: [(1, Grass, 0)], is_turn_energy: true } ; Attack(Attack { energy_required: [Grass, Grass], title: "Slicing Snipe", fixed_damage: ...
8	k3	12	229	state	34	ON THE BOARD	ON THE BOARD	no				{"coin_queued_offered": [34], "coin_queued_offered_any": [34]}	
8	k3	12	230	state	32	ON THE BOARD	ON THE BOARD	no				{"coin_queued_offered": [32], "coin_queued_offered_any": [32]}	
8	k3	12	233	state	112	ON THE BOARD	ON THE BOARD	no				{"coin_queued_offered": [112], "coin_queued_offered_any": [112]}	
8	k3	12	235	lookahead	81	LOOKAHEAD ONLY, both halves hold	LOOKAHEAD ONLY, both halves hold	no	{"cut": null, "free": false, "queued": 2}	{"cut": null, "free": false, "queued": 2, "truncated": false}	{"built": null}	{}	Retreat(3) ; Attack(Attack { energy_required: [Grass, Grass], title: "Slicing Snipe", fixed_damage: ...
8	k3	12	236	lookahead	46	LOOKAHEAD ONLY, both halves hold	LOOKAHEAD ONLY, both halves hold	no	{"cut": null, "free": true, "queued": 2}	{"cut": null, "free": true, "queued": 2, "truncated": false}	{"built": null}	{}	Retreat(3) ; Attack(Attack { energy_required: [Grass, Grass], title: "Slicing Snipe", fixed_damage: ...
8	k3	12	242	lookahead	46	LOOKAHEAD ONLY, both halves hold	LOOKAHEAD ONLY, both halves hold	no	{"cut": null, "free": true, "queued": 3}	{"cut": null, "free": true, "queued": 3, "truncated": false}	{"built": null}	{}	Attach { attachments: [(1, Grass, 3)], is_turn_energy: true } ; Retreat(3) ; Attack(Attack { energy_required: [Grass, Grass], title: "Slicing Snipe", fixed_damage: ...
8	k3	12	247	state	36	ON THE BOARD	ON THE BOARD	no				{"coin_queued_offered": [36], "coin_queued_offered_any": [36]}	
8	k3	12	248	state	105	ON THE BOARD	ON THE BOARD	no				{"coin_queued_offered": [105], "coin_queued_offered_any": [105]}	
8	km3	13	7	lookahead	88	LOOKAHEAD ONLY, both halves hold	LOOKAHEAD ONLY, both halves hold	no	{"cut": null, "free": true, "queued": 1}	{"cut": null, "free": true, "queued": 1, "truncated": false}	{"built": null}	{}	Attack(Attack { energy_required: [Water, Water, Water], title: "Diving Icicles", fixed_...
8	km3	13	15	state	94	ON THE BOARD	ON THE BOARD	no				{"coin_queued_offered": [94], "coin_queued_offered_any": [94]}	
8	km3	13	18	state	39	ON THE BOARD	ON THE BOARD	no				{"coin_queued_offered": [39], "coin_queued_offered_any": [39]}	
8	km3	13	19	state	97	ON THE BOARD	ON THE BOARD	no				{"coin_queued_offered": [97], "coin_queued_offered_any": [97]}	
8	km3	13	22	state	74	ON THE BOARD	ON THE BOARD	no				{"coin_queued_offered": [74], "coin_queued_offered_any": [74]}	
8	km3	13	24	state	142	ON THE BOARD	ON THE BOARD	no				{"coin_queued_offered": [142], "coin_queued_offered_any": [142]}	
8	km3	13	31	state	46	ON THE BOARD	ON THE BOARD	no				{"coin_queued_offered": [46], "coin_queued_offered_any": [46]}	
8	km3	13	33	lookahead	134	LOOKAHEAD ONLY, both halves hold	LOOKAHEAD ONLY, both halves hold	no	{"cut": null, "free": true, "queued": 3}	{"cut": null, "free": true, "queued": 3, "truncated": false}	{"built": null}	{}	Attach { attachments: [(1, Water, 3)], is_turn_energy: true } ; Retreat(3) ; Attack(Attack { energy_required: [Water, Water, Water], title: "Diving Icicles", fixed_...
8	km3	13	44	state	100	ON THE BOARD	ON THE BOARD	no				{"coin_queued_offered": [100], "coin_queued_offered_any": [100]}	
8	km3	13	50	state	73	ON THE BOARD	ON THE BOARD	no				{"coin_queued_offered": [73], "coin_queued_offered_any": [73]}	
8	km3	13	53	state	66	ON THE BOARD	ON THE BOARD	no				{"coin_queued_offered": [66], "coin_queued_offered_any": [66]}	
8	km3	13	57	lookahead	130	LOOKAHEAD ONLY, both halves hold	LOOKAHEAD ONLY, both halves hold	no	{"cut": null, "free": true, "queued": 3}	{"cut": null, "free": true, "queued": 3, "truncated": false}	{"built": null}	{}	Attach { attachments: [(1, Water, 3)], is_turn_energy: true } ; Retreat(3) ; Attack(Attack { energy_required: [Water, Water, Water], title: "Diving Icicles", fixed_...
8	km3	13	61	state	125	ON THE BOARD	ON THE BOARD	no				{"coin_queued_offered": [125], "coin_queued_offered_any": [125]}	
8	km3	13	66	lookahead	35	LOOKAHEAD ONLY, both halves hold	LOOKAHEAD ONLY, both halves hold	no	{"cut": null, "free": true, "queued": 1}	{"cut": null, "free": true, "queued": 1, "truncated": false}	{"built": null}	{}	Attack(Attack { energy_required: [Water, Water, Water], title: "Diving Icicles", fixed_...
8	km3	13	73	state	142	ON THE BOARD	ON THE BOARD	no				{"coin_queued_offered": [142], "coin_queued_offered_any": [142]}	
8	km3	13	76	state	150	ON THE BOARD	ON THE BOARD	no				{"coin_queued_offered": [150], "coin_queued_offered_any": [150]}	
8	km3	13	78	lookahead	153	LOOKAHEAD ONLY, both halves hold	LOOKAHEAD ONLY, both halves hold	no	{"cut": null, "free": true, "queued": 3}	{"cut": null, "free": true, "queued": 3, "truncated": false}	{"built": null}	{}	Attach { attachments: [(1, Water, 3)], is_turn_energy: true } ; Retreat(3) ; Attack(Attack { energy_required: [Water, Water, Water], title: "Diving Icicles", fixed_...
8	km3	13	82	state	96	ON THE BOARD	ON THE BOARD	no				{"coin_queued_offered": [96], "coin_queued_offered_any": [96]}	
8	km3	13	86	lookahead	140	LOOKAHEAD ONLY, both halves hold	LOOKAHEAD ONLY, both halves hold	no	{"cut": null, "free": true, "queued": 2}	{"cut": null, "free": true, "queued": 2, "truncated": false}	{"built": null}	{}	Retreat(2) ; Attack(Attack { energy_required: [Water, Water, Water], title: "Diving Icicles", fixed_...
8	km3	13	87	state	160	ON THE BOARD	ON THE BOARD	no				{"coin_queued_offered": [160], "coin_queued_offered_any": [160]}	
8	km3	13	91	state	84	ON THE BOARD	ON THE BOARD	no				{"coin_queued_offered": [84], "coin_queued_offered_any": [84]}	
8	km3	13	94	lookahead	77	LOOKAHEAD ONLY, both halves hold	LOOKAHEAD ONLY, both halves hold	no	{"cut": null, "free": true, "queued": 2}	{"cut": null, "free": true, "queued": 2, "truncated": false}	{"built": null}	{}	Retreat(2) ; Attack(Attack { energy_required: [Water, Water, Water], title: "Diving Icicles", fixed_...
8	km3	13	96	state	41	ON THE BOARD	ON THE BOARD	no				{"coin_queued_offered": [41], "coin_queued_offered_any": [41]}	
8	km3	13	102	lookahead	161	LOOKAHEAD ONLY, both halves hold	LOOKAHEAD ONLY, both halves hold	no	{"cut": null, "free": true, "queued": 2}	{"cut": null, "free": true, "queued": 2, "truncated": false}	{"built": null}	{}	Retreat(1) ; Attack(Attack { energy_required: [Water, Water, Water], title: "Diving Icicles", fixed_...
8	km3	13	105	lookahead	151	LOOKAHEAD ONLY, both halves hold	LOOKAHEAD ONLY, both halves hold	no	{"cut": null, "free": true, "queued": 3}	{"cut": null, "free": true, "queued": 3, "truncated": false}	{"built": null}	{}	Attach { attachments: [(1, Water, 3)], is_turn_energy: true } ; Retreat(3) ; Attack(Attack { energy_required: [Water, Water, Water], title: "Diving Icicles", fixed_...
8	km3	13	106	lookahead	96	LOOKAHEAD ONLY, both halves hold	LOOKAHEAD ONLY, both halves hold	no	{"cut": null, "free": true, "queued": 2}	{"cut": null, "free": true, "queued": 2, "truncated": false}	{"built": null}	{}	Attach { attachments: [(1, Water, 0)], is_turn_energy: true } ; Attack(Attack { energy_required: [Water, Water, Water], title: "Diving Icicles", fixed_...
8	km3	13	109	lookahead	92	LOOKAHEAD ONLY, both halves hold	LOOKAHEAD ONLY, both halves hold	no	{"cut": null, "free": true, "queued": 2}	{"cut": null, "free": true, "queued": 2, "truncated": false}	{"built": null}	{}	Retreat(3) ; Attack(Attack { energy_required: [Water, Water, Water], title: "Diving Icicles", fixed_...
8	km3	13	112	lookahead	136	LOOKAHEAD ONLY, both halves hold	LOOKAHEAD ONLY, both halves hold	no	{"cut": null, "free": true, "queued": 2}	{"cut": null, "free": true, "queued": 2, "truncated": false}	{"built": null}	{}	Retreat(3) ; Attack(Attack { energy_required: [Water, Water, Water], title: "Diving Icicles", fixed_...
8	km3	13	115	lookahead	126	LOOKAHEAD ONLY, both halves hold	LOOKAHEAD ONLY, both halves hold	no	{"cut": null, "free": true, "queued": 3}	{"cut": null, "free": true, "queued": 3, "truncated": false}	{"built": null}	{}	Attach { attachments: [(1, Water, 2)], is_turn_energy: true } ; Retreat(2) ; Attack(Attack { energy_required: [Water, Water, Water], title: "Diving Icicles", fixed_...
8	km3	13	124	lookahead	137	LOOKAHEAD ONLY, both halves hold	LOOKAHEAD ONLY, both halves hold	no	{"cut": null, "free": true, "queued": 2}	{"cut": null, "free": true, "queued": 2, "truncated": false}	{"built": null}	{}	Retreat(1) ; Attack(Attack { energy_required: [Water, Water, Water], title: "Diving Icicles", fixed_...
8	km3	13	125	state	84	ON THE BOARD	ON THE BOARD	no				{"coin_queued_offered": [84], "coin_queued_offered_any": [84]}	
8	km3	13	127	state	72	ON THE BOARD	ON THE BOARD	no				{"coin_queued_offered": [72], "coin_queued_offered_any": [72]}	
8	km3	13	131	state	149	ON THE BOARD	ON THE BOARD	no				{"coin_queued_offered": [149], "coin_queued_offered_any": [149]}	
8	km3	13	137	state	63	ON THE BOARD	ON THE BOARD	no				{"coin_queued_offered": [63], "coin_queued_offered_any": [63]}	
8	km3	13	139	state	145	ON THE BOARD	ON THE BOARD	no				{"coin_queued_offered": [145], "coin_queued_offered_any": [145]}	
8	km3	13	144	state	36	ON THE BOARD	ON THE BOARD	no				{"coin_queued_offered": [36], "coin_queued_offered_any": [36]}	
8	km3	13	145	state	127	ON THE BOARD	ON THE BOARD	no				{"coin_queued_offered": [127], "coin_queued_offered_any": [127]}	
8	km3	13	149	state	154	ON THE BOARD	ON THE BOARD	no				{"coin_queued_offered": [154], "coin_queued_offered_any": [154]}	
8	km3	13	153	state	44	ON THE BOARD	ON THE BOARD	no				{"coin_queued_offered": [44], "coin_queued_offered_any": [44]}	
8	km3	13	158	state	95	ON THE BOARD	ON THE BOARD	no				{"coin_queued_offered": [95], "coin_queued_offered_any": [95]}	
8	km3	13	159	state	103	ON THE BOARD	ON THE BOARD	no				{"coin_queued_offered": [103], "coin_queued_offered_any": [103]}	
8	km3	13	172	lookahead	121	LOOKAHEAD ONLY, both halves hold	LOOKAHEAD ONLY, both halves hold	no	{"cut": null, "free": true, "queued": 3}	{"cut": null, "free": true, "queued": 3, "truncated": false}	{"built": null}	{}	Attach { attachments: [(1, Water, 1)], is_turn_energy: true } ; Retreat(1) ; Attack(Attack { energy_required: [Water, Water, Water], title: "Diving Icicles", fixed_...
8	km3	13	178	state	95	ON THE BOARD	ON THE BOARD	no				{"coin_queued_offered": [95], "coin_queued_offered_any": [95]}	
8	km3	13	189	lookahead	108	LOOKAHEAD ONLY, both halves hold	LOOKAHEAD ONLY, both halves hold	no	{"cut": null, "free": true, "queued": 3}	{"cut": null, "free": true, "queued": 3, "truncated": false}	{"built": null}	{}	Attach { attachments: [(1, Water, 3)], is_turn_energy: true } ; Retreat(3) ; Attack(Attack { energy_required: [Water, Water, Water], title: "Diving Icicles", fixed_...
8	km3	13	192	state	87	ON THE BOARD	ON THE BOARD	no				{"coin_queued_offered": [87], "coin_queued_offered_any": [87]}	
8	km3	13	209	state	132	ON THE BOARD	ON THE BOARD	no				{"coin_queued_offered": [132], "coin_queued_offered_any": [132]}	
8	km3	13	210	state	158	ON THE BOARD	ON THE BOARD	no				{"coin_queued_offered": [158], "coin_queued_offered_any": [158]}	
8	km3	13	211	lookahead	123	LOOKAHEAD ONLY, both halves hold	LOOKAHEAD ONLY, both halves hold	no	{"cut": null, "free": true, "queued": 3}	{"cut": null, "free": true, "queued": 3, "truncated": false}	{"built": null}	{}	Attach { attachments: [(1, Water, 2)], is_turn_energy: true } ; Retreat(2) ; Attack(Attack { energy_required: [Water, Water, Water], title: "Diving Icicles", fixed_...
8	km3	13	215	lookahead	124	LOOKAHEAD ONLY, both halves hold	LOOKAHEAD ONLY, both halves hold	no	{"cut": null, "free": true, "queued": 2}	{"cut": null, "free": true, "queued": 2, "truncated": false}	{"built": null}	{}	Attach { attachments: [(1, Water, 0)], is_turn_energy: true } ; Attack(Attack { energy_required: [Water, Water, Water], title: "Diving Icicles", fixed_...
8	km3	13	221	state	83	ON THE BOARD	ON THE BOARD	no				{"coin_queued_offered": [83], "coin_queued_offered_any": [83]}	
8	km3	13	224	lookahead	87	LOOKAHEAD ONLY, both halves hold	LOOKAHEAD ONLY, both halves hold	no	{"cut": null, "free": true, "queued": 3}	{"cut": null, "free": true, "queued": 3, "truncated": false}	{"built": null}	{}	Attach { attachments: [(1, Water, 2)], is_turn_energy: true } ; Retreat(2) ; Attack(Attack { energy_required: [Water, Water, Water], title: "Diving Icicles", fixed_...
8	km3	13	227	state	53	ON THE BOARD	ON THE BOARD	no				{"coin_queued_offered": [53], "coin_queued_offered_any": [53]}	
8	km3	13	228	state	73	ON THE BOARD	ON THE BOARD	no				{"coin_queued_offered": [73], "coin_queued_offered_any": [73]}	
8	km3	13	229	state	90	ON THE BOARD	ON THE BOARD	no				{"coin_queued_offered": [90], "coin_queued_offered_any": [90]}	
8	km3	13	230	lookahead	90	LOOKAHEAD ONLY, both halves hold	LOOKAHEAD ONLY, both halves hold	no	{"cut": null, "free": true, "queued": 2}	{"cut": null, "free": true, "queued": 2, "truncated": false}	{"built": null}	{}	Retreat(3) ; Attack(Attack { energy_required: [Water, Water, Water], title: "Diving Icicles", fixed_...
8	km3	13	238	state	72	ON THE BOARD	ON THE BOARD	no				{"coin_queued_offered": [72], "coin_queued_offered_any": [72]}	
8	km3	13	242	state	115	ON THE BOARD	ON THE BOARD	no				{"coin_queued_offered": [115], "coin_queued_offered_any": [115]}	
8	km3	13	248	lookahead	146	LOOKAHEAD ONLY, both halves hold	LOOKAHEAD ONLY, both halves hold	no	{"cut": null, "free": true, "queued": 3}	{"cut": null, "free": true, "queued": 3, "truncated": false}	{"built": null}	{}	Attach { attachments: [(1, Water, 3)], is_turn_energy: true } ; Retreat(3) ; Attack(Attack { energy_required: [Water, Water, Water], title: "Diving Icicles", fixed_...
8	km3	13	252	lookahead	45	LOOKAHEAD ONLY, both halves hold	LOOKAHEAD ONLY, both halves hold	no	{"cut": null, "free": true, "queued": 1}	{"cut": null, "free": true, "queued": 1, "truncated": false}	{"built": null}	{}	Attack(Attack { energy_required: [Water, Water, Water], title: "Diving Icicles", fixed_...
8	km3	13	254	lookahead	166	LOOKAHEAD ONLY, both halves hold	LOOKAHEAD ONLY, both halves hold	no	{"cut": null, "free": true, "queued": 3}	{"cut": null, "free": true, "queued": 3, "truncated": false}	{"built": null}	{}	Attach { attachments: [(1, Water, 3)], is_turn_energy: true } ; Retreat(3) ; Attack(Attack { energy_required: [Water, Water, Water], title: "Diving Icicles", fixed_...
8	km3	13	262	state	111	ON THE BOARD	ON THE BOARD	no				{"coin_queued_offered": [111], "coin_queued_offered_any": [111]}	
8	km3	13	269	state	145	ON THE BOARD	ON THE BOARD	no				{"coin_queued_offered": [145], "coin_queued_offered_any": [145]}	
8	km3	13	274	state	173	ON THE BOARD	ON THE BOARD	no				{"coin_queued_offered": [173], "coin_queued_offered_any": [173]}	
8	km3	13	278	lookahead	39	LOOKAHEAD ONLY, both halves hold	LOOKAHEAD ONLY, both halves hold	no	{"cut": null, "free": true, "queued": 1}	{"cut": null, "free": true, "queued": 1, "truncated": false}	{"built": null}	{}	Attack(Attack { energy_required: [Water, Water, Water], title: "Diving Icicles", fixed_...
8	km3	13	288	lookahead	112	LOOKAHEAD ONLY, both halves hold	LOOKAHEAD ONLY, both halves hold	no	{"cut": null, "free": true, "queued": 3}	{"cut": null, "free": true, "queued": 3, "truncated": false}	{"built": null}	{}	Attach { attachments: [(1, Water, 3)], is_turn_energy: true } ; Retreat(3) ; Attack(Attack { energy_required: [Water, Water, Water], title: "Diving Icicles", fixed_...
8	km3	13	290	lookahead	101	LOOKAHEAD ONLY, both halves hold	LOOKAHEAD ONLY, both halves hold	no	{"cut": null, "free": true, "queued": 3}	{"cut": null, "free": true, "queued": 3, "truncated": false}	{"built": null}	{}	Attach { attachments: [(1, Water, 3)], is_turn_energy: true } ; Retreat(3) ; Attack(Attack { energy_required: [Water, Water, Water], title: "Diving Icicles", fixed_...
8	km3	13	298	lookahead	67	LOOKAHEAD ONLY, both halves hold	LOOKAHEAD ONLY, both halves hold	no	{"cut": null, "free": true, "queued": 1}	{"cut": null, "free": true, "queued": 1, "truncated": false}	{"built": null}	{}	Attack(Attack { energy_required: [Water, Water, Water], title: "Diving Icicles", fixed_...
8	km3	13	302	state	168	ON THE BOARD	ON THE BOARD	no				{"coin_queued_offered": [168], "coin_queued_offered_any": [168]}	
8	km3	13	309	state	71	ON THE BOARD	ON THE BOARD	no				{"coin_queued_offered": [71], "coin_queued_offered_any": [71]}	
8	km3	13	311	state	44	ON THE BOARD	ON THE BOARD	no				{"coin_queued_offered": [44], "coin_queued_offered_any": [44]}	
8	km3	13	317	state	115	ON THE BOARD	ON THE BOARD	no				{"coin_queued_offered": [115], "coin_queued_offered_any": [115]}	
8	km3	13	323	state	43	ON THE BOARD	ON THE BOARD	no				{"coin_queued_offered": [43], "coin_queued_offered_any": [43]}	
8	km3	13	335	state	136	ON THE BOARD	ON THE BOARD	no				{"coin_queued_offered": [136], "coin_queued_offered_any": [136]}	
8	km3	13	337	state	170	ON THE BOARD	ON THE BOARD	no				{"coin_queued_offered": [170], "coin_queued_offered_any": [170]}	
8	km3	13	338	lookahead	117	LOOKAHEAD ONLY, both halves hold	LOOKAHEAD ONLY, both halves hold	no	{"cut": null, "free": true, "queued": 3}	{"cut": null, "free": true, "queued": 3, "truncated": false}	{"built": null}	{}	Attach { attachments: [(1, Water, 3)], is_turn_energy: true } ; Retreat(3) ; Attack(Attack { energy_required: [Water, Water, Water], title: "Diving Icicles", fixed_...
8	km3	13	341	lookahead	110	LOOKAHEAD ONLY, both halves hold	LOOKAHEAD ONLY, both halves hold	no	{"cut": null, "free": true, "queued": 1}	{"cut": null, "free": true, "queued": 1, "truncated": false}	{"built": null}	{}	Attack(Attack { energy_required: [Water, Water, Water], title: "Diving Icicles", fixed_...
8	km3	13	342	state	86	ON THE BOARD	ON THE BOARD	no				{"coin_queued_offered": [86], "coin_queued_offered_any": [86]}	
8	km3	13	348	state	35	ON THE BOARD	ON THE BOARD	no				{"coin_queued_offered": [35], "coin_queued_offered_any": [35]}	
8	km3	13	360	state	52	ON THE BOARD	ON THE BOARD	no				{"coin_queued_offered": [52], "coin_queued_offered_any": [52]}	
8	km3	13	365	state	52	ON THE BOARD	ON THE BOARD	no				{"coin_queued_offered": [52], "coin_queued_offered_any": [52]}	
8	km3	13	368	state	43	ON THE BOARD	ON THE BOARD	no				{"coin_queued_offered": [43], "coin_queued_offered_any": [43]}	
8	km3	13	370	state	130	ON THE BOARD	ON THE BOARD	no				{"coin_queued_offered": [130], "coin_queued_offered_any": [130]}	
8	km3	13	373	state	170	ON THE BOARD	ON THE BOARD	no				{"coin_queued_offered": [170], "coin_queued_offered_any": [170]}	
8	km3	13	375	state	169	ON THE BOARD	ON THE BOARD	no				{"coin_queued_offered": [169], "coin_queued_offered_any": [169]}	
8	km3	13	376	lookahead	96	LOOKAHEAD ONLY, both halves hold	LOOKAHEAD ONLY, both halves hold	no	{"cut": null, "free": true, "queued": 2}	{"cut": null, "free": true, "queued": 2, "truncated": false}	{"built": null}	{}	Attach { attachments: [(1, Water, 0)], is_turn_energy: true } ; Attack(Attack { energy_required: [Water, Water, Water], title: "Diving Icicles", fixed_...
8	km3	13	377	state	45	ON THE BOARD	ON THE BOARD	no				{"coin_queued_offered": [45], "coin_queued_offered_any": [45]}	
8	km3	13	382	lookahead	58	LOOKAHEAD ONLY, both halves hold	LOOKAHEAD ONLY, both halves hold	no	{"cut": null, "free": true, "queued": 2}	{"cut": null, "free": true, "queued": 2, "truncated": false}	{"built": null}	{}	Attach { attachments: [(1, Water, 0)], is_turn_energy: true } ; Attack(Attack { energy_required: [Water, Water, Water], title: "Diving Icicles", fixed_...
8	km3	13	388	state	73	ON THE BOARD	ON THE BOARD	no				{"coin_queued_offered": [73], "coin_queued_offered_any": [73]}	
8	km3	13	400	lookahead	122	LOOKAHEAD ONLY, both halves hold	LOOKAHEAD ONLY, both halves hold	no	{"cut": null, "free": true, "queued": 3}	{"cut": null, "free": true, "queued": 3, "truncated": false}	{"built": null}	{}	Attach { attachments: [(1, Water, 1)], is_turn_energy: true } ; Retreat(1) ; Attack(Attack { energy_required: [Water, Water, Water], title: "Diving Icicles", fixed_...
8	km3	13	424	state	68	ON THE BOARD	ON THE BOARD	no				{"coin_queued_offered": [68], "coin_queued_offered_any": [68]}	
8	km3	13	426	state	175	ON THE BOARD	ON THE BOARD	no				{"coin_queued_offered": [175], "coin_queued_offered_any": [175]}	
8	km3	13	433	state	143	ON THE BOARD	ON THE BOARD	no				{"coin_queued_offered": [143], "coin_queued_offered_any": [143]}	
8	km3	13	437	state	95	ON THE BOARD	ON THE BOARD	no				{"coin_queued_offered": [95], "coin_queued_offered_any": [95]}	
8	km3	13	443	state	159	ON THE BOARD	ON THE BOARD	no				{"coin_queued_offered": [159], "coin_queued_offered_any": [159]}	
8	km3	13	453	state	162	ON THE BOARD	ON THE BOARD	no				{"coin_queued_offered": [162], "coin_queued_offered_any": [162]}	
8	km3	13	464	state	80	ON THE BOARD	ON THE BOARD	no				{"coin_queued_offered": [80], "coin_queued_offered_any": [80]}	
8	km3	13	477	lookahead	168	LOOKAHEAD ONLY, both halves hold	LOOKAHEAD ONLY, both halves hold	no	{"cut": null, "free": true, "queued": 2}	{"cut": null, "free": true, "queued": 2, "truncated": false}	{"built": null}	{}	Retreat(2) ; Attack(Attack { energy_required: [Water, Water, Water], title: "Diving Icicles", fixed_...
8	km3	13	478	state	63	ON THE BOARD	ON THE BOARD	no				{"coin_queued_offered": [63], "coin_queued_offered_any": [63]}	
8	km3	13	481	state	40	ON THE BOARD	ON THE BOARD	no				{"coin_queued_offered": [40], "coin_queued_offered_any": [40]}	
8	km3	13	492	state	41	ON THE BOARD	ON THE BOARD	no				{"coin_queued_offered": [41], "coin_queued_offered_any": [41]}	
8	k3	13	3	state	149	ON THE BOARD	ON THE BOARD	no				{"coin_queued_offered": [149], "coin_queued_offered_any": [149]}	
8	k3	13	7	lookahead	88	LOOKAHEAD ONLY, both halves hold	LOOKAHEAD ONLY, both halves hold	no	{"cut": null, "free": true, "queued": 1}	{"cut": null, "free": true, "queued": 1, "truncated": false}	{"built": null}	{}	Attack(Attack { energy_required: [Water, Water, Water], title: "Diving Icicles", fixed_...
8	k3	13	15	state	94	ON THE BOARD	ON THE BOARD	no				{"coin_queued_offered": [94], "coin_queued_offered_any": [94]}	
8	k3	13	18	state	39	ON THE BOARD	ON THE BOARD	no				{"coin_queued_offered": [39], "coin_queued_offered_any": [39]}	
8	k3	13	19	state	97	ON THE BOARD	ON THE BOARD	no				{"coin_queued_offered": [97], "coin_queued_offered_any": [97]}	
8	k3	13	22	state	145	ON THE BOARD	ON THE BOARD	no				{"coin_queued_offered": [145], "coin_queued_offered_any": [145]}	
8	k3	13	23	lookahead	171	LOOKAHEAD ONLY, both halves hold	LOOKAHEAD ONLY, both halves hold	no	{"cut": null, "free": true, "queued": 2}	{"cut": null, "free": true, "queued": 2, "truncated": false}	{"built": null}	{}	Retreat(1) ; Attack(Attack { energy_required: [Water, Water, Water], title: "Diving Icicles", fixed_...
8	k3	13	28	lookahead	168	LOOKAHEAD ONLY, both halves hold	LOOKAHEAD ONLY, both halves hold	no	{"cut": null, "free": true, "queued": 2}	{"cut": null, "free": true, "queued": 2, "truncated": false}	{"built": null}	{}	Retreat(2) ; Attack(Attack { energy_required: [Water, Water, Water], title: "Diving Icicles", fixed_...
8	k3	13	31	state	43	ON THE BOARD	ON THE BOARD	no				{"coin_queued_offered": [43], "coin_queued_offered_any": [43]}	
8	k3	13	33	lookahead	162	LOOKAHEAD ONLY, both halves hold	LOOKAHEAD ONLY, both halves hold	no	{"cut": null, "free": true, "queued": 3}	{"cut": null, "free": true, "queued": 3, "truncated": false}	{"built": null}	{}	Attach { attachments: [(1, Water, 3)], is_turn_energy: true } ; Retreat(3) ; Attack(Attack { energy_required: [Water, Water, Water], title: "Diving Icicles", fixed_...
8	k3	13	34	state	108	ON THE BOARD	ON THE BOARD	no				{"coin_queued_offered": [108], "coin_queued_offered_any": [108]}	
8	k3	13	36	lookahead	118	LOOKAHEAD ONLY, both halves hold	LOOKAHEAD ONLY, both halves hold	no	{"cut": null, "free": true, "queued": 3}	{"cut": null, "free": true, "queued": 3, "truncated": false}	{"built": null}	{}	Attach { attachments: [(1, Water, 1)], is_turn_energy: true } ; Retreat(1) ; Attack(Attack { energy_required: [Water, Water, Water], title: "Diving Icicles", fixed_...
8	k3	13	41	state	88	ON THE BOARD	ON THE BOARD	no				{"coin_queued_offered": [88], "coin_queued_offered_any": [88]}	
8	k3	13	44	state	100	ON THE BOARD	ON THE BOARD	no				{"coin_queued_offered": [100], "coin_queued_offered_any": [100]}	
8	k3	13	46	lookahead	104	LOOKAHEAD ONLY, both halves hold	LOOKAHEAD ONLY, both halves hold	no	{"cut": null, "free": true, "queued": 3}	{"cut": null, "free": true, "queued": 3, "truncated": false}	{"built": null}	{}	Attach { attachments: [(1, Water, 3)], is_turn_energy: true } ; Retreat(3) ; Attack(Attack { energy_required: [Water, Water, Water], title: "Diving Icicles", fixed_...
8	k3	13	50	state	73	ON THE BOARD	ON THE BOARD	no				{"coin_queued_offered": [73], "coin_queued_offered_any": [73]}	
8	k3	13	53	state	66	ON THE BOARD	ON THE BOARD	no				{"coin_queued_offered": [66], "coin_queued_offered_any": [66]}	
8	k3	13	57	lookahead	127	LOOKAHEAD ONLY, both halves hold	LOOKAHEAD ONLY, both halves hold	no	{"cut": null, "free": true, "queued": 2}	{"cut": null, "free": true, "queued": 2, "truncated": false}	{"built": null}	{}	Retreat(3) ; Attack(Attack { energy_required: [Water, Water, Water], title: "Diving Icicles", fixed_...
8	k3	13	61	state	125	ON THE BOARD	ON THE BOARD	no				{"coin_queued_offered": [125], "coin_queued_offered_any": [125]}	
8	k3	13	66	lookahead	33	LOOKAHEAD ONLY, both halves hold	LOOKAHEAD ONLY, both halves hold	no	{"cut": null, "free": true, "queued": 3}	{"cut": null, "free": true, "queued": 3, "truncated": false}	{"built": null}	{}	Attach { attachments: [(1, Water, 0)], is_turn_energy: true } ; UseAbility { in_play_idx: 3 } ; Attack(Attack { energy_required: [Water, Water, Water], title: "Diving Icicles", fixed_...
8	k3	13	78	state	157	ON THE BOARD	ON THE BOARD	no				{"coin_queued_offered": [157], "coin_queued_offered_any": [157]}	
8	k3	13	80	lookahead	72	LOOKAHEAD ONLY, both halves hold	LOOKAHEAD ONLY, both halves hold	no	{"cut": null, "free": true, "queued": 2}	{"cut": null, "free": true, "queued": 2, "truncated": false}	{"built": null}	{}	Retreat(2) ; Attack(Attack { energy_required: [Water, Water, Water], title: "Diving Icicles", fixed_...
8	k3	13	94	state	80	ON THE BOARD	ON THE BOARD	no				{"coin_queued_offered": [80], "coin_queued_offered_any": [80]}	
8	k3	13	95	state	68	ON THE BOARD	ON THE BOARD	no				{"coin_queued_offered": [68], "coin_queued_offered_any": [68]}	
8	k3	13	96	state	41	ON THE BOARD	ON THE BOARD	no				{"coin_queued_offered": [41], "coin_queued_offered_any": [41]}	
8	k3	13	101	state	156	ON THE BOARD	ON THE BOARD	no				{"coin_queued_offered": [156], "coin_queued_offered_any": [156]}	
8	k3	13	103	state	149	ON THE BOARD	ON THE BOARD	no				{"coin_queued_offered": [149], "coin_queued_offered_any": [149]}	
8	k3	13	105	lookahead	144	LOOKAHEAD ONLY, both halves hold	LOOKAHEAD ONLY, both halves hold	no	{"cut": null, "free": true, "queued": 2}	{"cut": null, "free": true, "queued": 2, "truncated": false}	{"built": null}	{}	Retreat(2) ; Attack(Attack { energy_required: [Water, Water, Water], title: "Diving Icicles", fixed_...
8	k3	13	111	lookahead	55	LOOKAHEAD ONLY, both halves hold	LOOKAHEAD ONLY, both halves hold	no	{"cut": null, "free": true, "queued": 2}	{"cut": null, "free": true, "queued": 2, "truncated": false}	{"built": null}	{}	Attach { attachments: [(1, Water, 0)], is_turn_energy: true } ; Attack(Attack { energy_required: [Water, Water, Water], title: "Diving Icicles", fixed_...
8	k3	13	113	lookahead	116	LOOKAHEAD ONLY, both halves hold	LOOKAHEAD ONLY, both halves hold	no	{"cut": null, "free": true, "queued": 3}	{"cut": null, "free": true, "queued": 3, "truncated": false}	{"built": null}	{}	Attach { attachments: [(1, Water, 2)], is_turn_energy: true } ; Retreat(2) ; Attack(Attack { energy_required: [Water, Water, Water], title: "Diving Icicles", fixed_...
8	k3	13	124	lookahead	137	LOOKAHEAD ONLY, both halves hold	LOOKAHEAD ONLY, both halves hold	no	{"cut": null, "free": true, "queued": 2}	{"cut": null, "free": true, "queued": 2, "truncated": false}	{"built": null}	{}	Retreat(1) ; Attack(Attack { energy_required: [Water, Water, Water], title: "Diving Icicles", fixed_...
8	k3	13	125	state	82	ON THE BOARD	ON THE BOARD	no				{"coin_queued_offered": [82], "coin_queued_offered_any": [82]}	
8	k3	13	137	state	63	ON THE BOARD	ON THE BOARD	no				{"coin_queued_offered": [63], "coin_queued_offered_any": [63]}	
8	k3	13	138	lookahead	101	LOOKAHEAD ONLY, both halves hold	LOOKAHEAD ONLY, both halves hold	no	{"cut": null, "free": true, "queued": 2}	{"cut": null, "free": true, "queued": 2, "truncated": false}	{"built": null}	{}	Retreat(2) ; Attack(Attack { energy_required: [Water, Water, Water], title: "Diving Icicles", fixed_...
8	k3	13	144	state	38	ON THE BOARD	ON THE BOARD	no				{"coin_queued_offered": [38], "coin_queued_offered_any": [38]}	
8	k3	13	145	state	38	ON THE BOARD	ON THE BOARD	no				{"coin_queued_offered": [38], "coin_queued_offered_any": [38]}	
8	k3	13	149	state	154	ON THE BOARD	ON THE BOARD	no				{"coin_queued_offered": [154], "coin_queued_offered_any": [154]}	
8	k3	13	156	state	34	ON THE BOARD	ON THE BOARD	no				{"coin_queued_offered": [34], "coin_queued_offered_any": [34]}	
8	k3	13	161	lookahead	128	LOOKAHEAD ONLY, both halves hold	LOOKAHEAD ONLY, both halves hold	no	{"cut": null, "free": true, "queued": 3}	{"cut": null, "free": true, "queued": 3, "truncated": false}	{"built": null}	{}	Attach { attachments: [(1, Water, 3)], is_turn_energy: true } ; Retreat(3) ; Attack(Attack { energy_required: [Water, Water, Water], title: "Diving Icicles", fixed_...
8	k3	13	165	state	69	ON THE BOARD	ON THE BOARD	no				{"coin_queued_offered": [69], "coin_queued_offered_any": [69]}	
8	k3	13	169	lookahead	112	LOOKAHEAD ONLY, both halves hold	LOOKAHEAD ONLY, both halves hold	no	{"cut": null, "free": true, "queued": 3}	{"cut": null, "free": true, "queued": 3, "truncated": false}	{"built": null}	{}	Attach { attachments: [(1, Water, 3)], is_turn_energy: true } ; Retreat(3) ; Attack(Attack { energy_required: [Water, Water, Water], title: "Diving Icicles", fixed_...
8	k3	13	172	lookahead	121	LOOKAHEAD ONLY, both halves hold	LOOKAHEAD ONLY, both halves hold	no	{"cut": null, "free": true, "queued": 3}	{"cut": null, "free": true, "queued": 3, "truncated": false}	{"built": null}	{}	Attach { attachments: [(1, Water, 1)], is_turn_energy: true } ; Retreat(1) ; Attack(Attack { energy_required: [Water, Water, Water], title: "Diving Icicles", fixed_...
8	k3	13	176	lookahead	42	LOOKAHEAD ONLY, both halves hold	LOOKAHEAD ONLY, both halves hold	no	{"cut": null, "free": true, "queued": 2}	{"cut": null, "free": true, "queued": 2, "truncated": false}	{"built": null}	{}	Attach { attachments: [(1, Water, 0)], is_turn_energy: true } ; Attack(Attack { energy_required: [Water, Water, Water], title: "Diving Icicles", fixed_...
8	k3	13	178	state	95	ON THE BOARD	ON THE BOARD	no				{"coin_queued_offered": [95], "coin_queued_offered_any": [95]}	
8	k3	13	189	lookahead	93	LOOKAHEAD ONLY, both halves hold	LOOKAHEAD ONLY, both halves hold	no	{"cut": null, "free": true, "queued": 3}	{"cut": null, "free": true, "queued": 3, "truncated": false}	{"built": null}	{}	Attach { attachments: [(1, Water, 3)], is_turn_energy: true } ; Retreat(3) ; Attack(Attack { energy_required: [Water, Water, Water], title: "Diving Icicles", fixed_...
8	k3	13	198	state	143	ON THE BOARD	ON THE BOARD	no				{"coin_queued_offered": [143], "coin_queued_offered_any": [143]}	
8	k3	13	205	state	64	ON THE BOARD	ON THE BOARD	no				{"coin_queued_offered": [64], "coin_queued_offered_any": [64]}	
8	k3	13	228	lookahead	138	LOOKAHEAD ONLY, both halves hold	LOOKAHEAD ONLY, both halves hold	no	{"cut": null, "free": true, "queued": 1}	{"cut": null, "free": true, "queued": 1, "truncated": false}	{"built": null}	{}	Attack(Attack { energy_required: [Water, Water, Water], title: "Diving Icicles", fixed_...
8	k3	13	229	state	90	ON THE BOARD	ON THE BOARD	no				{"coin_queued_offered": [90], "coin_queued_offered_any": [90]}	
8	k3	13	238	state	167	ON THE BOARD	ON THE BOARD	no				{"coin_queued_offered": [167], "coin_queued_offered_any": [167]}	
8	k3	13	242	state	90	ON THE BOARD	ON THE BOARD	no				{"coin_queued_offered": [90], "coin_queued_offered_any": [90]}	
8	k3	13	246	state	156	ON THE BOARD	ON THE BOARD	no				{"coin_queued_offered": [156], "coin_queued_offered_any": [156]}	
8	k3	13	248	lookahead	145	LOOKAHEAD ONLY, both halves hold	LOOKAHEAD ONLY, both halves hold	no	{"cut": null, "free": true, "queued": 3}	{"cut": null, "free": true, "queued": 3, "truncated": false}	{"built": null}	{}	Attach { attachments: [(1, Water, 3)], is_turn_energy: true } ; Retreat(3) ; Attack(Attack { energy_required: [Water, Water, Water], title: "Diving Icicles", fixed_...
8	km3	14	0	state	63	ON THE BOARD	ON THE BOARD	no				{"coin_queued_offered": [63], "coin_queued_offered_any": [63]}	
8	km3	14	2	state	94	ON THE BOARD	ON THE BOARD	no				{"coin_queued_offered": [94], "coin_queued_offered_any": [94]}	
8	km3	14	3	state	51	ON THE BOARD	ON THE BOARD	no				{"coin_queued_offered": [51], "coin_queued_offered_any": [51]}	
8	km3	14	4	state	88	ON THE BOARD	ON THE BOARD	no				{"coin_queued_offered": [88], "coin_queued_offered_any": [88]}	
8	km3	14	5	state	71	ON THE BOARD	ON THE BOARD	no				{"coin_queued_offered": [71], "coin_queued_offered_any": [71]}	
8	km3	14	6	lookahead	88	LOOKAHEAD ONLY, both halves hold	LOOKAHEAD ONLY, both halves hold	no	{"cut": null, "free": false, "queued": 2}	{"cut": null, "free": false, "queued": 2, "truncated": false}	{"built": null}	{}	Retreat(3) ; Attack(Attack { energy_required: [Grass, Grass], title: "Chase Order", fixed_damage: 70...
8	km3	14	7	state	78	ON THE BOARD	ON THE BOARD	no				{"coin_queued_offered": [78], "coin_queued_offered_any": [78]}	
8	km3	14	8	lookahead	51	LOOKAHEAD ONLY, both halves hold	LOOKAHEAD ONLY, both halves hold	no	{"cut": null, "free": false, "queued": 1}	{"cut": null, "free": false, "queued": 1, "truncated": false}	{"built": null}	{}	Attack(Attack { energy_required: [Grass, Grass], title: "Chase Order", fixed_damage: 70...
8	km3	14	9	state	25	ON THE BOARD	ON THE BOARD	no				{"coin_queued_offered": [25], "coin_queued_offered_any": [25]}	
8	km3	14	10	state	50	ON THE BOARD	ON THE BOARD	no				{"coin_queued_offered": [50], "coin_queued_offered_any": [50]}	
8	km3	14	11	state	38	ON THE BOARD	ON THE BOARD	no				{"coin_queued_offered": [38], "coin_queued_offered_any": [38]}	
8	km3	14	12	lookahead	59	LOOKAHEAD ONLY, both halves hold	LOOKAHEAD ONLY, both halves hold	no	{"cut": null, "free": false, "queued": 1}	{"cut": null, "free": false, "queued": 1, "truncated": false}	{"built": null}	{}	Attack(Attack { energy_required: [Grass, Grass], title: "Chase Order", fixed_damage: 70...
8	km3	14	13	state	60	ON THE BOARD	ON THE BOARD	no				{"coin_queued_offered": [60], "coin_queued_offered_any": [60]}	
8	km3	14	14	state	91	ON THE BOARD	ON THE BOARD	no				{"coin_queued_offered": [91], "coin_queued_offered_any": [91]}	
8	km3	14	15	state	75	ON THE BOARD	ON THE BOARD	no				{"coin_queued_offered": [75], "coin_queued_offered_any": [75]}	
8	km3	14	16	state	90	ON THE BOARD	ON THE BOARD	no				{"coin_queued_offered": [90], "coin_queued_offered_any": [90]}	
8	km3	14	17	state	70	ON THE BOARD	ON THE BOARD	no				{"coin_queued_offered": [70], "coin_queued_offered_any": [70]}	
8	km3	14	18	state	65	ON THE BOARD	ON THE BOARD	no				{"coin_queued_offered": [65], "coin_queued_offered_any": [65]}	
8	km3	14	19	lookahead	67	LOOKAHEAD ONLY, both halves hold	LOOKAHEAD ONLY, both halves hold	no	{"cut": null, "free": false, "queued": 1}	{"cut": null, "free": false, "queued": 1, "truncated": false}	{"built": null}	{}	Attack(Attack { energy_required: [Grass, Grass], title: "Chase Order", fixed_damage: 70...
8	km3	14	20	lookahead	63	LOOKAHEAD ONLY, both halves hold	LOOKAHEAD ONLY, both halves hold	no	{"cut": null, "free": false, "queued": 2}	{"cut": null, "free": false, "queued": 2, "truncated": false}	{"built": null}	{}	Retreat(3) ; Attack(Attack { energy_required: [Grass, Grass], title: "Chase Order", fixed_damage: 70...
8	km3	14	21	state	64	ON THE BOARD	ON THE BOARD	no				{"coin_queued_offered": [64], "coin_queued_offered_any": [64]}	
8	km3	14	22	lookahead	88	LOOKAHEAD ONLY, both halves hold	LOOKAHEAD ONLY, both halves hold	no	{"cut": null, "free": false, "queued": 1}	{"cut": null, "free": false, "queued": 1, "truncated": false}	{"built": null}	{}	Attack(Attack { energy_required: [Grass, Grass], title: "Chase Order", fixed_damage: 70...
8	km3	14	24	state	29	ON THE BOARD	ON THE BOARD	no				{"coin_queued_offered": [29], "coin_queued_offered_any": [29]}	
8	km3	14	25	state	58	ON THE BOARD	ON THE BOARD	no				{"coin_queued_offered": [58], "coin_queued_offered_any": [58]}	
8	km3	14	26	state	46	ON THE BOARD	ON THE BOARD	no				{"coin_queued_offered": [46], "coin_queued_offered_any": [46]}	
8	km3	14	27	state	65	ON THE BOARD	ON THE BOARD	no				{"coin_queued_offered": [65], "coin_queued_offered_any": [65]}	
8	km3	14	28	lookahead	59	LOOKAHEAD ONLY, both halves hold	LOOKAHEAD ONLY, both halves hold	no	{"cut": null, "free": false, "queued": 2}	{"cut": null, "free": false, "queued": 2, "truncated": false}	{"built": null}	{}	Retreat(3) ; Attack(Attack { energy_required: [Grass, Grass], title: "Chase Order", fixed_damage: 70...
8	km3	14	30	lookahead	58	LOOKAHEAD ONLY, both halves hold	LOOKAHEAD ONLY, both halves hold	no	{"cut": null, "free": false, "queued": 1}	{"cut": null, "free": false, "queued": 1, "truncated": false}	{"built": null}	{}	Attack(Attack { energy_required: [Grass, Grass], title: "Chase Order", fixed_damage: 70...
8	km3	14	32	lookahead	56	LOOKAHEAD ONLY, both halves hold	LOOKAHEAD ONLY, both halves hold	no	{"cut": null, "free": false, "queued": 1}	{"cut": null, "free": false, "queued": 1, "truncated": false}	{"built": null}	{}	Attack(Attack { energy_required: [Grass, Grass], title: "Chase Order", fixed_damage: 70...
8	km3	14	33	lookahead	76	LOOKAHEAD ONLY, both halves hold	LOOKAHEAD ONLY, both halves hold	no	{"cut": null, "free": false, "queued": 2}	{"cut": null, "free": false, "queued": 2, "truncated": false}	{"built": null}	{}	Retreat(3) ; Attack(Attack { energy_required: [Grass, Grass], title: "Chase Order", fixed_damage: 70...
8	km3	14	34	state	101	ON THE BOARD	ON THE BOARD	no				{"coin_queued_offered": [101], "coin_queued_offered_any": [101]}	
8	km3	14	35	state	47	ON THE BOARD	ON THE BOARD	no				{"coin_queued_offered": [47], "coin_queued_offered_any": [47]}	
8	km3	14	36	lookahead	52	LOOKAHEAD ONLY, both halves hold	LOOKAHEAD ONLY, both halves hold	no	{"cut": null, "free": false, "queued": 2}	{"cut": null, "free": false, "queued": 2, "truncated": false}	{"built": null}	{}	Retreat(2) ; Attack(Attack { energy_required: [Grass, Grass], title: "Chase Order", fixed_damage: 70...
8	km3	14	38	lookahead	101	LOOKAHEAD ONLY, both halves hold	LOOKAHEAD ONLY, both halves hold	no	{"cut": null, "free": false, "queued": 1}	{"cut": null, "free": false, "queued": 1, "truncated": false}	{"built": null}	{}	Attack(Attack { energy_required: [Grass, Grass], title: "Chase Order", fixed_damage: 70...
8	km3	14	39	state	78	ON THE BOARD	ON THE BOARD	no				{"coin_queued_offered": [78], "coin_queued_offered_any": [78]}	
8	km3	14	40	lookahead	75	LOOKAHEAD ONLY, both halves hold	LOOKAHEAD ONLY, both halves hold	no	{"cut": null, "free": false, "queued": 1}	{"cut": null, "free": false, "queued": 1, "truncated": false}	{"built": null}	{}	Attack(Attack { energy_required: [Grass, Grass], title: "Chase Order", fixed_damage: 70...
8	km3	14	41	state	38	ON THE BOARD	ON THE BOARD	no				{"coin_queued_offered": [38], "coin_queued_offered_any": [38]}	
8	km3	14	42	lookahead	82	LOOKAHEAD ONLY, both halves hold	LOOKAHEAD ONLY, both halves hold	no	{"cut": null, "free": false, "queued": 1}	{"cut": null, "free": false, "queued": 1, "truncated": false}	{"built": null}	{}	Attack(Attack { energy_required: [Grass, Grass], title: "Chase Order", fixed_damage: 70...
8	km3	14	44	lookahead	79	LOOKAHEAD ONLY, both halves hold	LOOKAHEAD ONLY, both halves hold	no	{"cut": null, "free": false, "queued": 1}	{"cut": null, "free": false, "queued": 1, "truncated": false}	{"built": null}	{}	Attack(Attack { energy_required: [Grass, Grass], title: "Chase Order", fixed_damage: 70...
8	km3	14	45	lookahead	99	LOOKAHEAD ONLY, both halves hold	LOOKAHEAD ONLY, both halves hold	no	{"cut": null, "free": false, "queued": 2}	{"cut": null, "free": false, "queued": 2, "truncated": false}	{"built": null}	{}	Retreat(3) ; Attack(Attack { energy_required: [Grass, Grass], title: "Chase Order", fixed_damage: 70...
8	km3	14	46	state	49	ON THE BOARD	ON THE BOARD	no				{"coin_queued_offered": [49], "coin_queued_offered_any": [49]}	
8	km3	14	47	lookahead	101	LOOKAHEAD ONLY, both halves hold	LOOKAHEAD ONLY, both halves hold	no	{"cut": null, "free": false, "queued": 1}	{"cut": null, "free": false, "queued": 1, "truncated": false}	{"built": null}	{}	Attack(Attack { energy_required: [Grass, Grass], title: "Chase Order", fixed_damage: 70...
8	km3	14	48	lookahead	79	LOOKAHEAD ONLY, both halves hold	LOOKAHEAD ONLY, both halves hold	no	{"cut": null, "free": false, "queued": 2}	{"cut": null, "free": false, "queued": 2, "truncated": false}	{"built": null}	{}	Retreat(1) ; Attack(Attack { energy_required: [Grass, Grass], title: "Chase Order", fixed_damage: 70...
8	km3	14	49	state	48	ON THE BOARD	ON THE BOARD	no				{"coin_queued_offered": [48], "coin_queued_offered_any": [48]}	
8	km3	14	50	state	89	ON THE BOARD	ON THE BOARD	no				{"coin_queued_offered": [89], "coin_queued_offered_any": [89]}	
8	km3	14	51	lookahead	60	LOOKAHEAD ONLY, both halves hold	LOOKAHEAD ONLY, both halves hold	no	{"cut": null, "free": false, "queued": 2}	{"cut": null, "free": false, "queued": 2, "truncated": false}	{"built": null}	{}	Retreat(3) ; Attack(Attack { energy_required: [Grass, Grass], title: "Chase Order", fixed_damage: 70...
8	km3	14	52	state	87	ON THE BOARD	ON THE BOARD	no				{"coin_queued_offered": [87], "coin_queued_offered_any": [87]}	
8	km3	14	53	state	40	ON THE BOARD	ON THE BOARD	no				{"coin_queued_offered": [40], "coin_queued_offered_any": [40]}	
8	km3	14	54	state	51	ON THE BOARD	ON THE BOARD	no				{"coin_queued_offered": [51], "coin_queued_offered_any": [51]}	
8	km3	14	56	state	57	ON THE BOARD	ON THE BOARD	no				{"coin_queued_offered": [57], "coin_queued_offered_any": [57]}	
8	km3	14	57	state	76	ON THE BOARD	ON THE BOARD	no				{"coin_queued_offered": [76], "coin_queued_offered_any": [76]}	
8	km3	14	58	lookahead	29	LOOKAHEAD ONLY, both halves hold	LOOKAHEAD ONLY, both halves hold	no	{"cut": null, "free": false, "queued": 1}	{"cut": null, "free": false, "queued": 1, "truncated": false}	{"built": null}	{}	Attack(Attack { energy_required: [Grass, Grass], title: "Chase Order", fixed_damage: 70...
8	km3	14	59	state	53	ON THE BOARD	ON THE BOARD	no				{"coin_queued_offered": [53], "coin_queued_offered_any": [53]}	
8	km3	14	60	state	40	ON THE BOARD	ON THE BOARD	no				{"coin_queued_offered": [40], "coin_queued_offered_any": [40]}	
8	km3	14	61	lookahead	65	LOOKAHEAD ONLY, both halves hold	LOOKAHEAD ONLY, both halves hold	no	{"cut": null, "free": false, "queued": 1}	{"cut": null, "free": false, "queued": 1, "truncated": false}	{"built": null}	{}	Attack(Attack { energy_required: [Grass, Grass], title: "Chase Order", fixed_damage: 70...
8	km3	14	62	state	47	ON THE BOARD	ON THE BOARD	no				{"coin_queued_offered": [47], "coin_queued_offered_any": [47]}	
8	km3	14	63	state	60	ON THE BOARD	ON THE BOARD	no				{"coin_queued_offered": [60], "coin_queued_offered_any": [60]}	
8	km3	14	64	state	37	ON THE BOARD	ON THE BOARD	no				{"coin_queued_offered": [37], "coin_queued_offered_any": [37]}	
8	km3	14	65	state	65	ON THE BOARD	ON THE BOARD	no				{"coin_queued_offered": [65], "coin_queued_offered_any": [65]}	
8	km3	14	66	lookahead	105	LOOKAHEAD ONLY, both halves hold	LOOKAHEAD ONLY, both halves hold	no	{"cut": null, "free": false, "queued": 1}	{"cut": null, "free": false, "queued": 1, "truncated": false}	{"built": null}	{}	Attack(Attack { energy_required: [Grass, Grass], title: "Chase Order", fixed_damage: 70...
8	km3	14	67	lookahead	63	LOOKAHEAD ONLY, both halves hold	LOOKAHEAD ONLY, both halves hold	no	{"cut": null, "free": false, "queued": 2}	{"cut": null, "free": false, "queued": 2, "truncated": false}	{"built": null}	{}	Retreat(3) ; Attack(Attack { energy_required: [Grass, Grass], title: "Chase Order", fixed_damage: 70...
8	km3	14	68	state	41	ON THE BOARD	ON THE BOARD	no				{"coin_queued_offered": [41], "coin_queued_offered_any": [41]}	
8	km3	14	69	lookahead	61	LOOKAHEAD ONLY, both halves hold	LOOKAHEAD ONLY, both halves hold	no	{"cut": null, "free": false, "queued": 2}	{"cut": null, "free": false, "queued": 2, "truncated": false}	{"built": null}	{}	Retreat(3) ; Attack(Attack { energy_required: [Grass, Grass], title: "Chase Order", fixed_damage: 70...
8	km3	14	70	state	81	ON THE BOARD	ON THE BOARD	no				{"coin_queued_offered": [81], "coin_queued_offered_any": [81]}	
8	km3	14	71	state	41	ON THE BOARD	ON THE BOARD	no				{"coin_queued_offered": [41], "coin_queued_offered_any": [41]}	
8	km3	14	72	lookahead	87	LOOKAHEAD ONLY, both halves hold	LOOKAHEAD ONLY, both halves hold	no	{"cut": null, "free": false, "queued": 2}	{"cut": null, "free": false, "queued": 2, "truncated": false}	{"built": null}	{}	Retreat(2) ; Attack(Attack { energy_required: [Grass, Grass], title: "Chase Order", fixed_damage: 70...
8	km3	14	73	lookahead	89	LOOKAHEAD ONLY, both halves hold	LOOKAHEAD ONLY, both halves hold	no	{"cut": null, "free": false, "queued": 1}	{"cut": null, "free": false, "queued": 1, "truncated": false}	{"built": null}	{}	Attack(Attack { energy_required: [Grass, Grass], title: "Chase Order", fixed_damage: 70...
8	km3	14	74	state	99	ON THE BOARD	ON THE BOARD	no				{"coin_queued_offered": [99], "coin_queued_offered_any": [99]}	
8	km3	14	76	lookahead	100	LOOKAHEAD ONLY, both halves hold	LOOKAHEAD ONLY, both halves hold	no	{"cut": null, "free": false, "queued": 2}	{"cut": null, "free": false, "queued": 2, "truncated": false}	{"built": null}	{}	Retreat(2) ; Attack(Attack { energy_required: [Grass, Grass], title: "Chase Order", fixed_damage: 70...
8	km3	14	77	state	50	ON THE BOARD	ON THE BOARD	no				{"coin_queued_offered": [50], "coin_queued_offered_any": [50]}	
8	km3	14	78	state	51	ON THE BOARD	ON THE BOARD	no				{"coin_queued_offered": [51], "coin_queued_offered_any": [51]}	
8	km3	14	79	state	85	ON THE BOARD	ON THE BOARD	no				{"coin_queued_offered": [85], "coin_queued_offered_any": [85]}	
8	km3	14	80	state	57	ON THE BOARD	ON THE BOARD	no				{"coin_queued_offered": [57], "coin_queued_offered_any": [57]}	
8	km3	14	81	state	53	ON THE BOARD	ON THE BOARD	no				{"coin_queued_offered": [53], "coin_queued_offered_any": [53]}	
8	km3	14	82	state	64	ON THE BOARD	ON THE BOARD	no				{"coin_queued_offered": [64], "coin_queued_offered_any": [64]}	
8	km3	14	83	state	70	ON THE BOARD	ON THE BOARD	no				{"coin_queued_offered": [70], "coin_queued_offered_any": [70]}	
8	km3	14	85	state	57	ON THE BOARD	ON THE BOARD	no				{"coin_queued_offered": [57], "coin_queued_offered_any": [57]}	
8	km3	14	86	state	60	ON THE BOARD	ON THE BOARD	no				{"coin_queued_offered": [60], "coin_queued_offered_any": [60]}	
8	km3	14	87	lookahead	71	LOOKAHEAD ONLY, both halves hold	LOOKAHEAD ONLY, both halves hold	no	{"cut": null, "free": false, "queued": 2}	{"cut": null, "free": false, "queued": 2, "truncated": false}	{"built": null}	{}	Retreat(3) ; Attack(Attack { energy_required: [Grass, Grass], title: "Chase Order", fixed_damage: 70...
8	km3	14	89	state	37	ON THE BOARD	ON THE BOARD	no				{"coin_queued_offered": [37], "coin_queued_offered_any": [37]}	
8	km3	14	90	state	100	ON THE BOARD	ON THE BOARD	no				{"coin_queued_offered": [100], "coin_queued_offered_any": [100]}	
8	km3	14	91	state	101	ON THE BOARD	ON THE BOARD	no				{"coin_queued_offered": [101], "coin_queued_offered_any": [101]}	
8	km3	14	92	lookahead	91	LOOKAHEAD ONLY, both halves hold	LOOKAHEAD ONLY, both halves hold	no	{"cut": null, "free": false, "queued": 1}	{"cut": null, "free": false, "queued": 1, "truncated": false}	{"built": null}	{}	Attack(Attack { energy_required: [Grass, Grass], title: "Chase Order", fixed_damage: 70...
8	km3	14	93	state	98	ON THE BOARD	ON THE BOARD	no				{"coin_queued_offered": [98], "coin_queued_offered_any": [98]}	
8	km3	14	94	state	75	ON THE BOARD	ON THE BOARD	no				{"coin_queued_offered": [75], "coin_queued_offered_any": [75]}	
8	km3	14	97	lookahead	66	LOOKAHEAD ONLY, both halves hold	LOOKAHEAD ONLY, both halves hold	no	{"cut": null, "free": false, "queued": 2}	{"cut": null, "free": false, "queued": 2, "truncated": false}	{"built": null}	{}	Retreat(3) ; Attack(Attack { energy_required: [Grass, Grass], title: "Chase Order", fixed_damage: 70...
8	km3	14	98	lookahead	91	LOOKAHEAD ONLY, both halves hold	LOOKAHEAD ONLY, both halves hold	no	{"cut": null, "free": false, "queued": 1}	{"cut": null, "free": false, "queued": 1, "truncated": false}	{"built": null}	{}	Attack(Attack { energy_required: [Grass, Grass], title: "Chase Order", fixed_damage: 70...
8	km3	14	100	state	37	ON THE BOARD	ON THE BOARD	no				{"coin_queued_offered": [37], "coin_queued_offered_any": [37]}	
8	km3	14	101	state	48	ON THE BOARD	ON THE BOARD	no				{"coin_queued_offered": [48], "coin_queued_offered_any": [48]}	
8	km3	14	102	state	57	ON THE BOARD	ON THE BOARD	no				{"coin_queued_offered": [57], "coin_queued_offered_any": [57]}	
8	km3	14	103	state	47	ON THE BOARD	ON THE BOARD	no				{"coin_queued_offered": [47], "coin_queued_offered_any": [47]}	
8	km3	14	104	lookahead	61	LOOKAHEAD ONLY, both halves hold	LOOKAHEAD ONLY, both halves hold	no	{"cut": null, "free": false, "queued": 2}	{"cut": null, "free": false, "queued": 2, "truncated": false}	{"built": null}	{}	Retreat(3) ; Attack(Attack { energy_required: [Grass, Grass], title: "Chase Order", fixed_damage: 70...
8	km3	14	105	state	82	ON THE BOARD	ON THE BOARD	no				{"coin_queued_offered": [82], "coin_queued_offered_any": [82]}	
8	km3	14	106	state	46	ON THE BOARD	ON THE BOARD	no				{"coin_queued_offered": [46], "coin_queued_offered_any": [46]}	
8	km3	14	107	state	48	ON THE BOARD	ON THE BOARD	no				{"coin_queued_offered": [48], "coin_queued_offered_any": [48]}	
8	km3	14	109	state	75	ON THE BOARD	ON THE BOARD	no				{"coin_queued_offered": [75], "coin_queued_offered_any": [75]}	
8	km3	14	110	state	52	ON THE BOARD	ON THE BOARD	no				{"coin_queued_offered": [52], "coin_queued_offered_any": [52]}	
8	km3	14	111	state	57	ON THE BOARD	ON THE BOARD	no				{"coin_queued_offered": [57], "coin_queued_offered_any": [57]}	
8	km3	14	112	lookahead	76	LOOKAHEAD ONLY, both halves hold	LOOKAHEAD ONLY, both halves hold	no	{"cut": null, "free": false, "queued": 1}	{"cut": null, "free": false, "queued": 1, "truncated": false}	{"built": null}	{}	Attack(Attack { energy_required: [Grass, Grass], title: "Chase Order", fixed_damage: 70...
8	km3	14	113	state	91	ON THE BOARD	ON THE BOARD	no				{"coin_queued_offered": [91], "coin_queued_offered_any": [91]}	
8	km3	14	114	state	82	ON THE BOARD	ON THE BOARD	no				{"coin_queued_offered": [82], "coin_queued_offered_any": [82]}	
8	km3	14	115	lookahead	67	LOOKAHEAD ONLY, both halves hold	LOOKAHEAD ONLY, both halves hold	no	{"cut": null, "free": false, "queued": 1}	{"cut": null, "free": false, "queued": 1, "truncated": false}	{"built": null}	{}	Attack(Attack { energy_required: [Grass, Grass], title: "Chase Order", fixed_damage: 70...
8	km3	14	116	state	61	ON THE BOARD	ON THE BOARD	no				{"coin_queued_offered": [61], "coin_queued_offered_any": [61]}	
8	km3	14	117	lookahead	86	LOOKAHEAD ONLY, both halves hold	LOOKAHEAD ONLY, both halves hold	no	{"cut": null, "free": false, "queued": 2}	{"cut": null, "free": false, "queued": 2, "truncated": false}	{"built": null}	{}	Retreat(2) ; Attack(Attack { energy_required: [Grass, Grass], title: "Chase Order", fixed_damage: 70...
8	km3	14	118	state	51	ON THE BOARD	ON THE BOARD	no				{"coin_queued_offered": [51], "coin_queued_offered_any": [51]}	
8	km3	14	119	lookahead	64	LOOKAHEAD ONLY, both halves hold	LOOKAHEAD ONLY, both halves hold	no	{"cut": null, "free": false, "queued": 1}	{"cut": null, "free": false, "queued": 1, "truncated": false}	{"built": null}	{}	Attack(Attack { energy_required: [Grass, Grass], title: "Chase Order", fixed_damage: 70...
8	km3	14	121	state	36	ON THE BOARD	ON THE BOARD	no				{"coin_queued_offered": [36], "coin_queued_offered_any": [36]}	
8	km3	14	122	state	53	ON THE BOARD	ON THE BOARD	no				{"coin_queued_offered": [53], "coin_queued_offered_any": [53]}	
8	km3	14	123	lookahead	92	LOOKAHEAD ONLY, both halves hold	LOOKAHEAD ONLY, both halves hold	no	{"cut": null, "free": false, "queued": 1}	{"cut": null, "free": false, "queued": 1, "truncated": false}	{"built": null}	{}	Attack(Attack { energy_required: [Grass, Grass], title: "Chase Order", fixed_damage: 70...
8	km3	14	124	state	51	ON THE BOARD	ON THE BOARD	no				{"coin_queued_offered": [51], "coin_queued_offered_any": [51]}	
8	km3	14	125	lookahead	105	LOOKAHEAD ONLY, both halves hold	LOOKAHEAD ONLY, both halves hold	no	{"cut": null, "free": false, "queued": 1}	{"cut": null, "free": false, "queued": 1, "truncated": false}	{"built": null}	{}	Attack(Attack { energy_required: [Grass, Grass], title: "Chase Order", fixed_damage: 70...
8	km3	14	126	lookahead	107	LOOKAHEAD ONLY, both halves hold	LOOKAHEAD ONLY, both halves hold	no	{"cut": null, "free": false, "queued": 2}	{"cut": null, "free": false, "queued": 2, "truncated": false}	{"built": null}	{}	Attach { attachments: [(1, Grass, 0)], is_turn_energy: true } ; Attack(Attack { energy_required: [Grass, Grass], title: "Chase Order", fixed_damage: 70...
8	km3	14	127	lookahead	74	LOOKAHEAD ONLY, both halves hold	LOOKAHEAD ONLY, both halves hold	no	{"cut": null, "free": false, "queued": 2}	{"cut": null, "free": false, "queued": 2, "truncated": false}	{"built": null}	{}	Retreat(3) ; Attack(Attack { energy_required: [Grass, Grass], title: "Chase Order", fixed_damage: 70...
8	km3	14	128	lookahead	55	LOOKAHEAD ONLY, both halves hold	LOOKAHEAD ONLY, both halves hold	no	{"cut": null, "free": false, "queued": 2}	{"cut": null, "free": false, "queued": 2, "truncated": false}	{"built": null}	{}	Retreat(3) ; Attack(Attack { energy_required: [Grass, Grass], title: "Chase Order", fixed_damage: 70...
8	km3	14	129	lookahead	93	LOOKAHEAD ONLY, both halves hold	LOOKAHEAD ONLY, both halves hold	no	{"cut": null, "free": false, "queued": 1}	{"cut": null, "free": false, "queued": 1, "truncated": false}	{"built": null}	{}	Attack(Attack { energy_required: [Grass, Grass], title: "Chase Order", fixed_damage: 70...
8	km3	14	130	state	59	ON THE BOARD	ON THE BOARD	no				{"coin_queued_offered": [59], "coin_queued_offered_any": [59]}	
8	km3	14	132	state	76	ON THE BOARD	ON THE BOARD	no				{"coin_queued_offered": [76], "coin_queued_offered_any": [76]}	
8	km3	14	133	state	39	ON THE BOARD	ON THE BOARD	no				{"coin_queued_offered": [39], "coin_queued_offered_any": [39]}	
8	km3	14	134	lookahead	64	LOOKAHEAD ONLY, both halves hold	LOOKAHEAD ONLY, both halves hold	no	{"cut": null, "free": false, "queued": 1}	{"cut": null, "free": false, "queued": 1, "truncated": false}	{"built": null}	{}	Attack(Attack { energy_required: [Grass, Grass], title: "Chase Order", fixed_damage: 70...
8	km3	14	136	lookahead	51	LOOKAHEAD ONLY, both halves hold	LOOKAHEAD ONLY, both halves hold	no	{"cut": null, "free": false, "queued": 1}	{"cut": null, "free": false, "queued": 1, "truncated": false}	{"built": null}	{}	Attack(Attack { energy_required: [Grass, Grass], title: "Chase Order", fixed_damage: 70...
8	km3	14	137	state	53	ON THE BOARD	ON THE BOARD	no				{"coin_queued_offered": [53], "coin_queued_offered_any": [53]}	
8	km3	14	138	state	95	ON THE BOARD	ON THE BOARD	no				{"coin_queued_offered": [95], "coin_queued_offered_any": [95]}	
8	km3	14	139	lookahead	74	LOOKAHEAD ONLY, both halves hold	LOOKAHEAD ONLY, both halves hold	no	{"cut": null, "free": false, "queued": 1}	{"cut": null, "free": false, "queued": 1, "truncated": false}	{"built": null}	{}	Attack(Attack { energy_required: [Grass, Grass], title: "Chase Order", fixed_damage: 70...
8	km3	14	140	state	87	ON THE BOARD	ON THE BOARD	no				{"coin_queued_offered": [87], "coin_queued_offered_any": [87]}	
8	km3	14	141	lookahead	33	LOOKAHEAD ONLY, both halves hold	LOOKAHEAD ONLY, both halves hold	no	{"cut": null, "free": false, "queued": 1}	{"cut": null, "free": false, "queued": 1, "truncated": false}	{"built": null}	{}	Attack(Attack { energy_required: [Grass, Grass], title: "Chase Order", fixed_damage: 70...
8	km3	14	142	lookahead	93	LOOKAHEAD ONLY, both halves hold	LOOKAHEAD ONLY, both halves hold	no	{"cut": null, "free": false, "queued": 1}	{"cut": null, "free": false, "queued": 1, "truncated": false}	{"built": null}	{}	Attack(Attack { energy_required: [Grass, Grass], title: "Chase Order", fixed_damage: 70...
8	km3	14	143	state	81	ON THE BOARD	ON THE BOARD	no				{"coin_queued_offered": [81], "coin_queued_offered_any": [81]}	
8	km3	14	144	lookahead	84	LOOKAHEAD ONLY, both halves hold	LOOKAHEAD ONLY, both halves hold	no	{"cut": null, "free": false, "queued": 2}	{"cut": null, "free": false, "queued": 2, "truncated": false}	{"built": null}	{}	Retreat(2) ; Attack(Attack { energy_required: [Grass, Grass], title: "Chase Order", fixed_damage: 70...
8	km3	14	145	state	57	ON THE BOARD	ON THE BOARD	no				{"coin_queued_offered": [57], "coin_queued_offered_any": [57]}	
8	km3	14	146	state	87	ON THE BOARD	ON THE BOARD	no				{"coin_queued_offered": [87], "coin_queued_offered_any": [87]}	
8	km3	14	148	lookahead	55	LOOKAHEAD ONLY, both halves hold	LOOKAHEAD ONLY, both halves hold	no	{"cut": null, "free": false, "queued": 1}	{"cut": null, "free": false, "queued": 1, "truncated": false}	{"built": null}	{}	Attack(Attack { energy_required: [Grass, Grass], title: "Chase Order", fixed_damage: 70...
8	km3	14	149	state	85	ON THE BOARD	ON THE BOARD	no				{"coin_queued_offered": [85], "coin_queued_offered_any": [85]}	
8	km3	14	150	lookahead	41	LOOKAHEAD ONLY, both halves hold	LOOKAHEAD ONLY, both halves hold	no	{"cut": null, "free": false, "queued": 1}	{"cut": null, "free": false, "queued": 1, "truncated": false}	{"built": null}	{}	Attack(Attack { energy_required: [Grass, Grass], title: "Chase Order", fixed_damage: 70...
8	km3	14	151	lookahead	53	LOOKAHEAD ONLY, both halves hold	LOOKAHEAD ONLY, both halves hold	no	{"cut": null, "free": false, "queued": 1}	{"cut": null, "free": false, "queued": 1, "truncated": false}	{"built": null}	{}	Attack(Attack { energy_required: [Grass, Grass], title: "Chase Order", fixed_damage: 70...
8	km3	14	153	state	55	ON THE BOARD	ON THE BOARD	no				{"coin_queued_offered": [55], "coin_queued_offered_any": [55]}	
8	km3	14	154	lookahead	52	LOOKAHEAD ONLY, both halves hold	LOOKAHEAD ONLY, both halves hold	no	{"cut": null, "free": false, "queued": 1}	{"cut": null, "free": false, "queued": 1, "truncated": false}	{"built": null}	{}	Attack(Attack { energy_required: [Grass, Grass], title: "Chase Order", fixed_damage: 70...
8	km3	14	155	lookahead	77	LOOKAHEAD ONLY, both halves hold	LOOKAHEAD ONLY, both halves hold	no	{"cut": null, "free": false, "queued": 2}	{"cut": null, "free": false, "queued": 2, "truncated": false}	{"built": null}	{}	Retreat(3) ; Attack(Attack { energy_required: [Grass, Grass], title: "Chase Order", fixed_damage: 70...
8	km3	14	156	state	65	ON THE BOARD	ON THE BOARD	no				{"coin_queued_offered": [65], "coin_queued_offered_any": [65]}	
8	km3	14	157	state	55	ON THE BOARD	ON THE BOARD	no				{"coin_queued_offered": [55], "coin_queued_offered_any": [55]}	
8	km3	14	159	lookahead	74	LOOKAHEAD ONLY, both halves hold	LOOKAHEAD ONLY, both halves hold	no	{"cut": null, "free": false, "queued": 2}	{"cut": null, "free": false, "queued": 2, "truncated": false}	{"built": null}	{}	Attach { attachments: [(1, Grass, 0)], is_turn_energy: true } ; Attack(Attack { energy_required: [Grass, Grass], title: "Chase Order", fixed_damage: 70...
8	km3	14	160	state	80	ON THE BOARD	ON THE BOARD	no				{"coin_queued_offered": [80], "coin_queued_offered_any": [80]}	
8	km3	14	161	lookahead	91	LOOKAHEAD ONLY, both halves hold	LOOKAHEAD ONLY, both halves hold	no	{"cut": null, "free": false, "queued": 1}	{"cut": null, "free": false, "queued": 1, "truncated": false}	{"built": null}	{}	Attack(Attack { energy_required: [Grass, Grass], title: "Chase Order", fixed_damage: 70...
8	km3	14	162	lookahead	58	LOOKAHEAD ONLY, both halves hold	LOOKAHEAD ONLY, both halves hold	no	{"cut": null, "free": false, "queued": 1}	{"cut": null, "free": false, "queued": 1, "truncated": false}	{"built": null}	{}	Attack(Attack { energy_required: [Grass, Grass], title: "Chase Order", fixed_damage: 70...
8	km3	14	163	state	45	ON THE BOARD	ON THE BOARD	no				{"coin_queued_offered": [45], "coin_queued_offered_any": [45]}	
8	km3	14	164	state	66	ON THE BOARD	ON THE BOARD	no				{"coin_queued_offered": [66], "coin_queued_offered_any": [66]}	
8	km3	14	165	state	54	ON THE BOARD	ON THE BOARD	no				{"coin_queued_offered": [54], "coin_queued_offered_any": [54]}	
8	km3	14	166	state	95	ON THE BOARD	ON THE BOARD	no				{"coin_queued_offered": [95], "coin_queued_offered_any": [95]}	
8	km3	14	167	state	91	ON THE BOARD	ON THE BOARD	no				{"coin_queued_offered": [91], "coin_queued_offered_any": [91]}	
8	km3	14	168	state	67	ON THE BOARD	ON THE BOARD	no				{"coin_queued_offered": [67], "coin_queued_offered_any": [67]}	
8	km3	14	169	lookahead	42	LOOKAHEAD ONLY, both halves hold	LOOKAHEAD ONLY, both halves hold	no	{"cut": null, "free": false, "queued": 1}	{"cut": null, "free": false, "queued": 1, "truncated": false}	{"built": null}	{}	Attack(Attack { energy_required: [Grass, Grass], title: "Chase Order", fixed_damage: 70...
8	km3	14	170	state	101	ON THE BOARD	ON THE BOARD	no				{"coin_queued_offered": [101], "coin_queued_offered_any": [101]}	
8	km3	14	171	lookahead	45	LOOKAHEAD ONLY, both halves hold	LOOKAHEAD ONLY, both halves hold	no	{"cut": null, "free": false, "queued": 1}	{"cut": null, "free": false, "queued": 1, "truncated": false}	{"built": null}	{}	Attack(Attack { energy_required: [Grass, Grass], title: "Chase Order", fixed_damage: 70...
8	km3	14	172	state	32	ON THE BOARD	ON THE BOARD	no				{"coin_queued_offered": [32], "coin_queued_offered_any": [32]}	
8	km3	14	173	state	94	ON THE BOARD	ON THE BOARD	no				{"coin_queued_offered": [94], "coin_queued_offered_any": [94]}	
8	km3	14	174	state	31	ON THE BOARD	ON THE BOARD	no				{"coin_queued_offered": [31], "coin_queued_offered_any": [31]}	
8	km3	14	175	state	59	ON THE BOARD	ON THE BOARD	no				{"coin_queued_offered": [59], "coin_queued_offered_any": [59]}	
8	km3	14	176	state	68	ON THE BOARD	ON THE BOARD	no				{"coin_queued_offered": [68], "coin_queued_offered_any": [68]}	
8	km3	14	177	lookahead	67	LOOKAHEAD ONLY, both halves hold	LOOKAHEAD ONLY, both halves hold	no	{"cut": null, "free": false, "queued": 1}	{"cut": null, "free": false, "queued": 1, "truncated": false}	{"built": null}	{}	Attack(Attack { energy_required: [Grass, Grass], title: "Chase Order", fixed_damage: 70...
8	km3	14	178	lookahead	105	LOOKAHEAD ONLY, both halves hold	LOOKAHEAD ONLY, both halves hold	no	{"cut": null, "free": false, "queued": 1}	{"cut": null, "free": false, "queued": 1, "truncated": false}	{"built": null}	{}	Attack(Attack { energy_required: [Grass, Grass], title: "Chase Order", fixed_damage: 70...
8	km3	14	179	lookahead	96	LOOKAHEAD ONLY, both halves hold	LOOKAHEAD ONLY, both halves hold	no	{"cut": null, "free": false, "queued": 1}	{"cut": null, "free": false, "queued": 1, "truncated": false}	{"built": null}	{}	Attack(Attack { energy_required: [Grass, Grass], title: "Chase Order", fixed_damage: 70...
8	km3	14	180	lookahead	83	LOOKAHEAD ONLY, both halves hold	LOOKAHEAD ONLY, both halves hold	no	{"cut": null, "free": false, "queued": 1}	{"cut": null, "free": false, "queued": 1, "truncated": false}	{"built": null}	{}	Attack(Attack { energy_required: [Grass, Grass], title: "Chase Order", fixed_damage: 70...
8	km3	14	181	lookahead	32	LOOKAHEAD ONLY, both halves hold	LOOKAHEAD ONLY, both halves hold	no	{"cut": null, "free": false, "queued": 2}	{"cut": null, "free": false, "queued": 2, "truncated": false}	{"built": null}	{}	Attach { attachments: [(1, Grass, 0)], is_turn_energy: true } ; Attack(Attack { energy_required: [Grass, Grass], title: "Chase Order", fixed_damage: 70...
8	km3	14	183	state	77	ON THE BOARD	ON THE BOARD	no				{"coin_queued_offered": [77], "coin_queued_offered_any": [77]}	
8	km3	14	184	state	57	ON THE BOARD	ON THE BOARD	no				{"coin_queued_offered": [57], "coin_queued_offered_any": [57]}	
8	km3	14	185	state	54	ON THE BOARD	ON THE BOARD	no				{"coin_queued_offered": [54], "coin_queued_offered_any": [54]}	
8	km3	14	186	state	61	ON THE BOARD	ON THE BOARD	no				{"coin_queued_offered": [61], "coin_queued_offered_any": [61]}	
8	km3	14	187	state	73	ON THE BOARD	ON THE BOARD	no				{"coin_queued_offered": [73], "coin_queued_offered_any": [73]}	
8	km3	14	188	state	61	ON THE BOARD	ON THE BOARD	no				{"coin_queued_offered": [61], "coin_queued_offered_any": [61]}	
8	km3	14	189	lookahead	68	LOOKAHEAD ONLY, both halves hold	LOOKAHEAD ONLY, both halves hold	no	{"cut": null, "free": false, "queued": 1}	{"cut": null, "free": false, "queued": 1, "truncated": false}	{"built": null}	{}	Attack(Attack { energy_required: [Grass, Grass], title: "Chase Order", fixed_damage: 70...
8	km3	14	191	state	59	ON THE BOARD	ON THE BOARD	no				{"coin_queued_offered": [59], "coin_queued_offered_any": [59]}	
8	km3	14	192	lookahead	86	LOOKAHEAD ONLY, both halves hold	LOOKAHEAD ONLY, both halves hold	no	{"cut": null, "free": false, "queued": 2}	{"cut": null, "free": false, "queued": 2, "truncated": false}	{"built": null}	{}	Retreat(2) ; Attack(Attack { energy_required: [Grass, Grass], title: "Chase Order", fixed_damage: 70...
8	km3	14	194	lookahead	59	LOOKAHEAD ONLY, both halves hold	LOOKAHEAD ONLY, both halves hold	no	{"cut": null, "free": false, "queued": 2}	{"cut": null, "free": false, "queued": 2, "truncated": false}	{"built": null}	{}	Place(Pokemon(B2 017 Teal Mask Ogerpon ex), 1) ; Attack(Attack { energy_required: [Grass, Grass], title: "Chase Order", fixed_damage: 70...
8	km3	14	195	lookahead	46	LOOKAHEAD ONLY, both halves hold	LOOKAHEAD ONLY, both halves hold	no	{"cut": null, "free": false, "queued": 1}	{"cut": null, "free": false, "queued": 1, "truncated": false}	{"built": null}	{}	Attack(Attack { energy_required: [Grass, Grass], title: "Chase Order", fixed_damage: 70...
8	km3	14	197	state	79	ON THE BOARD	ON THE BOARD	no				{"coin_queued_offered": [79], "coin_queued_offered_any": [79]}	
8	km3	14	198	lookahead	76	LOOKAHEAD ONLY, both halves hold	LOOKAHEAD ONLY, both halves hold	no	{"cut": null, "free": false, "queued": 2}	{"cut": null, "free": false, "queued": 2, "truncated": false}	{"built": null}	{}	Attach { attachments: [(1, Grass, 0)], is_turn_energy: true } ; Attack(Attack { energy_required: [Grass, Grass], title: "Chase Order", fixed_damage: 70...
8	km3	14	199	lookahead	97	LOOKAHEAD ONLY, both halves hold	LOOKAHEAD ONLY, both halves hold	no	{"cut": null, "free": false, "queued": 1}	{"cut": null, "free": false, "queued": 1, "truncated": false}	{"built": null}	{}	Attack(Attack { energy_required: [Grass, Grass], title: "Chase Order", fixed_damage: 70...
8	km3	14	201	lookahead	95	LOOKAHEAD ONLY, both halves hold	LOOKAHEAD ONLY, both halves hold	no	{"cut": null, "free": false, "queued": 1}	{"cut": null, "free": false, "queued": 1, "truncated": false}	{"built": null}	{}	Attack(Attack { energy_required: [Grass, Grass], title: "Chase Order", fixed_damage: 70...
8	km3	14	203	state	49	ON THE BOARD	ON THE BOARD	no				{"coin_queued_offered": [49], "coin_queued_offered_any": [49]}	
8	km3	14	204	state	36	ON THE BOARD	ON THE BOARD	no				{"coin_queued_offered": [36], "coin_queued_offered_any": [36]}	
8	km3	14	205	lookahead	61	LOOKAHEAD ONLY, both halves hold	LOOKAHEAD ONLY, both halves hold	no	{"cut": null, "free": false, "queued": 1}	{"cut": null, "free": false, "queued": 1, "truncated": false}	{"built": null}	{}	Attack(Attack { energy_required: [Grass, Grass], title: "Chase Order", fixed_damage: 70...
8	km3	14	206	lookahead	79	LOOKAHEAD ONLY, both halves hold	LOOKAHEAD ONLY, both halves hold	no	{"cut": null, "free": false, "queued": 1}	{"cut": null, "free": false, "queued": 1, "truncated": false}	{"built": null}	{}	Attack(Attack { energy_required: [Grass, Grass], title: "Chase Order", fixed_damage: 70...
8	km3	14	207	state	36	ON THE BOARD	ON THE BOARD	no				{"coin_queued_offered": [36], "coin_queued_offered_any": [36]}	
8	km3	14	210	lookahead	65	LOOKAHEAD ONLY, both halves hold	LOOKAHEAD ONLY, both halves hold	no	{"cut": null, "free": false, "queued": 1}	{"cut": null, "free": false, "queued": 1, "truncated": false}	{"built": null}	{}	Attack(Attack { energy_required: [Grass, Grass], title: "Chase Order", fixed_damage: 70...
8	km3	14	211	lookahead	36	LOOKAHEAD ONLY, both halves hold	LOOKAHEAD ONLY, both halves hold	no	{"cut": null, "free": false, "queued": 1}	{"cut": null, "free": false, "queued": 1, "truncated": false}	{"built": null}	{}	Attack(Attack { energy_required: [Grass, Grass], title: "Chase Order", fixed_damage: 70...
8	km3	14	212	state	79	ON THE BOARD	ON THE BOARD	no				{"coin_queued_offered": [79], "coin_queued_offered_any": [79]}	
8	km3	14	213	state	81	ON THE BOARD	ON THE BOARD	no				{"coin_queued_offered": [81], "coin_queued_offered_any": [81]}	
8	km3	14	214	lookahead	52	LOOKAHEAD ONLY, both halves hold	LOOKAHEAD ONLY, both halves hold	no	{"cut": null, "free": false, "queued": 1}	{"cut": null, "free": false, "queued": 1, "truncated": false}	{"built": null}	{}	Attack(Attack { energy_required: [Grass, Grass], title: "Chase Order", fixed_damage: 70...
8	km3	14	216	state	88	ON THE BOARD	ON THE BOARD	no				{"coin_queued_offered": [88], "coin_queued_offered_any": [88]}	
8	km3	14	217	lookahead	93	LOOKAHEAD ONLY, both halves hold	LOOKAHEAD ONLY, both halves hold	no	{"cut": null, "free": false, "queued": 1}	{"cut": null, "free": false, "queued": 1, "truncated": false}	{"built": null}	{}	Attack(Attack { energy_required: [Grass, Grass], title: "Chase Order", fixed_damage: 70...
8	km3	14	218	state	57	ON THE BOARD	ON THE BOARD	no				{"coin_queued_offered": [57], "coin_queued_offered_any": [57]}	
8	km3	14	219	lookahead	72	LOOKAHEAD ONLY, both halves hold	LOOKAHEAD ONLY, both halves hold	no	{"cut": null, "free": false, "queued": 2}	{"cut": null, "free": false, "queued": 2, "truncated": false}	{"built": null}	{}	Retreat(3) ; Attack(Attack { energy_required: [Grass, Grass], title: "Chase Order", fixed_damage: 70...
8	km3	14	220	state	49	ON THE BOARD	ON THE BOARD	no				{"coin_queued_offered": [49], "coin_queued_offered_any": [49]}	
8	km3	14	221	lookahead	60	LOOKAHEAD ONLY, both halves hold	LOOKAHEAD ONLY, both halves hold	no	{"cut": null, "free": false, "queued": 2}	{"cut": null, "free": false, "queued": 2, "truncated": false}	{"built": null}	{}	Retreat(3) ; Attack(Attack { energy_required: [Grass, Grass], title: "Chase Order", fixed_damage: 70...
8	km3	14	222	lookahead	38	LOOKAHEAD ONLY, both halves hold	LOOKAHEAD ONLY, both halves hold	no	{"cut": null, "free": false, "queued": 2}	{"cut": null, "free": false, "queued": 2, "truncated": false}	{"built": null}	{}	Attach { attachments: [(1, Grass, 0)], is_turn_energy: true } ; Attack(Attack { energy_required: [Grass, Grass], title: "Chase Order", fixed_damage: 70...
8	km3	14	223	lookahead	58	LOOKAHEAD ONLY, both halves hold	LOOKAHEAD ONLY, both halves hold	no	{"cut": null, "free": false, "queued": 1}	{"cut": null, "free": false, "queued": 1, "truncated": false}	{"built": null}	{}	Attack(Attack { energy_required: [Grass, Grass], title: "Chase Order", fixed_damage: 70...
8	km3	14	224	state	37	ON THE BOARD	ON THE BOARD	no				{"coin_queued_offered": [37], "coin_queued_offered_any": [37]}	
8	km3	14	225	state	66	ON THE BOARD	ON THE BOARD	no				{"coin_queued_offered": [66], "coin_queued_offered_any": [66]}	
8	km3	14	226	state	31	ON THE BOARD	ON THE BOARD	no				{"coin_queued_offered": [31], "coin_queued_offered_any": [31]}	
8	km3	14	227	lookahead	57	LOOKAHEAD ONLY, both halves hold	LOOKAHEAD ONLY, both halves hold	no	{"cut": null, "free": false, "queued": 2}	{"cut": null, "free": false, "queued": 2, "truncated": false}	{"built": null}	{}	Retreat(2) ; Attack(Attack { energy_required: [Grass, Grass], title: "Chase Order", fixed_damage: 70...
8	km3	14	228	lookahead	107	LOOKAHEAD ONLY, both halves hold	LOOKAHEAD ONLY, both halves hold	no	{"cut": null, "free": false, "queued": 1}	{"cut": null, "free": false, "queued": 1, "truncated": false}	{"built": null}	{}	Attack(Attack { energy_required: [Grass, Grass], title: "Chase Order", fixed_damage: 70...
8	km3	14	229	state	70	ON THE BOARD	ON THE BOARD	no				{"coin_queued_offered": [70], "coin_queued_offered_any": [70]}	
8	km3	14	230	lookahead	84	LOOKAHEAD ONLY, both halves hold	LOOKAHEAD ONLY, both halves hold	no	{"cut": null, "free": false, "queued": 2}	{"cut": null, "free": false, "queued": 2, "truncated": false}	{"built": null}	{}	Retreat(3) ; Attack(Attack { energy_required: [Grass, Grass], title: "Chase Order", fixed_damage: 70...
8	km3	14	232	state	82	ON THE BOARD	ON THE BOARD	no				{"coin_queued_offered": [82], "coin_queued_offered_any": [82]}	
8	km3	14	233	state	71	ON THE BOARD	ON THE BOARD	no				{"coin_queued_offered": [71], "coin_queued_offered_any": [71]}	
8	km3	14	234	state	41	ON THE BOARD	ON THE BOARD	no				{"coin_queued_offered": [41], "coin_queued_offered_any": [41]}	
8	km3	14	235	state	39	ON THE BOARD	ON THE BOARD	no				{"coin_queued_offered": [39], "coin_queued_offered_any": [39]}	
8	km3	14	236	state	38	ON THE BOARD	ON THE BOARD	no				{"coin_queued_offered": [38], "coin_queued_offered_any": [38]}	
8	km3	14	237	state	76	ON THE BOARD	ON THE BOARD	no				{"coin_queued_offered": [76], "coin_queued_offered_any": [76]}	
8	km3	14	238	state	42	ON THE BOARD	ON THE BOARD	no				{"coin_queued_offered": [42], "coin_queued_offered_any": [42]}	
8	km3	14	239	state	79	ON THE BOARD	ON THE BOARD	no				{"coin_queued_offered": [79], "coin_queued_offered_any": [79]}	
8	km3	14	240	state	50	ON THE BOARD	ON THE BOARD	no				{"coin_queued_offered": [50], "coin_queued_offered_any": [50]}	
8	km3	14	241	state	52	ON THE BOARD	ON THE BOARD	no				{"coin_queued_offered": [52], "coin_queued_offered_any": [52]}	
8	km3	14	242	lookahead	59	LOOKAHEAD ONLY, both halves hold	LOOKAHEAD ONLY, both halves hold	no	{"cut": null, "free": false, "queued": 2}	{"cut": null, "free": false, "queued": 2, "truncated": false}	{"built": null}	{}	Retreat(2) ; Attack(Attack { energy_required: [Grass, Grass], title: "Chase Order", fixed_damage: 70...
8	km3	14	244	state	58	ON THE BOARD	ON THE BOARD	no				{"coin_queued_offered": [58], "coin_queued_offered_any": [58]}	
8	km3	14	245	state	42	ON THE BOARD	ON THE BOARD	no				{"coin_queued_offered": [42], "coin_queued_offered_any": [42]}	
8	km3	14	246	lookahead	87	LOOKAHEAD ONLY, both halves hold	LOOKAHEAD ONLY, both halves hold	no	{"cut": null, "free": false, "queued": 2}	{"cut": null, "free": false, "queued": 2, "truncated": false}	{"built": null}	{}	Attach { attachments: [(1, Grass, 0)], is_turn_energy: true } ; Attack(Attack { energy_required: [Grass, Grass], title: "Chase Order", fixed_damage: 70...
8	km3	14	247	state	76	ON THE BOARD	ON THE BOARD	no				{"coin_queued_offered": [76], "coin_queued_offered_any": [76]}	
8	km3	14	248	state	55	ON THE BOARD	ON THE BOARD	no				{"coin_queued_offered": [55], "coin_queued_offered_any": [55]}	
8	km3	14	252	state	80	ON THE BOARD	ON THE BOARD	no				{"coin_queued_offered": [80], "coin_queued_offered_any": [80]}	
8	km3	14	253	lookahead	88	LOOKAHEAD ONLY, both halves hold	LOOKAHEAD ONLY, both halves hold	no	{"cut": null, "free": false, "queued": 2}	{"cut": null, "free": false, "queued": 2, "truncated": false}	{"built": null}	{}	Retreat(2) ; Attack(Attack { energy_required: [Grass, Grass], title: "Chase Order", fixed_damage: 70...
8	km3	14	255	lookahead	55	LOOKAHEAD ONLY, both halves hold	LOOKAHEAD ONLY, both halves hold	no	{"cut": null, "free": false, "queued": 2}	{"cut": null, "free": false, "queued": 2, "truncated": false}	{"built": null}	{}	Retreat(3) ; Attack(Attack { energy_required: [Grass, Grass], title: "Chase Order", fixed_damage: 70...
8	km3	14	256	lookahead	67	LOOKAHEAD ONLY, both halves hold	LOOKAHEAD ONLY, both halves hold	no	{"cut": null, "free": false, "queued": 1}	{"cut": null, "free": false, "queued": 1, "truncated": false}	{"built": null}	{}	Attack(Attack { energy_required: [Grass, Grass], title: "Chase Order", fixed_damage: 70...
8	km3	14	258	state	49	ON THE BOARD	ON THE BOARD	no				{"coin_queued_offered": [49], "coin_queued_offered_any": [49]}	
8	km3	14	259	lookahead	63	LOOKAHEAD ONLY, both halves hold	LOOKAHEAD ONLY, both halves hold	no	{"cut": null, "free": false, "queued": 2}	{"cut": null, "free": false, "queued": 2, "truncated": false}	{"built": null}	{}	Retreat(3) ; Attack(Attack { energy_required: [Grass, Grass], title: "Chase Order", fixed_damage: 70...
8	km3	14	260	state	93	ON THE BOARD	ON THE BOARD	no				{"coin_queued_offered": [93], "coin_queued_offered_any": [93]}	
8	km3	14	262	state	53	ON THE BOARD	ON THE BOARD	no				{"coin_queued_offered": [53], "coin_queued_offered_any": [53]}	
8	km3	14	263	state	99	ON THE BOARD	ON THE BOARD	no				{"coin_queued_offered": [99], "coin_queued_offered_any": [99]}	
8	km3	14	264	lookahead	78	LOOKAHEAD ONLY, both halves hold	LOOKAHEAD ONLY, both halves hold	no	{"cut": null, "free": false, "queued": 2}	{"cut": null, "free": false, "queued": 2, "truncated": false}	{"built": null}	{}	Retreat(3) ; Attack(Attack { energy_required: [Grass, Grass], title: "Chase Order", fixed_damage: 70...
8	km3	14	265	state	62	ON THE BOARD	ON THE BOARD	no				{"coin_queued_offered": [62], "coin_queued_offered_any": [62]}	
8	km3	14	266	state	60	ON THE BOARD	ON THE BOARD	no				{"coin_queued_offered": [60], "coin_queued_offered_any": [60]}	
8	km3	14	267	state	42	ON THE BOARD	ON THE BOARD	no				{"coin_queued_offered": [42], "coin_queued_offered_any": [42]}	
8	km3	14	269	lookahead	26	LOOKAHEAD ONLY, both halves hold	LOOKAHEAD ONLY, both halves hold	no	{"cut": null, "free": false, "queued": 2}	{"cut": null, "free": false, "queued": 2, "truncated": false}	{"built": null}	{}	Place(Pokemon(B4 010 Combee), 1) ; Attack(Attack { energy_required: [Grass, Grass], title: "Chase Order", fixed_damage: 70...
8	km3	14	270	state	94	ON THE BOARD	ON THE BOARD	no				{"coin_queued_offered": [94], "coin_queued_offered_any": [94]}	
8	km3	14	271	lookahead	60	LOOKAHEAD ONLY, both halves hold	LOOKAHEAD ONLY, both halves hold	no	{"cut": null, "free": false, "queued": 2}	{"cut": null, "free": false, "queued": 2, "truncated": false}	{"built": null}	{}	Attach { attachments: [(1, Grass, 0)], is_turn_energy: true } ; Attack(Attack { energy_required: [Grass, Grass], title: "Chase Order", fixed_damage: 70...
8	km3	14	272	lookahead	80	LOOKAHEAD ONLY, both halves hold	LOOKAHEAD ONLY, both halves hold	no	{"cut": null, "free": false, "queued": 1}	{"cut": null, "free": false, "queued": 1, "truncated": false}	{"built": null}	{}	Attack(Attack { energy_required: [Grass, Grass], title: "Chase Order", fixed_damage: 70...
8	km3	14	273	lookahead	66	LOOKAHEAD ONLY, both halves hold	LOOKAHEAD ONLY, both halves hold	no	{"cut": null, "free": false, "queued": 2}	{"cut": null, "free": false, "queued": 2, "truncated": false}	{"built": null}	{}	Retreat(3) ; Attack(Attack { energy_required: [Grass, Grass], title: "Chase Order", fixed_damage: 70...
8	km3	14	274	lookahead	93	LOOKAHEAD ONLY, both halves hold	LOOKAHEAD ONLY, both halves hold	no	{"cut": null, "free": false, "queued": 1}	{"cut": null, "free": false, "queued": 1, "truncated": false}	{"built": null}	{}	Attack(Attack { energy_required: [Grass, Grass], title: "Chase Order", fixed_damage: 70...
8	km3	14	276	state	88	ON THE BOARD	ON THE BOARD	no				{"coin_queued_offered": [88], "coin_queued_offered_any": [88]}	
8	km3	14	277	state	37	ON THE BOARD	ON THE BOARD	no				{"coin_queued_offered": [37], "coin_queued_offered_any": [37]}	
8	km3	14	279	state	71	ON THE BOARD	ON THE BOARD	no				{"coin_queued_offered": [71], "coin_queued_offered_any": [71]}	
8	km3	14	280	state	140	ON THE BOARD	ON THE BOARD	no				{"coin_queued_offered": [140], "coin_queued_offered_any": [140]}	
8	km3	14	281	lookahead	55	LOOKAHEAD ONLY, both halves hold	LOOKAHEAD ONLY, both halves hold	no	{"cut": null, "free": false, "queued": 1}	{"cut": null, "free": false, "queued": 1, "truncated": false}	{"built": null}	{}	Attack(Attack { energy_required: [Grass, Grass], title: "Chase Order", fixed_damage: 70...
8	km3	14	282	state	43	ON THE BOARD	ON THE BOARD	no				{"coin_queued_offered": [43], "coin_queued_offered_any": [43]}	
8	km3	14	283	state	68	ON THE BOARD	ON THE BOARD	no				{"coin_queued_offered": [68], "coin_queued_offered_any": [68]}	
8	km3	14	284	state	44	ON THE BOARD	ON THE BOARD	no				{"coin_queued_offered": [44], "coin_queued_offered_any": [44]}	
8	km3	14	286	state	44	ON THE BOARD	ON THE BOARD	no				{"coin_queued_offered": [44], "coin_queued_offered_any": [44]}	
8	km3	14	287	state	121	ON THE BOARD	ON THE BOARD	no				{"coin_queued_offered": [121], "coin_queued_offered_any": [121]}	
8	km3	14	288	lookahead	90	LOOKAHEAD ONLY, both halves hold	LOOKAHEAD ONLY, both halves hold	no	{"cut": null, "free": false, "queued": 2}	{"cut": null, "free": false, "queued": 2, "truncated": false}	{"built": null}	{}	Retreat(3) ; Attack(Attack { energy_required: [Grass, Grass], title: "Chase Order", fixed_damage: 70...
8	km3	14	289	state	54	ON THE BOARD	ON THE BOARD	no				{"coin_queued_offered": [54], "coin_queued_offered_any": [54]}	
8	km3	14	290	lookahead	62	LOOKAHEAD ONLY, both halves hold	LOOKAHEAD ONLY, both halves hold	no	{"cut": null, "free": false, "queued": 1}	{"cut": null, "free": false, "queued": 1, "truncated": false}	{"built": null}	{}	Attack(Attack { energy_required: [Grass, Grass], title: "Chase Order", fixed_damage: 70...
8	km3	14	291	lookahead	100	LOOKAHEAD ONLY, both halves hold	LOOKAHEAD ONLY, both halves hold	no	{"cut": null, "free": false, "queued": 1}	{"cut": null, "free": false, "queued": 1, "truncated": false}	{"built": null}	{}	Attack(Attack { energy_required: [Grass, Grass], title: "Chase Order", fixed_damage: 70...
8	km3	14	292	lookahead	114	LOOKAHEAD ONLY, both halves hold	LOOKAHEAD ONLY, both halves hold	no	{"cut": null, "free": false, "queued": 1}	{"cut": null, "free": false, "queued": 1, "truncated": false}	{"built": null}	{}	Attack(Attack { energy_required: [Grass, Grass], title: "Chase Order", fixed_damage: 70...
8	km3	14	293	state	92	ON THE BOARD	ON THE BOARD	no				{"coin_queued_offered": [92], "coin_queued_offered_any": [92]}	
8	km3	14	295	state	64	ON THE BOARD	ON THE BOARD	no				{"coin_queued_offered": [64], "coin_queued_offered_any": [64]}	
8	km3	14	296	state	107	ON THE BOARD	ON THE BOARD	no				{"coin_queued_offered": [107], "coin_queued_offered_any": [107]}	
8	km3	14	297	state	54	ON THE BOARD	ON THE BOARD	no				{"coin_queued_offered": [54], "coin_queued_offered_any": [54]}	
8	km3	14	300	state	58	ON THE BOARD	ON THE BOARD	no				{"coin_queued_offered": [58], "coin_queued_offered_any": [58]}	
8	km3	14	302	lookahead	79	LOOKAHEAD ONLY, both halves hold	LOOKAHEAD ONLY, both halves hold	no	{"cut": null, "free": false, "queued": 1}	{"cut": null, "free": false, "queued": 1, "truncated": false}	{"built": null}	{}	Attack(Attack { energy_required: [Grass, Grass], title: "Chase Order", fixed_damage: 70...
8	km3	14	303	state	44	ON THE BOARD	ON THE BOARD	no				{"coin_queued_offered": [44], "coin_queued_offered_any": [44]}	
8	km3	14	304	state	75	ON THE BOARD	ON THE BOARD	no				{"coin_queued_offered": [75], "coin_queued_offered_any": [75]}	
8	km3	14	305	state	63	ON THE BOARD	ON THE BOARD	no				{"coin_queued_offered": [63], "coin_queued_offered_any": [63]}	
8	km3	14	307	state	58	ON THE BOARD	ON THE BOARD	no				{"coin_queued_offered": [58], "coin_queued_offered_any": [58]}	
8	km3	14	308	state	82	ON THE BOARD	ON THE BOARD	no				{"coin_queued_offered": [82], "coin_queued_offered_any": [82]}	
8	km3	14	309	state	91	ON THE BOARD	ON THE BOARD	no				{"coin_queued_offered": [91], "coin_queued_offered_any": [91]}	
8	km3	14	311	state	61	ON THE BOARD	ON THE BOARD	no				{"coin_queued_offered": [61], "coin_queued_offered_any": [61]}	
8	km3	14	312	lookahead	49	LOOKAHEAD ONLY, both halves hold	LOOKAHEAD ONLY, both halves hold	no	{"cut": null, "free": false, "queued": 1}	{"cut": null, "free": false, "queued": 1, "truncated": false}	{"built": null}	{}	Attack(Attack { energy_required: [Grass, Grass], title: "Chase Order", fixed_damage: 70...
8	km3	14	313	lookahead	70	LOOKAHEAD ONLY, both halves hold	LOOKAHEAD ONLY, both halves hold	no	{"cut": null, "free": false, "queued": 1}	{"cut": null, "free": false, "queued": 1, "truncated": false}	{"built": null}	{}	Attack(Attack { energy_required: [Grass, Grass], title: "Chase Order", fixed_damage: 70...
8	km3	14	315	state	35	ON THE BOARD	ON THE BOARD	no				{"coin_queued_offered": [35], "coin_queued_offered_any": [35]}	
8	km3	14	316	state	79	ON THE BOARD	ON THE BOARD	no				{"coin_queued_offered": [79], "coin_queued_offered_any": [79]}	
8	km3	14	317	lookahead	71	LOOKAHEAD ONLY, both halves hold	LOOKAHEAD ONLY, both halves hold	no	{"cut": null, "free": false, "queued": 1}	{"cut": null, "free": false, "queued": 1, "truncated": false}	{"built": null}	{}	Attack(Attack { energy_required: [Grass, Grass], title: "Chase Order", fixed_damage: 70...
8	km3	14	318	lookahead	75	LOOKAHEAD ONLY, both halves hold	LOOKAHEAD ONLY, both halves hold	no	{"cut": null, "free": false, "queued": 2}	{"cut": null, "free": false, "queued": 2, "truncated": false}	{"built": null}	{}	Retreat(3) ; Attack(Attack { energy_required: [Grass, Grass], title: "Chase Order", fixed_damage: 70...
8	km3	14	320	lookahead	76	LOOKAHEAD ONLY, both halves hold	LOOKAHEAD ONLY, both halves hold	no	{"cut": null, "free": false, "queued": 1}	{"cut": null, "free": false, "queued": 1, "truncated": false}	{"built": null}	{}	Attack(Attack { energy_required: [Grass, Grass], title: "Chase Order", fixed_damage: 70...
8	km3	14	321	lookahead	92	LOOKAHEAD ONLY, both halves hold	LOOKAHEAD ONLY, both halves hold	no	{"cut": null, "free": false, "queued": 1}	{"cut": null, "free": false, "queued": 1, "truncated": false}	{"built": null}	{}	Attack(Attack { energy_required: [Grass, Grass], title: "Chase Order", fixed_damage: 70...
8	km3	14	322	state	63	ON THE BOARD	ON THE BOARD	no				{"coin_queued_offered": [63], "coin_queued_offered_any": [63]}	
8	km3	14	323	state	51	ON THE BOARD	ON THE BOARD	no				{"coin_queued_offered": [51], "coin_queued_offered_any": [51]}	
8	km3	14	324	state	58	ON THE BOARD	ON THE BOARD	no				{"coin_queued_offered": [58], "coin_queued_offered_any": [58]}	
8	km3	14	325	state	44	ON THE BOARD	ON THE BOARD	no				{"coin_queued_offered": [44], "coin_queued_offered_any": [44]}	
8	km3	14	326	lookahead	73	LOOKAHEAD ONLY, both halves hold	LOOKAHEAD ONLY, both halves hold	no	{"cut": null, "free": false, "queued": 2}	{"cut": null, "free": false, "queued": 2, "truncated": false}	{"built": null}	{}	Retreat(3) ; Attack(Attack { energy_required: [Grass, Grass], title: "Chase Order", fixed_damage: 70...
8	km3	14	328	state	60	ON THE BOARD	ON THE BOARD	no				{"coin_queued_offered": [60], "coin_queued_offered_any": [60]}	
8	km3	14	329	lookahead	64	LOOKAHEAD ONLY, both halves hold	LOOKAHEAD ONLY, both halves hold	no	{"cut": null, "free": false, "queued": 1}	{"cut": null, "free": false, "queued": 1, "truncated": false}	{"built": null}	{}	Attack(Attack { energy_required: [Grass, Grass], title: "Chase Order", fixed_damage: 70...
8	km3	14	330	lookahead	39	LOOKAHEAD ONLY, both halves hold	LOOKAHEAD ONLY, both halves hold	no	{"cut": null, "free": false, "queued": 1}	{"cut": null, "free": false, "queued": 1, "truncated": false}	{"built": null}	{}	Attack(Attack { energy_required: [Grass, Grass], title: "Chase Order", fixed_damage: 70...
8	km3	14	331	lookahead	68	LOOKAHEAD ONLY, both halves hold	LOOKAHEAD ONLY, both halves hold	no	{"cut": null, "free": false, "queued": 2}	{"cut": null, "free": false, "queued": 2, "truncated": false}	{"built": null}	{}	Retreat(3) ; Attack(Attack { energy_required: [Grass, Grass], title: "Chase Order", fixed_damage: 70...
8	km3	14	333	state	81	ON THE BOARD	ON THE BOARD	no				{"coin_queued_offered": [81], "coin_queued_offered_any": [81]}	
8	km3	14	334	state	44	ON THE BOARD	ON THE BOARD	no				{"coin_queued_offered": [44], "coin_queued_offered_any": [44]}	
8	km3	14	335	state	77	ON THE BOARD	ON THE BOARD	no				{"coin_queued_offered": [77], "coin_queued_offered_any": [77]}	
8	km3	14	336	lookahead	67	LOOKAHEAD ONLY, both halves hold	LOOKAHEAD ONLY, both halves hold	no	{"cut": null, "free": false, "queued": 1}	{"cut": null, "free": false, "queued": 1, "truncated": false}	{"built": null}	{}	Attack(Attack { energy_required: [Grass, Grass], title: "Chase Order", fixed_damage: 70...
8	km3	14	337	lookahead	106	LOOKAHEAD ONLY, both halves hold	LOOKAHEAD ONLY, both halves hold	no	{"cut": null, "free": false, "queued": 2}	{"cut": null, "free": false, "queued": 2, "truncated": false}	{"built": null}	{}	Retreat(2) ; Attack(Attack { energy_required: [Grass, Grass], title: "Chase Order", fixed_damage: 70...
8	km3	14	338	state	65	ON THE BOARD	ON THE BOARD	no				{"coin_queued_offered": [65], "coin_queued_offered_any": [65]}	
8	km3	14	339	state	108	ON THE BOARD	ON THE BOARD	no				{"coin_queued_offered": [108], "coin_queued_offered_any": [108]}	
8	km3	14	341	state	70	ON THE BOARD	ON THE BOARD	no				{"coin_queued_offered": [70], "coin_queued_offered_any": [70]}	
8	km3	14	342	state	103	ON THE BOARD	ON THE BOARD	no				{"coin_queued_offered": [103], "coin_queued_offered_any": [103]}	
8	km3	14	343	state	58	ON THE BOARD	ON THE BOARD	no				{"coin_queued_offered": [58], "coin_queued_offered_any": [58]}	
8	km3	14	344	lookahead	84	LOOKAHEAD ONLY, both halves hold	LOOKAHEAD ONLY, both halves hold	no	{"cut": null, "free": false, "queued": 2}	{"cut": null, "free": false, "queued": 2, "truncated": false}	{"built": null}	{}	Retreat(2) ; Attack(Attack { energy_required: [Grass, Grass], title: "Chase Order", fixed_damage: 70...
8	km3	14	345	lookahead	43	LOOKAHEAD ONLY, both halves hold	LOOKAHEAD ONLY, both halves hold	no	{"cut": null, "free": false, "queued": 1}	{"cut": null, "free": false, "queued": 1, "truncated": false}	{"built": null}	{}	Attack(Attack { energy_required: [Grass, Grass], title: "Chase Order", fixed_damage: 70...
8	km3	14	346	state	48	ON THE BOARD	ON THE BOARD	no				{"coin_queued_offered": [48], "coin_queued_offered_any": [48]}	
8	km3	14	347	state	76	ON THE BOARD	ON THE BOARD	no				{"coin_queued_offered": [76], "coin_queued_offered_any": [76]}	
8	km3	14	348	state	48	ON THE BOARD	ON THE BOARD	no				{"coin_queued_offered": [48], "coin_queued_offered_any": [48]}	
8	km3	14	349	state	55	ON THE BOARD	ON THE BOARD	no				{"coin_queued_offered": [55], "coin_queued_offered_any": [55]}	
8	km3	14	350	state	28	ON THE BOARD	ON THE BOARD	no				{"coin_queued_offered": [28], "coin_queued_offered_any": [28]}	
8	km3	14	351	lookahead	70	LOOKAHEAD ONLY, both halves hold	LOOKAHEAD ONLY, both halves hold	no	{"cut": null, "free": false, "queued": 1}	{"cut": null, "free": false, "queued": 1, "truncated": false}	{"built": null}	{}	Attack(Attack { energy_required: [Grass, Grass], title: "Chase Order", fixed_damage: 70...
8	km3	14	352	state	55	ON THE BOARD	ON THE BOARD	no				{"coin_queued_offered": [55], "coin_queued_offered_any": [55]}	
8	km3	14	353	state	55	ON THE BOARD	ON THE BOARD	no				{"coin_queued_offered": [55], "coin_queued_offered_any": [55]}	
8	km3	14	354	state	33	ON THE BOARD	ON THE BOARD	no				{"coin_queued_offered": [33], "coin_queued_offered_any": [33]}	
8	km3	14	355	lookahead	64	LOOKAHEAD ONLY, both halves hold	LOOKAHEAD ONLY, both halves hold	no	{"cut": null, "free": false, "queued": 1}	{"cut": null, "free": false, "queued": 1, "truncated": false}	{"built": null}	{}	Attack(Attack { energy_required: [Grass, Grass], title: "Chase Order", fixed_damage: 70...
8	km3	14	356	state	62	ON THE BOARD	ON THE BOARD	no				{"coin_queued_offered": [62], "coin_queued_offered_any": [62]}	
8	km3	14	357	state	62	ON THE BOARD	ON THE BOARD	no				{"coin_queued_offered": [62], "coin_queued_offered_any": [62]}	
8	km3	14	358	state	83	ON THE BOARD	ON THE BOARD	no				{"coin_queued_offered": [83], "coin_queued_offered_any": [83]}	
8	km3	14	360	state	33	ON THE BOARD	ON THE BOARD	no				{"coin_queued_offered": [33], "coin_queued_offered_any": [33]}	
8	km3	14	361	lookahead	67	LOOKAHEAD ONLY, both halves hold	LOOKAHEAD ONLY, both halves hold	no	{"cut": null, "free": false, "queued": 1}	{"cut": null, "free": false, "queued": 1, "truncated": false}	{"built": null}	{}	Attack(Attack { energy_required: [Grass, Grass], title: "Chase Order", fixed_damage: 70...
8	km3	14	362	lookahead	77	LOOKAHEAD ONLY, both halves hold	LOOKAHEAD ONLY, both halves hold	no	{"cut": null, "free": false, "queued": 1}	{"cut": null, "free": false, "queued": 1, "truncated": false}	{"built": null}	{}	Attack(Attack { energy_required: [Grass, Grass], title: "Chase Order", fixed_damage: 70...
8	km3	14	364	state	91	ON THE BOARD	ON THE BOARD	no				{"coin_queued_offered": [91], "coin_queued_offered_any": [91]}	
8	km3	14	365	lookahead	70	LOOKAHEAD ONLY, both halves hold	LOOKAHEAD ONLY, both halves hold	no	{"cut": null, "free": false, "queued": 1}	{"cut": null, "free": false, "queued": 1, "truncated": false}	{"built": null}	{}	Attack(Attack { energy_required: [Grass, Grass], title: "Chase Order", fixed_damage: 70...
8	km3	14	366	lookahead	44	LOOKAHEAD ONLY, both halves hold	LOOKAHEAD ONLY, both halves hold	no	{"cut": null, "free": false, "queued": 1}	{"cut": null, "free": false, "queued": 1, "truncated": false}	{"built": null}	{}	Attack(Attack { energy_required: [Grass, Grass], title: "Chase Order", fixed_damage: 70...
8	km3	14	368	state	87	ON THE BOARD	ON THE BOARD	no				{"coin_queued_offered": [87], "coin_queued_offered_any": [87]}	
8	km3	14	369	lookahead	51	LOOKAHEAD ONLY, both halves hold	LOOKAHEAD ONLY, both halves hold	no	{"cut": null, "free": false, "queued": 2}	{"cut": null, "free": false, "queued": 2, "truncated": false}	{"built": null}	{}	Retreat(3) ; Attack(Attack { energy_required: [Grass, Grass], title: "Chase Order", fixed_damage: 70...
8	km3	14	370	state	50	ON THE BOARD	ON THE BOARD	no				{"coin_queued_offered": [50], "coin_queued_offered_any": [50]}	
8	km3	14	371	state	33	ON THE BOARD	ON THE BOARD	no				{"coin_queued_offered": [33], "coin_queued_offered_any": [33]}	
8	km3	14	372	lookahead	56	LOOKAHEAD ONLY, both halves hold	LOOKAHEAD ONLY, both halves hold	no	{"cut": null, "free": false, "queued": 2}	{"cut": null, "free": false, "queued": 2, "truncated": false}	{"built": null}	{}	Retreat(3) ; Attack(Attack { energy_required: [Grass, Grass], title: "Chase Order", fixed_damage: 70...
8	km3	14	373	lookahead	71	LOOKAHEAD ONLY, both halves hold	LOOKAHEAD ONLY, both halves hold	no	{"cut": null, "free": false, "queued": 2}	{"cut": null, "free": false, "queued": 2, "truncated": false}	{"built": null}	{}	Retreat(2) ; Attack(Attack { energy_required: [Grass, Grass], title: "Chase Order", fixed_damage: 70...
8	km3	14	374	state	56	ON THE BOARD	ON THE BOARD	no				{"coin_queued_offered": [56], "coin_queued_offered_any": [56]}	
8	km3	14	375	state	67	ON THE BOARD	ON THE BOARD	no				{"coin_queued_offered": [67], "coin_queued_offered_any": [67]}	
8	km3	14	378	state	55	ON THE BOARD	ON THE BOARD	no				{"coin_queued_offered": [55], "coin_queued_offered_any": [55]}	
8	km3	14	379	lookahead	43	LOOKAHEAD ONLY, both halves hold	LOOKAHEAD ONLY, both halves hold	no	{"cut": null, "free": false, "queued": 2}	{"cut": null, "free": false, "queued": 2, "truncated": false}	{"built": null}	{}	Place(Pokemon(B4 010 Combee), 1) ; Attack(Attack { energy_required: [Grass, Grass], title: "Chase Order", fixed_damage: 70...
8	km3	14	380	state	69	ON THE BOARD	ON THE BOARD	no				{"coin_queued_offered": [69], "coin_queued_offered_any": [69]}	
8	km3	14	381	lookahead	59	LOOKAHEAD ONLY, both halves hold	LOOKAHEAD ONLY, both halves hold	no	{"cut": null, "free": false, "queued": 2}	{"cut": null, "free": false, "queued": 2, "truncated": false}	{"built": null}	{}	Retreat(3) ; Attack(Attack { energy_required: [Grass, Grass], title: "Chase Order", fixed_damage: 70...
8	km3	14	382	lookahead	63	LOOKAHEAD ONLY, both halves hold	LOOKAHEAD ONLY, both halves hold	no	{"cut": null, "free": false, "queued": 1}	{"cut": null, "free": false, "queued": 1, "truncated": false}	{"built": null}	{}	Attack(Attack { energy_required: [Grass, Grass], title: "Chase Order", fixed_damage: 70...
8	km3	14	383	state	55	ON THE BOARD	ON THE BOARD	no				{"coin_queued_offered": [55], "coin_queued_offered_any": [55]}	
8	km3	14	384	state	67	ON THE BOARD	ON THE BOARD	no				{"coin_queued_offered": [67], "coin_queued_offered_any": [67]}	
8	km3	14	385	state	61	ON THE BOARD	ON THE BOARD	no				{"coin_queued_offered": [61], "coin_queued_offered_any": [61]}	
8	km3	14	386	lookahead	56	LOOKAHEAD ONLY, both halves hold	LOOKAHEAD ONLY, both halves hold	no	{"cut": null, "free": false, "queued": 2}	{"cut": null, "free": false, "queued": 2, "truncated": false}	{"built": null}	{}	Retreat(3) ; Attack(Attack { energy_required: [Grass, Grass], title: "Chase Order", fixed_damage: 70...
8	km3	14	387	state	55	ON THE BOARD	ON THE BOARD	no				{"coin_queued_offered": [55], "coin_queued_offered_any": [55]}	
8	km3	14	389	state	105	ON THE BOARD	ON THE BOARD	no				{"coin_queued_offered": [105], "coin_queued_offered_any": [105]}	
8	km3	14	390	state	28	ON THE BOARD	ON THE BOARD	no				{"coin_queued_offered": [28], "coin_queued_offered_any": [28]}	
8	km3	14	391	lookahead	79	LOOKAHEAD ONLY, both halves hold	LOOKAHEAD ONLY, both halves hold	no	{"cut": null, "free": false, "queued": 2}	{"cut": null, "free": false, "queued": 2, "truncated": false}	{"built": null}	{}	Retreat(3) ; Attack(Attack { energy_required: [Grass, Grass], title: "Chase Order", fixed_damage: 70...
8	km3	14	392	lookahead	97	LOOKAHEAD ONLY, both halves hold	LOOKAHEAD ONLY, both halves hold	no	{"cut": null, "free": false, "queued": 1}	{"cut": null, "free": false, "queued": 1, "truncated": false}	{"built": null}	{}	Attack(Attack { energy_required: [Grass, Grass], title: "Chase Order", fixed_damage: 70...
8	km3	14	393	state	91	ON THE BOARD	ON THE BOARD	no				{"coin_queued_offered": [91], "coin_queued_offered_any": [91]}	
8	km3	14	394	state	57	ON THE BOARD	ON THE BOARD	no				{"coin_queued_offered": [57], "coin_queued_offered_any": [57]}	
8	km3	14	395	state	53	ON THE BOARD	ON THE BOARD	no				{"coin_queued_offered": [53], "coin_queued_offered_any": [53]}	
8	km3	14	396	state	62	ON THE BOARD	ON THE BOARD	no				{"coin_queued_offered": [62], "coin_queued_offered_any": [62]}	
8	km3	14	397	lookahead	71	LOOKAHEAD ONLY, both halves hold	LOOKAHEAD ONLY, both halves hold	no	{"cut": null, "free": false, "queued": 2}	{"cut": null, "free": false, "queued": 2, "truncated": false}	{"built": null}	{}	Retreat(2) ; Attack(Attack { energy_required: [Grass, Grass], title: "Chase Order", fixed_damage: 70...
8	km3	14	398	lookahead	32	LOOKAHEAD ONLY, both halves hold	LOOKAHEAD ONLY, both halves hold	no	{"cut": null, "free": false, "queued": 1}	{"cut": null, "free": false, "queued": 1, "truncated": false}	{"built": null}	{}	Attack(Attack { energy_required: [Grass, Grass], title: "Chase Order", fixed_damage: 70...
8	km3	14	399	lookahead	79	LOOKAHEAD ONLY, both halves hold	LOOKAHEAD ONLY, both halves hold	no	{"cut": null, "free": false, "queued": 1}	{"cut": null, "free": false, "queued": 1, "truncated": false}	{"built": null}	{}	Attack(Attack { energy_required: [Grass, Grass], title: "Chase Order", fixed_damage: 70...
8	km3	14	400	lookahead	97	LOOKAHEAD ONLY, both halves hold	LOOKAHEAD ONLY, both halves hold	no	{"cut": null, "free": false, "queued": 2}	{"cut": null, "free": false, "queued": 2, "truncated": false}	{"built": null}	{}	Retreat(1) ; Attack(Attack { energy_required: [Grass, Grass], title: "Chase Order", fixed_damage: 70...
8	km3	14	401	state	71	ON THE BOARD	ON THE BOARD	no				{"coin_queued_offered": [71], "coin_queued_offered_any": [71]}	
8	km3	14	403	state	116	ON THE BOARD	ON THE BOARD	no				{"coin_queued_offered": [116], "coin_queued_offered_any": [116]}	
8	km3	14	405	state	57	ON THE BOARD	ON THE BOARD	no				{"coin_queued_offered": [57], "coin_queued_offered_any": [57]}	
8	km3	14	406	state	73	ON THE BOARD	ON THE BOARD	no				{"coin_queued_offered": [73], "coin_queued_offered_any": [73]}	
8	km3	14	407	state	58	ON THE BOARD	ON THE BOARD	no				{"coin_queued_offered": [58], "coin_queued_offered_any": [58]}	
8	km3	14	409	state	87	ON THE BOARD	ON THE BOARD	no				{"coin_queued_offered": [87], "coin_queued_offered_any": [87]}	
8	km3	14	410	state	46	ON THE BOARD	ON THE BOARD	no				{"coin_queued_offered": [46], "coin_queued_offered_any": [46]}	
8	km3	14	411	state	98	ON THE BOARD	ON THE BOARD	no				{"coin_queued_offered": [98], "coin_queued_offered_any": [98]}	
8	km3	14	412	state	81	ON THE BOARD	ON THE BOARD	no				{"coin_queued_offered": [81], "coin_queued_offered_any": [81]}	
8	km3	14	413	lookahead	74	LOOKAHEAD ONLY, both halves hold	LOOKAHEAD ONLY, both halves hold	no	{"cut": null, "free": false, "queued": 1}	{"cut": null, "free": false, "queued": 1, "truncated": false}	{"built": null}	{}	Attack(Attack { energy_required: [Grass, Grass], title: "Chase Order", fixed_damage: 70...
8	km3	14	414	lookahead	85	LOOKAHEAD ONLY, both halves hold	LOOKAHEAD ONLY, both halves hold	no	{"cut": null, "free": false, "queued": 1}	{"cut": null, "free": false, "queued": 1, "truncated": false}	{"built": null}	{}	Attack(Attack { energy_required: [Grass, Grass], title: "Chase Order", fixed_damage: 70...
8	km3	14	415	lookahead	49	LOOKAHEAD ONLY, both halves hold	LOOKAHEAD ONLY, both halves hold	no	{"cut": null, "free": false, "queued": 1}	{"cut": null, "free": false, "queued": 1, "truncated": false}	{"built": null}	{}	Attack(Attack { energy_required: [Grass, Grass], title: "Chase Order", fixed_damage: 70...
8	km3	14	416	state	41	ON THE BOARD	ON THE BOARD	no				{"coin_queued_offered": [41], "coin_queued_offered_any": [41]}	
8	km3	14	417	state	84	ON THE BOARD	ON THE BOARD	no				{"coin_queued_offered": [84], "coin_queued_offered_any": [84]}	
8	km3	14	418	state	47	ON THE BOARD	ON THE BOARD	no				{"coin_queued_offered": [47], "coin_queued_offered_any": [47]}	
8	km3	14	420	state	56	ON THE BOARD	ON THE BOARD	no				{"coin_queued_offered": [56], "coin_queued_offered_any": [56]}	
8	km3	14	421	lookahead	68	LOOKAHEAD ONLY, both halves hold	LOOKAHEAD ONLY, both halves hold	no	{"cut": null, "free": false, "queued": 1}	{"cut": null, "free": false, "queued": 1, "truncated": false}	{"built": null}	{}	Attack(Attack { energy_required: [Grass, Grass], title: "Chase Order", fixed_damage: 70...
8	km3	14	422	lookahead	131	LOOKAHEAD ONLY, both halves hold	LOOKAHEAD ONLY, both halves hold	no	{"cut": null, "free": false, "queued": 1}	{"cut": null, "free": false, "queued": 1, "truncated": false}	{"built": null}	{}	Attack(Attack { energy_required: [Grass, Grass], title: "Chase Order", fixed_damage: 70...
8	km3	14	424	state	56	ON THE BOARD	ON THE BOARD	no				{"coin_queued_offered": [56], "coin_queued_offered_any": [56]}	
8	km3	14	426	state	64	ON THE BOARD	ON THE BOARD	no				{"coin_queued_offered": [64], "coin_queued_offered_any": [64]}	
8	km3	14	427	lookahead	59	LOOKAHEAD ONLY, both halves hold	LOOKAHEAD ONLY, both halves hold	no	{"cut": null, "free": false, "queued": 1}	{"cut": null, "free": false, "queued": 1, "truncated": false}	{"built": null}	{}	Attack(Attack { energy_required: [Grass, Grass], title: "Chase Order", fixed_damage: 70...
8	km3	14	428	state	55	ON THE BOARD	ON THE BOARD	no				{"coin_queued_offered": [55], "coin_queued_offered_any": [55]}	
8	km3	14	432	state	59	ON THE BOARD	ON THE BOARD	no				{"coin_queued_offered": [59], "coin_queued_offered_any": [59]}	
8	km3	14	434	state	61	ON THE BOARD	ON THE BOARD	no				{"coin_queued_offered": [61], "coin_queued_offered_any": [61]}	
8	km3	14	435	state	65	ON THE BOARD	ON THE BOARD	no				{"coin_queued_offered": [65], "coin_queued_offered_any": [65]}	
8	km3	14	436	state	44	ON THE BOARD	ON THE BOARD	no				{"coin_queued_offered": [44], "coin_queued_offered_any": [44]}	
8	km3	14	437	state	63	ON THE BOARD	ON THE BOARD	no				{"coin_queued_offered": [63], "coin_queued_offered_any": [63]}	
8	km3	14	438	lookahead	75	LOOKAHEAD ONLY, both halves hold	LOOKAHEAD ONLY, both halves hold	no	{"cut": null, "free": false, "queued": 1}	{"cut": null, "free": false, "queued": 1, "truncated": false}	{"built": null}	{}	Attack(Attack { energy_required: [Grass, Grass], title: "Chase Order", fixed_damage: 70...
8	km3	14	439	state	63	ON THE BOARD	ON THE BOARD	no				{"coin_queued_offered": [63], "coin_queued_offered_any": [63]}	
8	km3	14	440	lookahead	88	LOOKAHEAD ONLY, both halves hold	LOOKAHEAD ONLY, both halves hold	no	{"cut": null, "free": false, "queued": 1}	{"cut": null, "free": false, "queued": 1, "truncated": false}	{"built": null}	{}	Attack(Attack { energy_required: [Grass, Grass], title: "Chase Order", fixed_damage: 70...
8	km3	14	441	lookahead	46	LOOKAHEAD ONLY, both halves hold	LOOKAHEAD ONLY, both halves hold	no	{"cut": null, "free": false, "queued": 1}	{"cut": null, "free": false, "queued": 1, "truncated": false}	{"built": null}	{}	Attack(Attack { energy_required: [Grass, Grass], title: "Chase Order", fixed_damage: 70...
8	km3	14	443	state	55	ON THE BOARD	ON THE BOARD	no				{"coin_queued_offered": [55], "coin_queued_offered_any": [55]}	
8	km3	14	444	state	43	ON THE BOARD	ON THE BOARD	no				{"coin_queued_offered": [43], "coin_queued_offered_any": [43]}	
8	km3	14	446	state	46	ON THE BOARD	ON THE BOARD	no				{"coin_queued_offered": [46], "coin_queued_offered_any": [46]}	
8	km3	14	447	state	41	ON THE BOARD	ON THE BOARD	no				{"coin_queued_offered": [41], "coin_queued_offered_any": [41]}	
8	km3	14	448	state	60	ON THE BOARD	ON THE BOARD	no				{"coin_queued_offered": [60], "coin_queued_offered_any": [60]}	
8	km3	14	449	lookahead	68	LOOKAHEAD ONLY, both halves hold	LOOKAHEAD ONLY, both halves hold	no	{"cut": null, "free": false, "queued": 1}	{"cut": null, "free": false, "queued": 1, "truncated": false}	{"built": null}	{}	Attack(Attack { energy_required: [Grass, Grass], title: "Chase Order", fixed_damage: 70...
8	km3	14	450	lookahead	57	LOOKAHEAD ONLY, both halves hold	LOOKAHEAD ONLY, both halves hold	no	{"cut": null, "free": false, "queued": 1}	{"cut": null, "free": false, "queued": 1, "truncated": false}	{"built": null}	{}	Attack(Attack { energy_required: [Grass, Grass], title: "Chase Order", fixed_damage: 70...
8	km3	14	453	state	55	ON THE BOARD	ON THE BOARD	no				{"coin_queued_offered": [55], "coin_queued_offered_any": [55]}	
8	km3	14	455	state	68	ON THE BOARD	ON THE BOARD	no				{"coin_queued_offered": [68], "coin_queued_offered_any": [68]}	
8	km3	14	456	state	39	ON THE BOARD	ON THE BOARD	no				{"coin_queued_offered": [39], "coin_queued_offered_any": [39]}	
8	km3	14	457	state	67	ON THE BOARD	ON THE BOARD	no				{"coin_queued_offered": [67], "coin_queued_offered_any": [67]}	
8	km3	14	458	state	57	ON THE BOARD	ON THE BOARD	no				{"coin_queued_offered": [57], "coin_queued_offered_any": [57]}	
8	km3	14	460	state	96	ON THE BOARD	ON THE BOARD	no				{"coin_queued_offered": [96], "coin_queued_offered_any": [96]}	
8	km3	14	461	lookahead	54	LOOKAHEAD ONLY, both halves hold	LOOKAHEAD ONLY, both halves hold	no	{"cut": null, "free": false, "queued": 2}	{"cut": null, "free": false, "queued": 2, "truncated": false}	{"built": null}	{}	Retreat(2) ; Attack(Attack { energy_required: [Grass, Grass], title: "Chase Order", fixed_damage: 70...
8	km3	14	462	state	60	ON THE BOARD	ON THE BOARD	no				{"coin_queued_offered": [60], "coin_queued_offered_any": [60]}	
8	km3	14	464	state	75	ON THE BOARD	ON THE BOARD	no				{"coin_queued_offered": [75], "coin_queued_offered_any": [75]}	
8	km3	14	468	lookahead	89	LOOKAHEAD ONLY, both halves hold	LOOKAHEAD ONLY, both halves hold	no	{"cut": null, "free": false, "queued": 1}	{"cut": null, "free": false, "queued": 1, "truncated": false}	{"built": null}	{}	Attack(Attack { energy_required: [Grass, Grass], title: "Chase Order", fixed_damage: 70...
8	km3	14	469	state	67	ON THE BOARD	ON THE BOARD	no				{"coin_queued_offered": [67], "coin_queued_offered_any": [67]}	
8	km3	14	470	state	52	ON THE BOARD	ON THE BOARD	no				{"coin_queued_offered": [52], "coin_queued_offered_any": [52]}	
8	km3	14	471	lookahead	103	LOOKAHEAD ONLY, both halves hold	LOOKAHEAD ONLY, both halves hold	no	{"cut": null, "free": false, "queued": 1}	{"cut": null, "free": false, "queued": 1, "truncated": false}	{"built": null}	{}	Attack(Attack { energy_required: [Grass, Grass], title: "Chase Order", fixed_damage: 70...
8	km3	14	472	state	55	ON THE BOARD	ON THE BOARD	no				{"coin_queued_offered": [55], "coin_queued_offered_any": [55]}	
8	km3	14	473	state	61	ON THE BOARD	ON THE BOARD	no				{"coin_queued_offered": [61], "coin_queued_offered_any": [61]}	
8	km3	14	474	lookahead	78	LOOKAHEAD ONLY, both halves hold	LOOKAHEAD ONLY, both halves hold	no	{"cut": null, "free": false, "queued": 2}	{"cut": null, "free": false, "queued": 2, "truncated": false}	{"built": null}	{}	Attach { attachments: [(1, Grass, 0)], is_turn_energy: true } ; Attack(Attack { energy_required: [Grass, Grass], title: "Chase Order", fixed_damage: 70...
8	km3	14	476	lookahead	91	LOOKAHEAD ONLY, both halves hold	LOOKAHEAD ONLY, both halves hold	no	{"cut": null, "free": false, "queued": 1}	{"cut": null, "free": false, "queued": 1, "truncated": false}	{"built": null}	{}	Attack(Attack { energy_required: [Grass, Grass], title: "Chase Order", fixed_damage: 70...
8	km3	14	477	state	76	ON THE BOARD	ON THE BOARD	no				{"coin_queued_offered": [76], "coin_queued_offered_any": [76]}	
8	km3	14	478	lookahead	56	LOOKAHEAD ONLY, both halves hold	LOOKAHEAD ONLY, both halves hold	no	{"cut": null, "free": false, "queued": 2}	{"cut": null, "free": false, "queued": 2, "truncated": false}	{"built": null}	{}	Retreat(3) ; Attack(Attack { energy_required: [Grass, Grass], title: "Chase Order", fixed_damage: 70...
8	km3	14	479	lookahead	106	LOOKAHEAD ONLY, both halves hold	LOOKAHEAD ONLY, both halves hold	no	{"cut": null, "free": false, "queued": 1}	{"cut": null, "free": false, "queued": 1, "truncated": false}	{"built": null}	{}	Attack(Attack { energy_required: [Grass, Grass], title: "Chase Order", fixed_damage: 70...
8	km3	14	480	state	46	ON THE BOARD	ON THE BOARD	no				{"coin_queued_offered": [46], "coin_queued_offered_any": [46]}	
8	km3	14	481	lookahead	75	LOOKAHEAD ONLY, both halves hold	LOOKAHEAD ONLY, both halves hold	no	{"cut": null, "free": false, "queued": 1}	{"cut": null, "free": false, "queued": 1, "truncated": false}	{"built": null}	{}	Attack(Attack { energy_required: [Grass, Grass], title: "Chase Order", fixed_damage: 70...
8	km3	14	482	lookahead	76	LOOKAHEAD ONLY, both halves hold	LOOKAHEAD ONLY, both halves hold	no	{"cut": null, "free": false, "queued": 1}	{"cut": null, "free": false, "queued": 1, "truncated": false}	{"built": null}	{}	Attack(Attack { energy_required: [Grass, Grass], title: "Chase Order", fixed_damage: 70...
8	km3	14	483	state	42	ON THE BOARD	ON THE BOARD	no				{"coin_queued_offered": [42], "coin_queued_offered_any": [42]}	
8	km3	14	484	state	93	ON THE BOARD	ON THE BOARD	no				{"coin_queued_offered": [93], "coin_queued_offered_any": [93]}	
8	km3	14	485	state	81	ON THE BOARD	ON THE BOARD	no				{"coin_queued_offered": [81], "coin_queued_offered_any": [81]}	
8	km3	14	486	state	61	ON THE BOARD	ON THE BOARD	no				{"coin_queued_offered": [61], "coin_queued_offered_any": [61]}	
8	km3	14	487	state	30	ON THE BOARD	ON THE BOARD	no				{"coin_queued_offered": [30], "coin_queued_offered_any": [30]}	
8	km3	14	488	lookahead	62	LOOKAHEAD ONLY, both halves hold	LOOKAHEAD ONLY, both halves hold	no	{"cut": null, "free": false, "queued": 1}	{"cut": null, "free": false, "queued": 1, "truncated": false}	{"built": null}	{}	Attack(Attack { energy_required: [Grass, Grass], title: "Chase Order", fixed_damage: 70...
8	km3	14	489	lookahead	74	LOOKAHEAD ONLY, both halves hold	LOOKAHEAD ONLY, both halves hold	no	{"cut": null, "free": false, "queued": 2}	{"cut": null, "free": false, "queued": 2, "truncated": false}	{"built": null}	{}	Retreat(3) ; Attack(Attack { energy_required: [Grass, Grass], title: "Chase Order", fixed_damage: 70...
8	km3	14	490	state	79	ON THE BOARD	ON THE BOARD	no				{"coin_queued_offered": [79], "coin_queued_offered_any": [79]}	
8	km3	14	492	state	49	ON THE BOARD	ON THE BOARD	no				{"coin_queued_offered": [49], "coin_queued_offered_any": [49]}	
8	km3	14	493	lookahead	65	LOOKAHEAD ONLY, both halves hold	LOOKAHEAD ONLY, both halves hold	no	{"cut": null, "free": false, "queued": 2}	{"cut": null, "free": false, "queued": 2, "truncated": false}	{"built": null}	{}	Retreat(3) ; Attack(Attack { energy_required: [Grass, Grass], title: "Chase Order", fixed_damage: 70...
8	km3	14	494	state	76	ON THE BOARD	ON THE BOARD	no				{"coin_queued_offered": [76], "coin_queued_offered_any": [76]}	
8	km3	14	495	lookahead	88	LOOKAHEAD ONLY, both halves hold	LOOKAHEAD ONLY, both halves hold	no	{"cut": null, "free": false, "queued": 1}	{"cut": null, "free": false, "queued": 1, "truncated": false}	{"built": null}	{}	Attack(Attack { energy_required: [Grass, Grass], title: "Chase Order", fixed_damage: 70...
8	km3	14	496	state	117	ON THE BOARD	ON THE BOARD	no				{"coin_queued_offered": [117], "coin_queued_offered_any": [117]}	
8	km3	14	497	lookahead	67	LOOKAHEAD ONLY, both halves hold	LOOKAHEAD ONLY, both halves hold	no	{"cut": null, "free": false, "queued": 1}	{"cut": null, "free": false, "queued": 1, "truncated": false}	{"built": null}	{}	Attack(Attack { energy_required: [Grass, Grass], title: "Chase Order", fixed_damage: 70...
8	km3	14	498	state	59	ON THE BOARD	ON THE BOARD	no				{"coin_queued_offered": [59], "coin_queued_offered_any": [59]}	
8	km3	14	499	state	101	ON THE BOARD	ON THE BOARD	no				{"coin_queued_offered": [101], "coin_queued_offered_any": [101]}	
8	k3	14	1	state	97	ON THE BOARD	ON THE BOARD	no				{"coin_queued_offered": [97], "coin_queued_offered_any": [97]}	
8	k3	14	3	lookahead	72	LOOKAHEAD ONLY, both halves hold	LOOKAHEAD ONLY, both halves hold	no	{"cut": null, "free": false, "queued": 1}	{"cut": null, "free": false, "queued": 1, "truncated": false}	{"built": null}	{}	Attack(Attack { energy_required: [Grass, Grass], title: "Chase Order", fixed_damage: 70...
8	k3	14	4	state	90	ON THE BOARD	ON THE BOARD	no				{"coin_queued_offered": [90], "coin_queued_offered_any": [90]}	
8	k3	14	5	lookahead	78	LOOKAHEAD ONLY, both halves hold	LOOKAHEAD ONLY, both halves hold	no	{"cut": null, "free": false, "queued": 2}	{"cut": null, "free": false, "queued": 2, "truncated": false}	{"built": null}	{}	Retreat(3) ; Attack(Attack { energy_required: [Grass, Grass], title: "Chase Order", fixed_damage: 70...
8	k3	14	6	state	109	ON THE BOARD	ON THE BOARD	no				{"coin_queued_offered": [109], "coin_queued_offered_any": [109]}	
8	k3	14	8	lookahead	51	LOOKAHEAD ONLY, both halves hold	LOOKAHEAD ONLY, both halves hold	no	{"cut": null, "free": false, "queued": 1}	{"cut": null, "free": false, "queued": 1, "truncated": false}	{"built": null}	{}	Attack(Attack { energy_required: [Grass, Grass], title: "Chase Order", fixed_damage: 70...
8	k3	14	9	state	27	ON THE BOARD	ON THE BOARD	no				{"coin_queued_offered": [27], "coin_queued_offered_any": [27]}	
8	k3	14	10	state	50	ON THE BOARD	ON THE BOARD	no				{"coin_queued_offered": [50], "coin_queued_offered_any": [50]}	
8	k3	14	11	state	38	ON THE BOARD	ON THE BOARD	no				{"coin_queued_offered": [38], "coin_queued_offered_any": [38]}	
8	k3	14	12	lookahead	59	LOOKAHEAD ONLY, both halves hold	LOOKAHEAD ONLY, both halves hold	no	{"cut": null, "free": false, "queued": 1}	{"cut": null, "free": false, "queued": 1, "truncated": false}	{"built": null}	{}	Attack(Attack { energy_required: [Grass, Grass], title: "Chase Order", fixed_damage: 70...
8	k3	14	13	state	55	ON THE BOARD	ON THE BOARD	no				{"coin_queued_offered": [55], "coin_queued_offered_any": [55]}	
8	k3	14	14	state	62	ON THE BOARD	ON THE BOARD	no				{"coin_queued_offered": [62], "coin_queued_offered_any": [62]}	
8	k3	14	16	state	90	ON THE BOARD	ON THE BOARD	no				{"coin_queued_offered": [90], "coin_queued_offered_any": [90]}	
8	k3	14	17	state	66	ON THE BOARD	ON THE BOARD	no				{"coin_queued_offered": [66], "coin_queued_offered_any": [66]}	
8	k3	14	18	state	66	ON THE BOARD	ON THE BOARD	no				{"coin_queued_offered": [66], "coin_queued_offered_any": [66]}	
8	k3	14	19	state	55	ON THE BOARD	ON THE BOARD	no				{"coin_queued_offered": [55], "coin_queued_offered_any": [55]}	
8	k3	14	20	lookahead	63	LOOKAHEAD ONLY, both halves hold	LOOKAHEAD ONLY, both halves hold	no	{"cut": null, "free": false, "queued": 2}	{"cut": null, "free": false, "queued": 2, "truncated": false}	{"built": null}	{}	Retreat(3) ; Attack(Attack { energy_required: [Grass, Grass], title: "Chase Order", fixed_damage: 70...
8	k3	14	21	state	53	ON THE BOARD	ON THE BOARD	no				{"coin_queued_offered": [53], "coin_queued_offered_any": [53]}	
8	k3	14	22	lookahead	78	LOOKAHEAD ONLY, both halves hold	LOOKAHEAD ONLY, both halves hold	no	{"cut": null, "free": false, "queued": 1}	{"cut": null, "free": false, "queued": 1, "truncated": false}	{"built": null}	{}	Attack(Attack { energy_required: [Grass, Grass], title: "Chase Order", fixed_damage: 70...
8	k3	14	23	lookahead	85	LOOKAHEAD ONLY, both halves hold	LOOKAHEAD ONLY, both halves hold	no	{"cut": null, "free": false, "queued": 2}	{"cut": null, "free": false, "queued": 2, "truncated": false}	{"built": null}	{}	Attach { attachments: [(1, Grass, 0)], is_turn_energy: true } ; Attack(Attack { energy_required: [Grass, Grass], title: "Chase Order", fixed_damage: 70...
8	k3	14	24	state	59	ON THE BOARD	ON THE BOARD	no				{"coin_queued_offered": [59], "coin_queued_offered_any": [59]}	
8	k3	14	25	state	58	ON THE BOARD	ON THE BOARD	no				{"coin_queued_offered": [58], "coin_queued_offered_any": [58]}	
8	k3	14	26	state	46	ON THE BOARD	ON THE BOARD	no				{"coin_queued_offered": [46], "coin_queued_offered_any": [46]}	
8	k3	14	27	state	65	ON THE BOARD	ON THE BOARD	no				{"coin_queued_offered": [65], "coin_queued_offered_any": [65]}	
8	k3	14	28	lookahead	49	LOOKAHEAD ONLY, both halves hold	LOOKAHEAD ONLY, both halves hold	no	{"cut": null, "free": false, "queued": 1}	{"cut": null, "free": false, "queued": 1, "truncated": false}	{"built": null}	{}	Attack(Attack { energy_required: [Grass, Grass], title: "Chase Order", fixed_damage: 70...
8	k3	14	29	state	87	ON THE BOARD	ON THE BOARD	no				{"coin_queued_offered": [87], "coin_queued_offered_any": [87]}	
8	k3	14	30	lookahead	58	LOOKAHEAD ONLY, both halves hold	LOOKAHEAD ONLY, both halves hold	no	{"cut": null, "free": false, "queued": 1}	{"cut": null, "free": false, "queued": 1, "truncated": false}	{"built": null}	{}	Attack(Attack { energy_required: [Grass, Grass], title: "Chase Order", fixed_damage: 70...
8	k3	14	31	lookahead	86	LOOKAHEAD ONLY, both halves hold	LOOKAHEAD ONLY, both halves hold	no	{"cut": null, "free": false, "queued": 2}	{"cut": null, "free": false, "queued": 2, "truncated": false}	{"built": null}	{}	Retreat(1) ; Attack(Attack { energy_required: [Grass, Grass], title: "Chase Order", fixed_damage: 70...
8	k3	14	32	state	61	ON THE BOARD	ON THE BOARD	no				{"coin_queued_offered": [61], "coin_queued_offered_any": [61]}	
8	k3	14	34	state	94	ON THE BOARD	ON THE BOARD	no				{"coin_queued_offered": [94], "coin_queued_offered_any": [94]}	
8	k3	14	35	state	47	ON THE BOARD	ON THE BOARD	no				{"coin_queued_offered": [47], "coin_queued_offered_any": [47]}	
8	k3	14	36	lookahead	88	LOOKAHEAD ONLY, both halves hold	LOOKAHEAD ONLY, both halves hold	no	{"cut": null, "free": false, "queued": 2}	{"cut": null, "free": false, "queued": 2, "truncated": false}	{"built": null}	{}	Retreat(2) ; Attack(Attack { energy_required: [Grass, Grass], title: "Chase Order", fixed_damage: 70...
8	k3	14	37	state	86	ON THE BOARD	ON THE BOARD	no				{"coin_queued_offered": [86], "coin_queued_offered_any": [86]}	
8	k3	14	38	lookahead	107	LOOKAHEAD ONLY, both halves hold	LOOKAHEAD ONLY, both halves hold	no	{"cut": null, "free": false, "queued": 1}	{"cut": null, "free": false, "queued": 1, "truncated": false}	{"built": null}	{}	Attack(Attack { energy_required: [Grass, Grass], title: "Chase Order", fixed_damage: 70...
8	k3	14	39	state	78	ON THE BOARD	ON THE BOARD	no				{"coin_queued_offered": [78], "coin_queued_offered_any": [78]}	
8	k3	14	41	state	42	ON THE BOARD	ON THE BOARD	no				{"coin_queued_offered": [42], "coin_queued_offered_any": [42]}	
8	k3	14	43	lookahead	100	LOOKAHEAD ONLY, both halves hold	LOOKAHEAD ONLY, both halves hold	no	{"cut": null, "free": false, "queued": 1}	{"cut": null, "free": false, "queued": 1, "truncated": false}	{"built": null}	{}	Attack(Attack { energy_required: [Grass, Grass], title: "Chase Order", fixed_damage: 70...
8	k3	14	44	state	61	ON THE BOARD	ON THE BOARD	no				{"coin_queued_offered": [61], "coin_queued_offered_any": [61]}	
8	k3	14	45	lookahead	97	LOOKAHEAD ONLY, both halves hold	LOOKAHEAD ONLY, both halves hold	no	{"cut": null, "free": false, "queued": 2}	{"cut": null, "free": false, "queued": 2, "truncated": false}	{"built": null}	{}	Retreat(3) ; Attack(Attack { energy_required: [Grass, Grass], title: "Chase Order", fixed_damage: 70...
8	k3	14	46	lookahead	57	LOOKAHEAD ONLY, both halves hold	LOOKAHEAD ONLY, both halves hold	no	{"cut": null, "free": false, "queued": 1}	{"cut": null, "free": false, "queued": 1, "truncated": false}	{"built": null}	{}	Attack(Attack { energy_required: [Grass, Grass], title: "Chase Order", fixed_damage: 70...
8	k3	14	47	state	102	ON THE BOARD	ON THE BOARD	no				{"coin_queued_offered": [102], "coin_queued_offered_any": [102]}	
8	k3	14	48	lookahead	88	LOOKAHEAD ONLY, both halves hold	LOOKAHEAD ONLY, both halves hold	no	{"cut": null, "free": false, "queued": 1}	{"cut": null, "free": false, "queued": 1, "truncated": false}	{"built": null}	{}	Attack(Attack { energy_required: [Grass, Grass], title: "Chase Order", fixed_damage: 70...
8	k3	14	49	state	89	ON THE BOARD	ON THE BOARD	no				{"coin_queued_offered": [89], "coin_queued_offered_any": [89]}	
8	k3	14	50	state	98	ON THE BOARD	ON THE BOARD	no				{"coin_queued_offered": [98], "coin_queued_offered_any": [98]}	
8	k3	14	52	state	86	ON THE BOARD	ON THE BOARD	no				{"coin_queued_offered": [86], "coin_queued_offered_any": [86]}	
8	k3	14	53	state	82	ON THE BOARD	ON THE BOARD	no				{"coin_queued_offered": [82], "coin_queued_offered_any": [82]}	
8	k3	14	54	lookahead	74	LOOKAHEAD ONLY, both halves hold	LOOKAHEAD ONLY, both halves hold	no	{"cut": null, "free": false, "queued": 1}	{"cut": null, "free": false, "queued": 1, "truncated": false}	{"built": null}	{}	Attack(Attack { energy_required: [Grass, Grass], title: "Chase Order", fixed_damage: 70...
8	k3	14	55	state	84	ON THE BOARD	ON THE BOARD	no				{"coin_queued_offered": [84], "coin_queued_offered_any": [84]}	
8	k3	14	57	lookahead	73	LOOKAHEAD ONLY, both halves hold	LOOKAHEAD ONLY, both halves hold	no	{"cut": null, "free": false, "queued": 1}	{"cut": null, "free": false, "queued": 1, "truncated": false}	{"built": null}	{}	Attack(Attack { energy_required: [Grass, Grass], title: "Chase Order", fixed_damage: 70...
8	k3	14	58	lookahead	29	LOOKAHEAD ONLY, both halves hold	LOOKAHEAD ONLY, both halves hold	no	{"cut": null, "free": false, "queued": 1}	{"cut": null, "free": false, "queued": 1, "truncated": false}	{"built": null}	{}	Attack(Attack { energy_required: [Grass, Grass], title: "Chase Order", fixed_damage: 70...
8	k3	14	59	state	72	ON THE BOARD	ON THE BOARD	no				{"coin_queued_offered": [72], "coin_queued_offered_any": [72]}	
8	k3	14	60	state	40	ON THE BOARD	ON THE BOARD	no				{"coin_queued_offered": [40], "coin_queued_offered_any": [40]}	
8	k3	14	62	lookahead	93	LOOKAHEAD ONLY, both halves hold	LOOKAHEAD ONLY, both halves hold	no	{"cut": null, "free": false, "queued": 1}	{"cut": null, "free": false, "queued": 1, "truncated": false}	{"built": null}	{}	Attack(Attack { energy_required: [Grass, Grass], title: "Chase Order", fixed_damage: 70...
8	k3	14	63	state	60	ON THE BOARD	ON THE BOARD	no				{"coin_queued_offered": [60], "coin_queued_offered_any": [60]}	
8	k3	14	64	state	58	ON THE BOARD	ON THE BOARD	no				{"coin_queued_offered": [58], "coin_queued_offered_any": [58]}	
8	k3	14	65	state	60	ON THE BOARD	ON THE BOARD	no				{"coin_queued_offered": [60], "coin_queued_offered_any": [60]}	
8	k3	14	66	lookahead	112	LOOKAHEAD ONLY, both halves hold	LOOKAHEAD ONLY, both halves hold	no	{"cut": null, "free": false, "queued": 1}	{"cut": null, "free": false, "queued": 1, "truncated": false}	{"built": null}	{}	Attack(Attack { energy_required: [Grass, Grass], title: "Chase Order", fixed_damage: 70...
8	k3	14	67	lookahead	76	LOOKAHEAD ONLY, both halves hold	LOOKAHEAD ONLY, both halves hold	no	{"cut": null, "free": false, "queued": 1}	{"cut": null, "free": false, "queued": 1, "truncated": false}	{"built": null}	{}	Attack(Attack { energy_required: [Grass, Grass], title: "Chase Order", fixed_damage: 70...
8	k3	14	68	state	41	ON THE BOARD	ON THE BOARD	no				{"coin_queued_offered": [41], "coin_queued_offered_any": [41]}	
8	k3	14	69	lookahead	85	LOOKAHEAD ONLY, both halves hold	LOOKAHEAD ONLY, both halves hold	no	{"cut": null, "free": false, "queued": 2}	{"cut": null, "free": false, "queued": 2, "truncated": false}	{"built": null}	{}	Retreat(3) ; Attack(Attack { energy_required: [Grass, Grass], title: "Chase Order", fixed_damage: 70...
8	k3	14	71	state	40	ON THE BOARD	ON THE BOARD	no				{"coin_queued_offered": [40], "coin_queued_offered_any": [40]}	
8	k3	14	72	state	88	ON THE BOARD	ON THE BOARD	no				{"coin_queued_offered": [88], "coin_queued_offered_any": [88]}	
8	k3	14	73	state	62	ON THE BOARD	ON THE BOARD	no				{"coin_queued_offered": [62], "coin_queued_offered_any": [62]}	
8	k3	14	74	state	54	ON THE BOARD	ON THE BOARD	no				{"coin_queued_offered": [54], "coin_queued_offered_any": [54]}	
8	k3	14	77	lookahead	52	LOOKAHEAD ONLY, both halves hold	LOOKAHEAD ONLY, both halves hold	no	{"cut": null, "free": false, "queued": 1}	{"cut": null, "free": false, "queued": 1, "truncated": false}	{"built": null}	{}	Attack(Attack { energy_required: [Grass, Grass], title: "Chase Order", fixed_damage: 70...
8	k3	14	78	state	51	ON THE BOARD	ON THE BOARD	no				{"coin_queued_offered": [51], "coin_queued_offered_any": [51]}	
8	k3	14	79	lookahead	73	LOOKAHEAD ONLY, both halves hold	LOOKAHEAD ONLY, both halves hold	no	{"cut": null, "free": false, "queued": 2}	{"cut": null, "free": false, "queued": 2, "truncated": false}	{"built": null}	{}	Retreat(1) ; Attack(Attack { energy_required: [Grass, Grass], title: "Chase Order", fixed_damage: 70...
8	k3	14	82	state	64	ON THE BOARD	ON THE BOARD	no				{"coin_queued_offered": [64], "coin_queued_offered_any": [64]}	
8	k3	14	83	state	70	ON THE BOARD	ON THE BOARD	no				{"coin_queued_offered": [70], "coin_queued_offered_any": [70]}	
8	k3	14	85	state	54	ON THE BOARD	ON THE BOARD	no				{"coin_queued_offered": [54], "coin_queued_offered_any": [54]}	
8	k3	14	86	state	60	ON THE BOARD	ON THE BOARD	no				{"coin_queued_offered": [60], "coin_queued_offered_any": [60]}	
8	k3	14	87	state	74	ON THE BOARD	ON THE BOARD	no				{"coin_queued_offered": [74], "coin_queued_offered_any": [74]}	
8	k3	14	89	state	34	ON THE BOARD	ON THE BOARD	no				{"coin_queued_offered": [34], "coin_queued_offered_any": [34]}	
8	k3	14	90	state	105	ON THE BOARD	ON THE BOARD	no				{"coin_queued_offered": [105], "coin_queued_offered_any": [105]}	
8	k3	14	92	lookahead	91	LOOKAHEAD ONLY, both halves hold	LOOKAHEAD ONLY, both halves hold	no	{"cut": null, "free": false, "queued": 1}	{"cut": null, "free": false, "queued": 1, "truncated": false}	{"built": null}	{}	Attack(Attack { energy_required: [Grass, Grass], title: "Chase Order", fixed_damage: 70...
8	k3	14	94	state	72	ON THE BOARD	ON THE BOARD	no				{"coin_queued_offered": [72], "coin_queued_offered_any": [72]}	
8	k3	14	96	lookahead	92	LOOKAHEAD ONLY, both halves hold	LOOKAHEAD ONLY, both halves hold	no	{"cut": null, "free": false, "queued": 2}	{"cut": null, "free": false, "queued": 2, "truncated": false}	{"built": null}	{}	Retreat(2) ; Attack(Attack { energy_required: [Grass, Grass], title: "Chase Order", fixed_damage: 70...
8	k3	14	98	state	53	ON THE BOARD	ON THE BOARD	no				{"coin_queued_offered": [53], "coin_queued_offered_any": [53]}	
8	k3	14	99	state	73	ON THE BOARD	ON THE BOARD	no				{"coin_queued_offered": [73], "coin_queued_offered_any": [73]}	
8	k3	14	100	state	37	ON THE BOARD	ON THE BOARD	no				{"coin_queued_offered": [37], "coin_queued_offered_any": [37]}	
8	k3	14	101	state	48	ON THE BOARD	ON THE BOARD	no				{"coin_queued_offered": [48], "coin_queued_offered_any": [48]}	
8	k3	14	102	state	73	ON THE BOARD	ON THE BOARD	no				{"coin_queued_offered": [73], "coin_queued_offered_any": [73]}	
8	k3	14	103	lookahead	66	LOOKAHEAD ONLY, both halves hold	LOOKAHEAD ONLY, both halves hold	no	{"cut": null, "free": false, "queued": 2}	{"cut": null, "free": false, "queued": 2, "truncated": false}	{"built": null}	{}	Retreat(3) ; Attack(Attack { energy_required: [Grass, Grass], title: "Chase Order", fixed_damage: 70...
8	k3	14	104	lookahead	89	LOOKAHEAD ONLY, both halves hold	LOOKAHEAD ONLY, both halves hold	no	{"cut": null, "free": false, "queued": 2}	{"cut": null, "free": false, "queued": 2, "truncated": false}	{"built": null}	{}	Retreat(3) ; Attack(Attack { energy_required: [Grass, Grass], title: "Chase Order", fixed_damage: 70...
8	k3	14	105	lookahead	61	LOOKAHEAD ONLY, both halves hold	LOOKAHEAD ONLY, both halves hold	no	{"cut": null, "free": false, "queued": 2}	{"cut": null, "free": false, "queued": 2, "truncated": false}	{"built": null}	{}	Retreat(3) ; Attack(Attack { energy_required: [Grass, Grass], title: "Chase Order", fixed_damage: 70...
8	k3	14	106	state	46	ON THE BOARD	ON THE BOARD	no				{"coin_queued_offered": [46], "coin_queued_offered_any": [46]}	
8	k3	14	107	lookahead	101	LOOKAHEAD ONLY, both halves hold	LOOKAHEAD ONLY, both halves hold	no	{"cut": null, "free": false, "queued": 1}	{"cut": null, "free": false, "queued": 1, "truncated": false}	{"built": null}	{}	Attack(Attack { energy_required: [Grass, Grass], title: "Chase Order", fixed_damage: 70...
8	k3	14	108	state	88	ON THE BOARD	ON THE BOARD	no				{"coin_queued_offered": [88], "coin_queued_offered_any": [88]}	
8	k3	14	109	state	74	ON THE BOARD	ON THE BOARD	no				{"coin_queued_offered": [74], "coin_queued_offered_any": [74]}	
8	k3	14	110	state	52	ON THE BOARD	ON THE BOARD	no				{"coin_queued_offered": [52], "coin_queued_offered_any": [52]}	
8	k3	14	111	state	52	ON THE BOARD	ON THE BOARD	no				{"coin_queued_offered": [52], "coin_queued_offered_any": [52]}	
8	k3	14	112	lookahead	76	LOOKAHEAD ONLY, both halves hold	LOOKAHEAD ONLY, both halves hold	no	{"cut": null, "free": false, "queued": 1}	{"cut": null, "free": false, "queued": 1, "truncated": false}	{"built": null}	{}	Attack(Attack { energy_required: [Grass, Grass], title: "Chase Order", fixed_damage: 70...
8	k3	14	113	state	57	ON THE BOARD	ON THE BOARD	no				{"coin_queued_offered": [57], "coin_queued_offered_any": [57]}	
8	k3	14	114	state	79	ON THE BOARD	ON THE BOARD	no				{"coin_queued_offered": [79], "coin_queued_offered_any": [79]}	
8	k3	14	115	lookahead	75	LOOKAHEAD ONLY, both halves hold	LOOKAHEAD ONLY, both halves hold	no	{"cut": null, "free": false, "queued": 2}	{"cut": null, "free": false, "queued": 2, "truncated": false}	{"built": null}	{}	Retreat(3) ; Attack(Attack { energy_required: [Grass, Grass], title: "Chase Order", fixed_damage: 70...
8	k3	14	116	state	61	ON THE BOARD	ON THE BOARD	no				{"coin_queued_offered": [61], "coin_queued_offered_any": [61]}	
8	k3	14	117	lookahead	98	LOOKAHEAD ONLY, both halves hold	LOOKAHEAD ONLY, both halves hold	no	{"cut": null, "free": false, "queued": 1}	{"cut": null, "free": false, "queued": 1, "truncated": false}	{"built": null}	{}	Attack(Attack { energy_required: [Grass, Grass], title: "Chase Order", fixed_damage: 70...
8	k3	14	118	lookahead	45	LOOKAHEAD ONLY, both halves hold	LOOKAHEAD ONLY, both halves hold	no	{"cut": null, "free": false, "queued": 1}	{"cut": null, "free": false, "queued": 1, "truncated": false}	{"built": null}	{}	Attack(Attack { energy_required: [Grass, Grass], title: "Chase Order", fixed_damage: 70...
8	k3	14	119	lookahead	69	LOOKAHEAD ONLY, both halves hold	LOOKAHEAD ONLY, both halves hold	no	{"cut": null, "free": false, "queued": 1}	{"cut": null, "free": false, "queued": 1, "truncated": false}	{"built": null}	{}	Attack(Attack { energy_required: [Grass, Grass], title: "Chase Order", fixed_damage: 70...
8	k3	14	121	state	36	ON THE BOARD	ON THE BOARD	no				{"coin_queued_offered": [36], "coin_queued_offered_any": [36]}	
8	k3	14	122	state	53	ON THE BOARD	ON THE BOARD	no				{"coin_queued_offered": [53], "coin_queued_offered_any": [53]}	
8	k3	14	124	state	63	ON THE BOARD	ON THE BOARD	no				{"coin_queued_offered": [63], "coin_queued_offered_any": [63]}	
8	k3	14	125	lookahead	89	LOOKAHEAD ONLY, both halves hold	LOOKAHEAD ONLY, both halves hold	no	{"cut": null, "free": false, "queued": 1}	{"cut": null, "free": false, "queued": 1, "truncated": false}	{"built": null}	{}	Attack(Attack { energy_required: [Grass, Grass], title: "Chase Order", fixed_damage: 70...
8	k3	14	126	lookahead	102	LOOKAHEAD ONLY, both halves hold	LOOKAHEAD ONLY, both halves hold	no	{"cut": null, "free": false, "queued": 2}	{"cut": null, "free": false, "queued": 2, "truncated": false}	{"built": null}	{}	Attach { attachments: [(1, Grass, 0)], is_turn_energy: true } ; Attack(Attack { energy_required: [Grass, Grass], title: "Chase Order", fixed_damage: 70...
8	k3	14	127	state	51	ON THE BOARD	ON THE BOARD	no				{"coin_queued_offered": [51], "coin_queued_offered_any": [51]}	
8	k3	14	128	lookahead	68	LOOKAHEAD ONLY, both halves hold	LOOKAHEAD ONLY, both halves hold	no	{"cut": null, "free": false, "queued": 2}	{"cut": null, "free": false, "queued": 2, "truncated": false}	{"built": null}	{}	Retreat(3) ; Attack(Attack { energy_required: [Grass, Grass], title: "Chase Order", fixed_damage: 70...
8	k3	14	129	lookahead	76	LOOKAHEAD ONLY, both halves hold	LOOKAHEAD ONLY, both halves hold	no	{"cut": null, "free": false, "queued": 1}	{"cut": null, "free": false, "queued": 1, "truncated": false}	{"built": null}	{}	Attack(Attack { energy_required: [Grass, Grass], title: "Chase Order", fixed_damage: 70...
8	k3	14	130	lookahead	88	LOOKAHEAD ONLY, both halves hold	LOOKAHEAD ONLY, both halves hold	no	{"cut": null, "free": false, "queued": 1}	{"cut": null, "free": false, "queued": 1, "truncated": false}	{"built": null}	{}	Attack(Attack { energy_required: [Grass, Grass], title: "Chase Order", fixed_damage: 70...
8	k3	14	131	state	67	ON THE BOARD	ON THE BOARD	no				{"coin_queued_offered": [67], "coin_queued_offered_any": [67]}	
8	k3	14	132	state	69	ON THE BOARD	ON THE BOARD	no				{"coin_queued_offered": [69], "coin_queued_offered_any": [69]}	
8	k3	14	133	state	37	ON THE BOARD	ON THE BOARD	no				{"coin_queued_offered": [37], "coin_queued_offered_any": [37]}	
8	k3	14	134	state	80	ON THE BOARD	ON THE BOARD	no				{"coin_queued_offered": [80], "coin_queued_offered_any": [80]}	
8	k3	14	136	lookahead	62	LOOKAHEAD ONLY, both halves hold	LOOKAHEAD ONLY, both halves hold	no	{"cut": null, "free": false, "queued": 1}	{"cut": null, "free": false, "queued": 1, "truncated": false}	{"built": null}	{}	Attack(Attack { energy_required: [Grass, Grass], title: "Chase Order", fixed_damage: 70...
8	k3	14	137	state	53	ON THE BOARD	ON THE BOARD	no				{"coin_queued_offered": [53], "coin_queued_offered_any": [53]}	
8	k3	14	139	lookahead	74	LOOKAHEAD ONLY, both halves hold	LOOKAHEAD ONLY, both halves hold	no	{"cut": null, "free": false, "queued": 1}	{"cut": null, "free": false, "queued": 1, "truncated": false}	{"built": null}	{}	Attack(Attack { energy_required: [Grass, Grass], title: "Chase Order", fixed_damage: 70...
8	k3	14	140	state	58	ON THE BOARD	ON THE BOARD	no				{"coin_queued_offered": [58], "coin_queued_offered_any": [58]}	
8	k3	14	141	lookahead	33	LOOKAHEAD ONLY, both halves hold	LOOKAHEAD ONLY, both halves hold	no	{"cut": null, "free": false, "queued": 1}	{"cut": null, "free": false, "queued": 1, "truncated": false}	{"built": null}	{}	Attack(Attack { energy_required: [Grass, Grass], title: "Chase Order", fixed_damage: 70...
8	k3	14	142	state	94	ON THE BOARD	ON THE BOARD	no				{"coin_queued_offered": [94], "coin_queued_offered_any": [94]}	
8	k3	14	143	state	81	ON THE BOARD	ON THE BOARD	no				{"coin_queued_offered": [81], "coin_queued_offered_any": [81]}	
8	k3	14	144	state	90	ON THE BOARD	ON THE BOARD	no				{"coin_queued_offered": [90], "coin_queued_offered_any": [90]}	
8	k3	14	145	state	55	ON THE BOARD	ON THE BOARD	no				{"coin_queued_offered": [55], "coin_queued_offered_any": [55]}	
8	k3	14	146	state	53	ON THE BOARD	ON THE BOARD	no				{"coin_queued_offered": [53], "coin_queued_offered_any": [53]}	
8	k3	14	148	state	57	ON THE BOARD	ON THE BOARD	no				{"coin_queued_offered": [57], "coin_queued_offered_any": [57]}	
8	k3	14	149	state	65	ON THE BOARD	ON THE BOARD	no				{"coin_queued_offered": [65], "coin_queued_offered_any": [65]}	
8	k3	14	150	lookahead	41	LOOKAHEAD ONLY, both halves hold	LOOKAHEAD ONLY, both halves hold	no	{"cut": null, "free": false, "queued": 1}	{"cut": null, "free": false, "queued": 1, "truncated": false}	{"built": null}	{}	Attack(Attack { energy_required: [Grass, Grass], title: "Chase Order", fixed_damage: 70...
8	k3	14	151	state	56	ON THE BOARD	ON THE BOARD	no				{"coin_queued_offered": [56], "coin_queued_offered_any": [56]}	
8	k3	14	152	state	53	ON THE BOARD	ON THE BOARD	no				{"coin_queued_offered": [53], "coin_queued_offered_any": [53]}	
8	k3	14	153	state	53	ON THE BOARD	ON THE BOARD	no				{"coin_queued_offered": [53], "coin_queued_offered_any": [53]}	
8	k3	14	154	state	43	ON THE BOARD	ON THE BOARD	no				{"coin_queued_offered": [43], "coin_queued_offered_any": [43]}	
8	k3	14	155	lookahead	91	LOOKAHEAD ONLY, both halves hold	LOOKAHEAD ONLY, both halves hold	no	{"cut": null, "free": false, "queued": 1}	{"cut": null, "free": false, "queued": 1, "truncated": false}	{"built": null}	{}	Attack(Attack { energy_required: [Grass, Grass], title: "Chase Order", fixed_damage: 70...
8	k3	14	156	state	65	ON THE BOARD	ON THE BOARD	no				{"coin_queued_offered": [65], "coin_queued_offered_any": [65]}	
8	k3	14	157	state	56	ON THE BOARD	ON THE BOARD	no				{"coin_queued_offered": [56], "coin_queued_offered_any": [56]}	
8	k3	14	158	state	71	ON THE BOARD	ON THE BOARD	no				{"coin_queued_offered": [71], "coin_queued_offered_any": [71]}	
8	k3	14	159	lookahead	96	LOOKAHEAD ONLY, both halves hold	LOOKAHEAD ONLY, both halves hold	no	{"cut": null, "free": false, "queued": 1}	{"cut": null, "free": false, "queued": 1, "truncated": false}	{"built": null}	{}	Attack(Attack { energy_required: [Grass, Grass], title: "Chase Order", fixed_damage: 70...
8	k3	14	160	state	106	ON THE BOARD	ON THE BOARD	no				{"coin_queued_offered": [106], "coin_queued_offered_any": [106]}	
8	k3	14	162	lookahead	58	LOOKAHEAD ONLY, both halves hold	LOOKAHEAD ONLY, both halves hold	no	{"cut": null, "free": false, "queued": 1}	{"cut": null, "free": false, "queued": 1, "truncated": false}	{"built": null}	{}	Attack(Attack { energy_required: [Grass, Grass], title: "Chase Order", fixed_damage: 70...
8	k3	14	163	state	45	ON THE BOARD	ON THE BOARD	no				{"coin_queued_offered": [45], "coin_queued_offered_any": [45]}	
8	k3	14	164	state	62	ON THE BOARD	ON THE BOARD	no				{"coin_queued_offered": [62], "coin_queued_offered_any": [62]}	
8	k3	14	165	lookahead	50	LOOKAHEAD ONLY, both halves hold	LOOKAHEAD ONLY, both halves hold	no	{"cut": null, "free": false, "queued": 1}	{"cut": null, "free": false, "queued": 1, "truncated": false}	{"built": null}	{}	Attack(Attack { energy_required: [Grass, Grass], title: "Chase Order", fixed_damage: 70...
8	k3	14	166	state	95	ON THE BOARD	ON THE BOARD	no				{"coin_queued_offered": [95], "coin_queued_offered_any": [95]}	
8	k3	14	167	state	47	ON THE BOARD	ON THE BOARD	no				{"coin_queued_offered": [47], "coin_queued_offered_any": [47]}	
8	k3	14	168	lookahead	62	LOOKAHEAD ONLY, both halves hold	LOOKAHEAD ONLY, both halves hold	no	{"cut": null, "free": false, "queued": 2}	{"cut": null, "free": false, "queued": 2, "truncated": false}	{"built": null}	{}	Retreat(3) ; Attack(Attack { energy_required: [Grass, Grass], title: "Chase Order", fixed_damage: 70...
8	k3	14	169	lookahead	42	LOOKAHEAD ONLY, both halves hold	LOOKAHEAD ONLY, both halves hold	no	{"cut": null, "free": false, "queued": 1}	{"cut": null, "free": false, "queued": 1, "truncated": false}	{"built": null}	{}	Attack(Attack { energy_required: [Grass, Grass], title: "Chase Order", fixed_damage: 70...
8	k3	14	170	state	46	ON THE BOARD	ON THE BOARD	no				{"coin_queued_offered": [46], "coin_queued_offered_any": [46]}	
8	k3	14	172	state	30	ON THE BOARD	ON THE BOARD	no				{"coin_queued_offered": [30], "coin_queued_offered_any": [30]}	
8	k3	14	173	state	91	ON THE BOARD	ON THE BOARD	no				{"coin_queued_offered": [91], "coin_queued_offered_any": [91]}	
8	k3	14	174	state	54	ON THE BOARD	ON THE BOARD	no				{"coin_queued_offered": [54], "coin_queued_offered_any": [54]}	
8	k3	14	175	state	59	ON THE BOARD	ON THE BOARD	no				{"coin_queued_offered": [59], "coin_queued_offered_any": [59]}	
8	k3	14	176	lookahead	34	LOOKAHEAD ONLY, both halves hold	LOOKAHEAD ONLY, both halves hold	no	{"cut": null, "free": false, "queued": 1}	{"cut": null, "free": false, "queued": 1, "truncated": false}	{"built": null}	{}	Attack(Attack { energy_required: [Grass, Grass], title: "Chase Order", fixed_damage: 70...
8	k3	14	177	state	83	ON THE BOARD	ON THE BOARD	no				{"coin_queued_offered": [83], "coin_queued_offered_any": [83]}	
8	k3	14	178	lookahead	102	LOOKAHEAD ONLY, both halves hold	LOOKAHEAD ONLY, both halves hold	no	{"cut": null, "free": false, "queued": 2}	{"cut": null, "free": false, "queued": 2, "truncated": false}	{"built": null}	{}	Retreat(2) ; Attack(Attack { energy_required: [Grass, Grass], title: "Chase Order", fixed_damage: 70...
8	k3	14	179	state	97	ON THE BOARD	ON THE BOARD	no				{"coin_queued_offered": [97], "coin_queued_offered_any": [97]}	
8	k3	14	181	lookahead	32	LOOKAHEAD ONLY, both halves hold	LOOKAHEAD ONLY, both halves hold	no	{"cut": null, "free": false, "queued": 2}	{"cut": null, "free": false, "queued": 2, "truncated": false}	{"built": null}	{}	Attach { attachments: [(1, Grass, 0)], is_turn_energy: true } ; Attack(Attack { energy_required: [Grass, Grass], title: "Chase Order", fixed_damage: 70...
8	k3	14	182	state	64	ON THE BOARD	ON THE BOARD	no				{"coin_queued_offered": [64], "coin_queued_offered_any": [64]}	
8	k3	14	183	lookahead	81	LOOKAHEAD ONLY, both halves hold	LOOKAHEAD ONLY, both halves hold	no	{"cut": null, "free": false, "queued": 2}	{"cut": null, "free": false, "queued": 2, "truncated": false}	{"built": null}	{}	Retreat(3) ; Attack(Attack { energy_required: [Grass, Grass], title: "Chase Order", fixed_damage: 70...
8	k3	14	184	state	55	ON THE BOARD	ON THE BOARD	no				{"coin_queued_offered": [55], "coin_queued_offered_any": [55]}	
8	k3	14	185	state	54	ON THE BOARD	ON THE BOARD	no				{"coin_queued_offered": [54], "coin_queued_offered_any": [54]}	
8	k3	14	186	state	61	ON THE BOARD	ON THE BOARD	no				{"coin_queued_offered": [61], "coin_queued_offered_any": [61]}	
8	k3	14	187	state	73	ON THE BOARD	ON THE BOARD	no				{"coin_queued_offered": [73], "coin_queued_offered_any": [73]}	
8	k3	14	188	state	60	ON THE BOARD	ON THE BOARD	no				{"coin_queued_offered": [60], "coin_queued_offered_any": [60]}	
8	k3	14	189	state	92	ON THE BOARD	ON THE BOARD	no				{"coin_queued_offered": [92], "coin_queued_offered_any": [92]}	
8	k3	14	190	state	87	ON THE BOARD	ON THE BOARD	no				{"coin_queued_offered": [87], "coin_queued_offered_any": [87]}	
8	k3	14	191	state	45	ON THE BOARD	ON THE BOARD	no				{"coin_queued_offered": [45], "coin_queued_offered_any": [45]}	
8	k3	14	192	lookahead	85	LOOKAHEAD ONLY, both halves hold	LOOKAHEAD ONLY, both halves hold	no	{"cut": null, "free": false, "queued": 2}	{"cut": null, "free": false, "queued": 2, "truncated": false}	{"built": null}	{}	Retreat(2) ; Attack(Attack { energy_required: [Grass, Grass], title: "Chase Order", fixed_damage: 70...
8	k3	14	194	state	61	ON THE BOARD	ON THE BOARD	no				{"coin_queued_offered": [61], "coin_queued_offered_any": [61]}	
8	k3	14	195	lookahead	46	LOOKAHEAD ONLY, both halves hold	LOOKAHEAD ONLY, both halves hold	no	{"cut": null, "free": false, "queued": 1}	{"cut": null, "free": false, "queued": 1, "truncated": false}	{"built": null}	{}	Attack(Attack { energy_required: [Grass, Grass], title: "Chase Order", fixed_damage: 70...
8	k3	14	197	state	73	ON THE BOARD	ON THE BOARD	no				{"coin_queued_offered": [73], "coin_queued_offered_any": [73]}	
8	k3	14	199	state	95	ON THE BOARD	ON THE BOARD	no				{"coin_queued_offered": [95], "coin_queued_offered_any": [95]}	
8	k3	14	201	state	63	ON THE BOARD	ON THE BOARD	no				{"coin_queued_offered": [63], "coin_queued_offered_any": [63]}	
8	k3	14	202	state	110	ON THE BOARD	ON THE BOARD	no				{"coin_queued_offered": [110], "coin_queued_offered_any": [110]}	
8	k3	14	203	state	51	ON THE BOARD	ON THE BOARD	no				{"coin_queued_offered": [51], "coin_queued_offered_any": [51]}	
8	k3	14	204	state	36	ON THE BOARD	ON THE BOARD	no				{"coin_queued_offered": [36], "coin_queued_offered_any": [36]}	
8	k3	14	205	state	58	ON THE BOARD	ON THE BOARD	no				{"coin_queued_offered": [58], "coin_queued_offered_any": [58]}	
8	k3	14	206	lookahead	83	LOOKAHEAD ONLY, both halves hold	LOOKAHEAD ONLY, both halves hold	no	{"cut": null, "free": false, "queued": 1}	{"cut": null, "free": false, "queued": 1, "truncated": false}	{"built": null}	{}	Attack(Attack { energy_required: [Grass, Grass], title: "Chase Order", fixed_damage: 70...
8	k3	14	207	state	44	ON THE BOARD	ON THE BOARD	no				{"coin_queued_offered": [44], "coin_queued_offered_any": [44]}	
8	k3	14	208	state	74	ON THE BOARD	ON THE BOARD	no				{"coin_queued_offered": [74], "coin_queued_offered_any": [74]}	
8	k3	14	210	lookahead	42	LOOKAHEAD ONLY, both halves hold	LOOKAHEAD ONLY, both halves hold	no	{"cut": null, "free": false, "queued": 2}	{"cut": null, "free": false, "queued": 2, "truncated": false}	{"built": null}	{}	Attach { attachments: [(1, Grass, 0)], is_turn_energy: true } ; Attack(Attack { energy_required: [Grass, Grass], title: "Chase Order", fixed_damage: 70...
8	k3	14	211	lookahead	36	LOOKAHEAD ONLY, both halves hold	LOOKAHEAD ONLY, both halves hold	no	{"cut": null, "free": false, "queued": 1}	{"cut": null, "free": false, "queued": 1, "truncated": false}	{"built": null}	{}	Attack(Attack { energy_required: [Grass, Grass], title: "Chase Order", fixed_damage: 70...
8	k3	14	212	lookahead	95	LOOKAHEAD ONLY, both halves hold	LOOKAHEAD ONLY, both halves hold	no	{"cut": null, "free": false, "queued": 1}	{"cut": null, "free": false, "queued": 1, "truncated": false}	{"built": null}	{}	Attack(Attack { energy_required: [Grass, Grass], title: "Chase Order", fixed_damage: 70...
8	k3	14	213	state	72	ON THE BOARD	ON THE BOARD	no				{"coin_queued_offered": [72], "coin_queued_offered_any": [72]}	
8	k3	14	214	lookahead	52	LOOKAHEAD ONLY, both halves hold	LOOKAHEAD ONLY, both halves hold	no	{"cut": null, "free": false, "queued": 1}	{"cut": null, "free": false, "queued": 1, "truncated": false}	{"built": null}	{}	Attack(Attack { energy_required: [Grass, Grass], title: "Chase Order", fixed_damage: 70...
8	k3	14	215	state	91	ON THE BOARD	ON THE BOARD	no				{"coin_queued_offered": [91], "coin_queued_offered_any": [91]}	
8	k3	14	216	lookahead	112	LOOKAHEAD ONLY, both halves hold	LOOKAHEAD ONLY, both halves hold	no	{"cut": null, "free": false, "queued": 1}	{"cut": null, "free": false, "queued": 1, "truncated": false}	{"built": null}	{}	Attack(Attack { energy_required: [Grass, Grass], title: "Chase Order", fixed_damage: 70...
8	k3	14	217	state	75	ON THE BOARD	ON THE BOARD	no				{"coin_queued_offered": [75], "coin_queued_offered_any": [75]}	
8	k3	14	218	state	57	ON THE BOARD	ON THE BOARD	no				{"coin_queued_offered": [57], "coin_queued_offered_any": [57]}	
8	k3	14	220	state	35	ON THE BOARD	ON THE BOARD	no				{"coin_queued_offered": [35], "coin_queued_offered_any": [35]}	
8	k3	14	221	lookahead	57	LOOKAHEAD ONLY, both halves hold	LOOKAHEAD ONLY, both halves hold	no	{"cut": null, "free": false, "queued": 2}	{"cut": null, "free": false, "queued": 2, "truncated": false}	{"built": null}	{}	Retreat(3) ; Attack(Attack { energy_required: [Grass, Grass], title: "Chase Order", fixed_damage: 70...
8	k3	14	222	state	42	ON THE BOARD	ON THE BOARD	no				{"coin_queued_offered": [42], "coin_queued_offered_any": [42]}	
8	k3	14	223	lookahead	58	LOOKAHEAD ONLY, both halves hold	LOOKAHEAD ONLY, both halves hold	no	{"cut": null, "free": false, "queued": 1}	{"cut": null, "free": false, "queued": 1, "truncated": false}	{"built": null}	{}	Attack(Attack { energy_required: [Grass, Grass], title: "Chase Order", fixed_damage: 70...
8	k3	14	224	lookahead	27	LOOKAHEAD ONLY, both halves hold	LOOKAHEAD ONLY, both halves hold	no	{"cut": null, "free": false, "queued": 2}	{"cut": null, "free": false, "queued": 2, "truncated": false}	{"built": null}	{}	Attach { attachments: [(1, Grass, 0)], is_turn_energy: true } ; Attack(Attack { energy_required: [Grass, Grass], title: "Chase Order", fixed_damage: 70...
8	k3	14	225	state	66	ON THE BOARD	ON THE BOARD	no				{"coin_queued_offered": [66], "coin_queued_offered_any": [66]}	
8	k3	14	226	state	31	ON THE BOARD	ON THE BOARD	no				{"coin_queued_offered": [31], "coin_queued_offered_any": [31]}	
8	k3	14	228	lookahead	106	LOOKAHEAD ONLY, both halves hold	LOOKAHEAD ONLY, both halves hold	no	{"cut": null, "free": false, "queued": 1}	{"cut": null, "free": false, "queued": 1, "truncated": false}	{"built": null}	{}	Attack(Attack { energy_required: [Grass, Grass], title: "Chase Order", fixed_damage: 70...
8	k3	14	229	state	109	ON THE BOARD	ON THE BOARD	no				{"coin_queued_offered": [109], "coin_queued_offered_any": [109]}	
8	k3	14	230	state	81	ON THE BOARD	ON THE BOARD	no				{"coin_queued_offered": [81], "coin_queued_offered_any": [81]}	
8	k3	14	231	lookahead	45	LOOKAHEAD ONLY, both halves hold	LOOKAHEAD ONLY, both halves hold	no	{"cut": null, "free": false, "queued": 1}	{"cut": null, "free": false, "queued": 1, "truncated": false}	{"built": null}	{}	Attack(Attack { energy_required: [Grass, Grass], title: "Chase Order", fixed_damage: 70...
8	k3	14	232	state	71	ON THE BOARD	ON THE BOARD	no				{"coin_queued_offered": [71], "coin_queued_offered_any": [71]}	
8	k3	14	233	state	56	ON THE BOARD	ON THE BOARD	no				{"coin_queued_offered": [56], "coin_queued_offered_any": [56]}	
8	k3	14	234	state	41	ON THE BOARD	ON THE BOARD	no				{"coin_queued_offered": [41], "coin_queued_offered_any": [41]}	
8	k3	14	235	state	39	ON THE BOARD	ON THE BOARD	no				{"coin_queued_offered": [39], "coin_queued_offered_any": [39]}	
8	k3	14	236	state	37	ON THE BOARD	ON THE BOARD	no				{"coin_queued_offered": [37], "coin_queued_offered_any": [37]}	
8	k3	14	237	state	76	ON THE BOARD	ON THE BOARD	no				{"coin_queued_offered": [76], "coin_queued_offered_any": [76]}	
8	k3	14	238	state	39	ON THE BOARD	ON THE BOARD	no				{"coin_queued_offered": [39], "coin_queued_offered_any": [39]}	
8	k3	14	240	state	50	ON THE BOARD	ON THE BOARD	no				{"coin_queued_offered": [50], "coin_queued_offered_any": [50]}	
8	k3	14	241	lookahead	79	LOOKAHEAD ONLY, both halves hold	LOOKAHEAD ONLY, both halves hold	no	{"cut": null, "free": false, "queued": 1}	{"cut": null, "free": false, "queued": 1, "truncated": false}	{"built": null}	{}	Attack(Attack { energy_required: [Grass, Grass], title: "Chase Order", fixed_damage: 70...
8	k3	14	242	lookahead	59	LOOKAHEAD ONLY, both halves hold	LOOKAHEAD ONLY, both halves hold	no	{"cut": null, "free": false, "queued": 2}	{"cut": null, "free": false, "queued": 2, "truncated": false}	{"built": null}	{}	Retreat(2) ; Attack(Attack { energy_required: [Grass, Grass], title: "Chase Order", fixed_damage: 70...
8	k3	14	243	state	99	ON THE BOARD	ON THE BOARD	no				{"coin_queued_offered": [99], "coin_queued_offered_any": [99]}	
8	k3	14	244	state	58	ON THE BOARD	ON THE BOARD	no				{"coin_queued_offered": [58], "coin_queued_offered_any": [58]}	
8	k3	14	245	state	39	ON THE BOARD	ON THE BOARD	no				{"coin_queued_offered": [39], "coin_queued_offered_any": [39]}	
8	k3	14	247	state	97	ON THE BOARD	ON THE BOARD	no				{"coin_queued_offered": [97], "coin_queued_offered_any": [97]}	
8	k3	14	248	lookahead	53	LOOKAHEAD ONLY, both halves hold	LOOKAHEAD ONLY, both halves hold	no	{"cut": null, "free": false, "queued": 1}	{"cut": null, "free": false, "queued": 1, "truncated": false}	{"built": null}	{}	Attack(Attack { energy_required: [Grass, Grass], title: "Chase Order", fixed_damage: 70...
8	km3	17	19	state	56	ON THE BOARD	ON THE BOARD	no				{"coin_cut_recorded": [56], "coin_queued_offered": [56], "coin_queued_offered_any": [56]}	
8	km3	17	40	lookahead	72	LOOKAHEAD ONLY, both halves hold	LOOKAHEAD ONLY, both halves hold	no	{"cut": 3, "free": true, "queued": 2}	{"cut": 2, "free": true, "queued": 2, "truncated": false}	{"built": null}	{}	Retreat(3) ; Attack(Attack { energy_required: [Fire], title: "Tongue Whip", fixed_damage: 0, effect:...
8	km3	17	57	lookahead	33	LOOKAHEAD ONLY, both halves hold	LOOKAHEAD ONLY, both halves hold	no	{"cut": 2, "free": false, "queued": 1}	{"cut": 2, "free": false, "queued": 1, "truncated": false}	{"built": null}	{}	Attack(Attack { energy_required: [Fire], title: "Tongue Whip", fixed_damage: 0, effect:...
8	km3	17	67	state	41	ON THE BOARD	ON THE BOARD	no				{"coin_queued_offered": [41], "coin_queued_offered_any": [41]}	
8	km3	17	102	state	38	ON THE BOARD	ON THE BOARD	no				{"coin_queued_offered": [38], "coin_queued_offered_any": [38]}	
8	km3	17	112	state	37	ON THE BOARD	ON THE BOARD	no				{"coin_queued_offered": [37], "coin_queued_offered_any": [37]}	
8	km3	17	118	state	81	ON THE BOARD	ON THE BOARD	no				{"coin_cut_recorded": [81], "coin_queued_offered": [81], "coin_queued_offered_any": [81]}	
8	km3	17	124	lookahead	54	LOOKAHEAD ONLY, both halves hold	LOOKAHEAD ONLY, both halves hold	no	{"cut": 2, "free": false, "queued": 1}	{"cut": 2, "free": false, "queued": 1, "truncated": false}	{"built": null}	{}	Attack(Attack { energy_required: [Fire], title: "Tongue Whip", fixed_damage: 0, effect:...
8	km3	17	127	state	33	ON THE BOARD	ON THE BOARD	no				{"coin_queued_offered": [33], "coin_queued_offered_any": [33]}	
8	km3	17	129	state	41	ON THE BOARD	ON THE BOARD	no				{"coin_queued_offered": [41], "coin_queued_offered_any": [41]}	
8	km3	17	166	state	98	ON THE BOARD	ON THE BOARD	no				{"coin_cut_recorded": [98], "coin_queued_offered": [98], "coin_queued_offered_any": [98]}	
8	km3	17	179	state	72	ON THE BOARD	ON THE BOARD	no				{"coin_queued_offered": [72], "coin_queued_offered_any": [72]}	
8	km3	17	184	lookahead	25	LOOKAHEAD ONLY, both halves hold	LOOKAHEAD ONLY, both halves hold	no	{"cut": 2, "free": true, "queued": 1}	{"cut": 1, "free": true, "queued": 1, "truncated": false}	{"built": null}	{}	Attack(Attack { energy_required: [Fire], title: "Tongue Whip", fixed_damage: 0, effect:...
8	km3	17	226	state	53	ON THE BOARD	ON THE BOARD	no				{"coin_cut_recorded": [53], "coin_queued_offered": [53], "coin_queued_offered_any": [53]}	
8	km3	17	228	state	81	ON THE BOARD	ON THE BOARD	no				{"coin_cut_recorded": [81], "coin_queued_offered": [81], "coin_queued_offered_any": [81]}	
8	km3	17	242	lookahead	68	LOOKAHEAD ONLY, both halves hold	LOOKAHEAD ONLY, both halves hold	no	{"cut": 1, "free": true, "queued": 2}	{"cut": 1, "free": true, "queued": 2, "truncated": false}	{"built": null}	{}	Retreat(3) ; Attack(Attack { energy_required: [Fire], title: "Tongue Whip", fixed_damage: 0, effect:...
8	km3	17	258	state	37	ON THE BOARD	ON THE BOARD	no				{"coin_queued_offered": [37], "coin_queued_offered_any": [37]}	
8	km3	17	274	state	75	ON THE BOARD	ON THE BOARD	no				{"coin_cut_recorded": [75], "coin_queued_offered": [75], "coin_queued_offered_any": [75]}	
8	km3	17	298	state	69	ON THE BOARD	ON THE BOARD	no				{"coin_cut_recorded": [69], "coin_queued_offered": [69], "coin_queued_offered_any": [69]}	
8	km3	17	315	state	76	ON THE BOARD	ON THE BOARD	no				{"coin_cut_recorded": [76], "coin_queued_offered": [76], "coin_queued_offered_any": [76]}	
8	km3	17	317	state	59	ON THE BOARD	ON THE BOARD	no				{"coin_cut_recorded": [59], "coin_queued_offered": [59], "coin_queued_offered_any": [59]}	
8	km3	17	333	lookahead	41	LOOKAHEAD ONLY, both halves hold	LOOKAHEAD ONLY, both halves hold	no	{"cut": 2, "free": false, "queued": 1}	{"cut": 2, "free": false, "queued": 1, "truncated": false}	{"built": null}	{}	Attack(Attack { energy_required: [Fire], title: "Tongue Whip", fixed_damage: 0, effect:...
8	km3	17	357	lookahead	45	LOOKAHEAD ONLY, both halves hold	LOOKAHEAD ONLY, both halves hold	no	{"cut": 2, "free": false, "queued": 1}	{"cut": 2, "free": false, "queued": 1, "truncated": false}	{"built": null}	{}	Attack(Attack { energy_required: [Fire], title: "Tongue Whip", fixed_damage: 0, effect:...
8	km3	17	378	lookahead	72	LOOKAHEAD ONLY, both halves hold	LOOKAHEAD ONLY, both halves hold	no	{"cut": 1, "free": true, "queued": 3}	{"cut": 1, "free": true, "queued": 3, "truncated": false}	{"built": null}	{}	Attach { attachments: [(1, Fire, 3)], is_turn_energy: true } ; Retreat(3) ; Attack(Attack { energy_required: [Fire], title: "Tongue Whip", fixed_damage: 0, effect:...
8	km3	17	393	lookahead	26	LOOKAHEAD ONLY, both halves hold	LOOKAHEAD ONLY, both halves hold	no	{"cut": null, "free": true, "queued": 3}	{"cut": 3, "free": true, "queued": 3, "truncated": false}	{"built": null}	{}	Attach { attachments: [(1, Fire, 3)], is_turn_energy: true } ; Retreat(3) ; Attack(Attack { energy_required: [Fire], title: "Tongue Whip", fixed_damage: 0, effect:...
8	km3	17	409	lookahead	45	LOOKAHEAD ONLY, both halves hold	LOOKAHEAD ONLY, both halves hold	no	{"cut": 2, "free": false, "queued": 1}	{"cut": 2, "free": false, "queued": 1, "truncated": false}	{"built": null}	{}	Attack(Attack { energy_required: [Fire], title: "Tongue Whip", fixed_damage: 0, effect:...
8	km3	17	412	state	42	ON THE BOARD	ON THE BOARD	no				{"coin_queued_offered": [42], "coin_queued_offered_any": [42]}	
8	km3	17	428	state	29	ON THE BOARD	ON THE BOARD	no				{"coin_queued_offered": [29], "coin_queued_offered_any": [29]}	
8	km3	17	455	state	80	ON THE BOARD	ON THE BOARD	no				{"coin_cut_recorded": [80], "coin_queued_offered": [80], "coin_queued_offered_any": [80]}	
8	km3	17	477	state	67	ON THE BOARD	ON THE BOARD	no				{"coin_cut_recorded": [67], "coin_queued_offered": [67], "coin_queued_offered_any": [67]}	
8	km3	17	498	lookahead	122	LOOKAHEAD ONLY, both halves hold	LOOKAHEAD ONLY, both halves hold	no	{"cut": 2, "free": true, "queued": 3}	{"cut": 2, "free": true, "queued": 3, "truncated": false}	{"built": null}	{}	Attach { attachments: [(1, Fire, 3)], is_turn_energy: true } ; Retreat(3) ; Attack(Attack { energy_required: [Fire], title: "Tongue Whip", fixed_damage: 0, effect:...
8	k3	17	5	lookahead	92	LOOKAHEAD ONLY, both halves hold	LOOKAHEAD ONLY, both halves hold	no	{"cut": 2, "free": true, "queued": 3}	{"cut": 2, "free": true, "queued": 3, "truncated": false}	{"built": null}	{}	Attach { attachments: [(1, Fire, 2)], is_turn_energy: true } ; Retreat(2) ; Attack(Attack { energy_required: [Fire], title: "Tongue Whip", fixed_damage: 0, effect:...
8	k3	17	15	state	46	ON THE BOARD	ON THE BOARD	no				{"coin_queued_offered": [46], "coin_queued_offered_any": [46]}	
8	k3	17	20	state	29	ON THE BOARD	ON THE BOARD	no				{"coin_cut_recorded": [29], "coin_queued_offered": [29], "coin_queued_offered_any": [29]}	
8	k3	17	40	state	69	ON THE BOARD	ON THE BOARD	no				{"coin_cut_recorded": [69], "coin_queued_offered": [69], "coin_queued_offered_any": [69]}	
8	k3	17	45	state	31	ON THE BOARD	ON THE BOARD	no				{"coin_queued_offered": [31], "coin_queued_offered_any": [31]}	
8	k3	17	55	lookahead	68	LOOKAHEAD ONLY, both halves hold	LOOKAHEAD ONLY, both halves hold	no	{"cut": 1, "free": true, "queued": 3}	{"cut": 1, "free": true, "queued": 3, "truncated": false}	{"built": null}	{}	Attach { attachments: [(1, Fire, 2)], is_turn_energy: true } ; Retreat(2) ; Attack(Attack { energy_required: [Fire], title: "Tongue Whip", fixed_damage: 0, effect:...
8	k3	17	63	lookahead	45	LOOKAHEAD ONLY, both halves hold	LOOKAHEAD ONLY, both halves hold	no	{"cut": 3, "free": false, "queued": 2}	{"cut": 3, "free": false, "queued": 2, "truncated": false}	{"built": null}	{}	Retreat(1) ; Attack(Attack { energy_required: [Fire], title: "Tongue Whip", fixed_damage: 0, effect:...
8	k3	17	67	lookahead	35	LOOKAHEAD ONLY, both halves hold	LOOKAHEAD ONLY, both halves hold	no	{"cut": 3, "free": true, "queued": 2}	{"cut": 2, "free": true, "queued": 2, "truncated": false}	{"built": null}	{}	Play { trainer_card: B1 217 Flame Patch } ; Attack(Attack { energy_required: [Fire], title: "Tongue Whip", fixed_damage: 0, effect:...
8	k3	17	73	lookahead	73	LOOKAHEAD ONLY, both halves hold	LOOKAHEAD ONLY, both halves hold	no	{"cut": null, "free": true, "queued": 3}	{"cut": 3, "free": true, "queued": 3, "truncated": false}	{"built": null}	{}	Attach { attachments: [(1, Fire, 3)], is_turn_energy: true } ; Retreat(3) ; Attack(Attack { energy_required: [Fire], title: "Tongue Whip", fixed_damage: 0, effect:...
8	k3	17	90	lookahead	96	LOOKAHEAD ONLY, both halves hold	LOOKAHEAD ONLY, both halves hold	no	{"cut": 3, "free": false, "queued": 2}	{"cut": 3, "free": false, "queued": 2, "truncated": false}	{"built": null}	{}	Retreat(3) ; Attack(Attack { energy_required: [Fire], title: "Tongue Whip", fixed_damage: 0, effect:...
8	k3	17	105	state	62	ON THE BOARD	ON THE BOARD	no				{"coin_cut_recorded": [62], "coin_queued_offered": [62], "coin_queued_offered_any": [62]}	
8	k3	17	112	state	37	ON THE BOARD	ON THE BOARD	no				{"coin_queued_offered": [37], "coin_queued_offered_any": [37]}	
8	k3	17	127	state	29	ON THE BOARD	ON THE BOARD	no				{"coin_queued_offered": [29], "coin_queued_offered_any": [29]}	
8	k3	17	132	state	75	ON THE BOARD	ON THE BOARD	no				{"coin_cut_recorded": [75], "coin_queued_offered": [75], "coin_queued_offered_any": [75]}	
8	k3	17	136	state	41	ON THE BOARD	ON THE BOARD	no				{"coin_queued_offered": [41], "coin_queued_offered_any": [41]}	
8	k3	17	140	state	48	ON THE BOARD	ON THE BOARD	no				{"coin_cut_recorded": [48], "coin_queued_offered": [48], "coin_queued_offered_any": [48]}	
8	k3	17	145	state	68	ON THE BOARD	ON THE BOARD	no				{"coin_cut_recorded": [68], "coin_queued_offered": [68], "coin_queued_offered_any": [68]}	
8	k3	17	184	lookahead	23	LOOKAHEAD ONLY, both halves hold	LOOKAHEAD ONLY, both halves hold	no	{"cut": 2, "free": true, "queued": 1}	{"cut": 1, "free": true, "queued": 1, "truncated": false}	{"built": null}	{}	Attack(Attack { energy_required: [Fire], title: "Tongue Whip", fixed_damage: 0, effect:...
8	k3	17	200	lookahead	68	LOOKAHEAD ONLY, both halves hold	LOOKAHEAD ONLY, both halves hold	no	{"cut": 2, "free": false, "queued": 1}	{"cut": 2, "free": false, "queued": 1, "truncated": false}	{"built": null}	{}	Attack(Attack { energy_required: [Fire], title: "Tongue Whip", fixed_damage: 0, effect:...
8	k3	17	210	state	38	ON THE BOARD	ON THE BOARD	no				{"coin_queued_offered": [38], "coin_queued_offered_any": [38]}	
8	k3	17	217	state	36	ON THE BOARD	ON THE BOARD	no				{"coin_cut_recorded": [36], "coin_queued_offered": [36], "coin_queued_offered_any": [36]}	
8	k3	17	222	lookahead	98	LOOKAHEAD ONLY, both halves hold	LOOKAHEAD ONLY, both halves hold	no	{"cut": 3, "free": false, "queued": 2}	{"cut": 3, "free": false, "queued": 2, "truncated": false}	{"built": null}	{}	Retreat(3) ; Attack(Attack { energy_required: [Fire], title: "Tongue Whip", fixed_damage: 0, effect:...
8	k3	17	229	state	61	ON THE BOARD	ON THE BOARD	no				{"coin_cut_recorded": [61], "coin_queued_offered": [61], "coin_queued_offered_any": [61]}	
8	k3	17	242	state	30	ON THE BOARD	ON THE BOARD	no				{"coin_cut_recorded": [30], "coin_queued_offered": [30], "coin_queued_offered_any": [30]}	
8	km3	18	17	state	78	ON THE BOARD	ON THE BOARD	no				{"coin_cut_recorded": [77]}	
8	km3	18	18	state	43	ON THE BOARD	ON THE BOARD	no				{"coin_cut_recorded": [42]}	
8	km3	18	19	state	88	ON THE BOARD	ON THE BOARD	no				{"coin_cut_recorded": [87]}	
8	km3	18	38	state	36	ON THE BOARD	ON THE BOARD	no				{"coin_cut_recorded": [35]}	
8	km3	18	52	state	68	ON THE BOARD	ON THE BOARD	no				{"coin_cut_recorded": [67]}	
8	km3	18	73	state	72	ON THE BOARD	ON THE BOARD	no				{"coin_cut_recorded": [71]}	
8	km3	18	82	state	68	ON THE BOARD	ON THE BOARD	no				{"coin_cut_recorded": [67]}	
8	km3	18	85	state	78	ON THE BOARD	ON THE BOARD	no				{"coin_cut_recorded": [77]}	
8	km3	18	91	state	79	ON THE BOARD	ON THE BOARD	no				{"coin_cut_recorded": [78]}	
8	km3	18	95	state	106	ON THE BOARD	ON THE BOARD	no				{"coin_cut_recorded": [105]}	
8	km3	18	98	state	83	ON THE BOARD	ON THE BOARD	no				{"coin_cut_recorded": [82]}	
8	km3	18	101	state	75	ON THE BOARD	ON THE BOARD	no				{"coin_cut_recorded": [74]}	
8	km3	18	112	state	87	ON THE BOARD	ON THE BOARD	no				{"coin_cut_recorded": [86]}	
8	km3	18	114	state	77	ON THE BOARD	ON THE BOARD	no				{"coin_cut_recorded": [76]}	
8	km3	18	127	state	103	ON THE BOARD	ON THE BOARD	no				{"coin_cut_recorded": [102]}	
8	km3	18	142	state	86	ON THE BOARD	ON THE BOARD	no				{"coin_cut_recorded": [85]}	
8	km3	18	164	state	89	ON THE BOARD	ON THE BOARD	no				{"coin_cut_recorded": [88]}	
8	km3	18	166	state	90	ON THE BOARD	ON THE BOARD	no				{"coin_cut_recorded": [89]}	
8	km3	18	169	state	88	ON THE BOARD	ON THE BOARD	no				{"coin_cut_recorded": [87]}	
8	km3	18	171	state	43	ON THE BOARD	ON THE BOARD	no				{"coin_cut_recorded": [42]}	
8	km3	18	176	state	50	ON THE BOARD	ON THE BOARD	no				{"coin_cut_recorded": [49]}	
8	km3	18	185	state	64	ON THE BOARD	ON THE BOARD	no				{"coin_cut_recorded": [63]}	
8	km3	18	186	state	90	ON THE BOARD	ON THE BOARD	no				{"coin_cut_recorded": [89]}	
8	km3	18	196	state	82	ON THE BOARD	ON THE BOARD	no				{"coin_cut_recorded": [81]}	
8	km3	18	203	state	34	ON THE BOARD	ON THE BOARD	no				{"coin_cut_recorded": [33]}	
8	km3	18	210	state	72	ON THE BOARD	ON THE BOARD	no				{"coin_cut_recorded": [71]}	
8	km3	18	217	state	93	ON THE BOARD	ON THE BOARD	no				{"coin_cut_recorded": [92]}	
8	km3	18	231	state	78	ON THE BOARD	ON THE BOARD	no				{"coin_cut_recorded": [77]}	
8	km3	18	240	state	109	ON THE BOARD	ON THE BOARD	no				{"coin_cut_recorded": [108]}	
8	km3	18	251	state	89	ON THE BOARD	ON THE BOARD	no				{"coin_cut_recorded": [88]}	
8	km3	18	259	state	84	ON THE BOARD	ON THE BOARD	no				{"coin_cut_recorded": [83]}	
8	km3	18	263	state	64	ON THE BOARD	ON THE BOARD	no				{"coin_cut_recorded": [63]}	
8	km3	18	270	state	114	ON THE BOARD	ON THE BOARD	no				{"coin_cut_recorded": [113]}	
8	km3	18	293	state	83	ON THE BOARD	ON THE BOARD	no				{"coin_cut_recorded": [82]}	
8	km3	18	295	state	48	ON THE BOARD	ON THE BOARD	no				{"coin_cut_recorded": [47]}	
8	km3	18	298	state	30	ON THE BOARD	ON THE BOARD	no				{"coin_cut_recorded": [29]}	
8	km3	18	300	state	62	ON THE BOARD	ON THE BOARD	no				{"coin_cut_recorded": [61]}	
8	km3	18	303	state	128	ON THE BOARD	ON THE BOARD	no				{"coin_cut_recorded": [127]}	
8	km3	18	315	state	86	ON THE BOARD	ON THE BOARD	no				{"coin_cut_recorded": [85]}	
8	km3	18	333	state	75	ON THE BOARD	ON THE BOARD	no				{"coin_cut_recorded": [74]}	
8	km3	18	339	state	100	ON THE BOARD	ON THE BOARD	no				{"coin_cut_recorded": [99]}	
8	km3	18	360	state	52	ON THE BOARD	ON THE BOARD	no				{"coin_cut_recorded": [51]}	
8	km3	18	361	state	69	ON THE BOARD	ON THE BOARD	no				{"coin_cut_recorded": [68]}	
8	km3	18	364	state	79	ON THE BOARD	ON THE BOARD	no				{"coin_cut_recorded": [78]}	
8	km3	18	366	state	95	ON THE BOARD	ON THE BOARD	no				{"coin_cut_recorded": [94]}	
8	km3	18	374	state	79	ON THE BOARD	ON THE BOARD	no				{"coin_cut_recorded": [78]}	
8	km3	18	389	state	84	ON THE BOARD	ON THE BOARD	no				{"coin_cut_recorded": [83]}	
8	km3	18	390	state	67	ON THE BOARD	ON THE BOARD	no				{"coin_cut_recorded": [66]}	
8	km3	18	396	state	70	ON THE BOARD	ON THE BOARD	no				{"coin_cut_recorded": [69]}	
8	km3	18	400	state	29	ON THE BOARD	ON THE BOARD	no				{"coin_cut_recorded": [28]}	
8	km3	18	407	state	75	ON THE BOARD	ON THE BOARD	no				{"coin_cut_recorded": [74]}	
8	km3	18	409	state	78	ON THE BOARD	ON THE BOARD	no				{"coin_cut_recorded": [77]}	
8	km3	18	411	state	68	ON THE BOARD	ON THE BOARD	no				{"coin_cut_recorded": [67]}	
8	km3	18	423	state	63	ON THE BOARD	ON THE BOARD	no				{"coin_cut_recorded": [62]}	
8	km3	18	428	state	64	ON THE BOARD	ON THE BOARD	no				{"coin_cut_recorded": [63]}	
8	km3	18	431	state	50	ON THE BOARD	ON THE BOARD	no				{"coin_cut_recorded": [49]}	
8	km3	18	434	state	94	ON THE BOARD	ON THE BOARD	no				{"coin_cut_recorded": [93]}	
8	km3	18	442	state	92	ON THE BOARD	ON THE BOARD	no				{"coin_cut_recorded": [91]}	
8	km3	18	460	state	45	ON THE BOARD	ON THE BOARD	no				{"coin_cut_recorded": [44]}	
8	km3	18	462	state	86	ON THE BOARD	ON THE BOARD	no				{"coin_cut_recorded": [85]}	
8	km3	18	486	state	78	ON THE BOARD	ON THE BOARD	no				{"coin_cut_recorded": [77]}	
8	km3	18	487	state	117	ON THE BOARD	ON THE BOARD	no				{"coin_cut_recorded": [116]}	
8	k3	18	49	state	82	ON THE BOARD	ON THE BOARD	no				{"coin_cut_recorded": [81]}	
8	k3	18	106	state	61	ON THE BOARD	ON THE BOARD	no				{"coin_cut_recorded": [60]}	
8	k3	18	113	state	82	ON THE BOARD	ON THE BOARD	no				{"coin_cut_recorded": [81]}	
8	k3	18	145	state	89	ON THE BOARD	ON THE BOARD	no				{"coin_cut_recorded": [88]}	
8	k3	18	152	state	84	ON THE BOARD	ON THE BOARD	no				{"coin_cut_recorded": [83]}	
8	k3	18	154	state	63	ON THE BOARD	ON THE BOARD	no				{"coin_cut_recorded": [62]}	
8	k3	18	173	state	49	ON THE BOARD	ON THE BOARD	no				{"coin_cut_recorded": [48]}	
8	k3	18	174	state	77	ON THE BOARD	ON THE BOARD	no				{"coin_cut_recorded": [76]}	
8	k3	18	180	state	116	ON THE BOARD	ON THE BOARD	no				{"coin_cut_recorded": [115]}	
8	k3	18	210	state	67	ON THE BOARD	ON THE BOARD	no				{"coin_cut_recorded": [66]}	
8	k3	18	229	state	59	ON THE BOARD	ON THE BOARD	no				{"coin_cut_recorded": [58]}	
8	k3	18	241	state	67	ON THE BOARD	ON THE BOARD	no				{"coin_cut_recorded": [66]}	
8	km3	19	17	state	35	ON THE BOARD	ON THE BOARD	no				{"coin_queued_offered": [35], "coin_queued_offered_any": [35]}	
8	km3	19	22	state	43	ON THE BOARD	ON THE BOARD	no				{"coin_queued_offered": [43], "coin_queued_offered_any": [43]}	
8	km3	19	26	state	46	ON THE BOARD	ON THE BOARD	no				{"coin_cut_recorded": [46], "coin_queued_offered": [46], "coin_queued_offered_any": [46]}	
8	km3	19	27	state	96	ON THE BOARD	ON THE BOARD	no				{"coin_cut_recorded": [96], "coin_queued_offered": [96], "coin_queued_offered_any": [96]}	
8	km3	19	36	state	40	ON THE BOARD	ON THE BOARD	no				{"coin_queued_offered": [40], "coin_queued_offered_any": [40]}	
8	km3	19	39	lookahead	33	LOOKAHEAD ONLY, both halves hold	LOOKAHEAD ONLY, both halves hold	no	{"cut": 2, "free": true, "queued": 1}	{"cut": 1, "free": true, "queued": 1, "truncated": false}	{"built": null}	{}	Attack(Attack { energy_required: [Fighting], title: "Stretch Kick", fixed_damage: 0, ef...
8	km3	19	50	state	32	ON THE BOARD	ON THE BOARD	no				{"coin_queued_offered": [32], "coin_queued_offered_any": [32]}	
8	km3	19	62	state	34	ON THE BOARD	ON THE BOARD	no				{"coin_queued_offered": [34], "coin_queued_offered_any": [34]}	
8	km3	19	65	state	44	ON THE BOARD	ON THE BOARD	no				{"coin_queued_offered": [44], "coin_queued_offered_any": [44]}	
8	km3	19	73	lookahead	43	LOOKAHEAD ONLY, both halves hold	LOOKAHEAD ONLY, both halves hold	no	{"cut": 2, "free": true, "queued": 1}	{"cut": 1, "free": true, "queued": 1, "truncated": false}	{"built": null}	{}	Attack(Attack { energy_required: [Fighting], title: "Stretch Kick", fixed_damage: 0, ef...
8	km3	19	91	state	35	ON THE BOARD	ON THE BOARD	no				{"coin_queued_offered": [35], "coin_queued_offered_any": [35]}	
8	km3	19	104	lookahead	35	LOOKAHEAD ONLY, both halves hold	LOOKAHEAD ONLY, both halves hold	no	{"cut": 2, "free": true, "queued": 1}	{"cut": 1, "free": true, "queued": 1, "truncated": false}	{"built": null}	{}	Attack(Attack { energy_required: [Fighting], title: "Stretch Kick", fixed_damage: 0, ef...
8	km3	19	114	state	41	ON THE BOARD	ON THE BOARD	no				{"coin_queued_offered": [41], "coin_queued_offered_any": [41]}	
8	km3	19	117	state	46	ON THE BOARD	ON THE BOARD	no				{"coin_queued_offered": [46], "coin_queued_offered_any": [46]}	
8	km3	19	130	state	67	ON THE BOARD	ON THE BOARD	no				{"coin_cut_recorded": [67], "coin_queued_offered": [67], "coin_queued_offered_any": [67]}	
8	km3	19	134	lookahead	33	LOOKAHEAD ONLY, both halves hold	LOOKAHEAD ONLY, both halves hold	no	{"cut": 3, "free": true, "queued": 2}	{"cut": 2, "free": true, "queued": 2, "truncated": false}	{"built": null}	{}	Retreat(1) ; Attack(Attack { energy_required: [Fighting], title: "Stretch Kick", fixed_damage: 0, ef...
8	km3	19	138	state	27	ON THE BOARD	ON THE BOARD	no				{"coin_cut_recorded": [27], "coin_queued_offered": [27], "coin_queued_offered_any": [27]}	
8	km3	19	146	state	40	ON THE BOARD	ON THE BOARD	no				{"coin_queued_offered": [40], "coin_queued_offered_any": [40]}	
8	km3	19	153	state	35	ON THE BOARD	ON THE BOARD	no				{"coin_queued_offered": [35], "coin_queued_offered_any": [35]}	
8	km3	19	163	lookahead	29	LOOKAHEAD ONLY, both halves hold	LOOKAHEAD ONLY, both halves hold	no	{"cut": 2, "free": true, "queued": 1}	{"cut": 1, "free": true, "queued": 1, "truncated": false}	{"built": null}	{}	Attack(Attack { energy_required: [Fighting], title: "Stretch Kick", fixed_damage: 0, ef...
8	km3	19	168	state	36	ON THE BOARD	ON THE BOARD	no				{"coin_queued_offered": [36], "coin_queued_offered_any": [36]}	
8	km3	19	177	state	35	ON THE BOARD	ON THE BOARD	no				{"coin_queued_offered": [35], "coin_queued_offered_any": [35]}	
8	km3	19	181	state	37	ON THE BOARD	ON THE BOARD	no				{"coin_queued_offered": [37], "coin_queued_offered_any": [37]}	
8	km3	19	189	state	63	ON THE BOARD	ON THE BOARD	no				{"coin_cut_recorded": [63], "coin_queued_offered": [63], "coin_queued_offered_any": [63]}	
8	km3	19	214	state	48	ON THE BOARD	ON THE BOARD	no				{"coin_queued_offered": [48], "coin_queued_offered_any": [48]}	
8	km3	19	256	state	39	ON THE BOARD	ON THE BOARD	no				{"coin_queued_offered": [39], "coin_queued_offered_any": [39]}	
8	km3	19	268	state	35	ON THE BOARD	ON THE BOARD	no				{"coin_cut_recorded": [35], "coin_queued_offered": [35], "coin_queued_offered_any": [35]}	
8	km3	19	269	state	32	ON THE BOARD	ON THE BOARD	no				{"coin_cut_recorded": [32], "coin_queued_offered": [32], "coin_queued_offered_any": [32]}	
8	km3	19	272	state	33	ON THE BOARD	ON THE BOARD	no				{"coin_cut_recorded": [33], "coin_queued_offered": [33], "coin_queued_offered_any": [33]}	
8	km3	19	291	state	38	ON THE BOARD	ON THE BOARD	no				{"coin_queued_offered": [38], "coin_queued_offered_any": [38]}	
8	km3	19	298	state	34	ON THE BOARD	ON THE BOARD	no				{"coin_queued_offered": [34], "coin_queued_offered_any": [34]}	
8	km3	19	299	state	35	ON THE BOARD	ON THE BOARD	no				{"coin_queued_offered": [35], "coin_queued_offered_any": [35]}	
8	km3	19	304	state	30	ON THE BOARD	ON THE BOARD	no				{"coin_queued_offered": [30], "coin_queued_offered_any": [30]}	
8	km3	19	305	state	30	ON THE BOARD	ON THE BOARD	no				{"coin_queued_offered": [30], "coin_queued_offered_any": [30]}	
8	km3	19	325	state	55	ON THE BOARD	ON THE BOARD	no				{"coin_cut_recorded": [55], "coin_queued_offered": [55], "coin_queued_offered_any": [55]}	
8	km3	19	334	state	46	ON THE BOARD	ON THE BOARD	no				{"coin_queued_offered": [46], "coin_queued_offered_any": [46]}	
8	km3	19	350	state	75	ON THE BOARD	ON THE BOARD	no				{"coin_cut_recorded": [75], "coin_queued_offered": [75], "coin_queued_offered_any": [75]}	
8	km3	19	366	state	31	ON THE BOARD	ON THE BOARD	no				{"coin_queued_offered": [31], "coin_queued_offered_any": [31]}	
8	km3	19	367	state	73	ON THE BOARD	ON THE BOARD	no				{"coin_cut_recorded": [73], "coin_queued_offered": [73], "coin_queued_offered_any": [73]}	
8	km3	19	396	state	47	ON THE BOARD	ON THE BOARD	no				{"coin_cut_recorded": [47], "coin_queued_offered": [47], "coin_queued_offered_any": [47]}	
8	km3	19	402	state	75	ON THE BOARD	ON THE BOARD	no				{"coin_queued_offered": [75], "coin_queued_offered_any": [75]}	
8	km3	19	407	state	34	ON THE BOARD	ON THE BOARD	no				{"coin_queued_offered": [34], "coin_queued_offered_any": [34]}	
8	km3	19	431	state	79	ON THE BOARD	ON THE BOARD	no				{"coin_cut_recorded": [79], "coin_queued_offered": [79], "coin_queued_offered_any": [79]}	
8	km3	19	438	state	48	ON THE BOARD	ON THE BOARD	no				{"coin_queued_offered": [48], "coin_queued_offered_any": [48]}	
8	km3	19	456	state	38	ON THE BOARD	ON THE BOARD	no				{"coin_queued_offered": [38], "coin_queued_offered_any": [38]}	
8	km3	19	460	state	40	ON THE BOARD	ON THE BOARD	no				{"coin_queued_offered": [40], "coin_queued_offered_any": [40]}	
8	km3	19	468	state	61	ON THE BOARD	ON THE BOARD	no				{"coin_queued_offered": [61], "coin_queued_offered_any": [61]}	
8	km3	19	476	state	39	ON THE BOARD	ON THE BOARD	no				{"coin_queued_offered": [39], "coin_queued_offered_any": [39]}	
8	km3	19	477	state	32	ON THE BOARD	ON THE BOARD	no				{"coin_cut_recorded": [32], "coin_queued_offered": [32], "coin_queued_offered_any": [32]}	
8	km3	19	490	state	56	ON THE BOARD	ON THE BOARD	no				{"coin_queued_offered": [56], "coin_queued_offered_any": [56]}	
8	km3	19	493	state	35	ON THE BOARD	ON THE BOARD	no				{"coin_queued_offered": [35], "coin_queued_offered_any": [35]}	
8	km3	19	498	lookahead	57	LOOKAHEAD ONLY, both halves hold	LOOKAHEAD ONLY, both halves hold	no	{"cut": 2, "free": true, "queued": 1}	{"cut": 1, "free": true, "queued": 1, "truncated": false}	{"built": null}	{}	Attack(Attack { energy_required: [Fighting], title: "Stretch Kick", fixed_damage: 0, ef...
8	k3	19	0	state	36	ON THE BOARD	ON THE BOARD	no				{"coin_queued_offered": [36], "coin_queued_offered_any": [36]}	
8	k3	19	1	lookahead	100	LOOKAHEAD ONLY, both halves hold	LOOKAHEAD ONLY, both halves hold	no	{"cut": 3, "free": false, "queued": 2}	{"cut": 3, "free": false, "queued": 2, "truncated": false}	{"built": null}	{}	Retreat(3) ; Attack(Attack { energy_required: [Fighting], title: "Stretch Kick", fixed_damage: 0, ef...
8	k3	19	12	state	35	ON THE BOARD	ON THE BOARD	no				{"coin_cut_recorded": [35], "coin_queued_offered": [35], "coin_queued_offered_any": [35]}	
8	k3	19	15	state	41	ON THE BOARD	ON THE BOARD	no				{"coin_cut_recorded": [41], "coin_queued_offered": [41], "coin_queued_offered_any": [41]}	
8	k3	19	17	state	33	ON THE BOARD	ON THE BOARD	no				{"coin_queued_offered": [33], "coin_queued_offered_any": [33]}	
8	k3	19	22	state	40	ON THE BOARD	ON THE BOARD	no				{"coin_queued_offered": [40], "coin_queued_offered_any": [40]}	
8	k3	19	23	state	63	ON THE BOARD	ON THE BOARD	no				{"coin_cut_recorded": [63], "coin_queued_offered": [63], "coin_queued_offered_any": [63]}	
8	k3	19	36	state	40	ON THE BOARD	ON THE BOARD	no				{"coin_queued_offered": [40], "coin_queued_offered_any": [40]}	
8	k3	19	37	state	48	ON THE BOARD	ON THE BOARD	no				{"coin_queued_offered": [48], "coin_queued_offered_any": [48]}	
8	k3	19	44	lookahead	45	LOOKAHEAD ONLY, both halves hold	LOOKAHEAD ONLY, both halves hold	no	{"cut": 2, "free": false, "queued": 1}	{"cut": 2, "free": false, "queued": 1, "truncated": false}	{"built": null}	{}	Attack(Attack { energy_required: [Fighting], title: "Stretch Kick", fixed_damage: 0, ef...
8	k3	19	49	lookahead	33	LOOKAHEAD ONLY, both halves hold	LOOKAHEAD ONLY, both halves hold	no	{"cut": 2, "free": true, "queued": 1}	{"cut": 1, "free": true, "queued": 1, "truncated": false}	{"built": null}	{}	Attack(Attack { energy_required: [Fighting], title: "Stretch Kick", fixed_damage: 0, ef...
8	k3	19	73	state	38	ON THE BOARD	ON THE BOARD	no				{"coin_queued_offered": [38], "coin_queued_offered_any": [38]}	
8	k3	19	76	lookahead	34	LOOKAHEAD ONLY, both halves hold	LOOKAHEAD ONLY, both halves hold	no	{"cut": 2, "free": false, "queued": 1}	{"cut": 2, "free": false, "queued": 1, "truncated": false}	{"built": null}	{}	Attack(Attack { energy_required: [Fighting], title: "Stretch Kick", fixed_damage: 0, ef...
8	k3	19	91	state	30	ON THE BOARD	ON THE BOARD	no				{"coin_queued_offered": [30], "coin_queued_offered_any": [30]}	
8	k3	19	92	lookahead	41	LOOKAHEAD ONLY, both halves hold	LOOKAHEAD ONLY, both halves hold	no	{"cut": 2, "free": true, "queued": 1}	{"cut": 1, "free": true, "queued": 1, "truncated": false}	{"built": null}	{}	Attack(Attack { energy_required: [Fighting], title: "Stretch Kick", fixed_damage: 0, ef...
8	k3	19	105	state	41	ON THE BOARD	ON THE BOARD	no				{"coin_queued_offered": [41], "coin_queued_offered_any": [41]}	
8	k3	19	113	state	32	ON THE BOARD	ON THE BOARD	no				{"coin_queued_offered": [32], "coin_queued_offered_any": [32]}	
8	k3	19	138	lookahead	27	LOOKAHEAD ONLY, both halves hold	LOOKAHEAD ONLY, both halves hold	no	{"cut": 2, "free": false, "queued": 1}	{"cut": 2, "free": false, "queued": 1, "truncated": false}	{"built": null}	{}	Attack(Attack { energy_required: [Fighting], title: "Stretch Kick", fixed_damage: 0, ef...
8	k3	19	142	lookahead	42	LOOKAHEAD ONLY, both halves hold	LOOKAHEAD ONLY, both halves hold	no	{"cut": 2, "free": true, "queued": 1}	{"cut": 1, "free": true, "queued": 1, "truncated": false}	{"built": null}	{}	Attack(Attack { energy_required: [Fighting], title: "Stretch Kick", fixed_damage: 0, ef...
8	k3	19	146	state	35	ON THE BOARD	ON THE BOARD	no				{"coin_cut_recorded": [35], "coin_queued_offered": [35], "coin_queued_offered_any": [35]}	
8	k3	19	153	state	33	ON THE BOARD	ON THE BOARD	no				{"coin_queued_offered": [33], "coin_queued_offered_any": [33]}	
8	k3	19	163	lookahead	27	LOOKAHEAD ONLY, both halves hold	LOOKAHEAD ONLY, both halves hold	no	{"cut": 2, "free": true, "queued": 1}	{"cut": 1, "free": true, "queued": 1, "truncated": false}	{"built": null}	{}	Attack(Attack { energy_required: [Fighting], title: "Stretch Kick", fixed_damage: 0, ef...
8	k3	19	168	state	29	ON THE BOARD	ON THE BOARD	no				{"coin_queued_offered": [29], "coin_queued_offered_any": [29]}	
8	k3	19	181	state	34	ON THE BOARD	ON THE BOARD	no				{"coin_queued_offered": [34], "coin_queued_offered_any": [34]}	
8	k3	19	187	state	49	ON THE BOARD	ON THE BOARD	no				{"coin_cut_recorded": [49], "coin_queued_offered": [49], "coin_queued_offered_any": [49]}	
8	k3	19	189	state	61	ON THE BOARD	ON THE BOARD	no				{"coin_cut_recorded": [61], "coin_queued_offered": [61], "coin_queued_offered_any": [61]}	
8	k3	19	208	state	34	ON THE BOARD	ON THE BOARD	no				{"coin_queued_offered": [34], "coin_queued_offered_any": [34]}	
8	k3	19	214	state	45	ON THE BOARD	ON THE BOARD	no				{"coin_queued_offered": [45], "coin_queued_offered_any": [45]}	
8	k3	19	224	state	30	ON THE BOARD	ON THE BOARD	no				{"coin_queued_offered": [30], "coin_queued_offered_any": [30]}	
8	k3	19	247	state	40	ON THE BOARD	ON THE BOARD	no				{"coin_cut_recorded": [40], "coin_queued_offered": [40], "coin_queued_offered_any": [40]}	
8	km3	20	20	state	33	ON THE BOARD	ON THE BOARD	no				{"coin_queued_offered": [33], "coin_queued_offered_any": [33]}	
8	km3	20	64	state	62	ON THE BOARD	ON THE BOARD	no				{"coin_queued_offered": [62], "coin_queued_offered_any": [62]}	
8	km3	20	65	state	51	ON THE BOARD	ON THE BOARD	no				{"coin_cut_recorded": [51], "coin_queued_offered": [51], "coin_queued_offered_any": [51]}	
8	km3	20	156	state	42	ON THE BOARD	ON THE BOARD	no				{"coin_queued_offered": [42], "coin_queued_offered_any": [42]}	
8	km3	20	160	lookahead	45	LOOKAHEAD ONLY, both halves hold	LOOKAHEAD ONLY, both halves hold	no	{"cut": 2, "free": false, "queued": 1}	{"cut": 2, "free": false, "queued": 1, "truncated": false}	{"built": null}	{}	Attack(Attack { energy_required: [Grass, Grass], title: "Slicing Snipe", fixed_damage: ...
8	km3	20	194	state	80	ON THE BOARD	ON THE BOARD	no				{"coin_cut_recorded": [80], "coin_queued_offered": [80], "coin_queued_offered_any": [80]}	
8	km3	20	213	state	36	ON THE BOARD	ON THE BOARD	no				{"coin_queued_offered": [36], "coin_queued_offered_any": [36]}	
8	km3	20	255	state	49	ON THE BOARD	ON THE BOARD	no				{"coin_cut_recorded": [49], "coin_queued_offered": [49], "coin_queued_offered_any": [49]}	
8	km3	20	265	state	45	ON THE BOARD	ON THE BOARD	no				{"coin_queued_offered": [45], "coin_queued_offered_any": [45]}	
8	km3	20	278	state	89	ON THE BOARD	ON THE BOARD	no				{"coin_cut_recorded": [89], "coin_queued_offered": [89], "coin_queued_offered_any": [89]}	
8	km3	20	286	state	68	ON THE BOARD	ON THE BOARD	no				{"coin_cut_recorded": [68], "coin_queued_offered": [68], "coin_queued_offered_any": [68]}	
8	km3	20	323	lookahead	37	LOOKAHEAD ONLY, both halves hold	LOOKAHEAD ONLY, both halves hold	no	{"cut": 2, "free": true, "queued": 1}	{"cut": 1, "free": true, "queued": 1, "truncated": false}	{"built": null}	{}	Attack(Attack { energy_required: [Grass, Grass], title: "Slicing Snipe", fixed_damage: ...
8	km3	20	325	state	36	ON THE BOARD	ON THE BOARD	no				{"coin_queued_offered": [36], "coin_queued_offered_any": [36]}	
8	km3	20	397	state	31	ON THE BOARD	ON THE BOARD	no				{"coin_queued_offered": [31], "coin_queued_offered_any": [31]}	
8	km3	20	435	state	34	ON THE BOARD	ON THE BOARD	no				{"coin_queued_offered": [34], "coin_queued_offered_any": [34]}	
8	km3	20	444	state	32	ON THE BOARD	ON THE BOARD	no				{"coin_queued_offered": [32], "coin_queued_offered_any": [32]}	
8	km3	20	488	lookahead	109	LOOKAHEAD ONLY, both halves hold	LOOKAHEAD ONLY, both halves hold	no	{"cut": 2, "free": true, "queued": 1}	{"cut": 1, "free": true, "queued": 1, "truncated": false}	{"built": null}	{}	Attack(Attack { energy_required: [Grass, Grass], title: "Slicing Snipe", fixed_damage: ...
8	km3	20	490	state	28	ON THE BOARD	ON THE BOARD	no				{"coin_cut_recorded": [28], "coin_queued_offered": [28], "coin_queued_offered_any": [28]}	
8	k3	20	73	lookahead	86	ON THE BOARD	ON THE BOARD	no				{"coin_cut_recorded": [86]}	
8	k3	20	89	state	34	ON THE BOARD	ON THE BOARD	no				{"coin_queued_offered": [34], "coin_queued_offered_any": [34]}	
8	k3	20	91	lookahead	95	ON THE BOARD	ON THE BOARD	no				{"coin_cut_recorded": [95]}	
8	k3	20	139	state	35	ON THE BOARD	ON THE BOARD	no				{"coin_queued_offered": [35], "coin_queued_offered_any": [35]}	
8	k3	20	160	lookahead	42	LOOKAHEAD ONLY, both halves hold	LOOKAHEAD ONLY, both halves hold	no	{"cut": 2, "free": false, "queued": 1}	{"cut": 2, "free": false, "queued": 1, "truncated": false}	{"built": null}	{}	Attack(Attack { energy_required: [Grass, Grass], title: "Slicing Snipe", fixed_damage: ...
8	k3	20	173	lookahead	72	ON THE BOARD	ON THE BOARD	no				{"coin_cut_recorded": [72]}	
8	k3	20	174	lookahead	65	LOOKAHEAD ONLY, both halves hold	LOOKAHEAD ONLY, both halves hold	no	{"cut": 2, "free": false, "queued": 1}	{"cut": 2, "free": false, "queued": 1, "truncated": false}	{"built": null}	{}	Attack(Attack { energy_required: [Grass, Grass], title: "Slicing Snipe", fixed_damage: ...
8	k3	20	196	state	82	ON THE BOARD	ON THE BOARD	no				{"coin_cut_recorded": [82], "coin_queued_offered": [82], "coin_queued_offered_any": [82]}	
8	k3	20	201	lookahead	97	LOOKAHEAD ONLY, both halves hold	LOOKAHEAD ONLY, both halves hold	no	{"cut": 2, "free": true, "queued": 1}	{"cut": 1, "free": true, "queued": 1, "truncated": false}	{"built": null}	{}	Attack(Attack { energy_required: [Grass, Grass], title: "Slicing Snipe", fixed_damage: ...
8	k3	20	209	state	67	ON THE BOARD	ON THE BOARD	no				{"coin_cut_recorded": [67], "coin_queued_offered": [67], "coin_queued_offered_any": [67]}	
8	km3	21	16	lookahead	125	LOOKAHEAD ONLY, both halves hold	LOOKAHEAD ONLY, both halves hold	no	{"cut": 1, "free": true, "queued": 1}	{"cut": 1, "free": true, "queued": 1, "truncated": false}	{"built": null}	{}	Attack(Attack { energy_required: [Water, Water, Water], title: "Diving Icicles", fixed_...
8	km3	21	19	lookahead	144	LOOKAHEAD ONLY, both halves hold	LOOKAHEAD ONLY, both halves hold	no	{"cut": 1, "free": true, "queued": 3}	{"cut": 1, "free": true, "queued": 3, "truncated": false}	{"built": null}	{}	Attach { attachments: [(1, Water, 1)], is_turn_energy: true } ; Retreat(1) ; Attack(Attack { energy_required: [Water, Water, Water], title: "Diving Icicles", fixed_...
8	km3	21	20	lookahead	86	LOOKAHEAD ONLY, both halves hold	LOOKAHEAD ONLY, both halves hold	no	{"cut": 1, "free": true, "queued": 1}	{"cut": 1, "free": true, "queued": 1, "truncated": false}	{"built": null}	{}	Attack(Attack { energy_required: [Water, Water, Water], title: "Diving Icicles", fixed_...
8	km3	21	21	state	70	ON THE BOARD	ON THE BOARD	no				{"coin_cut_recorded": [70], "coin_queued_offered": [70], "coin_queued_offered_any": [70]}	
8	km3	21	22	lookahead	117	LOOKAHEAD ONLY, both halves hold	LOOKAHEAD ONLY, both halves hold	no	{"cut": 1, "free": true, "queued": 3}	{"cut": 1, "free": true, "queued": 3, "truncated": false}	{"built": null}	{}	Attach { attachments: [(1, Water, 1)], is_turn_energy: true } ; Retreat(1) ; Attack(Attack { energy_required: [Water, Water, Water], title: "Diving Icicles", fixed_...
8	km3	21	33	lookahead	98	LOOKAHEAD ONLY, both halves hold	LOOKAHEAD ONLY, both halves hold	no	{"cut": 1, "free": true, "queued": 1}	{"cut": 1, "free": true, "queued": 1, "truncated": false}	{"built": null}	{}	Attack(Attack { energy_required: [Water, Water, Water], title: "Diving Icicles", fixed_...
8	km3	21	34	state	64	ON THE BOARD	ON THE BOARD	no				{"coin_queued_offered": [64], "coin_queued_offered_any": [64]}	
8	km3	21	43	lookahead	104	LOOKAHEAD ONLY, both halves hold	LOOKAHEAD ONLY, both halves hold	no	{"cut": 1, "free": true, "queued": 3}	{"cut": 1, "free": true, "queued": 3, "truncated": false}	{"built": null}	{}	Retreat(3) ; UseAbility { in_play_idx: 2 } ; Attack(Attack { energy_required: [Water, Water, Water], title: "Diving Icicles", fixed_...
8	km3	21	51	state	100	ON THE BOARD	ON THE BOARD	no				{"coin_queued_offered": [100], "coin_queued_offered_any": [100]}	
8	km3	21	59	lookahead	127	LOOKAHEAD ONLY, both halves hold	LOOKAHEAD ONLY, both halves hold	no	{"cut": 1, "free": true, "queued": 3}	{"cut": 1, "free": true, "queued": 3, "truncated": false}	{"built": null}	{}	Attach { attachments: [(1, Water, 3)], is_turn_energy: true } ; Retreat(3) ; Attack(Attack { energy_required: [Water, Water, Water], title: "Diving Icicles", fixed_...
8	km3	21	65	lookahead	114	LOOKAHEAD ONLY, both halves hold	LOOKAHEAD ONLY, both halves hold	no	{"cut": 1, "free": true, "queued": 3}	{"cut": 1, "free": true, "queued": 3, "truncated": false}	{"built": null}	{}	Attach { attachments: [(1, Water, 2)], is_turn_energy: true } ; Retreat(2) ; Attack(Attack { energy_required: [Water, Water, Water], title: "Diving Icicles", fixed_...
8	km3	21	81	lookahead	102	LOOKAHEAD ONLY, both halves hold	LOOKAHEAD ONLY, both halves hold	no	{"cut": 1, "free": true, "queued": 3}	{"cut": 1, "free": true, "queued": 3, "truncated": false}	{"built": null}	{}	Attach { attachments: [(1, Water, 3)], is_turn_energy: true } ; Retreat(3) ; Attack(Attack { energy_required: [Water, Water, Water], title: "Diving Icicles", fixed_...
8	km3	21	122	state	126	ON THE BOARD	ON THE BOARD	no				{"coin_cut_recorded": [126], "coin_queued_offered": [126], "coin_queued_offered_any": [126]}	
8	km3	21	137	lookahead	108	LOOKAHEAD ONLY, both halves hold	LOOKAHEAD ONLY, both halves hold	no	{"cut": 1, "free": true, "queued": 3}	{"cut": 1, "free": true, "queued": 3, "truncated": false}	{"built": null}	{}	Attach { attachments: [(1, Water, 1)], is_turn_energy: true } ; Retreat(1) ; Attack(Attack { energy_required: [Water, Water, Water], title: "Diving Icicles", fixed_...
8	km3	21	146	state	85	ON THE BOARD	ON THE BOARD	no				{"coin_cut_recorded": [85], "coin_queued_offered": [85], "coin_queued_offered_any": [85]}	
8	km3	21	186	lookahead	76	LOOKAHEAD ONLY, both halves hold	LOOKAHEAD ONLY, both halves hold	no	{"cut": 1, "free": true, "queued": 3}	{"cut": 1, "free": true, "queued": 3, "truncated": false}	{"built": null}	{}	Retreat(3) ; UseAbility { in_play_idx: 1 } ; Attack(Attack { energy_required: [Water, Water, Water], title: "Diving Icicles", fixed_...
8	km3	21	201	state	77	ON THE BOARD	ON THE BOARD	no				{"coin_cut_recorded": [77], "coin_queued_offered": [77], "coin_queued_offered_any": [77]}	
8	km3	21	231	state	41	ON THE BOARD	ON THE BOARD	no				{"coin_queued_offered": [41], "coin_queued_offered_any": [41]}	
8	km3	21	258	state	131	ON THE BOARD	ON THE BOARD	no				{"coin_cut_recorded": [131], "coin_queued_offered": [131], "coin_queued_offered_any": [131]}	
8	km3	21	260	state	30	ON THE BOARD	ON THE BOARD	no				{"coin_queued_offered": [30], "coin_queued_offered_any": [30]}	
8	km3	21	272	state	37	ON THE BOARD	ON THE BOARD	no				{"coin_queued_offered": [37], "coin_queued_offered_any": [37]}	
8	km3	21	310	lookahead	87	UNEXPLAINED	LOOKAHEAD ONLY, both halves hold	yes	{"cut": null, "free": false, "queued": null}	{"cut": 3, "free": true, "queued": 3, "truncated": false}	{"built": null}	{}	Promote { player: 1, in_play_idx: 3 } ; (free) EndTurn ; DrawCard { amount: 1 } ; Attack(Attack { energy_required: [Water, Water, Water], title: "Diving Icicles", fixed_...
8	km3	21	335	lookahead	115	LOOKAHEAD ONLY, both halves hold	LOOKAHEAD ONLY, both halves hold	no	{"cut": 1, "free": true, "queued": 3}	{"cut": 1, "free": true, "queued": 3, "truncated": false}	{"built": null}	{}	Attach { attachments: [(1, Water, 3)], is_turn_energy: true } ; Retreat(3) ; Attack(Attack { energy_required: [Water, Water, Water], title: "Diving Icicles", fixed_...
8	km3	21	343	state	122	ON THE BOARD	ON THE BOARD	no				{"coin_cut_recorded": [122], "coin_queued_offered": [122], "coin_queued_offered_any": [122]}	
8	km3	21	356	lookahead	110	LOOKAHEAD ONLY, both halves hold	LOOKAHEAD ONLY, both halves hold	no	{"cut": 1, "free": true, "queued": 3}	{"cut": 1, "free": true, "queued": 3, "truncated": false}	{"built": null}	{}	Attach { attachments: [(1, Water, 3)], is_turn_energy: true } ; Retreat(3) ; Attack(Attack { energy_required: [Water, Water, Water], title: "Diving Icicles", fixed_...
8	km3	21	365	state	28	ON THE BOARD	ON THE BOARD	no				{"coin_queued_offered": [28], "coin_queued_offered_any": [28]}	
8	km3	21	383	state	89	ON THE BOARD	ON THE BOARD	no				{"coin_queued_offered": [89], "coin_queued_offered_any": [89]}	
8	km3	21	417	state	84	ON THE BOARD	ON THE BOARD	no				{"coin_queued_offered": [84], "coin_queued_offered_any": [84]}	
8	km3	21	424	lookahead	154	LOOKAHEAD ONLY, both halves hold	LOOKAHEAD ONLY, both halves hold	no	{"cut": 1, "free": true, "queued": 3}	{"cut": 1, "free": true, "queued": 3, "truncated": false}	{"built": null}	{}	Attach { attachments: [(1, Water, 2)], is_turn_energy: true } ; Retreat(2) ; Attack(Attack { energy_required: [Water, Water, Water], title: "Diving Icicles", fixed_...
8	km3	21	458	lookahead	122	LOOKAHEAD ONLY, both halves hold	LOOKAHEAD ONLY, both halves hold	no	{"cut": 1, "free": true, "queued": 3}	{"cut": 1, "free": true, "queued": 3, "truncated": false}	{"built": null}	{}	Attach { attachments: [(1, Water, 2)], is_turn_energy: true } ; Retreat(2) ; Attack(Attack { energy_required: [Water, Water, Water], title: "Diving Icicles", fixed_...
8	km3	21	465	state	80	ON THE BOARD	ON THE BOARD	no				{"coin_queued_offered": [80], "coin_queued_offered_any": [80]}	
8	km3	21	485	lookahead	115	LOOKAHEAD ONLY, both halves hold	LOOKAHEAD ONLY, both halves hold	no	{"cut": 1, "free": true, "queued": 3}	{"cut": 1, "free": true, "queued": 3, "truncated": false}	{"built": null}	{}	Attach { attachments: [(1, Water, 2)], is_turn_energy: true } ; Retreat(2) ; Attack(Attack { energy_required: [Water, Water, Water], title: "Diving Icicles", fixed_...
8	km3	21	488	state	79	ON THE BOARD	ON THE BOARD	no				{"coin_queued_offered": [79], "coin_queued_offered_any": [79]}	
8	km3	21	489	state	37	ON THE BOARD	ON THE BOARD	no				{"coin_queued_offered": [37], "coin_queued_offered_any": [37]}	
8	km3	21	493	state	86	ON THE BOARD	ON THE BOARD	no				{"coin_queued_offered": [86], "coin_queued_offered_any": [86]}	
8	km3	21	494	lookahead	119	LOOKAHEAD ONLY, both halves hold	LOOKAHEAD ONLY, both halves hold	no	{"cut": 1, "free": true, "queued": 3}	{"cut": 1, "free": true, "queued": 3, "truncated": false}	{"built": null}	{}	Attach { attachments: [(1, Water, 3)], is_turn_energy: true } ; Retreat(3) ; Attack(Attack { energy_required: [Water, Water, Water], title: "Diving Icicles", fixed_...
8	km3	21	499	state	72	ON THE BOARD	ON THE BOARD	no				{"coin_queued_offered": [72], "coin_queued_offered_any": [72]}	
8	k3	21	15	state	68	ON THE BOARD	ON THE BOARD	no				{"coin_queued_offered": [68], "coin_queued_offered_any": [68]}	
8	k3	21	29	state	148	ON THE BOARD	ON THE BOARD	no				{"coin_queued_offered": [148], "coin_queued_offered_any": [148]}	
8	k3	21	42	lookahead	116	LOOKAHEAD ONLY, both halves hold	LOOKAHEAD ONLY, both halves hold	no	{"cut": 1, "free": true, "queued": 3}	{"cut": 1, "free": true, "queued": 3, "truncated": false}	{"built": null}	{}	Attach { attachments: [(1, Water, 3)], is_turn_energy: true } ; Retreat(3) ; Attack(Attack { energy_required: [Water, Water, Water], title: "Diving Icicles", fixed_...
8	k3	21	49	state	88	ON THE BOARD	ON THE BOARD	no				{"coin_cut_recorded": [88], "coin_queued_offered": [88], "coin_queued_offered_any": [88]}	
8	k3	21	54	state	56	ON THE BOARD	ON THE BOARD	no				{"coin_queued_offered": [56], "coin_queued_offered_any": [56]}	
8	k3	21	70	lookahead	120	LOOKAHEAD ONLY, both halves hold	LOOKAHEAD ONLY, both halves hold	no	{"cut": 1, "free": true, "queued": 3}	{"cut": 1, "free": true, "queued": 3, "truncated": false}	{"built": null}	{}	Attach { attachments: [(1, Water, 2)], is_turn_energy: true } ; Retreat(2) ; Attack(Attack { energy_required: [Water, Water, Water], title: "Diving Icicles", fixed_...
8	k3	21	85	state	37	ON THE BOARD	ON THE BOARD	no				{"coin_queued_offered": [37], "coin_queued_offered_any": [37]}	
8	k3	21	106	lookahead	110	LOOKAHEAD ONLY, both halves hold	LOOKAHEAD ONLY, both halves hold	no	{"cut": 1, "free": true, "queued": 3}	{"cut": 1, "free": true, "queued": 3, "truncated": false}	{"built": null}	{}	Attach { attachments: [(1, Water, 3)], is_turn_energy: true } ; Retreat(3) ; Attack(Attack { energy_required: [Water, Water, Water], title: "Diving Icicles", fixed_...
8	k3	21	107	lookahead	119	LOOKAHEAD ONLY, both halves hold	LOOKAHEAD ONLY, both halves hold	no	{"cut": 1, "free": true, "queued": 3}	{"cut": 1, "free": true, "queued": 3, "truncated": false}	{"built": null}	{}	Attach { attachments: [(1, Water, 3)], is_turn_energy: true } ; Retreat(3) ; Attack(Attack { energy_required: [Water, Water, Water], title: "Diving Icicles", fixed_...
8	k3	21	111	lookahead	114	LOOKAHEAD ONLY, both halves hold	LOOKAHEAD ONLY, both halves hold	no	{"cut": 1, "free": true, "queued": 3}	{"cut": 1, "free": true, "queued": 3, "truncated": false}	{"built": null}	{}	Attach { attachments: [(1, Water, 1)], is_turn_energy: true } ; Retreat(1) ; Attack(Attack { energy_required: [Water, Water, Water], title: "Diving Icicles", fixed_...
8	k3	21	115	state	65	ON THE BOARD	ON THE BOARD	no				{"coin_queued_offered": [65], "coin_queued_offered_any": [65]}	
8	k3	21	123	state	83	ON THE BOARD	ON THE BOARD	no				{"coin_cut_recorded": [83], "coin_queued_offered": [83], "coin_queued_offered_any": [83]}	
8	k3	21	124	state	79	ON THE BOARD	ON THE BOARD	no				{"coin_queued_offered": [79], "coin_queued_offered_any": [79]}	
8	k3	21	127	state	86	ON THE BOARD	ON THE BOARD	no				{"coin_cut_recorded": [86], "coin_queued_offered": [86], "coin_queued_offered_any": [86]}	
8	k3	21	200	lookahead	126	LOOKAHEAD ONLY, both halves hold	LOOKAHEAD ONLY, both halves hold	no	{"cut": 1, "free": true, "queued": 3}	{"cut": 1, "free": true, "queued": 3, "truncated": false}	{"built": null}	{}	Attach { attachments: [(1, Water, 1)], is_turn_energy: true } ; Retreat(1) ; Attack(Attack { energy_required: [Water, Water, Water], title: "Diving Icicles", fixed_...
8	k3	21	210	lookahead	119	LOOKAHEAD ONLY, both halves hold	LOOKAHEAD ONLY, both halves hold	no	{"cut": 1, "free": true, "queued": 3}	{"cut": 1, "free": true, "queued": 3, "truncated": false}	{"built": null}	{}	Attach { attachments: [(1, Water, 3)], is_turn_energy: true } ; Retreat(3) ; Attack(Attack { energy_required: [Water, Water, Water], title: "Diving Icicles", fixed_...
8	k3	21	211	lookahead	64	LOOKAHEAD ONLY, both halves hold	LOOKAHEAD ONLY, both halves hold	no	{"cut": 1, "free": true, "queued": 2}	{"cut": 1, "free": true, "queued": 2, "truncated": false}	{"built": null}	{}	Retreat(1) ; Attack(Attack { energy_required: [Water, Water, Water], title: "Diving Icicles", fixed_...
8	k3	21	231	state	40	ON THE BOARD	ON THE BOARD	no				{"coin_queued_offered": [40], "coin_queued_offered_any": [40]}	
8	k3	21	243	lookahead	99	LOOKAHEAD ONLY, both halves hold	LOOKAHEAD ONLY, both halves hold	no	{"cut": 1, "free": true, "queued": 3}	{"cut": 1, "free": true, "queued": 3, "truncated": false}	{"built": null}	{}	Attach { attachments: [(1, Water, 2)], is_turn_energy: true } ; Retreat(2) ; Attack(Attack { energy_required: [Water, Water, Water], title: "Diving Icicles", fixed_...
8	k3	21	248	lookahead	146	LOOKAHEAD ONLY, both halves hold	LOOKAHEAD ONLY, both halves hold	no	{"cut": 1, "free": true, "queued": 3}	{"cut": 1, "free": true, "queued": 3, "truncated": false}	{"built": null}	{}	Attach { attachments: [(1, Water, 2)], is_turn_energy: true } ; Retreat(2) ; Attack(Attack { energy_required: [Water, Water, Water], title: "Diving Icicles", fixed_...
8	km3	22	1	lookahead	72	LOOKAHEAD ONLY, both halves hold	LOOKAHEAD ONLY, both halves hold	no	{"cut": 2, "free": false, "queued": 1}	{"cut": 2, "free": false, "queued": 1, "truncated": false}	{"built": null}	{}	Attack(Attack { energy_required: [Grass, Grass], title: "Chase Order", fixed_damage: 70...
8	km3	22	3	lookahead	54	LOOKAHEAD ONLY, both halves hold	LOOKAHEAD ONLY, both halves hold	no	{"cut": 2, "free": false, "queued": 1}	{"cut": 2, "free": false, "queued": 1, "truncated": false}	{"built": null}	{}	Attack(Attack { energy_required: [Grass, Grass], title: "Chase Order", fixed_damage: 70...
8	km3	22	5	state	79	ON THE BOARD	ON THE BOARD	no				{"coin_queued_offered": [79], "coin_queued_offered_any": [79]}	
8	km3	22	6	state	51	ON THE BOARD	ON THE BOARD	no				{"coin_queued_offered": [51], "coin_queued_offered_any": [51]}	
8	km3	22	8	lookahead	63	LOOKAHEAD ONLY, both halves hold	LOOKAHEAD ONLY, both halves hold	no	{"cut": 2, "free": false, "queued": 1}	{"cut": 2, "free": false, "queued": 1, "truncated": false}	{"built": null}	{}	Attack(Attack { energy_required: [Grass, Grass], title: "Chase Order", fixed_damage: 70...
8	km3	22	9	state	67	ON THE BOARD	ON THE BOARD	no				{"coin_queued_offered": [67], "coin_queued_offered_any": [67]}	
8	km3	22	10	lookahead	56	LOOKAHEAD ONLY, both halves hold	LOOKAHEAD ONLY, both halves hold	no	{"cut": 2, "free": false, "queued": 1}	{"cut": 2, "free": false, "queued": 1, "truncated": false}	{"built": null}	{}	Attack(Attack { energy_required: [Grass, Grass], title: "Chase Order", fixed_damage: 70...
8	km3	22	13	lookahead	59	LOOKAHEAD ONLY, both halves hold	LOOKAHEAD ONLY, both halves hold	no	{"cut": 2, "free": false, "queued": 1}	{"cut": 2, "free": false, "queued": 1, "truncated": false}	{"built": null}	{}	Attack(Attack { energy_required: [Grass, Grass], title: "Chase Order", fixed_damage: 70...
8	km3	22	15	lookahead	105	LOOKAHEAD ONLY, both halves hold	LOOKAHEAD ONLY, both halves hold	no	{"cut": 2, "free": false, "queued": 1}	{"cut": 2, "free": false, "queued": 1, "truncated": false}	{"built": null}	{}	Attack(Attack { energy_required: [Grass, Grass], title: "Chase Order", fixed_damage: 70...
8	km3	22	16	state	49	ON THE BOARD	ON THE BOARD	no				{"coin_queued_offered": [49], "coin_queued_offered_any": [49]}	
8	km3	22	18	lookahead	48	LOOKAHEAD ONLY, both halves hold	LOOKAHEAD ONLY, both halves hold	no	{"cut": 2, "free": false, "queued": 1}	{"cut": 2, "free": false, "queued": 1, "truncated": false}	{"built": null}	{}	Attack(Attack { energy_required: [Grass, Grass], title: "Chase Order", fixed_damage: 70...
8	km3	22	20	lookahead	52	LOOKAHEAD ONLY, both halves hold	LOOKAHEAD ONLY, both halves hold	no	{"cut": 3, "free": false, "queued": 2}	{"cut": 3, "free": false, "queued": 2, "truncated": false}	{"built": null}	{}	Attach { attachments: [(1, Grass, 0)], is_turn_energy: true } ; Attack(Attack { energy_required: [Grass, Grass], title: "Chase Order", fixed_damage: 70...
8	km3	22	21	state	54	ON THE BOARD	ON THE BOARD	no				{"coin_queued_offered": [54], "coin_queued_offered_any": [54]}	
8	km3	22	22	state	40	ON THE BOARD	ON THE BOARD	no				{"coin_queued_offered": [40], "coin_queued_offered_any": [40]}	
8	km3	22	23	state	42	ON THE BOARD	ON THE BOARD	no				{"coin_queued_offered": [42], "coin_queued_offered_any": [42]}	
8	km3	22	25	state	67	ON THE BOARD	ON THE BOARD	no				{"coin_queued_offered": [67], "coin_queued_offered_any": [67]}	
8	km3	22	27	lookahead	78	LOOKAHEAD ONLY, both halves hold	LOOKAHEAD ONLY, both halves hold	no	{"cut": 2, "free": false, "queued": 1}	{"cut": 2, "free": false, "queued": 1, "truncated": false}	{"built": null}	{}	Attack(Attack { energy_required: [Grass, Grass], title: "Chase Order", fixed_damage: 70...
8	km3	22	28	lookahead	80	LOOKAHEAD ONLY, both halves hold	LOOKAHEAD ONLY, both halves hold	no	{"cut": 2, "free": false, "queued": 1}	{"cut": 2, "free": false, "queued": 1, "truncated": false}	{"built": null}	{}	Attack(Attack { energy_required: [Grass, Grass], title: "Chase Order", fixed_damage: 70...
8	km3	22	29	lookahead	40	LOOKAHEAD ONLY, both halves hold	LOOKAHEAD ONLY, both halves hold	no	{"cut": 2, "free": false, "queued": 1}	{"cut": 2, "free": false, "queued": 1, "truncated": false}	{"built": null}	{}	Attack(Attack { energy_required: [Grass, Grass], title: "Chase Order", fixed_damage: 70...
8	km3	22	31	lookahead	82	LOOKAHEAD ONLY, both halves hold	LOOKAHEAD ONLY, both halves hold	no	{"cut": 2, "free": false, "queued": 1}	{"cut": 2, "free": false, "queued": 1, "truncated": false}	{"built": null}	{}	Attack(Attack { energy_required: [Grass, Grass], title: "Chase Order", fixed_damage: 70...
8	km3	22	33	lookahead	36	LOOKAHEAD ONLY, both halves hold	LOOKAHEAD ONLY, both halves hold	no	{"cut": 2, "free": false, "queued": 1}	{"cut": 2, "free": false, "queued": 1, "truncated": false}	{"built": null}	{}	Attack(Attack { energy_required: [Grass, Grass], title: "Chase Order", fixed_damage: 70...
8	km3	22	34	state	69	ON THE BOARD	ON THE BOARD	no				{"coin_queued_offered": [69], "coin_queued_offered_any": [69]}	
8	km3	22	35	lookahead	82	LOOKAHEAD ONLY, both halves hold	LOOKAHEAD ONLY, both halves hold	no	{"cut": 2, "free": false, "queued": 1}	{"cut": 2, "free": false, "queued": 1, "truncated": false}	{"built": null}	{}	Attack(Attack { energy_required: [Grass, Grass], title: "Chase Order", fixed_damage: 70...
8	km3	22	37	lookahead	62	LOOKAHEAD ONLY, both halves hold	LOOKAHEAD ONLY, both halves hold	no	{"cut": 2, "free": false, "queued": 1}	{"cut": 2, "free": false, "queued": 1, "truncated": false}	{"built": null}	{}	Attack(Attack { energy_required: [Grass, Grass], title: "Chase Order", fixed_damage: 70...
8	km3	22	39	state	72	ON THE BOARD	ON THE BOARD	no				{"coin_queued_offered": [72], "coin_queued_offered_any": [72]}	
8	km3	22	40	lookahead	81	LOOKAHEAD ONLY, both halves hold	LOOKAHEAD ONLY, both halves hold	no	{"cut": 2, "free": false, "queued": 1}	{"cut": 2, "free": false, "queued": 1, "truncated": false}	{"built": null}	{}	Attack(Attack { energy_required: [Grass, Grass], title: "Chase Order", fixed_damage: 70...
8	km3	22	44	lookahead	75	LOOKAHEAD ONLY, both halves hold	LOOKAHEAD ONLY, both halves hold	no	{"cut": 2, "free": false, "queued": 1}	{"cut": 2, "free": false, "queued": 1, "truncated": false}	{"built": null}	{}	Attack(Attack { energy_required: [Grass, Grass], title: "Chase Order", fixed_damage: 70...
8	km3	22	46	lookahead	25	LOOKAHEAD ONLY, both halves hold	LOOKAHEAD ONLY, both halves hold	no	{"cut": 2, "free": false, "queued": 1}	{"cut": 2, "free": false, "queued": 1, "truncated": false}	{"built": null}	{}	Attack(Attack { energy_required: [Grass, Grass], title: "Chase Order", fixed_damage: 70...
8	km3	22	47	state	77	ON THE BOARD	ON THE BOARD	no				{"coin_queued_offered": [77], "coin_queued_offered_any": [77]}	
8	km3	22	48	lookahead	106	LOOKAHEAD ONLY, both halves hold	LOOKAHEAD ONLY, both halves hold	no	{"cut": 2, "free": false, "queued": 1}	{"cut": 2, "free": false, "queued": 1, "truncated": false}	{"built": null}	{}	Attack(Attack { energy_required: [Grass, Grass], title: "Chase Order", fixed_damage: 70...
8	km3	22	51	state	56	ON THE BOARD	ON THE BOARD	no				{"coin_queued_offered": [56], "coin_queued_offered_any": [56]}	
8	km3	22	52	lookahead	93	LOOKAHEAD ONLY, both halves hold	LOOKAHEAD ONLY, both halves hold	no	{"cut": 2, "free": false, "queued": 1}	{"cut": 2, "free": false, "queued": 1, "truncated": false}	{"built": null}	{}	Attack(Attack { energy_required: [Grass, Grass], title: "Chase Order", fixed_damage: 70...
8	km3	22	54	lookahead	100	LOOKAHEAD ONLY, both halves hold	LOOKAHEAD ONLY, both halves hold	no	{"cut": 2, "free": false, "queued": 1}	{"cut": 2, "free": false, "queued": 1, "truncated": false}	{"built": null}	{}	Attack(Attack { energy_required: [Grass, Grass], title: "Chase Order", fixed_damage: 70...
8	km3	22	55	state	59	ON THE BOARD	ON THE BOARD	no				{"coin_queued_offered": [59], "coin_queued_offered_any": [59]}	
8	km3	22	59	lookahead	75	LOOKAHEAD ONLY, both halves hold	LOOKAHEAD ONLY, both halves hold	no	{"cut": 2, "free": false, "queued": 1}	{"cut": 2, "free": false, "queued": 1, "truncated": false}	{"built": null}	{}	Attack(Attack { energy_required: [Grass, Grass], title: "Chase Order", fixed_damage: 70...
8	km3	22	60	lookahead	55	LOOKAHEAD ONLY, both halves hold	LOOKAHEAD ONLY, both halves hold	no	{"cut": 2, "free": false, "queued": 1}	{"cut": 2, "free": false, "queued": 1, "truncated": false}	{"built": null}	{}	Attack(Attack { energy_required: [Grass, Grass], title: "Chase Order", fixed_damage: 70...
8	km3	22	61	state	48	ON THE BOARD	ON THE BOARD	no				{"coin_queued_offered": [48], "coin_queued_offered_any": [48]}	
8	km3	22	63	lookahead	104	LOOKAHEAD ONLY, both halves hold	LOOKAHEAD ONLY, both halves hold	no	{"cut": 2, "free": false, "queued": 1}	{"cut": 2, "free": false, "queued": 1, "truncated": false}	{"built": null}	{}	Attack(Attack { energy_required: [Grass, Grass], title: "Chase Order", fixed_damage: 70...
8	km3	22	64	state	61	ON THE BOARD	ON THE BOARD	no				{"coin_queued_offered": [61], "coin_queued_offered_any": [61]}	
8	km3	22	65	lookahead	40	LOOKAHEAD ONLY, both halves hold	LOOKAHEAD ONLY, both halves hold	no	{"cut": 2, "free": false, "queued": 1}	{"cut": 2, "free": false, "queued": 1, "truncated": false}	{"built": null}	{}	Attack(Attack { energy_required: [Grass, Grass], title: "Chase Order", fixed_damage: 70...
8	km3	22	67	state	55	ON THE BOARD	ON THE BOARD	no				{"coin_queued_offered": [55], "coin_queued_offered_any": [55]}	
8	km3	22	70	state	68	ON THE BOARD	ON THE BOARD	no				{"coin_queued_offered": [68], "coin_queued_offered_any": [68]}	
8	km3	22	72	state	34	ON THE BOARD	ON THE BOARD	no				{"coin_queued_offered": [34], "coin_queued_offered_any": [34]}	
8	km3	22	74	lookahead	43	LOOKAHEAD ONLY, both halves hold	LOOKAHEAD ONLY, both halves hold	no	{"cut": 2, "free": false, "queued": 1}	{"cut": 2, "free": false, "queued": 1, "truncated": false}	{"built": null}	{}	Attack(Attack { energy_required: [Grass, Grass], title: "Chase Order", fixed_damage: 70...
8	km3	22	75	state	65	ON THE BOARD	ON THE BOARD	no				{"coin_queued_offered": [65], "coin_queued_offered_any": [65]}	
8	km3	22	76	lookahead	57	LOOKAHEAD ONLY, both halves hold	LOOKAHEAD ONLY, both halves hold	no	{"cut": 2, "free": false, "queued": 1}	{"cut": 2, "free": false, "queued": 1, "truncated": false}	{"built": null}	{}	Attack(Attack { energy_required: [Grass, Grass], title: "Chase Order", fixed_damage: 70...
8	km3	22	77	state	61	ON THE BOARD	ON THE BOARD	no				{"coin_queued_offered": [61], "coin_queued_offered_any": [61]}	
8	km3	22	78	lookahead	74	LOOKAHEAD ONLY, both halves hold	LOOKAHEAD ONLY, both halves hold	no	{"cut": 2, "free": false, "queued": 1}	{"cut": 2, "free": false, "queued": 1, "truncated": false}	{"built": null}	{}	Attack(Attack { energy_required: [Grass, Grass], title: "Chase Order", fixed_damage: 70...
8	km3	22	79	lookahead	43	LOOKAHEAD ONLY, both halves hold	LOOKAHEAD ONLY, both halves hold	no	{"cut": 2, "free": false, "queued": 1}	{"cut": 2, "free": false, "queued": 1, "truncated": false}	{"built": null}	{}	Attack(Attack { energy_required: [Grass, Grass], title: "Chase Order", fixed_damage: 70...
8	km3	22	80	state	98	ON THE BOARD	ON THE BOARD	no				{"coin_queued_offered": [98], "coin_queued_offered_any": [98]}	
8	km3	22	82	state	89	ON THE BOARD	ON THE BOARD	no				{"coin_queued_offered": [89], "coin_queued_offered_any": [89]}	
8	km3	22	83	lookahead	53	LOOKAHEAD ONLY, both halves hold	LOOKAHEAD ONLY, both halves hold	no	{"cut": 2, "free": false, "queued": 1}	{"cut": 2, "free": false, "queued": 1, "truncated": false}	{"built": null}	{}	Attack(Attack { energy_required: [Grass, Grass], title: "Chase Order", fixed_damage: 70...
8	km3	22	85	lookahead	69	LOOKAHEAD ONLY, both halves hold	LOOKAHEAD ONLY, both halves hold	no	{"cut": 2, "free": false, "queued": 2}	{"cut": 2, "free": false, "queued": 2, "truncated": false}	{"built": null}	{}	Retreat(3) ; Attack(Attack { energy_required: [Grass, Grass], title: "Chase Order", fixed_damage: 70...
8	km3	22	87	state	65	ON THE BOARD	ON THE BOARD	no				{"coin_queued_offered": [65], "coin_queued_offered_any": [65]}	
8	km3	22	88	lookahead	78	LOOKAHEAD ONLY, both halves hold	LOOKAHEAD ONLY, both halves hold	no	{"cut": 2, "free": false, "queued": 1}	{"cut": 2, "free": false, "queued": 1, "truncated": false}	{"built": null}	{}	Attack(Attack { energy_required: [Grass, Grass], title: "Chase Order", fixed_damage: 70...
8	km3	22	91	state	80	ON THE BOARD	ON THE BOARD	no				{"coin_cut_recorded": [80], "coin_queued_offered": [80], "coin_queued_offered_any": [80]}	
8	km3	22	92	state	43	ON THE BOARD	ON THE BOARD	no				{"coin_queued_offered": [43], "coin_queued_offered_any": [43]}	
8	km3	22	93	state	65	ON THE BOARD	ON THE BOARD	no				{"coin_queued_offered": [65], "coin_queued_offered_any": [65]}	
8	km3	22	94	state	76	ON THE BOARD	ON THE BOARD	no				{"coin_queued_offered": [76], "coin_queued_offered_any": [76]}	
8	km3	22	97	state	42	ON THE BOARD	ON THE BOARD	no				{"coin_queued_offered": [42], "coin_queued_offered_any": [42]}	
8	km3	22	98	lookahead	71	LOOKAHEAD ONLY, both halves hold	LOOKAHEAD ONLY, both halves hold	no	{"cut": 2, "free": false, "queued": 1}	{"cut": 2, "free": false, "queued": 1, "truncated": false}	{"built": null}	{}	Attack(Attack { energy_required: [Grass, Grass], title: "Chase Order", fixed_damage: 70...
8	km3	22	99	state	72	ON THE BOARD	ON THE BOARD	no				{"coin_queued_offered": [72], "coin_queued_offered_any": [72]}	
8	km3	22	100	lookahead	74	ON THE BOARD	ON THE BOARD	no				{"coin_cut_recorded": [74]}	
8	km3	22	101	lookahead	60	LOOKAHEAD ONLY, both halves hold	LOOKAHEAD ONLY, both halves hold	no	{"cut": 2, "free": false, "queued": 1}	{"cut": 2, "free": false, "queued": 1, "truncated": false}	{"built": null}	{}	Attack(Attack { energy_required: [Grass, Grass], title: "Chase Order", fixed_damage: 70...
8	km3	22	102	state	47	ON THE BOARD	ON THE BOARD	no				{"coin_queued_offered": [47], "coin_queued_offered_any": [47]}	
8	km3	22	103	state	73	ON THE BOARD	ON THE BOARD	no				{"coin_queued_offered": [73], "coin_queued_offered_any": [73]}	
8	km3	22	104	lookahead	44	LOOKAHEAD ONLY, both halves hold	LOOKAHEAD ONLY, both halves hold	no	{"cut": 2, "free": false, "queued": 1}	{"cut": 2, "free": false, "queued": 1, "truncated": false}	{"built": null}	{}	Attack(Attack { energy_required: [Grass, Grass], title: "Chase Order", fixed_damage: 70...
8	km3	22	105	lookahead	66	LOOKAHEAD ONLY, both halves hold	LOOKAHEAD ONLY, both halves hold	no	{"cut": 2, "free": false, "queued": 1}	{"cut": 2, "free": false, "queued": 1, "truncated": false}	{"built": null}	{}	Attack(Attack { energy_required: [Grass, Grass], title: "Chase Order", fixed_damage: 70...
8	km3	22	109	lookahead	90	LOOKAHEAD ONLY, both halves hold	LOOKAHEAD ONLY, both halves hold	no	{"cut": 1, "free": false, "queued": 2}	{"cut": 1, "free": false, "queued": 2, "truncated": false}	{"built": null}	{}	Retreat(3) ; Attack(Attack { energy_required: [Grass, Grass], title: "Chase Order", fixed_damage: 70...
8	km3	22	110	state	57	ON THE BOARD	ON THE BOARD	no				{"coin_queued_offered": [57], "coin_queued_offered_any": [57]}	
8	km3	22	114	lookahead	68	LOOKAHEAD ONLY, both halves hold	LOOKAHEAD ONLY, both halves hold	no	{"cut": 2, "free": false, "queued": 1}	{"cut": 2, "free": false, "queued": 1, "truncated": false}	{"built": null}	{}	Attack(Attack { energy_required: [Grass, Grass], title: "Chase Order", fixed_damage: 70...
8	km3	22	115	state	42	ON THE BOARD	ON THE BOARD	no				{"coin_queued_offered": [42], "coin_queued_offered_any": [42]}	
8	km3	22	117	lookahead	77	LOOKAHEAD ONLY, both halves hold	LOOKAHEAD ONLY, both halves hold	no	{"cut": 2, "free": false, "queued": 1}	{"cut": 2, "free": false, "queued": 1, "truncated": false}	{"built": null}	{}	Attack(Attack { energy_required: [Grass, Grass], title: "Chase Order", fixed_damage: 70...
8	km3	22	119	state	76	ON THE BOARD	ON THE BOARD	no				{"coin_queued_offered": [76], "coin_queued_offered_any": [76]}	
8	km3	22	120	lookahead	76	LOOKAHEAD ONLY, both halves hold	LOOKAHEAD ONLY, both halves hold	no	{"cut": 2, "free": false, "queued": 1}	{"cut": 2, "free": false, "queued": 1, "truncated": false}	{"built": null}	{}	Attack(Attack { energy_required: [Grass, Grass], title: "Chase Order", fixed_damage: 70...
8	km3	22	122	lookahead	41	LOOKAHEAD ONLY, both halves hold	LOOKAHEAD ONLY, both halves hold	no	{"cut": 2, "free": false, "queued": 1}	{"cut": 2, "free": false, "queued": 1, "truncated": false}	{"built": null}	{}	Attack(Attack { energy_required: [Grass, Grass], title: "Chase Order", fixed_damage: 70...
8	km3	22	123	state	61	ON THE BOARD	ON THE BOARD	no				{"coin_queued_offered": [61], "coin_queued_offered_any": [61]}	
8	km3	22	124	state	61	ON THE BOARD	ON THE BOARD	no				{"coin_queued_offered": [61], "coin_queued_offered_any": [61]}	
8	km3	22	128	lookahead	64	LOOKAHEAD ONLY, both halves hold	LOOKAHEAD ONLY, both halves hold	no	{"cut": 2, "free": false, "queued": 1}	{"cut": 2, "free": false, "queued": 1, "truncated": false}	{"built": null}	{}	Attack(Attack { energy_required: [Grass, Grass], title: "Chase Order", fixed_damage: 70...
8	km3	22	129	lookahead	72	LOOKAHEAD ONLY, both halves hold	LOOKAHEAD ONLY, both halves hold	no	{"cut": 2, "free": false, "queued": 1}	{"cut": 2, "free": false, "queued": 1, "truncated": false}	{"built": null}	{}	Attack(Attack { energy_required: [Grass, Grass], title: "Chase Order", fixed_damage: 70...
8	km3	22	130	lookahead	28	LOOKAHEAD ONLY, both halves hold	LOOKAHEAD ONLY, both halves hold	no	{"cut": 2, "free": false, "queued": 1}	{"cut": 2, "free": false, "queued": 1, "truncated": false}	{"built": null}	{}	Attack(Attack { energy_required: [Grass, Grass], title: "Chase Order", fixed_damage: 70...
8	km3	22	131	lookahead	75	LOOKAHEAD ONLY, both halves hold	LOOKAHEAD ONLY, both halves hold	no	{"cut": 2, "free": false, "queued": 1}	{"cut": 2, "free": false, "queued": 1, "truncated": false}	{"built": null}	{}	Attack(Attack { energy_required: [Grass, Grass], title: "Chase Order", fixed_damage: 70...
8	km3	22	132	lookahead	49	LOOKAHEAD ONLY, both halves hold	LOOKAHEAD ONLY, both halves hold	no	{"cut": 2, "free": false, "queued": 1}	{"cut": 2, "free": false, "queued": 1, "truncated": false}	{"built": null}	{}	Attack(Attack { energy_required: [Grass, Grass], title: "Chase Order", fixed_damage: 70...
8	km3	22	133	state	81	ON THE BOARD	ON THE BOARD	no				{"coin_queued_offered": [81], "coin_queued_offered_any": [81]}	
8	km3	22	134	state	95	ON THE BOARD	ON THE BOARD	no				{"coin_queued_offered": [95], "coin_queued_offered_any": [95]}	
8	km3	22	135	state	84	ON THE BOARD	ON THE BOARD	no				{"coin_queued_offered": [84], "coin_queued_offered_any": [84]}	
8	km3	22	136	lookahead	32	LOOKAHEAD ONLY, both halves hold	LOOKAHEAD ONLY, both halves hold	no	{"cut": 2, "free": false, "queued": 1}	{"cut": 2, "free": false, "queued": 1, "truncated": false}	{"built": null}	{}	Attack(Attack { energy_required: [Grass, Grass], title: "Chase Order", fixed_damage: 70...
8	km3	22	137	state	39	ON THE BOARD	ON THE BOARD	no				{"coin_queued_offered": [39], "coin_queued_offered_any": [39]}	
8	km3	22	140	lookahead	49	LOOKAHEAD ONLY, both halves hold	LOOKAHEAD ONLY, both halves hold	no	{"cut": 2, "free": false, "queued": 1}	{"cut": 2, "free": false, "queued": 1, "truncated": false}	{"built": null}	{}	Attack(Attack { energy_required: [Grass, Grass], title: "Chase Order", fixed_damage: 70...
8	km3	22	145	lookahead	65	LOOKAHEAD ONLY, both halves hold	LOOKAHEAD ONLY, both halves hold	no	{"cut": 1, "free": false, "queued": 2}	{"cut": 1, "free": false, "queued": 2, "truncated": false}	{"built": null}	{}	Retreat(3) ; Attack(Attack { energy_required: [Grass, Grass], title: "Chase Order", fixed_damage: 70...
8	km3	22	147	state	44	ON THE BOARD	ON THE BOARD	no				{"coin_queued_offered": [44], "coin_queued_offered_any": [44]}	
8	km3	22	149	lookahead	111	LOOKAHEAD ONLY, both halves hold	LOOKAHEAD ONLY, both halves hold	no	{"cut": 2, "free": false, "queued": 1}	{"cut": 2, "free": false, "queued": 1, "truncated": false}	{"built": null}	{}	Attack(Attack { energy_required: [Grass, Grass], title: "Chase Order", fixed_damage: 70...
8	km3	22	152	lookahead	75	LOOKAHEAD ONLY, both halves hold	LOOKAHEAD ONLY, both halves hold	no	{"cut": 2, "free": false, "queued": 1}	{"cut": 2, "free": false, "queued": 1, "truncated": false}	{"built": null}	{}	Attack(Attack { energy_required: [Grass, Grass], title: "Chase Order", fixed_damage: 70...
8	km3	22	153	state	68	ON THE BOARD	ON THE BOARD	no				{"coin_queued_offered": [68], "coin_queued_offered_any": [68]}	
8	km3	22	155	lookahead	102	LOOKAHEAD ONLY, both halves hold	LOOKAHEAD ONLY, both halves hold	no	{"cut": 2, "free": false, "queued": 1}	{"cut": 2, "free": false, "queued": 1, "truncated": false}	{"built": null}	{}	Attack(Attack { energy_required: [Grass, Grass], title: "Chase Order", fixed_damage: 70...
8	km3	22	156	lookahead	97	LOOKAHEAD ONLY, both halves hold	LOOKAHEAD ONLY, both halves hold	no	{"cut": 2, "free": false, "queued": 1}	{"cut": 2, "free": false, "queued": 1, "truncated": false}	{"built": null}	{}	Attack(Attack { energy_required: [Grass, Grass], title: "Chase Order", fixed_damage: 70...
8	km3	22	158	lookahead	61	LOOKAHEAD ONLY, both halves hold	LOOKAHEAD ONLY, both halves hold	no	{"cut": 2, "free": false, "queued": 1}	{"cut": 2, "free": false, "queued": 1, "truncated": false}	{"built": null}	{}	Attack(Attack { energy_required: [Grass, Grass], title: "Chase Order", fixed_damage: 70...
8	km3	22	159	lookahead	81	LOOKAHEAD ONLY, both halves hold	LOOKAHEAD ONLY, both halves hold	no	{"cut": 2, "free": false, "queued": 1}	{"cut": 2, "free": false, "queued": 1, "truncated": false}	{"built": null}	{}	Attack(Attack { energy_required: [Grass, Grass], title: "Chase Order", fixed_damage: 70...
8	km3	22	161	state	47	ON THE BOARD	ON THE BOARD	no				{"coin_queued_offered": [47], "coin_queued_offered_any": [47]}	
8	km3	22	164	state	77	ON THE BOARD	ON THE BOARD	no				{"coin_queued_offered": [77], "coin_queued_offered_any": [77]}	
8	km3	22	165	lookahead	88	LOOKAHEAD ONLY, both halves hold	LOOKAHEAD ONLY, both halves hold	no	{"cut": 1, "free": false, "queued": 2}	{"cut": 1, "free": false, "queued": 2, "truncated": false}	{"built": null}	{}	Retreat(2) ; Attack(Attack { energy_required: [Grass, Grass], title: "Chase Order", fixed_damage: 70...
8	km3	22	170	state	96	ON THE BOARD	ON THE BOARD	no				{"coin_queued_offered": [96], "coin_queued_offered_any": [96]}	
8	km3	22	175	lookahead	73	LOOKAHEAD ONLY, both halves hold	LOOKAHEAD ONLY, both halves hold	no	{"cut": 2, "free": false, "queued": 1}	{"cut": 2, "free": false, "queued": 1, "truncated": false}	{"built": null}	{}	Attack(Attack { energy_required: [Grass, Grass], title: "Chase Order", fixed_damage: 70...
8	km3	22	177	state	58	ON THE BOARD	ON THE BOARD	no				{"coin_queued_offered": [58], "coin_queued_offered_any": [58]}	
8	km3	22	178	lookahead	63	LOOKAHEAD ONLY, both halves hold	LOOKAHEAD ONLY, both halves hold	no	{"cut": 2, "free": false, "queued": 1}	{"cut": 2, "free": false, "queued": 1, "truncated": false}	{"built": null}	{}	Attack(Attack { energy_required: [Grass, Grass], title: "Chase Order", fixed_damage: 70...
8	km3	22	180	state	73	ON THE BOARD	ON THE BOARD	no				{"coin_queued_offered": [73], "coin_queued_offered_any": [73]}	
8	km3	22	181	state	99	ON THE BOARD	ON THE BOARD	no				{"coin_queued_offered": [99], "coin_queued_offered_any": [99]}	
8	km3	22	182	lookahead	47	LOOKAHEAD ONLY, both halves hold	LOOKAHEAD ONLY, both halves hold	no	{"cut": 2, "free": false, "queued": 1}	{"cut": 2, "free": false, "queued": 1, "truncated": false}	{"built": null}	{}	Attack(Attack { energy_required: [Grass, Grass], title: "Chase Order", fixed_damage: 70...
8	km3	22	184	state	70	ON THE BOARD	ON THE BOARD	no				{"coin_queued_offered": [70], "coin_queued_offered_any": [70]}	
8	km3	22	187	state	57	ON THE BOARD	ON THE BOARD	no				{"coin_queued_offered": [57], "coin_queued_offered_any": [57]}	
8	km3	22	188	state	56	ON THE BOARD	ON THE BOARD	no				{"coin_queued_offered": [56], "coin_queued_offered_any": [56]}	
8	km3	22	189	lookahead	71	LOOKAHEAD ONLY, both halves hold	LOOKAHEAD ONLY, both halves hold	no	{"cut": 2, "free": false, "queued": 1}	{"cut": 2, "free": false, "queued": 1, "truncated": false}	{"built": null}	{}	Attack(Attack { energy_required: [Grass, Grass], title: "Chase Order", fixed_damage: 70...
8	km3	22	190	state	80	ON THE BOARD	ON THE BOARD	no				{"coin_queued_offered": [80], "coin_queued_offered_any": [80]}	
8	km3	22	193	state	110	ON THE BOARD	ON THE BOARD	no				{"coin_queued_offered": [110], "coin_queued_offered_any": [110]}	
8	km3	22	194	state	64	ON THE BOARD	ON THE BOARD	no				{"coin_queued_offered": [64], "coin_queued_offered_any": [64]}	
8	km3	22	195	state	72	ON THE BOARD	ON THE BOARD	no				{"coin_queued_offered": [72], "coin_queued_offered_any": [72]}	
8	km3	22	196	state	72	ON THE BOARD	ON THE BOARD	no				{"coin_cut_recorded": [72], "coin_queued_offered": [72], "coin_queued_offered_any": [72]}	
8	km3	22	198	lookahead	70	LOOKAHEAD ONLY, both halves hold	LOOKAHEAD ONLY, both halves hold	no	{"cut": 2, "free": false, "queued": 1}	{"cut": 2, "free": false, "queued": 1, "truncated": false}	{"built": null}	{}	Attack(Attack { energy_required: [Grass, Grass], title: "Chase Order", fixed_damage: 70...
8	km3	22	200	lookahead	106	LOOKAHEAD ONLY, both halves hold	LOOKAHEAD ONLY, both halves hold	no	{"cut": 2, "free": false, "queued": 1}	{"cut": 2, "free": false, "queued": 1, "truncated": false}	{"built": null}	{}	Attack(Attack { energy_required: [Grass, Grass], title: "Chase Order", fixed_damage: 70...
8	km3	22	201	state	51	ON THE BOARD	ON THE BOARD	no				{"coin_queued_offered": [51], "coin_queued_offered_any": [51]}	
8	km3	22	202	state	80	ON THE BOARD	ON THE BOARD	no				{"coin_queued_offered": [80], "coin_queued_offered_any": [80]}	
8	km3	22	203	state	57	ON THE BOARD	ON THE BOARD	no				{"coin_cut_recorded": [57], "coin_queued_offered": [57], "coin_queued_offered_any": [57]}	
8	km3	22	205	lookahead	84	LOOKAHEAD ONLY, both halves hold	LOOKAHEAD ONLY, both halves hold	no	{"cut": 2, "free": false, "queued": 1}	{"cut": 2, "free": false, "queued": 1, "truncated": false}	{"built": null}	{}	Attack(Attack { energy_required: [Grass, Grass], title: "Chase Order", fixed_damage: 70...
8	km3	22	208	lookahead	56	LOOKAHEAD ONLY, both halves hold	LOOKAHEAD ONLY, both halves hold	no	{"cut": 2, "free": false, "queued": 1}	{"cut": 2, "free": false, "queued": 1, "truncated": false}	{"built": null}	{}	Attack(Attack { energy_required: [Grass, Grass], title: "Chase Order", fixed_damage: 70...
8	km3	22	209	lookahead	43	LOOKAHEAD ONLY, both halves hold	LOOKAHEAD ONLY, both halves hold	no	{"cut": 2, "free": false, "queued": 1}	{"cut": 2, "free": false, "queued": 1, "truncated": false}	{"built": null}	{}	Attack(Attack { energy_required: [Grass, Grass], title: "Chase Order", fixed_damage: 70...
8	km3	22	214	lookahead	56	LOOKAHEAD ONLY, both halves hold	LOOKAHEAD ONLY, both halves hold	no	{"cut": 2, "free": false, "queued": 1}	{"cut": 2, "free": false, "queued": 1, "truncated": false}	{"built": null}	{}	Attack(Attack { energy_required: [Grass, Grass], title: "Chase Order", fixed_damage: 70...
8	km3	22	215	lookahead	50	LOOKAHEAD ONLY, both halves hold	LOOKAHEAD ONLY, both halves hold	no	{"cut": 2, "free": false, "queued": 1}	{"cut": 2, "free": false, "queued": 1, "truncated": false}	{"built": null}	{}	Attack(Attack { energy_required: [Grass, Grass], title: "Chase Order", fixed_damage: 70...
8	km3	22	216	state	62	ON THE BOARD	ON THE BOARD	no				{"coin_queued_offered": [62], "coin_queued_offered_any": [62]}	
8	km3	22	218	state	41	ON THE BOARD	ON THE BOARD	no				{"coin_queued_offered": [41], "coin_queued_offered_any": [41]}	
8	km3	22	219	state	77	ON THE BOARD	ON THE BOARD	no				{"coin_queued_offered": [77], "coin_queued_offered_any": [77]}	
8	km3	22	223	state	38	ON THE BOARD	ON THE BOARD	no				{"coin_queued_offered": [38], "coin_queued_offered_any": [38]}	
8	km3	22	225	lookahead	65	LOOKAHEAD ONLY, both halves hold	LOOKAHEAD ONLY, both halves hold	no	{"cut": 2, "free": false, "queued": 1}	{"cut": 2, "free": false, "queued": 1, "truncated": false}	{"built": null}	{}	Attack(Attack { energy_required: [Grass, Grass], title: "Chase Order", fixed_damage: 70...
8	km3	22	226	state	41	ON THE BOARD	ON THE BOARD	no				{"coin_queued_offered": [41], "coin_queued_offered_any": [41]}	
8	km3	22	230	lookahead	65	LOOKAHEAD ONLY, both halves hold	LOOKAHEAD ONLY, both halves hold	no	{"cut": 2, "free": false, "queued": 1}	{"cut": 2, "free": false, "queued": 1, "truncated": false}	{"built": null}	{}	Attack(Attack { energy_required: [Grass, Grass], title: "Chase Order", fixed_damage: 70...
8	km3	22	231	lookahead	48	LOOKAHEAD ONLY, both halves hold	LOOKAHEAD ONLY, both halves hold	no	{"cut": 2, "free": false, "queued": 1}	{"cut": 2, "free": false, "queued": 1, "truncated": false}	{"built": null}	{}	Attack(Attack { energy_required: [Grass, Grass], title: "Chase Order", fixed_damage: 70...
8	km3	22	233	lookahead	74	LOOKAHEAD ONLY, both halves hold	LOOKAHEAD ONLY, both halves hold	no	{"cut": 2, "free": false, "queued": 1}	{"cut": 2, "free": false, "queued": 1, "truncated": false}	{"built": null}	{}	Attack(Attack { energy_required: [Grass, Grass], title: "Chase Order", fixed_damage: 70...
8	km3	22	234	state	75	ON THE BOARD	ON THE BOARD	no				{"coin_queued_offered": [75], "coin_queued_offered_any": [75]}	
8	km3	22	239	state	89	ON THE BOARD	ON THE BOARD	no				{"coin_queued_offered": [89], "coin_queued_offered_any": [89]}	
8	km3	22	243	state	50	ON THE BOARD	ON THE BOARD	no				{"coin_queued_offered": [50], "coin_queued_offered_any": [50]}	
8	km3	22	244	state	65	ON THE BOARD	ON THE BOARD	no				{"coin_queued_offered": [65], "coin_queued_offered_any": [65]}	
8	km3	22	248	lookahead	78	LOOKAHEAD ONLY, both halves hold	LOOKAHEAD ONLY, both halves hold	no	{"cut": 2, "free": false, "queued": 1}	{"cut": 2, "free": false, "queued": 1, "truncated": false}	{"built": null}	{}	Attack(Attack { energy_required: [Grass, Grass], title: "Chase Order", fixed_damage: 70...
8	km3	22	251	state	81	ON THE BOARD	ON THE BOARD	no				{"coin_queued_offered": [81], "coin_queued_offered_any": [81]}	
8	km3	22	254	lookahead	65	LOOKAHEAD ONLY, both halves hold	LOOKAHEAD ONLY, both halves hold	no	{"cut": 2, "free": false, "queued": 1}	{"cut": 2, "free": false, "queued": 1, "truncated": false}	{"built": null}	{}	Attack(Attack { energy_required: [Grass, Grass], title: "Chase Order", fixed_damage: 70...
8	km3	22	255	lookahead	72	LOOKAHEAD ONLY, both halves hold	LOOKAHEAD ONLY, both halves hold	no	{"cut": 2, "free": false, "queued": 1}	{"cut": 2, "free": false, "queued": 1, "truncated": false}	{"built": null}	{}	Attack(Attack { energy_required: [Grass, Grass], title: "Chase Order", fixed_damage: 70...
8	km3	22	257	state	39	ON THE BOARD	ON THE BOARD	no				{"coin_queued_offered": [39], "coin_queued_offered_any": [39]}	
8	km3	22	259	lookahead	82	LOOKAHEAD ONLY, both halves hold	LOOKAHEAD ONLY, both halves hold	no	{"cut": 2, "free": false, "queued": 1}	{"cut": 2, "free": false, "queued": 1, "truncated": false}	{"built": null}	{}	Attack(Attack { energy_required: [Grass, Grass], title: "Chase Order", fixed_damage: 70...
8	km3	22	260	lookahead	75	LOOKAHEAD ONLY, both halves hold	LOOKAHEAD ONLY, both halves hold	no	{"cut": 2, "free": false, "queued": 1}	{"cut": 2, "free": false, "queued": 1, "truncated": false}	{"built": null}	{}	Attack(Attack { energy_required: [Grass, Grass], title: "Chase Order", fixed_damage: 70...
8	km3	22	261	state	32	ON THE BOARD	ON THE BOARD	no				{"coin_queued_offered": [32], "coin_queued_offered_any": [32]}	
8	km3	22	265	lookahead	78	LOOKAHEAD ONLY, both halves hold	LOOKAHEAD ONLY, both halves hold	no	{"cut": 2, "free": false, "queued": 1}	{"cut": 2, "free": false, "queued": 1, "truncated": false}	{"built": null}	{}	Attack(Attack { energy_required: [Grass, Grass], title: "Chase Order", fixed_damage: 70...
8	km3	22	266	state	52	ON THE BOARD	ON THE BOARD	no				{"coin_queued_offered": [52], "coin_queued_offered_any": [52]}	
8	km3	22	267	lookahead	58	LOOKAHEAD ONLY, both halves hold	LOOKAHEAD ONLY, both halves hold	no	{"cut": 2, "free": false, "queued": 1}	{"cut": 2, "free": false, "queued": 1, "truncated": false}	{"built": null}	{}	Attack(Attack { energy_required: [Grass, Grass], title: "Chase Order", fixed_damage: 70...
8	km3	22	268	state	59	ON THE BOARD	ON THE BOARD	no				{"coin_queued_offered": [59], "coin_queued_offered_any": [59]}	
8	km3	22	270	state	65	ON THE BOARD	ON THE BOARD	no				{"coin_queued_offered": [65], "coin_queued_offered_any": [65]}	
8	km3	22	274	lookahead	61	LOOKAHEAD ONLY, both halves hold	LOOKAHEAD ONLY, both halves hold	no	{"cut": 2, "free": false, "queued": 1}	{"cut": 2, "free": false, "queued": 1, "truncated": false}	{"built": null}	{}	Attack(Attack { energy_required: [Grass, Grass], title: "Chase Order", fixed_damage: 70...
8	km3	22	275	lookahead	71	LOOKAHEAD ONLY, both halves hold	LOOKAHEAD ONLY, both halves hold	no	{"cut": 2, "free": false, "queued": 1}	{"cut": 2, "free": false, "queued": 1, "truncated": false}	{"built": null}	{}	Attack(Attack { energy_required: [Grass, Grass], title: "Chase Order", fixed_damage: 70...
8	km3	22	276	lookahead	57	LOOKAHEAD ONLY, both halves hold	LOOKAHEAD ONLY, both halves hold	no	{"cut": 1, "free": false, "queued": 2}	{"cut": 1, "free": false, "queued": 2, "truncated": false}	{"built": null}	{}	Retreat(3) ; Attack(Attack { energy_required: [Grass, Grass], title: "Chase Order", fixed_damage: 70...
8	km3	22	277	lookahead	37	LOOKAHEAD ONLY, both halves hold	LOOKAHEAD ONLY, both halves hold	no	{"cut": 2, "free": false, "queued": 1}	{"cut": 2, "free": false, "queued": 1, "truncated": false}	{"built": null}	{}	Attack(Attack { energy_required: [Grass, Grass], title: "Chase Order", fixed_damage: 70...
8	km3	22	280	lookahead	72	LOOKAHEAD ONLY, both halves hold	LOOKAHEAD ONLY, both halves hold	no	{"cut": 2, "free": false, "queued": 1}	{"cut": 2, "free": false, "queued": 1, "truncated": false}	{"built": null}	{}	Attack(Attack { energy_required: [Grass, Grass], title: "Chase Order", fixed_damage: 70...
8	km3	22	283	state	57	ON THE BOARD	ON THE BOARD	no				{"coin_queued_offered": [57], "coin_queued_offered_any": [57]}	
8	km3	22	284	state	93	ON THE BOARD	ON THE BOARD	no				{"coin_queued_offered": [93], "coin_queued_offered_any": [93]}	
8	km3	22	285	lookahead	94	ON THE BOARD	ON THE BOARD	no				{"coin_cut_recorded": [94]}	
8	km3	22	287	lookahead	87	LOOKAHEAD ONLY, both halves hold	LOOKAHEAD ONLY, both halves hold	no	{"cut": 2, "free": false, "queued": 1}	{"cut": 2, "free": false, "queued": 1, "truncated": false}	{"built": null}	{}	Attack(Attack { energy_required: [Grass, Grass], title: "Chase Order", fixed_damage: 70...
8	km3	22	291	state	64	ON THE BOARD	ON THE BOARD	no				{"coin_cut_recorded": [64], "coin_queued_offered": [64], "coin_queued_offered_any": [64]}	
8	km3	22	293	lookahead	97	ON THE BOARD	ON THE BOARD	no				{"coin_cut_recorded": [97]}	
8	km3	22	294	lookahead	59	LOOKAHEAD ONLY, both halves hold	LOOKAHEAD ONLY, both halves hold	no	{"cut": 1, "free": false, "queued": 2}	{"cut": 1, "free": false, "queued": 2, "truncated": false}	{"built": null}	{}	Retreat(3) ; Attack(Attack { energy_required: [Grass, Grass], title: "Chase Order", fixed_damage: 70...
8	km3	22	295	state	105	ON THE BOARD	ON THE BOARD	no				{"coin_queued_offered": [105], "coin_queued_offered_any": [105]}	
8	km3	22	304	lookahead	84	LOOKAHEAD ONLY, both halves hold	LOOKAHEAD ONLY, both halves hold	no	{"cut": 2, "free": false, "queued": 1}	{"cut": 2, "free": false, "queued": 1, "truncated": false}	{"built": null}	{}	Attack(Attack { energy_required: [Grass, Grass], title: "Chase Order", fixed_damage: 70...
8	km3	22	305	lookahead	77	LOOKAHEAD ONLY, both halves hold	LOOKAHEAD ONLY, both halves hold	no	{"cut": 2, "free": false, "queued": 1}	{"cut": 2, "free": false, "queued": 1, "truncated": false}	{"built": null}	{}	Attack(Attack { energy_required: [Grass, Grass], title: "Chase Order", fixed_damage: 70...
8	km3	22	307	lookahead	66	LOOKAHEAD ONLY, both halves hold	LOOKAHEAD ONLY, both halves hold	no	{"cut": 2, "free": false, "queued": 1}	{"cut": 2, "free": false, "queued": 1, "truncated": false}	{"built": null}	{}	Attack(Attack { energy_required: [Grass, Grass], title: "Chase Order", fixed_damage: 70...
8	km3	22	309	lookahead	59	LOOKAHEAD ONLY, both halves hold	LOOKAHEAD ONLY, both halves hold	no	{"cut": 2, "free": false, "queued": 1}	{"cut": 2, "free": false, "queued": 1, "truncated": false}	{"built": null}	{}	Attack(Attack { energy_required: [Grass, Grass], title: "Chase Order", fixed_damage: 70...
8	km3	22	311	lookahead	50	LOOKAHEAD ONLY, both halves hold	LOOKAHEAD ONLY, both halves hold	no	{"cut": 2, "free": false, "queued": 1}	{"cut": 2, "free": false, "queued": 1, "truncated": false}	{"built": null}	{}	Attack(Attack { energy_required: [Grass, Grass], title: "Chase Order", fixed_damage: 70...
8	km3	22	313	state	77	ON THE BOARD	ON THE BOARD	no				{"coin_queued_offered": [77], "coin_queued_offered_any": [77]}	
8	km3	22	315	state	96	ON THE BOARD	ON THE BOARD	no				{"coin_queued_offered": [96], "coin_queued_offered_any": [96]}	
8	km3	22	317	lookahead	54	LOOKAHEAD ONLY, both halves hold	LOOKAHEAD ONLY, both halves hold	no	{"cut": 2, "free": false, "queued": 1}	{"cut": 2, "free": false, "queued": 1, "truncated": false}	{"built": null}	{}	Attack(Attack { energy_required: [Grass, Grass], title: "Chase Order", fixed_damage: 70...
8	km3	22	319	lookahead	59	LOOKAHEAD ONLY, both halves hold	LOOKAHEAD ONLY, both halves hold	no	{"cut": 2, "free": false, "queued": 1}	{"cut": 2, "free": false, "queued": 1, "truncated": false}	{"built": null}	{}	Attack(Attack { energy_required: [Grass, Grass], title: "Chase Order", fixed_damage: 70...
8	km3	22	320	lookahead	79	LOOKAHEAD ONLY, both halves hold	LOOKAHEAD ONLY, both halves hold	no	{"cut": 2, "free": false, "queued": 1}	{"cut": 2, "free": false, "queued": 1, "truncated": false}	{"built": null}	{}	Attack(Attack { energy_required: [Grass, Grass], title: "Chase Order", fixed_damage: 70...
8	km3	22	321	lookahead	83	LOOKAHEAD ONLY, both halves hold	LOOKAHEAD ONLY, both halves hold	no	{"cut": 2, "free": false, "queued": 1}	{"cut": 2, "free": false, "queued": 1, "truncated": false}	{"built": null}	{}	Attack(Attack { energy_required: [Grass, Grass], title: "Chase Order", fixed_damage: 70...
8	km3	22	327	state	90	ON THE BOARD	ON THE BOARD	no				{"coin_queued_offered": [90], "coin_queued_offered_any": [90]}	
8	km3	22	329	state	104	ON THE BOARD	ON THE BOARD	no				{"coin_queued_offered": [104], "coin_queued_offered_any": [104]}	
8	km3	22	332	state	90	ON THE BOARD	ON THE BOARD	no				{"coin_queued_offered": [90], "coin_queued_offered_any": [90]}	
8	km3	22	333	state	59	ON THE BOARD	ON THE BOARD	no				{"coin_queued_offered": [59], "coin_queued_offered_any": [59]}	
8	km3	22	334	lookahead	86	LOOKAHEAD ONLY, both halves hold	LOOKAHEAD ONLY, both halves hold	no	{"cut": 2, "free": false, "queued": 1}	{"cut": 2, "free": false, "queued": 1, "truncated": false}	{"built": null}	{}	Attack(Attack { energy_required: [Grass, Grass], title: "Chase Order", fixed_damage: 70...
8	km3	22	335	state	85	ON THE BOARD	ON THE BOARD	no				{"coin_queued_offered": [85], "coin_queued_offered_any": [85]}	
8	km3	22	336	state	71	ON THE BOARD	ON THE BOARD	no				{"coin_queued_offered": [71], "coin_queued_offered_any": [71]}	
8	km3	22	337	lookahead	68	LOOKAHEAD ONLY, both halves hold	LOOKAHEAD ONLY, both halves hold	no	{"cut": 2, "free": false, "queued": 1}	{"cut": 2, "free": false, "queued": 1, "truncated": false}	{"built": null}	{}	Attack(Attack { energy_required: [Grass, Grass], title: "Chase Order", fixed_damage: 70...
8	km3	22	338	state	75	ON THE BOARD	ON THE BOARD	no				{"coin_queued_offered": [75], "coin_queued_offered_any": [75]}	
8	km3	22	339	lookahead	47	LOOKAHEAD ONLY, both halves hold	LOOKAHEAD ONLY, both halves hold	no	{"cut": 2, "free": false, "queued": 1}	{"cut": 2, "free": false, "queued": 1, "truncated": false}	{"built": null}	{}	Attack(Attack { energy_required: [Grass, Grass], title: "Chase Order", fixed_damage: 70...
8	km3	22	340	lookahead	78	LOOKAHEAD ONLY, both halves hold	LOOKAHEAD ONLY, both halves hold	no	{"cut": 1, "free": false, "queued": 2}	{"cut": 1, "free": false, "queued": 2, "truncated": false}	{"built": null}	{}	Retreat(2) ; Attack(Attack { energy_required: [Grass, Grass], title: "Chase Order", fixed_damage: 70...
8	km3	22	341	state	66	ON THE BOARD	ON THE BOARD	no				{"coin_queued_offered": [66], "coin_queued_offered_any": [66]}	
8	km3	22	342	lookahead	42	LOOKAHEAD ONLY, both halves hold	LOOKAHEAD ONLY, both halves hold	no	{"cut": 1, "free": false, "queued": 2}	{"cut": 1, "free": false, "queued": 2, "truncated": false}	{"built": null}	{}	Retreat(3) ; Attack(Attack { energy_required: [Grass, Grass], title: "Chase Order", fixed_damage: 70...
8	km3	22	343	state	64	ON THE BOARD	ON THE BOARD	no				{"coin_queued_offered": [64], "coin_queued_offered_any": [64]}	
8	km3	22	345	lookahead	58	LOOKAHEAD ONLY, both halves hold	LOOKAHEAD ONLY, both halves hold	no	{"cut": 2, "free": false, "queued": 1}	{"cut": 2, "free": false, "queued": 1, "truncated": false}	{"built": null}	{}	Attack(Attack { energy_required: [Grass, Grass], title: "Chase Order", fixed_damage: 70...
8	km3	22	346	state	41	ON THE BOARD	ON THE BOARD	no				{"coin_queued_offered": [41], "coin_queued_offered_any": [41]}	
8	km3	22	347	lookahead	72	LOOKAHEAD ONLY, both halves hold	LOOKAHEAD ONLY, both halves hold	no	{"cut": 2, "free": false, "queued": 1}	{"cut": 2, "free": false, "queued": 1, "truncated": false}	{"built": null}	{}	Attack(Attack { energy_required: [Grass, Grass], title: "Chase Order", fixed_damage: 70...
8	km3	22	348	lookahead	41	LOOKAHEAD ONLY, both halves hold	LOOKAHEAD ONLY, both halves hold	no	{"cut": 2, "free": false, "queued": 1}	{"cut": 2, "free": false, "queued": 1, "truncated": false}	{"built": null}	{}	Attack(Attack { energy_required: [Grass, Grass], title: "Chase Order", fixed_damage: 70...
8	km3	22	349	state	50	ON THE BOARD	ON THE BOARD	no				{"coin_queued_offered": [50], "coin_queued_offered_any": [50]}	
8	km3	22	350	lookahead	88	LOOKAHEAD ONLY, both halves hold	LOOKAHEAD ONLY, both halves hold	no	{"cut": 2, "free": false, "queued": 1}	{"cut": 2, "free": false, "queued": 1, "truncated": false}	{"built": null}	{}	Attack(Attack { energy_required: [Grass, Grass], title: "Chase Order", fixed_damage: 70...
8	km3	22	353	state	50	ON THE BOARD	ON THE BOARD	no				{"coin_cut_recorded": [50], "coin_queued_offered": [50], "coin_queued_offered_any": [50]}	
8	km3	22	354	state	87	ON THE BOARD	ON THE BOARD	no				{"coin_queued_offered": [87], "coin_queued_offered_any": [87]}	
8	km3	22	355	state	61	ON THE BOARD	ON THE BOARD	no				{"coin_queued_offered": [61], "coin_queued_offered_any": [61]}	
8	km3	22	358	lookahead	41	LOOKAHEAD ONLY, both halves hold	LOOKAHEAD ONLY, both halves hold	no	{"cut": 2, "free": false, "queued": 1}	{"cut": 2, "free": false, "queued": 1, "truncated": false}	{"built": null}	{}	Attack(Attack { energy_required: [Grass, Grass], title: "Chase Order", fixed_damage: 70...
8	km3	22	359	state	79	ON THE BOARD	ON THE BOARD	no				{"coin_queued_offered": [79], "coin_queued_offered_any": [79]}	
8	km3	22	362	state	47	ON THE BOARD	ON THE BOARD	no				{"coin_queued_offered": [47], "coin_queued_offered_any": [47]}	
8	km3	22	363	lookahead	79	LOOKAHEAD ONLY, both halves hold	LOOKAHEAD ONLY, both halves hold	no	{"cut": 2, "free": false, "queued": 1}	{"cut": 2, "free": false, "queued": 1, "truncated": false}	{"built": null}	{}	Attack(Attack { energy_required: [Grass, Grass], title: "Chase Order", fixed_damage: 70...
8	km3	22	365	lookahead	60	LOOKAHEAD ONLY, both halves hold	LOOKAHEAD ONLY, both halves hold	no	{"cut": 2, "free": false, "queued": 1}	{"cut": 2, "free": false, "queued": 1, "truncated": false}	{"built": null}	{}	Attack(Attack { energy_required: [Grass, Grass], title: "Chase Order", fixed_damage: 70...
8	km3	22	367	lookahead	39	LOOKAHEAD ONLY, both halves hold	LOOKAHEAD ONLY, both halves hold	no	{"cut": 2, "free": false, "queued": 1}	{"cut": 2, "free": false, "queued": 1, "truncated": false}	{"built": null}	{}	Attack(Attack { energy_required: [Grass, Grass], title: "Chase Order", fixed_damage: 70...
8	km3	22	368	state	68	ON THE BOARD	ON THE BOARD	no				{"coin_queued_offered": [68], "coin_queued_offered_any": [68]}	
8	km3	22	371	lookahead	98	LOOKAHEAD ONLY, both halves hold	LOOKAHEAD ONLY, both halves hold	no	{"cut": 1, "free": false, "queued": 2}	{"cut": 1, "free": false, "queued": 2, "truncated": false}	{"built": null}	{}	Retreat(2) ; Attack(Attack { energy_required: [Grass, Grass], title: "Chase Order", fixed_damage: 70...
8	km3	22	373	lookahead	59	LOOKAHEAD ONLY, both halves hold	LOOKAHEAD ONLY, both halves hold	no	{"cut": 2, "free": false, "queued": 1}	{"cut": 2, "free": false, "queued": 1, "truncated": false}	{"built": null}	{}	Attack(Attack { energy_required: [Grass, Grass], title: "Chase Order", fixed_damage: 70...
8	km3	22	375	lookahead	87	LOOKAHEAD ONLY, both halves hold	LOOKAHEAD ONLY, both halves hold	no	{"cut": 2, "free": false, "queued": 1}	{"cut": 2, "free": false, "queued": 1, "truncated": false}	{"built": null}	{}	Attack(Attack { energy_required: [Grass, Grass], title: "Chase Order", fixed_damage: 70...
8	km3	22	376	lookahead	84	LOOKAHEAD ONLY, both halves hold	LOOKAHEAD ONLY, both halves hold	no	{"cut": 1, "free": false, "queued": 2}	{"cut": 1, "free": false, "queued": 2, "truncated": false}	{"built": null}	{}	Retreat(3) ; Attack(Attack { energy_required: [Grass, Grass], title: "Chase Order", fixed_damage: 70...
8	km3	22	382	state	38	ON THE BOARD	ON THE BOARD	no				{"coin_queued_offered": [38], "coin_queued_offered_any": [38]}	
8	km3	22	383	state	84	ON THE BOARD	ON THE BOARD	no				{"coin_queued_offered": [84], "coin_queued_offered_any": [84]}	
8	km3	22	384	lookahead	53	LOOKAHEAD ONLY, both halves hold	LOOKAHEAD ONLY, both halves hold	no	{"cut": 2, "free": false, "queued": 1}	{"cut": 2, "free": false, "queued": 1, "truncated": false}	{"built": null}	{}	Attack(Attack { energy_required: [Grass, Grass], title: "Chase Order", fixed_damage: 70...
8	km3	22	385	state	83	ON THE BOARD	ON THE BOARD	no				{"coin_queued_offered": [83], "coin_queued_offered_any": [83]}	
8	km3	22	386	state	35	ON THE BOARD	ON THE BOARD	no				{"coin_queued_offered": [35], "coin_queued_offered_any": [35]}	
8	km3	22	387	lookahead	26	LOOKAHEAD ONLY, both halves hold	LOOKAHEAD ONLY, both halves hold	no	{"cut": 2, "free": false, "queued": 1}	{"cut": 2, "free": false, "queued": 1, "truncated": false}	{"built": null}	{}	Attack(Attack { energy_required: [Grass, Grass], title: "Chase Order", fixed_damage: 70...
8	km3	22	389	lookahead	57	LOOKAHEAD ONLY, both halves hold	LOOKAHEAD ONLY, both halves hold	no	{"cut": 2, "free": false, "queued": 1}	{"cut": 2, "free": false, "queued": 1, "truncated": false}	{"built": null}	{}	Attack(Attack { energy_required: [Grass, Grass], title: "Chase Order", fixed_damage: 70...
8	km3	22	390	lookahead	94	LOOKAHEAD ONLY, both halves hold	LOOKAHEAD ONLY, both halves hold	no	{"cut": 2, "free": false, "queued": 1}	{"cut": 2, "free": false, "queued": 1, "truncated": false}	{"built": null}	{}	Attack(Attack { energy_required: [Grass, Grass], title: "Chase Order", fixed_damage: 70...
8	km3	22	392	lookahead	97	LOOKAHEAD ONLY, both halves hold	LOOKAHEAD ONLY, both halves hold	no	{"cut": 2, "free": false, "queued": 1}	{"cut": 2, "free": false, "queued": 1, "truncated": false}	{"built": null}	{}	Attack(Attack { energy_required: [Grass, Grass], title: "Chase Order", fixed_damage: 70...
8	km3	22	393	state	56	ON THE BOARD	ON THE BOARD	no				{"coin_queued_offered": [56], "coin_queued_offered_any": [56]}	
8	km3	22	397	state	76	ON THE BOARD	ON THE BOARD	no				{"coin_queued_offered": [76], "coin_queued_offered_any": [76]}	
8	km3	22	398	state	87	ON THE BOARD	ON THE BOARD	no				{"coin_queued_offered": [87], "coin_queued_offered_any": [87]}	
8	km3	22	399	lookahead	67	LOOKAHEAD ONLY, both halves hold	LOOKAHEAD ONLY, both halves hold	no	{"cut": 2, "free": false, "queued": 1}	{"cut": 2, "free": false, "queued": 1, "truncated": false}	{"built": null}	{}	Attack(Attack { energy_required: [Grass, Grass], title: "Chase Order", fixed_damage: 70...
8	km3	22	400	lookahead	85	LOOKAHEAD ONLY, both halves hold	LOOKAHEAD ONLY, both halves hold	no	{"cut": 2, "free": false, "queued": 1}	{"cut": 2, "free": false, "queued": 1, "truncated": false}	{"built": null}	{}	Attack(Attack { energy_required: [Grass, Grass], title: "Chase Order", fixed_damage: 70...
8	km3	22	401	state	77	ON THE BOARD	ON THE BOARD	no				{"coin_queued_offered": [77], "coin_queued_offered_any": [77]}	
8	km3	22	402	state	111	ON THE BOARD	ON THE BOARD	no				{"coin_queued_offered": [111], "coin_queued_offered_any": [111]}	
8	km3	22	403	lookahead	40	LOOKAHEAD ONLY, both halves hold	LOOKAHEAD ONLY, both halves hold	no	{"cut": 2, "free": false, "queued": 1}	{"cut": 2, "free": false, "queued": 1, "truncated": false}	{"built": null}	{}	Attack(Attack { energy_required: [Grass, Grass], title: "Chase Order", fixed_damage: 70...
8	km3	22	404	lookahead	71	LOOKAHEAD ONLY, both halves hold	LOOKAHEAD ONLY, both halves hold	no	{"cut": 2, "free": false, "queued": 1}	{"cut": 2, "free": false, "queued": 1, "truncated": false}	{"built": null}	{}	Attack(Attack { energy_required: [Grass, Grass], title: "Chase Order", fixed_damage: 70...
8	km3	22	406	lookahead	85	LOOKAHEAD ONLY, both halves hold	LOOKAHEAD ONLY, both halves hold	no	{"cut": 2, "free": false, "queued": 1}	{"cut": 2, "free": false, "queued": 1, "truncated": false}	{"built": null}	{}	Attack(Attack { energy_required: [Grass, Grass], title: "Chase Order", fixed_damage: 70...
8	km3	22	407	lookahead	47	LOOKAHEAD ONLY, both halves hold	LOOKAHEAD ONLY, both halves hold	no	{"cut": 2, "free": false, "queued": 1}	{"cut": 2, "free": false, "queued": 1, "truncated": false}	{"built": null}	{}	Attack(Attack { energy_required: [Grass, Grass], title: "Chase Order", fixed_damage: 70...
8	km3	22	408	lookahead	110	LOOKAHEAD ONLY, both halves hold	LOOKAHEAD ONLY, both halves hold	no	{"cut": 2, "free": false, "queued": 1}	{"cut": 2, "free": false, "queued": 1, "truncated": false}	{"built": null}	{}	Attack(Attack { energy_required: [Grass, Grass], title: "Chase Order", fixed_damage: 70...
8	km3	22	409	state	66	ON THE BOARD	ON THE BOARD	no				{"coin_queued_offered": [66], "coin_queued_offered_any": [66]}	
8	km3	22	410	state	52	ON THE BOARD	ON THE BOARD	no				{"coin_queued_offered": [52], "coin_queued_offered_any": [52]}	
8	km3	22	411	lookahead	52	LOOKAHEAD ONLY, both halves hold	LOOKAHEAD ONLY, both halves hold	no	{"cut": 2, "free": false, "queued": 1}	{"cut": 2, "free": false, "queued": 1, "truncated": false}	{"built": null}	{}	Attack(Attack { energy_required: [Grass, Grass], title: "Chase Order", fixed_damage: 70...
8	km3	22	414	state	51	ON THE BOARD	ON THE BOARD	no				{"coin_cut_recorded": [51], "coin_queued_offered": [51], "coin_queued_offered_any": [51]}	
8	km3	22	415	lookahead	72	LOOKAHEAD ONLY, both halves hold	LOOKAHEAD ONLY, both halves hold	no	{"cut": 2, "free": false, "queued": 1}	{"cut": 2, "free": false, "queued": 1, "truncated": false}	{"built": null}	{}	Attack(Attack { energy_required: [Grass, Grass], title: "Chase Order", fixed_damage: 70...
8	km3	22	417	state	53	ON THE BOARD	ON THE BOARD	no				{"coin_queued_offered": [53], "coin_queued_offered_any": [53]}	
8	km3	22	418	lookahead	59	LOOKAHEAD ONLY, both halves hold	LOOKAHEAD ONLY, both halves hold	no	{"cut": 2, "free": false, "queued": 1}	{"cut": 2, "free": false, "queued": 1, "truncated": false}	{"built": null}	{}	Attack(Attack { energy_required: [Grass, Grass], title: "Chase Order", fixed_damage: 70...
8	km3	22	424	state	67	ON THE BOARD	ON THE BOARD	no				{"coin_queued_offered": [67], "coin_queued_offered_any": [67]}	
8	km3	22	428	lookahead	67	LOOKAHEAD ONLY, both halves hold	LOOKAHEAD ONLY, both halves hold	no	{"cut": 2, "free": false, "queued": 1}	{"cut": 2, "free": false, "queued": 1, "truncated": false}	{"built": null}	{}	Attack(Attack { energy_required: [Grass, Grass], title: "Chase Order", fixed_damage: 70...
8	km3	22	429	lookahead	59	ON THE BOARD	ON THE BOARD	no				{"coin_cut_recorded": [59]}	
8	km3	22	431	lookahead	45	LOOKAHEAD ONLY, both halves hold	LOOKAHEAD ONLY, both halves hold	no	{"cut": 2, "free": false, "queued": 1}	{"cut": 2, "free": false, "queued": 1, "truncated": false}	{"built": null}	{}	Attack(Attack { energy_required: [Grass, Grass], title: "Chase Order", fixed_damage: 70...
8	km3	22	432	lookahead	51	LOOKAHEAD ONLY, both halves hold	LOOKAHEAD ONLY, both halves hold	no	{"cut": 2, "free": false, "queued": 1}	{"cut": 2, "free": false, "queued": 1, "truncated": false}	{"built": null}	{}	Attack(Attack { energy_required: [Grass, Grass], title: "Chase Order", fixed_damage: 70...
8	km3	22	433	state	50	ON THE BOARD	ON THE BOARD	no				{"coin_queued_offered": [50], "coin_queued_offered_any": [50]}	
8	km3	22	434	lookahead	69	LOOKAHEAD ONLY, both halves hold	LOOKAHEAD ONLY, both halves hold	no	{"cut": 1, "free": false, "queued": 2}	{"cut": 1, "free": false, "queued": 2, "truncated": false}	{"built": null}	{}	Retreat(2) ; Attack(Attack { energy_required: [Grass, Grass], title: "Chase Order", fixed_damage: 70...
8	km3	22	438	lookahead	51	LOOKAHEAD ONLY, both halves hold	LOOKAHEAD ONLY, both halves hold	no	{"cut": 3, "free": false, "queued": 2}	{"cut": 3, "free": false, "queued": 2, "truncated": false}	{"built": null}	{}	Attach { attachments: [(1, Grass, 0)], is_turn_energy: true } ; Attack(Attack { energy_required: [Grass, Grass], title: "Chase Order", fixed_damage: 70...
8	km3	22	439	lookahead	37	LOOKAHEAD ONLY, both halves hold	LOOKAHEAD ONLY, both halves hold	no	{"cut": 2, "free": false, "queued": 1}	{"cut": 2, "free": false, "queued": 1, "truncated": false}	{"built": null}	{}	Attack(Attack { energy_required: [Grass, Grass], title: "Chase Order", fixed_damage: 70...
8	km3	22	440	lookahead	66	LOOKAHEAD ONLY, both halves hold	LOOKAHEAD ONLY, both halves hold	no	{"cut": 2, "free": false, "queued": 1}	{"cut": 2, "free": false, "queued": 1, "truncated": false}	{"built": null}	{}	Attack(Attack { energy_required: [Grass, Grass], title: "Chase Order", fixed_damage: 70...
8	km3	22	441	lookahead	61	LOOKAHEAD ONLY, both halves hold	LOOKAHEAD ONLY, both halves hold	no	{"cut": 2, "free": false, "queued": 1}	{"cut": 2, "free": false, "queued": 1, "truncated": false}	{"built": null}	{}	Attack(Attack { energy_required: [Grass, Grass], title: "Chase Order", fixed_damage: 70...
8	km3	22	443	state	73	ON THE BOARD	ON THE BOARD	no				{"coin_queued_offered": [73], "coin_queued_offered_any": [73]}	
8	km3	22	445	lookahead	99	LOOKAHEAD ONLY, both halves hold	LOOKAHEAD ONLY, both halves hold	no	{"cut": 2, "free": false, "queued": 1}	{"cut": 2, "free": false, "queued": 1, "truncated": false}	{"built": null}	{}	Attack(Attack { energy_required: [Grass, Grass], title: "Chase Order", fixed_damage: 70...
8	km3	22	446	state	49	ON THE BOARD	ON THE BOARD	no				{"coin_queued_offered": [49], "coin_queued_offered_any": [49]}	
8	km3	22	447	state	65	ON THE BOARD	ON THE BOARD	no				{"coin_queued_offered": [65], "coin_queued_offered_any": [65]}	
8	km3	22	448	lookahead	64	LOOKAHEAD ONLY, both halves hold	LOOKAHEAD ONLY, both halves hold	no	{"cut": 2, "free": false, "queued": 1}	{"cut": 2, "free": false, "queued": 1, "truncated": false}	{"built": null}	{}	Attack(Attack { energy_required: [Grass, Grass], title: "Chase Order", fixed_damage: 70...
8	km3	22	455	state	72	ON THE BOARD	ON THE BOARD	no				{"coin_queued_offered": [72], "coin_queued_offered_any": [72]}	
8	km3	22	456	state	45	ON THE BOARD	ON THE BOARD	no				{"coin_queued_offered": [45], "coin_queued_offered_any": [45]}	
8	km3	22	457	state	53	ON THE BOARD	ON THE BOARD	no				{"coin_queued_offered": [53], "coin_queued_offered_any": [53]}	
8	km3	22	458	state	46	ON THE BOARD	ON THE BOARD	no				{"coin_queued_offered": [46], "coin_queued_offered_any": [46]}	
8	km3	22	461	lookahead	94	LOOKAHEAD ONLY, both halves hold	LOOKAHEAD ONLY, both halves hold	no	{"cut": 2, "free": false, "queued": 1}	{"cut": 2, "free": false, "queued": 1, "truncated": false}	{"built": null}	{}	Attack(Attack { energy_required: [Grass, Grass], title: "Chase Order", fixed_damage: 70...
8	km3	22	463	state	89	ON THE BOARD	ON THE BOARD	no				{"coin_queued_offered": [89], "coin_queued_offered_any": [89]}	
8	km3	22	465	lookahead	69	LOOKAHEAD ONLY, both halves hold	LOOKAHEAD ONLY, both halves hold	no	{"cut": 2, "free": false, "queued": 1}	{"cut": 2, "free": false, "queued": 1, "truncated": false}	{"built": null}	{}	Attack(Attack { energy_required: [Grass, Grass], title: "Chase Order", fixed_damage: 70...
8	km3	22	468	lookahead	53	LOOKAHEAD ONLY, both halves hold	LOOKAHEAD ONLY, both halves hold	no	{"cut": 2, "free": false, "queued": 1}	{"cut": 2, "free": false, "queued": 1, "truncated": false}	{"built": null}	{}	Attack(Attack { energy_required: [Grass, Grass], title: "Chase Order", fixed_damage: 70...
8	km3	22	469	lookahead	56	LOOKAHEAD ONLY, both halves hold	LOOKAHEAD ONLY, both halves hold	no	{"cut": 2, "free": false, "queued": 1}	{"cut": 2, "free": false, "queued": 1, "truncated": false}	{"built": null}	{}	Attack(Attack { energy_required: [Grass, Grass], title: "Chase Order", fixed_damage: 70...
8	km3	22	471	lookahead	36	LOOKAHEAD ONLY, both halves hold	LOOKAHEAD ONLY, both halves hold	no	{"cut": 3, "free": false, "queued": 2}	{"cut": 3, "free": false, "queued": 2, "truncated": false}	{"built": null}	{}	Attach { attachments: [(1, Grass, 0)], is_turn_energy: true } ; Attack(Attack { energy_required: [Grass, Grass], title: "Chase Order", fixed_damage: 70...
8	km3	22	473	lookahead	81	LOOKAHEAD ONLY, both halves hold	LOOKAHEAD ONLY, both halves hold	no	{"cut": 2, "free": false, "queued": 1}	{"cut": 2, "free": false, "queued": 1, "truncated": false}	{"built": null}	{}	Attack(Attack { energy_required: [Grass, Grass], title: "Chase Order", fixed_damage: 70...
8	km3	22	475	state	75	ON THE BOARD	ON THE BOARD	no				{"coin_queued_offered": [75], "coin_queued_offered_any": [75]}	
8	km3	22	476	lookahead	38	LOOKAHEAD ONLY, both halves hold	LOOKAHEAD ONLY, both halves hold	no	{"cut": 2, "free": false, "queued": 1}	{"cut": 2, "free": false, "queued": 1, "truncated": false}	{"built": null}	{}	Attack(Attack { energy_required: [Grass, Grass], title: "Chase Order", fixed_damage: 70...
8	km3	22	477	lookahead	97	LOOKAHEAD ONLY, both halves hold	LOOKAHEAD ONLY, both halves hold	no	{"cut": 1, "free": false, "queued": 2}	{"cut": 1, "free": false, "queued": 2, "truncated": false}	{"built": null}	{}	Retreat(3) ; Attack(Attack { energy_required: [Grass, Grass], title: "Chase Order", fixed_damage: 70...
8	km3	22	478	state	90	ON THE BOARD	ON THE BOARD	no				{"coin_queued_offered": [90], "coin_queued_offered_any": [90]}	
8	km3	22	480	lookahead	85	LOOKAHEAD ONLY, both halves hold	LOOKAHEAD ONLY, both halves hold	no	{"cut": 2, "free": false, "queued": 1}	{"cut": 2, "free": false, "queued": 1, "truncated": false}	{"built": null}	{}	Attack(Attack { energy_required: [Grass, Grass], title: "Chase Order", fixed_damage: 70...
8	km3	22	482	lookahead	30	LOOKAHEAD ONLY, both halves hold	LOOKAHEAD ONLY, both halves hold	no	{"cut": 2, "free": false, "queued": 1}	{"cut": 2, "free": false, "queued": 1, "truncated": false}	{"built": null}	{}	Attack(Attack { energy_required: [Grass, Grass], title: "Chase Order", fixed_damage: 70...
8	km3	22	485	state	71	ON THE BOARD	ON THE BOARD	no				{"coin_queued_offered": [71], "coin_queued_offered_any": [71]}	
8	km3	22	486	lookahead	78	LOOKAHEAD ONLY, both halves hold	LOOKAHEAD ONLY, both halves hold	no	{"cut": 2, "free": false, "queued": 1}	{"cut": 2, "free": false, "queued": 1, "truncated": false}	{"built": null}	{}	Attack(Attack { energy_required: [Grass, Grass], title: "Chase Order", fixed_damage: 70...
8	km3	22	487	lookahead	63	LOOKAHEAD ONLY, both halves hold	LOOKAHEAD ONLY, both halves hold	no	{"cut": 2, "free": false, "queued": 1}	{"cut": 2, "free": false, "queued": 1, "truncated": false}	{"built": null}	{}	Attack(Attack { energy_required: [Grass, Grass], title: "Chase Order", fixed_damage: 70...
8	km3	22	490	state	97	ON THE BOARD	ON THE BOARD	no				{"coin_queued_offered": [97], "coin_queued_offered_any": [97]}	
8	km3	22	491	state	94	ON THE BOARD	ON THE BOARD	no				{"coin_queued_offered": [94], "coin_queued_offered_any": [94]}	
8	km3	22	492	lookahead	82	LOOKAHEAD ONLY, both halves hold	LOOKAHEAD ONLY, both halves hold	no	{"cut": 2, "free": false, "queued": 1}	{"cut": 2, "free": false, "queued": 1, "truncated": false}	{"built": null}	{}	Attack(Attack { energy_required: [Grass, Grass], title: "Chase Order", fixed_damage: 70...
8	km3	22	493	lookahead	89	LOOKAHEAD ONLY, both halves hold	LOOKAHEAD ONLY, both halves hold	no	{"cut": 1, "free": false, "queued": 2}	{"cut": 1, "free": false, "queued": 2, "truncated": false}	{"built": null}	{}	Retreat(3) ; Attack(Attack { energy_required: [Grass, Grass], title: "Chase Order", fixed_damage: 70...
8	km3	22	496	state	83	ON THE BOARD	ON THE BOARD	no				{"coin_queued_offered": [83], "coin_queued_offered_any": [83]}	
8	km3	22	497	state	51	ON THE BOARD	ON THE BOARD	no				{"coin_queued_offered": [51], "coin_queued_offered_any": [51]}	
8	km3	22	498	state	56	ON THE BOARD	ON THE BOARD	no				{"coin_queued_offered": [56], "coin_queued_offered_any": [56]}	
8	km3	22	499	state	73	ON THE BOARD	ON THE BOARD	no				{"coin_queued_offered": [73], "coin_queued_offered_any": [73]}	
8	k3	22	1	state	54	ON THE BOARD	ON THE BOARD	no				{"coin_queued_offered": [54], "coin_queued_offered_any": [54]}	
8	k3	22	3	state	55	ON THE BOARD	ON THE BOARD	no				{"coin_queued_offered": [55], "coin_queued_offered_any": [55]}	
8	k3	22	5	state	65	ON THE BOARD	ON THE BOARD	no				{"coin_queued_offered": [65], "coin_queued_offered_any": [65]}	
8	k3	22	6	state	51	ON THE BOARD	ON THE BOARD	no				{"coin_queued_offered": [51], "coin_queued_offered_any": [51]}	
8	k3	22	7	lookahead	56	LOOKAHEAD ONLY, both halves hold	LOOKAHEAD ONLY, both halves hold	no	{"cut": 1, "free": false, "queued": 2}	{"cut": 1, "free": false, "queued": 2, "truncated": false}	{"built": null}	{}	Retreat(3) ; Attack(Attack { energy_required: [Grass, Grass], title: "Chase Order", fixed_damage: 70...
8	k3	22	8	lookahead	95	LOOKAHEAD ONLY, both halves hold	LOOKAHEAD ONLY, both halves hold	no	{"cut": 2, "free": false, "queued": 1}	{"cut": 2, "free": false, "queued": 1, "truncated": false}	{"built": null}	{}	Attack(Attack { energy_required: [Grass, Grass], title: "Chase Order", fixed_damage: 70...
8	k3	22	10	state	49	ON THE BOARD	ON THE BOARD	no				{"coin_queued_offered": [49], "coin_queued_offered_any": [49]}	
8	k3	22	12	lookahead	94	LOOKAHEAD ONLY, both halves hold	LOOKAHEAD ONLY, both halves hold	no	{"cut": 2, "free": false, "queued": 1}	{"cut": 2, "free": false, "queued": 1, "truncated": false}	{"built": null}	{}	Attack(Attack { energy_required: [Grass, Grass], title: "Chase Order", fixed_damage: 70...
8	k3	22	13	lookahead	55	LOOKAHEAD ONLY, both halves hold	LOOKAHEAD ONLY, both halves hold	no	{"cut": 2, "free": false, "queued": 1}	{"cut": 2, "free": false, "queued": 1, "truncated": false}	{"built": null}	{}	Attack(Attack { energy_required: [Grass, Grass], title: "Chase Order", fixed_damage: 70...
8	k3	22	15	state	66	ON THE BOARD	ON THE BOARD	no				{"coin_queued_offered": [66], "coin_queued_offered_any": [66]}	
8	k3	22	16	lookahead	67	LOOKAHEAD ONLY, both halves hold	LOOKAHEAD ONLY, both halves hold	no	{"cut": 2, "free": false, "queued": 1}	{"cut": 2, "free": false, "queued": 1, "truncated": false}	{"built": null}	{}	Attack(Attack { energy_required: [Grass, Grass], title: "Chase Order", fixed_damage: 70...
8	k3	22	17	lookahead	77	LOOKAHEAD ONLY, both halves hold	LOOKAHEAD ONLY, both halves hold	no	{"cut": 2, "free": false, "queued": 1}	{"cut": 2, "free": false, "queued": 1, "truncated": false}	{"built": null}	{}	Attack(Attack { energy_required: [Grass, Grass], title: "Chase Order", fixed_damage: 70...
8	k3	22	18	state	46	ON THE BOARD	ON THE BOARD	no				{"coin_queued_offered": [46], "coin_queued_offered_any": [46]}	
8	k3	22	19	state	100	ON THE BOARD	ON THE BOARD	no				{"coin_queued_offered": [100], "coin_queued_offered_any": [100]}	
8	k3	22	20	state	69	ON THE BOARD	ON THE BOARD	no				{"coin_queued_offered": [69], "coin_queued_offered_any": [69]}	
8	k3	22	21	state	71	ON THE BOARD	ON THE BOARD	no				{"coin_queued_offered": [71], "coin_queued_offered_any": [71]}	
8	k3	22	22	state	38	ON THE BOARD	ON THE BOARD	no				{"coin_queued_offered": [38], "coin_queued_offered_any": [38]}	
8	k3	22	23	lookahead	31	LOOKAHEAD ONLY, both halves hold	LOOKAHEAD ONLY, both halves hold	no	{"cut": 2, "free": false, "queued": 1}	{"cut": 2, "free": false, "queued": 1, "truncated": false}	{"built": null}	{}	Attack(Attack { energy_required: [Grass, Grass], title: "Chase Order", fixed_damage: 70...
8	k3	22	25	state	66	ON THE BOARD	ON THE BOARD	no				{"coin_queued_offered": [66], "coin_queued_offered_any": [66]}	
8	k3	22	27	lookahead	80	LOOKAHEAD ONLY, both halves hold	LOOKAHEAD ONLY, both halves hold	no	{"cut": 2, "free": false, "queued": 1}	{"cut": 2, "free": false, "queued": 1, "truncated": false}	{"built": null}	{}	Attack(Attack { energy_required: [Grass, Grass], title: "Chase Order", fixed_damage: 70...
8	k3	22	29	lookahead	38	LOOKAHEAD ONLY, both halves hold	LOOKAHEAD ONLY, both halves hold	no	{"cut": 2, "free": false, "queued": 1}	{"cut": 2, "free": false, "queued": 1, "truncated": false}	{"built": null}	{}	Attack(Attack { energy_required: [Grass, Grass], title: "Chase Order", fixed_damage: 70...
8	k3	22	31	state	94	ON THE BOARD	ON THE BOARD	no				{"coin_queued_offered": [94], "coin_queued_offered_any": [94]}	
8	k3	22	32	lookahead	91	LOOKAHEAD ONLY, both halves hold	LOOKAHEAD ONLY, both halves hold	no	{"cut": 2, "free": false, "queued": 1}	{"cut": 2, "free": false, "queued": 1, "truncated": false}	{"built": null}	{}	Attack(Attack { energy_required: [Grass, Grass], title: "Chase Order", fixed_damage: 70...
8	k3	22	33	lookahead	35	LOOKAHEAD ONLY, both halves hold	LOOKAHEAD ONLY, both halves hold	no	{"cut": 2, "free": false, "queued": 1}	{"cut": 2, "free": false, "queued": 1, "truncated": false}	{"built": null}	{}	Attack(Attack { energy_required: [Grass, Grass], title: "Chase Order", fixed_damage: 70...
8	k3	22	34	lookahead	74	LOOKAHEAD ONLY, both halves hold	LOOKAHEAD ONLY, both halves hold	no	{"cut": 2, "free": false, "queued": 1}	{"cut": 2, "free": false, "queued": 1, "truncated": false}	{"built": null}	{}	Attack(Attack { energy_required: [Grass, Grass], title: "Chase Order", fixed_damage: 70...
8	k3	22	35	lookahead	80	LOOKAHEAD ONLY, both halves hold	LOOKAHEAD ONLY, both halves hold	no	{"cut": 2, "free": false, "queued": 1}	{"cut": 2, "free": false, "queued": 1, "truncated": false}	{"built": null}	{}	Attack(Attack { energy_required: [Grass, Grass], title: "Chase Order", fixed_damage: 70...
8	k3	22	37	state	87	ON THE BOARD	ON THE BOARD	no				{"coin_queued_offered": [87], "coin_queued_offered_any": [87]}	
8	k3	22	38	state	97	ON THE BOARD	ON THE BOARD	no				{"coin_queued_offered": [97], "coin_queued_offered_any": [97]}	
8	k3	22	39	lookahead	100	LOOKAHEAD ONLY, both halves hold	LOOKAHEAD ONLY, both halves hold	no	{"cut": 1, "free": false, "queued": 2}	{"cut": 1, "free": false, "queued": 2, "truncated": false}	{"built": null}	{}	Retreat(2) ; Attack(Attack { energy_required: [Grass, Grass], title: "Chase Order", fixed_damage: 70...
8	k3	22	40	state	51	ON THE BOARD	ON THE BOARD	no				{"coin_queued_offered": [51], "coin_queued_offered_any": [51]}	
8	k3	22	41	lookahead	41	LOOKAHEAD ONLY, both halves hold	LOOKAHEAD ONLY, both halves hold	no	{"cut": 2, "free": false, "queued": 1}	{"cut": 2, "free": false, "queued": 1, "truncated": false}	{"built": null}	{}	Attack(Attack { energy_required: [Grass, Grass], title: "Chase Order", fixed_damage: 70...
8	k3	22	44	lookahead	83	LOOKAHEAD ONLY, both halves hold	LOOKAHEAD ONLY, both halves hold	no	{"cut": 2, "free": false, "queued": 1}	{"cut": 2, "free": false, "queued": 1, "truncated": false}	{"built": null}	{}	Attack(Attack { energy_required: [Grass, Grass], title: "Chase Order", fixed_damage: 70...
8	k3	22	46	state	26	ON THE BOARD	ON THE BOARD	no				{"coin_queued_offered": [26], "coin_queued_offered_any": [26]}	
8	k3	22	47	state	71	ON THE BOARD	ON THE BOARD	no				{"coin_queued_offered": [71], "coin_queued_offered_any": [71]}	
8	k3	22	49	state	50	ON THE BOARD	ON THE BOARD	no				{"coin_queued_offered": [50], "coin_queued_offered_any": [50]}	
8	k3	22	50	lookahead	60	LOOKAHEAD ONLY, both halves hold	LOOKAHEAD ONLY, both halves hold	no	{"cut": 2, "free": false, "queued": 1}	{"cut": 2, "free": false, "queued": 1, "truncated": false}	{"built": null}	{}	Attack(Attack { energy_required: [Grass, Grass], title: "Chase Order", fixed_damage: 70...
8	k3	22	52	state	67	ON THE BOARD	ON THE BOARD	no				{"coin_queued_offered": [67], "coin_queued_offered_any": [67]}	
8	k3	22	54	lookahead	110	LOOKAHEAD ONLY, both halves hold	LOOKAHEAD ONLY, both halves hold	no	{"cut": 2, "free": false, "queued": 1}	{"cut": 2, "free": false, "queued": 1, "truncated": false}	{"built": null}	{}	Attack(Attack { energy_required: [Grass, Grass], title: "Chase Order", fixed_damage: 70...
8	k3	22	55	state	59	ON THE BOARD	ON THE BOARD	no				{"coin_queued_offered": [59], "coin_queued_offered_any": [59]}	
8	k3	22	57	lookahead	91	LOOKAHEAD ONLY, both halves hold	LOOKAHEAD ONLY, both halves hold	no	{"cut": 2, "free": false, "queued": 1}	{"cut": 2, "free": false, "queued": 1, "truncated": false}	{"built": null}	{}	Attack(Attack { energy_required: [Grass, Grass], title: "Chase Order", fixed_damage: 70...
8	k3	22	58	lookahead	29	LOOKAHEAD ONLY, both halves hold	LOOKAHEAD ONLY, both halves hold	no	{"cut": 2, "free": false, "queued": 1}	{"cut": 2, "free": false, "queued": 1, "truncated": false}	{"built": null}	{}	Attack(Attack { energy_required: [Grass, Grass], title: "Chase Order", fixed_damage: 70...
8	k3	22	59	lookahead	73	LOOKAHEAD ONLY, both halves hold	LOOKAHEAD ONLY, both halves hold	no	{"cut": 2, "free": false, "queued": 1}	{"cut": 2, "free": false, "queued": 1, "truncated": false}	{"built": null}	{}	Attack(Attack { energy_required: [Grass, Grass], title: "Chase Order", fixed_damage: 70...
8	k3	22	60	lookahead	55	LOOKAHEAD ONLY, both halves hold	LOOKAHEAD ONLY, both halves hold	no	{"cut": 2, "free": false, "queued": 1}	{"cut": 2, "free": false, "queued": 1, "truncated": false}	{"built": null}	{}	Attack(Attack { energy_required: [Grass, Grass], title: "Chase Order", fixed_damage: 70...
8	k3	22	61	lookahead	61	LOOKAHEAD ONLY, both halves hold	LOOKAHEAD ONLY, both halves hold	no	{"cut": 2, "free": false, "queued": 1}	{"cut": 2, "free": false, "queued": 1, "truncated": false}	{"built": null}	{}	Attack(Attack { energy_required: [Grass, Grass], title: "Chase Order", fixed_damage: 70...
8	k3	22	62	state	64	ON THE BOARD	ON THE BOARD	no				{"coin_queued_offered": [64], "coin_queued_offered_any": [64]}	
8	k3	22	63	lookahead	86	LOOKAHEAD ONLY, both halves hold	LOOKAHEAD ONLY, both halves hold	no	{"cut": 2, "free": false, "queued": 1}	{"cut": 2, "free": false, "queued": 1, "truncated": false}	{"built": null}	{}	Attack(Attack { energy_required: [Grass, Grass], title: "Chase Order", fixed_damage: 70...
8	k3	22	64	lookahead	43	LOOKAHEAD ONLY, both halves hold	LOOKAHEAD ONLY, both halves hold	no	{"cut": 2, "free": false, "queued": 1}	{"cut": 2, "free": false, "queued": 1, "truncated": false}	{"built": null}	{}	Attack(Attack { energy_required: [Grass, Grass], title: "Chase Order", fixed_damage: 70...
8	k3	22	65	lookahead	30	LOOKAHEAD ONLY, both halves hold	LOOKAHEAD ONLY, both halves hold	no	{"cut": 3, "free": false, "queued": 2}	{"cut": 3, "free": false, "queued": 2, "truncated": false}	{"built": null}	{}	Attach { attachments: [(1, Grass, 0)], is_turn_energy: true } ; Attack(Attack { energy_required: [Grass, Grass], title: "Chase Order", fixed_damage: 70...
8	k3	22	67	state	50	ON THE BOARD	ON THE BOARD	no				{"coin_queued_offered": [50], "coin_queued_offered_any": [50]}	
8	k3	22	70	state	77	ON THE BOARD	ON THE BOARD	no				{"coin_queued_offered": [77], "coin_queued_offered_any": [77]}	
8	k3	22	73	lookahead	76	LOOKAHEAD ONLY, both halves hold	LOOKAHEAD ONLY, both halves hold	no	{"cut": 2, "free": false, "queued": 1}	{"cut": 2, "free": false, "queued": 1, "truncated": false}	{"built": null}	{}	Attack(Attack { energy_required: [Grass, Grass], title: "Chase Order", fixed_damage: 70...
8	k3	22	74	state	73	ON THE BOARD	ON THE BOARD	no				{"coin_queued_offered": [73], "coin_queued_offered_any": [73]}	
8	k3	22	77	lookahead	61	LOOKAHEAD ONLY, both halves hold	LOOKAHEAD ONLY, both halves hold	no	{"cut": 2, "free": false, "queued": 1}	{"cut": 2, "free": false, "queued": 1, "truncated": false}	{"built": null}	{}	Attack(Attack { energy_required: [Grass, Grass], title: "Chase Order", fixed_damage: 70...
8	k3	22	79	state	54	ON THE BOARD	ON THE BOARD	no				{"coin_queued_offered": [54], "coin_queued_offered_any": [54]}	
8	k3	22	81	lookahead	80	LOOKAHEAD ONLY, both halves hold	LOOKAHEAD ONLY, both halves hold	no	{"cut": 2, "free": false, "queued": 1}	{"cut": 2, "free": false, "queued": 1, "truncated": false}	{"built": null}	{}	Attack(Attack { energy_required: [Grass, Grass], title: "Chase Order", fixed_damage: 70...
8	k3	22	83	lookahead	82	LOOKAHEAD ONLY, both halves hold	LOOKAHEAD ONLY, both halves hold	no	{"cut": 2, "free": false, "queued": 1}	{"cut": 2, "free": false, "queued": 1, "truncated": false}	{"built": null}	{}	Attack(Attack { energy_required: [Grass, Grass], title: "Chase Order", fixed_damage: 70...
8	k3	22	85	lookahead	76	LOOKAHEAD ONLY, both halves hold	LOOKAHEAD ONLY, both halves hold	no	{"cut": 2, "free": false, "queued": 1}	{"cut": 2, "free": false, "queued": 1, "truncated": false}	{"built": null}	{}	Attack(Attack { energy_required: [Grass, Grass], title: "Chase Order", fixed_damage: 70...
8	k3	22	86	state	78	ON THE BOARD	ON THE BOARD	no				{"coin_queued_offered": [78], "coin_queued_offered_any": [78]}	
8	k3	22	87	lookahead	73	LOOKAHEAD ONLY, both halves hold	LOOKAHEAD ONLY, both halves hold	no	{"cut": 2, "free": false, "queued": 1}	{"cut": 2, "free": false, "queued": 1, "truncated": false}	{"built": null}	{}	Attack(Attack { energy_required: [Grass, Grass], title: "Chase Order", fixed_damage: 70...
8	k3	22	88	lookahead	78	LOOKAHEAD ONLY, both halves hold	LOOKAHEAD ONLY, both halves hold	no	{"cut": 2, "free": false, "queued": 1}	{"cut": 2, "free": false, "queued": 1, "truncated": false}	{"built": null}	{}	Attack(Attack { energy_required: [Grass, Grass], title: "Chase Order", fixed_damage: 70...
8	k3	22	89	lookahead	62	LOOKAHEAD ONLY, both halves hold	LOOKAHEAD ONLY, both halves hold	no	{"cut": 2, "free": false, "queued": 1}	{"cut": 2, "free": false, "queued": 1, "truncated": false}	{"built": null}	{}	Attack(Attack { energy_required: [Grass, Grass], title: "Chase Order", fixed_damage: 70...
8	k3	22	90	state	63	ON THE BOARD	ON THE BOARD	no				{"coin_queued_offered": [63], "coin_queued_offered_any": [63]}	
8	k3	22	91	state	74	ON THE BOARD	ON THE BOARD	no				{"coin_queued_offered": [74], "coin_queued_offered_any": [74]}	
8	k3	22	92	state	40	ON THE BOARD	ON THE BOARD	no				{"coin_queued_offered": [40], "coin_queued_offered_any": [40]}	
8	k3	22	93	state	65	ON THE BOARD	ON THE BOARD	no				{"coin_queued_offered": [65], "coin_queued_offered_any": [65]}	
8	k3	22	94	lookahead	68	LOOKAHEAD ONLY, both halves hold	LOOKAHEAD ONLY, both halves hold	no	{"cut": 1, "free": false, "queued": 2}	{"cut": 1, "free": false, "queued": 2, "truncated": false}	{"built": null}	{}	Place(Pokemon(A4 021 Shuckle ex), 1) ; Attack(Attack { energy_required: [Grass, Grass], title: "Chase Order", fixed_damage: 70...
8	k3	22	95	lookahead	68	LOOKAHEAD ONLY, both halves hold	LOOKAHEAD ONLY, both halves hold	no	{"cut": 2, "free": false, "queued": 1}	{"cut": 2, "free": false, "queued": 1, "truncated": false}	{"built": null}	{}	Attack(Attack { energy_required: [Grass, Grass], title: "Chase Order", fixed_damage: 70...
8	k3	22	96	state	95	ON THE BOARD	ON THE BOARD	no				{"coin_queued_offered": [95], "coin_queued_offered_any": [95]}	
8	k3	22	98	lookahead	73	LOOKAHEAD ONLY, both halves hold	LOOKAHEAD ONLY, both halves hold	no	{"cut": 2, "free": false, "queued": 1}	{"cut": 2, "free": false, "queued": 1, "truncated": false}	{"built": null}	{}	Attack(Attack { energy_required: [Grass, Grass], title: "Chase Order", fixed_damage: 70...
8	k3	22	99	state	69	ON THE BOARD	ON THE BOARD	no				{"coin_queued_offered": [69], "coin_queued_offered_any": [69]}	
8	k3	22	101	state	61	ON THE BOARD	ON THE BOARD	no				{"coin_queued_offered": [61], "coin_queued_offered_any": [61]}	
8	k3	22	102	lookahead	71	LOOKAHEAD ONLY, both halves hold	LOOKAHEAD ONLY, both halves hold	no	{"cut": 2, "free": false, "queued": 1}	{"cut": 2, "free": false, "queued": 1, "truncated": false}	{"built": null}	{}	Attack(Attack { energy_required: [Grass, Grass], title: "Chase Order", fixed_damage: 70...
8	k3	22	103	state	36	ON THE BOARD	ON THE BOARD	no				{"coin_queued_offered": [36], "coin_queued_offered_any": [36]}	
8	k3	22	104	lookahead	55	LOOKAHEAD ONLY, both halves hold	LOOKAHEAD ONLY, both halves hold	no	{"cut": 2, "free": false, "queued": 1}	{"cut": 2, "free": false, "queued": 1, "truncated": false}	{"built": null}	{}	Attack(Attack { energy_required: [Grass, Grass], title: "Chase Order", fixed_damage: 70...
8	k3	22	106	lookahead	64	LOOKAHEAD ONLY, both halves hold	LOOKAHEAD ONLY, both halves hold	no	{"cut": 2, "free": false, "queued": 1}	{"cut": 2, "free": false, "queued": 1, "truncated": false}	{"built": null}	{}	Attack(Attack { energy_required: [Grass, Grass], title: "Chase Order", fixed_damage: 70...
8	k3	22	110	lookahead	54	LOOKAHEAD ONLY, both halves hold	LOOKAHEAD ONLY, both halves hold	no	{"cut": 2, "free": false, "queued": 1}	{"cut": 2, "free": false, "queued": 1, "truncated": false}	{"built": null}	{}	Attack(Attack { energy_required: [Grass, Grass], title: "Chase Order", fixed_damage: 70...
8	k3	22	112	lookahead	37	LOOKAHEAD ONLY, both halves hold	LOOKAHEAD ONLY, both halves hold	no	{"cut": 2, "free": false, "queued": 1}	{"cut": 2, "free": false, "queued": 1, "truncated": false}	{"built": null}	{}	Attack(Attack { energy_required: [Grass, Grass], title: "Chase Order", fixed_damage: 70...
8	k3	22	114	lookahead	84	LOOKAHEAD ONLY, both halves hold	LOOKAHEAD ONLY, both halves hold	no	{"cut": 2, "free": false, "queued": 1}	{"cut": 2, "free": false, "queued": 1, "truncated": false}	{"built": null}	{}	Attack(Attack { energy_required: [Grass, Grass], title: "Chase Order", fixed_damage: 70...
8	k3	22	115	state	51	ON THE BOARD	ON THE BOARD	no				{"coin_queued_offered": [51], "coin_queued_offered_any": [51]}	
8	k3	22	117	lookahead	87	LOOKAHEAD ONLY, both halves hold	LOOKAHEAD ONLY, both halves hold	no	{"cut": 2, "free": false, "queued": 1}	{"cut": 2, "free": false, "queued": 1, "truncated": false}	{"built": null}	{}	Attack(Attack { energy_required: [Grass, Grass], title: "Chase Order", fixed_damage: 70...
8	k3	22	118	state	50	ON THE BOARD	ON THE BOARD	no				{"coin_queued_offered": [50], "coin_queued_offered_any": [50]}	
8	k3	22	120	lookahead	65	LOOKAHEAD ONLY, both halves hold	LOOKAHEAD ONLY, both halves hold	no	{"cut": 2, "free": false, "queued": 1}	{"cut": 2, "free": false, "queued": 1, "truncated": false}	{"built": null}	{}	Attack(Attack { energy_required: [Grass, Grass], title: "Chase Order", fixed_damage: 70...
8	k3	22	121	lookahead	73	LOOKAHEAD ONLY, both halves hold	LOOKAHEAD ONLY, both halves hold	no	{"cut": 2, "free": false, "queued": 1}	{"cut": 2, "free": false, "queued": 1, "truncated": false}	{"built": null}	{}	Attack(Attack { energy_required: [Grass, Grass], title: "Chase Order", fixed_damage: 70...
8	k3	22	122	lookahead	52	LOOKAHEAD ONLY, both halves hold	LOOKAHEAD ONLY, both halves hold	no	{"cut": 2, "free": false, "queued": 1}	{"cut": 2, "free": false, "queued": 1, "truncated": false}	{"built": null}	{}	Attack(Attack { energy_required: [Grass, Grass], title: "Chase Order", fixed_damage: 70...
8	k3	22	123	state	61	ON THE BOARD	ON THE BOARD	no				{"coin_queued_offered": [61], "coin_queued_offered_any": [61]}	
8	k3	22	124	state	53	ON THE BOARD	ON THE BOARD	no				{"coin_queued_offered": [53], "coin_queued_offered_any": [53]}	
8	k3	22	127	state	75	ON THE BOARD	ON THE BOARD	no				{"coin_queued_offered": [75], "coin_queued_offered_any": [75]}	
8	k3	22	128	lookahead	45	LOOKAHEAD ONLY, both halves hold	LOOKAHEAD ONLY, both halves hold	no	{"cut": 2, "free": false, "queued": 1}	{"cut": 2, "free": false, "queued": 1, "truncated": false}	{"built": null}	{}	Attack(Attack { energy_required: [Grass, Grass], title: "Chase Order", fixed_damage: 70...
8	k3	22	130	lookahead	31	LOOKAHEAD ONLY, both halves hold	LOOKAHEAD ONLY, both halves hold	no	{"cut": 2, "free": false, "queued": 1}	{"cut": 2, "free": false, "queued": 1, "truncated": false}	{"built": null}	{}	Attack(Attack { energy_required: [Grass, Grass], title: "Chase Order", fixed_damage: 70...
8	k3	22	131	lookahead	68	LOOKAHEAD ONLY, both halves hold	LOOKAHEAD ONLY, both halves hold	no	{"cut": 1, "free": false, "queued": 2}	{"cut": 1, "free": false, "queued": 2, "truncated": false}	{"built": null}	{}	Retreat(3) ; Attack(Attack { energy_required: [Grass, Grass], title: "Chase Order", fixed_damage: 70...
8	k3	22	132	lookahead	45	LOOKAHEAD ONLY, both halves hold	LOOKAHEAD ONLY, both halves hold	no	{"cut": 2, "free": false, "queued": 1}	{"cut": 2, "free": false, "queued": 1, "truncated": false}	{"built": null}	{}	Attack(Attack { energy_required: [Grass, Grass], title: "Chase Order", fixed_damage: 70...
8	k3	22	133	lookahead	82	LOOKAHEAD ONLY, both halves hold	LOOKAHEAD ONLY, both halves hold	no	{"cut": 2, "free": false, "queued": 1}	{"cut": 2, "free": false, "queued": 1, "truncated": false}	{"built": null}	{}	Attack(Attack { energy_required: [Grass, Grass], title: "Chase Order", fixed_damage: 70...
8	k3	22	134	lookahead	80	LOOKAHEAD ONLY, both halves hold	LOOKAHEAD ONLY, both halves hold	no	{"cut": 2, "free": false, "queued": 1}	{"cut": 2, "free": false, "queued": 1, "truncated": false}	{"built": null}	{}	Attack(Attack { energy_required: [Grass, Grass], title: "Chase Order", fixed_damage: 70...
8	k3	22	136	state	38	ON THE BOARD	ON THE BOARD	no				{"coin_queued_offered": [38], "coin_queued_offered_any": [38]}	
8	k3	22	138	state	87	ON THE BOARD	ON THE BOARD	no				{"coin_queued_offered": [87], "coin_queued_offered_any": [87]}	
8	k3	22	140	lookahead	43	LOOKAHEAD ONLY, both halves hold	LOOKAHEAD ONLY, both halves hold	no	{"cut": 2, "free": false, "queued": 1}	{"cut": 2, "free": false, "queued": 1, "truncated": false}	{"built": null}	{}	Attack(Attack { energy_required: [Grass, Grass], title: "Chase Order", fixed_damage: 70...
8	k3	22	141	lookahead	43	LOOKAHEAD ONLY, both halves hold	LOOKAHEAD ONLY, both halves hold	no	{"cut": 2, "free": false, "queued": 1}	{"cut": 2, "free": false, "queued": 1, "truncated": false}	{"built": null}	{}	Attack(Attack { energy_required: [Grass, Grass], title: "Chase Order", fixed_damage: 70...
8	k3	22	143	lookahead	90	LOOKAHEAD ONLY, both halves hold	LOOKAHEAD ONLY, both halves hold	no	{"cut": 2, "free": false, "queued": 1}	{"cut": 2, "free": false, "queued": 1, "truncated": false}	{"built": null}	{}	Attack(Attack { energy_required: [Grass, Grass], title: "Chase Order", fixed_damage: 70...
8	k3	22	144	state	48	ON THE BOARD	ON THE BOARD	no				{"coin_queued_offered": [48], "coin_queued_offered_any": [48]}	
8	k3	22	145	lookahead	50	LOOKAHEAD ONLY, both halves hold	LOOKAHEAD ONLY, both halves hold	no	{"cut": 2, "free": false, "queued": 1}	{"cut": 2, "free": false, "queued": 1, "truncated": false}	{"built": null}	{}	Attack(Attack { energy_required: [Grass, Grass], title: "Chase Order", fixed_damage: 70...
8	k3	22	146	state	74	ON THE BOARD	ON THE BOARD	no				{"coin_queued_offered": [74], "coin_queued_offered_any": [74]}	
8	k3	22	147	state	41	ON THE BOARD	ON THE BOARD	no				{"coin_queued_offered": [41], "coin_queued_offered_any": [41]}	
8	k3	22	148	lookahead	104	LOOKAHEAD ONLY, both halves hold	LOOKAHEAD ONLY, both halves hold	no	{"cut": 2, "free": false, "queued": 1}	{"cut": 2, "free": false, "queued": 1, "truncated": false}	{"built": null}	{}	Attack(Attack { energy_required: [Grass, Grass], title: "Chase Order", fixed_damage: 70...
8	k3	22	151	lookahead	100	LOOKAHEAD ONLY, both halves hold	LOOKAHEAD ONLY, both halves hold	no	{"cut": 2, "free": false, "queued": 1}	{"cut": 2, "free": false, "queued": 1, "truncated": false}	{"built": null}	{}	Attack(Attack { energy_required: [Grass, Grass], title: "Chase Order", fixed_damage: 70...
8	k3	22	152	lookahead	78	LOOKAHEAD ONLY, both halves hold	LOOKAHEAD ONLY, both halves hold	no	{"cut": 2, "free": false, "queued": 1}	{"cut": 2, "free": false, "queued": 1, "truncated": false}	{"built": null}	{}	Attack(Attack { energy_required: [Grass, Grass], title: "Chase Order", fixed_damage: 70...
8	k3	22	153	state	68	ON THE BOARD	ON THE BOARD	no				{"coin_queued_offered": [68], "coin_queued_offered_any": [68]}	
8	k3	22	154	lookahead	82	LOOKAHEAD ONLY, both halves hold	LOOKAHEAD ONLY, both halves hold	no	{"cut": 1, "free": false, "queued": 2}	{"cut": 1, "free": false, "queued": 2, "truncated": false}	{"built": null}	{}	Retreat(3) ; Attack(Attack { energy_required: [Grass, Grass], title: "Chase Order", fixed_damage: 70...
8	k3	22	155	lookahead	90	LOOKAHEAD ONLY, both halves hold	LOOKAHEAD ONLY, both halves hold	no	{"cut": 2, "free": false, "queued": 1}	{"cut": 2, "free": false, "queued": 1, "truncated": false}	{"built": null}	{}	Attack(Attack { energy_required: [Grass, Grass], title: "Chase Order", fixed_damage: 70...
8	k3	22	158	lookahead	83	LOOKAHEAD ONLY, both halves hold	LOOKAHEAD ONLY, both halves hold	no	{"cut": 2, "free": false, "queued": 1}	{"cut": 2, "free": false, "queued": 1, "truncated": false}	{"built": null}	{}	Attack(Attack { energy_required: [Grass, Grass], title: "Chase Order", fixed_damage: 70...
8	k3	22	159	lookahead	79	LOOKAHEAD ONLY, both halves hold	LOOKAHEAD ONLY, both halves hold	no	{"cut": 2, "free": false, "queued": 1}	{"cut": 2, "free": false, "queued": 1, "truncated": false}	{"built": null}	{}	Attack(Attack { energy_required: [Grass, Grass], title: "Chase Order", fixed_damage: 70...
8	k3	22	161	state	48	ON THE BOARD	ON THE BOARD	no				{"coin_queued_offered": [48], "coin_queued_offered_any": [48]}	
8	k3	22	163	lookahead	69	LOOKAHEAD ONLY, both halves hold	LOOKAHEAD ONLY, both halves hold	no	{"cut": 2, "free": false, "queued": 1}	{"cut": 2, "free": false, "queued": 1, "truncated": false}	{"built": null}	{}	Attack(Attack { energy_required: [Grass, Grass], title: "Chase Order", fixed_damage: 70...
8	k3	22	164	lookahead	91	LOOKAHEAD ONLY, both halves hold	LOOKAHEAD ONLY, both halves hold	no	{"cut": 1, "free": false, "queued": 2}	{"cut": 1, "free": false, "queued": 2, "truncated": false}	{"built": null}	{}	Retreat(2) ; Attack(Attack { energy_required: [Grass, Grass], title: "Chase Order", fixed_damage: 70...
8	k3	22	165	lookahead	88	LOOKAHEAD ONLY, both halves hold	LOOKAHEAD ONLY, both halves hold	no	{"cut": 1, "free": false, "queued": 2}	{"cut": 1, "free": false, "queued": 2, "truncated": false}	{"built": null}	{}	Retreat(1) ; Attack(Attack { energy_required: [Grass, Grass], title: "Chase Order", fixed_damage: 70...
8	k3	22	167	lookahead	44	LOOKAHEAD ONLY, both halves hold	LOOKAHEAD ONLY, both halves hold	no	{"cut": 2, "free": false, "queued": 1}	{"cut": 2, "free": false, "queued": 1, "truncated": false}	{"built": null}	{}	Attack(Attack { energy_required: [Grass, Grass], title: "Chase Order", fixed_damage: 70...
8	k3	22	168	state	71	ON THE BOARD	ON THE BOARD	no				{"coin_queued_offered": [71], "coin_queued_offered_any": [71]}	
8	k3	22	172	lookahead	59	LOOKAHEAD ONLY, both halves hold	LOOKAHEAD ONLY, both halves hold	no	{"cut": 2, "free": false, "queued": 1}	{"cut": 2, "free": false, "queued": 1, "truncated": false}	{"built": null}	{}	Attack(Attack { energy_required: [Grass, Grass], title: "Chase Order", fixed_damage: 70...
8	k3	22	173	state	53	ON THE BOARD	ON THE BOARD	no				{"coin_queued_offered": [53], "coin_queued_offered_any": [53]}	
8	k3	22	174	state	94	ON THE BOARD	ON THE BOARD	no				{"coin_queued_offered": [94], "coin_queued_offered_any": [94]}	
8	k3	22	175	lookahead	72	LOOKAHEAD ONLY, both halves hold	LOOKAHEAD ONLY, both halves hold	no	{"cut": 2, "free": false, "queued": 1}	{"cut": 2, "free": false, "queued": 1, "truncated": false}	{"built": null}	{}	Attack(Attack { energy_required: [Grass, Grass], title: "Chase Order", fixed_damage: 70...
8	k3	22	176	lookahead	54	LOOKAHEAD ONLY, both halves hold	LOOKAHEAD ONLY, both halves hold	no	{"cut": 2, "free": false, "queued": 1}	{"cut": 2, "free": false, "queued": 1, "truncated": false}	{"built": null}	{}	Attack(Attack { energy_required: [Grass, Grass], title: "Chase Order", fixed_damage: 70...
8	k3	22	177	lookahead	80	LOOKAHEAD ONLY, both halves hold	LOOKAHEAD ONLY, both halves hold	no	{"cut": 2, "free": false, "queued": 1}	{"cut": 2, "free": false, "queued": 1, "truncated": false}	{"built": null}	{}	Attack(Attack { energy_required: [Grass, Grass], title: "Chase Order", fixed_damage: 70...
8	k3	22	178	state	80	ON THE BOARD	ON THE BOARD	no				{"coin_queued_offered": [80], "coin_queued_offered_any": [80]}	
8	k3	22	181	lookahead	56	LOOKAHEAD ONLY, both halves hold	LOOKAHEAD ONLY, both halves hold	no	{"cut": 2, "free": false, "queued": 1}	{"cut": 2, "free": false, "queued": 1, "truncated": false}	{"built": null}	{}	Attack(Attack { energy_required: [Grass, Grass], title: "Chase Order", fixed_damage: 70...
8	k3	22	182	state	75	ON THE BOARD	ON THE BOARD	no				{"coin_queued_offered": [75], "coin_queued_offered_any": [75]}	
8	k3	22	183	lookahead	83	LOOKAHEAD ONLY, both halves hold	LOOKAHEAD ONLY, both halves hold	no	{"cut": 2, "free": false, "queued": 1}	{"cut": 2, "free": false, "queued": 1, "truncated": false}	{"built": null}	{}	Attack(Attack { energy_required: [Grass, Grass], title: "Chase Order", fixed_damage: 70...
8	k3	22	186	lookahead	62	LOOKAHEAD ONLY, both halves hold	LOOKAHEAD ONLY, both halves hold	no	{"cut": 2, "free": false, "queued": 1}	{"cut": 2, "free": false, "queued": 1, "truncated": false}	{"built": null}	{}	Attack(Attack { energy_required: [Grass, Grass], title: "Chase Order", fixed_damage: 70...
8	k3	22	187	lookahead	63	LOOKAHEAD ONLY, both halves hold	LOOKAHEAD ONLY, both halves hold	no	{"cut": 2, "free": false, "queued": 1}	{"cut": 2, "free": false, "queued": 1, "truncated": false}	{"built": null}	{}	Attack(Attack { energy_required: [Grass, Grass], title: "Chase Order", fixed_damage: 70...
8	k3	22	188	state	64	ON THE BOARD	ON THE BOARD	no				{"coin_queued_offered": [64], "coin_queued_offered_any": [64]}	
8	k3	22	189	state	69	ON THE BOARD	ON THE BOARD	no				{"coin_queued_offered": [69], "coin_queued_offered_any": [69]}	
8	k3	22	193	state	111	ON THE BOARD	ON THE BOARD	no				{"coin_queued_offered": [111], "coin_queued_offered_any": [111]}	
8	k3	22	194	lookahead	71	LOOKAHEAD ONLY, both halves hold	LOOKAHEAD ONLY, both halves hold	no	{"cut": 2, "free": false, "queued": 1}	{"cut": 2, "free": false, "queued": 1, "truncated": false}	{"built": null}	{}	Attack(Attack { energy_required: [Grass, Grass], title: "Chase Order", fixed_damage: 70...
8	k3	22	196	lookahead	67	LOOKAHEAD ONLY, both halves hold	LOOKAHEAD ONLY, both halves hold	no	{"cut": 2, "free": false, "queued": 1}	{"cut": 2, "free": false, "queued": 1, "truncated": false}	{"built": null}	{}	Attack(Attack { energy_required: [Grass, Grass], title: "Chase Order", fixed_damage: 70...
8	k3	22	198	lookahead	74	LOOKAHEAD ONLY, both halves hold	LOOKAHEAD ONLY, both halves hold	no	{"cut": 2, "free": false, "queued": 1}	{"cut": 2, "free": false, "queued": 1, "truncated": false}	{"built": null}	{}	Attack(Attack { energy_required: [Grass, Grass], title: "Chase Order", fixed_damage: 70...
8	k3	22	200	lookahead	82	LOOKAHEAD ONLY, both halves hold	LOOKAHEAD ONLY, both halves hold	no	{"cut": 2, "free": false, "queued": 1}	{"cut": 2, "free": false, "queued": 1, "truncated": false}	{"built": null}	{}	Attack(Attack { energy_required: [Grass, Grass], title: "Chase Order", fixed_damage: 70...
8	k3	22	201	state	51	ON THE BOARD	ON THE BOARD	no				{"coin_queued_offered": [51], "coin_queued_offered_any": [51]}	
8	k3	22	202	lookahead	132	LOOKAHEAD ONLY, both halves hold	LOOKAHEAD ONLY, both halves hold	no	{"cut": 1, "free": false, "queued": 2}	{"cut": 1, "free": false, "queued": 2, "truncated": false}	{"built": null}	{}	Retreat(1) ; Attack(Attack { energy_required: [Grass, Grass], title: "Chase Order", fixed_damage: 70...
8	k3	22	203	state	39	ON THE BOARD	ON THE BOARD	no				{"coin_queued_offered": [39], "coin_queued_offered_any": [39]}	
8	k3	22	206	lookahead	48	LOOKAHEAD ONLY, both halves hold	LOOKAHEAD ONLY, both halves hold	no	{"cut": 2, "free": false, "queued": 1}	{"cut": 2, "free": false, "queued": 1, "truncated": false}	{"built": null}	{}	Attack(Attack { energy_required: [Grass, Grass], title: "Chase Order", fixed_damage: 70...
8	k3	22	207	lookahead	78	LOOKAHEAD ONLY, both halves hold	LOOKAHEAD ONLY, both halves hold	no	{"cut": 2, "free": false, "queued": 1}	{"cut": 2, "free": false, "queued": 1, "truncated": false}	{"built": null}	{}	Attack(Attack { energy_required: [Grass, Grass], title: "Chase Order", fixed_damage: 70...
8	k3	22	208	lookahead	53	LOOKAHEAD ONLY, both halves hold	LOOKAHEAD ONLY, both halves hold	no	{"cut": 2, "free": false, "queued": 1}	{"cut": 2, "free": false, "queued": 1, "truncated": false}	{"built": null}	{}	Attack(Attack { energy_required: [Grass, Grass], title: "Chase Order", fixed_damage: 70...
8	k3	22	209	lookahead	40	LOOKAHEAD ONLY, both halves hold	LOOKAHEAD ONLY, both halves hold	no	{"cut": 3, "free": false, "queued": 2}	{"cut": 3, "free": false, "queued": 2, "truncated": false}	{"built": null}	{}	Attach { attachments: [(1, Grass, 0)], is_turn_energy: true } ; Attack(Attack { energy_required: [Grass, Grass], title: "Chase Order", fixed_damage: 70...
8	k3	22	211	state	69	ON THE BOARD	ON THE BOARD	no				{"coin_queued_offered": [69], "coin_queued_offered_any": [69]}	
8	k3	22	214	lookahead	67	LOOKAHEAD ONLY, both halves hold	LOOKAHEAD ONLY, both halves hold	no	{"cut": 2, "free": false, "queued": 1}	{"cut": 2, "free": false, "queued": 1, "truncated": false}	{"built": null}	{}	Attack(Attack { energy_required: [Grass, Grass], title: "Chase Order", fixed_damage: 70...
8	k3	22	215	lookahead	50	LOOKAHEAD ONLY, both halves hold	LOOKAHEAD ONLY, both halves hold	no	{"cut": 2, "free": false, "queued": 1}	{"cut": 2, "free": false, "queued": 1, "truncated": false}	{"built": null}	{}	Attack(Attack { energy_required: [Grass, Grass], title: "Chase Order", fixed_damage: 70...
8	k3	22	216	lookahead	74	LOOKAHEAD ONLY, both halves hold	LOOKAHEAD ONLY, both halves hold	no	{"cut": 2, "free": false, "queued": 1}	{"cut": 2, "free": false, "queued": 1, "truncated": false}	{"built": null}	{}	Attack(Attack { energy_required: [Grass, Grass], title: "Chase Order", fixed_damage: 70...
8	k3	22	218	state	37	ON THE BOARD	ON THE BOARD	no				{"coin_queued_offered": [37], "coin_queued_offered_any": [37]}	
8	k3	22	222	lookahead	61	LOOKAHEAD ONLY, both halves hold	LOOKAHEAD ONLY, both halves hold	no	{"cut": 2, "free": false, "queued": 1}	{"cut": 2, "free": false, "queued": 1, "truncated": false}	{"built": null}	{}	Attack(Attack { energy_required: [Grass, Grass], title: "Chase Order", fixed_damage: 70...
8	k3	22	223	state	37	ON THE BOARD	ON THE BOARD	no				{"coin_queued_offered": [37], "coin_queued_offered_any": [37]}	
8	k3	22	224	state	70	ON THE BOARD	ON THE BOARD	no				{"coin_queued_offered": [70], "coin_queued_offered_any": [70]}	
8	k3	22	226	state	41	ON THE BOARD	ON THE BOARD	no				{"coin_queued_offered": [41], "coin_queued_offered_any": [41]}	
8	k3	22	228	lookahead	59	LOOKAHEAD ONLY, both halves hold	LOOKAHEAD ONLY, both halves hold	no	{"cut": 1, "free": false, "queued": 2}	{"cut": 1, "free": false, "queued": 2, "truncated": false}	{"built": null}	{}	Retreat(3) ; Attack(Attack { energy_required: [Grass, Grass], title: "Chase Order", fixed_damage: 70...
8	k3	22	230	lookahead	75	LOOKAHEAD ONLY, both halves hold	LOOKAHEAD ONLY, both halves hold	no	{"cut": 2, "free": false, "queued": 1}	{"cut": 2, "free": false, "queued": 1, "truncated": false}	{"built": null}	{}	Attack(Attack { energy_required: [Grass, Grass], title: "Chase Order", fixed_damage: 70...
8	k3	22	231	lookahead	47	LOOKAHEAD ONLY, both halves hold	LOOKAHEAD ONLY, both halves hold	no	{"cut": 2, "free": false, "queued": 1}	{"cut": 2, "free": false, "queued": 1, "truncated": false}	{"built": null}	{}	Attack(Attack { energy_required: [Grass, Grass], title: "Chase Order", fixed_damage: 70...
8	k3	22	232	state	52	ON THE BOARD	ON THE BOARD	no				{"coin_queued_offered": [52], "coin_queued_offered_any": [52]}	
8	k3	22	233	lookahead	74	LOOKAHEAD ONLY, both halves hold	LOOKAHEAD ONLY, both halves hold	no	{"cut": 2, "free": false, "queued": 1}	{"cut": 2, "free": false, "queued": 1, "truncated": false}	{"built": null}	{}	Attack(Attack { energy_required: [Grass, Grass], title: "Chase Order", fixed_damage: 70...
8	k3	22	236	state	85	ON THE BOARD	ON THE BOARD	no				{"coin_queued_offered": [85], "coin_queued_offered_any": [85]}	
8	k3	22	238	state	75	ON THE BOARD	ON THE BOARD	no				{"coin_queued_offered": [75], "coin_queued_offered_any": [75]}	
8	k3	22	239	lookahead	67	LOOKAHEAD ONLY, both halves hold	LOOKAHEAD ONLY, both halves hold	no	{"cut": 2, "free": false, "queued": 1}	{"cut": 2, "free": false, "queued": 1, "truncated": false}	{"built": null}	{}	Attack(Attack { energy_required: [Grass, Grass], title: "Chase Order", fixed_damage: 70...
8	k3	22	241	state	102	ON THE BOARD	ON THE BOARD	no				{"coin_queued_offered": [102], "coin_queued_offered_any": [102]}	
8	k3	22	242	lookahead	65	LOOKAHEAD ONLY, both halves hold	LOOKAHEAD ONLY, both halves hold	no	{"cut": 2, "free": false, "queued": 1}	{"cut": 2, "free": false, "queued": 1, "truncated": false}	{"built": null}	{}	Attack(Attack { energy_required: [Grass, Grass], title: "Chase Order", fixed_damage: 70...
8	k3	22	243	lookahead	41	LOOKAHEAD ONLY, both halves hold	LOOKAHEAD ONLY, both halves hold	no	{"cut": 2, "free": false, "queued": 1}	{"cut": 2, "free": false, "queued": 1, "truncated": false}	{"built": null}	{}	Attack(Attack { energy_required: [Grass, Grass], title: "Chase Order", fixed_damage: 70...
8	k3	22	246	state	79	ON THE BOARD	ON THE BOARD	no				{"coin_queued_offered": [79], "coin_queued_offered_any": [79]}	
8	k3	22	247	lookahead	64	LOOKAHEAD ONLY, both halves hold	LOOKAHEAD ONLY, both halves hold	no	{"cut": 2, "free": false, "queued": 1}	{"cut": 2, "free": false, "queued": 1, "truncated": false}	{"built": null}	{}	Attack(Attack { energy_required: [Grass, Grass], title: "Chase Order", fixed_damage: 70...
8	k3	22	248	state	59	ON THE BOARD	ON THE BOARD	no				{"coin_queued_offered": [59], "coin_queued_offered_any": [59]}	
8	k3	22	249	lookahead	81	LOOKAHEAD ONLY, both halves hold	LOOKAHEAD ONLY, both halves hold	no	{"cut": 3, "free": false, "queued": 2}	{"cut": 3, "free": false, "queued": 2, "truncated": false}	{"built": null}	{}	Attach { attachments: [(1, Grass, 0)], is_turn_energy: true } ; Attack(Attack { energy_required: [Grass, Grass], title: "Chase Order", fixed_damage: 70...
8	km3	31	12	length	48	LENGTH	ON THE BOARD	yes				{"vs_confused_choice_chosen": [48], "vs_confused_choice_offered": [48]}	
8	km3	31	81	state	57	ON THE BOARD	ON THE BOARD	no				{"vs_confused_choice_chosen": [57], "vs_confused_choice_offered": [57], "vs_confusion_first_built": [56]}	
8	km3	31	121	lookahead	65	LOOKAHEAD ONLY, both halves hold	LOOKAHEAD ONLY, both halves hold	no	{"cut": null, "free": false, "queued": null}	{"cut": null, "free": false, "queued": null, "truncated": false}	{"built": 2}	{}	
8	km3	31	133	state	66	ON THE BOARD	ON THE BOARD	no				{"vs_confused_choice_chosen": [66], "vs_confused_choice_offered": [66], "vs_confusion_first_built": [65]}	
8	km3	31	173	state	65	ON THE BOARD	ON THE BOARD	no				{"vs_confused_choice_chosen": [65], "vs_confused_choice_offered": [65], "vs_confusion_first_built": [64]}	
8	km3	31	177	state	57	ON THE BOARD	ON THE BOARD	no				{"vs_confused_choice_chosen": [57], "vs_confused_choice_offered": [57], "vs_confusion_first_built": [56]}	
8	km3	31	189	state	82	ON THE BOARD	ON THE BOARD	no				{"vs_confused_choice_chosen": [82], "vs_confused_choice_offered": [82], "vs_confusion_first_built": [81]}	
8	km3	31	190	state	72	ON THE BOARD	ON THE BOARD	no				{"vs_confused_choice_chosen": [72], "vs_confused_choice_offered": [72], "vs_confusion_first_built": [71]}	
8	km3	31	275	state	83	ON THE BOARD	ON THE BOARD	no				{"vs_confused_choice_chosen": [83], "vs_confused_choice_offered": [83], "vs_confusion_first_built": [82]}	
8	km3	31	307	state	61	ON THE BOARD	ON THE BOARD	no				{"vs_confused_choice_chosen": [61], "vs_confused_choice_offered": [61], "vs_confusion_first_built": [60]}	
8	km3	31	316	state	48	ON THE BOARD	ON THE BOARD	no				{"vs_confused_choice_chosen": [48], "vs_confused_choice_offered": [48], "vs_confusion_first_built": [47]}	
8	km3	31	338	state	53	ON THE BOARD	ON THE BOARD	no				{"vs_confused_choice_chosen": [53], "vs_confused_choice_offered": [53], "vs_confusion_first_built": [52]}	
8	km3	31	340	state	85	ON THE BOARD	ON THE BOARD	no				{"vs_confused_choice_chosen": [85], "vs_confused_choice_offered": [85], "vs_confusion_first_built": [84]}	
8	km3	31	379	lookahead	56	LOOKAHEAD ONLY, both halves hold	LOOKAHEAD ONLY, both halves hold	no	{"cut": null, "free": false, "queued": null}	{"cut": null, "free": false, "queued": null, "truncated": false}	{"built": 2}	{}	
8	km3	31	440	state	68	ON THE BOARD	ON THE BOARD	no				{"vs_confused_choice_chosen": [68], "vs_confused_choice_offered": [68], "vs_confusion_first_built": [67]}	
8	km3	31	459	lookahead	71	LOOKAHEAD ONLY, both halves hold	LOOKAHEAD ONLY, both halves hold	no	{"cut": null, "free": false, "queued": null}	{"cut": null, "free": false, "queued": null, "truncated": false}	{"built": 1}	{}	
8	km3	31	493	state	63	ON THE BOARD	ON THE BOARD	no				{"vs_confused_choice_chosen": [63], "vs_confused_choice_offered": [63], "vs_confusion_first_built": [62]}	
8	k3	31	12	state	45	ON THE BOARD	ON THE BOARD	no				{"vs_confused_choice_chosen": [45], "vs_confused_choice_offered": [45], "vs_confusion_first_built": [44]}	
8	k3	31	74	state	60	ON THE BOARD	ON THE BOARD	no				{"vs_confused_choice_chosen": [60], "vs_confused_choice_offered": [60], "vs_confusion_first_built": [59]}	
8	k3	31	81	length	72	LENGTH	ON THE BOARD	yes				{"vs_confused_choice_chosen": [72], "vs_confused_choice_offered": [72]}	
8	k3	31	114	state	68	ON THE BOARD	ON THE BOARD	no				{"vs_confused_choice_chosen": [68], "vs_confused_choice_offered": [68], "vs_confusion_first_built": [67]}	
8	k3	31	121	lookahead	65	LOOKAHEAD ONLY, both halves hold	LOOKAHEAD ONLY, both halves hold	no	{"cut": null, "free": false, "queued": null}	{"cut": null, "free": false, "queued": null, "truncated": false}	{"built": 2}	{}	
8	k3	31	127	state	54	ON THE BOARD	ON THE BOARD	no				{"vs_confused_choice_chosen": [54], "vs_confused_choice_offered": [54], "vs_confusion_first_built": [53]}	
8	k3	31	173	state	55	ON THE BOARD	ON THE BOARD	no				{"vs_confused_choice_chosen": [55], "vs_confused_choice_offered": [55], "vs_confusion_first_built": [54]}	
8	k3	31	176	state	44	ON THE BOARD	ON THE BOARD	no				{"vs_confused_choice_chosen": [44], "vs_confused_choice_offered": [44], "vs_confusion_first_built": [43]}	
8	k3	31	180	state	73	ON THE BOARD	ON THE BOARD	no				{"vs_confused_choice_chosen": [73], "vs_confused_choice_offered": [73], "vs_confusion_first_built": [72]}	
8	k3	31	189	state	79	ON THE BOARD	ON THE BOARD	no				{"vs_confused_choice_chosen": [79], "vs_confused_choice_offered": [79], "vs_confusion_first_built": [78]}	
8	k3	31	190	state	66	ON THE BOARD	ON THE BOARD	no				{"vs_confused_choice_chosen": [66], "vs_confused_choice_offered": [66], "vs_confusion_first_built": [65]}	
8	k3	31	240	state	78	ON THE BOARD	ON THE BOARD	no				{"vs_confused_choice_chosen": [78], "vs_confused_choice_offered": [78], "vs_confusion_first_built": [77]}	
8b	km3	32	1	state	24	ON THE BOARD	ON THE BOARD	no				{"vs_confused_choice_chosen": [24], "vs_confused_choice_offered": [24], "vs_confusion_first_built": [23]}	
8b	km3	32	6	lookahead	28	ON THE BOARD	ON THE BOARD	no				{"vs_confusion_first_built": [28]}	
8b	km3	32	12	lookahead	22	LOOKAHEAD ONLY, both halves hold	LOOKAHEAD ONLY, both halves hold	no	{"cut": null, "free": false, "queued": null}	{"cut": null, "free": false, "queued": null, "truncated": false}	{"built": 1}	{}	
8b	km3	32	25	state	55	ON THE BOARD	ON THE BOARD	no				{"vs_confused_choice_chosen": [55], "vs_confused_choice_offered": [55], "vs_confusion_first_built": [54]}	
8b	km3	32	26	lookahead	72	LOOKAHEAD ONLY, both halves hold	LOOKAHEAD ONLY, both halves hold	no	{"cut": null, "free": false, "queued": null}	{"cut": null, "free": false, "queued": null, "truncated": false}	{"built": 0}	{}	
8b	km3	32	27	state	35	ON THE BOARD	ON THE BOARD	no				{"vs_confused_choice_chosen": [35], "vs_confused_choice_offered": [35], "vs_confusion_first_built": [34]}	
8b	km3	32	29	state	25	ON THE BOARD	ON THE BOARD	no				{"vs_confused_choice_chosen": [25], "vs_confused_choice_offered": [25], "vs_confusion_first_built": [24]}	
8b	km3	32	35	state	26	ON THE BOARD	ON THE BOARD	no				{"vs_confused_choice_chosen": [26], "vs_confused_choice_offered": [26], "vs_confusion_first_built": [25]}	
8b	km3	32	38	lookahead	16	LOOKAHEAD ONLY, both halves hold	LOOKAHEAD ONLY, both halves hold	no	{"cut": null, "free": false, "queued": null}	{"cut": null, "free": false, "queued": null, "truncated": false}	{"built": 2}	{}	
8b	k3	32	6	lookahead	39	LOOKAHEAD ONLY, both halves hold	LOOKAHEAD ONLY, both halves hold	no	{"cut": null, "free": false, "queued": null}	{"cut": null, "free": false, "queued": null, "truncated": false}	{"built": 0}	{}	
8b	k3	32	11	state	51	ON THE BOARD	ON THE BOARD	no				{"vs_confused_choice_chosen": [51], "vs_confused_choice_offered": [51], "vs_confusion_first_built": [50]}	
8b	k3	32	12	state	35	ON THE BOARD	ON THE BOARD	no				{"vs_confused_choice_chosen": [35], "vs_confused_choice_offered": [35], "vs_confusion_first_built": [34]}	
8b	k3	32	24	state	34	ON THE BOARD	ON THE BOARD	no				{"vs_confused_choice_chosen": [34], "vs_confused_choice_offered": [34], "vs_confusion_first_built": [33]}	
8b	k3	32	27	state	26	ON THE BOARD	ON THE BOARD	no				{"vs_confused_choice_chosen": [26], "vs_confused_choice_offered": [26], "vs_confusion_first_built": [25]}	
8b	k3	32	29	state	35	ON THE BOARD	ON THE BOARD	no				{"vs_confused_choice_chosen": [35], "vs_confused_choice_offered": [35], "vs_confusion_first_built": [34]}	
8b	k3	32	35	state	28	ON THE BOARD	ON THE BOARD	no				{"vs_confused_choice_chosen": [28], "vs_confused_choice_offered": [28], "vs_confusion_first_built": [27]}	
8b	k3	32	38	lookahead	16	LOOKAHEAD ONLY, both halves hold	LOOKAHEAD ONLY, both halves hold	no	{"cut": null, "free": false, "queued": null}	{"cut": null, "free": false, "queued": null, "truncated": false}	{"built": 2}	{}	
8b	km3	33	5	state	26	ON THE BOARD	ON THE BOARD	no				{"coin_queued_offered": [26], "coin_queued_offered_any": [26]}	
8b	km3	33	8	lookahead	71	LOOKAHEAD ONLY, both halves hold	LOOKAHEAD ONLY, both halves hold	no	{"cut": null, "free": false, "queued": 2}	{"cut": null, "free": false, "queued": 2, "truncated": false}	{"built": null}	{}	Retreat(3) ; Attack(Attack { energy_required: [Fire], title: "Tongue Whip", fixed_damage: 0, effect:...
8b	km3	33	12	state	24	ON THE BOARD	ON THE BOARD	no				{"coin_queued_offered": [24], "coin_queued_offered_any": [24]}	
8b	km3	33	13	state	22	ON THE BOARD	ON THE BOARD	no				{"coin_queued_offered": [22], "coin_queued_offered_any": [22]}	
8b	km3	33	17	state	53	ON THE BOARD	ON THE BOARD	no				{"coin_queued_offered": [53], "coin_queued_offered_any": [53]}	
8b	km3	33	20	lookahead	10	LOOKAHEAD ONLY, both halves hold	LOOKAHEAD ONLY, both halves hold	no	{"cut": null, "free": true, "queued": 2}	{"cut": null, "free": true, "queued": 2, "truncated": false}	{"built": null}	{}	Attach { attachments: [(1, Fire, 0)], is_turn_energy: true } ; Attack(Attack { energy_required: [Fire], title: "Tongue Whip", fixed_damage: 0, effect:...
8b	km3	33	21	state	21	ON THE BOARD	ON THE BOARD	no				{"coin_queued_offered": [21], "coin_queued_offered_any": [21]}	
8b	km3	33	24	state	27	ON THE BOARD	ON THE BOARD	no				{"coin_queued_offered": [27], "coin_queued_offered_any": [27]}	
8b	km3	33	25	lookahead	18	LOOKAHEAD ONLY, both halves hold	LOOKAHEAD ONLY, both halves hold	no	{"cut": null, "free": true, "queued": 2}	{"cut": null, "free": true, "queued": 2, "truncated": false}	{"built": null}	{}	Attach { attachments: [(1, Fire, 0)], is_turn_energy: true } ; Attack(Attack { energy_required: [Fire], title: "Tongue Whip", fixed_damage: 0, effect:...
8b	km3	33	28	state	25	ON THE BOARD	ON THE BOARD	no				{"coin_queued_offered": [25], "coin_queued_offered_any": [25]}	
8b	km3	33	32	state	25	ON THE BOARD	ON THE BOARD	no				{"coin_queued_offered": [25], "coin_queued_offered_any": [25]}	
8b	km3	33	34	state	32	ON THE BOARD	ON THE BOARD	no				{"coin_queued_offered": [32], "coin_queued_offered_any": [32]}	
8b	km3	33	35	state	44	ON THE BOARD	ON THE BOARD	no				{"coin_queued_offered": [44], "coin_queued_offered_any": [44]}	
8b	k3	33	1	state	18	ON THE BOARD	ON THE BOARD	no				{"coin_queued_offered": [18], "coin_queued_offered_any": [18]}	
8b	k3	33	2	state	19	ON THE BOARD	ON THE BOARD	no				{"coin_queued_offered": [19], "coin_queued_offered_any": [19]}	
8b	k3	33	5	state	26	ON THE BOARD	ON THE BOARD	no				{"coin_queued_offered": [26], "coin_queued_offered_any": [26]}	
8b	k3	33	13	state	22	ON THE BOARD	ON THE BOARD	no				{"coin_queued_offered": [22], "coin_queued_offered_any": [22]}	
8b	k3	33	20	lookahead	10	LOOKAHEAD ONLY, both halves hold	LOOKAHEAD ONLY, both halves hold	no	{"cut": null, "free": true, "queued": 2}	{"cut": null, "free": true, "queued": 2, "truncated": false}	{"built": null}	{}	Attach { attachments: [(1, Fire, 0)], is_turn_energy: true } ; Attack(Attack { energy_required: [Fire], title: "Tongue Whip", fixed_damage: 0, effect:...
8b	k3	33	21	state	21	ON THE BOARD	ON THE BOARD	no				{"coin_queued_offered": [21], "coin_queued_offered_any": [21]}	
8b	k3	33	24	state	27	ON THE BOARD	ON THE BOARD	no				{"coin_queued_offered": [27], "coin_queued_offered_any": [27]}	
8b	k3	33	25	state	20	ON THE BOARD	ON THE BOARD	no				{"coin_queued_offered": [20], "coin_queued_offered_any": [20]}	
8b	k3	33	28	state	28	ON THE BOARD	ON THE BOARD	no				{"coin_queued_offered": [28], "coin_queued_offered_any": [28]}	
8b	k3	33	32	lookahead	19	LOOKAHEAD ONLY, both halves hold	LOOKAHEAD ONLY, both halves hold	no	{"cut": null, "free": true, "queued": 2}	{"cut": null, "free": true, "queued": 2, "truncated": false}	{"built": null}	{}	Attach { attachments: [(1, Fire, 0)], is_turn_energy: true } ; Attack(Attack { energy_required: [Fire], title: "Tongue Whip", fixed_damage: 0, effect:...
8b	k3	33	35	state	44	ON THE BOARD	ON THE BOARD	no				{"coin_queued_offered": [44], "coin_queued_offered_any": [44]}	
8b	k3	33	36	state	55	ON THE BOARD	ON THE BOARD	no				{"coin_queued_offered": [55], "coin_queued_offered_any": [55]}	
8b	k3	33	37	state	54	ON THE BOARD	ON THE BOARD	no				{"coin_queued_offered": [54], "coin_queued_offered_any": [54]}	
8b	km3	34	1	state	94	ON THE BOARD	ON THE BOARD	no				{"coin_queued_offered": [94], "coin_queued_offered_any": [94]}	
8b	km3	34	2	state	50	ON THE BOARD	ON THE BOARD	no				{"coin_queued_offered": [50], "coin_queued_offered_any": [50]}	
8b	km3	34	5	state	47	ON THE BOARD	ON THE BOARD	no				{"coin_queued_offered": [47], "coin_queued_offered_any": [47]}	
8b	km3	34	7	lookahead	64	LOOKAHEAD ONLY, both halves hold	LOOKAHEAD ONLY, both halves hold	no	{"cut": null, "free": false, "queued": 1}	{"cut": null, "free": false, "queued": 1, "truncated": false}	{"built": null}	{}	Attack(Attack { energy_required: [Grass, Grass], title: "Chase Order", fixed_damage: 70...
8b	km3	34	8	state	40	ON THE BOARD	ON THE BOARD	no				{"coin_queued_offered": [40], "coin_queued_offered_any": [40]}	
8b	km3	34	17	state	51	ON THE BOARD	ON THE BOARD	no				{"coin_queued_offered": [51], "coin_queued_offered_any": [51]}	
8b	km3	34	28	state	50	ON THE BOARD	ON THE BOARD	no				{"coin_queued_offered": [50], "coin_queued_offered_any": [50]}	
8b	km3	34	32	state	46	ON THE BOARD	ON THE BOARD	no				{"coin_queued_offered": [46], "coin_queued_offered_any": [46]}	
8b	km3	34	34	state	73	ON THE BOARD	ON THE BOARD	no				{"coin_queued_offered": [73], "coin_queued_offered_any": [73]}	
8b	km3	34	35	lookahead	86	LOOKAHEAD ONLY, both halves hold	LOOKAHEAD ONLY, both halves hold	no	{"cut": null, "free": false, "queued": 2}	{"cut": null, "free": false, "queued": 2, "truncated": false}	{"built": null}	{}	Retreat(2) ; Attack(Attack { energy_required: [Grass, Grass], title: "Chase Order", fixed_damage: 70...
8b	k3	34	5	state	43	ON THE BOARD	ON THE BOARD	no				{"coin_queued_offered": [43], "coin_queued_offered_any": [43]}	
8b	k3	34	7	lookahead	64	LOOKAHEAD ONLY, both halves hold	LOOKAHEAD ONLY, both halves hold	no	{"cut": null, "free": false, "queued": 1}	{"cut": null, "free": false, "queued": 1, "truncated": false}	{"built": null}	{}	Attack(Attack { energy_required: [Grass, Grass], title: "Chase Order", fixed_damage: 70...
8b	k3	34	8	state	40	ON THE BOARD	ON THE BOARD	no				{"coin_queued_offered": [40], "coin_queued_offered_any": [40]}	
8b	k3	34	17	state	49	ON THE BOARD	ON THE BOARD	no				{"coin_queued_offered": [49], "coin_queued_offered_any": [49]}	
8b	k3	34	27	state	62	ON THE BOARD	ON THE BOARD	no				{"coin_queued_offered": [62], "coin_queued_offered_any": [62]}	
8b	k3	34	32	state	47	ON THE BOARD	ON THE BOARD	no				{"coin_queued_offered": [47], "coin_queued_offered_any": [47]}	
8b	k3	34	34	state	73	ON THE BOARD	ON THE BOARD	no				{"coin_queued_offered": [73], "coin_queued_offered_any": [73]}	
8b	k3	34	35	state	68	ON THE BOARD	ON THE BOARD	no				{"coin_queued_offered": [68], "coin_queued_offered_any": [68]}	
8b	k3	35	2	state	58	ON THE BOARD	ON THE BOARD	no				{"coin_queued_offered": [58], "coin_queued_offered_any": [58]}	
8b	k3	35	17	state	90	ON THE BOARD	ON THE BOARD	no				{"coin_queued_offered": [90], "coin_queued_offered_any": [90]}	
